ISO-10303-21;
HEADER;
/* Generated by software containing ST-Developer
 * from STEP Tools, Inc. (www.steptools.com) 
 */

FILE_DESCRIPTION(
/* description */ (''),
/* implementation_level */ '2;1');

FILE_NAME(
/* name */ 'right_upper_bottom.step',
/* time_stamp */ '2026-06-13T15:30:50-06:00',
/* author */ (''),
/* organization */ (''),
/* preprocessor_version */ 'ST-DEVELOPER v20.1',
/* originating_system */ 'Autodesk Translation Framework v15.8.0.0',
/* authorisation */ '');

FILE_SCHEMA (('AUTOMOTIVE_DESIGN { 1 0 10303 214 3 1 1 }'));
ENDSEC;

DATA;
#10=MECHANICAL_DESIGN_GEOMETRIC_PRESENTATION_REPRESENTATION('',(#13),#2674);
#11=SHAPE_REPRESENTATION_RELATIONSHIP('SRR','None',#2681,#12);
#12=ADVANCED_BREP_SHAPE_REPRESENTATION('',(#14),#2673);
#13=STYLED_ITEM('',(#2691),#14);
#14=MANIFOLD_SOLID_BREP('Body1',#1542);
#15=CONICAL_SURFACE('',#1608,1.0415,1.02974425867665);
#16=CONICAL_SURFACE('',#1616,1.0415,1.02974425867665);
#17=CONICAL_SURFACE('',#1624,5.45,0.785398163397446);
#18=CONICAL_SURFACE('',#1655,0.625,1.02974425867665);
#19=CONICAL_SURFACE('',#1662,0.625,1.02974425867665);
#20=CONICAL_SURFACE('',#1670,0.625,1.02974425867665);
#21=CONICAL_SURFACE('',#1712,5.45,0.785398163397449);
#22=TOROIDAL_SURFACE('',#1583,7.49999592134804,2.5);
#23=TOROIDAL_SURFACE('',#1589,7.5,2.5);
#24=TOROIDAL_SURFACE('',#1595,22.5,2.5);
#25=FACE_BOUND('',#190,.T.);
#26=FACE_BOUND('',#191,.T.);
#27=FACE_BOUND('',#206,.T.);
#28=FACE_BOUND('',#207,.T.);
#29=FACE_BOUND('',#208,.T.);
#30=FACE_BOUND('',#211,.T.);
#31=FACE_BOUND('',#216,.T.);
#32=FACE_BOUND('',#222,.T.);
#33=FACE_BOUND('',#226,.T.);
#34=FACE_BOUND('',#231,.T.);
#35=FACE_BOUND('',#240,.T.);
#36=FACE_BOUND('',#245,.T.);
#37=FACE_BOUND('',#250,.T.);
#38=FACE_BOUND('',#259,.T.);
#39=FACE_BOUND('',#260,.T.);
#40=FACE_BOUND('',#262,.T.);
#41=FACE_BOUND('',#268,.T.);
#42=FACE_BOUND('',#269,.T.);
#43=FACE_BOUND('',#283,.T.);
#44=FACE_BOUND('',#284,.T.);
#45=FACE_BOUND('',#286,.T.);
#46=ELLIPSE('',#1560,2.50000701339158,2.5);
#47=ELLIPSE('',#1565,2.50000701339158,2.5);
#48=PLANE('',#1559);
#49=PLANE('',#1564);
#50=PLANE('',#1566);
#51=PLANE('',#1567);
#52=PLANE('',#1568);
#53=PLANE('',#1574);
#54=PLANE('',#1575);
#55=PLANE('',#1580);
#56=PLANE('',#1602);
#57=PLANE('',#1604);
#58=PLANE('',#1610);
#59=PLANE('',#1618);
#60=PLANE('',#1629);
#61=PLANE('',#1630);
#62=PLANE('',#1631);
#63=PLANE('',#1633);
#64=PLANE('',#1641);
#65=PLANE('',#1643);
#66=PLANE('',#1652);
#67=PLANE('',#1653);
#68=PLANE('',#1654);
#69=PLANE('',#1657);
#70=PLANE('',#1664);
#71=PLANE('',#1672);
#72=PLANE('',#1677);
#73=PLANE('',#1678);
#74=PLANE('',#1679);
#75=PLANE('',#1683);
#76=PLANE('',#1684);
#77=PLANE('',#1685);
#78=PLANE('',#1686);
#79=PLANE('',#1689);
#80=PLANE('',#1690);
#81=PLANE('',#1691);
#82=PLANE('',#1693);
#83=PLANE('',#1694);
#84=PLANE('',#1695);
#85=PLANE('',#1700);
#86=PLANE('',#1704);
#87=PLANE('',#1705);
#88=PLANE('',#1709);
#89=PLANE('',#1710);
#90=PLANE('',#1711);
#91=PLANE('',#1716);
#92=PLANE('',#1717);
#93=PLANE('',#1719);
#94=FACE_OUTER_BOUND('',#183,.T.);
#95=FACE_OUTER_BOUND('',#184,.T.);
#96=FACE_OUTER_BOUND('',#185,.T.);
#97=FACE_OUTER_BOUND('',#186,.T.);
#98=FACE_OUTER_BOUND('',#187,.T.);
#99=FACE_OUTER_BOUND('',#188,.T.);
#100=FACE_OUTER_BOUND('',#189,.T.);
#101=FACE_OUTER_BOUND('',#192,.T.);
#102=FACE_OUTER_BOUND('',#193,.T.);
#103=FACE_OUTER_BOUND('',#194,.T.);
#104=FACE_OUTER_BOUND('',#195,.T.);
#105=FACE_OUTER_BOUND('',#196,.T.);
#106=FACE_OUTER_BOUND('',#197,.T.);
#107=FACE_OUTER_BOUND('',#198,.T.);
#108=FACE_OUTER_BOUND('',#199,.T.);
#109=FACE_OUTER_BOUND('',#200,.T.);
#110=FACE_OUTER_BOUND('',#201,.T.);
#111=FACE_OUTER_BOUND('',#202,.T.);
#112=FACE_OUTER_BOUND('',#203,.T.);
#113=FACE_OUTER_BOUND('',#204,.T.);
#114=FACE_OUTER_BOUND('',#205,.T.);
#115=FACE_OUTER_BOUND('',#209,.T.);
#116=FACE_OUTER_BOUND('',#210,.T.);
#117=FACE_OUTER_BOUND('',#212,.T.);
#118=FACE_OUTER_BOUND('',#213,.T.);
#119=FACE_OUTER_BOUND('',#214,.T.);
#120=FACE_OUTER_BOUND('',#215,.T.);
#121=FACE_OUTER_BOUND('',#217,.T.);
#122=FACE_OUTER_BOUND('',#218,.T.);
#123=FACE_OUTER_BOUND('',#219,.T.);
#124=FACE_OUTER_BOUND('',#220,.T.);
#125=FACE_OUTER_BOUND('',#221,.T.);
#126=FACE_OUTER_BOUND('',#223,.T.);
#127=FACE_OUTER_BOUND('',#224,.T.);
#128=FACE_OUTER_BOUND('',#225,.T.);
#129=FACE_OUTER_BOUND('',#227,.T.);
#130=FACE_OUTER_BOUND('',#228,.T.);
#131=FACE_OUTER_BOUND('',#229,.T.);
#132=FACE_OUTER_BOUND('',#230,.T.);
#133=FACE_OUTER_BOUND('',#232,.T.);
#134=FACE_OUTER_BOUND('',#233,.T.);
#135=FACE_OUTER_BOUND('',#234,.T.);
#136=FACE_OUTER_BOUND('',#235,.T.);
#137=FACE_OUTER_BOUND('',#236,.T.);
#138=FACE_OUTER_BOUND('',#237,.T.);
#139=FACE_OUTER_BOUND('',#238,.T.);
#140=FACE_OUTER_BOUND('',#239,.T.);
#141=FACE_OUTER_BOUND('',#241,.T.);
#142=FACE_OUTER_BOUND('',#242,.T.);
#143=FACE_OUTER_BOUND('',#243,.T.);
#144=FACE_OUTER_BOUND('',#244,.T.);
#145=FACE_OUTER_BOUND('',#246,.T.);
#146=FACE_OUTER_BOUND('',#247,.T.);
#147=FACE_OUTER_BOUND('',#248,.T.);
#148=FACE_OUTER_BOUND('',#249,.T.);
#149=FACE_OUTER_BOUND('',#251,.T.);
#150=FACE_OUTER_BOUND('',#252,.T.);
#151=FACE_OUTER_BOUND('',#253,.T.);
#152=FACE_OUTER_BOUND('',#254,.T.);
#153=FACE_OUTER_BOUND('',#255,.T.);
#154=FACE_OUTER_BOUND('',#256,.T.);
#155=FACE_OUTER_BOUND('',#257,.T.);
#156=FACE_OUTER_BOUND('',#258,.T.);
#157=FACE_OUTER_BOUND('',#261,.T.);
#158=FACE_OUTER_BOUND('',#263,.T.);
#159=FACE_OUTER_BOUND('',#264,.T.);
#160=FACE_OUTER_BOUND('',#265,.T.);
#161=FACE_OUTER_BOUND('',#266,.T.);
#162=FACE_OUTER_BOUND('',#267,.T.);
#163=FACE_OUTER_BOUND('',#270,.T.);
#164=FACE_OUTER_BOUND('',#271,.T.);
#165=FACE_OUTER_BOUND('',#272,.T.);
#166=FACE_OUTER_BOUND('',#273,.T.);
#167=FACE_OUTER_BOUND('',#274,.T.);
#168=FACE_OUTER_BOUND('',#275,.T.);
#169=FACE_OUTER_BOUND('',#276,.T.);
#170=FACE_OUTER_BOUND('',#277,.T.);
#171=FACE_OUTER_BOUND('',#278,.T.);
#172=FACE_OUTER_BOUND('',#279,.T.);
#173=FACE_OUTER_BOUND('',#280,.T.);
#174=FACE_OUTER_BOUND('',#281,.T.);
#175=FACE_OUTER_BOUND('',#282,.T.);
#176=FACE_OUTER_BOUND('',#285,.T.);
#177=FACE_OUTER_BOUND('',#287,.T.);
#178=FACE_OUTER_BOUND('',#288,.T.);
#179=FACE_OUTER_BOUND('',#289,.T.);
#180=FACE_OUTER_BOUND('',#290,.T.);
#181=FACE_OUTER_BOUND('',#291,.T.);
#182=FACE_OUTER_BOUND('',#292,.T.);
#183=EDGE_LOOP('',(#992,#993,#994,#995,#996));
#184=EDGE_LOOP('',(#997,#998,#999,#1000));
#185=EDGE_LOOP('',(#1001,#1002,#1003,#1004,#1005));
#186=EDGE_LOOP('',(#1006,#1007,#1008,#1009));
#187=EDGE_LOOP('',(#1010,#1011,#1012,#1013,#1014,#1015,#1016,#1017));
#188=EDGE_LOOP('',(#1018,#1019,#1020,#1021,#1022));
#189=EDGE_LOOP('',(#1023,#1024,#1025,#1026,#1027,#1028,#1029,#1030,#1031,
#1032,#1033,#1034));
#190=EDGE_LOOP('',(#1035));
#191=EDGE_LOOP('',(#1036));
#192=EDGE_LOOP('',(#1037,#1038,#1039,#1040));
#193=EDGE_LOOP('',(#1041,#1042,#1043,#1044,#1045,#1046,#1047,#1048,#1049,
#1050,#1051,#1052,#1053,#1054,#1055,#1056,#1057,#1058,#1059,#1060));
#194=EDGE_LOOP('',(#1061,#1062,#1063,#1064));
#195=EDGE_LOOP('',(#1065,#1066,#1067,#1068,#1069));
#196=EDGE_LOOP('',(#1070,#1071,#1072,#1073));
#197=EDGE_LOOP('',(#1074,#1075,#1076,#1077));
#198=EDGE_LOOP('',(#1078,#1079,#1080,#1081));
#199=EDGE_LOOP('',(#1082,#1083,#1084,#1085));
#200=EDGE_LOOP('',(#1086,#1087,#1088,#1089));
#201=EDGE_LOOP('',(#1090,#1091,#1092,#1093,#1094));
#202=EDGE_LOOP('',(#1095,#1096,#1097,#1098));
#203=EDGE_LOOP('',(#1099,#1100,#1101,#1102));
#204=EDGE_LOOP('',(#1103,#1104,#1105,#1106));
#205=EDGE_LOOP('',(#1107,#1108,#1109,#1110,#1111,#1112,#1113,#1114,#1115,
#1116));
#206=EDGE_LOOP('',(#1117));
#207=EDGE_LOOP('',(#1118));
#208=EDGE_LOOP('',(#1119));
#209=EDGE_LOOP('',(#1120,#1121,#1122));
#210=EDGE_LOOP('',(#1123));
#211=EDGE_LOOP('',(#1124));
#212=EDGE_LOOP('',(#1125,#1126,#1127,#1128));
#213=EDGE_LOOP('',(#1129,#1130,#1131,#1132));
#214=EDGE_LOOP('',(#1133,#1134,#1135));
#215=EDGE_LOOP('',(#1136));
#216=EDGE_LOOP('',(#1137));
#217=EDGE_LOOP('',(#1138,#1139,#1140,#1141));
#218=EDGE_LOOP('',(#1142,#1143,#1144,#1145));
#219=EDGE_LOOP('',(#1146,#1147,#1148,#1149));
#220=EDGE_LOOP('',(#1150,#1151,#1152,#1153));
#221=EDGE_LOOP('',(#1154,#1155,#1156,#1157));
#222=EDGE_LOOP('',(#1158));
#223=EDGE_LOOP('',(#1159));
#224=EDGE_LOOP('',(#1160,#1161));
#225=EDGE_LOOP('',(#1162));
#226=EDGE_LOOP('',(#1163));
#227=EDGE_LOOP('',(#1164,#1165,#1166,#1167));
#228=EDGE_LOOP('',(#1168,#1169,#1170,#1171,#1172,#1173,#1174,#1175,#1176,
#1177));
#229=EDGE_LOOP('',(#1178,#1179));
#230=EDGE_LOOP('',(#1180));
#231=EDGE_LOOP('',(#1181));
#232=EDGE_LOOP('',(#1182,#1183,#1184,#1185));
#233=EDGE_LOOP('',(#1186,#1187,#1188,#1189,#1190,#1191,#1192,#1193,#1194,
#1195));
#234=EDGE_LOOP('',(#1196,#1197,#1198,#1199,#1200,#1201,#1202,#1203,#1204,
#1205,#1206,#1207));
#235=EDGE_LOOP('',(#1208,#1209,#1210,#1211));
#236=EDGE_LOOP('',(#1212,#1213,#1214,#1215));
#237=EDGE_LOOP('',(#1216,#1217,#1218,#1219));
#238=EDGE_LOOP('',(#1220,#1221,#1222));
#239=EDGE_LOOP('',(#1223));
#240=EDGE_LOOP('',(#1224));
#241=EDGE_LOOP('',(#1225,#1226,#1227,#1228));
#242=EDGE_LOOP('',(#1229,#1230,#1231,#1232));
#243=EDGE_LOOP('',(#1233,#1234,#1235));
#244=EDGE_LOOP('',(#1236));
#245=EDGE_LOOP('',(#1237));
#246=EDGE_LOOP('',(#1238,#1239,#1240,#1241));
#247=EDGE_LOOP('',(#1242,#1243,#1244,#1245));
#248=EDGE_LOOP('',(#1246,#1247,#1248));
#249=EDGE_LOOP('',(#1249));
#250=EDGE_LOOP('',(#1250));
#251=EDGE_LOOP('',(#1251,#1252,#1253,#1254));
#252=EDGE_LOOP('',(#1255,#1256,#1257,#1258));
#253=EDGE_LOOP('',(#1259,#1260,#1261,#1262));
#254=EDGE_LOOP('',(#1263,#1264,#1265,#1266));
#255=EDGE_LOOP('',(#1267,#1268,#1269,#1270,#1271));
#256=EDGE_LOOP('',(#1272,#1273,#1274,#1275));
#257=EDGE_LOOP('',(#1276,#1277,#1278,#1279,#1280));
#258=EDGE_LOOP('',(#1281,#1282,#1283,#1284));
#259=EDGE_LOOP('',(#1285));
#260=EDGE_LOOP('',(#1286));
#261=EDGE_LOOP('',(#1287,#1288,#1289,#1290,#1291,#1292,#1293));
#262=EDGE_LOOP('',(#1294));
#263=EDGE_LOOP('',(#1295,#1296,#1297,#1298,#1299,#1300));
#264=EDGE_LOOP('',(#1301,#1302,#1303,#1304));
#265=EDGE_LOOP('',(#1305,#1306,#1307,#1308,#1309,#1310,#1311,#1312,#1313,
#1314));
#266=EDGE_LOOP('',(#1315,#1316,#1317,#1318));
#267=EDGE_LOOP('',(#1319,#1320,#1321,#1322));
#268=EDGE_LOOP('',(#1323));
#269=EDGE_LOOP('',(#1324));
#270=EDGE_LOOP('',(#1325,#1326,#1327,#1328));
#271=EDGE_LOOP('',(#1329,#1330,#1331,#1332));
#272=EDGE_LOOP('',(#1333,#1334,#1335,#1336,#1337));
#273=EDGE_LOOP('',(#1338,#1339,#1340,#1341));
#274=EDGE_LOOP('',(#1342,#1343,#1344,#1345));
#275=EDGE_LOOP('',(#1346,#1347,#1348,#1349));
#276=EDGE_LOOP('',(#1350,#1351,#1352,#1353));
#277=EDGE_LOOP('',(#1354,#1355,#1356,#1357));
#278=EDGE_LOOP('',(#1358,#1359,#1360,#1361));
#279=EDGE_LOOP('',(#1362,#1363,#1364,#1365));
#280=EDGE_LOOP('',(#1366,#1367,#1368,#1369));
#281=EDGE_LOOP('',(#1370,#1371,#1372,#1373));
#282=EDGE_LOOP('',(#1374,#1375,#1376,#1377,#1378,#1379));
#283=EDGE_LOOP('',(#1380));
#284=EDGE_LOOP('',(#1381));
#285=EDGE_LOOP('',(#1382,#1383,#1384,#1385,#1386,#1387,#1388));
#286=EDGE_LOOP('',(#1389,#1390,#1391,#1392,#1393,#1394));
#287=EDGE_LOOP('',(#1395,#1396,#1397,#1398));
#288=EDGE_LOOP('',(#1399,#1400,#1401,#1402));
#289=EDGE_LOOP('',(#1403));
#290=EDGE_LOOP('',(#1404,#1405,#1406,#1407,#1408,#1409,#1410));
#291=EDGE_LOOP('',(#1411,#1412,#1413,#1414));
#292=EDGE_LOOP('',(#1415,#1416,#1417,#1418,#1419));
#293=CIRCLE('',#1557,5.);
#294=CIRCLE('',#1558,5.);
#295=CIRCLE('',#1562,5.);
#296=CIRCLE('',#1563,5.);
#297=CIRCLE('',#1569,1.);
#298=CIRCLE('',#1570,3.00000000000001);
#299=CIRCLE('',#1571,5.00000000000012);
#300=CIRCLE('',#1572,1.75);
#301=CIRCLE('',#1573,1.75);
#302=CIRCLE('',#1576,9.99999592134804);
#303=CIRCLE('',#1577,5.00000000000012);
#304=CIRCLE('',#1578,3.00000000000001);
#305=CIRCLE('',#1579,1.);
#306=CIRCLE('',#1582,2.5);
#307=CIRCLE('',#1584,7.49999592134804);
#308=CIRCLE('',#1585,2.5);
#309=CIRCLE('',#1586,9.99999592134804);
#310=CIRCLE('',#1588,2.5);
#311=CIRCLE('',#1590,2.5);
#312=CIRCLE('',#1591,10.);
#313=CIRCLE('',#1592,7.5);
#314=CIRCLE('',#1594,2.5);
#315=CIRCLE('',#1596,2.5);
#316=CIRCLE('',#1597,25.);
#317=CIRCLE('',#1598,22.5);
#318=CIRCLE('',#1601,25.);
#319=CIRCLE('',#1605,5.95);
#320=CIRCLE('',#1606,1.55);
#321=CIRCLE('',#1607,1.55);
#322=CIRCLE('',#1609,2.083);
#323=CIRCLE('',#1611,3.15);
#324=CIRCLE('',#1612,2.083);
#325=CIRCLE('',#1614,3.15);
#326=CIRCLE('',#1617,2.083);
#327=CIRCLE('',#1619,3.15);
#328=CIRCLE('',#1620,2.083);
#329=CIRCLE('',#1622,3.15);
#330=CIRCLE('',#1625,5.95);
#331=CIRCLE('',#1626,4.95);
#332=CIRCLE('',#1628,4.95);
#333=CIRCLE('',#1632,2.083);
#334=CIRCLE('',#1634,3.15);
#335=CIRCLE('',#1635,2.083);
#336=CIRCLE('',#1637,3.15);
#337=CIRCLE('',#1639,2.083);
#338=CIRCLE('',#1640,2.083);
#339=CIRCLE('',#1642,2.083);
#340=CIRCLE('',#1644,3.15);
#341=CIRCLE('',#1645,2.083);
#342=CIRCLE('',#1647,3.15);
#343=CIRCLE('',#1649,2.083);
#344=CIRCLE('',#1650,2.083);
#345=CIRCLE('',#1656,1.25);
#346=CIRCLE('',#1658,1.75);
#347=CIRCLE('',#1659,1.25);
#348=CIRCLE('',#1663,1.25);
#349=CIRCLE('',#1665,1.75);
#350=CIRCLE('',#1666,1.25);
#351=CIRCLE('',#1668,1.75);
#352=CIRCLE('',#1671,1.25);
#353=CIRCLE('',#1673,1.75);
#354=CIRCLE('',#1674,1.25);
#355=CIRCLE('',#1681,9.99999592134804);
#356=CIRCLE('',#1682,9.99999592134804);
#357=CIRCLE('',#1687,10.);
#358=CIRCLE('',#1697,1.55);
#359=CIRCLE('',#1699,1.55);
#360=CIRCLE('',#1702,8.5);
#361=CIRCLE('',#1703,8.5);
#362=CIRCLE('',#1707,4.);
#363=CIRCLE('',#1708,4.);
#364=CIRCLE('',#1713,4.95);
#365=CIRCLE('',#1715,4.95);
#366=LINE('',#2196,#499);
#367=LINE('',#2200,#500);
#368=LINE('',#2206,#501);
#369=LINE('',#2207,#502);
#370=LINE('',#2213,#503);
#371=LINE('',#2217,#504);
#372=LINE('',#2230,#505);
#373=LINE('',#2232,#506);
#374=LINE('',#2236,#507);
#375=LINE('',#2238,#508);
#376=LINE('',#2240,#509);
#377=LINE('',#2242,#510);
#378=LINE('',#2243,#511);
#379=LINE('',#2244,#512);
#380=LINE('',#2247,#513);
#381=LINE('',#2249,#514);
#382=LINE('',#2251,#515);
#383=LINE('',#2252,#516);
#384=LINE('',#2255,#517);
#385=LINE('',#2259,#518);
#386=LINE('',#2261,#519);
#387=LINE('',#2263,#520);
#388=LINE('',#2265,#521);
#389=LINE('',#2271,#522);
#390=LINE('',#2272,#523);
#391=LINE('',#2279,#524);
#392=LINE('',#2280,#525);
#393=LINE('',#2283,#526);
#394=LINE('',#2287,#527);
#395=LINE('',#2289,#528);
#396=LINE('',#2291,#529);
#397=LINE('',#2293,#530);
#398=LINE('',#2295,#531);
#399=LINE('',#2297,#532);
#400=LINE('',#2299,#533);
#401=LINE('',#2305,#534);
#402=LINE('',#2307,#535);
#403=LINE('',#2309,#536);
#404=LINE('',#2311,#537);
#405=LINE('',#2315,#538);
#406=LINE('',#2316,#539);
#407=LINE('',#2319,#540);
#408=LINE('',#2331,#541);
#409=LINE('',#2332,#542);
#410=LINE('',#2343,#543);
#411=LINE('',#2344,#544);
#412=LINE('',#2352,#545);
#413=LINE('',#2353,#546);
#414=LINE('',#2356,#547);
#415=LINE('',#2359,#548);
#416=LINE('',#2361,#549);
#417=LINE('',#2363,#550);
#418=LINE('',#2375,#551);
#419=LINE('',#2384,#552);
#420=LINE('',#2386,#553);
#421=LINE('',#2391,#554);
#422=LINE('',#2400,#555);
#423=LINE('',#2402,#556);
#424=LINE('',#2407,#557);
#425=LINE('',#2412,#558);
#426=LINE('',#2416,#559);
#427=LINE('',#2418,#560);
#428=LINE('',#2420,#561);
#429=LINE('',#2421,#562);
#430=LINE('',#2426,#563);
#431=LINE('',#2436,#564);
#432=LINE('',#2439,#565);
#433=LINE('',#2443,#566);
#434=LINE('',#2462,#567);
#435=LINE('',#2467,#568);
#436=LINE('',#2477,#569);
#437=LINE('',#2480,#570);
#438=LINE('',#2484,#571);
#439=LINE('',#2503,#572);
#440=LINE('',#2506,#573);
#441=LINE('',#2507,#574);
#442=LINE('',#2508,#575);
#443=LINE('',#2509,#576);
#444=LINE('',#2511,#577);
#445=LINE('',#2513,#578);
#446=LINE('',#2515,#579);
#447=LINE('',#2520,#580);
#448=LINE('',#2527,#581);
#449=LINE('',#2529,#582);
#450=LINE('',#2534,#583);
#451=LINE('',#2543,#584);
#452=LINE('',#2545,#585);
#453=LINE('',#2550,#586);
#454=LINE('',#2557,#587);
#455=LINE('',#2559,#588);
#456=LINE('',#2562,#589);
#457=LINE('',#2564,#590);
#458=LINE('',#2565,#591);
#459=LINE('',#2568,#592);
#460=LINE('',#2569,#593);
#461=LINE('',#2571,#594);
#462=LINE('',#2572,#595);
#463=LINE('',#2578,#596);
#464=LINE('',#2581,#597);
#465=LINE('',#2582,#598);
#466=LINE('',#2584,#599);
#467=LINE('',#2585,#600);
#468=LINE('',#2587,#601);
#469=LINE('',#2591,#602);
#470=LINE('',#2594,#603);
#471=LINE('',#2596,#604);
#472=LINE('',#2598,#605);
#473=LINE('',#2600,#606);
#474=LINE('',#2604,#607);
#475=LINE('',#2605,#608);
#476=LINE('',#2607,#609);
#477=LINE('',#2609,#610);
#478=LINE('',#2612,#611);
#479=LINE('',#2616,#612);
#480=LINE('',#2621,#613);
#481=LINE('',#2623,#614);
#482=LINE('',#2625,#615);
#483=LINE('',#2626,#616);
#484=LINE('',#2631,#617);
#485=LINE('',#2635,#618);
#486=LINE('',#2637,#619);
#487=LINE('',#2638,#620);
#488=LINE('',#2641,#621);
#489=LINE('',#2643,#622);
#490=LINE('',#2644,#623);
#491=LINE('',#2649,#624);
#492=LINE('',#2652,#625);
#493=LINE('',#2653,#626);
#494=LINE('',#2656,#627);
#495=LINE('',#2659,#628);
#496=LINE('',#2664,#629);
#497=LINE('',#2667,#630);
#498=LINE('',#2669,#631);
#499=VECTOR('',#1724,10.);
#500=VECTOR('',#1727,10.);
#501=VECTOR('',#1734,10.);
#502=VECTOR('',#1735,10.);
#503=VECTOR('',#1740,10.);
#504=VECTOR('',#1743,10.);
#505=VECTOR('',#1746,10.);
#506=VECTOR('',#1747,10.);
#507=VECTOR('',#1752,10.);
#508=VECTOR('',#1753,10.);
#509=VECTOR('',#1754,10.);
#510=VECTOR('',#1755,10.);
#511=VECTOR('',#1756,10.);
#512=VECTOR('',#1757,10.);
#513=VECTOR('',#1760,10.);
#514=VECTOR('',#1761,10.);
#515=VECTOR('',#1762,10.);
#516=VECTOR('',#1763,10.);
#517=VECTOR('',#1766,10.);
#518=VECTOR('',#1769,10.);
#519=VECTOR('',#1770,10.);
#520=VECTOR('',#1771,10.);
#521=VECTOR('',#1772,10.);
#522=VECTOR('',#1777,10.);
#523=VECTOR('',#1778,10.);
#524=VECTOR('',#1785,10.);
#525=VECTOR('',#1786,10.);
#526=VECTOR('',#1789,10.);
#527=VECTOR('',#1792,10.);
#528=VECTOR('',#1793,10.);
#529=VECTOR('',#1794,10.);
#530=VECTOR('',#1795,10.);
#531=VECTOR('',#1796,10.);
#532=VECTOR('',#1797,10.);
#533=VECTOR('',#1798,10.);
#534=VECTOR('',#1803,10.);
#535=VECTOR('',#1804,10.);
#536=VECTOR('',#1805,10.);
#537=VECTOR('',#1806,10.);
#538=VECTOR('',#1811,10.);
#539=VECTOR('',#1812,10.);
#540=VECTOR('',#1815,10.);
#541=VECTOR('',#1830,10.);
#542=VECTOR('',#1831,10.);
#543=VECTOR('',#1844,10.);
#544=VECTOR('',#1845,10.);
#545=VECTOR('',#1856,10.);
#546=VECTOR('',#1857,10.);
#547=VECTOR('',#1860,10.);
#548=VECTOR('',#1863,10.);
#549=VECTOR('',#1866,10.);
#550=VECTOR('',#1869,10.);
#551=VECTOR('',#1882,1.0415);
#552=VECTOR('',#1893,3.15);
#553=VECTOR('',#1896,2.083);
#554=VECTOR('',#1901,1.0415);
#555=VECTOR('',#1912,3.15);
#556=VECTOR('',#1915,2.083);
#557=VECTOR('',#1920,5.45);
#558=VECTOR('',#1927,4.95);
#559=VECTOR('',#1930,10.);
#560=VECTOR('',#1931,10.);
#561=VECTOR('',#1932,10.);
#562=VECTOR('',#1933,10.);
#563=VECTOR('',#1938,10.);
#564=VECTOR('',#1951,3.15);
#565=VECTOR('',#1954,2.083);
#566=VECTOR('',#1957,10.);
#567=VECTOR('',#1958,10.);
#568=VECTOR('',#1963,10.);
#569=VECTOR('',#1976,3.15);
#570=VECTOR('',#1979,2.083);
#571=VECTOR('',#1982,10.);
#572=VECTOR('',#1983,10.);
#573=VECTOR('',#1988,10.);
#574=VECTOR('',#1989,10.);
#575=VECTOR('',#1990,10.);
#576=VECTOR('',#1991,10.);
#577=VECTOR('',#1994,10.);
#578=VECTOR('',#1997,10.);
#579=VECTOR('',#2000,10.);
#580=VECTOR('',#2005,0.625);
#581=VECTOR('',#2014,1.75);
#582=VECTOR('',#2017,1.25);
#583=VECTOR('',#2022,0.625);
#584=VECTOR('',#2033,1.75);
#585=VECTOR('',#2036,1.25);
#586=VECTOR('',#2041,0.625);
#587=VECTOR('',#2050,1.75);
#588=VECTOR('',#2053,1.25);
#589=VECTOR('',#2056,10.);
#590=VECTOR('',#2057,10.);
#591=VECTOR('',#2058,10.);
#592=VECTOR('',#2061,10.);
#593=VECTOR('',#2062,10.);
#594=VECTOR('',#2065,10.);
#595=VECTOR('',#2066,10.);
#596=VECTOR('',#2073,10.);
#597=VECTOR('',#2076,10.);
#598=VECTOR('',#2077,10.);
#599=VECTOR('',#2078,10.);
#600=VECTOR('',#2079,10.);
#601=VECTOR('',#2082,10.);
#602=VECTOR('',#2087,10.);
#603=VECTOR('',#2092,10.);
#604=VECTOR('',#2095,10.);
#605=VECTOR('',#2098,10.);
#606=VECTOR('',#2101,10.);
#607=VECTOR('',#2106,10.);
#608=VECTOR('',#2107,10.);
#609=VECTOR('',#2110,10.);
#610=VECTOR('',#2113,10.);
#611=VECTOR('',#2116,1.55);
#612=VECTOR('',#2121,1.55);
#613=VECTOR('',#2126,10.);
#614=VECTOR('',#2127,10.);
#615=VECTOR('',#2128,10.);
#616=VECTOR('',#2129,10.);
#617=VECTOR('',#2134,10.);
#618=VECTOR('',#2139,10.);
#619=VECTOR('',#2140,10.);
#620=VECTOR('',#2141,10.);
#621=VECTOR('',#2144,10.);
#622=VECTOR('',#2145,10.);
#623=VECTOR('',#2146,10.);
#624=VECTOR('',#2151,10.);
#625=VECTOR('',#2156,10.);
#626=VECTOR('',#2157,10.);
#627=VECTOR('',#2162,10.);
#628=VECTOR('',#2165,5.45);
#629=VECTOR('',#2172,4.95);
#630=VECTOR('',#2177,10.);
#631=VECTOR('',#2180,10.);
#632=B_SPLINE_CURVE_WITH_KNOTS('',3,(#2187,#2188,#2189,#2190,#2191,#2192,
#2193,#2194),.UNSPECIFIED.,.F.,.F.,(4,2,2,4),(1.37156324551985,1.46985710242147,
1.56815095932309,1.65353762697023),.UNSPECIFIED.);
#633=B_SPLINE_CURVE_WITH_KNOTS('',3,(#2218,#2219,#2220,#2221,#2222,#2223,
#2224,#2225,#2226,#2227),.UNSPECIFIED.,.F.,.F.,(4,2,2,2,4),(0.0796735694235947,
0.0944634254665236,0.188926850933047,0.287696279906419,0.386465708879791),
 .UNSPECIFIED.);
#634=B_SPLINE_CURVE_WITH_KNOTS('',3,(#2444,#2445,#2446,#2447,#2448,#2449,
#2450,#2451),.UNSPECIFIED.,.F.,.F.,(4,2,2,4),(-0.14294552212407,-0.134450316416666,
-0.0896335442777774,0.),.UNSPECIFIED.);
#635=B_SPLINE_CURVE_WITH_KNOTS('',3,(#2453,#2454,#2455,#2456,#2457,#2458,
#2459,#2460),.UNSPECIFIED.,.F.,.F.,(4,2,2,4),(0.505920756376618,0.595554300654396,
0.640371072793284,0.648866278500688),.UNSPECIFIED.);
#636=B_SPLINE_CURVE_WITH_KNOTS('',3,(#2485,#2486,#2487,#2488,#2489,#2490,
#2491,#2492),.UNSPECIFIED.,.F.,.F.,(4,2,2,4),(-0.14294552212407,-0.134450316416666,
-0.0896335442777774,0.),.UNSPECIFIED.);
#637=B_SPLINE_CURVE_WITH_KNOTS('',3,(#2494,#2495,#2496,#2497,#2498,#2499,
#2500,#2501),.UNSPECIFIED.,.F.,.F.,(4,2,2,4),(0.505920756376618,0.595554300654396,
0.640371072793284,0.648866278500689),.UNSPECIFIED.);
#638=VERTEX_POINT('',#2185);
#639=VERTEX_POINT('',#2186);
#640=VERTEX_POINT('',#2195);
#641=VERTEX_POINT('',#2197);
#642=VERTEX_POINT('',#2199);
#643=VERTEX_POINT('',#2203);
#644=VERTEX_POINT('',#2205);
#645=VERTEX_POINT('',#2209);
#646=VERTEX_POINT('',#2210);
#647=VERTEX_POINT('',#2212);
#648=VERTEX_POINT('',#2214);
#649=VERTEX_POINT('',#2216);
#650=VERTEX_POINT('',#2229);
#651=VERTEX_POINT('',#2231);
#652=VERTEX_POINT('',#2235);
#653=VERTEX_POINT('',#2237);
#654=VERTEX_POINT('',#2239);
#655=VERTEX_POINT('',#2241);
#656=VERTEX_POINT('',#2246);
#657=VERTEX_POINT('',#2248);
#658=VERTEX_POINT('',#2250);
#659=VERTEX_POINT('',#2254);
#660=VERTEX_POINT('',#2256);
#661=VERTEX_POINT('',#2258);
#662=VERTEX_POINT('',#2260);
#663=VERTEX_POINT('',#2262);
#664=VERTEX_POINT('',#2264);
#665=VERTEX_POINT('',#2266);
#666=VERTEX_POINT('',#2268);
#667=VERTEX_POINT('',#2270);
#668=VERTEX_POINT('',#2273);
#669=VERTEX_POINT('',#2275);
#670=VERTEX_POINT('',#2278);
#671=VERTEX_POINT('',#2282);
#672=VERTEX_POINT('',#2284);
#673=VERTEX_POINT('',#2286);
#674=VERTEX_POINT('',#2288);
#675=VERTEX_POINT('',#2290);
#676=VERTEX_POINT('',#2292);
#677=VERTEX_POINT('',#2294);
#678=VERTEX_POINT('',#2296);
#679=VERTEX_POINT('',#2298);
#680=VERTEX_POINT('',#2300);
#681=VERTEX_POINT('',#2302);
#682=VERTEX_POINT('',#2304);
#683=VERTEX_POINT('',#2306);
#684=VERTEX_POINT('',#2308);
#685=VERTEX_POINT('',#2310);
#686=VERTEX_POINT('',#2314);
#687=VERTEX_POINT('',#2318);
#688=VERTEX_POINT('',#2322);
#689=VERTEX_POINT('',#2324);
#690=VERTEX_POINT('',#2328);
#691=VERTEX_POINT('',#2329);
#692=VERTEX_POINT('',#2334);
#693=VERTEX_POINT('',#2335);
#694=VERTEX_POINT('',#2340);
#695=VERTEX_POINT('',#2341);
#696=VERTEX_POINT('',#2346);
#697=VERTEX_POINT('',#2347);
#698=VERTEX_POINT('',#2355);
#699=VERTEX_POINT('',#2357);
#700=VERTEX_POINT('',#2365);
#701=VERTEX_POINT('',#2367);
#702=VERTEX_POINT('',#2369);
#703=VERTEX_POINT('',#2372);
#704=VERTEX_POINT('',#2374);
#705=VERTEX_POINT('',#2377);
#706=VERTEX_POINT('',#2379);
#707=VERTEX_POINT('',#2382);
#708=VERTEX_POINT('',#2388);
#709=VERTEX_POINT('',#2390);
#710=VERTEX_POINT('',#2393);
#711=VERTEX_POINT('',#2395);
#712=VERTEX_POINT('',#2398);
#713=VERTEX_POINT('',#2404);
#714=VERTEX_POINT('',#2406);
#715=VERTEX_POINT('',#2410);
#716=VERTEX_POINT('',#2414);
#717=VERTEX_POINT('',#2415);
#718=VERTEX_POINT('',#2417);
#719=VERTEX_POINT('',#2419);
#720=VERTEX_POINT('',#2424);
#721=VERTEX_POINT('',#2425);
#722=VERTEX_POINT('',#2429);
#723=VERTEX_POINT('',#2431);
#724=VERTEX_POINT('',#2434);
#725=VERTEX_POINT('',#2438);
#726=VERTEX_POINT('',#2440);
#727=VERTEX_POINT('',#2442);
#728=VERTEX_POINT('',#2452);
#729=VERTEX_POINT('',#2461);
#730=VERTEX_POINT('',#2465);
#731=VERTEX_POINT('',#2466);
#732=VERTEX_POINT('',#2470);
#733=VERTEX_POINT('',#2472);
#734=VERTEX_POINT('',#2475);
#735=VERTEX_POINT('',#2479);
#736=VERTEX_POINT('',#2481);
#737=VERTEX_POINT('',#2483);
#738=VERTEX_POINT('',#2493);
#739=VERTEX_POINT('',#2502);
#740=VERTEX_POINT('',#2517);
#741=VERTEX_POINT('',#2519);
#742=VERTEX_POINT('',#2522);
#743=VERTEX_POINT('',#2524);
#744=VERTEX_POINT('',#2531);
#745=VERTEX_POINT('',#2533);
#746=VERTEX_POINT('',#2536);
#747=VERTEX_POINT('',#2538);
#748=VERTEX_POINT('',#2541);
#749=VERTEX_POINT('',#2547);
#750=VERTEX_POINT('',#2549);
#751=VERTEX_POINT('',#2552);
#752=VERTEX_POINT('',#2554);
#753=VERTEX_POINT('',#2561);
#754=VERTEX_POINT('',#2563);
#755=VERTEX_POINT('',#2567);
#756=VERTEX_POINT('',#2574);
#757=VERTEX_POINT('',#2576);
#758=VERTEX_POINT('',#2580);
#759=VERTEX_POINT('',#2583);
#760=VERTEX_POINT('',#2590);
#761=VERTEX_POINT('',#2603);
#762=VERTEX_POINT('',#2611);
#763=VERTEX_POINT('',#2615);
#764=VERTEX_POINT('',#2619);
#765=VERTEX_POINT('',#2620);
#766=VERTEX_POINT('',#2622);
#767=VERTEX_POINT('',#2624);
#768=VERTEX_POINT('',#2628);
#769=VERTEX_POINT('',#2630);
#770=VERTEX_POINT('',#2634);
#771=VERTEX_POINT('',#2636);
#772=VERTEX_POINT('',#2640);
#773=VERTEX_POINT('',#2642);
#774=VERTEX_POINT('',#2646);
#775=VERTEX_POINT('',#2648);
#776=VERTEX_POINT('',#2658);
#777=VERTEX_POINT('',#2662);
#778=EDGE_CURVE('',#638,#639,#632,.F.);
#779=EDGE_CURVE('',#638,#640,#366,.T.);
#780=EDGE_CURVE('',#640,#641,#293,.T.);
#781=EDGE_CURVE('',#641,#642,#367,.T.);
#782=EDGE_CURVE('',#642,#639,#294,.T.);
#783=EDGE_CURVE('',#643,#638,#46,.T.);
#784=EDGE_CURVE('',#644,#643,#368,.T.);
#785=EDGE_CURVE('',#640,#644,#369,.T.);
#786=EDGE_CURVE('',#645,#646,#295,.F.);
#787=EDGE_CURVE('',#645,#647,#370,.T.);
#788=EDGE_CURVE('',#647,#648,#296,.T.);
#789=EDGE_CURVE('',#648,#649,#371,.T.);
#790=EDGE_CURVE('',#646,#649,#633,.F.);
#791=EDGE_CURVE('',#650,#648,#372,.T.);
#792=EDGE_CURVE('',#651,#650,#373,.T.);
#793=EDGE_CURVE('',#649,#651,#47,.T.);
#794=EDGE_CURVE('',#652,#641,#374,.T.);
#795=EDGE_CURVE('',#653,#652,#375,.T.);
#796=EDGE_CURVE('',#654,#653,#376,.T.);
#797=EDGE_CURVE('',#655,#654,#377,.T.);
#798=EDGE_CURVE('',#655,#647,#378,.T.);
#799=EDGE_CURVE('',#642,#645,#379,.T.);
#800=EDGE_CURVE('',#656,#654,#380,.T.);
#801=EDGE_CURVE('',#657,#656,#381,.T.);
#802=EDGE_CURVE('',#658,#657,#382,.T.);
#803=EDGE_CURVE('',#655,#658,#383,.T.);
#804=EDGE_CURVE('',#653,#659,#384,.T.);
#805=EDGE_CURVE('',#659,#660,#297,.T.);
#806=EDGE_CURVE('',#660,#661,#385,.T.);
#807=EDGE_CURVE('',#661,#662,#386,.T.);
#808=EDGE_CURVE('',#662,#663,#387,.T.);
#809=EDGE_CURVE('',#663,#664,#388,.T.);
#810=EDGE_CURVE('',#664,#665,#298,.T.);
#811=EDGE_CURVE('',#665,#666,#299,.T.);
#812=EDGE_CURVE('',#666,#667,#389,.T.);
#813=EDGE_CURVE('',#667,#656,#390,.T.);
#814=EDGE_CURVE('',#668,#668,#300,.T.);
#815=EDGE_CURVE('',#669,#669,#301,.T.);
#816=EDGE_CURVE('',#670,#652,#391,.T.);
#817=EDGE_CURVE('',#670,#659,#392,.T.);
#818=EDGE_CURVE('',#644,#671,#393,.T.);
#819=EDGE_CURVE('',#671,#672,#302,.T.);
#820=EDGE_CURVE('',#672,#673,#394,.T.);
#821=EDGE_CURVE('',#673,#674,#395,.T.);
#822=EDGE_CURVE('',#674,#675,#396,.T.);
#823=EDGE_CURVE('',#675,#676,#397,.T.);
#824=EDGE_CURVE('',#676,#677,#398,.T.);
#825=EDGE_CURVE('',#677,#678,#399,.T.);
#826=EDGE_CURVE('',#678,#679,#400,.T.);
#827=EDGE_CURVE('',#679,#680,#303,.T.);
#828=EDGE_CURVE('',#680,#681,#304,.T.);
#829=EDGE_CURVE('',#681,#682,#401,.T.);
#830=EDGE_CURVE('',#682,#683,#402,.T.);
#831=EDGE_CURVE('',#683,#684,#403,.T.);
#832=EDGE_CURVE('',#684,#685,#404,.T.);
#833=EDGE_CURVE('',#685,#670,#305,.T.);
#834=EDGE_CURVE('',#686,#643,#405,.T.);
#835=EDGE_CURVE('',#686,#671,#406,.T.);
#836=EDGE_CURVE('',#639,#687,#407,.T.);
#837=EDGE_CURVE('',#686,#687,#306,.T.);
#838=EDGE_CURVE('',#687,#688,#307,.T.);
#839=EDGE_CURVE('',#688,#689,#308,.T.);
#840=EDGE_CURVE('',#689,#686,#309,.T.);
#841=EDGE_CURVE('',#690,#691,#310,.T.);
#842=EDGE_CURVE('',#691,#689,#408,.T.);
#843=EDGE_CURVE('',#688,#690,#409,.T.);
#844=EDGE_CURVE('',#692,#693,#311,.T.);
#845=EDGE_CURVE('',#693,#691,#312,.T.);
#846=EDGE_CURVE('',#690,#692,#313,.T.);
#847=EDGE_CURVE('',#694,#695,#314,.T.);
#848=EDGE_CURVE('',#695,#693,#410,.T.);
#849=EDGE_CURVE('',#692,#694,#411,.T.);
#850=EDGE_CURVE('',#696,#697,#315,.T.);
#851=EDGE_CURVE('',#697,#695,#316,.T.);
#852=EDGE_CURVE('',#694,#696,#317,.T.);
#853=EDGE_CURVE('',#651,#697,#412,.T.);
#854=EDGE_CURVE('',#696,#646,#413,.T.);
#855=EDGE_CURVE('',#697,#698,#414,.T.);
#856=EDGE_CURVE('',#699,#698,#318,.T.);
#857=EDGE_CURVE('',#695,#699,#415,.T.);
#858=EDGE_CURVE('',#698,#650,#416,.T.);
#859=EDGE_CURVE('',#689,#672,#417,.T.);
#860=EDGE_CURVE('',#700,#700,#319,.T.);
#861=EDGE_CURVE('',#701,#701,#320,.T.);
#862=EDGE_CURVE('',#702,#702,#321,.T.);
#863=EDGE_CURVE('',#703,#703,#322,.T.);
#864=EDGE_CURVE('',#703,#704,#418,.T.);
#865=EDGE_CURVE('',#705,#705,#323,.T.);
#866=EDGE_CURVE('',#706,#706,#324,.T.);
#867=EDGE_CURVE('',#707,#707,#325,.T.);
#868=EDGE_CURVE('',#707,#705,#419,.T.);
#869=EDGE_CURVE('',#706,#703,#420,.T.);
#870=EDGE_CURVE('',#708,#708,#326,.T.);
#871=EDGE_CURVE('',#708,#709,#421,.T.);
#872=EDGE_CURVE('',#710,#710,#327,.T.);
#873=EDGE_CURVE('',#711,#711,#328,.T.);
#874=EDGE_CURVE('',#712,#712,#329,.T.);
#875=EDGE_CURVE('',#712,#710,#422,.T.);
#876=EDGE_CURVE('',#711,#708,#423,.T.);
#877=EDGE_CURVE('',#713,#713,#330,.T.);
#878=EDGE_CURVE('',#713,#714,#424,.T.);
#879=EDGE_CURVE('',#714,#714,#331,.T.);
#880=EDGE_CURVE('',#715,#715,#332,.T.);
#881=EDGE_CURVE('',#715,#714,#425,.T.);
#882=EDGE_CURVE('',#716,#717,#426,.T.);
#883=EDGE_CURVE('',#717,#718,#427,.T.);
#884=EDGE_CURVE('',#719,#718,#428,.T.);
#885=EDGE_CURVE('',#716,#719,#429,.T.);
#886=EDGE_CURVE('',#720,#721,#430,.T.);
#887=EDGE_CURVE('',#721,#720,#333,.T.);
#888=EDGE_CURVE('',#722,#722,#334,.T.);
#889=EDGE_CURVE('',#723,#723,#335,.T.);
#890=EDGE_CURVE('',#724,#724,#336,.T.);
#891=EDGE_CURVE('',#724,#722,#431,.T.);
#892=EDGE_CURVE('',#723,#725,#432,.T.);
#893=EDGE_CURVE('',#726,#725,#337,.T.);
#894=EDGE_CURVE('',#727,#726,#433,.T.);
#895=EDGE_CURVE('',#721,#727,#634,.T.);
#896=EDGE_CURVE('',#728,#720,#635,.T.);
#897=EDGE_CURVE('',#729,#728,#434,.T.);
#898=EDGE_CURVE('',#725,#729,#338,.T.);
#899=EDGE_CURVE('',#730,#731,#435,.T.);
#900=EDGE_CURVE('',#731,#730,#339,.T.);
#901=EDGE_CURVE('',#732,#732,#340,.T.);
#902=EDGE_CURVE('',#733,#733,#341,.T.);
#903=EDGE_CURVE('',#734,#734,#342,.T.);
#904=EDGE_CURVE('',#734,#732,#436,.T.);
#905=EDGE_CURVE('',#733,#735,#437,.T.);
#906=EDGE_CURVE('',#736,#735,#343,.T.);
#907=EDGE_CURVE('',#737,#736,#438,.T.);
#908=EDGE_CURVE('',#731,#737,#636,.T.);
#909=EDGE_CURVE('',#738,#730,#637,.T.);
#910=EDGE_CURVE('',#739,#738,#439,.T.);
#911=EDGE_CURVE('',#735,#739,#344,.T.);
#912=EDGE_CURVE('',#681,#727,#440,.T.);
#913=EDGE_CURVE('',#680,#665,#441,.T.);
#914=EDGE_CURVE('',#738,#664,#442,.T.);
#915=EDGE_CURVE('',#728,#737,#443,.T.);
#916=EDGE_CURVE('',#739,#663,#444,.T.);
#917=EDGE_CURVE('',#682,#726,#445,.T.);
#918=EDGE_CURVE('',#729,#736,#446,.T.);
#919=EDGE_CURVE('',#740,#740,#345,.T.);
#920=EDGE_CURVE('',#740,#741,#447,.T.);
#921=EDGE_CURVE('',#742,#742,#346,.T.);
#922=EDGE_CURVE('',#743,#743,#347,.T.);
#923=EDGE_CURVE('',#669,#742,#448,.T.);
#924=EDGE_CURVE('',#743,#740,#449,.T.);
#925=EDGE_CURVE('',#744,#744,#348,.T.);
#926=EDGE_CURVE('',#744,#745,#450,.T.);
#927=EDGE_CURVE('',#746,#746,#349,.T.);
#928=EDGE_CURVE('',#747,#747,#350,.T.);
#929=EDGE_CURVE('',#748,#748,#351,.T.);
#930=EDGE_CURVE('',#748,#746,#451,.T.);
#931=EDGE_CURVE('',#747,#744,#452,.T.);
#932=EDGE_CURVE('',#749,#749,#352,.T.);
#933=EDGE_CURVE('',#749,#750,#453,.T.);
#934=EDGE_CURVE('',#751,#751,#353,.T.);
#935=EDGE_CURVE('',#752,#752,#354,.T.);
#936=EDGE_CURVE('',#668,#751,#454,.T.);
#937=EDGE_CURVE('',#752,#749,#455,.T.);
#938=EDGE_CURVE('',#674,#753,#456,.T.);
#939=EDGE_CURVE('',#754,#753,#457,.T.);
#940=EDGE_CURVE('',#675,#754,#458,.T.);
#941=EDGE_CURVE('',#755,#754,#459,.T.);
#942=EDGE_CURVE('',#676,#755,#460,.T.);
#943=EDGE_CURVE('',#718,#755,#461,.T.);
#944=EDGE_CURVE('',#677,#717,#462,.T.);
#945=EDGE_CURVE('',#756,#716,#355,.T.);
#946=EDGE_CURVE('',#757,#719,#356,.T.);
#947=EDGE_CURVE('',#756,#757,#463,.T.);
#948=EDGE_CURVE('',#673,#758,#464,.T.);
#949=EDGE_CURVE('',#758,#756,#465,.T.);
#950=EDGE_CURVE('',#759,#757,#466,.T.);
#951=EDGE_CURVE('',#673,#759,#467,.T.);
#952=EDGE_CURVE('',#753,#759,#468,.T.);
#953=EDGE_CURVE('',#760,#677,#469,.T.);
#954=EDGE_CURVE('',#758,#760,#357,.T.);
#955=EDGE_CURVE('',#679,#666,#470,.T.);
#956=EDGE_CURVE('',#683,#662,#471,.T.);
#957=EDGE_CURVE('',#684,#661,#472,.T.);
#958=EDGE_CURVE('',#685,#660,#473,.T.);
#959=EDGE_CURVE('',#761,#657,#474,.T.);
#960=EDGE_CURVE('',#761,#667,#475,.T.);
#961=EDGE_CURVE('',#678,#761,#476,.T.);
#962=EDGE_CURVE('',#678,#658,#477,.T.);
#963=EDGE_CURVE('',#702,#762,#478,.T.);
#964=EDGE_CURVE('',#762,#762,#358,.T.);
#965=EDGE_CURVE('',#701,#763,#479,.T.);
#966=EDGE_CURVE('',#763,#763,#359,.T.);
#967=EDGE_CURVE('',#764,#765,#480,.T.);
#968=EDGE_CURVE('',#764,#766,#481,.T.);
#969=EDGE_CURVE('',#766,#767,#482,.T.);
#970=EDGE_CURVE('',#765,#767,#483,.T.);
#971=EDGE_CURVE('',#768,#764,#360,.T.);
#972=EDGE_CURVE('',#768,#769,#484,.T.);
#973=EDGE_CURVE('',#769,#766,#361,.T.);
#974=EDGE_CURVE('',#770,#768,#485,.T.);
#975=EDGE_CURVE('',#770,#771,#486,.T.);
#976=EDGE_CURVE('',#771,#769,#487,.T.);
#977=EDGE_CURVE('',#772,#770,#488,.T.);
#978=EDGE_CURVE('',#772,#773,#489,.T.);
#979=EDGE_CURVE('',#773,#771,#490,.T.);
#980=EDGE_CURVE('',#774,#772,#362,.T.);
#981=EDGE_CURVE('',#774,#775,#491,.T.);
#982=EDGE_CURVE('',#775,#773,#363,.T.);
#983=EDGE_CURVE('',#765,#774,#492,.T.);
#984=EDGE_CURVE('',#767,#775,#493,.T.);
#985=EDGE_CURVE('',#658,#699,#494,.T.);
#986=EDGE_CURVE('',#700,#776,#495,.T.);
#987=EDGE_CURVE('',#776,#776,#364,.T.);
#988=EDGE_CURVE('',#777,#777,#365,.T.);
#989=EDGE_CURVE('',#777,#776,#496,.T.);
#990=EDGE_CURVE('',#693,#760,#497,.T.);
#991=EDGE_CURVE('',#691,#758,#498,.T.);
#992=ORIENTED_EDGE('',*,*,#778,.F.);
#993=ORIENTED_EDGE('',*,*,#779,.T.);
#994=ORIENTED_EDGE('',*,*,#780,.T.);
#995=ORIENTED_EDGE('',*,*,#781,.T.);
#996=ORIENTED_EDGE('',*,*,#782,.T.);
#997=ORIENTED_EDGE('',*,*,#779,.F.);
#998=ORIENTED_EDGE('',*,*,#783,.F.);
#999=ORIENTED_EDGE('',*,*,#784,.F.);
#1000=ORIENTED_EDGE('',*,*,#785,.F.);
#1001=ORIENTED_EDGE('',*,*,#786,.F.);
#1002=ORIENTED_EDGE('',*,*,#787,.T.);
#1003=ORIENTED_EDGE('',*,*,#788,.T.);
#1004=ORIENTED_EDGE('',*,*,#789,.T.);
#1005=ORIENTED_EDGE('',*,*,#790,.F.);
#1006=ORIENTED_EDGE('',*,*,#789,.F.);
#1007=ORIENTED_EDGE('',*,*,#791,.F.);
#1008=ORIENTED_EDGE('',*,*,#792,.F.);
#1009=ORIENTED_EDGE('',*,*,#793,.F.);
#1010=ORIENTED_EDGE('',*,*,#781,.F.);
#1011=ORIENTED_EDGE('',*,*,#794,.F.);
#1012=ORIENTED_EDGE('',*,*,#795,.F.);
#1013=ORIENTED_EDGE('',*,*,#796,.F.);
#1014=ORIENTED_EDGE('',*,*,#797,.F.);
#1015=ORIENTED_EDGE('',*,*,#798,.T.);
#1016=ORIENTED_EDGE('',*,*,#787,.F.);
#1017=ORIENTED_EDGE('',*,*,#799,.F.);
#1018=ORIENTED_EDGE('',*,*,#797,.T.);
#1019=ORIENTED_EDGE('',*,*,#800,.F.);
#1020=ORIENTED_EDGE('',*,*,#801,.F.);
#1021=ORIENTED_EDGE('',*,*,#802,.F.);
#1022=ORIENTED_EDGE('',*,*,#803,.F.);
#1023=ORIENTED_EDGE('',*,*,#796,.T.);
#1024=ORIENTED_EDGE('',*,*,#804,.T.);
#1025=ORIENTED_EDGE('',*,*,#805,.T.);
#1026=ORIENTED_EDGE('',*,*,#806,.T.);
#1027=ORIENTED_EDGE('',*,*,#807,.T.);
#1028=ORIENTED_EDGE('',*,*,#808,.T.);
#1029=ORIENTED_EDGE('',*,*,#809,.T.);
#1030=ORIENTED_EDGE('',*,*,#810,.T.);
#1031=ORIENTED_EDGE('',*,*,#811,.T.);
#1032=ORIENTED_EDGE('',*,*,#812,.T.);
#1033=ORIENTED_EDGE('',*,*,#813,.T.);
#1034=ORIENTED_EDGE('',*,*,#800,.T.);
#1035=ORIENTED_EDGE('',*,*,#814,.T.);
#1036=ORIENTED_EDGE('',*,*,#815,.T.);
#1037=ORIENTED_EDGE('',*,*,#795,.T.);
#1038=ORIENTED_EDGE('',*,*,#816,.F.);
#1039=ORIENTED_EDGE('',*,*,#817,.T.);
#1040=ORIENTED_EDGE('',*,*,#804,.F.);
#1041=ORIENTED_EDGE('',*,*,#794,.T.);
#1042=ORIENTED_EDGE('',*,*,#780,.F.);
#1043=ORIENTED_EDGE('',*,*,#785,.T.);
#1044=ORIENTED_EDGE('',*,*,#818,.T.);
#1045=ORIENTED_EDGE('',*,*,#819,.T.);
#1046=ORIENTED_EDGE('',*,*,#820,.T.);
#1047=ORIENTED_EDGE('',*,*,#821,.T.);
#1048=ORIENTED_EDGE('',*,*,#822,.T.);
#1049=ORIENTED_EDGE('',*,*,#823,.T.);
#1050=ORIENTED_EDGE('',*,*,#824,.T.);
#1051=ORIENTED_EDGE('',*,*,#825,.T.);
#1052=ORIENTED_EDGE('',*,*,#826,.T.);
#1053=ORIENTED_EDGE('',*,*,#827,.T.);
#1054=ORIENTED_EDGE('',*,*,#828,.T.);
#1055=ORIENTED_EDGE('',*,*,#829,.T.);
#1056=ORIENTED_EDGE('',*,*,#830,.T.);
#1057=ORIENTED_EDGE('',*,*,#831,.T.);
#1058=ORIENTED_EDGE('',*,*,#832,.T.);
#1059=ORIENTED_EDGE('',*,*,#833,.T.);
#1060=ORIENTED_EDGE('',*,*,#816,.T.);
#1061=ORIENTED_EDGE('',*,*,#784,.T.);
#1062=ORIENTED_EDGE('',*,*,#834,.F.);
#1063=ORIENTED_EDGE('',*,*,#835,.T.);
#1064=ORIENTED_EDGE('',*,*,#818,.F.);
#1065=ORIENTED_EDGE('',*,*,#783,.T.);
#1066=ORIENTED_EDGE('',*,*,#778,.T.);
#1067=ORIENTED_EDGE('',*,*,#836,.T.);
#1068=ORIENTED_EDGE('',*,*,#837,.F.);
#1069=ORIENTED_EDGE('',*,*,#834,.T.);
#1070=ORIENTED_EDGE('',*,*,#837,.T.);
#1071=ORIENTED_EDGE('',*,*,#838,.T.);
#1072=ORIENTED_EDGE('',*,*,#839,.T.);
#1073=ORIENTED_EDGE('',*,*,#840,.T.);
#1074=ORIENTED_EDGE('',*,*,#841,.T.);
#1075=ORIENTED_EDGE('',*,*,#842,.T.);
#1076=ORIENTED_EDGE('',*,*,#839,.F.);
#1077=ORIENTED_EDGE('',*,*,#843,.T.);
#1078=ORIENTED_EDGE('',*,*,#844,.T.);
#1079=ORIENTED_EDGE('',*,*,#845,.T.);
#1080=ORIENTED_EDGE('',*,*,#841,.F.);
#1081=ORIENTED_EDGE('',*,*,#846,.T.);
#1082=ORIENTED_EDGE('',*,*,#847,.T.);
#1083=ORIENTED_EDGE('',*,*,#848,.T.);
#1084=ORIENTED_EDGE('',*,*,#844,.F.);
#1085=ORIENTED_EDGE('',*,*,#849,.T.);
#1086=ORIENTED_EDGE('',*,*,#850,.T.);
#1087=ORIENTED_EDGE('',*,*,#851,.T.);
#1088=ORIENTED_EDGE('',*,*,#847,.F.);
#1089=ORIENTED_EDGE('',*,*,#852,.T.);
#1090=ORIENTED_EDGE('',*,*,#793,.T.);
#1091=ORIENTED_EDGE('',*,*,#853,.T.);
#1092=ORIENTED_EDGE('',*,*,#850,.F.);
#1093=ORIENTED_EDGE('',*,*,#854,.T.);
#1094=ORIENTED_EDGE('',*,*,#790,.T.);
#1095=ORIENTED_EDGE('',*,*,#851,.F.);
#1096=ORIENTED_EDGE('',*,*,#855,.T.);
#1097=ORIENTED_EDGE('',*,*,#856,.F.);
#1098=ORIENTED_EDGE('',*,*,#857,.F.);
#1099=ORIENTED_EDGE('',*,*,#792,.T.);
#1100=ORIENTED_EDGE('',*,*,#858,.F.);
#1101=ORIENTED_EDGE('',*,*,#855,.F.);
#1102=ORIENTED_EDGE('',*,*,#853,.F.);
#1103=ORIENTED_EDGE('',*,*,#840,.F.);
#1104=ORIENTED_EDGE('',*,*,#859,.T.);
#1105=ORIENTED_EDGE('',*,*,#819,.F.);
#1106=ORIENTED_EDGE('',*,*,#835,.F.);
#1107=ORIENTED_EDGE('',*,*,#854,.F.);
#1108=ORIENTED_EDGE('',*,*,#852,.F.);
#1109=ORIENTED_EDGE('',*,*,#849,.F.);
#1110=ORIENTED_EDGE('',*,*,#846,.F.);
#1111=ORIENTED_EDGE('',*,*,#843,.F.);
#1112=ORIENTED_EDGE('',*,*,#838,.F.);
#1113=ORIENTED_EDGE('',*,*,#836,.F.);
#1114=ORIENTED_EDGE('',*,*,#782,.F.);
#1115=ORIENTED_EDGE('',*,*,#799,.T.);
#1116=ORIENTED_EDGE('',*,*,#786,.T.);
#1117=ORIENTED_EDGE('',*,*,#860,.F.);
#1118=ORIENTED_EDGE('',*,*,#861,.T.);
#1119=ORIENTED_EDGE('',*,*,#862,.T.);
#1120=ORIENTED_EDGE('',*,*,#863,.F.);
#1121=ORIENTED_EDGE('',*,*,#864,.T.);
#1122=ORIENTED_EDGE('',*,*,#864,.F.);
#1123=ORIENTED_EDGE('',*,*,#865,.F.);
#1124=ORIENTED_EDGE('',*,*,#866,.T.);
#1125=ORIENTED_EDGE('',*,*,#867,.F.);
#1126=ORIENTED_EDGE('',*,*,#868,.T.);
#1127=ORIENTED_EDGE('',*,*,#865,.T.);
#1128=ORIENTED_EDGE('',*,*,#868,.F.);
#1129=ORIENTED_EDGE('',*,*,#866,.F.);
#1130=ORIENTED_EDGE('',*,*,#869,.T.);
#1131=ORIENTED_EDGE('',*,*,#863,.T.);
#1132=ORIENTED_EDGE('',*,*,#869,.F.);
#1133=ORIENTED_EDGE('',*,*,#870,.F.);
#1134=ORIENTED_EDGE('',*,*,#871,.T.);
#1135=ORIENTED_EDGE('',*,*,#871,.F.);
#1136=ORIENTED_EDGE('',*,*,#872,.F.);
#1137=ORIENTED_EDGE('',*,*,#873,.T.);
#1138=ORIENTED_EDGE('',*,*,#874,.F.);
#1139=ORIENTED_EDGE('',*,*,#875,.T.);
#1140=ORIENTED_EDGE('',*,*,#872,.T.);
#1141=ORIENTED_EDGE('',*,*,#875,.F.);
#1142=ORIENTED_EDGE('',*,*,#873,.F.);
#1143=ORIENTED_EDGE('',*,*,#876,.T.);
#1144=ORIENTED_EDGE('',*,*,#870,.T.);
#1145=ORIENTED_EDGE('',*,*,#876,.F.);
#1146=ORIENTED_EDGE('',*,*,#877,.T.);
#1147=ORIENTED_EDGE('',*,*,#878,.T.);
#1148=ORIENTED_EDGE('',*,*,#879,.T.);
#1149=ORIENTED_EDGE('',*,*,#878,.F.);
#1150=ORIENTED_EDGE('',*,*,#880,.F.);
#1151=ORIENTED_EDGE('',*,*,#881,.T.);
#1152=ORIENTED_EDGE('',*,*,#879,.F.);
#1153=ORIENTED_EDGE('',*,*,#881,.F.);
#1154=ORIENTED_EDGE('',*,*,#882,.T.);
#1155=ORIENTED_EDGE('',*,*,#883,.T.);
#1156=ORIENTED_EDGE('',*,*,#884,.F.);
#1157=ORIENTED_EDGE('',*,*,#885,.F.);
#1158=ORIENTED_EDGE('',*,*,#877,.F.);
#1159=ORIENTED_EDGE('',*,*,#880,.T.);
#1160=ORIENTED_EDGE('',*,*,#886,.F.);
#1161=ORIENTED_EDGE('',*,*,#887,.F.);
#1162=ORIENTED_EDGE('',*,*,#888,.F.);
#1163=ORIENTED_EDGE('',*,*,#889,.T.);
#1164=ORIENTED_EDGE('',*,*,#890,.F.);
#1165=ORIENTED_EDGE('',*,*,#891,.T.);
#1166=ORIENTED_EDGE('',*,*,#888,.T.);
#1167=ORIENTED_EDGE('',*,*,#891,.F.);
#1168=ORIENTED_EDGE('',*,*,#889,.F.);
#1169=ORIENTED_EDGE('',*,*,#892,.T.);
#1170=ORIENTED_EDGE('',*,*,#893,.F.);
#1171=ORIENTED_EDGE('',*,*,#894,.F.);
#1172=ORIENTED_EDGE('',*,*,#895,.F.);
#1173=ORIENTED_EDGE('',*,*,#887,.T.);
#1174=ORIENTED_EDGE('',*,*,#896,.F.);
#1175=ORIENTED_EDGE('',*,*,#897,.F.);
#1176=ORIENTED_EDGE('',*,*,#898,.F.);
#1177=ORIENTED_EDGE('',*,*,#892,.F.);
#1178=ORIENTED_EDGE('',*,*,#899,.F.);
#1179=ORIENTED_EDGE('',*,*,#900,.F.);
#1180=ORIENTED_EDGE('',*,*,#901,.F.);
#1181=ORIENTED_EDGE('',*,*,#902,.T.);
#1182=ORIENTED_EDGE('',*,*,#903,.F.);
#1183=ORIENTED_EDGE('',*,*,#904,.T.);
#1184=ORIENTED_EDGE('',*,*,#901,.T.);
#1185=ORIENTED_EDGE('',*,*,#904,.F.);
#1186=ORIENTED_EDGE('',*,*,#902,.F.);
#1187=ORIENTED_EDGE('',*,*,#905,.T.);
#1188=ORIENTED_EDGE('',*,*,#906,.F.);
#1189=ORIENTED_EDGE('',*,*,#907,.F.);
#1190=ORIENTED_EDGE('',*,*,#908,.F.);
#1191=ORIENTED_EDGE('',*,*,#900,.T.);
#1192=ORIENTED_EDGE('',*,*,#909,.F.);
#1193=ORIENTED_EDGE('',*,*,#910,.F.);
#1194=ORIENTED_EDGE('',*,*,#911,.F.);
#1195=ORIENTED_EDGE('',*,*,#905,.F.);
#1196=ORIENTED_EDGE('',*,*,#896,.T.);
#1197=ORIENTED_EDGE('',*,*,#886,.T.);
#1198=ORIENTED_EDGE('',*,*,#895,.T.);
#1199=ORIENTED_EDGE('',*,*,#912,.F.);
#1200=ORIENTED_EDGE('',*,*,#828,.F.);
#1201=ORIENTED_EDGE('',*,*,#913,.T.);
#1202=ORIENTED_EDGE('',*,*,#810,.F.);
#1203=ORIENTED_EDGE('',*,*,#914,.F.);
#1204=ORIENTED_EDGE('',*,*,#909,.T.);
#1205=ORIENTED_EDGE('',*,*,#899,.T.);
#1206=ORIENTED_EDGE('',*,*,#908,.T.);
#1207=ORIENTED_EDGE('',*,*,#915,.F.);
#1208=ORIENTED_EDGE('',*,*,#910,.T.);
#1209=ORIENTED_EDGE('',*,*,#914,.T.);
#1210=ORIENTED_EDGE('',*,*,#809,.F.);
#1211=ORIENTED_EDGE('',*,*,#916,.F.);
#1212=ORIENTED_EDGE('',*,*,#894,.T.);
#1213=ORIENTED_EDGE('',*,*,#917,.F.);
#1214=ORIENTED_EDGE('',*,*,#829,.F.);
#1215=ORIENTED_EDGE('',*,*,#912,.T.);
#1216=ORIENTED_EDGE('',*,*,#897,.T.);
#1217=ORIENTED_EDGE('',*,*,#915,.T.);
#1218=ORIENTED_EDGE('',*,*,#907,.T.);
#1219=ORIENTED_EDGE('',*,*,#918,.F.);
#1220=ORIENTED_EDGE('',*,*,#919,.F.);
#1221=ORIENTED_EDGE('',*,*,#920,.T.);
#1222=ORIENTED_EDGE('',*,*,#920,.F.);
#1223=ORIENTED_EDGE('',*,*,#921,.F.);
#1224=ORIENTED_EDGE('',*,*,#922,.T.);
#1225=ORIENTED_EDGE('',*,*,#815,.F.);
#1226=ORIENTED_EDGE('',*,*,#923,.T.);
#1227=ORIENTED_EDGE('',*,*,#921,.T.);
#1228=ORIENTED_EDGE('',*,*,#923,.F.);
#1229=ORIENTED_EDGE('',*,*,#922,.F.);
#1230=ORIENTED_EDGE('',*,*,#924,.T.);
#1231=ORIENTED_EDGE('',*,*,#919,.T.);
#1232=ORIENTED_EDGE('',*,*,#924,.F.);
#1233=ORIENTED_EDGE('',*,*,#925,.F.);
#1234=ORIENTED_EDGE('',*,*,#926,.T.);
#1235=ORIENTED_EDGE('',*,*,#926,.F.);
#1236=ORIENTED_EDGE('',*,*,#927,.F.);
#1237=ORIENTED_EDGE('',*,*,#928,.T.);
#1238=ORIENTED_EDGE('',*,*,#929,.F.);
#1239=ORIENTED_EDGE('',*,*,#930,.T.);
#1240=ORIENTED_EDGE('',*,*,#927,.T.);
#1241=ORIENTED_EDGE('',*,*,#930,.F.);
#1242=ORIENTED_EDGE('',*,*,#928,.F.);
#1243=ORIENTED_EDGE('',*,*,#931,.T.);
#1244=ORIENTED_EDGE('',*,*,#925,.T.);
#1245=ORIENTED_EDGE('',*,*,#931,.F.);
#1246=ORIENTED_EDGE('',*,*,#932,.F.);
#1247=ORIENTED_EDGE('',*,*,#933,.T.);
#1248=ORIENTED_EDGE('',*,*,#933,.F.);
#1249=ORIENTED_EDGE('',*,*,#934,.F.);
#1250=ORIENTED_EDGE('',*,*,#935,.T.);
#1251=ORIENTED_EDGE('',*,*,#814,.F.);
#1252=ORIENTED_EDGE('',*,*,#936,.T.);
#1253=ORIENTED_EDGE('',*,*,#934,.T.);
#1254=ORIENTED_EDGE('',*,*,#936,.F.);
#1255=ORIENTED_EDGE('',*,*,#935,.F.);
#1256=ORIENTED_EDGE('',*,*,#937,.T.);
#1257=ORIENTED_EDGE('',*,*,#932,.T.);
#1258=ORIENTED_EDGE('',*,*,#937,.F.);
#1259=ORIENTED_EDGE('',*,*,#822,.F.);
#1260=ORIENTED_EDGE('',*,*,#938,.T.);
#1261=ORIENTED_EDGE('',*,*,#939,.F.);
#1262=ORIENTED_EDGE('',*,*,#940,.F.);
#1263=ORIENTED_EDGE('',*,*,#823,.F.);
#1264=ORIENTED_EDGE('',*,*,#940,.T.);
#1265=ORIENTED_EDGE('',*,*,#941,.F.);
#1266=ORIENTED_EDGE('',*,*,#942,.F.);
#1267=ORIENTED_EDGE('',*,*,#824,.F.);
#1268=ORIENTED_EDGE('',*,*,#942,.T.);
#1269=ORIENTED_EDGE('',*,*,#943,.F.);
#1270=ORIENTED_EDGE('',*,*,#883,.F.);
#1271=ORIENTED_EDGE('',*,*,#944,.F.);
#1272=ORIENTED_EDGE('',*,*,#945,.T.);
#1273=ORIENTED_EDGE('',*,*,#885,.T.);
#1274=ORIENTED_EDGE('',*,*,#946,.F.);
#1275=ORIENTED_EDGE('',*,*,#947,.F.);
#1276=ORIENTED_EDGE('',*,*,#948,.T.);
#1277=ORIENTED_EDGE('',*,*,#949,.T.);
#1278=ORIENTED_EDGE('',*,*,#947,.T.);
#1279=ORIENTED_EDGE('',*,*,#950,.F.);
#1280=ORIENTED_EDGE('',*,*,#951,.F.);
#1281=ORIENTED_EDGE('',*,*,#821,.F.);
#1282=ORIENTED_EDGE('',*,*,#951,.T.);
#1283=ORIENTED_EDGE('',*,*,#952,.F.);
#1284=ORIENTED_EDGE('',*,*,#938,.F.);
#1285=ORIENTED_EDGE('',*,*,#867,.T.);
#1286=ORIENTED_EDGE('',*,*,#874,.T.);
#1287=ORIENTED_EDGE('',*,*,#952,.T.);
#1288=ORIENTED_EDGE('',*,*,#950,.T.);
#1289=ORIENTED_EDGE('',*,*,#946,.T.);
#1290=ORIENTED_EDGE('',*,*,#884,.T.);
#1291=ORIENTED_EDGE('',*,*,#943,.T.);
#1292=ORIENTED_EDGE('',*,*,#941,.T.);
#1293=ORIENTED_EDGE('',*,*,#939,.T.);
#1294=ORIENTED_EDGE('',*,*,#929,.T.);
#1295=ORIENTED_EDGE('',*,*,#953,.T.);
#1296=ORIENTED_EDGE('',*,*,#944,.T.);
#1297=ORIENTED_EDGE('',*,*,#882,.F.);
#1298=ORIENTED_EDGE('',*,*,#945,.F.);
#1299=ORIENTED_EDGE('',*,*,#949,.F.);
#1300=ORIENTED_EDGE('',*,*,#954,.T.);
#1301=ORIENTED_EDGE('',*,*,#827,.F.);
#1302=ORIENTED_EDGE('',*,*,#955,.T.);
#1303=ORIENTED_EDGE('',*,*,#811,.F.);
#1304=ORIENTED_EDGE('',*,*,#913,.F.);
#1305=ORIENTED_EDGE('',*,*,#893,.T.);
#1306=ORIENTED_EDGE('',*,*,#898,.T.);
#1307=ORIENTED_EDGE('',*,*,#918,.T.);
#1308=ORIENTED_EDGE('',*,*,#906,.T.);
#1309=ORIENTED_EDGE('',*,*,#911,.T.);
#1310=ORIENTED_EDGE('',*,*,#916,.T.);
#1311=ORIENTED_EDGE('',*,*,#808,.F.);
#1312=ORIENTED_EDGE('',*,*,#956,.F.);
#1313=ORIENTED_EDGE('',*,*,#830,.F.);
#1314=ORIENTED_EDGE('',*,*,#917,.T.);
#1315=ORIENTED_EDGE('',*,*,#831,.F.);
#1316=ORIENTED_EDGE('',*,*,#956,.T.);
#1317=ORIENTED_EDGE('',*,*,#807,.F.);
#1318=ORIENTED_EDGE('',*,*,#957,.F.);
#1319=ORIENTED_EDGE('',*,*,#832,.F.);
#1320=ORIENTED_EDGE('',*,*,#957,.T.);
#1321=ORIENTED_EDGE('',*,*,#806,.F.);
#1322=ORIENTED_EDGE('',*,*,#958,.F.);
#1323=ORIENTED_EDGE('',*,*,#890,.T.);
#1324=ORIENTED_EDGE('',*,*,#903,.T.);
#1325=ORIENTED_EDGE('',*,*,#833,.F.);
#1326=ORIENTED_EDGE('',*,*,#958,.T.);
#1327=ORIENTED_EDGE('',*,*,#805,.F.);
#1328=ORIENTED_EDGE('',*,*,#817,.F.);
#1329=ORIENTED_EDGE('',*,*,#959,.T.);
#1330=ORIENTED_EDGE('',*,*,#801,.T.);
#1331=ORIENTED_EDGE('',*,*,#813,.F.);
#1332=ORIENTED_EDGE('',*,*,#960,.F.);
#1333=ORIENTED_EDGE('',*,*,#826,.F.);
#1334=ORIENTED_EDGE('',*,*,#961,.T.);
#1335=ORIENTED_EDGE('',*,*,#960,.T.);
#1336=ORIENTED_EDGE('',*,*,#812,.F.);
#1337=ORIENTED_EDGE('',*,*,#955,.F.);
#1338=ORIENTED_EDGE('',*,*,#962,.T.);
#1339=ORIENTED_EDGE('',*,*,#802,.T.);
#1340=ORIENTED_EDGE('',*,*,#959,.F.);
#1341=ORIENTED_EDGE('',*,*,#961,.F.);
#1342=ORIENTED_EDGE('',*,*,#862,.F.);
#1343=ORIENTED_EDGE('',*,*,#963,.T.);
#1344=ORIENTED_EDGE('',*,*,#964,.F.);
#1345=ORIENTED_EDGE('',*,*,#963,.F.);
#1346=ORIENTED_EDGE('',*,*,#861,.F.);
#1347=ORIENTED_EDGE('',*,*,#965,.T.);
#1348=ORIENTED_EDGE('',*,*,#966,.F.);
#1349=ORIENTED_EDGE('',*,*,#965,.F.);
#1350=ORIENTED_EDGE('',*,*,#967,.F.);
#1351=ORIENTED_EDGE('',*,*,#968,.T.);
#1352=ORIENTED_EDGE('',*,*,#969,.T.);
#1353=ORIENTED_EDGE('',*,*,#970,.F.);
#1354=ORIENTED_EDGE('',*,*,#971,.F.);
#1355=ORIENTED_EDGE('',*,*,#972,.T.);
#1356=ORIENTED_EDGE('',*,*,#973,.T.);
#1357=ORIENTED_EDGE('',*,*,#968,.F.);
#1358=ORIENTED_EDGE('',*,*,#974,.F.);
#1359=ORIENTED_EDGE('',*,*,#975,.T.);
#1360=ORIENTED_EDGE('',*,*,#976,.T.);
#1361=ORIENTED_EDGE('',*,*,#972,.F.);
#1362=ORIENTED_EDGE('',*,*,#977,.F.);
#1363=ORIENTED_EDGE('',*,*,#978,.T.);
#1364=ORIENTED_EDGE('',*,*,#979,.T.);
#1365=ORIENTED_EDGE('',*,*,#975,.F.);
#1366=ORIENTED_EDGE('',*,*,#980,.F.);
#1367=ORIENTED_EDGE('',*,*,#981,.T.);
#1368=ORIENTED_EDGE('',*,*,#982,.T.);
#1369=ORIENTED_EDGE('',*,*,#978,.F.);
#1370=ORIENTED_EDGE('',*,*,#983,.F.);
#1371=ORIENTED_EDGE('',*,*,#970,.T.);
#1372=ORIENTED_EDGE('',*,*,#984,.T.);
#1373=ORIENTED_EDGE('',*,*,#981,.F.);
#1374=ORIENTED_EDGE('',*,*,#984,.F.);
#1375=ORIENTED_EDGE('',*,*,#969,.F.);
#1376=ORIENTED_EDGE('',*,*,#973,.F.);
#1377=ORIENTED_EDGE('',*,*,#976,.F.);
#1378=ORIENTED_EDGE('',*,*,#979,.F.);
#1379=ORIENTED_EDGE('',*,*,#982,.F.);
#1380=ORIENTED_EDGE('',*,*,#964,.T.);
#1381=ORIENTED_EDGE('',*,*,#966,.T.);
#1382=ORIENTED_EDGE('',*,*,#791,.T.);
#1383=ORIENTED_EDGE('',*,*,#788,.F.);
#1384=ORIENTED_EDGE('',*,*,#798,.F.);
#1385=ORIENTED_EDGE('',*,*,#803,.T.);
#1386=ORIENTED_EDGE('',*,*,#985,.T.);
#1387=ORIENTED_EDGE('',*,*,#856,.T.);
#1388=ORIENTED_EDGE('',*,*,#858,.T.);
#1389=ORIENTED_EDGE('',*,*,#967,.T.);
#1390=ORIENTED_EDGE('',*,*,#983,.T.);
#1391=ORIENTED_EDGE('',*,*,#980,.T.);
#1392=ORIENTED_EDGE('',*,*,#977,.T.);
#1393=ORIENTED_EDGE('',*,*,#974,.T.);
#1394=ORIENTED_EDGE('',*,*,#971,.T.);
#1395=ORIENTED_EDGE('',*,*,#860,.T.);
#1396=ORIENTED_EDGE('',*,*,#986,.T.);
#1397=ORIENTED_EDGE('',*,*,#987,.T.);
#1398=ORIENTED_EDGE('',*,*,#986,.F.);
#1399=ORIENTED_EDGE('',*,*,#988,.F.);
#1400=ORIENTED_EDGE('',*,*,#989,.T.);
#1401=ORIENTED_EDGE('',*,*,#987,.F.);
#1402=ORIENTED_EDGE('',*,*,#989,.F.);
#1403=ORIENTED_EDGE('',*,*,#988,.T.);
#1404=ORIENTED_EDGE('',*,*,#848,.F.);
#1405=ORIENTED_EDGE('',*,*,#857,.T.);
#1406=ORIENTED_EDGE('',*,*,#985,.F.);
#1407=ORIENTED_EDGE('',*,*,#962,.F.);
#1408=ORIENTED_EDGE('',*,*,#825,.F.);
#1409=ORIENTED_EDGE('',*,*,#953,.F.);
#1410=ORIENTED_EDGE('',*,*,#990,.F.);
#1411=ORIENTED_EDGE('',*,*,#845,.F.);
#1412=ORIENTED_EDGE('',*,*,#990,.T.);
#1413=ORIENTED_EDGE('',*,*,#954,.F.);
#1414=ORIENTED_EDGE('',*,*,#991,.F.);
#1415=ORIENTED_EDGE('',*,*,#842,.F.);
#1416=ORIENTED_EDGE('',*,*,#991,.T.);
#1417=ORIENTED_EDGE('',*,*,#948,.F.);
#1418=ORIENTED_EDGE('',*,*,#820,.F.);
#1419=ORIENTED_EDGE('',*,*,#859,.F.);
#1420=CYLINDRICAL_SURFACE('',#1556,5.);
#1421=CYLINDRICAL_SURFACE('',#1561,5.);
#1422=CYLINDRICAL_SURFACE('',#1581,2.5);
#1423=CYLINDRICAL_SURFACE('',#1587,2.5);
#1424=CYLINDRICAL_SURFACE('',#1593,2.5);
#1425=CYLINDRICAL_SURFACE('',#1599,2.5);
#1426=CYLINDRICAL_SURFACE('',#1600,25.);
#1427=CYLINDRICAL_SURFACE('',#1603,9.99999592134804);
#1428=CYLINDRICAL_SURFACE('',#1613,3.15);
#1429=CYLINDRICAL_SURFACE('',#1615,2.083);
#1430=CYLINDRICAL_SURFACE('',#1621,3.15);
#1431=CYLINDRICAL_SURFACE('',#1623,2.083);
#1432=CYLINDRICAL_SURFACE('',#1627,4.95);
#1433=CYLINDRICAL_SURFACE('',#1636,3.15);
#1434=CYLINDRICAL_SURFACE('',#1638,2.083);
#1435=CYLINDRICAL_SURFACE('',#1646,3.15);
#1436=CYLINDRICAL_SURFACE('',#1648,2.083);
#1437=CYLINDRICAL_SURFACE('',#1651,3.00000000000001);
#1438=CYLINDRICAL_SURFACE('',#1660,1.75);
#1439=CYLINDRICAL_SURFACE('',#1661,1.25);
#1440=CYLINDRICAL_SURFACE('',#1667,1.75);
#1441=CYLINDRICAL_SURFACE('',#1669,1.25);
#1442=CYLINDRICAL_SURFACE('',#1675,1.75);
#1443=CYLINDRICAL_SURFACE('',#1676,1.25);
#1444=CYLINDRICAL_SURFACE('',#1680,9.99999592134804);
#1445=CYLINDRICAL_SURFACE('',#1688,5.00000000000012);
#1446=CYLINDRICAL_SURFACE('',#1692,1.);
#1447=CYLINDRICAL_SURFACE('',#1696,1.55);
#1448=CYLINDRICAL_SURFACE('',#1698,1.55);
#1449=CYLINDRICAL_SURFACE('',#1701,8.5);
#1450=CYLINDRICAL_SURFACE('',#1706,4.);
#1451=CYLINDRICAL_SURFACE('',#1714,4.95);
#1452=CYLINDRICAL_SURFACE('',#1718,10.);
#1453=ADVANCED_FACE('',(#94),#1420,.F.);
#1454=ADVANCED_FACE('',(#95),#48,.F.);
#1455=ADVANCED_FACE('',(#96),#1421,.F.);
#1456=ADVANCED_FACE('',(#97),#49,.F.);
#1457=ADVANCED_FACE('',(#98),#50,.F.);
#1458=ADVANCED_FACE('',(#99),#51,.T.);
#1459=ADVANCED_FACE('',(#100,#25,#26),#52,.T.);
#1460=ADVANCED_FACE('',(#101),#53,.T.);
#1461=ADVANCED_FACE('',(#102),#54,.T.);
#1462=ADVANCED_FACE('',(#103),#55,.T.);
#1463=ADVANCED_FACE('',(#104),#1422,.T.);
#1464=ADVANCED_FACE('',(#105),#22,.T.);
#1465=ADVANCED_FACE('',(#106),#1423,.T.);
#1466=ADVANCED_FACE('',(#107),#23,.T.);
#1467=ADVANCED_FACE('',(#108),#1424,.T.);
#1468=ADVANCED_FACE('',(#109),#24,.T.);
#1469=ADVANCED_FACE('',(#110),#1425,.T.);
#1470=ADVANCED_FACE('',(#111),#1426,.T.);
#1471=ADVANCED_FACE('',(#112),#56,.T.);
#1472=ADVANCED_FACE('',(#113),#1427,.T.);
#1473=ADVANCED_FACE('',(#114,#27,#28,#29),#57,.F.);
#1474=ADVANCED_FACE('',(#115),#15,.F.);
#1475=ADVANCED_FACE('',(#116,#30),#58,.F.);
#1476=ADVANCED_FACE('',(#117),#1428,.F.);
#1477=ADVANCED_FACE('',(#118),#1429,.F.);
#1478=ADVANCED_FACE('',(#119),#16,.F.);
#1479=ADVANCED_FACE('',(#120,#31),#59,.F.);
#1480=ADVANCED_FACE('',(#121),#1430,.F.);
#1481=ADVANCED_FACE('',(#122),#1431,.F.);
#1482=ADVANCED_FACE('',(#123),#17,.T.);
#1483=ADVANCED_FACE('',(#124),#1432,.T.);
#1484=ADVANCED_FACE('',(#125,#32),#60,.T.);
#1485=ADVANCED_FACE('',(#126),#61,.T.);
#1486=ADVANCED_FACE('',(#127),#62,.F.);
#1487=ADVANCED_FACE('',(#128,#33),#63,.F.);
#1488=ADVANCED_FACE('',(#129),#1433,.F.);
#1489=ADVANCED_FACE('',(#130),#1434,.F.);
#1490=ADVANCED_FACE('',(#131),#64,.F.);
#1491=ADVANCED_FACE('',(#132,#34),#65,.F.);
#1492=ADVANCED_FACE('',(#133),#1435,.F.);
#1493=ADVANCED_FACE('',(#134),#1436,.F.);
#1494=ADVANCED_FACE('',(#135),#1437,.T.);
#1495=ADVANCED_FACE('',(#136),#66,.T.);
#1496=ADVANCED_FACE('',(#137),#67,.T.);
#1497=ADVANCED_FACE('',(#138),#68,.T.);
#1498=ADVANCED_FACE('',(#139),#18,.F.);
#1499=ADVANCED_FACE('',(#140,#35),#69,.F.);
#1500=ADVANCED_FACE('',(#141),#1438,.F.);
#1501=ADVANCED_FACE('',(#142),#1439,.F.);
#1502=ADVANCED_FACE('',(#143),#19,.F.);
#1503=ADVANCED_FACE('',(#144,#36),#70,.F.);
#1504=ADVANCED_FACE('',(#145),#1440,.F.);
#1505=ADVANCED_FACE('',(#146),#1441,.F.);
#1506=ADVANCED_FACE('',(#147),#20,.F.);
#1507=ADVANCED_FACE('',(#148,#37),#71,.F.);
#1508=ADVANCED_FACE('',(#149),#1442,.F.);
#1509=ADVANCED_FACE('',(#150),#1443,.F.);
#1510=ADVANCED_FACE('',(#151),#72,.T.);
#1511=ADVANCED_FACE('',(#152),#73,.T.);
#1512=ADVANCED_FACE('',(#153),#74,.T.);
#1513=ADVANCED_FACE('',(#154),#1444,.T.);
#1514=ADVANCED_FACE('',(#155),#75,.T.);
#1515=ADVANCED_FACE('',(#156,#38,#39),#76,.T.);
#1516=ADVANCED_FACE('',(#157,#40),#77,.T.);
#1517=ADVANCED_FACE('',(#158),#78,.F.);
#1518=ADVANCED_FACE('',(#159),#1445,.F.);
#1519=ADVANCED_FACE('',(#160),#79,.T.);
#1520=ADVANCED_FACE('',(#161),#80,.T.);
#1521=ADVANCED_FACE('',(#162,#41,#42),#81,.T.);
#1522=ADVANCED_FACE('',(#163),#1446,.F.);
#1523=ADVANCED_FACE('',(#164),#82,.T.);
#1524=ADVANCED_FACE('',(#165),#83,.T.);
#1525=ADVANCED_FACE('',(#166),#84,.F.);
#1526=ADVANCED_FACE('',(#167),#1447,.F.);
#1527=ADVANCED_FACE('',(#168),#1448,.F.);
#1528=ADVANCED_FACE('',(#169),#85,.F.);
#1529=ADVANCED_FACE('',(#170),#1449,.F.);
#1530=ADVANCED_FACE('',(#171),#86,.F.);
#1531=ADVANCED_FACE('',(#172),#87,.F.);
#1532=ADVANCED_FACE('',(#173),#1450,.F.);
#1533=ADVANCED_FACE('',(#174),#88,.F.);
#1534=ADVANCED_FACE('',(#175,#43,#44),#89,.T.);
#1535=ADVANCED_FACE('',(#176,#45),#90,.T.);
#1536=ADVANCED_FACE('',(#177),#21,.T.);
#1537=ADVANCED_FACE('',(#178),#1451,.T.);
#1538=ADVANCED_FACE('',(#179),#91,.T.);
#1539=ADVANCED_FACE('',(#180),#92,.T.);
#1540=ADVANCED_FACE('',(#181),#1452,.T.);
#1541=ADVANCED_FACE('',(#182),#93,.T.);
#1542=CLOSED_SHELL('',(#1453,#1454,#1455,#1456,#1457,#1458,#1459,#1460,
#1461,#1462,#1463,#1464,#1465,#1466,#1467,#1468,#1469,#1470,#1471,#1472,
#1473,#1474,#1475,#1476,#1477,#1478,#1479,#1480,#1481,#1482,#1483,#1484,
#1485,#1486,#1487,#1488,#1489,#1490,#1491,#1492,#1493,#1494,#1495,#1496,
#1497,#1498,#1499,#1500,#1501,#1502,#1503,#1504,#1505,#1506,#1507,#1508,
#1509,#1510,#1511,#1512,#1513,#1514,#1515,#1516,#1517,#1518,#1519,#1520,
#1521,#1522,#1523,#1524,#1525,#1526,#1527,#1528,#1529,#1530,#1531,#1532,
#1533,#1534,#1535,#1536,#1537,#1538,#1539,#1540,#1541));
#1543=DERIVED_UNIT_ELEMENT(#1545,1.);
#1544=DERIVED_UNIT_ELEMENT(#2676,-3.);
#1545=(
MASS_UNIT()
NAMED_UNIT(*)
SI_UNIT(.KILO.,.GRAM.)
);
#1546=DERIVED_UNIT((#1543,#1544));
#1547=MEASURE_REPRESENTATION_ITEM('density measure',
POSITIVE_RATIO_MEASURE(7850.),#1546);
#1548=PROPERTY_DEFINITION_REPRESENTATION(#1553,#1550);
#1549=PROPERTY_DEFINITION_REPRESENTATION(#1554,#1551);
#1550=REPRESENTATION('material name',(#1552),#2673);
#1551=REPRESENTATION('density',(#1547),#2673);
#1552=DESCRIPTIVE_REPRESENTATION_ITEM('Steel','Steel');
#1553=PROPERTY_DEFINITION('material property','material name',#2683);
#1554=PROPERTY_DEFINITION('material property','density of part',#2683);
#1555=AXIS2_PLACEMENT_3D('',#2183,#1720,#1721);
#1556=AXIS2_PLACEMENT_3D('',#2184,#1722,#1723);
#1557=AXIS2_PLACEMENT_3D('',#2198,#1725,#1726);
#1558=AXIS2_PLACEMENT_3D('',#2201,#1728,#1729);
#1559=AXIS2_PLACEMENT_3D('',#2202,#1730,#1731);
#1560=AXIS2_PLACEMENT_3D('',#2204,#1732,#1733);
#1561=AXIS2_PLACEMENT_3D('',#2208,#1736,#1737);
#1562=AXIS2_PLACEMENT_3D('',#2211,#1738,#1739);
#1563=AXIS2_PLACEMENT_3D('',#2215,#1741,#1742);
#1564=AXIS2_PLACEMENT_3D('',#2228,#1744,#1745);
#1565=AXIS2_PLACEMENT_3D('',#2233,#1748,#1749);
#1566=AXIS2_PLACEMENT_3D('',#2234,#1750,#1751);
#1567=AXIS2_PLACEMENT_3D('',#2245,#1758,#1759);
#1568=AXIS2_PLACEMENT_3D('',#2253,#1764,#1765);
#1569=AXIS2_PLACEMENT_3D('',#2257,#1767,#1768);
#1570=AXIS2_PLACEMENT_3D('',#2267,#1773,#1774);
#1571=AXIS2_PLACEMENT_3D('',#2269,#1775,#1776);
#1572=AXIS2_PLACEMENT_3D('',#2274,#1779,#1780);
#1573=AXIS2_PLACEMENT_3D('',#2276,#1781,#1782);
#1574=AXIS2_PLACEMENT_3D('',#2277,#1783,#1784);
#1575=AXIS2_PLACEMENT_3D('',#2281,#1787,#1788);
#1576=AXIS2_PLACEMENT_3D('',#2285,#1790,#1791);
#1577=AXIS2_PLACEMENT_3D('',#2301,#1799,#1800);
#1578=AXIS2_PLACEMENT_3D('',#2303,#1801,#1802);
#1579=AXIS2_PLACEMENT_3D('',#2312,#1807,#1808);
#1580=AXIS2_PLACEMENT_3D('',#2313,#1809,#1810);
#1581=AXIS2_PLACEMENT_3D('',#2317,#1813,#1814);
#1582=AXIS2_PLACEMENT_3D('',#2320,#1816,#1817);
#1583=AXIS2_PLACEMENT_3D('',#2321,#1818,#1819);
#1584=AXIS2_PLACEMENT_3D('',#2323,#1820,#1821);
#1585=AXIS2_PLACEMENT_3D('',#2325,#1822,#1823);
#1586=AXIS2_PLACEMENT_3D('',#2326,#1824,#1825);
#1587=AXIS2_PLACEMENT_3D('',#2327,#1826,#1827);
#1588=AXIS2_PLACEMENT_3D('',#2330,#1828,#1829);
#1589=AXIS2_PLACEMENT_3D('',#2333,#1832,#1833);
#1590=AXIS2_PLACEMENT_3D('',#2336,#1834,#1835);
#1591=AXIS2_PLACEMENT_3D('',#2337,#1836,#1837);
#1592=AXIS2_PLACEMENT_3D('',#2338,#1838,#1839);
#1593=AXIS2_PLACEMENT_3D('',#2339,#1840,#1841);
#1594=AXIS2_PLACEMENT_3D('',#2342,#1842,#1843);
#1595=AXIS2_PLACEMENT_3D('',#2345,#1846,#1847);
#1596=AXIS2_PLACEMENT_3D('',#2348,#1848,#1849);
#1597=AXIS2_PLACEMENT_3D('',#2349,#1850,#1851);
#1598=AXIS2_PLACEMENT_3D('',#2350,#1852,#1853);
#1599=AXIS2_PLACEMENT_3D('',#2351,#1854,#1855);
#1600=AXIS2_PLACEMENT_3D('',#2354,#1858,#1859);
#1601=AXIS2_PLACEMENT_3D('',#2358,#1861,#1862);
#1602=AXIS2_PLACEMENT_3D('',#2360,#1864,#1865);
#1603=AXIS2_PLACEMENT_3D('',#2362,#1867,#1868);
#1604=AXIS2_PLACEMENT_3D('',#2364,#1870,#1871);
#1605=AXIS2_PLACEMENT_3D('',#2366,#1872,#1873);
#1606=AXIS2_PLACEMENT_3D('',#2368,#1874,#1875);
#1607=AXIS2_PLACEMENT_3D('',#2370,#1876,#1877);
#1608=AXIS2_PLACEMENT_3D('',#2371,#1878,#1879);
#1609=AXIS2_PLACEMENT_3D('',#2373,#1880,#1881);
#1610=AXIS2_PLACEMENT_3D('',#2376,#1883,#1884);
#1611=AXIS2_PLACEMENT_3D('',#2378,#1885,#1886);
#1612=AXIS2_PLACEMENT_3D('',#2380,#1887,#1888);
#1613=AXIS2_PLACEMENT_3D('',#2381,#1889,#1890);
#1614=AXIS2_PLACEMENT_3D('',#2383,#1891,#1892);
#1615=AXIS2_PLACEMENT_3D('',#2385,#1894,#1895);
#1616=AXIS2_PLACEMENT_3D('',#2387,#1897,#1898);
#1617=AXIS2_PLACEMENT_3D('',#2389,#1899,#1900);
#1618=AXIS2_PLACEMENT_3D('',#2392,#1902,#1903);
#1619=AXIS2_PLACEMENT_3D('',#2394,#1904,#1905);
#1620=AXIS2_PLACEMENT_3D('',#2396,#1906,#1907);
#1621=AXIS2_PLACEMENT_3D('',#2397,#1908,#1909);
#1622=AXIS2_PLACEMENT_3D('',#2399,#1910,#1911);
#1623=AXIS2_PLACEMENT_3D('',#2401,#1913,#1914);
#1624=AXIS2_PLACEMENT_3D('',#2403,#1916,#1917);
#1625=AXIS2_PLACEMENT_3D('',#2405,#1918,#1919);
#1626=AXIS2_PLACEMENT_3D('',#2408,#1921,#1922);
#1627=AXIS2_PLACEMENT_3D('',#2409,#1923,#1924);
#1628=AXIS2_PLACEMENT_3D('',#2411,#1925,#1926);
#1629=AXIS2_PLACEMENT_3D('',#2413,#1928,#1929);
#1630=AXIS2_PLACEMENT_3D('',#2422,#1934,#1935);
#1631=AXIS2_PLACEMENT_3D('',#2423,#1936,#1937);
#1632=AXIS2_PLACEMENT_3D('',#2427,#1939,#1940);
#1633=AXIS2_PLACEMENT_3D('',#2428,#1941,#1942);
#1634=AXIS2_PLACEMENT_3D('',#2430,#1943,#1944);
#1635=AXIS2_PLACEMENT_3D('',#2432,#1945,#1946);
#1636=AXIS2_PLACEMENT_3D('',#2433,#1947,#1948);
#1637=AXIS2_PLACEMENT_3D('',#2435,#1949,#1950);
#1638=AXIS2_PLACEMENT_3D('',#2437,#1952,#1953);
#1639=AXIS2_PLACEMENT_3D('',#2441,#1955,#1956);
#1640=AXIS2_PLACEMENT_3D('',#2463,#1959,#1960);
#1641=AXIS2_PLACEMENT_3D('',#2464,#1961,#1962);
#1642=AXIS2_PLACEMENT_3D('',#2468,#1964,#1965);
#1643=AXIS2_PLACEMENT_3D('',#2469,#1966,#1967);
#1644=AXIS2_PLACEMENT_3D('',#2471,#1968,#1969);
#1645=AXIS2_PLACEMENT_3D('',#2473,#1970,#1971);
#1646=AXIS2_PLACEMENT_3D('',#2474,#1972,#1973);
#1647=AXIS2_PLACEMENT_3D('',#2476,#1974,#1975);
#1648=AXIS2_PLACEMENT_3D('',#2478,#1977,#1978);
#1649=AXIS2_PLACEMENT_3D('',#2482,#1980,#1981);
#1650=AXIS2_PLACEMENT_3D('',#2504,#1984,#1985);
#1651=AXIS2_PLACEMENT_3D('',#2505,#1986,#1987);
#1652=AXIS2_PLACEMENT_3D('',#2510,#1992,#1993);
#1653=AXIS2_PLACEMENT_3D('',#2512,#1995,#1996);
#1654=AXIS2_PLACEMENT_3D('',#2514,#1998,#1999);
#1655=AXIS2_PLACEMENT_3D('',#2516,#2001,#2002);
#1656=AXIS2_PLACEMENT_3D('',#2518,#2003,#2004);
#1657=AXIS2_PLACEMENT_3D('',#2521,#2006,#2007);
#1658=AXIS2_PLACEMENT_3D('',#2523,#2008,#2009);
#1659=AXIS2_PLACEMENT_3D('',#2525,#2010,#2011);
#1660=AXIS2_PLACEMENT_3D('',#2526,#2012,#2013);
#1661=AXIS2_PLACEMENT_3D('',#2528,#2015,#2016);
#1662=AXIS2_PLACEMENT_3D('',#2530,#2018,#2019);
#1663=AXIS2_PLACEMENT_3D('',#2532,#2020,#2021);
#1664=AXIS2_PLACEMENT_3D('',#2535,#2023,#2024);
#1665=AXIS2_PLACEMENT_3D('',#2537,#2025,#2026);
#1666=AXIS2_PLACEMENT_3D('',#2539,#2027,#2028);
#1667=AXIS2_PLACEMENT_3D('',#2540,#2029,#2030);
#1668=AXIS2_PLACEMENT_3D('',#2542,#2031,#2032);
#1669=AXIS2_PLACEMENT_3D('',#2544,#2034,#2035);
#1670=AXIS2_PLACEMENT_3D('',#2546,#2037,#2038);
#1671=AXIS2_PLACEMENT_3D('',#2548,#2039,#2040);
#1672=AXIS2_PLACEMENT_3D('',#2551,#2042,#2043);
#1673=AXIS2_PLACEMENT_3D('',#2553,#2044,#2045);
#1674=AXIS2_PLACEMENT_3D('',#2555,#2046,#2047);
#1675=AXIS2_PLACEMENT_3D('',#2556,#2048,#2049);
#1676=AXIS2_PLACEMENT_3D('',#2558,#2051,#2052);
#1677=AXIS2_PLACEMENT_3D('',#2560,#2054,#2055);
#1678=AXIS2_PLACEMENT_3D('',#2566,#2059,#2060);
#1679=AXIS2_PLACEMENT_3D('',#2570,#2063,#2064);
#1680=AXIS2_PLACEMENT_3D('',#2573,#2067,#2068);
#1681=AXIS2_PLACEMENT_3D('',#2575,#2069,#2070);
#1682=AXIS2_PLACEMENT_3D('',#2577,#2071,#2072);
#1683=AXIS2_PLACEMENT_3D('',#2579,#2074,#2075);
#1684=AXIS2_PLACEMENT_3D('',#2586,#2080,#2081);
#1685=AXIS2_PLACEMENT_3D('',#2588,#2083,#2084);
#1686=AXIS2_PLACEMENT_3D('',#2589,#2085,#2086);
#1687=AXIS2_PLACEMENT_3D('',#2592,#2088,#2089);
#1688=AXIS2_PLACEMENT_3D('',#2593,#2090,#2091);
#1689=AXIS2_PLACEMENT_3D('',#2595,#2093,#2094);
#1690=AXIS2_PLACEMENT_3D('',#2597,#2096,#2097);
#1691=AXIS2_PLACEMENT_3D('',#2599,#2099,#2100);
#1692=AXIS2_PLACEMENT_3D('',#2601,#2102,#2103);
#1693=AXIS2_PLACEMENT_3D('',#2602,#2104,#2105);
#1694=AXIS2_PLACEMENT_3D('',#2606,#2108,#2109);
#1695=AXIS2_PLACEMENT_3D('',#2608,#2111,#2112);
#1696=AXIS2_PLACEMENT_3D('',#2610,#2114,#2115);
#1697=AXIS2_PLACEMENT_3D('',#2613,#2117,#2118);
#1698=AXIS2_PLACEMENT_3D('',#2614,#2119,#2120);
#1699=AXIS2_PLACEMENT_3D('',#2617,#2122,#2123);
#1700=AXIS2_PLACEMENT_3D('',#2618,#2124,#2125);
#1701=AXIS2_PLACEMENT_3D('',#2627,#2130,#2131);
#1702=AXIS2_PLACEMENT_3D('',#2629,#2132,#2133);
#1703=AXIS2_PLACEMENT_3D('',#2632,#2135,#2136);
#1704=AXIS2_PLACEMENT_3D('',#2633,#2137,#2138);
#1705=AXIS2_PLACEMENT_3D('',#2639,#2142,#2143);
#1706=AXIS2_PLACEMENT_3D('',#2645,#2147,#2148);
#1707=AXIS2_PLACEMENT_3D('',#2647,#2149,#2150);
#1708=AXIS2_PLACEMENT_3D('',#2650,#2152,#2153);
#1709=AXIS2_PLACEMENT_3D('',#2651,#2154,#2155);
#1710=AXIS2_PLACEMENT_3D('',#2654,#2158,#2159);
#1711=AXIS2_PLACEMENT_3D('',#2655,#2160,#2161);
#1712=AXIS2_PLACEMENT_3D('',#2657,#2163,#2164);
#1713=AXIS2_PLACEMENT_3D('',#2660,#2166,#2167);
#1714=AXIS2_PLACEMENT_3D('',#2661,#2168,#2169);
#1715=AXIS2_PLACEMENT_3D('',#2663,#2170,#2171);
#1716=AXIS2_PLACEMENT_3D('',#2665,#2173,#2174);
#1717=AXIS2_PLACEMENT_3D('',#2666,#2175,#2176);
#1718=AXIS2_PLACEMENT_3D('',#2668,#2178,#2179);
#1719=AXIS2_PLACEMENT_3D('',#2670,#2181,#2182);
#1720=DIRECTION('axis',(0.,0.,1.));
#1721=DIRECTION('refdir',(1.,0.,0.));
#1722=DIRECTION('center_axis',(5.50271972229324E-15,5.85708896444845E-17,
1.));
#1723=DIRECTION('ref_axis',(-0.708779713869786,0.705429881141042,3.76822190084106E-15));
#1724=DIRECTION('',(5.50271972229324E-15,5.85708896444845E-17,1.));
#1725=DIRECTION('center_axis',(0.,0.,1.));
#1726=DIRECTION('ref_axis',(-0.708779713869786,0.705429881141042,3.76822190084106E-15));
#1727=DIRECTION('',(-5.50271972229324E-15,-5.85708896444845E-17,-1.));
#1728=DIRECTION('center_axis',(0.,0.,-1.));
#1729=DIRECTION('ref_axis',(-0.708779713869786,0.705429881141042,3.76822190084106E-15));
#1730=DIRECTION('center_axis',(-0.00236868943833624,0.999997194651237,-4.55364912443912E-17));
#1731=DIRECTION('ref_axis',(0.,4.55366189904889E-17,1.));
#1732=DIRECTION('center_axis',(-0.00236868943833624,0.999997194651237,-4.55364912443912E-17));
#1733=DIRECTION('ref_axis',(0.999997194651237,0.00236868943833623,0.));
#1734=DIRECTION('',(1.04997489949458E-32,-4.55366189904889E-17,-1.));
#1735=DIRECTION('',(0.999997194651237,0.00236868943833624,0.));
#1736=DIRECTION('center_axis',(5.50272021564447E-15,5.83626099777083E-17,
1.));
#1737=DIRECTION('ref_axis',(-0.705429881141041,-0.708779713869786,3.76822190084106E-15));
#1738=DIRECTION('center_axis',(0.,0.,-1.));
#1739=DIRECTION('ref_axis',(-0.705429881141041,-0.708779713869786,3.76822190084106E-15));
#1740=DIRECTION('',(5.50272021564447E-15,5.83626099777083E-17,1.));
#1741=DIRECTION('center_axis',(0.,0.,1.));
#1742=DIRECTION('ref_axis',(-0.705429881141041,-0.708779713869786,3.76822190084106E-15));
#1743=DIRECTION('',(-5.50272021564447E-15,-5.83626099777083E-17,-1.));
#1744=DIRECTION('center_axis',(0.00236868943833627,-0.999997194651237,4.53282109933161E-17));
#1745=DIRECTION('ref_axis',(-0.999997194651237,-0.00236868943833627,8.28588350234889E-15));
#1746=DIRECTION('',(-0.999997194651237,-0.00236868943833627,0.));
#1747=DIRECTION('',(-1.04517239869328E-32,4.53283381551135E-17,1.));
#1748=DIRECTION('center_axis',(0.00236868943833627,-0.999997194651237,4.53282109933161E-17));
#1749=DIRECTION('ref_axis',(0.999997194651237,0.00236868943833627,0.));
#1750=DIRECTION('center_axis',(-0.999997194651237,-0.00236868943833624,
5.50284302149297E-15));
#1751=DIRECTION('ref_axis',(5.50272021564447E-15,5.83626099777083E-17,1.));
#1752=DIRECTION('',(-0.00236868943833624,0.999997194651237,0.));
#1753=DIRECTION('',(-5.50285845893014E-15,5.64952269934419E-32,-1.));
#1754=DIRECTION('',(-0.00236868943833624,0.999997194651237,1.95996345520441E-17));
#1755=DIRECTION('',(5.50287408445632E-15,-6.59667835200053E-18,1.));
#1756=DIRECTION('',(-0.00236868943833624,0.999997194651237,0.));
#1757=DIRECTION('',(0.00236868943833624,-0.999997194651237,0.));
#1758=DIRECTION('center_axis',(0.00236868943833624,-0.999997194651237,-1.96312595703629E-17));
#1759=DIRECTION('ref_axis',(0.999997194651237,0.00236868943833624,-8.28588350234887E-15));
#1760=DIRECTION('',(0.999997194651237,0.00236868943833624,-8.28588350234887E-15));
#1761=DIRECTION('',(8.28781487882679E-15,0.,1.));
#1762=DIRECTION('',(-0.999997194651237,-0.00236868943833624,8.28588350234887E-15));
#1763=DIRECTION('',(-0.999997194651237,-0.00236868943833624,0.));
#1764=DIRECTION('center_axis',(8.2859066830032E-15,2.71051710646495E-20,
1.));
#1765=DIRECTION('ref_axis',(-1.,-2.02858567515891E-17,8.2859066830032E-15));
#1766=DIRECTION('',(-1.,-2.02858567515891E-17,8.2859066830032E-15));
#1767=DIRECTION('center_axis',(-8.2859066830032E-15,-2.71051710646495E-20,
-1.));
#1768=DIRECTION('ref_axis',(-1.,-2.02858567515891E-17,8.2859066830032E-15));
#1769=DIRECTION('',(-2.02858567496466E-17,1.,-2.71051710644814E-20));
#1770=DIRECTION('',(-1.,-2.02858567515891E-17,8.2859066830032E-15));
#1771=DIRECTION('',(-5.96452871316443E-16,-1.,2.71051710695916E-20));
#1772=DIRECTION('',(-1.,-2.73275842850403E-14,8.2859066830032E-15));
#1773=DIRECTION('center_axis',(8.2859066830032E-15,2.71051710646495E-20,
1.));
#1774=DIRECTION('ref_axis',(8.86149834024964E-15,1.,-2.7105171138075E-20));
#1775=DIRECTION('center_axis',(-8.2859066830032E-15,-2.71051710646495E-20,
-1.));
#1776=DIRECTION('ref_axis',(-1.07449302926961E-13,-1.,2.71051719549644E-20));
#1777=DIRECTION('',(-1.,-2.65402848296423E-14,8.2859066830032E-15));
#1778=DIRECTION('',(2.02858567515891E-17,-1.,2.71051710644814E-20));
#1779=DIRECTION('center_axis',(-8.2859066830032E-15,-2.71051710646495E-20,
-1.));
#1780=DIRECTION('ref_axis',(1.,2.02858567515891E-17,-8.67361738014098E-19));
#1781=DIRECTION('center_axis',(-8.2859066830032E-15,-2.71051710646495E-20,
-1.));
#1782=DIRECTION('ref_axis',(1.,2.02858567515891E-17,-8.67361738014098E-19));
#1783=DIRECTION('center_axis',(-2.02858567515891E-17,1.,1.68125425415569E-31));
#1784=DIRECTION('ref_axis',(-1.,-2.02858567515891E-17,8.2859066830032E-15));
#1785=DIRECTION('',(1.,2.02858567515891E-17,0.));
#1786=DIRECTION('',(8.28781487882679E-15,0.,1.));
#1787=DIRECTION('center_axis',(0.,0.,1.));
#1788=DIRECTION('ref_axis',(1.,0.,0.));
#1789=DIRECTION('',(-2.30578141893644E-16,1.,0.));
#1790=DIRECTION('center_axis',(0.,0.,1.));
#1791=DIRECTION('ref_axis',(1.,0.,0.));
#1792=DIRECTION('',(-1.,-1.16479747425512E-8,0.));
#1793=DIRECTION('',(-1.16817280047446E-14,-1.,0.));
#1794=DIRECTION('',(-1.,-2.02858567515891E-17,0.));
#1795=DIRECTION('',(-2.7014588142289E-16,-1.,0.));
#1796=DIRECTION('',(-1.,-2.02858567515891E-17,0.));
#1797=DIRECTION('',(-2.00672890760144E-8,-1.,0.));
#1798=DIRECTION('',(1.,2.65402848296423E-14,0.));
#1799=DIRECTION('center_axis',(0.,0.,1.));
#1800=DIRECTION('ref_axis',(-1.07449302926961E-13,-1.,8.90519931684848E-28));
#1801=DIRECTION('center_axis',(0.,0.,-1.));
#1802=DIRECTION('ref_axis',(8.86149834024964E-15,1.,-7.34424595651756E-29));
#1803=DIRECTION('',(1.,2.73275842850403E-14,0.));
#1804=DIRECTION('',(5.96452871316443E-16,1.,0.));
#1805=DIRECTION('',(1.,2.02858567515891E-17,0.));
#1806=DIRECTION('',(2.02858567496466E-17,-1.,0.));
#1807=DIRECTION('center_axis',(0.,0.,1.));
#1808=DIRECTION('ref_axis',(-1.,-2.02858567515891E-17,8.28781487882679E-15));
#1809=DIRECTION('center_axis',(1.,2.30578141893644E-16,0.));
#1810=DIRECTION('ref_axis',(-2.30578141893644E-16,1.,0.));
#1811=DIRECTION('',(2.30578141893644E-16,-1.,0.));
#1812=DIRECTION('',(0.,0.,1.));
#1813=DIRECTION('center_axis',(2.30578141893644E-16,-1.,0.));
#1814=DIRECTION('ref_axis',(0.707106781186547,0.,-0.707106781186547));
#1815=DIRECTION('',(-2.30578141893644E-16,1.,0.));
#1816=DIRECTION('center_axis',(0.,1.,0.));
#1817=DIRECTION('ref_axis',(1.,0.,0.));
#1818=DIRECTION('center_axis',(0.,0.,1.));
#1819=DIRECTION('ref_axis',(1.,0.,0.));
#1820=DIRECTION('center_axis',(0.,0.,1.));
#1821=DIRECTION('ref_axis',(0.707106781186547,0.707106781186548,0.));
#1822=DIRECTION('center_axis',(1.,1.77635683940025E-15,0.));
#1823=DIRECTION('ref_axis',(0.,0.,-1.));
#1824=DIRECTION('center_axis',(0.,0.,-1.));
#1825=DIRECTION('ref_axis',(0.707106781186547,0.707106781186548,0.));
#1826=DIRECTION('center_axis',(1.,1.16479747425512E-8,0.));
#1827=DIRECTION('ref_axis',(-8.23636213006211E-9,0.707106781186547,-0.707106781186547));
#1828=DIRECTION('center_axis',(1.,1.16479736966824E-8,0.));
#1829=DIRECTION('ref_axis',(0.,0.,-1.));
#1830=DIRECTION('',(1.,1.16479747425512E-8,0.));
#1831=DIRECTION('',(-1.,-1.16479747425512E-8,0.));
#1832=DIRECTION('center_axis',(0.,0.,1.));
#1833=DIRECTION('ref_axis',(1.,0.,0.));
#1834=DIRECTION('center_axis',(2.00672829464565E-8,1.,0.));
#1835=DIRECTION('ref_axis',(0.,0.,-1.));
#1836=DIRECTION('center_axis',(0.,0.,-1.));
#1837=DIRECTION('ref_axis',(-0.707106778209871,0.707106784163224,0.));
#1838=DIRECTION('center_axis',(0.,0.,1.));
#1839=DIRECTION('ref_axis',(-0.707106778209871,0.707106784163224,0.));
#1840=DIRECTION('center_axis',(-2.00672890760144E-8,-1.,0.));
#1841=DIRECTION('ref_axis',(-0.707106781186547,1.41897168757245E-8,-0.707106781186547));
#1842=DIRECTION('center_axis',(2.00672864991702E-8,1.,0.));
#1843=DIRECTION('ref_axis',(0.,0.,-1.));
#1844=DIRECTION('',(2.00672890760144E-8,1.,0.));
#1845=DIRECTION('',(-2.00672890760144E-8,-1.,0.));
#1846=DIRECTION('center_axis',(0.,0.,1.));
#1847=DIRECTION('ref_axis',(-1.0033645807539E-8,-1.,0.));
#1848=DIRECTION('center_axis',(5.24753851482984E-17,-1.,0.));
#1849=DIRECTION('ref_axis',(0.,0.,-1.));
#1850=DIRECTION('center_axis',(0.,0.,-1.));
#1851=DIRECTION('ref_axis',(-1.00336460917561E-8,-1.,0.));
#1852=DIRECTION('center_axis',(0.,0.,1.));
#1853=DIRECTION('ref_axis',(-1.00336460917561E-8,-1.,0.));
#1854=DIRECTION('center_axis',(2.30578141893644E-16,-1.,0.));
#1855=DIRECTION('ref_axis',(0.707106781186547,0.,-0.707106781186547));
#1856=DIRECTION('',(2.30578141893644E-16,-1.,0.));
#1857=DIRECTION('',(-2.30578141893644E-16,1.,0.));
#1858=DIRECTION('center_axis',(0.,0.,1.));
#1859=DIRECTION('ref_axis',(-1.00336460978174E-8,-1.,0.));
#1860=DIRECTION('',(0.,0.,1.));
#1861=DIRECTION('center_axis',(0.,0.,1.));
#1862=DIRECTION('ref_axis',(1.,0.,0.));
#1863=DIRECTION('',(0.,0.,1.));
#1864=DIRECTION('center_axis',(1.,2.30578141893644E-16,0.));
#1865=DIRECTION('ref_axis',(-2.30578141893644E-16,1.,0.));
#1866=DIRECTION('',(-2.30578141893644E-16,1.,0.));
#1867=DIRECTION('center_axis',(0.,0.,1.));
#1868=DIRECTION('ref_axis',(1.,0.,0.));
#1869=DIRECTION('',(0.,0.,1.));
#1870=DIRECTION('center_axis',(0.,0.,1.));
#1871=DIRECTION('ref_axis',(1.,0.,0.));
#1872=DIRECTION('center_axis',(0.,0.,-1.));
#1873=DIRECTION('ref_axis',(1.,4.37585690881044E-17,0.));
#1874=DIRECTION('center_axis',(0.,0.,1.));
#1875=DIRECTION('ref_axis',(-1.,-2.02858567515891E-17,8.6736173799334E-19));
#1876=DIRECTION('center_axis',(0.,0.,1.));
#1877=DIRECTION('ref_axis',(-1.,-2.02858567515891E-17,8.6736173799334E-19));
#1878=DIRECTION('center_axis',(1.,-1.28617999327128E-28,-2.52435489670724E-29));
#1879=DIRECTION('ref_axis',(-1.28618465052242E-28,-1.,2.71051710646495E-20));
#1880=DIRECTION('center_axis',(-1.,1.28617999327128E-28,2.52435489670724E-29));
#1881=DIRECTION('ref_axis',(-1.28618465052242E-28,-1.,2.71051710646495E-20));
#1882=DIRECTION('',(-0.515038074910054,-0.857167300702112,1.04995952780191E-16));
#1883=DIRECTION('center_axis',(-1.,1.28617999327128E-28,2.52435489670724E-29));
#1884=DIRECTION('ref_axis',(-1.28618223918046E-28,-1.,2.71051710646495E-20));
#1885=DIRECTION('center_axis',(-1.,1.28617999327128E-28,2.52435489670724E-29));
#1886=DIRECTION('ref_axis',(-1.28620327155827E-28,-1.,2.71051710646495E-20));
#1887=DIRECTION('center_axis',(-1.,1.28617999327128E-28,2.52435489670724E-29));
#1888=DIRECTION('ref_axis',(-1.28618465052242E-28,-1.,2.71051710646495E-20));
#1889=DIRECTION('center_axis',(-1.,1.28617999327128E-28,2.52435489670724E-29));
#1890=DIRECTION('ref_axis',(-1.28620327155827E-28,-1.,2.71051710646495E-20));
#1891=DIRECTION('center_axis',(-1.,1.16817280047446E-14,8.30446822419617E-15));
#1892=DIRECTION('ref_axis',(-1.28620327155827E-28,-1.,2.71051710646495E-20));
#1893=DIRECTION('',(-1.,1.28617999327128E-28,2.52435489670724E-29));
#1894=DIRECTION('center_axis',(-1.,1.28617999327128E-28,2.52435489670724E-29));
#1895=DIRECTION('ref_axis',(-1.28618465052242E-28,-1.,2.71051710646495E-20));
#1896=DIRECTION('',(-1.,1.28617999327128E-28,2.52435489670724E-29));
#1897=DIRECTION('center_axis',(1.,-1.28617999327128E-28,-2.52435489670724E-29));
#1898=DIRECTION('ref_axis',(-1.28618465052242E-28,-1.,2.71051710646495E-20));
#1899=DIRECTION('center_axis',(-1.,1.28617999327128E-28,2.52435489670724E-29));
#1900=DIRECTION('ref_axis',(-1.28618465052242E-28,-1.,2.71051710646495E-20));
#1901=DIRECTION('',(-0.515038074910054,-0.857167300702112,1.04995952780191E-16));
#1902=DIRECTION('center_axis',(-1.,1.28617999327128E-28,2.52435489670724E-29));
#1903=DIRECTION('ref_axis',(-1.28618223918046E-28,-1.,2.71051710646495E-20));
#1904=DIRECTION('center_axis',(-1.,1.28617999327128E-28,2.52435489670724E-29));
#1905=DIRECTION('ref_axis',(-1.28620327155827E-28,-1.,2.71051710646495E-20));
#1906=DIRECTION('center_axis',(-1.,1.28617999327128E-28,2.52435489670724E-29));
#1907=DIRECTION('ref_axis',(-1.28618465052242E-28,-1.,2.71051710646495E-20));
#1908=DIRECTION('center_axis',(-1.,1.28617999327128E-28,2.52435489670724E-29));
#1909=DIRECTION('ref_axis',(-1.28620327155827E-28,-1.,2.71051710646495E-20));
#1910=DIRECTION('center_axis',(-1.,1.16817280047446E-14,8.30446822419617E-15));
#1911=DIRECTION('ref_axis',(-1.28620327155827E-28,-1.,2.71051710646495E-20));
#1912=DIRECTION('',(-1.,1.28617999327128E-28,2.52435489670724E-29));
#1913=DIRECTION('center_axis',(-1.,1.28617999327128E-28,2.52435489670724E-29));
#1914=DIRECTION('ref_axis',(-1.28618465052242E-28,-1.,2.71051710646495E-20));
#1915=DIRECTION('',(-1.,1.28617999327128E-28,2.52435489670724E-29));
#1916=DIRECTION('center_axis',(1.,0.,-8.88178419700123E-15));
#1917=DIRECTION('ref_axis',(1.14792577669287E-16,1.,-2.71051710656642E-20));
#1918=DIRECTION('center_axis',(-1.,2.10292285142055E-16,8.30446822419617E-15));
#1919=DIRECTION('ref_axis',(2.10292285142055E-16,1.,-2.71051710664573E-20));
#1920=DIRECTION('',(-0.70710678118655,0.707106781186545,6.36694627410839E-15));
#1921=DIRECTION('center_axis',(1.,-2.10292285142055E-16,-8.30446822419617E-15));
#1922=DIRECTION('ref_axis',(0.,1.,-2.71051710647109E-20));
#1923=DIRECTION('center_axis',(-1.,0.,7.99360577730113E-15));
#1924=DIRECTION('ref_axis',(0.,1.,-2.71051710647109E-20));
#1925=DIRECTION('center_axis',(-1.,2.10292285142055E-16,8.2859066830032E-15));
#1926=DIRECTION('ref_axis',(2.10292285142055E-16,1.,-2.71051710663919E-20));
#1927=DIRECTION('',(1.,0.,-7.99360577730113E-15));
#1928=DIRECTION('center_axis',(-1.,2.10292285142055E-16,8.30446822419617E-15));
#1929=DIRECTION('ref_axis',(-2.10292285142055E-16,-1.,2.71051710663919E-20));
#1930=DIRECTION('',(-2.10292285142055E-16,-1.,2.71051710663919E-20));
#1931=DIRECTION('',(8.30446822419617E-15,0.,1.));
#1932=DIRECTION('',(-2.10292285142055E-16,-1.,2.71051710663919E-20));
#1933=DIRECTION('',(8.30446822419617E-15,0.,1.));
#1934=DIRECTION('center_axis',(-1.,2.10292285142055E-16,8.2859066830032E-15));
#1935=DIRECTION('ref_axis',(2.10292285142055E-16,1.,-2.71051710663919E-20));
#1936=DIRECTION('center_axis',(-1.,-2.02858567515891E-17,8.2859066830032E-15));
#1937=DIRECTION('ref_axis',(2.02858567515891E-17,-1.,2.71051710644814E-20));
#1938=DIRECTION('',(-8.28781487882679E-15,0.,-1.));
#1939=DIRECTION('center_axis',(-1.,-2.02858567515891E-17,8.2859066830032E-15));
#1940=DIRECTION('ref_axis',(2.02858567515891E-17,-1.,2.71051710644814E-20));
#1941=DIRECTION('center_axis',(-1.,-2.02858567515891E-17,8.2859066830032E-15));
#1942=DIRECTION('ref_axis',(2.02858567515891E-17,-1.,2.71051710644814E-20));
#1943=DIRECTION('center_axis',(-1.,-2.02858567515891E-17,8.2859066830032E-15));
#1944=DIRECTION('ref_axis',(2.02858567515891E-17,-1.,2.71051710644814E-20));
#1945=DIRECTION('center_axis',(-1.,-2.02858567515891E-17,8.2859066830032E-15));
#1946=DIRECTION('ref_axis',(2.02858567515891E-17,-1.,2.71051710644814E-20));
#1947=DIRECTION('center_axis',(-1.,-2.02858567515891E-17,8.2859066830032E-15));
#1948=DIRECTION('ref_axis',(2.02858567515891E-17,-1.,2.71051710644814E-20));
#1949=DIRECTION('center_axis',(-1.,-2.02858567496466E-17,8.28781487882679E-15));
#1950=DIRECTION('ref_axis',(2.02858567515891E-17,-1.,2.71051710644814E-20));
#1951=DIRECTION('',(-1.,-2.02858567515891E-17,8.2859066830032E-15));
#1952=DIRECTION('center_axis',(-1.,-2.02858567515891E-17,8.2859066830032E-15));
#1953=DIRECTION('ref_axis',(2.02858567515891E-17,-1.,2.71051710644814E-20));
#1954=DIRECTION('',(-1.,-2.02858567515891E-17,8.2859066830032E-15));
#1955=DIRECTION('center_axis',(1.,-5.96452871316443E-16,-8.28781487882679E-15));
#1956=DIRECTION('ref_axis',(2.02858567515891E-17,-1.,2.71051710644814E-20));
#1957=DIRECTION('',(1.,2.02858567515891E-17,-8.2859066830032E-15));
#1958=DIRECTION('',(-1.,-2.02858567515891E-17,8.2859066830032E-15));
#1959=DIRECTION('center_axis',(1.,-5.96452871316443E-16,-8.28781487882679E-15));
#1960=DIRECTION('ref_axis',(2.02858567515891E-17,-1.,2.71051710644814E-20));
#1961=DIRECTION('center_axis',(-1.,-2.02858567515891E-17,8.2859066830032E-15));
#1962=DIRECTION('ref_axis',(2.02858567515891E-17,-1.,2.71051710644814E-20));
#1963=DIRECTION('',(-8.28781487882679E-15,0.,-1.));
#1964=DIRECTION('center_axis',(-1.,-2.02858567515891E-17,8.2859066830032E-15));
#1965=DIRECTION('ref_axis',(2.02858567515891E-17,-1.,2.71051710644814E-20));
#1966=DIRECTION('center_axis',(-1.,-2.02858567515891E-17,8.2859066830032E-15));
#1967=DIRECTION('ref_axis',(2.02858567515891E-17,-1.,2.71051710644814E-20));
#1968=DIRECTION('center_axis',(-1.,-2.02858567515891E-17,8.2859066830032E-15));
#1969=DIRECTION('ref_axis',(2.02858567515891E-17,-1.,2.71051710644814E-20));
#1970=DIRECTION('center_axis',(-1.,-2.02858567515891E-17,8.2859066830032E-15));
#1971=DIRECTION('ref_axis',(2.02858567515891E-17,-1.,2.71051710644814E-20));
#1972=DIRECTION('center_axis',(-1.,-2.02858567515891E-17,8.2859066830032E-15));
#1973=DIRECTION('ref_axis',(2.02858567515891E-17,-1.,2.71051710644814E-20));
#1974=DIRECTION('center_axis',(-1.,-2.02858567496466E-17,8.28781487882679E-15));
#1975=DIRECTION('ref_axis',(2.02858567515891E-17,-1.,2.71051710644814E-20));
#1976=DIRECTION('',(-1.,-2.02858567515891E-17,8.2859066830032E-15));
#1977=DIRECTION('center_axis',(-1.,-2.02858567515891E-17,8.2859066830032E-15));
#1978=DIRECTION('ref_axis',(2.02858567515891E-17,-1.,2.71051710644814E-20));
#1979=DIRECTION('',(-1.,-2.02858567515891E-17,8.2859066830032E-15));
#1980=DIRECTION('center_axis',(1.,-5.96452871316443E-16,-8.28781487882679E-15));
#1981=DIRECTION('ref_axis',(2.02858567515891E-17,-1.,2.71051710644814E-20));
#1982=DIRECTION('',(1.,2.02858567515891E-17,-8.2859066830032E-15));
#1983=DIRECTION('',(-1.,-2.02858567515891E-17,8.2859066830032E-15));
#1984=DIRECTION('center_axis',(1.,-5.96452871316443E-16,-8.28781487882679E-15));
#1985=DIRECTION('ref_axis',(2.02858567515891E-17,-1.,2.71051710644814E-20));
#1986=DIRECTION('center_axis',(8.28781487882679E-15,0.,1.));
#1987=DIRECTION('ref_axis',(8.86149834024964E-15,1.,-7.34424595651756E-29));
#1988=DIRECTION('',(8.28781487882679E-15,0.,1.));
#1989=DIRECTION('',(8.28781487882679E-15,0.,1.));
#1990=DIRECTION('',(8.28781487882679E-15,0.,1.));
#1991=DIRECTION('',(8.28781487882679E-15,0.,1.));
#1992=DIRECTION('center_axis',(-2.73275842850403E-14,1.,2.2648595963995E-28));
#1993=DIRECTION('ref_axis',(-1.,-2.73275842850403E-14,8.2859066830032E-15));
#1994=DIRECTION('',(8.28781487882679E-15,0.,1.));
#1995=DIRECTION('center_axis',(-2.73275842850403E-14,1.,2.2648595963995E-28));
#1996=DIRECTION('ref_axis',(-1.,-2.73275842850403E-14,8.2859066830032E-15));
#1997=DIRECTION('',(8.28781487882679E-15,0.,1.));
#1998=DIRECTION('center_axis',(-2.73275842850403E-14,1.,2.2648595963995E-28));
#1999=DIRECTION('ref_axis',(-1.,-2.73275842850403E-14,8.2859066830032E-15));
#2000=DIRECTION('',(8.28781487882679E-15,0.,1.));
#2001=DIRECTION('center_axis',(8.67361738013647E-19,1.62630442194745E-19,
1.));
#2002=DIRECTION('ref_axis',(1.,2.02858567515891E-17,-8.67361738013647E-19));
#2003=DIRECTION('center_axis',(-8.67361738013647E-19,-1.62630442194745E-19,
-1.));
#2004=DIRECTION('ref_axis',(1.,2.02858567515891E-17,-8.67361738013647E-19));
#2005=DIRECTION('',(0.857167300702112,-8.76681069095423E-17,-0.515038074910054));
#2006=DIRECTION('center_axis',(-8.67361738013647E-19,-1.62630442194745E-19,
-1.));
#2007=DIRECTION('ref_axis',(1.,2.02858567515891E-17,-8.67361738013647E-19));
#2008=DIRECTION('center_axis',(-8.67361738013647E-19,-1.62630442194745E-19,
-1.));
#2009=DIRECTION('ref_axis',(1.,2.02858567515891E-17,-8.67361738014098E-19));
#2010=DIRECTION('center_axis',(-8.67361738013647E-19,-1.62630442194745E-19,
-1.));
#2011=DIRECTION('ref_axis',(1.,2.02858567515891E-17,-8.67361738013647E-19));
#2012=DIRECTION('center_axis',(-8.67361738013647E-19,-1.62630442194745E-19,
-1.));
#2013=DIRECTION('ref_axis',(1.,2.02858567515891E-17,-8.67361738014098E-19));
#2014=DIRECTION('',(-8.67361738013647E-19,-1.62630442194744E-19,-1.));
#2015=DIRECTION('center_axis',(-8.67361738013647E-19,-1.62630442194745E-19,
-1.));
#2016=DIRECTION('ref_axis',(1.,2.02858567515891E-17,-8.67361738013647E-19));
#2017=DIRECTION('',(-8.67361738013647E-19,-1.62630442194745E-19,-1.));
#2018=DIRECTION('center_axis',(8.67361738013647E-19,1.62630442194745E-19,
1.));
#2019=DIRECTION('ref_axis',(1.,2.02858567515891E-17,-8.67361738013647E-19));
#2020=DIRECTION('center_axis',(-8.67361738013647E-19,-1.62630442194745E-19,
-1.));
#2021=DIRECTION('ref_axis',(1.,2.02858567515891E-17,-8.67361738013647E-19));
#2022=DIRECTION('',(0.857167300702112,-8.76681069095423E-17,-0.515038074910054));
#2023=DIRECTION('center_axis',(-8.67361738013647E-19,-1.62630442194745E-19,
-1.));
#2024=DIRECTION('ref_axis',(1.,2.02858567515891E-17,-8.67361738013647E-19));
#2025=DIRECTION('center_axis',(-8.67361738013647E-19,-1.62630442194745E-19,
-1.));
#2026=DIRECTION('ref_axis',(1.,2.02858567515891E-17,-8.67361738014098E-19));
#2027=DIRECTION('center_axis',(-8.67361738013647E-19,-1.62630442194745E-19,
-1.));
#2028=DIRECTION('ref_axis',(1.,2.02858567515891E-17,-8.67361738013647E-19));
#2029=DIRECTION('center_axis',(-8.67361738013647E-19,-1.62630442194745E-19,
-1.));
#2030=DIRECTION('ref_axis',(1.,2.02858567515891E-17,-8.67361738014098E-19));
#2031=DIRECTION('center_axis',(-8.2859066830032E-15,-2.71051710646495E-20,
-1.));
#2032=DIRECTION('ref_axis',(1.,2.02858567515891E-17,-8.67361738014098E-19));
#2033=DIRECTION('',(-8.67361738013647E-19,-1.62630442194744E-19,-1.));
#2034=DIRECTION('center_axis',(-8.67361738013647E-19,-1.62630442194745E-19,
-1.));
#2035=DIRECTION('ref_axis',(1.,2.02858567515891E-17,-8.67361738013647E-19));
#2036=DIRECTION('',(-8.67361738013647E-19,-1.62630442194745E-19,-1.));
#2037=DIRECTION('center_axis',(8.67361738013647E-19,1.62630442194745E-19,
1.));
#2038=DIRECTION('ref_axis',(1.,2.02858567515891E-17,-8.67361738013647E-19));
#2039=DIRECTION('center_axis',(-8.67361738013647E-19,-1.62630442194745E-19,
-1.));
#2040=DIRECTION('ref_axis',(1.,2.02858567515891E-17,-8.67361738013647E-19));
#2041=DIRECTION('',(0.857167300702112,-8.76681069095423E-17,-0.515038074910054));
#2042=DIRECTION('center_axis',(-8.67361738013647E-19,-1.62630442194745E-19,
-1.));
#2043=DIRECTION('ref_axis',(1.,2.02858567515891E-17,-8.67361738013647E-19));
#2044=DIRECTION('center_axis',(-8.67361738013647E-19,-1.62630442194745E-19,
-1.));
#2045=DIRECTION('ref_axis',(1.,2.02858567515891E-17,-8.67361738014098E-19));
#2046=DIRECTION('center_axis',(-8.67361738013647E-19,-1.62630442194745E-19,
-1.));
#2047=DIRECTION('ref_axis',(1.,2.02858567515891E-17,-8.67361738013647E-19));
#2048=DIRECTION('center_axis',(-8.67361738013647E-19,-1.62630442194745E-19,
-1.));
#2049=DIRECTION('ref_axis',(1.,2.02858567515891E-17,-8.67361738014098E-19));
#2050=DIRECTION('',(-8.67361738013647E-19,-1.62630442194744E-19,-1.));
#2051=DIRECTION('center_axis',(-8.67361738013647E-19,-1.62630442194745E-19,
-1.));
#2052=DIRECTION('ref_axis',(1.,2.02858567515891E-17,-8.67361738013647E-19));
#2053=DIRECTION('',(-8.67361738013647E-19,-1.62630442194745E-19,-1.));
#2054=DIRECTION('center_axis',(2.02858567515891E-17,-1.,-1.68463252794167E-31));
#2055=DIRECTION('ref_axis',(1.,2.02858567515891E-17,-8.2859066830032E-15));
#2056=DIRECTION('',(8.30446822419617E-15,0.,1.));
#2057=DIRECTION('',(1.,2.02858567515891E-17,-8.2859066830032E-15));
#2058=DIRECTION('',(8.30446822419617E-15,0.,1.));
#2059=DIRECTION('center_axis',(1.,-2.7014588142289E-16,-8.30446822419617E-15));
#2060=DIRECTION('ref_axis',(2.7014588142289E-16,1.,-2.71051710668879E-20));
#2061=DIRECTION('',(2.7014588142289E-16,1.,-2.71051710668879E-20));
#2062=DIRECTION('',(8.30446822419617E-15,0.,1.));
#2063=DIRECTION('center_axis',(2.02858567515891E-17,-1.,-1.68463252794167E-31));
#2064=DIRECTION('ref_axis',(1.,2.02858567515891E-17,-8.2859066830032E-15));
#2065=DIRECTION('',(1.,2.02858567515891E-17,-8.2859066830032E-15));
#2066=DIRECTION('',(-1.,-2.02858567515891E-17,8.2859066830032E-15));
#2067=DIRECTION('center_axis',(8.30446822419617E-15,0.,1.));
#2068=DIRECTION('ref_axis',(4.2380353422708E-16,1.,-3.51946387143328E-30));
#2069=DIRECTION('center_axis',(8.2859066830032E-15,2.71051710646495E-20,
1.));
#2070=DIRECTION('ref_axis',(4.2380353422708E-16,1.,-2.71051710681611E-20));
#2071=DIRECTION('center_axis',(8.2859066830032E-15,2.71051710646495E-20,
1.));
#2072=DIRECTION('ref_axis',(4.2380353422708E-16,1.,-2.71051710681611E-20));
#2073=DIRECTION('',(8.30446822419617E-15,0.,1.));
#2074=DIRECTION('center_axis',(1.16479741301464E-8,1.,-9.67302310400601E-23));
#2075=DIRECTION('ref_axis',(-1.,1.16479741301464E-8,8.28590668300289E-15));
#2076=DIRECTION('',(-1.,-1.16479747425512E-8,0.));
#2077=DIRECTION('',(-1.,1.16479741301464E-8,8.28590668300289E-15));
#2078=DIRECTION('',(-1.,1.16479741301464E-8,8.28590668300289E-15));
#2079=DIRECTION('',(8.30446822419617E-15,0.,1.));
#2080=DIRECTION('center_axis',(1.,-1.16817280047446E-14,-8.30446822419617E-15));
#2081=DIRECTION('ref_axis',(1.16817280047446E-14,1.,-2.71051711614432E-20));
#2082=DIRECTION('',(1.16817280047446E-14,1.,-2.71051711614432E-20));
#2083=DIRECTION('center_axis',(8.2859066830032E-15,2.71051710646495E-20,
1.));
#2084=DIRECTION('ref_axis',(-1.,-2.02858567515891E-17,8.2859066830032E-15));
#2085=DIRECTION('center_axis',(8.2859066830032E-15,2.71051710646495E-20,
1.));
#2086=DIRECTION('ref_axis',(-1.,-2.02858567515891E-17,8.2859066830032E-15));
#2087=DIRECTION('',(-2.00672890760144E-8,-1.,0.));
#2088=DIRECTION('center_axis',(0.,0.,1.));
#2089=DIRECTION('ref_axis',(-1.16479755285503E-8,1.,0.));
#2090=DIRECTION('center_axis',(8.28781487882679E-15,0.,1.));
#2091=DIRECTION('ref_axis',(-1.07449302926961E-13,-1.,8.90519931684848E-28));
#2092=DIRECTION('',(8.28781487882679E-15,0.,1.));
#2093=DIRECTION('center_axis',(-1.,5.96452871316443E-16,8.28781487882679E-15));
#2094=DIRECTION('ref_axis',(-5.96452871316443E-16,-1.,2.71051710695916E-20));
#2095=DIRECTION('',(8.28781487882679E-15,0.,1.));
#2096=DIRECTION('center_axis',(-2.02858567515891E-17,1.,1.68125425415569E-31));
#2097=DIRECTION('ref_axis',(-1.,-2.02858567515891E-17,8.2859066830032E-15));
#2098=DIRECTION('',(8.28781487882679E-15,0.,1.));
#2099=DIRECTION('center_axis',(1.,2.02858567496466E-17,-8.28781487882679E-15));
#2100=DIRECTION('ref_axis',(-2.02858567496466E-17,1.,-2.71051710644814E-20));
#2101=DIRECTION('',(8.28781487882679E-15,0.,1.));
#2102=DIRECTION('center_axis',(8.28781487882679E-15,0.,1.));
#2103=DIRECTION('ref_axis',(-1.,-2.02858567515891E-17,8.28781487882679E-15));
#2104=DIRECTION('center_axis',(-1.,-2.02858567515891E-17,8.28781487882679E-15));
#2105=DIRECTION('ref_axis',(2.02858567515891E-17,-1.,2.71051710644814E-20));
#2106=DIRECTION('',(2.02858567515891E-17,-1.,2.71051710644814E-20));
#2107=DIRECTION('',(8.28781487882679E-15,0.,1.));
#2108=DIRECTION('center_axis',(-2.65402848296423E-14,1.,2.1996096749941E-28));
#2109=DIRECTION('ref_axis',(-1.,-2.65402848296423E-14,8.2859066830032E-15));
#2110=DIRECTION('',(-1.,-2.65402848296423E-14,8.2859066830032E-15));
#2111=DIRECTION('center_axis',(8.2859066830032E-15,2.71051710646495E-20,
1.));
#2112=DIRECTION('ref_axis',(-1.,-2.02858567515891E-17,8.2859066830032E-15));
#2113=DIRECTION('',(-2.00672890760144E-8,-1.,0.));
#2114=DIRECTION('center_axis',(8.67361737993137E-19,1.62630442624982E-19,
1.));
#2115=DIRECTION('ref_axis',(-1.,-2.02858567515891E-17,8.6736173799334E-19));
#2116=DIRECTION('',(8.67361737993137E-19,1.62630442624982E-19,1.));
#2117=DIRECTION('center_axis',(0.,0.,-1.));
#2118=DIRECTION('ref_axis',(-1.,-2.02858567515891E-17,8.6736173799334E-19));
#2119=DIRECTION('center_axis',(8.67361737993137E-19,1.62630442624982E-19,
1.));
#2120=DIRECTION('ref_axis',(-1.,-2.02858567515891E-17,8.6736173799334E-19));
#2121=DIRECTION('',(8.67361737993137E-19,1.62630442624982E-19,1.));
#2122=DIRECTION('center_axis',(0.,0.,-1.));
#2123=DIRECTION('ref_axis',(-1.,-2.02858567515891E-17,8.6736173799334E-19));
#2124=DIRECTION('center_axis',(-0.836830725347455,0.547461722054111,7.06092241635832E-15));
#2125=DIRECTION('ref_axis',(0.547461722054111,0.836830725347455,0.));
#2126=DIRECTION('',(0.547461722054111,0.836830725347455,0.));
#2127=DIRECTION('',(-8.43769498715119E-15,0.,-1.));
#2128=DIRECTION('',(0.547461722054111,0.836830725347455,0.));
#2129=DIRECTION('',(-8.43769498715119E-15,0.,-1.));
#2130=DIRECTION('center_axis',(-8.43769498715119E-15,0.,-1.));
#2131=DIRECTION('ref_axis',(-0.00975571025828088,-0.999952411926366,8.23157075423967E-17));
#2132=DIRECTION('center_axis',(0.,0.,-1.));
#2133=DIRECTION('ref_axis',(-1.,-2.02858567515891E-17,8.43769498715119E-15));
#2134=DIRECTION('',(-8.43769498715119E-15,0.,-1.));
#2135=DIRECTION('center_axis',(0.,0.,-1.));
#2136=DIRECTION('ref_axis',(-1.,-2.02858567515891E-17,8.26659568119169E-15));
#2137=DIRECTION('center_axis',(0.847352684040474,0.531030534761801,-7.14970349447742E-15));
#2138=DIRECTION('ref_axis',(0.531030534761801,-0.847352684040474,0.));
#2139=DIRECTION('',(0.531030534761801,-0.847352684040474,0.));
#2140=DIRECTION('',(-8.43769498715119E-15,0.,-1.));
#2141=DIRECTION('',(0.531030534761801,-0.847352684040474,0.));
#2142=DIRECTION('center_axis',(1.,-3.12429750498248E-8,-8.43769498715119E-15));
#2143=DIRECTION('ref_axis',(-3.12429750498248E-8,-0.999999999999999,0.));
#2144=DIRECTION('',(-3.12429750498248E-8,-0.999999999999999,0.));
#2145=DIRECTION('',(-8.43769498715119E-15,0.,-1.));
#2146=DIRECTION('',(-3.12429750498248E-8,-0.999999999999999,0.));
#2147=DIRECTION('center_axis',(-8.43769498715119E-15,0.,-1.));
#2148=DIRECTION('ref_axis',(1.15609554447171E-8,1.,-9.75478169834312E-23));
#2149=DIRECTION('center_axis',(0.,0.,-1.));
#2150=DIRECTION('ref_axis',(-1.,-2.02858567515891E-17,8.43769498715119E-15));
#2151=DIRECTION('',(-8.43769498715119E-15,0.,-1.));
#2152=DIRECTION('center_axis',(0.,0.,-1.));
#2153=DIRECTION('ref_axis',(-1.,-2.02858567515891E-17,8.26659568119169E-15));
#2154=DIRECTION('center_axis',(-1.,3.1242968464901E-8,8.43769498715119E-15));
#2155=DIRECTION('ref_axis',(3.1242968464901E-8,0.999999999999999,0.));
#2156=DIRECTION('',(3.1242968464901E-8,0.999999999999999,0.));
#2157=DIRECTION('',(3.1242968464901E-8,0.999999999999999,0.));
#2158=DIRECTION('center_axis',(0.,0.,1.));
#2159=DIRECTION('ref_axis',(1.,0.,0.));
#2160=DIRECTION('center_axis',(0.,0.,1.));
#2161=DIRECTION('ref_axis',(1.,0.,0.));
#2162=DIRECTION('',(-2.00672890760144E-8,-1.,0.));
#2163=DIRECTION('center_axis',(0.,0.,1.));
#2164=DIRECTION('ref_axis',(1.,4.37585690881044E-17,-5.52158814331203E-36));
#2165=DIRECTION('',(0.707106781186548,1.17537586560768E-16,-0.707106781186547));
#2166=DIRECTION('center_axis',(0.,0.,1.));
#2167=DIRECTION('ref_axis',(1.,4.37585690881044E-17,-1.21586486388083E-35));
#2168=DIRECTION('center_axis',(0.,-2.16840434497101E-19,-1.));
#2169=DIRECTION('ref_axis',(1.,4.37585690881044E-17,-1.21586486388083E-35));
#2170=DIRECTION('center_axis',(-1.0842021724855E-19,-1.0842021724855E-19,
-1.));
#2171=DIRECTION('ref_axis',(1.,4.37585690881044E-17,-1.0842021724855E-19));
#2172=DIRECTION('',(0.,2.16840434497101E-19,1.));
#2173=DIRECTION('center_axis',(-1.0842021724855E-19,-1.0842021724855E-19,
-1.));
#2174=DIRECTION('ref_axis',(1.,4.37585690881044E-17,-1.0842021724855E-19));
#2175=DIRECTION('center_axis',(-1.,2.00672890760144E-8,0.));
#2176=DIRECTION('ref_axis',(-2.00672890760144E-8,-1.,0.));
#2177=DIRECTION('',(0.,0.,1.));
#2178=DIRECTION('center_axis',(0.,0.,1.));
#2179=DIRECTION('ref_axis',(-1.16479755285503E-8,1.,0.));
#2180=DIRECTION('',(0.,0.,1.));
#2181=DIRECTION('center_axis',(-1.16479747425512E-8,1.,0.));
#2182=DIRECTION('ref_axis',(-1.,-1.16479747425512E-8,0.));
#2183=CARTESIAN_POINT('',(0.,0.,0.));
#2184=CARTESIAN_POINT('Origin',(34.8572262835514,74.0138965949842,15.2667670317513));
#2185=CARTESIAN_POINT('',(34.8453828363597,79.0138825682404,1.45164156934294));
#2186=CARTESIAN_POINT('',(32.575813581882,78.4630713594391,3.93565388612238E-16));
#2187=CARTESIAN_POINT('Ctrl Pts',(32.575813581882,78.4630713594391,7.58941520739853E-16));
#2188=CARTESIAN_POINT('Ctrl Pts',(32.8673646136338,78.6125705951934,-2.05110713437841E-15));
#2189=CARTESIAN_POINT('Ctrl Pts',(33.1949241450464,78.7404952638784,0.0548933038580524));
#2190=CARTESIAN_POINT('Ctrl Pts',(33.8158330436188,78.9148641450582,0.303594490996663));
#2191=CARTESIAN_POINT('Ctrl Pts',(34.1084491488455,78.9629890744425,0.498050856837798));
#2192=CARTESIAN_POINT('Ctrl Pts',(34.5410965489529,79.0079880946234,0.928938229092737));
#2193=CARTESIAN_POINT('Ctrl Pts',(34.7188358927183,79.0135828169907,1.17768273604914));
#2194=CARTESIAN_POINT('Ctrl Pts',(34.8453828363597,79.0138825682404,1.45164156934294));
#2195=CARTESIAN_POINT('',(34.8453828363597,79.0138825682404,5.));
#2196=CARTESIAN_POINT('',(34.8453828363598,79.0138825682404,15.2667670317513));
#2197=CARTESIAN_POINT('',(29.8572403102952,74.0020531477926,5.));
#2198=CARTESIAN_POINT('Origin',(34.8572262835514,74.0138965949842,4.99999999999986));
#2199=CARTESIAN_POINT('',(29.8572403102952,74.0020531477926,0.));
#2200=CARTESIAN_POINT('',(29.8572403102952,74.0020531477926,15.2667670317513));
#2201=CARTESIAN_POINT('Origin',(34.8572262835513,74.0138965949842,-1.37667655053519E-13));
#2202=CARTESIAN_POINT('Origin',(32.7746109518208,79.008977538988,30.6253601755071));
#2203=CARTESIAN_POINT('',(35.075813581882,79.0144283886448,2.5));
#2204=CARTESIAN_POINT('Origin',(32.575813581882,79.0085066484365,2.5));
#2205=CARTESIAN_POINT('',(35.075813581882,79.0144283886448,5.));
#2206=CARTESIAN_POINT('',(35.075813581882,79.0144283886448,15.3126800877535));
#2207=CARTESIAN_POINT('',(21.3798563420108,78.981986828373,5.));
#2208=CARTESIAN_POINT('Origin',(34.9282869667015,44.0139807554471,15.2667670317513));
#2209=CARTESIAN_POINT('',(29.9283009934453,44.0021373082554,0.));
#2210=CARTESIAN_POINT('',(32.575813581882,39.6019665925374,1.38777878078135E-16));
#2211=CARTESIAN_POINT('Origin',(34.9282869667014,44.0139807554471,-1.37667655053519E-13));
#2212=CARTESIAN_POINT('',(29.9283009934453,44.0021373082554,5.));
#2213=CARTESIAN_POINT('',(29.9283009934453,44.0021373082554,15.2667670317513));
#2214=CARTESIAN_POINT('',(34.9401304138932,39.0139947821909,5.));
#2215=CARTESIAN_POINT('Origin',(34.9282869667015,44.0139807554471,4.99999999999986));
#2216=CARTESIAN_POINT('',(34.9401304138931,39.0139947821909,1.68759251734798));
#2217=CARTESIAN_POINT('',(34.9401304138932,39.0139947821909,15.2667670317513));
#2218=CARTESIAN_POINT('Ctrl Pts',(34.9401304138931,39.0139947821909,1.68759251734798));
#2219=CARTESIAN_POINT('Ctrl Pts',(34.9231513724082,39.0139545640019,1.63817909559658));
#2220=CARTESIAN_POINT('Ctrl Pts',(34.9046023409434,39.0139966004044,1.5892432614209));
#2221=CARTESIAN_POINT('Ctrl Pts',(34.7564034781694,39.015293288241,1.23248402272258));
#2222=CARTESIAN_POINT('Ctrl Pts',(34.5632538853987,39.0223066534441,0.951278345664464));
#2223=CARTESIAN_POINT('Ctrl Pts',(34.1087428125272,39.0760586526176,0.498059332076608));
#2224=CARTESIAN_POINT('Ctrl Pts',(33.815209564109,39.1286783330376,0.303194500882759));
#2225=CARTESIAN_POINT('Ctrl Pts',(33.1936104586261,39.3133404665591,0.0545178427361129));
#2226=CARTESIAN_POINT('Ctrl Pts',(32.8663283282107,39.4470649572749,-2.51340530920613E-15));
#2227=CARTESIAN_POINT('Ctrl Pts',(32.575813581882,39.6019665925374,3.92481186439753E-16));
#2228=CARTESIAN_POINT('Origin',(32.8693585293542,39.0090897529385,30.6253601755071));
#2229=CARTESIAN_POINT('',(35.075813581882,39.0143161743795,5.));
#2230=CARTESIAN_POINT('',(21.4746039195443,38.9820990423234,5.));
#2231=CARTESIAN_POINT('',(35.075813581882,39.0143161743795,2.5));
#2232=CARTESIAN_POINT('',(35.075813581882,39.0143161743795,15.3126800877535));
#2233=CARTESIAN_POINT('Origin',(32.575813581882,39.0083944341711,2.5));
#2234=CARTESIAN_POINT('Origin',(29.9401444406369,39.0021513349992,-0.0918261120044672));
#2235=CARTESIAN_POINT('',(29.9242858598085,45.6972191150548,5.));
#2236=CARTESIAN_POINT('',(29.9381265767108,39.8540394013386,5.));
#2237=CARTESIAN_POINT('',(29.9242858598088,45.6972191150548,54.9999999999998));
#2238=CARTESIAN_POINT('',(29.9242858598085,45.6972191150548,2.45408694399764));
#2239=CARTESIAN_POINT('',(29.9401444406372,39.0021513349992,54.9999999999998));
#2240=CARTESIAN_POINT('',(29.930734493612,42.9747787612545,54.9999999999998));
#2241=CARTESIAN_POINT('',(29.940144440637,39.0021513349992,5.));
#2242=CARTESIAN_POINT('',(29.9401444406369,39.0021513349992,2.45408694399771));
#2243=CARTESIAN_POINT('',(29.9381265767108,39.8540394013386,5.));
#2244=CARTESIAN_POINT('',(29.9381265767107,39.8540394013386,0.));
#2245=CARTESIAN_POINT('Origin',(-15.0598688033897,38.8955599798772,5.00000000000014));
#2246=CARTESIAN_POINT('',(-15.0598688033893,38.8955599798772,55.0000000000001));
#2247=CARTESIAN_POINT('',(-0.710120760804206,38.9295501718628,55.));
#2248=CARTESIAN_POINT('',(-15.0598688033897,38.8955599798772,5.00000000000014));
#2249=CARTESIAN_POINT('',(-15.0598688033897,38.8955599798772,5.00000000000014));
#2250=CARTESIAN_POINT('',(-14.924185637771,38.8958813720602,5.));
#2251=CARTESIAN_POINT('',(-0.71012076080462,38.9295501718628,5.00000000000002));
#2252=CARTESIAN_POINT('',(-2.49000974682769,38.9253341557928,5.));
#2253=CARTESIAN_POINT('Origin',(9.94013080525208,46.900076812154,54.9999999999999));
#2254=CARTESIAN_POINT('',(21.4718516462838,45.6972191150548,54.9999999999998));
#2255=CARTESIAN_POINT('',(20.5600379108743,45.6972191150548,54.9999999999998));
#2256=CARTESIAN_POINT('',(20.0159447785791,46.5872466022593,54.9999999999999));
#2257=CARTESIAN_POINT('Origin',(21.0159447785791,46.5872466022593,54.9999999999998));
#2258=CARTESIAN_POINT('',(20.0159447785791,54.9045936444307,54.9999999999999));
#2259=CARTESIAN_POINT('',(20.0159447785791,54.9045936444307,54.9999999999999));
#2260=CARTESIAN_POINT('',(12.5159447785791,54.9045936444307,54.9999999999999));
#2261=CARTESIAN_POINT('',(20.0159447785791,54.9045936444307,54.9999999999999));
#2262=CARTESIAN_POINT('',(12.5159447785791,49.5041397369731,54.9999999999999));
#2263=CARTESIAN_POINT('',(12.5159447785791,54.9045936444307,54.9999999999999));
#2264=CARTESIAN_POINT('',(6.33613537025601,49.5041397369729,55.));
#2265=CARTESIAN_POINT('',(12.5159447785791,49.5041397369731,54.9999999999999));
#2266=CARTESIAN_POINT('',(3.33636620640686,46.5413548363276,55.));
#2267=CARTESIAN_POINT('Origin',(6.33613537025598,46.5041397369729,55.));
#2268=CARTESIAN_POINT('',(-1.6635120296497,41.5064603592213,55.));
#2269=CARTESIAN_POINT('Origin',(-1.66351202964916,46.5064603592214,55.));
#2270=CARTESIAN_POINT('',(-15.0598688033893,41.5064603592209,55.0000000000001));
#2271=CARTESIAN_POINT('',(-1.6635120296497,41.5064603592213,55.));
#2272=CARTESIAN_POINT('',(-15.0598688033893,41.5064603592209,55.0000000000001));
#2273=CARTESIAN_POINT('',(26.4101661383188,42.4014511823109,54.9999999999999));
#2274=CARTESIAN_POINT('Origin',(28.1601661383188,42.4014511823109,54.9999999999999));
#2275=CARTESIAN_POINT('',(5.36912863081979,42.2915368227029,54.9999999999999));
#2276=CARTESIAN_POINT('Origin',(7.11912863081979,42.2915368227029,54.9999999999999));
#2277=CARTESIAN_POINT('Origin',(34.9401302797788,45.6972191150548,4.99999999999973));
#2278=CARTESIAN_POINT('',(21.4718516462834,45.6972191150548,4.99999999999984));
#2279=CARTESIAN_POINT('',(22.5079719308304,45.6972191150548,5.));
#2280=CARTESIAN_POINT('',(21.4718516462834,45.6972191150548,4.99999999999984));
#2281=CARTESIAN_POINT('Origin',(10.0758135818819,40.6588844643872,5.));
#2282=CARTESIAN_POINT('',(35.075813581882,96.3084212127427,5.));
#2283=CARTESIAN_POINT('',(35.075813581882,96.3084212127427,5.));
#2284=CARTESIAN_POINT('',(25.075817660534,106.308417134091,5.));
#2285=CARTESIAN_POINT('Origin',(25.075817660534,96.3084212127427,5.));
#2286=CARTESIAN_POINT('',(19.8609565134007,106.308416843814,4.99999999999985));
#2287=CARTESIAN_POINT('',(-4.92418460213682,106.308416784652,5.));
#2288=CARTESIAN_POINT('',(19.8609565134006,95.1638453105796,4.99999999999985));
#2289=CARTESIAN_POINT('',(19.8609565134002,67.9113648874833,5.));
#2290=CARTESIAN_POINT('',(-11.0598688033897,95.1638453105796,5.00000000000011));
#2291=CARTESIAN_POINT('',(-0.492027610753885,95.1638453105796,5.));
#2292=CARTESIAN_POINT('',(-11.0598688033897,50.4364501284455,5.00000000000011));
#2293=CARTESIAN_POINT('',(-11.0598688033897,45.5476672964163,5.));
#2294=CARTESIAN_POINT('',(-14.9241854061831,50.4364501284455,5.));
#2295=CARTESIAN_POINT('',(-2.49202761075389,50.4364501284455,5.));
#2296=CARTESIAN_POINT('',(-14.9241855853838,41.5064603592209,5.));
#2297=CARTESIAN_POINT('',(-14.9241844856571,96.3084169853244,5.));
#2298=CARTESIAN_POINT('',(-1.66351202965012,41.5064603592213,5.00000000000003));
#2299=CARTESIAN_POINT('',(4.20615077611588,41.5064603592214,5.));
#2300=CARTESIAN_POINT('',(3.33636620640645,46.5413548363276,4.99999999999999));
#2301=CARTESIAN_POINT('Origin',(-1.66351202964958,46.5064603592214,5.0000000000001));
#2302=CARTESIAN_POINT('',(6.3361353702556,49.5041397369729,4.99999999999996));
#2303=CARTESIAN_POINT('Origin',(6.33613537025557,46.5041397369729,5.00000000000003));
#2304=CARTESIAN_POINT('',(12.5159447785786,49.5041397369731,4.99999999999991));
#2305=CARTESIAN_POINT('',(11.2958791802302,49.504139736973,5.));
#2306=CARTESIAN_POINT('',(12.5159447785786,54.9045936444307,4.99999999999991));
#2307=CARTESIAN_POINT('',(12.5159447785786,47.7817390544089,5.));
#2308=CARTESIAN_POINT('',(20.0159447785786,54.9045936444307,4.99999999999985));
#2309=CARTESIAN_POINT('',(15.0458791802303,54.9045936444307,5.));
#2310=CARTESIAN_POINT('',(20.0159447785786,46.5872466022593,4.99999999999985));
#2311=CARTESIAN_POINT('',(20.0159447785786,43.6230655333232,5.));
#2312=CARTESIAN_POINT('Origin',(21.0159447785786,46.5872466022593,4.99999999999991));
#2313=CARTESIAN_POINT('Origin',(35.075813581882,0.00935179468358527,0.));
#2314=CARTESIAN_POINT('',(35.075813581882,96.3084212127427,2.5));
#2315=CARTESIAN_POINT('',(35.075813581882,20.3341181295354,2.5));
#2316=CARTESIAN_POINT('',(35.075813581882,96.3084212127427,0.));
#2317=CARTESIAN_POINT('Origin',(32.575813581882,20.3341181295354,2.5));
#2318=CARTESIAN_POINT('',(32.575813581882,96.3084212127427,0.));
#2319=CARTESIAN_POINT('',(32.575813581882,20.3341181295354,0.));
#2320=CARTESIAN_POINT('Origin',(32.575813581882,96.3084212127427,2.5));
#2321=CARTESIAN_POINT('Origin',(25.075817660534,96.3084212127427,2.5));
#2322=CARTESIAN_POINT('',(25.075817660534,103.808417134091,0.));
#2323=CARTESIAN_POINT('Origin',(25.075817660534,96.3084212127427,0.));
#2324=CARTESIAN_POINT('',(25.075817660534,106.308417134091,2.5));
#2325=CARTESIAN_POINT('Origin',(25.075817660534,103.808417134091,2.5));
#2326=CARTESIAN_POINT('Origin',(25.075817660534,96.3084212127427,2.5));
#2327=CARTESIAN_POINT('Origin',(17.5758152679858,103.808417046731,2.5));
#2328=CARTESIAN_POINT('',(-4.92418457301689,103.808416784652,0.));
#2329=CARTESIAN_POINT('',(-4.92418460213682,106.308416784652,2.5));
#2330=CARTESIAN_POINT('Origin',(-4.92418457301689,103.808416784652,2.5));
#2331=CARTESIAN_POINT('',(17.5758152388659,106.308417046731,2.5));
#2332=CARTESIAN_POINT('',(17.5758152679858,103.808417046731,0.));
#2333=CARTESIAN_POINT('Origin',(-4.92418448565707,96.3084167846515,2.5));
#2334=CARTESIAN_POINT('',(-12.4241844856571,96.3084169351562,0.));
#2335=CARTESIAN_POINT('',(-14.9241844856571,96.3084169853244,2.5));
#2336=CARTESIAN_POINT('Origin',(-12.4241844856571,96.3084169351562,2.5));
#2337=CARTESIAN_POINT('Origin',(-4.92418448565707,96.3084167846515,2.5));
#2338=CARTESIAN_POINT('Origin',(-4.92418448565707,96.3084167846515,0.));
#2339=CARTESIAN_POINT('Origin',(-12.4241850440247,68.4836509255287,2.5));
#2340=CARTESIAN_POINT('',(-12.4241864181182,0.00935224619767361,0.));
#2341=CARTESIAN_POINT('',(-14.9241864181182,0.00935229636588986,2.5));
#2342=CARTESIAN_POINT('Origin',(-12.4241864181182,0.00935224619767361,2.5));
#2343=CARTESIAN_POINT('',(-14.9241850440247,68.4836509756969,2.5));
#2344=CARTESIAN_POINT('',(-12.4241850440247,68.4836509255287,0.));
#2345=CARTESIAN_POINT('Origin',(10.075813581882,0.00935179468359051,2.5));
#2346=CARTESIAN_POINT('',(32.575813581882,0.00935179468358514,0.));
#2347=CARTESIAN_POINT('',(35.075813581882,0.00935179468358527,2.5));
#2348=CARTESIAN_POINT('Origin',(32.575813581882,0.00935179468358514,2.5));
#2349=CARTESIAN_POINT('Origin',(10.075813581882,0.00935179468359051,2.5));
#2350=CARTESIAN_POINT('Origin',(10.075813581882,0.00935179468359051,0.));
#2351=CARTESIAN_POINT('Origin',(32.575813581882,20.3341181295354,2.5));
#2352=CARTESIAN_POINT('',(35.075813581882,20.3341181295354,2.5));
#2353=CARTESIAN_POINT('',(32.575813581882,20.3341181295354,0.));
#2354=CARTESIAN_POINT('Origin',(10.075813581882,0.00935179468359051,0.));
#2355=CARTESIAN_POINT('',(35.075813581882,0.00935179468358527,5.));
#2356=CARTESIAN_POINT('',(35.075813581882,0.00935179468358527,0.));
#2357=CARTESIAN_POINT('',(-14.9241864181182,0.00935229636588986,5.));
#2358=CARTESIAN_POINT('Origin',(10.075813581882,0.00935179468359051,5.));
#2359=CARTESIAN_POINT('',(-14.9241864181182,0.00935229636588986,0.));
#2360=CARTESIAN_POINT('Origin',(35.075813581882,0.00935179468358527,0.));
#2361=CARTESIAN_POINT('',(35.075813581882,96.3084212127427,5.));
#2362=CARTESIAN_POINT('Origin',(25.075817660534,96.3084212127427,0.));
#2363=CARTESIAN_POINT('',(25.075817660534,106.308417134091,0.));
#2364=CARTESIAN_POINT('Origin',(10.0758135818819,40.6588844643872,0.));
#2365=CARTESIAN_POINT('',(4.12581358188211,0.00935179468359407,0.));
#2366=CARTESIAN_POINT('Origin',(10.0758135818821,0.0093517946835936,0.));
#2367=CARTESIAN_POINT('',(11.5579727505008,24.5092578664131,0.));
#2368=CARTESIAN_POINT('Origin',(10.0079727505008,24.5092578664131,0.));
#2369=CARTESIAN_POINT('',(11.5579727258228,20.5092578664131,0.));
#2370=CARTESIAN_POINT('Origin',(10.0079727258228,20.5092578664131,0.));
#2371=CARTESIAN_POINT('Origin',(4.23516017868249,98.9863262231237,23.5892624930826));
#2372=CARTESIAN_POINT('',(4.86095651339969,101.069326223124,23.5892624930826));
#2373=CARTESIAN_POINT('Origin',(4.86095651339969,98.9863262231237,23.5892624930826));
#2374=CARTESIAN_POINT('',(3.60936384396529,98.9863262231237,23.5892624930826));
#2375=CARTESIAN_POINT('',(4.23516017868249,100.027826223124,23.5892624930826));
#2376=CARTESIAN_POINT('Origin',(13.5109565133997,98.9863262231237,23.5892624930826));
#2377=CARTESIAN_POINT('',(13.5109565133997,102.136326223124,23.5892624930826));
#2378=CARTESIAN_POINT('Origin',(13.5109565133997,98.9863262231237,23.5892624930826));
#2379=CARTESIAN_POINT('',(13.5109565133997,101.069326223124,23.5892624930826));
#2380=CARTESIAN_POINT('Origin',(13.5109565133997,98.9863262231237,23.5892624930826));
#2381=CARTESIAN_POINT('Origin',(16.6859565133997,98.9863262231237,23.5892624930826));
#2382=CARTESIAN_POINT('',(19.8609565134006,102.136326223124,23.5892624930826));
#2383=CARTESIAN_POINT('Origin',(19.8609565134005,98.9863262231237,23.5892624930826));
#2384=CARTESIAN_POINT('',(16.6859565133997,102.136326223124,23.5892624930826));
#2385=CARTESIAN_POINT('Origin',(12.3609565133997,98.9863262231237,23.5892624930826));
#2386=CARTESIAN_POINT('',(12.3609565133997,101.069326223124,23.5892624930826));
#2387=CARTESIAN_POINT('Origin',(4.23516017868249,98.9863262231237,33.5892624930826));
#2388=CARTESIAN_POINT('',(4.86095651339969,101.069326223124,33.5892624930826));
#2389=CARTESIAN_POINT('Origin',(4.86095651339969,98.9863262231237,33.5892624930826));
#2390=CARTESIAN_POINT('',(3.60936384396529,98.9863262231237,33.5892624930826));
#2391=CARTESIAN_POINT('',(4.23516017868249,100.027826223124,33.5892624930826));
#2392=CARTESIAN_POINT('Origin',(13.5109565133997,98.9863262231237,33.5892624930826));
#2393=CARTESIAN_POINT('',(13.5109565133997,102.136326223124,33.5892624930826));
#2394=CARTESIAN_POINT('Origin',(13.5109565133997,98.9863262231237,33.5892624930826));
#2395=CARTESIAN_POINT('',(13.5109565133997,101.069326223124,33.5892624930826));
#2396=CARTESIAN_POINT('Origin',(13.5109565133997,98.9863262231237,33.5892624930826));
#2397=CARTESIAN_POINT('Origin',(16.6859565133997,98.9863262231237,33.5892624930826));
#2398=CARTESIAN_POINT('',(19.8609565134006,102.136326223124,33.5892624930826));
#2399=CARTESIAN_POINT('Origin',(19.8609565134005,98.9863262231237,33.5892624930826));
#2400=CARTESIAN_POINT('',(16.6859565133997,102.136326223124,33.5892624930826));
#2401=CARTESIAN_POINT('Origin',(12.3609565133997,98.9863262231237,33.5892624930826));
#2402=CARTESIAN_POINT('',(12.3609565133997,101.069326223124,33.5892624930826));
#2403=CARTESIAN_POINT('Origin',(-15.5598688033895,63.9092860932261,28.5587816167325));
#2404=CARTESIAN_POINT('',(-15.0598688033895,57.9592860932261,28.5587816167325));
#2405=CARTESIAN_POINT('Origin',(-15.0598688033895,63.9092860932261,28.5587816167325));
#2406=CARTESIAN_POINT('',(-16.0598688033895,58.9592860932261,28.5587816167325));
#2407=CARTESIAN_POINT('',(-15.5598688033895,58.4592860932261,28.5587816167325));
#2408=CARTESIAN_POINT('Origin',(-16.0598688033895,63.9092860932261,28.5587816167325));
#2409=CARTESIAN_POINT('Origin',(-15.0598688033895,63.9092860932261,28.5587816167325));
#2410=CARTESIAN_POINT('',(-20.0598688033895,58.9592860932261,28.5587816167325));
#2411=CARTESIAN_POINT('Origin',(-20.0598688033895,63.9092860932261,28.5587816167325));
#2412=CARTESIAN_POINT('',(-15.0598688033895,58.9592860932261,28.5587816167325));
#2413=CARTESIAN_POINT('Origin',(-15.0598688033897,96.3084212127427,5.00000000000014));
#2414=CARTESIAN_POINT('',(-15.0598688033897,96.3084212127427,5.00000000000014));
#2415=CARTESIAN_POINT('',(-15.0598688033897,50.4364501284455,5.00000000000014));
#2416=CARTESIAN_POINT('',(-15.0598688033897,96.3084212127427,5.00000000000014));
#2417=CARTESIAN_POINT('',(-15.0598688033893,50.4364501284455,55.0000000000001));
#2418=CARTESIAN_POINT('',(-15.0598688033897,50.4364501284455,5.00000000000014));
#2419=CARTESIAN_POINT('',(-15.0598688033893,96.3084212127427,55.0000000000001));
#2420=CARTESIAN_POINT('',(-15.0598688033893,96.3084212127427,55.0000000000001));
#2421=CARTESIAN_POINT('',(-15.0598688033897,96.3084212127427,5.00000000000014));
#2422=CARTESIAN_POINT('Origin',(-20.0598688033895,63.9092860932261,28.5587816167325));
#2423=CARTESIAN_POINT('Origin',(5.0159447785788,51.0322995093049,23.5883405051967));
#2424=CARTESIAN_POINT('',(5.01594477857881,49.1980396611809,24.57544729251));
#2425=CARTESIAN_POINT('',(5.01594477857879,49.1980396611809,22.6012337178833));
#2426=CARTESIAN_POINT('',(5.01594477857865,49.1980396611809,4.99999999999998));
#2427=CARTESIAN_POINT('Origin',(5.0159447785788,51.0322995093049,23.5883405051967));
#2428=CARTESIAN_POINT('Origin',(13.6659447785788,51.0322995093049,23.5883405051966));
#2429=CARTESIAN_POINT('',(13.6659447785788,54.1822995093049,23.5883405051966));
#2430=CARTESIAN_POINT('Origin',(13.6659447785788,51.0322995093049,23.5883405051966));
#2431=CARTESIAN_POINT('',(13.6659447785788,53.1152995093049,23.5883405051966));
#2432=CARTESIAN_POINT('Origin',(13.6659447785788,51.0322995093049,23.5883405051966));
#2433=CARTESIAN_POINT('Origin',(16.8409447785788,51.0322995093049,23.5883405051966));
#2434=CARTESIAN_POINT('',(20.0159447785788,54.1822995093049,23.5883405051965));
#2435=CARTESIAN_POINT('Origin',(20.0159447785788,51.0322995093049,23.5883405051965));
#2436=CARTESIAN_POINT('',(16.8409447785788,54.1822995093049,23.5883405051966));
#2437=CARTESIAN_POINT('Origin',(12.5159447785788,51.0322995093049,23.5883405051966));
#2438=CARTESIAN_POINT('',(12.5159447785788,53.1152995093049,23.5883405051966));
#2439=CARTESIAN_POINT('',(12.5159447785788,53.1152995093049,23.5883405051966));
#2440=CARTESIAN_POINT('',(12.5159447785788,49.5041397369731,22.1728488202239));
#2441=CARTESIAN_POINT('Origin',(12.5159447785788,51.0322995093049,23.5883405051966));
#2442=CARTESIAN_POINT('',(6.33613537025574,49.5041397369729,22.1728488202242));
#2443=CARTESIAN_POINT('',(12.5159447785788,49.5041397369731,22.1728488202239));
#2444=CARTESIAN_POINT('Ctrl Pts',(5.01594477857879,49.1980396611809,22.6012337178833));
#2445=CARTESIAN_POINT('Ctrl Pts',(5.03570913328326,49.2077255128701,22.5832352914955));
#2446=CARTESIAN_POINT('Ctrl Pts',(5.05606863032989,49.2174360911068,22.5658370772124));
#2447=CARTESIAN_POINT('Ctrl Pts',(5.18734713022199,49.2781223222951,22.4603613079827));
#2448=CARTESIAN_POINT('Ctrl Pts',(5.31360208800839,49.3281061095599,22.3885454370504));
#2449=CARTESIAN_POINT('Ctrl Pts',(5.72260797396141,49.4545718452705,22.2211463945669));
#2450=CARTESIAN_POINT('Ctrl Pts',(6.03735688932979,49.5041397369729,22.1728488202242));
#2451=CARTESIAN_POINT('Ctrl Pts',(6.33613537025571,49.5041397369729,22.1728488202242));
#2452=CARTESIAN_POINT('',(6.33613537025576,49.5041397369729,25.0038321901691));
#2453=CARTESIAN_POINT('Ctrl Pts',(6.33613537025574,49.5041397369729,25.0038321901691));
#2454=CARTESIAN_POINT('Ctrl Pts',(6.03735688932981,49.5041397369729,25.0038321901691));
#2455=CARTESIAN_POINT('Ctrl Pts',(5.72260797396144,49.4545718452705,24.9555346158264));
#2456=CARTESIAN_POINT('Ctrl Pts',(5.31360208800841,49.3281061095599,24.7881355733429));
#2457=CARTESIAN_POINT('Ctrl Pts',(5.18734713022201,49.2781223222951,24.7163197024106));
#2458=CARTESIAN_POINT('Ctrl Pts',(5.0560686303299,49.2174360911068,24.6108439331809));
#2459=CARTESIAN_POINT('Ctrl Pts',(5.03570913328328,49.2077255128701,24.5934457188978));
#2460=CARTESIAN_POINT('Ctrl Pts',(5.01594477857881,49.1980396611809,24.57544729251));
#2461=CARTESIAN_POINT('',(12.5159447785788,49.5041397369731,25.0038321901692));
#2462=CARTESIAN_POINT('',(12.5159447785788,49.5041397369731,25.0038321901692));
#2463=CARTESIAN_POINT('Origin',(12.5159447785788,51.0322995093049,23.5883405051966));
#2464=CARTESIAN_POINT('Origin',(5.01594477857888,51.0322995093049,33.5883405051966));
#2465=CARTESIAN_POINT('',(5.01594477857889,49.1980396611809,34.57544729251));
#2466=CARTESIAN_POINT('',(5.01594477857887,49.1980396611809,32.6012337178833));
#2467=CARTESIAN_POINT('',(5.01594477857864,49.1980396611809,4.99999999999997));
#2468=CARTESIAN_POINT('Origin',(5.01594477857888,51.0322995093049,33.5883405051966));
#2469=CARTESIAN_POINT('Origin',(13.6659447785789,51.0322995093049,33.5883405051966));
#2470=CARTESIAN_POINT('',(13.6659447785789,54.1822995093049,33.5883405051966));
#2471=CARTESIAN_POINT('Origin',(13.6659447785789,51.0322995093049,33.5883405051966));
#2472=CARTESIAN_POINT('',(13.6659447785789,53.1152995093049,33.5883405051966));
#2473=CARTESIAN_POINT('Origin',(13.6659447785789,51.0322995093049,33.5883405051966));
#2474=CARTESIAN_POINT('Origin',(16.8409447785789,51.0322995093049,33.5883405051965));
#2475=CARTESIAN_POINT('',(20.0159447785789,54.1822995093049,33.5883405051965));
#2476=CARTESIAN_POINT('Origin',(20.0159447785789,51.0322995093049,33.5883405051965));
#2477=CARTESIAN_POINT('',(16.8409447785789,54.1822995093049,33.5883405051965));
#2478=CARTESIAN_POINT('Origin',(12.5159447785789,51.0322995093049,33.5883405051966));
#2479=CARTESIAN_POINT('',(12.5159447785789,53.1152995093049,33.5883405051966));
#2480=CARTESIAN_POINT('',(12.5159447785789,53.1152995093049,33.5883405051966));
#2481=CARTESIAN_POINT('',(12.5159447785789,49.5041397369731,32.1728488202239));
#2482=CARTESIAN_POINT('Origin',(12.5159447785789,51.0322995093049,33.5883405051966));
#2483=CARTESIAN_POINT('',(6.33613537025582,49.5041397369729,32.1728488202242));
#2484=CARTESIAN_POINT('',(12.5159447785789,49.5041397369731,32.1728488202239));
#2485=CARTESIAN_POINT('Ctrl Pts',(5.01594477857887,49.1980396611809,32.6012337178833));
#2486=CARTESIAN_POINT('Ctrl Pts',(5.03570913328334,49.2077255128701,32.5832352914955));
#2487=CARTESIAN_POINT('Ctrl Pts',(5.05606863032997,49.2174360911068,32.5658370772124));
#2488=CARTESIAN_POINT('Ctrl Pts',(5.18734713022207,49.2781223222951,32.4603613079827));
#2489=CARTESIAN_POINT('Ctrl Pts',(5.31360208800847,49.3281061095599,32.3885454370504));
#2490=CARTESIAN_POINT('Ctrl Pts',(5.7226079739615,49.4545718452705,32.2211463945669));
#2491=CARTESIAN_POINT('Ctrl Pts',(6.03735688932987,49.5041397369729,32.1728488202242));
#2492=CARTESIAN_POINT('Ctrl Pts',(6.33613537025579,49.5041397369729,32.1728488202242));
#2493=CARTESIAN_POINT('',(6.33613537025584,49.5041397369729,35.0038321901691));
#2494=CARTESIAN_POINT('Ctrl Pts',(6.33613537025582,49.5041397369729,35.0038321901691));
#2495=CARTESIAN_POINT('Ctrl Pts',(6.03735688932989,49.5041397369729,35.0038321901691));
#2496=CARTESIAN_POINT('Ctrl Pts',(5.72260797396152,49.4545718452705,34.9555346158264));
#2497=CARTESIAN_POINT('Ctrl Pts',(5.31360208800849,49.3281061095599,34.7881355733429));
#2498=CARTESIAN_POINT('Ctrl Pts',(5.1873471302221,49.2781223222951,34.7163197024106));
#2499=CARTESIAN_POINT('Ctrl Pts',(5.05606863032999,49.2174360911068,34.6108439331809));
#2500=CARTESIAN_POINT('Ctrl Pts',(5.03570913328335,49.2077255128701,34.5934457188978));
#2501=CARTESIAN_POINT('Ctrl Pts',(5.01594477857889,49.1980396611809,34.57544729251));
#2502=CARTESIAN_POINT('',(12.5159447785789,49.5041397369731,35.0038321901692));
#2503=CARTESIAN_POINT('',(12.5159447785789,49.5041397369731,35.0038321901692));
#2504=CARTESIAN_POINT('Origin',(12.5159447785789,51.0322995093049,33.5883405051966));
#2505=CARTESIAN_POINT('Origin',(6.33613537025557,46.5041397369729,4.99999999999996));
#2506=CARTESIAN_POINT('',(6.3361353702556,49.5041397369729,4.99999999999996));
#2507=CARTESIAN_POINT('',(3.33636620640645,46.5413548363276,4.99999999999999));
#2508=CARTESIAN_POINT('',(6.3361353702556,49.5041397369729,4.99999999999996));
#2509=CARTESIAN_POINT('',(6.3361353702556,49.5041397369729,4.99999999999996));
#2510=CARTESIAN_POINT('Origin',(12.5159447785786,49.5041397369731,4.99999999999991));
#2511=CARTESIAN_POINT('',(12.5159447785786,49.5041397369731,4.99999999999991));
#2512=CARTESIAN_POINT('Origin',(12.5159447785786,49.5041397369731,4.99999999999991));
#2513=CARTESIAN_POINT('',(12.5159447785786,49.5041397369731,4.99999999999991));
#2514=CARTESIAN_POINT('Origin',(12.5159447785786,49.5041397369731,4.99999999999991));
#2515=CARTESIAN_POINT('',(12.5159447785786,49.5041397369731,4.99999999999991));
#2516=CARTESIAN_POINT('Origin',(7.11912863081979,42.2915368227029,44.6244621131077));
#2517=CARTESIAN_POINT('',(5.86912863081979,42.2915368227029,44.9999999999999));
#2518=CARTESIAN_POINT('Origin',(7.11912863081979,42.2915368227029,44.9999999999999));
#2519=CARTESIAN_POINT('',(7.11912863081979,42.2915368227029,44.2489242262154));
#2520=CARTESIAN_POINT('',(6.49412863081979,42.2915368227029,44.6244621131077));
#2521=CARTESIAN_POINT('Origin',(7.11912863081979,42.2915368227029,50.9999999999999));
#2522=CARTESIAN_POINT('',(5.36912863081979,42.2915368227029,50.9999999999999));
#2523=CARTESIAN_POINT('Origin',(7.11912863081979,42.2915368227029,50.9999999999999));
#2524=CARTESIAN_POINT('',(5.86912863081979,42.2915368227029,50.9999999999999));
#2525=CARTESIAN_POINT('Origin',(7.11912863081979,42.2915368227029,50.9999999999999));
#2526=CARTESIAN_POINT('Origin',(7.11912863081979,42.2915368227029,52.9999999999999));
#2527=CARTESIAN_POINT('',(5.36912863081979,42.2915368227029,52.9999999999999));
#2528=CARTESIAN_POINT('Origin',(7.11912863081979,42.2915368227029,49.9999999999999));
#2529=CARTESIAN_POINT('',(5.86912863081979,42.2915368227029,49.9999999999999));
#2530=CARTESIAN_POINT('Origin',(-6.54807766121031,98.6499471015053,44.6244621131077));
#2531=CARTESIAN_POINT('',(-7.79807766121031,98.6499471015053,44.9999999999999));
#2532=CARTESIAN_POINT('Origin',(-6.54807766121031,98.6499471015053,44.9999999999999));
#2533=CARTESIAN_POINT('',(-6.54807766121031,98.6499471015053,44.2489242262154));
#2534=CARTESIAN_POINT('',(-7.17307766121031,98.6499471015053,44.6244621131077));
#2535=CARTESIAN_POINT('Origin',(-6.54807766121031,98.6499471015053,50.9999999999999));
#2536=CARTESIAN_POINT('',(-8.29807766121031,98.6499471015053,50.9999999999999));
#2537=CARTESIAN_POINT('Origin',(-6.54807766121031,98.6499471015053,50.9999999999999));
#2538=CARTESIAN_POINT('',(-7.79807766121031,98.6499471015053,50.9999999999999));
#2539=CARTESIAN_POINT('Origin',(-6.54807766121031,98.6499471015053,50.9999999999999));
#2540=CARTESIAN_POINT('Origin',(-6.54807766121031,98.6499471015053,52.9999999999999));
#2541=CARTESIAN_POINT('',(-8.29807766121031,98.6499471015053,55.));
#2542=CARTESIAN_POINT('Origin',(-6.54807766121031,98.6499471015053,55.));
#2543=CARTESIAN_POINT('',(-8.29807766121031,98.6499471015053,52.9999999999999));
#2544=CARTESIAN_POINT('Origin',(-6.54807766121031,98.6499471015053,49.9999999999999));
#2545=CARTESIAN_POINT('',(-7.79807766121031,98.6499471015053,49.9999999999999));
#2546=CARTESIAN_POINT('Origin',(28.1601661383188,42.4014511823109,44.6244621131077));
#2547=CARTESIAN_POINT('',(26.9101661383188,42.4014511823109,44.9999999999999));
#2548=CARTESIAN_POINT('Origin',(28.1601661383188,42.4014511823109,44.9999999999999));
#2549=CARTESIAN_POINT('',(28.1601661383188,42.4014511823109,44.2489242262154));
#2550=CARTESIAN_POINT('',(27.5351661383188,42.4014511823109,44.6244621131077));
#2551=CARTESIAN_POINT('Origin',(28.1601661383188,42.4014511823109,50.9999999999999));
#2552=CARTESIAN_POINT('',(26.4101661383188,42.4014511823109,50.9999999999999));
#2553=CARTESIAN_POINT('Origin',(28.1601661383188,42.4014511823109,50.9999999999999));
#2554=CARTESIAN_POINT('',(26.9101661383188,42.4014511823109,50.9999999999999));
#2555=CARTESIAN_POINT('Origin',(28.1601661383188,42.4014511823109,50.9999999999999));
#2556=CARTESIAN_POINT('Origin',(28.1601661383188,42.4014511823109,52.9999999999999));
#2557=CARTESIAN_POINT('',(26.4101661383188,42.4014511823109,52.9999999999999));
#2558=CARTESIAN_POINT('Origin',(28.1601661383188,42.4014511823109,49.9999999999999));
#2559=CARTESIAN_POINT('',(26.9101661383188,42.4014511823109,49.9999999999999));
#2560=CARTESIAN_POINT('Origin',(-11.0598688033897,95.1638453105796,5.00000000000011));
#2561=CARTESIAN_POINT('',(19.8609565134011,95.1638453105796,54.9999999999999));
#2562=CARTESIAN_POINT('',(19.8609565134006,95.1638453105796,4.99999999999985));
#2563=CARTESIAN_POINT('',(-11.0598688033893,95.1638453105796,55.0000000000001));
#2564=CARTESIAN_POINT('',(19.8609565134011,95.1638453105796,54.9999999999999));
#2565=CARTESIAN_POINT('',(-11.0598688033897,95.1638453105796,5.00000000000011));
#2566=CARTESIAN_POINT('Origin',(-11.0598688033897,50.4364501284455,5.00000000000011));
#2567=CARTESIAN_POINT('',(-11.0598688033893,50.4364501284455,55.0000000000001));
#2568=CARTESIAN_POINT('',(-11.0598688033893,96.3084212127427,55.0000000000001));
#2569=CARTESIAN_POINT('',(-11.0598688033897,50.4364501284455,5.00000000000011));
#2570=CARTESIAN_POINT('Origin',(-15.0598688033897,50.4364501284455,5.00000000000014));
#2571=CARTESIAN_POINT('',(-11.0598688033893,50.4364501284455,55.0000000000001));
#2572=CARTESIAN_POINT('',(-11.0598688033897,50.4364501284455,5.00000000000011));
#2573=CARTESIAN_POINT('Origin',(-5.05987288204163,96.3084212127427,5.00000000000006));
#2574=CARTESIAN_POINT('',(-5.05987288204163,106.308417134091,5.00000000000006));
#2575=CARTESIAN_POINT('Origin',(-5.05987288204163,96.3084212127427,5.00000000000006));
#2576=CARTESIAN_POINT('',(-5.05987288204121,106.308417134091,55.0000000000001));
#2577=CARTESIAN_POINT('Origin',(-5.05987288204122,96.3084212127427,55.0000000000001));
#2578=CARTESIAN_POINT('',(-5.05987288204163,106.308417134091,5.00000000000006));
#2579=CARTESIAN_POINT('Origin',(19.8609565134007,106.308416843814,4.99999999999985));
#2580=CARTESIAN_POINT('',(-4.92418460213682,106.308416784652,5.));
#2581=CARTESIAN_POINT('',(-4.92418460213682,106.308416784652,5.));
#2582=CARTESIAN_POINT('',(24.9401293806292,106.308416784652,4.99999999999981));
#2583=CARTESIAN_POINT('',(19.8609565134011,106.308416843814,54.9999999999999));
#2584=CARTESIAN_POINT('',(24.9401293806296,106.308416784652,54.9999999999998));
#2585=CARTESIAN_POINT('',(19.8609565134007,106.308416843814,4.99999999999985));
#2586=CARTESIAN_POINT('Origin',(19.8609565134005,95.1638453105796,4.99999999999985));
#2587=CARTESIAN_POINT('',(19.8609565134011,102.75062209872,54.9999999999999));
#2588=CARTESIAN_POINT('Origin',(2.40054385500591,78.3724336312681,55.));
#2589=CARTESIAN_POINT('Origin',(2.4005438550055,78.3724336312681,5.));
#2590=CARTESIAN_POINT('',(-14.9241844856571,96.3084169853244,5.));
#2591=CARTESIAN_POINT('',(-14.9241844856571,96.3084169853244,5.));
#2592=CARTESIAN_POINT('Origin',(-4.92418448565707,96.3084167846515,5.));
#2593=CARTESIAN_POINT('Origin',(-1.66351202964958,46.5064603592214,5.00000000000003));
#2594=CARTESIAN_POINT('',(-1.66351202965012,41.5064603592213,5.00000000000003));
#2595=CARTESIAN_POINT('Origin',(12.5159447785786,54.9045936444307,4.99999999999991));
#2596=CARTESIAN_POINT('',(12.5159447785786,54.9045936444307,4.99999999999991));
#2597=CARTESIAN_POINT('Origin',(20.0159447785786,54.9045936444307,4.99999999999985));
#2598=CARTESIAN_POINT('',(20.0159447785786,54.9045936444307,4.99999999999985));
#2599=CARTESIAN_POINT('Origin',(20.0159447785786,46.5872466022593,4.99999999999985));
#2600=CARTESIAN_POINT('',(20.0159447785786,46.5872466022593,4.99999999999985));
#2601=CARTESIAN_POINT('Origin',(21.0159447785786,46.5872466022593,4.99999999999984));
#2602=CARTESIAN_POINT('Origin',(-15.0598688033897,41.5064603592209,5.00000000000014));
#2603=CARTESIAN_POINT('',(-15.0598688033897,41.5064603592209,5.00000000000014));
#2604=CARTESIAN_POINT('',(-15.0598688033897,41.5064603592209,5.00000000000014));
#2605=CARTESIAN_POINT('',(-15.0598688033897,41.5064603592209,5.00000000000014));
#2606=CARTESIAN_POINT('Origin',(-1.66351202965012,41.5064603592213,5.00000000000003));
#2607=CARTESIAN_POINT('',(-1.66351202965012,41.5064603592213,5.00000000000003));
#2608=CARTESIAN_POINT('Origin',(9.94013080525166,46.900076812154,4.99999999999993));
#2609=CARTESIAN_POINT('',(-14.9241844856571,96.3084169853244,5.));
#2610=CARTESIAN_POINT('Origin',(10.0079727258228,20.5092578664131,2.49999999999992));
#2611=CARTESIAN_POINT('',(11.5579727258228,20.5092578664131,2.5));
#2612=CARTESIAN_POINT('',(11.5579727258228,20.5092578664131,2.49999999999992));
#2613=CARTESIAN_POINT('Origin',(10.0079727258228,20.5092578664131,2.5));
#2614=CARTESIAN_POINT('Origin',(10.0079727505008,24.5092578664131,2.49999999999992));
#2615=CARTESIAN_POINT('',(11.5579727505008,24.5092578664131,2.5));
#2616=CARTESIAN_POINT('',(11.5579727505008,24.5092578664131,2.49999999999992));
#2617=CARTESIAN_POINT('Origin',(10.0079727505008,24.5092578664131,2.5));
#2618=CARTESIAN_POINT('Origin',(2.82707003115709,4.66277643214389,5.));
#2619=CARTESIAN_POINT('',(2.82707003115709,4.66277643214389,5.));
#2620=CARTESIAN_POINT('',(6.00797441193853,9.52499494532633,5.));
#2621=CARTESIAN_POINT('',(12.1588449156399,18.9269991727962,5.));
#2622=CARTESIAN_POINT('',(2.82707003115707,4.66277643214389,2.5));
#2623=CARTESIAN_POINT('',(2.82707003115709,4.66277643214389,5.));
#2624=CARTESIAN_POINT('',(6.00797441193851,9.52499494532633,2.5));
#2625=CARTESIAN_POINT('',(5.11772335632478,8.16418850608282,2.5));
#2626=CARTESIAN_POINT('',(6.00797441193853,9.52499494532633,5.));
#2627=CARTESIAN_POINT('Origin',(9.94013119661031,0.0093517946835905,5.));
#2628=CARTESIAN_POINT('',(17.1426290109543,4.52311134015895,5.));
#2629=CARTESIAN_POINT('Origin',(9.94013119661031,0.0093517946835905,5.));
#2630=CARTESIAN_POINT('',(17.1426290109543,4.52311134015895,2.5));
#2631=CARTESIAN_POINT('',(17.1426290109543,4.52311134015895,5.));
#2632=CARTESIAN_POINT('Origin',(9.94013119661029,0.0093517946835905,2.5));
#2633=CARTESIAN_POINT('Origin',(14.0079744119387,9.52500447838901,5.));
#2634=CARTESIAN_POINT('',(14.0079744119387,9.52500447838901,5.));
#2635=CARTESIAN_POINT('',(6.44889434715467,21.5868471832435,5.));
#2636=CARTESIAN_POINT('',(14.0079744119387,9.52500447838901,2.5));
#2637=CARTESIAN_POINT('',(14.0079744119387,9.52500447838901,5.));
#2638=CARTESIAN_POINT('',(13.3254614021203,10.6140741135684,2.5));
#2639=CARTESIAN_POINT('Origin',(14.0079748800914,24.5092589835036,5.));
#2640=CARTESIAN_POINT('',(14.0079748800914,24.5092589835036,5.));
#2641=CARTESIAN_POINT('',(14.0079751323726,32.5840716625192,5.));
#2642=CARTESIAN_POINT('',(14.0079748800914,24.5092589835036,2.5));
#2643=CARTESIAN_POINT('',(14.0079748800914,24.5092589835036,5.));
#2644=CARTESIAN_POINT('',(14.0079746535806,17.2592821343138,2.5));
#2645=CARTESIAN_POINT('Origin',(10.0079748800914,24.5092590297474,5.));
#2646=CARTESIAN_POINT('',(6.00797488009142,24.5092590759912,5.));
#2647=CARTESIAN_POINT('Origin',(10.0079748800914,24.5092590297474,5.));
#2648=CARTESIAN_POINT('',(6.0079748800914,24.5092590759912,2.5));
#2649=CARTESIAN_POINT('',(6.00797488009142,24.5092590759912,5.));
#2650=CARTESIAN_POINT('Origin',(10.0079748800914,24.5092590297474,2.5));
#2651=CARTESIAN_POINT('Origin',(6.00797441193853,9.52499494532633,5.));
#2652=CARTESIAN_POINT('',(6.0079748982961,25.0919397684024,5.));
#2653=CARTESIAN_POINT('',(6.00797441950416,9.76715024019703,2.5));
#2654=CARTESIAN_POINT('Origin',(9.94013119661029,10.0093054122155,2.5));
#2655=CARTESIAN_POINT('Origin',(10.0758135818819,40.6588844643872,5.));
#2656=CARTESIAN_POINT('',(-14.9241844856571,96.3084169853244,5.));
#2657=CARTESIAN_POINT('Origin',(10.0758135818821,0.0093517946835936,-0.5));
#2658=CARTESIAN_POINT('',(5.12581358188211,0.00935179468359278,-1.));
#2659=CARTESIAN_POINT('',(4.62581358188211,0.00935179468359269,-0.5));
#2660=CARTESIAN_POINT('Origin',(10.0758135818821,0.0093517946835936,-1.));
#2661=CARTESIAN_POINT('Origin',(10.0758135818821,0.0093517946835936,4.44089209850063E-15));
#2662=CARTESIAN_POINT('',(5.12581358188211,0.00935179468359399,-5.));
#2663=CARTESIAN_POINT('Origin',(10.0758135818821,0.0093517946835936,-5.));
#2664=CARTESIAN_POINT('',(5.12581358188211,0.00935179468359399,4.44089209850063E-15));
#2665=CARTESIAN_POINT('Origin',(10.0758135818821,0.00935179468359348,-5.));
#2666=CARTESIAN_POINT('Origin',(-14.9241844856571,96.3084169853244,0.));
#2667=CARTESIAN_POINT('',(-14.9241844856571,96.3084169853244,0.));
#2668=CARTESIAN_POINT('Origin',(-4.92418448565707,96.3084167846515,0.));
#2669=CARTESIAN_POINT('',(-4.92418460213682,106.308416784652,0.));
#2670=CARTESIAN_POINT('Origin',(25.075817660534,106.308417134091,0.));
#2671=UNCERTAINTY_MEASURE_WITH_UNIT(LENGTH_MEASURE(0.01),#2675,
'DISTANCE_ACCURACY_VALUE',
'Maximum model space distance between geometric entities at asserted c
onnectivities');
#2672=UNCERTAINTY_MEASURE_WITH_UNIT(LENGTH_MEASURE(0.01),#2675,
'DISTANCE_ACCURACY_VALUE',
'Maximum model space distance between geometric entities at asserted c
onnectivities');
#2673=(
GEOMETRIC_REPRESENTATION_CONTEXT(3)
GLOBAL_UNCERTAINTY_ASSIGNED_CONTEXT((#2671))
GLOBAL_UNIT_ASSIGNED_CONTEXT((#2675,#2677,#2678))
REPRESENTATION_CONTEXT('','3D')
);
#2674=(
GEOMETRIC_REPRESENTATION_CONTEXT(3)
GLOBAL_UNCERTAINTY_ASSIGNED_CONTEXT((#2672))
GLOBAL_UNIT_ASSIGNED_CONTEXT((#2675,#2677,#2678))
REPRESENTATION_CONTEXT('','3D')
);
#2675=(
LENGTH_UNIT()
NAMED_UNIT(*)
SI_UNIT(.MILLI.,.METRE.)
);
#2676=(
LENGTH_UNIT()
NAMED_UNIT(*)
SI_UNIT($,.METRE.)
);
#2677=(
NAMED_UNIT(*)
PLANE_ANGLE_UNIT()
SI_UNIT($,.RADIAN.)
);
#2678=(
NAMED_UNIT(*)
SI_UNIT($,.STERADIAN.)
SOLID_ANGLE_UNIT()
);
#2679=SHAPE_DEFINITION_REPRESENTATION(#2680,#2681);
#2680=PRODUCT_DEFINITION_SHAPE('',$,#2683);
#2681=SHAPE_REPRESENTATION('',(#1555),#2673);
#2682=PRODUCT_DEFINITION_CONTEXT('part definition',#2687,'design');
#2683=PRODUCT_DEFINITION('right_upper_bottom','right_upper_bottom',#2684,
#2682);
#2684=PRODUCT_DEFINITION_FORMATION('',$,#2689);
#2685=PRODUCT_RELATED_PRODUCT_CATEGORY('right_upper_bottom',
'right_upper_bottom',(#2689));
#2686=APPLICATION_PROTOCOL_DEFINITION('international standard',
'automotive_design',2009,#2687);
#2687=APPLICATION_CONTEXT(
'Core Data for Automotive Mechanical Design Process');
#2688=PRODUCT_CONTEXT('part definition',#2687,'mechanical');
#2689=PRODUCT('right_upper_bottom','right_upper_bottom',$,(#2688));
#2690=PRESENTATION_STYLE_ASSIGNMENT((#2692));
#2691=PRESENTATION_STYLE_ASSIGNMENT((#2693));
#2692=SURFACE_STYLE_USAGE(.BOTH.,#2694);
#2693=SURFACE_STYLE_USAGE(.BOTH.,#2695);
#2694=SURFACE_SIDE_STYLE('',(#2696));
#2695=SURFACE_SIDE_STYLE('',(#2697));
#2696=SURFACE_STYLE_FILL_AREA(#2698);
#2697=SURFACE_STYLE_FILL_AREA(#2699);
#2698=FILL_AREA_STYLE('Steel - Satin',(#2700));
#2699=FILL_AREA_STYLE('Nylon 12 (with Formlabs Fuse 1 3D Printer)',(#2701));
#2700=FILL_AREA_STYLE_COLOUR('Steel - Satin',#2702);
#2701=FILL_AREA_STYLE_COLOUR(
'Nylon 12 (with Formlabs Fuse 1 3D Printer)',#2703);
#2702=COLOUR_RGB('Steel - Satin',0.627450980392157,0.627450980392157,0.627450980392157);
#2703=COLOUR_RGB('Nylon 12 (with Formlabs Fuse 1 3D Printer)',0.247058823529412,
0.247058823529412,0.247058823529412);
ENDSEC;
END-ISO-10303-21;
