ISO-10303-21;
HEADER;
/* Generated by software containing ST-Developer
 * from STEP Tools, Inc. (www.steptools.com) 
 */

FILE_DESCRIPTION(
/* description */ (''),
/* implementation_level */ '2;1');

FILE_NAME(
/* name */ 'right_mid.step',
/* time_stamp */ '2026-06-13T15:30:43-06:00',
/* author */ (''),
/* organization */ (''),
/* preprocessor_version */ 'ST-DEVELOPER v20.1',
/* originating_system */ 'Autodesk Translation Framework v15.8.0.0',
/* authorisation */ '');

FILE_SCHEMA (('AUTOMOTIVE_DESIGN { 1 0 10303 214 3 1 1 }'));
ENDSEC;

DATA;
#10=MECHANICAL_DESIGN_GEOMETRIC_PRESENTATION_REPRESENTATION('',(#13),#7360);
#11=SHAPE_REPRESENTATION_RELATIONSHIP('SRR','None',#7367,#12);
#12=ADVANCED_BREP_SHAPE_REPRESENTATION('',(#14),#7359);
#13=STYLED_ITEM('',(#7377),#14);
#14=MANIFOLD_SOLID_BREP('Body1',#3394);
#15=(
BOUNDED_SURFACE()
B_SPLINE_SURFACE(3,1,((#5125,#5126),(#5127,#5128),(#5129,#5130),(#5131,
#5132)),.UNSPECIFIED.,.F.,.F.,.F.)
B_SPLINE_SURFACE_WITH_KNOTS((4,4),(2,2),(0.,1.),(-6.,6.),.UNSPECIFIED.)
GEOMETRIC_REPRESENTATION_ITEM()
RATIONAL_B_SPLINE_SURFACE(((1.,1.),(1.,1.),(1.,1.),(1.,1.)))
REPRESENTATION_ITEM('')
SURFACE()
);
#16=(
BOUNDED_SURFACE()
B_SPLINE_SURFACE(3,1,((#5155,#5156),(#5157,#5158),(#5159,#5160),(#5161,
#5162)),.UNSPECIFIED.,.F.,.F.,.F.)
B_SPLINE_SURFACE_WITH_KNOTS((4,4),(2,2),(0.,1.),(-6.,6.),.UNSPECIFIED.)
GEOMETRIC_REPRESENTATION_ITEM()
RATIONAL_B_SPLINE_SURFACE(((1.,1.),(1.,1.),(1.,1.),(1.,1.)))
REPRESENTATION_ITEM('')
SURFACE()
);
#17=(
BOUNDED_SURFACE()
B_SPLINE_SURFACE(3,1,((#5348,#5349),(#5350,#5351),(#5352,#5353),(#5354,
#5355)),.UNSPECIFIED.,.F.,.F.,.F.)
B_SPLINE_SURFACE_WITH_KNOTS((4,4),(2,2),(0.,1.),(-6.,6.),.UNSPECIFIED.)
GEOMETRIC_REPRESENTATION_ITEM()
RATIONAL_B_SPLINE_SURFACE(((1.,1.),(1.,1.),(1.,1.),(1.,1.)))
REPRESENTATION_ITEM('')
SURFACE()
);
#18=(
BOUNDED_SURFACE()
B_SPLINE_SURFACE(3,1,((#5395,#5396),(#5397,#5398),(#5399,#5400),(#5401,
#5402)),.UNSPECIFIED.,.F.,.F.,.F.)
B_SPLINE_SURFACE_WITH_KNOTS((4,4),(2,2),(0.,1.),(-6.,6.),.UNSPECIFIED.)
GEOMETRIC_REPRESENTATION_ITEM()
RATIONAL_B_SPLINE_SURFACE(((1.,1.),(1.,1.),(1.,1.),(1.,1.)))
REPRESENTATION_ITEM('')
SURFACE()
);
#19=(
BOUNDED_SURFACE()
B_SPLINE_SURFACE(3,1,((#5429,#5430),(#5431,#5432),(#5433,#5434),(#5435,
#5436)),.UNSPECIFIED.,.F.,.F.,.F.)
B_SPLINE_SURFACE_WITH_KNOTS((4,4),(2,2),(0.,1.),(-6.,6.),.UNSPECIFIED.)
GEOMETRIC_REPRESENTATION_ITEM()
RATIONAL_B_SPLINE_SURFACE(((1.,1.),(1.,1.),(1.,1.),(1.,1.)))
REPRESENTATION_ITEM('')
SURFACE()
);
#20=(
BOUNDED_SURFACE()
B_SPLINE_SURFACE(3,1,((#5463,#5464),(#5465,#5466),(#5467,#5468),(#5469,
#5470)),.UNSPECIFIED.,.F.,.F.,.F.)
B_SPLINE_SURFACE_WITH_KNOTS((4,4),(2,2),(0.,1.),(-6.,6.),.UNSPECIFIED.)
GEOMETRIC_REPRESENTATION_ITEM()
RATIONAL_B_SPLINE_SURFACE(((1.,1.),(1.,1.),(1.,1.),(1.,1.)))
REPRESENTATION_ITEM('')
SURFACE()
);
#21=(
BOUNDED_SURFACE()
B_SPLINE_SURFACE(3,1,((#5494,#5495),(#5496,#5497),(#5498,#5499),(#5500,
#5501)),.UNSPECIFIED.,.F.,.F.,.F.)
B_SPLINE_SURFACE_WITH_KNOTS((4,4),(2,2),(0.,1.),(-6.,6.),.UNSPECIFIED.)
GEOMETRIC_REPRESENTATION_ITEM()
RATIONAL_B_SPLINE_SURFACE(((1.,1.),(1.,1.),(1.,1.),(1.,1.)))
REPRESENTATION_ITEM('')
SURFACE()
);
#22=(
BOUNDED_SURFACE()
B_SPLINE_SURFACE(3,1,((#5521,#5522),(#5523,#5524),(#5525,#5526),(#5527,
#5528)),.UNSPECIFIED.,.F.,.F.,.F.)
B_SPLINE_SURFACE_WITH_KNOTS((4,4),(2,2),(0.,1.),(-6.,6.),.UNSPECIFIED.)
GEOMETRIC_REPRESENTATION_ITEM()
RATIONAL_B_SPLINE_SURFACE(((1.,1.),(1.,1.),(1.,1.),(1.,1.)))
REPRESENTATION_ITEM('')
SURFACE()
);
#23=(
BOUNDED_SURFACE()
B_SPLINE_SURFACE(3,1,((#5566,#5567),(#5568,#5569),(#5570,#5571),(#5572,
#5573)),.UNSPECIFIED.,.F.,.F.,.F.)
B_SPLINE_SURFACE_WITH_KNOTS((4,4),(2,2),(0.,1.),(-6.,6.),.UNSPECIFIED.)
GEOMETRIC_REPRESENTATION_ITEM()
RATIONAL_B_SPLINE_SURFACE(((1.,1.),(1.,1.),(1.,1.),(1.,1.)))
REPRESENTATION_ITEM('')
SURFACE()
);
#24=(
BOUNDED_SURFACE()
B_SPLINE_SURFACE(3,1,((#5679,#5680),(#5681,#5682),(#5683,#5684),(#5685,
#5686)),.UNSPECIFIED.,.F.,.F.,.F.)
B_SPLINE_SURFACE_WITH_KNOTS((4,4),(2,2),(0.,1.),(-6.,6.),.UNSPECIFIED.)
GEOMETRIC_REPRESENTATION_ITEM()
RATIONAL_B_SPLINE_SURFACE(((1.,1.),(1.,1.),(1.,1.),(1.,1.)))
REPRESENTATION_ITEM('')
SURFACE()
);
#25=(
BOUNDED_SURFACE()
B_SPLINE_SURFACE(3,1,((#5706,#5707),(#5708,#5709),(#5710,#5711),(#5712,
#5713)),.UNSPECIFIED.,.F.,.F.,.F.)
B_SPLINE_SURFACE_WITH_KNOTS((4,4),(2,2),(0.,1.),(-6.,6.),.UNSPECIFIED.)
GEOMETRIC_REPRESENTATION_ITEM()
RATIONAL_B_SPLINE_SURFACE(((1.,1.),(1.,1.),(1.,1.),(1.,1.)))
REPRESENTATION_ITEM('')
SURFACE()
);
#26=(
BOUNDED_SURFACE()
B_SPLINE_SURFACE(3,1,((#5735,#5736),(#5737,#5738),(#5739,#5740),(#5741,
#5742)),.UNSPECIFIED.,.F.,.F.,.F.)
B_SPLINE_SURFACE_WITH_KNOTS((4,4),(2,2),(0.,1.),(-6.,6.),.UNSPECIFIED.)
GEOMETRIC_REPRESENTATION_ITEM()
RATIONAL_B_SPLINE_SURFACE(((1.,1.),(1.,1.),(1.,1.),(1.,1.)))
REPRESENTATION_ITEM('')
SURFACE()
);
#27=(
BOUNDED_SURFACE()
B_SPLINE_SURFACE(3,1,((#5758,#5759),(#5760,#5761),(#5762,#5763),(#5764,
#5765)),.UNSPECIFIED.,.F.,.F.,.F.)
B_SPLINE_SURFACE_WITH_KNOTS((4,4),(2,2),(0.,1.),(-6.,6.),.UNSPECIFIED.)
GEOMETRIC_REPRESENTATION_ITEM()
RATIONAL_B_SPLINE_SURFACE(((1.,1.),(1.,1.),(1.,1.),(1.,1.)))
REPRESENTATION_ITEM('')
SURFACE()
);
#28=(
BOUNDED_SURFACE()
B_SPLINE_SURFACE(3,1,((#5789,#5790),(#5791,#5792),(#5793,#5794),(#5795,
#5796)),.UNSPECIFIED.,.F.,.F.,.F.)
B_SPLINE_SURFACE_WITH_KNOTS((4,4),(2,2),(0.,1.),(-6.,6.),.UNSPECIFIED.)
GEOMETRIC_REPRESENTATION_ITEM()
RATIONAL_B_SPLINE_SURFACE(((1.,1.),(1.,1.),(1.,1.),(1.,1.)))
REPRESENTATION_ITEM('')
SURFACE()
);
#29=(
BOUNDED_SURFACE()
B_SPLINE_SURFACE(3,1,((#5827,#5828),(#5829,#5830),(#5831,#5832),(#5833,
#5834)),.UNSPECIFIED.,.F.,.F.,.F.)
B_SPLINE_SURFACE_WITH_KNOTS((4,4),(2,2),(0.,1.),(-6.,6.),.UNSPECIFIED.)
GEOMETRIC_REPRESENTATION_ITEM()
RATIONAL_B_SPLINE_SURFACE(((1.,1.),(1.,1.),(1.,1.),(1.,1.)))
REPRESENTATION_ITEM('')
SURFACE()
);
#30=(
BOUNDED_SURFACE()
B_SPLINE_SURFACE(3,1,((#5860,#5861),(#5862,#5863),(#5864,#5865),(#5866,
#5867)),.UNSPECIFIED.,.F.,.F.,.F.)
B_SPLINE_SURFACE_WITH_KNOTS((4,4),(2,2),(0.,1.),(-6.,6.),.UNSPECIFIED.)
GEOMETRIC_REPRESENTATION_ITEM()
RATIONAL_B_SPLINE_SURFACE(((1.,1.),(1.,1.),(1.,1.),(1.,1.)))
REPRESENTATION_ITEM('')
SURFACE()
);
#31=(
BOUNDED_SURFACE()
B_SPLINE_SURFACE(3,1,((#5891,#5892),(#5893,#5894),(#5895,#5896),(#5897,
#5898)),.UNSPECIFIED.,.F.,.F.,.F.)
B_SPLINE_SURFACE_WITH_KNOTS((4,4),(2,2),(0.,1.),(-6.,6.),.UNSPECIFIED.)
GEOMETRIC_REPRESENTATION_ITEM()
RATIONAL_B_SPLINE_SURFACE(((1.,1.),(1.,1.),(1.,1.),(1.,1.)))
REPRESENTATION_ITEM('')
SURFACE()
);
#32=(
BOUNDED_SURFACE()
B_SPLINE_SURFACE(3,1,((#5926,#5927),(#5928,#5929),(#5930,#5931),(#5932,
#5933)),.UNSPECIFIED.,.F.,.F.,.F.)
B_SPLINE_SURFACE_WITH_KNOTS((4,4),(2,2),(0.,1.),(-6.,6.),.UNSPECIFIED.)
GEOMETRIC_REPRESENTATION_ITEM()
RATIONAL_B_SPLINE_SURFACE(((1.,1.),(1.,1.),(1.,1.),(1.,1.)))
REPRESENTATION_ITEM('')
SURFACE()
);
#33=(
BOUNDED_SURFACE()
B_SPLINE_SURFACE(3,1,((#5957,#5958),(#5959,#5960),(#5961,#5962),(#5963,
#5964)),.UNSPECIFIED.,.F.,.F.,.F.)
B_SPLINE_SURFACE_WITH_KNOTS((4,4),(2,2),(0.,1.),(-6.,6.),.UNSPECIFIED.)
GEOMETRIC_REPRESENTATION_ITEM()
RATIONAL_B_SPLINE_SURFACE(((1.,1.),(1.,1.),(1.,1.),(1.,1.)))
REPRESENTATION_ITEM('')
SURFACE()
);
#34=(
BOUNDED_SURFACE()
B_SPLINE_SURFACE(3,1,((#5981,#5982),(#5983,#5984),(#5985,#5986),(#5987,
#5988)),.UNSPECIFIED.,.F.,.F.,.F.)
B_SPLINE_SURFACE_WITH_KNOTS((4,4),(2,2),(0.,1.),(-6.,6.),.UNSPECIFIED.)
GEOMETRIC_REPRESENTATION_ITEM()
RATIONAL_B_SPLINE_SURFACE(((1.,1.),(1.,1.),(1.,1.),(1.,1.)))
REPRESENTATION_ITEM('')
SURFACE()
);
#35=(
BOUNDED_SURFACE()
B_SPLINE_SURFACE(3,1,((#6015,#6016),(#6017,#6018),(#6019,#6020),(#6021,
#6022)),.UNSPECIFIED.,.F.,.F.,.F.)
B_SPLINE_SURFACE_WITH_KNOTS((4,4),(2,2),(0.,1.),(-6.,6.),.UNSPECIFIED.)
GEOMETRIC_REPRESENTATION_ITEM()
RATIONAL_B_SPLINE_SURFACE(((1.,1.),(1.,1.),(1.,1.),(1.,1.)))
REPRESENTATION_ITEM('')
SURFACE()
);
#36=(
BOUNDED_SURFACE()
B_SPLINE_SURFACE(3,1,((#6042,#6043),(#6044,#6045),(#6046,#6047),(#6048,
#6049)),.UNSPECIFIED.,.F.,.F.,.F.)
B_SPLINE_SURFACE_WITH_KNOTS((4,4),(2,2),(0.,1.),(-6.,6.),.UNSPECIFIED.)
GEOMETRIC_REPRESENTATION_ITEM()
RATIONAL_B_SPLINE_SURFACE(((1.,1.),(1.,1.),(1.,1.),(1.,1.)))
REPRESENTATION_ITEM('')
SURFACE()
);
#37=(
BOUNDED_SURFACE()
B_SPLINE_SURFACE(3,1,((#6075,#6076),(#6077,#6078),(#6079,#6080),(#6081,
#6082)),.UNSPECIFIED.,.F.,.F.,.F.)
B_SPLINE_SURFACE_WITH_KNOTS((4,4),(2,2),(0.,1.),(-6.,6.),.UNSPECIFIED.)
GEOMETRIC_REPRESENTATION_ITEM()
RATIONAL_B_SPLINE_SURFACE(((1.,1.),(1.,1.),(1.,1.),(1.,1.)))
REPRESENTATION_ITEM('')
SURFACE()
);
#38=(
BOUNDED_SURFACE()
B_SPLINE_SURFACE(3,1,((#6122,#6123),(#6124,#6125),(#6126,#6127),(#6128,
#6129)),.UNSPECIFIED.,.F.,.F.,.F.)
B_SPLINE_SURFACE_WITH_KNOTS((4,4),(2,2),(0.,1.),(-6.,6.),.UNSPECIFIED.)
GEOMETRIC_REPRESENTATION_ITEM()
RATIONAL_B_SPLINE_SURFACE(((1.,1.),(1.,1.),(1.,1.),(1.,1.)))
REPRESENTATION_ITEM('')
SURFACE()
);
#39=(
BOUNDED_SURFACE()
B_SPLINE_SURFACE(3,1,((#6206,#6207),(#6208,#6209),(#6210,#6211),(#6212,
#6213)),.UNSPECIFIED.,.F.,.F.,.F.)
B_SPLINE_SURFACE_WITH_KNOTS((4,4),(2,2),(0.,1.),(-6.,6.),.UNSPECIFIED.)
GEOMETRIC_REPRESENTATION_ITEM()
RATIONAL_B_SPLINE_SURFACE(((1.,1.),(1.,1.),(1.,1.),(1.,1.)))
REPRESENTATION_ITEM('')
SURFACE()
);
#40=(
BOUNDED_SURFACE()
B_SPLINE_SURFACE(3,1,((#6239,#6240),(#6241,#6242),(#6243,#6244),(#6245,
#6246)),.UNSPECIFIED.,.F.,.F.,.F.)
B_SPLINE_SURFACE_WITH_KNOTS((4,4),(2,2),(0.,1.),(-6.,6.),.UNSPECIFIED.)
GEOMETRIC_REPRESENTATION_ITEM()
RATIONAL_B_SPLINE_SURFACE(((1.,1.),(1.,1.),(1.,1.),(1.,1.)))
REPRESENTATION_ITEM('')
SURFACE()
);
#41=(
BOUNDED_SURFACE()
B_SPLINE_SURFACE(3,1,((#6283,#6284),(#6285,#6286),(#6287,#6288),(#6289,
#6290)),.UNSPECIFIED.,.F.,.F.,.F.)
B_SPLINE_SURFACE_WITH_KNOTS((4,4),(2,2),(0.,1.),(-6.,6.),.UNSPECIFIED.)
GEOMETRIC_REPRESENTATION_ITEM()
RATIONAL_B_SPLINE_SURFACE(((1.,1.),(1.,1.),(1.,1.),(1.,1.)))
REPRESENTATION_ITEM('')
SURFACE()
);
#42=(
BOUNDED_SURFACE()
B_SPLINE_SURFACE(3,1,((#6381,#6382),(#6383,#6384),(#6385,#6386),(#6387,
#6388)),.UNSPECIFIED.,.F.,.F.,.F.)
B_SPLINE_SURFACE_WITH_KNOTS((4,4),(2,2),(0.,1.),(-6.,6.),.UNSPECIFIED.)
GEOMETRIC_REPRESENTATION_ITEM()
RATIONAL_B_SPLINE_SURFACE(((1.,1.),(1.,1.),(1.,1.),(1.,1.)))
REPRESENTATION_ITEM('')
SURFACE()
);
#43=(
BOUNDED_SURFACE()
B_SPLINE_SURFACE(3,1,((#6414,#6415),(#6416,#6417),(#6418,#6419),(#6420,
#6421)),.UNSPECIFIED.,.F.,.F.,.F.)
B_SPLINE_SURFACE_WITH_KNOTS((4,4),(2,2),(0.,1.),(-6.,6.),.UNSPECIFIED.)
GEOMETRIC_REPRESENTATION_ITEM()
RATIONAL_B_SPLINE_SURFACE(((1.,1.),(1.,1.),(1.,1.),(1.,1.)))
REPRESENTATION_ITEM('')
SURFACE()
);
#44=(
BOUNDED_SURFACE()
B_SPLINE_SURFACE(3,1,((#6453,#6454),(#6455,#6456),(#6457,#6458),(#6459,
#6460)),.UNSPECIFIED.,.F.,.F.,.F.)
B_SPLINE_SURFACE_WITH_KNOTS((4,4),(2,2),(0.,1.),(-6.,6.),.UNSPECIFIED.)
GEOMETRIC_REPRESENTATION_ITEM()
RATIONAL_B_SPLINE_SURFACE(((1.,1.),(1.,1.),(1.,1.),(1.,1.)))
REPRESENTATION_ITEM('')
SURFACE()
);
#45=(
BOUNDED_SURFACE()
B_SPLINE_SURFACE(3,1,((#6478,#6479),(#6480,#6481),(#6482,#6483),(#6484,
#6485)),.UNSPECIFIED.,.F.,.F.,.F.)
B_SPLINE_SURFACE_WITH_KNOTS((4,4),(2,2),(0.,1.),(-6.,6.),.UNSPECIFIED.)
GEOMETRIC_REPRESENTATION_ITEM()
RATIONAL_B_SPLINE_SURFACE(((1.,1.),(1.,1.),(1.,1.),(1.,1.)))
REPRESENTATION_ITEM('')
SURFACE()
);
#46=(
BOUNDED_SURFACE()
B_SPLINE_SURFACE(3,1,((#6510,#6511),(#6512,#6513),(#6514,#6515),(#6516,
#6517)),.UNSPECIFIED.,.F.,.F.,.F.)
B_SPLINE_SURFACE_WITH_KNOTS((4,4),(2,2),(0.,1.),(-6.,6.),.UNSPECIFIED.)
GEOMETRIC_REPRESENTATION_ITEM()
RATIONAL_B_SPLINE_SURFACE(((1.,1.),(1.,1.),(1.,1.),(1.,1.)))
REPRESENTATION_ITEM('')
SURFACE()
);
#47=(
BOUNDED_SURFACE()
B_SPLINE_SURFACE(3,1,((#6552,#6553),(#6554,#6555),(#6556,#6557),(#6558,
#6559)),.UNSPECIFIED.,.F.,.F.,.F.)
B_SPLINE_SURFACE_WITH_KNOTS((4,4),(2,2),(0.,1.),(-6.,6.),.UNSPECIFIED.)
GEOMETRIC_REPRESENTATION_ITEM()
RATIONAL_B_SPLINE_SURFACE(((1.,1.),(1.,1.),(1.,1.),(1.,1.)))
REPRESENTATION_ITEM('')
SURFACE()
);
#48=(
BOUNDED_SURFACE()
B_SPLINE_SURFACE(3,1,((#6599,#6600),(#6601,#6602),(#6603,#6604),(#6605,
#6606)),.UNSPECIFIED.,.F.,.F.,.F.)
B_SPLINE_SURFACE_WITH_KNOTS((4,4),(2,2),(0.,1.),(-6.,6.),.UNSPECIFIED.)
GEOMETRIC_REPRESENTATION_ITEM()
RATIONAL_B_SPLINE_SURFACE(((1.,1.),(1.,1.),(1.,1.),(1.,1.)))
REPRESENTATION_ITEM('')
SURFACE()
);
#49=(
BOUNDED_SURFACE()
B_SPLINE_SURFACE(3,1,((#6638,#6639),(#6640,#6641),(#6642,#6643),(#6644,
#6645)),.UNSPECIFIED.,.F.,.F.,.F.)
B_SPLINE_SURFACE_WITH_KNOTS((4,4),(2,2),(0.,1.),(-6.,6.),.UNSPECIFIED.)
GEOMETRIC_REPRESENTATION_ITEM()
RATIONAL_B_SPLINE_SURFACE(((1.,1.),(1.,1.),(1.,1.),(1.,1.)))
REPRESENTATION_ITEM('')
SURFACE()
);
#50=(
BOUNDED_SURFACE()
B_SPLINE_SURFACE(3,1,((#6666,#6667),(#6668,#6669),(#6670,#6671),(#6672,
#6673)),.UNSPECIFIED.,.F.,.F.,.F.)
B_SPLINE_SURFACE_WITH_KNOTS((4,4),(2,2),(0.,1.),(-6.,6.),.UNSPECIFIED.)
GEOMETRIC_REPRESENTATION_ITEM()
RATIONAL_B_SPLINE_SURFACE(((1.,1.),(1.,1.),(1.,1.),(1.,1.)))
REPRESENTATION_ITEM('')
SURFACE()
);
#51=(
BOUNDED_SURFACE()
B_SPLINE_SURFACE(3,1,((#6746,#6747),(#6748,#6749),(#6750,#6751),(#6752,
#6753)),.UNSPECIFIED.,.F.,.F.,.F.)
B_SPLINE_SURFACE_WITH_KNOTS((4,4),(2,2),(0.,1.),(-6.,6.),.UNSPECIFIED.)
GEOMETRIC_REPRESENTATION_ITEM()
RATIONAL_B_SPLINE_SURFACE(((1.,1.),(1.,1.),(1.,1.),(1.,1.)))
REPRESENTATION_ITEM('')
SURFACE()
);
#52=(
BOUNDED_SURFACE()
B_SPLINE_SURFACE(3,1,((#6786,#6787),(#6788,#6789),(#6790,#6791),(#6792,
#6793)),.UNSPECIFIED.,.F.,.F.,.F.)
B_SPLINE_SURFACE_WITH_KNOTS((4,4),(2,2),(0.,1.),(-6.,6.),.UNSPECIFIED.)
GEOMETRIC_REPRESENTATION_ITEM()
RATIONAL_B_SPLINE_SURFACE(((1.,1.),(1.,1.),(1.,1.),(1.,1.)))
REPRESENTATION_ITEM('')
SURFACE()
);
#53=(
BOUNDED_SURFACE()
B_SPLINE_SURFACE(3,1,((#6820,#6821),(#6822,#6823),(#6824,#6825),(#6826,
#6827)),.UNSPECIFIED.,.F.,.F.,.F.)
B_SPLINE_SURFACE_WITH_KNOTS((4,4),(2,2),(0.,1.),(-6.,6.),.UNSPECIFIED.)
GEOMETRIC_REPRESENTATION_ITEM()
RATIONAL_B_SPLINE_SURFACE(((1.,1.),(1.,1.),(1.,1.),(1.,1.)))
REPRESENTATION_ITEM('')
SURFACE()
);
#54=(
BOUNDED_SURFACE()
B_SPLINE_SURFACE(3,1,((#6863,#6864),(#6865,#6866),(#6867,#6868),(#6869,
#6870)),.UNSPECIFIED.,.F.,.F.,.F.)
B_SPLINE_SURFACE_WITH_KNOTS((4,4),(2,2),(0.,1.),(-6.,6.),.UNSPECIFIED.)
GEOMETRIC_REPRESENTATION_ITEM()
RATIONAL_B_SPLINE_SURFACE(((1.,1.),(1.,1.),(1.,1.),(1.,1.)))
REPRESENTATION_ITEM('')
SURFACE()
);
#55=(
BOUNDED_SURFACE()
B_SPLINE_SURFACE(3,1,((#6902,#6903),(#6904,#6905),(#6906,#6907),(#6908,
#6909)),.UNSPECIFIED.,.F.,.F.,.F.)
B_SPLINE_SURFACE_WITH_KNOTS((4,4),(2,2),(0.,1.),(-6.,6.),.UNSPECIFIED.)
GEOMETRIC_REPRESENTATION_ITEM()
RATIONAL_B_SPLINE_SURFACE(((1.,1.),(1.,1.),(1.,1.),(1.,1.)))
REPRESENTATION_ITEM('')
SURFACE()
);
#56=(
BOUNDED_SURFACE()
B_SPLINE_SURFACE(3,1,((#6933,#6934),(#6935,#6936),(#6937,#6938),(#6939,
#6940)),.UNSPECIFIED.,.F.,.F.,.F.)
B_SPLINE_SURFACE_WITH_KNOTS((4,4),(2,2),(0.,1.),(-6.,6.),.UNSPECIFIED.)
GEOMETRIC_REPRESENTATION_ITEM()
RATIONAL_B_SPLINE_SURFACE(((1.,1.),(1.,1.),(1.,1.),(1.,1.)))
REPRESENTATION_ITEM('')
SURFACE()
);
#57=(
BOUNDED_SURFACE()
B_SPLINE_SURFACE(3,1,((#6961,#6962),(#6963,#6964),(#6965,#6966),(#6967,
#6968)),.UNSPECIFIED.,.F.,.F.,.F.)
B_SPLINE_SURFACE_WITH_KNOTS((4,4),(2,2),(0.,1.),(-6.,6.),.UNSPECIFIED.)
GEOMETRIC_REPRESENTATION_ITEM()
RATIONAL_B_SPLINE_SURFACE(((1.,1.),(1.,1.),(1.,1.),(1.,1.)))
REPRESENTATION_ITEM('')
SURFACE()
);
#58=(
BOUNDED_SURFACE()
B_SPLINE_SURFACE(3,1,((#6991,#6992),(#6993,#6994),(#6995,#6996),(#6997,
#6998)),.UNSPECIFIED.,.F.,.F.,.F.)
B_SPLINE_SURFACE_WITH_KNOTS((4,4),(2,2),(0.,1.),(-6.,6.),.UNSPECIFIED.)
GEOMETRIC_REPRESENTATION_ITEM()
RATIONAL_B_SPLINE_SURFACE(((1.,1.),(1.,1.),(1.,1.),(1.,1.)))
REPRESENTATION_ITEM('')
SURFACE()
);
#59=(
BOUNDED_SURFACE()
B_SPLINE_SURFACE(3,1,((#7022,#7023),(#7024,#7025),(#7026,#7027),(#7028,
#7029)),.UNSPECIFIED.,.F.,.F.,.F.)
B_SPLINE_SURFACE_WITH_KNOTS((4,4),(2,2),(0.,1.),(-6.,6.),.UNSPECIFIED.)
GEOMETRIC_REPRESENTATION_ITEM()
RATIONAL_B_SPLINE_SURFACE(((1.,1.),(1.,1.),(1.,1.),(1.,1.)))
REPRESENTATION_ITEM('')
SURFACE()
);
#60=(
BOUNDED_SURFACE()
B_SPLINE_SURFACE(3,1,((#7077,#7078),(#7079,#7080),(#7081,#7082),(#7083,
#7084)),.UNSPECIFIED.,.F.,.F.,.F.)
B_SPLINE_SURFACE_WITH_KNOTS((4,4),(2,2),(0.,1.),(-6.,6.),.UNSPECIFIED.)
GEOMETRIC_REPRESENTATION_ITEM()
RATIONAL_B_SPLINE_SURFACE(((1.,1.),(1.,1.),(1.,1.),(1.,1.)))
REPRESENTATION_ITEM('')
SURFACE()
);
#61=(
BOUNDED_SURFACE()
B_SPLINE_SURFACE(3,1,((#7116,#7117),(#7118,#7119),(#7120,#7121),(#7122,
#7123)),.UNSPECIFIED.,.F.,.F.,.F.)
B_SPLINE_SURFACE_WITH_KNOTS((4,4),(2,2),(0.,1.),(-6.,6.),.UNSPECIFIED.)
GEOMETRIC_REPRESENTATION_ITEM()
RATIONAL_B_SPLINE_SURFACE(((1.,1.),(1.,1.),(1.,1.),(1.,1.)))
REPRESENTATION_ITEM('')
SURFACE()
);
#62=(
BOUNDED_SURFACE()
B_SPLINE_SURFACE(3,1,((#7221,#7222),(#7223,#7224),(#7225,#7226),(#7227,
#7228)),.UNSPECIFIED.,.F.,.F.,.F.)
B_SPLINE_SURFACE_WITH_KNOTS((4,4),(2,2),(0.,1.),(-6.,6.),.UNSPECIFIED.)
GEOMETRIC_REPRESENTATION_ITEM()
RATIONAL_B_SPLINE_SURFACE(((1.,1.),(1.,1.),(1.,1.),(1.,1.)))
REPRESENTATION_ITEM('')
SURFACE()
);
#63=(
BOUNDED_SURFACE()
B_SPLINE_SURFACE(3,1,((#7250,#7251),(#7252,#7253),(#7254,#7255),(#7256,
#7257)),.UNSPECIFIED.,.F.,.F.,.F.)
B_SPLINE_SURFACE_WITH_KNOTS((4,4),(2,2),(0.,1.),(-6.,6.),.UNSPECIFIED.)
GEOMETRIC_REPRESENTATION_ITEM()
RATIONAL_B_SPLINE_SURFACE(((1.,1.),(1.,1.),(1.,1.),(1.,1.)))
REPRESENTATION_ITEM('')
SURFACE()
);
#64=CONICAL_SURFACE('',#3484,7.45000000000001,1.27933953231703);
#65=CONICAL_SURFACE('',#3500,8.05,0.785398163397457);
#66=CONICAL_SURFACE('',#3513,8.05,0.463647609000811);
#67=CONICAL_SURFACE('',#3519,16.,0.785398163397446);
#68=CONICAL_SURFACE('',#3588,8.05,0.785398163397447);
#69=CONICAL_SURFACE('',#3595,16.,0.785398163397449);
#70=B_SPLINE_CURVE_WITH_KNOTS('',3,(#4553,#4554,#4555,#4556,#4557,#4558,
#4559,#4560,#4561,#4562),.UNSPECIFIED.,.F.,.F.,(4,2,2,2,4),(0.757010417104143,
0.946795580113515,1.13658074312289,1.32482814838546,1.51307555364804),
 .UNSPECIFIED.);
#71=B_SPLINE_CURVE_WITH_KNOTS('',3,(#4566,#4567,#4568,#4569,#4570,#4571,
#4572,#4573,#4574,#4575),.UNSPECIFIED.,.F.,.F.,(4,2,2,2,4),(1.51275173444553,
1.70132398286513,1.88989623128474,2.0792863496224,2.26867646796005),
 .UNSPECIFIED.);
#72=B_SPLINE_CURVE_WITH_KNOTS('',3,(#4593,#4594,#4595,#4596,#4597,#4598,
#4599,#4600,#4601,#4602),.UNSPECIFIED.,.F.,.F.,(4,2,2,2,4),(0.756823710686676,
0.946532212633913,1.13624071458115,1.32449305406657,1.51274539355199),
 .UNSPECIFIED.);
#73=B_SPLINE_CURVE_WITH_KNOTS('',3,(#4604,#4605,#4606,#4607,#4608,#4609,
#4610,#4611,#4612,#4613),.UNSPECIFIED.,.F.,.F.,(4,2,2,2,4),(1.51306891266932,
1.70165376836109,1.89023862405285,2.07968487925592,2.269131134459),
 .UNSPECIFIED.);
#74=B_SPLINE_CURVE_WITH_KNOTS('',3,(#4744,#4745,#4746,#4747,#4748,#4749,
#4750,#4751,#4752,#4753),.UNSPECIFIED.,.F.,.F.,(4,2,2,2,4),(-0.757161394405251,
-0.56679396972309,-0.37642654504093,-0.188213272520465,0.),
 .UNSPECIFIED.);
#75=B_SPLINE_CURVE_WITH_KNOTS('',3,(#4853,#4854,#4855,#4856,#4857,#4858,
#4859,#4860,#4861,#4862,#4863,#4864,#4865,#4866),.UNSPECIFIED.,.F.,.F.,
(4,2,2,2,2,2,4),(0.354637810142634,0.384473228408306,0.414308646673978,
0.446143532118174,0.47797841756237,0.514298494150956,0.514772699481289),
 .UNSPECIFIED.);
#76=B_SPLINE_CURVE_WITH_KNOTS('',3,(#4870,#4871,#4872,#4873,#4874,#4875,
#4876,#4877,#4878,#4879),.UNSPECIFIED.,.F.,.F.,(4,2,2,2,4),(0.309558949326847,
0.347898076888212,0.386237204449577,0.425817886759981,0.465398569070386),
 .UNSPECIFIED.);
#77=B_SPLINE_CURVE_WITH_KNOTS('',3,(#4882,#4883,#4884,#4885,#4886,#4887,
#4888,#4889,#4890,#4891,#4892,#4893,#4894,#4895),.UNSPECIFIED.,.F.,.F.,
(4,2,2,2,2,2,4),(0.903778541089236,0.90425274641958,0.940572823008165,0.972407708452361,
1.00424259389656,1.03407801216223,1.0639134304279),.UNSPECIFIED.);
#78=B_SPLINE_CURVE_WITH_KNOTS('',3,(#4907,#4908,#4909,#4910,#4911,#4912,
#4913,#4914,#4915,#4916,#4917,#4918,#4919,#4920),.UNSPECIFIED.,.F.,.F.,
(4,2,2,2,2,2,4),(0.194502920803971,0.194977126134312,0.231297202722897,
0.263132088167094,0.29496697361129,0.324802391876962,0.354637810142634),
 .UNSPECIFIED.);
#79=B_SPLINE_CURVE_WITH_KNOTS('',3,(#4925,#4926,#4927,#4928,#4929,#4930,
#4931,#4932,#4933,#4934),.UNSPECIFIED.,.F.,.F.,(4,2,2,2,4),(0.153724439942942,
0.193985170429004,0.234245900915065,0.271902425120956,0.309558949326847),
 .UNSPECIFIED.);
#80=B_SPLINE_CURVE_WITH_KNOTS('',3,(#4935,#4936,#4937,#4938,#4939,#4940,
#4941,#4942,#4943,#4944,#4945,#4946,#4947,#4948),.UNSPECIFIED.,.F.,.F.,
(4,2,2,2,2,2,4),(1.0639134304279,1.09374884869357,1.12358426695925,1.15541915240344,
1.18725403784764,1.22357411443622,1.22404831976657),.UNSPECIFIED.);
#81=B_SPLINE_CURVE_WITH_KNOTS('',3,(#5044,#5045,#5046,#5047,#5048,#5049,
#5050,#5051,#5052,#5053),.UNSPECIFIED.,.F.,.F.,(4,2,2,2,4),(0.,0.188218138109035,
0.376436276218069,0.566727598931573,0.757018921645076),.UNSPECIFIED.);
#82=B_SPLINE_CURVE_WITH_KNOTS('',3,(#5055,#5056,#5057,#5058,#5059,#5060,
#5061,#5062,#5063,#5064),.UNSPECIFIED.,.F.,.F.,(4,2,2,2,4),(0.,0.188213272520465,
0.37642654504093,0.56679396972309,0.757161394405251),.UNSPECIFIED.);
#83=B_SPLINE_CURVE_WITH_KNOTS('',3,(#5065,#5066,#5067,#5068,#5069,#5070,
#5071,#5072,#5073,#5074),.UNSPECIFIED.,.F.,.F.,(4,2,2,2,4),(-0.757018921645076,
-0.566727598931573,-0.376436276218069,-0.188218138109034,0.),
 .UNSPECIFIED.);
#84=B_SPLINE_CURVE_WITH_KNOTS('',3,(#5135,#5136,#5137,#5138,#5139,#5140,
#5141,#5142),.UNSPECIFIED.,.F.,.F.,(4,2,2,4),(0.,0.0661421604937641,0.107679613708063,
0.264816043948544),.UNSPECIFIED.);
#85=B_SPLINE_CURVE_WITH_KNOTS('',3,(#5146,#5147,#5148,#5149,#5150,#5151,
#5152,#5153),.UNSPECIFIED.,.F.,.F.,(4,2,2,4),(0.,0.510277832422686,0.713687667112888,
0.952940545161948),.UNSPECIFIED.);
#86=B_SPLINE_CURVE_WITH_KNOTS('',3,(#5164,#5165,#5166,#5167,#5168,#5169,
#5170,#5171,#5172,#5173,#5174,#5175,#5176,#5177,#5178,#5179,#5180,#5181,
#5182,#5183,#5184,#5185,#5186,#5187,#5188,#5189,#5190,#5191,#5192,#5193,
#5194,#5195,#5196,#5197,#5198,#5199,#5200,#5201,#5202,#5203,#5204,#5205,
#5206,#5207,#5208,#5209,#5210,#5211,#5212,#5213,#5214,#5215,#5216,#5217,
#5218,#5219,#5220,#5221,#5222,#5223,#5224,#5225,#5226,#5227,#5228,#5229,
#5230,#5231,#5232,#5233,#5234,#5235,#5236,#5237,#5238,#5239,#5240,#5241,
#5242,#5243,#5244,#5245,#5246,#5247,#5248,#5249,#5250,#5251,#5252,#5253,
#5254),.UNSPECIFIED.,.F.,.F.,(4,3,3,3,3,3,3,3,3,3,3,3,3,3,3,3,3,3,3,3,3,
3,3,3,3,3,3,3,3,3,4),(0.,0.0377087030640122,0.075596537303528,0.113745754933902,
0.152233041308936,0.191362964308039,0.230903479610491,0.271092261361613,
0.289694286698181,0.350193553162255,0.411704933498768,0.432416932003117,
0.469729549330382,0.507300664608811,0.535861163343008,0.568326733125668,
0.601581425045749,0.63483611696583,0.691766749174379,0.747069630175946,
0.775222015157043,0.816640067772328,0.85751734356945,0.897754229113029,
0.937697427008032,0.97742746464781,1.01702577043103,1.05659820427616,1.0962402419687,
1.13617751499942,1.17505708165312),.UNSPECIFIED.);
#87=B_SPLINE_CURVE_WITH_KNOTS('',3,(#5256,#5257,#5258,#5259,#5260,#5261,
#5262,#5263,#5264,#5265,#5266,#5267,#5268,#5269,#5270,#5271,#5272,#5273,
#5274,#5275,#5276,#5277,#5278,#5279,#5280,#5281,#5282,#5283,#5284,#5285,
#5286,#5287,#5288,#5289,#5290,#5291,#5292,#5293,#5294,#5295,#5296,#5297,
#5298,#5299,#5300,#5301,#5302,#5303,#5304,#5305,#5306,#5307,#5308,#5309,
#5310,#5311,#5312,#5313,#5314,#5315,#5316,#5317,#5318,#5319,#5320,#5321,
#5322,#5323,#5324,#5325,#5326,#5327,#5328,#5329,#5330,#5331,#5332,#5333,
#5334,#5335,#5336,#5337,#5338,#5339,#5340,#5341,#5342,#5343,#5344,#5345,
#5346),.UNSPECIFIED.,.F.,.F.,(4,3,3,3,3,3,3,3,3,3,3,3,3,3,3,3,3,3,3,3,3,
3,3,3,3,3,3,3,3,3,4),(0.,0.0436173021414607,0.0869960504692723,0.13027030241781,
0.173601312182236,0.217082433165782,0.260803374509719,0.30504757632587,
0.34967295974968,0.394962595538741,0.409485869206147,0.487090756670708,
0.566829115765581,0.619196705215614,0.659393928275394,0.700253525485942,
0.74111312269649,0.780898822809369,0.820659573019137,0.853259547029456,
0.925578717707146,0.996782604240806,1.00783508572823,1.05515589689723,1.10186966407445,
1.14800442043478,1.19361952699028,1.23861713956017,1.28334255263232,1.32780667791759,
1.34952541552684),.UNSPECIFIED.);
#88=B_SPLINE_CURVE_WITH_KNOTS('',3,(#5357,#5358,#5359,#5360,#5361,#5362,
#5363,#5364,#5365,#5366,#5367,#5368,#5369,#5370,#5371,#5372,#5373,#5374),
 .UNSPECIFIED.,.F.,.F.,(4,2,2,2,2,2,2,2,4),(0.,0.397361820447758,0.601514375388914,
0.687039202390216,0.748771586205746,0.807402960787004,0.88923076736953,
1.04006830906381,1.73583586135124),.UNSPECIFIED.);
#89=B_SPLINE_CURVE_WITH_KNOTS('',3,(#5376,#5377,#5378,#5379,#5380,#5381,
#5382,#5383,#5384,#5385,#5386,#5387,#5388,#5389,#5390,#5391,#5392,#5393),
 .UNSPECIFIED.,.F.,.F.,(4,2,2,2,2,2,2,2,4),(0.,0.449034982412005,0.740132907634017,
0.835047219685772,0.90109316624937,0.96144409137023,1.0413732049517,1.18228539840919,
1.76580137404729),.UNSPECIFIED.);
#90=B_SPLINE_CURVE_WITH_KNOTS('',3,(#5403,#5404,#5405,#5406,#5407,#5408,
#5409,#5410,#5411,#5412,#5413,#5414),.UNSPECIFIED.,.F.,.F.,(4,2,2,2,2,4),
(0.,0.790464775112561,0.991704599757009,1.12500216973826,1.23846845513967,
1.46613632777197),.UNSPECIFIED.);
#91=B_SPLINE_CURVE_WITH_KNOTS('',3,(#5415,#5416,#5417,#5418,#5419,#5420,
#5421,#5422,#5423,#5424,#5425,#5426,#5427,#5428),.UNSPECIFIED.,.F.,.F.,
(4,2,2,2,2,2,4),(0.,0.0379261918176227,0.0609312759601244,0.0817526042607121,
0.109391674540236,0.169268286271197,0.259247825028328),.UNSPECIFIED.);
#92=B_SPLINE_CURVE_WITH_KNOTS('',3,(#5439,#5440,#5441,#5442,#5443,#5444,
#5445,#5446,#5447,#5448),.UNSPECIFIED.,.F.,.F.,(4,2,2,2,4),(0.,0.683663715042381,
0.909571035164895,1.07819548419331,1.23308449875149),.UNSPECIFIED.);
#93=B_SPLINE_CURVE_WITH_KNOTS('',3,(#5452,#5453,#5454,#5455,#5456,#5457,
#5458,#5459,#5460,#5461),.UNSPECIFIED.,.F.,.F.,(4,2,2,2,4),(0.,0.090285989744112,
0.145105494420064,0.229643555306377,0.393164813089457),.UNSPECIFIED.);
#94=B_SPLINE_CURVE_WITH_KNOTS('',3,(#5472,#5473,#5474,#5475,#5476,#5477,
#5478,#5479,#5480,#5481),.UNSPECIFIED.,.F.,.F.,(4,2,2,2,4),(0.,0.206933332808471,
0.5279966145939,0.842619391516322,1.32604317343114),.UNSPECIFIED.);
#95=B_SPLINE_CURVE_WITH_KNOTS('',3,(#5483,#5484,#5485,#5486,#5487,#5488,
#5489,#5490,#5491,#5492),.UNSPECIFIED.,.F.,.F.,(4,2,2,2,4),(0.,0.128329697053517,
0.182614163594585,0.236702785617523,0.31967904173779),.UNSPECIFIED.);
#96=B_SPLINE_CURVE_WITH_KNOTS('',3,(#5503,#5504,#5505,#5506,#5507,#5508,
#5509,#5510),.UNSPECIFIED.,.F.,.F.,(4,2,2,4),(0.,0.0996432458112126,0.169434822633656,
0.331996585860548),.UNSPECIFIED.);
#97=B_SPLINE_CURVE_WITH_KNOTS('',3,(#5512,#5513,#5514,#5515,#5516,#5517,
#5518,#5519),.UNSPECIFIED.,.F.,.F.,(4,2,2,4),(0.,0.941121136736082,1.34525686199387,
1.7802511819309),.UNSPECIFIED.);
#98=B_SPLINE_CURVE_WITH_KNOTS('',3,(#5530,#5531,#5532,#5533,#5534,#5535,
#5536,#5537,#5538,#5539,#5540,#5541,#5542,#5543,#5544,#5545),
 .UNSPECIFIED.,.F.,.F.,(4,2,2,2,2,2,2,4),(0.,0.584276597862233,0.97976160682222,
1.12160611900989,1.23719187036591,1.36103386437509,1.54871397741355,2.22073824041228),
 .UNSPECIFIED.);
#99=B_SPLINE_CURVE_WITH_KNOTS('',3,(#5547,#5548,#5549,#5550,#5551,#5552,
#5553,#5554,#5555,#5556,#5557,#5558,#5559,#5560,#5561,#5562,#5563,#5564),
 .UNSPECIFIED.,.F.,.F.,(4,2,2,2,2,2,2,2,4),(0.,0.383301655341707,0.554293437588173,
0.644373629886452,0.719300381172875,0.806325865461066,0.948162661743735,
1.25145180890163,1.56589892004678),.UNSPECIFIED.);
#100=B_SPLINE_CURVE_WITH_KNOTS('',3,(#5574,#5575,#5576,#5577,#5578,#5579,
#5580,#5581,#5582,#5583,#5584,#5585,#5586,#5587),.UNSPECIFIED.,.F.,.F.,
(4,2,2,2,2,2,4),(0.,0.374001726479898,0.580950499100126,0.738147931579289,
0.889704383198995,1.12138482029203,1.36109596123586),.UNSPECIFIED.);
#101=B_SPLINE_CURVE_WITH_KNOTS('',3,(#5588,#5589,#5590,#5591,#5592,#5593,
#5594,#5595,#5596,#5597,#5598,#5599,#5600,#5601),.UNSPECIFIED.,.F.,.F.,
(4,2,2,2,2,2,4),(0.,0.736408063983823,1.19357007271291,1.54376399723309,
1.87082764999818,2.36477787838792,2.93866388842657),.UNSPECIFIED.);
#102=B_SPLINE_CURVE_WITH_KNOTS('',3,(#5613,#5614,#5615,#5616,#5617,#5618,
#5619,#5620,#5621,#5622),.UNSPECIFIED.,.F.,.F.,(4,2,2,2,4),(0.057164597707097,
0.0698691151477825,0.0838704672546862,0.0978048352989584,0.11173920334323),
 .UNSPECIFIED.);
#103=B_SPLINE_CURVE_WITH_KNOTS('',3,(#5624,#5625,#5626,#5627,#5628,#5629,
#5630,#5631,#5632,#5633),.UNSPECIFIED.,.F.,.F.,(4,2,2,2,4),(0.111730263943626,
0.125664744576303,0.139599225208981,0.153598194094473,0.166300534137724),
 .UNSPECIFIED.);
#104=B_SPLINE_CURVE_WITH_KNOTS('',3,(#5643,#5644,#5645,#5646,#5647,#5648,
#5649,#5650,#5651,#5652,#5653,#5654,#5655,#5656),.UNSPECIFIED.,.F.,.F.,
(4,2,2,2,2,2,4),(0.1117392089918,0.12567357703607,0.13960794508034,0.153609297187243,
0.167610649294145,0.181610328102028,0.183694446232148),.UNSPECIFIED.);
#105=B_SPLINE_CURVE_WITH_KNOTS('',3,(#5658,#5659,#5660,#5661,#5662,#5663,
#5664,#5665,#5666,#5667,#5668,#5669,#5670,#5671),.UNSPECIFIED.,.F.,.F.,
(4,2,2,2,2,2,4),(0.0397818726356034,0.0418659966019022,0.0558633549643341,
0.0698623238498258,0.0838612927353174,0.0977957733679935,0.111730254000669),
 .UNSPECIFIED.);
#106=B_SPLINE_CURVE_WITH_KNOTS('',3,(#5688,#5689,#5690,#5691,#5692,#5693,
#5694,#5695),.UNSPECIFIED.,.F.,.F.,(4,2,2,4),(0.,1.07281787860487,1.52851227699084,
1.95539374860932),.UNSPECIFIED.);
#107=B_SPLINE_CURVE_WITH_KNOTS('',3,(#5697,#5698,#5699,#5700,#5701,#5702,
#5703,#5704),.UNSPECIFIED.,.F.,.F.,(4,2,2,4),(0.,0.310163851266976,0.558859556695672,
0.867068098079714),.UNSPECIFIED.);
#108=B_SPLINE_CURVE_WITH_KNOTS('',3,(#5715,#5716,#5717,#5718,#5719,#5720,
#5721,#5722,#5723,#5724),.UNSPECIFIED.,.F.,.F.,(4,3,3,4),(0.,0.153152431021397,
0.279746948707908,0.306304862042794),.UNSPECIFIED.);
#109=B_SPLINE_CURVE_WITH_KNOTS('',3,(#5726,#5727,#5728,#5729,#5730,#5731,
#5732,#5733),.UNSPECIFIED.,.F.,.F.,(4,2,2,4),(0.,0.132715865825728,0.216648376894716,
0.449013927386569),.UNSPECIFIED.);
#110=B_SPLINE_CURVE_WITH_KNOTS('',3,(#5744,#5745,#5746,#5747,#5748,#5749),
 .UNSPECIFIED.,.F.,.F.,(4,2,4),(0.,0.204856672145574,0.47258141573323),
 .UNSPECIFIED.);
#111=B_SPLINE_CURVE_WITH_KNOTS('',3,(#5751,#5752,#5753,#5754,#5755,#5756),
 .UNSPECIFIED.,.F.,.F.,(4,2,4),(0.,0.348345779805505,0.614896365829126),
 .UNSPECIFIED.);
#112=B_SPLINE_CURVE_WITH_KNOTS('',3,(#5766,#5767,#5768,#5769,#5770,#5771,
#5772,#5773,#5774,#5775,#5776,#5777,#5778),.UNSPECIFIED.,.F.,.F.,(4,3,3,
3,4),(0.,0.428846724809673,0.863603180745686,1.6477093184006,1.71538689923869),
 .UNSPECIFIED.);
#113=B_SPLINE_CURVE_WITH_KNOTS('',3,(#5779,#5780,#5781,#5782,#5783,#5784,
#5785,#5786,#5787,#5788),.UNSPECIFIED.,.F.,.F.,(4,2,2,2,4),(0.,0.746362687799682,
1.06032678682339,1.22939377239508,1.43583002778444),.UNSPECIFIED.);
#114=B_SPLINE_CURVE_WITH_KNOTS('',3,(#5799,#5800,#5801,#5802,#5803,#5804,
#5805,#5806,#5807,#5808,#5809,#5810),.UNSPECIFIED.,.F.,.F.,(4,2,2,2,2,4),
(0.,0.519641786479306,0.632754851479779,0.73718418781709,0.880887718416837,
1.02089852573207),.UNSPECIFIED.);
#115=B_SPLINE_CURVE_WITH_KNOTS('',3,(#5814,#5815,#5816,#5817,#5818,#5819,
#5820,#5821,#5822,#5823,#5824,#5825),.UNSPECIFIED.,.F.,.F.,(4,2,2,2,2,4),
(0.,0.148928655811717,0.221434441339057,0.284741261310658,0.362565031423661,
0.601225905921279),.UNSPECIFIED.);
#116=B_SPLINE_CURVE_WITH_KNOTS('',3,(#5836,#5837,#5838,#5839,#5840,#5841,
#5842,#5843,#5844,#5845,#5846,#5847),.UNSPECIFIED.,.F.,.F.,(4,2,2,2,2,4),
(0.,0.163691581228376,0.274790185361712,0.414292002847939,0.535199468798815,
0.725606911755331),.UNSPECIFIED.);
#117=B_SPLINE_CURVE_WITH_KNOTS('',3,(#5849,#5850,#5851,#5852,#5853,#5854,
#5855,#5856,#5857,#5858),.UNSPECIFIED.,.F.,.F.,(4,2,2,2,4),(0.,0.511338658168135,
1.24434605168953,1.59757782211891,1.97875617464563),.UNSPECIFIED.);
#118=B_SPLINE_CURVE_WITH_KNOTS('',3,(#5869,#5870,#5871,#5872,#5873,#5874,
#5875,#5876,#5877,#5878),.UNSPECIFIED.,.F.,.F.,(4,2,2,2,4),(0.,0.885489741367644,
1.17769192968068,1.34522875297728,1.57749481696482),.UNSPECIFIED.);
#119=B_SPLINE_CURVE_WITH_KNOTS('',3,(#5880,#5881,#5882,#5883,#5884,#5885,
#5886,#5887,#5888,#5889),.UNSPECIFIED.,.F.,.F.,(4,2,2,2,4),(0.,0.0475967805261033,
0.075317954395914,0.10999679828962,0.253897403413422),.UNSPECIFIED.);
#120=B_SPLINE_CURVE_WITH_KNOTS('',3,(#5900,#5901,#5902,#5903,#5904,#5905,
#5906,#5907,#5908,#5909,#5910,#5911),.UNSPECIFIED.,.F.,.F.,(4,2,2,2,2,4),
(0.,0.0477150340147393,0.0742713690576209,0.101311185476902,0.149171066976952,
0.256186881420006),.UNSPECIFIED.);
#121=B_SPLINE_CURVE_WITH_KNOTS('',3,(#5913,#5914,#5915,#5916,#5917,#5918,
#5919,#5920,#5921,#5922,#5923,#5924),.UNSPECIFIED.,.F.,.F.,(4,2,2,2,2,4),
(0.,0.74492097600753,0.950813303026802,1.0910970493088,1.22462134694839,
1.39122504738525),.UNSPECIFIED.);
#122=B_SPLINE_CURVE_WITH_KNOTS('',3,(#5935,#5936,#5937,#5938,#5939,#5940,
#5941,#5942,#5943,#5944),.UNSPECIFIED.,.F.,.F.,(4,2,2,2,4),(0.,0.803866163053664,
1.07233528301927,1.28238695019543,1.50560623935163),.UNSPECIFIED.);
#123=B_SPLINE_CURVE_WITH_KNOTS('',3,(#5946,#5947,#5948,#5949,#5950,#5951,
#5952,#5953,#5954,#5955),.UNSPECIFIED.,.F.,.F.,(4,2,2,2,4),(0.,0.100708751715507,
0.160894698080975,0.244038880735261,0.443963826344425),.UNSPECIFIED.);
#124=B_SPLINE_CURVE_WITH_KNOTS('',3,(#5965,#5966,#5967,#5968,#5969,#5970,
#5971,#5972),.UNSPECIFIED.,.F.,.F.,(4,2,2,4),(0.,0.0853223643995025,0.143457357926523,
0.378280999258312),.UNSPECIFIED.);
#125=B_SPLINE_CURVE_WITH_KNOTS('',3,(#5973,#5974,#5975,#5976,#5977,#5978,
#5979,#5980),.UNSPECIFIED.,.F.,.F.,(4,2,2,4),(0.,0.533320422846539,0.760229619790794,
1.00807457894901),.UNSPECIFIED.);
#126=B_SPLINE_CURVE_WITH_KNOTS('',3,(#5991,#5992,#5993,#5994,#5995,#5996,
#5997,#5998,#5999,#6000),.UNSPECIFIED.,.F.,.F.,(4,2,2,2,4),(0.,0.143443622725065,
0.248967630709406,0.352283742439319,0.49178884862179),.UNSPECIFIED.);
#127=B_SPLINE_CURVE_WITH_KNOTS('',3,(#6004,#6005,#6006,#6007,#6008,#6009,
#6010,#6011,#6012,#6013),.UNSPECIFIED.,.F.,.F.,(4,3,3,4),(0.,0.668259037785169,
1.09126700445408,1.48598814934915),.UNSPECIFIED.);
#128=B_SPLINE_CURVE_WITH_KNOTS('',3,(#6024,#6025,#6026,#6027,#6028,#6029,
#6030,#6031),.UNSPECIFIED.,.F.,.F.,(4,2,2,4),(0.,0.781073720360627,1.10701041746996,
1.45474734044728),.UNSPECIFIED.);
#129=B_SPLINE_CURVE_WITH_KNOTS('',3,(#6033,#6034,#6035,#6036,#6037,#6038,
#6039,#6040),.UNSPECIFIED.,.F.,.F.,(4,2,2,4),(0.,0.206459962356151,0.495135935524134,
0.8179016225702),.UNSPECIFIED.);
#130=B_SPLINE_CURVE_WITH_KNOTS('',3,(#6051,#6052,#6053,#6054,#6055,#6056,
#6057,#6058,#6059,#6060,#6061,#6062),.UNSPECIFIED.,.F.,.F.,(4,2,2,2,2,4),
(0.,0.225239590032862,0.335331183326577,0.445065387073429,0.638400081809544,
0.976795659794186),.UNSPECIFIED.);
#131=B_SPLINE_CURVE_WITH_KNOTS('',3,(#6064,#6065,#6066,#6067,#6068,#6069,
#6070,#6071,#6072,#6073),.UNSPECIFIED.,.F.,.F.,(4,2,2,2,4),(0.,1.52021495612947,
1.93692478114002,2.29160606392886,3.03876585114062),.UNSPECIFIED.);
#132=B_SPLINE_CURVE_WITH_KNOTS('',3,(#6084,#6085,#6086,#6087,#6088,#6089,
#6090,#6091,#6092,#6093,#6094,#6095,#6096,#6097,#6098,#6099,#6100,#6101),
 .UNSPECIFIED.,.F.,.F.,(4,2,2,2,2,2,2,2,4),(0.,0.760123654194958,1.09662459745149,
1.23896025669741,1.35666039467884,1.49174031855558,1.70908260283946,2.16256724776641,
2.62407998197775),.UNSPECIFIED.);
#133=B_SPLINE_CURVE_WITH_KNOTS('',3,(#6103,#6104,#6105,#6106,#6107,#6108,
#6109,#6110,#6111,#6112,#6113,#6114,#6115,#6116,#6117,#6118,#6119,#6120),
 .UNSPECIFIED.,.F.,.F.,(4,2,2,2,2,2,2,2,4),(0.,0.937753698057167,1.6149532719177,
1.85003892257481,2.03935953910181,2.2398960269504,2.53801981934936,3.15125106744557,
3.77107853478041),.UNSPECIFIED.);
#134=B_SPLINE_CURVE_WITH_KNOTS('',3,(#6130,#6131,#6132,#6133,#6134,#6135,
#6136,#6137,#6138,#6139,#6140,#6141,#6142),.UNSPECIFIED.,.F.,.F.,(4,3,3,
3,4),(0.,1.47379238595878,2.15620064735361,2.65092329725008,2.94758477191755),
 .UNSPECIFIED.);
#135=B_SPLINE_CURVE_WITH_KNOTS('',3,(#6143,#6144,#6145,#6146,#6147,#6148,
#6149,#6150,#6151,#6152,#6153,#6154),.UNSPECIFIED.,.F.,.F.,(4,2,2,2,2,4),
(0.,0.183184867941433,0.238528256413598,0.291163854969337,0.364022594217724,
0.680608982728416),.UNSPECIFIED.);
#136=B_SPLINE_CURVE_WITH_KNOTS('',3,(#6158,#6159,#6160,#6161,#6162,#6163,
#6164,#6165,#6166,#6167,#6168,#6169),.UNSPECIFIED.,.F.,.F.,(4,2,2,2,2,4),
(0.983656143093483,1.00072127861899,1.12559829141716,1.25047530421532,1.37584192020538,
1.45228228906885),.UNSPECIFIED.);
#137=B_SPLINE_CURVE_WITH_KNOTS('',3,(#6173,#6174,#6175,#6176,#6177,#6178,
#6179,#6180,#6181,#6182,#6183,#6184),.UNSPECIFIED.,.F.,.F.,(4,2,2,2,2,4),
(0.549129403446252,0.62555781964478,0.750906688510485,0.87578417546752,
1.00066166242456,1.01772677058321),.UNSPECIFIED.);
#138=B_SPLINE_CURVE_WITH_KNOTS('',3,(#6188,#6189,#6190,#6191,#6192,#6193,
#6194,#6195),.UNSPECIFIED.,.F.,.F.,(4,2,2,4),(11.921208484614,12.3191699847766,
12.7919278420089,12.9669748526318),.UNSPECIFIED.);
#139=B_SPLINE_CURVE_WITH_KNOTS('',3,(#6197,#6198,#6199,#6200,#6201,#6202,
#6203,#6204),.UNSPECIFIED.,.F.,.F.,(4,2,2,4),(2.18472886977398,2.3597360290118,
2.832454232943,3.23042556154939),.UNSPECIFIED.);
#140=B_SPLINE_CURVE_WITH_KNOTS('',3,(#6215,#6216,#6217,#6218,#6219,#6220,
#6221,#6222,#6223,#6224),.UNSPECIFIED.,.F.,.F.,(4,2,2,2,4),(0.,0.814476092789518,
1.06696206348715,1.30658149004365,1.73507393533294),.UNSPECIFIED.);
#141=B_SPLINE_CURVE_WITH_KNOTS('',3,(#6226,#6227,#6228,#6229,#6230,#6231,
#6232,#6233,#6234,#6235,#6236,#6237),.UNSPECIFIED.,.F.,.F.,(4,2,2,2,2,4),
(0.,0.353392676482469,0.555838758209601,0.731407014724991,0.997238916141978,
1.28713444173475),.UNSPECIFIED.);
#142=B_SPLINE_CURVE_WITH_KNOTS('',3,(#6248,#6249,#6250,#6251,#6252,#6253,
#6254,#6255,#6256,#6257,#6258,#6259,#6260,#6261,#6262,#6263),
 .UNSPECIFIED.,.F.,.F.,(4,2,2,2,2,2,2,4),(0.,0.500511673410138,0.737452275511005,
0.927297428857828,1.12289586391911,1.40134141621295,1.91821358493212,3.0745674871188),
 .UNSPECIFIED.);
#143=B_SPLINE_CURVE_WITH_KNOTS('',3,(#6265,#6266,#6267,#6268,#6269,#6270,
#6271,#6272,#6273,#6274,#6275,#6276,#6277,#6278),.UNSPECIFIED.,.F.,.F.,
(4,2,2,2,2,2,4),(0.,1.43504523485411,1.65459423242565,1.82008730767285,
1.9750006515633,2.18764934775869,2.61803738203095),.UNSPECIFIED.);
#144=B_SPLINE_CURVE_WITH_KNOTS('',3,(#6293,#6294,#6295,#6296,#6297,#6298,
#6299,#6300,#6301,#6302,#6303,#6304,#6305,#6306,#6307,#6308,#6309,#6310,
#6311,#6312,#6313,#6314,#6315,#6316,#6317,#6318,#6319,#6320,#6321,#6322,
#6323,#6324,#6325,#6326,#6327,#6328,#6329,#6330,#6331,#6332,#6333,#6334,
#6335,#6336,#6337,#6338,#6339,#6340,#6341,#6342,#6343,#6344,#6345,#6346,
#6347,#6348,#6349,#6350,#6351,#6352,#6353,#6354,#6355,#6356,#6357,#6358,
#6359,#6360,#6361,#6362),.UNSPECIFIED.,.F.,.F.,(4,3,3,3,3,3,3,3,3,3,3,3,
3,3,3,3,3,3,3,3,3,3,3,4),(0.,0.0688172704670934,0.137737576596648,0.206847760867918,
0.27915366323287,0.349130606560955,0.422600988444342,0.496071370327729,
0.608728538460227,0.725874761882757,0.851869349817341,0.921865737051299,
1.0079504224366,1.09869037579127,1.15845208937355,1.22661982058624,1.29227049760742,
1.34845240958658,1.43182901472259,1.5177423054738,1.53775102140499,1.67372259030152,
1.79831077664932,1.88243109235721),.UNSPECIFIED.);
#145=B_SPLINE_CURVE_WITH_KNOTS('',3,(#6366,#6367,#6368,#6369,#6370,#6371,
#6372,#6373,#6374,#6375,#6376,#6377,#6378,#6379),.UNSPECIFIED.,.F.,.F.,
(4,2,2,2,2,2,4),(0.,0.17343732739818,0.246545032505349,0.312897842751075,
0.403788029303687,0.540447881716929,0.69921560359195),.UNSPECIFIED.);
#146=B_SPLINE_CURVE_WITH_KNOTS('',3,(#6390,#6391,#6392,#6393,#6394,#6395,
#6396,#6397,#6398,#6399,#6400,#6401),.UNSPECIFIED.,.F.,.F.,(4,2,2,2,2,4),
(0.,0.163849234362002,0.240014931126663,0.312176816534195,0.421892890310184,
0.652012064782989),.UNSPECIFIED.);
#147=B_SPLINE_CURVE_WITH_KNOTS('',3,(#6403,#6404,#6405,#6406,#6407,#6408,
#6409,#6410,#6411,#6412),.UNSPECIFIED.,.F.,.F.,(4,3,3,4),(0.,0.789573006918946,
1.40294007560186,1.57914601383789),.UNSPECIFIED.);
#148=B_SPLINE_CURVE_WITH_KNOTS('',3,(#6423,#6424,#6425,#6426,#6427,#6428,
#6429,#6430,#6431,#6432,#6433,#6434,#6435,#6436),.UNSPECIFIED.,.F.,.F.,
(4,2,2,2,2,2,4),(0.,0.765111314178504,0.960684322314817,1.11308672383994,
1.26406069156575,1.50189049888267,1.76837014104699),.UNSPECIFIED.);
#149=B_SPLINE_CURVE_WITH_KNOTS('',3,(#6438,#6439,#6440,#6441,#6442,#6443,
#6444,#6445,#6446,#6447,#6448,#6449,#6450,#6451),.UNSPECIFIED.,.F.,.F.,
(4,2,2,2,2,2,4),(0.,0.266841203044112,0.384409702047259,0.486179477041384,
0.593232445159628,0.764178377302482,1.11495557677704),.UNSPECIFIED.);
#150=B_SPLINE_CURVE_WITH_KNOTS('',3,(#6462,#6463,#6464,#6465,#6466,#6467,
#6468,#6469),.UNSPECIFIED.,.F.,.F.,(4,2,2,4),(0.,0.42065891025116,0.597253468134879,
0.786757443798402),.UNSPECIFIED.);
#151=B_SPLINE_CURVE_WITH_KNOTS('',3,(#6471,#6472,#6473,#6474,#6475,#6476),
 .UNSPECIFIED.,.F.,.F.,(4,2,4),(0.,0.129170961043894,0.288608419432853),
 .UNSPECIFIED.);
#152=B_SPLINE_CURVE_WITH_KNOTS('',3,(#6486,#6487,#6488,#6489,#6490,#6491,
#6492,#6493,#6494,#6495,#6496,#6497),.UNSPECIFIED.,.F.,.F.,(4,2,2,2,2,4),
(0.,0.0653478369713866,0.0968311512562025,0.129971132493491,0.19227229695264,
0.290129284508946),.UNSPECIFIED.);
#153=B_SPLINE_CURVE_WITH_KNOTS('',3,(#6498,#6499,#6500,#6501,#6502,#6503,
#6504,#6505,#6506,#6507,#6508,#6509),.UNSPECIFIED.,.F.,.F.,(4,2,2,2,2,4),
(0.,0.85913366830784,1.08632819516438,1.25493739998087,1.41953236215488,
1.60215547946518),.UNSPECIFIED.);
#154=B_SPLINE_CURVE_WITH_KNOTS('',3,(#6520,#6521,#6522,#6523,#6524,#6525,
#6526,#6527,#6528,#6529,#6530,#6531,#6532,#6533),.UNSPECIFIED.,.F.,.F.,
(4,2,2,2,2,2,4),(0.,0.571189841763963,0.871046236487447,1.03473068271327,
1.18603928526021,1.38871053631349,2.02084194760555),.UNSPECIFIED.);
#155=B_SPLINE_CURVE_WITH_KNOTS('',3,(#6537,#6538,#6539,#6540,#6541,#6542,
#6543,#6544,#6545,#6546,#6547,#6548,#6549,#6550),.UNSPECIFIED.,.F.,.F.,
(4,2,2,2,2,2,4),(0.,0.624295543339692,1.05481253929501,1.26459225624996,
1.45990905244443,1.72631089312575,2.45404389431592),.UNSPECIFIED.);
#156=B_SPLINE_CURVE_WITH_KNOTS('',3,(#6561,#6562,#6563,#6564,#6565,#6566,
#6567,#6568,#6569,#6570,#6571,#6572,#6573,#6574,#6575,#6576,#6577,#6578),
 .UNSPECIFIED.,.F.,.F.,(4,2,2,2,2,2,2,2,4),(0.,0.613863001505029,0.914722055267284,
1.05393590854615,1.16916037589262,1.30179829381376,1.51608584894403,1.96987111556454,
2.39178756154694),.UNSPECIFIED.);
#157=B_SPLINE_CURVE_WITH_KNOTS('',3,(#6580,#6581,#6582,#6583,#6584,#6585,
#6586,#6587,#6588,#6589,#6590,#6591,#6592,#6593,#6594,#6595,#6596,#6597),
 .UNSPECIFIED.,.F.,.F.,(4,2,2,2,2,2,2,2,4),(0.,0.85886950199408,1.48538106344199,
1.71187016787534,1.89244920208777,2.08207877499848,2.37584801438871,2.98115720273554,
3.60659843959657),.UNSPECIFIED.);
#158=B_SPLINE_CURVE_WITH_KNOTS('',3,(#6608,#6609,#6610,#6611,#6612,#6613,
#6614,#6615,#6616,#6617,#6618,#6619,#6620,#6621),.UNSPECIFIED.,.F.,.F.,
(4,2,2,2,2,2,4),(0.,1.71768383527545,2.06422303934058,2.31985061465722,
2.5469294911067,2.8062018010526,3.49868674732187),.UNSPECIFIED.);
#159=B_SPLINE_CURVE_WITH_KNOTS('',3,(#6623,#6624,#6625,#6626,#6627,#6628,
#6629,#6630,#6631,#6632,#6633,#6634,#6635,#6636),.UNSPECIFIED.,.F.,.F.,
(4,2,2,2,2,2,4),(0.,0.141432417220488,0.190511235104898,0.234490730857834,
0.284400545244537,0.364006625666768,0.711991463210706),.UNSPECIFIED.);
#160=B_SPLINE_CURVE_WITH_KNOTS('',3,(#6646,#6647,#6648,#6649,#6650,#6651,
#6652,#6653,#6654,#6655),.UNSPECIFIED.,.F.,.F.,(4,2,2,2,4),(0.,0.113551033035594,
0.315501594164843,0.494292204765897,0.722950632204847),.UNSPECIFIED.);
#161=B_SPLINE_CURVE_WITH_KNOTS('',3,(#6656,#6657,#6658,#6659,#6660,#6661,
#6662,#6663,#6664,#6665),.UNSPECIFIED.,.F.,.F.,(4,3,3,4),(0.,0.803159062280821,
1.32786097079537,1.60631812456164),.UNSPECIFIED.);
#162=B_SPLINE_CURVE_WITH_KNOTS('',3,(#6676,#6677,#6678,#6679,#6680,#6681,
#6682,#6683,#6684,#6685,#6686,#6687,#6688,#6689),.UNSPECIFIED.,.F.,.F.,
(4,2,2,2,2,2,4),(0.,0.206662806550317,0.538571789294302,0.694744326606411,
0.840360934475778,1.0449318919913,1.58287207739096),.UNSPECIFIED.);
#163=B_SPLINE_CURVE_WITH_KNOTS('',3,(#6693,#6694,#6695,#6696,#6697,#6698,
#6699,#6700,#6701,#6702,#6703,#6704,#6705,#6706),.UNSPECIFIED.,.F.,.F.,
(4,2,2,2,2,2,4),(0.,0.81210029369322,1.11364339662217,1.34338779667804,
1.56008590148853,1.88318612622261,2.39230711700533),.UNSPECIFIED.);
#164=B_SPLINE_CURVE_WITH_KNOTS('',3,(#6716,#6717,#6718,#6719,#6720,#6721,
#6722,#6723),.UNSPECIFIED.,.F.,.F.,(4,2,2,4),(0.0742667685393493,0.0838748738270659,
0.0978091869358957,0.111743500044726),.UNSPECIFIED.);
#165=B_SPLINE_CURVE_WITH_KNOTS('',3,(#6725,#6726,#6727,#6728,#6729,#6730,
#6731,#6732),.UNSPECIFIED.,.F.,.F.,(4,2,2,4),(0.111734399200763,0.125668826933949,
0.139603254667134,0.149209193651238),.UNSPECIFIED.);
#166=B_SPLINE_CURVE_WITH_KNOTS('',3,(#6754,#6755,#6756,#6757,#6758,#6759,
#6760,#6761,#6762,#6763,#6764,#6765,#6766,#6767,#6768,#6769),
 .UNSPECIFIED.,.F.,.F.,(4,2,2,2,2,2,2,4),(0.,0.996421408021034,1.43289655667058,
1.60815741815332,1.74855610649618,1.90559134037768,2.15874354987506,2.80973811130722),
 .UNSPECIFIED.);
#167=B_SPLINE_CURVE_WITH_KNOTS('',3,(#6770,#6771,#6772,#6773,#6774,#6775,
#6776,#6777,#6778,#6779,#6780,#6781,#6782,#6783,#6784,#6785),
 .UNSPECIFIED.,.F.,.F.,(4,2,2,2,2,2,2,4),(0.,0.463049915227413,0.628769218885206,
0.742288591460927,0.839220925951331,0.957376349753007,1.1581565974969,2.00434522707002),
 .UNSPECIFIED.);
#168=B_SPLINE_CURVE_WITH_KNOTS('',3,(#6796,#6797,#6798,#6799,#6800,#6801,
#6802,#6803,#6804,#6805),.UNSPECIFIED.,.F.,.F.,(4,2,2,2,4),(0.,0.0749760942867465,
0.11270887633533,0.160319900809489,0.301603826179852),.UNSPECIFIED.);
#169=B_SPLINE_CURVE_WITH_KNOTS('',3,(#6809,#6810,#6811,#6812,#6813,#6814,
#6815,#6816,#6817,#6818),.UNSPECIFIED.,.F.,.F.,(4,2,2,2,4),(0.,0.51719566558804,
0.799196285796884,0.968172576510785,1.24121993500955),.UNSPECIFIED.);
#170=B_SPLINE_CURVE_WITH_KNOTS('',3,(#6829,#6830,#6831,#6832,#6833,#6834,
#6835,#6836,#6837,#6838,#6839,#6840,#6841,#6842,#6843,#6844),
 .UNSPECIFIED.,.F.,.F.,(4,2,2,2,2,2,2,4),(0.,0.351340876664961,0.467925848568005,
0.559111301935213,0.649358080240431,0.774224960736137,1.02073305934854,
1.4354676793914),.UNSPECIFIED.);
#171=B_SPLINE_CURVE_WITH_KNOTS('',3,(#6846,#6847,#6848,#6849,#6850,#6851,
#6852,#6853,#6854,#6855,#6856,#6857,#6858,#6859,#6860,#6861),
 .UNSPECIFIED.,.F.,.F.,(4,2,2,2,2,2,2,4),(0.,1.18353386499755,1.49761699128649,
1.71558004292961,1.90737670508649,2.13065182123236,2.51339107214933,2.92549432819381),
 .UNSPECIFIED.);
#172=B_SPLINE_CURVE_WITH_KNOTS('',3,(#6872,#6873,#6874,#6875,#6876,#6877,
#6878,#6879,#6880,#6881,#6882,#6883,#6884,#6885),.UNSPECIFIED.,.F.,.F.,
(4,2,2,2,2,2,4),(0.,1.43004467453552,2.04258140987049,2.21151797302935,
2.34953165865383,2.49198596274849,2.62972188786426),.UNSPECIFIED.);
#173=B_SPLINE_CURVE_WITH_KNOTS('',3,(#6887,#6888,#6889,#6890,#6891,#6892,
#6893,#6894,#6895,#6896,#6897,#6898,#6899,#6900),.UNSPECIFIED.,.F.,.F.,
(4,2,2,2,2,2,4),(0.,0.0236069635405626,0.0355332636259658,0.0478487131419093,
0.0659107385100373,0.107537359979052,0.215854187743326),.UNSPECIFIED.);
#174=B_SPLINE_CURVE_WITH_KNOTS('',3,(#6911,#6912,#6913,#6914,#6915,#6916,
#6917,#6918,#6919,#6920),.UNSPECIFIED.,.F.,.F.,(4,2,2,2,4),(0.,0.0276082685150252,
0.0467746571733607,0.0759736796869794,0.252490402573095),.UNSPECIFIED.);
#175=B_SPLINE_CURVE_WITH_KNOTS('',3,(#6922,#6923,#6924,#6925,#6926,#6927,
#6928,#6929,#6930,#6931),.UNSPECIFIED.,.F.,.F.,(4,2,2,2,4),(0.,1.24776926532725,
1.78725381205933,2.02990714988528,2.32730022979305),.UNSPECIFIED.);
#176=B_SPLINE_CURVE_WITH_KNOTS('',3,(#6941,#6942,#6943,#6944,#6945,#6946,
#6947,#6948,#6949,#6950),.UNSPECIFIED.,.F.,.F.,(4,2,2,2,4),(0.,1.23215684954888,
1.76027894889888,2.02622581197484,2.30698649237791),.UNSPECIFIED.);
#177=B_SPLINE_CURVE_WITH_KNOTS('',3,(#6951,#6952,#6953,#6954,#6955,#6956,
#6957,#6958,#6959,#6960),.UNSPECIFIED.,.F.,.F.,(4,2,2,2,4),(0.,0.0421956456698245,
0.102828414411307,0.181243405818442,0.303596469206695),.UNSPECIFIED.);
#178=B_SPLINE_CURVE_WITH_KNOTS('',3,(#6971,#6972,#6973,#6974,#6975,#6976,
#6977,#6978),.UNSPECIFIED.,.F.,.F.,(4,2,2,4),(0.,0.69324912031379,0.987527169431415,
1.3044561890212),.UNSPECIFIED.);
#179=B_SPLINE_CURVE_WITH_KNOTS('',3,(#6982,#6983,#6984,#6985,#6986,#6987,
#6988,#6989),.UNSPECIFIED.,.F.,.F.,(4,2,2,4),(0.,0.116214530379727,0.189683209416422,
0.328860267982015),.UNSPECIFIED.);
#180=B_SPLINE_CURVE_WITH_KNOTS('',3,(#7000,#7001,#7002,#7003,#7004,#7005,
#7006,#7007,#7008,#7009),.UNSPECIFIED.,.F.,.F.,(4,2,2,2,4),(0.,0.0346402044615624,
0.0523663624274426,0.0817304724154984,0.172484352469565),.UNSPECIFIED.);
#181=B_SPLINE_CURVE_WITH_KNOTS('',3,(#7011,#7012,#7013,#7014,#7015,#7016,
#7017,#7018,#7019,#7020),.UNSPECIFIED.,.F.,.F.,(4,2,2,2,4),(0.,1.70897296692657,
2.44286033176001,2.81055975568508,3.20227096237255),.UNSPECIFIED.);
#182=B_SPLINE_CURVE_WITH_KNOTS('',3,(#7031,#7032,#7033,#7034,#7035,#7036,
#7037,#7038,#7039,#7040,#7041,#7042,#7043,#7044,#7045,#7046,#7047,#7048,
#7049,#7050,#7051,#7052),.UNSPECIFIED.,.F.,.F.,(4,2,2,2,2,2,2,2,2,2,4),
(0.,1.00481592974761,1.46478078581276,1.69096160638049,1.8155146923561,
1.90272639658504,1.98698919652835,2.10466542860841,2.33368862697114,2.96438019058409,
5.14569070243317),.UNSPECIFIED.);
#183=B_SPLINE_CURVE_WITH_KNOTS('',3,(#7054,#7055,#7056,#7057,#7058,#7059,
#7060,#7061,#7062,#7063,#7064,#7065,#7066,#7067,#7068,#7069,#7070,#7071,
#7072,#7073,#7074,#7075),.UNSPECIFIED.,.F.,.F.,(4,2,2,2,2,2,2,2,2,2,4),
(0.,1.12226096293338,1.9032793583107,2.07058310295851,2.17708714873253,
2.26457522482743,2.36005482860046,2.51800938571256,2.84428820800112,3.67611442202881,
4.5277323453199),.UNSPECIFIED.);
#184=B_SPLINE_CURVE_WITH_KNOTS('',3,(#7086,#7087,#7088,#7089,#7090,#7091,
#7092,#7093,#7094,#7095,#7096,#7097,#7098,#7099),.UNSPECIFIED.,.F.,.F.,
(4,2,2,2,2,2,4),(0.,1.95235138801607,2.3971914076044,2.60146339176097,2.76326147493479,
2.91630156670898,3.27450295955261),.UNSPECIFIED.);
#185=B_SPLINE_CURVE_WITH_KNOTS('',3,(#7101,#7102,#7103,#7104,#7105,#7106,
#7107,#7108,#7109,#7110,#7111,#7112,#7113,#7114),.UNSPECIFIED.,.F.,.F.,
(4,2,2,2,2,2,4),(0.,0.0542450805927676,0.0836926804290852,0.110946520578729,
0.144096534900724,0.208908745993805,0.615300263359868),.UNSPECIFIED.);
#186=B_SPLINE_CURVE_WITH_KNOTS('',3,(#7124,#7125,#7126,#7127,#7128,#7129),
 .UNSPECIFIED.,.F.,.F.,(4,2,4),(0.,0.207822362153257,0.43865811907765),
 .UNSPECIFIED.);
#187=B_SPLINE_CURVE_WITH_KNOTS('',3,(#7130,#7131,#7132,#7133,#7134,#7135),
 .UNSPECIFIED.,.F.,.F.,(4,2,4),(0.,0.715877691792676,1.36038561046021),
 .UNSPECIFIED.);
#188=B_SPLINE_CURVE_WITH_KNOTS('',3,(#7147,#7148,#7149,#7150,#7151,#7152,
#7153,#7154,#7155,#7156,#7157,#7158),.UNSPECIFIED.,.F.,.F.,(4,2,2,2,2,4),
(0.0663660167822692,0.0755259895815362,0.0906598400401471,0.105724165402661,
0.120788490765174,0.121264619160854),.UNSPECIFIED.);
#189=B_SPLINE_CURVE_WITH_KNOTS('',3,(#7160,#7161,#7162,#7163,#7164,#7165,
#7166,#7167,#7168,#7169,#7170,#7171),.UNSPECIFIED.,.F.,.F.,(4,2,2,2,2,4),
(0.120303095462919,0.120779225807609,0.135843667556016,0.150908109304422,
0.166039486308124,0.175197878855846),.UNSPECIFIED.);
#190=B_SPLINE_CURVE_WITH_KNOTS('',3,(#7181,#7182,#7183,#7184,#7185,#7186,
#7187,#7188,#7189,#7190,#7191,#7192,#7193,#7194,#7195,#7196),
 .UNSPECIFIED.,.F.,.F.,(4,2,2,2,2,2,2,4),(0.121260380688264,0.135848631807712,
0.150913011250129,0.1660457388287,0.18117846640727,0.196309296391167,0.211440126375063,
0.214027233538987),.UNSPECIFIED.);
#191=B_SPLINE_CURVE_WITH_KNOTS('',3,(#7198,#7199,#7200,#7201,#7202,#7203,
#7204,#7205,#7206,#7207,#7208,#7209,#7210,#7211,#7212,#7213),
 .UNSPECIFIED.,.F.,.F.,(4,2,2,2,2,2,2,4),(0.027540551468796,0.0301286215129064,
0.0452570912764883,0.0603855610400702,0.0755158572609498,0.0906461534818293,
0.105710647306199,0.120299012967641),.UNSPECIFIED.);
#192=B_SPLINE_CURVE_WITH_KNOTS('',3,(#7230,#7231,#7232,#7233,#7234,#7235,
#7236,#7237,#7238,#7239),.UNSPECIFIED.,.F.,.F.,(4,2,2,2,4),(0.,1.65524397700067,
2.36569456978444,2.72151206411355,3.07759029328082),.UNSPECIFIED.);
#193=B_SPLINE_CURVE_WITH_KNOTS('',3,(#7241,#7242,#7243,#7244,#7245,#7246,
#7247,#7248),.UNSPECIFIED.,.F.,.F.,(4,2,2,4),(0.,0.0975515578901929,0.164930847990238,
0.479548384592926),.UNSPECIFIED.);
#194=B_SPLINE_CURVE_WITH_KNOTS('',3,(#7258,#7259,#7260,#7261,#7262,#7263,
#7264,#7265,#7266,#7267,#7268,#7269,#7270,#7271),.UNSPECIFIED.,.F.,.F.,
(4,2,2,2,2,2,4),(0.,0.0751233190577244,0.116009394373592,0.153636654674277,
0.204903358961836,0.317460333333163,0.447040386166226),.UNSPECIFIED.);
#195=B_SPLINE_CURVE_WITH_KNOTS('',3,(#7272,#7273,#7274,#7275,#7276,#7277,
#7278,#7279,#7280,#7281,#7282,#7283),.UNSPECIFIED.,.F.,.F.,(4,2,2,2,2,4),
(0.,1.07939172300984,1.29336467883132,1.43121208530967,1.55301769656987,
1.80500513043021),.UNSPECIFIED.);
#196=CYLINDRICAL_SURFACE('',#3425,1.);
#197=CYLINDRICAL_SURFACE('',#3435,2.25000000000001);
#198=CYLINDRICAL_SURFACE('',#3437,5.);
#199=CYLINDRICAL_SURFACE('',#3439,5.);
#200=CYLINDRICAL_SURFACE('',#3454,1.55);
#201=CYLINDRICAL_SURFACE('',#3457,1.55);
#202=CYLINDRICAL_SURFACE('',#3462,3.15);
#203=CYLINDRICAL_SURFACE('',#3466,3.15);
#204=CYLINDRICAL_SURFACE('',#3470,3.15);
#205=CYLINDRICAL_SURFACE('',#3474,3.15);
#206=CYLINDRICAL_SURFACE('',#3480,5.);
#207=CYLINDRICAL_SURFACE('',#3487,4.95000000000001);
#208=CYLINDRICAL_SURFACE('',#3507,5.50000000000001);
#209=CYLINDRICAL_SURFACE('',#3518,7.54999999999999);
#210=CYLINDRICAL_SURFACE('',#3529,1.);
#211=CYLINDRICAL_SURFACE('',#3530,1.);
#212=CYLINDRICAL_SURFACE('',#3533,1.);
#213=CYLINDRICAL_SURFACE('',#3534,1.);
#214=CYLINDRICAL_SURFACE('',#3537,1.);
#215=CYLINDRICAL_SURFACE('',#3540,1.80000000000003);
#216=CYLINDRICAL_SURFACE('',#3544,72.2847301895793);
#217=CYLINDRICAL_SURFACE('',#3548,11.380683289415);
#218=CYLINDRICAL_SURFACE('',#3556,2.25000000000001);
#219=CYLINDRICAL_SURFACE('',#3558,1.70000000000005);
#220=CYLINDRICAL_SURFACE('',#3560,2.25000000000001);
#221=CYLINDRICAL_SURFACE('',#3562,2.25000000000001);
#222=CYLINDRICAL_SURFACE('',#3564,2.25000000000001);
#223=CYLINDRICAL_SURFACE('',#3567,72.1406841215904);
#224=CYLINDRICAL_SURFACE('',#3586,5.);
#225=CYLINDRICAL_SURFACE('',#3587,5.);
#226=CYLINDRICAL_SURFACE('',#3591,7.55);
#227=CYLINDRICAL_SURFACE('',#3598,15.);
#228=CYLINDRICAL_SURFACE('',#3606,9.51134413080984);
#229=CYLINDRICAL_SURFACE('',#3608,10.0000000000001);
#230=CYLINDRICAL_SURFACE('',#3609,26.4658256718834);
#231=CYLINDRICAL_SURFACE('',#3610,10.0000000000003);
#232=CYLINDRICAL_SURFACE('',#3615,0.370000000000026);
#233=CYLINDRICAL_SURFACE('',#3617,0.369999999999988);
#234=CYLINDRICAL_SURFACE('',#3621,3.31548607647618);
#235=CYLINDRICAL_SURFACE('',#3622,25.0443166011834);
#236=CYLINDRICAL_SURFACE('',#3629,0.370000000000097);
#237=CYLINDRICAL_SURFACE('',#3637,0.399999999999978);
#238=CYLINDRICAL_SURFACE('',#3641,0.399999999999992);
#239=CYLINDRICAL_SURFACE('',#3645,224.260680569241);
#240=CYLINDRICAL_SURFACE('',#3646,228.531503506232);
#241=CYLINDRICAL_SURFACE('',#3647,224.260680569223);
#242=CYLINDRICAL_SURFACE('',#3649,224.260680569223);
#243=CYLINDRICAL_SURFACE('',#3650,228.531503506234);
#244=CYLINDRICAL_SURFACE('',#3653,8.500000000002);
#245=CYLINDRICAL_SURFACE('',#3658,4.);
#246=CYLINDRICAL_SURFACE('',#3663,9.51134413080984);
#247=CYLINDRICAL_SURFACE('',#3666,10.0000000000001);
#248=CYLINDRICAL_SURFACE('',#3668,26.4658256718834);
#249=CYLINDRICAL_SURFACE('',#3669,228.531503506234);
#250=CYLINDRICAL_SURFACE('',#3671,10.0000000000003);
#251=FACE_BOUND('',#596,.T.);
#252=FACE_BOUND('',#598,.T.);
#253=FACE_BOUND('',#612,.T.);
#254=FACE_BOUND('',#613,.T.);
#255=FACE_BOUND('',#614,.T.);
#256=FACE_BOUND('',#615,.T.);
#257=FACE_BOUND('',#621,.T.);
#258=FACE_BOUND('',#624,.T.);
#259=FACE_BOUND('',#627,.T.);
#260=FACE_BOUND('',#630,.T.);
#261=FACE_BOUND('',#640,.T.);
#262=FACE_BOUND('',#641,.T.);
#263=FACE_BOUND('',#642,.T.);
#264=FACE_BOUND('',#645,.T.);
#265=FACE_BOUND('',#648,.T.);
#266=FACE_BOUND('',#650,.T.);
#267=FACE_BOUND('',#653,.T.);
#268=FACE_BOUND('',#657,.T.);
#269=FACE_BOUND('',#680,.T.);
#270=FACE_BOUND('',#702,.T.);
#271=FACE_BOUND('',#706,.T.);
#272=FACE_BOUND('',#781,.T.);
#273=FACE_BOUND('',#782,.T.);
#274=FACE_BOUND('',#783,.T.);
#275=FACE_BOUND('',#784,.T.);
#276=FACE_BOUND('',#785,.T.);
#277=FACE_BOUND('',#786,.T.);
#278=FACE_BOUND('',#787,.T.);
#279=FACE_BOUND('',#788,.T.);
#280=FACE_BOUND('',#789,.T.);
#281=FACE_BOUND('',#790,.T.);
#282=FACE_BOUND('',#791,.T.);
#283=FACE_BOUND('',#792,.T.);
#284=FACE_BOUND('',#794,.T.);
#285=FACE_BOUND('',#795,.T.);
#286=FACE_BOUND('',#796,.T.);
#287=FACE_BOUND('',#797,.T.);
#288=FACE_BOUND('',#798,.T.);
#289=FACE_BOUND('',#799,.T.);
#290=FACE_BOUND('',#800,.T.);
#291=FACE_BOUND('',#801,.T.);
#292=FACE_BOUND('',#802,.T.);
#293=FACE_BOUND('',#803,.T.);
#294=FACE_BOUND('',#804,.T.);
#295=FACE_BOUND('',#805,.T.);
#296=FACE_BOUND('',#816,.T.);
#297=FACE_BOUND('',#817,.T.);
#298=FACE_BOUND('',#826,.T.);
#299=CIRCLE('',#3413,11.380683289415);
#300=CIRCLE('',#3414,11.380683289415);
#301=CIRCLE('',#3415,2.25000000000001);
#302=CIRCLE('',#3421,11.380683289415);
#303=CIRCLE('',#3423,2.25000000000001);
#304=CIRCLE('',#3424,11.380683289415);
#305=CIRCLE('',#3426,1.);
#306=CIRCLE('',#3429,1.);
#307=CIRCLE('',#3430,1.);
#308=CIRCLE('',#3431,1.);
#309=CIRCLE('',#3433,11.380683289415);
#310=CIRCLE('',#3434,2.25000000000001);
#311=CIRCLE('',#3436,2.25000000000001);
#312=CIRCLE('',#3441,72.1406841215904);
#313=CIRCLE('',#3442,1.70000000000005);
#314=CIRCLE('',#3445,1.80000000000003);
#315=CIRCLE('',#3446,72.2847301895793);
#316=CIRCLE('',#3447,11.380683289415);
#317=CIRCLE('',#3448,3.15);
#318=CIRCLE('',#3449,3.15);
#319=CIRCLE('',#3450,3.15);
#320=CIRCLE('',#3451,3.15);
#321=CIRCLE('',#3455,1.55);
#322=CIRCLE('',#3456,1.55);
#323=CIRCLE('',#3458,1.55);
#324=CIRCLE('',#3459,1.55);
#325=CIRCLE('',#3461,3.15);
#326=CIRCLE('',#3464,3.15);
#327=CIRCLE('',#3465,2.25000000000001);
#328=CIRCLE('',#3468,3.15);
#329=CIRCLE('',#3469,2.25000000000001);
#330=CIRCLE('',#3472,3.15);
#331=CIRCLE('',#3473,2.25000000000001);
#332=CIRCLE('',#3482,224.260680569223);
#333=CIRCLE('',#3483,224.260680569241);
#334=CIRCLE('',#3485,9.95000000000001);
#335=CIRCLE('',#3486,4.95000000000001);
#336=CIRCLE('',#3488,4.95000000000001);
#337=CIRCLE('',#3490,228.531503506234);
#338=CIRCLE('',#3491,10.0000000000003);
#339=CIRCLE('',#3492,9.51134413080984);
#340=CIRCLE('',#3493,10.0000000000001);
#341=CIRCLE('',#3494,224.260680569223);
#342=CIRCLE('',#3495,224.260680569241);
#343=CIRCLE('',#3496,224.260680569223);
#344=CIRCLE('',#3497,26.4658256718834);
#345=CIRCLE('',#3498,228.531503506234);
#346=CIRCLE('',#3499,228.531503506232);
#347=CIRCLE('',#3501,8.55);
#348=CIRCLE('',#3502,7.54999999999999);
#349=CIRCLE('',#3504,224.260680569223);
#350=CIRCLE('',#3505,26.4658256718834);
#351=CIRCLE('',#3506,228.531503506234);
#352=CIRCLE('',#3508,5.50000000000001);
#353=CIRCLE('',#3509,5.50000000000001);
#354=CIRCLE('',#3511,7.54999999999999);
#355=CIRCLE('',#3514,8.55);
#356=CIRCLE('',#3515,7.54999999999999);
#357=CIRCLE('',#3517,15.);
#358=CIRCLE('',#3520,17.);
#359=CIRCLE('',#3522,10.0000000000003);
#360=CIRCLE('',#3523,228.531503506234);
#361=CIRCLE('',#3524,26.4658256718834);
#362=CIRCLE('',#3525,224.260680569223);
#363=CIRCLE('',#3526,10.0000000000001);
#364=CIRCLE('',#3527,9.51134413080984);
#365=CIRCLE('',#3536,11.380683289415);
#366=CIRCLE('',#3541,1.80000000000003);
#367=CIRCLE('',#3545,72.2847301895793);
#368=CIRCLE('',#3549,11.380683289415);
#369=CIRCLE('',#3551,224.260680569223);
#370=CIRCLE('',#3553,224.260680569223);
#371=CIRCLE('',#3555,228.531503506234);
#372=CIRCLE('',#3557,2.25000000000001);
#373=CIRCLE('',#3559,1.70000000000005);
#374=CIRCLE('',#3561,2.25000000000001);
#375=CIRCLE('',#3563,2.25000000000001);
#376=CIRCLE('',#3565,2.25000000000001);
#377=CIRCLE('',#3568,72.1406841215904);
#378=CIRCLE('',#3576,224.260680569223);
#379=CIRCLE('',#3578,228.531503506234);
#380=CIRCLE('',#3579,26.4658256718834);
#381=CIRCLE('',#3580,224.260680569223);
#382=CIRCLE('',#3582,228.531503506234);
#383=CIRCLE('',#3584,228.531503506232);
#384=CIRCLE('',#3585,228.531503506234);
#385=CIRCLE('',#3589,8.55);
#386=CIRCLE('',#3590,7.55);
#387=CIRCLE('',#3592,7.55);
#388=CIRCLE('',#3594,15.);
#389=CIRCLE('',#3596,17.);
#390=CIRCLE('',#3597,15.);
#391=CIRCLE('',#3600,228.531503506234);
#392=CIRCLE('',#3601,10.0000000000003);
#393=CIRCLE('',#3602,9.51134413080984);
#394=CIRCLE('',#3603,10.0000000000001);
#395=CIRCLE('',#3604,224.260680569223);
#396=CIRCLE('',#3632,224.260680569241);
#397=CIRCLE('',#3633,228.531503506232);
#398=CIRCLE('',#3648,224.260680569223);
#399=CIRCLE('',#3654,8.500000000002);
#400=CIRCLE('',#3655,8.500000000002);
#401=CIRCLE('',#3659,4.);
#402=CIRCLE('',#3660,4.);
#403=CIRCLE('',#3664,9.51134413080984);
#404=CIRCLE('',#3667,10.0000000000001);
#405=CIRCLE('',#3670,228.531503506234);
#406=CIRCLE('',#3672,10.0000000000003);
#407=FACE_OUTER_BOUND('',#593,.T.);
#408=FACE_OUTER_BOUND('',#594,.T.);
#409=FACE_OUTER_BOUND('',#595,.T.);
#410=FACE_OUTER_BOUND('',#597,.T.);
#411=FACE_OUTER_BOUND('',#599,.T.);
#412=FACE_OUTER_BOUND('',#600,.T.);
#413=FACE_OUTER_BOUND('',#601,.T.);
#414=FACE_OUTER_BOUND('',#602,.T.);
#415=FACE_OUTER_BOUND('',#603,.T.);
#416=FACE_OUTER_BOUND('',#604,.T.);
#417=FACE_OUTER_BOUND('',#605,.T.);
#418=FACE_OUTER_BOUND('',#606,.T.);
#419=FACE_OUTER_BOUND('',#607,.T.);
#420=FACE_OUTER_BOUND('',#608,.T.);
#421=FACE_OUTER_BOUND('',#609,.T.);
#422=FACE_OUTER_BOUND('',#610,.T.);
#423=FACE_OUTER_BOUND('',#611,.T.);
#424=FACE_OUTER_BOUND('',#616,.T.);
#425=FACE_OUTER_BOUND('',#617,.T.);
#426=FACE_OUTER_BOUND('',#618,.T.);
#427=FACE_OUTER_BOUND('',#619,.T.);
#428=FACE_OUTER_BOUND('',#620,.T.);
#429=FACE_OUTER_BOUND('',#622,.T.);
#430=FACE_OUTER_BOUND('',#623,.T.);
#431=FACE_OUTER_BOUND('',#625,.T.);
#432=FACE_OUTER_BOUND('',#626,.T.);
#433=FACE_OUTER_BOUND('',#628,.T.);
#434=FACE_OUTER_BOUND('',#629,.T.);
#435=FACE_OUTER_BOUND('',#631,.T.);
#436=FACE_OUTER_BOUND('',#632,.T.);
#437=FACE_OUTER_BOUND('',#633,.T.);
#438=FACE_OUTER_BOUND('',#634,.T.);
#439=FACE_OUTER_BOUND('',#635,.T.);
#440=FACE_OUTER_BOUND('',#636,.T.);
#441=FACE_OUTER_BOUND('',#637,.T.);
#442=FACE_OUTER_BOUND('',#638,.T.);
#443=FACE_OUTER_BOUND('',#639,.T.);
#444=FACE_OUTER_BOUND('',#643,.T.);
#445=FACE_OUTER_BOUND('',#644,.T.);
#446=FACE_OUTER_BOUND('',#646,.T.);
#447=FACE_OUTER_BOUND('',#647,.T.);
#448=FACE_OUTER_BOUND('',#649,.T.);
#449=FACE_OUTER_BOUND('',#651,.T.);
#450=FACE_OUTER_BOUND('',#652,.T.);
#451=FACE_OUTER_BOUND('',#654,.T.);
#452=FACE_OUTER_BOUND('',#655,.T.);
#453=FACE_OUTER_BOUND('',#656,.T.);
#454=FACE_OUTER_BOUND('',#658,.T.);
#455=FACE_OUTER_BOUND('',#659,.T.);
#456=FACE_OUTER_BOUND('',#660,.T.);
#457=FACE_OUTER_BOUND('',#661,.T.);
#458=FACE_OUTER_BOUND('',#662,.T.);
#459=FACE_OUTER_BOUND('',#663,.T.);
#460=FACE_OUTER_BOUND('',#664,.T.);
#461=FACE_OUTER_BOUND('',#665,.T.);
#462=FACE_OUTER_BOUND('',#666,.T.);
#463=FACE_OUTER_BOUND('',#667,.T.);
#464=FACE_OUTER_BOUND('',#668,.T.);
#465=FACE_OUTER_BOUND('',#669,.T.);
#466=FACE_OUTER_BOUND('',#670,.T.);
#467=FACE_OUTER_BOUND('',#671,.T.);
#468=FACE_OUTER_BOUND('',#672,.T.);
#469=FACE_OUTER_BOUND('',#673,.T.);
#470=FACE_OUTER_BOUND('',#674,.T.);
#471=FACE_OUTER_BOUND('',#675,.T.);
#472=FACE_OUTER_BOUND('',#676,.T.);
#473=FACE_OUTER_BOUND('',#677,.T.);
#474=FACE_OUTER_BOUND('',#678,.T.);
#475=FACE_OUTER_BOUND('',#679,.T.);
#476=FACE_OUTER_BOUND('',#681,.T.);
#477=FACE_OUTER_BOUND('',#682,.T.);
#478=FACE_OUTER_BOUND('',#683,.T.);
#479=FACE_OUTER_BOUND('',#684,.T.);
#480=FACE_OUTER_BOUND('',#685,.T.);
#481=FACE_OUTER_BOUND('',#686,.T.);
#482=FACE_OUTER_BOUND('',#687,.T.);
#483=FACE_OUTER_BOUND('',#688,.T.);
#484=FACE_OUTER_BOUND('',#689,.T.);
#485=FACE_OUTER_BOUND('',#690,.T.);
#486=FACE_OUTER_BOUND('',#691,.T.);
#487=FACE_OUTER_BOUND('',#692,.T.);
#488=FACE_OUTER_BOUND('',#693,.T.);
#489=FACE_OUTER_BOUND('',#694,.T.);
#490=FACE_OUTER_BOUND('',#695,.T.);
#491=FACE_OUTER_BOUND('',#696,.T.);
#492=FACE_OUTER_BOUND('',#697,.T.);
#493=FACE_OUTER_BOUND('',#698,.T.);
#494=FACE_OUTER_BOUND('',#699,.T.);
#495=FACE_OUTER_BOUND('',#700,.T.);
#496=FACE_OUTER_BOUND('',#701,.T.);
#497=FACE_OUTER_BOUND('',#703,.T.);
#498=FACE_OUTER_BOUND('',#704,.T.);
#499=FACE_OUTER_BOUND('',#705,.T.);
#500=FACE_OUTER_BOUND('',#707,.T.);
#501=FACE_OUTER_BOUND('',#708,.T.);
#502=FACE_OUTER_BOUND('',#709,.T.);
#503=FACE_OUTER_BOUND('',#710,.T.);
#504=FACE_OUTER_BOUND('',#711,.T.);
#505=FACE_OUTER_BOUND('',#712,.T.);
#506=FACE_OUTER_BOUND('',#713,.T.);
#507=FACE_OUTER_BOUND('',#714,.T.);
#508=FACE_OUTER_BOUND('',#715,.T.);
#509=FACE_OUTER_BOUND('',#716,.T.);
#510=FACE_OUTER_BOUND('',#717,.T.);
#511=FACE_OUTER_BOUND('',#718,.T.);
#512=FACE_OUTER_BOUND('',#719,.T.);
#513=FACE_OUTER_BOUND('',#720,.T.);
#514=FACE_OUTER_BOUND('',#721,.T.);
#515=FACE_OUTER_BOUND('',#722,.T.);
#516=FACE_OUTER_BOUND('',#723,.T.);
#517=FACE_OUTER_BOUND('',#724,.T.);
#518=FACE_OUTER_BOUND('',#725,.T.);
#519=FACE_OUTER_BOUND('',#726,.T.);
#520=FACE_OUTER_BOUND('',#727,.T.);
#521=FACE_OUTER_BOUND('',#728,.T.);
#522=FACE_OUTER_BOUND('',#729,.T.);
#523=FACE_OUTER_BOUND('',#730,.T.);
#524=FACE_OUTER_BOUND('',#731,.T.);
#525=FACE_OUTER_BOUND('',#732,.T.);
#526=FACE_OUTER_BOUND('',#733,.T.);
#527=FACE_OUTER_BOUND('',#734,.T.);
#528=FACE_OUTER_BOUND('',#735,.T.);
#529=FACE_OUTER_BOUND('',#736,.T.);
#530=FACE_OUTER_BOUND('',#737,.T.);
#531=FACE_OUTER_BOUND('',#738,.T.);
#532=FACE_OUTER_BOUND('',#739,.T.);
#533=FACE_OUTER_BOUND('',#740,.T.);
#534=FACE_OUTER_BOUND('',#741,.T.);
#535=FACE_OUTER_BOUND('',#742,.T.);
#536=FACE_OUTER_BOUND('',#743,.T.);
#537=FACE_OUTER_BOUND('',#744,.T.);
#538=FACE_OUTER_BOUND('',#745,.T.);
#539=FACE_OUTER_BOUND('',#746,.T.);
#540=FACE_OUTER_BOUND('',#747,.T.);
#541=FACE_OUTER_BOUND('',#748,.T.);
#542=FACE_OUTER_BOUND('',#749,.T.);
#543=FACE_OUTER_BOUND('',#750,.T.);
#544=FACE_OUTER_BOUND('',#751,.T.);
#545=FACE_OUTER_BOUND('',#752,.T.);
#546=FACE_OUTER_BOUND('',#753,.T.);
#547=FACE_OUTER_BOUND('',#754,.T.);
#548=FACE_OUTER_BOUND('',#755,.T.);
#549=FACE_OUTER_BOUND('',#756,.T.);
#550=FACE_OUTER_BOUND('',#757,.T.);
#551=FACE_OUTER_BOUND('',#758,.T.);
#552=FACE_OUTER_BOUND('',#759,.T.);
#553=FACE_OUTER_BOUND('',#760,.T.);
#554=FACE_OUTER_BOUND('',#761,.T.);
#555=FACE_OUTER_BOUND('',#762,.T.);
#556=FACE_OUTER_BOUND('',#763,.T.);
#557=FACE_OUTER_BOUND('',#764,.T.);
#558=FACE_OUTER_BOUND('',#765,.T.);
#559=FACE_OUTER_BOUND('',#766,.T.);
#560=FACE_OUTER_BOUND('',#767,.T.);
#561=FACE_OUTER_BOUND('',#768,.T.);
#562=FACE_OUTER_BOUND('',#769,.T.);
#563=FACE_OUTER_BOUND('',#770,.T.);
#564=FACE_OUTER_BOUND('',#771,.T.);
#565=FACE_OUTER_BOUND('',#772,.T.);
#566=FACE_OUTER_BOUND('',#773,.T.);
#567=FACE_OUTER_BOUND('',#774,.T.);
#568=FACE_OUTER_BOUND('',#775,.T.);
#569=FACE_OUTER_BOUND('',#776,.T.);
#570=FACE_OUTER_BOUND('',#777,.T.);
#571=FACE_OUTER_BOUND('',#778,.T.);
#572=FACE_OUTER_BOUND('',#779,.T.);
#573=FACE_OUTER_BOUND('',#780,.T.);
#574=FACE_OUTER_BOUND('',#793,.T.);
#575=FACE_OUTER_BOUND('',#806,.T.);
#576=FACE_OUTER_BOUND('',#807,.T.);
#577=FACE_OUTER_BOUND('',#808,.T.);
#578=FACE_OUTER_BOUND('',#809,.T.);
#579=FACE_OUTER_BOUND('',#810,.T.);
#580=FACE_OUTER_BOUND('',#811,.T.);
#581=FACE_OUTER_BOUND('',#812,.T.);
#582=FACE_OUTER_BOUND('',#813,.T.);
#583=FACE_OUTER_BOUND('',#814,.T.);
#584=FACE_OUTER_BOUND('',#815,.T.);
#585=FACE_OUTER_BOUND('',#818,.T.);
#586=FACE_OUTER_BOUND('',#819,.T.);
#587=FACE_OUTER_BOUND('',#820,.T.);
#588=FACE_OUTER_BOUND('',#821,.T.);
#589=FACE_OUTER_BOUND('',#822,.T.);
#590=FACE_OUTER_BOUND('',#823,.T.);
#591=FACE_OUTER_BOUND('',#824,.T.);
#592=FACE_OUTER_BOUND('',#825,.T.);
#593=EDGE_LOOP('',(#2144,#2145,#2146,#2147,#2148));
#594=EDGE_LOOP('',(#2149,#2150,#2151,#2152,#2153));
#595=EDGE_LOOP('',(#2154,#2155,#2156,#2157,#2158,#2159));
#596=EDGE_LOOP('',(#2160));
#597=EDGE_LOOP('',(#2161,#2162,#2163,#2164,#2165,#2166));
#598=EDGE_LOOP('',(#2167));
#599=EDGE_LOOP('',(#2168,#2169));
#600=EDGE_LOOP('',(#2170,#2171,#2172,#2173,#2174,#2175,#2176));
#601=EDGE_LOOP('',(#2177,#2178,#2179));
#602=EDGE_LOOP('',(#2180,#2181,#2182,#2183));
#603=EDGE_LOOP('',(#2184,#2185,#2186,#2187,#2188,#2189,#2190,#2191,#2192,
#2193,#2194,#2195,#2196,#2197,#2198,#2199,#2200,#2201));
#604=EDGE_LOOP('',(#2202,#2203,#2204,#2205,#2206,#2207,#2208));
#605=EDGE_LOOP('',(#2209,#2210,#2211,#2212));
#606=EDGE_LOOP('',(#2213,#2214,#2215,#2216));
#607=EDGE_LOOP('',(#2217,#2218,#2219,#2220,#2221,#2222,#2223,#2224));
#608=EDGE_LOOP('',(#2225,#2226,#2227,#2228));
#609=EDGE_LOOP('',(#2229,#2230,#2231,#2232,#2233,#2234,#2235,#2236));
#610=EDGE_LOOP('',(#2237,#2238,#2239,#2240,#2241,#2242));
#611=EDGE_LOOP('',(#2243,#2244,#2245,#2246,#2247,#2248,#2249,#2250,#2251,
#2252,#2253,#2254,#2255,#2256,#2257));
#612=EDGE_LOOP('',(#2258));
#613=EDGE_LOOP('',(#2259));
#614=EDGE_LOOP('',(#2260));
#615=EDGE_LOOP('',(#2261));
#616=EDGE_LOOP('',(#2262,#2263,#2264,#2265));
#617=EDGE_LOOP('',(#2266,#2267,#2268,#2269));
#618=EDGE_LOOP('',(#2270,#2271,#2272,#2273));
#619=EDGE_LOOP('',(#2274,#2275,#2276,#2277));
#620=EDGE_LOOP('',(#2278));
#621=EDGE_LOOP('',(#2279));
#622=EDGE_LOOP('',(#2280,#2281,#2282,#2283));
#623=EDGE_LOOP('',(#2284));
#624=EDGE_LOOP('',(#2285));
#625=EDGE_LOOP('',(#2286,#2287,#2288,#2289));
#626=EDGE_LOOP('',(#2290));
#627=EDGE_LOOP('',(#2291));
#628=EDGE_LOOP('',(#2292,#2293,#2294,#2295));
#629=EDGE_LOOP('',(#2296));
#630=EDGE_LOOP('',(#2297));
#631=EDGE_LOOP('',(#2298,#2299,#2300,#2301));
#632=EDGE_LOOP('',(#2302,#2303,#2304,#2305,#2306));
#633=EDGE_LOOP('',(#2307,#2308,#2309,#2310,#2311));
#634=EDGE_LOOP('',(#2312,#2313,#2314,#2315,#2316,#2317,#2318,#2319));
#635=EDGE_LOOP('',(#2320,#2321,#2322,#2323));
#636=EDGE_LOOP('',(#2324,#2325,#2326,#2327,#2328));
#637=EDGE_LOOP('',(#2329,#2330,#2331,#2332));
#638=EDGE_LOOP('',(#2333,#2334,#2335,#2336));
#639=EDGE_LOOP('',(#2337,#2338,#2339,#2340,#2341,#2342,#2343,#2344,#2345,
#2346,#2347,#2348,#2349,#2350));
#640=EDGE_LOOP('',(#2351));
#641=EDGE_LOOP('',(#2352));
#642=EDGE_LOOP('',(#2353));
#643=EDGE_LOOP('',(#2354,#2355,#2356,#2357));
#644=EDGE_LOOP('',(#2358,#2359,#2360,#2361));
#645=EDGE_LOOP('',(#2362));
#646=EDGE_LOOP('',(#2363,#2364,#2365,#2366));
#647=EDGE_LOOP('',(#2367));
#648=EDGE_LOOP('',(#2368));
#649=EDGE_LOOP('',(#2369));
#650=EDGE_LOOP('',(#2370));
#651=EDGE_LOOP('',(#2371,#2372,#2373,#2374));
#652=EDGE_LOOP('',(#2375));
#653=EDGE_LOOP('',(#2376));
#654=EDGE_LOOP('',(#2377,#2378,#2379,#2380));
#655=EDGE_LOOP('',(#2381,#2382,#2383,#2384));
#656=EDGE_LOOP('',(#2385,#2386,#2387,#2388,#2389,#2390,#2391,#2392));
#657=EDGE_LOOP('',(#2393));
#658=EDGE_LOOP('',(#2394));
#659=EDGE_LOOP('',(#2395,#2396,#2397,#2398));
#660=EDGE_LOOP('',(#2399,#2400,#2401,#2402));
#661=EDGE_LOOP('',(#2403,#2404,#2405,#2406));
#662=EDGE_LOOP('',(#2407,#2408,#2409,#2410));
#663=EDGE_LOOP('',(#2411,#2412,#2413,#2414));
#664=EDGE_LOOP('',(#2415,#2416,#2417));
#665=EDGE_LOOP('',(#2418,#2419));
#666=EDGE_LOOP('',(#2420,#2421,#2422,#2423));
#667=EDGE_LOOP('',(#2424,#2425,#2426,#2427));
#668=EDGE_LOOP('',(#2428,#2429,#2430,#2431));
#669=EDGE_LOOP('',(#2432,#2433,#2434,#2435));
#670=EDGE_LOOP('',(#2436,#2437,#2438,#2439,#2440,#2441));
#671=EDGE_LOOP('',(#2442,#2443,#2444,#2445,#2446));
#672=EDGE_LOOP('',(#2447,#2448,#2449,#2450));
#673=EDGE_LOOP('',(#2451,#2452,#2453,#2454));
#674=EDGE_LOOP('',(#2455,#2456,#2457,#2458));
#675=EDGE_LOOP('',(#2459,#2460,#2461,#2462,#2463,#2464,#2465,#2466,#2467,
#2468,#2469,#2470,#2471,#2472,#2473,#2474,#2475,#2476));
#676=EDGE_LOOP('',(#2477,#2478));
#677=EDGE_LOOP('',(#2479,#2480));
#678=EDGE_LOOP('',(#2481,#2482));
#679=EDGE_LOOP('',(#2483,#2484,#2485,#2486));
#680=EDGE_LOOP('',(#2487,#2488,#2489,#2490,#2491,#2492,#2493,#2494));
#681=EDGE_LOOP('',(#2495,#2496,#2497,#2498));
#682=EDGE_LOOP('',(#2499,#2500,#2501,#2502));
#683=EDGE_LOOP('',(#2503,#2504,#2505,#2506));
#684=EDGE_LOOP('',(#2507,#2508,#2509,#2510));
#685=EDGE_LOOP('',(#2511,#2512,#2513,#2514,#2515,#2516));
#686=EDGE_LOOP('',(#2517,#2518,#2519,#2520));
#687=EDGE_LOOP('',(#2521,#2522,#2523,#2524,#2525));
#688=EDGE_LOOP('',(#2526));
#689=EDGE_LOOP('',(#2527));
#690=EDGE_LOOP('',(#2528));
#691=EDGE_LOOP('',(#2529,#2530,#2531,#2532,#2533,#2534,#2535,#2536));
#692=EDGE_LOOP('',(#2537));
#693=EDGE_LOOP('',(#2538,#2539,#2540));
#694=EDGE_LOOP('',(#2541,#2542,#2543,#2544,#2545,#2546));
#695=EDGE_LOOP('',(#2547,#2548,#2549));
#696=EDGE_LOOP('',(#2550,#2551,#2552,#2553,#2554));
#697=EDGE_LOOP('',(#2555,#2556,#2557,#2558));
#698=EDGE_LOOP('',(#2559,#2560,#2561,#2562));
#699=EDGE_LOOP('',(#2563,#2564,#2565,#2566));
#700=EDGE_LOOP('',(#2567,#2568,#2569,#2570));
#701=EDGE_LOOP('',(#2571));
#702=EDGE_LOOP('',(#2572));
#703=EDGE_LOOP('',(#2573,#2574,#2575,#2576));
#704=EDGE_LOOP('',(#2577,#2578,#2579,#2580));
#705=EDGE_LOOP('',(#2581,#2582,#2583,#2584,#2585,#2586,#2587,#2588));
#706=EDGE_LOOP('',(#2589));
#707=EDGE_LOOP('',(#2590,#2591,#2592,#2593));
#708=EDGE_LOOP('',(#2594,#2595,#2596,#2597));
#709=EDGE_LOOP('',(#2598,#2599,#2600,#2601));
#710=EDGE_LOOP('',(#2602,#2603,#2604,#2605));
#711=EDGE_LOOP('',(#2606,#2607,#2608,#2609));
#712=EDGE_LOOP('',(#2610,#2611,#2612,#2613));
#713=EDGE_LOOP('',(#2614));
#714=EDGE_LOOP('',(#2615,#2616,#2617,#2618));
#715=EDGE_LOOP('',(#2619,#2620,#2621,#2622));
#716=EDGE_LOOP('',(#2623,#2624,#2625,#2626));
#717=EDGE_LOOP('',(#2627,#2628,#2629,#2630));
#718=EDGE_LOOP('',(#2631,#2632,#2633,#2634));
#719=EDGE_LOOP('',(#2635,#2636,#2637,#2638));
#720=EDGE_LOOP('',(#2639,#2640,#2641,#2642));
#721=EDGE_LOOP('',(#2643,#2644,#2645,#2646));
#722=EDGE_LOOP('',(#2647,#2648,#2649,#2650));
#723=EDGE_LOOP('',(#2651,#2652,#2653,#2654));
#724=EDGE_LOOP('',(#2655,#2656,#2657,#2658));
#725=EDGE_LOOP('',(#2659,#2660,#2661,#2662));
#726=EDGE_LOOP('',(#2663,#2664,#2665,#2666));
#727=EDGE_LOOP('',(#2667,#2668,#2669,#2670));
#728=EDGE_LOOP('',(#2671,#2672,#2673,#2674));
#729=EDGE_LOOP('',(#2675,#2676,#2677,#2678));
#730=EDGE_LOOP('',(#2679,#2680,#2681,#2682));
#731=EDGE_LOOP('',(#2683,#2684,#2685,#2686));
#732=EDGE_LOOP('',(#2687,#2688,#2689,#2690));
#733=EDGE_LOOP('',(#2691,#2692,#2693,#2694));
#734=EDGE_LOOP('',(#2695,#2696,#2697,#2698));
#735=EDGE_LOOP('',(#2699,#2700,#2701,#2702));
#736=EDGE_LOOP('',(#2703,#2704,#2705,#2706));
#737=EDGE_LOOP('',(#2707,#2708,#2709,#2710));
#738=EDGE_LOOP('',(#2711,#2712,#2713,#2714));
#739=EDGE_LOOP('',(#2715,#2716,#2717,#2718));
#740=EDGE_LOOP('',(#2719,#2720,#2721,#2722));
#741=EDGE_LOOP('',(#2723,#2724,#2725,#2726));
#742=EDGE_LOOP('',(#2727,#2728,#2729,#2730));
#743=EDGE_LOOP('',(#2731,#2732,#2733,#2734));
#744=EDGE_LOOP('',(#2735,#2736,#2737,#2738));
#745=EDGE_LOOP('',(#2739,#2740,#2741,#2742));
#746=EDGE_LOOP('',(#2743,#2744,#2745,#2746));
#747=EDGE_LOOP('',(#2747,#2748,#2749,#2750));
#748=EDGE_LOOP('',(#2751,#2752,#2753,#2754));
#749=EDGE_LOOP('',(#2755,#2756,#2757,#2758));
#750=EDGE_LOOP('',(#2759,#2760,#2761,#2762));
#751=EDGE_LOOP('',(#2763,#2764,#2765,#2766));
#752=EDGE_LOOP('',(#2767,#2768,#2769,#2770));
#753=EDGE_LOOP('',(#2771,#2772,#2773,#2774));
#754=EDGE_LOOP('',(#2775,#2776,#2777,#2778));
#755=EDGE_LOOP('',(#2779,#2780,#2781,#2782));
#756=EDGE_LOOP('',(#2783,#2784,#2785,#2786));
#757=EDGE_LOOP('',(#2787,#2788,#2789,#2790));
#758=EDGE_LOOP('',(#2791,#2792,#2793,#2794));
#759=EDGE_LOOP('',(#2795,#2796,#2797,#2798));
#760=EDGE_LOOP('',(#2799,#2800,#2801,#2802));
#761=EDGE_LOOP('',(#2803,#2804,#2805,#2806));
#762=EDGE_LOOP('',(#2807,#2808,#2809,#2810));
#763=EDGE_LOOP('',(#2811,#2812,#2813,#2814));
#764=EDGE_LOOP('',(#2815,#2816,#2817,#2818));
#765=EDGE_LOOP('',(#2819,#2820,#2821,#2822));
#766=EDGE_LOOP('',(#2823,#2824,#2825,#2826));
#767=EDGE_LOOP('',(#2827,#2828,#2829,#2830));
#768=EDGE_LOOP('',(#2831,#2832,#2833,#2834));
#769=EDGE_LOOP('',(#2835,#2836,#2837,#2838));
#770=EDGE_LOOP('',(#2839,#2840,#2841,#2842));
#771=EDGE_LOOP('',(#2843,#2844,#2845,#2846));
#772=EDGE_LOOP('',(#2847,#2848,#2849,#2850));
#773=EDGE_LOOP('',(#2851,#2852,#2853,#2854));
#774=EDGE_LOOP('',(#2855,#2856,#2857,#2858));
#775=EDGE_LOOP('',(#2859,#2860,#2861,#2862));
#776=EDGE_LOOP('',(#2863,#2864,#2865,#2866));
#777=EDGE_LOOP('',(#2867,#2868,#2869,#2870));
#778=EDGE_LOOP('',(#2871,#2872,#2873,#2874));
#779=EDGE_LOOP('',(#2875,#2876,#2877,#2878));
#780=EDGE_LOOP('',(#2879,#2880,#2881,#2882,#2883,#2884,#2885,#2886,#2887,
#2888,#2889,#2890,#2891));
#781=EDGE_LOOP('',(#2892,#2893,#2894,#2895));
#782=EDGE_LOOP('',(#2896,#2897,#2898,#2899,#2900));
#783=EDGE_LOOP('',(#2901,#2902,#2903,#2904,#2905,#2906,#2907,#2908,#2909));
#784=EDGE_LOOP('',(#2910,#2911,#2912,#2913,#2914,#2915));
#785=EDGE_LOOP('',(#2916,#2917,#2918,#2919,#2920));
#786=EDGE_LOOP('',(#2921,#2922,#2923,#2924,#2925));
#787=EDGE_LOOP('',(#2926,#2927,#2928,#2929,#2930));
#788=EDGE_LOOP('',(#2931,#2932,#2933,#2934));
#789=EDGE_LOOP('',(#2935,#2936,#2937,#2938,#2939,#2940));
#790=EDGE_LOOP('',(#2941,#2942,#2943,#2944,#2945));
#791=EDGE_LOOP('',(#2946,#2947,#2948,#2949,#2950));
#792=EDGE_LOOP('',(#2951,#2952,#2953,#2954,#2955,#2956,#2957));
#793=EDGE_LOOP('',(#2958,#2959,#2960,#2961,#2962,#2963,#2964,#2965,#2966,
#2967,#2968,#2969,#2970));
#794=EDGE_LOOP('',(#2971,#2972,#2973,#2974));
#795=EDGE_LOOP('',(#2975,#2976,#2977,#2978,#2979));
#796=EDGE_LOOP('',(#2980,#2981,#2982,#2983,#2984,#2985,#2986,#2987,#2988));
#797=EDGE_LOOP('',(#2989,#2990,#2991,#2992,#2993,#2994));
#798=EDGE_LOOP('',(#2995,#2996,#2997,#2998,#2999));
#799=EDGE_LOOP('',(#3000,#3001,#3002,#3003,#3004));
#800=EDGE_LOOP('',(#3005,#3006,#3007,#3008,#3009));
#801=EDGE_LOOP('',(#3010,#3011,#3012,#3013));
#802=EDGE_LOOP('',(#3014,#3015,#3016,#3017,#3018,#3019));
#803=EDGE_LOOP('',(#3020,#3021,#3022,#3023,#3024));
#804=EDGE_LOOP('',(#3025,#3026,#3027,#3028,#3029));
#805=EDGE_LOOP('',(#3030,#3031,#3032,#3033,#3034,#3035,#3036));
#806=EDGE_LOOP('',(#3037,#3038,#3039,#3040,#3041));
#807=EDGE_LOOP('',(#3042,#3043,#3044,#3045,#3046,#3047,#3048,#3049));
#808=EDGE_LOOP('',(#3050,#3051,#3052,#3053,#3054,#3055,#3056));
#809=EDGE_LOOP('',(#3057,#3058,#3059,#3060));
#810=EDGE_LOOP('',(#3061,#3062,#3063,#3064));
#811=EDGE_LOOP('',(#3065,#3066,#3067,#3068));
#812=EDGE_LOOP('',(#3069,#3070,#3071,#3072));
#813=EDGE_LOOP('',(#3073,#3074,#3075,#3076));
#814=EDGE_LOOP('',(#3077,#3078,#3079,#3080));
#815=EDGE_LOOP('',(#3081,#3082,#3083,#3084,#3085,#3086));
#816=EDGE_LOOP('',(#3087));
#817=EDGE_LOOP('',(#3088));
#818=EDGE_LOOP('',(#3089,#3090,#3091,#3092));
#819=EDGE_LOOP('',(#3093,#3094,#3095,#3096));
#820=EDGE_LOOP('',(#3097,#3098,#3099,#3100));
#821=EDGE_LOOP('',(#3101,#3102,#3103,#3104));
#822=EDGE_LOOP('',(#3105,#3106,#3107,#3108));
#823=EDGE_LOOP('',(#3109,#3110,#3111,#3112,#3113));
#824=EDGE_LOOP('',(#3114,#3115,#3116,#3117));
#825=EDGE_LOOP('',(#3118,#3119,#3120,#3121,#3122,#3123,#3124,#3125));
#826=EDGE_LOOP('',(#3126,#3127,#3128,#3129,#3130,#3131));
#827=ELLIPSE('',#3409,2.17237871876307,1.);
#828=ELLIPSE('',#3411,2.17237871876307,1.);
#829=ELLIPSE('',#3417,11.9875179680599,11.380683289415);
#830=ELLIPSE('',#3418,11.9875179680599,11.380683289415);
#831=ELLIPSE('',#3419,2.3699732909026,2.25000000000001);
#832=ELLIPSE('',#3476,7.94034057298176,5.);
#833=ELLIPSE('',#3478,7.94034057298181,5.);
#834=ELLIPSE('',#3613,224.398967734323,224.260680569241);
#835=ELLIPSE('',#3614,228.67242421365,228.531503506232);
#836=ELLIPSE('',#3619,249.356941009559,224.260680569241);
#837=ELLIPSE('',#3620,254.105697414197,228.531503506232);
#838=ELLIPSE('',#3624,334.972573459091,224.260680569241);
#839=ELLIPSE('',#3625,341.35179493635,228.531503506232);
#840=ELLIPSE('',#3627,258.188107682438,224.260680569241);
#841=ELLIPSE('',#3628,263.105044925069,228.531503506232);
#842=ELLIPSE('',#3635,226.880321351845,224.260680569241);
#843=ELLIPSE('',#3636,231.201032757527,228.531503506232);
#844=ELLIPSE('',#3639,18801.7961957694,224.260680569241);
#845=ELLIPSE('',#3640,19159.8578151567,228.531503506232);
#846=ELLIPSE('',#3643,340.352667807664,224.260680569241);
#847=ELLIPSE('',#3644,346.834347862542,228.531503506232);
#848=LINE('',#4451,#1087);
#849=LINE('',#4453,#1088);
#850=LINE('',#4457,#1089);
#851=LINE('',#4458,#1090);
#852=LINE('',#4462,#1091);
#853=LINE('',#4464,#1092);
#854=LINE('',#4466,#1093);
#855=LINE('',#4469,#1094);
#856=LINE('',#4475,#1095);
#857=LINE('',#4478,#1096);
#858=LINE('',#4479,#1097);
#859=LINE('',#4486,#1098);
#860=LINE('',#4490,#1099);
#861=LINE('',#4491,#1100);
#862=LINE('',#4498,#1101);
#863=LINE('',#4500,#1102);
#864=LINE('',#4502,#1103);
#865=LINE('',#4506,#1104);
#866=LINE('',#4512,#1105);
#867=LINE('',#4514,#1106);
#868=LINE('',#4515,#1107);
#869=LINE('',#4518,#1108);
#870=LINE('',#4520,#1109);
#871=LINE('',#4522,#1110);
#872=LINE('',#4524,#1111);
#873=LINE('',#4526,#1112);
#874=LINE('',#4527,#1113);
#875=LINE('',#4531,#1114);
#876=LINE('',#4535,#1115);
#877=LINE('',#4541,#1116);
#878=LINE('',#4544,#1117);
#879=LINE('',#4545,#1118);
#880=LINE('',#4549,#1119);
#881=LINE('',#4564,#1120);
#882=LINE('',#4576,#1121);
#883=LINE('',#4579,#1122);
#884=LINE('',#4581,#1123);
#885=LINE('',#4583,#1124);
#886=LINE('',#4585,#1125);
#887=LINE('',#4587,#1126);
#888=LINE('',#4589,#1127);
#889=LINE('',#4590,#1128);
#890=LINE('',#4614,#1129);
#891=LINE('',#4618,#1130);
#892=LINE('',#4619,#1131);
#893=LINE('',#4621,#1132);
#894=LINE('',#4623,#1133);
#895=LINE('',#4627,#1134);
#896=LINE('',#4631,#1135);
#897=LINE('',#4633,#1136);
#898=LINE('',#4634,#1137);
#899=LINE('',#4637,#1138);
#900=LINE('',#4639,#1139);
#901=LINE('',#4643,#1140);
#902=LINE('',#4645,#1141);
#903=LINE('',#4647,#1142);
#904=LINE('',#4649,#1143);
#905=LINE('',#4651,#1144);
#906=LINE('',#4653,#1145);
#907=LINE('',#4657,#1146);
#908=LINE('',#4659,#1147);
#909=LINE('',#4671,#1148);
#910=LINE('',#4672,#1149);
#911=LINE('',#4675,#1150);
#912=LINE('',#4676,#1151);
#913=LINE('',#4681,#1152);
#914=LINE('',#4687,#1153);
#915=LINE('',#4693,#1154);
#916=LINE('',#4700,#1155);
#917=LINE('',#4707,#1156);
#918=LINE('',#4714,#1157);
#919=LINE('',#4717,#1158);
#920=LINE('',#4721,#1159);
#921=LINE('',#4722,#1160);
#922=LINE('',#4725,#1161);
#923=LINE('',#4727,#1162);
#924=LINE('',#4729,#1163);
#925=LINE('',#4733,#1164);
#926=LINE('',#4735,#1165);
#927=LINE('',#4737,#1166);
#928=LINE('',#4739,#1167);
#929=LINE('',#4740,#1168);
#930=LINE('',#4743,#1169);
#931=LINE('',#4756,#1170);
#932=LINE('',#4764,#1171);
#933=LINE('',#4769,#1172);
#934=LINE('',#4776,#1173);
#935=LINE('',#4780,#1174);
#936=LINE('',#4797,#1175);
#937=LINE('',#4802,#1176);
#938=LINE('',#4812,#1177);
#939=LINE('',#4822,#1178);
#940=LINE('',#4828,#1179);
#941=LINE('',#4832,#1180);
#942=LINE('',#4846,#1181);
#943=LINE('',#4849,#1182);
#944=LINE('',#4867,#1183);
#945=LINE('',#4881,#1184);
#946=LINE('',#4898,#1185);
#947=LINE('',#4899,#1186);
#948=LINE('',#4902,#1187);
#949=LINE('',#4904,#1188);
#950=LINE('',#4905,#1189);
#951=LINE('',#4951,#1190);
#952=LINE('',#4952,#1191);
#953=LINE('',#4955,#1192);
#954=LINE('',#4956,#1193);
#955=LINE('',#4959,#1194);
#956=LINE('',#4963,#1195);
#957=LINE('',#4964,#1196);
#958=LINE('',#4965,#1197);
#959=LINE('',#4968,#1198);
#960=LINE('',#4970,#1199);
#961=LINE('',#4971,#1200);
#962=LINE('',#4974,#1201);
#963=LINE('',#4978,#1202);
#964=LINE('',#4979,#1203);
#965=LINE('',#4982,#1204);
#966=LINE('',#4983,#1205);
#967=LINE('',#4989,#1206);
#968=LINE('',#4993,#1207);
#969=LINE('',#4998,#1208);
#970=LINE('',#5004,#1209);
#971=LINE('',#5008,#1210);
#972=LINE('',#5012,#1211);
#973=LINE('',#5015,#1212);
#974=LINE('',#5018,#1213);
#975=LINE('',#5021,#1214);
#976=LINE('',#5039,#1215);
#977=LINE('',#5079,#1216);
#978=LINE('',#5083,#1217);
#979=LINE('',#5092,#1218);
#980=LINE('',#5095,#1219);
#981=LINE('',#5102,#1220);
#982=LINE('',#5106,#1221);
#983=LINE('',#5111,#1222);
#984=LINE('',#5112,#1223);
#985=LINE('',#5114,#1224);
#986=LINE('',#5116,#1225);
#987=LINE('',#5118,#1226);
#988=LINE('',#5120,#1227);
#989=LINE('',#5121,#1228);
#990=LINE('',#5123,#1229);
#991=LINE('',#5144,#1230);
#992=LINE('',#5154,#1231);
#993=LINE('',#5347,#1232);
#994=LINE('',#5394,#1233);
#995=LINE('',#5450,#1234);
#996=LINE('',#5462,#1235);
#997=LINE('',#5493,#1236);
#998=LINE('',#5520,#1237);
#999=LINE('',#5565,#1238);
#1000=LINE('',#5607,#1239);
#1001=LINE('',#5610,#1240);
#1002=LINE('',#5634,#1241);
#1003=LINE('',#5637,#1242);
#1004=LINE('',#5639,#1243);
#1005=LINE('',#5640,#1244);
#1006=LINE('',#5672,#1245);
#1007=LINE('',#5678,#1246);
#1008=LINE('',#5705,#1247);
#1009=LINE('',#5734,#1248);
#1010=LINE('',#5757,#1249);
#1011=LINE('',#5812,#1250);
#1012=LINE('',#5826,#1251);
#1013=LINE('',#5859,#1252);
#1014=LINE('',#5890,#1253);
#1015=LINE('',#5925,#1254);
#1016=LINE('',#5956,#1255);
#1017=LINE('',#6002,#1256);
#1018=LINE('',#6014,#1257);
#1019=LINE('',#6041,#1258);
#1020=LINE('',#6074,#1259);
#1021=LINE('',#6121,#1260);
#1022=LINE('',#6171,#1261);
#1023=LINE('',#6185,#1262);
#1024=LINE('',#6205,#1263);
#1025=LINE('',#6238,#1264);
#1026=LINE('',#6279,#1265);
#1027=LINE('',#6364,#1266);
#1028=LINE('',#6380,#1267);
#1029=LINE('',#6413,#1268);
#1030=LINE('',#6452,#1269);
#1031=LINE('',#6477,#1270);
#1032=LINE('',#6535,#1271);
#1033=LINE('',#6551,#1272);
#1034=LINE('',#6598,#1273);
#1035=LINE('',#6637,#1274);
#1036=LINE('',#6691,#1275);
#1037=LINE('',#6707,#1276);
#1038=LINE('',#6713,#1277);
#1039=LINE('',#6733,#1278);
#1040=LINE('',#6736,#1279);
#1041=LINE('',#6738,#1280);
#1042=LINE('',#6739,#1281);
#1043=LINE('',#6745,#1282);
#1044=LINE('',#6807,#1283);
#1045=LINE('',#6819,#1284);
#1046=LINE('',#6862,#1285);
#1047=LINE('',#6901,#1286);
#1048=LINE('',#6932,#1287);
#1049=LINE('',#6980,#1288);
#1050=LINE('',#6990,#1289);
#1051=LINE('',#7021,#1290);
#1052=LINE('',#7076,#1291);
#1053=LINE('',#7115,#1292);
#1054=LINE('',#7141,#1293);
#1055=LINE('',#7144,#1294);
#1056=LINE('',#7172,#1295);
#1057=LINE('',#7178,#1296);
#1058=LINE('',#7214,#1297);
#1059=LINE('',#7220,#1298);
#1060=LINE('',#7249,#1299);
#1061=LINE('',#7285,#1300);
#1062=LINE('',#7287,#1301);
#1063=LINE('',#7290,#1302);
#1064=LINE('',#7293,#1303);
#1065=LINE('',#7295,#1304);
#1066=LINE('',#7299,#1305);
#1067=LINE('',#7301,#1306);
#1068=LINE('',#7303,#1307);
#1069=LINE('',#7304,#1308);
#1070=LINE('',#7307,#1309);
#1071=LINE('',#7309,#1310);
#1072=LINE('',#7310,#1311);
#1073=LINE('',#7315,#1312);
#1074=LINE('',#7319,#1313);
#1075=LINE('',#7321,#1314);
#1076=LINE('',#7322,#1315);
#1077=LINE('',#7325,#1316);
#1078=LINE('',#7327,#1317);
#1079=LINE('',#7328,#1318);
#1080=LINE('',#7335,#1319);
#1081=LINE('',#7337,#1320);
#1082=LINE('',#7338,#1321);
#1083=LINE('',#7342,#1322);
#1084=LINE('',#7345,#1323);
#1085=LINE('',#7346,#1324);
#1086=LINE('',#7353,#1325);
#1087=VECTOR('',#3678,10.);
#1088=VECTOR('',#3679,10.);
#1089=VECTOR('',#3682,10.);
#1090=VECTOR('',#3683,10.);
#1091=VECTOR('',#3686,10.);
#1092=VECTOR('',#3687,10.);
#1093=VECTOR('',#3688,10.);
#1094=VECTOR('',#3691,10.);
#1095=VECTOR('',#3696,10.);
#1096=VECTOR('',#3699,10.);
#1097=VECTOR('',#3700,10.);
#1098=VECTOR('',#3707,10.);
#1099=VECTOR('',#3710,10.);
#1100=VECTOR('',#3711,10.);
#1101=VECTOR('',#3720,10.);
#1102=VECTOR('',#3721,10.);
#1103=VECTOR('',#3722,10.);
#1104=VECTOR('',#3725,10.);
#1105=VECTOR('',#3734,10.);
#1106=VECTOR('',#3735,10.);
#1107=VECTOR('',#3736,10.);
#1108=VECTOR('',#3739,10.);
#1109=VECTOR('',#3740,10.);
#1110=VECTOR('',#3741,10.);
#1111=VECTOR('',#3742,10.);
#1112=VECTOR('',#3743,10.);
#1113=VECTOR('',#3744,10.);
#1114=VECTOR('',#3747,10.);
#1115=VECTOR('',#3750,10.);
#1116=VECTOR('',#3757,10.);
#1117=VECTOR('',#3760,10.);
#1118=VECTOR('',#3761,10.);
#1119=VECTOR('',#3766,2.25000000000001);
#1120=VECTOR('',#3769,10.);
#1121=VECTOR('',#3770,10.);
#1122=VECTOR('',#3773,10.);
#1123=VECTOR('',#3774,10.);
#1124=VECTOR('',#3775,10.);
#1125=VECTOR('',#3776,10.);
#1126=VECTOR('',#3777,10.);
#1127=VECTOR('',#3778,10.);
#1128=VECTOR('',#3779,10.);
#1129=VECTOR('',#3782,10.);
#1130=VECTOR('',#3785,10.);
#1131=VECTOR('',#3786,10.);
#1132=VECTOR('',#3787,10.);
#1133=VECTOR('',#3788,10.);
#1134=VECTOR('',#3791,10.);
#1135=VECTOR('',#3796,10.);
#1136=VECTOR('',#3797,10.);
#1137=VECTOR('',#3798,10.);
#1138=VECTOR('',#3801,10.);
#1139=VECTOR('',#3802,10.);
#1140=VECTOR('',#3805,10.);
#1141=VECTOR('',#3806,10.);
#1142=VECTOR('',#3807,10.);
#1143=VECTOR('',#3808,10.);
#1144=VECTOR('',#3809,10.);
#1145=VECTOR('',#3810,10.);
#1146=VECTOR('',#3813,10.);
#1147=VECTOR('',#3814,10.);
#1148=VECTOR('',#3827,10.);
#1149=VECTOR('',#3828,10.);
#1150=VECTOR('',#3831,10.);
#1151=VECTOR('',#3832,10.);
#1152=VECTOR('',#3837,1.55);
#1153=VECTOR('',#3844,1.55);
#1154=VECTOR('',#3853,3.15);
#1155=VECTOR('',#3862,3.15);
#1156=VECTOR('',#3871,3.15);
#1157=VECTOR('',#3880,3.15);
#1158=VECTOR('',#3883,10.);
#1159=VECTOR('',#3886,10.);
#1160=VECTOR('',#3887,10.);
#1161=VECTOR('',#3890,10.);
#1162=VECTOR('',#3891,10.);
#1163=VECTOR('',#3892,10.);
#1164=VECTOR('',#3897,10.);
#1165=VECTOR('',#3898,10.);
#1166=VECTOR('',#3899,10.);
#1167=VECTOR('',#3900,10.);
#1168=VECTOR('',#3901,10.);
#1169=VECTOR('',#3904,10.);
#1170=VECTOR('',#3907,10.);
#1171=VECTOR('',#3916,7.45000000000001);
#1172=VECTOR('',#3923,4.95000000000001);
#1173=VECTOR('',#3930,10.);
#1174=VECTOR('',#3933,10.);
#1175=VECTOR('',#3952,8.05);
#1176=VECTOR('',#3957,10.);
#1177=VECTOR('',#3968,5.50000000000001);
#1178=VECTOR('',#3981,8.05);
#1179=VECTOR('',#3990,7.54999999999999);
#1180=VECTOR('',#3995,16.);
#1181=VECTOR('',#4008,10.);
#1182=VECTOR('',#4011,10.);
#1183=VECTOR('',#4016,10.);
#1184=VECTOR('',#4019,10.);
#1185=VECTOR('',#4022,10.);
#1186=VECTOR('',#4023,10.);
#1187=VECTOR('',#4026,10.);
#1188=VECTOR('',#4027,10.);
#1189=VECTOR('',#4028,10.);
#1190=VECTOR('',#4041,10.);
#1191=VECTOR('',#4042,10.);
#1192=VECTOR('',#4045,10.);
#1193=VECTOR('',#4046,10.);
#1194=VECTOR('',#4049,10.);
#1195=VECTOR('',#4054,10.);
#1196=VECTOR('',#4055,10.);
#1197=VECTOR('',#4056,10.);
#1198=VECTOR('',#4059,10.);
#1199=VECTOR('',#4060,10.);
#1200=VECTOR('',#4061,10.);
#1201=VECTOR('',#4064,10.);
#1202=VECTOR('',#4069,10.);
#1203=VECTOR('',#4070,10.);
#1204=VECTOR('',#4073,10.);
#1205=VECTOR('',#4074,10.);
#1206=VECTOR('',#4083,10.);
#1207=VECTOR('',#4088,10.);
#1208=VECTOR('',#4095,2.25000000000001);
#1209=VECTOR('',#4104,2.25000000000001);
#1210=VECTOR('',#4109,2.25000000000001);
#1211=VECTOR('',#4114,2.25000000000001);
#1212=VECTOR('',#4119,10.);
#1213=VECTOR('',#4122,10.);
#1214=VECTOR('',#4127,10.);
#1215=VECTOR('',#4156,10.);
#1216=VECTOR('',#4169,8.05);
#1217=VECTOR('',#4174,7.55);
#1218=VECTOR('',#4185,16.);
#1219=VECTOR('',#4190,15.);
#1220=VECTOR('',#4197,10.);
#1221=VECTOR('',#4200,10.);
#1222=VECTOR('',#4207,10.);
#1223=VECTOR('',#4208,10.);
#1224=VECTOR('',#4211,10.);
#1225=VECTOR('',#4214,10.);
#1226=VECTOR('',#4217,10.);
#1227=VECTOR('',#4220,10.);
#1228=VECTOR('',#4221,10.);
#1229=VECTOR('',#4224,10.);
#1230=VECTOR('',#4227,10.);
#1231=VECTOR('',#4228,10.);
#1232=VECTOR('',#4229,10.);
#1233=VECTOR('',#4230,10.);
#1234=VECTOR('',#4231,10.);
#1235=VECTOR('',#4232,10.);
#1236=VECTOR('',#4233,10.);
#1237=VECTOR('',#4234,10.);
#1238=VECTOR('',#4235,10.);
#1239=VECTOR('',#4240,10.);
#1240=VECTOR('',#4243,10.);
#1241=VECTOR('',#4246,10.);
#1242=VECTOR('',#4249,10.);
#1243=VECTOR('',#4250,10.);
#1244=VECTOR('',#4251,10.);
#1245=VECTOR('',#4254,10.);
#1246=VECTOR('',#4261,10.);
#1247=VECTOR('',#4262,10.);
#1248=VECTOR('',#4263,10.);
#1249=VECTOR('',#4264,10.);
#1250=VECTOR('',#4265,10.);
#1251=VECTOR('',#4266,10.);
#1252=VECTOR('',#4267,10.);
#1253=VECTOR('',#4268,10.);
#1254=VECTOR('',#4269,10.);
#1255=VECTOR('',#4270,10.);
#1256=VECTOR('',#4271,10.);
#1257=VECTOR('',#4272,10.);
#1258=VECTOR('',#4273,10.);
#1259=VECTOR('',#4274,10.);
#1260=VECTOR('',#4275,10.);
#1261=VECTOR('',#4278,10.);
#1262=VECTOR('',#4279,10.);
#1263=VECTOR('',#4282,10.);
#1264=VECTOR('',#4283,10.);
#1265=VECTOR('',#4284,10.);
#1266=VECTOR('',#4291,10.);
#1267=VECTOR('',#4292,10.);
#1268=VECTOR('',#4293,10.);
#1269=VECTOR('',#4294,10.);
#1270=VECTOR('',#4295,10.);
#1271=VECTOR('',#4296,10.);
#1272=VECTOR('',#4297,10.);
#1273=VECTOR('',#4298,10.);
#1274=VECTOR('',#4299,10.);
#1275=VECTOR('',#4300,10.);
#1276=VECTOR('',#4301,10.);
#1277=VECTOR('',#4308,10.);
#1278=VECTOR('',#4311,10.);
#1279=VECTOR('',#4314,10.);
#1280=VECTOR('',#4315,10.);
#1281=VECTOR('',#4316,10.);
#1282=VECTOR('',#4323,10.);
#1283=VECTOR('',#4324,10.);
#1284=VECTOR('',#4325,10.);
#1285=VECTOR('',#4326,10.);
#1286=VECTOR('',#4327,10.);
#1287=VECTOR('',#4328,10.);
#1288=VECTOR('',#4329,10.);
#1289=VECTOR('',#4330,10.);
#1290=VECTOR('',#4331,10.);
#1291=VECTOR('',#4332,10.);
#1292=VECTOR('',#4333,10.);
#1293=VECTOR('',#4338,10.);
#1294=VECTOR('',#4341,10.);
#1295=VECTOR('',#4344,10.);
#1296=VECTOR('',#4351,10.);
#1297=VECTOR('',#4354,10.);
#1298=VECTOR('',#4361,10.);
#1299=VECTOR('',#4362,10.);
#1300=VECTOR('',#4365,10.);
#1301=VECTOR('',#4368,10.);
#1302=VECTOR('',#4371,10.);
#1303=VECTOR('',#4376,10.);
#1304=VECTOR('',#4379,10.);
#1305=VECTOR('',#4382,10.);
#1306=VECTOR('',#4383,10.);
#1307=VECTOR('',#4384,10.);
#1308=VECTOR('',#4385,10.);
#1309=VECTOR('',#4388,10.);
#1310=VECTOR('',#4389,10.);
#1311=VECTOR('',#4390,10.);
#1312=VECTOR('',#4395,10.);
#1313=VECTOR('',#4400,10.);
#1314=VECTOR('',#4401,10.);
#1315=VECTOR('',#4402,10.);
#1316=VECTOR('',#4405,10.);
#1317=VECTOR('',#4406,10.);
#1318=VECTOR('',#4407,10.);
#1319=VECTOR('',#4418,10.);
#1320=VECTOR('',#4419,10.);
#1321=VECTOR('',#4420,10.);
#1322=VECTOR('',#4425,10.);
#1323=VECTOR('',#4428,10.);
#1324=VECTOR('',#4429,10.);
#1325=VECTOR('',#4440,10.);
#1326=VERTEX_POINT('',#4449);
#1327=VERTEX_POINT('',#4450);
#1328=VERTEX_POINT('',#4452);
#1329=VERTEX_POINT('',#4454);
#1330=VERTEX_POINT('',#4456);
#1331=VERTEX_POINT('',#4460);
#1332=VERTEX_POINT('',#4461);
#1333=VERTEX_POINT('',#4463);
#1334=VERTEX_POINT('',#4465);
#1335=VERTEX_POINT('',#4467);
#1336=VERTEX_POINT('',#4471);
#1337=VERTEX_POINT('',#4472);
#1338=VERTEX_POINT('',#4474);
#1339=VERTEX_POINT('',#4477);
#1340=VERTEX_POINT('',#4480);
#1341=VERTEX_POINT('',#4483);
#1342=VERTEX_POINT('',#4485);
#1343=VERTEX_POINT('',#4487);
#1344=VERTEX_POINT('',#4489);
#1345=VERTEX_POINT('',#4492);
#1346=VERTEX_POINT('',#4497);
#1347=VERTEX_POINT('',#4499);
#1348=VERTEX_POINT('',#4501);
#1349=VERTEX_POINT('',#4503);
#1350=VERTEX_POINT('',#4505);
#1351=VERTEX_POINT('',#4511);
#1352=VERTEX_POINT('',#4513);
#1353=VERTEX_POINT('',#4517);
#1354=VERTEX_POINT('',#4519);
#1355=VERTEX_POINT('',#4521);
#1356=VERTEX_POINT('',#4523);
#1357=VERTEX_POINT('',#4525);
#1358=VERTEX_POINT('',#4528);
#1359=VERTEX_POINT('',#4530);
#1360=VERTEX_POINT('',#4532);
#1361=VERTEX_POINT('',#4534);
#1362=VERTEX_POINT('',#4538);
#1363=VERTEX_POINT('',#4540);
#1364=VERTEX_POINT('',#4542);
#1365=VERTEX_POINT('',#4547);
#1366=VERTEX_POINT('',#4551);
#1367=VERTEX_POINT('',#4552);
#1368=VERTEX_POINT('',#4563);
#1369=VERTEX_POINT('',#4565);
#1370=VERTEX_POINT('',#4578);
#1371=VERTEX_POINT('',#4580);
#1372=VERTEX_POINT('',#4582);
#1373=VERTEX_POINT('',#4584);
#1374=VERTEX_POINT('',#4586);
#1375=VERTEX_POINT('',#4588);
#1376=VERTEX_POINT('',#4592);
#1377=VERTEX_POINT('',#4603);
#1378=VERTEX_POINT('',#4616);
#1379=VERTEX_POINT('',#4617);
#1380=VERTEX_POINT('',#4620);
#1381=VERTEX_POINT('',#4622);
#1382=VERTEX_POINT('',#4624);
#1383=VERTEX_POINT('',#4626);
#1384=VERTEX_POINT('',#4630);
#1385=VERTEX_POINT('',#4632);
#1386=VERTEX_POINT('',#4636);
#1387=VERTEX_POINT('',#4638);
#1388=VERTEX_POINT('',#4640);
#1389=VERTEX_POINT('',#4642);
#1390=VERTEX_POINT('',#4644);
#1391=VERTEX_POINT('',#4646);
#1392=VERTEX_POINT('',#4648);
#1393=VERTEX_POINT('',#4650);
#1394=VERTEX_POINT('',#4652);
#1395=VERTEX_POINT('',#4654);
#1396=VERTEX_POINT('',#4656);
#1397=VERTEX_POINT('',#4658);
#1398=VERTEX_POINT('',#4661);
#1399=VERTEX_POINT('',#4663);
#1400=VERTEX_POINT('',#4665);
#1401=VERTEX_POINT('',#4667);
#1402=VERTEX_POINT('',#4670);
#1403=VERTEX_POINT('',#4674);
#1404=VERTEX_POINT('',#4678);
#1405=VERTEX_POINT('',#4680);
#1406=VERTEX_POINT('',#4684);
#1407=VERTEX_POINT('',#4686);
#1408=VERTEX_POINT('',#4690);
#1409=VERTEX_POINT('',#4695);
#1410=VERTEX_POINT('',#4697);
#1411=VERTEX_POINT('',#4702);
#1412=VERTEX_POINT('',#4704);
#1413=VERTEX_POINT('',#4709);
#1414=VERTEX_POINT('',#4711);
#1415=VERTEX_POINT('',#4716);
#1416=VERTEX_POINT('',#4718);
#1417=VERTEX_POINT('',#4720);
#1418=VERTEX_POINT('',#4724);
#1419=VERTEX_POINT('',#4726);
#1420=VERTEX_POINT('',#4728);
#1421=VERTEX_POINT('',#4732);
#1422=VERTEX_POINT('',#4734);
#1423=VERTEX_POINT('',#4736);
#1424=VERTEX_POINT('',#4738);
#1425=VERTEX_POINT('',#4742);
#1426=VERTEX_POINT('',#4755);
#1427=VERTEX_POINT('',#4757);
#1428=VERTEX_POINT('',#4761);
#1429=VERTEX_POINT('',#4763);
#1430=VERTEX_POINT('',#4767);
#1431=VERTEX_POINT('',#4771);
#1432=VERTEX_POINT('',#4773);
#1433=VERTEX_POINT('',#4775);
#1434=VERTEX_POINT('',#4777);
#1435=VERTEX_POINT('',#4779);
#1436=VERTEX_POINT('',#4781);
#1437=VERTEX_POINT('',#4784);
#1438=VERTEX_POINT('',#4786);
#1439=VERTEX_POINT('',#4788);
#1440=VERTEX_POINT('',#4790);
#1441=VERTEX_POINT('',#4794);
#1442=VERTEX_POINT('',#4796);
#1443=VERTEX_POINT('',#4800);
#1444=VERTEX_POINT('',#4801);
#1445=VERTEX_POINT('',#4803);
#1446=VERTEX_POINT('',#4805);
#1447=VERTEX_POINT('',#4809);
#1448=VERTEX_POINT('',#4811);
#1449=VERTEX_POINT('',#4815);
#1450=VERTEX_POINT('',#4819);
#1451=VERTEX_POINT('',#4821);
#1452=VERTEX_POINT('',#4825);
#1453=VERTEX_POINT('',#4830);
#1454=VERTEX_POINT('',#4834);
#1455=VERTEX_POINT('',#4835);
#1456=VERTEX_POINT('',#4837);
#1457=VERTEX_POINT('',#4839);
#1458=VERTEX_POINT('',#4841);
#1459=VERTEX_POINT('',#4843);
#1460=VERTEX_POINT('',#4845);
#1461=VERTEX_POINT('',#4847);
#1462=VERTEX_POINT('',#4852);
#1463=VERTEX_POINT('',#4869);
#1464=VERTEX_POINT('',#4880);
#1465=VERTEX_POINT('',#4897);
#1466=VERTEX_POINT('',#4901);
#1467=VERTEX_POINT('',#4903);
#1468=VERTEX_POINT('',#4950);
#1469=VERTEX_POINT('',#4954);
#1470=VERTEX_POINT('',#4958);
#1471=VERTEX_POINT('',#4962);
#1472=VERTEX_POINT('',#4967);
#1473=VERTEX_POINT('',#4969);
#1474=VERTEX_POINT('',#4973);
#1475=VERTEX_POINT('',#4977);
#1476=VERTEX_POINT('',#4981);
#1477=VERTEX_POINT('',#4987);
#1478=VERTEX_POINT('',#4991);
#1479=VERTEX_POINT('',#4997);
#1480=VERTEX_POINT('',#5003);
#1481=VERTEX_POINT('',#5007);
#1482=VERTEX_POINT('',#5011);
#1483=VERTEX_POINT('',#5017);
#1484=VERTEX_POINT('',#5030);
#1485=VERTEX_POINT('',#5032);
#1486=VERTEX_POINT('',#5038);
#1487=VERTEX_POINT('',#5040);
#1488=VERTEX_POINT('',#5076);
#1489=VERTEX_POINT('',#5078);
#1490=VERTEX_POINT('',#5082);
#1491=VERTEX_POINT('',#5086);
#1492=VERTEX_POINT('',#5089);
#1493=VERTEX_POINT('',#5091);
#1494=VERTEX_POINT('',#5097);
#1495=VERTEX_POINT('',#5099);
#1496=VERTEX_POINT('',#5101);
#1497=VERTEX_POINT('',#5103);
#1498=VERTEX_POINT('',#5105);
#1499=VERTEX_POINT('',#5107);
#1500=VERTEX_POINT('',#5133);
#1501=VERTEX_POINT('',#5134);
#1502=VERTEX_POINT('',#5143);
#1503=VERTEX_POINT('',#5145);
#1504=VERTEX_POINT('',#5163);
#1505=VERTEX_POINT('',#5255);
#1506=VERTEX_POINT('',#5356);
#1507=VERTEX_POINT('',#5375);
#1508=VERTEX_POINT('',#5437);
#1509=VERTEX_POINT('',#5438);
#1510=VERTEX_POINT('',#5449);
#1511=VERTEX_POINT('',#5451);
#1512=VERTEX_POINT('',#5471);
#1513=VERTEX_POINT('',#5482);
#1514=VERTEX_POINT('',#5502);
#1515=VERTEX_POINT('',#5511);
#1516=VERTEX_POINT('',#5529);
#1517=VERTEX_POINT('',#5546);
#1518=VERTEX_POINT('',#5603);
#1519=VERTEX_POINT('',#5604);
#1520=VERTEX_POINT('',#5606);
#1521=VERTEX_POINT('',#5608);
#1522=VERTEX_POINT('',#5612);
#1523=VERTEX_POINT('',#5623);
#1524=VERTEX_POINT('',#5636);
#1525=VERTEX_POINT('',#5638);
#1526=VERTEX_POINT('',#5642);
#1527=VERTEX_POINT('',#5657);
#1528=VERTEX_POINT('',#5674);
#1529=VERTEX_POINT('',#5676);
#1530=VERTEX_POINT('',#5687);
#1531=VERTEX_POINT('',#5696);
#1532=VERTEX_POINT('',#5714);
#1533=VERTEX_POINT('',#5725);
#1534=VERTEX_POINT('',#5743);
#1535=VERTEX_POINT('',#5750);
#1536=VERTEX_POINT('',#5797);
#1537=VERTEX_POINT('',#5798);
#1538=VERTEX_POINT('',#5811);
#1539=VERTEX_POINT('',#5813);
#1540=VERTEX_POINT('',#5835);
#1541=VERTEX_POINT('',#5848);
#1542=VERTEX_POINT('',#5868);
#1543=VERTEX_POINT('',#5879);
#1544=VERTEX_POINT('',#5899);
#1545=VERTEX_POINT('',#5912);
#1546=VERTEX_POINT('',#5934);
#1547=VERTEX_POINT('',#5945);
#1548=VERTEX_POINT('',#5989);
#1549=VERTEX_POINT('',#5990);
#1550=VERTEX_POINT('',#6001);
#1551=VERTEX_POINT('',#6003);
#1552=VERTEX_POINT('',#6023);
#1553=VERTEX_POINT('',#6032);
#1554=VERTEX_POINT('',#6050);
#1555=VERTEX_POINT('',#6063);
#1556=VERTEX_POINT('',#6083);
#1557=VERTEX_POINT('',#6102);
#1558=VERTEX_POINT('',#6156);
#1559=VERTEX_POINT('',#6157);
#1560=VERTEX_POINT('',#6170);
#1561=VERTEX_POINT('',#6172);
#1562=VERTEX_POINT('',#6187);
#1563=VERTEX_POINT('',#6196);
#1564=VERTEX_POINT('',#6214);
#1565=VERTEX_POINT('',#6225);
#1566=VERTEX_POINT('',#6247);
#1567=VERTEX_POINT('',#6264);
#1568=VERTEX_POINT('',#6291);
#1569=VERTEX_POINT('',#6292);
#1570=VERTEX_POINT('',#6363);
#1571=VERTEX_POINT('',#6365);
#1572=VERTEX_POINT('',#6389);
#1573=VERTEX_POINT('',#6402);
#1574=VERTEX_POINT('',#6422);
#1575=VERTEX_POINT('',#6437);
#1576=VERTEX_POINT('',#6461);
#1577=VERTEX_POINT('',#6470);
#1578=VERTEX_POINT('',#6518);
#1579=VERTEX_POINT('',#6519);
#1580=VERTEX_POINT('',#6534);
#1581=VERTEX_POINT('',#6536);
#1582=VERTEX_POINT('',#6560);
#1583=VERTEX_POINT('',#6579);
#1584=VERTEX_POINT('',#6607);
#1585=VERTEX_POINT('',#6622);
#1586=VERTEX_POINT('',#6674);
#1587=VERTEX_POINT('',#6675);
#1588=VERTEX_POINT('',#6690);
#1589=VERTEX_POINT('',#6692);
#1590=VERTEX_POINT('',#6709);
#1591=VERTEX_POINT('',#6711);
#1592=VERTEX_POINT('',#6715);
#1593=VERTEX_POINT('',#6724);
#1594=VERTEX_POINT('',#6735);
#1595=VERTEX_POINT('',#6737);
#1596=VERTEX_POINT('',#6741);
#1597=VERTEX_POINT('',#6743);
#1598=VERTEX_POINT('',#6794);
#1599=VERTEX_POINT('',#6795);
#1600=VERTEX_POINT('',#6806);
#1601=VERTEX_POINT('',#6808);
#1602=VERTEX_POINT('',#6828);
#1603=VERTEX_POINT('',#6845);
#1604=VERTEX_POINT('',#6871);
#1605=VERTEX_POINT('',#6886);
#1606=VERTEX_POINT('',#6910);
#1607=VERTEX_POINT('',#6921);
#1608=VERTEX_POINT('',#6969);
#1609=VERTEX_POINT('',#6970);
#1610=VERTEX_POINT('',#6979);
#1611=VERTEX_POINT('',#6981);
#1612=VERTEX_POINT('',#6999);
#1613=VERTEX_POINT('',#7010);
#1614=VERTEX_POINT('',#7030);
#1615=VERTEX_POINT('',#7053);
#1616=VERTEX_POINT('',#7085);
#1617=VERTEX_POINT('',#7100);
#1618=VERTEX_POINT('',#7137);
#1619=VERTEX_POINT('',#7138);
#1620=VERTEX_POINT('',#7140);
#1621=VERTEX_POINT('',#7142);
#1622=VERTEX_POINT('',#7146);
#1623=VERTEX_POINT('',#7159);
#1624=VERTEX_POINT('',#7174);
#1625=VERTEX_POINT('',#7176);
#1626=VERTEX_POINT('',#7180);
#1627=VERTEX_POINT('',#7197);
#1628=VERTEX_POINT('',#7216);
#1629=VERTEX_POINT('',#7218);
#1630=VERTEX_POINT('',#7229);
#1631=VERTEX_POINT('',#7240);
#1632=VERTEX_POINT('',#7289);
#1633=VERTEX_POINT('',#7297);
#1634=VERTEX_POINT('',#7298);
#1635=VERTEX_POINT('',#7300);
#1636=VERTEX_POINT('',#7302);
#1637=VERTEX_POINT('',#7306);
#1638=VERTEX_POINT('',#7308);
#1639=VERTEX_POINT('',#7312);
#1640=VERTEX_POINT('',#7314);
#1641=VERTEX_POINT('',#7318);
#1642=VERTEX_POINT('',#7320);
#1643=VERTEX_POINT('',#7324);
#1644=VERTEX_POINT('',#7326);
#1645=VERTEX_POINT('',#7334);
#1646=VERTEX_POINT('',#7336);
#1647=VERTEX_POINT('',#7340);
#1648=VERTEX_POINT('',#7344);
#1649=VERTEX_POINT('',#7351);
#1650=EDGE_CURVE('',#1326,#1327,#848,.T.);
#1651=EDGE_CURVE('',#1328,#1326,#849,.T.);
#1652=EDGE_CURVE('',#1329,#1328,#827,.T.);
#1653=EDGE_CURVE('',#1330,#1329,#850,.T.);
#1654=EDGE_CURVE('',#1327,#1330,#851,.T.);
#1655=EDGE_CURVE('',#1331,#1332,#852,.T.);
#1656=EDGE_CURVE('',#1333,#1331,#853,.T.);
#1657=EDGE_CURVE('',#1334,#1333,#854,.T.);
#1658=EDGE_CURVE('',#1335,#1334,#828,.T.);
#1659=EDGE_CURVE('',#1332,#1335,#855,.T.);
#1660=EDGE_CURVE('',#1336,#1337,#299,.T.);
#1661=EDGE_CURVE('',#1336,#1338,#856,.T.);
#1662=EDGE_CURVE('',#1327,#1338,#300,.T.);
#1663=EDGE_CURVE('',#1339,#1330,#857,.T.);
#1664=EDGE_CURVE('',#1337,#1339,#858,.T.);
#1665=EDGE_CURVE('',#1340,#1340,#301,.T.);
#1666=EDGE_CURVE('',#1341,#1331,#829,.T.);
#1667=EDGE_CURVE('',#1342,#1341,#859,.T.);
#1668=EDGE_CURVE('',#1343,#1342,#830,.T.);
#1669=EDGE_CURVE('',#1344,#1343,#860,.T.);
#1670=EDGE_CURVE('',#1333,#1344,#861,.T.);
#1671=EDGE_CURVE('',#1345,#1345,#831,.T.);
#1672=EDGE_CURVE('',#1342,#1341,#302,.T.);
#1673=EDGE_CURVE('',#1346,#1335,#862,.T.);
#1674=EDGE_CURVE('',#1347,#1346,#863,.T.);
#1675=EDGE_CURVE('',#1347,#1348,#864,.T.);
#1676=EDGE_CURVE('',#1349,#1348,#303,.T.);
#1677=EDGE_CURVE('',#1349,#1350,#865,.T.);
#1678=EDGE_CURVE('',#1332,#1350,#304,.T.);
#1679=EDGE_CURVE('',#1346,#1334,#305,.T.);
#1680=EDGE_CURVE('',#1339,#1351,#866,.T.);
#1681=EDGE_CURVE('',#1352,#1351,#867,.T.);
#1682=EDGE_CURVE('',#1337,#1352,#868,.T.);
#1683=EDGE_CURVE('',#1353,#1344,#869,.T.);
#1684=EDGE_CURVE('',#1353,#1354,#870,.T.);
#1685=EDGE_CURVE('',#1355,#1354,#871,.T.);
#1686=EDGE_CURVE('',#1356,#1355,#872,.T.);
#1687=EDGE_CURVE('',#1356,#1357,#873,.T.);
#1688=EDGE_CURVE('',#1351,#1357,#874,.T.);
#1689=EDGE_CURVE('',#1329,#1358,#306,.T.);
#1690=EDGE_CURVE('',#1358,#1359,#875,.T.);
#1691=EDGE_CURVE('',#1359,#1360,#307,.T.);
#1692=EDGE_CURVE('',#1360,#1361,#876,.T.);
#1693=EDGE_CURVE('',#1361,#1347,#308,.T.);
#1694=EDGE_CURVE('',#1362,#1326,#309,.T.);
#1695=EDGE_CURVE('',#1363,#1362,#877,.T.);
#1696=EDGE_CURVE('',#1364,#1363,#310,.T.);
#1697=EDGE_CURVE('',#1359,#1364,#878,.T.);
#1698=EDGE_CURVE('',#1358,#1328,#879,.T.);
#1699=EDGE_CURVE('',#1365,#1365,#311,.T.);
#1700=EDGE_CURVE('',#1365,#1340,#880,.T.);
#1701=EDGE_CURVE('',#1366,#1367,#70,.T.);
#1702=EDGE_CURVE('',#1367,#1368,#881,.T.);
#1703=EDGE_CURVE('',#1368,#1369,#71,.T.);
#1704=EDGE_CURVE('',#1369,#1366,#882,.T.);
#1705=EDGE_CURVE('',#1367,#1370,#883,.T.);
#1706=EDGE_CURVE('',#1371,#1370,#884,.T.);
#1707=EDGE_CURVE('',#1372,#1371,#885,.T.);
#1708=EDGE_CURVE('',#1373,#1372,#886,.T.);
#1709=EDGE_CURVE('',#1374,#1373,#887,.T.);
#1710=EDGE_CURVE('',#1375,#1374,#888,.T.);
#1711=EDGE_CURVE('',#1368,#1375,#889,.T.);
#1712=EDGE_CURVE('',#1376,#1373,#72,.T.);
#1713=EDGE_CURVE('',#1372,#1377,#73,.T.);
#1714=EDGE_CURVE('',#1377,#1376,#890,.T.);
#1715=EDGE_CURVE('',#1378,#1379,#891,.T.);
#1716=EDGE_CURVE('',#1354,#1378,#892,.T.);
#1717=EDGE_CURVE('',#1380,#1353,#893,.T.);
#1718=EDGE_CURVE('',#1381,#1380,#894,.T.);
#1719=EDGE_CURVE('',#1382,#1381,#312,.T.);
#1720=EDGE_CURVE('',#1383,#1382,#895,.T.);
#1721=EDGE_CURVE('',#1379,#1383,#313,.T.);
#1722=EDGE_CURVE('',#1384,#1343,#896,.T.);
#1723=EDGE_CURVE('',#1385,#1384,#897,.T.);
#1724=EDGE_CURVE('',#1385,#1380,#898,.T.);
#1725=EDGE_CURVE('',#1357,#1386,#899,.T.);
#1726=EDGE_CURVE('',#1386,#1387,#900,.T.);
#1727=EDGE_CURVE('',#1387,#1388,#314,.T.);
#1728=EDGE_CURVE('',#1388,#1389,#901,.T.);
#1729=EDGE_CURVE('',#1389,#1390,#902,.T.);
#1730=EDGE_CURVE('',#1391,#1390,#903,.T.);
#1731=EDGE_CURVE('',#1392,#1391,#904,.T.);
#1732=EDGE_CURVE('',#1393,#1392,#905,.T.);
#1733=EDGE_CURVE('',#1393,#1394,#906,.T.);
#1734=EDGE_CURVE('',#1394,#1395,#315,.T.);
#1735=EDGE_CURVE('',#1395,#1396,#907,.T.);
#1736=EDGE_CURVE('',#1396,#1397,#908,.T.);
#1737=EDGE_CURVE('',#1397,#1352,#316,.T.);
#1738=EDGE_CURVE('',#1398,#1398,#317,.T.);
#1739=EDGE_CURVE('',#1399,#1399,#318,.T.);
#1740=EDGE_CURVE('',#1400,#1400,#319,.T.);
#1741=EDGE_CURVE('',#1401,#1401,#320,.T.);
#1742=EDGE_CURVE('',#1402,#1378,#909,.T.);
#1743=EDGE_CURVE('',#1355,#1402,#910,.T.);
#1744=EDGE_CURVE('',#1403,#1379,#911,.T.);
#1745=EDGE_CURVE('',#1402,#1403,#912,.T.);
#1746=EDGE_CURVE('',#1404,#1404,#321,.T.);
#1747=EDGE_CURVE('',#1404,#1405,#913,.T.);
#1748=EDGE_CURVE('',#1405,#1405,#322,.T.);
#1749=EDGE_CURVE('',#1406,#1406,#323,.T.);
#1750=EDGE_CURVE('',#1406,#1407,#914,.T.);
#1751=EDGE_CURVE('',#1407,#1407,#324,.T.);
#1752=EDGE_CURVE('',#1408,#1408,#325,.T.);
#1753=EDGE_CURVE('',#1398,#1408,#915,.T.);
#1754=EDGE_CURVE('',#1409,#1409,#326,.T.);
#1755=EDGE_CURVE('',#1410,#1410,#327,.T.);
#1756=EDGE_CURVE('',#1399,#1409,#916,.T.);
#1757=EDGE_CURVE('',#1411,#1411,#328,.T.);
#1758=EDGE_CURVE('',#1412,#1412,#329,.T.);
#1759=EDGE_CURVE('',#1400,#1411,#917,.T.);
#1760=EDGE_CURVE('',#1413,#1413,#330,.T.);
#1761=EDGE_CURVE('',#1414,#1414,#331,.T.);
#1762=EDGE_CURVE('',#1401,#1413,#918,.T.);
#1763=EDGE_CURVE('',#1415,#1392,#919,.T.);
#1764=EDGE_CURVE('',#1416,#1415,#832,.T.);
#1765=EDGE_CURVE('',#1417,#1416,#920,.T.);
#1766=EDGE_CURVE('',#1417,#1393,#921,.T.);
#1767=EDGE_CURVE('',#1391,#1418,#922,.T.);
#1768=EDGE_CURVE('',#1419,#1390,#923,.T.);
#1769=EDGE_CURVE('',#1420,#1419,#924,.T.);
#1770=EDGE_CURVE('',#1418,#1420,#833,.T.);
#1771=EDGE_CURVE('',#1421,#1418,#925,.T.);
#1772=EDGE_CURVE('',#1422,#1421,#926,.T.);
#1773=EDGE_CURVE('',#1423,#1422,#927,.T.);
#1774=EDGE_CURVE('',#1423,#1424,#928,.T.);
#1775=EDGE_CURVE('',#1415,#1424,#929,.T.);
#1776=EDGE_CURVE('',#1420,#1425,#930,.T.);
#1777=EDGE_CURVE('',#1425,#1421,#74,.T.);
#1778=EDGE_CURVE('',#1419,#1426,#931,.T.);
#1779=EDGE_CURVE('',#1426,#1427,#332,.T.);
#1780=EDGE_CURVE('',#1427,#1425,#333,.T.);
#1781=EDGE_CURVE('',#1428,#1428,#334,.T.);
#1782=EDGE_CURVE('',#1428,#1429,#932,.T.);
#1783=EDGE_CURVE('',#1429,#1429,#335,.T.);
#1784=EDGE_CURVE('',#1430,#1430,#336,.T.);
#1785=EDGE_CURVE('',#1430,#1429,#933,.T.);
#1786=EDGE_CURVE('',#1374,#1431,#337,.T.);
#1787=EDGE_CURVE('',#1432,#1431,#338,.T.);
#1788=EDGE_CURVE('',#1432,#1433,#934,.T.);
#1789=EDGE_CURVE('',#1434,#1433,#339,.T.);
#1790=EDGE_CURVE('',#1435,#1434,#935,.T.);
#1791=EDGE_CURVE('',#1436,#1435,#340,.T.);
#1792=EDGE_CURVE('',#1436,#1371,#341,.T.);
#1793=EDGE_CURVE('',#1370,#1437,#342,.T.);
#1794=EDGE_CURVE('',#1437,#1438,#343,.T.);
#1795=EDGE_CURVE('',#1439,#1438,#344,.T.);
#1796=EDGE_CURVE('',#1439,#1440,#345,.T.);
#1797=EDGE_CURVE('',#1440,#1375,#346,.T.);
#1798=EDGE_CURVE('',#1441,#1441,#347,.T.);
#1799=EDGE_CURVE('',#1441,#1442,#936,.T.);
#1800=EDGE_CURVE('',#1442,#1442,#348,.T.);
#1801=EDGE_CURVE('',#1443,#1444,#937,.T.);
#1802=EDGE_CURVE('',#1443,#1445,#349,.T.);
#1803=EDGE_CURVE('',#1446,#1445,#350,.T.);
#1804=EDGE_CURVE('',#1446,#1444,#351,.T.);
#1805=EDGE_CURVE('',#1447,#1447,#352,.T.);
#1806=EDGE_CURVE('',#1447,#1448,#938,.T.);
#1807=EDGE_CURVE('',#1448,#1448,#353,.T.);
#1808=EDGE_CURVE('',#1449,#1449,#354,.T.);
#1809=EDGE_CURVE('',#1450,#1450,#355,.T.);
#1810=EDGE_CURVE('',#1450,#1451,#939,.T.);
#1811=EDGE_CURVE('',#1451,#1451,#356,.T.);
#1812=EDGE_CURVE('',#1452,#1452,#357,.T.);
#1813=EDGE_CURVE('',#1451,#1449,#940,.T.);
#1814=EDGE_CURVE('',#1453,#1453,#358,.T.);
#1815=EDGE_CURVE('',#1453,#1452,#941,.T.);
#1816=EDGE_CURVE('',#1454,#1455,#359,.T.);
#1817=EDGE_CURVE('',#1455,#1456,#360,.T.);
#1818=EDGE_CURVE('',#1456,#1457,#361,.T.);
#1819=EDGE_CURVE('',#1457,#1458,#362,.T.);
#1820=EDGE_CURVE('',#1458,#1459,#363,.T.);
#1821=EDGE_CURVE('',#1459,#1460,#942,.T.);
#1822=EDGE_CURVE('',#1460,#1461,#364,.T.);
#1823=EDGE_CURVE('',#1461,#1454,#943,.T.);
#1824=EDGE_CURVE('',#1462,#1364,#75,.T.);
#1825=EDGE_CURVE('',#1360,#1462,#944,.T.);
#1826=EDGE_CURVE('',#1463,#1362,#76,.T.);
#1827=EDGE_CURVE('',#1464,#1463,#945,.T.);
#1828=EDGE_CURVE('',#1363,#1464,#77,.T.);
#1829=EDGE_CURVE('',#1465,#1462,#946,.T.);
#1830=EDGE_CURVE('',#1361,#1465,#947,.T.);
#1831=EDGE_CURVE('',#1466,#1463,#948,.T.);
#1832=EDGE_CURVE('',#1467,#1466,#949,.T.);
#1833=EDGE_CURVE('',#1464,#1467,#950,.T.);
#1834=EDGE_CURVE('',#1348,#1465,#78,.T.);
#1835=EDGE_CURVE('',#1338,#1336,#365,.T.);
#1836=EDGE_CURVE('',#1350,#1466,#79,.T.);
#1837=EDGE_CURVE('',#1467,#1349,#80,.T.);
#1838=EDGE_CURVE('',#1468,#1386,#951,.T.);
#1839=EDGE_CURVE('',#1468,#1356,#952,.T.);
#1840=EDGE_CURVE('',#1469,#1387,#953,.T.);
#1841=EDGE_CURVE('',#1469,#1468,#954,.T.);
#1842=EDGE_CURVE('',#1470,#1388,#955,.T.);
#1843=EDGE_CURVE('',#1470,#1469,#366,.T.);
#1844=EDGE_CURVE('',#1471,#1383,#956,.T.);
#1845=EDGE_CURVE('',#1382,#1389,#957,.T.);
#1846=EDGE_CURVE('',#1471,#1470,#958,.T.);
#1847=EDGE_CURVE('',#1472,#1394,#959,.T.);
#1848=EDGE_CURVE('',#1473,#1417,#960,.T.);
#1849=EDGE_CURVE('',#1472,#1473,#961,.T.);
#1850=EDGE_CURVE('',#1474,#1395,#962,.T.);
#1851=EDGE_CURVE('',#1474,#1472,#367,.T.);
#1852=EDGE_CURVE('',#1475,#1396,#963,.T.);
#1853=EDGE_CURVE('',#1475,#1474,#964,.T.);
#1854=EDGE_CURVE('',#1476,#1397,#965,.T.);
#1855=EDGE_CURVE('',#1476,#1475,#966,.T.);
#1856=EDGE_CURVE('',#1384,#1476,#368,.T.);
#1857=EDGE_CURVE('',#1385,#1477,#369,.T.);
#1858=EDGE_CURVE('',#1385,#1477,#967,.T.);
#1859=EDGE_CURVE('',#1478,#1426,#370,.T.);
#1860=EDGE_CURVE('',#1478,#1426,#968,.T.);
#1861=EDGE_CURVE('',#1473,#1472,#371,.T.);
#1862=EDGE_CURVE('',#1414,#1479,#969,.T.);
#1863=EDGE_CURVE('',#1479,#1479,#372,.T.);
#1864=EDGE_CURVE('',#1403,#1471,#373,.T.);
#1865=EDGE_CURVE('',#1345,#1480,#970,.T.);
#1866=EDGE_CURVE('',#1480,#1480,#374,.T.);
#1867=EDGE_CURVE('',#1410,#1481,#971,.T.);
#1868=EDGE_CURVE('',#1481,#1481,#375,.T.);
#1869=EDGE_CURVE('',#1412,#1482,#972,.T.);
#1870=EDGE_CURVE('',#1482,#1482,#376,.T.);
#1871=EDGE_CURVE('',#1478,#1382,#973,.T.);
#1872=EDGE_CURVE('',#1483,#1381,#974,.T.);
#1873=EDGE_CURVE('',#1478,#1483,#377,.T.);
#1874=EDGE_CURVE('',#1483,#1477,#975,.T.);
#1875=EDGE_CURVE('',#1477,#1478,#378,.T.);
#1876=EDGE_CURVE('',#1475,#1484,#379,.T.);
#1877=EDGE_CURVE('',#1484,#1485,#380,.T.);
#1878=EDGE_CURVE('',#1485,#1385,#381,.T.);
#1879=EDGE_CURVE('',#1472,#1475,#382,.T.);
#1880=EDGE_CURVE('',#1486,#1416,#976,.T.);
#1881=EDGE_CURVE('',#1486,#1487,#383,.T.);
#1882=EDGE_CURVE('',#1487,#1473,#384,.T.);
#1883=EDGE_CURVE('',#1424,#1486,#81,.T.);
#1884=EDGE_CURVE('',#1422,#1443,#82,.T.);
#1885=EDGE_CURVE('',#1444,#1423,#83,.T.);
#1886=EDGE_CURVE('',#1488,#1488,#385,.T.);
#1887=EDGE_CURVE('',#1488,#1489,#977,.T.);
#1888=EDGE_CURVE('',#1489,#1489,#386,.T.);
#1889=EDGE_CURVE('',#1489,#1490,#978,.T.);
#1890=EDGE_CURVE('',#1490,#1490,#387,.T.);
#1891=EDGE_CURVE('',#1491,#1491,#388,.T.);
#1892=EDGE_CURVE('',#1492,#1492,#389,.T.);
#1893=EDGE_CURVE('',#1492,#1493,#979,.T.);
#1894=EDGE_CURVE('',#1493,#1493,#390,.T.);
#1895=EDGE_CURVE('',#1491,#1493,#980,.T.);
#1896=EDGE_CURVE('',#1369,#1494,#391,.T.);
#1897=EDGE_CURVE('',#1495,#1494,#392,.T.);
#1898=EDGE_CURVE('',#1495,#1496,#981,.T.);
#1899=EDGE_CURVE('',#1497,#1496,#393,.T.);
#1900=EDGE_CURVE('',#1498,#1497,#982,.T.);
#1901=EDGE_CURVE('',#1499,#1498,#394,.T.);
#1902=EDGE_CURVE('',#1499,#1366,#395,.T.);
#1903=EDGE_CURVE('',#1495,#1454,#983,.T.);
#1904=EDGE_CURVE('',#1496,#1461,#984,.T.);
#1905=EDGE_CURVE('',#1497,#1460,#985,.T.);
#1906=EDGE_CURVE('',#1498,#1459,#986,.T.);
#1907=EDGE_CURVE('',#1499,#1458,#987,.T.);
#1908=EDGE_CURVE('',#1445,#1457,#988,.T.);
#1909=EDGE_CURVE('',#1446,#1456,#989,.T.);
#1910=EDGE_CURVE('',#1494,#1455,#990,.T.);
#1911=EDGE_CURVE('',#1500,#1501,#84,.T.);
#1912=EDGE_CURVE('',#1502,#1500,#991,.T.);
#1913=EDGE_CURVE('',#1503,#1502,#85,.T.);
#1914=EDGE_CURVE('',#1503,#1501,#992,.T.);
#1915=EDGE_CURVE('',#1501,#1504,#86,.T.);
#1916=EDGE_CURVE('',#1505,#1503,#87,.T.);
#1917=EDGE_CURVE('',#1504,#1505,#993,.T.);
#1918=EDGE_CURVE('',#1504,#1506,#88,.T.);
#1919=EDGE_CURVE('',#1507,#1505,#89,.T.);
#1920=EDGE_CURVE('',#1507,#1506,#994,.T.);
#1921=EDGE_CURVE('',#1506,#1500,#90,.T.);
#1922=EDGE_CURVE('',#1502,#1507,#91,.T.);
#1923=EDGE_CURVE('',#1508,#1509,#92,.T.);
#1924=EDGE_CURVE('',#1510,#1508,#995,.T.);
#1925=EDGE_CURVE('',#1511,#1510,#93,.T.);
#1926=EDGE_CURVE('',#1511,#1509,#996,.T.);
#1927=EDGE_CURVE('',#1509,#1512,#94,.T.);
#1928=EDGE_CURVE('',#1513,#1511,#95,.T.);
#1929=EDGE_CURVE('',#1512,#1513,#997,.T.);
#1930=EDGE_CURVE('',#1512,#1514,#96,.T.);
#1931=EDGE_CURVE('',#1515,#1513,#97,.T.);
#1932=EDGE_CURVE('',#1515,#1514,#998,.T.);
#1933=EDGE_CURVE('',#1514,#1516,#98,.T.);
#1934=EDGE_CURVE('',#1517,#1515,#99,.T.);
#1935=EDGE_CURVE('',#1517,#1516,#999,.T.);
#1936=EDGE_CURVE('',#1516,#1508,#100,.T.);
#1937=EDGE_CURVE('',#1510,#1517,#101,.T.);
#1938=EDGE_CURVE('',#1518,#1519,#834,.T.);
#1939=EDGE_CURVE('',#1520,#1518,#1000,.T.);
#1940=EDGE_CURVE('',#1521,#1520,#835,.T.);
#1941=EDGE_CURVE('',#1521,#1519,#1001,.T.);
#1942=EDGE_CURVE('',#1519,#1522,#102,.T.);
#1943=EDGE_CURVE('',#1523,#1521,#103,.T.);
#1944=EDGE_CURVE('',#1523,#1522,#1002,.T.);
#1945=EDGE_CURVE('',#1522,#1524,#1003,.T.);
#1946=EDGE_CURVE('',#1525,#1523,#1004,.T.);
#1947=EDGE_CURVE('',#1525,#1524,#1005,.T.);
#1948=EDGE_CURVE('',#1524,#1526,#104,.T.);
#1949=EDGE_CURVE('',#1527,#1525,#105,.T.);
#1950=EDGE_CURVE('',#1526,#1527,#1006,.T.);
#1951=EDGE_CURVE('',#1526,#1528,#836,.T.);
#1952=EDGE_CURVE('',#1529,#1527,#837,.T.);
#1953=EDGE_CURVE('',#1529,#1528,#1007,.T.);
#1954=EDGE_CURVE('',#1528,#1530,#106,.T.);
#1955=EDGE_CURVE('',#1531,#1529,#107,.T.);
#1956=EDGE_CURVE('',#1531,#1530,#1008,.T.);
#1957=EDGE_CURVE('',#1530,#1532,#108,.T.);
#1958=EDGE_CURVE('',#1533,#1531,#109,.T.);
#1959=EDGE_CURVE('',#1533,#1532,#1009,.T.);
#1960=EDGE_CURVE('',#1532,#1534,#110,.T.);
#1961=EDGE_CURVE('',#1535,#1533,#111,.T.);
#1962=EDGE_CURVE('',#1535,#1534,#1010,.T.);
#1963=EDGE_CURVE('',#1534,#1518,#112,.T.);
#1964=EDGE_CURVE('',#1520,#1535,#113,.T.);
#1965=EDGE_CURVE('',#1536,#1537,#114,.T.);
#1966=EDGE_CURVE('',#1538,#1536,#1011,.T.);
#1967=EDGE_CURVE('',#1539,#1538,#115,.T.);
#1968=EDGE_CURVE('',#1539,#1537,#1012,.T.);
#1969=EDGE_CURVE('',#1537,#1540,#116,.T.);
#1970=EDGE_CURVE('',#1541,#1539,#117,.T.);
#1971=EDGE_CURVE('',#1541,#1540,#1013,.T.);
#1972=EDGE_CURVE('',#1540,#1542,#118,.T.);
#1973=EDGE_CURVE('',#1543,#1541,#119,.T.);
#1974=EDGE_CURVE('',#1542,#1543,#1014,.T.);
#1975=EDGE_CURVE('',#1542,#1544,#120,.T.);
#1976=EDGE_CURVE('',#1545,#1543,#121,.T.);
#1977=EDGE_CURVE('',#1545,#1544,#1015,.T.);
#1978=EDGE_CURVE('',#1544,#1546,#122,.T.);
#1979=EDGE_CURVE('',#1547,#1545,#123,.T.);
#1980=EDGE_CURVE('',#1547,#1546,#1016,.T.);
#1981=EDGE_CURVE('',#1546,#1536,#124,.T.);
#1982=EDGE_CURVE('',#1538,#1547,#125,.T.);
#1983=EDGE_CURVE('',#1548,#1549,#126,.T.);
#1984=EDGE_CURVE('',#1550,#1548,#1017,.T.);
#1985=EDGE_CURVE('',#1551,#1550,#127,.T.);
#1986=EDGE_CURVE('',#1551,#1549,#1018,.T.);
#1987=EDGE_CURVE('',#1549,#1552,#128,.T.);
#1988=EDGE_CURVE('',#1553,#1551,#129,.T.);
#1989=EDGE_CURVE('',#1552,#1553,#1019,.T.);
#1990=EDGE_CURVE('',#1552,#1554,#130,.T.);
#1991=EDGE_CURVE('',#1555,#1553,#131,.T.);
#1992=EDGE_CURVE('',#1555,#1554,#1020,.T.);
#1993=EDGE_CURVE('',#1554,#1556,#132,.T.);
#1994=EDGE_CURVE('',#1557,#1555,#133,.T.);
#1995=EDGE_CURVE('',#1557,#1556,#1021,.T.);
#1996=EDGE_CURVE('',#1556,#1548,#134,.T.);
#1997=EDGE_CURVE('',#1550,#1557,#135,.T.);
#1998=EDGE_CURVE('',#1558,#1559,#136,.T.);
#1999=EDGE_CURVE('',#1560,#1558,#1022,.T.);
#2000=EDGE_CURVE('',#1561,#1560,#137,.T.);
#2001=EDGE_CURVE('',#1561,#1559,#1023,.T.);
#2002=EDGE_CURVE('',#1559,#1562,#138,.T.);
#2003=EDGE_CURVE('',#1563,#1561,#139,.T.);
#2004=EDGE_CURVE('',#1562,#1563,#1024,.T.);
#2005=EDGE_CURVE('',#1562,#1564,#140,.T.);
#2006=EDGE_CURVE('',#1565,#1563,#141,.T.);
#2007=EDGE_CURVE('',#1565,#1564,#1025,.T.);
#2008=EDGE_CURVE('',#1564,#1566,#142,.T.);
#2009=EDGE_CURVE('',#1567,#1565,#143,.T.);
#2010=EDGE_CURVE('',#1567,#1566,#1026,.T.);
#2011=EDGE_CURVE('',#1566,#1558,#838,.T.);
#2012=EDGE_CURVE('',#1560,#1567,#839,.T.);
#2013=EDGE_CURVE('',#1568,#1569,#144,.T.);
#2014=EDGE_CURVE('',#1570,#1568,#1027,.T.);
#2015=EDGE_CURVE('',#1571,#1570,#145,.T.);
#2016=EDGE_CURVE('',#1571,#1569,#1028,.T.);
#2017=EDGE_CURVE('',#1569,#1572,#146,.T.);
#2018=EDGE_CURVE('',#1573,#1571,#147,.T.);
#2019=EDGE_CURVE('',#1572,#1573,#1029,.T.);
#2020=EDGE_CURVE('',#1572,#1574,#148,.T.);
#2021=EDGE_CURVE('',#1575,#1573,#149,.T.);
#2022=EDGE_CURVE('',#1575,#1574,#1030,.T.);
#2023=EDGE_CURVE('',#1574,#1576,#150,.T.);
#2024=EDGE_CURVE('',#1577,#1575,#151,.T.);
#2025=EDGE_CURVE('',#1577,#1576,#1031,.T.);
#2026=EDGE_CURVE('',#1576,#1568,#152,.T.);
#2027=EDGE_CURVE('',#1570,#1577,#153,.T.);
#2028=EDGE_CURVE('',#1578,#1579,#154,.T.);
#2029=EDGE_CURVE('',#1580,#1578,#1032,.T.);
#2030=EDGE_CURVE('',#1581,#1580,#155,.T.);
#2031=EDGE_CURVE('',#1581,#1579,#1033,.T.);
#2032=EDGE_CURVE('',#1579,#1582,#156,.T.);
#2033=EDGE_CURVE('',#1583,#1581,#157,.T.);
#2034=EDGE_CURVE('',#1582,#1583,#1034,.T.);
#2035=EDGE_CURVE('',#1582,#1584,#158,.T.);
#2036=EDGE_CURVE('',#1585,#1583,#159,.T.);
#2037=EDGE_CURVE('',#1585,#1584,#1035,.T.);
#2038=EDGE_CURVE('',#1584,#1578,#160,.T.);
#2039=EDGE_CURVE('',#1580,#1585,#161,.T.);
#2040=EDGE_CURVE('',#1586,#1587,#162,.T.);
#2041=EDGE_CURVE('',#1588,#1586,#1036,.T.);
#2042=EDGE_CURVE('',#1589,#1588,#163,.T.);
#2043=EDGE_CURVE('',#1589,#1587,#1037,.T.);
#2044=EDGE_CURVE('',#1587,#1590,#840,.T.);
#2045=EDGE_CURVE('',#1591,#1589,#841,.T.);
#2046=EDGE_CURVE('',#1591,#1590,#1038,.T.);
#2047=EDGE_CURVE('',#1590,#1592,#164,.T.);
#2048=EDGE_CURVE('',#1593,#1591,#165,.T.);
#2049=EDGE_CURVE('',#1592,#1593,#1039,.T.);
#2050=EDGE_CURVE('',#1592,#1594,#1040,.T.);
#2051=EDGE_CURVE('',#1595,#1593,#1041,.T.);
#2052=EDGE_CURVE('',#1595,#1594,#1042,.T.);
#2053=EDGE_CURVE('',#1594,#1596,#396,.T.);
#2054=EDGE_CURVE('',#1597,#1595,#397,.T.);
#2055=EDGE_CURVE('',#1597,#1596,#1043,.T.);
#2056=EDGE_CURVE('',#1596,#1586,#166,.T.);
#2057=EDGE_CURVE('',#1588,#1597,#167,.T.);
#2058=EDGE_CURVE('',#1598,#1599,#168,.T.);
#2059=EDGE_CURVE('',#1600,#1598,#1044,.T.);
#2060=EDGE_CURVE('',#1601,#1600,#169,.T.);
#2061=EDGE_CURVE('',#1601,#1599,#1045,.T.);
#2062=EDGE_CURVE('',#1599,#1602,#170,.T.);
#2063=EDGE_CURVE('',#1603,#1601,#171,.T.);
#2064=EDGE_CURVE('',#1602,#1603,#1046,.T.);
#2065=EDGE_CURVE('',#1602,#1604,#172,.T.);
#2066=EDGE_CURVE('',#1605,#1603,#173,.T.);
#2067=EDGE_CURVE('',#1605,#1604,#1047,.T.);
#2068=EDGE_CURVE('',#1604,#1606,#174,.T.);
#2069=EDGE_CURVE('',#1607,#1605,#175,.T.);
#2070=EDGE_CURVE('',#1607,#1606,#1048,.T.);
#2071=EDGE_CURVE('',#1606,#1598,#176,.T.);
#2072=EDGE_CURVE('',#1600,#1607,#177,.T.);
#2073=EDGE_CURVE('',#1608,#1609,#178,.T.);
#2074=EDGE_CURVE('',#1610,#1608,#1049,.T.);
#2075=EDGE_CURVE('',#1611,#1610,#179,.T.);
#2076=EDGE_CURVE('',#1611,#1609,#1050,.T.);
#2077=EDGE_CURVE('',#1609,#1612,#180,.T.);
#2078=EDGE_CURVE('',#1613,#1611,#181,.T.);
#2079=EDGE_CURVE('',#1612,#1613,#1051,.T.);
#2080=EDGE_CURVE('',#1612,#1614,#182,.T.);
#2081=EDGE_CURVE('',#1615,#1613,#183,.T.);
#2082=EDGE_CURVE('',#1615,#1614,#1052,.T.);
#2083=EDGE_CURVE('',#1614,#1616,#184,.T.);
#2084=EDGE_CURVE('',#1617,#1615,#185,.T.);
#2085=EDGE_CURVE('',#1617,#1616,#1053,.T.);
#2086=EDGE_CURVE('',#1616,#1608,#186,.T.);
#2087=EDGE_CURVE('',#1610,#1617,#187,.T.);
#2088=EDGE_CURVE('',#1618,#1619,#842,.T.);
#2089=EDGE_CURVE('',#1620,#1618,#1054,.T.);
#2090=EDGE_CURVE('',#1621,#1620,#843,.T.);
#2091=EDGE_CURVE('',#1621,#1619,#1055,.T.);
#2092=EDGE_CURVE('',#1619,#1622,#188,.T.);
#2093=EDGE_CURVE('',#1623,#1621,#189,.T.);
#2094=EDGE_CURVE('',#1623,#1622,#1056,.T.);
#2095=EDGE_CURVE('',#1622,#1624,#844,.T.);
#2096=EDGE_CURVE('',#1625,#1623,#845,.T.);
#2097=EDGE_CURVE('',#1624,#1625,#1057,.T.);
#2098=EDGE_CURVE('',#1624,#1626,#190,.T.);
#2099=EDGE_CURVE('',#1627,#1625,#191,.T.);
#2100=EDGE_CURVE('',#1627,#1626,#1058,.T.);
#2101=EDGE_CURVE('',#1626,#1628,#846,.T.);
#2102=EDGE_CURVE('',#1629,#1627,#847,.T.);
#2103=EDGE_CURVE('',#1629,#1628,#1059,.T.);
#2104=EDGE_CURVE('',#1628,#1630,#192,.T.);
#2105=EDGE_CURVE('',#1631,#1629,#193,.T.);
#2106=EDGE_CURVE('',#1631,#1630,#1060,.T.);
#2107=EDGE_CURVE('',#1630,#1618,#194,.T.);
#2108=EDGE_CURVE('',#1620,#1631,#195,.T.);
#2109=EDGE_CURVE('',#1437,#1427,#1061,.T.);
#2110=EDGE_CURVE('',#1487,#1440,#1062,.T.);
#2111=EDGE_CURVE('',#1436,#1632,#1063,.T.);
#2112=EDGE_CURVE('',#1377,#1632,#398,.T.);
#2113=EDGE_CURVE('',#1438,#1485,#1064,.T.);
#2114=EDGE_CURVE('',#1439,#1484,#1065,.T.);
#2115=EDGE_CURVE('',#1633,#1634,#1066,.T.);
#2116=EDGE_CURVE('',#1633,#1635,#1067,.T.);
#2117=EDGE_CURVE('',#1635,#1636,#1068,.T.);
#2118=EDGE_CURVE('',#1634,#1636,#1069,.T.);
#2119=EDGE_CURVE('',#1637,#1633,#1070,.T.);
#2120=EDGE_CURVE('',#1637,#1638,#1071,.T.);
#2121=EDGE_CURVE('',#1638,#1635,#1072,.T.);
#2122=EDGE_CURVE('',#1639,#1637,#399,.T.);
#2123=EDGE_CURVE('',#1639,#1640,#1073,.T.);
#2124=EDGE_CURVE('',#1640,#1638,#400,.T.);
#2125=EDGE_CURVE('',#1641,#1639,#1074,.T.);
#2126=EDGE_CURVE('',#1641,#1642,#1075,.T.);
#2127=EDGE_CURVE('',#1642,#1640,#1076,.T.);
#2128=EDGE_CURVE('',#1643,#1641,#1077,.T.);
#2129=EDGE_CURVE('',#1643,#1644,#1078,.T.);
#2130=EDGE_CURVE('',#1644,#1642,#1079,.T.);
#2131=EDGE_CURVE('',#1634,#1643,#401,.T.);
#2132=EDGE_CURVE('',#1636,#1644,#402,.T.);
#2133=EDGE_CURVE('',#1432,#1645,#1080,.T.);
#2134=EDGE_CURVE('',#1646,#1645,#1081,.T.);
#2135=EDGE_CURVE('',#1433,#1646,#1082,.T.);
#2136=EDGE_CURVE('',#1647,#1646,#403,.T.);
#2137=EDGE_CURVE('',#1434,#1647,#1083,.T.);
#2138=EDGE_CURVE('',#1648,#1647,#1084,.T.);
#2139=EDGE_CURVE('',#1435,#1648,#1085,.T.);
#2140=EDGE_CURVE('',#1632,#1648,#404,.T.);
#2141=EDGE_CURVE('',#1649,#1376,#405,.T.);
#2142=EDGE_CURVE('',#1431,#1649,#1086,.T.);
#2143=EDGE_CURVE('',#1645,#1649,#406,.T.);
#2144=ORIENTED_EDGE('',*,*,#1650,.F.);
#2145=ORIENTED_EDGE('',*,*,#1651,.F.);
#2146=ORIENTED_EDGE('',*,*,#1652,.F.);
#2147=ORIENTED_EDGE('',*,*,#1653,.F.);
#2148=ORIENTED_EDGE('',*,*,#1654,.F.);
#2149=ORIENTED_EDGE('',*,*,#1655,.F.);
#2150=ORIENTED_EDGE('',*,*,#1656,.F.);
#2151=ORIENTED_EDGE('',*,*,#1657,.F.);
#2152=ORIENTED_EDGE('',*,*,#1658,.F.);
#2153=ORIENTED_EDGE('',*,*,#1659,.F.);
#2154=ORIENTED_EDGE('',*,*,#1660,.F.);
#2155=ORIENTED_EDGE('',*,*,#1661,.T.);
#2156=ORIENTED_EDGE('',*,*,#1662,.F.);
#2157=ORIENTED_EDGE('',*,*,#1654,.T.);
#2158=ORIENTED_EDGE('',*,*,#1663,.F.);
#2159=ORIENTED_EDGE('',*,*,#1664,.F.);
#2160=ORIENTED_EDGE('',*,*,#1665,.F.);
#2161=ORIENTED_EDGE('',*,*,#1666,.F.);
#2162=ORIENTED_EDGE('',*,*,#1667,.F.);
#2163=ORIENTED_EDGE('',*,*,#1668,.F.);
#2164=ORIENTED_EDGE('',*,*,#1669,.F.);
#2165=ORIENTED_EDGE('',*,*,#1670,.F.);
#2166=ORIENTED_EDGE('',*,*,#1656,.T.);
#2167=ORIENTED_EDGE('',*,*,#1671,.F.);
#2168=ORIENTED_EDGE('',*,*,#1667,.T.);
#2169=ORIENTED_EDGE('',*,*,#1672,.F.);
#2170=ORIENTED_EDGE('',*,*,#1659,.T.);
#2171=ORIENTED_EDGE('',*,*,#1673,.F.);
#2172=ORIENTED_EDGE('',*,*,#1674,.F.);
#2173=ORIENTED_EDGE('',*,*,#1675,.T.);
#2174=ORIENTED_EDGE('',*,*,#1676,.F.);
#2175=ORIENTED_EDGE('',*,*,#1677,.T.);
#2176=ORIENTED_EDGE('',*,*,#1678,.F.);
#2177=ORIENTED_EDGE('',*,*,#1658,.T.);
#2178=ORIENTED_EDGE('',*,*,#1679,.F.);
#2179=ORIENTED_EDGE('',*,*,#1673,.T.);
#2180=ORIENTED_EDGE('',*,*,#1664,.T.);
#2181=ORIENTED_EDGE('',*,*,#1680,.T.);
#2182=ORIENTED_EDGE('',*,*,#1681,.F.);
#2183=ORIENTED_EDGE('',*,*,#1682,.F.);
#2184=ORIENTED_EDGE('',*,*,#1657,.T.);
#2185=ORIENTED_EDGE('',*,*,#1670,.T.);
#2186=ORIENTED_EDGE('',*,*,#1683,.F.);
#2187=ORIENTED_EDGE('',*,*,#1684,.T.);
#2188=ORIENTED_EDGE('',*,*,#1685,.F.);
#2189=ORIENTED_EDGE('',*,*,#1686,.F.);
#2190=ORIENTED_EDGE('',*,*,#1687,.T.);
#2191=ORIENTED_EDGE('',*,*,#1688,.F.);
#2192=ORIENTED_EDGE('',*,*,#1680,.F.);
#2193=ORIENTED_EDGE('',*,*,#1663,.T.);
#2194=ORIENTED_EDGE('',*,*,#1653,.T.);
#2195=ORIENTED_EDGE('',*,*,#1689,.T.);
#2196=ORIENTED_EDGE('',*,*,#1690,.T.);
#2197=ORIENTED_EDGE('',*,*,#1691,.T.);
#2198=ORIENTED_EDGE('',*,*,#1692,.T.);
#2199=ORIENTED_EDGE('',*,*,#1693,.T.);
#2200=ORIENTED_EDGE('',*,*,#1674,.T.);
#2201=ORIENTED_EDGE('',*,*,#1679,.T.);
#2202=ORIENTED_EDGE('',*,*,#1651,.T.);
#2203=ORIENTED_EDGE('',*,*,#1694,.F.);
#2204=ORIENTED_EDGE('',*,*,#1695,.F.);
#2205=ORIENTED_EDGE('',*,*,#1696,.F.);
#2206=ORIENTED_EDGE('',*,*,#1697,.F.);
#2207=ORIENTED_EDGE('',*,*,#1690,.F.);
#2208=ORIENTED_EDGE('',*,*,#1698,.T.);
#2209=ORIENTED_EDGE('',*,*,#1699,.T.);
#2210=ORIENTED_EDGE('',*,*,#1700,.T.);
#2211=ORIENTED_EDGE('',*,*,#1665,.T.);
#2212=ORIENTED_EDGE('',*,*,#1700,.F.);
#2213=ORIENTED_EDGE('',*,*,#1701,.T.);
#2214=ORIENTED_EDGE('',*,*,#1702,.T.);
#2215=ORIENTED_EDGE('',*,*,#1703,.T.);
#2216=ORIENTED_EDGE('',*,*,#1704,.T.);
#2217=ORIENTED_EDGE('',*,*,#1702,.F.);
#2218=ORIENTED_EDGE('',*,*,#1705,.T.);
#2219=ORIENTED_EDGE('',*,*,#1706,.F.);
#2220=ORIENTED_EDGE('',*,*,#1707,.F.);
#2221=ORIENTED_EDGE('',*,*,#1708,.F.);
#2222=ORIENTED_EDGE('',*,*,#1709,.F.);
#2223=ORIENTED_EDGE('',*,*,#1710,.F.);
#2224=ORIENTED_EDGE('',*,*,#1711,.F.);
#2225=ORIENTED_EDGE('',*,*,#1712,.T.);
#2226=ORIENTED_EDGE('',*,*,#1708,.T.);
#2227=ORIENTED_EDGE('',*,*,#1713,.T.);
#2228=ORIENTED_EDGE('',*,*,#1714,.T.);
#2229=ORIENTED_EDGE('',*,*,#1715,.F.);
#2230=ORIENTED_EDGE('',*,*,#1716,.F.);
#2231=ORIENTED_EDGE('',*,*,#1684,.F.);
#2232=ORIENTED_EDGE('',*,*,#1717,.F.);
#2233=ORIENTED_EDGE('',*,*,#1718,.F.);
#2234=ORIENTED_EDGE('',*,*,#1719,.F.);
#2235=ORIENTED_EDGE('',*,*,#1720,.F.);
#2236=ORIENTED_EDGE('',*,*,#1721,.F.);
#2237=ORIENTED_EDGE('',*,*,#1669,.T.);
#2238=ORIENTED_EDGE('',*,*,#1722,.F.);
#2239=ORIENTED_EDGE('',*,*,#1723,.F.);
#2240=ORIENTED_EDGE('',*,*,#1724,.T.);
#2241=ORIENTED_EDGE('',*,*,#1717,.T.);
#2242=ORIENTED_EDGE('',*,*,#1683,.T.);
#2243=ORIENTED_EDGE('',*,*,#1688,.T.);
#2244=ORIENTED_EDGE('',*,*,#1725,.T.);
#2245=ORIENTED_EDGE('',*,*,#1726,.T.);
#2246=ORIENTED_EDGE('',*,*,#1727,.T.);
#2247=ORIENTED_EDGE('',*,*,#1728,.T.);
#2248=ORIENTED_EDGE('',*,*,#1729,.T.);
#2249=ORIENTED_EDGE('',*,*,#1730,.F.);
#2250=ORIENTED_EDGE('',*,*,#1731,.F.);
#2251=ORIENTED_EDGE('',*,*,#1732,.F.);
#2252=ORIENTED_EDGE('',*,*,#1733,.T.);
#2253=ORIENTED_EDGE('',*,*,#1734,.T.);
#2254=ORIENTED_EDGE('',*,*,#1735,.T.);
#2255=ORIENTED_EDGE('',*,*,#1736,.T.);
#2256=ORIENTED_EDGE('',*,*,#1737,.T.);
#2257=ORIENTED_EDGE('',*,*,#1681,.T.);
#2258=ORIENTED_EDGE('',*,*,#1738,.T.);
#2259=ORIENTED_EDGE('',*,*,#1739,.T.);
#2260=ORIENTED_EDGE('',*,*,#1740,.T.);
#2261=ORIENTED_EDGE('',*,*,#1741,.T.);
#2262=ORIENTED_EDGE('',*,*,#1716,.T.);
#2263=ORIENTED_EDGE('',*,*,#1742,.F.);
#2264=ORIENTED_EDGE('',*,*,#1743,.F.);
#2265=ORIENTED_EDGE('',*,*,#1685,.T.);
#2266=ORIENTED_EDGE('',*,*,#1715,.T.);
#2267=ORIENTED_EDGE('',*,*,#1744,.F.);
#2268=ORIENTED_EDGE('',*,*,#1745,.F.);
#2269=ORIENTED_EDGE('',*,*,#1742,.T.);
#2270=ORIENTED_EDGE('',*,*,#1746,.F.);
#2271=ORIENTED_EDGE('',*,*,#1747,.T.);
#2272=ORIENTED_EDGE('',*,*,#1748,.F.);
#2273=ORIENTED_EDGE('',*,*,#1747,.F.);
#2274=ORIENTED_EDGE('',*,*,#1749,.F.);
#2275=ORIENTED_EDGE('',*,*,#1750,.T.);
#2276=ORIENTED_EDGE('',*,*,#1751,.F.);
#2277=ORIENTED_EDGE('',*,*,#1750,.F.);
#2278=ORIENTED_EDGE('',*,*,#1752,.F.);
#2279=ORIENTED_EDGE('',*,*,#1699,.F.);
#2280=ORIENTED_EDGE('',*,*,#1738,.F.);
#2281=ORIENTED_EDGE('',*,*,#1753,.T.);
#2282=ORIENTED_EDGE('',*,*,#1752,.T.);
#2283=ORIENTED_EDGE('',*,*,#1753,.F.);
#2284=ORIENTED_EDGE('',*,*,#1754,.F.);
#2285=ORIENTED_EDGE('',*,*,#1755,.F.);
#2286=ORIENTED_EDGE('',*,*,#1739,.F.);
#2287=ORIENTED_EDGE('',*,*,#1756,.T.);
#2288=ORIENTED_EDGE('',*,*,#1754,.T.);
#2289=ORIENTED_EDGE('',*,*,#1756,.F.);
#2290=ORIENTED_EDGE('',*,*,#1757,.F.);
#2291=ORIENTED_EDGE('',*,*,#1758,.F.);
#2292=ORIENTED_EDGE('',*,*,#1740,.F.);
#2293=ORIENTED_EDGE('',*,*,#1759,.T.);
#2294=ORIENTED_EDGE('',*,*,#1757,.T.);
#2295=ORIENTED_EDGE('',*,*,#1759,.F.);
#2296=ORIENTED_EDGE('',*,*,#1760,.F.);
#2297=ORIENTED_EDGE('',*,*,#1761,.F.);
#2298=ORIENTED_EDGE('',*,*,#1741,.F.);
#2299=ORIENTED_EDGE('',*,*,#1762,.T.);
#2300=ORIENTED_EDGE('',*,*,#1760,.T.);
#2301=ORIENTED_EDGE('',*,*,#1762,.F.);
#2302=ORIENTED_EDGE('',*,*,#1763,.F.);
#2303=ORIENTED_EDGE('',*,*,#1764,.F.);
#2304=ORIENTED_EDGE('',*,*,#1765,.F.);
#2305=ORIENTED_EDGE('',*,*,#1766,.T.);
#2306=ORIENTED_EDGE('',*,*,#1732,.T.);
#2307=ORIENTED_EDGE('',*,*,#1767,.F.);
#2308=ORIENTED_EDGE('',*,*,#1730,.T.);
#2309=ORIENTED_EDGE('',*,*,#1768,.F.);
#2310=ORIENTED_EDGE('',*,*,#1769,.F.);
#2311=ORIENTED_EDGE('',*,*,#1770,.F.);
#2312=ORIENTED_EDGE('',*,*,#1763,.T.);
#2313=ORIENTED_EDGE('',*,*,#1731,.T.);
#2314=ORIENTED_EDGE('',*,*,#1767,.T.);
#2315=ORIENTED_EDGE('',*,*,#1771,.F.);
#2316=ORIENTED_EDGE('',*,*,#1772,.F.);
#2317=ORIENTED_EDGE('',*,*,#1773,.F.);
#2318=ORIENTED_EDGE('',*,*,#1774,.T.);
#2319=ORIENTED_EDGE('',*,*,#1775,.F.);
#2320=ORIENTED_EDGE('',*,*,#1770,.T.);
#2321=ORIENTED_EDGE('',*,*,#1776,.T.);
#2322=ORIENTED_EDGE('',*,*,#1777,.T.);
#2323=ORIENTED_EDGE('',*,*,#1771,.T.);
#2324=ORIENTED_EDGE('',*,*,#1769,.T.);
#2325=ORIENTED_EDGE('',*,*,#1778,.T.);
#2326=ORIENTED_EDGE('',*,*,#1779,.T.);
#2327=ORIENTED_EDGE('',*,*,#1780,.T.);
#2328=ORIENTED_EDGE('',*,*,#1776,.F.);
#2329=ORIENTED_EDGE('',*,*,#1781,.T.);
#2330=ORIENTED_EDGE('',*,*,#1782,.T.);
#2331=ORIENTED_EDGE('',*,*,#1783,.T.);
#2332=ORIENTED_EDGE('',*,*,#1782,.F.);
#2333=ORIENTED_EDGE('',*,*,#1784,.F.);
#2334=ORIENTED_EDGE('',*,*,#1785,.T.);
#2335=ORIENTED_EDGE('',*,*,#1783,.F.);
#2336=ORIENTED_EDGE('',*,*,#1785,.F.);
#2337=ORIENTED_EDGE('',*,*,#1786,.T.);
#2338=ORIENTED_EDGE('',*,*,#1787,.F.);
#2339=ORIENTED_EDGE('',*,*,#1788,.T.);
#2340=ORIENTED_EDGE('',*,*,#1789,.F.);
#2341=ORIENTED_EDGE('',*,*,#1790,.F.);
#2342=ORIENTED_EDGE('',*,*,#1791,.F.);
#2343=ORIENTED_EDGE('',*,*,#1792,.T.);
#2344=ORIENTED_EDGE('',*,*,#1706,.T.);
#2345=ORIENTED_EDGE('',*,*,#1793,.T.);
#2346=ORIENTED_EDGE('',*,*,#1794,.T.);
#2347=ORIENTED_EDGE('',*,*,#1795,.F.);
#2348=ORIENTED_EDGE('',*,*,#1796,.T.);
#2349=ORIENTED_EDGE('',*,*,#1797,.T.);
#2350=ORIENTED_EDGE('',*,*,#1710,.T.);
#2351=ORIENTED_EDGE('',*,*,#1746,.T.);
#2352=ORIENTED_EDGE('',*,*,#1749,.T.);
#2353=ORIENTED_EDGE('',*,*,#1781,.F.);
#2354=ORIENTED_EDGE('',*,*,#1798,.T.);
#2355=ORIENTED_EDGE('',*,*,#1799,.T.);
#2356=ORIENTED_EDGE('',*,*,#1800,.F.);
#2357=ORIENTED_EDGE('',*,*,#1799,.F.);
#2358=ORIENTED_EDGE('',*,*,#1801,.F.);
#2359=ORIENTED_EDGE('',*,*,#1802,.T.);
#2360=ORIENTED_EDGE('',*,*,#1803,.F.);
#2361=ORIENTED_EDGE('',*,*,#1804,.T.);
#2362=ORIENTED_EDGE('',*,*,#1798,.F.);
#2363=ORIENTED_EDGE('',*,*,#1805,.F.);
#2364=ORIENTED_EDGE('',*,*,#1806,.T.);
#2365=ORIENTED_EDGE('',*,*,#1807,.F.);
#2366=ORIENTED_EDGE('',*,*,#1806,.F.);
#2367=ORIENTED_EDGE('',*,*,#1808,.F.);
#2368=ORIENTED_EDGE('',*,*,#1807,.T.);
#2369=ORIENTED_EDGE('',*,*,#1800,.T.);
#2370=ORIENTED_EDGE('',*,*,#1805,.T.);
#2371=ORIENTED_EDGE('',*,*,#1809,.T.);
#2372=ORIENTED_EDGE('',*,*,#1810,.T.);
#2373=ORIENTED_EDGE('',*,*,#1811,.T.);
#2374=ORIENTED_EDGE('',*,*,#1810,.F.);
#2375=ORIENTED_EDGE('',*,*,#1812,.T.);
#2376=ORIENTED_EDGE('',*,*,#1809,.F.);
#2377=ORIENTED_EDGE('',*,*,#1811,.F.);
#2378=ORIENTED_EDGE('',*,*,#1813,.T.);
#2379=ORIENTED_EDGE('',*,*,#1808,.T.);
#2380=ORIENTED_EDGE('',*,*,#1813,.F.);
#2381=ORIENTED_EDGE('',*,*,#1814,.T.);
#2382=ORIENTED_EDGE('',*,*,#1815,.T.);
#2383=ORIENTED_EDGE('',*,*,#1812,.F.);
#2384=ORIENTED_EDGE('',*,*,#1815,.F.);
#2385=ORIENTED_EDGE('',*,*,#1816,.T.);
#2386=ORIENTED_EDGE('',*,*,#1817,.T.);
#2387=ORIENTED_EDGE('',*,*,#1818,.T.);
#2388=ORIENTED_EDGE('',*,*,#1819,.T.);
#2389=ORIENTED_EDGE('',*,*,#1820,.T.);
#2390=ORIENTED_EDGE('',*,*,#1821,.T.);
#2391=ORIENTED_EDGE('',*,*,#1822,.T.);
#2392=ORIENTED_EDGE('',*,*,#1823,.T.);
#2393=ORIENTED_EDGE('',*,*,#1814,.F.);
#2394=ORIENTED_EDGE('',*,*,#1784,.T.);
#2395=ORIENTED_EDGE('',*,*,#1824,.F.);
#2396=ORIENTED_EDGE('',*,*,#1825,.F.);
#2397=ORIENTED_EDGE('',*,*,#1691,.F.);
#2398=ORIENTED_EDGE('',*,*,#1697,.T.);
#2399=ORIENTED_EDGE('',*,*,#1826,.F.);
#2400=ORIENTED_EDGE('',*,*,#1827,.F.);
#2401=ORIENTED_EDGE('',*,*,#1828,.F.);
#2402=ORIENTED_EDGE('',*,*,#1695,.T.);
#2403=ORIENTED_EDGE('',*,*,#1829,.F.);
#2404=ORIENTED_EDGE('',*,*,#1830,.F.);
#2405=ORIENTED_EDGE('',*,*,#1692,.F.);
#2406=ORIENTED_EDGE('',*,*,#1825,.T.);
#2407=ORIENTED_EDGE('',*,*,#1831,.F.);
#2408=ORIENTED_EDGE('',*,*,#1832,.F.);
#2409=ORIENTED_EDGE('',*,*,#1833,.F.);
#2410=ORIENTED_EDGE('',*,*,#1827,.T.);
#2411=ORIENTED_EDGE('',*,*,#1834,.F.);
#2412=ORIENTED_EDGE('',*,*,#1675,.F.);
#2413=ORIENTED_EDGE('',*,*,#1693,.F.);
#2414=ORIENTED_EDGE('',*,*,#1830,.T.);
#2415=ORIENTED_EDGE('',*,*,#1652,.T.);
#2416=ORIENTED_EDGE('',*,*,#1698,.F.);
#2417=ORIENTED_EDGE('',*,*,#1689,.F.);
#2418=ORIENTED_EDGE('',*,*,#1661,.F.);
#2419=ORIENTED_EDGE('',*,*,#1835,.F.);
#2420=ORIENTED_EDGE('',*,*,#1836,.F.);
#2421=ORIENTED_EDGE('',*,*,#1677,.F.);
#2422=ORIENTED_EDGE('',*,*,#1837,.F.);
#2423=ORIENTED_EDGE('',*,*,#1832,.T.);
#2424=ORIENTED_EDGE('',*,*,#1838,.T.);
#2425=ORIENTED_EDGE('',*,*,#1725,.F.);
#2426=ORIENTED_EDGE('',*,*,#1687,.F.);
#2427=ORIENTED_EDGE('',*,*,#1839,.F.);
#2428=ORIENTED_EDGE('',*,*,#1840,.T.);
#2429=ORIENTED_EDGE('',*,*,#1726,.F.);
#2430=ORIENTED_EDGE('',*,*,#1838,.F.);
#2431=ORIENTED_EDGE('',*,*,#1841,.F.);
#2432=ORIENTED_EDGE('',*,*,#1842,.T.);
#2433=ORIENTED_EDGE('',*,*,#1727,.F.);
#2434=ORIENTED_EDGE('',*,*,#1840,.F.);
#2435=ORIENTED_EDGE('',*,*,#1843,.F.);
#2436=ORIENTED_EDGE('',*,*,#1844,.T.);
#2437=ORIENTED_EDGE('',*,*,#1720,.T.);
#2438=ORIENTED_EDGE('',*,*,#1845,.T.);
#2439=ORIENTED_EDGE('',*,*,#1728,.F.);
#2440=ORIENTED_EDGE('',*,*,#1842,.F.);
#2441=ORIENTED_EDGE('',*,*,#1846,.F.);
#2442=ORIENTED_EDGE('',*,*,#1847,.T.);
#2443=ORIENTED_EDGE('',*,*,#1733,.F.);
#2444=ORIENTED_EDGE('',*,*,#1766,.F.);
#2445=ORIENTED_EDGE('',*,*,#1848,.F.);
#2446=ORIENTED_EDGE('',*,*,#1849,.F.);
#2447=ORIENTED_EDGE('',*,*,#1850,.T.);
#2448=ORIENTED_EDGE('',*,*,#1734,.F.);
#2449=ORIENTED_EDGE('',*,*,#1847,.F.);
#2450=ORIENTED_EDGE('',*,*,#1851,.F.);
#2451=ORIENTED_EDGE('',*,*,#1852,.T.);
#2452=ORIENTED_EDGE('',*,*,#1735,.F.);
#2453=ORIENTED_EDGE('',*,*,#1850,.F.);
#2454=ORIENTED_EDGE('',*,*,#1853,.F.);
#2455=ORIENTED_EDGE('',*,*,#1854,.T.);
#2456=ORIENTED_EDGE('',*,*,#1736,.F.);
#2457=ORIENTED_EDGE('',*,*,#1852,.F.);
#2458=ORIENTED_EDGE('',*,*,#1855,.F.);
#2459=ORIENTED_EDGE('',*,*,#1672,.T.);
#2460=ORIENTED_EDGE('',*,*,#1666,.T.);
#2461=ORIENTED_EDGE('',*,*,#1655,.T.);
#2462=ORIENTED_EDGE('',*,*,#1678,.T.);
#2463=ORIENTED_EDGE('',*,*,#1836,.T.);
#2464=ORIENTED_EDGE('',*,*,#1831,.T.);
#2465=ORIENTED_EDGE('',*,*,#1826,.T.);
#2466=ORIENTED_EDGE('',*,*,#1694,.T.);
#2467=ORIENTED_EDGE('',*,*,#1650,.T.);
#2468=ORIENTED_EDGE('',*,*,#1662,.T.);
#2469=ORIENTED_EDGE('',*,*,#1835,.T.);
#2470=ORIENTED_EDGE('',*,*,#1660,.T.);
#2471=ORIENTED_EDGE('',*,*,#1682,.T.);
#2472=ORIENTED_EDGE('',*,*,#1737,.F.);
#2473=ORIENTED_EDGE('',*,*,#1854,.F.);
#2474=ORIENTED_EDGE('',*,*,#1856,.F.);
#2475=ORIENTED_EDGE('',*,*,#1722,.T.);
#2476=ORIENTED_EDGE('',*,*,#1668,.T.);
#2477=ORIENTED_EDGE('',*,*,#1857,.T.);
#2478=ORIENTED_EDGE('',*,*,#1858,.F.);
#2479=ORIENTED_EDGE('',*,*,#1859,.T.);
#2480=ORIENTED_EDGE('',*,*,#1860,.F.);
#2481=ORIENTED_EDGE('',*,*,#1861,.T.);
#2482=ORIENTED_EDGE('',*,*,#1849,.T.);
#2483=ORIENTED_EDGE('',*,*,#1761,.T.);
#2484=ORIENTED_EDGE('',*,*,#1862,.T.);
#2485=ORIENTED_EDGE('',*,*,#1863,.F.);
#2486=ORIENTED_EDGE('',*,*,#1862,.F.);
#2487=ORIENTED_EDGE('',*,*,#1676,.T.);
#2488=ORIENTED_EDGE('',*,*,#1834,.T.);
#2489=ORIENTED_EDGE('',*,*,#1829,.T.);
#2490=ORIENTED_EDGE('',*,*,#1824,.T.);
#2491=ORIENTED_EDGE('',*,*,#1696,.T.);
#2492=ORIENTED_EDGE('',*,*,#1828,.T.);
#2493=ORIENTED_EDGE('',*,*,#1833,.T.);
#2494=ORIENTED_EDGE('',*,*,#1837,.T.);
#2495=ORIENTED_EDGE('',*,*,#1721,.T.);
#2496=ORIENTED_EDGE('',*,*,#1844,.F.);
#2497=ORIENTED_EDGE('',*,*,#1864,.F.);
#2498=ORIENTED_EDGE('',*,*,#1744,.T.);
#2499=ORIENTED_EDGE('',*,*,#1671,.T.);
#2500=ORIENTED_EDGE('',*,*,#1865,.T.);
#2501=ORIENTED_EDGE('',*,*,#1866,.F.);
#2502=ORIENTED_EDGE('',*,*,#1865,.F.);
#2503=ORIENTED_EDGE('',*,*,#1755,.T.);
#2504=ORIENTED_EDGE('',*,*,#1867,.T.);
#2505=ORIENTED_EDGE('',*,*,#1868,.F.);
#2506=ORIENTED_EDGE('',*,*,#1867,.F.);
#2507=ORIENTED_EDGE('',*,*,#1758,.T.);
#2508=ORIENTED_EDGE('',*,*,#1869,.T.);
#2509=ORIENTED_EDGE('',*,*,#1870,.F.);
#2510=ORIENTED_EDGE('',*,*,#1869,.F.);
#2511=ORIENTED_EDGE('',*,*,#1768,.T.);
#2512=ORIENTED_EDGE('',*,*,#1729,.F.);
#2513=ORIENTED_EDGE('',*,*,#1845,.F.);
#2514=ORIENTED_EDGE('',*,*,#1871,.F.);
#2515=ORIENTED_EDGE('',*,*,#1860,.T.);
#2516=ORIENTED_EDGE('',*,*,#1778,.F.);
#2517=ORIENTED_EDGE('',*,*,#1719,.T.);
#2518=ORIENTED_EDGE('',*,*,#1872,.F.);
#2519=ORIENTED_EDGE('',*,*,#1873,.F.);
#2520=ORIENTED_EDGE('',*,*,#1871,.T.);
#2521=ORIENTED_EDGE('',*,*,#1718,.T.);
#2522=ORIENTED_EDGE('',*,*,#1724,.F.);
#2523=ORIENTED_EDGE('',*,*,#1858,.T.);
#2524=ORIENTED_EDGE('',*,*,#1874,.F.);
#2525=ORIENTED_EDGE('',*,*,#1872,.T.);
#2526=ORIENTED_EDGE('',*,*,#1870,.T.);
#2527=ORIENTED_EDGE('',*,*,#1868,.T.);
#2528=ORIENTED_EDGE('',*,*,#1866,.T.);
#2529=ORIENTED_EDGE('',*,*,#1843,.T.);
#2530=ORIENTED_EDGE('',*,*,#1841,.T.);
#2531=ORIENTED_EDGE('',*,*,#1839,.T.);
#2532=ORIENTED_EDGE('',*,*,#1686,.T.);
#2533=ORIENTED_EDGE('',*,*,#1743,.T.);
#2534=ORIENTED_EDGE('',*,*,#1745,.T.);
#2535=ORIENTED_EDGE('',*,*,#1864,.T.);
#2536=ORIENTED_EDGE('',*,*,#1846,.T.);
#2537=ORIENTED_EDGE('',*,*,#1863,.T.);
#2538=ORIENTED_EDGE('',*,*,#1873,.T.);
#2539=ORIENTED_EDGE('',*,*,#1874,.T.);
#2540=ORIENTED_EDGE('',*,*,#1875,.T.);
#2541=ORIENTED_EDGE('',*,*,#1855,.T.);
#2542=ORIENTED_EDGE('',*,*,#1876,.T.);
#2543=ORIENTED_EDGE('',*,*,#1877,.T.);
#2544=ORIENTED_EDGE('',*,*,#1878,.T.);
#2545=ORIENTED_EDGE('',*,*,#1723,.T.);
#2546=ORIENTED_EDGE('',*,*,#1856,.T.);
#2547=ORIENTED_EDGE('',*,*,#1851,.T.);
#2548=ORIENTED_EDGE('',*,*,#1879,.T.);
#2549=ORIENTED_EDGE('',*,*,#1853,.T.);
#2550=ORIENTED_EDGE('',*,*,#1765,.T.);
#2551=ORIENTED_EDGE('',*,*,#1880,.F.);
#2552=ORIENTED_EDGE('',*,*,#1881,.T.);
#2553=ORIENTED_EDGE('',*,*,#1882,.T.);
#2554=ORIENTED_EDGE('',*,*,#1848,.T.);
#2555=ORIENTED_EDGE('',*,*,#1764,.T.);
#2556=ORIENTED_EDGE('',*,*,#1775,.T.);
#2557=ORIENTED_EDGE('',*,*,#1883,.T.);
#2558=ORIENTED_EDGE('',*,*,#1880,.T.);
#2559=ORIENTED_EDGE('',*,*,#1884,.T.);
#2560=ORIENTED_EDGE('',*,*,#1801,.T.);
#2561=ORIENTED_EDGE('',*,*,#1885,.T.);
#2562=ORIENTED_EDGE('',*,*,#1773,.T.);
#2563=ORIENTED_EDGE('',*,*,#1886,.T.);
#2564=ORIENTED_EDGE('',*,*,#1887,.T.);
#2565=ORIENTED_EDGE('',*,*,#1888,.T.);
#2566=ORIENTED_EDGE('',*,*,#1887,.F.);
#2567=ORIENTED_EDGE('',*,*,#1888,.F.);
#2568=ORIENTED_EDGE('',*,*,#1889,.T.);
#2569=ORIENTED_EDGE('',*,*,#1890,.F.);
#2570=ORIENTED_EDGE('',*,*,#1889,.F.);
#2571=ORIENTED_EDGE('',*,*,#1891,.T.);
#2572=ORIENTED_EDGE('',*,*,#1886,.F.);
#2573=ORIENTED_EDGE('',*,*,#1892,.T.);
#2574=ORIENTED_EDGE('',*,*,#1893,.T.);
#2575=ORIENTED_EDGE('',*,*,#1894,.T.);
#2576=ORIENTED_EDGE('',*,*,#1893,.F.);
#2577=ORIENTED_EDGE('',*,*,#1891,.F.);
#2578=ORIENTED_EDGE('',*,*,#1895,.T.);
#2579=ORIENTED_EDGE('',*,*,#1894,.F.);
#2580=ORIENTED_EDGE('',*,*,#1895,.F.);
#2581=ORIENTED_EDGE('',*,*,#1704,.F.);
#2582=ORIENTED_EDGE('',*,*,#1896,.T.);
#2583=ORIENTED_EDGE('',*,*,#1897,.F.);
#2584=ORIENTED_EDGE('',*,*,#1898,.T.);
#2585=ORIENTED_EDGE('',*,*,#1899,.F.);
#2586=ORIENTED_EDGE('',*,*,#1900,.F.);
#2587=ORIENTED_EDGE('',*,*,#1901,.F.);
#2588=ORIENTED_EDGE('',*,*,#1902,.T.);
#2589=ORIENTED_EDGE('',*,*,#1892,.F.);
#2590=ORIENTED_EDGE('',*,*,#1898,.F.);
#2591=ORIENTED_EDGE('',*,*,#1903,.T.);
#2592=ORIENTED_EDGE('',*,*,#1823,.F.);
#2593=ORIENTED_EDGE('',*,*,#1904,.F.);
#2594=ORIENTED_EDGE('',*,*,#1899,.T.);
#2595=ORIENTED_EDGE('',*,*,#1904,.T.);
#2596=ORIENTED_EDGE('',*,*,#1822,.F.);
#2597=ORIENTED_EDGE('',*,*,#1905,.F.);
#2598=ORIENTED_EDGE('',*,*,#1900,.T.);
#2599=ORIENTED_EDGE('',*,*,#1905,.T.);
#2600=ORIENTED_EDGE('',*,*,#1821,.F.);
#2601=ORIENTED_EDGE('',*,*,#1906,.F.);
#2602=ORIENTED_EDGE('',*,*,#1901,.T.);
#2603=ORIENTED_EDGE('',*,*,#1906,.T.);
#2604=ORIENTED_EDGE('',*,*,#1820,.F.);
#2605=ORIENTED_EDGE('',*,*,#1907,.F.);
#2606=ORIENTED_EDGE('',*,*,#1803,.T.);
#2607=ORIENTED_EDGE('',*,*,#1908,.T.);
#2608=ORIENTED_EDGE('',*,*,#1818,.F.);
#2609=ORIENTED_EDGE('',*,*,#1909,.F.);
#2610=ORIENTED_EDGE('',*,*,#1897,.T.);
#2611=ORIENTED_EDGE('',*,*,#1910,.T.);
#2612=ORIENTED_EDGE('',*,*,#1816,.F.);
#2613=ORIENTED_EDGE('',*,*,#1903,.F.);
#2614=ORIENTED_EDGE('',*,*,#1890,.T.);
#2615=ORIENTED_EDGE('',*,*,#1911,.F.);
#2616=ORIENTED_EDGE('',*,*,#1912,.F.);
#2617=ORIENTED_EDGE('',*,*,#1913,.F.);
#2618=ORIENTED_EDGE('',*,*,#1914,.T.);
#2619=ORIENTED_EDGE('',*,*,#1915,.F.);
#2620=ORIENTED_EDGE('',*,*,#1914,.F.);
#2621=ORIENTED_EDGE('',*,*,#1916,.F.);
#2622=ORIENTED_EDGE('',*,*,#1917,.F.);
#2623=ORIENTED_EDGE('',*,*,#1918,.F.);
#2624=ORIENTED_EDGE('',*,*,#1917,.T.);
#2625=ORIENTED_EDGE('',*,*,#1919,.F.);
#2626=ORIENTED_EDGE('',*,*,#1920,.T.);
#2627=ORIENTED_EDGE('',*,*,#1921,.F.);
#2628=ORIENTED_EDGE('',*,*,#1920,.F.);
#2629=ORIENTED_EDGE('',*,*,#1922,.F.);
#2630=ORIENTED_EDGE('',*,*,#1912,.T.);
#2631=ORIENTED_EDGE('',*,*,#1923,.F.);
#2632=ORIENTED_EDGE('',*,*,#1924,.F.);
#2633=ORIENTED_EDGE('',*,*,#1925,.F.);
#2634=ORIENTED_EDGE('',*,*,#1926,.T.);
#2635=ORIENTED_EDGE('',*,*,#1927,.F.);
#2636=ORIENTED_EDGE('',*,*,#1926,.F.);
#2637=ORIENTED_EDGE('',*,*,#1928,.F.);
#2638=ORIENTED_EDGE('',*,*,#1929,.F.);
#2639=ORIENTED_EDGE('',*,*,#1930,.F.);
#2640=ORIENTED_EDGE('',*,*,#1929,.T.);
#2641=ORIENTED_EDGE('',*,*,#1931,.F.);
#2642=ORIENTED_EDGE('',*,*,#1932,.T.);
#2643=ORIENTED_EDGE('',*,*,#1933,.F.);
#2644=ORIENTED_EDGE('',*,*,#1932,.F.);
#2645=ORIENTED_EDGE('',*,*,#1934,.F.);
#2646=ORIENTED_EDGE('',*,*,#1935,.T.);
#2647=ORIENTED_EDGE('',*,*,#1936,.F.);
#2648=ORIENTED_EDGE('',*,*,#1935,.F.);
#2649=ORIENTED_EDGE('',*,*,#1937,.F.);
#2650=ORIENTED_EDGE('',*,*,#1924,.T.);
#2651=ORIENTED_EDGE('',*,*,#1938,.F.);
#2652=ORIENTED_EDGE('',*,*,#1939,.F.);
#2653=ORIENTED_EDGE('',*,*,#1940,.F.);
#2654=ORIENTED_EDGE('',*,*,#1941,.T.);
#2655=ORIENTED_EDGE('',*,*,#1942,.F.);
#2656=ORIENTED_EDGE('',*,*,#1941,.F.);
#2657=ORIENTED_EDGE('',*,*,#1943,.F.);
#2658=ORIENTED_EDGE('',*,*,#1944,.T.);
#2659=ORIENTED_EDGE('',*,*,#1945,.F.);
#2660=ORIENTED_EDGE('',*,*,#1944,.F.);
#2661=ORIENTED_EDGE('',*,*,#1946,.F.);
#2662=ORIENTED_EDGE('',*,*,#1947,.T.);
#2663=ORIENTED_EDGE('',*,*,#1948,.F.);
#2664=ORIENTED_EDGE('',*,*,#1947,.F.);
#2665=ORIENTED_EDGE('',*,*,#1949,.F.);
#2666=ORIENTED_EDGE('',*,*,#1950,.F.);
#2667=ORIENTED_EDGE('',*,*,#1951,.F.);
#2668=ORIENTED_EDGE('',*,*,#1950,.T.);
#2669=ORIENTED_EDGE('',*,*,#1952,.F.);
#2670=ORIENTED_EDGE('',*,*,#1953,.T.);
#2671=ORIENTED_EDGE('',*,*,#1954,.F.);
#2672=ORIENTED_EDGE('',*,*,#1953,.F.);
#2673=ORIENTED_EDGE('',*,*,#1955,.F.);
#2674=ORIENTED_EDGE('',*,*,#1956,.T.);
#2675=ORIENTED_EDGE('',*,*,#1957,.F.);
#2676=ORIENTED_EDGE('',*,*,#1956,.F.);
#2677=ORIENTED_EDGE('',*,*,#1958,.F.);
#2678=ORIENTED_EDGE('',*,*,#1959,.T.);
#2679=ORIENTED_EDGE('',*,*,#1960,.F.);
#2680=ORIENTED_EDGE('',*,*,#1959,.F.);
#2681=ORIENTED_EDGE('',*,*,#1961,.F.);
#2682=ORIENTED_EDGE('',*,*,#1962,.T.);
#2683=ORIENTED_EDGE('',*,*,#1963,.F.);
#2684=ORIENTED_EDGE('',*,*,#1962,.F.);
#2685=ORIENTED_EDGE('',*,*,#1964,.F.);
#2686=ORIENTED_EDGE('',*,*,#1939,.T.);
#2687=ORIENTED_EDGE('',*,*,#1965,.F.);
#2688=ORIENTED_EDGE('',*,*,#1966,.F.);
#2689=ORIENTED_EDGE('',*,*,#1967,.F.);
#2690=ORIENTED_EDGE('',*,*,#1968,.T.);
#2691=ORIENTED_EDGE('',*,*,#1969,.F.);
#2692=ORIENTED_EDGE('',*,*,#1968,.F.);
#2693=ORIENTED_EDGE('',*,*,#1970,.F.);
#2694=ORIENTED_EDGE('',*,*,#1971,.T.);
#2695=ORIENTED_EDGE('',*,*,#1972,.F.);
#2696=ORIENTED_EDGE('',*,*,#1971,.F.);
#2697=ORIENTED_EDGE('',*,*,#1973,.F.);
#2698=ORIENTED_EDGE('',*,*,#1974,.F.);
#2699=ORIENTED_EDGE('',*,*,#1975,.F.);
#2700=ORIENTED_EDGE('',*,*,#1974,.T.);
#2701=ORIENTED_EDGE('',*,*,#1976,.F.);
#2702=ORIENTED_EDGE('',*,*,#1977,.T.);
#2703=ORIENTED_EDGE('',*,*,#1978,.F.);
#2704=ORIENTED_EDGE('',*,*,#1977,.F.);
#2705=ORIENTED_EDGE('',*,*,#1979,.F.);
#2706=ORIENTED_EDGE('',*,*,#1980,.T.);
#2707=ORIENTED_EDGE('',*,*,#1981,.F.);
#2708=ORIENTED_EDGE('',*,*,#1980,.F.);
#2709=ORIENTED_EDGE('',*,*,#1982,.F.);
#2710=ORIENTED_EDGE('',*,*,#1966,.T.);
#2711=ORIENTED_EDGE('',*,*,#1983,.F.);
#2712=ORIENTED_EDGE('',*,*,#1984,.F.);
#2713=ORIENTED_EDGE('',*,*,#1985,.F.);
#2714=ORIENTED_EDGE('',*,*,#1986,.T.);
#2715=ORIENTED_EDGE('',*,*,#1987,.F.);
#2716=ORIENTED_EDGE('',*,*,#1986,.F.);
#2717=ORIENTED_EDGE('',*,*,#1988,.F.);
#2718=ORIENTED_EDGE('',*,*,#1989,.F.);
#2719=ORIENTED_EDGE('',*,*,#1990,.F.);
#2720=ORIENTED_EDGE('',*,*,#1989,.T.);
#2721=ORIENTED_EDGE('',*,*,#1991,.F.);
#2722=ORIENTED_EDGE('',*,*,#1992,.T.);
#2723=ORIENTED_EDGE('',*,*,#1993,.F.);
#2724=ORIENTED_EDGE('',*,*,#1992,.F.);
#2725=ORIENTED_EDGE('',*,*,#1994,.F.);
#2726=ORIENTED_EDGE('',*,*,#1995,.T.);
#2727=ORIENTED_EDGE('',*,*,#1996,.F.);
#2728=ORIENTED_EDGE('',*,*,#1995,.F.);
#2729=ORIENTED_EDGE('',*,*,#1997,.F.);
#2730=ORIENTED_EDGE('',*,*,#1984,.T.);
#2731=ORIENTED_EDGE('',*,*,#1998,.F.);
#2732=ORIENTED_EDGE('',*,*,#1999,.F.);
#2733=ORIENTED_EDGE('',*,*,#2000,.F.);
#2734=ORIENTED_EDGE('',*,*,#2001,.T.);
#2735=ORIENTED_EDGE('',*,*,#2002,.F.);
#2736=ORIENTED_EDGE('',*,*,#2001,.F.);
#2737=ORIENTED_EDGE('',*,*,#2003,.F.);
#2738=ORIENTED_EDGE('',*,*,#2004,.F.);
#2739=ORIENTED_EDGE('',*,*,#2005,.F.);
#2740=ORIENTED_EDGE('',*,*,#2004,.T.);
#2741=ORIENTED_EDGE('',*,*,#2006,.F.);
#2742=ORIENTED_EDGE('',*,*,#2007,.T.);
#2743=ORIENTED_EDGE('',*,*,#2008,.F.);
#2744=ORIENTED_EDGE('',*,*,#2007,.F.);
#2745=ORIENTED_EDGE('',*,*,#2009,.F.);
#2746=ORIENTED_EDGE('',*,*,#2010,.T.);
#2747=ORIENTED_EDGE('',*,*,#2011,.F.);
#2748=ORIENTED_EDGE('',*,*,#2010,.F.);
#2749=ORIENTED_EDGE('',*,*,#2012,.F.);
#2750=ORIENTED_EDGE('',*,*,#1999,.T.);
#2751=ORIENTED_EDGE('',*,*,#2013,.F.);
#2752=ORIENTED_EDGE('',*,*,#2014,.F.);
#2753=ORIENTED_EDGE('',*,*,#2015,.F.);
#2754=ORIENTED_EDGE('',*,*,#2016,.T.);
#2755=ORIENTED_EDGE('',*,*,#2017,.F.);
#2756=ORIENTED_EDGE('',*,*,#2016,.F.);
#2757=ORIENTED_EDGE('',*,*,#2018,.F.);
#2758=ORIENTED_EDGE('',*,*,#2019,.F.);
#2759=ORIENTED_EDGE('',*,*,#2020,.F.);
#2760=ORIENTED_EDGE('',*,*,#2019,.T.);
#2761=ORIENTED_EDGE('',*,*,#2021,.F.);
#2762=ORIENTED_EDGE('',*,*,#2022,.T.);
#2763=ORIENTED_EDGE('',*,*,#2023,.F.);
#2764=ORIENTED_EDGE('',*,*,#2022,.F.);
#2765=ORIENTED_EDGE('',*,*,#2024,.F.);
#2766=ORIENTED_EDGE('',*,*,#2025,.T.);
#2767=ORIENTED_EDGE('',*,*,#2026,.F.);
#2768=ORIENTED_EDGE('',*,*,#2025,.F.);
#2769=ORIENTED_EDGE('',*,*,#2027,.F.);
#2770=ORIENTED_EDGE('',*,*,#2014,.T.);
#2771=ORIENTED_EDGE('',*,*,#2028,.F.);
#2772=ORIENTED_EDGE('',*,*,#2029,.F.);
#2773=ORIENTED_EDGE('',*,*,#2030,.F.);
#2774=ORIENTED_EDGE('',*,*,#2031,.T.);
#2775=ORIENTED_EDGE('',*,*,#2032,.F.);
#2776=ORIENTED_EDGE('',*,*,#2031,.F.);
#2777=ORIENTED_EDGE('',*,*,#2033,.F.);
#2778=ORIENTED_EDGE('',*,*,#2034,.F.);
#2779=ORIENTED_EDGE('',*,*,#2035,.F.);
#2780=ORIENTED_EDGE('',*,*,#2034,.T.);
#2781=ORIENTED_EDGE('',*,*,#2036,.F.);
#2782=ORIENTED_EDGE('',*,*,#2037,.T.);
#2783=ORIENTED_EDGE('',*,*,#2038,.F.);
#2784=ORIENTED_EDGE('',*,*,#2037,.F.);
#2785=ORIENTED_EDGE('',*,*,#2039,.F.);
#2786=ORIENTED_EDGE('',*,*,#2029,.T.);
#2787=ORIENTED_EDGE('',*,*,#2040,.F.);
#2788=ORIENTED_EDGE('',*,*,#2041,.F.);
#2789=ORIENTED_EDGE('',*,*,#2042,.F.);
#2790=ORIENTED_EDGE('',*,*,#2043,.T.);
#2791=ORIENTED_EDGE('',*,*,#2044,.F.);
#2792=ORIENTED_EDGE('',*,*,#2043,.F.);
#2793=ORIENTED_EDGE('',*,*,#2045,.F.);
#2794=ORIENTED_EDGE('',*,*,#2046,.T.);
#2795=ORIENTED_EDGE('',*,*,#2047,.F.);
#2796=ORIENTED_EDGE('',*,*,#2046,.F.);
#2797=ORIENTED_EDGE('',*,*,#2048,.F.);
#2798=ORIENTED_EDGE('',*,*,#2049,.F.);
#2799=ORIENTED_EDGE('',*,*,#2050,.F.);
#2800=ORIENTED_EDGE('',*,*,#2049,.T.);
#2801=ORIENTED_EDGE('',*,*,#2051,.F.);
#2802=ORIENTED_EDGE('',*,*,#2052,.T.);
#2803=ORIENTED_EDGE('',*,*,#2053,.F.);
#2804=ORIENTED_EDGE('',*,*,#2052,.F.);
#2805=ORIENTED_EDGE('',*,*,#2054,.F.);
#2806=ORIENTED_EDGE('',*,*,#2055,.T.);
#2807=ORIENTED_EDGE('',*,*,#2056,.F.);
#2808=ORIENTED_EDGE('',*,*,#2055,.F.);
#2809=ORIENTED_EDGE('',*,*,#2057,.F.);
#2810=ORIENTED_EDGE('',*,*,#2041,.T.);
#2811=ORIENTED_EDGE('',*,*,#2058,.F.);
#2812=ORIENTED_EDGE('',*,*,#2059,.F.);
#2813=ORIENTED_EDGE('',*,*,#2060,.F.);
#2814=ORIENTED_EDGE('',*,*,#2061,.T.);
#2815=ORIENTED_EDGE('',*,*,#2062,.F.);
#2816=ORIENTED_EDGE('',*,*,#2061,.F.);
#2817=ORIENTED_EDGE('',*,*,#2063,.F.);
#2818=ORIENTED_EDGE('',*,*,#2064,.F.);
#2819=ORIENTED_EDGE('',*,*,#2065,.F.);
#2820=ORIENTED_EDGE('',*,*,#2064,.T.);
#2821=ORIENTED_EDGE('',*,*,#2066,.F.);
#2822=ORIENTED_EDGE('',*,*,#2067,.T.);
#2823=ORIENTED_EDGE('',*,*,#2068,.F.);
#2824=ORIENTED_EDGE('',*,*,#2067,.F.);
#2825=ORIENTED_EDGE('',*,*,#2069,.F.);
#2826=ORIENTED_EDGE('',*,*,#2070,.T.);
#2827=ORIENTED_EDGE('',*,*,#2071,.F.);
#2828=ORIENTED_EDGE('',*,*,#2070,.F.);
#2829=ORIENTED_EDGE('',*,*,#2072,.F.);
#2830=ORIENTED_EDGE('',*,*,#2059,.T.);
#2831=ORIENTED_EDGE('',*,*,#2073,.F.);
#2832=ORIENTED_EDGE('',*,*,#2074,.F.);
#2833=ORIENTED_EDGE('',*,*,#2075,.F.);
#2834=ORIENTED_EDGE('',*,*,#2076,.T.);
#2835=ORIENTED_EDGE('',*,*,#2077,.F.);
#2836=ORIENTED_EDGE('',*,*,#2076,.F.);
#2837=ORIENTED_EDGE('',*,*,#2078,.F.);
#2838=ORIENTED_EDGE('',*,*,#2079,.F.);
#2839=ORIENTED_EDGE('',*,*,#2080,.F.);
#2840=ORIENTED_EDGE('',*,*,#2079,.T.);
#2841=ORIENTED_EDGE('',*,*,#2081,.F.);
#2842=ORIENTED_EDGE('',*,*,#2082,.T.);
#2843=ORIENTED_EDGE('',*,*,#2083,.F.);
#2844=ORIENTED_EDGE('',*,*,#2082,.F.);
#2845=ORIENTED_EDGE('',*,*,#2084,.F.);
#2846=ORIENTED_EDGE('',*,*,#2085,.T.);
#2847=ORIENTED_EDGE('',*,*,#2086,.F.);
#2848=ORIENTED_EDGE('',*,*,#2085,.F.);
#2849=ORIENTED_EDGE('',*,*,#2087,.F.);
#2850=ORIENTED_EDGE('',*,*,#2074,.T.);
#2851=ORIENTED_EDGE('',*,*,#2088,.F.);
#2852=ORIENTED_EDGE('',*,*,#2089,.F.);
#2853=ORIENTED_EDGE('',*,*,#2090,.F.);
#2854=ORIENTED_EDGE('',*,*,#2091,.T.);
#2855=ORIENTED_EDGE('',*,*,#2092,.F.);
#2856=ORIENTED_EDGE('',*,*,#2091,.F.);
#2857=ORIENTED_EDGE('',*,*,#2093,.F.);
#2858=ORIENTED_EDGE('',*,*,#2094,.T.);
#2859=ORIENTED_EDGE('',*,*,#2095,.F.);
#2860=ORIENTED_EDGE('',*,*,#2094,.F.);
#2861=ORIENTED_EDGE('',*,*,#2096,.F.);
#2862=ORIENTED_EDGE('',*,*,#2097,.F.);
#2863=ORIENTED_EDGE('',*,*,#2098,.F.);
#2864=ORIENTED_EDGE('',*,*,#2097,.T.);
#2865=ORIENTED_EDGE('',*,*,#2099,.F.);
#2866=ORIENTED_EDGE('',*,*,#2100,.T.);
#2867=ORIENTED_EDGE('',*,*,#2101,.F.);
#2868=ORIENTED_EDGE('',*,*,#2100,.F.);
#2869=ORIENTED_EDGE('',*,*,#2102,.F.);
#2870=ORIENTED_EDGE('',*,*,#2103,.T.);
#2871=ORIENTED_EDGE('',*,*,#2104,.F.);
#2872=ORIENTED_EDGE('',*,*,#2103,.F.);
#2873=ORIENTED_EDGE('',*,*,#2105,.F.);
#2874=ORIENTED_EDGE('',*,*,#2106,.T.);
#2875=ORIENTED_EDGE('',*,*,#2107,.F.);
#2876=ORIENTED_EDGE('',*,*,#2106,.F.);
#2877=ORIENTED_EDGE('',*,*,#2108,.F.);
#2878=ORIENTED_EDGE('',*,*,#2089,.T.);
#2879=ORIENTED_EDGE('',*,*,#2109,.F.);
#2880=ORIENTED_EDGE('',*,*,#1793,.F.);
#2881=ORIENTED_EDGE('',*,*,#1705,.F.);
#2882=ORIENTED_EDGE('',*,*,#1701,.F.);
#2883=ORIENTED_EDGE('',*,*,#1902,.F.);
#2884=ORIENTED_EDGE('',*,*,#1907,.T.);
#2885=ORIENTED_EDGE('',*,*,#1819,.F.);
#2886=ORIENTED_EDGE('',*,*,#1908,.F.);
#2887=ORIENTED_EDGE('',*,*,#1802,.F.);
#2888=ORIENTED_EDGE('',*,*,#1884,.F.);
#2889=ORIENTED_EDGE('',*,*,#1772,.T.);
#2890=ORIENTED_EDGE('',*,*,#1777,.F.);
#2891=ORIENTED_EDGE('',*,*,#1780,.F.);
#2892=ORIENTED_EDGE('',*,*,#1918,.T.);
#2893=ORIENTED_EDGE('',*,*,#1921,.T.);
#2894=ORIENTED_EDGE('',*,*,#1911,.T.);
#2895=ORIENTED_EDGE('',*,*,#1915,.T.);
#2896=ORIENTED_EDGE('',*,*,#1930,.T.);
#2897=ORIENTED_EDGE('',*,*,#1933,.T.);
#2898=ORIENTED_EDGE('',*,*,#1936,.T.);
#2899=ORIENTED_EDGE('',*,*,#1923,.T.);
#2900=ORIENTED_EDGE('',*,*,#1927,.T.);
#2901=ORIENTED_EDGE('',*,*,#1951,.T.);
#2902=ORIENTED_EDGE('',*,*,#1954,.T.);
#2903=ORIENTED_EDGE('',*,*,#1957,.T.);
#2904=ORIENTED_EDGE('',*,*,#1960,.T.);
#2905=ORIENTED_EDGE('',*,*,#1963,.T.);
#2906=ORIENTED_EDGE('',*,*,#1938,.T.);
#2907=ORIENTED_EDGE('',*,*,#1942,.T.);
#2908=ORIENTED_EDGE('',*,*,#1945,.T.);
#2909=ORIENTED_EDGE('',*,*,#1948,.T.);
#2910=ORIENTED_EDGE('',*,*,#1975,.T.);
#2911=ORIENTED_EDGE('',*,*,#1978,.T.);
#2912=ORIENTED_EDGE('',*,*,#1981,.T.);
#2913=ORIENTED_EDGE('',*,*,#1965,.T.);
#2914=ORIENTED_EDGE('',*,*,#1969,.T.);
#2915=ORIENTED_EDGE('',*,*,#1972,.T.);
#2916=ORIENTED_EDGE('',*,*,#1990,.T.);
#2917=ORIENTED_EDGE('',*,*,#1993,.T.);
#2918=ORIENTED_EDGE('',*,*,#1996,.T.);
#2919=ORIENTED_EDGE('',*,*,#1983,.T.);
#2920=ORIENTED_EDGE('',*,*,#1987,.T.);
#2921=ORIENTED_EDGE('',*,*,#2005,.T.);
#2922=ORIENTED_EDGE('',*,*,#2008,.T.);
#2923=ORIENTED_EDGE('',*,*,#2011,.T.);
#2924=ORIENTED_EDGE('',*,*,#1998,.T.);
#2925=ORIENTED_EDGE('',*,*,#2002,.T.);
#2926=ORIENTED_EDGE('',*,*,#2020,.T.);
#2927=ORIENTED_EDGE('',*,*,#2023,.T.);
#2928=ORIENTED_EDGE('',*,*,#2026,.T.);
#2929=ORIENTED_EDGE('',*,*,#2013,.T.);
#2930=ORIENTED_EDGE('',*,*,#2017,.T.);
#2931=ORIENTED_EDGE('',*,*,#2035,.T.);
#2932=ORIENTED_EDGE('',*,*,#2038,.T.);
#2933=ORIENTED_EDGE('',*,*,#2028,.T.);
#2934=ORIENTED_EDGE('',*,*,#2032,.T.);
#2935=ORIENTED_EDGE('',*,*,#2050,.T.);
#2936=ORIENTED_EDGE('',*,*,#2053,.T.);
#2937=ORIENTED_EDGE('',*,*,#2056,.T.);
#2938=ORIENTED_EDGE('',*,*,#2040,.T.);
#2939=ORIENTED_EDGE('',*,*,#2044,.T.);
#2940=ORIENTED_EDGE('',*,*,#2047,.T.);
#2941=ORIENTED_EDGE('',*,*,#2065,.T.);
#2942=ORIENTED_EDGE('',*,*,#2068,.T.);
#2943=ORIENTED_EDGE('',*,*,#2071,.T.);
#2944=ORIENTED_EDGE('',*,*,#2058,.T.);
#2945=ORIENTED_EDGE('',*,*,#2062,.T.);
#2946=ORIENTED_EDGE('',*,*,#2080,.T.);
#2947=ORIENTED_EDGE('',*,*,#2083,.T.);
#2948=ORIENTED_EDGE('',*,*,#2086,.T.);
#2949=ORIENTED_EDGE('',*,*,#2073,.T.);
#2950=ORIENTED_EDGE('',*,*,#2077,.T.);
#2951=ORIENTED_EDGE('',*,*,#2098,.T.);
#2952=ORIENTED_EDGE('',*,*,#2101,.T.);
#2953=ORIENTED_EDGE('',*,*,#2104,.T.);
#2954=ORIENTED_EDGE('',*,*,#2107,.T.);
#2955=ORIENTED_EDGE('',*,*,#2088,.T.);
#2956=ORIENTED_EDGE('',*,*,#2092,.T.);
#2957=ORIENTED_EDGE('',*,*,#2095,.T.);
#2958=ORIENTED_EDGE('',*,*,#1881,.F.);
#2959=ORIENTED_EDGE('',*,*,#1883,.F.);
#2960=ORIENTED_EDGE('',*,*,#1774,.F.);
#2961=ORIENTED_EDGE('',*,*,#1885,.F.);
#2962=ORIENTED_EDGE('',*,*,#1804,.F.);
#2963=ORIENTED_EDGE('',*,*,#1909,.T.);
#2964=ORIENTED_EDGE('',*,*,#1817,.F.);
#2965=ORIENTED_EDGE('',*,*,#1910,.F.);
#2966=ORIENTED_EDGE('',*,*,#1896,.F.);
#2967=ORIENTED_EDGE('',*,*,#1703,.F.);
#2968=ORIENTED_EDGE('',*,*,#1711,.T.);
#2969=ORIENTED_EDGE('',*,*,#1797,.F.);
#2970=ORIENTED_EDGE('',*,*,#2110,.F.);
#2971=ORIENTED_EDGE('',*,*,#1919,.T.);
#2972=ORIENTED_EDGE('',*,*,#1916,.T.);
#2973=ORIENTED_EDGE('',*,*,#1913,.T.);
#2974=ORIENTED_EDGE('',*,*,#1922,.T.);
#2975=ORIENTED_EDGE('',*,*,#1931,.T.);
#2976=ORIENTED_EDGE('',*,*,#1928,.T.);
#2977=ORIENTED_EDGE('',*,*,#1925,.T.);
#2978=ORIENTED_EDGE('',*,*,#1937,.T.);
#2979=ORIENTED_EDGE('',*,*,#1934,.T.);
#2980=ORIENTED_EDGE('',*,*,#1952,.T.);
#2981=ORIENTED_EDGE('',*,*,#1949,.T.);
#2982=ORIENTED_EDGE('',*,*,#1946,.T.);
#2983=ORIENTED_EDGE('',*,*,#1943,.T.);
#2984=ORIENTED_EDGE('',*,*,#1940,.T.);
#2985=ORIENTED_EDGE('',*,*,#1964,.T.);
#2986=ORIENTED_EDGE('',*,*,#1961,.T.);
#2987=ORIENTED_EDGE('',*,*,#1958,.T.);
#2988=ORIENTED_EDGE('',*,*,#1955,.T.);
#2989=ORIENTED_EDGE('',*,*,#1976,.T.);
#2990=ORIENTED_EDGE('',*,*,#1973,.T.);
#2991=ORIENTED_EDGE('',*,*,#1970,.T.);
#2992=ORIENTED_EDGE('',*,*,#1967,.T.);
#2993=ORIENTED_EDGE('',*,*,#1982,.T.);
#2994=ORIENTED_EDGE('',*,*,#1979,.T.);
#2995=ORIENTED_EDGE('',*,*,#1991,.T.);
#2996=ORIENTED_EDGE('',*,*,#1988,.T.);
#2997=ORIENTED_EDGE('',*,*,#1985,.T.);
#2998=ORIENTED_EDGE('',*,*,#1997,.T.);
#2999=ORIENTED_EDGE('',*,*,#1994,.T.);
#3000=ORIENTED_EDGE('',*,*,#2006,.T.);
#3001=ORIENTED_EDGE('',*,*,#2003,.T.);
#3002=ORIENTED_EDGE('',*,*,#2000,.T.);
#3003=ORIENTED_EDGE('',*,*,#2012,.T.);
#3004=ORIENTED_EDGE('',*,*,#2009,.T.);
#3005=ORIENTED_EDGE('',*,*,#2021,.T.);
#3006=ORIENTED_EDGE('',*,*,#2018,.T.);
#3007=ORIENTED_EDGE('',*,*,#2015,.T.);
#3008=ORIENTED_EDGE('',*,*,#2027,.T.);
#3009=ORIENTED_EDGE('',*,*,#2024,.T.);
#3010=ORIENTED_EDGE('',*,*,#2036,.T.);
#3011=ORIENTED_EDGE('',*,*,#2033,.T.);
#3012=ORIENTED_EDGE('',*,*,#2030,.T.);
#3013=ORIENTED_EDGE('',*,*,#2039,.T.);
#3014=ORIENTED_EDGE('',*,*,#2051,.T.);
#3015=ORIENTED_EDGE('',*,*,#2048,.T.);
#3016=ORIENTED_EDGE('',*,*,#2045,.T.);
#3017=ORIENTED_EDGE('',*,*,#2042,.T.);
#3018=ORIENTED_EDGE('',*,*,#2057,.T.);
#3019=ORIENTED_EDGE('',*,*,#2054,.T.);
#3020=ORIENTED_EDGE('',*,*,#2066,.T.);
#3021=ORIENTED_EDGE('',*,*,#2063,.T.);
#3022=ORIENTED_EDGE('',*,*,#2060,.T.);
#3023=ORIENTED_EDGE('',*,*,#2072,.T.);
#3024=ORIENTED_EDGE('',*,*,#2069,.T.);
#3025=ORIENTED_EDGE('',*,*,#2081,.T.);
#3026=ORIENTED_EDGE('',*,*,#2078,.T.);
#3027=ORIENTED_EDGE('',*,*,#2075,.T.);
#3028=ORIENTED_EDGE('',*,*,#2087,.T.);
#3029=ORIENTED_EDGE('',*,*,#2084,.T.);
#3030=ORIENTED_EDGE('',*,*,#2099,.T.);
#3031=ORIENTED_EDGE('',*,*,#2096,.T.);
#3032=ORIENTED_EDGE('',*,*,#2093,.T.);
#3033=ORIENTED_EDGE('',*,*,#2090,.T.);
#3034=ORIENTED_EDGE('',*,*,#2108,.T.);
#3035=ORIENTED_EDGE('',*,*,#2105,.T.);
#3036=ORIENTED_EDGE('',*,*,#2102,.T.);
#3037=ORIENTED_EDGE('',*,*,#1707,.T.);
#3038=ORIENTED_EDGE('',*,*,#1792,.F.);
#3039=ORIENTED_EDGE('',*,*,#2111,.T.);
#3040=ORIENTED_EDGE('',*,*,#2112,.F.);
#3041=ORIENTED_EDGE('',*,*,#1713,.F.);
#3042=ORIENTED_EDGE('',*,*,#2109,.T.);
#3043=ORIENTED_EDGE('',*,*,#1779,.F.);
#3044=ORIENTED_EDGE('',*,*,#1859,.F.);
#3045=ORIENTED_EDGE('',*,*,#1875,.F.);
#3046=ORIENTED_EDGE('',*,*,#1857,.F.);
#3047=ORIENTED_EDGE('',*,*,#1878,.F.);
#3048=ORIENTED_EDGE('',*,*,#2113,.F.);
#3049=ORIENTED_EDGE('',*,*,#1794,.F.);
#3050=ORIENTED_EDGE('',*,*,#2110,.T.);
#3051=ORIENTED_EDGE('',*,*,#1796,.F.);
#3052=ORIENTED_EDGE('',*,*,#2114,.T.);
#3053=ORIENTED_EDGE('',*,*,#1876,.F.);
#3054=ORIENTED_EDGE('',*,*,#1879,.F.);
#3055=ORIENTED_EDGE('',*,*,#1861,.F.);
#3056=ORIENTED_EDGE('',*,*,#1882,.F.);
#3057=ORIENTED_EDGE('',*,*,#2115,.F.);
#3058=ORIENTED_EDGE('',*,*,#2116,.T.);
#3059=ORIENTED_EDGE('',*,*,#2117,.T.);
#3060=ORIENTED_EDGE('',*,*,#2118,.F.);
#3061=ORIENTED_EDGE('',*,*,#2119,.F.);
#3062=ORIENTED_EDGE('',*,*,#2120,.T.);
#3063=ORIENTED_EDGE('',*,*,#2121,.T.);
#3064=ORIENTED_EDGE('',*,*,#2116,.F.);
#3065=ORIENTED_EDGE('',*,*,#2122,.F.);
#3066=ORIENTED_EDGE('',*,*,#2123,.T.);
#3067=ORIENTED_EDGE('',*,*,#2124,.T.);
#3068=ORIENTED_EDGE('',*,*,#2120,.F.);
#3069=ORIENTED_EDGE('',*,*,#2125,.F.);
#3070=ORIENTED_EDGE('',*,*,#2126,.T.);
#3071=ORIENTED_EDGE('',*,*,#2127,.T.);
#3072=ORIENTED_EDGE('',*,*,#2123,.F.);
#3073=ORIENTED_EDGE('',*,*,#2128,.F.);
#3074=ORIENTED_EDGE('',*,*,#2129,.T.);
#3075=ORIENTED_EDGE('',*,*,#2130,.T.);
#3076=ORIENTED_EDGE('',*,*,#2126,.F.);
#3077=ORIENTED_EDGE('',*,*,#2131,.F.);
#3078=ORIENTED_EDGE('',*,*,#2118,.T.);
#3079=ORIENTED_EDGE('',*,*,#2132,.T.);
#3080=ORIENTED_EDGE('',*,*,#2129,.F.);
#3081=ORIENTED_EDGE('',*,*,#2132,.F.);
#3082=ORIENTED_EDGE('',*,*,#2117,.F.);
#3083=ORIENTED_EDGE('',*,*,#2121,.F.);
#3084=ORIENTED_EDGE('',*,*,#2124,.F.);
#3085=ORIENTED_EDGE('',*,*,#2127,.F.);
#3086=ORIENTED_EDGE('',*,*,#2130,.F.);
#3087=ORIENTED_EDGE('',*,*,#1748,.T.);
#3088=ORIENTED_EDGE('',*,*,#1751,.T.);
#3089=ORIENTED_EDGE('',*,*,#1788,.F.);
#3090=ORIENTED_EDGE('',*,*,#2133,.T.);
#3091=ORIENTED_EDGE('',*,*,#2134,.F.);
#3092=ORIENTED_EDGE('',*,*,#2135,.F.);
#3093=ORIENTED_EDGE('',*,*,#1789,.T.);
#3094=ORIENTED_EDGE('',*,*,#2135,.T.);
#3095=ORIENTED_EDGE('',*,*,#2136,.F.);
#3096=ORIENTED_EDGE('',*,*,#2137,.F.);
#3097=ORIENTED_EDGE('',*,*,#1790,.T.);
#3098=ORIENTED_EDGE('',*,*,#2137,.T.);
#3099=ORIENTED_EDGE('',*,*,#2138,.F.);
#3100=ORIENTED_EDGE('',*,*,#2139,.F.);
#3101=ORIENTED_EDGE('',*,*,#1791,.T.);
#3102=ORIENTED_EDGE('',*,*,#2139,.T.);
#3103=ORIENTED_EDGE('',*,*,#2140,.F.);
#3104=ORIENTED_EDGE('',*,*,#2111,.F.);
#3105=ORIENTED_EDGE('',*,*,#1795,.T.);
#3106=ORIENTED_EDGE('',*,*,#2113,.T.);
#3107=ORIENTED_EDGE('',*,*,#1877,.F.);
#3108=ORIENTED_EDGE('',*,*,#2114,.F.);
#3109=ORIENTED_EDGE('',*,*,#1709,.T.);
#3110=ORIENTED_EDGE('',*,*,#1712,.F.);
#3111=ORIENTED_EDGE('',*,*,#2141,.F.);
#3112=ORIENTED_EDGE('',*,*,#2142,.F.);
#3113=ORIENTED_EDGE('',*,*,#1786,.F.);
#3114=ORIENTED_EDGE('',*,*,#1787,.T.);
#3115=ORIENTED_EDGE('',*,*,#2142,.T.);
#3116=ORIENTED_EDGE('',*,*,#2143,.F.);
#3117=ORIENTED_EDGE('',*,*,#2133,.F.);
#3118=ORIENTED_EDGE('',*,*,#1714,.F.);
#3119=ORIENTED_EDGE('',*,*,#2112,.T.);
#3120=ORIENTED_EDGE('',*,*,#2140,.T.);
#3121=ORIENTED_EDGE('',*,*,#2138,.T.);
#3122=ORIENTED_EDGE('',*,*,#2136,.T.);
#3123=ORIENTED_EDGE('',*,*,#2134,.T.);
#3124=ORIENTED_EDGE('',*,*,#2143,.T.);
#3125=ORIENTED_EDGE('',*,*,#2141,.T.);
#3126=ORIENTED_EDGE('',*,*,#2115,.T.);
#3127=ORIENTED_EDGE('',*,*,#2131,.T.);
#3128=ORIENTED_EDGE('',*,*,#2128,.T.);
#3129=ORIENTED_EDGE('',*,*,#2125,.T.);
#3130=ORIENTED_EDGE('',*,*,#2122,.T.);
#3131=ORIENTED_EDGE('',*,*,#2119,.T.);
#3132=PLANE('',#3408);
#3133=PLANE('',#3410);
#3134=PLANE('',#3412);
#3135=PLANE('',#3416);
#3136=PLANE('',#3420);
#3137=PLANE('',#3422);
#3138=PLANE('',#3427);
#3139=PLANE('',#3428);
#3140=PLANE('',#3432);
#3141=PLANE('',#3438);
#3142=PLANE('',#3440);
#3143=PLANE('',#3443);
#3144=PLANE('',#3444);
#3145=PLANE('',#3452);
#3146=PLANE('',#3453);
#3147=PLANE('',#3460);
#3148=PLANE('',#3463);
#3149=PLANE('',#3467);
#3150=PLANE('',#3471);
#3151=PLANE('',#3475);
#3152=PLANE('',#3477);
#3153=PLANE('',#3479);
#3154=PLANE('',#3481);
#3155=PLANE('',#3489);
#3156=PLANE('',#3503);
#3157=PLANE('',#3510);
#3158=PLANE('',#3512);
#3159=PLANE('',#3516);
#3160=PLANE('',#3521);
#3161=PLANE('',#3528);
#3162=PLANE('',#3531);
#3163=PLANE('',#3532);
#3164=PLANE('',#3535);
#3165=PLANE('',#3538);
#3166=PLANE('',#3539);
#3167=PLANE('',#3542);
#3168=PLANE('',#3543);
#3169=PLANE('',#3546);
#3170=PLANE('',#3547);
#3171=PLANE('',#3550);
#3172=PLANE('',#3552);
#3173=PLANE('',#3554);
#3174=PLANE('',#3566);
#3175=PLANE('',#3569);
#3176=PLANE('',#3570);
#3177=PLANE('',#3571);
#3178=PLANE('',#3572);
#3179=PLANE('',#3573);
#3180=PLANE('',#3574);
#3181=PLANE('',#3575);
#3182=PLANE('',#3577);
#3183=PLANE('',#3581);
#3184=PLANE('',#3583);
#3185=PLANE('',#3593);
#3186=PLANE('',#3599);
#3187=PLANE('',#3605);
#3188=PLANE('',#3607);
#3189=PLANE('',#3611);
#3190=PLANE('',#3612);
#3191=PLANE('',#3616);
#3192=PLANE('',#3618);
#3193=PLANE('',#3623);
#3194=PLANE('',#3626);
#3195=PLANE('',#3630);
#3196=PLANE('',#3631);
#3197=PLANE('',#3634);
#3198=PLANE('',#3638);
#3199=PLANE('',#3642);
#3200=PLANE('',#3651);
#3201=PLANE('',#3652);
#3202=PLANE('',#3656);
#3203=PLANE('',#3657);
#3204=PLANE('',#3661);
#3205=PLANE('',#3662);
#3206=PLANE('',#3665);
#3207=PLANE('',#3673);
#3208=ADVANCED_FACE('',(#407),#3132,.T.);
#3209=ADVANCED_FACE('',(#408),#3133,.T.);
#3210=ADVANCED_FACE('',(#409,#251),#3134,.F.);
#3211=ADVANCED_FACE('',(#410,#252),#3135,.F.);
#3212=ADVANCED_FACE('',(#411),#3136,.F.);
#3213=ADVANCED_FACE('',(#412),#3137,.F.);
#3214=ADVANCED_FACE('',(#413),#196,.F.);
#3215=ADVANCED_FACE('',(#414),#3138,.T.);
#3216=ADVANCED_FACE('',(#415),#3139,.T.);
#3217=ADVANCED_FACE('',(#416),#3140,.F.);
#3218=ADVANCED_FACE('',(#417),#197,.F.);
#3219=ADVANCED_FACE('',(#418),#198,.F.);
#3220=ADVANCED_FACE('',(#419),#3141,.T.);
#3221=ADVANCED_FACE('',(#420),#199,.F.);
#3222=ADVANCED_FACE('',(#421),#3142,.T.);
#3223=ADVANCED_FACE('',(#422),#3143,.T.);
#3224=ADVANCED_FACE('',(#423,#253,#254,#255,#256),#3144,.T.);
#3225=ADVANCED_FACE('',(#424),#3145,.T.);
#3226=ADVANCED_FACE('',(#425),#3146,.T.);
#3227=ADVANCED_FACE('',(#426),#200,.F.);
#3228=ADVANCED_FACE('',(#427),#201,.F.);
#3229=ADVANCED_FACE('',(#428,#257),#3147,.F.);
#3230=ADVANCED_FACE('',(#429),#202,.F.);
#3231=ADVANCED_FACE('',(#430,#258),#3148,.F.);
#3232=ADVANCED_FACE('',(#431),#203,.F.);
#3233=ADVANCED_FACE('',(#432,#259),#3149,.F.);
#3234=ADVANCED_FACE('',(#433),#204,.F.);
#3235=ADVANCED_FACE('',(#434,#260),#3150,.F.);
#3236=ADVANCED_FACE('',(#435),#205,.F.);
#3237=ADVANCED_FACE('',(#436),#3151,.T.);
#3238=ADVANCED_FACE('',(#437),#3152,.T.);
#3239=ADVANCED_FACE('',(#438),#3153,.T.);
#3240=ADVANCED_FACE('',(#439),#206,.F.);
#3241=ADVANCED_FACE('',(#440),#3154,.T.);
#3242=ADVANCED_FACE('',(#441),#64,.T.);
#3243=ADVANCED_FACE('',(#442),#207,.T.);
#3244=ADVANCED_FACE('',(#443,#261,#262,#263),#3155,.F.);
#3245=ADVANCED_FACE('',(#444),#65,.T.);
#3246=ADVANCED_FACE('',(#445,#264),#3156,.F.);
#3247=ADVANCED_FACE('',(#446),#208,.F.);
#3248=ADVANCED_FACE('',(#447,#265),#3157,.T.);
#3249=ADVANCED_FACE('',(#448,#266),#3158,.F.);
#3250=ADVANCED_FACE('',(#449),#66,.F.);
#3251=ADVANCED_FACE('',(#450,#267),#3159,.T.);
#3252=ADVANCED_FACE('',(#451),#209,.F.);
#3253=ADVANCED_FACE('',(#452),#67,.T.);
#3254=ADVANCED_FACE('',(#453,#268),#3160,.T.);
#3255=ADVANCED_FACE('',(#454),#3161,.T.);
#3256=ADVANCED_FACE('',(#455),#210,.F.);
#3257=ADVANCED_FACE('',(#456),#211,.F.);
#3258=ADVANCED_FACE('',(#457),#3162,.F.);
#3259=ADVANCED_FACE('',(#458),#3163,.F.);
#3260=ADVANCED_FACE('',(#459),#212,.F.);
#3261=ADVANCED_FACE('',(#460),#213,.F.);
#3262=ADVANCED_FACE('',(#461),#3164,.F.);
#3263=ADVANCED_FACE('',(#462),#214,.F.);
#3264=ADVANCED_FACE('',(#463),#3165,.T.);
#3265=ADVANCED_FACE('',(#464),#3166,.T.);
#3266=ADVANCED_FACE('',(#465),#215,.F.);
#3267=ADVANCED_FACE('',(#466),#3167,.T.);
#3268=ADVANCED_FACE('',(#467),#3168,.T.);
#3269=ADVANCED_FACE('',(#468),#216,.T.);
#3270=ADVANCED_FACE('',(#469),#3169,.T.);
#3271=ADVANCED_FACE('',(#470),#3170,.T.);
#3272=ADVANCED_FACE('',(#471),#217,.T.);
#3273=ADVANCED_FACE('',(#472),#3171,.F.);
#3274=ADVANCED_FACE('',(#473),#3172,.F.);
#3275=ADVANCED_FACE('',(#474),#3173,.F.);
#3276=ADVANCED_FACE('',(#475,#269),#218,.F.);
#3277=ADVANCED_FACE('',(#476),#219,.F.);
#3278=ADVANCED_FACE('',(#477),#220,.F.);
#3279=ADVANCED_FACE('',(#478),#221,.F.);
#3280=ADVANCED_FACE('',(#479),#222,.F.);
#3281=ADVANCED_FACE('',(#480),#3174,.T.);
#3282=ADVANCED_FACE('',(#481),#223,.T.);
#3283=ADVANCED_FACE('',(#482),#3175,.T.);
#3284=ADVANCED_FACE('',(#483),#3176,.T.);
#3285=ADVANCED_FACE('',(#484),#3177,.T.);
#3286=ADVANCED_FACE('',(#485),#3178,.T.);
#3287=ADVANCED_FACE('',(#486),#3179,.T.);
#3288=ADVANCED_FACE('',(#487),#3180,.T.);
#3289=ADVANCED_FACE('',(#488),#3181,.T.);
#3290=ADVANCED_FACE('',(#489),#3182,.T.);
#3291=ADVANCED_FACE('',(#490),#3183,.T.);
#3292=ADVANCED_FACE('',(#491),#3184,.T.);
#3293=ADVANCED_FACE('',(#492),#224,.F.);
#3294=ADVANCED_FACE('',(#493),#225,.F.);
#3295=ADVANCED_FACE('',(#494),#68,.F.);
#3296=ADVANCED_FACE('',(#495),#226,.F.);
#3297=ADVANCED_FACE('',(#496,#270),#3185,.T.);
#3298=ADVANCED_FACE('',(#497),#69,.T.);
#3299=ADVANCED_FACE('',(#498),#227,.T.);
#3300=ADVANCED_FACE('',(#499,#271),#3186,.F.);
#3301=ADVANCED_FACE('',(#500),#3187,.T.);
#3302=ADVANCED_FACE('',(#501),#228,.T.);
#3303=ADVANCED_FACE('',(#502),#3188,.T.);
#3304=ADVANCED_FACE('',(#503),#229,.T.);
#3305=ADVANCED_FACE('',(#504),#230,.T.);
#3306=ADVANCED_FACE('',(#505),#231,.T.);
#3307=ADVANCED_FACE('',(#506),#3189,.F.);
#3308=ADVANCED_FACE('',(#507),#15,.F.);
#3309=ADVANCED_FACE('',(#508),#16,.F.);
#3310=ADVANCED_FACE('',(#509),#17,.F.);
#3311=ADVANCED_FACE('',(#510),#18,.F.);
#3312=ADVANCED_FACE('',(#511),#19,.F.);
#3313=ADVANCED_FACE('',(#512),#20,.F.);
#3314=ADVANCED_FACE('',(#513),#21,.F.);
#3315=ADVANCED_FACE('',(#514),#22,.F.);
#3316=ADVANCED_FACE('',(#515),#23,.F.);
#3317=ADVANCED_FACE('',(#516),#3190,.F.);
#3318=ADVANCED_FACE('',(#517),#232,.F.);
#3319=ADVANCED_FACE('',(#518),#3191,.F.);
#3320=ADVANCED_FACE('',(#519),#233,.F.);
#3321=ADVANCED_FACE('',(#520),#3192,.F.);
#3322=ADVANCED_FACE('',(#521),#24,.F.);
#3323=ADVANCED_FACE('',(#522),#25,.F.);
#3324=ADVANCED_FACE('',(#523),#26,.F.);
#3325=ADVANCED_FACE('',(#524),#27,.F.);
#3326=ADVANCED_FACE('',(#525),#28,.F.);
#3327=ADVANCED_FACE('',(#526),#29,.F.);
#3328=ADVANCED_FACE('',(#527),#30,.F.);
#3329=ADVANCED_FACE('',(#528),#31,.F.);
#3330=ADVANCED_FACE('',(#529),#32,.F.);
#3331=ADVANCED_FACE('',(#530),#33,.F.);
#3332=ADVANCED_FACE('',(#531),#34,.F.);
#3333=ADVANCED_FACE('',(#532),#35,.F.);
#3334=ADVANCED_FACE('',(#533),#36,.F.);
#3335=ADVANCED_FACE('',(#534),#37,.F.);
#3336=ADVANCED_FACE('',(#535),#38,.F.);
#3337=ADVANCED_FACE('',(#536),#234,.F.);
#3338=ADVANCED_FACE('',(#537),#235,.F.);
#3339=ADVANCED_FACE('',(#538),#39,.F.);
#3340=ADVANCED_FACE('',(#539),#40,.F.);
#3341=ADVANCED_FACE('',(#540),#3193,.F.);
#3342=ADVANCED_FACE('',(#541),#41,.F.);
#3343=ADVANCED_FACE('',(#542),#42,.F.);
#3344=ADVANCED_FACE('',(#543),#43,.F.);
#3345=ADVANCED_FACE('',(#544),#44,.F.);
#3346=ADVANCED_FACE('',(#545),#45,.F.);
#3347=ADVANCED_FACE('',(#546),#46,.F.);
#3348=ADVANCED_FACE('',(#547),#47,.F.);
#3349=ADVANCED_FACE('',(#548),#48,.F.);
#3350=ADVANCED_FACE('',(#549),#49,.F.);
#3351=ADVANCED_FACE('',(#550),#50,.F.);
#3352=ADVANCED_FACE('',(#551),#3194,.F.);
#3353=ADVANCED_FACE('',(#552),#236,.F.);
#3354=ADVANCED_FACE('',(#553),#3195,.F.);
#3355=ADVANCED_FACE('',(#554),#3196,.F.);
#3356=ADVANCED_FACE('',(#555),#51,.F.);
#3357=ADVANCED_FACE('',(#556),#52,.F.);
#3358=ADVANCED_FACE('',(#557),#53,.F.);
#3359=ADVANCED_FACE('',(#558),#54,.F.);
#3360=ADVANCED_FACE('',(#559),#55,.F.);
#3361=ADVANCED_FACE('',(#560),#56,.F.);
#3362=ADVANCED_FACE('',(#561),#57,.F.);
#3363=ADVANCED_FACE('',(#562),#58,.F.);
#3364=ADVANCED_FACE('',(#563),#59,.F.);
#3365=ADVANCED_FACE('',(#564),#60,.F.);
#3366=ADVANCED_FACE('',(#565),#61,.F.);
#3367=ADVANCED_FACE('',(#566),#3197,.F.);
#3368=ADVANCED_FACE('',(#567),#237,.F.);
#3369=ADVANCED_FACE('',(#568),#3198,.F.);
#3370=ADVANCED_FACE('',(#569),#238,.F.);
#3371=ADVANCED_FACE('',(#570),#3199,.F.);
#3372=ADVANCED_FACE('',(#571),#62,.F.);
#3373=ADVANCED_FACE('',(#572),#63,.F.);
#3374=ADVANCED_FACE('',(#573,#272,#273,#274,#275,#276,#277,#278,#279,#280,
#281,#282,#283),#239,.F.);
#3375=ADVANCED_FACE('',(#574,#284,#285,#286,#287,#288,#289,#290,#291,#292,
#293,#294,#295),#240,.F.);
#3376=ADVANCED_FACE('',(#575),#241,.F.);
#3377=ADVANCED_FACE('',(#576),#242,.F.);
#3378=ADVANCED_FACE('',(#577),#243,.F.);
#3379=ADVANCED_FACE('',(#578),#3200,.F.);
#3380=ADVANCED_FACE('',(#579),#3201,.F.);
#3381=ADVANCED_FACE('',(#580),#244,.F.);
#3382=ADVANCED_FACE('',(#581),#3202,.F.);
#3383=ADVANCED_FACE('',(#582),#3203,.F.);
#3384=ADVANCED_FACE('',(#583),#245,.F.);
#3385=ADVANCED_FACE('',(#584,#296,#297),#3204,.T.);
#3386=ADVANCED_FACE('',(#585),#3205,.T.);
#3387=ADVANCED_FACE('',(#586),#246,.T.);
#3388=ADVANCED_FACE('',(#587),#3206,.T.);
#3389=ADVANCED_FACE('',(#588),#247,.T.);
#3390=ADVANCED_FACE('',(#589),#248,.T.);
#3391=ADVANCED_FACE('',(#590),#249,.F.);
#3392=ADVANCED_FACE('',(#591),#250,.T.);
#3393=ADVANCED_FACE('',(#592,#298),#3207,.T.);
#3394=CLOSED_SHELL('',(#3208,#3209,#3210,#3211,#3212,#3213,#3214,#3215,
#3216,#3217,#3218,#3219,#3220,#3221,#3222,#3223,#3224,#3225,#3226,#3227,
#3228,#3229,#3230,#3231,#3232,#3233,#3234,#3235,#3236,#3237,#3238,#3239,
#3240,#3241,#3242,#3243,#3244,#3245,#3246,#3247,#3248,#3249,#3250,#3251,
#3252,#3253,#3254,#3255,#3256,#3257,#3258,#3259,#3260,#3261,#3262,#3263,
#3264,#3265,#3266,#3267,#3268,#3269,#3270,#3271,#3272,#3273,#3274,#3275,
#3276,#3277,#3278,#3279,#3280,#3281,#3282,#3283,#3284,#3285,#3286,#3287,
#3288,#3289,#3290,#3291,#3292,#3293,#3294,#3295,#3296,#3297,#3298,#3299,
#3300,#3301,#3302,#3303,#3304,#3305,#3306,#3307,#3308,#3309,#3310,#3311,
#3312,#3313,#3314,#3315,#3316,#3317,#3318,#3319,#3320,#3321,#3322,#3323,
#3324,#3325,#3326,#3327,#3328,#3329,#3330,#3331,#3332,#3333,#3334,#3335,
#3336,#3337,#3338,#3339,#3340,#3341,#3342,#3343,#3344,#3345,#3346,#3347,
#3348,#3349,#3350,#3351,#3352,#3353,#3354,#3355,#3356,#3357,#3358,#3359,
#3360,#3361,#3362,#3363,#3364,#3365,#3366,#3367,#3368,#3369,#3370,#3371,
#3372,#3373,#3374,#3375,#3376,#3377,#3378,#3379,#3380,#3381,#3382,#3383,
#3384,#3385,#3386,#3387,#3388,#3389,#3390,#3391,#3392,#3393));
#3395=DERIVED_UNIT_ELEMENT(#3397,1.);
#3396=DERIVED_UNIT_ELEMENT(#7362,-3.);
#3397=(
MASS_UNIT()
NAMED_UNIT(*)
SI_UNIT(.KILO.,.GRAM.)
);
#3398=DERIVED_UNIT((#3395,#3396));
#3399=MEASURE_REPRESENTATION_ITEM('density measure',
POSITIVE_RATIO_MEASURE(7850.),#3398);
#3400=PROPERTY_DEFINITION_REPRESENTATION(#3405,#3402);
#3401=PROPERTY_DEFINITION_REPRESENTATION(#3406,#3403);
#3402=REPRESENTATION('material name',(#3404),#7359);
#3403=REPRESENTATION('density',(#3399),#7359);
#3404=DESCRIPTIVE_REPRESENTATION_ITEM('Steel','Steel');
#3405=PROPERTY_DEFINITION('material property','material name',#7369);
#3406=PROPERTY_DEFINITION('material property','density of part',#7369);
#3407=AXIS2_PLACEMENT_3D('',#4447,#3674,#3675);
#3408=AXIS2_PLACEMENT_3D('',#4448,#3676,#3677);
#3409=AXIS2_PLACEMENT_3D('',#4455,#3680,#3681);
#3410=AXIS2_PLACEMENT_3D('',#4459,#3684,#3685);
#3411=AXIS2_PLACEMENT_3D('',#4468,#3689,#3690);
#3412=AXIS2_PLACEMENT_3D('',#4470,#3692,#3693);
#3413=AXIS2_PLACEMENT_3D('',#4473,#3694,#3695);
#3414=AXIS2_PLACEMENT_3D('',#4476,#3697,#3698);
#3415=AXIS2_PLACEMENT_3D('',#4481,#3701,#3702);
#3416=AXIS2_PLACEMENT_3D('',#4482,#3703,#3704);
#3417=AXIS2_PLACEMENT_3D('',#4484,#3705,#3706);
#3418=AXIS2_PLACEMENT_3D('',#4488,#3708,#3709);
#3419=AXIS2_PLACEMENT_3D('',#4493,#3712,#3713);
#3420=AXIS2_PLACEMENT_3D('',#4494,#3714,#3715);
#3421=AXIS2_PLACEMENT_3D('',#4495,#3716,#3717);
#3422=AXIS2_PLACEMENT_3D('',#4496,#3718,#3719);
#3423=AXIS2_PLACEMENT_3D('',#4504,#3723,#3724);
#3424=AXIS2_PLACEMENT_3D('',#4507,#3726,#3727);
#3425=AXIS2_PLACEMENT_3D('',#4508,#3728,#3729);
#3426=AXIS2_PLACEMENT_3D('',#4509,#3730,#3731);
#3427=AXIS2_PLACEMENT_3D('',#4510,#3732,#3733);
#3428=AXIS2_PLACEMENT_3D('',#4516,#3737,#3738);
#3429=AXIS2_PLACEMENT_3D('',#4529,#3745,#3746);
#3430=AXIS2_PLACEMENT_3D('',#4533,#3748,#3749);
#3431=AXIS2_PLACEMENT_3D('',#4536,#3751,#3752);
#3432=AXIS2_PLACEMENT_3D('',#4537,#3753,#3754);
#3433=AXIS2_PLACEMENT_3D('',#4539,#3755,#3756);
#3434=AXIS2_PLACEMENT_3D('',#4543,#3758,#3759);
#3435=AXIS2_PLACEMENT_3D('',#4546,#3762,#3763);
#3436=AXIS2_PLACEMENT_3D('',#4548,#3764,#3765);
#3437=AXIS2_PLACEMENT_3D('',#4550,#3767,#3768);
#3438=AXIS2_PLACEMENT_3D('',#4577,#3771,#3772);
#3439=AXIS2_PLACEMENT_3D('',#4591,#3780,#3781);
#3440=AXIS2_PLACEMENT_3D('',#4615,#3783,#3784);
#3441=AXIS2_PLACEMENT_3D('',#4625,#3789,#3790);
#3442=AXIS2_PLACEMENT_3D('',#4628,#3792,#3793);
#3443=AXIS2_PLACEMENT_3D('',#4629,#3794,#3795);
#3444=AXIS2_PLACEMENT_3D('',#4635,#3799,#3800);
#3445=AXIS2_PLACEMENT_3D('',#4641,#3803,#3804);
#3446=AXIS2_PLACEMENT_3D('',#4655,#3811,#3812);
#3447=AXIS2_PLACEMENT_3D('',#4660,#3815,#3816);
#3448=AXIS2_PLACEMENT_3D('',#4662,#3817,#3818);
#3449=AXIS2_PLACEMENT_3D('',#4664,#3819,#3820);
#3450=AXIS2_PLACEMENT_3D('',#4666,#3821,#3822);
#3451=AXIS2_PLACEMENT_3D('',#4668,#3823,#3824);
#3452=AXIS2_PLACEMENT_3D('',#4669,#3825,#3826);
#3453=AXIS2_PLACEMENT_3D('',#4673,#3829,#3830);
#3454=AXIS2_PLACEMENT_3D('',#4677,#3833,#3834);
#3455=AXIS2_PLACEMENT_3D('',#4679,#3835,#3836);
#3456=AXIS2_PLACEMENT_3D('',#4682,#3838,#3839);
#3457=AXIS2_PLACEMENT_3D('',#4683,#3840,#3841);
#3458=AXIS2_PLACEMENT_3D('',#4685,#3842,#3843);
#3459=AXIS2_PLACEMENT_3D('',#4688,#3845,#3846);
#3460=AXIS2_PLACEMENT_3D('',#4689,#3847,#3848);
#3461=AXIS2_PLACEMENT_3D('',#4691,#3849,#3850);
#3462=AXIS2_PLACEMENT_3D('',#4692,#3851,#3852);
#3463=AXIS2_PLACEMENT_3D('',#4694,#3854,#3855);
#3464=AXIS2_PLACEMENT_3D('',#4696,#3856,#3857);
#3465=AXIS2_PLACEMENT_3D('',#4698,#3858,#3859);
#3466=AXIS2_PLACEMENT_3D('',#4699,#3860,#3861);
#3467=AXIS2_PLACEMENT_3D('',#4701,#3863,#3864);
#3468=AXIS2_PLACEMENT_3D('',#4703,#3865,#3866);
#3469=AXIS2_PLACEMENT_3D('',#4705,#3867,#3868);
#3470=AXIS2_PLACEMENT_3D('',#4706,#3869,#3870);
#3471=AXIS2_PLACEMENT_3D('',#4708,#3872,#3873);
#3472=AXIS2_PLACEMENT_3D('',#4710,#3874,#3875);
#3473=AXIS2_PLACEMENT_3D('',#4712,#3876,#3877);
#3474=AXIS2_PLACEMENT_3D('',#4713,#3878,#3879);
#3475=AXIS2_PLACEMENT_3D('',#4715,#3881,#3882);
#3476=AXIS2_PLACEMENT_3D('',#4719,#3884,#3885);
#3477=AXIS2_PLACEMENT_3D('',#4723,#3888,#3889);
#3478=AXIS2_PLACEMENT_3D('',#4730,#3893,#3894);
#3479=AXIS2_PLACEMENT_3D('',#4731,#3895,#3896);
#3480=AXIS2_PLACEMENT_3D('',#4741,#3902,#3903);
#3481=AXIS2_PLACEMENT_3D('',#4754,#3905,#3906);
#3482=AXIS2_PLACEMENT_3D('',#4758,#3908,#3909);
#3483=AXIS2_PLACEMENT_3D('',#4759,#3910,#3911);
#3484=AXIS2_PLACEMENT_3D('',#4760,#3912,#3913);
#3485=AXIS2_PLACEMENT_3D('',#4762,#3914,#3915);
#3486=AXIS2_PLACEMENT_3D('',#4765,#3917,#3918);
#3487=AXIS2_PLACEMENT_3D('',#4766,#3919,#3920);
#3488=AXIS2_PLACEMENT_3D('',#4768,#3921,#3922);
#3489=AXIS2_PLACEMENT_3D('',#4770,#3924,#3925);
#3490=AXIS2_PLACEMENT_3D('',#4772,#3926,#3927);
#3491=AXIS2_PLACEMENT_3D('',#4774,#3928,#3929);
#3492=AXIS2_PLACEMENT_3D('',#4778,#3931,#3932);
#3493=AXIS2_PLACEMENT_3D('',#4782,#3934,#3935);
#3494=AXIS2_PLACEMENT_3D('',#4783,#3936,#3937);
#3495=AXIS2_PLACEMENT_3D('',#4785,#3938,#3939);
#3496=AXIS2_PLACEMENT_3D('',#4787,#3940,#3941);
#3497=AXIS2_PLACEMENT_3D('',#4789,#3942,#3943);
#3498=AXIS2_PLACEMENT_3D('',#4791,#3944,#3945);
#3499=AXIS2_PLACEMENT_3D('',#4792,#3946,#3947);
#3500=AXIS2_PLACEMENT_3D('',#4793,#3948,#3949);
#3501=AXIS2_PLACEMENT_3D('',#4795,#3950,#3951);
#3502=AXIS2_PLACEMENT_3D('',#4798,#3953,#3954);
#3503=AXIS2_PLACEMENT_3D('',#4799,#3955,#3956);
#3504=AXIS2_PLACEMENT_3D('',#4804,#3958,#3959);
#3505=AXIS2_PLACEMENT_3D('',#4806,#3960,#3961);
#3506=AXIS2_PLACEMENT_3D('',#4807,#3962,#3963);
#3507=AXIS2_PLACEMENT_3D('',#4808,#3964,#3965);
#3508=AXIS2_PLACEMENT_3D('',#4810,#3966,#3967);
#3509=AXIS2_PLACEMENT_3D('',#4813,#3969,#3970);
#3510=AXIS2_PLACEMENT_3D('',#4814,#3971,#3972);
#3511=AXIS2_PLACEMENT_3D('',#4816,#3973,#3974);
#3512=AXIS2_PLACEMENT_3D('',#4817,#3975,#3976);
#3513=AXIS2_PLACEMENT_3D('',#4818,#3977,#3978);
#3514=AXIS2_PLACEMENT_3D('',#4820,#3979,#3980);
#3515=AXIS2_PLACEMENT_3D('',#4823,#3982,#3983);
#3516=AXIS2_PLACEMENT_3D('',#4824,#3984,#3985);
#3517=AXIS2_PLACEMENT_3D('',#4826,#3986,#3987);
#3518=AXIS2_PLACEMENT_3D('',#4827,#3988,#3989);
#3519=AXIS2_PLACEMENT_3D('',#4829,#3991,#3992);
#3520=AXIS2_PLACEMENT_3D('',#4831,#3993,#3994);
#3521=AXIS2_PLACEMENT_3D('',#4833,#3996,#3997);
#3522=AXIS2_PLACEMENT_3D('',#4836,#3998,#3999);
#3523=AXIS2_PLACEMENT_3D('',#4838,#4000,#4001);
#3524=AXIS2_PLACEMENT_3D('',#4840,#4002,#4003);
#3525=AXIS2_PLACEMENT_3D('',#4842,#4004,#4005);
#3526=AXIS2_PLACEMENT_3D('',#4844,#4006,#4007);
#3527=AXIS2_PLACEMENT_3D('',#4848,#4009,#4010);
#3528=AXIS2_PLACEMENT_3D('',#4850,#4012,#4013);
#3529=AXIS2_PLACEMENT_3D('',#4851,#4014,#4015);
#3530=AXIS2_PLACEMENT_3D('',#4868,#4017,#4018);
#3531=AXIS2_PLACEMENT_3D('',#4896,#4020,#4021);
#3532=AXIS2_PLACEMENT_3D('',#4900,#4024,#4025);
#3533=AXIS2_PLACEMENT_3D('',#4906,#4029,#4030);
#3534=AXIS2_PLACEMENT_3D('',#4921,#4031,#4032);
#3535=AXIS2_PLACEMENT_3D('',#4922,#4033,#4034);
#3536=AXIS2_PLACEMENT_3D('',#4923,#4035,#4036);
#3537=AXIS2_PLACEMENT_3D('',#4924,#4037,#4038);
#3538=AXIS2_PLACEMENT_3D('',#4949,#4039,#4040);
#3539=AXIS2_PLACEMENT_3D('',#4953,#4043,#4044);
#3540=AXIS2_PLACEMENT_3D('',#4957,#4047,#4048);
#3541=AXIS2_PLACEMENT_3D('',#4960,#4050,#4051);
#3542=AXIS2_PLACEMENT_3D('',#4961,#4052,#4053);
#3543=AXIS2_PLACEMENT_3D('',#4966,#4057,#4058);
#3544=AXIS2_PLACEMENT_3D('',#4972,#4062,#4063);
#3545=AXIS2_PLACEMENT_3D('',#4975,#4065,#4066);
#3546=AXIS2_PLACEMENT_3D('',#4976,#4067,#4068);
#3547=AXIS2_PLACEMENT_3D('',#4980,#4071,#4072);
#3548=AXIS2_PLACEMENT_3D('',#4984,#4075,#4076);
#3549=AXIS2_PLACEMENT_3D('',#4985,#4077,#4078);
#3550=AXIS2_PLACEMENT_3D('',#4986,#4079,#4080);
#3551=AXIS2_PLACEMENT_3D('',#4988,#4081,#4082);
#3552=AXIS2_PLACEMENT_3D('',#4990,#4084,#4085);
#3553=AXIS2_PLACEMENT_3D('',#4992,#4086,#4087);
#3554=AXIS2_PLACEMENT_3D('',#4994,#4089,#4090);
#3555=AXIS2_PLACEMENT_3D('',#4995,#4091,#4092);
#3556=AXIS2_PLACEMENT_3D('',#4996,#4093,#4094);
#3557=AXIS2_PLACEMENT_3D('',#4999,#4096,#4097);
#3558=AXIS2_PLACEMENT_3D('',#5000,#4098,#4099);
#3559=AXIS2_PLACEMENT_3D('',#5001,#4100,#4101);
#3560=AXIS2_PLACEMENT_3D('',#5002,#4102,#4103);
#3561=AXIS2_PLACEMENT_3D('',#5005,#4105,#4106);
#3562=AXIS2_PLACEMENT_3D('',#5006,#4107,#4108);
#3563=AXIS2_PLACEMENT_3D('',#5009,#4110,#4111);
#3564=AXIS2_PLACEMENT_3D('',#5010,#4112,#4113);
#3565=AXIS2_PLACEMENT_3D('',#5013,#4115,#4116);
#3566=AXIS2_PLACEMENT_3D('',#5014,#4117,#4118);
#3567=AXIS2_PLACEMENT_3D('',#5016,#4120,#4121);
#3568=AXIS2_PLACEMENT_3D('',#5019,#4123,#4124);
#3569=AXIS2_PLACEMENT_3D('',#5020,#4125,#4126);
#3570=AXIS2_PLACEMENT_3D('',#5022,#4128,#4129);
#3571=AXIS2_PLACEMENT_3D('',#5023,#4130,#4131);
#3572=AXIS2_PLACEMENT_3D('',#5024,#4132,#4133);
#3573=AXIS2_PLACEMENT_3D('',#5025,#4134,#4135);
#3574=AXIS2_PLACEMENT_3D('',#5026,#4136,#4137);
#3575=AXIS2_PLACEMENT_3D('',#5027,#4138,#4139);
#3576=AXIS2_PLACEMENT_3D('',#5028,#4140,#4141);
#3577=AXIS2_PLACEMENT_3D('',#5029,#4142,#4143);
#3578=AXIS2_PLACEMENT_3D('',#5031,#4144,#4145);
#3579=AXIS2_PLACEMENT_3D('',#5033,#4146,#4147);
#3580=AXIS2_PLACEMENT_3D('',#5034,#4148,#4149);
#3581=AXIS2_PLACEMENT_3D('',#5035,#4150,#4151);
#3582=AXIS2_PLACEMENT_3D('',#5036,#4152,#4153);
#3583=AXIS2_PLACEMENT_3D('',#5037,#4154,#4155);
#3584=AXIS2_PLACEMENT_3D('',#5041,#4157,#4158);
#3585=AXIS2_PLACEMENT_3D('',#5042,#4159,#4160);
#3586=AXIS2_PLACEMENT_3D('',#5043,#4161,#4162);
#3587=AXIS2_PLACEMENT_3D('',#5054,#4163,#4164);
#3588=AXIS2_PLACEMENT_3D('',#5075,#4165,#4166);
#3589=AXIS2_PLACEMENT_3D('',#5077,#4167,#4168);
#3590=AXIS2_PLACEMENT_3D('',#5080,#4170,#4171);
#3591=AXIS2_PLACEMENT_3D('',#5081,#4172,#4173);
#3592=AXIS2_PLACEMENT_3D('',#5084,#4175,#4176);
#3593=AXIS2_PLACEMENT_3D('',#5085,#4177,#4178);
#3594=AXIS2_PLACEMENT_3D('',#5087,#4179,#4180);
#3595=AXIS2_PLACEMENT_3D('',#5088,#4181,#4182);
#3596=AXIS2_PLACEMENT_3D('',#5090,#4183,#4184);
#3597=AXIS2_PLACEMENT_3D('',#5093,#4186,#4187);
#3598=AXIS2_PLACEMENT_3D('',#5094,#4188,#4189);
#3599=AXIS2_PLACEMENT_3D('',#5096,#4191,#4192);
#3600=AXIS2_PLACEMENT_3D('',#5098,#4193,#4194);
#3601=AXIS2_PLACEMENT_3D('',#5100,#4195,#4196);
#3602=AXIS2_PLACEMENT_3D('',#5104,#4198,#4199);
#3603=AXIS2_PLACEMENT_3D('',#5108,#4201,#4202);
#3604=AXIS2_PLACEMENT_3D('',#5109,#4203,#4204);
#3605=AXIS2_PLACEMENT_3D('',#5110,#4205,#4206);
#3606=AXIS2_PLACEMENT_3D('',#5113,#4209,#4210);
#3607=AXIS2_PLACEMENT_3D('',#5115,#4212,#4213);
#3608=AXIS2_PLACEMENT_3D('',#5117,#4215,#4216);
#3609=AXIS2_PLACEMENT_3D('',#5119,#4218,#4219);
#3610=AXIS2_PLACEMENT_3D('',#5122,#4222,#4223);
#3611=AXIS2_PLACEMENT_3D('',#5124,#4225,#4226);
#3612=AXIS2_PLACEMENT_3D('',#5602,#4236,#4237);
#3613=AXIS2_PLACEMENT_3D('',#5605,#4238,#4239);
#3614=AXIS2_PLACEMENT_3D('',#5609,#4241,#4242);
#3615=AXIS2_PLACEMENT_3D('',#5611,#4244,#4245);
#3616=AXIS2_PLACEMENT_3D('',#5635,#4247,#4248);
#3617=AXIS2_PLACEMENT_3D('',#5641,#4252,#4253);
#3618=AXIS2_PLACEMENT_3D('',#5673,#4255,#4256);
#3619=AXIS2_PLACEMENT_3D('',#5675,#4257,#4258);
#3620=AXIS2_PLACEMENT_3D('',#5677,#4259,#4260);
#3621=AXIS2_PLACEMENT_3D('',#6155,#4276,#4277);
#3622=AXIS2_PLACEMENT_3D('',#6186,#4280,#4281);
#3623=AXIS2_PLACEMENT_3D('',#6280,#4285,#4286);
#3624=AXIS2_PLACEMENT_3D('',#6281,#4287,#4288);
#3625=AXIS2_PLACEMENT_3D('',#6282,#4289,#4290);
#3626=AXIS2_PLACEMENT_3D('',#6708,#4302,#4303);
#3627=AXIS2_PLACEMENT_3D('',#6710,#4304,#4305);
#3628=AXIS2_PLACEMENT_3D('',#6712,#4306,#4307);
#3629=AXIS2_PLACEMENT_3D('',#6714,#4309,#4310);
#3630=AXIS2_PLACEMENT_3D('',#6734,#4312,#4313);
#3631=AXIS2_PLACEMENT_3D('',#6740,#4317,#4318);
#3632=AXIS2_PLACEMENT_3D('',#6742,#4319,#4320);
#3633=AXIS2_PLACEMENT_3D('',#6744,#4321,#4322);
#3634=AXIS2_PLACEMENT_3D('',#7136,#4334,#4335);
#3635=AXIS2_PLACEMENT_3D('',#7139,#4336,#4337);
#3636=AXIS2_PLACEMENT_3D('',#7143,#4339,#4340);
#3637=AXIS2_PLACEMENT_3D('',#7145,#4342,#4343);
#3638=AXIS2_PLACEMENT_3D('',#7173,#4345,#4346);
#3639=AXIS2_PLACEMENT_3D('',#7175,#4347,#4348);
#3640=AXIS2_PLACEMENT_3D('',#7177,#4349,#4350);
#3641=AXIS2_PLACEMENT_3D('',#7179,#4352,#4353);
#3642=AXIS2_PLACEMENT_3D('',#7215,#4355,#4356);
#3643=AXIS2_PLACEMENT_3D('',#7217,#4357,#4358);
#3644=AXIS2_PLACEMENT_3D('',#7219,#4359,#4360);
#3645=AXIS2_PLACEMENT_3D('',#7284,#4363,#4364);
#3646=AXIS2_PLACEMENT_3D('',#7286,#4366,#4367);
#3647=AXIS2_PLACEMENT_3D('',#7288,#4369,#4370);
#3648=AXIS2_PLACEMENT_3D('',#7291,#4372,#4373);
#3649=AXIS2_PLACEMENT_3D('',#7292,#4374,#4375);
#3650=AXIS2_PLACEMENT_3D('',#7294,#4377,#4378);
#3651=AXIS2_PLACEMENT_3D('',#7296,#4380,#4381);
#3652=AXIS2_PLACEMENT_3D('',#7305,#4386,#4387);
#3653=AXIS2_PLACEMENT_3D('',#7311,#4391,#4392);
#3654=AXIS2_PLACEMENT_3D('',#7313,#4393,#4394);
#3655=AXIS2_PLACEMENT_3D('',#7316,#4396,#4397);
#3656=AXIS2_PLACEMENT_3D('',#7317,#4398,#4399);
#3657=AXIS2_PLACEMENT_3D('',#7323,#4403,#4404);
#3658=AXIS2_PLACEMENT_3D('',#7329,#4408,#4409);
#3659=AXIS2_PLACEMENT_3D('',#7330,#4410,#4411);
#3660=AXIS2_PLACEMENT_3D('',#7331,#4412,#4413);
#3661=AXIS2_PLACEMENT_3D('',#7332,#4414,#4415);
#3662=AXIS2_PLACEMENT_3D('',#7333,#4416,#4417);
#3663=AXIS2_PLACEMENT_3D('',#7339,#4421,#4422);
#3664=AXIS2_PLACEMENT_3D('',#7341,#4423,#4424);
#3665=AXIS2_PLACEMENT_3D('',#7343,#4426,#4427);
#3666=AXIS2_PLACEMENT_3D('',#7347,#4430,#4431);
#3667=AXIS2_PLACEMENT_3D('',#7348,#4432,#4433);
#3668=AXIS2_PLACEMENT_3D('',#7349,#4434,#4435);
#3669=AXIS2_PLACEMENT_3D('',#7350,#4436,#4437);
#3670=AXIS2_PLACEMENT_3D('',#7352,#4438,#4439);
#3671=AXIS2_PLACEMENT_3D('',#7354,#4441,#4442);
#3672=AXIS2_PLACEMENT_3D('',#7355,#4443,#4444);
#3673=AXIS2_PLACEMENT_3D('',#7356,#4445,#4446);
#3674=DIRECTION('axis',(0.,0.,1.));
#3675=DIRECTION('refdir',(1.,0.,0.));
#3676=DIRECTION('center_axis',(0.,0.460324892415347,0.8877505243157));
#3677=DIRECTION('ref_axis',(1.,0.,0.));
#3678=DIRECTION('',(1.,0.,0.));
#3679=DIRECTION('',(7.41969905478918E-17,0.8877505243157,-0.460324892415347));
#3680=DIRECTION('center_axis',(0.,0.460324892415347,0.8877505243157));
#3681=DIRECTION('ref_axis',(0.,0.8877505243157,-0.460324892415347));
#3682=DIRECTION('',(-1.,0.,0.));
#3683=DIRECTION('',(0.,-0.8877505243157,0.460324892415347));
#3684=DIRECTION('center_axis',(0.,0.460324892415347,0.8877505243157));
#3685=DIRECTION('ref_axis',(1.,0.,0.));
#3686=DIRECTION('',(1.,0.,0.));
#3687=DIRECTION('',(0.281837206183636,0.851763106262479,-0.441664352218624));
#3688=DIRECTION('',(-1.,0.,0.));
#3689=DIRECTION('center_axis',(0.,0.460324892415347,0.8877505243157));
#3690=DIRECTION('ref_axis',(-5.11063294367615E-16,-0.8877505243157,0.460324892415347));
#3691=DIRECTION('',(0.,-0.8877505243157,0.460324892415347));
#3692=DIRECTION('center_axis',(1.,0.,0.));
#3693=DIRECTION('ref_axis',(0.,-0.8877505243157,0.460324892415347));
#3694=DIRECTION('center_axis',(1.,0.,0.));
#3695=DIRECTION('ref_axis',(0.,0.477407774188892,-0.878681863443196));
#3696=DIRECTION('',(0.,0.,-1.));
#3697=DIRECTION('center_axis',(1.,0.,0.));
#3698=DIRECTION('ref_axis',(0.,0.477407774188892,-0.878681863443196));
#3699=DIRECTION('',(0.,0.,-1.));
#3700=DIRECTION('',(0.,-0.8877505243157,0.460324892415347));
#3701=DIRECTION('center_axis',(-1.,0.,0.));
#3702=DIRECTION('ref_axis',(0.,1.,0.));
#3703=DIRECTION('center_axis',(-0.949377787773764,0.314136620090357,0.));
#3704=DIRECTION('ref_axis',(0.281837206183636,0.851763106262479,-0.441664352218624));
#3705=DIRECTION('center_axis',(-0.949377787773764,0.314136620090357,0.));
#3706=DIRECTION('ref_axis',(0.314136620090357,0.949377787773764,3.24152222048092E-16));
#3707=DIRECTION('',(0.,0.,-1.));
#3708=DIRECTION('center_axis',(-0.949377787773764,0.314136620090357,0.));
#3709=DIRECTION('ref_axis',(0.314136620090357,0.949377787773764,3.24152222048092E-16));
#3710=DIRECTION('',(0.281837206183636,0.851763106262479,-0.441664352218624));
#3711=DIRECTION('',(0.,0.,1.));
#3712=DIRECTION('center_axis',(0.949377787773764,-0.314136620090357,0.));
#3713=DIRECTION('ref_axis',(0.314136620090357,0.949377787773764,0.));
#3714=DIRECTION('center_axis',(-1.,0.,0.));
#3715=DIRECTION('ref_axis',(0.,0.,1.));
#3716=DIRECTION('center_axis',(-1.,0.,0.));
#3717=DIRECTION('ref_axis',(0.,0.477407774188892,-0.878681863443196));
#3718=DIRECTION('center_axis',(-1.,0.,0.));
#3719=DIRECTION('ref_axis',(0.,0.,1.));
#3720=DIRECTION('',(0.,1.,0.));
#3721=DIRECTION('',(0.,0.,1.));
#3722=DIRECTION('',(0.,1.,0.));
#3723=DIRECTION('center_axis',(1.,0.,0.));
#3724=DIRECTION('ref_axis',(0.,1.,0.));
#3725=DIRECTION('',(0.,1.,0.));
#3726=DIRECTION('center_axis',(-1.,0.,0.));
#3727=DIRECTION('ref_axis',(0.,0.477407774188892,-0.878681863443196));
#3728=DIRECTION('center_axis',(0.,1.,0.));
#3729=DIRECTION('ref_axis',(-1.11022302462516E-15,0.,1.));
#3730=DIRECTION('center_axis',(0.,1.,0.));
#3731=DIRECTION('ref_axis',(-1.11022302462516E-15,0.,1.));
#3732=DIRECTION('center_axis',(0.,0.460324892415347,0.8877505243157));
#3733=DIRECTION('ref_axis',(3.8991035031709E-22,-0.8877505243157,0.460324892415347));
#3734=DIRECTION('',(1.,0.,0.));
#3735=DIRECTION('',(3.8991035031709E-22,-0.8877505243157,0.460324892415347));
#3736=DIRECTION('',(1.,0.,0.));
#3737=DIRECTION('center_axis',(0.,-1.,0.));
#3738=DIRECTION('ref_axis',(-8.47032947254301E-22,0.,-1.));
#3739=DIRECTION('',(1.,0.,0.));
#3740=DIRECTION('',(0.,0.,-1.));
#3741=DIRECTION('',(1.,0.,0.));
#3742=DIRECTION('',(8.47032947254301E-22,0.,1.));
#3743=DIRECTION('',(1.,0.,0.));
#3744=DIRECTION('',(-8.47032947254301E-22,0.,-1.));
#3745=DIRECTION('center_axis',(0.,1.,0.));
#3746=DIRECTION('ref_axis',(1.,0.,0.));
#3747=DIRECTION('',(1.61183963262505E-16,0.,-1.));
#3748=DIRECTION('center_axis',(0.,1.,0.));
#3749=DIRECTION('ref_axis',(-5.55111512312578E-16,0.,-1.));
#3750=DIRECTION('',(-1.,0.,1.09144568788587E-16));
#3751=DIRECTION('center_axis',(0.,1.,0.));
#3752=DIRECTION('ref_axis',(-1.,0.,0.));
#3753=DIRECTION('center_axis',(1.,0.,1.61183963262505E-16));
#3754=DIRECTION('ref_axis',(1.61183963262505E-16,0.,-1.));
#3755=DIRECTION('center_axis',(1.,0.,1.61183963262505E-16));
#3756=DIRECTION('ref_axis',(0.,0.477407774188892,-0.878681863443196));
#3757=DIRECTION('',(0.,1.,0.));
#3758=DIRECTION('center_axis',(-1.,0.,-1.61183963262505E-16));
#3759=DIRECTION('ref_axis',(0.,1.,0.));
#3760=DIRECTION('',(0.,1.,0.));
#3761=DIRECTION('',(0.,1.,0.));
#3762=DIRECTION('center_axis',(1.,0.,0.));
#3763=DIRECTION('ref_axis',(0.,1.,0.));
#3764=DIRECTION('center_axis',(1.,0.,-8.47032947254301E-22));
#3765=DIRECTION('ref_axis',(0.,1.,0.));
#3766=DIRECTION('',(-1.,0.,0.));
#3767=DIRECTION('center_axis',(0.,0.000426164654910712,-0.999999909191839));
#3768=DIRECTION('ref_axis',(0.707106781186546,0.707106716975482,0.000301343917389372));
#3769=DIRECTION('',(0.,0.000426164654910712,-0.999999909191839));
#3770=DIRECTION('',(0.,-0.000426164654910712,0.999999909191839));
#3771=DIRECTION('center_axis',(-3.60975503664632E-25,-0.999999909191839,
-0.000426164654910712));
#3772=DIRECTION('ref_axis',(1.88079096131566E-37,-0.000426164654910712,
0.999999909191839));
#3773=DIRECTION('',(-1.,0.,8.47032947254301E-22));
#3774=DIRECTION('',(1.88079096131566E-37,-0.000426164654910712,0.999999909191839));
#3775=DIRECTION('',(-1.,0.,8.47032947254301E-22));
#3776=DIRECTION('',(8.47032870336797E-22,-0.000426164654910712,0.999999909191839));
#3777=DIRECTION('',(1.,0.,-8.47032947254301E-22));
#3778=DIRECTION('',(1.88079096131566E-37,-0.000426164654910712,0.999999909191839));
#3779=DIRECTION('',(-1.,0.,8.47032947254301E-22));
#3780=DIRECTION('center_axis',(8.47032870336797E-22,-0.000426164654910712,
0.999999909191839));
#3781=DIRECTION('ref_axis',(-0.707106781186546,0.707106716975482,0.000301343917389372));
#3782=DIRECTION('',(-8.47032870336797E-22,0.000426164654910712,-0.999999909191839));
#3783=DIRECTION('center_axis',(1.,0.,0.));
#3784=DIRECTION('ref_axis',(0.,1.,0.));
#3785=DIRECTION('',(0.,-1.,-5.32579801065457E-15));
#3786=DIRECTION('',(0.,-0.707106781186551,0.707106781186544));
#3787=DIRECTION('',(0.,0.8877505243157,-0.460324892415347));
#3788=DIRECTION('',(0.,0.962398370364126,0.271642001024279));
#3789=DIRECTION('center_axis',(-1.,0.,0.));
#3790=DIRECTION('ref_axis',(0.,0.460324892415347,0.8877505243157));
#3791=DIRECTION('',(0.,0.,1.));
#3792=DIRECTION('center_axis',(1.,0.,0.));
#3793=DIRECTION('ref_axis',(0.,-2.08983157576494E-14,1.));
#3794=DIRECTION('center_axis',(0.,0.460324892415347,0.8877505243157));
#3795=DIRECTION('ref_axis',(3.8991035031709E-22,-0.8877505243157,0.460324892415347));
#3796=DIRECTION('',(1.,0.,0.));
#3797=DIRECTION('',(-3.8991035031709E-22,0.8877505243157,-0.460324892415347));
#3798=DIRECTION('',(1.,0.,0.));
#3799=DIRECTION('center_axis',(1.,0.,-8.47032947254301E-22));
#3800=DIRECTION('ref_axis',(0.,1.,0.));
#3801=DIRECTION('',(-5.98942740891945E-22,-0.707106781186545,-0.70710678118655));
#3802=DIRECTION('',(-4.33069461842839E-36,-1.,-5.11278177840255E-15));
#3803=DIRECTION('center_axis',(-1.,0.,8.47032947254301E-22));
#3804=DIRECTION('ref_axis',(-2.02446249308279E-35,-1.,-2.39006345579022E-14));
#3805=DIRECTION('',(8.47032947254301E-22,1.7971272342598E-15,1.));
#3806=DIRECTION('',(-1.5825903114245E-22,-0.982390493226085,-0.186839286069632));
#3807=DIRECTION('',(6.58010531789362E-22,0.629695912164428,0.776841720174328));
#3808=DIRECTION('',(8.47032947254301E-22,0.,1.));
#3809=DIRECTION('',(6.58010531789359E-22,-0.629695912164432,0.776841720174324));
#3810=DIRECTION('',(-1.55137088532862E-22,0.983084319018617,-0.183153546784392));
#3811=DIRECTION('center_axis',(1.,0.,-8.47032947254301E-22));
#3812=DIRECTION('ref_axis',(-8.30511651859937E-22,-0.196543543711295,-0.980495097094017));
#3813=DIRECTION('',(-2.52651508414294E-22,0.954478959072797,-0.29827825379553));
#3814=DIRECTION('',(3.91965762104526E-22,0.886488045310273,0.462751494348718));
#3815=DIRECTION('center_axis',(1.,0.,-8.47032947254301E-22));
#3816=DIRECTION('ref_axis',(-7.44272488491191E-22,0.477407774188892,-0.878681863443196));
#3817=DIRECTION('center_axis',(-1.,0.,8.47032947254301E-22));
#3818=DIRECTION('ref_axis',(0.,1.,0.));
#3819=DIRECTION('center_axis',(-1.,0.,8.47032947254301E-22));
#3820=DIRECTION('ref_axis',(0.,1.,0.));
#3821=DIRECTION('center_axis',(-1.,0.,8.47032947254301E-22));
#3822=DIRECTION('ref_axis',(0.,1.,0.));
#3823=DIRECTION('center_axis',(-1.,0.,8.47032947254301E-22));
#3824=DIRECTION('ref_axis',(0.,1.,0.));
#3825=DIRECTION('center_axis',(0.,-0.707106781186544,-0.707106781186551));
#3826=DIRECTION('ref_axis',(-5.9894274089194E-22,0.707106781186551,-0.707106781186544));
#3827=DIRECTION('',(1.,0.,0.));
#3828=DIRECTION('',(5.9894274089194E-22,-0.707106781186551,0.707106781186544));
#3829=DIRECTION('center_axis',(0.,5.32579801065457E-15,-1.));
#3830=DIRECTION('ref_axis',(4.51112638544583E-36,1.,5.32579801065457E-15));
#3831=DIRECTION('',(1.,0.,0.));
#3832=DIRECTION('',(-4.51112638544583E-36,-1.,-5.32579801065457E-15));
#3833=DIRECTION('center_axis',(1.,0.,0.));
#3834=DIRECTION('ref_axis',(0.,-1.,0.));
#3835=DIRECTION('center_axis',(1.,0.,-8.47032947254301E-22));
#3836=DIRECTION('ref_axis',(0.,-1.,0.));
#3837=DIRECTION('',(1.,0.,0.));
#3838=DIRECTION('center_axis',(-1.,0.,8.47032947254301E-22));
#3839=DIRECTION('ref_axis',(0.,-1.,0.));
#3840=DIRECTION('center_axis',(1.,0.,0.));
#3841=DIRECTION('ref_axis',(0.,-1.,0.));
#3842=DIRECTION('center_axis',(1.,0.,-8.47032947254301E-22));
#3843=DIRECTION('ref_axis',(0.,-1.,0.));
#3844=DIRECTION('',(1.,0.,0.));
#3845=DIRECTION('center_axis',(-1.,0.,8.47032947254301E-22));
#3846=DIRECTION('ref_axis',(0.,-1.,0.));
#3847=DIRECTION('center_axis',(-1.,0.,8.47032947254301E-22));
#3848=DIRECTION('ref_axis',(0.,1.,0.));
#3849=DIRECTION('center_axis',(-1.,0.,8.47032947254301E-22));
#3850=DIRECTION('ref_axis',(0.,1.,0.));
#3851=DIRECTION('center_axis',(-1.,0.,8.47032947254301E-22));
#3852=DIRECTION('ref_axis',(0.,1.,0.));
#3853=DIRECTION('',(-1.,0.,8.47032947254301E-22));
#3854=DIRECTION('center_axis',(-1.,0.,8.47032947254301E-22));
#3855=DIRECTION('ref_axis',(0.,1.,0.));
#3856=DIRECTION('center_axis',(-1.,0.,8.47032947254301E-22));
#3857=DIRECTION('ref_axis',(0.,1.,0.));
#3858=DIRECTION('center_axis',(1.,0.,-8.47032947254301E-22));
#3859=DIRECTION('ref_axis',(0.,1.,0.));
#3860=DIRECTION('center_axis',(-1.,0.,8.47032947254301E-22));
#3861=DIRECTION('ref_axis',(0.,1.,0.));
#3862=DIRECTION('',(-1.,0.,8.47032947254301E-22));
#3863=DIRECTION('center_axis',(-1.,0.,8.47032947254301E-22));
#3864=DIRECTION('ref_axis',(0.,1.,0.));
#3865=DIRECTION('center_axis',(-1.,0.,8.47032947254301E-22));
#3866=DIRECTION('ref_axis',(0.,1.,0.));
#3867=DIRECTION('center_axis',(1.,0.,-8.47032947254301E-22));
#3868=DIRECTION('ref_axis',(0.,1.,0.));
#3869=DIRECTION('center_axis',(-1.,0.,8.47032947254301E-22));
#3870=DIRECTION('ref_axis',(0.,1.,0.));
#3871=DIRECTION('',(-1.,0.,8.47032947254301E-22));
#3872=DIRECTION('center_axis',(-1.,0.,8.47032947254301E-22));
#3873=DIRECTION('ref_axis',(0.,1.,0.));
#3874=DIRECTION('center_axis',(-1.,0.,8.47032947254301E-22));
#3875=DIRECTION('ref_axis',(0.,1.,0.));
#3876=DIRECTION('center_axis',(1.,0.,-8.47032947254301E-22));
#3877=DIRECTION('ref_axis',(0.,1.,0.));
#3878=DIRECTION('center_axis',(-1.,0.,8.47032947254301E-22));
#3879=DIRECTION('ref_axis',(0.,1.,0.));
#3880=DIRECTION('',(-1.,0.,8.47032947254301E-22));
#3881=DIRECTION('center_axis',(0.,-0.776841720174324,-0.629695912164432));
#3882=DIRECTION('ref_axis',(6.58010531789359E-22,-0.629695912164432,0.776841720174324));
#3883=DIRECTION('',(1.,0.,0.));
#3884=DIRECTION('center_axis',(0.,0.776841720174324,0.629695912164432));
#3885=DIRECTION('ref_axis',(0.,-0.629695912164432,0.776841720174324));
#3886=DIRECTION('',(6.58010531789359E-22,-0.629695912164432,0.776841720174324));
#3887=DIRECTION('',(1.,0.,0.));
#3888=DIRECTION('center_axis',(0.,-0.776841720174328,0.629695912164428));
#3889=DIRECTION('ref_axis',(6.58010531789362E-22,0.629695912164428,0.776841720174328));
#3890=DIRECTION('',(-1.,0.,0.));
#3891=DIRECTION('',(1.,0.,0.));
#3892=DIRECTION('',(6.58010531789362E-22,0.629695912164428,0.776841720174328));
#3893=DIRECTION('center_axis',(0.,0.776841720174328,-0.629695912164428));
#3894=DIRECTION('ref_axis',(0.,-0.629695912164428,-0.776841720174328));
#3895=DIRECTION('center_axis',(0.,1.,0.));
#3896=DIRECTION('ref_axis',(-1.88079096131566E-37,0.,-1.));
#3897=DIRECTION('',(-8.47032947254301E-22,0.,-1.));
#3898=DIRECTION('',(-1.,0.,8.47032947254301E-22));
#3899=DIRECTION('',(0.,0.,1.));
#3900=DIRECTION('',(-1.,0.,8.47032947254301E-22));
#3901=DIRECTION('',(-8.47032947254301E-22,0.,-1.));
#3902=DIRECTION('center_axis',(-8.47032947254301E-22,0.,-1.));
#3903=DIRECTION('ref_axis',(-0.707106781186547,-0.707106781186547,0.));
#3904=DIRECTION('',(8.47032947254301E-22,0.,1.));
#3905=DIRECTION('center_axis',(1.,0.,-8.47032947254301E-22));
#3906=DIRECTION('ref_axis',(5.25445060330185E-40,1.,6.20336035373171E-19));
#3907=DIRECTION('',(1.5825903114245E-22,0.982390493226085,0.186839286069632));
#3908=DIRECTION('center_axis',(-1.,0.,8.47032947254301E-22));
#3909=DIRECTION('ref_axis',(-8.0370556224621E-22,-0.315733073376872,-0.948848052311852));
#3910=DIRECTION('center_axis',(1.,0.,-8.47032947254301E-22));
#3911=DIRECTION('ref_axis',(-8.40097518895878E-22,0.127705815704447,-0.991812091393961));
#3912=DIRECTION('center_axis',(1.,0.,0.));
#3913=DIRECTION('ref_axis',(0.,-1.,0.));
#3914=DIRECTION('center_axis',(-1.,0.,8.47032947254301E-22));
#3915=DIRECTION('ref_axis',(0.,-1.,0.));
#3916=DIRECTION('',(-0.287347885566345,-0.957826285221151,-1.17299889433528E-16));
#3917=DIRECTION('center_axis',(1.,0.,-8.47032947254301E-22));
#3918=DIRECTION('ref_axis',(0.,-1.,0.));
#3919=DIRECTION('center_axis',(-1.,0.,0.));
#3920=DIRECTION('ref_axis',(0.,-1.,0.));
#3921=DIRECTION('center_axis',(-1.,0.,8.47032947254301E-22));
#3922=DIRECTION('ref_axis',(0.,-1.,0.));
#3923=DIRECTION('',(1.,0.,0.));
#3924=DIRECTION('center_axis',(1.,0.,-8.47032947254301E-22));
#3925=DIRECTION('ref_axis',(5.25445060330185E-40,1.,6.20336035373171E-19));
#3926=DIRECTION('center_axis',(1.,0.,-8.47032947254301E-22));
#3927=DIRECTION('ref_axis',(8.00119518049051E-22,0.328182324315536,0.944614398581163));
#3928=DIRECTION('center_axis',(1.,0.,-8.47032947254301E-22));
#3929=DIRECTION('ref_axis',(-7.34965018264006E-22,-0.497099504151455,-0.867693542082905));
#3930=DIRECTION('',(4.21059658080067E-22,-0.867693542082899,0.497099504151466));
#3931=DIRECTION('center_axis',(1.,0.,-8.47032947254301E-22));
#3932=DIRECTION('ref_axis',(7.3505454090106E-22,-0.496914975986934,0.867799231758075));
#3933=DIRECTION('',(-4.20903356645013E-22,-0.867799231758074,-0.496914975986934));
#3934=DIRECTION('center_axis',(1.,0.,-8.47032947254301E-22));
#3935=DIRECTION('ref_axis',(8.03705562246212E-22,0.315733073376868,0.948848052311853));
#3936=DIRECTION('center_axis',(1.,0.,-8.47032947254301E-22));
#3937=DIRECTION('ref_axis',(-8.0370556224621E-22,-0.315733073376872,-0.948848052311852));
#3938=DIRECTION('center_axis',(1.,-6.92836187477181E-39,-1.88079096131566E-37));
#3939=DIRECTION('ref_axis',(-1.34186052163341E-37,0.127705815704447,-0.991812091393961));
#3940=DIRECTION('center_axis',(1.,0.,-8.47032947254301E-22));
#3941=DIRECTION('ref_axis',(-8.0370556224621E-22,-0.315733073376872,-0.948848052311852));
#3942=DIRECTION('center_axis',(1.,0.,-8.47032947254301E-22));
#3943=DIRECTION('ref_axis',(-8.00119518049051E-22,-0.328182324315536,-0.944614398581163));
#3944=DIRECTION('center_axis',(1.,0.,-8.47032947254301E-22));
#3945=DIRECTION('ref_axis',(8.00119518049051E-22,0.328182324315536,0.944614398581163));
#3946=DIRECTION('center_axis',(1.,-6.92836187477181E-39,-1.88079096131566E-37));
#3947=DIRECTION('ref_axis',(1.31678367837062E-37,-0.103415317743695,0.994638261910314));
#3948=DIRECTION('center_axis',(1.,0.,0.));
#3949=DIRECTION('ref_axis',(0.,1.,0.));
#3950=DIRECTION('center_axis',(-1.,0.,0.));
#3951=DIRECTION('ref_axis',(0.,1.,0.));
#3952=DIRECTION('',(-0.707106781186541,0.707106781186554,8.65956056235501E-17));
#3953=DIRECTION('center_axis',(-1.,0.,0.));
#3954=DIRECTION('ref_axis',(0.,1.,0.));
#3955=DIRECTION('center_axis',(1.,0.,0.));
#3956=DIRECTION('ref_axis',(0.,1.,0.));
#3957=DIRECTION('',(0.,0.,-1.));
#3958=DIRECTION('center_axis',(1.,0.,0.));
#3959=DIRECTION('ref_axis',(0.,-0.315733073376872,-0.948848052311852));
#3960=DIRECTION('center_axis',(1.,0.,0.));
#3961=DIRECTION('ref_axis',(0.,-0.328182324315536,-0.944614398581163));
#3962=DIRECTION('center_axis',(1.,0.,0.));
#3963=DIRECTION('ref_axis',(0.,0.328182324315536,0.944614398581163));
#3964=DIRECTION('center_axis',(-1.,0.,0.));
#3965=DIRECTION('ref_axis',(0.,1.,0.));
#3966=DIRECTION('center_axis',(1.,0.,0.));
#3967=DIRECTION('ref_axis',(0.,1.,0.));
#3968=DIRECTION('',(1.,0.,0.));
#3969=DIRECTION('center_axis',(-1.,0.,0.));
#3970=DIRECTION('ref_axis',(0.,1.,0.));
#3971=DIRECTION('center_axis',(1.,0.,0.));
#3972=DIRECTION('ref_axis',(0.,1.,0.));
#3973=DIRECTION('center_axis',(-1.,0.,0.));
#3974=DIRECTION('ref_axis',(0.,1.,0.));
#3975=DIRECTION('center_axis',(1.,0.,0.));
#3976=DIRECTION('ref_axis',(0.,1.,0.));
#3977=DIRECTION('center_axis',(1.,0.,0.));
#3978=DIRECTION('ref_axis',(0.,1.,0.));
#3979=DIRECTION('center_axis',(1.,0.,0.));
#3980=DIRECTION('ref_axis',(0.,1.,0.));
#3981=DIRECTION('',(-0.894427190999913,0.447213595499963,5.47678698264208E-17));
#3982=DIRECTION('center_axis',(-1.,0.,0.));
#3983=DIRECTION('ref_axis',(0.,1.,0.));
#3984=DIRECTION('center_axis',(1.,0.,0.));
#3985=DIRECTION('ref_axis',(0.,1.,0.));
#3986=DIRECTION('center_axis',(1.,0.,0.));
#3987=DIRECTION('ref_axis',(0.,1.,0.));
#3988=DIRECTION('center_axis',(-1.,0.,0.));
#3989=DIRECTION('ref_axis',(0.,1.,0.));
#3990=DIRECTION('',(-1.,0.,0.));
#3991=DIRECTION('center_axis',(-1.,0.,0.));
#3992=DIRECTION('ref_axis',(0.,1.,0.));
#3993=DIRECTION('center_axis',(1.,0.,0.));
#3994=DIRECTION('ref_axis',(0.,1.,0.));
#3995=DIRECTION('',(0.707106781186549,0.707106781186546,-8.65956056235491E-17));
#3996=DIRECTION('center_axis',(1.,0.,0.));
#3997=DIRECTION('ref_axis',(0.,1.,0.));
#3998=DIRECTION('center_axis',(1.,0.,0.));
#3999=DIRECTION('ref_axis',(0.,-0.497099504151455,-0.867693542082905));
#4000=DIRECTION('center_axis',(-1.,0.,0.));
#4001=DIRECTION('ref_axis',(0.,0.328182324315536,0.944614398581163));
#4002=DIRECTION('center_axis',(1.,0.,0.));
#4003=DIRECTION('ref_axis',(0.,-0.328182324315536,-0.944614398581163));
#4004=DIRECTION('center_axis',(-1.,0.,0.));
#4005=DIRECTION('ref_axis',(0.,-0.315733073376872,-0.948848052311852));
#4006=DIRECTION('center_axis',(1.,0.,0.));
#4007=DIRECTION('ref_axis',(0.,0.315733073376868,0.948848052311853));
#4008=DIRECTION('',(0.,-0.867799231758074,-0.496914975986934));
#4009=DIRECTION('center_axis',(1.,0.,0.));
#4010=DIRECTION('ref_axis',(0.,-0.496914975986934,0.867799231758075));
#4011=DIRECTION('',(0.,0.867693542082899,-0.497099504151466));
#4012=DIRECTION('center_axis',(-1.,0.,8.47032947254301E-22));
#4013=DIRECTION('ref_axis',(0.,-1.,0.));
#4014=DIRECTION('center_axis',(0.,1.,0.));
#4015=DIRECTION('ref_axis',(-5.55111512312578E-16,0.,-1.));
#4016=DIRECTION('',(0.,1.,0.));
#4017=DIRECTION('center_axis',(0.,1.,0.));
#4018=DIRECTION('ref_axis',(-5.55111512312578E-16,0.,-1.));
#4019=DIRECTION('',(0.,1.,0.));
#4020=DIRECTION('center_axis',(-1.09144568788587E-16,0.,-1.));
#4021=DIRECTION('ref_axis',(-1.,0.,1.09144568788587E-16));
#4022=DIRECTION('',(1.,0.,0.));
#4023=DIRECTION('',(0.,1.,0.));
#4024=DIRECTION('center_axis',(-1.09144568788587E-16,0.,-1.));
#4025=DIRECTION('ref_axis',(-1.,0.,1.09144568788587E-16));
#4026=DIRECTION('',(1.,0.,0.));
#4027=DIRECTION('',(0.,1.,0.));
#4028=DIRECTION('',(-1.,0.,0.));
#4029=DIRECTION('center_axis',(0.,1.,0.));
#4030=DIRECTION('ref_axis',(-1.,0.,0.));
#4031=DIRECTION('center_axis',(0.,1.,0.));
#4032=DIRECTION('ref_axis',(1.,0.,0.));
#4033=DIRECTION('center_axis',(1.,0.,1.61183963262505E-16));
#4034=DIRECTION('ref_axis',(1.61183963262505E-16,0.,-1.));
#4035=DIRECTION('center_axis',(1.,0.,1.61183963262505E-16));
#4036=DIRECTION('ref_axis',(0.,0.477407774188892,-0.878681863443196));
#4037=DIRECTION('center_axis',(0.,1.,0.));
#4038=DIRECTION('ref_axis',(-1.,0.,0.));
#4039=DIRECTION('center_axis',(0.,-0.70710678118655,0.707106781186545));
#4040=DIRECTION('ref_axis',(-5.98942740891945E-22,-0.707106781186545,-0.70710678118655));
#4041=DIRECTION('',(1.,0.,0.));
#4042=DIRECTION('',(5.98942740891945E-22,0.707106781186545,0.70710678118655));
#4043=DIRECTION('center_axis',(0.,-5.11278177840255E-15,1.));
#4044=DIRECTION('ref_axis',(-4.33069461842839E-36,-1.,-5.11278177840255E-15));
#4045=DIRECTION('',(1.,0.,0.));
#4046=DIRECTION('',(4.33069461842839E-36,1.,5.11278177840255E-15));
#4047=DIRECTION('center_axis',(1.,0.,0.));
#4048=DIRECTION('ref_axis',(0.,-1.,-2.39006345579022E-14));
#4049=DIRECTION('',(1.,0.,0.));
#4050=DIRECTION('center_axis',(1.,0.,-8.47032947254301E-22));
#4051=DIRECTION('ref_axis',(0.,-1.,-2.39006345579022E-14));
#4052=DIRECTION('center_axis',(0.,1.,-1.7971272342598E-15));
#4053=DIRECTION('ref_axis',(8.47032947254301E-22,1.7971272342598E-15,1.));
#4054=DIRECTION('',(1.,0.,0.));
#4055=DIRECTION('',(1.,0.,0.));
#4056=DIRECTION('',(-8.47032947254301E-22,-1.7971272342598E-15,-1.));
#4057=DIRECTION('center_axis',(0.,-0.183153546784392,-0.983084319018617));
#4058=DIRECTION('ref_axis',(-1.55137088532862E-22,0.983084319018617,-0.183153546784392));
#4059=DIRECTION('',(1.,0.,0.));
#4060=DIRECTION('',(1.55137088532862E-22,-0.983084319018617,0.183153546784392));
#4061=DIRECTION('',(1.55137088532862E-22,-0.983084319018617,0.183153546784392));
#4062=DIRECTION('center_axis',(1.,0.,0.));
#4063=DIRECTION('ref_axis',(0.,-0.196543543711295,-0.980495097094017));
#4064=DIRECTION('',(1.,0.,0.));
#4065=DIRECTION('center_axis',(-1.,0.,8.47032947254301E-22));
#4066=DIRECTION('ref_axis',(0.,-0.196543543711295,-0.980495097094017));
#4067=DIRECTION('center_axis',(0.,-0.29827825379553,-0.954478959072797));
#4068=DIRECTION('ref_axis',(-2.52651508414294E-22,0.954478959072797,-0.29827825379553));
#4069=DIRECTION('',(1.,0.,0.));
#4070=DIRECTION('',(2.52651508414294E-22,-0.954478959072797,0.29827825379553));
#4071=DIRECTION('center_axis',(0.,0.462751494348718,-0.886488045310273));
#4072=DIRECTION('ref_axis',(3.91965762104526E-22,0.886488045310273,0.462751494348718));
#4073=DIRECTION('',(1.,0.,0.));
#4074=DIRECTION('',(-3.91965762104526E-22,-0.886488045310273,-0.462751494348718));
#4075=DIRECTION('center_axis',(1.,0.,0.));
#4076=DIRECTION('ref_axis',(0.,0.477407774188892,-0.878681863443196));
#4077=DIRECTION('center_axis',(-1.,0.,8.47032947254301E-22));
#4078=DIRECTION('ref_axis',(0.,0.477407774188892,-0.878681863443196));
#4079=DIRECTION('center_axis',(1.,0.,-8.47032947254301E-22));
#4080=DIRECTION('ref_axis',(0.,1.,0.));
#4081=DIRECTION('center_axis',(-1.,0.,8.47032947254301E-22));
#4082=DIRECTION('ref_axis',(-8.0370556224621E-22,-0.315733073376872,-0.948848052311852));
#4083=DIRECTION('',(-2.30089724725651E-22,-0.962398370364126,-0.271642001024279));
#4084=DIRECTION('center_axis',(1.,0.,-8.47032947254301E-22));
#4085=DIRECTION('ref_axis',(0.,1.,0.));
#4086=DIRECTION('center_axis',(-1.,0.,8.47032947254301E-22));
#4087=DIRECTION('ref_axis',(-8.0370556224621E-22,-0.315733073376872,-0.948848052311852));
#4088=DIRECTION('',(-1.5825903114245E-22,-0.982390493226085,-0.186839286069632));
#4089=DIRECTION('center_axis',(1.,0.,-8.47032947254301E-22));
#4090=DIRECTION('ref_axis',(0.,1.,0.));
#4091=DIRECTION('center_axis',(-1.,0.,8.47032947254301E-22));
#4092=DIRECTION('ref_axis',(8.00119518049051E-22,0.328182324315536,0.944614398581163));
#4093=DIRECTION('center_axis',(1.,0.,0.));
#4094=DIRECTION('ref_axis',(0.,1.,0.));
#4095=DIRECTION('',(-1.,0.,0.));
#4096=DIRECTION('center_axis',(1.,0.,-8.47032947254301E-22));
#4097=DIRECTION('ref_axis',(0.,1.,0.));
#4098=DIRECTION('center_axis',(1.,0.,0.));
#4099=DIRECTION('ref_axis',(0.,-2.08983157576494E-14,1.));
#4100=DIRECTION('center_axis',(1.,0.,-8.47032947254301E-22));
#4101=DIRECTION('ref_axis',(0.,-2.08983157576494E-14,1.));
#4102=DIRECTION('center_axis',(1.,0.,0.));
#4103=DIRECTION('ref_axis',(0.,1.,0.));
#4104=DIRECTION('',(-1.,0.,0.));
#4105=DIRECTION('center_axis',(1.,0.,-8.47032947254301E-22));
#4106=DIRECTION('ref_axis',(0.,1.,0.));
#4107=DIRECTION('center_axis',(1.,0.,0.));
#4108=DIRECTION('ref_axis',(0.,1.,0.));
#4109=DIRECTION('',(-1.,0.,0.));
#4110=DIRECTION('center_axis',(1.,0.,-8.47032947254301E-22));
#4111=DIRECTION('ref_axis',(0.,1.,0.));
#4112=DIRECTION('center_axis',(1.,0.,0.));
#4113=DIRECTION('ref_axis',(0.,1.,0.));
#4114=DIRECTION('',(-1.,0.,0.));
#4115=DIRECTION('center_axis',(1.,0.,-8.47032947254301E-22));
#4116=DIRECTION('ref_axis',(0.,1.,0.));
#4117=DIRECTION('center_axis',(0.,-0.186839286069632,0.982390493226085));
#4118=DIRECTION('ref_axis',(-1.5825903114245E-22,-0.982390493226085,-0.186839286069632));
#4119=DIRECTION('',(1.,0.,0.));
#4120=DIRECTION('center_axis',(1.,0.,0.));
#4121=DIRECTION('ref_axis',(0.,0.460324892415347,0.8877505243157));
#4122=DIRECTION('',(1.,0.,0.));
#4123=DIRECTION('center_axis',(-1.,0.,8.47032947254301E-22));
#4124=DIRECTION('ref_axis',(0.,0.460324892415347,0.8877505243157));
#4125=DIRECTION('center_axis',(0.,-0.271642001024279,0.962398370364126));
#4126=DIRECTION('ref_axis',(-2.30089724725651E-22,-0.962398370364126,-0.271642001024279));
#4127=DIRECTION('',(2.30089724725651E-22,0.962398370364126,0.271642001024279));
#4128=DIRECTION('center_axis',(1.,0.,-8.47032947254301E-22));
#4129=DIRECTION('ref_axis',(5.25445060330185E-40,1.,6.20336035373171E-19));
#4130=DIRECTION('center_axis',(1.,0.,-8.47032947254301E-22));
#4131=DIRECTION('ref_axis',(5.25445060330185E-40,1.,6.20336035373171E-19));
#4132=DIRECTION('center_axis',(1.,0.,-8.47032947254301E-22));
#4133=DIRECTION('ref_axis',(5.25445060330185E-40,1.,6.20336035373171E-19));
#4134=DIRECTION('center_axis',(1.,0.,-8.47032947254301E-22));
#4135=DIRECTION('ref_axis',(5.25445060330185E-40,1.,6.20336035373171E-19));
#4136=DIRECTION('center_axis',(1.,0.,-8.47032947254301E-22));
#4137=DIRECTION('ref_axis',(5.25445060330185E-40,1.,6.20336035373171E-19));
#4138=DIRECTION('center_axis',(1.,0.,-8.47032947254301E-22));
#4139=DIRECTION('ref_axis',(5.25445060330185E-40,1.,6.20336035373171E-19));
#4140=DIRECTION('center_axis',(-1.,0.,8.47032947254301E-22));
#4141=DIRECTION('ref_axis',(-8.0370556224621E-22,-0.315733073376872,-0.948848052311852));
#4142=DIRECTION('center_axis',(1.,0.,-8.47032947254301E-22));
#4143=DIRECTION('ref_axis',(5.25445060330185E-40,1.,6.20336035373171E-19));
#4144=DIRECTION('center_axis',(-1.,0.,8.47032947254301E-22));
#4145=DIRECTION('ref_axis',(8.00119518049051E-22,0.328182324315536,0.944614398581163));
#4146=DIRECTION('center_axis',(1.,0.,-8.47032947254301E-22));
#4147=DIRECTION('ref_axis',(-8.00119518049051E-22,-0.328182324315536,-0.944614398581163));
#4148=DIRECTION('center_axis',(-1.,0.,8.47032947254301E-22));
#4149=DIRECTION('ref_axis',(-8.0370556224621E-22,-0.315733073376872,-0.948848052311852));
#4150=DIRECTION('center_axis',(1.,0.,-8.47032947254301E-22));
#4151=DIRECTION('ref_axis',(5.25445060330185E-40,1.,6.20336035373171E-19));
#4152=DIRECTION('center_axis',(-1.,0.,8.47032947254301E-22));
#4153=DIRECTION('ref_axis',(8.00119518049051E-22,0.328182324315536,0.944614398581163));
#4154=DIRECTION('center_axis',(1.,0.,-8.47032947254301E-22));
#4155=DIRECTION('ref_axis',(5.25445060330185E-40,1.,6.20336035373171E-19));
#4156=DIRECTION('',(8.47032947254301E-22,0.,1.));
#4157=DIRECTION('center_axis',(1.,0.,-8.47032947254301E-22));
#4158=DIRECTION('ref_axis',(8.42491378437788E-22,-0.103415317743695,0.994638261910314));
#4159=DIRECTION('center_axis',(-1.,0.,8.47032947254301E-22));
#4160=DIRECTION('ref_axis',(8.00119518049051E-22,0.328182324315536,0.944614398581163));
#4161=DIRECTION('center_axis',(-8.47032947254301E-22,0.,-1.));
#4162=DIRECTION('ref_axis',(-0.707106781186547,-0.707106781186547,0.));
#4163=DIRECTION('center_axis',(0.,0.,-1.));
#4164=DIRECTION('ref_axis',(0.707106781186547,-0.707106781186547,0.));
#4165=DIRECTION('center_axis',(-1.,0.,0.));
#4166=DIRECTION('ref_axis',(0.,-1.,0.));
#4167=DIRECTION('center_axis',(-1.,0.,0.));
#4168=DIRECTION('ref_axis',(0.,-1.,0.));
#4169=DIRECTION('',(0.707106781186549,-0.707106781186546,8.65956056235492E-17));
#4170=DIRECTION('center_axis',(1.,0.,0.));
#4171=DIRECTION('ref_axis',(0.,-1.,0.));
#4172=DIRECTION('center_axis',(-1.,0.,0.));
#4173=DIRECTION('ref_axis',(0.,-1.,0.));
#4174=DIRECTION('',(1.,0.,0.));
#4175=DIRECTION('center_axis',(-1.,0.,0.));
#4176=DIRECTION('ref_axis',(0.,-1.,0.));
#4177=DIRECTION('center_axis',(-1.,0.,0.));
#4178=DIRECTION('ref_axis',(0.,-1.,0.));
#4179=DIRECTION('center_axis',(-1.,0.,0.));
#4180=DIRECTION('ref_axis',(0.,-1.,0.));
#4181=DIRECTION('center_axis',(1.,0.,0.));
#4182=DIRECTION('ref_axis',(0.,-1.,0.));
#4183=DIRECTION('center_axis',(-1.,0.,0.));
#4184=DIRECTION('ref_axis',(0.,-1.,0.));
#4185=DIRECTION('',(-0.707106781186547,-0.707106781186548,-8.65956056235494E-17));
#4186=DIRECTION('center_axis',(1.,0.,0.));
#4187=DIRECTION('ref_axis',(0.,-1.,0.));
#4188=DIRECTION('center_axis',(-1.,0.,0.));
#4189=DIRECTION('ref_axis',(0.,-1.,0.));
#4190=DIRECTION('',(1.,0.,0.));
#4191=DIRECTION('center_axis',(1.,0.,0.));
#4192=DIRECTION('ref_axis',(0.,1.,0.));
#4193=DIRECTION('center_axis',(1.,0.,0.));
#4194=DIRECTION('ref_axis',(0.,0.328182324315536,0.944614398581163));
#4195=DIRECTION('center_axis',(1.,0.,0.));
#4196=DIRECTION('ref_axis',(0.,-0.497099504151455,-0.867693542082905));
#4197=DIRECTION('',(0.,-0.867693542082899,0.497099504151466));
#4198=DIRECTION('center_axis',(1.,0.,0.));
#4199=DIRECTION('ref_axis',(0.,-0.496914975986934,0.867799231758075));
#4200=DIRECTION('',(0.,-0.867799231758074,-0.496914975986934));
#4201=DIRECTION('center_axis',(1.,0.,0.));
#4202=DIRECTION('ref_axis',(0.,0.315733073376868,0.948848052311853));
#4203=DIRECTION('center_axis',(1.,0.,0.));
#4204=DIRECTION('ref_axis',(0.,-0.315733073376872,-0.948848052311852));
#4205=DIRECTION('center_axis',(0.,-0.497099504151466,-0.867693542082899));
#4206=DIRECTION('ref_axis',(0.,0.867693542082899,-0.497099504151466));
#4207=DIRECTION('',(1.,0.,0.));
#4208=DIRECTION('',(1.,0.,0.));
#4209=DIRECTION('center_axis',(1.,0.,0.));
#4210=DIRECTION('ref_axis',(0.,-0.496914975986934,0.867799231758075));
#4211=DIRECTION('',(1.,0.,0.));
#4212=DIRECTION('center_axis',(0.,-0.496914975986934,0.867799231758075));
#4213=DIRECTION('ref_axis',(0.,-0.867799231758074,-0.496914975986934));
#4214=DIRECTION('',(1.,0.,0.));
#4215=DIRECTION('center_axis',(1.,0.,0.));
#4216=DIRECTION('ref_axis',(0.,0.315733073376868,0.948848052311853));
#4217=DIRECTION('',(1.,0.,0.));
#4218=DIRECTION('center_axis',(1.,0.,0.));
#4219=DIRECTION('ref_axis',(0.,1.,-2.0974653093945E-16));
#4220=DIRECTION('',(1.,0.,0.));
#4221=DIRECTION('',(1.,0.,0.));
#4222=DIRECTION('center_axis',(1.,0.,0.));
#4223=DIRECTION('ref_axis',(0.,-0.497099504151455,-0.867693542082905));
#4224=DIRECTION('',(1.,0.,0.));
#4225=DIRECTION('center_axis',(1.,0.,0.));
#4226=DIRECTION('ref_axis',(0.,1.,0.));
#4227=DIRECTION('',(8.47032947254301E-22,-6.20336035373171E-19,1.));
#4228=DIRECTION('',(8.47032947254301E-22,-6.20336035373171E-19,1.));
#4229=DIRECTION('',(-8.47032947254301E-22,6.20336035373171E-19,-1.));
#4230=DIRECTION('',(8.47032947254301E-22,-6.20336035373171E-19,1.));
#4231=DIRECTION('',(8.47032947254301E-22,-6.20336035373171E-19,1.));
#4232=DIRECTION('',(8.47032947254301E-22,-6.20336035373171E-19,1.));
#4233=DIRECTION('',(-8.47032947254301E-22,6.20336035373171E-19,-1.));
#4234=DIRECTION('',(8.47032947254301E-22,-6.20336035373171E-19,1.));
#4235=DIRECTION('',(8.47032947254301E-22,-6.20336035373171E-19,1.));
#4236=DIRECTION('center_axis',(0.999383744201328,-0.0351017353721198,-2.26213823137479E-20));
#4237=DIRECTION('ref_axis',(0.0351017353721198,0.999383744201328,0.));
#4238=DIRECTION('center_axis',(-0.999383744201328,0.0351017353721198,2.26213823137479E-20));
#4239=DIRECTION('ref_axis',(0.0351017353721198,0.999383744201328,-8.86537300017367E-15));
#4240=DIRECTION('',(8.47032947254301E-22,-6.20336035373171E-19,1.));
#4241=DIRECTION('center_axis',(-0.999383744201328,0.0351017353721198,2.26213823137479E-20));
#4242=DIRECTION('ref_axis',(-0.0351017353721198,-0.999383744201328,1.23701251558611E-14));
#4243=DIRECTION('',(8.47032947254301E-22,-6.20336035373171E-19,1.));
#4244=DIRECTION('center_axis',(8.47032947254301E-22,-6.20336035373171E-19,
1.));
#4245=DIRECTION('ref_axis',(5.40108498466255E-14,-1.,-6.20336035373171E-19));
#4246=DIRECTION('',(8.47032947254301E-22,-6.20336035373171E-19,1.));
#4247=DIRECTION('center_axis',(-6.92836187477181E-39,-1.,-6.20336035373171E-19));
#4248=DIRECTION('ref_axis',(1.,-6.92836187477181E-39,-1.88079096131566E-37));
#4249=DIRECTION('',(-1.,0.,8.47032947254301E-22));
#4250=DIRECTION('',(1.,0.,-8.47032947254301E-22));
#4251=DIRECTION('',(8.47032947254301E-22,-6.20336035373171E-19,1.));
#4252=DIRECTION('center_axis',(8.47032947254301E-22,-6.20336035373171E-19,
1.));
#4253=DIRECTION('ref_axis',(-0.899356078324053,0.437216930575178,2.71983201540687E-19));
#4254=DIRECTION('',(-8.47032947254301E-22,6.20336035373171E-19,-1.));
#4255=DIRECTION('center_axis',(-0.899356078324059,0.437216930575166,2.71983201540679E-19));
#4256=DIRECTION('ref_axis',(-0.437216930575166,-0.899356078324059,0.));
#4257=DIRECTION('center_axis',(0.899356078324059,-0.437216930575166,-2.71983201540679E-19));
#4258=DIRECTION('ref_axis',(0.437216930575166,0.899356078324059,5.57532646871015E-19));
#4259=DIRECTION('center_axis',(0.899356078324059,-0.437216930575166,-2.71983201540679E-19));
#4260=DIRECTION('ref_axis',(-0.437216930575166,-0.899356078324059,-5.29871964878422E-17));
#4261=DIRECTION('',(8.47032947254301E-22,-6.20336035373171E-19,1.));
#4262=DIRECTION('',(8.47032947254301E-22,-6.20336035373171E-19,1.));
#4263=DIRECTION('',(8.47032947254301E-22,-6.20336035373171E-19,1.));
#4264=DIRECTION('',(8.47032947254301E-22,-6.20336035373171E-19,1.));
#4265=DIRECTION('',(8.47032947254301E-22,-6.20336035373171E-19,1.));
#4266=DIRECTION('',(8.47032947254301E-22,-6.20336035373171E-19,1.));
#4267=DIRECTION('',(8.47032947254301E-22,-6.20336035373171E-19,1.));
#4268=DIRECTION('',(-8.47032947254301E-22,6.20336035373171E-19,-1.));
#4269=DIRECTION('',(8.47032947254301E-22,-6.20336035373171E-19,1.));
#4270=DIRECTION('',(8.47032947254301E-22,-6.20336035373171E-19,1.));
#4271=DIRECTION('',(8.47032947254301E-22,-6.20336035373171E-19,1.));
#4272=DIRECTION('',(8.47032947254301E-22,-6.20336035373171E-19,1.));
#4273=DIRECTION('',(-8.47032947254301E-22,6.20336035373171E-19,-1.));
#4274=DIRECTION('',(8.47032947254301E-22,-6.20336035373171E-19,1.));
#4275=DIRECTION('',(8.47032947254301E-22,-6.20336035373171E-19,1.));
#4276=DIRECTION('center_axis',(8.47032947254301E-22,-6.20336035373171E-19,
1.));
#4277=DIRECTION('ref_axis',(-0.988712247621476,-0.14982687143263,-9.21055355677942E-20));
#4278=DIRECTION('',(8.47032947254301E-22,-6.20336035373171E-19,1.));
#4279=DIRECTION('',(8.47032947254301E-22,-6.20336035373171E-19,1.));
#4280=DIRECTION('center_axis',(8.47032947254301E-22,-6.20336035373171E-19,
1.));
#4281=DIRECTION('ref_axis',(-0.787355427031141,0.61649933619154,3.83103670011146E-19));
#4282=DIRECTION('',(-8.47032947254301E-22,6.20336035373171E-19,-1.));
#4283=DIRECTION('',(8.47032947254301E-22,-6.20336035373171E-19,1.));
#4284=DIRECTION('',(8.47032947254301E-22,-6.20336035373171E-19,1.));
#4285=DIRECTION('center_axis',(0.669489678672541,-0.74282135816826,-4.61365936132295E-19));
#4286=DIRECTION('ref_axis',(0.74282135816826,0.669489678672541,0.));
#4287=DIRECTION('center_axis',(-0.669489678672541,0.74282135816826,4.61365936132295E-19));
#4288=DIRECTION('ref_axis',(0.74282135816826,0.669489678672541,4.14679378826689E-19));
#4289=DIRECTION('center_axis',(-0.669489678672541,0.74282135816826,4.61365936132295E-19));
#4290=DIRECTION('ref_axis',(-0.74282135816826,-0.669489678672541,-3.94438466283678E-17));
#4291=DIRECTION('',(8.47032947254301E-22,-6.20336035373171E-19,1.));
#4292=DIRECTION('',(8.47032947254301E-22,-6.20336035373171E-19,1.));
#4293=DIRECTION('',(-8.47032947254301E-22,6.20336035373171E-19,-1.));
#4294=DIRECTION('',(8.47032947254301E-22,-6.20336035373171E-19,1.));
#4295=DIRECTION('',(8.47032947254301E-22,-6.20336035373171E-19,1.));
#4296=DIRECTION('',(8.47032947254301E-22,-6.20336035373171E-19,1.));
#4297=DIRECTION('',(8.47032947254301E-22,-6.20336035373171E-19,1.));
#4298=DIRECTION('',(-8.47032947254301E-22,6.20336035373171E-19,-1.));
#4299=DIRECTION('',(8.47032947254301E-22,-6.20336035373171E-19,1.));
#4300=DIRECTION('',(8.47032947254301E-22,-6.20336035373171E-19,1.));
#4301=DIRECTION('',(8.47032947254301E-22,-6.20336035373171E-19,1.));
#4302=DIRECTION('center_axis',(0.86859415246605,-0.495524165204669,-3.08127223939595E-19));
#4303=DIRECTION('ref_axis',(0.495524165204669,0.86859415246605,-9.62964972193618E-35));
#4304=DIRECTION('center_axis',(-0.86859415246605,0.495524165204669,3.08127223939595E-19));
#4305=DIRECTION('ref_axis',(0.495524165204669,0.86859415246605,5.3840052759502E-19));
#4306=DIRECTION('center_axis',(-0.86859415246605,0.495524165204669,3.08127223939595E-19));
#4307=DIRECTION('ref_axis',(-0.495524165204669,-0.86859415246605,-5.1174739710282E-17));
#4308=DIRECTION('',(8.47032947254301E-22,-6.20336035373171E-19,1.));
#4309=DIRECTION('center_axis',(8.47032947254301E-22,-6.20336035373171E-19,
1.));
#4310=DIRECTION('ref_axis',(1.38027727385794E-13,-1.,-6.20336035373171E-19));
#4311=DIRECTION('',(-8.47032947254301E-22,6.20336035373171E-19,-1.));
#4312=DIRECTION('center_axis',(-6.92836187477181E-39,-1.,-6.20336035373171E-19));
#4313=DIRECTION('ref_axis',(1.,-6.92836187477181E-39,-1.88079096131566E-37));
#4314=DIRECTION('',(-1.,0.,8.47032947254301E-22));
#4315=DIRECTION('',(1.,0.,-8.47032947254301E-22));
#4316=DIRECTION('',(8.47032947254301E-22,-6.20336035373171E-19,1.));
#4317=DIRECTION('center_axis',(-1.,6.92836187477181E-39,8.47032947254301E-22));
#4318=DIRECTION('ref_axis',(-6.92836187477181E-39,-1.,0.));
#4319=DIRECTION('center_axis',(1.,-6.92836187477181E-39,-8.47032947254301E-22));
#4320=DIRECTION('ref_axis',(-8.40097518895878E-22,0.127705815704447,-0.991812091393961));
#4321=DIRECTION('center_axis',(1.,-6.92836187477181E-39,-8.47032947254301E-22));
#4322=DIRECTION('ref_axis',(8.42491378437788E-22,-0.103415317743695,0.994638261910314));
#4323=DIRECTION('',(8.47032947254301E-22,-6.20336035373171E-19,1.));
#4324=DIRECTION('',(8.47032947254301E-22,-6.20336035373171E-19,1.));
#4325=DIRECTION('',(8.47032947254301E-22,-6.20336035373171E-19,1.));
#4326=DIRECTION('',(-8.47032947254301E-22,6.20336035373171E-19,-1.));
#4327=DIRECTION('',(8.47032947254301E-22,-6.20336035373171E-19,1.));
#4328=DIRECTION('',(8.47032947254301E-22,-6.20336035373171E-19,1.));
#4329=DIRECTION('',(8.47032947254301E-22,-6.20336035373171E-19,1.));
#4330=DIRECTION('',(8.47032947254301E-22,-6.20336035373171E-19,1.));
#4331=DIRECTION('',(-8.47032947254301E-22,6.20336035373171E-19,-1.));
#4332=DIRECTION('',(8.47032947254301E-22,-6.20336035373171E-19,1.));
#4333=DIRECTION('',(8.47032947254301E-22,-6.20336035373171E-19,1.));
#4334=DIRECTION('center_axis',(0.988453644780668,-0.151523569519112,-9.48327831850396E-20));
#4335=DIRECTION('ref_axis',(0.151523569519112,0.988453644780668,0.));
#4336=DIRECTION('center_axis',(-0.988453644780668,0.151523569519112,9.48327831850396E-20));
#4337=DIRECTION('ref_axis',(0.151523569519112,0.988453644780668,2.35497696433376E-16));
#4338=DIRECTION('',(8.47032947254301E-22,-6.20336035373171E-19,1.));
#4339=DIRECTION('center_axis',(-0.988453644780668,0.151523569519112,9.48327831850396E-20));
#4340=DIRECTION('ref_axis',(-0.151523569519112,-0.988453644780668,4.02753380054876E-16));
#4341=DIRECTION('',(8.47032947254301E-22,-6.20336035373171E-19,1.));
#4342=DIRECTION('center_axis',(8.47032947254301E-22,-6.20336035373171E-19,
1.));
#4343=DIRECTION('ref_axis',(-0.0119276200121983,-0.999928863410215,-6.20281803695961E-19));
#4344=DIRECTION('',(8.47032947254301E-22,-6.20336035373171E-19,1.));
#4345=DIRECTION('center_axis',(-0.0119276200121615,-0.999928863410216,-6.20281803695961E-19));
#4346=DIRECTION('ref_axis',(0.999928863410216,-0.0119276200121615,0.));
#4347=DIRECTION('center_axis',(0.0119276200121615,0.999928863410216,6.20281803695961E-19));
#4348=DIRECTION('ref_axis',(-0.999928863410216,0.0119276200121615,8.24610520200096E-21));
#4349=DIRECTION('center_axis',(0.0119276200121615,0.999928863410216,6.20281803695961E-19));
#4350=DIRECTION('ref_axis',(0.999928863410215,-0.0119276200121615,-7.03589276536121E-19));
#4351=DIRECTION('',(-8.47032947254301E-22,6.20336035373171E-19,-1.));
#4352=DIRECTION('center_axis',(8.47032947254301E-22,-6.20336035373171E-19,
1.));
#4353=DIRECTION('ref_axis',(-0.658906780469173,0.752224603859612,4.67190144220652E-19));
#4354=DIRECTION('',(8.47032947254301E-22,-6.20336035373171E-19,1.));
#4355=DIRECTION('center_axis',(-0.658906780469171,0.752224603859613,4.67190144220653E-19));
#4356=DIRECTION('ref_axis',(-0.752224603859613,-0.658906780469171,0.));
#4357=DIRECTION('center_axis',(0.658906780469171,-0.752224603859613,-4.67190144220653E-19));
#4358=DIRECTION('ref_axis',(0.752224603859613,0.658906780469171,4.08106460853541E-19));
#4359=DIRECTION('center_axis',(0.658906780469171,-0.752224603859613,-4.67190144220653E-19));
#4360=DIRECTION('ref_axis',(-0.752224603859613,-0.658906780469171,-3.88203236406293E-17));
#4361=DIRECTION('',(8.47032947254301E-22,-6.20336035373171E-19,1.));
#4362=DIRECTION('',(8.47032947254301E-22,-6.20336035373171E-19,1.));
#4363=DIRECTION('center_axis',(-1.,0.,8.47032947254301E-22));
#4364=DIRECTION('ref_axis',(-8.40097518895878E-22,0.127705815704447,-0.991812091393961));
#4365=DIRECTION('',(1.,0.,-8.47032947254301E-22));
#4366=DIRECTION('center_axis',(-1.,0.,8.47032947254301E-22));
#4367=DIRECTION('ref_axis',(8.42491378437788E-22,-0.103415317743695,0.994638261910314));
#4368=DIRECTION('',(-1.,0.,8.47032947254301E-22));
#4369=DIRECTION('center_axis',(1.,0.,-8.47032947254301E-22));
#4370=DIRECTION('ref_axis',(-8.0370556224621E-22,-0.315733073376872,-0.948848052311852));
#4371=DIRECTION('',(1.,0.,-8.47032947254301E-22));
#4372=DIRECTION('center_axis',(-1.,0.,8.47032947254301E-22));
#4373=DIRECTION('ref_axis',(-8.0370556224621E-22,-0.315733073376872,-0.948848052311852));
#4374=DIRECTION('center_axis',(1.,0.,-8.47032947254301E-22));
#4375=DIRECTION('ref_axis',(-8.0370556224621E-22,-0.315733073376872,-0.948848052311852));
#4376=DIRECTION('',(1.,0.,-8.47032947254301E-22));
#4377=DIRECTION('center_axis',(1.,0.,-8.47032947254301E-22));
#4378=DIRECTION('ref_axis',(8.00119518049051E-22,0.328182324315536,0.944614398581163));
#4379=DIRECTION('',(1.,0.,-8.47032947254301E-22));
#4380=DIRECTION('center_axis',(-8.47032947254301E-22,5.73638671325777E-16,
-1.));
#4381=DIRECTION('ref_axis',(-4.85890854432114E-37,-1.,-5.73638671325777E-16));
#4382=DIRECTION('',(-4.85890854432114E-37,-1.,-5.73638671325777E-16));
#4383=DIRECTION('',(-1.,0.,8.47032947254301E-22));
#4384=DIRECTION('',(-4.85890854432114E-37,-1.,-5.73638671325777E-16));
#4385=DIRECTION('',(-1.,0.,8.47032947254301E-22));
#4386=DIRECTION('center_axis',(-6.88205284301611E-22,-0.582975975422736,
-0.812489391979926));
#4387=DIRECTION('ref_axis',(4.93799858640771E-22,-0.812489391979926,0.582975975422736));
#4388=DIRECTION('',(4.93799858640771E-22,-0.812489391979926,0.582975975422736));
#4389=DIRECTION('',(-1.,0.,8.47032947254301E-22));
#4390=DIRECTION('',(4.93799858640771E-22,-0.812489391979926,0.582975975422736));
#4391=DIRECTION('center_axis',(-1.,0.,8.47032947254301E-22));
#4392=DIRECTION('ref_axis',(-5.69068277097435E-25,0.999999774317336,-0.000671837239557456));
#4393=DIRECTION('center_axis',(-1.,0.,8.47032947254301E-22));
#4394=DIRECTION('ref_axis',(-6.88205284301611E-22,-0.582975975422736,-0.812489391979926));
#4395=DIRECTION('',(-1.,0.,8.47032947254301E-22));
#4396=DIRECTION('center_axis',(-1.,0.,8.47032947254301E-22));
#4397=DIRECTION('ref_axis',(-6.88205284301611E-22,-0.582975975422736,-0.812489391979926));
#4398=DIRECTION('center_axis',(6.8886816915578E-22,-0.581883728138337,0.813271988284258));
#4399=DIRECTION('ref_axis',(4.92874689204336E-22,0.813271988284258,0.581883728138337));
#4400=DIRECTION('',(4.92874689204336E-22,0.813271988284258,0.581883728138337));
#4401=DIRECTION('',(-1.,0.,8.47032947254301E-22));
#4402=DIRECTION('',(4.92874689204336E-22,0.813271988284258,0.581883728138337));
#4403=DIRECTION('center_axis',(8.47032947254301E-22,-6.20336035373171E-19,
1.));
#4404=DIRECTION('ref_axis',(5.25445060330185E-40,1.,6.20336035373171E-19));
#4405=DIRECTION('',(5.25445060330185E-40,1.,6.20336035373171E-19));
#4406=DIRECTION('',(-1.,0.,8.47032947254301E-22));
#4407=DIRECTION('',(5.25445060330185E-40,1.,6.20336035373171E-19));
#4408=DIRECTION('center_axis',(-1.,0.,8.47032947254301E-22));
#4409=DIRECTION('ref_axis',(8.47032947254301E-22,-6.20336035373171E-19,
1.));
#4410=DIRECTION('center_axis',(-1.,0.,8.47032947254301E-22));
#4411=DIRECTION('ref_axis',(8.47032947254301E-22,-6.20336035373171E-19,
1.));
#4412=DIRECTION('center_axis',(-1.,0.,8.47032947254301E-22));
#4413=DIRECTION('ref_axis',(8.47032947254301E-22,-6.20336035373171E-19,
1.));
#4414=DIRECTION('center_axis',(1.,0.,-8.47032947254301E-22));
#4415=DIRECTION('ref_axis',(5.25445060330185E-40,1.,6.20336035373171E-19));
#4416=DIRECTION('center_axis',(-7.34965018264001E-22,-0.497099504151466,
-0.867693542082899));
#4417=DIRECTION('ref_axis',(-4.21059658080067E-22,0.867693542082899,-0.497099504151466));
#4418=DIRECTION('',(1.,0.,-8.47032947254301E-22));
#4419=DIRECTION('',(-4.21059658080067E-22,0.867693542082899,-0.497099504151466));
#4420=DIRECTION('',(1.,0.,-8.47032947254301E-22));
#4421=DIRECTION('center_axis',(1.,0.,-8.47032947254301E-22));
#4422=DIRECTION('ref_axis',(7.3505454090106E-22,-0.496914975986934,0.867799231758075));
#4423=DIRECTION('center_axis',(1.,0.,-8.47032947254301E-22));
#4424=DIRECTION('ref_axis',(7.3505454090106E-22,-0.496914975986934,0.867799231758075));
#4425=DIRECTION('',(1.,0.,-8.47032947254301E-22));
#4426=DIRECTION('center_axis',(7.3505454090106E-22,-0.496914975986934,0.867799231758075));
#4427=DIRECTION('ref_axis',(-4.20903356645013E-22,-0.867799231758074,-0.496914975986934));
#4428=DIRECTION('',(-4.20903356645013E-22,-0.867799231758074,-0.496914975986934));
#4429=DIRECTION('',(1.,0.,-8.47032947254301E-22));
#4430=DIRECTION('center_axis',(1.,0.,-8.47032947254301E-22));
#4431=DIRECTION('ref_axis',(8.03705562246212E-22,0.315733073376868,0.948848052311853));
#4432=DIRECTION('center_axis',(1.,0.,-8.47032947254301E-22));
#4433=DIRECTION('ref_axis',(8.03705562246212E-22,0.315733073376868,0.948848052311853));
#4434=DIRECTION('center_axis',(1.,0.,-8.47032947254301E-22));
#4435=DIRECTION('ref_axis',(-1.42129777822406E-37,1.,-2.0974653093945E-16));
#4436=DIRECTION('center_axis',(1.,0.,-8.47032947254301E-22));
#4437=DIRECTION('ref_axis',(8.00119518049051E-22,0.328182324315536,0.944614398581163));
#4438=DIRECTION('center_axis',(-1.,0.,8.47032947254301E-22));
#4439=DIRECTION('ref_axis',(8.00119518049051E-22,0.328182324315536,0.944614398581163));
#4440=DIRECTION('',(1.,0.,-8.47032947254301E-22));
#4441=DIRECTION('center_axis',(1.,0.,-8.47032947254301E-22));
#4442=DIRECTION('ref_axis',(-7.34965018264006E-22,-0.497099504151455,-0.867693542082905));
#4443=DIRECTION('center_axis',(1.,0.,-8.47032947254301E-22));
#4444=DIRECTION('ref_axis',(-7.34965018264006E-22,-0.497099504151455,-0.867693542082905));
#4445=DIRECTION('center_axis',(1.,0.,-8.47032947254301E-22));
#4446=DIRECTION('ref_axis',(5.25445060330185E-40,1.,6.20336035373171E-19));
#4447=CARTESIAN_POINT('',(0.,0.,0.));
#4448=CARTESIAN_POINT('Origin',(-9.23215408263129,231.814622742028,8.30205562807679));
#4449=CARTESIAN_POINT('',(-3.46457445974508,238.171926970488,5.0056054375539));
#4450=CARTESIAN_POINT('',(-3.46436339753745,238.171926970488,5.00560543755391));
#4451=CARTESIAN_POINT('',(-18.4999999999999,238.171926970488,5.0056054375539));
#4452=CARTESIAN_POINT('',(-3.46457445974508,226.150480139684,11.2390810227497));
#4453=CARTESIAN_POINT('',(-3.46457445974508,228.567679342171,9.98569177390741));
#4454=CARTESIAN_POINT('',(-3.62674277672057,225.097640206357,11.7850096544593));
#4455=CARTESIAN_POINT('Origin',(-4.46457445974508,226.150480139684,11.2390810227497));
#4456=CARTESIAN_POINT('',(-3.46436339753745,225.097640206357,11.7850096544594));
#4457=CARTESIAN_POINT('',(-13.8660770413156,225.097640206357,11.7850096544594));
#4458=CARTESIAN_POINT('',(-3.46436339753745,232.902447974255,7.73798608457841));
#4459=CARTESIAN_POINT('Origin',(-9.23215408263129,231.814622742028,8.30205562807679));
#4460=CARTESIAN_POINT('',(-10.6738103913569,238.171926970488,5.00560543755389));
#4461=CARTESIAN_POINT('',(-10.5505949413307,238.171926970488,5.0056054375539));
#4462=CARTESIAN_POINT('',(-18.4999999999999,238.171926970488,5.0056054375539));
#4463=CARTESIAN_POINT('',(-14.999919878084,225.097640206357,11.7850096544593));
#4464=CARTESIAN_POINT('',(-10.6012831044073,238.391117573664,4.89194862963104));
#4465=CARTESIAN_POINT('',(-10.3884266243552,225.097640206357,11.7850096544593));
#4466=CARTESIAN_POINT('',(-13.8660770413156,225.097640206357,11.7850096544594));
#4467=CARTESIAN_POINT('',(-10.5505949413307,226.150480139684,11.2390810227497));
#4468=CARTESIAN_POINT('Origin',(-9.55059494133065,226.150480139684,11.2390810227497));
#4469=CARTESIAN_POINT('',(-10.5505949413307,229.975067206169,9.25591955824949));
#4470=CARTESIAN_POINT('Origin',(-3.46436339753745,238.544155735752,14.8125938181511));
#4471=CARTESIAN_POINT('',(-3.46436339753745,238.544155735752,8.04239170180318));
#4472=CARTESIAN_POINT('',(-3.46436339753745,232.597640206357,17.8960379236048));
#4473=CARTESIAN_POINT('Origin',(-3.46436339753745,227.164413528409,7.89603792360476));
#4474=CARTESIAN_POINT('',(-3.46436339753745,238.544155735752,7.74968414540633));
#4475=CARTESIAN_POINT('',(-3.46436339753745,238.544155735752,14.8125938181511));
#4476=CARTESIAN_POINT('Origin',(-3.46436339753745,227.164413528409,7.89603792360476));
#4477=CARTESIAN_POINT('',(-3.46436339753745,225.097640206357,21.7850096544593));
#4478=CARTESIAN_POINT('',(-3.46436339753745,225.097640206357,16.3543158708779));
#4479=CARTESIAN_POINT('',(-3.46436339753745,235.570897971054,16.3543158708779));
#4480=CARTESIAN_POINT('',(-3.46436339753745,226.754348447887,12.9058793161394));
#4481=CARTESIAN_POINT('Origin',(-3.46436339753745,229.004348447887,12.9058793161394));
#4482=CARTESIAN_POINT('Origin',(-14.9999447677251,225.097564985352,21.7850486587745));
#4483=CARTESIAN_POINT('',(-10.5506447899217,238.544155735752,7.74968414540633));
#4484=CARTESIAN_POINT('Origin',(-14.3160517760035,227.164413528409,7.89603792360476));
#4485=CARTESIAN_POINT('',(-10.5506447899217,238.544155735752,8.04239170180318));
#4486=CARTESIAN_POINT('',(-10.5506447899217,238.544155735752,14.8125938181511));
#4487=CARTESIAN_POINT('',(-12.5182685470555,232.597640206357,17.8960379236048));
#4488=CARTESIAN_POINT('Origin',(-14.3160517760035,227.164413528409,7.89603792360476));
#4489=CARTESIAN_POINT('',(-14.999919878084,225.097640206357,21.7850096544593));
#4490=CARTESIAN_POINT('',(-13.9966777342182,228.129619753571,20.2128386214404));
#4491=CARTESIAN_POINT('',(-14.999919878084,225.097640206357,19.8405432911896));
#4492=CARTESIAN_POINT('',(-14.4517369163883,226.754348447887,12.9058793161394));
#4493=CARTESIAN_POINT('Origin',(-13.7072415170798,229.004348447887,12.9058793161394));
#4494=CARTESIAN_POINT('Origin',(-10.5505949413307,225.097640206357,4.35115618113853));
#4495=CARTESIAN_POINT('Origin',(-10.5505949413307,227.164413528409,7.89603792360476));
#4496=CARTESIAN_POINT('Origin',(-10.5505949413307,225.097640206357,4.35115618113853));
#4497=CARTESIAN_POINT('',(-10.5505949413307,225.097640206357,11.2390810227497));
#4498=CARTESIAN_POINT('',(-10.5505949413307,225.097640206357,11.2390810227497));
#4499=CARTESIAN_POINT('',(-10.5505949413307,225.097640206357,4.35115618113853));
#4500=CARTESIAN_POINT('',(-10.5505949413307,225.097640206357,11.1235970523716));
#4501=CARTESIAN_POINT('',(-10.5505949413307,227.279913820683,4.35115618113853));
#4502=CARTESIAN_POINT('',(-10.5505949413307,225.097640206357,4.35115618113853));
#4503=CARTESIAN_POINT('',(-10.5505949413307,230.72878307509,4.35115618113853));
#4504=CARTESIAN_POINT('Origin',(-10.5505949413307,229.004348447887,2.90587931613943));
#4505=CARTESIAN_POINT('',(-10.5505949413307,237.978929956151,4.35115618113853));
#4506=CARTESIAN_POINT('',(-10.5505949413307,225.097640206357,4.35115618113853));
#4507=CARTESIAN_POINT('Origin',(-10.5505949413307,227.164413528409,7.89603792360476));
#4508=CARTESIAN_POINT('Origin',(-9.55059494133065,225.097640206357,11.2390810227497));
#4509=CARTESIAN_POINT('Origin',(-9.55059494133065,225.097640206357,11.2390810227497));
#4510=CARTESIAN_POINT('Origin',(-18.4999999999999,232.597640206357,17.8960379236048));
#4511=CARTESIAN_POINT('',(15.0000000000001,225.097640206357,21.7850096544594));
#4512=CARTESIAN_POINT('',(-1.74999999999991,225.097640206357,21.7850096544593));
#4513=CARTESIAN_POINT('',(15.0000000000001,232.597640206357,17.8960379236048));
#4514=CARTESIAN_POINT('',(15.0000000000001,232.597640206357,17.8960379236048));
#4515=CARTESIAN_POINT('',(-18.4999999999999,232.597640206357,17.8960379236048));
#4516=CARTESIAN_POINT('Origin',(-18.4999999999999,225.097640206357,17.8960379236048));
#4517=CARTESIAN_POINT('',(-14.9999999999999,225.097640206357,21.7850096544594));
#4518=CARTESIAN_POINT('',(-1.74999999999991,225.097640206357,21.7850096544593));
#4519=CARTESIAN_POINT('',(-14.9999999999999,225.097640206357,17.8960379236048));
#4520=CARTESIAN_POINT('',(-14.9999999999999,225.097640206357,17.8960379236048));
#4521=CARTESIAN_POINT('',(-18.4999999999999,225.097640206357,17.8960379236048));
#4522=CARTESIAN_POINT('',(-18.4999999999999,225.097640206357,17.8960379236048));
#4523=CARTESIAN_POINT('',(-18.4999999999999,225.097640206357,-2.10396207639524));
#4524=CARTESIAN_POINT('',(-18.4999999999999,225.097640206357,12.8984657475535));
#4525=CARTESIAN_POINT('',(15.0000000000001,225.097640206357,-2.10396207639524));
#4526=CARTESIAN_POINT('',(-18.4999999999999,225.097640206357,-2.10396207639524));
#4527=CARTESIAN_POINT('',(15.0000000000001,225.097640206357,14.8265563442389));
#4528=CARTESIAN_POINT('',(-3.46457445974508,225.097640206357,11.2390810227497));
#4529=CARTESIAN_POINT('Origin',(-4.46457445974508,225.097640206357,11.2390810227497));
#4530=CARTESIAN_POINT('',(-3.46457445974508,225.097640206357,4.35115618113853));
#4531=CARTESIAN_POINT('',(-3.46457445974508,225.097640206357,14.5675594731772));
#4532=CARTESIAN_POINT('',(-4.46457445974508,225.097640206357,3.35115618113853));
#4533=CARTESIAN_POINT('Origin',(-4.46457445974508,225.097640206357,4.35115618113853));
#4534=CARTESIAN_POINT('',(-9.55059494133065,225.097640206357,3.35115618113853));
#4535=CARTESIAN_POINT('',(-11.4822872298725,225.097640206357,3.35115618113853));
#4536=CARTESIAN_POINT('Origin',(-9.55059494133065,225.097640206357,4.35115618113853));
#4537=CARTESIAN_POINT('Origin',(-3.46457445974508,225.097640206357,11.2390810227497));
#4538=CARTESIAN_POINT('',(-3.46457445974508,237.978929956151,4.35115618113853));
#4539=CARTESIAN_POINT('Origin',(-3.46457445974508,227.164413528409,7.89603792360476));
#4540=CARTESIAN_POINT('',(-3.46457445974508,230.72878307509,4.35115618113853));
#4541=CARTESIAN_POINT('',(-3.46457445974508,225.097640206357,4.35115618113853));
#4542=CARTESIAN_POINT('',(-3.46457445974508,227.279913820683,4.35115618113853));
#4543=CARTESIAN_POINT('Origin',(-3.46457445974508,229.004348447887,2.90587931613943));
#4544=CARTESIAN_POINT('',(-3.46457445974508,225.097640206357,4.35115618113853));
#4545=CARTESIAN_POINT('',(-3.46457445974508,225.097640206357,11.2390810227497));
#4546=CARTESIAN_POINT('Origin',(-18.4999999999999,229.004348447887,12.9058793161394));
#4547=CARTESIAN_POINT('',(8.65000000000009,226.754348447887,12.9058793161394));
#4548=CARTESIAN_POINT('Origin',(8.65000000000009,229.004348447887,12.9058793161394));
#4549=CARTESIAN_POINT('',(-18.4999999999999,226.754348447887,12.9058793161394));
#4550=CARTESIAN_POINT('Origin',(36.5,111.402745805112,1.1089739468651));
#4551=CARTESIAN_POINT('',(41.5,111.393917677524,21.8242695134425));
#4552=CARTESIAN_POINT('',(36.5,116.394168286058,21.2372793264865));
#4553=CARTESIAN_POINT('Ctrl Pts',(41.5,111.393917677524,21.8242695134425));
#4554=CARTESIAN_POINT('Ctrl Pts',(41.5,112.021352902836,21.7434637434492));
#4555=CARTESIAN_POINT('Ctrl Pts',(41.3746990308178,112.691384732546,21.6601489685269));
#4556=CARTESIAN_POINT('Ctrl Pts',(40.8633678179352,113.925246529531,21.5120215360843));
#4557=CARTESIAN_POINT('Ctrl Pts',(40.4772951669696,114.489041034114,21.4470599149996));
#4558=CARTESIAN_POINT('Ctrl Pts',(39.5879009825536,115.376095504026,21.3471302527004));
#4559=CARTESIAN_POINT('Ctrl Pts',(39.026773892054,115.759748042926,21.3053107645642));
#4560=CARTESIAN_POINT('Ctrl Pts',(37.7965697716934,116.268794281354,21.2504610409606));
#4561=CARTESIAN_POINT('Ctrl Pts',(37.1274913508753,116.394168286058,21.2372793264865));
#4562=CARTESIAN_POINT('Ctrl Pts',(36.5,116.394168286058,21.2372793264865));
#4563=CARTESIAN_POINT('',(36.5,116.405634248333,-5.66772347572342));
#4564=CARTESIAN_POINT('',(36.5,116.402745351071,1.11110477013966));
#4565=CARTESIAN_POINT('',(41.5,111.405879074958,-6.24327717382094));
#4566=CARTESIAN_POINT('Ctrl Pts',(36.5,116.405634248333,-5.66772347572343));
#4567=CARTESIAN_POINT('Ctrl Pts',(37.1285741613987,116.405634248333,-5.66772347572343));
#4568=CARTESIAN_POINT('Ctrl Pts',(37.798746221193,116.279843258249,-5.68069248992834));
#4569=CARTESIAN_POINT('Ctrl Pts',(39.0306609271254,115.769188425359,-5.73465238403213));
#4570=CARTESIAN_POINT('Ctrl Pts',(39.5924047610552,115.384343261734,-5.77579281345537));
#4571=CARTESIAN_POINT('Ctrl Pts',(40.4805849772891,114.496204785146,-5.87392459420087));
#4572=CARTESIAN_POINT('Ctrl Pts',(40.865423744517,113.933104415839,-5.93756070533685));
#4573=CARTESIAN_POINT('Ctrl Pts',(41.37511106844,112.701087453298,-6.08261554375905));
#4574=CARTESIAN_POINT('Ctrl Pts',(41.5,112.032204679995,-6.16417961053096));
#4575=CARTESIAN_POINT('Ctrl Pts',(41.5,111.405879074958,-6.24327717382091));
#4576=CARTESIAN_POINT('',(41.5,111.402745805112,1.1089739468651));
#4577=CARTESIAN_POINT('Origin',(41.5,116.405634248333,-5.66772347572342));
#4578=CARTESIAN_POINT('',(-23.5,116.394168286058,21.2372793264865));
#4579=CARTESIAN_POINT('',(41.5,116.394168286058,21.2372793264865));
#4580=CARTESIAN_POINT('',(-23.5,116.394168688781,21.2363343325459));
#4581=CARTESIAN_POINT('',(-23.5,116.394168286058,21.2372793264865));
#4582=CARTESIAN_POINT('',(-13.4999999999999,116.394168688781,21.236334332546));
#4583=CARTESIAN_POINT('',(-23.4999999999999,116.394168688781,21.236334332546));
#4584=CARTESIAN_POINT('',(-13.4999999999999,116.405633308416,-5.66551794894927));
#4585=CARTESIAN_POINT('',(-13.4999999999999,116.402745212111,1.11143084044471));
#4586=CARTESIAN_POINT('',(-23.5,116.405633308416,-5.66551794894924));
#4587=CARTESIAN_POINT('',(-23.4999999999999,116.405633308416,-5.66551794894924));
#4588=CARTESIAN_POINT('',(-23.5,116.405634248333,-5.66772347572342));
#4589=CARTESIAN_POINT('',(-23.5,116.394168286058,21.2372793264865));
#4590=CARTESIAN_POINT('',(41.5,116.405634248333,-5.66772347572342));
#4591=CARTESIAN_POINT('Origin',(-13.4999999999999,111.402745666152,1.10930001717016));
#4592=CARTESIAN_POINT('',(-18.4999999999999,111.405877992336,-6.24073678883516));
#4593=CARTESIAN_POINT('Ctrl Pts',(-18.4999999999999,111.405877992336,-6.24073678883516));
#4594=CARTESIAN_POINT('Ctrl Pts',(-18.4999999999999,112.033261755549,-6.16154777864938));
#4595=CARTESIAN_POINT('Ctrl Pts',(-18.3746919424556,112.703203684248,-6.07990498557502));
#4596=CARTESIAN_POINT('Ctrl Pts',(-17.8634187729471,113.936840409725,-5.93475826646831));
#4597=CARTESIAN_POINT('Ctrl Pts',(-17.477413373857,114.500501297037,-5.87110808705798));
#4598=CARTESIAN_POINT('Ctrl Pts',(-16.588099001463,115.387519091977,-5.77317717475134));
#4599=CARTESIAN_POINT('Ctrl Pts',(-16.0269120048288,115.771198870432,-5.73219059001939));
#4600=CARTESIAN_POINT('Ctrl Pts',(-14.7966170224293,116.280265326947,-5.67843528257651));
#4601=CARTESIAN_POINT('Ctrl Pts',(-14.1275077982846,116.405633308416,-5.66551794894927));
#4602=CARTESIAN_POINT('Ctrl Pts',(-13.4999999999999,116.405633308416,-5.66551794894927));
#4603=CARTESIAN_POINT('',(-18.4999999999999,111.393918225827,21.8229829147023));
#4604=CARTESIAN_POINT('Ctrl Pts',(-13.4999999999999,116.394168688781,21.236334332546));
#4605=CARTESIAN_POINT('Ctrl Pts',(-14.1286161856391,116.394168688781,21.236334332546));
#4606=CARTESIAN_POINT('Ctrl Pts',(-14.7988163096089,116.268348489484,21.2495540796257));
#4607=CARTESIAN_POINT('Ctrl Pts',(-16.0307316977568,115.757624926324,21.3045527368343));
#4608=CARTESIAN_POINT('Ctrl Pts',(-16.592448283323,115.372741182616,21.3464841366299));
#4609=CARTESIAN_POINT('Ctrl Pts',(-17.4806434118355,114.484503347807,21.4465056581703));
#4610=CARTESIAN_POINT('Ctrl Pts',(-17.8654834786156,113.921302958354,21.5113728050822));
#4611=CARTESIAN_POINT('Ctrl Pts',(-18.3751405602301,112.689152855362,21.6592278341754));
#4612=CARTESIAN_POINT('Ctrl Pts',(-18.4999999999999,112.020238453369,21.7423637040155));
#4613=CARTESIAN_POINT('Ctrl Pts',(-18.4999999999999,111.393918225827,21.8229829147023));
#4614=CARTESIAN_POINT('',(-18.4999999999999,111.402745666152,1.10930001717016));
#4615=CARTESIAN_POINT('Origin',(-14.9999999999999,205.019158235609,24.238493789779));
#4616=CARTESIAN_POINT('',(-14.9999999999999,223.329873253391,19.6638048765711));
#4617=CARTESIAN_POINT('',(-14.9999999999999,186.640676264861,19.6638048765709));
#4618=CARTESIAN_POINT('',(-14.9999999999999,195.829917250235,19.663804876571));
#4619=CARTESIAN_POINT('',(-14.9999999999999,217.608522270643,25.3851558593186));
#4620=CARTESIAN_POINT('',(-14.9999999999999,208.134402986655,30.5809496559533));
#4621=CARTESIAN_POINT('',(-14.9999999999999,220.434391771108,24.2030418329441));
#4622=CARTESIAN_POINT('',(-14.9999999999999,189.440250267758,25.304426743624));
#4623=CARTESIAN_POINT('',(-14.9999999999999,205.862669392945,29.9397409027051));
#4624=CARTESIAN_POINT('',(-14.9999999999999,184.940676264861,24.5320307811866));
#4625=CARTESIAN_POINT('Origin',(-14.9999999999999,199.389487549317,-46.1468922298304));
#4626=CARTESIAN_POINT('',(-14.9999999999999,184.940676264861,17.9638048765709));
#4627=CARTESIAN_POINT('',(-14.9999999999999,184.940676264861,17.9638048765709));
#4628=CARTESIAN_POINT('Origin',(-14.9999999999999,186.640676264861,17.9638048765709));
#4629=CARTESIAN_POINT('Origin',(-18.4999999999999,232.597640206357,17.8960379236048));
#4630=CARTESIAN_POINT('',(-18.4999999999999,232.597640206357,17.8960379236048));
#4631=CARTESIAN_POINT('',(-18.4999999999999,232.597640206357,17.8960379236048));
#4632=CARTESIAN_POINT('',(-18.4999999999999,208.134402986655,30.5809496559532));
#4633=CARTESIAN_POINT('',(-18.4999999999999,198.38373270274,35.6369604680901));
#4634=CARTESIAN_POINT('',(-18.4999999999999,208.134402986655,30.5809496559532));
#4635=CARTESIAN_POINT('Origin',(15.0000000000001,208.611891129114,7.86810303401843));
#4636=CARTESIAN_POINT('',(15.0000000000001,223.329873253391,-3.87172902936161));
#4637=CARTESIAN_POINT('',(15.0000000000001,225.097640206357,-2.10396207639524));
#4638=CARTESIAN_POINT('',(15.0000000000001,186.740676264861,-3.87172902936179));
#4639=CARTESIAN_POINT('',(15.0000000000001,223.329873253391,-3.87172902936161));
#4640=CARTESIAN_POINT('',(15.0000000000001,184.940676264861,-2.0717290293618));
#4641=CARTESIAN_POINT('Origin',(15.0000000000001,186.740676264861,-2.07172902936176));
#4642=CARTESIAN_POINT('',(15.0000000000001,184.940676264861,24.5320307811866));
#4643=CARTESIAN_POINT('',(15.0000000000001,184.940676264861,17.8180627598458));
#4644=CARTESIAN_POINT('',(15.0000000000001,178.678685440404,23.3410727018041));
#4645=CARTESIAN_POINT('',(15.0000000000001,184.940676264861,24.5320307811865));
#4646=CARTESIAN_POINT('',(15.0000000000001,168.678685440404,11.0042970428339));
#4647=CARTESIAN_POINT('',(15.0000000000001,166.084767197115,7.80423829831765));
#4648=CARTESIAN_POINT('',(15.0000000000001,168.678685440404,4.60417955380146));
#4649=CARTESIAN_POINT('',(15.0000000000001,168.678685440404,14.8138687771834));
#4650=CARTESIAN_POINT('',(15.0000000000001,178.678685440404,-7.73259610516885));
#4651=CARTESIAN_POINT('',(15.0000000000001,178.678685440404,-7.73259610516885));
#4652=CARTESIAN_POINT('',(15.0000000000001,184.940676264861,-8.89923645050102));
#4653=CARTESIAN_POINT('',(15.0000000000001,184.940676264861,-8.89923645050102));
#4654=CARTESIAN_POINT('',(15.0000000000001,192.776162152214,-10.0277794237668));
#4655=CARTESIAN_POINT('Origin',(15.0000000000001,199.147773292535,61.9755870951454));
#4656=CARTESIAN_POINT('',(15.0000000000001,208.190262519182,-14.8447435879164));
#4657=CARTESIAN_POINT('',(15.0000000000001,208.190262519182,-14.8447435879164));
#4658=CARTESIAN_POINT('',(15.0000000000001,232.597640206357,-2.10396207639524));
#4659=CARTESIAN_POINT('',(15.0000000000001,232.597640206357,-2.10396207639524));
#4660=CARTESIAN_POINT('Origin',(15.0000000000001,227.164413528409,7.89603792360476));
#4661=CARTESIAN_POINT('',(15.0000000000001,225.854348447887,12.9058793161394));
#4662=CARTESIAN_POINT('Origin',(15.0000000000001,229.004348447887,12.9058793161394));
#4663=CARTESIAN_POINT('',(15.0000000000001,177.854348447887,2.90587931613943));
#4664=CARTESIAN_POINT('Origin',(15.0000000000001,181.004348447887,2.90587931613943));
#4665=CARTESIAN_POINT('',(15.0000000000001,177.854348447887,12.9058793161394));
#4666=CARTESIAN_POINT('Origin',(15.0000000000001,181.004348447887,12.9058793161394));
#4667=CARTESIAN_POINT('',(15.0000000000001,225.854348447887,2.90587931613943));
#4668=CARTESIAN_POINT('Origin',(15.0000000000001,229.004348447887,2.90587931613943));
#4669=CARTESIAN_POINT('Origin',(-18.4999999999999,223.329873253391,19.6638048765711));
#4670=CARTESIAN_POINT('',(-18.4999999999999,223.329873253391,19.6638048765711));
#4671=CARTESIAN_POINT('',(-18.4999999999999,223.329873253391,19.6638048765711));
#4672=CARTESIAN_POINT('',(-18.4999999999999,205.585298188067,37.4083799418944));
#4673=CARTESIAN_POINT('Origin',(-18.4999999999999,186.640676264861,19.6638048765709));
#4674=CARTESIAN_POINT('',(-18.4999999999999,186.640676264861,19.6638048765709));
#4675=CARTESIAN_POINT('',(-18.4999999999999,186.640676264861,19.6638048765709));
#4676=CARTESIAN_POINT('',(-18.4999999999999,163.614668975945,19.6638048765708));
#4677=CARTESIAN_POINT('Origin',(-20.9999999999999,40.5129409329806,7.90502224046933));
#4678=CARTESIAN_POINT('',(-23.4999999999999,42.0629409329806,7.90502224046933));
#4679=CARTESIAN_POINT('Origin',(-23.4999999999999,40.5129409329806,7.90502224046933));
#4680=CARTESIAN_POINT('',(-20.9999999999999,42.0629409329806,7.90502224046933));
#4681=CARTESIAN_POINT('',(-20.9999999999999,42.0629409329806,7.90502224046933));
#4682=CARTESIAN_POINT('Origin',(-20.9999999999999,40.5129409329806,7.90502224046933));
#4683=CARTESIAN_POINT('Origin',(-20.9999999999999,44.5129409329806,7.90502224046933));
#4684=CARTESIAN_POINT('',(-23.4999999999999,46.0629409329806,7.90502224046933));
#4685=CARTESIAN_POINT('Origin',(-23.4999999999999,44.5129409329806,7.90502224046933));
#4686=CARTESIAN_POINT('',(-20.9999999999999,46.0629409329806,7.90502224046933));
#4687=CARTESIAN_POINT('',(-20.9999999999999,46.0629409329806,7.90502224046933));
#4688=CARTESIAN_POINT('Origin',(-20.9999999999999,44.5129409329806,7.90502224046933));
#4689=CARTESIAN_POINT('Origin',(8.65000000000009,229.004348447887,12.9058793161394));
#4690=CARTESIAN_POINT('',(8.65000000000009,225.854348447887,12.9058793161394));
#4691=CARTESIAN_POINT('Origin',(8.65000000000009,229.004348447887,12.9058793161394));
#4692=CARTESIAN_POINT('Origin',(11.8250000000001,229.004348447887,12.9058793161394));
#4693=CARTESIAN_POINT('',(11.8250000000001,225.854348447887,12.9058793161394));
#4694=CARTESIAN_POINT('Origin',(8.65000000000009,181.004348447887,2.90587931613943));
#4695=CARTESIAN_POINT('',(8.65000000000009,177.854348447887,2.90587931613943));
#4696=CARTESIAN_POINT('Origin',(8.65000000000009,181.004348447887,2.90587931613943));
#4697=CARTESIAN_POINT('',(8.65000000000009,178.754348447887,2.90587931613943));
#4698=CARTESIAN_POINT('Origin',(8.65000000000009,181.004348447887,2.90587931613943));
#4699=CARTESIAN_POINT('Origin',(11.8250000000001,181.004348447887,2.90587931613943));
#4700=CARTESIAN_POINT('',(11.8250000000001,177.854348447887,2.90587931613943));
#4701=CARTESIAN_POINT('Origin',(8.65000000000009,181.004348447887,12.9058793161394));
#4702=CARTESIAN_POINT('',(8.65000000000009,177.854348447887,12.9058793161394));
#4703=CARTESIAN_POINT('Origin',(8.65000000000009,181.004348447887,12.9058793161394));
#4704=CARTESIAN_POINT('',(8.65000000000009,178.754348447887,12.9058793161394));
#4705=CARTESIAN_POINT('Origin',(8.65000000000009,181.004348447887,12.9058793161394));
#4706=CARTESIAN_POINT('Origin',(11.8250000000001,181.004348447887,12.9058793161394));
#4707=CARTESIAN_POINT('',(11.8250000000001,177.854348447887,12.9058793161394));
#4708=CARTESIAN_POINT('Origin',(8.65000000000009,229.004348447887,2.90587931613943));
#4709=CARTESIAN_POINT('',(8.65000000000009,225.854348447887,2.90587931613943));
#4710=CARTESIAN_POINT('Origin',(8.65000000000009,229.004348447887,2.90587931613943));
#4711=CARTESIAN_POINT('',(8.65000000000009,226.754348447887,2.90587931613943));
#4712=CARTESIAN_POINT('Origin',(8.65000000000009,229.004348447887,2.90587931613943));
#4713=CARTESIAN_POINT('Origin',(11.8250000000001,229.004348447887,2.90587931613943));
#4714=CARTESIAN_POINT('',(11.8250000000001,225.854348447887,2.90587931613943));
#4715=CARTESIAN_POINT('Origin',(15.0000000000001,178.678685440404,-7.73259610516885));
#4716=CARTESIAN_POINT('',(-13.4999999999999,168.678685440404,4.60417955380146));
#4717=CARTESIAN_POINT('',(28.25,168.678685440404,4.60417955380147));
#4718=CARTESIAN_POINT('',(-18.4999999999999,173.678685440404,-1.56420827568367));
#4719=CARTESIAN_POINT('Origin',(-13.4999999999999,173.678685440404,-1.56420827568367));
#4720=CARTESIAN_POINT('',(-18.4999999999999,178.678685440404,-7.73259610516885));
#4721=CARTESIAN_POINT('',(-18.4999999999999,167.303266800479,6.30100267359323));
#4722=CARTESIAN_POINT('',(-18.4999999999999,178.678685440404,-7.73259610516885));
#4723=CARTESIAN_POINT('Origin',(15.0000000000001,166.084767197115,7.80423829831765));
#4724=CARTESIAN_POINT('',(-13.4999999999999,168.678685440404,11.0042970428339));
#4725=CARTESIAN_POINT('',(28.25,168.678685440404,11.0042970428339));
#4726=CARTESIAN_POINT('',(-18.4999999999999,178.678685440404,23.3410727018041));
#4727=CARTESIAN_POINT('',(-18.4999999999999,178.678685440404,23.3410727018041));
#4728=CARTESIAN_POINT('',(-18.4999999999999,173.678685440404,17.1726848723191));
#4729=CARTESIAN_POINT('',(-18.4999999999999,161.053588930813,1.59738654115179));
#4730=CARTESIAN_POINT('Origin',(-13.4999999999999,173.678685440404,17.1726848723191));
#4731=CARTESIAN_POINT('Origin',(41.5,168.678685440404,21.8234992560492));
#4732=CARTESIAN_POINT('',(-13.4999999999999,168.678685440404,21.8234992560492));
#4733=CARTESIAN_POINT('',(-13.4999999999999,168.678685440404,14.8621964137758));
#4734=CARTESIAN_POINT('',(36.5,168.678685440404,21.8234992560492));
#4735=CARTESIAN_POINT('',(41.5,168.678685440404,21.8234992560492));
#4736=CARTESIAN_POINT('',(36.5,168.678685440404,-6.24403244750831));
#4737=CARTESIAN_POINT('',(36.5,168.678685440404,14.8618735412622));
#4738=CARTESIAN_POINT('',(-13.4999999999999,168.678685440404,-6.24403244750831));
#4739=CARTESIAN_POINT('',(41.5,168.678685440404,-6.24403244750831));
#4740=CARTESIAN_POINT('',(-13.4999999999999,168.678685440404,14.8621964137758));
#4741=CARTESIAN_POINT('Origin',(-13.4999999999999,173.678685440404,14.8621964137758));
#4742=CARTESIAN_POINT('',(-18.4999999999999,173.678685440404,22.5246035460286));
#4743=CARTESIAN_POINT('',(-18.4999999999999,173.678685440404,14.8621964137758));
#4744=CARTESIAN_POINT('Ctrl Pts',(-18.4999999999999,173.678685440404,22.5246035460286));
#4745=CARTESIAN_POINT('Ctrl Pts',(-18.4999999999999,173.051306875338,22.4294190101251));
#4746=CARTESIAN_POINT('Ctrl Pts',(-18.3747152196997,172.381124411106,22.3307450914507));
#4747=CARTESIAN_POINT('Ctrl Pts',(-17.8629058531628,171.146578479627,22.1543285609918));
#4748=CARTESIAN_POINT('Ctrl Pts',(-17.4763254028477,170.582259303218,22.076438113966));
#4749=CARTESIAN_POINT('Ctrl Pts',(-16.5863652710317,169.695672931906,21.9563665800655));
#4750=CARTESIAN_POINT('Ctrl Pts',(-16.0257131275748,169.312527987247,21.9058834733277));
#4751=CARTESIAN_POINT('Ctrl Pts',(-14.7962213010331,168.804019487424,21.8395253749817));
#4752=CARTESIAN_POINT('Ctrl Pts',(-14.1273775750681,168.678685440404,21.8234992560492));
#4753=CARTESIAN_POINT('Ctrl Pts',(-13.4999999999999,168.678685440404,21.8234992560492));
#4754=CARTESIAN_POINT('Origin',(-18.4999999999999,140.588661687029,7.90089357150229));
#4755=CARTESIAN_POINT('',(-18.4999999999999,178.901432300841,23.3834365730604));
#4756=CARTESIAN_POINT('',(-18.4999999999999,162.012493961432,20.1713562408833));
#4757=CARTESIAN_POINT('',(-18.4999999999999,130.39123806111,20.1949068045027));
#4758=CARTESIAN_POINT('Origin',(-18.4999999999999,140.024284716076,244.24859961387));
#4759=CARTESIAN_POINT('Origin',(-18.4999999999999,140.039292297875,244.247953868861));
#4760=CARTESIAN_POINT('Origin',(-24.2499999999999,214.960054461201,7.93774083690931));
#4761=CARTESIAN_POINT('',(-23.4999999999999,224.910054461201,7.93774083690931));
#4762=CARTESIAN_POINT('Origin',(-23.4999999999999,214.960054461201,7.93774083690931));
#4763=CARTESIAN_POINT('',(-24.9999999999999,219.910054461201,7.93774083690931));
#4764=CARTESIAN_POINT('',(-24.2499999999999,222.410054461201,7.93774083690931));
#4765=CARTESIAN_POINT('Origin',(-24.9999999999999,214.960054461201,7.93774083690931));
#4766=CARTESIAN_POINT('Origin',(-23.4999999999999,214.960054461201,7.93774083690931));
#4767=CARTESIAN_POINT('',(-33.4999999999999,219.910054461201,7.93774083690931));
#4768=CARTESIAN_POINT('Origin',(-33.4999999999999,214.960054461201,7.93774083690931));
#4769=CARTESIAN_POINT('',(-23.4999999999999,219.910054461201,7.93774083690931));
#4770=CARTESIAN_POINT('Origin',(-23.4999999999999,140.588661687029,7.90089357150229));
#4771=CARTESIAN_POINT('',(-23.4999999999999,69.1942201747392,-15.6952073788376));
#4772=CARTESIAN_POINT('Origin',(-23.4999999999999,140.024284716076,-232.973255169887));
#4773=CARTESIAN_POINT('',(-23.4999999999999,61.1238684382118,-14.864567500092));
#4774=CARTESIAN_POINT('Origin',(-23.4999999999999,66.0948634797265,-6.18763207926273));
#4775=CARTESIAN_POINT('',(-23.4999999999999,35.784856481741,-0.347909638362448));
#4776=CARTESIAN_POINT('',(-23.4999999999999,61.1238684382118,-14.864567500092));
#4777=CARTESIAN_POINT('',(-23.4999999999999,35.7866115926157,16.1589593701728));
#4778=CARTESIAN_POINT('Origin',(-23.4999999999999,40.5129409329806,7.90502224046933));
#4779=CARTESIAN_POINT('',(-23.4999999999999,61.0912903087279,30.6488014400946));
#4780=CARTESIAN_POINT('',(-23.4999999999999,61.0912903087279,30.6488014400946));
#4781=CARTESIAN_POINT('',(-23.4999999999999,69.217770802366,31.4592896456324));
#4782=CARTESIAN_POINT('Origin',(-23.4999999999999,66.0604400685973,21.9708091225138));
#4783=CARTESIAN_POINT('Origin',(-23.4999999999999,140.024284716076,244.24859961387));
#4784=CARTESIAN_POINT('',(-23.5,130.39123806111,20.1949068045027));
#4785=CARTESIAN_POINT('Origin',(-23.5,140.039292297875,244.247953868861));
#4786=CARTESIAN_POINT('',(-23.4999999999999,215.024284716076,32.9008935715023));
#4787=CARTESIAN_POINT('Origin',(-23.4999999999999,140.024284716076,244.24859961387));
#4788=CARTESIAN_POINT('',(-23.4999999999999,215.024284716076,-17.0991064284977));
#4789=CARTESIAN_POINT('Origin',(-23.4999999999999,223.709900900004,7.90089357150229));
#4790=CARTESIAN_POINT('',(-23.5,149.855933706188,-4.653333189884));
#4791=CARTESIAN_POINT('Origin',(-23.4999999999999,140.024284716076,-232.973255169887));
#4792=CARTESIAN_POINT('Origin',(-23.5,140.039292297875,-232.973900914913));
#4793=CARTESIAN_POINT('Origin',(41.,215.022812075202,7.92699055911833));
#4794=CARTESIAN_POINT('',(41.5,206.472812075202,7.92699055911833));
#4795=CARTESIAN_POINT('Origin',(41.5,215.022812075202,7.92699055911833));
#4796=CARTESIAN_POINT('',(40.5,207.472812075202,7.92699055911833));
#4797=CARTESIAN_POINT('',(41.,206.972812075202,7.92699055911833));
#4798=CARTESIAN_POINT('Origin',(40.5,215.022812075202,7.92699055911833));
#4799=CARTESIAN_POINT('Origin',(41.5,140.603669268828,7.90024782647524));
#4800=CARTESIAN_POINT('',(41.5,173.678685440404,22.5246035460287));
#4801=CARTESIAN_POINT('',(41.5,173.678685440404,-6.93178244178124));
#4802=CARTESIAN_POINT('',(41.5,173.678685440404,14.8618735412622));
#4803=CARTESIAN_POINT('',(41.5,215.039292297875,32.9002478264752));
#4804=CARTESIAN_POINT('Origin',(41.5,140.039292297875,244.247953868843));
#4805=CARTESIAN_POINT('',(41.5,215.039292297875,-17.0997521735248));
#4806=CARTESIAN_POINT('Origin',(41.5,223.724908481803,7.90024782647524));
#4807=CARTESIAN_POINT('Origin',(41.5,140.039292297875,-232.973900914915));
#4808=CARTESIAN_POINT('Origin',(43.5,215.022812075202,7.92699055911833));
#4809=CARTESIAN_POINT('',(40.5,209.522812075202,7.92699055911833));
#4810=CARTESIAN_POINT('Origin',(40.5,215.022812075202,7.92699055911833));
#4811=CARTESIAN_POINT('',(43.5,209.522812075202,7.92699055911833));
#4812=CARTESIAN_POINT('',(43.5,209.522812075202,7.92699055911833));
#4813=CARTESIAN_POINT('Origin',(43.5,215.022812075202,7.92699055911833));
#4814=CARTESIAN_POINT('Origin',(43.5,215.022812075202,7.92699055911833));
#4815=CARTESIAN_POINT('',(43.5,207.472812075202,7.92699055911833));
#4816=CARTESIAN_POINT('Origin',(43.5,215.022812075202,7.92699055911833));
#4817=CARTESIAN_POINT('Origin',(40.5,215.022812075202,7.92699055911833));
#4818=CARTESIAN_POINT('Origin',(47.5,215.022812075202,7.92699055911833));
#4819=CARTESIAN_POINT('',(48.5,206.472812075202,7.92699055911833));
#4820=CARTESIAN_POINT('Origin',(48.5,215.022812075202,7.92699055911833));
#4821=CARTESIAN_POINT('',(46.5,207.472812075202,7.92699055911833));
#4822=CARTESIAN_POINT('',(47.5,206.972812075202,7.92699055911833));
#4823=CARTESIAN_POINT('Origin',(46.5,215.022812075202,7.92699055911833));
#4824=CARTESIAN_POINT('Origin',(48.5,215.022812075202,7.92699055911833));
#4825=CARTESIAN_POINT('',(48.5,200.022812075202,7.92699055911833));
#4826=CARTESIAN_POINT('Origin',(48.5,215.022812075202,7.92699055911833));
#4827=CARTESIAN_POINT('Origin',(46.5,215.022812075202,7.92699055911833));
#4828=CARTESIAN_POINT('',(46.5,207.472812075202,7.92699055911833));
#4829=CARTESIAN_POINT('Origin',(47.5,215.022812075202,7.92699055911833));
#4830=CARTESIAN_POINT('',(46.5,198.022812075202,7.92699055911833));
#4831=CARTESIAN_POINT('Origin',(46.5,215.022812075202,7.92699055911833));
#4832=CARTESIAN_POINT('',(47.5,199.022812075202,7.92699055911833));
#4833=CARTESIAN_POINT('Origin',(46.5,140.603669268828,7.90024782647524));
#4834=CARTESIAN_POINT('',(46.5,61.1388760200109,-14.8652132451191));
#4835=CARTESIAN_POINT('',(46.5,69.2092277565382,-15.6958531238646));
#4836=CARTESIAN_POINT('Origin',(46.5,66.1098710615256,-6.18827782428978));
#4837=CARTESIAN_POINT('',(46.5,215.039292297875,-17.0997521735248));
#4838=CARTESIAN_POINT('Origin',(46.5,140.039292297875,-232.973900914915));
#4839=CARTESIAN_POINT('',(46.5,215.039292297875,32.9002478264752));
#4840=CARTESIAN_POINT('Origin',(46.5,223.724908481803,7.90024782647524));
#4841=CARTESIAN_POINT('',(46.5,69.2327783841651,31.4586439006054));
#4842=CARTESIAN_POINT('Origin',(46.5,140.039292297875,244.247953868843));
#4843=CARTESIAN_POINT('',(46.5,61.106297890527,30.6481556950676));
#4844=CARTESIAN_POINT('Origin',(46.5,66.0754476503964,21.9701633774867));
#4845=CARTESIAN_POINT('',(46.5,35.8016191744148,16.1583136251457));
#4846=CARTESIAN_POINT('',(46.5,61.106297890527,30.6481556950676));
#4847=CARTESIAN_POINT('',(46.5,35.7998640635401,-0.348555383389493));
#4848=CARTESIAN_POINT('Origin',(46.5,40.5279485147796,7.90437649544228));
#4849=CARTESIAN_POINT('',(46.5,61.1388760200109,-14.8652132451191));
#4850=CARTESIAN_POINT('Origin',(-33.4999999999999,214.960054461201,7.93774083690931));
#4851=CARTESIAN_POINT('Origin',(-4.46457445974508,225.097640206357,4.35115618113853));
#4852=CARTESIAN_POINT('',(-4.46457445974508,226.798848841562,3.35115618113853));
#4853=CARTESIAN_POINT('Ctrl Pts',(-4.46457445974508,226.798848841562,3.35115618113853));
#4854=CARTESIAN_POINT('Ctrl Pts',(-4.36512306552618,226.798848841562,3.35115618113853));
#4855=CARTESIAN_POINT('Ctrl Pts',(-4.25787012331979,226.801842702316,3.36696605207766));
#4856=CARTESIAN_POINT('Ctrl Pts',(-4.05510044346235,226.816617915741,3.43263134529948));
#4857=CARTESIAN_POINT('Ctrl Pts',(-3.95959916376812,226.828663916567,3.48247468457961));
#4858=CARTESIAN_POINT('Ctrl Pts',(-3.79520725494152,226.863435767886,3.60089887691874));
#4859=CARTESIAN_POINT('Ctrl Pts',(-3.71536002957169,226.889636955476,3.68012785386294));
#4860=CARTESIAN_POINT('Ctrl Pts',(-3.58965057200884,226.962163923832,3.85506209654036));
#4861=CARTESIAN_POINT('Ctrl Pts',(-3.54365779082822,227.00892762228,3.950491582639));
#4862=CARTESIAN_POINT('Ctrl Pts',(-3.48154959125331,227.118950046892,4.13930325354155));
#4863=CARTESIAN_POINT('Ctrl Pts',(-3.46497616256856,227.192923357039,4.24689152143076));
#4864=CARTESIAN_POINT('Ctrl Pts',(-3.46457702490896,227.27772334464,4.34853958921099));
#4865=CARTESIAN_POINT('Ctrl Pts',(-3.46457445974508,227.278817811321,4.34984847564512));
#4866=CARTESIAN_POINT('Ctrl Pts',(-3.46457445974508,227.279913820683,4.35115618113853));
#4867=CARTESIAN_POINT('',(-4.46457445974508,225.097640206357,3.35115618113853));
#4868=CARTESIAN_POINT('Origin',(-4.46457445974508,225.097640206357,4.35115618113853));
#4869=CARTESIAN_POINT('',(-4.46457445974508,237.598204885388,3.35115618113853));
#4870=CARTESIAN_POINT('Ctrl Pts',(-4.46457445974508,237.598204885388,3.35115618113853));
#4871=CARTESIAN_POINT('Ctrl Pts',(-4.33677736787387,237.598204885388,3.35115618113853));
#4872=CARTESIAN_POINT('Ctrl Pts',(-4.20157829662628,237.609650802341,3.37717661481544));
#4873=CARTESIAN_POINT('Ctrl Pts',(-3.95541158580818,237.653622577877,3.48020474021683));
#4874=CARTESIAN_POINT('Ctrl Pts',(-3.8443776606376,237.685948142838,3.55713941787292));
#4875=CARTESIAN_POINT('Ctrl Pts',(-3.66774324795514,237.757093372755,3.73377383055537));
#4876=CARTESIAN_POINT('Ctrl Pts',(-3.59109016113496,237.801045000808,3.84644607262643));
#4877=CARTESIAN_POINT('Ctrl Pts',(-3.48950115215282,237.891467688629,4.09243012561902));
#4878=CARTESIAN_POINT('Ctrl Pts',(-3.46457445974508,237.937834345718,4.2257841133456));
#4879=CARTESIAN_POINT('Ctrl Pts',(-3.46457445974508,237.978929956151,4.35115618113853));
#4880=CARTESIAN_POINT('',(-4.46457445974508,231.209848054211,3.35115618113853));
#4881=CARTESIAN_POINT('',(-4.46457445974508,225.097640206357,3.35115618113853));
#4882=CARTESIAN_POINT('Ctrl Pts',(-3.46457445974508,230.72878307509,4.35115618113853));
#4883=CARTESIAN_POINT('Ctrl Pts',(-3.46457445974508,230.729879084452,4.34984847564509));
#4884=CARTESIAN_POINT('Ctrl Pts',(-3.46457702490896,230.730973551133,4.34853958921097));
#4885=CARTESIAN_POINT('Ctrl Pts',(-3.46497616256856,230.815773538734,4.24689152143071));
#4886=CARTESIAN_POINT('Ctrl Pts',(-3.48154959125331,230.889746848881,4.13930325354155));
#4887=CARTESIAN_POINT('Ctrl Pts',(-3.54365779082822,230.999769273493,3.950491582639));
#4888=CARTESIAN_POINT('Ctrl Pts',(-3.58965057200884,231.046532971941,3.85506209654036));
#4889=CARTESIAN_POINT('Ctrl Pts',(-3.71536002957169,231.119059940298,3.68012785386294));
#4890=CARTESIAN_POINT('Ctrl Pts',(-3.79520725494152,231.145261127887,3.60089887691874));
#4891=CARTESIAN_POINT('Ctrl Pts',(-3.95959916376812,231.180032979206,3.48247468457961));
#4892=CARTESIAN_POINT('Ctrl Pts',(-4.05510044346235,231.192078980032,3.43263134529948));
#4893=CARTESIAN_POINT('Ctrl Pts',(-4.25787012331979,231.206854193457,3.36696605207766));
#4894=CARTESIAN_POINT('Ctrl Pts',(-4.36512306552618,231.209848054211,3.35115618113853));
#4895=CARTESIAN_POINT('Ctrl Pts',(-4.46457445974508,231.209848054211,3.35115618113853));
#4896=CARTESIAN_POINT('Origin',(-4.46457445974508,225.097640206357,3.35115618113853));
#4897=CARTESIAN_POINT('',(-9.55059494133065,226.798848841562,3.35115618113853));
#4898=CARTESIAN_POINT('',(-18.4999999999999,226.798848841562,3.35115618113853));
#4899=CARTESIAN_POINT('',(-9.55059494133065,225.097640206357,3.35115618113853));
#4900=CARTESIAN_POINT('Origin',(-4.46457445974508,225.097640206357,3.35115618113853));
#4901=CARTESIAN_POINT('',(-9.55059494133065,237.598204885388,3.35115618113853));
#4902=CARTESIAN_POINT('',(-18.4999999999999,237.598204885388,3.35115618113853));
#4903=CARTESIAN_POINT('',(-9.55059494133065,231.209848054211,3.35115618113853));
#4904=CARTESIAN_POINT('',(-9.55059494133065,225.097640206357,3.35115618113853));
#4905=CARTESIAN_POINT('',(-18.4999999999999,231.209848054211,3.35115618113853));
#4906=CARTESIAN_POINT('Origin',(-9.55059494133065,225.097640206357,4.35115618113853));
#4907=CARTESIAN_POINT('Ctrl Pts',(-10.5505949413307,227.279913820683,4.35115618113853));
#4908=CARTESIAN_POINT('Ctrl Pts',(-10.5505949413307,227.278817811321,4.34984847564512));
#4909=CARTESIAN_POINT('Ctrl Pts',(-10.5505923761668,227.27772334464,4.34853958921096));
#4910=CARTESIAN_POINT('Ctrl Pts',(-10.5501932385072,227.192923357039,4.24689152143071));
#4911=CARTESIAN_POINT('Ctrl Pts',(-10.5336198098224,227.118950046892,4.13930325354155));
#4912=CARTESIAN_POINT('Ctrl Pts',(-10.4715116102475,227.00892762228,3.950491582639));
#4913=CARTESIAN_POINT('Ctrl Pts',(-10.4255188290669,226.962163923832,3.85506209654036));
#4914=CARTESIAN_POINT('Ctrl Pts',(-10.299809371504,226.889636955476,3.68012785386294));
#4915=CARTESIAN_POINT('Ctrl Pts',(-10.2199621461342,226.863435767886,3.60089887691874));
#4916=CARTESIAN_POINT('Ctrl Pts',(-10.0555702373076,226.828663916567,3.48247468457961));
#4917=CARTESIAN_POINT('Ctrl Pts',(-9.96006895761339,226.816617915741,3.43263134529948));
#4918=CARTESIAN_POINT('Ctrl Pts',(-9.75729927775595,226.801842702316,3.36696605207766));
#4919=CARTESIAN_POINT('Ctrl Pts',(-9.65004633554956,226.798848841562,3.35115618113853));
#4920=CARTESIAN_POINT('Ctrl Pts',(-9.55059494133065,226.798848841562,3.35115618113853));
#4921=CARTESIAN_POINT('Origin',(-4.46457445974508,225.097640206357,11.2390810227497));
#4922=CARTESIAN_POINT('Origin',(-3.46457445974508,225.097640206357,11.2390810227497));
#4923=CARTESIAN_POINT('Origin',(-3.46457445974508,227.164413528409,7.89603792360476));
#4924=CARTESIAN_POINT('Origin',(-9.55059494133065,225.097640206357,4.35115618113853));
#4925=CARTESIAN_POINT('Ctrl Pts',(-10.5505949413307,237.978929956151,4.35115618113853));
#4926=CARTESIAN_POINT('Ctrl Pts',(-10.5505949413307,237.937128269085,4.22363005634092));
#4927=CARTESIAN_POINT('Ctrl Pts',(-10.5248140971256,237.889965427388,4.08813417857066));
#4928=CARTESIAN_POINT('Ctrl Pts',(-10.4199766746505,237.798171580918,3.83884873008342));
#4929=CARTESIAN_POINT('Ctrl Pts',(-10.3409310663284,237.753651418051,3.7250137453691));
#4930=CARTESIAN_POINT('Ctrl Pts',(-10.1618682838981,237.683211396441,3.55056783920139));
#4931=CARTESIAN_POINT('Ctrl Pts',(-10.0519450629215,237.651846848294,3.47601131092818));
#4932=CARTESIAN_POINT('Ctrl Pts',(-9.80910089187125,237.609248684225,3.3762689571286));
#4933=CARTESIAN_POINT('Ctrl Pts',(-9.67611668868362,237.598204885388,3.35115618113853));
#4934=CARTESIAN_POINT('Ctrl Pts',(-9.55059494133065,237.598204885388,3.35115618113853));
#4935=CARTESIAN_POINT('Ctrl Pts',(-9.55059494133065,231.209848054211,3.35115618113853));
#4936=CARTESIAN_POINT('Ctrl Pts',(-9.65004633554956,231.209848054211,3.35115618113853));
#4937=CARTESIAN_POINT('Ctrl Pts',(-9.75729927775595,231.206854193457,3.36696605207766));
#4938=CARTESIAN_POINT('Ctrl Pts',(-9.96006895761339,231.192078980032,3.43263134529948));
#4939=CARTESIAN_POINT('Ctrl Pts',(-10.0555702373076,231.180032979206,3.48247468457961));
#4940=CARTESIAN_POINT('Ctrl Pts',(-10.2199621461342,231.145261127887,3.60089887691874));
#4941=CARTESIAN_POINT('Ctrl Pts',(-10.299809371504,231.119059940298,3.68012785386294));
#4942=CARTESIAN_POINT('Ctrl Pts',(-10.4255188290669,231.046532971941,3.85506209654036));
#4943=CARTESIAN_POINT('Ctrl Pts',(-10.4715116102475,230.999769273493,3.950491582639));
#4944=CARTESIAN_POINT('Ctrl Pts',(-10.5336198098224,230.889746848881,4.13930325354155));
#4945=CARTESIAN_POINT('Ctrl Pts',(-10.5501932385072,230.815773538734,4.24689152143071));
#4946=CARTESIAN_POINT('Ctrl Pts',(-10.5505923761668,230.730973551133,4.34853958921097));
#4947=CARTESIAN_POINT('Ctrl Pts',(-10.5505949413307,230.729879084452,4.34984847564509));
#4948=CARTESIAN_POINT('Ctrl Pts',(-10.5505949413307,230.72878307509,4.35115618113853));
#4949=CARTESIAN_POINT('Origin',(-18.4999999999999,225.097640206357,-2.10396207639524));
#4950=CARTESIAN_POINT('',(-18.4999999999999,223.329873253391,-3.87172902936161));
#4951=CARTESIAN_POINT('',(-18.4999999999999,223.329873253391,-3.87172902936161));
#4952=CARTESIAN_POINT('',(-18.4999999999999,206.4716094885,-20.7299927942529));
#4953=CARTESIAN_POINT('Origin',(-18.4999999999999,223.329873253391,-3.87172902936161));
#4954=CARTESIAN_POINT('',(-18.4999999999999,186.740676264861,-3.87172902936179));
#4955=CARTESIAN_POINT('',(-18.4999999999999,186.740676264861,-3.87172902936179));
#4956=CARTESIAN_POINT('',(-18.4999999999999,181.95926747021,-3.87172902936182));
#4957=CARTESIAN_POINT('Origin',(-18.4999999999999,186.740676264861,-2.07172902936176));
#4958=CARTESIAN_POINT('',(-18.4999999999999,184.940676264861,-2.0717290293618));
#4959=CARTESIAN_POINT('',(-18.4999999999999,184.940676264861,-2.0717290293618));
#4960=CARTESIAN_POINT('Origin',(-18.4999999999999,186.740676264861,-2.07172902936176));
#4961=CARTESIAN_POINT('Origin',(-18.4999999999999,184.940676264861,-2.0717290293618));
#4962=CARTESIAN_POINT('',(-18.4999999999999,184.940676264861,17.9638048765709));
#4963=CARTESIAN_POINT('',(-18.4999999999999,184.940676264861,17.9638048765709));
#4964=CARTESIAN_POINT('',(-18.4999999999999,184.940676264861,24.5320307811866));
#4965=CARTESIAN_POINT('',(-18.4999999999999,184.940676264861,2.9145822710702));
#4966=CARTESIAN_POINT('Origin',(-18.4999999999999,178.678685440404,-7.73259610516885));
#4967=CARTESIAN_POINT('',(-18.4999999999999,184.940676264861,-8.89923645050102));
#4968=CARTESIAN_POINT('',(-18.4999999999999,184.940676264861,-8.89923645050102));
#4969=CARTESIAN_POINT('',(-18.4999999999999,178.812818887207,-7.75758584007679));
#4970=CARTESIAN_POINT('',(-18.4999999999999,158.865095748599,-4.04122481953246));
#4971=CARTESIAN_POINT('',(-18.4999999999999,184.940676264861,-8.89923645050102));
#4972=CARTESIAN_POINT('Origin',(-18.4999999999999,199.147773292535,61.9755870951454));
#4973=CARTESIAN_POINT('',(-18.4999999999999,192.776162152214,-10.0277794237668));
#4974=CARTESIAN_POINT('',(-18.4999999999999,192.776162152214,-10.0277794237668));
#4975=CARTESIAN_POINT('Origin',(-18.4999999999999,199.147773292535,61.9755870951454));
#4976=CARTESIAN_POINT('Origin',(-18.4999999999999,192.776162152214,-10.0277794237668));
#4977=CARTESIAN_POINT('',(-18.4999999999999,208.190262519182,-14.8447435879164));
#4978=CARTESIAN_POINT('',(-18.4999999999999,208.190262519182,-14.8447435879164));
#4979=CARTESIAN_POINT('',(-18.4999999999999,166.451821259539,-1.80132418434192));
#4980=CARTESIAN_POINT('Origin',(-18.4999999999999,208.190262519182,-14.8447435879164));
#4981=CARTESIAN_POINT('',(-18.4999999999999,232.597640206357,-2.10396207639524));
#4982=CARTESIAN_POINT('',(-18.4999999999999,232.597640206357,-2.10396207639524));
#4983=CARTESIAN_POINT('',(-18.4999999999999,186.29292921174,-26.275268527172));
#4984=CARTESIAN_POINT('Origin',(-18.4999999999999,227.164413528409,7.89603792360476));
#4985=CARTESIAN_POINT('Origin',(-18.4999999999999,227.164413528409,7.89603792360476));
#4986=CARTESIAN_POINT('Origin',(-18.4999999999999,208.611891129114,7.86810303401843));
#4987=CARTESIAN_POINT('',(-18.4999999999999,193.683108281537,26.5019957300395));
#4988=CARTESIAN_POINT('Origin',(-18.4999999999999,140.024284716076,244.24859961387));
#4989=CARTESIAN_POINT('',(-18.4999999999999,208.134402986655,30.5809496559532));
#4990=CARTESIAN_POINT('Origin',(-18.4999999999999,208.611891129114,7.86810303401843));
#4991=CARTESIAN_POINT('',(-18.4999999999999,184.940676264861,24.5320307811866));
#4992=CARTESIAN_POINT('Origin',(-18.4999999999999,140.024284716076,244.24859961387));
#4993=CARTESIAN_POINT('',(-18.4999999999999,184.940676264861,24.5320307811865));
#4994=CARTESIAN_POINT('Origin',(-18.4999999999999,208.611891129114,7.86810303401843));
#4995=CARTESIAN_POINT('Origin',(-18.4999999999999,140.024284716076,-232.973255169887));
#4996=CARTESIAN_POINT('Origin',(-18.4999999999999,229.004348447887,2.90587931613943));
#4997=CARTESIAN_POINT('',(-18.4999999999999,226.754348447887,2.90587931613943));
#4998=CARTESIAN_POINT('',(-18.4999999999999,226.754348447887,2.90587931613943));
#4999=CARTESIAN_POINT('Origin',(-18.4999999999999,229.004348447887,2.90587931613943));
#5000=CARTESIAN_POINT('Origin',(-18.4999999999999,186.640676264861,17.9638048765709));
#5001=CARTESIAN_POINT('Origin',(-18.4999999999999,186.640676264861,17.9638048765709));
#5002=CARTESIAN_POINT('Origin',(-18.4999999999999,229.004348447887,12.9058793161394));
#5003=CARTESIAN_POINT('',(-18.4999999999999,226.754348447887,12.9058793161394));
#5004=CARTESIAN_POINT('',(-18.4999999999999,226.754348447887,12.9058793161394));
#5005=CARTESIAN_POINT('Origin',(-18.4999999999999,229.004348447887,12.9058793161394));
#5006=CARTESIAN_POINT('Origin',(-18.4999999999999,181.004348447887,2.90587931613943));
#5007=CARTESIAN_POINT('',(-18.4999999999999,178.754348447887,2.90587931613943));
#5008=CARTESIAN_POINT('',(-18.4999999999999,178.754348447887,2.90587931613943));
#5009=CARTESIAN_POINT('Origin',(-18.4999999999999,181.004348447887,2.90587931613943));
#5010=CARTESIAN_POINT('Origin',(-18.4999999999999,181.004348447887,12.9058793161394));
#5011=CARTESIAN_POINT('',(-18.4999999999999,178.754348447887,12.9058793161394));
#5012=CARTESIAN_POINT('',(-18.4999999999999,178.754348447887,12.9058793161394));
#5013=CARTESIAN_POINT('Origin',(-18.4999999999999,181.004348447887,12.9058793161394));
#5014=CARTESIAN_POINT('Origin',(-18.4999999999999,184.940676264861,24.5320307811865));
#5015=CARTESIAN_POINT('',(-18.4999999999999,184.940676264861,24.5320307811866));
#5016=CARTESIAN_POINT('Origin',(-18.4999999999999,199.389487549317,-46.1468922298304));
#5017=CARTESIAN_POINT('',(-18.4999999999999,189.440250267758,25.304426743624));
#5018=CARTESIAN_POINT('',(-18.4999999999999,189.440250267758,25.304426743624));
#5019=CARTESIAN_POINT('Origin',(-18.4999999999999,199.389487549317,-46.1468922298304));
#5020=CARTESIAN_POINT('Origin',(-18.4999999999999,208.134402986655,30.5809496559532));
#5021=CARTESIAN_POINT('',(-18.4999999999999,173.889012612448,20.9150081357203));
#5022=CARTESIAN_POINT('Origin',(-18.4999999999999,140.588661687029,7.90089357150229));
#5023=CARTESIAN_POINT('Origin',(-18.4999999999999,140.588661687029,7.90089357150229));
#5024=CARTESIAN_POINT('Origin',(-18.4999999999999,140.588661687029,7.90089357150229));
#5025=CARTESIAN_POINT('Origin',(-18.4999999999999,140.588661687029,7.90089357150229));
#5026=CARTESIAN_POINT('Origin',(-18.4999999999999,140.588661687029,7.90089357150229));
#5027=CARTESIAN_POINT('Origin',(-18.4999999999999,140.588661687029,7.90089357150229));
#5028=CARTESIAN_POINT('Origin',(-18.4999999999999,140.024284716076,244.24859961387));
#5029=CARTESIAN_POINT('Origin',(-18.4999999999999,140.588661687029,7.90089357150229));
#5030=CARTESIAN_POINT('',(-18.4999999999999,215.024284716076,-17.0991064284977));
#5031=CARTESIAN_POINT('Origin',(-18.4999999999999,140.024284716076,-232.973255169887));
#5032=CARTESIAN_POINT('',(-18.4999999999999,215.024284716076,32.9008935715023));
#5033=CARTESIAN_POINT('Origin',(-18.4999999999999,223.709900900004,7.90089357150229));
#5034=CARTESIAN_POINT('Origin',(-18.4999999999999,140.024284716076,244.24859961387));
#5035=CARTESIAN_POINT('Origin',(-18.4999999999999,140.588661687029,7.90089357150229));
#5036=CARTESIAN_POINT('Origin',(-18.4999999999999,140.024284716076,-232.973255169887));
#5037=CARTESIAN_POINT('Origin',(-18.4999999999999,140.588661687029,7.90089357150229));
#5038=CARTESIAN_POINT('',(-18.4999999999999,173.678685440404,-6.93178244178124));
#5039=CARTESIAN_POINT('',(-18.4999999999999,173.678685440404,14.8621964137758));
#5040=CARTESIAN_POINT('',(-18.4999999999999,149.855933706188,-4.653333189884));
#5041=CARTESIAN_POINT('Origin',(-18.4999999999999,140.039292297875,-232.973900914913));
#5042=CARTESIAN_POINT('Origin',(-18.4999999999999,140.024284716076,-232.973255169887));
#5043=CARTESIAN_POINT('Origin',(-13.4999999999999,173.678685440404,14.8621964137758));
#5044=CARTESIAN_POINT('Ctrl Pts',(-13.4999999999999,168.678685440404,-6.24403244750834));
#5045=CARTESIAN_POINT('Ctrl Pts',(-14.1273937936967,168.678685440404,-6.24403244750834));
#5046=CARTESIAN_POINT('Ctrl Pts',(-14.796268032783,168.804024521004,-6.25975491479155));
#5047=CARTESIAN_POINT('Ctrl Pts',(-16.0258498812826,169.312598843993,-6.32486089846419));
#5048=CARTESIAN_POINT('Ctrl Pts',(-16.5865613677064,169.695805717903,-6.37439270652981));
#5049=CARTESIAN_POINT('Ctrl Pts',(-17.4764422958645,170.582439045318,-6.49218757577184));
#5050=CARTESIAN_POINT('Ctrl Pts',(-17.8629562788433,171.146680320774,-6.56858526209784));
#5051=CARTESIAN_POINT('Ctrl Pts',(-18.3747082392358,172.381127366742,-6.74162591895408));
#5052=CARTESIAN_POINT('Ctrl Pts',(-18.4999999999999,173.051290485321,-6.8384140656032));
#5053=CARTESIAN_POINT('Ctrl Pts',(-18.4999999999999,173.678685440404,-6.93178244178124));
#5054=CARTESIAN_POINT('Origin',(36.5,173.678685440404,14.8618735412622));
#5055=CARTESIAN_POINT('Ctrl Pts',(36.5,168.678685440404,21.8234992560492));
#5056=CARTESIAN_POINT('Ctrl Pts',(37.1273775750682,168.678685440404,21.8234992560492));
#5057=CARTESIAN_POINT('Ctrl Pts',(37.7962213010332,168.804019487424,21.8395253749817));
#5058=CARTESIAN_POINT('Ctrl Pts',(39.0257131275749,169.312527987247,21.9058834733277));
#5059=CARTESIAN_POINT('Ctrl Pts',(39.5863652710318,169.695672931906,21.9563665800655));
#5060=CARTESIAN_POINT('Ctrl Pts',(40.4763254028478,170.582259303218,22.076438113966));
#5061=CARTESIAN_POINT('Ctrl Pts',(40.8629058531629,171.146578479627,22.1543285609918));
#5062=CARTESIAN_POINT('Ctrl Pts',(41.3747152196997,172.381124411106,22.3307450914507));
#5063=CARTESIAN_POINT('Ctrl Pts',(41.5,173.051306875338,22.4294190101251));
#5064=CARTESIAN_POINT('Ctrl Pts',(41.5,173.678685440404,22.5246035460286));
#5065=CARTESIAN_POINT('Ctrl Pts',(41.5,173.678685440404,-6.93178244178124));
#5066=CARTESIAN_POINT('Ctrl Pts',(41.5,173.051290485321,-6.8384140656032));
#5067=CARTESIAN_POINT('Ctrl Pts',(41.3747082392359,172.381127366742,-6.74162591895408));
#5068=CARTESIAN_POINT('Ctrl Pts',(40.8629562788434,171.146680320774,-6.56858526209784));
#5069=CARTESIAN_POINT('Ctrl Pts',(40.4764422958646,170.582439045318,-6.49218757577184));
#5070=CARTESIAN_POINT('Ctrl Pts',(39.5865613677065,169.695805717903,-6.37439270652981));
#5071=CARTESIAN_POINT('Ctrl Pts',(39.0258498812827,169.312598843993,-6.32486089846419));
#5072=CARTESIAN_POINT('Ctrl Pts',(37.7962680327831,168.804024521004,-6.25975491479155));
#5073=CARTESIAN_POINT('Ctrl Pts',(37.1273937936968,168.678685440404,-6.24403244750834));
#5074=CARTESIAN_POINT('Ctrl Pts',(36.5,168.678685440404,-6.24403244750834));
#5075=CARTESIAN_POINT('Origin',(37.,65.01719199417,7.8536482535988));
#5076=CARTESIAN_POINT('',(36.5,73.56719199417,7.8536482535988));
#5077=CARTESIAN_POINT('Origin',(36.5,65.01719199417,7.8536482535988));
#5078=CARTESIAN_POINT('',(37.5,72.56719199417,7.8536482535988));
#5079=CARTESIAN_POINT('',(37.,73.06719199417,7.8536482535988));
#5080=CARTESIAN_POINT('Origin',(37.5,65.01719199417,7.8536482535988));
#5081=CARTESIAN_POINT('Origin',(41.5,65.01719199417,7.8536482535988));
#5082=CARTESIAN_POINT('',(41.5,72.56719199417,7.8536482535988));
#5083=CARTESIAN_POINT('',(41.5,72.56719199417,7.8536482535988));
#5084=CARTESIAN_POINT('Origin',(41.5,65.01719199417,7.8536482535988));
#5085=CARTESIAN_POINT('Origin',(36.5,65.01719199417,7.8536482535988));
#5086=CARTESIAN_POINT('',(36.5,80.01719199417,7.8536482535988));
#5087=CARTESIAN_POINT('Origin',(36.5,65.01719199417,7.8536482535988));
#5088=CARTESIAN_POINT('Origin',(40.5,65.01719199417,7.8536482535988));
#5089=CARTESIAN_POINT('',(41.5,82.0171919941701,7.8536482535988));
#5090=CARTESIAN_POINT('Origin',(41.5,65.01719199417,7.8536482535988));
#5091=CARTESIAN_POINT('',(39.5,80.01719199417,7.8536482535988));
#5092=CARTESIAN_POINT('',(40.5,81.01719199417,7.8536482535988));
#5093=CARTESIAN_POINT('Origin',(39.5,65.01719199417,7.8536482535988));
#5094=CARTESIAN_POINT('Origin',(41.5,65.01719199417,7.8536482535988));
#5095=CARTESIAN_POINT('',(41.5,80.01719199417,7.8536482535988));
#5096=CARTESIAN_POINT('Origin',(41.5,140.603669268828,7.90024782647524));
#5097=CARTESIAN_POINT('',(41.5,69.2092277565382,-15.6958531238646));
#5098=CARTESIAN_POINT('Origin',(41.5,140.039292297875,-232.973900914915));
#5099=CARTESIAN_POINT('',(41.5,61.1388760200109,-14.8652132451191));
#5100=CARTESIAN_POINT('Origin',(41.5,66.1098710615256,-6.18827782428978));
#5101=CARTESIAN_POINT('',(41.5,35.7998640635401,-0.348555383389494));
#5102=CARTESIAN_POINT('',(41.5,61.1388760200109,-14.8652132451191));
#5103=CARTESIAN_POINT('',(41.5,35.8016191744148,16.1583136251457));
#5104=CARTESIAN_POINT('Origin',(41.5,40.5279485147796,7.90437649544228));
#5105=CARTESIAN_POINT('',(41.5,61.106297890527,30.6481556950676));
#5106=CARTESIAN_POINT('',(41.5,61.106297890527,30.6481556950676));
#5107=CARTESIAN_POINT('',(41.5,69.2327783841651,31.4586439006054));
#5108=CARTESIAN_POINT('Origin',(41.5,66.0754476503964,21.9701633774867));
#5109=CARTESIAN_POINT('Origin',(41.5,140.039292297875,244.247953868843));
#5110=CARTESIAN_POINT('Origin',(41.5,35.7998640635401,-0.348555383389491));
#5111=CARTESIAN_POINT('',(41.5,61.1388760200109,-14.8652132451191));
#5112=CARTESIAN_POINT('',(41.5,35.7998640635401,-0.348555383389494));
#5113=CARTESIAN_POINT('Origin',(41.5,40.5279485147796,7.90437649544228));
#5114=CARTESIAN_POINT('',(41.5,35.8016191744148,16.1583136251457));
#5115=CARTESIAN_POINT('Origin',(41.5,61.106297890527,30.6481556950676));
#5116=CARTESIAN_POINT('',(41.5,61.106297890527,30.6481556950676));
#5117=CARTESIAN_POINT('Origin',(41.5,66.0754476503964,21.9701633774867));
#5118=CARTESIAN_POINT('',(41.5,69.2327783841651,31.4586439006054));
#5119=CARTESIAN_POINT('Origin',(41.5,223.724908481803,7.90024782647524));
#5120=CARTESIAN_POINT('',(41.5,215.039292297875,32.9002478264752));
#5121=CARTESIAN_POINT('',(41.5,215.039292297875,-17.0997521735248));
#5122=CARTESIAN_POINT('Origin',(41.5,66.1098710615256,-6.18827782428978));
#5123=CARTESIAN_POINT('',(41.5,69.2092277565382,-15.6958531238646));
#5124=CARTESIAN_POINT('Origin',(41.5,140.603669268828,7.90024782647524));
#5125=CARTESIAN_POINT('Ctrl Pts',(3.29916134475692,138.00263209126,-60.));
#5126=CARTESIAN_POINT('Ctrl Pts',(3.29916134475692,138.00263209126,60.));
#5127=CARTESIAN_POINT('Ctrl Pts',(4.57879602798446,134.0622609792,-60.));
#5128=CARTESIAN_POINT('Ctrl Pts',(4.57879602798446,134.0622609792,60.));
#5129=CARTESIAN_POINT('Ctrl Pts',(4.57879602798446,134.0622609792,-60.));
#5130=CARTESIAN_POINT('Ctrl Pts',(4.57879602798446,134.0622609792,60.));
#5131=CARTESIAN_POINT('Ctrl Pts',(5.3460218717955,133.73862259419,-60.));
#5132=CARTESIAN_POINT('Ctrl Pts',(5.3460218717955,133.73862259419,60.));
#5133=CARTESIAN_POINT('',(5.3460218717955,133.73862259419,20.0758003558428));
#5134=CARTESIAN_POINT('',(3.29916134475692,138.00263209126,19.996521622416));
#5135=CARTESIAN_POINT('Ctrl Pts',(5.34602187179549,133.73862259419,20.0758003558429));
#5136=CARTESIAN_POINT('Ctrl Pts',(5.14289395029079,133.824307914877,20.0733920509056));
#5137=CARTESIAN_POINT('Ctrl Pts',(4.98675327877749,133.888663270654,20.0715957491732));
#5138=CARTESIAN_POINT('Ctrl Pts',(4.75901450490622,134.100401635478,20.0659093086147));
#5139=CARTESIAN_POINT('Ctrl Pts',(4.6776030705589,134.207878265844,20.0630477829273));
#5140=CARTESIAN_POINT('Ctrl Pts',(4.26471882872343,134.95869146686,20.0440439696531));
#5141=CARTESIAN_POINT('Ctrl Pts',(3.85982899263766,136.276171694294,20.0122014027125));
#5142=CARTESIAN_POINT('Ctrl Pts',(3.29916134475692,138.00263209126,19.996521622416));
#5143=CARTESIAN_POINT('',(5.3460218717955,133.73862259419,-4.52926942600265));
#5144=CARTESIAN_POINT('',(5.3460218717955,133.73862259419,0.));
#5145=CARTESIAN_POINT('',(3.29916134475693,138.00263209126,-4.45147289083089));
#5146=CARTESIAN_POINT('Ctrl Pts',(3.29916134475692,138.00263209126,-4.45147289083092));
#5147=CARTESIAN_POINT('Ctrl Pts',(3.8245089163906,136.384932585152,-4.46589031252051));
#5148=CARTESIAN_POINT('Ctrl Pts',(4.21647768876374,135.135702380671,-4.49416614749284));
#5149=CARTESIAN_POINT('Ctrl Pts',(4.6336404252817,134.266669655923,-4.51518187263324));
#5150=CARTESIAN_POINT('Ctrl Pts',(4.73869922413533,134.116624610865,-4.51913224777551));
#5151=CARTESIAN_POINT('Ctrl Pts',(4.9930764228728,133.886144901768,-4.52521433370431));
#5152=CARTESIAN_POINT('Ctrl Pts',(5.14698810880187,133.822580878621,-4.52695379522751));
#5153=CARTESIAN_POINT('Ctrl Pts',(5.34602187179549,133.73862259419,-4.52926942600264));
#5154=CARTESIAN_POINT('',(3.29916134475692,138.00263209126,0.));
#5155=CARTESIAN_POINT('Ctrl Pts',(7.17753042739852,143.211034525037,-60.));
#5156=CARTESIAN_POINT('Ctrl Pts',(7.17753042739852,143.211034525037,60.));
#5157=CARTESIAN_POINT('Ctrl Pts',(2.01952491744979,141.943003203321,-60.));
#5158=CARTESIAN_POINT('Ctrl Pts',(2.01952491744979,141.943003203321,60.));
#5159=CARTESIAN_POINT('Ctrl Pts',(2.01952491744979,141.943003203321,-60.));
#5160=CARTESIAN_POINT('Ctrl Pts',(2.01952491744979,141.943003203321,60.));
#5161=CARTESIAN_POINT('Ctrl Pts',(3.29916134475692,138.00263209126,-60.));
#5162=CARTESIAN_POINT('Ctrl Pts',(3.29916134475692,138.00263209126,60.));
#5163=CARTESIAN_POINT('',(7.17753042739852,143.211034525037,20.0097035621313));
#5164=CARTESIAN_POINT('Ctrl Pts',(3.29916134475692,138.00263209126,19.996521622416));
#5165=CARTESIAN_POINT('Ctrl Pts',(3.26033901820341,138.122177276744,19.9954359084042));
#5166=CARTESIAN_POINT('Ctrl Pts',(3.22219973313301,138.239613349839,19.9944668950708));
#5167=CARTESIAN_POINT('Ctrl Pts',(3.18499448453899,138.354681745844,19.9936041363629));
#5168=CARTESIAN_POINT('Ctrl Pts',(3.14761249637626,138.470296762002,19.9927372792118));
#5169=CARTESIAN_POINT('Ctrl Pts',(3.11117362571899,138.5835215582,19.9919776885866));
#5170=CARTESIAN_POINT('Ctrl Pts',(3.07593663615135,138.694146684747,19.9913147688576));
#5171=CARTESIAN_POINT('Ctrl Pts',(3.04045655103597,138.805535000092,19.990647275729));
#5172=CARTESIAN_POINT('Ctrl Pts',(3.00619520003588,138.914287689537,19.9900777919382));
#5173=CARTESIAN_POINT('Ctrl Pts',(2.97341795271748,139.020244069687,19.9895955010456));
#5174=CARTESIAN_POINT('Ctrl Pts',(2.94035024170041,139.127139408554,19.9891089362126));
#5175=CARTESIAN_POINT('Ctrl Pts',(2.90879329738147,139.231188729984,19.988711116488));
#5176=CARTESIAN_POINT('Ctrl Pts',(2.87901738745647,139.332280135848,19.9883909353184));
#5177=CARTESIAN_POINT('Ctrl Pts',(2.84874429802012,139.435059502749,19.9880654079639));
#5178=CARTESIAN_POINT('Ctrl Pts',(2.82031250614538,139.534781411071,19.9878201335304));
#5179=CARTESIAN_POINT('Ctrl Pts',(2.79399969870571,139.631382003062,19.9876434397722));
#5180=CARTESIAN_POINT('Ctrl Pts',(2.76741078961833,139.728996230054,19.9874648919573));
#5181=CARTESIAN_POINT('Ctrl Pts',(2.74298588744142,139.82342346751,19.98735637161));
#5182=CARTESIAN_POINT('Ctrl Pts',(2.72100045352096,139.914650379882,19.9873058351835));
#5183=CARTESIAN_POINT('Ctrl Pts',(2.69865456857802,140.007372956791,19.9872544702127));
#5184=CARTESIAN_POINT('Ctrl Pts',(2.67882917378152,140.096789600013,19.9872630060403));
#5185=CARTESIAN_POINT('Ctrl Pts',(2.66179681096213,140.182937611535,19.9873187969932));
#5186=CARTESIAN_POINT('Ctrl Pts',(2.65391310732886,140.222812607074,19.9873446207349));
#5187=CARTESIAN_POINT('Ctrl Pts',(2.6466275297459,140.261988009232,19.9873805686529));
#5188=CARTESIAN_POINT('Ctrl Pts',(2.6399655755254,140.300470950183,19.9874253867166));
#5189=CARTESIAN_POINT('Ctrl Pts',(2.6182989378198,140.42562881105,19.987571148263));
#5190=CARTESIAN_POINT('Ctrl Pts',(2.60334113006193,140.542799781541,19.9878079648409));
#5191=CARTESIAN_POINT('Ctrl Pts',(2.59567254501062,140.652936158877,19.9881086517853));
#5192=CARTESIAN_POINT('Ctrl Pts',(2.58787566945653,140.764915047071,19.9884143690292));
#5193=CARTESIAN_POINT('Ctrl Pts',(2.58761332499219,140.869621392454,19.9887861115355));
#5194=CARTESIAN_POINT('Ctrl Pts',(2.59552839518331,140.968013971211,19.9891953073414));
#5195=CARTESIAN_POINT('Ctrl Pts',(2.59819354301552,141.001144538805,19.9893330909982));
#5196=CARTESIAN_POINT('Ctrl Pts',(2.60178615250668,141.033558950624,19.989475121077));
#5197=CARTESIAN_POINT('Ctrl Pts',(2.60633177856876,141.06529295221,19.9896203067915));
#5198=CARTESIAN_POINT('Ctrl Pts',(2.61452071338987,141.122461682558,19.9898818585199));
#5199=CARTESIAN_POINT('Ctrl Pts',(2.62593494607593,141.17834671034,19.9901592036964));
#5200=CARTESIAN_POINT('Ctrl Pts',(2.64102098195423,141.232888502195,19.9904494040042));
#5201=CARTESIAN_POINT('Ctrl Pts',(2.65621153232776,141.287808153939,19.9907416147897));
#5202=CARTESIAN_POINT('Ctrl Pts',(2.6751251731334,141.341365864795,19.9910468594416));
#5203=CARTESIAN_POINT('Ctrl Pts',(2.69822568522364,141.393553366326,19.9913621381498));
#5204=CARTESIAN_POINT('Ctrl Pts',(2.71578604086981,141.433224828309,19.9916018041028));
#5205=CARTESIAN_POINT('Ctrl Pts',(2.73576602179901,141.472105587983,19.9918472683459));
#5206=CARTESIAN_POINT('Ctrl Pts',(2.75837104108967,141.510212074281,19.9920972131417));
#5207=CARTESIAN_POINT('Ctrl Pts',(2.78406683996382,141.55352885252,19.9923813328375));
#5208=CARTESIAN_POINT('Ctrl Pts',(2.81239834859835,141.594568419915,19.9926625980226));
#5209=CARTESIAN_POINT('Ctrl Pts',(2.84308182526351,141.633593449468,19.992939860163));
#5210=CARTESIAN_POINT('Ctrl Pts',(2.87451110774238,141.673567038217,19.9932238615566));
#5211=CARTESIAN_POINT('Ctrl Pts',(2.90840802538478,141.71142717809,19.9935036629409));
#5212=CARTESIAN_POINT('Ctrl Pts',(2.94442249765306,141.747422697894,19.9937780299793));
#5213=CARTESIAN_POINT('Ctrl Pts',(2.98043696992135,141.783418217699,19.9940523970178));
#5214=CARTESIAN_POINT('Ctrl Pts',(3.01856869403382,141.817549147737,19.9943213297105));
#5215=CARTESIAN_POINT('Ctrl Pts',(3.0584259900339,141.850029611767,19.9945835937207));
#5216=CARTESIAN_POINT('Ctrl Pts',(3.12666000239103,141.90563479843,19.9950325786622));
#5217=CARTESIAN_POINT('Ctrl Pts',(3.20300609281614,141.958895808021,19.9954823390455));
#5218=CARTESIAN_POINT('Ctrl Pts',(3.28796392834546,142.010442389141,19.9959352226433));
#5219=CARTESIAN_POINT('Ctrl Pts',(3.37049266351245,142.06051515895,19.9963751574682));
#5220=CARTESIAN_POINT('Ctrl Pts',(3.4611475669165,142.108969572179,19.996818039464));
#5221=CARTESIAN_POINT('Ctrl Pts',(3.56043501081006,142.156376188402,19.9972660207248));
#5222=CARTESIAN_POINT('Ctrl Pts',(3.610978098144,142.180508915059,19.9974940692584));
#5223=CARTESIAN_POINT('Ctrl Pts',(3.66375902311354,142.204370058105,19.9977234392169));
#5224=CARTESIAN_POINT('Ctrl Pts',(3.71884983091274,142.228034881582,19.9979544144989));
#5225=CARTESIAN_POINT('Ctrl Pts',(3.79989994363243,142.262850791658,19.9982942274985));
#5226=CARTESIAN_POINT('Ctrl Pts',(3.88549556805823,142.297045531681,19.9986363063644));
#5227=CARTESIAN_POINT('Ctrl Pts',(3.97556288444092,142.330819491925,19.9989820676039));
#5228=CARTESIAN_POINT('Ctrl Pts',(4.06445423252722,142.364152480815,19.9993233143949));
#5229=CARTESIAN_POINT('Ctrl Pts',(4.15770128397213,142.397075855607,19.999668148029));
#5230=CARTESIAN_POINT('Ctrl Pts',(4.255183741128,142.429769629424,20.0000179302506));
#5231=CARTESIAN_POINT('Ctrl Pts',(4.35113902177231,142.461951217101,20.0003622327253));
#5232=CARTESIAN_POINT('Ctrl Pts',(4.45119800549602,142.493910537773,20.0007113299512));
#5233=CARTESIAN_POINT('Ctrl Pts',(4.55519801996352,142.525803689156,20.0010665206702));
#5234=CARTESIAN_POINT('Ctrl Pts',(4.65843894188973,142.55746405352,20.0014191188643));
#5235=CARTESIAN_POINT('Ctrl Pts',(4.76556357241394,142.589059393118,20.0017777219236));
#5236=CARTESIAN_POINT('Ctrl Pts',(4.87636534078312,142.620724097058,20.0021436003588));
#5237=CARTESIAN_POINT('Ctrl Pts',(4.98657580614029,142.652219819626,20.0025075262528));
#5238=CARTESIAN_POINT('Ctrl Pts',(5.10042425061673,142.683784324444,20.0028786500785));
#5239=CARTESIAN_POINT('Ctrl Pts',(5.21766040224737,142.715529145945,20.0032582221141));
#5240=CARTESIAN_POINT('Ctrl Pts',(5.33450783700716,142.747168711962,20.0036365356126));
#5241=CARTESIAN_POINT('Ctrl Pts',(5.45472051898464,142.778987533887,20.0040232413909));
#5242=CARTESIAN_POINT('Ctrl Pts',(5.57800419359555,142.81107323831,20.0044195773319));
#5243=CARTESIAN_POINT('Ctrl Pts',(5.701207319619,142.843137979226,20.0048156543231));
#5244=CARTESIAN_POINT('Ctrl Pts',(5.82747738281529,142.875469368106,20.0052213488971));
#5245=CARTESIAN_POINT('Ctrl Pts',(5.9564747615099,142.908130183807,20.0056378965124));
#5246=CARTESIAN_POINT('Ctrl Pts',(6.08569903334677,142.940848446528,20.0060551767921));
#5247=CARTESIAN_POINT('Ctrl Pts',(6.21766016330304,142.973897391103,20.0064833483253));
#5248=CARTESIAN_POINT('Ctrl Pts',(6.3519713639371,143.007313768873,20.0069236531007));
#5249=CARTESIAN_POINT('Ctrl Pts',(6.48728285151528,143.04097901618,20.00736723706));
#5250=CARTESIAN_POINT('Ctrl Pts',(6.62497948829255,143.075017282025,20.0078231356599));
#5251=CARTESIAN_POINT('Ctrl Pts',(6.76462058139959,143.109437960376,20.0082926188457));
#5252=CARTESIAN_POINT('Ctrl Pts',(6.90056339309014,143.142947034899,20.0087496681491));
#5253=CARTESIAN_POINT('Ctrl Pts',(7.03834871349621,143.17681843661,20.0092195920131));
#5254=CARTESIAN_POINT('Ctrl Pts',(7.17753042739851,143.211034525037,20.0097035621313));
#5255=CARTESIAN_POINT('',(7.17753042739852,143.211034525037,-4.46440845111312));
#5256=CARTESIAN_POINT('Ctrl Pts',(7.17753042739851,143.211034525037,-4.46440845111308));
#5257=CARTESIAN_POINT('Ctrl Pts',(7.03634401237219,143.176325605842,-4.46392668668621));
#5258=CARTESIAN_POINT('Ctrl Pts',(6.89669538296755,143.14199614192,-4.46345931521143));
#5259=CARTESIAN_POINT('Ctrl Pts',(6.75904744720129,143.108064164259,-4.46300515870733));
#5260=CARTESIAN_POINT('Ctrl Pts',(6.62215234204137,143.074317768975,-4.46255348609748));
#5261=CARTESIAN_POINT('Ctrl Pts',(6.4872361913263,143.040964451585,-4.46211488430173));
#5262=CARTESIAN_POINT('Ctrl Pts',(6.35471015570735,143.007995144938,-4.46168819456113));
#5263=CARTESIAN_POINT('Ctrl Pts',(6.22250336606518,142.975105259051,-4.46126253268636));
#5264=CARTESIAN_POINT('Ctrl Pts',(6.09267525797969,142.942597445787,-4.46084872554525));
#5265=CARTESIAN_POINT('Ctrl Pts',(5.96558875041494,142.910437152133,-4.46044562273285));
#5266=CARTESIAN_POINT('Ctrl Pts',(5.83833555822195,142.878234677552,-4.46004199121725));
#5267=CARTESIAN_POINT('Ctrl Pts',(5.71383122278313,142.84638052902,-4.45964909212801));
#5268=CARTESIAN_POINT('Ctrl Pts',(5.59239364367259,142.814815816257,-4.45926577052767));
#5269=CARTESIAN_POINT('Ctrl Pts',(5.47053536947217,142.783141754148,-4.45888112098984));
#5270=CARTESIAN_POINT('Ctrl Pts',(5.35176517913505,142.751759007841,-4.45850611541427));
#5271=CARTESIAN_POINT('Ctrl Pts',(5.23635675203462,142.720585472949,-4.45813958681873));
#5272=CARTESIAN_POINT('Ctrl Pts',(5.12031178912386,142.689240000255,-4.45777103663272));
#5273=CARTESIAN_POINT('Ctrl Pts',(5.00766580088091,142.658105899355,-4.45741105719429));
#5274=CARTESIAN_POINT('Ctrl Pts',(4.89864850406587,142.62707901037,-4.45705846210503));
#5275=CARTESIAN_POINT('Ctrl Pts',(4.78832646768078,142.595680785726,-4.45670164709124));
#5276=CARTESIAN_POINT('Ctrl Pts',(4.68172054528868,142.564392184066,-4.45635239423892));
#5277=CARTESIAN_POINT('Ctrl Pts',(4.57901863759468,142.533086558301,-4.45600947404068));
#5278=CARTESIAN_POINT('Ctrl Pts',(4.47543191162669,142.501511221968,-4.4556635994469));
#5279=CARTESIAN_POINT('Ctrl Pts',(4.37581674218657,142.469918348296,-4.45532416709397));
#5280=CARTESIAN_POINT('Ctrl Pts',(4.28031502686921,142.438162043703,-4.45498991542188));
#5281=CARTESIAN_POINT('Ctrl Pts',(4.18339176095847,142.405933044002,-4.45465068838718));
#5282=CARTESIAN_POINT('Ctrl Pts',(4.09070531770511,142.373535464295,-4.45431679741086));
#5283=CARTESIAN_POINT('Ctrl Pts',(4.0023518799856,142.340803969438,-4.4539869237549));
#5284=CARTESIAN_POINT('Ctrl Pts',(3.97401910289212,142.330307783079,-4.4538811413767));
#5285=CARTESIAN_POINT('Ctrl Pts',(3.94613150514801,142.319777177729,-4.45377577211056));
#5286=CARTESIAN_POINT('Ctrl Pts',(3.91869115143087,142.309206495326,-4.45367077246983));
#5287=CARTESIAN_POINT('Ctrl Pts',(3.77206404717228,142.252722217943,-4.45310970851901));
#5288=CARTESIAN_POINT('Ctrl Pts',(3.63920744152694,142.195481352426,-4.45255990847923));
#5289=CARTESIAN_POINT('Ctrl Pts',(3.51928664911819,142.136424867434,-4.45201719762858));
#5290=CARTESIAN_POINT('Ctrl Pts',(3.39606905908694,142.075744833469,-4.45145956686449));
#5291=CARTESIAN_POINT('Ctrl Pts',(3.28650861970456,142.013148778697,-4.4509094204317));
#5292=CARTESIAN_POINT('Ctrl Pts',(3.18975398211621,141.947476814368,-4.45036222974849));
#5293=CARTESIAN_POINT('Ctrl Pts',(3.12621107508718,141.904347227738,-4.45000286623292));
#5294=CARTESIAN_POINT('Ctrl Pts',(3.06819255594541,141.859890716866,-4.44964477756478));
#5295=CARTESIAN_POINT('Ctrl Pts',(3.01546834140599,141.813773644446,-4.44928668097618));
#5296=CARTESIAN_POINT('Ctrl Pts',(2.97499737387149,141.778374301715,-4.44901180698255));
#5297=CARTESIAN_POINT('Ctrl Pts',(2.93679386704649,141.741250944912,-4.4487312413167));
#5298=CARTESIAN_POINT('Ctrl Pts',(2.90118244497689,141.702153314531,-4.44844648229149));
#5299=CARTESIAN_POINT('Ctrl Pts',(2.86498421407684,141.662411429205,-4.44815703097654));
#5300=CARTESIAN_POINT('Ctrl Pts',(2.83146452437919,141.620629748254,-4.44786324696637));
#5301=CARTESIAN_POINT('Ctrl Pts',(2.80092267964568,141.576508353107,-4.44756670386914));
#5302=CARTESIAN_POINT('Ctrl Pts',(2.77038083491218,141.53238695796,-4.4472701607719));
#5303=CARTESIAN_POINT('Ctrl Pts',(2.74281701243442,141.485925784905,-4.4469708585876));
#5304=CARTESIAN_POINT('Ctrl Pts',(2.71848557598115,141.436788170378,-4.44667037092439));
#5305=CARTESIAN_POINT('Ctrl Pts',(2.6947936333255,141.388942020898,-4.446377780863));
#5306=CARTESIAN_POINT('Ctrl Pts',(2.67491535832256,141.340070956651,-4.44609390433068));
#5307=CARTESIAN_POINT('Ctrl Pts',(2.65841874530246,141.29023370283,-4.44582109327646));
#5308=CARTESIAN_POINT('Ctrl Pts',(2.64193247742886,141.240427702315,-4.44554845330404));
#5309=CARTESIAN_POINT('Ctrl Pts',(2.62882331957674,141.189656717738,-4.4452868649356));
#5310=CARTESIAN_POINT('Ctrl Pts',(2.6186624930176,141.138031448466,-4.44503867569815));
#5311=CARTESIAN_POINT('Ctrl Pts',(2.61033159684478,141.095703715018,-4.44483518450023));
#5312=CARTESIAN_POINT('Ctrl Pts',(2.60398267051226,141.052802676689,-4.44464070075522));
#5313=CARTESIAN_POINT('Ctrl Pts',(2.59938270993041,141.009415290282,-4.44445651835699));
#5314=CARTESIAN_POINT('Ctrl Pts',(2.58917824368379,140.913165526345,-4.44404793158055));
#5315=CARTESIAN_POINT('Ctrl Pts',(2.58718206060645,140.810789179356,-4.44367067449034));
#5316=CARTESIAN_POINT('Ctrl Pts',(2.59275038680562,140.701345398783,-4.44335332437245));
#5317=CARTESIAN_POINT('Ctrl Pts',(2.59823283998025,140.593589426739,-4.44304086833107));
#5318=CARTESIAN_POINT('Ctrl Pts',(2.61104888588385,140.478982926106,-4.44278648577557));
#5319=CARTESIAN_POINT('Ctrl Pts',(2.63061708910959,140.356589896102,-4.44261745214622));
#5320=CARTESIAN_POINT('Ctrl Pts',(2.63365452448599,140.337591681761,-4.44259121423772));
#5321=CARTESIAN_POINT('Ctrl Pts',(2.63685470302542,140.318405771468,-4.44256703274183));
#5322=CARTESIAN_POINT('Ctrl Pts',(2.64021550875654,140.29902856636,-4.4425450096679));
#5323=CARTESIAN_POINT('Ctrl Pts',(2.6546046804153,140.216065743491,-4.44245071865059));
#5324=CARTESIAN_POINT('Ctrl Pts',(2.67188975240253,140.129883080464,-4.44239690830085));
#5325=CARTESIAN_POINT('Ctrl Pts',(2.69180978693932,140.040421621915,-4.44239589957166));
#5326=CARTESIAN_POINT('Ctrl Pts',(2.71147428195803,139.952107798826,-4.44239490378273));
#5327=CARTESIAN_POINT('Ctrl Pts',(2.73370620753437,139.860598529652,-4.44244536359705));
#5328=CARTESIAN_POINT('Ctrl Pts',(2.75823635835624,139.765883789326,-4.44255913185496));
#5329=CARTESIAN_POINT('Ctrl Pts',(2.78246246128123,139.672343025377,-4.44267148997073));
#5330=CARTESIAN_POINT('Ctrl Pts',(2.80892984565935,139.575675584194,-4.44284559685714));
#5331=CARTESIAN_POINT('Ctrl Pts',(2.83736640760893,139.475920670538,-4.44309287005187));
#5332=CARTESIAN_POINT('Ctrl Pts',(2.86548266757725,139.377289370085,-4.44333735802614));
#5333=CARTESIAN_POINT('Ctrl Pts',(2.89552370689416,139.275639630061,-4.44365337333922));
#5334=CARTESIAN_POINT('Ctrl Pts',(2.92721845461691,139.171059673036,-4.44405195204567));
#5335=CARTESIAN_POINT('Ctrl Pts',(2.95848414894984,139.067895420136,-4.44444513517217));
#5336=CARTESIAN_POINT('Ctrl Pts',(2.99135882978566,138.961879692957,-4.44491866149234));
#5337=CARTESIAN_POINT('Ctrl Pts',(3.02557838606222,138.853147736619,-4.44548312491361));
#5338=CARTESIAN_POINT('Ctrl Pts',(3.05959094144475,138.745073521486,-4.44604417378351));
#5339=CARTESIAN_POINT('Ctrl Pts',(3.09493193123025,138.634315773022,-4.44669506288898));
#5340=CARTESIAN_POINT('Ctrl Pts',(3.13134162031542,138.521058570198,-4.44744619504415));
#5341=CARTESIAN_POINT('Ctrl Pts',(3.16753860243092,138.408463020824,-4.44819293905296));
#5342=CARTESIAN_POINT('Ctrl Pts',(3.2047916402476,138.293397116119,-4.44903875828429));
#5343=CARTESIAN_POINT('Ctrl Pts',(3.24284821236645,138.17609320156,-4.44999387429427));
#5344=CARTESIAN_POINT('Ctrl Pts',(3.26143714667819,138.118795482904,-4.45046040577047));
#5345=CARTESIAN_POINT('Ctrl Pts',(3.28021785412665,138.060964584497,-4.45095301420979));
#5346=CARTESIAN_POINT('Ctrl Pts',(3.29916134475692,138.00263209126,-4.45147289083089));
#5347=CARTESIAN_POINT('',(7.17753042739852,143.211034525037,0.));
#5348=CARTESIAN_POINT('Ctrl Pts',(9.2243909544371,138.947023283887,-60.));
#5349=CARTESIAN_POINT('Ctrl Pts',(9.2243909544371,138.947023283887,60.));
#5350=CARTESIAN_POINT('Ctrl Pts',(12.3355341932677,144.479064102674,-60.));
#5351=CARTESIAN_POINT('Ctrl Pts',(12.3355341932677,144.479064102674,60.));
#5352=CARTESIAN_POINT('Ctrl Pts',(12.3355341932677,144.479064102674,-60.));
#5353=CARTESIAN_POINT('Ctrl Pts',(12.3355341932677,144.479064102674,60.));
#5354=CARTESIAN_POINT('Ctrl Pts',(7.17753042739852,143.211034525037,-60.));
#5355=CARTESIAN_POINT('Ctrl Pts',(7.17753042739852,143.211034525037,60.));
#5356=CARTESIAN_POINT('',(9.2243909544371,138.947023283887,19.9899332814577));
#5357=CARTESIAN_POINT('Ctrl Pts',(7.17753042739854,143.211034525037,20.0097035621313));
#5358=CARTESIAN_POINT('Ctrl Pts',(8.46376500897896,143.527238926441,20.0141761213445));
#5359=CARTESIAN_POINT('Ctrl Pts',(9.43295392247773,143.765634081456,20.0182152068095));
#5360=CARTESIAN_POINT('Ctrl Pts',(10.4591922844292,143.904964282848,20.0205878621237));
#5361=CARTESIAN_POINT('Ctrl Pts',(10.7294832612422,143.913515778991,20.0207371006726));
#5362=CARTESIAN_POINT('Ctrl Pts',(11.0110236693508,143.858609160462,20.019797896096));
#5363=CARTESIAN_POINT('Ctrl Pts',(11.0862528495087,143.833230425403,20.0193643479379));
#5364=CARTESIAN_POINT('Ctrl Pts',(11.1950405385895,143.767097244074,20.0182567087881));
#5365=CARTESIAN_POINT('Ctrl Pts',(11.2344551783761,143.73249430143,20.0176816723655));
#5366=CARTESIAN_POINT('Ctrl Pts',(11.2958136604793,143.648394423959,20.0163126807184));
#5367=CARTESIAN_POINT('Ctrl Pts',(11.3163651519902,143.602706285245,20.0155803750441));
#5368=CARTESIAN_POINT('Ctrl Pts',(11.3482151056305,143.485541786908,20.0137440033883));
#5369=CARTESIAN_POINT('Ctrl Pts',(11.3522040633093,143.412404409208,20.0126312085232));
#5370=CARTESIAN_POINT('Ctrl Pts',(11.3424438962882,143.212085277136,20.0096808125162));
#5371=CARTESIAN_POINT('Ctrl Pts',(11.309486827349,143.059257969314,20.0075377644347));
#5372=CARTESIAN_POINT('Ctrl Pts',(10.9892464282209,142.062267437318,19.9949006492822));
#5373=CARTESIAN_POINT('Ctrl Pts',(10.2009285510444,140.683441516929,19.9814758990805));
#5374=CARTESIAN_POINT('Ctrl Pts',(9.22439095443709,138.947023283887,19.9899332814577));
#5375=CARTESIAN_POINT('',(9.2243909544371,138.947023283887,-4.44500767989979));
#5376=CARTESIAN_POINT('Ctrl Pts',(9.2243909544371,138.947023283887,-4.4450076798998));
#5377=CARTESIAN_POINT('Ctrl Pts',(9.95808659590871,140.251635101989,-4.43877220112062));
#5378=CARTESIAN_POINT('Ctrl Pts',(10.5722441097084,141.339099979654,-4.44474097402738));
#5379=CARTESIAN_POINT('Ctrl Pts',(11.1824046474456,142.635168882739,-4.4565724984595));
#5380=CARTESIAN_POINT('Ctrl Pts',(11.3198967172549,143.018486190391,-4.4616485098319));
#5381=CARTESIAN_POINT('Ctrl Pts',(11.3538544517943,143.386416125735,-4.46689217546484));
#5382=CARTESIAN_POINT('Ctrl Pts',(11.3509433710774,143.471677344438,-4.46816216423444));
#5383=CARTESIAN_POINT('Ctrl Pts',(11.3174946583193,143.600972966891,-4.47014746448656));
#5384=CARTESIAN_POINT('Ctrl Pts',(11.295420421711,143.650326626383,-4.4709240341674));
#5385=CARTESIAN_POINT('Ctrl Pts',(11.2322310170614,143.734117816899,-4.47226424627542));
#5386=CARTESIAN_POINT('Ctrl Pts',(11.1950957185376,143.766597782725,-4.47279373366669));
#5387=CARTESIAN_POINT('Ctrl Pts',(11.0960708534001,143.827841639933,-4.47379980609774));
#5388=CARTESIAN_POINT('Ctrl Pts',(11.0318715460778,143.850812122249,-4.47418395796864));
#5389=CARTESIAN_POINT('Ctrl Pts',(10.8540382724934,143.893427173381,-4.47489768129048));
#5390=CARTESIAN_POINT('Ctrl Pts',(10.7160063035784,143.903040704821,-4.47506159607799));
#5391=CARTESIAN_POINT('Ctrl Pts',(9.87742119672006,143.876337096752,-4.47461066477975));
#5392=CARTESIAN_POINT('Ctrl Pts',(8.75573635984431,143.599016367002,-4.46979369081701));
#5393=CARTESIAN_POINT('Ctrl Pts',(7.17753042739852,143.211034525037,-4.46440845111312));
#5394=CARTESIAN_POINT('',(9.2243909544371,138.947023283887,0.));
#5395=CARTESIAN_POINT('Ctrl Pts',(5.3460218717955,133.73862259419,-60.));
#5396=CARTESIAN_POINT('Ctrl Pts',(5.3460218717955,133.73862259419,60.));
#5397=CARTESIAN_POINT('Ctrl Pts',(6.11324597152694,133.414980721021,-60.));
#5398=CARTESIAN_POINT('Ctrl Pts',(6.11324597152694,133.414980721021,60.));
#5399=CARTESIAN_POINT('Ctrl Pts',(6.11324597152694,133.414980721021,-60.));
#5400=CARTESIAN_POINT('Ctrl Pts',(6.11324597152694,133.414980721021,60.));
#5401=CARTESIAN_POINT('Ctrl Pts',(9.2243909544371,138.947023283887,-60.));
#5402=CARTESIAN_POINT('Ctrl Pts',(9.2243909544371,138.947023283887,60.));
#5403=CARTESIAN_POINT('Ctrl Pts',(9.22439095443713,138.947023283887,19.9899332814577));
#5404=CARTESIAN_POINT('Ctrl Pts',(7.9328201469639,136.650433212018,20.0011190315449));
#5405=CARTESIAN_POINT('Ctrl Pts',(6.96766193305222,134.900902508028,20.0448793111564));
#5406=CARTESIAN_POINT('Ctrl Pts',(6.26331143030321,133.955002043869,20.0697409893383));
#5407=CARTESIAN_POINT('Ctrl Pts',(6.14671744983052,133.827729494897,20.0732988919235));
#5408=CARTESIAN_POINT('Ctrl Pts',(5.97433841392057,133.69275975766,20.0770876338136));
#5409=CARTESIAN_POINT('Ctrl Pts',(5.91183472078469,133.659645813814,20.078033315835));
#5410=CARTESIAN_POINT('Ctrl Pts',(5.8005902282835,133.626510868956,20.0789789502755));
#5411=CARTESIAN_POINT('Ctrl Pts',(5.74981953333974,133.621893195593,20.079111564388));
#5412=CARTESIAN_POINT('Ctrl Pts',(5.58955375563815,133.635984764185,20.0787084525346));
#5413=CARTESIAN_POINT('Ctrl Pts',(5.47977917131941,133.682199102041,20.0773862164504));
#5414=CARTESIAN_POINT('Ctrl Pts',(5.3460218717955,133.73862259419,20.0758003558429));
#5415=CARTESIAN_POINT('Ctrl Pts',(5.34602187179549,133.73862259419,-4.52926942600265));
#5416=CARTESIAN_POINT('Ctrl Pts',(5.46249630035458,133.68948961955,-4.53062454931085));
#5417=CARTESIAN_POINT('Ctrl Pts',(5.56062250085005,133.648162222474,-4.5317817447559));
#5418=CARTESIAN_POINT('Ctrl Pts',(5.7116593678392,133.622278418856,-4.5325077234098));
#5419=CARTESIAN_POINT('Ctrl Pts',(5.76685876956966,133.621837137463,-4.5325199852189));
#5420=CARTESIAN_POINT('Ctrl Pts',(5.87440842999327,133.645696953773,-4.53185101606273));
#5421=CARTESIAN_POINT('Ctrl Pts',(5.9268158771309,133.667713045465,-4.53123336133647));
#5422=CARTESIAN_POINT('Ctrl Pts',(6.05701526035628,133.751156112356,-4.52891912543189));
#5423=CARTESIAN_POINT('Ctrl Pts',(6.13713809833577,133.822908048884,-4.52693722649628));
#5424=CARTESIAN_POINT('Ctrl Pts',(6.42552529140702,134.148124493259,-4.51823392112887));
#5425=CARTESIAN_POINT('Ctrl Pts',(6.67328749616054,134.514292802798,-4.50844639323633));
#5426=CARTESIAN_POINT('Ctrl Pts',(7.55665883109661,135.976367191268,-4.47682920384933));
#5427=CARTESIAN_POINT('Ctrl Pts',(8.29975709325002,137.302897438498,-4.45286588850787));
#5428=CARTESIAN_POINT('Ctrl Pts',(9.22439095443711,138.947023283887,-4.44500767989979));
#5429=CARTESIAN_POINT('Ctrl Pts',(-0.144045927581944,145.013645425916,-60.));
#5430=CARTESIAN_POINT('Ctrl Pts',(-0.144045927581944,145.013645425916,60.));
#5431=CARTESIAN_POINT('Ctrl Pts',(0.747883350982503,144.219857249952,-60.));
#5432=CARTESIAN_POINT('Ctrl Pts',(0.747883350982503,144.219857249952,60.));
#5433=CARTESIAN_POINT('Ctrl Pts',(0.747883350982503,144.219857249952,-60.));
#5434=CARTESIAN_POINT('Ctrl Pts',(0.747883350982503,144.219857249952,60.));
#5435=CARTESIAN_POINT('Ctrl Pts',(6.91482146285995,145.735921106458,-60.));
#5436=CARTESIAN_POINT('Ctrl Pts',(6.91482146285995,145.735921106458,60.));
#5437=CARTESIAN_POINT('',(6.91482146285995,145.735921106458,20.0596373365396));
#5438=CARTESIAN_POINT('',(-0.144045927581944,145.013645425916,20.0424484495322));
#5439=CARTESIAN_POINT('Ctrl Pts',(6.91482146285995,145.735921106458,20.0596373365396));
#5440=CARTESIAN_POINT('Ctrl Pts',(4.70187426581159,145.191895983952,20.0458136492333));
#5441=CARTESIAN_POINT('Ctrl Pts',(2.51097615831767,144.621523269659,20.0340632020676));
#5442=CARTESIAN_POINT('Ctrl Pts',(1.04255320848889,144.471271276435,20.0310682316042));
#5443=CARTESIAN_POINT('Ctrl Pts',(0.790959870157706,144.483275407955,20.0313022411747));
#5444=CARTESIAN_POINT('Ctrl Pts',(0.438988922218506,144.578970097127,20.0332223092122));
#5445=CARTESIAN_POINT('Ctrl Pts',(0.316715654770854,144.643674157566,20.0345290218246));
#5446=CARTESIAN_POINT('Ctrl Pts',(0.0864655785369361,144.808281978271,20.0379723772539));
#5447=CARTESIAN_POINT('Ctrl Pts',(-0.0214642597030714,144.904551710875,
20.0400280332198));
#5448=CARTESIAN_POINT('Ctrl Pts',(-0.144045927581944,145.013645425916,20.0424484495323));
#5449=CARTESIAN_POINT('',(6.91482146285995,145.735921106458,-4.5134086738338));
#5450=CARTESIAN_POINT('',(6.91482146285995,145.735921106458,0.));
#5451=CARTESIAN_POINT('',(-0.144045927581944,145.013645425916,-4.49654119238702));
#5452=CARTESIAN_POINT('Ctrl Pts',(-0.144045927581943,145.013645425916,-4.49654119238704));
#5453=CARTESIAN_POINT('Ctrl Pts',(0.0807453651144348,144.813588454483,-4.49218560099346));
#5454=CARTESIAN_POINT('Ctrl Pts',(0.247463834057098,144.665851357949,-4.48921719970707));
#5455=CARTESIAN_POINT('Ctrl Pts',(0.601838430266608,144.525342067281,-4.4864258288305));
#5456=CARTESIAN_POINT('Ctrl Pts',(0.755870420167182,144.494284419886,-4.48582425144101));
#5457=CARTESIAN_POINT('Ctrl Pts',(1.26274626898215,144.478749053823,-4.48552176319389));
#5458=CARTESIAN_POINT('Ctrl Pts',(1.66379482273106,144.528905318167,-4.48647867072547));
#5459=CARTESIAN_POINT('Ctrl Pts',(3.26001141562343,144.831717149492,-4.49256552664995));
#5460=CARTESIAN_POINT('Ctrl Pts',(4.9267315101551,145.247174297896,-4.50122184396907));
#5461=CARTESIAN_POINT('Ctrl Pts',(6.91482146285995,145.735921106458,-4.51340867383382));
#5462=CARTESIAN_POINT('',(-0.144045927581944,145.013645425916,0.));
#5463=CARTESIAN_POINT('Ctrl Pts',(-0.787679315338297,147.045196422315,-60.));
#5464=CARTESIAN_POINT('Ctrl Pts',(-0.787679315338297,147.045196422315,60.));
#5465=CARTESIAN_POINT('Ctrl Pts',(-1.03597346206681,145.80743360188,-60.));
#5466=CARTESIAN_POINT('Ctrl Pts',(-1.03597346206681,145.80743360188,60.));
#5467=CARTESIAN_POINT('Ctrl Pts',(-1.03597346206681,145.80743360188,-60.));
#5468=CARTESIAN_POINT('Ctrl Pts',(-1.03597346206681,145.80743360188,60.));
#5469=CARTESIAN_POINT('Ctrl Pts',(-0.144045927581944,145.013645425916,-60.));
#5470=CARTESIAN_POINT('Ctrl Pts',(-0.144045927581944,145.013645425916,60.));
#5471=CARTESIAN_POINT('',(-0.787679315338297,147.045196422315,20.0967322420801));
#5472=CARTESIAN_POINT('Ctrl Pts',(-0.144045927581965,145.013645425916,20.0424484495322));
#5473=CARTESIAN_POINT('Ctrl Pts',(-0.659259682159669,145.472169880724,20.0526215385105));
#5474=CARTESIAN_POINT('Ctrl Pts',(-0.761093923690157,145.612426649502,20.0565259633989));
#5475=CARTESIAN_POINT('Ctrl Pts',(-0.858633025077671,145.759473542141,20.060219199498));
#5476=CARTESIAN_POINT('Ctrl Pts',(-0.895688371997254,145.847381009655,20.0624752301581));
#5477=CARTESIAN_POINT('Ctrl Pts',(-0.932909971234115,146.044090972252,20.0676587322977));
#5478=CARTESIAN_POINT('Ctrl Pts',(-0.933774936827154,146.152271146919,20.0705651251236));
#5479=CARTESIAN_POINT('Ctrl Pts',(-0.900938767040884,146.485624033608,20.0798507308619));
#5480=CARTESIAN_POINT('Ctrl Pts',(-0.848420268852305,146.742398732849,20.0872682223611));
#5481=CARTESIAN_POINT('Ctrl Pts',(-0.787679315338297,147.045196422315,20.0967322420801));
#5482=CARTESIAN_POINT('',(-0.787679315338297,147.045196422315,-4.54980979880912));
#5483=CARTESIAN_POINT('Ctrl Pts',(-0.787679315338296,147.045196422315,-4.5498097988091));
#5484=CARTESIAN_POINT('Ctrl Pts',(-0.871774651045539,146.625975585731,-4.53695204385986));
#5485=CARTESIAN_POINT('Ctrl Pts',(-0.946214672326509,146.288742090782,-4.52772387729737));
#5486=CARTESIAN_POINT('Ctrl Pts',(-0.918005800312627,145.930756270336,-4.51832519120355));
#5487=CARTESIAN_POINT('Ctrl Pts',(-0.892734783137588,145.839204768033,-4.51598989071176));
#5488=CARTESIAN_POINT('Ctrl Pts',(-0.800323036956629,145.660704640026,-4.51152817080554));
#5489=CARTESIAN_POINT('Ctrl Pts',(-0.733421071145428,145.573898389031,-4.50940542879708));
#5490=CARTESIAN_POINT('Ctrl Pts',(-0.500514565704404,145.327399620442,-4.50353894959977));
#5491=CARTESIAN_POINT('Ctrl Pts',(-0.29865209169514,145.151240174659,-4.49953687156349));
#5492=CARTESIAN_POINT('Ctrl Pts',(-0.144045927581943,145.013645425916,-4.49654119238704));
#5493=CARTESIAN_POINT('',(-0.787679315338297,147.045196422315,0.));
#5494=CARTESIAN_POINT('Ctrl Pts',(5.44532801956161,153.03376402638,-60.));
#5495=CARTESIAN_POINT('Ctrl Pts',(5.44532801956161,153.03376402638,60.));
#5496=CARTESIAN_POINT('Ctrl Pts',(-0.539386912689367,148.282960986829,-60.));
#5497=CARTESIAN_POINT('Ctrl Pts',(-0.539386912689367,148.282960986829,60.));
#5498=CARTESIAN_POINT('Ctrl Pts',(-0.539386912689368,148.282960986829,-60.));
#5499=CARTESIAN_POINT('Ctrl Pts',(-0.539386912689368,148.282960986829,60.));
#5500=CARTESIAN_POINT('Ctrl Pts',(-0.787679315338297,147.045196422315,-60.));
#5501=CARTESIAN_POINT('Ctrl Pts',(-0.787679315338297,147.045196422315,60.));
#5502=CARTESIAN_POINT('',(5.4453280195616,153.03376402638,20.3640630819708));
#5503=CARTESIAN_POINT('Ctrl Pts',(-0.787679315338311,147.045196422315,20.0967322420801));
#5504=CARTESIAN_POINT('Ctrl Pts',(-0.722384073655806,147.370700286,20.1069059491184));
#5505=CARTESIAN_POINT('Ctrl Pts',(-0.680585313083442,147.661664791738,20.1165550881788));
#5506=CARTESIAN_POINT('Ctrl Pts',(-0.268809065392439,148.278204153004,20.1385213205353));
#5507=CARTESIAN_POINT('Ctrl Pts',(-0.00725507976417905,148.558133234273,
20.1488251979696));
#5508=CARTESIAN_POINT('Ctrl Pts',(1.34282262795235,149.790660023995,20.1977174624144));
#5509=CARTESIAN_POINT('Ctrl Pts',(3.14730018858924,151.209537187183,20.2581829134378));
#5510=CARTESIAN_POINT('Ctrl Pts',(5.44532801956161,153.03376402638,20.3640630819708));
#5511=CARTESIAN_POINT('',(5.44532801956161,153.03376402638,-4.81213418061533));
#5512=CARTESIAN_POINT('Ctrl Pts',(5.44532801956169,153.03376402638,-4.81213418061533));
#5513=CARTESIAN_POINT('Ctrl Pts',(2.9898402632354,151.084541911644,-4.70112035027446));
#5514=CARTESIAN_POINT('Ctrl Pts',(1.08635303755726,149.595126392239,-4.64059778628721));
#5515=CARTESIAN_POINT('Ctrl Pts',(-0.212452731799968,148.347278122138,-4.59315260401305));
#5516=CARTESIAN_POINT('Ctrl Pts',(-0.42219186089834,148.083304246202,-4.58387556717164));
#5517=CARTESIAN_POINT('Ctrl Pts',(-0.688841588669433,147.567798962706,-4.56628024954008));
#5518=CARTESIAN_POINT('Ctrl Pts',(-0.732974275991072,147.317906978425,-4.5581739954247));
#5519=CARTESIAN_POINT('Ctrl Pts',(-0.787679315338294,147.045196422315,-4.54980979880911));
#5520=CARTESIAN_POINT('',(5.44532801956161,153.03376402638,0.));
#5521=CARTESIAN_POINT('Ctrl Pts',(12.255901263275,152.518276886487,-60.));
#5522=CARTESIAN_POINT('Ctrl Pts',(12.255901263275,152.518276886487,60.));
#5523=CARTESIAN_POINT('Ctrl Pts',(11.4300429518126,157.784567065931,-60.));
#5524=CARTESIAN_POINT('Ctrl Pts',(11.4300429518126,157.784567065931,60.));
#5525=CARTESIAN_POINT('Ctrl Pts',(11.4300429518126,157.784567065931,-60.));
#5526=CARTESIAN_POINT('Ctrl Pts',(11.4300429518126,157.784567065931,60.));
#5527=CARTESIAN_POINT('Ctrl Pts',(5.44532801956161,153.03376402638,-60.));
#5528=CARTESIAN_POINT('Ctrl Pts',(5.44532801956161,153.03376402638,60.));
#5529=CARTESIAN_POINT('',(12.255901263275,152.518276886487,20.3347389997598));
#5530=CARTESIAN_POINT('Ctrl Pts',(5.44532801956161,153.03376402638,20.3640630819708));
#5531=CARTESIAN_POINT('Ctrl Pts',(6.96973260485527,154.243871110728,20.4342990522353));
#5532=CARTESIAN_POINT('Ctrl Pts',(8.17342834489095,155.202255249919,20.4996668606467));
#5533=CARTESIAN_POINT('Ctrl Pts',(9.67375786286321,156.203851595386,20.5702300320336));
#5534=CARTESIAN_POINT('Ctrl Pts',(10.1369707220391,156.442238745638,20.58794135377));
#5535=CARTESIAN_POINT('Ctrl Pts',(10.6325631091575,156.538060898858,20.5949992106489));
#5536=CARTESIAN_POINT('Ctrl Pts',(10.7550999632114,156.542690009991,20.5953411827009));
#5537=CARTESIAN_POINT('Ctrl Pts',(10.9626312080295,156.50437974794,20.5925178917077));
#5538=CARTESIAN_POINT('Ctrl Pts',(11.0484034698952,156.470381072556,20.5900122190695));
#5539=CARTESIAN_POINT('Ctrl Pts',(11.2127044064462,156.363193772082,20.5821626080828));
#5540=CARTESIAN_POINT('Ctrl Pts',(11.2844942071775,156.291097497407,20.5769048878167));
#5541=CARTESIAN_POINT('Ctrl Pts',(11.439522948276,156.089208061125,20.5623085432986));
#5542=CARTESIAN_POINT('Ctrl Pts',(11.521385993355,155.933604921589,20.5511499095609));
#5543=CARTESIAN_POINT('Ctrl Pts',(11.8626656410464,155.061498965179,20.4899301324666));
#5544=CARTESIAN_POINT('Ctrl Pts',(12.0336116647366,153.935761597275,20.4137373289601));
#5545=CARTESIAN_POINT('Ctrl Pts',(12.255901263275,152.518276886487,20.3347389997598));
#5546=CARTESIAN_POINT('',(12.255901263275,152.518276886487,-4.78335983475308));
#5547=CARTESIAN_POINT('Ctrl Pts',(12.255901263275,152.518276886487,-4.78335983475308));
#5548=CARTESIAN_POINT('Ctrl Pts',(12.0582444775487,153.778684362108,-4.85228734326939));
#5549=CARTESIAN_POINT('Ctrl Pts',(11.9005036446853,154.803432593526,-4.9187765006156));
#5550=CARTESIAN_POINT('Ctrl Pts',(11.5888176847665,155.794155866274,-4.98590516996499));
#5551=CARTESIAN_POINT('Ctrl Pts',(11.4811653480678,156.032160683503,-5.00261821058401));
#5552=CARTESIAN_POINT('Ctrl Pts',(11.2835934342207,156.293663378378,-5.02116086169965));
#5553=CARTESIAN_POINT('Ctrl Pts',(11.2030161194973,156.373804047868,-5.02689990660562));
#5554=CARTESIAN_POINT('Ctrl Pts',(11.0249797527905,156.481087964933,-5.03461549978399));
#5555=CARTESIAN_POINT('Ctrl Pts',(10.938147319778,156.511620627219,-5.03682474270692));
#5556=CARTESIAN_POINT('Ctrl Pts',(10.7363582399204,156.542086333225,-5.03902830158951));
#5557=CARTESIAN_POINT('Ctrl Pts',(10.6253441189522,156.535267861705,-5.03853448935412));
#5558=CARTESIAN_POINT('Ctrl Pts',(10.3423148364668,156.483966015912,-5.03482612237472));
#5559=CARTESIAN_POINT('Ctrl Pts',(10.1450900843161,156.413047942787,-5.02969663221079));
#5560=CARTESIAN_POINT('Ctrl Pts',(9.43970981084067,156.069491654193,-5.00518403095308));
#5561=CARTESIAN_POINT('Ctrl Pts',(8.83323873110126,155.658609157422,-4.97602986704816));
#5562=CARTESIAN_POINT('Ctrl Pts',(7.24473558553143,154.466300031434,-4.89742361204125));
#5563=CARTESIAN_POINT('Ctrl Pts',(6.40734233827232,153.797432906378,-4.85562732941548));
#5564=CARTESIAN_POINT('Ctrl Pts',(5.44532801956161,153.03376402638,-4.81213418061534));
#5565=CARTESIAN_POINT('',(12.255901263275,152.518276886487,0.));
#5566=CARTESIAN_POINT('Ctrl Pts',(6.91482146285995,145.735921106458,-60.));
#5567=CARTESIAN_POINT('Ctrl Pts',(6.91482146285995,145.735921106458,60.));
#5568=CARTESIAN_POINT('Ctrl Pts',(13.0817578306578,147.251984962964,-60.));
#5569=CARTESIAN_POINT('Ctrl Pts',(13.0817578306578,147.251984962964,60.));
#5570=CARTESIAN_POINT('Ctrl Pts',(13.0817578306578,147.251984962964,-60.));
#5571=CARTESIAN_POINT('Ctrl Pts',(13.0817578306578,147.251984962964,60.));
#5572=CARTESIAN_POINT('Ctrl Pts',(12.255901263275,152.518276886487,-60.));
#5573=CARTESIAN_POINT('Ctrl Pts',(12.255901263275,152.518276886487,60.));
#5574=CARTESIAN_POINT('Ctrl Pts',(12.255901263275,152.518276886487,20.3347389997598));
#5575=CARTESIAN_POINT('Ctrl Pts',(12.4487510803242,151.288519233536,20.2662029519527));
#5576=CARTESIAN_POINT('Ctrl Pts',(12.616349308918,150.247256811924,20.2182976103555));
#5577=CARTESIAN_POINT('Ctrl Pts',(12.6484094790669,149.009010448169,20.1662903787699));
#5578=CARTESIAN_POINT('Ctrl Pts',(12.6148870610094,148.643279562734,20.1521666149903));
#5579=CARTESIAN_POINT('Ctrl Pts',(12.449199118131,148.093905201965,20.131840255125));
#5580=CARTESIAN_POINT('Ctrl Pts',(12.3408811512067,147.881901272371,20.1243649881781));
#5581=CARTESIAN_POINT('Ctrl Pts',(12.0310116370317,147.505548281344,20.11151765412));
#5582=CARTESIAN_POINT('Ctrl Pts',(11.8389596034386,147.346548585128,20.1063070883418));
#5583=CARTESIAN_POINT('Ctrl Pts',(11.2431571890222,146.980587620996,20.0946129073815));
#5584=CARTESIAN_POINT('Ctrl Pts',(10.7734452165268,146.788607355283,20.0887769502012));
#5585=CARTESIAN_POINT('Ctrl Pts',(9.54708941445091,146.397393040087,20.077333547777));
#5586=CARTESIAN_POINT('Ctrl Pts',(8.70562419332514,146.176167467353,20.0708240038073));
#5587=CARTESIAN_POINT('Ctrl Pts',(6.91482146285995,145.735921106458,20.0596373365396));
#5588=CARTESIAN_POINT('Ctrl Pts',(6.91482146285995,145.735921106458,-4.51340867383382));
#5589=CARTESIAN_POINT('Ctrl Pts',(9.29849812988824,146.321918078852,-4.52802042224571));
#5590=CARTESIAN_POINT('Ctrl Pts',(10.2590797706248,146.5927561572,-4.53621398481586));
#5591=CARTESIAN_POINT('Ctrl Pts',(11.3507928967541,147.041150615487,-4.54962112528605));
#5592=CARTESIAN_POINT('Ctrl Pts',(11.6764151766343,147.222443755345,-4.55521790926002));
#5593=CARTESIAN_POINT('Ctrl Pts',(12.1182774496754,147.594020195496,-4.56724561542459));
#5594=CARTESIAN_POINT('Ctrl Pts',(12.2736427864641,147.779104672844,-4.57339029235034));
#5595=CARTESIAN_POINT('Ctrl Pts',(12.4962856586528,148.210652544677,-4.58843629024224));
#5596=CARTESIAN_POINT('Ctrl Pts',(12.5642001129498,148.442770247733,-4.59680250265541));
#5597=CARTESIAN_POINT('Ctrl Pts',(12.6588105658448,149.103717612576,-4.62188616407866));
#5598=CARTESIAN_POINT('Ctrl Pts',(12.6471035309434,149.574811791607,-4.64070044338007));
#5599=CARTESIAN_POINT('Ctrl Pts',(12.5244875684038,150.81260256661,-4.69550230542782));
#5600=CARTESIAN_POINT('Ctrl Pts',(12.3985157808114,151.608857852309,-4.73362672110873));
#5601=CARTESIAN_POINT('Ctrl Pts',(12.255901263275,152.518276886487,-4.78335983475308));
#5602=CARTESIAN_POINT('Origin',(11.3590912113622,119.293724608863,0.));
#5603=CARTESIAN_POINT('',(11.3984908079527,120.415473033643,20.8475094492854));
#5604=CARTESIAN_POINT('',(11.3590912113622,119.293724608863,20.9488847471117));
#5605=CARTESIAN_POINT('Origin',(12.0877456760653,140.039292297875,244.247953868861));
#5606=CARTESIAN_POINT('',(11.3984908079527,120.415473033643,-5.28649719590231));
#5607=CARTESIAN_POINT('',(11.3984908079527,120.415473033643,0.));
#5608=CARTESIAN_POINT('',(11.3590912113621,119.293724608863,-5.38596293031848));
#5609=CARTESIAN_POINT('Origin',(12.0877456760653,140.039292297875,-232.973900914913));
#5610=CARTESIAN_POINT('',(11.3590912113622,119.293724608863,0.));
#5611=CARTESIAN_POINT('Origin',(10.9893192260076,119.306712250951,0.));
#5612=CARTESIAN_POINT('',(10.9893192260077,118.936712250951,20.9823408319621));
#5613=CARTESIAN_POINT('Ctrl Pts',(11.3590912113621,119.293724608863,20.9488847471118));
#5614=CARTESIAN_POINT('Ctrl Pts',(11.3575936524068,119.251087512432,20.952845940383));
#5615=CARTESIAN_POINT('Ctrl Pts',(11.3482792231163,119.206434321197,20.9570077773728));
#5616=CARTESIAN_POINT('Ctrl Pts',(11.312212255495,119.119418672783,20.9651425368776));
#5617=CARTESIAN_POINT('Ctrl Pts',(11.283681374138,119.077759081705,20.9690518950498));
#5618=CARTESIAN_POINT('Ctrl Pts',(11.2179247310544,119.012115151965,20.9752243377914));
#5619=CARTESIAN_POINT('Ctrl Pts',(11.1763747983062,118.983696153679,20.9779042004847));
#5620=CARTESIAN_POINT('Ctrl Pts',(11.0852962663028,118.945994086826,20.9814629247732));
#5621=CARTESIAN_POINT('Ctrl Pts',(11.0357671194885,118.936712250951,20.9823408319621));
#5622=CARTESIAN_POINT('Ctrl Pts',(10.9893192260076,118.936712250951,20.9823408319621));
#5623=CARTESIAN_POINT('',(10.9893192260077,118.936712250951,-5.41878844722494));
#5624=CARTESIAN_POINT('Ctrl Pts',(10.9893192260076,118.936712250951,-5.41878844722493));
#5625=CARTESIAN_POINT('Ctrl Pts',(11.0357674947832,118.936712250951,-5.41878844722493));
#5626=CARTESIAN_POINT('Ctrl Pts',(11.0852975916038,118.945994191084,-5.41792707935921));
#5627=CARTESIAN_POINT('Ctrl Pts',(11.1763791685522,118.983698407127,-5.41443523796716));
#5628=CARTESIAN_POINT('Ctrl Pts',(11.2179311754824,119.012119496725,-5.41180569622364));
#5629=CARTESIAN_POINT('Ctrl Pts',(11.2836857659533,119.077765564813,-5.40574940116993));
#5630=CARTESIAN_POINT('Ctrl Pts',(11.3122145784541,119.119423152887,-5.40191391215556));
#5631=CARTESIAN_POINT('Ctrl Pts',(11.3482794509136,119.206435891015,-5.39393273536854));
#5632=CARTESIAN_POINT('Ctrl Pts',(11.3575936726677,119.25108808928,-5.38984942277002));
#5633=CARTESIAN_POINT('Ctrl Pts',(11.3590912113621,119.293724608863,-5.38596293031851));
#5634=CARTESIAN_POINT('',(10.9893192260077,118.936712250951,0.));
#5635=CARTESIAN_POINT('Origin',(-5.28422129929657,118.936712250951,0.));
#5636=CARTESIAN_POINT('',(-5.28422129929657,118.936712250951,20.9823408319621));
#5637=CARTESIAN_POINT('',(41.5,118.936712250951,20.9823408319621));
#5638=CARTESIAN_POINT('',(-5.28422129929657,118.936712250951,-5.41878844722494));
#5639=CARTESIAN_POINT('',(41.5,118.936712250951,-5.41878844722494));
#5640=CARTESIAN_POINT('',(-5.28422129929657,118.936712250951,0.));
#5641=CARTESIAN_POINT('Origin',(-5.28422129929659,119.306712250951,0.));
#5642=CARTESIAN_POINT('',(-5.61698304827647,119.468482515264,20.932717858716));
#5643=CARTESIAN_POINT('Ctrl Pts',(-5.28422129929659,118.936712250951,20.9823408319621));
#5644=CARTESIAN_POINT('Ctrl Pts',(-5.33066919277749,118.936712250951,20.9823408319621));
#5645=CARTESIAN_POINT('Ctrl Pts',(-5.38019833959176,118.945994086826,20.9814629247732));
#5646=CARTESIAN_POINT('Ctrl Pts',(-5.47127687159515,118.983696153679,20.9779042004847));
#5647=CARTESIAN_POINT('Ctrl Pts',(-5.51282680434332,119.012115151965,20.9752243377914));
#5648=CARTESIAN_POINT('Ctrl Pts',(-5.57858344742693,119.077759081705,20.9690518950498));
#5649=CARTESIAN_POINT('Ctrl Pts',(-5.60711432878392,119.119418672782,20.9651425368776));
#5650=CARTESIAN_POINT('Ctrl Pts',(-5.64493270516697,119.210659793398,20.9566127541698));
#5651=CARTESIAN_POINT('Ctrl Pts',(-5.65422129929657,119.260240948404,20.9519931964977));
#5652=CARTESIAN_POINT('Ctrl Pts',(-5.65422129929657,119.353177999721,20.9433643452673));
#5653=CARTESIAN_POINT('Ctrl Pts',(-5.64493469183117,119.402756586867,20.9387772950057));
#5654=CARTESIAN_POINT('Ctrl Pts',(-5.62321242951523,119.455167831165,20.9339446445556));
#5655=CARTESIAN_POINT('Ctrl Pts',(-5.62019457822599,119.461876391898,20.9333263855214));
#5656=CARTESIAN_POINT('Ctrl Pts',(-5.61698304827648,119.468482515264,20.932717858716));
#5657=CARTESIAN_POINT('',(-5.61698304827647,119.468482515264,-5.37010068366329));
#5658=CARTESIAN_POINT('Ctrl Pts',(-5.61698304827648,119.468482515264,-5.37010068366328));
#5659=CARTESIAN_POINT('Ctrl Pts',(-5.62019498587168,119.46187555337,-5.3706978202498));
#5660=CARTESIAN_POINT('Ctrl Pts',(-5.62321320603281,119.455166106451,-5.37130450997837));
#5661=CARTESIAN_POINT('Ctrl Pts',(-5.64493476471233,119.402755411033,-5.37604605198429));
#5662=CARTESIAN_POINT('Ctrl Pts',(-5.65422129929657,119.353177711861,-5.38054658507037));
#5663=CARTESIAN_POINT('Ctrl Pts',(-5.65422129929657,119.260241443768,-5.38901275693701));
#5664=CARTESIAN_POINT('Ctrl Pts',(-5.6449328523471,119.210661272857,-5.39354516545409));
#5665=CARTESIAN_POINT('Ctrl Pts',(-5.60711665174306,119.119423152887,-5.40191391215556));
#5666=CARTESIAN_POINT('Ctrl Pts',(-5.57858783924226,119.077765564813,-5.40574940116993));
#5667=CARTESIAN_POINT('Ctrl Pts',(-5.5128332487713,119.012119496725,-5.41180569622364));
#5668=CARTESIAN_POINT('Ctrl Pts',(-5.47128124184112,118.983698407127,-5.41443523796716));
#5669=CARTESIAN_POINT('Ctrl Pts',(-5.38019966489279,118.945994191084,-5.41792707935921));
#5670=CARTESIAN_POINT('Ctrl Pts',(-5.33066956807218,118.936712250951,-5.41878844722493));
#5671=CARTESIAN_POINT('Ctrl Pts',(-5.28422129929659,118.936712250951,-5.41878844722493));
#5672=CARTESIAN_POINT('',(-5.61698304827647,119.468482515264,0.));
#5673=CARTESIAN_POINT('Origin',(-4.59233313003556,121.576189394117,-1.35525271560688E-19));
#5674=CARTESIAN_POINT('',(-4.59233313003557,121.576189394117,20.7485876940453));
#5675=CARTESIAN_POINT('Origin',(4.38340114811302,140.039292297875,244.247953868861));
#5676=CARTESIAN_POINT('',(-4.59233313003557,121.576189394117,-5.18943716467338));
#5677=CARTESIAN_POINT('Origin',(4.38340114811302,140.039292297875,-232.973900914913));
#5678=CARTESIAN_POINT('',(-4.59233313003556,121.576189394117,-1.35525271560688E-19));
#5679=CARTESIAN_POINT('Ctrl Pts',(1.44254153121932,130.635737572217,-60.));
#5680=CARTESIAN_POINT('Ctrl Pts',(1.44254153121932,130.635737572217,60.));
#5681=CARTESIAN_POINT('Ctrl Pts',(-0.725626707611244,129.530012041211,-60.));
#5682=CARTESIAN_POINT('Ctrl Pts',(-0.725626707611244,129.530012041211,60.));
#5683=CARTESIAN_POINT('Ctrl Pts',(-0.725626707611245,129.530012041211,-60.));
#5684=CARTESIAN_POINT('Ctrl Pts',(-0.725626707611245,129.530012041211,60.));
#5685=CARTESIAN_POINT('Ctrl Pts',(-4.59233313003556,121.576189394117,-60.));
#5686=CARTESIAN_POINT('Ctrl Pts',(-4.59233313003556,121.576189394117,60.));
#5687=CARTESIAN_POINT('',(1.44254153121932,130.635737572217,20.1845119424711));
#5688=CARTESIAN_POINT('Ctrl Pts',(-4.59233313003556,121.576189394117,20.7485876940453));
#5689=CARTESIAN_POINT('Ctrl Pts',(-3.03311665809362,124.783500715797,20.4836342850488));
#5690=CARTESIAN_POINT('Ctrl Pts',(-1.82675620385266,127.339521613589,20.3431689776258));
#5691=CARTESIAN_POINT('Ctrl Pts',(-0.560903320792798,129.240095426765,20.2467215564787));
#5692=CARTESIAN_POINT('Ctrl Pts',(-0.236700247816786,129.592380575837,20.2305588321569));
#5693=CARTESIAN_POINT('Ctrl Pts',(0.470576685389772,130.134098848051,20.2059739048865));
#5694=CARTESIAN_POINT('Ctrl Pts',(0.84987158541189,130.3334869079,20.1971968795512));
#5695=CARTESIAN_POINT('Ctrl Pts',(1.44254153121932,130.635737572217,20.1845119424712));
#5696=CARTESIAN_POINT('',(1.44254153121932,130.635737572217,-4.63594687892592));
#5697=CARTESIAN_POINT('Ctrl Pts',(1.44254153121932,130.635737572217,-4.63594687892591));
#5698=CARTESIAN_POINT('Ctrl Pts',(0.521679250436857,130.166114912792,-4.65528716949198));
#5699=CARTESIAN_POINT('Ctrl Pts',(0.0447827891401209,129.894193470023,-4.6669793215488));
#5700=CARTESIAN_POINT('Ctrl Pts',(-0.846207275897126,128.867523281128,-4.7151686270066));
#5701=CARTESIAN_POINT('Ctrl Pts',(-1.25814078755018,128.214187958246,-4.74602542823325));
#5702=CARTESIAN_POINT('Ctrl Pts',(-2.53504051120624,125.818564623661,-4.88141441680011));
#5703=CARTESIAN_POINT('Ctrl Pts',(-3.46015709040948,123.905077714226,-5.00066878250362));
#5704=CARTESIAN_POINT('Ctrl Pts',(-4.59233313003553,121.576189394117,-5.18943716467338));
#5705=CARTESIAN_POINT('',(1.44254153121932,130.635737572217,0.));
#5706=CARTESIAN_POINT('Ctrl Pts',(4.79091796401962,131.243608607984,-60.));
#5707=CARTESIAN_POINT('Ctrl Pts',(4.79091796401962,131.243608607984,60.));
#5708=CARTESIAN_POINT('Ctrl Pts',(3.61070977004989,131.741459615064,-60.));
#5709=CARTESIAN_POINT('Ctrl Pts',(3.61070977004989,131.741459615064,60.));
#5710=CARTESIAN_POINT('Ctrl Pts',(3.61070977004989,131.741459615064,-60.));
#5711=CARTESIAN_POINT('Ctrl Pts',(3.61070977004989,131.741459615064,60.));
#5712=CARTESIAN_POINT('Ctrl Pts',(1.44254153121932,130.635737572217,-60.));
#5713=CARTESIAN_POINT('Ctrl Pts',(1.44254153121932,130.635737572217,60.));
#5714=CARTESIAN_POINT('',(4.79091796401962,131.243608607984,20.1598265666621));
#5715=CARTESIAN_POINT('Ctrl Pts',(1.44254153121932,130.635737572217,20.1845119424712));
#5716=CARTESIAN_POINT('Ctrl Pts',(1.89724132246506,130.867625288795,20.174780016485));
#5717=CARTESIAN_POINT('Ctrl Pts',(2.64398153807749,131.28157631677,20.158260316976));
#5718=CARTESIAN_POINT('Ctrl Pts',(3.21512693545301,131.469842549964,20.1510610291852));
#5719=CARTESIAN_POINT('Ctrl Pts',(3.68723094077253,131.625461842644,20.1451101581511));
#5720=CARTESIAN_POINT('Ctrl Pts',(3.97098683960778,131.576044452046,20.1469420011957));
#5721=CARTESIAN_POINT('Ctrl Pts',(4.45440339800293,131.383224953694,20.1543900444796));
#5722=CARTESIAN_POINT('Ctrl Pts',(4.55581801924506,131.342773885037,20.155952548857));
#5723=CARTESIAN_POINT('Ctrl Pts',(4.66663330806155,131.296036002955,20.1577687388405));
#5724=CARTESIAN_POINT('Ctrl Pts',(4.79091796401961,131.243608607984,20.1598265666621));
#5725=CARTESIAN_POINT('',(4.79091796401962,131.243608607984,-4.611723566635));
#5726=CARTESIAN_POINT('Ctrl Pts',(4.79091796401962,131.243608607984,-4.61172356663501));
#5727=CARTESIAN_POINT('Ctrl Pts',(4.38335872062943,131.415530630559,-4.60510175321804));
#5728=CARTESIAN_POINT('Ctrl Pts',(4.12004421145943,131.526035065235,-4.60101853291133));
#5729=CARTESIAN_POINT('Ctrl Pts',(3.6963505176315,131.573911729053,-4.59923994931995));
#5730=CARTESIAN_POINT('Ctrl Pts',(3.53381463434109,131.559945221335,-4.59975278379565));
#5731=CARTESIAN_POINT('Ctrl Pts',(2.80224105830133,131.361865649415,-4.60715297107144));
#5732=CARTESIAN_POINT('Ctrl Pts',(1.93849571314971,130.888664195429,-4.62553069843157));
#5733=CARTESIAN_POINT('Ctrl Pts',(1.44254153121932,130.635737572217,-4.63594687892591));
#5734=CARTESIAN_POINT('',(4.79091796401962,131.243608607984,0.));
#5735=CARTESIAN_POINT('Ctrl Pts',(8.23262183975204,128.682668413282,-60.));
#5736=CARTESIAN_POINT('Ctrl Pts',(8.23262183975204,128.682668413282,60.));
#5737=CARTESIAN_POINT('Ctrl Pts',(5.97112441390975,130.745757600904,-60.));
#5738=CARTESIAN_POINT('Ctrl Pts',(5.97112441390975,130.745757600904,60.));
#5739=CARTESIAN_POINT('Ctrl Pts',(5.97112441390975,130.745757600904,-60.));
#5740=CARTESIAN_POINT('Ctrl Pts',(5.97112441390975,130.745757600904,60.));
#5741=CARTESIAN_POINT('Ctrl Pts',(4.79091796401962,131.243608607984,-60.));
#5742=CARTESIAN_POINT('Ctrl Pts',(4.79091796401962,131.243608607984,60.));
#5743=CARTESIAN_POINT('',(8.23262183975204,128.682668413282,20.2750092007092));
#5744=CARTESIAN_POINT('Ctrl Pts',(4.79091796401962,131.243608607984,20.1598265666621));
#5745=CARTESIAN_POINT('Ctrl Pts',(5.42001269154981,130.978235169567,20.1702427402101));
#5746=CARTESIAN_POINT('Ctrl Pts',(5.70527825252598,130.848488792976,20.175485292238));
#5747=CARTESIAN_POINT('Ctrl Pts',(6.63035687581574,130.160146419323,20.204637376135));
#5748=CARTESIAN_POINT('Ctrl Pts',(7.37527851584372,129.464794327476,20.2353512417934));
#5749=CARTESIAN_POINT('Ctrl Pts',(8.23262183975208,128.682668413282,20.2750092007092));
#5750=CARTESIAN_POINT('',(8.23262183975204,128.682668413282,-4.72474935293484));
#5751=CARTESIAN_POINT('Ctrl Pts',(8.23262183975205,128.682668413282,-4.72474935293486));
#5752=CARTESIAN_POINT('Ctrl Pts',(7.37527773273501,129.46479504188,-4.68583434321704));
#5753=CARTESIAN_POINT('Ctrl Pts',(6.63035894978453,130.160143869101,-4.65569566459577));
#5754=CARTESIAN_POINT('Ctrl Pts',(5.70527965670538,130.848488518676,-4.62708922088485));
#5755=CARTESIAN_POINT('Ctrl Pts',(5.42001562458583,130.978233932313,-4.62194483765989));
#5756=CARTESIAN_POINT('Ctrl Pts',(4.79091796401962,131.243608607984,-4.611723566635));
#5757=CARTESIAN_POINT('',(8.23262183975204,128.682668413282,0.));
#5758=CARTESIAN_POINT('Ctrl Pts',(11.3984908079527,120.415473033643,-60.));
#5759=CARTESIAN_POINT('Ctrl Pts',(11.3984908079527,120.415473033643,60.));
#5760=CARTESIAN_POINT('Ctrl Pts',(10.4941192655943,126.6195757375,-60.));
#5761=CARTESIAN_POINT('Ctrl Pts',(10.4941192655943,126.6195757375,60.));
#5762=CARTESIAN_POINT('Ctrl Pts',(10.4941192655943,126.6195757375,-60.));
#5763=CARTESIAN_POINT('Ctrl Pts',(10.4941192655943,126.6195757375,60.));
#5764=CARTESIAN_POINT('Ctrl Pts',(8.23262183975204,128.682668413282,-60.));
#5765=CARTESIAN_POINT('Ctrl Pts',(8.23262183975204,128.682668413282,60.));
#5766=CARTESIAN_POINT('Ctrl Pts',(8.23262183975204,128.682668413282,20.2750092007092));
#5767=CARTESIAN_POINT('Ctrl Pts',(9.28807016538648,127.719816240469,20.3238309456717));
#5768=CARTESIAN_POINT('Ctrl Pts',(9.68139942175749,127.280186859425,20.3501843705973));
#5769=CARTESIAN_POINT('Ctrl Pts',(9.93161777689151,126.889569277344,20.3731280534906));
#5770=CARTESIAN_POINT('Ctrl Pts',(10.1852842712235,126.493568781626,20.3963879122787));
#5771=CARTESIAN_POINT('Ctrl Pts',(10.3533604266603,126.092015670867,20.4206874095297));
#5772=CARTESIAN_POINT('Ctrl Pts',(10.5125404457583,125.528498597299,20.457226367567));
#5773=CARTESIAN_POINT('Ctrl Pts',(10.7996299835042,124.512165912586,20.5231263004359));
#5774=CARTESIAN_POINT('Ctrl Pts',(11.0296821444033,122.941310283136,20.6310107637796));
#5775=CARTESIAN_POINT('Ctrl Pts',(11.3216522742572,120.942262170458,20.8018612879173));
#5776=CARTESIAN_POINT('Ctrl Pts',(11.3468527300585,120.769720809349,20.8166076973679));
#5777=CARTESIAN_POINT('Ctrl Pts',(11.3724538886479,120.594089579933,20.8318195126288));
#5778=CARTESIAN_POINT('Ctrl Pts',(11.3984908079527,120.415473033643,20.8475094492854));
#5779=CARTESIAN_POINT('Ctrl Pts',(11.3984908079527,120.415473033643,-5.28649719590234));
#5780=CARTESIAN_POINT('Ctrl Pts',(11.0409241415287,122.868425407825,-5.07508324296308));
#5781=CARTESIAN_POINT('Ctrl Pts',(10.7958577923551,124.870769126232,-4.94301562071725));
#5782=CARTESIAN_POINT('Ctrl Pts',(10.1263681912191,126.619387562836,-4.83617203984587));
#5783=CARTESIAN_POINT('Ctrl Pts',(9.88617496602694,127.006105629117,-4.81401356840884));
#5784=CARTESIAN_POINT('Ctrl Pts',(9.37556840342107,127.601154644704,-4.78103437845674));
#5785=CARTESIAN_POINT('Ctrl Pts',(9.17399000548314,127.80408069973,-4.77008374920077));
#5786=CARTESIAN_POINT('Ctrl Pts',(8.74519461629832,128.215908148643,-4.74833905871586));
#5787=CARTESIAN_POINT('Ctrl Pts',(8.48272586881509,128.454506406707,-4.73610164088725));
#5788=CARTESIAN_POINT('Ctrl Pts',(8.23262183975204,128.682668413282,-4.72474935293486));
#5789=CARTESIAN_POINT('Ctrl Pts',(0.182543440093834,132.815882405591,-60.));
#5790=CARTESIAN_POINT('Ctrl Pts',(0.182543440093834,132.815882405591,60.));
#5791=CARTESIAN_POINT('Ctrl Pts',(2.03318629287704,133.759673634839,-60.));
#5792=CARTESIAN_POINT('Ctrl Pts',(2.03318629287704,133.759673634839,60.));
#5793=CARTESIAN_POINT('Ctrl Pts',(2.03318629287704,133.759673634839,-60.));
#5794=CARTESIAN_POINT('Ctrl Pts',(2.03318629287704,133.759673634839,60.));
#5795=CARTESIAN_POINT('Ctrl Pts',(0.674300633086999,137.94407985127,-60.));
#5796=CARTESIAN_POINT('Ctrl Pts',(0.674300633086999,137.94407985127,60.));
#5797=CARTESIAN_POINT('',(0.674300633087004,137.94407985127,19.9970610407995));
#5798=CARTESIAN_POINT('',(0.182543440093834,132.815882405591,20.1036360758213));
#5799=CARTESIAN_POINT('Ctrl Pts',(0.674300633086999,137.94407985127,19.9970610407996));
#5800=CARTESIAN_POINT('Ctrl Pts',(1.20928701958045,136.296700364099,20.0124527744166));
#5801=CARTESIAN_POINT('Ctrl Pts',(1.67552120308182,134.984754000172,20.0429752004415));
#5802=CARTESIAN_POINT('Ctrl Pts',(1.62845202569943,134.067377617214,20.0667414621965));
#5803=CARTESIAN_POINT('Ctrl Pts',(1.59608778147967,133.929200599882,20.0704917730905));
#5804=CARTESIAN_POINT('Ctrl Pts',(1.48631726469743,133.694666025843,20.0770118350767));
#5805=CARTESIAN_POINT('Ctrl Pts',(1.41369664243455,133.598584150625,20.0797632262001));
#5806=CARTESIAN_POINT('Ctrl Pts',(1.20375397488111,133.391965225618,20.0857799342053));
#5807=CARTESIAN_POINT('Ctrl Pts',(1.04607393250218,133.283335209895,20.0890307490745));
#5808=CARTESIAN_POINT('Ctrl Pts',(0.659741428777831,133.059020188051,20.095905214061));
#5809=CARTESIAN_POINT('Ctrl Pts',(0.434654482213335,132.944454047597,20.0994926485871));
#5810=CARTESIAN_POINT('Ctrl Pts',(0.182543440093865,132.815882405591,20.1036360758213));
#5811=CARTESIAN_POINT('',(0.674300633087004,137.94407985127,-4.45200222766996));
#5812=CARTESIAN_POINT('',(0.674300633086999,137.94407985127,0.));
#5813=CARTESIAN_POINT('',(0.182543440093834,132.815882405591,-4.55658448652344));
#5814=CARTESIAN_POINT('Ctrl Pts',(0.182543440093845,132.815882405591,-4.55658448652343));
#5815=CARTESIAN_POINT('Ctrl Pts',(0.624737771181326,133.041392763074,-4.54945300554589));
#5816=CARTESIAN_POINT('Ctrl Pts',(0.984883024651553,133.222726914464,-4.5439898922746));
#5817=CARTESIAN_POINT('Ctrl Pts',(1.35113911058312,133.526290718398,-4.53520280647553));
#5818=CARTESIAN_POINT('Ctrl Pts',(1.44460549721026,133.631487957498,-4.53221677880456));
#5819=CARTESIAN_POINT('Ctrl Pts',(1.57032266574472,133.860142365158,-4.52592528463525));
#5820=CARTESIAN_POINT('Ctrl Pts',(1.60790694203264,133.977859204788,-4.52275602445437));
#5821=CARTESIAN_POINT('Ctrl Pts',(1.6485626983114,134.28079674392,-4.51489857979536));
#5822=CARTESIAN_POINT('Ctrl Pts',(1.64180798187239,134.475871302558,-4.51000255441772));
#5823=CARTESIAN_POINT('Ctrl Pts',(1.49852015554642,135.441499184907,-4.48749228919111));
#5824=CARTESIAN_POINT('Ctrl Pts',(1.1226872073551,136.563366503378,-4.46466135490597));
#5825=CARTESIAN_POINT('Ctrl Pts',(0.674300633086999,137.94407985127,-4.45200222766996));
#5826=CARTESIAN_POINT('',(0.182543440093834,132.815882405591,0.));
#5827=CARTESIAN_POINT('Ctrl Pts',(-8.08016267868058,135.188824773145,-60.));
#5828=CARTESIAN_POINT('Ctrl Pts',(-8.08016267868058,135.188824773145,60.));
#5829=CARTESIAN_POINT('Ctrl Pts',(-1.66810028472916,131.872091176343,-60.));
#5830=CARTESIAN_POINT('Ctrl Pts',(-1.66810028472916,131.872091176343,60.));
#5831=CARTESIAN_POINT('Ctrl Pts',(-1.66810028472916,131.872091176343,-60.));
#5832=CARTESIAN_POINT('Ctrl Pts',(-1.66810028472916,131.872091176343,60.));
#5833=CARTESIAN_POINT('Ctrl Pts',(0.182543440093834,132.815882405591,-60.));
#5834=CARTESIAN_POINT('Ctrl Pts',(0.182543440093834,132.815882405591,60.));
#5835=CARTESIAN_POINT('',(-8.08016267868059,135.188824773145,20.0397340949851));
#5836=CARTESIAN_POINT('Ctrl Pts',(0.182543440093829,132.815882405591,20.1036360758213));
#5837=CARTESIAN_POINT('Ctrl Pts',(-0.303482626798269,132.568018847108,20.1116238762613));
#5838=CARTESIAN_POINT('Ctrl Pts',(-0.663237317549878,132.384291860052,20.1179483770776));
#5839=CARTESIAN_POINT('Ctrl Pts',(-1.30539838529642,132.259372097543,20.1222564468714));
#5840=CARTESIAN_POINT('Ctrl Pts',(-1.57561107049483,132.25919228207,20.1222592254336));
#5841=CARTESIAN_POINT('Ctrl Pts',(-2.31678057815564,132.403649760774,20.1172859836025));
#5842=CARTESIAN_POINT('Ctrl Pts',(-2.8210963756253,132.585264826023,20.1109721465816));
#5843=CARTESIAN_POINT('Ctrl Pts',(-4.11052520537737,133.164107360289,20.0925234544858));
#5844=CARTESIAN_POINT('Ctrl Pts',(-4.84591186057747,133.530749595316,20.0815769568159));
#5845=CARTESIAN_POINT('Ctrl Pts',(-6.21945106761394,134.22528420812,20.0622479270732));
#5846=CARTESIAN_POINT('Ctrl Pts',(-7.10962472942199,134.686799741961,20.0505947856092));
#5847=CARTESIAN_POINT('Ctrl Pts',(-8.08016267868059,135.188824773145,20.0397340949851));
#5848=CARTESIAN_POINT('',(-8.08016267868059,135.188824773145,-4.49387758768527));
#5849=CARTESIAN_POINT('Ctrl Pts',(-8.08016267868058,135.188824773145,-4.49387758768528));
#5850=CARTESIAN_POINT('Ctrl Pts',(-6.56631570567837,134.405765157177,-4.51050138341968));
#5851=CARTESIAN_POINT('Ctrl Pts',(-5.31827758921571,133.758814284804,-4.52822388117997));
#5852=CARTESIAN_POINT('Ctrl Pts',(-2.94805016767278,132.608433751777,-4.56223296894462));
#5853=CARTESIAN_POINT('Ctrl Pts',(-2.16352877160789,132.314063629444,-4.57300275224162));
#5854=CARTESIAN_POINT('Ctrl Pts',(-1.26089624403191,132.25975420321,-4.57484839035566));
#5855=CARTESIAN_POINT('Ctrl Pts',(-1.00857818580433,132.301909619598,-4.5734002374812));
#5856=CARTESIAN_POINT('Ctrl Pts',(-0.467635347009798,132.484315351488,-4.56729113474821));
#5857=CARTESIAN_POINT('Ctrl Pts',(-0.177896210311832,132.632065403884,-4.56239746764618));
#5858=CARTESIAN_POINT('Ctrl Pts',(0.182543440093838,132.815882405591,-4.55658448652344));
#5859=CARTESIAN_POINT('',(-8.08016267868058,135.188824773145,0.));
#5860=CARTESIAN_POINT('Ctrl Pts',(-14.4922242005922,139.42071006825,-60.));
#5861=CARTESIAN_POINT('Ctrl Pts',(-14.4922242005922,139.42071006825,60.));
#5862=CARTESIAN_POINT('Ctrl Pts',(-14.4922242005922,138.505560114026,-60.));
#5863=CARTESIAN_POINT('Ctrl Pts',(-14.4922242005922,138.505560114026,60.));
#5864=CARTESIAN_POINT('Ctrl Pts',(-14.4922242005922,138.505560114026,-60.));
#5865=CARTESIAN_POINT('Ctrl Pts',(-14.4922242005922,138.505560114026,60.));
#5866=CARTESIAN_POINT('Ctrl Pts',(-8.08016267868058,135.188824773145,-60.));
#5867=CARTESIAN_POINT('Ctrl Pts',(-8.08016267868058,135.188824773145,60.));
#5868=CARTESIAN_POINT('',(-14.4922242005922,139.42071006825,19.9881264244337));
#5869=CARTESIAN_POINT('Ctrl Pts',(-8.08016267868059,135.188824773145,20.0397340949851));
#5870=CARTESIAN_POINT('Ctrl Pts',(-10.7016998991405,136.544854361573,20.0103980720334));
#5871=CARTESIAN_POINT('Ctrl Pts',(-12.753957184027,137.587112737504,19.999828081961));
#5872=CARTESIAN_POINT('Ctrl Pts',(-13.9998314350143,138.409373846946,19.9931036648705));
#5873=CARTESIAN_POINT('Ctrl Pts',(-14.2066028663927,138.578958625516,19.9919679142352));
#5874=CARTESIAN_POINT('Ctrl Pts',(-14.3994338674141,138.837299402945,19.9904747832858));
#5875=CARTESIAN_POINT('Ctrl Pts',(-14.4394008584631,138.926125516986,19.9900171260113));
#5876=CARTESIAN_POINT('Ctrl Pts',(-14.4936905058933,139.145915296458,19.9890164075665));
#5877=CARTESIAN_POINT('Ctrl Pts',(-14.4922242005922,139.280199632028,19.988513998347));
#5878=CARTESIAN_POINT('Ctrl Pts',(-14.4922242005922,139.42071006825,19.9881264244337));
#5879=CARTESIAN_POINT('',(-14.4922242005922,139.42071006825,-4.44323459014122));
#5880=CARTESIAN_POINT('Ctrl Pts',(-14.4922242005922,139.42071006825,-4.44323459014123));
#5881=CARTESIAN_POINT('Ctrl Pts',(-14.4922242005922,139.262054714369,-4.44366403527489));
#5882=CARTESIAN_POINT('Ctrl Pts',(-14.4954834102395,139.107600563198,-4.44424732746037));
#5883=CARTESIAN_POINT('Ctrl Pts',(-14.4146388897338,138.870116906125,-4.44537148390572));
#5884=CARTESIAN_POINT('Ctrl Pts',(-14.366333818708,138.783855808396,-4.44582696907627));
#5885=CARTESIAN_POINT('Ctrl Pts',(-14.1891665047195,138.575022210812,-4.44705899436105));
#5886=CARTESIAN_POINT('Ctrl Pts',(-14.0440974243659,138.449651925402,-4.44787644676547));
#5887=CARTESIAN_POINT('Ctrl Pts',(-12.9344286975959,137.673463529072,-4.45378764323882));
#5888=CARTESIAN_POINT('Ctrl Pts',(-10.8102221705739,136.600989140023,-4.46389834791904));
#5889=CARTESIAN_POINT('Ctrl Pts',(-8.08016267868061,135.188824773145,-4.49387758768527));
#5890=CARTESIAN_POINT('',(-14.4922242005922,139.42071006825,0.));
#5891=CARTESIAN_POINT('Ctrl Pts',(-8.60535038925187,142.137220418287,-60.));
#5892=CARTESIAN_POINT('Ctrl Pts',(-8.60535038925187,142.137220418287,60.));
#5893=CARTESIAN_POINT('Ctrl Pts',(-14.4922242005922,140.335858278394,-60.));
#5894=CARTESIAN_POINT('Ctrl Pts',(-14.4922242005922,140.335858278394,60.));
#5895=CARTESIAN_POINT('Ctrl Pts',(-14.4922242005922,140.335858278394,-60.));
#5896=CARTESIAN_POINT('Ctrl Pts',(-14.4922242005922,140.335858278394,60.));
#5897=CARTESIAN_POINT('Ctrl Pts',(-14.4922242005922,139.42071006825,-60.));
#5898=CARTESIAN_POINT('Ctrl Pts',(-14.4922242005922,139.42071006825,60.));
#5899=CARTESIAN_POINT('',(-8.60535038925187,142.137220418287,19.997086430225));
#5900=CARTESIAN_POINT('Ctrl Pts',(-14.4922242005922,139.42071006825,19.9881264244337));
#5901=CARTESIAN_POINT('Ctrl Pts',(-14.4922242005922,139.579759576579,19.9876877136731));
#5902=CARTESIAN_POINT('Ctrl Pts',(-14.4938109981661,139.72527369881,19.9874555408119));
#5903=CARTESIAN_POINT('Ctrl Pts',(-14.4317621334695,139.927438788274,19.9872895440423));
#5904=CARTESIAN_POINT('Ctrl Pts',(-14.3969042330368,139.994558656505,19.9872680715289));
#5905=CARTESIAN_POINT('Ctrl Pts',(-14.2858714808222,140.127607403658,19.987280643445));
#5906=CARTESIAN_POINT('Ctrl Pts',(-14.2088713457517,140.193626105503,19.9873157992064));
#5907=CARTESIAN_POINT('Ctrl Pts',(-13.9111779463001,140.38467325968,19.9875060318409));
#5908=CARTESIAN_POINT('Ctrl Pts',(-13.6284134949874,140.513960194215,19.9877202073006));
#5909=CARTESIAN_POINT('Ctrl Pts',(-12.2635075622984,141.024206000939,19.9891589459622));
#5910=CARTESIAN_POINT('Ctrl Pts',(-10.6189319693046,141.521071722029,19.9913221908667));
#5911=CARTESIAN_POINT('Ctrl Pts',(-8.60535038925185,142.137220418287,19.997086430225));
#5912=CARTESIAN_POINT('',(-8.60535038925187,142.137220418287,-4.45202714257459));
#5913=CARTESIAN_POINT('Ctrl Pts',(-8.60535038925185,142.137220418287,-4.45202714257459));
#5914=CARTESIAN_POINT('Ctrl Pts',(-10.9797369293247,141.410666706448,-4.44535707008702));
#5915=CARTESIAN_POINT('Ctrl Pts',(-12.8894599286629,140.846670132767,-4.44347347827053));
#5916=CARTESIAN_POINT('Ctrl Pts',(-13.9959728066462,140.336067493363,-4.44256336021321));
#5917=CARTESIAN_POINT('Ctrl Pts',(-14.157571277253,140.237240533393,-4.44246177559573));
#5918=CARTESIAN_POINT('Ctrl Pts',(-14.3408027598351,140.071103799359,-4.44238970585503));
#5919=CARTESIAN_POINT('Ctrl Pts',(-14.3905019085763,140.003906338805,-4.44238920045686));
#5920=CARTESIAN_POINT('Ctrl Pts',(-14.4556255383479,139.865839118139,-4.44245331511065));
#5921=CARTESIAN_POINT('Ctrl Pts',(-14.472244148337,139.79582552934,-4.44251524558715));
#5922=CARTESIAN_POINT('Ctrl Pts',(-14.4924471958414,139.630388452769,-4.44274477585467));
#5923=CARTESIAN_POINT('Ctrl Pts',(-14.4922242005922,139.529640498623,-4.44293973943441));
#5924=CARTESIAN_POINT('Ctrl Pts',(-14.4922242005922,139.42071006825,-4.44323459014123));
#5925=CARTESIAN_POINT('',(-8.60535038925187,142.137220418287,0.));
#5926=CARTESIAN_POINT('Ctrl Pts',(-1.70153080230729,143.03353256886,-60.));
#5927=CARTESIAN_POINT('Ctrl Pts',(-1.70153080230729,143.03353256886,60.));
#5928=CARTESIAN_POINT('Ctrl Pts',(-2.71847657791154,143.938582558179,-60.));
#5929=CARTESIAN_POINT('Ctrl Pts',(-2.71847657791154,143.938582558179,60.));
#5930=CARTESIAN_POINT('Ctrl Pts',(-2.71847657791154,143.938582558179,-60.));
#5931=CARTESIAN_POINT('Ctrl Pts',(-2.71847657791154,143.938582558179,60.));
#5932=CARTESIAN_POINT('Ctrl Pts',(-8.60535038925187,142.137220418287,-60.));
#5933=CARTESIAN_POINT('Ctrl Pts',(-8.60535038925187,142.137220418287,60.));
#5934=CARTESIAN_POINT('',(-1.70153080230729,143.03353256886,20.0072631488699));
#5935=CARTESIAN_POINT('Ctrl Pts',(-8.60535038925188,142.137220418287,19.997086430225));
#5936=CARTESIAN_POINT('Ctrl Pts',(-6.04308030391103,142.921265816885,20.0044213890958));
#5937=CARTESIAN_POINT('Ctrl Pts',(-4.29612303064945,143.4744894456,20.0135495116443));
#5938=CARTESIAN_POINT('Ctrl Pts',(-3.00363054864685,143.642291879751,20.01621434755));
#5939=CARTESIAN_POINT('Ctrl Pts',(-2.76579632579948,143.636718364994,20.0161238464516));
#5940=CARTESIAN_POINT('Ctrl Pts',(-2.41335921319779,143.552745099054,20.0147942829909));
#5941=CARTESIAN_POINT('Ctrl Pts',(-2.28162772329097,143.490276725986,20.0138094595404));
#5942=CARTESIAN_POINT('Ctrl Pts',(-2.00825606938979,143.306230726229,20.0110502256858));
#5943=CARTESIAN_POINT('Ctrl Pts',(-1.87035188409561,143.183778060739,20.0092693463217));
#5944=CARTESIAN_POINT('Ctrl Pts',(-1.70153080230728,143.03353256886,20.0072631488699));
#5945=CARTESIAN_POINT('',(-1.70153080230729,143.03353256886,-4.46201365296201));
#5946=CARTESIAN_POINT('Ctrl Pts',(-1.70153080230728,143.03353256886,-4.46201365296204));
#5947=CARTESIAN_POINT('Ctrl Pts',(-1.95228897396809,143.256699512494,-4.46493785729026));
#5948=CARTESIAN_POINT('Ctrl Pts',(-2.14431039871975,143.428591661899,-4.46750986140367));
#5949=CARTESIAN_POINT('Ctrl Pts',(-2.52314619667579,143.588396582563,-4.46995012221237));
#5950=CARTESIAN_POINT('Ctrl Pts',(-2.68110268058469,143.622583168308,-4.47049142239105));
#5951=CARTESIAN_POINT('Ctrl Pts',(-3.15300545723868,143.635261665369,-4.47069053652185));
#5952=CARTESIAN_POINT('Ctrl Pts',(-3.48638695029232,143.587157563381,-4.46992127694377));
#5953=CARTESIAN_POINT('Ctrl Pts',(-4.88072400965983,143.283374725925,-4.46532324611573));
#5954=CARTESIAN_POINT('Ctrl Pts',(-6.46039736775357,142.793568301493,-4.45805269565721));
#5955=CARTESIAN_POINT('Ctrl Pts',(-8.60535038925187,142.137220418287,-4.45202714257461));
#5956=CARTESIAN_POINT('',(-1.70153080230729,143.03353256886,0.));
#5957=CARTESIAN_POINT('Ctrl Pts',(0.674300633086999,137.94407985127,-60.));
#5958=CARTESIAN_POINT('Ctrl Pts',(0.674300633086999,137.94407985127,60.));
#5959=CARTESIAN_POINT('Ctrl Pts',(-0.684585026703042,142.128482579541,-60.));
#5960=CARTESIAN_POINT('Ctrl Pts',(-0.684585026703042,142.128482579541,60.));
#5961=CARTESIAN_POINT('Ctrl Pts',(-0.684585026703042,142.128482579541,-60.));
#5962=CARTESIAN_POINT('Ctrl Pts',(-0.684585026703042,142.128482579541,60.));
#5963=CARTESIAN_POINT('Ctrl Pts',(-1.70153080230729,143.03353256886,-60.));
#5964=CARTESIAN_POINT('Ctrl Pts',(-1.70153080230729,143.03353256886,60.));
#5965=CARTESIAN_POINT('Ctrl Pts',(-1.70153080230728,143.03353256886,20.0072631488699));
#5966=CARTESIAN_POINT('Ctrl Pts',(-1.48908403360974,142.844461577709,20.004738522434));
#5967=CARTESIAN_POINT('Ctrl Pts',(-1.281225003354,142.663313922458,20.0025333668234));
#5968=CARTESIAN_POINT('Ctrl Pts',(-0.985782290729356,142.321822753671,19.9988467196874));
#5969=CARTESIAN_POINT('Ctrl Pts',(-0.881676324433514,142.174257782067,19.997357602686));
#5970=CARTESIAN_POINT('Ctrl Pts',(-0.357802713734214,141.229458584073,19.9891526618235));
#5971=CARTESIAN_POINT('Ctrl Pts',(0.0761748190930864,139.785882559168,19.9798527795119));
#5972=CARTESIAN_POINT('Ctrl Pts',(0.674300633086998,137.94407985127,19.9970610407996));
#5973=CARTESIAN_POINT('Ctrl Pts',(0.674300633087002,137.94407985127,-4.45200222766996));
#5974=CARTESIAN_POINT('Ctrl Pts',(0.125230474437734,139.634825980874,-4.43650055209687));
#5975=CARTESIAN_POINT('Ctrl Pts',(-0.292410147549229,140.970016754958,-4.44306667733223));
#5976=CARTESIAN_POINT('Ctrl Pts',(-0.790512945060367,142.037042102866,-4.45090748652978));
#5977=CARTESIAN_POINT('Ctrl Pts',(-0.927949069069385,142.252046137551,-4.45302874067829));
#5978=CARTESIAN_POINT('Ctrl Pts',(-1.27197398570009,142.655586968505,-4.45727683039214));
#5979=CARTESIAN_POINT('Ctrl Pts',(-1.48461965534331,142.840488420438,-4.45948415408031));
#5980=CARTESIAN_POINT('Ctrl Pts',(-1.70153080230729,143.03353256886,-4.46201365296201));
#5981=CARTESIAN_POINT('Ctrl Pts',(14.6490540251158,153.488681898237,-60.));
#5982=CARTESIAN_POINT('Ctrl Pts',(14.6490540251158,153.488681898237,60.));
#5983=CARTESIAN_POINT('Ctrl Pts',(15.677000582733,146.933727063489,-60.));
#5984=CARTESIAN_POINT('Ctrl Pts',(15.677000582733,146.933727063489,60.));
#5985=CARTESIAN_POINT('Ctrl Pts',(15.677000582733,146.933727063489,-60.));
#5986=CARTESIAN_POINT('Ctrl Pts',(15.677000582733,146.933727063489,60.));
#5987=CARTESIAN_POINT('Ctrl Pts',(18.6885690855406,145.0275753896,-60.));
#5988=CARTESIAN_POINT('Ctrl Pts',(18.6885690855406,145.0275753896,60.));
#5989=CARTESIAN_POINT('',(18.6885690855406,145.0275753896,20.0427579407204));
#5990=CARTESIAN_POINT('',(14.6490540251158,153.488681898237,20.3909308189759));
#5991=CARTESIAN_POINT('Ctrl Pts',(18.6885690855406,145.0275753896,20.0427579407204));
#5992=CARTESIAN_POINT('Ctrl Pts',(18.2845800813095,145.28327746509,20.0484469896936));
#5993=CARTESIAN_POINT('Ctrl Pts',(17.4947726816344,145.758953785478,20.0597379264215));
#5994=CARTESIAN_POINT('Ctrl Pts',(16.5303920224255,146.568740688306,20.0820843741322));
#5995=CARTESIAN_POINT('Ctrl Pts',(16.2273222230984,146.924304349546,20.0924827101331));
#5996=CARTESIAN_POINT('Ctrl Pts',(15.7424504674528,147.864207030611,20.1233456683107));
#5997=CARTESIAN_POINT('Ctrl Pts',(15.558136819254,148.443257910032,20.1433745561806));
#5998=CARTESIAN_POINT('Ctrl Pts',(15.141811776476,150.316393529214,20.2202901963506));
#5999=CARTESIAN_POINT('Ctrl Pts',(14.9197388074339,151.762593601719,20.2872269741369));
#6000=CARTESIAN_POINT('Ctrl Pts',(14.6490540251158,153.488681898237,20.3909308189759));
#6001=CARTESIAN_POINT('',(18.6885690855406,145.0275753896,-4.49684489699291));
#6002=CARTESIAN_POINT('',(18.6885690855406,145.0275753896,0.));
#6003=CARTESIAN_POINT('',(14.6490540251158,153.488681898237,-4.83849810728942));
#6004=CARTESIAN_POINT('Ctrl Pts',(14.6490540251158,153.488681898237,-4.83849810728941));
#6005=CARTESIAN_POINT('Ctrl Pts',(14.993573285686,151.291769835052,-4.70898236404277));
#6006=CARTESIAN_POINT('Ctrl Pts',(15.2573797398867,149.322949076091,-4.62735676921197));
#6007=CARTESIAN_POINT('Ctrl Pts',(15.7151940365916,148.026663432063,-4.58202278177159));
#6008=CARTESIAN_POINT('Ctrl Pts',(16.0049904834948,147.206114627636,-4.55332636801009));
#6009=CARTESIAN_POINT('Ctrl Pts',(16.3700710180295,146.700822349645,-4.53899312352152));
#6010=CARTESIAN_POINT('Ctrl Pts',(16.9502089983509,146.216246450621,-4.52589078522539));
#6011=CARTESIAN_POINT('Ctrl Pts',(17.4915527692328,145.764074461622,-4.51366460893425));
#6012=CARTESIAN_POINT('Ctrl Pts',(18.2006769622178,145.33638337012,-4.50358702530401));
#6013=CARTESIAN_POINT('Ctrl Pts',(18.6885690855406,145.0275753896,-4.4968448969929));
#6014=CARTESIAN_POINT('',(14.6490540251158,153.488681898237,0.));
#6015=CARTESIAN_POINT('Ctrl Pts',(14.4089326353453,163.007701740003,-60.));
#6016=CARTESIAN_POINT('Ctrl Pts',(14.4089326353453,163.007701740003,60.));
#6017=CARTESIAN_POINT('Ctrl Pts',(13.6211074674986,160.043636296964,-60.));
#6018=CARTESIAN_POINT('Ctrl Pts',(13.6211074674986,160.043636296964,60.));
#6019=CARTESIAN_POINT('Ctrl Pts',(13.6211074674986,160.043636296964,-60.));
#6020=CARTESIAN_POINT('Ctrl Pts',(13.6211074674986,160.043636296964,60.));
#6021=CARTESIAN_POINT('Ctrl Pts',(14.6490540251158,153.488681898237,-60.));
#6022=CARTESIAN_POINT('Ctrl Pts',(14.6490540251158,153.488681898237,60.));
#6023=CARTESIAN_POINT('',(14.4089326353453,163.007701740003,21.1665673367752));
#6024=CARTESIAN_POINT('Ctrl Pts',(14.6490540251158,153.488681898236,20.3909308189759));
#6025=CARTESIAN_POINT('Ctrl Pts',(14.2463996771471,156.056306518239,20.5451943903904));
#6026=CARTESIAN_POINT('Ctrl Pts',(13.8840603563296,158.1700086994,20.7168046532915));
#6027=CARTESIAN_POINT('Ctrl Pts',(13.833074290079,160.188917998286,20.8935236823297));
#6028=CARTESIAN_POINT('Ctrl Pts',(13.8744429002396,160.67040448753,20.9376672698095));
#6029=CARTESIAN_POINT('Ctrl Pts',(14.0709378574615,161.747574381684,21.0397209012306));
#6030=CARTESIAN_POINT('Ctrl Pts',(14.2329734443157,162.345683593336,21.0984060971167));
#6031=CARTESIAN_POINT('Ctrl Pts',(14.4089326353453,163.007701740003,21.1665673367752));
#6032=CARTESIAN_POINT('',(14.4089326353453,163.007701740003,-5.59953942594092));
#6033=CARTESIAN_POINT('Ctrl Pts',(14.4089326353453,163.007701740003,-5.59953942594095));
#6034=CARTESIAN_POINT('Ctrl Pts',(14.232988817613,162.345741432893,-5.53267095726852));
#6035=CARTESIAN_POINT('Ctrl Pts',(14.0709722601789,161.747696018887,-5.47509861774689));
#6036=CARTESIAN_POINT('Ctrl Pts',(13.8277301250875,160.41442232085,-5.35116120123606));
#6037=CARTESIAN_POINT('Ctrl Pts',(13.8044129844062,159.717885320032,-5.28846035641488));
#6038=CARTESIAN_POINT('Ctrl Pts',(14.0357098905368,157.349345575775,-5.09546013733071));
#6039=CARTESIAN_POINT('Ctrl Pts',(14.317494396093,155.602953532884,-4.9631419047247));
#6040=CARTESIAN_POINT('Ctrl Pts',(14.6490540251158,153.488681898237,-4.83849810728945));
#6041=CARTESIAN_POINT('',(14.4089326353453,163.007701740003,0.));
#6042=CARTESIAN_POINT('Ctrl Pts',(25.3319740446471,165.971766747022,-60.));
#6043=CARTESIAN_POINT('Ctrl Pts',(25.3319740446471,165.971766747022,60.));
#6044=CARTESIAN_POINT('Ctrl Pts',(15.1967612913512,165.971766747022,-60.));
#6045=CARTESIAN_POINT('Ctrl Pts',(15.1967612913512,165.971766747022,60.));
#6046=CARTESIAN_POINT('Ctrl Pts',(15.1967612913512,165.971766747022,-60.));
#6047=CARTESIAN_POINT('Ctrl Pts',(15.1967612913512,165.971766747022,60.));
#6048=CARTESIAN_POINT('Ctrl Pts',(14.4089326353453,163.007701740003,-60.));
#6049=CARTESIAN_POINT('Ctrl Pts',(14.4089326353453,163.007701740003,60.));
#6050=CARTESIAN_POINT('',(25.3319740446471,165.971766747022,21.4916753528034));
#6051=CARTESIAN_POINT('Ctrl Pts',(14.4089326353453,163.007701740003,21.1665673367752));
#6052=CARTESIAN_POINT('Ctrl Pts',(14.6008459494152,163.729741404693,21.2409083784456));
#6053=CARTESIAN_POINT('Ctrl Pts',(14.7490390041001,164.297373893852,21.3027135179869));
#6054=CARTESIAN_POINT('Ctrl Pts',(15.1564902539179,164.928420616086,21.3725905161889));
#6055=CARTESIAN_POINT('Ctrl Pts',(15.3170345496484,165.09628737116,21.3914540474171));
#6056=CARTESIAN_POINT('Ctrl Pts',(15.7231844589426,165.374525876384,21.4229141475177));
#6057=CARTESIAN_POINT('Ctrl Pts',(15.9722472149323,165.487556418873,21.4358194069829));
#6058=CARTESIAN_POINT('Ctrl Pts',(16.8435695915383,165.741433202766,21.4649218039993));
#6059=CARTESIAN_POINT('Ctrl Pts',(17.5707166690125,165.827203672316,21.4748871027075));
#6060=CARTESIAN_POINT('Ctrl Pts',(19.9626668635625,165.971768952739,21.4916563547721));
#6061=CARTESIAN_POINT('Ctrl Pts',(22.1468359896136,165.971766747022,21.4916753528034));
#6062=CARTESIAN_POINT('Ctrl Pts',(25.3319740446471,165.971766747022,21.4916753528034));
#6063=CARTESIAN_POINT('',(25.3319740446471,165.971766747022,-5.91850048637593));
#6064=CARTESIAN_POINT('Ctrl Pts',(25.3319740446471,165.971766747022,-5.91850048637594));
#6065=CARTESIAN_POINT('Ctrl Pts',(20.2645908575488,165.971766747022,-5.91850048637594));
#6066=CARTESIAN_POINT('Ctrl Pts',(17.7306977261715,165.971800896388,-5.91819820625187));
#6067=CARTESIAN_POINT('Ctrl Pts',(15.990887713784,165.499690443443,-5.86505769604162));
#6068=CARTESIAN_POINT('Ctrl Pts',(15.7061598911273,165.370863273556,-5.85061589504508));
#6069=CARTESIAN_POINT('Ctrl Pts',(15.2886023858157,165.068586677272,-5.81712229779877));
#6070=CARTESIAN_POINT('Ctrl Pts',(15.1372391080587,164.90297598293,-5.798889224582));
#6071=CARTESIAN_POINT('Ctrl Pts',(14.7445926462419,164.280614173835,-5.73132873298129));
#6072=CARTESIAN_POINT('Ctrl Pts',(14.5977650078396,163.718149910726,-5.67130593631495));
#6073=CARTESIAN_POINT('Ctrl Pts',(14.4089326353453,163.007701740003,-5.59953942594095));
#6074=CARTESIAN_POINT('',(25.3319740446471,165.971766747022,-1.35525271560688E-19));
#6075=CARTESIAN_POINT('Ctrl Pts',(28.5836639372252,154.546594359327,-60.));
#6076=CARTESIAN_POINT('Ctrl Pts',(28.5836639372252,154.546594359327,60.));
#6077=CARTESIAN_POINT('Ctrl Pts',(35.467186797943,165.971766747022,-60.));
#6078=CARTESIAN_POINT('Ctrl Pts',(35.467186797943,165.971766747022,60.));
#6079=CARTESIAN_POINT('Ctrl Pts',(35.467186797943,165.971766747022,-60.));
#6080=CARTESIAN_POINT('Ctrl Pts',(35.467186797943,165.971766747022,60.));
#6081=CARTESIAN_POINT('Ctrl Pts',(25.3319740446471,165.971766747022,-60.));
#6082=CARTESIAN_POINT('Ctrl Pts',(25.3319740446471,165.971766747022,60.));
#6083=CARTESIAN_POINT('',(28.5836639372252,154.546594359327,20.4569999938732));
#6084=CARTESIAN_POINT('Ctrl Pts',(25.3319740446471,165.971766747022,21.4916753528034));
#6085=CARTESIAN_POINT('Ctrl Pts',(27.8657195586302,165.971766747022,21.4916753528034));
#6086=CARTESIAN_POINT('Ctrl Pts',(29.7660630632643,165.971775030781,21.4916038222183));
#6087=CARTESIAN_POINT('Ctrl Pts',(31.6672000456677,165.714217164329,21.461829049526));
#6088=CARTESIAN_POINT('Ctrl Pts',(32.224247942217,165.589754624161,21.4474191213249));
#6089=CARTESIAN_POINT('Ctrl Pts',(32.8148048620738,165.268707741169,21.4109312027243));
#6090=CARTESIAN_POINT('Ctrl Pts',(32.9761332138689,165.149115248801,21.3973904429169));
#6091=CARTESIAN_POINT('Ctrl Pts',(33.2091100120238,164.867973925259,21.3659092478742));
#6092=CARTESIAN_POINT('Ctrl Pts',(33.2844985348719,164.72579670274,21.3500971403848));
#6093=CARTESIAN_POINT('Ctrl Pts',(33.3878926109794,164.387015667922,21.312818936608));
#6094=CARTESIAN_POINT('Ctrl Pts',(33.4038977571795,164.196077258511,21.2920420959989));
#6095=CARTESIAN_POINT('Ctrl Pts',(33.3856633211764,163.703859182192,21.2391326658082));
#6096=CARTESIAN_POINT('Ctrl Pts',(33.3132832961091,163.355440702222,21.2022782278875));
#6097=CARTESIAN_POINT('Ctrl Pts',(32.9089655443757,162.114514933433,21.0748180917342));
#6098=CARTESIAN_POINT('Ctrl Pts',(32.3782815619924,161.038308785236,20.9681955618723));
#6099=CARTESIAN_POINT('Ctrl Pts',(30.80274988149,158.226987364268,20.7214749228003));
#6100=CARTESIAN_POINT('Ctrl Pts',(29.7680798338137,156.5124708547,20.5844384074466));
#6101=CARTESIAN_POINT('Ctrl Pts',(28.5836639372252,154.546594359327,20.4569999938732));
#6102=CARTESIAN_POINT('',(28.5836639372252,154.546594359327,-4.90332788604377));
#6103=CARTESIAN_POINT('Ctrl Pts',(28.5836639372252,154.546594359327,-4.90332788604377));
#6104=CARTESIAN_POINT('Ctrl Pts',(30.1944036343258,157.220076976214,-5.07338498444165));
#6105=CARTESIAN_POINT('Ctrl Pts',(31.5606705019052,159.476857051003,-5.26431964060492));
#6106=CARTESIAN_POINT('Ctrl Pts',(33.0131040690707,162.358634699818,-5.53167112466789));
#6107=CARTESIAN_POINT('Ctrl Pts',(33.3485454328976,163.261221366449,-5.62427457183931));
#6108=CARTESIAN_POINT('Ctrl Pts',(33.4088250632937,164.172348384522,-5.72007931171593));
#6109=CARTESIAN_POINT('Ctrl Pts',(33.3900852683472,164.388384567355,-5.74316235200637));
#6110=CARTESIAN_POINT('Ctrl Pts',(33.2773434419634,164.741695757195,-5.78132954039135));
#6111=CARTESIAN_POINT('Ctrl Pts',(33.1995577219494,164.883043562248,-5.79676251774122));
#6112=CARTESIAN_POINT('Ctrl Pts',(32.9779832325361,165.142706479438,-5.82530473426928));
#6113=CARTESIAN_POINT('Ctrl Pts',(32.8383497285857,165.249924166734,-5.83720209326296));
#6114=CARTESIAN_POINT('Ctrl Pts',(32.4602085610676,165.468411522474,-5.86153827426804));
#6115=CARTESIAN_POINT('Ctrl Pts',(32.1800860823277,165.571777364221,-5.87315862263633));
#6116=CARTESIAN_POINT('Ctrl Pts',(31.1512523791995,165.823165588569,-5.90151388828756));
#6117=CARTESIAN_POINT('Ctrl Pts',(30.2414903315105,165.897521683571,-5.91003005699973));
#6118=CARTESIAN_POINT('Ctrl Pts',(28.1164753402885,165.97176709695,-5.9184974191811));
#6119=CARTESIAN_POINT('Ctrl Pts',(26.8357910970777,165.971766747022,-5.91850048637594));
#6120=CARTESIAN_POINT('Ctrl Pts',(25.3319740446471,165.971766747022,-5.91850048637594));
#6121=CARTESIAN_POINT('',(28.5836639372252,154.546594359327,0.));
#6122=CARTESIAN_POINT('Ctrl Pts',(18.6885690855406,145.0275753896,-60.));
#6123=CARTESIAN_POINT('Ctrl Pts',(18.6885690855406,145.0275753896,60.));
#6124=CARTESIAN_POINT('Ctrl Pts',(21.7001375883482,143.121421971631,-60.));
#6125=CARTESIAN_POINT('Ctrl Pts',(21.7001375883482,143.121421971631,60.));
#6126=CARTESIAN_POINT('Ctrl Pts',(21.7001375883482,143.121421971631,-60.));
#6127=CARTESIAN_POINT('Ctrl Pts',(21.7001375883482,143.121421971631,60.));
#6128=CARTESIAN_POINT('Ctrl Pts',(28.5836639372252,154.546594359327,-60.));
#6129=CARTESIAN_POINT('Ctrl Pts',(28.5836639372252,154.546594359327,60.));
#6130=CARTESIAN_POINT('Ctrl Pts',(28.5836639372252,154.546594359327,20.4569999938732));
#6131=CARTESIAN_POINT('Ctrl Pts',(26.0523370504593,150.345136474935,20.1846394825481));
#6132=CARTESIAN_POINT('Ctrl Pts',(23.9987522408254,146.834017677721,20.0843863213692));
#6133=CARTESIAN_POINT('Ctrl Pts',(22.5881621823478,145.215665704666,20.0470216501644));
#6134=CARTESIAN_POINT('Ctrl Pts',(21.9350184162939,144.46632219687,20.0297207327779));
#6135=CARTESIAN_POINT('Ctrl Pts',(21.4680623022515,144.131381038252,20.0246061398263));
#6136=CARTESIAN_POINT('Ctrl Pts',(20.8994115308019,144.08658101893,20.0237974909463));
#6137=CARTESIAN_POINT('Ctrl Pts',(20.4871591704008,144.054102537165,20.0232112481657));
#6138=CARTESIAN_POINT('Ctrl Pts',(20.1135544555443,144.194361850011,20.025628615439));
#6139=CARTESIAN_POINT('Ctrl Pts',(19.650577519611,144.445103509817,20.0305556212142));
#6140=CARTESIAN_POINT('Ctrl Pts',(19.3729524289067,144.595461272039,20.0335101105615));
#6141=CARTESIAN_POINT('Ctrl Pts',(19.0616927741643,144.791409088308,20.0375035381063));
#6142=CARTESIAN_POINT('Ctrl Pts',(18.6885690855406,145.0275753896,20.0427579407204));
#6143=CARTESIAN_POINT('Ctrl Pts',(18.6885690855406,145.0275753896,-4.4968448969929));
#6144=CARTESIAN_POINT('Ctrl Pts',(19.2044849949443,144.701029646683,-4.4897155044996));
#6145=CARTESIAN_POINT('Ctrl Pts',(19.9043766504829,144.210789003703,-4.48044784365783));
#6146=CARTESIAN_POINT('Ctrl Pts',(20.7283691901707,144.071865974359,-4.47797647936633));
#6147=CARTESIAN_POINT('Ctrl Pts',(20.9147292243776,144.074428596062,-4.47801980252939));
#6148=CARTESIAN_POINT('Ctrl Pts',(21.2831865350025,144.159805378966,-4.47954387437558));
#6149=CARTESIAN_POINT('Ctrl Pts',(21.4657431560731,144.238824919686,-4.48095316278375));
#6150=CARTESIAN_POINT('Ctrl Pts',(21.923277120912,144.532251953738,-4.48650423857307));
#6151=CARTESIAN_POINT('Ctrl Pts',(22.205805553663,144.786411518919,-4.49143262870388));
#6152=CARTESIAN_POINT('Ctrl Pts',(23.8947105107829,146.678477643691,-4.53367630766219));
#6153=CARTESIAN_POINT('Ctrl Pts',(25.9167660736311,150.1201178286,-4.62176489768295));
#6154=CARTESIAN_POINT('Ctrl Pts',(28.5836639372252,154.546594359327,-4.90332788604377));
#6155=CARTESIAN_POINT('Origin',(17.027425283007,122.217728299623,0.));
#6156=CARTESIAN_POINT('',(17.199472583895,118.906709174102,20.985178691502));
#6157=CARTESIAN_POINT('',(13.7493635923766,121.720979393506,20.7366739259535));
#6158=CARTESIAN_POINT('Ctrl Pts',(17.199472583895,118.906709174102,20.985178691502));
#6159=CARTESIAN_POINT('Ctrl Pts',(17.1417133287669,118.903707885505,20.9854627737038));
#6160=CARTESIAN_POINT('Ctrl Pts',(17.0843090680921,118.902242223147,20.9856015487317));
#6161=CARTESIAN_POINT('Ctrl Pts',(16.6111685736798,118.902242223147,20.9856015487317));
#6162=CARTESIAN_POINT('Ctrl Pts',(16.1673034567755,118.985431629763,20.9776768553314));
#6163=CARTESIAN_POINT('Ctrl Pts',(15.3510784472359,119.323352265649,20.9460696956788));
#6164=CARTESIAN_POINT('Ctrl Pts',(14.9787111412475,119.57807198107,20.9224556130602));
#6165=CARTESIAN_POINT('Ctrl Pts',(14.3896437604193,120.166270386573,20.8693439022993));
#6166=CARTESIAN_POINT('Ctrl Pts',(14.1340778031016,120.539411706795,20.83628054093));
#6167=CARTESIAN_POINT('Ctrl Pts',(13.8613481490847,121.197345129739,20.7800670569885));
#6168=CARTESIAN_POINT('Ctrl Pts',(13.7889696555384,121.459617734187,20.7580943422199));
#6169=CARTESIAN_POINT('Ctrl Pts',(13.7493635923765,121.720979393506,20.7366739259535));
#6170=CARTESIAN_POINT('',(17.199472583895,118.906709174102,-5.42157281138462));
#6171=CARTESIAN_POINT('',(17.199472583895,118.906709174102,0.));
#6172=CARTESIAN_POINT('',(13.7493635923766,121.720979393506,-5.17774750762513));
#6173=CARTESIAN_POINT('Ctrl Pts',(13.7493635923766,121.720979393506,-5.17774750762513));
#6174=CARTESIAN_POINT('Ctrl Pts',(13.7889681576405,121.459627618863,-5.19876420836575));
#6175=CARTESIAN_POINT('Ctrl Pts',(13.8613427233575,121.197365179549,-5.22032264417133));
#6176=CARTESIAN_POINT('Ctrl Pts',(14.1340560939094,120.539452662952,-5.27547630985338));
#6177=CARTESIAN_POINT('Ctrl Pts',(14.3896069687166,120.166323291114,-5.30791595974674));
#6178=CARTESIAN_POINT('Ctrl Pts',(14.9786620605121,119.578104886607,-5.36002885182773));
#6179=CARTESIAN_POINT('Ctrl Pts',(15.3510461694639,119.32336880216,-5.38319943677075));
#6180=CARTESIAN_POINT('Ctrl Pts',(16.1672950689948,118.985431929122,-5.41421237323818));
#6181=CARTESIAN_POINT('Ctrl Pts',(16.6111669931502,118.902242223147,-5.42198769738491));
#6182=CARTESIAN_POINT('Ctrl Pts',(17.0843089768692,118.902242223147,-5.42198769738491));
#6183=CARTESIAN_POINT('Ctrl Pts',(17.1417132361735,118.903707880694,-5.42185153884463));
#6184=CARTESIAN_POINT('Ctrl Pts',(17.199472583895,118.906709174102,-5.42157281138461));
#6185=CARTESIAN_POINT('',(13.7493635923766,121.720979393506,0.));
#6186=CARTESIAN_POINT('Origin',(38.1663123902929,116.150485212534,0.));
#6187=CARTESIAN_POINT('',(18.447533798065,131.590289772535,20.1464875512443));
#6188=CARTESIAN_POINT('Ctrl Pts',(13.7493635923766,121.720979393506,20.7366739259535));
#6189=CARTESIAN_POINT('Ctrl Pts',(14.0588793586176,123.077668830912,20.625483736202));
#6190=CARTESIAN_POINT('Ctrl Pts',(14.4858397877582,124.422691112357,20.5278849493665));
#6191=CARTESIAN_POINT('Ctrl Pts',(15.6613739351715,127.265099495419,20.3460460309482));
#6192=CARTESIAN_POINT('Ctrl Pts',(16.4569954092434,128.745984492304,20.2676105402358));
#6193=CARTESIAN_POINT('Ctrl Pts',(17.7179276098252,130.623035331159,20.1844701877945));
#6194=CARTESIAN_POINT('Ctrl Pts',(18.0755247361589,131.115182442159,20.1643998973798));
#6195=CARTESIAN_POINT('Ctrl Pts',(18.447533798065,131.590289772535,20.1464875512443));
#6196=CARTESIAN_POINT('',(18.447533798065,131.590289772535,-4.59863419115902));
#6197=CARTESIAN_POINT('Ctrl Pts',(18.447533798065,131.590289772535,-4.59863419115901));
#6198=CARTESIAN_POINT('Ctrl Pts',(18.0756001570108,131.11527876508,-4.61620776319737));
#6199=CARTESIAN_POINT('Ctrl Pts',(17.7180705814941,130.623232346907,-4.63589805166437));
#6200=CARTESIAN_POINT('Ctrl Pts',(16.4572228102734,128.746365707428,-4.71747122760451));
#6201=CARTESIAN_POINT('Ctrl Pts',(15.6615961490315,127.265547389727,-4.79443080530649));
#6202=CARTESIAN_POINT('Ctrl Pts',(14.4859550355993,124.423045027602,-4.97285795415193));
#6203=CARTESIAN_POINT('Ctrl Pts',(14.0589242595113,123.077865643401,-5.06863299217166));
#6204=CARTESIAN_POINT('Ctrl Pts',(13.7493635923766,121.720979393506,-5.17774750762513));
#6205=CARTESIAN_POINT('',(18.447533798065,131.590289772535,0.));
#6206=CARTESIAN_POINT('Ctrl Pts',(28.1243152311705,134.387992259717,-60.));
#6207=CARTESIAN_POINT('Ctrl Pts',(28.1243152311705,134.387992259717,60.));
#6208=CARTESIAN_POINT('Ctrl Pts',(23.8797522215269,136.423964497876,-60.));
#6209=CARTESIAN_POINT('Ctrl Pts',(23.8797522215269,136.423964497876,60.));
#6210=CARTESIAN_POINT('Ctrl Pts',(23.8797522215269,136.423964497876,-60.));
#6211=CARTESIAN_POINT('Ctrl Pts',(23.8797522215269,136.423964497876,60.));
#6212=CARTESIAN_POINT('Ctrl Pts',(18.447533798065,131.590289772535,-60.));
#6213=CARTESIAN_POINT('Ctrl Pts',(18.447533798065,131.590289772535,60.));
#6214=CARTESIAN_POINT('',(28.1243152311705,134.387992259717,20.0584901171988));
#6215=CARTESIAN_POINT('Ctrl Pts',(18.447533798065,131.590289772535,20.1464875512443));
#6216=CARTESIAN_POINT('Ctrl Pts',(20.4751199031333,133.394468276697,20.0784669845416));
#6217=CARTESIAN_POINT('Ctrl Pts',(22.0497030481943,134.863809989473,20.0463244303544));
#6218=CARTESIAN_POINT('Ctrl Pts',(23.7093319726465,135.585239100643,20.0314437343866));
#6219=CARTESIAN_POINT('Ctrl Pts',(24.0750528493385,135.66913818132,20.0298577309674));
#6220=CARTESIAN_POINT('Ctrl Pts',(24.8122883836017,135.68038744307,20.0296387653418));
#6221=CARTESIAN_POINT('Ctrl Pts',(25.1749199954934,135.615428426039,20.030877942223));
#6222=CARTESIAN_POINT('Ctrl Pts',(26.2832366198074,135.275618037294,20.0377672739975));
#6223=CARTESIAN_POINT('Ctrl Pts',(27.117962235448,134.870705499319,20.0463220281918));
#6224=CARTESIAN_POINT('Ctrl Pts',(28.1243152311705,134.387992259717,20.0584901171989));
#6225=CARTESIAN_POINT('',(28.1243152311705,134.387992259717,-4.51228290720977));
#6226=CARTESIAN_POINT('Ctrl Pts',(28.1243152311705,134.387992259717,-4.51228290720978));
#6227=CARTESIAN_POINT('Ctrl Pts',(27.0622654667733,134.897421341331,-4.49968150565502));
#6228=CARTESIAN_POINT('Ctrl Pts',(26.1697798394164,135.333456722718,-4.49075918349574));
#6229=CARTESIAN_POINT('Ctrl Pts',(24.9760516252597,135.658976939358,-4.48434974435495));
#6230=CARTESIAN_POINT('Ctrl Pts',(24.5827980356315,135.703306815865,-4.4835304054755));
#6231=CARTESIAN_POINT('Ctrl Pts',(23.8433590580318,135.617942274939,-4.48516742616564));
#6232=CARTESIAN_POINT('Ctrl Pts',(23.5002152643192,135.510626977011,-4.4871988540143));
#6233=CARTESIAN_POINT('Ctrl Pts',(22.5649506606616,135.048964659959,-4.4967203014536));
#6234=CARTESIAN_POINT('Ctrl Pts',(21.9522522738161,134.604104669486,-4.50629414997736));
#6235=CARTESIAN_POINT('Ctrl Pts',(20.4619481752744,133.384639458278,-4.53842066143588));
#6236=CARTESIAN_POINT('Ctrl Pts',(19.5362603220061,132.559056024432,-4.56279358273338));
#6237=CARTESIAN_POINT('Ctrl Pts',(18.447533798065,131.590289772535,-4.598634191159));
#6238=CARTESIAN_POINT('',(28.1243152311705,134.387992259717,0.));
#6239=CARTESIAN_POINT('Ctrl Pts',(23.4261415373228,124.51867839253,-60.));
#6240=CARTESIAN_POINT('Ctrl Pts',(23.4261415373228,124.51867839253,60.));
#6241=CARTESIAN_POINT('Ctrl Pts',(32.3688782408141,132.352016533399,-60.));
#6242=CARTESIAN_POINT('Ctrl Pts',(32.3688782408141,132.352016533399,60.));
#6243=CARTESIAN_POINT('Ctrl Pts',(32.3688782408141,132.352016533399,-60.));
#6244=CARTESIAN_POINT('Ctrl Pts',(32.3688782408141,132.352016533399,60.));
#6245=CARTESIAN_POINT('Ctrl Pts',(28.1243152311705,134.387992259717,-60.));
#6246=CARTESIAN_POINT('Ctrl Pts',(28.1243152311705,134.387992259717,60.));
#6247=CARTESIAN_POINT('',(23.4261415373228,124.51867839253,20.5249926123545));
#6248=CARTESIAN_POINT('Ctrl Pts',(28.1243152311705,134.387992259717,20.0584901171989));
#6249=CARTESIAN_POINT('Ctrl Pts',(29.6284974045187,133.666486091488,20.0766776259596));
#6250=CARTESIAN_POINT('Ctrl Pts',(30.1337769172843,133.36094723715,20.0865681925722));
#6251=CARTESIAN_POINT('Ctrl Pts',(30.582711841068,132.959597808772,20.0990136082879));
#6252=CARTESIAN_POINT('Ctrl Pts',(30.6930634817782,132.828143903471,20.1031981492051));
#6253=CARTESIAN_POINT('Ctrl Pts',(30.8271913137309,132.577858729586,20.1114056066526));
#6254=CARTESIAN_POINT('Ctrl Pts',(30.864349585242,132.460676772663,20.1153295931456));
#6255=CARTESIAN_POINT('Ctrl Pts',(30.8889944700669,132.205391131399,20.1241049718158));
#6256=CARTESIAN_POINT('Ctrl Pts',(30.8739317674537,132.076586669433,20.1286463712914));
#6257=CARTESIAN_POINT('Ctrl Pts',(30.7947910312867,131.77191024431,20.1396423040629));
#6258=CARTESIAN_POINT('Ctrl Pts',(30.7072623750029,131.577823934467,20.1468540271411));
#6259=CARTESIAN_POINT('Ctrl Pts',(30.3317182256314,130.962045584537,20.1706974724721));
#6260=CARTESIAN_POINT('Ctrl Pts',(29.9368566491659,130.489306357519,20.1899502358962));
#6261=CARTESIAN_POINT('Ctrl Pts',(28.1079601841863,128.60814347677,20.2750195848995));
#6262=CARTESIAN_POINT('Ctrl Pts',(25.9977482176222,126.771262289385,20.3687212812576));
#6263=CARTESIAN_POINT('Ctrl Pts',(23.4261415373229,124.51867839253,20.5249926123545));
#6264=CARTESIAN_POINT('',(23.4261415373228,124.51867839253,-4.97004428345118));
#6265=CARTESIAN_POINT('Ctrl Pts',(23.4261415373228,124.51867839253,-4.97004428345118));
#6266=CARTESIAN_POINT('Ctrl Pts',(27.0207820234239,127.667382794337,-4.75570656985055));
#6267=CARTESIAN_POINT('Ctrl Pts',(29.9532193514335,130.176415854347,-4.65132532302493));
#6268=CARTESIAN_POINT('Ctrl Pts',(30.7795933049711,131.733691189998,-4.59328036516108));
#6269=CARTESIAN_POINT('Ctrl Pts',(30.8451024249256,131.919551425718,-4.58662594900942));
#6270=CARTESIAN_POINT('Ctrl Pts',(30.8882936310939,132.220404924161,-4.57615610125264));
#6271=CARTESIAN_POINT('Ctrl Pts',(30.8845204589114,132.348389859379,-4.57181208818941));
#6272=CARTESIAN_POINT('Ctrl Pts',(30.8212884209949,132.593655108625,-4.56368954271167));
#6273=CARTESIAN_POINT('Ctrl Pts',(30.76777132758,132.701950936363,-4.56019377049399));
#6274=CARTESIAN_POINT('Ctrl Pts',(30.6019653416183,132.940223926502,-4.55264458182743));
#6275=CARTESIAN_POINT('Ctrl Pts',(30.4724648502005,133.06745743804,-4.54873489211559));
#6276=CARTESIAN_POINT('Ctrl Pts',(30.0064999271559,133.435902888598,-4.53768616198936));
#6277=CARTESIAN_POINT('Ctrl Pts',(29.518026113603,133.719475496109,-4.52881955281632));
#6278=CARTESIAN_POINT('Ctrl Pts',(28.1243152311705,134.387992259717,-4.51228290720979));
#6279=CARTESIAN_POINT('',(23.4261415373228,124.51867839253,0.));
#6280=CARTESIAN_POINT('Origin',(17.199472583895,118.906709174102,0.));
#6281=CARTESIAN_POINT('Origin',(40.6467856608189,140.039292297875,244.247953868861));
#6282=CARTESIAN_POINT('Origin',(40.6467856608189,140.039292297875,-232.973900914913));
#6283=CARTESIAN_POINT('Ctrl Pts',(9.96437601913436,130.506605919385,-60.));
#6284=CARTESIAN_POINT('Ctrl Pts',(9.96437601913436,130.506605919385,60.));
#6285=CARTESIAN_POINT('Ctrl Pts',(11.6839390821837,128.937903996778,-60.));
#6286=CARTESIAN_POINT('Ctrl Pts',(11.6839390821837,128.937903996778,60.));
#6287=CARTESIAN_POINT('Ctrl Pts',(11.6839390821837,128.937903996778,-60.));
#6288=CARTESIAN_POINT('Ctrl Pts',(11.6839390821837,128.937903996778,60.));
#6289=CARTESIAN_POINT('Ctrl Pts',(16.9136855619811,133.591418788648,-60.));
#6290=CARTESIAN_POINT('Ctrl Pts',(16.9136855619811,133.591418788648,60.));
#6291=CARTESIAN_POINT('',(16.9136855619811,133.591418788648,20.0799860933822));
#6292=CARTESIAN_POINT('',(9.96437601913436,130.506605919385,20.1899686512204));
#6293=CARTESIAN_POINT('Ctrl Pts',(16.9136855619811,133.591418788648,20.0799860933822));
#6294=CARTESIAN_POINT('Ctrl Pts',(16.7423469407269,133.438958853639,20.0843713870792));
#6295=CARTESIAN_POINT('Ctrl Pts',(16.5750233032237,133.2900705175,20.0888048330548));
#6296=CARTESIAN_POINT('Ctrl Pts',(16.4118505471199,133.144989705624,20.0932602849164));
#6297=CARTESIAN_POINT('Ctrl Pts',(16.2484334829681,132.999691673601,20.0977224076388));
#6298=CARTESIAN_POINT('Ctrl Pts',(16.0891797199651,132.858212599678,20.1022066021924));
#6299=CARTESIAN_POINT('Ctrl Pts',(15.9341813780321,132.720761655397,20.1066866045668));
#6300=CARTESIAN_POINT('Ctrl Pts',(15.7787560095987,132.582932028383,20.1111789495231));
#6301=CARTESIAN_POINT('Ctrl Pts',(15.6276095114241,132.449152776066,20.1156670791691));
#6302=CARTESIAN_POINT('Ctrl Pts',(15.4807905288527,132.319606524003,20.1201245118205));
#6303=CARTESIAN_POINT('Ctrl Pts',(15.3271825023213,132.184069934828,20.1247880602322));
#6304=CARTESIAN_POINT('Ctrl Pts',(15.1783117518186,132.053167111903,20.1294180070981));
#6305=CARTESIAN_POINT('Ctrl Pts',(15.0341831753848,131.927074008479,20.1339840246327));
#6306=CARTESIAN_POINT('Ctrl Pts',(14.8946969523355,131.805042339366,20.1384029716315));
#6307=CARTESIAN_POINT('Ctrl Pts',(14.7596519832294,131.6875153558,20.1427620412767));
#6308=CARTESIAN_POINT('Ctrl Pts',(14.6290076943911,131.574622434099,20.1470337429597));
#6309=CARTESIAN_POINT('Ctrl Pts',(14.4918412887819,131.456093591957,20.1515186995614));
#6310=CARTESIAN_POINT('Ctrl Pts',(14.3595261817605,131.342673294749,20.1559073471651));
#6311=CARTESIAN_POINT('Ctrl Pts',(14.231964831994,131.234476524721,20.1601678689822));
#6312=CARTESIAN_POINT('Ctrl Pts',(14.1044034822275,131.126279754693,20.1644283907994));
#6313=CARTESIAN_POINT('Ctrl Pts',(13.9815957173791,131.023306464735,20.1685607868299));
#6314=CARTESIAN_POINT('Ctrl Pts',(13.8633945547348,130.925636636943,20.1725332402854));
#6315=CARTESIAN_POINT('Ctrl Pts',(13.6821486170913,130.775872801108,20.1786244752207));
#6316=CARTESIAN_POINT('Ctrl Pts',(13.5133442892853,130.639909659643,20.1842860969406));
#6317=CARTESIAN_POINT('Ctrl Pts',(13.355436458953,130.517019784953,20.1894966572869));
#6318=CARTESIAN_POINT('Ctrl Pts',(13.191236468141,130.38923311185,20.1949148430678));
#6319=CARTESIAN_POINT('Ctrl Pts',(13.0388191925514,130.27558239392,20.1998453043597));
#6320=CARTESIAN_POINT('Ctrl Pts',(12.8964867726724,130.175293622847,20.2042639255449));
#6321=CARTESIAN_POINT('Ctrl Pts',(12.7434036081583,130.067429775285,20.2090162968908));
#6322=CARTESIAN_POINT('Ctrl Pts',(12.6019869539842,129.975022512375,20.2131765867118));
#6323=CARTESIAN_POINT('Ctrl Pts',(12.4701601405618,129.897159441384,20.2167147916969));
#6324=CARTESIAN_POINT('Ctrl Pts',(12.3969236561112,129.853902554262,20.2186804441135));
#6325=CARTESIAN_POINT('Ctrl Pts',(12.3266475107556,129.815135427488,20.2204540983624));
#6326=CARTESIAN_POINT('Ctrl Pts',(12.2589785635631,129.780707727696,20.2220306099764));
#6327=CARTESIAN_POINT('Ctrl Pts',(12.1757562679616,129.738367003807,20.2239694744188));
#6328=CARTESIAN_POINT('Ctrl Pts',(12.0967200189749,129.702711700854,20.2256128388898));
#6329=CARTESIAN_POINT('Ctrl Pts',(12.0211251263965,129.673351345853,20.2269710262103));
#6330=CARTESIAN_POINT('Ctrl Pts',(11.9414422304702,129.642403248275,20.2284026612746));
#6331=CARTESIAN_POINT('Ctrl Pts',(11.8655833327075,129.618449268751,20.2295174417252));
#6332=CARTESIAN_POINT('Ctrl Pts',(11.7927131945682,129.601078495164,20.230327457285));
#6333=CARTESIAN_POINT('Ctrl Pts',(11.7447206161815,129.589638030876,20.2308609369275));
#6334=CARTESIAN_POINT('Ctrl Pts',(11.6980251968444,129.581054059467,20.2312622219094));
#6335=CARTESIAN_POINT('Ctrl Pts',(11.6523949856228,129.575219395896,20.2315347659721));
#6336=CARTESIAN_POINT('Ctrl Pts',(11.6003464785221,129.568564034893,20.2318456457862));
#6337=CARTESIAN_POINT('Ctrl Pts',(11.5489084218122,129.565387324438,20.2319934355884));
#6338=CARTESIAN_POINT('Ctrl Pts',(11.4978387876578,129.565854904159,20.2319712163534));
#6339=CARTESIAN_POINT('Ctrl Pts',(11.4486548703142,129.566305218767,20.2319498175508));
#6340=CARTESIAN_POINT('Ctrl Pts',(11.3998127572373,129.570135761249,20.2317707328899));
#6341=CARTESIAN_POINT('Ctrl Pts',(11.3510491622878,129.577488686282,20.2314277818359));
#6342=CARTESIAN_POINT('Ctrl Pts',(11.3093187167914,129.583781102533,20.2311342944448));
#6343=CARTESIAN_POINT('Ctrl Pts',(11.2676451601355,129.592653067781,20.2307208006265));
#6344=CARTESIAN_POINT('Ctrl Pts',(11.2258334004316,129.604189250662,20.2301834269311));
#6345=CARTESIAN_POINT('Ctrl Pts',(11.1637827785133,129.621309489738,20.2293859390417));
#6346=CARTESIAN_POINT('Ctrl Pts',(11.1028059420114,129.643911134256,20.228334962874));
#6347=CARTESIAN_POINT('Ctrl Pts',(11.0421479695168,129.671528641373,20.2270568319991));
#6348=CARTESIAN_POINT('Ctrl Pts',(10.9796445128361,129.699986395378,20.2257398147219));
#6349=CARTESIAN_POINT('Ctrl Pts',(10.9174797793016,129.733769883867,20.224181610368));
#6350=CARTESIAN_POINT('Ctrl Pts',(10.8548712716432,129.772403753851,20.2224110299283));
#6351=CARTESIAN_POINT('Ctrl Pts',(10.840290106917,129.781401362057,20.2219986718317));
#6352=CARTESIAN_POINT('Ctrl Pts',(10.8256850464625,129.79066219426,20.2215747945079));
#6353=CARTESIAN_POINT('Ctrl Pts',(10.8110465147204,129.800180497293,20.2211397619012));
#6354=CARTESIAN_POINT('Ctrl Pts',(10.711568660461,129.864863238611,20.2181834469504));
#6355=CARTESIAN_POINT('Ctrl Pts',(10.6098850181597,129.941867547898,20.2146899152973));
#6356=CARTESIAN_POINT('Ctrl Pts',(10.5030606605866,130.029788543788,20.210761534716));
#6357=CARTESIAN_POINT('Ctrl Pts',(10.405179514728,130.110348895549,20.2071620336153));
#6358=CARTESIAN_POINT('Ctrl Pts',(10.302981448368,130.200073569187,20.2031974458968));
#6359=CARTESIAN_POINT('Ctrl Pts',(10.1942436866249,130.297858398863,20.1989465213725));
#6360=CARTESIAN_POINT('Ctrl Pts',(10.1208253705282,130.363881438325,20.196076352671));
#6361=CARTESIAN_POINT('Ctrl Pts',(10.0444264754189,130.433578469926,20.1930756494916));
#6362=CARTESIAN_POINT('Ctrl Pts',(9.96437601913436,130.506605919385,20.1899686512204));
#6363=CARTESIAN_POINT('',(16.9136855619811,133.591418788648,-4.53337687850653));
#6364=CARTESIAN_POINT('',(16.9136855619811,133.591418788648,0.));
#6365=CARTESIAN_POINT('',(9.96437601913436,130.506605919385,-4.64130143505696));
#6366=CARTESIAN_POINT('Ctrl Pts',(9.96437601913435,130.506605919385,-4.64130143505698));
#6367=CARTESIAN_POINT('Ctrl Pts',(10.3913084898038,130.117129195935,-4.65756174770981));
#6368=CARTESIAN_POINT('Ctrl Pts',(10.715201003042,129.820977698109,-4.6709086901335));
#6369=CARTESIAN_POINT('Ctrl Pts',(11.1772103562135,129.609788486026,-4.68049874378057));
#6370=CARTESIAN_POINT('Ctrl Pts',(11.317035187431,129.572187317595,-4.68222818028866));
#6371=CARTESIAN_POINT('Ctrl Pts',(11.6046716186981,129.56143763531,-4.68272131591412));
#6372=CARTESIAN_POINT('Ctrl Pts',(11.7492503279757,129.582635974785,-4.68174375361249));
#6373=CARTESIAN_POINT('Ctrl Pts',(12.1267750000575,129.703068408073,-4.67625435120069));
#6374=CARTESIAN_POINT('Ctrl Pts',(12.3720801182612,129.828102119827,-4.67056061270335));
#6375=CARTESIAN_POINT('Ctrl Pts',(13.0981371183366,130.299378261372,-4.64987144727726));
#6376=CARTESIAN_POINT('Ctrl Pts',(13.629753395865,130.721186983201,-4.63169646139856));
#6377=CARTESIAN_POINT('Ctrl Pts',(15.1109019580172,131.983240237319,-4.5834264768686));
#6378=CARTESIAN_POINT('Ctrl Pts',(15.9611134224111,132.74380436624,-4.55730131399511));
#6379=CARTESIAN_POINT('Ctrl Pts',(16.9136855619811,133.591418788648,-4.53337687850655));
#6380=CARTESIAN_POINT('',(9.96437601913436,130.506605919385,0.));
#6381=CARTESIAN_POINT('Ctrl Pts',(11.6844745146178,138.191498470044,-60.));
#6382=CARTESIAN_POINT('Ctrl Pts',(11.6844745146178,138.191498470044,60.));
#6383=CARTESIAN_POINT('Ctrl Pts',(8.24481295608505,132.075307841993,-60.));
#6384=CARTESIAN_POINT('Ctrl Pts',(8.24481295608505,132.075307841993,60.));
#6385=CARTESIAN_POINT('Ctrl Pts',(8.24481295608505,132.075307841993,-60.));
#6386=CARTESIAN_POINT('Ctrl Pts',(8.24481295608505,132.075307841993,60.));
#6387=CARTESIAN_POINT('Ctrl Pts',(9.96437601913436,130.506605919385,-60.));
#6388=CARTESIAN_POINT('Ctrl Pts',(9.96437601913436,130.506605919385,60.));
#6389=CARTESIAN_POINT('',(11.6844745146178,138.191498470044,19.994885869003));
#6390=CARTESIAN_POINT('Ctrl Pts',(9.96437601913437,130.506605919385,20.1899686512204));
#6391=CARTESIAN_POINT('Ctrl Pts',(9.56105169610287,130.874545691162,20.1743144247169));
#6392=CARTESIAN_POINT('Ctrl Pts',(9.21966494737019,131.18014160139,20.1620849431769));
#6393=CARTESIAN_POINT('Ctrl Pts',(8.93304428496462,131.661980261671,20.1437439432955));
#6394=CARTESIAN_POINT('Ctrl Pts',(8.87370332719934,131.819717668623,20.1378860779516));
#6395=CARTESIAN_POINT('Ctrl Pts',(8.82480091101319,132.162615301462,20.1255795419549));
#6396=CARTESIAN_POINT('Ctrl Pts',(8.83163471370532,132.346401138463,20.1191569115168));
#6397=CARTESIAN_POINT('Ctrl Pts',(8.93383692553388,132.882841942934,20.1012543549857));
#6398=CARTESIAN_POINT('Ctrl Pts',(9.07322068785464,133.27249313313,20.0888324598401));
#6399=CARTESIAN_POINT('Ctrl Pts',(9.77779284150397,134.815729938426,20.04567884048));
#6400=CARTESIAN_POINT('Ctrl Pts',(10.6428175628061,136.339289356473,20.0101476471291));
#6401=CARTESIAN_POINT('Ctrl Pts',(11.6844745146178,138.191498470044,19.994885869003));
#6402=CARTESIAN_POINT('',(11.6844745146178,138.191498470044,-4.44986770879961));
#6403=CARTESIAN_POINT('Ctrl Pts',(11.6844745146178,138.191498470044,-4.44986770879961));
#6404=CARTESIAN_POINT('Ctrl Pts',(10.3943812998223,135.897535562539,-4.46841617585706));
#6405=CARTESIAN_POINT('Ctrl Pts',(9.30025427627555,134.038539732218,-4.51825348690952));
#6406=CARTESIAN_POINT('Ctrl Pts',(8.9520628206731,132.87989420641,-4.55456917220141));
#6407=CARTESIAN_POINT('Ctrl Pts',(8.6815758985116,131.979819097991,-4.58278042719557));
#6408=CARTESIAN_POINT('Ctrl Pts',(8.90943403867323,131.532412929097,-4.60014801198185));
#6409=CARTESIAN_POINT('Ctrl Pts',(9.44481244323159,130.994395637122,-4.62145853862641));
#6410=CARTESIAN_POINT('Ctrl Pts',(9.59861407182095,130.83983591822,-4.62758055190921));
#6411=CARTESIAN_POINT('Ctrl Pts',(9.77439882921295,130.679915982555,-4.63406589145876));
#6412=CARTESIAN_POINT('Ctrl Pts',(9.96437601913436,130.506605919385,-4.64130143505698));
#6413=CARTESIAN_POINT('',(11.6844745146178,138.191498470044,0.));
#6414=CARTESIAN_POINT('Ctrl Pts',(18.1232989378355,142.409387526441,-60.));
#6415=CARTESIAN_POINT('Ctrl Pts',(18.1232989378355,142.409387526441,60.));
#6416=CARTESIAN_POINT('Ctrl Pts',(15.1241343290709,144.307689098096,-60.));
#6417=CARTESIAN_POINT('Ctrl Pts',(15.1241343290709,144.307689098096,60.));
#6418=CARTESIAN_POINT('Ctrl Pts',(15.1241343290709,144.307689098096,-60.));
#6419=CARTESIAN_POINT('Ctrl Pts',(15.1241343290709,144.307689098096,60.));
#6420=CARTESIAN_POINT('Ctrl Pts',(11.6844745146178,138.191498470044,-60.));
#6421=CARTESIAN_POINT('Ctrl Pts',(11.6844745146178,138.191498470044,60.));
#6422=CARTESIAN_POINT('',(18.1232989378355,142.409387526441,19.9997978051229));
#6423=CARTESIAN_POINT('Ctrl Pts',(11.6844745146177,138.191498470044,19.994885869003));
#6424=CARTESIAN_POINT('Ctrl Pts',(12.9345977882196,140.414390460056,19.9765697490243));
#6425=CARTESIAN_POINT('Ctrl Pts',(13.8717896277313,142.131396270037,19.9955747647899));
#6426=CARTESIAN_POINT('Ctrl Pts',(14.8394338153698,143.14640619344,20.0087035206513));
#6427=CARTESIAN_POINT('Ctrl Pts',(15.0249879565753,143.293186912674,20.0108604496963));
#6428=CARTESIAN_POINT('Ctrl Pts',(15.3542321234937,143.462393063474,20.0133875691836));
#6429=CARTESIAN_POINT('Ctrl Pts',(15.5044526110569,143.508273278066,20.0141045420161));
#6430=CARTESIAN_POINT('Ctrl Pts',(15.826931338632,143.533731255224,20.0144998387004));
#6431=CARTESIAN_POINT('Ctrl Pts',(15.9855000548484,143.512788587583,20.0141711444481));
#6432=CARTESIAN_POINT('Ctrl Pts',(16.3849482712769,143.408445571183,20.0125736757642));
#6433=CARTESIAN_POINT('Ctrl Pts',(16.6501348917004,143.288441487102,20.0107501099799));
#6434=CARTESIAN_POINT('Ctrl Pts',(17.2919749754115,142.935746185761,20.0059012937646));
#6435=CARTESIAN_POINT('Ctrl Pts',(17.673394626793,142.694151509802,20.002807496574));
#6436=CARTESIAN_POINT('Ctrl Pts',(18.1232989378355,142.409387526441,19.9997978051229));
#6437=CARTESIAN_POINT('',(18.1232989378355,142.409387526441,-4.45468784208075));
#6438=CARTESIAN_POINT('Ctrl Pts',(18.1232989378355,142.409387526441,-4.45468784208075));
#6439=CARTESIAN_POINT('Ctrl Pts',(17.3717362769222,142.885084184184,-4.45962154705724));
#6440=CARTESIAN_POINT('Ctrl Pts',(16.8104167400088,143.240163875082,-4.46475054622133));
#6441=CARTESIAN_POINT('Ctrl Pts',(16.1264889435401,143.486669082411,-4.46838812966422));
#6442=CARTESIAN_POINT('Ctrl Pts',(15.9342885513405,143.526298166279,-4.46900187022672));
#6443=CARTESIAN_POINT('Ctrl Pts',(15.591103360648,143.523331316379,-4.4689566164757));
#6444=CARTESIAN_POINT('Ctrl Pts',(15.4412407836449,143.491036547311,-4.46845790329635));
#6445=CARTESIAN_POINT('Ctrl Pts',(15.1412868207485,143.362425360142,-4.46655042149312));
#6446=CARTESIAN_POINT('Ctrl Pts',(14.9880473720234,143.261401310416,-4.46506984020237));
#6447=CARTESIAN_POINT('Ctrl Pts',(14.5758225459792,142.896296961992,-4.46014633462543));
#6448=CARTESIAN_POINT('Ctrl Pts',(14.3117147939292,142.574275867767,-4.45604453965756));
#6449=CARTESIAN_POINT('Ctrl Pts',(13.3981668253574,141.248462020822,-4.44385766275463));
#6450=CARTESIAN_POINT('Ctrl Pts',(12.6334070963086,139.878831775042,-4.43622431198605));
#6451=CARTESIAN_POINT('Ctrl Pts',(11.6844745146178,138.191498470044,-4.44986770879962));
#6452=CARTESIAN_POINT('',(18.1232989378355,142.409387526441,0.));
#6453=CARTESIAN_POINT('Ctrl Pts',(21.6329486662291,139.378009767652,-60.));
#6454=CARTESIAN_POINT('Ctrl Pts',(21.6329486662291,139.378009767652,60.));
#6455=CARTESIAN_POINT('Ctrl Pts',(21.1224635466002,140.511087698865,-60.));
#6456=CARTESIAN_POINT('Ctrl Pts',(21.1224635466002,140.511087698865,60.));
#6457=CARTESIAN_POINT('Ctrl Pts',(21.1224635466002,140.511087698865,-60.));
#6458=CARTESIAN_POINT('Ctrl Pts',(21.1224635466002,140.511087698865,60.));
#6459=CARTESIAN_POINT('Ctrl Pts',(18.1232989378355,142.409387526441,-60.));
#6460=CARTESIAN_POINT('Ctrl Pts',(18.1232989378355,142.409387526441,60.));
#6461=CARTESIAN_POINT('',(21.6329486662291,139.378009767652,19.9882482711002));
#6462=CARTESIAN_POINT('Ctrl Pts',(18.1232989378356,142.409387526441,19.9997978051229));
#6463=CARTESIAN_POINT('Ctrl Pts',(19.3080913251494,141.659481643323,19.9918719947767));
#6464=CARTESIAN_POINT('Ctrl Pts',(20.2885337335692,141.058335396277,19.9891338868723));
#6465=CARTESIAN_POINT('Ctrl Pts',(21.0308710505841,140.417159005202,19.9875115087795));
#6466=CARTESIAN_POINT('Ctrl Pts',(21.1723805648124,140.251624701058,19.9872942671679));
#6467=CARTESIAN_POINT('Ctrl Pts',(21.4182129303485,139.860029743287,19.9872533386474));
#6468=CARTESIAN_POINT('Ctrl Pts',(21.5194739393086,139.629879418461,19.9875055741475));
#6469=CARTESIAN_POINT('Ctrl Pts',(21.6329486662291,139.378009767652,19.9882482711002));
#6470=CARTESIAN_POINT('',(21.6329486662291,139.378009767652,-4.44335415970521));
#6471=CARTESIAN_POINT('Ctrl Pts',(21.632948666229,139.378009767652,-4.44335415970524));
#6472=CARTESIAN_POINT('Ctrl Pts',(21.4560857477672,139.770576489097,-4.44221821740552));
#6473=CARTESIAN_POINT('Ctrl Pts',(21.3440724324721,140.108492599982,-4.44206113253447));
#6474=CARTESIAN_POINT('Ctrl Pts',(20.4020689059224,140.997983765306,-4.44387998341392));
#6475=CARTESIAN_POINT('Ctrl Pts',(19.3657308777218,141.622999100021,-4.44653178626296));
#6476=CARTESIAN_POINT('Ctrl Pts',(18.1232989378355,142.409387526441,-4.45468784208074));
#6477=CARTESIAN_POINT('',(21.6329486662291,139.378009767652,0.));
#6478=CARTESIAN_POINT('Ctrl Pts',(16.9136855619811,133.591418788648,-60.));
#6479=CARTESIAN_POINT('Ctrl Pts',(16.9136855619811,133.591418788648,60.));
#6480=CARTESIAN_POINT('Ctrl Pts',(22.143433785858,138.244931836438,-60.));
#6481=CARTESIAN_POINT('Ctrl Pts',(22.143433785858,138.244931836438,60.));
#6482=CARTESIAN_POINT('Ctrl Pts',(22.143433785858,138.244931836438,-60.));
#6483=CARTESIAN_POINT('Ctrl Pts',(22.143433785858,138.244931836438,60.));
#6484=CARTESIAN_POINT('Ctrl Pts',(21.6329486662291,139.378009767652,-60.));
#6485=CARTESIAN_POINT('Ctrl Pts',(21.6329486662291,139.378009767652,60.));
#6486=CARTESIAN_POINT('Ctrl Pts',(21.6329486662291,139.378009767652,19.9882482711002));
#6487=CARTESIAN_POINT('Ctrl Pts',(21.7224239439692,139.179409536816,19.9888338906292));
#6488=CARTESIAN_POINT('Ctrl Pts',(21.8249811516568,138.968209812793,19.9897286522848));
#6489=CARTESIAN_POINT('Ctrl Pts',(21.8530502613748,138.650596494819,19.9915491935612));
#6490=CARTESIAN_POINT('Ctrl Pts',(21.842814088947,138.546086543398,19.9922154508559));
#6491=CARTESIAN_POINT('Ctrl Pts',(21.767996641718,138.311810854886,19.9938946151046));
#6492=CARTESIAN_POINT('Ctrl Pts',(21.7006631701275,138.180763357514,19.9949220798195));
#6493=CARTESIAN_POINT('Ctrl Pts',(21.3947830372541,137.738853303391,19.9988868717939));
#6494=CARTESIAN_POINT('Ctrl Pts',(21.060528972047,137.375873209045,20.0025194209146));
#6495=CARTESIAN_POINT('Ctrl Pts',(19.711280370703,136.075766557108,20.0208938164744));
#6496=CARTESIAN_POINT('Ctrl Pts',(18.45046118695,134.958866152494,20.0406534103048));
#6497=CARTESIAN_POINT('Ctrl Pts',(16.9136855619811,133.591418788648,20.0799860933822));
#6498=CARTESIAN_POINT('Ctrl Pts',(16.913685561981,133.591418788648,-4.53337687850655));
#6499=CARTESIAN_POINT('Ctrl Pts',(19.0527390303239,135.49478254513,-4.47965327234861));
#6500=CARTESIAN_POINT('Ctrl Pts',(20.7366182225521,136.959705301727,-4.46158483265357));
#6501=CARTESIAN_POINT('Ctrl Pts',(21.6081704500756,138.028363657161,-4.45113570884933));
#6502=CARTESIAN_POINT('Ctrl Pts',(21.7217092744571,138.20944901505,-4.44966670763414));
#6503=CARTESIAN_POINT('Ctrl Pts',(21.8310003115154,138.48954992487,-4.44762095658248));
#6504=CARTESIAN_POINT('Ctrl Pts',(21.8494015364112,138.59741415068,-4.44692190930494));
#6505=CARTESIAN_POINT('Ctrl Pts',(21.8443216335063,138.805157186069,-4.44570673179368));
#6506=CARTESIAN_POINT('Ctrl Pts',(21.8218528764777,138.904935581675,-4.44518861940751));
#6507=CARTESIAN_POINT('Ctrl Pts',(21.7467140324776,139.126321317168,-4.4441913859117));
#6508=CARTESIAN_POINT('Ctrl Pts',(21.6909340706137,139.249304777997,-4.4437265841466));
#6509=CARTESIAN_POINT('Ctrl Pts',(21.6329486662291,139.378009767652,-4.44335415970523));
#6510=CARTESIAN_POINT('Ctrl Pts',(-5.8221507958986,158.416600580335,-60.));
#6511=CARTESIAN_POINT('Ctrl Pts',(-5.8221507958986,158.416600580335,60.));
#6512=CARTESIAN_POINT('Ctrl Pts',(-1.33566650634782,150.861434413648,-60.));
#6513=CARTESIAN_POINT('Ctrl Pts',(-1.33566650634782,150.861434413648,60.));
#6514=CARTESIAN_POINT('Ctrl Pts',(-1.33566650634782,150.861434413648,-60.));
#6515=CARTESIAN_POINT('Ctrl Pts',(-1.33566650634782,150.861434413648,60.));
#6516=CARTESIAN_POINT('Ctrl Pts',(4.94710203536971,155.848839290357,-60.));
#6517=CARTESIAN_POINT('Ctrl Pts',(4.94710203536971,155.848839290357,60.));
#6518=CARTESIAN_POINT('',(4.94710203536971,155.848839290357,20.5452246202628));
#6519=CARTESIAN_POINT('',(-5.8221507958986,158.416600580335,20.7415168482004));
#6520=CARTESIAN_POINT('Ctrl Pts',(4.94710203536971,155.848839290357,20.5452246202629));
#6521=CARTESIAN_POINT('Ctrl Pts',(3.45730886836366,154.666207516311,20.4616455210298));
#6522=CARTESIAN_POINT('Ctrl Pts',(2.23074162192062,153.686661782685,20.4020983660213));
#6523=CARTESIAN_POINT('Ctrl Pts',(0.727409184808496,152.767072142419,20.3485187987656));
#6524=CARTESIAN_POINT('Ctrl Pts',(0.226254202563103,152.52198506008,20.3349246514686));
#6525=CARTESIAN_POINT('Ctrl Pts',(-0.512477236335642,152.372156371407,20.3266370612515));
#6526=CARTESIAN_POINT('Ctrl Pts',(-0.772916537535808,152.362126199012,20.3260853733621));
#6527=CARTESIAN_POINT('Ctrl Pts',(-1.27713948256177,152.459657911514,20.3314748660499));
#6528=CARTESIAN_POINT('Ctrl Pts',(-1.5002144534117,152.554407411389,20.3367185512449));
#6529=CARTESIAN_POINT('Ctrl Pts',(-1.99103761309376,152.854968398559,20.3536908705109));
#6530=CARTESIAN_POINT('Ctrl Pts',(-2.27102788793521,153.101353515123,20.3677588790282));
#6531=CARTESIAN_POINT('Ctrl Pts',(-3.47934449438685,154.441919823769,20.4479286290858));
#6532=CARTESIAN_POINT('Ctrl Pts',(-4.51795256055763,156.220352082318,20.5609353121563));
#6533=CARTESIAN_POINT('Ctrl Pts',(-5.82215079589862,158.416600580335,20.7415168482004));
#6534=CARTESIAN_POINT('',(4.94710203536971,155.848839290357,-4.98989639110551));
#6535=CARTESIAN_POINT('',(4.94710203536971,155.848839290357,0.));
#6536=CARTESIAN_POINT('',(-5.8221507958986,158.416600580335,-5.18249933199457));
#6537=CARTESIAN_POINT('Ctrl Pts',(-5.82215079589859,158.416600580335,-5.1824993319946));
#6538=CARTESIAN_POINT('Ctrl Pts',(-4.76216856657589,156.631607842275,-5.03849318601485));
#6539=CARTESIAN_POINT('Ctrl Pts',(-3.88579546233037,155.147070598699,-4.94002785050753));
#6540=CARTESIAN_POINT('Ctrl Pts',(-2.60980352047024,153.423866676368,-4.83359801688086));
#6541=CARTESIAN_POINT('Ctrl Pts',(-2.1470980148951,152.942132061797,-4.80676536167926));
#6542=CARTESIAN_POINT('Ctrl Pts',(-1.45343273660713,152.530259417673,-4.78397541390077));
#6543=CARTESIAN_POINT('Ctrl Pts',(-1.21255864767075,152.436413613493,-4.77889457272499));
#6544=CARTESIAN_POINT('Ctrl Pts',(-0.705944938385485,152.363201603961,-4.77492939243976));
#6545=CARTESIAN_POINT('Ctrl Pts',(-0.463665960823612,152.379358082272,-4.77579936522965));
#6546=CARTESIAN_POINT('Ctrl Pts',(0.10534820482917,152.501547990806,-4.78243467897302));
#6547=CARTESIAN_POINT('Ctrl Pts',(0.4577735923659,152.643829548831,-4.79016205414047));
#6548=CARTESIAN_POINT('Ctrl Pts',(1.92090726214866,153.433715922161,-4.83452925552275));
#6549=CARTESIAN_POINT('Ctrl Pts',(3.28072242424926,154.526029171893,-4.8981661454961));
#6550=CARTESIAN_POINT('Ctrl Pts',(4.9471020353697,155.848839290357,-4.98989639110551));
#6551=CARTESIAN_POINT('',(-5.8221507958986,158.416600580335,0.));
#6552=CARTESIAN_POINT('Ctrl Pts',(1.143109226837,165.971766747022,-60.));
#6553=CARTESIAN_POINT('Ctrl Pts',(1.143109226837,165.971766747022,60.));
#6554=CARTESIAN_POINT('Ctrl Pts',(-10.3086346494295,165.971766747022,-60.));
#6555=CARTESIAN_POINT('Ctrl Pts',(-10.3086346494295,165.971766747022,60.));
#6556=CARTESIAN_POINT('Ctrl Pts',(-10.3086346494295,165.971766747022,-60.));
#6557=CARTESIAN_POINT('Ctrl Pts',(-10.3086346494295,165.971766747022,60.));
#6558=CARTESIAN_POINT('Ctrl Pts',(-5.8221507958986,158.416600580335,-60.));
#6559=CARTESIAN_POINT('Ctrl Pts',(-5.8221507958986,158.416600580335,60.));
#6560=CARTESIAN_POINT('',(1.143109226837,165.971766747022,21.4916753528034));
#6561=CARTESIAN_POINT('Ctrl Pts',(-5.82215079589859,158.416600580335,20.7415168482004));
#6562=CARTESIAN_POINT('Ctrl Pts',(-6.86432309811032,160.171601862983,20.8858178358465));
#6563=CARTESIAN_POINT('Ctrl Pts',(-7.76378681010042,161.672395119151,21.030325323131));
#6564=CARTESIAN_POINT('Ctrl Pts',(-8.46845285324898,163.32845750541,21.1991533662857));
#6565=CARTESIAN_POINT('Ctrl Pts',(-8.59816813403155,163.78015791465,21.2471315470396));
#6566=CARTESIAN_POINT('Ctrl Pts',(-8.61628363554651,164.329327274742,21.3065320022055));
#6567=CARTESIAN_POINT('Ctrl Pts',(-8.59737361658251,164.503078944496,21.3255388280842));
#6568=CARTESIAN_POINT('Ctrl Pts',(-8.48794631562741,164.802328102285,21.3586012826986));
#6569=CARTESIAN_POINT('Ctrl Pts',(-8.41371691174372,164.921952445838,21.371940152824));
#6570=CARTESIAN_POINT('Ctrl Pts',(-8.20276397438835,165.150365811306,21.3975512117421));
#6571=CARTESIAN_POINT('Ctrl Pts',(-8.06481009227395,165.247570294988,21.4085455869987));
#6572=CARTESIAN_POINT('Ctrl Pts',(-7.68197440701444,165.454074455869,21.4319800778223));
#6573=CARTESIAN_POINT('Ctrl Pts',(-7.38374392981577,165.555723209323,21.4436195772398));
#6574=CARTESIAN_POINT('Ctrl Pts',(-6.2446408823876,165.81068349212,21.4729134520422));
#6575=CARTESIAN_POINT('Ctrl Pts',(-5.16927848795901,165.894143765519,21.4826487946438));
#6576=CARTESIAN_POINT('Ctrl Pts',(-2.42762844755959,165.971767112106,21.4916722133453));
#6577=CARTESIAN_POINT('Ctrl Pts',(-0.808570050658203,165.971766747022,21.4916753528034));
#6578=CARTESIAN_POINT('Ctrl Pts',(1.143109226837,165.971766747022,21.4916753528034));
#6579=CARTESIAN_POINT('',(1.143109226837,165.971766747022,-5.91850048637593));
#6580=CARTESIAN_POINT('Ctrl Pts',(1.143109226837,165.971766747022,-5.91850048637594));
#6581=CARTESIAN_POINT('Ctrl Pts',(-1.71978911314327,165.971766747022,-5.91850048637594));
#6582=CARTESIAN_POINT('Ctrl Pts',(-3.86698056166865,165.971770239758,-5.9184697991068));
#6583=CARTESIAN_POINT('Ctrl Pts',(-6.53094767683968,165.767602644603,-5.89525891366302));
#6584=CARTESIAN_POINT('Ctrl Pts',(-7.33032792481947,165.618866223231,-5.87832541466366));
#6585=CARTESIAN_POINT('Ctrl Pts',(-8.03811493110338,165.268830013233,-5.83929926418243));
#6586=CARTESIAN_POINT('Ctrl Pts',(-8.19646693918047,165.158448060946,-5.82704444840135));
#6587=CARTESIAN_POINT('Ctrl Pts',(-8.41750182896423,164.9168109496,-5.80046763154626));
#6588=CARTESIAN_POINT('Ctrl Pts',(-8.49127116130104,164.796130836484,-5.78726858767929));
#6589=CARTESIAN_POINT('Ctrl Pts',(-8.59141738285731,164.516165171224,-5.75693060757783));
#6590=CARTESIAN_POINT('Ctrl Pts',(-8.61159919296401,164.365241987133,-5.74071753768869));
#6591=CARTESIAN_POINT('Ctrl Pts',(-8.61141873386898,163.977802592386,-5.69950313719917));
#6592=CARTESIAN_POINT('Ctrl Pts',(-8.56295858796879,163.722675692191,-5.67273925624799));
#6593=CARTESIAN_POINT('Ctrl Pts',(-8.31919971938686,162.902127408559,-5.58822130531065));
#6594=CARTESIAN_POINT('Ctrl Pts',(-8.00178724042378,162.22816305533,-5.52063216124093));
#6595=CARTESIAN_POINT('Ctrl Pts',(-7.08988470208777,160.549830196551,-5.36304930748049));
#6596=CARTESIAN_POINT('Ctrl Pts',(-6.49340881742703,159.546988219951,-5.27369453070515));
#6597=CARTESIAN_POINT('Ctrl Pts',(-5.8221507958986,158.416600580335,-5.1824993319946));
#6598=CARTESIAN_POINT('',(1.143109226837,165.971766747022,0.));
#6599=CARTESIAN_POINT('Ctrl Pts',(11.9123611860655,163.404005893064,-60.));
#6600=CARTESIAN_POINT('Ctrl Pts',(11.9123611860655,163.404005893064,60.));
#6601=CARTESIAN_POINT('Ctrl Pts',(12.5948526670836,165.971766747022,-60.));
#6602=CARTESIAN_POINT('Ctrl Pts',(12.5948526670836,165.971766747022,60.));
#6603=CARTESIAN_POINT('Ctrl Pts',(12.5948526670836,165.971766747022,-60.));
#6604=CARTESIAN_POINT('Ctrl Pts',(12.5948526670836,165.971766747022,60.));
#6605=CARTESIAN_POINT('Ctrl Pts',(1.143109226837,165.971766747022,-60.));
#6606=CARTESIAN_POINT('Ctrl Pts',(1.143109226837,165.971766747022,60.));
#6607=CARTESIAN_POINT('',(11.9123611860655,163.404005893064,21.2077265375701));
#6608=CARTESIAN_POINT('Ctrl Pts',(1.143109226837,165.971766747022,21.4916753528034));
#6609=CARTESIAN_POINT('Ctrl Pts',(6.86872201108848,165.971766747022,21.4916753528034));
#6610=CARTESIAN_POINT('Ctrl Pts',(9.73179843027969,165.971793412994,21.4914441207559));
#6611=CARTESIAN_POINT('Ctrl Pts',(11.3496759644997,165.58603751866,21.4470990515854));
#6612=CARTESIAN_POINT('Ctrl Pts',(11.5595062131653,165.508218511356,21.4381796141684));
#6613=CARTESIAN_POINT('Ctrl Pts',(11.8360494128673,165.345739328622,21.4196760241414));
#6614=CARTESIAN_POINT('Ctrl Pts',(11.9254135064617,165.268519645083,21.4109136432248));
#6615=CARTESIAN_POINT('Ctrl Pts',(12.0507543439691,165.105372173613,21.392506427098));
#6616=CARTESIAN_POINT('Ctrl Pts',(12.091883075287,165.020950958013,21.3830209061831));
#6617=CARTESIAN_POINT('Ctrl Pts',(12.1477293957006,164.821679336976,21.3607681272969));
#6618=CARTESIAN_POINT('Ctrl Pts',(12.157378674622,164.706237758332,21.3479529902539));
#6619=CARTESIAN_POINT('Ctrl Pts',(12.140846899235,164.248449005046,21.2975516078684));
#6620=CARTESIAN_POINT('Ctrl Pts',(12.0268158612143,163.834622600486,21.2528360505876));
#6621=CARTESIAN_POINT('Ctrl Pts',(11.9123611860655,163.404005893064,21.2077265375702));
#6622=CARTESIAN_POINT('',(11.9123611860655,163.404005893064,-5.63992137504358));
#6623=CARTESIAN_POINT('Ctrl Pts',(11.9123611860655,163.404005893064,-5.63992137504358));
#6624=CARTESIAN_POINT('Ctrl Pts',(12.0328691070106,163.857396932514,-5.68651956421363));
#6625=CARTESIAN_POINT('Ctrl Pts',(12.1643038511758,164.320870648942,-5.73573395373459));
#6626=CARTESIAN_POINT('Ctrl Pts',(12.1494499138715,164.806445065533,-5.78839946142943));
#6627=CARTESIAN_POINT('Ctrl Pts',(12.1284864516557,164.920554490436,-5.80087921879227));
#6628=CARTESIAN_POINT('Ctrl Pts',(12.0443963773539,165.117326640406,-5.82252178419705));
#6629=CARTESIAN_POINT('Ctrl Pts',(11.9876960304734,165.197549307663,-5.83140110615545));
#6630=CARTESIAN_POINT('Ctrl Pts',(11.8325314536311,165.347887422678,-5.84809970962928));
#6631=CARTESIAN_POINT('Ctrl Pts',(11.7297801477682,165.415049765973,-5.85560034702618));
#6632=CARTESIAN_POINT('Ctrl Pts',(11.4141857618619,165.565977031776,-5.87250247172091));
#6633=CARTESIAN_POINT('Ctrl Pts',(11.159601849869,165.641511458076,-5.88101617835915));
#6634=CARTESIAN_POINT('Ctrl Pts',(9.39341307792679,165.97178477119,-5.91834142090809));
#6635=CARTESIAN_POINT('Ctrl Pts',(6.5398329183169,165.971766747022,-5.91850048637594));
#6636=CARTESIAN_POINT('Ctrl Pts',(1.143109226837,165.971766747022,-5.91850048637594));
#6637=CARTESIAN_POINT('',(11.9123611860655,163.404005893064,0.));
#6638=CARTESIAN_POINT('Ctrl Pts',(4.94710203536971,155.848839290357,-60.));
#6639=CARTESIAN_POINT('Ctrl Pts',(4.94710203536971,155.848839290357,60.));
#6640=CARTESIAN_POINT('Ctrl Pts',(11.2298697050475,160.836245475126,-60.));
#6641=CARTESIAN_POINT('Ctrl Pts',(11.2298697050475,160.836245475126,60.));
#6642=CARTESIAN_POINT('Ctrl Pts',(11.2298697050475,160.836245475126,-60.));
#6643=CARTESIAN_POINT('Ctrl Pts',(11.2298697050475,160.836245475126,60.));
#6644=CARTESIAN_POINT('Ctrl Pts',(11.9123611860655,163.404005893064,-60.));
#6645=CARTESIAN_POINT('Ctrl Pts',(11.9123611860655,163.404005893064,60.));
#6646=CARTESIAN_POINT('Ctrl Pts',(11.9123611860655,163.404005893064,21.2077265375702));
#6647=CARTESIAN_POINT('Ctrl Pts',(11.8156280345872,163.040063537186,21.1696015364796));
#6648=CARTESIAN_POINT('Ctrl Pts',(11.7197987035934,162.672338387565,21.1320304798124));
#6649=CARTESIAN_POINT('Ctrl Pts',(11.4054046957784,161.725861724651,21.0374786369717));
#6650=CARTESIAN_POINT('Ctrl Pts',(11.1611260935234,161.252173135604,20.9920530906178));
#6651=CARTESIAN_POINT('Ctrl Pts',(10.2177824653397,160.172599569696,20.892268953699));
#6652=CARTESIAN_POINT('Ctrl Pts',(9.58464886794881,159.601840503696,20.8409840013756));
#6653=CARTESIAN_POINT('Ctrl Pts',(7.63217352253841,157.972783840808,20.7035858525128));
#6654=CARTESIAN_POINT('Ctrl Pts',(6.31374387798977,156.933711171127,20.6218948202084));
#6655=CARTESIAN_POINT('Ctrl Pts',(4.94710203536972,155.848839290357,20.5452246202629));
#6656=CARTESIAN_POINT('Ctrl Pts',(4.94710203536975,155.848839290357,-4.9898963911055));
#6657=CARTESIAN_POINT('Ctrl Pts',(7.04199851942586,157.511816537066,-5.10521552055138));
#6658=CARTESIAN_POINT('Ctrl Pts',(9.10685457851581,159.100340718599,-5.23571516838603));
#6659=CARTESIAN_POINT('Ctrl Pts',(10.2669170234822,160.260554923277,-5.33877921210219));
#6660=CARTESIAN_POINT('Ctrl Pts',(11.0247830645393,161.018520108593,-5.40611070716561));
#6661=CARTESIAN_POINT('Ctrl Pts',(11.3497211610561,161.57785057507,-5.45855553678265));
#6662=CARTESIAN_POINT('Ctrl Pts',(11.5883069336373,162.277210890538,-5.52693331260562));
#6663=CARTESIAN_POINT('Ctrl Pts',(11.7149234259427,162.648358545506,-5.56322111817209));
#6664=CARTESIAN_POINT('Ctrl Pts',(11.8145692186206,163.036079918628,-5.60210703231173));
#6665=CARTESIAN_POINT('Ctrl Pts',(11.9123611860655,163.404005893064,-5.63992137504357));
#6666=CARTESIAN_POINT('Ctrl Pts',(-7.29709361587541,121.76386979878,-60.));
#6667=CARTESIAN_POINT('Ctrl Pts',(-7.29709361587541,121.76386979878,60.));
#6668=CARTESIAN_POINT('Ctrl Pts',(-3.339147413788,129.905376338697,-60.));
#6669=CARTESIAN_POINT('Ctrl Pts',(-3.339147413788,129.905376338697,60.));
#6670=CARTESIAN_POINT('Ctrl Pts',(-3.339147413788,129.905376338697,-60.));
#6671=CARTESIAN_POINT('Ctrl Pts',(-3.339147413788,129.905376338697,60.));
#6672=CARTESIAN_POINT('Ctrl Pts',(-8.9156858071901,132.789923524976,-60.));
#6673=CARTESIAN_POINT('Ctrl Pts',(-8.9156858071901,132.789923524976,60.));
#6674=CARTESIAN_POINT('',(-8.9156858071901,132.789923524976,20.104474147113));
#6675=CARTESIAN_POINT('',(-7.2970936158754,121.76386979878,20.7331628999887));
#6676=CARTESIAN_POINT('Ctrl Pts',(-8.9156858071901,132.789923524976,20.1044741471131));
#6677=CARTESIAN_POINT('Ctrl Pts',(-8.30388736575626,132.473461707929,20.1147093251212));
#6678=CARTESIAN_POINT('Ctrl Pts',(-7.65605339731855,132.140151937938,20.126206037667));
#6679=CARTESIAN_POINT('Ctrl Pts',(-6.16195184822418,131.310776366265,20.1566165565145));
#6680=CARTESIAN_POINT('Ctrl Pts',(-5.49890857862239,130.871988041707,20.1742021241058));
#6681=CARTESIAN_POINT('Ctrl Pts',(-4.87695076820082,130.163065558564,20.2047336086588));
#6682=CARTESIAN_POINT('Ctrl Pts',(-4.72016714179385,129.914173563443,20.2157753055563));
#6683=CARTESIAN_POINT('Ctrl Pts',(-4.53083554451034,129.360699134488,20.2414986689796));
#6684=CARTESIAN_POINT('Ctrl Pts',(-4.49888535235576,129.085128533798,20.2547881832955));
#6685=CARTESIAN_POINT('Ctrl Pts',(-4.51609100532832,128.409497095061,20.2886788144085));
#6686=CARTESIAN_POINT('Ctrl Pts',(-4.60415365697531,127.961967256469,20.3120926038968));
#6687=CARTESIAN_POINT('Ctrl Pts',(-5.19889833908185,126.048198801929,20.4198264335402));
#6688=CARTESIAN_POINT('Ctrl Pts',(-6.15231495219647,124.118682750048,20.5406244044188));
#6689=CARTESIAN_POINT('Ctrl Pts',(-7.29709361587541,121.76386979878,20.7331628999887));
#6690=CARTESIAN_POINT('',(-8.9156858071901,132.789923524976,-4.5574068799736));
#6691=CARTESIAN_POINT('',(-8.9156858071901,132.789923524976,0.));
#6692=CARTESIAN_POINT('',(-7.2970936158754,121.76386979878,-5.17430252347915));
#6693=CARTESIAN_POINT('Ctrl Pts',(-7.2970936158754,121.76386979878,-5.17430252347913));
#6694=CARTESIAN_POINT('Ctrl Pts',(-6.11661607784454,124.192115435629,-4.97949438835349));
#6695=CARTESIAN_POINT('Ctrl Pts',(-5.136285285403,126.170903714842,-4.85924075831515));
#6696=CARTESIAN_POINT('Ctrl Pts',(-4.57248962925854,128.098751961666,-4.75395241110054));
#6697=CARTESIAN_POINT('Ctrl Pts',(-4.49849277527281,128.540625186516,-4.73152743067392));
#6698=CARTESIAN_POINT('Ctrl Pts',(-4.51089160446464,129.227412853946,-4.69810331900443));
#6699=CARTESIAN_POINT('Ctrl Pts',(-4.56375073666551,129.511488778551,-4.68485552056932));
#6700=CARTESIAN_POINT('Ctrl Pts',(-4.79595027432461,130.042411571693,-4.66100812118846));
#6701=CARTESIAN_POINT('Ctrl Pts',(-4.9579656553518,130.267584550824,-4.65131448597107));
#6702=CARTESIAN_POINT('Ctrl Pts',(-5.43684346476994,130.775520076154,-4.63003037164638));
#6703=CARTESIAN_POINT('Ctrl Pts',(-5.82071581580656,131.064365042476,-4.61849457630952));
#6704=CARTESIAN_POINT('Ctrl Pts',(-7.07571706283522,131.848569613244,-4.58872047414695));
#6705=CARTESIAN_POINT('Ctrl Pts',(-8.09762948885813,132.366771762217,-4.57083665958784));
#6706=CARTESIAN_POINT('Ctrl Pts',(-8.9156858071901,132.789923524976,-4.55740687997361));
#6707=CARTESIAN_POINT('',(-7.29709361587541,121.76386979878,0.));
#6708=CARTESIAN_POINT('Origin',(-8.9082934318842,118.939630665938,0.));
#6709=CARTESIAN_POINT('',(-8.90829343188421,118.939630665938,20.9820650089707));
#6710=CARTESIAN_POINT('Origin',(3.12884979154423,140.039292297875,244.247953868861));
#6711=CARTESIAN_POINT('',(-8.90829343188421,118.939630665938,-5.41851782359438));
#6712=CARTESIAN_POINT('Origin',(3.12884979154423,140.039292297875,-232.973900914913));
#6713=CARTESIAN_POINT('',(-8.90829343188421,118.939630665938,0.));
#6714=CARTESIAN_POINT('Origin',(-9.2296732682967,119.122974607064,0.));
#6715=CARTESIAN_POINT('',(-9.22967326829665,118.752974607064,20.9997835996626));
#6716=CARTESIAN_POINT('Ctrl Pts',(-8.90829343188422,118.939630665938,20.9820650089707));
#6717=CARTESIAN_POINT('Ctrl Pts',(-8.92501048169528,118.910327691973,20.9848342758687));
#6718=CARTESIAN_POINT('Ctrl Pts',(-8.94565670529653,118.883692899584,20.9873573056861));
#6719=CARTESIAN_POINT('Ctrl Pts',(-9.0010708371768,118.828375435108,20.9926046902513));
#6720=CARTESIAN_POINT('Ctrl Pts',(-9.04261978380364,118.799957432919,20.995308056012));
#6721=CARTESIAN_POINT('Ctrl Pts',(-9.13369686564906,118.762256391614,20.9988979895878));
#6722=CARTESIAN_POINT('Ctrl Pts',(-9.18322555793393,118.752974607064,20.9997835996626));
#6723=CARTESIAN_POINT('Ctrl Pts',(-9.2296732682967,118.752974607064,20.9997835996626));
#6724=CARTESIAN_POINT('',(-9.22967326829665,118.752974607064,-5.43590238722782));
#6725=CARTESIAN_POINT('Ctrl Pts',(-9.2296732682967,118.752974607064,-5.43590238722782));
#6726=CARTESIAN_POINT('Ctrl Pts',(-9.18322517585274,118.752974607064,-5.43590238722782));
#6727=CARTESIAN_POINT('Ctrl Pts',(-9.1336955165527,118.76225649778,-5.43503346395251));
#6728=CARTESIAN_POINT('Ctrl Pts',(-9.04261533551258,118.79995972659,-5.43151100650358));
#6729=CARTESIAN_POINT('Ctrl Pts',(-9.00106427783187,118.828379857335,-5.42885840725936));
#6730=CARTESIAN_POINT('Ctrl Pts',(-8.94565215166026,118.883698911113,-5.42370979819335));
#6731=CARTESIAN_POINT('Ctrl Pts',(-8.92500875939062,118.910330710965,-5.42123460896492));
#6732=CARTESIAN_POINT('Ctrl Pts',(-8.90829343188422,118.939630665938,-5.41851782359441));
#6733=CARTESIAN_POINT('',(-9.22967326829665,118.752974607064,0.));
#6734=CARTESIAN_POINT('Origin',(-14.4922242005922,118.752974607064,0.));
#6735=CARTESIAN_POINT('',(-14.4922242005922,118.752974607064,20.9997835996626));
#6736=CARTESIAN_POINT('',(41.5,118.752974607064,20.9997835996626));
#6737=CARTESIAN_POINT('',(-14.4922242005922,118.752974607064,-5.43590238722782));
#6738=CARTESIAN_POINT('',(41.5,118.752974607064,-5.43590238722782));
#6739=CARTESIAN_POINT('',(-14.4922242005922,118.752974607064,0.));
#6740=CARTESIAN_POINT('Origin',(-14.4922242005922,124.648420473218,0.));
#6741=CARTESIAN_POINT('',(-14.4922242005922,124.648420473218,20.5160296518282));
#6742=CARTESIAN_POINT('Origin',(-14.4922242005922,140.039292297875,244.247953868861));
#6743=CARTESIAN_POINT('',(-14.4922242005922,124.648420473218,-4.9612496007897));
#6744=CARTESIAN_POINT('Origin',(-14.4922242005922,140.039292297875,-232.973900914913));
#6745=CARTESIAN_POINT('',(-14.4922242005922,124.648420473218,0.));
#6746=CARTESIAN_POINT('Ctrl Pts',(-8.9156858071901,132.789923524976,-60.));
#6747=CARTESIAN_POINT('Ctrl Pts',(-8.9156858071901,132.789923524976,60.));
#6748=CARTESIAN_POINT('Ctrl Pts',(-14.4922242005922,135.674470711255,-60.));
#6749=CARTESIAN_POINT('Ctrl Pts',(-14.4922242005922,135.674470711255,60.));
#6750=CARTESIAN_POINT('Ctrl Pts',(-14.4922242005922,135.674470711255,-60.));
#6751=CARTESIAN_POINT('Ctrl Pts',(-14.4922242005922,135.674470711255,60.));
#6752=CARTESIAN_POINT('Ctrl Pts',(-14.4922242005922,124.648420473218,-60.));
#6753=CARTESIAN_POINT('Ctrl Pts',(-14.4922242005922,124.648420473218,60.));
#6754=CARTESIAN_POINT('Ctrl Pts',(-14.4922242005922,124.648420473218,20.5160296518282));
#6755=CARTESIAN_POINT('Ctrl Pts',(-14.4922242005922,127.961994039803,20.2880837016767));
#6756=CARTESIAN_POINT('Ctrl Pts',(-14.504828212666,130.617666542242,20.1793556928261));
#6757=CARTESIAN_POINT('Ctrl Pts',(-14.2003438528913,132.957600613048,20.0979791974704));
#6758=CARTESIAN_POINT('Ctrl Pts',(-14.0644603578555,133.473425559082,20.083138925377));
#6759=CARTESIAN_POINT('Ctrl Pts',(-13.7858605338843,133.962803893901,20.0695677322666));
#6760=CARTESIAN_POINT('Ctrl Pts',(-13.6866475362236,134.092396635868,20.0661136809923));
#6761=CARTESIAN_POINT('Ctrl Pts',(-13.4586658349833,134.274134243049,20.06137456402));
#6762=CARTESIAN_POINT('Ctrl Pts',(-13.3462181510039,134.331491481493,20.0599186655955));
#6763=CARTESIAN_POINT('Ctrl Pts',(-13.0820280796722,134.406936949237,20.0580098252764));
#6764=CARTESIAN_POINT('Ctrl Pts',(-12.9358776781543,134.416989012559,20.057760930881));
#6765=CARTESIAN_POINT('Ctrl Pts',(-12.5584284294577,134.397725556868,20.0582446591926));
#6766=CARTESIAN_POINT('Ctrl Pts',(-12.2942332932946,134.338861101491,20.0597118319959));
#6767=CARTESIAN_POINT('Ctrl Pts',(-11.2196647128082,133.983004888412,20.0689184422443));
#6768=CARTESIAN_POINT('Ctrl Pts',(-10.2106310979996,133.459753181203,20.0828101567126));
#6769=CARTESIAN_POINT('Ctrl Pts',(-8.9156858071901,132.789923524976,20.1044741471131));
#6770=CARTESIAN_POINT('Ctrl Pts',(-8.91568580719009,132.789923524976,-4.5574068799736));
#6771=CARTESIAN_POINT('Ctrl Pts',(-10.2864906469355,133.498992657918,-4.53490279745587));
#6772=CARTESIAN_POINT('Ctrl Pts',(-11.3467145094879,134.049320464518,-4.52078966706186));
#6773=CARTESIAN_POINT('Ctrl Pts',(-12.4233824544723,134.369710473395,-4.51272024781602));
#6774=CARTESIAN_POINT('Ctrl Pts',(-12.6724849847755,134.413848470961,-4.51164477433094));
#6775=CARTESIAN_POINT('Ctrl Pts',(-13.0424432167084,134.410365300335,-4.51173057224625));
#6776=CARTESIAN_POINT('Ctrl Pts',(-13.1908079061785,134.387097826672,-4.512297722123));
#6777=CARTESIAN_POINT('Ctrl Pts',(-13.4489224219919,134.279975183195,-4.51497507236816));
#6778=CARTESIAN_POINT('Ctrl Pts',(-13.5526232937,134.209066998723,-4.51676101848117));
#6779=CARTESIAN_POINT('Ctrl Pts',(-13.7553747737548,134.008177208955,-4.52196738791656));
#6780=CARTESIAN_POINT('Ctrl Pts',(-13.8427031839413,133.874155621974,-4.52552881802774));
#6781=CARTESIAN_POINT('Ctrl Pts',(-14.0317815102202,133.497082524441,-4.53593564182901));
#6782=CARTESIAN_POINT('Ctrl Pts',(-14.1256226539234,133.194722191035,-4.5446089447486));
#6783=CARTESIAN_POINT('Ctrl Pts',(-14.5159865760506,131.234361695145,-4.60657799840756));
#6784=CARTESIAN_POINT('Ctrl Pts',(-14.4922242005922,128.336372124599,-4.71231257543253));
#6785=CARTESIAN_POINT('Ctrl Pts',(-14.4922242005922,124.648420473218,-4.96124960078969));
#6786=CARTESIAN_POINT('Ctrl Pts',(-8.99398974853532,144.647990419507,-60.));
#6787=CARTESIAN_POINT('Ctrl Pts',(-8.99398974853532,144.647990419507,60.));
#6788=CARTESIAN_POINT('Ctrl Pts',(-3.49575529647843,146.330429004407,-60.));
#6789=CARTESIAN_POINT('Ctrl Pts',(-3.49575529647843,146.330429004407,60.));
#6790=CARTESIAN_POINT('Ctrl Pts',(-3.49575529647843,146.330429004407,-60.));
#6791=CARTESIAN_POINT('Ctrl Pts',(-3.49575529647843,146.330429004407,60.));
#6792=CARTESIAN_POINT('Ctrl Pts',(-3.25256781478898,147.542738727308,-60.));
#6793=CARTESIAN_POINT('Ctrl Pts',(-3.25256781478898,147.542738727308,60.));
#6794=CARTESIAN_POINT('',(-3.25256781478898,147.542738727308,20.1128358238305));
#6795=CARTESIAN_POINT('',(-8.99398974853532,144.647990419507,20.034634124019));
#6796=CARTESIAN_POINT('Ctrl Pts',(-3.25256781478898,147.542738727308,20.1128358238305));
#6797=CARTESIAN_POINT('Ctrl Pts',(-3.30169576446116,147.297831832265,20.1046369936643));
#6798=CARTESIAN_POINT('Ctrl Pts',(-3.34446060793979,147.036111201695,20.0963398861531));
#6799=CARTESIAN_POINT('Ctrl Pts',(-3.54681437857483,146.704601386346,20.0863183630215));
#6800=CARTESIAN_POINT('Ctrl Pts',(-3.63831503153565,146.603225845113,20.0833321960671));
#6801=CARTESIAN_POINT('Ctrl Pts',(-3.93599835119061,146.377321967746,20.0768180708451));
#6802=CARTESIAN_POINT('Ctrl Pts',(-4.16585137960567,146.253696220529,20.0733498833477));
#6803=CARTESIAN_POINT('Ctrl Pts',(-5.46541414482117,145.70646220476,20.0585168137422));
#6804=CARTESIAN_POINT('Ctrl Pts',(-7.33411726607589,145.155905011883,20.0450742933653));
#6805=CARTESIAN_POINT('Ctrl Pts',(-8.99398974853531,144.647990419507,20.034634124019));
#6806=CARTESIAN_POINT('',(-3.25256781478898,147.542738727308,-4.565612128145));
#6807=CARTESIAN_POINT('',(-3.25256781478898,147.542738727308,0.));
#6808=CARTESIAN_POINT('',(-8.99398974853532,144.647990419507,-4.48887296681605));
#6809=CARTESIAN_POINT('Ctrl Pts',(-8.99398974853531,144.647990419507,-4.48887296681605));
#6810=CARTESIAN_POINT('Ctrl Pts',(-7.34548528789904,145.15242644095,-4.49904778380683));
#6811=CARTESIAN_POINT('Ctrl Pts',(-5.70367949355009,145.643761238307,-4.51083321321723));
#6812=CARTESIAN_POINT('Ctrl Pts',(-4.2339935947747,146.211918505175,-4.52568577823958));
#6813=CARTESIAN_POINT('Ctrl Pts',(-3.9141468651051,146.378206252698,-4.5302601604408));
#6814=CARTESIAN_POINT('Ctrl Pts',(-3.58349151666462,146.658462114933,-4.53825194218636));
#6815=CARTESIAN_POINT('Ctrl Pts',(-3.5002199274186,146.766672166268,-4.54140535273504));
#6816=CARTESIAN_POINT('Ctrl Pts',(-3.34043454221283,147.0823264218,-4.55086832192069));
#6817=CARTESIAN_POINT('Ctrl Pts',(-3.2990610645267,147.310966029491,-4.55799815743006));
#6818=CARTESIAN_POINT('Ctrl Pts',(-3.25256781478899,147.542738727308,-4.56561212814499));
#6819=CARTESIAN_POINT('',(-8.99398974853532,144.647990419507,0.));
#6820=CARTESIAN_POINT('Ctrl Pts',(-14.4922242005922,154.468658418775,-60.));
#6821=CARTESIAN_POINT('Ctrl Pts',(-14.4922242005922,154.468658418775,60.));
#6822=CARTESIAN_POINT('Ctrl Pts',(-14.4922242005922,142.965550090528,-60.));
#6823=CARTESIAN_POINT('Ctrl Pts',(-14.4922242005922,142.965550090528,60.));
#6824=CARTESIAN_POINT('Ctrl Pts',(-14.4922242005922,142.965550090528,-60.));
#6825=CARTESIAN_POINT('Ctrl Pts',(-14.4922242005922,142.965550090528,60.));
#6826=CARTESIAN_POINT('Ctrl Pts',(-8.99398974853532,144.647990419507,-60.));
#6827=CARTESIAN_POINT('Ctrl Pts',(-8.99398974853532,144.647990419507,60.));
#6828=CARTESIAN_POINT('',(-14.4922242005922,154.468658418775,20.4519614053494));
#6829=CARTESIAN_POINT('Ctrl Pts',(-8.99398974853532,144.647990419507,20.034634124019));
#6830=CARTESIAN_POINT('Ctrl Pts',(-10.1138494099181,144.305317317162,20.0275904885877));
#6831=CARTESIAN_POINT('Ctrl Pts',(-11.3087531580489,143.918593741976,20.0208192337768));
#6832=CARTESIAN_POINT('Ctrl Pts',(-12.459323138539,143.833985333527,20.019379421587));
#6833=CARTESIAN_POINT('Ctrl Pts',(-12.7101113391434,143.848448859537,20.0196182377742));
#6834=CARTESIAN_POINT('Ctrl Pts',(-13.1020151518268,143.951184570522,20.0213899167277));
#6835=CARTESIAN_POINT('Ctrl Pts',(-13.2592576343589,144.023809467523,20.0226473212239));
#6836=CARTESIAN_POINT('Ctrl Pts',(-13.5409547186033,144.238293920405,20.0265618904343));
#6837=CARTESIAN_POINT('Ctrl Pts',(-13.6544376249666,144.370915849877,20.0290610458903));
#6838=CARTESIAN_POINT('Ctrl Pts',(-13.8789405506041,144.724488873388,20.0361256304698));
#6839=CARTESIAN_POINT('Ctrl Pts',(-13.9863285604475,144.981553924825,20.0415131500058));
#6840=CARTESIAN_POINT('Ctrl Pts',(-14.2506784802905,145.927249166842,20.0637013677672));
#6841=CARTESIAN_POINT('Ctrl Pts',(-14.3449569922333,146.759175105196,20.0857351522225));
#6842=CARTESIAN_POINT('Ctrl Pts',(-14.4970854840778,149.445747689295,20.1782902669823));
#6843=CARTESIAN_POINT('Ctrl Pts',(-14.4922242005922,151.72891628154,20.2753150680319));
#6844=CARTESIAN_POINT('Ctrl Pts',(-14.4922242005922,154.468658418775,20.4519614053494));
#6845=CARTESIAN_POINT('',(-14.4922242005922,154.468658418775,-4.89838384179969));
#6846=CARTESIAN_POINT('Ctrl Pts',(-14.4922242005922,154.468658418775,-4.89838384179969));
#6847=CARTESIAN_POINT('Ctrl Pts',(-14.4922242005922,150.531417176446,-4.64929136523342));
#6848=CARTESIAN_POINT('Ctrl Pts',(-14.5210182594528,147.431230347217,-4.55551283557517));
#6849=CARTESIAN_POINT('Ctrl Pts',(-14.0815008266919,145.257561747143,-4.50152687212319));
#6850=CARTESIAN_POINT('Ctrl Pts',(-13.962685862204,144.898451046299,-4.49389507868916));
#6851=CARTESIAN_POINT('Ctrl Pts',(-13.7033693031225,144.430336378123,-4.48450593540471));
#6852=CARTESIAN_POINT('Ctrl Pts',(-13.5788335547101,144.274794076392,-4.481618538949));
#6853=CARTESIAN_POINT('Ctrl Pts',(-13.2989524653737,144.048565058935,-4.47754417515806));
#6854=CARTESIAN_POINT('Ctrl Pts',(-13.1532056117381,143.973450764579,-4.47625770103196));
#6855=CARTESIAN_POINT('Ctrl Pts',(-12.8049640323709,143.866078607469,-4.47443234166027));
#6856=CARTESIAN_POINT('Ctrl Pts',(-12.5987036324085,143.84321946292,-4.47405793596808));
#6857=CARTESIAN_POINT('Ctrl Pts',(-11.9883462614957,143.851113137631,-4.47418944558614));
#6858=CARTESIAN_POINT('Ctrl Pts',(-11.5355989142353,143.932136107338,-4.47551674200314));
#6859=CARTESIAN_POINT('Ctrl Pts',(-10.4300615711269,144.208443312165,-4.4803850250685));
#6860=CARTESIAN_POINT('Ctrl Pts',(-9.78498370316544,144.405949062258,-4.48399082832966));
#6861=CARTESIAN_POINT('Ctrl Pts',(-8.99398974853532,144.647990419507,-4.48887296681605));
#6862=CARTESIAN_POINT('',(-14.4922242005922,154.468658418775,0.));
#6863=CARTESIAN_POINT('Ctrl Pts',(-13.8627043408968,165.971766747022,-60.));
#6864=CARTESIAN_POINT('Ctrl Pts',(-13.8627043408968,165.971766747022,60.));
#6865=CARTESIAN_POINT('Ctrl Pts',(-14.4922242005922,165.971766747022,-60.));
#6866=CARTESIAN_POINT('Ctrl Pts',(-14.4922242005922,165.971766747022,60.));
#6867=CARTESIAN_POINT('Ctrl Pts',(-14.4922242005922,165.971766747022,-60.));
#6868=CARTESIAN_POINT('Ctrl Pts',(-14.4922242005922,165.971766747022,60.));
#6869=CARTESIAN_POINT('Ctrl Pts',(-14.4922242005922,154.468658418775,-60.));
#6870=CARTESIAN_POINT('Ctrl Pts',(-14.4922242005922,154.468658418775,60.));
#6871=CARTESIAN_POINT('',(-13.8627043408968,165.971766747022,21.4916753528034));
#6872=CARTESIAN_POINT('Ctrl Pts',(-14.4922242005922,154.468658418775,20.4519614053494));
#6873=CARTESIAN_POINT('Ctrl Pts',(-14.4922242005922,159.22559673408,20.7586675434286));
#6874=CARTESIAN_POINT('Ctrl Pts',(-14.5047475477102,162.864924643896,21.1456062358533));
#6875=CARTESIAN_POINT('Ctrl Pts',(-14.3745770712024,165.246688437624,21.4073015144263));
#6876=CARTESIAN_POINT('Ctrl Pts',(-14.3161751453979,165.60475014194,21.4491804632044));
#6877=CARTESIAN_POINT('Ctrl Pts',(-14.2058101505388,165.835731838175,21.4758750909713));
#6878=CARTESIAN_POINT('Ctrl Pts',(-14.1797747232251,165.872279903785,21.4801143463982));
#6879=CARTESIAN_POINT('Ctrl Pts',(-14.1281167840372,165.920869004905,21.4857548308212));
#6880=CARTESIAN_POINT('Ctrl Pts',(-14.1021307104806,165.937261526096,21.4876607926911));
#6881=CARTESIAN_POINT('Ctrl Pts',(-14.0411832734531,165.960466082558,21.4903597451324));
#6882=CARTESIAN_POINT('Ctrl Pts',(-14.0080237062851,165.966212106282,21.491028753813));
#6883=CARTESIAN_POINT('Ctrl Pts',(-13.9382471672601,165.97176674897,21.4916753360678));
#6884=CARTESIAN_POINT('Ctrl Pts',(-13.9016824724256,165.971766747022,21.4916753528034));
#6885=CARTESIAN_POINT('Ctrl Pts',(-13.8627043408968,165.971766747022,21.4916753528034));
#6886=CARTESIAN_POINT('',(-13.8627043408968,165.971766747022,-5.91850048637593));
#6887=CARTESIAN_POINT('Ctrl Pts',(-13.8627043408968,165.971766747022,-5.91850048637593));
#6888=CARTESIAN_POINT('Ctrl Pts',(-13.9413942193653,165.971766747022,-5.91850048637593));
#6889=CARTESIAN_POINT('Ctrl Pts',(-14.0102477057317,165.97176687389,-5.91849937483051));
#6890=CARTESIAN_POINT('Ctrl Pts',(-14.1009321818564,165.937949291593,-5.9146403875099));
#6891=CARTESIAN_POINT('Ctrl Pts',(-14.1272975844602,165.921526290477,-5.91276696396615));
#6892=CARTESIAN_POINT('Ctrl Pts',(-14.1752002259748,165.876697268694,-5.90766140628315));
#6893=CARTESIAN_POINT('Ctrl Pts',(-14.1980235108509,165.84657957385,-5.90423391746275));
#6894=CARTESIAN_POINT('Ctrl Pts',(-14.2507846610847,165.746962002533,-5.89292996691056));
#6895=CARTESIAN_POINT('Ctrl Pts',(-14.2785312384239,165.666576011573,-5.88382524080419));
#6896=CARTESIAN_POINT('Ctrl Pts',(-14.3596684349719,165.306153972878,-5.84332663242421));
#6897=CARTESIAN_POINT('Ctrl Pts',(-14.3997491359916,164.90180401132,-5.79786305574693));
#6898=CARTESIAN_POINT('Ctrl Pts',(-14.5010187131401,162.502838259358,-5.54242892648941));
#6899=CARTESIAN_POINT('Ctrl Pts',(-14.4922242005922,159.003038647159,-5.18525475756637));
#6900=CARTESIAN_POINT('Ctrl Pts',(-14.4922242005922,154.468658418775,-4.8983838417997));
#6901=CARTESIAN_POINT('',(-13.8627043408968,165.971766747022,0.));
#6902=CARTESIAN_POINT('Ctrl Pts',(-8.12128284317033,157.363406726575,-60.));
#6903=CARTESIAN_POINT('Ctrl Pts',(-8.12128284317033,157.363406726575,60.));
#6904=CARTESIAN_POINT('Ctrl Pts',(-13.2331846992113,165.971766747022,-60.));
#6905=CARTESIAN_POINT('Ctrl Pts',(-13.2331846992113,165.971766747022,60.));
#6906=CARTESIAN_POINT('Ctrl Pts',(-13.2331846992113,165.971766747022,-60.));
#6907=CARTESIAN_POINT('Ctrl Pts',(-13.2331846992113,165.971766747022,60.));
#6908=CARTESIAN_POINT('Ctrl Pts',(-13.8627043408968,165.971766747022,-60.));
#6909=CARTESIAN_POINT('Ctrl Pts',(-13.8627043408968,165.971766747022,60.));
#6910=CARTESIAN_POINT('',(-8.12128284317033,157.363406726575,20.6574176007971));
#6911=CARTESIAN_POINT('Ctrl Pts',(-13.8627043408968,165.971766747022,21.4916753528034));
#6912=CARTESIAN_POINT('Ctrl Pts',(-13.77067677918,165.971766747022,21.4916753528034));
#6913=CARTESIAN_POINT('Ctrl Pts',(-13.6921031380629,165.971766935865,21.4916737293891));
#6914=CARTESIAN_POINT('Ctrl Pts',(-13.5513833407457,165.926203138708,21.4863749334676));
#6915=CARTESIAN_POINT('Ctrl Pts',(-13.4912333363801,165.894505068667,21.482687648987));
#6916=CARTESIAN_POINT('Ctrl Pts',(-13.3173323370521,165.756932227854,21.4667544006749));
#6917=CARTESIAN_POINT('Ctrl Pts',(-13.2038528931177,165.630334076849,21.4521301515673));
#6918=CARTESIAN_POINT('Ctrl Pts',(-12.3028409858867,164.466674205461,21.3193423579733));
#6919=CARTESIAN_POINT('Ctrl Pts',(-10.5489731617931,161.451597945693,20.9741765015472));
#6920=CARTESIAN_POINT('Ctrl Pts',(-8.12128284317033,157.363406726575,20.6574176007971));
#6921=CARTESIAN_POINT('',(-8.12128284317033,157.363406726575,-5.09998148998126));
#6922=CARTESIAN_POINT('Ctrl Pts',(-8.12128284317032,157.363406726575,-5.09998148998128));
#6923=CARTESIAN_POINT('Ctrl Pts',(-10.2404200357423,160.931999473484,-5.37128374893615));
#6924=CARTESIAN_POINT('Ctrl Pts',(-11.8406136658615,163.647738095892,-5.66164059537024));
#6925=CARTESIAN_POINT('Ctrl Pts',(-13.0320479182348,165.434279348518,-5.85710932929595));
#6926=CARTESIAN_POINT('Ctrl Pts',(-13.2505218370075,165.702738593693,-5.88789534805988));
#6927=CARTESIAN_POINT('Ctrl Pts',(-13.4944556014977,165.897636621763,-5.91003803276921));
#6928=CARTESIAN_POINT('Ctrl Pts',(-13.5599642191195,165.93094236409,-5.91384081511547));
#6929=CARTESIAN_POINT('Ctrl Pts',(-13.7012605539935,165.97176687405,-5.91849937343139));
#6930=CARTESIAN_POINT('Ctrl Pts',(-13.7760130606025,165.971766747022,-5.91850048637593));
#6931=CARTESIAN_POINT('Ctrl Pts',(-13.8627043408968,165.971766747022,-5.91850048637593));
#6932=CARTESIAN_POINT('',(-8.12128284317033,157.363406726575,0.));
#6933=CARTESIAN_POINT('Ctrl Pts',(-3.25256781478898,147.542738727308,-60.));
#6934=CARTESIAN_POINT('Ctrl Pts',(-3.25256781478898,147.542738727308,60.));
#6935=CARTESIAN_POINT('Ctrl Pts',(-3.00938033309953,148.755046706128,-60.));
#6936=CARTESIAN_POINT('Ctrl Pts',(-3.00938033309953,148.755046706128,60.));
#6937=CARTESIAN_POINT('Ctrl Pts',(-3.00938033309953,148.755046706128,-60.));
#6938=CARTESIAN_POINT('Ctrl Pts',(-3.00938033309953,148.755046706128,60.));
#6939=CARTESIAN_POINT('Ctrl Pts',(-8.12128284317033,157.363406726575,-60.));
#6940=CARTESIAN_POINT('Ctrl Pts',(-8.12128284317033,157.363406726575,60.));
#6941=CARTESIAN_POINT('Ctrl Pts',(-8.12128284317033,157.363406726575,20.6574176007971));
#6942=CARTESIAN_POINT('Ctrl Pts',(-6.02883283535023,153.839755217843,20.3844000439585));
#6943=CARTESIAN_POINT('Ctrl Pts',(-4.38973676831711,151.113493543522,20.2562726468876));
#6944=CARTESIAN_POINT('Ctrl Pts',(-3.37444051891532,149.065764626427,20.1681605193787));
#6945=CARTESIAN_POINT('Ctrl Pts',(-3.23754766759574,148.6830895472,20.1537088012587));
#6946=CARTESIAN_POINT('Ctrl Pts',(-3.16886802887689,148.224746357525,20.1366538678107));
#6947=CARTESIAN_POINT('Ctrl Pts',(-3.16904368970247,148.092063183681,20.1318606189276));
#6948=CARTESIAN_POINT('Ctrl Pts',(-3.1962431014416,147.820109130578,20.122249701545));
#6949=CARTESIAN_POINT('Ctrl Pts',(-3.22529570683061,147.678692246985,20.1173871853516));
#6950=CARTESIAN_POINT('Ctrl Pts',(-3.25256781478898,147.542738727308,20.1128358238305));
#6951=CARTESIAN_POINT('Ctrl Pts',(-3.25256781478898,147.542738727308,-4.56561212814499));
#6952=CARTESIAN_POINT('Ctrl Pts',(-3.22491860482632,147.680572128982,-4.57014009668388));
#6953=CARTESIAN_POINT('Ctrl Pts',(-3.19264408409931,147.834371895393,-4.57532617437143));
#6954=CARTESIAN_POINT('Ctrl Pts',(-3.16066892842921,148.212572992758,-4.58849120240066));
#6955=CARTESIAN_POINT('Ctrl Pts',(-3.18124456010623,148.440303705294,-4.59663508121395));
#6956=CARTESIAN_POINT('Ctrl Pts',(-3.42177626167748,149.18091273644,-4.62492770502885));
#6957=CARTESIAN_POINT('Ctrl Pts',(-3.69933018656883,149.760582345743,-4.64727235762574));
#6958=CARTESIAN_POINT('Ctrl Pts',(-5.04455269377325,152.193191277787,-4.76098843757221));
#6959=CARTESIAN_POINT('Ctrl Pts',(-6.4151700814087,154.490340806443,-4.88155665712994));
#6960=CARTESIAN_POINT('Ctrl Pts',(-8.12128284317033,157.363406726575,-5.09998148998128));
#6961=CARTESIAN_POINT('Ctrl Pts',(24.0788005369566,140.070899451185,-60.));
#6962=CARTESIAN_POINT('Ctrl Pts',(24.0788005369566,140.070899451185,60.));
#6963=CARTESIAN_POINT('Ctrl Pts',(24.6268042967223,138.854546951795,-60.));
#6964=CARTESIAN_POINT('Ctrl Pts',(24.6268042967223,138.854546951795,60.));
#6965=CARTESIAN_POINT('Ctrl Pts',(24.6268042967223,138.854546951795,-60.));
#6966=CARTESIAN_POINT('Ctrl Pts',(24.6268042967223,138.854546951795,60.));
#6967=CARTESIAN_POINT('Ctrl Pts',(29.8038185301207,136.3713072469,-60.));
#6968=CARTESIAN_POINT('Ctrl Pts',(29.8038185301207,136.3713072469,60.));
#6969=CARTESIAN_POINT('',(29.8038185301207,136.3713072469,20.0172719026213));
#6970=CARTESIAN_POINT('',(24.0788005369566,140.070899451185,19.9872755269658));
#6971=CARTESIAN_POINT('Ctrl Pts',(29.8038185301207,136.3713072469,20.0172719026213));
#6972=CARTESIAN_POINT('Ctrl Pts',(27.7203326878286,137.370685370064,20.0009239881259));
#6973=CARTESIAN_POINT('Ctrl Pts',(26.0494681370037,138.15075667518,19.9945619534136));
#6974=CARTESIAN_POINT('Ctrl Pts',(24.8471459893611,138.927714801455,19.9899086336807));
#6975=CARTESIAN_POINT('Ctrl Pts',(24.6344157755354,139.119103624421,19.9890630419597));
#6976=CARTESIAN_POINT('Ctrl Pts',(24.3064423903326,139.554833625703,19.9876827593875));
#6977=CARTESIAN_POINT('Ctrl Pts',(24.1994612355216,139.803080226111,19.9872377806994));
#6978=CARTESIAN_POINT('Ctrl Pts',(24.0788005369566,140.070899451185,19.9872755269658));
#6979=CARTESIAN_POINT('',(29.8038185301207,136.3713072469,-4.47183532143786));
#6980=CARTESIAN_POINT('',(29.8038185301207,136.3713072469,0.));
#6981=CARTESIAN_POINT('',(24.0788005369566,140.070899451185,-4.44239959440172));
#6982=CARTESIAN_POINT('Ctrl Pts',(24.0788005369567,140.070899451184,-4.44239959440171));
#6983=CARTESIAN_POINT('Ctrl Pts',(24.2379240961558,139.717707825225,-4.44235074607312));
#6984=CARTESIAN_POINT('Ctrl Pts',(24.3581132769743,139.408571087012,-4.44305156485309));
#6985=CARTESIAN_POINT('Ctrl Pts',(24.8925807257111,138.895490997575,-4.44517338422305));
#6986=CARTESIAN_POINT('Ctrl Pts',(25.1839835761942,138.693174816739,-4.44621500092977));
#6987=CARTESIAN_POINT('Ctrl Pts',(26.5105139525449,137.943072349991,-4.45148408404952));
#6988=CARTESIAN_POINT('Ctrl Pts',(27.9877313426433,137.242423223827,-4.45785190131983));
#6989=CARTESIAN_POINT('Ctrl Pts',(29.8038185301207,136.3713072469,-4.47183532143788));
#6990=CARTESIAN_POINT('',(24.0788005369566,140.070899451185,0.));
#6991=CARTESIAN_POINT('Ctrl Pts',(30.6939862882994,153.176605888868,-60.));
#6992=CARTESIAN_POINT('Ctrl Pts',(30.6939862882994,153.176605888868,60.));
#6993=CARTESIAN_POINT('Ctrl Pts',(23.5308002653502,141.287251950574,-60.));
#6994=CARTESIAN_POINT('Ctrl Pts',(23.5308002653502,141.287251950574,60.));
#6995=CARTESIAN_POINT('Ctrl Pts',(23.5308002653502,141.287251950574,-60.));
#6996=CARTESIAN_POINT('Ctrl Pts',(23.5308002653502,141.287251950574,60.));
#6997=CARTESIAN_POINT('Ctrl Pts',(24.0788005369566,140.070899451185,-60.));
#6998=CARTESIAN_POINT('Ctrl Pts',(24.0788005369566,140.070899451185,60.));
#6999=CARTESIAN_POINT('',(30.6939862882994,153.176605888868,20.3723995066417));
#7000=CARTESIAN_POINT('Ctrl Pts',(24.0788005369566,140.070899451185,19.9872755269658));
#7001=CARTESIAN_POINT('Ctrl Pts',(24.0313706377864,140.176175815797,19.9872903645478));
#7002=CARTESIAN_POINT('Ctrl Pts',(23.8958627538857,140.420630499497,19.9873938683379));
#7003=CARTESIAN_POINT('Ctrl Pts',(23.8584637516414,140.877511694374,19.9887864839316));
#7004=CARTESIAN_POINT('Ctrl Pts',(23.8744659029075,141.052391013551,19.9894524605263));
#7005=CARTESIAN_POINT('Ctrl Pts',(24.0281973602912,141.640273766446,19.9926883846187));
#7006=CARTESIAN_POINT('Ctrl Pts',(24.2325414458935,142.110538277345,19.9959748708467));
#7007=CARTESIAN_POINT('Ctrl Pts',(25.5368117134337,144.656083767566,20.0265509012745));
#7008=CARTESIAN_POINT('Ctrl Pts',(27.803316326832,148.378713138272,20.0908528151322));
#7009=CARTESIAN_POINT('Ctrl Pts',(30.6939862882994,153.176605888868,20.3723995066417));
#7010=CARTESIAN_POINT('',(30.6939862882994,153.176605888868,-4.820314297409));
#7011=CARTESIAN_POINT('Ctrl Pts',(30.6939862882994,153.176605888868,-4.82031429740901));
#7012=CARTESIAN_POINT('Ctrl Pts',(27.757771502829,148.303118489341,-4.53969397844523));
#7013=CARTESIAN_POINT('Ctrl Pts',(25.4597114090706,144.533002543644,-4.47859146383488));
#7014=CARTESIAN_POINT('Ctrl Pts',(24.0808576279531,141.801586221509,-4.44771894570829));
#7015=CARTESIAN_POINT('Ctrl Pts',(23.9087768265152,141.316306626858,-4.4456876602265));
#7016=CARTESIAN_POINT('Ctrl Pts',(23.8564697624535,140.781547843,-4.44353310047502));
#7017=CARTESIAN_POINT('Ctrl Pts',(23.873445619791,140.635297935783,-4.44313194583643));
#7018=CARTESIAN_POINT('Ctrl Pts',(23.9528445135012,140.346942756989,-4.44255608755679));
#7019=CARTESIAN_POINT('Ctrl Pts',(24.0183250507937,140.205132064848,-4.44241815950446));
#7020=CARTESIAN_POINT('Ctrl Pts',(24.0788005369566,140.070899451185,-4.44239959440173));
#7021=CARTESIAN_POINT('',(30.6939862882994,153.176605888868,0.));
#7022=CARTESIAN_POINT('Ctrl Pts',(37.8571757994078,149.319317496228,-60.));
#7023=CARTESIAN_POINT('Ctrl Pts',(37.8571757994078,149.319317496228,60.));
#7024=CARTESIAN_POINT('Ctrl Pts',(37.8571757994078,165.065960481191,-60.));
#7025=CARTESIAN_POINT('Ctrl Pts',(37.8571757994078,165.065960481191,60.));
#7026=CARTESIAN_POINT('Ctrl Pts',(37.8571757994078,165.065960481191,-60.));
#7027=CARTESIAN_POINT('Ctrl Pts',(37.8571757994078,165.065960481191,60.));
#7028=CARTESIAN_POINT('Ctrl Pts',(30.6939862882994,153.176605888868,-60.));
#7029=CARTESIAN_POINT('Ctrl Pts',(30.6939862882994,153.176605888868,60.));
#7030=CARTESIAN_POINT('',(37.8571757994078,149.319317496228,20.1793617331111));
#7031=CARTESIAN_POINT('Ctrl Pts',(30.6939862882994,153.176605888868,20.3723995066417));
#7032=CARTESIAN_POINT('Ctrl Pts',(32.4202969284986,156.041910416411,20.5405393654988));
#7033=CARTESIAN_POINT('Ctrl Pts',(33.8032274510032,158.343091896418,20.7306813374176));
#7034=CARTESIAN_POINT('Ctrl Pts',(35.3062410360697,160.470959174771,20.9189369377841));
#7035=CARTESIAN_POINT('Ctrl Pts',(35.7017368965659,160.9591394982,20.9649292391724));
#7036=CARTESIAN_POINT('Ctrl Pts',(36.200298522676,161.419848675755,21.0087370390625));
#7037=CARTESIAN_POINT('Ctrl Pts',(36.3491349163882,161.527654896344,21.0191312007926));
#7038=CARTESIAN_POINT('Ctrl Pts',(36.5588891696342,161.627058745508,21.0287287852715));
#7039=CARTESIAN_POINT('Ctrl Pts',(36.6398355045865,161.654100757834,21.0313484219766));
#7040=CARTESIAN_POINT('Ctrl Pts',(36.779934126118,161.665147536728,21.0324184429889));
#7041=CARTESIAN_POINT('Ctrl Pts',(36.8365369159386,161.659505516272,21.0318712195248));
#7042=CARTESIAN_POINT('Ctrl Pts',(36.9447203229271,161.624303468327,21.028464477398));
#7043=CARTESIAN_POINT('Ctrl Pts',(36.9927014568934,161.596762457445,21.0258009262576));
#7044=CARTESIAN_POINT('Ctrl Pts',(37.0969406299588,161.512943165368,21.0177194118588));
#7045=CARTESIAN_POINT('Ctrl Pts',(37.1477416024982,161.450517095682,21.0117189382793));
#7046=CARTESIAN_POINT('Ctrl Pts',(37.2725164752322,161.258557427525,20.9933640767261));
#7047=CARTESIAN_POINT('Ctrl Pts',(37.3376328002215,161.099041328747,20.9782323892092));
#7048=CARTESIAN_POINT('Ctrl Pts',(37.5361790191031,160.465762661363,20.9189815459481));
#7049=CARTESIAN_POINT('Ctrl Pts',(37.6201214643551,159.828285407923,20.8612573785569));
#7050=CARTESIAN_POINT('Ctrl Pts',(37.8648006448606,157.135062343295,20.6300111343552));
#7051=CARTESIAN_POINT('Ctrl Pts',(37.8571757994078,153.670422813116,20.3595671184199));
#7052=CARTESIAN_POINT('Ctrl Pts',(37.8571757994078,149.319317496229,20.1793617331111));
#7053=CARTESIAN_POINT('',(37.8571757994078,149.319317496228,-4.63089307990856));
#7054=CARTESIAN_POINT('Ctrl Pts',(37.8571757994078,149.319317496228,-4.63089307990856));
#7055=CARTESIAN_POINT('Ctrl Pts',(37.8571757994078,153.057101855939,-4.78279934309131));
#7056=CARTESIAN_POINT('Ctrl Pts',(37.8625758894044,156.108366261149,-4.99806039274881));
#7057=CARTESIAN_POINT('Ctrl Pts',(37.6638059902447,159.714789266787,-5.28611683333822));
#7058=CARTESIAN_POINT('Ctrl Pts',(37.5234365741723,160.68617222748,-5.37639043510711));
#7059=CARTESIAN_POINT('Ctrl Pts',(37.2364387202572,161.317091284427,-5.43507815798532));
#7060=CARTESIAN_POINT('Ctrl Pts',(37.1763763001379,161.418873153317,-5.44463261757584));
#7061=CARTESIAN_POINT('Ctrl Pts',(37.0576528184662,161.548349958172,-5.45684420841644));
#7062=CARTESIAN_POINT('Ctrl Pts',(37.0043038466217,161.591784226127,-5.46095828779779));
#7063=CARTESIAN_POINT('Ctrl Pts',(36.8916796816482,161.645464019529,-5.46605043563925));
#7064=CARTESIAN_POINT('Ctrl Pts',(36.838212929284,161.658809886602,-5.46731955583881));
#7065=CARTESIAN_POINT('Ctrl Pts',(36.7205860248227,161.664565805054,-5.46786660007964));
#7066=CARTESIAN_POINT('Ctrl Pts',(36.6595895465176,161.65476099581,-5.46693416002817));
#7067=CARTESIAN_POINT('Ctrl Pts',(36.5035060339246,161.607920253751,-5.46248748059909));
#7068=CARTESIAN_POINT('Ctrl Pts',(36.4087942899198,161.556145798672,-5.45757998723941));
#7069=CARTESIAN_POINT('Ctrl Pts',(36.150868374307,161.384081359364,-5.44135019762088));
#7070=CARTESIAN_POINT('Ctrl Pts',(35.9570078450713,161.206136796071,-5.42462923575889));
#7071=CARTESIAN_POINT('Ctrl Pts',(35.1867284824283,160.353057481528,-5.34618366552867));
#7072=CARTESIAN_POINT('Ctrl Pts',(34.4899033528222,159.343411214052,-5.25477263626435));
#7073=CARTESIAN_POINT('Ctrl Pts',(32.6842514836819,156.488484513879,-5.03055075597608));
#7074=CARTESIAN_POINT('Ctrl Pts',(31.7342516409393,154.903222730215,-4.91973463628057));
#7075=CARTESIAN_POINT('Ctrl Pts',(30.6939862882994,153.176605888868,-4.82031429740901));
#7076=CARTESIAN_POINT('',(37.8571757994078,149.319317496228,0.));
#7077=CARTESIAN_POINT('Ctrl Pts',(36.4190042814635,133.730369609571,-60.));
#7078=CARTESIAN_POINT('Ctrl Pts',(36.4190042814635,133.730369609571,60.));
#7079=CARTESIAN_POINT('Ctrl Pts',(37.8571757994078,133.572673421216,-60.));
#7080=CARTESIAN_POINT('Ctrl Pts',(37.8571757994078,133.572673421216,60.));
#7081=CARTESIAN_POINT('Ctrl Pts',(37.8571757994078,133.572673421216,-60.));
#7082=CARTESIAN_POINT('Ctrl Pts',(37.8571757994078,133.572673421216,60.));
#7083=CARTESIAN_POINT('Ctrl Pts',(37.8571757994078,149.319317496228,-60.));
#7084=CARTESIAN_POINT('Ctrl Pts',(37.8571757994078,149.319317496228,60.));
#7085=CARTESIAN_POINT('',(36.4190042814635,133.730369609571,20.0760324694759));
#7086=CARTESIAN_POINT('Ctrl Pts',(37.8571757994078,149.319317496229,20.1793617331111));
#7087=CARTESIAN_POINT('Ctrl Pts',(37.8571757994078,142.817053765219,19.910063967213));
#7088=CARTESIAN_POINT('Ctrl Pts',(37.8860839447383,137.824354241684,19.9867932642694));
#7089=CARTESIAN_POINT('Ctrl Pts',(37.6299781859095,135.046263119793,20.0422706734205));
#7090=CARTESIAN_POINT('Ctrl Pts',(37.563301773592,134.589256724223,20.0532778439064));
#7091=CARTESIAN_POINT('Ctrl Pts',(37.4049491377005,134.121563876762,20.0653162357763));
#7092=CARTESIAN_POINT('Ctrl Pts',(37.3489253564162,134.01073868543,20.0683021761326));
#7093=CARTESIAN_POINT('Ctrl Pts',(37.2360088490414,133.86255622357,20.0723417394701));
#7094=CARTESIAN_POINT('Ctrl Pts',(37.1818042681015,133.814747425064,20.0736710608463));
#7095=CARTESIAN_POINT('Ctrl Pts',(37.0665096779172,133.747874505004,20.0755381504664));
#7096=CARTESIAN_POINT('Ctrl Pts',(37.0065379971136,133.727798655537,20.0761045418958));
#7097=CARTESIAN_POINT('Ctrl Pts',(36.7936770444796,133.689246690067,20.0771919476056));
#7098=CARTESIAN_POINT('Ctrl Pts',(36.6202106961597,133.708307230867,20.0766533761474));
#7099=CARTESIAN_POINT('Ctrl Pts',(36.4190042814635,133.730369609571,20.0760324694759));
#7100=CARTESIAN_POINT('',(36.4190042814635,133.730369609571,-4.52949719853394));
#7101=CARTESIAN_POINT('Ctrl Pts',(36.4190042814635,133.730369609571,-4.52949719853393));
#7102=CARTESIAN_POINT('Ctrl Pts',(36.5987431057467,133.710661162327,-4.53004148444308));
#7103=CARTESIAN_POINT('Ctrl Pts',(36.7560609090286,133.693407879321,-4.53052042131953));
#7104=CARTESIAN_POINT('Ctrl Pts',(36.9684394707329,133.717576555131,-4.52985070292385));
#7105=CARTESIAN_POINT('Ctrl Pts',(37.0399061214116,133.736069958314,-4.5293371018107));
#7106=CARTESIAN_POINT('Ctrl Pts',(37.1680915662349,133.804197374352,-4.52746789568655));
#7107=CARTESIAN_POINT('Ctrl Pts',(37.2198840778651,133.848439352428,-4.52626082837716));
#7108=CARTESIAN_POINT('Ctrl Pts',(37.3192316014115,133.966227954139,-4.52309621936027));
#7109=CARTESIAN_POINT('Ctrl Pts',(37.3689426762987,134.050402204751,-4.52085656480726));
#7110=CARTESIAN_POINT('Ctrl Pts',(37.5034657414556,134.376464416657,-4.5124664387482));
#7111=CARTESIAN_POINT('Ctrl Pts',(37.5623155941426,134.658840302876,-4.50556065459574));
#7112=CARTESIAN_POINT('Ctrl Pts',(37.87667210493,136.761308174879,-4.45870987017536));
#7113=CARTESIAN_POINT('Ctrl Pts',(37.8571757994078,142.635246758353,-4.35924760469488));
#7114=CARTESIAN_POINT('Ctrl Pts',(37.8571757994078,149.319317496228,-4.63089307990855));
#7115=CARTESIAN_POINT('',(36.4190042814635,133.730369609571,0.));
#7116=CARTESIAN_POINT('Ctrl Pts',(29.8038185301207,136.3713072469,-60.));
#7117=CARTESIAN_POINT('Ctrl Pts',(29.8038185301207,136.3713072469,60.));
#7118=CARTESIAN_POINT('Ctrl Pts',(34.98082927536,133.888065797925,-60.));
#7119=CARTESIAN_POINT('Ctrl Pts',(34.98082927536,133.888065797925,60.));
#7120=CARTESIAN_POINT('Ctrl Pts',(34.98082927536,133.888065797925,-60.));
#7121=CARTESIAN_POINT('Ctrl Pts',(34.98082927536,133.888065797925,60.));
#7122=CARTESIAN_POINT('Ctrl Pts',(36.4190042814635,133.730369609571,-60.));
#7123=CARTESIAN_POINT('Ctrl Pts',(36.4190042814635,133.730369609571,60.));
#7124=CARTESIAN_POINT('Ctrl Pts',(36.4190042814634,133.730369609571,20.0760324694759));
#7125=CARTESIAN_POINT('Ctrl Pts',(35.7303936058045,133.80587591329,20.073907477953));
#7126=CARTESIAN_POINT('Ctrl Pts',(35.3748322787218,133.834884823195,20.0728515326588));
#7127=CARTESIAN_POINT('Ctrl Pts',(33.5567345262101,134.56071214614,20.0538772368228));
#7128=CARTESIAN_POINT('Ctrl Pts',(31.9553201685438,135.339302812491,20.0341535211615));
#7129=CARTESIAN_POINT('Ctrl Pts',(29.8038185301207,136.3713072469,20.0172719026213));
#7130=CARTESIAN_POINT('Ctrl Pts',(29.8038185301207,136.3713072469,-4.47183532143788));
#7131=CARTESIAN_POINT('Ctrl Pts',(31.9553135559607,135.339305984329,-4.48840132137256));
#7132=CARTESIAN_POINT('Ctrl Pts',(33.5567316267391,134.560713537465,-4.5077562583972));
#7133=CARTESIAN_POINT('Ctrl Pts',(35.3748307797726,133.83488521113,-4.52637574753308));
#7134=CARTESIAN_POINT('Ctrl Pts',(35.7303932575853,133.805875951472,-4.5274119486185));
#7135=CARTESIAN_POINT('Ctrl Pts',(36.4190042814635,133.730369609571,-4.52949719853393));
#7136=CARTESIAN_POINT('Origin',(37.4494898162223,119.673172281918,-1.35525271560688E-19));
#7137=CARTESIAN_POINT('',(37.8571757994078,122.332683916211,20.6873829512739));
#7138=CARTESIAN_POINT('',(37.4494898162223,119.673172281918,20.9139573415191));
#7139=CARTESIAN_POINT('Origin',(40.5714846799846,140.039292297875,244.247953868861));
#7140=CARTESIAN_POINT('',(37.8571757994078,122.332683916211,-5.12938350350503));
#7141=CARTESIAN_POINT('',(37.8571757994078,122.332683916211,0.));
#7142=CARTESIAN_POINT('',(37.4494898162223,119.673172281918,-5.35169362767438));
#7143=CARTESIAN_POINT('Origin',(40.5714846799846,140.039292297875,-232.973900914913));
#7144=CARTESIAN_POINT('',(37.4494898162223,119.673172281918,-1.35525271560688E-19));
#7145=CARTESIAN_POINT('Origin',(37.05410835831,119.733781709726,0.));
#7146=CARTESIAN_POINT('',(37.0493373103051,119.333810164362,20.9451642333576));
#7147=CARTESIAN_POINT('Ctrl Pts',(37.4494898162223,119.673172281918,20.9139573415191));
#7148=CARTESIAN_POINT('Ctrl Pts',(37.4446919859771,119.641873964383,20.9168114761387));
#7149=CARTESIAN_POINT('Ctrl Pts',(37.4359978376049,119.610475027871,20.9196816486958));
#7150=CARTESIAN_POINT('Ctrl Pts',(37.4031843810397,119.53130698434,20.9269341675934));
#7151=CARTESIAN_POINT('Ctrl Pts',(37.3723425811568,119.486272026719,20.9310770260928));
#7152=CARTESIAN_POINT('Ctrl Pts',(37.3012568099653,119.415303332033,20.9376200450156));
#7153=CARTESIAN_POINT('Ctrl Pts',(37.2563356324044,119.384577717937,20.940461755553));
#7154=CARTESIAN_POINT('Ctrl Pts',(37.1578689020656,119.343816265372,20.9442357177699));
#7155=CARTESIAN_POINT('Ctrl Pts',(37.1043227761851,119.333781709726,20.9451668717813));
#7156=CARTESIAN_POINT('Ctrl Pts',(37.0525212636577,119.333781709726,20.9451668717813));
#7157=CARTESIAN_POINT('Ctrl Pts',(37.050930833072,119.333791156075,20.9451659958781));
#7158=CARTESIAN_POINT('Ctrl Pts',(37.0493373103051,119.333810164362,20.9451642333576));
#7159=CARTESIAN_POINT('',(37.0493373103051,119.333810164362,-5.3823125280885));
#7160=CARTESIAN_POINT('Ctrl Pts',(37.0493373103051,119.333810164362,-5.38231252808849));
#7161=CARTESIAN_POINT('Ctrl Pts',(37.050930826702,119.333791156151,-5.38231425738859));
#7162=CARTESIAN_POINT('Ctrl Pts',(37.052521257161,119.333781709726,-5.38231511679296));
#7163=CARTESIAN_POINT('Ctrl Pts',(37.104323164138,119.333781709726,-5.38231511679296));
#7164=CARTESIAN_POINT('Ctrl Pts',(37.1578702758173,119.343816372931,-5.38140150004498));
#7165=CARTESIAN_POINT('Ctrl Pts',(37.2563401688735,119.38458005701,-5.37769845117748));
#7166=CARTESIAN_POINT('Ctrl Pts',(37.3012635016487,119.415307843296,-5.37491009128035));
#7167=CARTESIAN_POINT('Ctrl Pts',(37.3723471472464,119.486278764858,-5.36849016049576));
#7168=CARTESIAN_POINT('Ctrl Pts',(37.4031867998707,119.53131164797,-5.36442554927624));
#7169=CARTESIAN_POINT('Ctrl Pts',(37.4359983283369,119.610476921395,-5.35730992186427));
#7170=CARTESIAN_POINT('Ctrl Pts',(37.4446921147752,119.641874804588,-5.35449391762451));
#7171=CARTESIAN_POINT('Ctrl Pts',(37.4494898162223,119.673172281918,-5.35169362767437));
#7172=CARTESIAN_POINT('',(37.0493373103051,119.333810164362,0.));
#7173=CARTESIAN_POINT('Origin',(22.5792505224959,119.50641613971,0.));
#7174=CARTESIAN_POINT('',(22.5792505224959,119.50641613971,20.9292268304584));
#7175=CARTESIAN_POINT('Origin',(-1698.7545527377,140.039292297875,244.247953868861));
#7176=CARTESIAN_POINT('',(22.5792505224959,119.50641613971,-5.36667543317997));
#7177=CARTESIAN_POINT('Origin',(-1698.7545527377,140.039292297875,-232.973900914913));
#7178=CARTESIAN_POINT('',(22.5792505224959,119.50641613971,0.));
#7179=CARTESIAN_POINT('Origin',(22.5840215705008,119.906387685074,0.));
#7180=CARTESIAN_POINT('',(22.3204588583131,120.207277526618,20.8658954140877));
#7181=CARTESIAN_POINT('Ctrl Pts',(22.5792505224959,119.50641613971,20.9292268304584));
#7182=CARTESIAN_POINT('Ctrl Pts',(22.5304260507787,119.506998540886,20.9291732820105));
#7183=CARTESIAN_POINT('Ctrl Pts',(22.4787042943488,119.517066465208,20.9282469706856));
#7184=CARTESIAN_POINT('Ctrl Pts',(22.3817922372583,119.557184755388,20.9245638290067));
#7185=CARTESIAN_POINT('Ctrl Pts',(22.3368700866006,119.587911352226,20.9217459783607));
#7186=CARTESIAN_POINT('Ctrl Pts',(22.2657852916722,119.658881041636,20.9152581840219));
#7187=CARTESIAN_POINT('Ctrl Pts',(22.2349444676061,119.703915045919,20.9111505120509));
#7188=CARTESIAN_POINT('Ctrl Pts',(22.1940631644807,119.802549180842,20.9021915861773));
#7189=CARTESIAN_POINT('Ctrl Pts',(22.1840215705008,119.856148940694,20.8973413377088));
#7190=CARTESIAN_POINT('Ctrl Pts',(22.1840215705008,119.95662012968,20.8882850121847));
#7191=CARTESIAN_POINT('Ctrl Pts',(22.1940609110927,120.010216977074,20.8834727114341));
#7192=CARTESIAN_POINT('Ctrl Pts',(22.2349384275419,120.108849526121,20.8746502897299));
#7193=CARTESIAN_POINT('Ctrl Pts',(22.2657778392794,120.153884633386,20.8706392500358));
#7194=CARTESIAN_POINT('Ctrl Pts',(22.307489786904,120.19553167808,20.8669384465209));
#7195=CARTESIAN_POINT('Ctrl Pts',(22.3138485200861,120.201487239174,20.8664094798409));
#7196=CARTESIAN_POINT('Ctrl Pts',(22.3204588583131,120.207277526618,20.8658954140877));
#7197=CARTESIAN_POINT('',(22.3204588583131,120.207277526618,-5.30453695715157));
#7198=CARTESIAN_POINT('Ctrl Pts',(22.3204588583131,120.207277526618,-5.30453695715156));
#7199=CARTESIAN_POINT('Ctrl Pts',(22.3138456033795,120.201484684301,-5.30504156494064));
#7200=CARTESIAN_POINT('Ctrl Pts',(22.3074841317932,120.195526383658,-5.30556080927259));
#7201=CARTESIAN_POINT('Ctrl Pts',(22.2657736283621,120.153878370445,-5.30919200691111));
#7202=CARTESIAN_POINT('Ctrl Pts',(22.2349362748049,120.108845343636,-5.31312732907598));
#7203=CARTESIAN_POINT('Ctrl Pts',(22.1940608410767,120.010215796268,-5.32178333198725));
#7204=CARTESIAN_POINT('Ctrl Pts',(22.1840215705008,119.956619848328,-5.32650491594739));
#7205=CARTESIAN_POINT('Ctrl Pts',(22.1840215705008,119.8561494573,-5.33539058874552));
#7206=CARTESIAN_POINT('Ctrl Pts',(22.1940630102387,119.802550705856,-5.34014938431382));
#7207=CARTESIAN_POINT('Ctrl Pts',(22.2349420890948,119.703919631738,-5.34893926815941));
#7208=CARTESIAN_POINT('Ctrl Pts',(22.26578080228,119.658887666435,-5.35296937126286));
#7209=CARTESIAN_POINT('Ctrl Pts',(22.3368635082152,119.587915787113,-5.35933512992184));
#7210=CARTESIAN_POINT('Ctrl Pts',(22.3817877777219,119.55718705481,-5.36210008191326));
#7211=CARTESIAN_POINT('Ctrl Pts',(22.4787029072418,119.517066600452,-5.36571402349698));
#7212=CARTESIAN_POINT('Ctrl Pts',(22.5304256345999,119.50699854585,-5.36662289322598));
#7213=CARTESIAN_POINT('Ctrl Pts',(22.5792505224959,119.50641613971,-5.36667543317996));
#7214=CARTESIAN_POINT('',(22.3204588583131,120.207277526618,0.));
#7215=CARTESIAN_POINT('Origin',(24.923011797943,122.486968684888,-1.35525271560688E-19));
#7216=CARTESIAN_POINT('',(24.923011797943,122.486968684888,20.6752167447561));
#7217=CARTESIAN_POINT('Origin',(44.961187254558,140.039292297875,244.247953868861));
#7218=CARTESIAN_POINT('',(24.923011797943,122.486968684888,-5.11744603464419));
#7219=CARTESIAN_POINT('Origin',(44.961187254558,140.039292297875,-232.973900914913));
#7220=CARTESIAN_POINT('',(24.923011797943,122.486968684888,-1.35525271560688E-19));
#7221=CARTESIAN_POINT('Ctrl Pts',(36.4501186613463,131.197285854078,-60.));
#7222=CARTESIAN_POINT('Ctrl Pts',(36.4501186613463,131.197285854078,60.));
#7223=CARTESIAN_POINT('Ctrl Pts',(35.0430650114439,131.351570622754,-60.));
#7224=CARTESIAN_POINT('Ctrl Pts',(35.0430650114439,131.351570622754,60.));
#7225=CARTESIAN_POINT('Ctrl Pts',(35.0430650114439,131.351570622754,-60.));
#7226=CARTESIAN_POINT('Ctrl Pts',(35.0430650114439,131.351570622754,60.));
#7227=CARTESIAN_POINT('Ctrl Pts',(24.923011797943,122.486968684888,-60.));
#7228=CARTESIAN_POINT('Ctrl Pts',(24.923011797943,122.486968684888,60.));
#7229=CARTESIAN_POINT('',(36.4501186613463,131.197285854078,20.1616495764591));
#7230=CARTESIAN_POINT('Ctrl Pts',(24.923011797943,122.486968684888,20.6752167447561));
#7231=CARTESIAN_POINT('Ctrl Pts',(29.0678539382518,126.117619126539,20.3901804192308));
#7232=CARTESIAN_POINT('Ctrl Pts',(32.2714413529272,128.952731326471,20.257866180563));
#7233=CARTESIAN_POINT('Ctrl Pts',(34.6750546704487,130.769162205275,20.1782868508403));
#7234=CARTESIAN_POINT('Ctrl Pts',(35.1228254022204,131.031211807993,20.1682337333636));
#7235=CARTESIAN_POINT('Ctrl Pts',(35.6564248474901,131.206361679537,20.1612840117843));
#7236=CARTESIAN_POINT('Ctrl Pts',(35.8114106014888,131.228342236356,20.1604262932973));
#7237=CARTESIAN_POINT('Ctrl Pts',(36.1203777359593,131.233453478868,20.1602253815142));
#7238=CARTESIAN_POINT('Ctrl Pts',(36.2743805260139,131.216555707476,20.1608892258055));
#7239=CARTESIAN_POINT('Ctrl Pts',(36.4501186613463,131.197285854078,20.1616495764591));
#7240=CARTESIAN_POINT('',(36.4501186613463,131.197285854078,-4.61351245652289));
#7241=CARTESIAN_POINT('Ctrl Pts',(36.4501186613463,131.197285854078,-4.61351245652288));
#7242=CARTESIAN_POINT('Ctrl Pts',(36.1268870518392,131.232728506961,-4.61214013373391));
#7243=CARTESIAN_POINT('Ctrl Pts',(35.8794269862114,131.259460678883,-4.61109788195125));
#7244=CARTESIAN_POINT('Ctrl Pts',(35.3534129967769,131.116531230857,-4.61664606100733));
#7245=CARTESIAN_POINT('Ctrl Pts',(35.1078505004281,131.004999267056,-4.62095162805048));
#7246=CARTESIAN_POINT('Ctrl Pts',(33.2838620541477,129.874837608037,-4.66665225545978));
#7247=CARTESIAN_POINT('Ctrl Pts',(29.2214839830808,126.252190473584,-4.82740206224679));
#7248=CARTESIAN_POINT('Ctrl Pts',(24.923011797943,122.486968684888,-5.11744603464418));
#7249=CARTESIAN_POINT('',(36.4501186613463,131.197285854078,0.));
#7250=CARTESIAN_POINT('Ctrl Pts',(37.8571757994078,122.332683916211,-60.));
#7251=CARTESIAN_POINT('Ctrl Pts',(37.8571757994078,122.332683916211,60.));
#7252=CARTESIAN_POINT('Ctrl Pts',(37.8571757994078,131.043001085401,-60.));
#7253=CARTESIAN_POINT('Ctrl Pts',(37.8571757994078,131.043001085401,60.));
#7254=CARTESIAN_POINT('Ctrl Pts',(37.8571757994078,131.043001085401,-60.));
#7255=CARTESIAN_POINT('Ctrl Pts',(37.8571757994078,131.043001085401,60.));
#7256=CARTESIAN_POINT('Ctrl Pts',(36.4501186613463,131.197285854078,-60.));
#7257=CARTESIAN_POINT('Ctrl Pts',(36.4501186613463,131.197285854078,60.));
#7258=CARTESIAN_POINT('Ctrl Pts',(36.4501186613463,131.197285854078,20.1616495764591));
#7259=CARTESIAN_POINT('Ctrl Pts',(36.6990354828126,131.169991955926,20.1627265401945));
#7260=CARTESIAN_POINT('Ctrl Pts',(36.9013210366556,131.147585148386,20.1636067113687));
#7261=CARTESIAN_POINT('Ctrl Pts',(37.1592547714395,131.04702029302,20.1676264151292));
#7262=CARTESIAN_POINT('Ctrl Pts',(37.2390659349758,130.999168916047,20.1695444633547));
#7263=CARTESIAN_POINT('Ctrl Pts',(37.3744132031464,130.869843218777,20.1748008569545));
#7264=CARTESIAN_POINT('Ctrl Pts',(37.4317962447258,130.790958884681,20.1780281658816));
#7265=CARTESIAN_POINT('Ctrl Pts',(37.5515827266072,130.54993925661,20.1880860144212));
#7266=CARTESIAN_POINT('Ctrl Pts',(37.607920868289,130.368636964873,20.1957541423761));
#7267=CARTESIAN_POINT('Ctrl Pts',(37.7547502058654,129.606947679571,20.2294424851245));
#7268=CARTESIAN_POINT('Ctrl Pts',(37.8074988054333,128.800747768386,20.2651633897489));
#7269=CARTESIAN_POINT('Ctrl Pts',(37.8625727795508,125.965513438663,20.42415938262));
#7270=CARTESIAN_POINT('Ctrl Pts',(37.8571757994078,124.237856609071,20.53648806568));
#7271=CARTESIAN_POINT('Ctrl Pts',(37.8571757994078,122.332683916211,20.6873829512738));
#7272=CARTESIAN_POINT('Ctrl Pts',(37.8571757994078,122.332683916211,-5.12938350350503));
#7273=CARTESIAN_POINT('Ctrl Pts',(37.8571757994078,125.919840500079,-4.85061279813161));
#7274=CARTESIAN_POINT('Ctrl Pts',(37.8859132737382,128.683566235875,-4.72105565646241));
#7275=CARTESIAN_POINT('Ctrl Pts',(37.6408315559461,130.228572047207,-4.65293533534173));
#7276=CARTESIAN_POINT('Ctrl Pts',(37.5851843313879,130.466765983536,-4.64289102137975));
#7277=CARTESIAN_POINT('Ctrl Pts',(37.4435238310345,130.775183847219,-4.63021473804458));
#7278=CARTESIAN_POINT('Ctrl Pts',(37.3796801896263,130.865678160331,-4.62658279733786));
#7279=CARTESIAN_POINT('Ctrl Pts',(37.2415616639046,130.995981106862,-4.62138755040781));
#7280=CARTESIAN_POINT('Ctrl Pts',(37.1687887911364,131.040988379187,-4.61961522630666));
#7281=CARTESIAN_POINT('Ctrl Pts',(36.9160954263435,131.145918051348,-4.61549620698722));
#7282=CARTESIAN_POINT('Ctrl Pts',(36.7080878604747,131.168999356581,-4.61460769635334));
#7283=CARTESIAN_POINT('Ctrl Pts',(36.4501186613463,131.197285854078,-4.61351245652289));
#7284=CARTESIAN_POINT('Origin',(41.5,140.039292297875,244.247953868861));
#7285=CARTESIAN_POINT('',(41.5,130.39123806111,20.1949068045027));
#7286=CARTESIAN_POINT('Origin',(41.5,140.039292297875,-232.973900914913));
#7287=CARTESIAN_POINT('',(41.5,149.855933706188,-4.653333189884));
#7288=CARTESIAN_POINT('Origin',(-23.4999999999999,140.024284716076,244.24859961387));
#7289=CARTESIAN_POINT('',(-18.4999999999999,69.217770802366,31.4592896456324));
#7290=CARTESIAN_POINT('',(-23.4999999999999,69.217770802366,31.4592896456324));
#7291=CARTESIAN_POINT('Origin',(-18.4999999999999,140.024284716076,244.24859961387));
#7292=CARTESIAN_POINT('Origin',(-23.4999999999999,140.024284716076,244.24859961387));
#7293=CARTESIAN_POINT('',(-23.4999999999999,215.024284716076,32.9008935715023));
#7294=CARTESIAN_POINT('Origin',(-23.4999999999999,140.024284716076,-232.973255169887));
#7295=CARTESIAN_POINT('',(-23.4999999999999,215.024284716076,-17.0991064284977));
#7296=CARTESIAN_POINT('Origin',(-18.4999999999999,56.0129409329805,3.90502224046935));
#7297=CARTESIAN_POINT('',(-18.4999999999999,56.0129409329805,3.90502224046935));
#7298=CARTESIAN_POINT('',(-18.4999999999999,40.5129409329806,3.90502224046934));
#7299=CARTESIAN_POINT('',(-18.4999999999999,98.3008013100049,3.90502224046937));
#7300=CARTESIAN_POINT('',(-20.9999999999999,56.0129409329805,3.90502224046935));
#7301=CARTESIAN_POINT('',(-18.4999999999999,56.0129409329805,3.90502224046935));
#7302=CARTESIAN_POINT('',(-20.9999999999999,40.5129409329806,3.90502224046934));
#7303=CARTESIAN_POINT('',(-20.9999999999999,40.5129409329806,3.90502224046934));
#7304=CARTESIAN_POINT('',(-18.4999999999999,40.5129409329806,3.90502224046934));
#7305=CARTESIAN_POINT('Origin',(-18.4999999999999,60.0689889249839,0.994733739671282));
#7306=CARTESIAN_POINT('',(-18.4999999999999,60.0689889249839,0.994733739671282));
#7307=CARTESIAN_POINT('',(-18.4999999999999,85.0104855060026,-16.9012455079955));
#7308=CARTESIAN_POINT('',(-20.9999999999999,60.0689889249839,0.994733739671282));
#7309=CARTESIAN_POINT('',(-18.4999999999999,60.0689889249839,0.994733739671282));
#7310=CARTESIAN_POINT('',(-20.9999999999999,56.0129409329805,3.90502224046935));
#7311=CARTESIAN_POINT('Origin',(-18.4999999999999,65.0242847160783,7.90089357150227));
#7312=CARTESIAN_POINT('',(-18.4999999999999,60.0782730269013,14.8137054719201));
#7313=CARTESIAN_POINT('Origin',(-18.4999999999999,65.0242847160783,7.90089357150227));
#7314=CARTESIAN_POINT('',(-20.9999999999999,60.0782730269013,14.8137054719201));
#7315=CARTESIAN_POINT('',(-18.4999999999999,60.0782730269013,14.8137054719201));
#7316=CARTESIAN_POINT('Origin',(-20.9999999999999,65.0242847160783,7.90089357150227));
#7317=CARTESIAN_POINT('Origin',(-18.4999999999999,56.0129409329806,11.9050222404693));
#7318=CARTESIAN_POINT('',(-18.4999999999999,56.0129409329806,11.9050222404693));
#7319=CARTESIAN_POINT('',(-18.4999999999999,83.0351744003566,31.2390189588285));
#7320=CARTESIAN_POINT('',(-20.9999999999999,56.0129409329806,11.9050222404693));
#7321=CARTESIAN_POINT('',(-18.4999999999999,56.0129409329806,11.9050222404693));
#7322=CARTESIAN_POINT('',(-20.9999999999999,56.0129409329806,11.9050222404693));
#7323=CARTESIAN_POINT('Origin',(-18.4999999999999,40.5129409329806,11.9050222404693));
#7324=CARTESIAN_POINT('',(-18.4999999999999,40.5129409329806,11.9050222404693));
#7325=CARTESIAN_POINT('',(-18.4999999999999,90.5508013100048,11.9050222404693));
#7326=CARTESIAN_POINT('',(-20.9999999999999,40.5129409329806,11.9050222404693));
#7327=CARTESIAN_POINT('',(-18.4999999999999,40.5129409329806,11.9050222404693));
#7328=CARTESIAN_POINT('',(-20.9999999999999,40.5129409329806,11.9050222404693));
#7329=CARTESIAN_POINT('Origin',(-18.4999999999999,40.5129409329806,7.90502224046934));
#7330=CARTESIAN_POINT('Origin',(-18.4999999999999,40.5129409329806,7.90502224046934));
#7331=CARTESIAN_POINT('Origin',(-20.9999999999999,40.5129409329806,7.90502224046934));
#7332=CARTESIAN_POINT('Origin',(-20.9999999999999,55.0186128245305,7.90089357150227));
#7333=CARTESIAN_POINT('Origin',(-23.4999999999999,35.784856481741,-0.347909638362445));
#7334=CARTESIAN_POINT('',(-18.4999999999999,61.1238684382118,-14.864567500092));
#7335=CARTESIAN_POINT('',(-23.4999999999999,61.1238684382118,-14.864567500092));
#7336=CARTESIAN_POINT('',(-18.4999999999999,35.784856481741,-0.347909638362448));
#7337=CARTESIAN_POINT('',(-18.4999999999999,61.1238684382118,-14.864567500092));
#7338=CARTESIAN_POINT('',(-23.4999999999999,35.784856481741,-0.347909638362448));
#7339=CARTESIAN_POINT('Origin',(-23.4999999999999,40.5129409329806,7.90502224046933));
#7340=CARTESIAN_POINT('',(-18.4999999999999,35.7866115926157,16.1589593701728));
#7341=CARTESIAN_POINT('Origin',(-18.4999999999999,40.5129409329806,7.90502224046933));
#7342=CARTESIAN_POINT('',(-23.4999999999999,35.7866115926157,16.1589593701728));
#7343=CARTESIAN_POINT('Origin',(-23.4999999999999,61.0912903087279,30.6488014400946));
#7344=CARTESIAN_POINT('',(-18.4999999999999,61.0912903087279,30.6488014400946));
#7345=CARTESIAN_POINT('',(-18.4999999999999,61.0912903087279,30.6488014400946));
#7346=CARTESIAN_POINT('',(-23.4999999999999,61.0912903087279,30.6488014400946));
#7347=CARTESIAN_POINT('Origin',(-23.4999999999999,66.0604400685973,21.9708091225138));
#7348=CARTESIAN_POINT('Origin',(-18.4999999999999,66.0604400685973,21.9708091225138));
#7349=CARTESIAN_POINT('Origin',(-23.4999999999999,223.709900900004,7.90089357150229));
#7350=CARTESIAN_POINT('Origin',(-23.4999999999999,140.024284716076,-232.973255169887));
#7351=CARTESIAN_POINT('',(-18.4999999999999,69.1942201747392,-15.6952073788376));
#7352=CARTESIAN_POINT('Origin',(-18.4999999999999,140.024284716076,-232.973255169887));
#7353=CARTESIAN_POINT('',(-23.4999999999999,69.1942201747392,-15.6952073788376));
#7354=CARTESIAN_POINT('Origin',(-23.4999999999999,66.0948634797265,-6.18763207926273));
#7355=CARTESIAN_POINT('Origin',(-18.4999999999999,66.0948634797265,-6.18763207926273));
#7356=CARTESIAN_POINT('Origin',(-18.4999999999999,140.588661687029,7.90089357150229));
#7357=UNCERTAINTY_MEASURE_WITH_UNIT(LENGTH_MEASURE(0.01),#7361,
'DISTANCE_ACCURACY_VALUE',
'Maximum model space distance between geometric entities at asserted c
onnectivities');
#7358=UNCERTAINTY_MEASURE_WITH_UNIT(LENGTH_MEASURE(0.01),#7361,
'DISTANCE_ACCURACY_VALUE',
'Maximum model space distance between geometric entities at asserted c
onnectivities');
#7359=(
GEOMETRIC_REPRESENTATION_CONTEXT(3)
GLOBAL_UNCERTAINTY_ASSIGNED_CONTEXT((#7357))
GLOBAL_UNIT_ASSIGNED_CONTEXT((#7361,#7363,#7364))
REPRESENTATION_CONTEXT('','3D')
);
#7360=(
GEOMETRIC_REPRESENTATION_CONTEXT(3)
GLOBAL_UNCERTAINTY_ASSIGNED_CONTEXT((#7358))
GLOBAL_UNIT_ASSIGNED_CONTEXT((#7361,#7363,#7364))
REPRESENTATION_CONTEXT('','3D')
);
#7361=(
LENGTH_UNIT()
NAMED_UNIT(*)
SI_UNIT(.MILLI.,.METRE.)
);
#7362=(
LENGTH_UNIT()
NAMED_UNIT(*)
SI_UNIT($,.METRE.)
);
#7363=(
NAMED_UNIT(*)
PLANE_ANGLE_UNIT()
SI_UNIT($,.RADIAN.)
);
#7364=(
NAMED_UNIT(*)
SI_UNIT($,.STERADIAN.)
SOLID_ANGLE_UNIT()
);
#7365=SHAPE_DEFINITION_REPRESENTATION(#7366,#7367);
#7366=PRODUCT_DEFINITION_SHAPE('',$,#7369);
#7367=SHAPE_REPRESENTATION('',(#3407),#7359);
#7368=PRODUCT_DEFINITION_CONTEXT('part definition',#7373,'design');
#7369=PRODUCT_DEFINITION('right_mid','right_mid',#7370,#7368);
#7370=PRODUCT_DEFINITION_FORMATION('',$,#7375);
#7371=PRODUCT_RELATED_PRODUCT_CATEGORY('right_mid','right_mid',(#7375));
#7372=APPLICATION_PROTOCOL_DEFINITION('international standard',
'automotive_design',2009,#7373);
#7373=APPLICATION_CONTEXT(
'Core Data for Automotive Mechanical Design Process');
#7374=PRODUCT_CONTEXT('part definition',#7373,'mechanical');
#7375=PRODUCT('right_mid','right_mid',$,(#7374));
#7376=PRESENTATION_STYLE_ASSIGNMENT((#7378));
#7377=PRESENTATION_STYLE_ASSIGNMENT((#7379));
#7378=SURFACE_STYLE_USAGE(.BOTH.,#7380);
#7379=SURFACE_STYLE_USAGE(.BOTH.,#7381);
#7380=SURFACE_SIDE_STYLE('',(#7382));
#7381=SURFACE_SIDE_STYLE('',(#7383));
#7382=SURFACE_STYLE_FILL_AREA(#7384);
#7383=SURFACE_STYLE_FILL_AREA(#7385);
#7384=FILL_AREA_STYLE('Steel - Satin',(#7386));
#7385=FILL_AREA_STYLE('Nylon 12 (with Formlabs Fuse 1 3D Printer)',(#7387));
#7386=FILL_AREA_STYLE_COLOUR('Steel - Satin',#7388);
#7387=FILL_AREA_STYLE_COLOUR(
'Nylon 12 (with Formlabs Fuse 1 3D Printer)',#7389);
#7388=COLOUR_RGB('Steel - Satin',0.627450980392157,0.627450980392157,0.627450980392157);
#7389=COLOUR_RGB('Nylon 12 (with Formlabs Fuse 1 3D Printer)',0.247058823529412,
0.247058823529412,0.247058823529412);
ENDSEC;
END-ISO-10303-21;
