ISO-10303-21;
HEADER;
/* Generated by software containing ST-Developer
 * from STEP Tools, Inc. (www.steptools.com) 
 */

FILE_DESCRIPTION(
/* description */ (''),
/* implementation_level */ '2;1');

FILE_NAME(
/* name */ 'base_hinge.step',
/* time_stamp */ '2026-06-11T18:37:42-06:00',
/* author */ (''),
/* organization */ (''),
/* preprocessor_version */ 'ST-DEVELOPER v20.1',
/* originating_system */ 'Autodesk Translation Framework v15.8.0.0',
/* authorisation */ '');

FILE_SCHEMA (('AUTOMOTIVE_DESIGN { 1 0 10303 214 3 1 1 }'));
ENDSEC;

DATA;
#10=MECHANICAL_DESIGN_GEOMETRIC_PRESENTATION_REPRESENTATION('',(#13),#14584);
#11=SHAPE_REPRESENTATION_RELATIONSHIP('SRR','None',#14591,#12);
#12=ADVANCED_BREP_SHAPE_REPRESENTATION('',(#14),#14583);
#13=STYLED_ITEM('',(#14601),#14);
#14=MANIFOLD_SOLID_BREP('Body1',#7985);
#15=CONICAL_SURFACE('',#8276,0.625,1.02974425867665);
#16=CONICAL_SURFACE('',#8299,0.7875,1.02974425867665);
#17=CONICAL_SURFACE('',#8490,3.5,0.785398163397448);
#18=CONICAL_SURFACE('',#8496,3.5,0.785398163397449);
#19=ELLIPSE('',#8182,13.7670749510973,5.);
#20=ELLIPSE('',#8183,13.7670749510974,5.);
#21=ELLIPSE('',#8230,13.7670749510974,5.);
#22=ELLIPSE('',#8244,13.7670749510973,5.);
#23=ELLIPSE('',#8258,1.41421356237309,1.);
#24=ELLIPSE('',#8259,1.41421356237309,1.);
#25=ELLIPSE('',#8261,1.4142135623731,1.);
#26=ELLIPSE('',#8263,1.41421356237309,1.);
#27=B_SPLINE_SURFACE_WITH_KNOTS('',3,3,((#13487,#13488,#13489,#13490),(#13491,
#13492,#13493,#13494),(#13495,#13496,#13497,#13498),(#13499,#13500,#13501,
#13502),(#13503,#13504,#13505,#13506),(#13507,#13508,#13509,#13510)),
 .UNSPECIFIED.,.F.,.F.,.F.,(4,2,4),(4,4),(0.,0.60616518913268,1.),(0.,1.),
 .UNSPECIFIED.);
#28=(
BOUNDED_SURFACE()
B_SPLINE_SURFACE(3,1,((#10902,#10903),(#10904,#10905),(#10906,#10907),(#10908,
#10909)),.UNSPECIFIED.,.F.,.F.,.F.)
B_SPLINE_SURFACE_WITH_KNOTS((4,4),(2,2),(-1.,0.),(-0.249999999999999,0.25),
 .UNSPECIFIED.)
GEOMETRIC_REPRESENTATION_ITEM()
RATIONAL_B_SPLINE_SURFACE(((1.,1.),(1.,1.),(1.,1.),(1.,1.)))
REPRESENTATION_ITEM('')
SURFACE()
);
#29=(
BOUNDED_SURFACE()
B_SPLINE_SURFACE(3,1,((#10917,#10918),(#10919,#10920),(#10921,#10922),(#10923,
#10924)),.UNSPECIFIED.,.F.,.F.,.F.)
B_SPLINE_SURFACE_WITH_KNOTS((4,4),(2,2),(-1.,0.),(-0.249999999999999,0.25),
 .UNSPECIFIED.)
GEOMETRIC_REPRESENTATION_ITEM()
RATIONAL_B_SPLINE_SURFACE(((1.,1.),(1.,1.),(1.,1.),(1.,1.)))
REPRESENTATION_ITEM('')
SURFACE()
);
#30=(
BOUNDED_SURFACE()
B_SPLINE_SURFACE(3,1,((#10926,#10927),(#10928,#10929),(#10930,#10931),(#10932,
#10933)),.UNSPECIFIED.,.F.,.F.,.F.)
B_SPLINE_SURFACE_WITH_KNOTS((4,4),(2,2),(-1.,0.),(-0.249999999999999,0.25),
 .UNSPECIFIED.)
GEOMETRIC_REPRESENTATION_ITEM()
RATIONAL_B_SPLINE_SURFACE(((1.,1.),(1.,1.),(1.,1.),(1.,1.)))
REPRESENTATION_ITEM('')
SURFACE()
);
#31=(
BOUNDED_SURFACE()
B_SPLINE_SURFACE(3,1,((#10940,#10941),(#10942,#10943),(#10944,#10945),(#10946,
#10947)),.UNSPECIFIED.,.F.,.F.,.F.)
B_SPLINE_SURFACE_WITH_KNOTS((4,4),(2,2),(-1.,0.),(-0.249999999999999,0.25),
 .UNSPECIFIED.)
GEOMETRIC_REPRESENTATION_ITEM()
RATIONAL_B_SPLINE_SURFACE(((1.,1.),(1.,1.),(1.,1.),(1.,1.)))
REPRESENTATION_ITEM('')
SURFACE()
);
#32=(
BOUNDED_SURFACE()
B_SPLINE_SURFACE(3,1,((#10952,#10953),(#10954,#10955),(#10956,#10957),(#10958,
#10959)),.UNSPECIFIED.,.F.,.F.,.F.)
B_SPLINE_SURFACE_WITH_KNOTS((4,4),(2,2),(-1.,0.),(-0.249999999999999,0.25),
 .UNSPECIFIED.)
GEOMETRIC_REPRESENTATION_ITEM()
RATIONAL_B_SPLINE_SURFACE(((1.,1.),(1.,1.),(1.,1.),(1.,1.)))
REPRESENTATION_ITEM('')
SURFACE()
);
#33=(
BOUNDED_SURFACE()
B_SPLINE_SURFACE(3,1,((#10962,#10963),(#10964,#10965),(#10966,#10967),(#10968,
#10969)),.UNSPECIFIED.,.F.,.F.,.F.)
B_SPLINE_SURFACE_WITH_KNOTS((4,4),(2,2),(-1.,0.),(-0.249999999999999,0.25),
 .UNSPECIFIED.)
GEOMETRIC_REPRESENTATION_ITEM()
RATIONAL_B_SPLINE_SURFACE(((1.,1.),(1.,1.),(1.,1.),(1.,1.)))
REPRESENTATION_ITEM('')
SURFACE()
);
#34=(
BOUNDED_SURFACE()
B_SPLINE_SURFACE(3,1,((#10971,#10972),(#10973,#10974),(#10975,#10976),(#10977,
#10978)),.UNSPECIFIED.,.F.,.F.,.F.)
B_SPLINE_SURFACE_WITH_KNOTS((4,4),(2,2),(-1.,0.),(-0.249999999999999,0.25),
 .UNSPECIFIED.)
GEOMETRIC_REPRESENTATION_ITEM()
RATIONAL_B_SPLINE_SURFACE(((1.,1.),(1.,1.),(1.,1.),(1.,1.)))
REPRESENTATION_ITEM('')
SURFACE()
);
#35=(
BOUNDED_SURFACE()
B_SPLINE_SURFACE(3,1,((#10985,#10986),(#10987,#10988),(#10989,#10990),(#10991,
#10992)),.UNSPECIFIED.,.F.,.F.,.F.)
B_SPLINE_SURFACE_WITH_KNOTS((4,4),(2,2),(-1.,0.),(-0.249999999999999,0.25),
 .UNSPECIFIED.)
GEOMETRIC_REPRESENTATION_ITEM()
RATIONAL_B_SPLINE_SURFACE(((1.,1.),(1.,1.),(1.,1.),(1.,1.)))
REPRESENTATION_ITEM('')
SURFACE()
);
#36=(
BOUNDED_SURFACE()
B_SPLINE_SURFACE(3,1,((#10999,#11000),(#11001,#11002),(#11003,#11004),(#11005,
#11006)),.UNSPECIFIED.,.F.,.F.,.F.)
B_SPLINE_SURFACE_WITH_KNOTS((4,4),(2,2),(-1.,0.),(-0.249999999999999,0.25),
 .UNSPECIFIED.)
GEOMETRIC_REPRESENTATION_ITEM()
RATIONAL_B_SPLINE_SURFACE(((1.,1.),(1.,1.),(1.,1.),(1.,1.)))
REPRESENTATION_ITEM('')
SURFACE()
);
#37=(
BOUNDED_SURFACE()
B_SPLINE_SURFACE(3,1,((#11011,#11012),(#11013,#11014),(#11015,#11016),(#11017,
#11018)),.UNSPECIFIED.,.F.,.F.,.F.)
B_SPLINE_SURFACE_WITH_KNOTS((4,4),(2,2),(-1.,0.),(-0.249999999999999,0.25),
 .UNSPECIFIED.)
GEOMETRIC_REPRESENTATION_ITEM()
RATIONAL_B_SPLINE_SURFACE(((1.,1.),(1.,1.),(1.,1.),(1.,1.)))
REPRESENTATION_ITEM('')
SURFACE()
);
#38=(
BOUNDED_SURFACE()
B_SPLINE_SURFACE(3,1,((#11021,#11022),(#11023,#11024),(#11025,#11026),(#11027,
#11028)),.UNSPECIFIED.,.F.,.F.,.F.)
B_SPLINE_SURFACE_WITH_KNOTS((4,4),(2,2),(-1.,0.),(-0.249999999999999,0.25),
 .UNSPECIFIED.)
GEOMETRIC_REPRESENTATION_ITEM()
RATIONAL_B_SPLINE_SURFACE(((1.,1.),(1.,1.),(1.,1.),(1.,1.)))
REPRESENTATION_ITEM('')
SURFACE()
);
#39=(
BOUNDED_SURFACE()
B_SPLINE_SURFACE(3,1,((#11030,#11031),(#11032,#11033),(#11034,#11035),(#11036,
#11037)),.UNSPECIFIED.,.F.,.F.,.F.)
B_SPLINE_SURFACE_WITH_KNOTS((4,4),(2,2),(-1.,0.),(-0.249999999999999,0.25),
 .UNSPECIFIED.)
GEOMETRIC_REPRESENTATION_ITEM()
RATIONAL_B_SPLINE_SURFACE(((1.,1.),(1.,1.),(1.,1.),(1.,1.)))
REPRESENTATION_ITEM('')
SURFACE()
);
#40=(
BOUNDED_SURFACE()
B_SPLINE_SURFACE(3,1,((#11044,#11045),(#11046,#11047),(#11048,#11049),(#11050,
#11051)),.UNSPECIFIED.,.F.,.F.,.F.)
B_SPLINE_SURFACE_WITH_KNOTS((4,4),(2,2),(-1.,0.),(-0.249999999999999,0.25),
 .UNSPECIFIED.)
GEOMETRIC_REPRESENTATION_ITEM()
RATIONAL_B_SPLINE_SURFACE(((1.,1.),(1.,1.),(1.,1.),(1.,1.)))
REPRESENTATION_ITEM('')
SURFACE()
);
#41=(
BOUNDED_SURFACE()
B_SPLINE_SURFACE(3,1,((#11058,#11059),(#11060,#11061),(#11062,#11063),(#11064,
#11065)),.UNSPECIFIED.,.F.,.F.,.F.)
B_SPLINE_SURFACE_WITH_KNOTS((4,4),(2,2),(-1.,0.),(-0.249999999999999,0.25),
 .UNSPECIFIED.)
GEOMETRIC_REPRESENTATION_ITEM()
RATIONAL_B_SPLINE_SURFACE(((1.,1.),(1.,1.),(1.,1.),(1.,1.)))
REPRESENTATION_ITEM('')
SURFACE()
);
#42=(
BOUNDED_SURFACE()
B_SPLINE_SURFACE(3,1,((#11070,#11071),(#11072,#11073),(#11074,#11075),(#11076,
#11077)),.UNSPECIFIED.,.F.,.F.,.F.)
B_SPLINE_SURFACE_WITH_KNOTS((4,4),(2,2),(-1.,0.),(-0.249999999999999,0.25),
 .UNSPECIFIED.)
GEOMETRIC_REPRESENTATION_ITEM()
RATIONAL_B_SPLINE_SURFACE(((1.,1.),(1.,1.),(1.,1.),(1.,1.)))
REPRESENTATION_ITEM('')
SURFACE()
);
#43=(
BOUNDED_SURFACE()
B_SPLINE_SURFACE(3,1,((#11080,#11081),(#11082,#11083),(#11084,#11085),(#11086,
#11087)),.UNSPECIFIED.,.F.,.F.,.F.)
B_SPLINE_SURFACE_WITH_KNOTS((4,4),(2,2),(-1.,0.),(-0.249999999999999,0.25),
 .UNSPECIFIED.)
GEOMETRIC_REPRESENTATION_ITEM()
RATIONAL_B_SPLINE_SURFACE(((1.,1.),(1.,1.),(1.,1.),(1.,1.)))
REPRESENTATION_ITEM('')
SURFACE()
);
#44=(
BOUNDED_SURFACE()
B_SPLINE_SURFACE(3,1,((#11089,#11090),(#11091,#11092),(#11093,#11094),(#11095,
#11096)),.UNSPECIFIED.,.F.,.F.,.F.)
B_SPLINE_SURFACE_WITH_KNOTS((4,4),(2,2),(-1.,0.),(-0.249999999999999,0.25),
 .UNSPECIFIED.)
GEOMETRIC_REPRESENTATION_ITEM()
RATIONAL_B_SPLINE_SURFACE(((1.,1.),(1.,1.),(1.,1.),(1.,1.)))
REPRESENTATION_ITEM('')
SURFACE()
);
#45=(
BOUNDED_SURFACE()
B_SPLINE_SURFACE(3,1,((#11098,#11099),(#11100,#11101),(#11102,#11103),(#11104,
#11105)),.UNSPECIFIED.,.F.,.F.,.F.)
B_SPLINE_SURFACE_WITH_KNOTS((4,4),(2,2),(-1.,0.),(-0.249999999999999,0.25),
 .UNSPECIFIED.)
GEOMETRIC_REPRESENTATION_ITEM()
RATIONAL_B_SPLINE_SURFACE(((1.,1.),(1.,1.),(1.,1.),(1.,1.)))
REPRESENTATION_ITEM('')
SURFACE()
);
#46=(
BOUNDED_SURFACE()
B_SPLINE_SURFACE(3,1,((#11106,#11107),(#11108,#11109),(#11110,#11111),(#11112,
#11113)),.UNSPECIFIED.,.F.,.F.,.F.)
B_SPLINE_SURFACE_WITH_KNOTS((4,4),(2,2),(-1.,0.),(-0.249999999999999,0.25),
 .UNSPECIFIED.)
GEOMETRIC_REPRESENTATION_ITEM()
RATIONAL_B_SPLINE_SURFACE(((1.,1.),(1.,1.),(1.,1.),(1.,1.)))
REPRESENTATION_ITEM('')
SURFACE()
);
#47=(
BOUNDED_SURFACE()
B_SPLINE_SURFACE(3,1,((#11121,#11122),(#11123,#11124),(#11125,#11126),(#11127,
#11128)),.UNSPECIFIED.,.F.,.F.,.F.)
B_SPLINE_SURFACE_WITH_KNOTS((4,4),(2,2),(-1.,0.),(-0.249999999999999,0.25),
 .UNSPECIFIED.)
GEOMETRIC_REPRESENTATION_ITEM()
RATIONAL_B_SPLINE_SURFACE(((1.,1.),(1.,1.),(1.,1.),(1.,1.)))
REPRESENTATION_ITEM('')
SURFACE()
);
#48=(
BOUNDED_SURFACE()
B_SPLINE_SURFACE(3,1,((#11134,#11135),(#11136,#11137),(#11138,#11139),(#11140,
#11141)),.UNSPECIFIED.,.F.,.F.,.F.)
B_SPLINE_SURFACE_WITH_KNOTS((4,4),(2,2),(-1.,0.),(-0.249999999999999,0.25),
 .UNSPECIFIED.)
GEOMETRIC_REPRESENTATION_ITEM()
RATIONAL_B_SPLINE_SURFACE(((1.,1.),(1.,1.),(1.,1.),(1.,1.)))
REPRESENTATION_ITEM('')
SURFACE()
);
#49=(
BOUNDED_SURFACE()
B_SPLINE_SURFACE(3,1,((#11143,#11144),(#11145,#11146),(#11147,#11148),(#11149,
#11150)),.UNSPECIFIED.,.F.,.F.,.F.)
B_SPLINE_SURFACE_WITH_KNOTS((4,4),(2,2),(-1.,0.),(-0.249999999999999,0.25),
 .UNSPECIFIED.)
GEOMETRIC_REPRESENTATION_ITEM()
RATIONAL_B_SPLINE_SURFACE(((1.,1.),(1.,1.),(1.,1.),(1.,1.)))
REPRESENTATION_ITEM('')
SURFACE()
);
#50=(
BOUNDED_SURFACE()
B_SPLINE_SURFACE(3,1,((#11151,#11152),(#11153,#11154),(#11155,#11156),(#11157,
#11158)),.UNSPECIFIED.,.F.,.F.,.F.)
B_SPLINE_SURFACE_WITH_KNOTS((4,4),(2,2),(-1.,0.),(-0.249999999999999,0.25),
 .UNSPECIFIED.)
GEOMETRIC_REPRESENTATION_ITEM()
RATIONAL_B_SPLINE_SURFACE(((1.,1.),(1.,1.),(1.,1.),(1.,1.)))
REPRESENTATION_ITEM('')
SURFACE()
);
#51=(
BOUNDED_SURFACE()
B_SPLINE_SURFACE(3,1,((#11161,#11162),(#11163,#11164),(#11165,#11166),(#11167,
#11168)),.UNSPECIFIED.,.F.,.F.,.F.)
B_SPLINE_SURFACE_WITH_KNOTS((4,4),(2,2),(-1.,0.),(-0.249999999999999,0.25),
 .UNSPECIFIED.)
GEOMETRIC_REPRESENTATION_ITEM()
RATIONAL_B_SPLINE_SURFACE(((1.,1.),(1.,1.),(1.,1.),(1.,1.)))
REPRESENTATION_ITEM('')
SURFACE()
);
#52=(
BOUNDED_SURFACE()
B_SPLINE_SURFACE(3,1,((#11170,#11171),(#11172,#11173),(#11174,#11175),(#11176,
#11177)),.UNSPECIFIED.,.F.,.F.,.F.)
B_SPLINE_SURFACE_WITH_KNOTS((4,4),(2,2),(-1.,0.),(-0.249999999999999,0.25),
 .UNSPECIFIED.)
GEOMETRIC_REPRESENTATION_ITEM()
RATIONAL_B_SPLINE_SURFACE(((1.,1.),(1.,1.),(1.,1.),(1.,1.)))
REPRESENTATION_ITEM('')
SURFACE()
);
#53=(
BOUNDED_SURFACE()
B_SPLINE_SURFACE(3,1,((#11184,#11185),(#11186,#11187),(#11188,#11189),(#11190,
#11191)),.UNSPECIFIED.,.F.,.F.,.F.)
B_SPLINE_SURFACE_WITH_KNOTS((4,4),(2,2),(-1.,0.),(-0.249999999999999,0.25),
 .UNSPECIFIED.)
GEOMETRIC_REPRESENTATION_ITEM()
RATIONAL_B_SPLINE_SURFACE(((1.,1.),(1.,1.),(1.,1.),(1.,1.)))
REPRESENTATION_ITEM('')
SURFACE()
);
#54=(
BOUNDED_SURFACE()
B_SPLINE_SURFACE(3,1,((#11198,#11199),(#11200,#11201),(#11202,#11203),(#11204,
#11205)),.UNSPECIFIED.,.F.,.F.,.F.)
B_SPLINE_SURFACE_WITH_KNOTS((4,4),(2,2),(-1.,0.),(-0.249999999999999,0.25),
 .UNSPECIFIED.)
GEOMETRIC_REPRESENTATION_ITEM()
RATIONAL_B_SPLINE_SURFACE(((1.,1.),(1.,1.),(1.,1.),(1.,1.)))
REPRESENTATION_ITEM('')
SURFACE()
);
#55=(
BOUNDED_SURFACE()
B_SPLINE_SURFACE(3,1,((#11210,#11211),(#11212,#11213),(#11214,#11215),(#11216,
#11217)),.UNSPECIFIED.,.F.,.F.,.F.)
B_SPLINE_SURFACE_WITH_KNOTS((4,4),(2,2),(-1.,0.),(-0.249999999999999,0.25),
 .UNSPECIFIED.)
GEOMETRIC_REPRESENTATION_ITEM()
RATIONAL_B_SPLINE_SURFACE(((1.,1.),(1.,1.),(1.,1.),(1.,1.)))
REPRESENTATION_ITEM('')
SURFACE()
);
#56=(
BOUNDED_SURFACE()
B_SPLINE_SURFACE(3,1,((#11220,#11221),(#11222,#11223),(#11224,#11225),(#11226,
#11227)),.UNSPECIFIED.,.F.,.F.,.F.)
B_SPLINE_SURFACE_WITH_KNOTS((4,4),(2,2),(-1.,0.),(-0.249999999999999,0.25),
 .UNSPECIFIED.)
GEOMETRIC_REPRESENTATION_ITEM()
RATIONAL_B_SPLINE_SURFACE(((1.,1.),(1.,1.),(1.,1.),(1.,1.)))
REPRESENTATION_ITEM('')
SURFACE()
);
#57=(
BOUNDED_SURFACE()
B_SPLINE_SURFACE(3,1,((#11229,#11230),(#11231,#11232),(#11233,#11234),(#11235,
#11236)),.UNSPECIFIED.,.F.,.F.,.F.)
B_SPLINE_SURFACE_WITH_KNOTS((4,4),(2,2),(-1.,0.),(-0.249999999999999,0.25),
 .UNSPECIFIED.)
GEOMETRIC_REPRESENTATION_ITEM()
RATIONAL_B_SPLINE_SURFACE(((1.,1.),(1.,1.),(1.,1.),(1.,1.)))
REPRESENTATION_ITEM('')
SURFACE()
);
#58=(
BOUNDED_SURFACE()
B_SPLINE_SURFACE(3,1,((#11238,#11239),(#11240,#11241),(#11242,#11243),(#11244,
#11245)),.UNSPECIFIED.,.F.,.F.,.F.)
B_SPLINE_SURFACE_WITH_KNOTS((4,4),(2,2),(-1.,0.),(-0.249999999999999,0.25),
 .UNSPECIFIED.)
GEOMETRIC_REPRESENTATION_ITEM()
RATIONAL_B_SPLINE_SURFACE(((1.,1.),(1.,1.),(1.,1.),(1.,1.)))
REPRESENTATION_ITEM('')
SURFACE()
);
#59=(
BOUNDED_SURFACE()
B_SPLINE_SURFACE(3,1,((#11246,#11247),(#11248,#11249),(#11250,#11251),(#11252,
#11253)),.UNSPECIFIED.,.F.,.F.,.F.)
B_SPLINE_SURFACE_WITH_KNOTS((4,4),(2,2),(-1.,0.),(-0.249999999999999,0.25),
 .UNSPECIFIED.)
GEOMETRIC_REPRESENTATION_ITEM()
RATIONAL_B_SPLINE_SURFACE(((1.,1.),(1.,1.),(1.,1.),(1.,1.)))
REPRESENTATION_ITEM('')
SURFACE()
);
#60=(
BOUNDED_SURFACE()
B_SPLINE_SURFACE(3,1,((#11256,#11257),(#11258,#11259),(#11260,#11261),(#11262,
#11263)),.UNSPECIFIED.,.F.,.F.,.F.)
B_SPLINE_SURFACE_WITH_KNOTS((4,4),(2,2),(-1.,0.),(-0.249999999999999,0.25),
 .UNSPECIFIED.)
GEOMETRIC_REPRESENTATION_ITEM()
RATIONAL_B_SPLINE_SURFACE(((1.,1.),(1.,1.),(1.,1.),(1.,1.)))
REPRESENTATION_ITEM('')
SURFACE()
);
#61=(
BOUNDED_SURFACE()
B_SPLINE_SURFACE(3,1,((#11265,#11266),(#11267,#11268),(#11269,#11270),(#11271,
#11272)),.UNSPECIFIED.,.F.,.F.,.F.)
B_SPLINE_SURFACE_WITH_KNOTS((4,4),(2,2),(-1.,0.),(-0.249999999999999,0.25),
 .UNSPECIFIED.)
GEOMETRIC_REPRESENTATION_ITEM()
RATIONAL_B_SPLINE_SURFACE(((1.,1.),(1.,1.),(1.,1.),(1.,1.)))
REPRESENTATION_ITEM('')
SURFACE()
);
#62=(
BOUNDED_SURFACE()
B_SPLINE_SURFACE(3,1,((#11274,#11275),(#11276,#11277),(#11278,#11279),(#11280,
#11281)),.UNSPECIFIED.,.F.,.F.,.F.)
B_SPLINE_SURFACE_WITH_KNOTS((4,4),(2,2),(-1.,0.),(-0.249999999999999,0.25),
 .UNSPECIFIED.)
GEOMETRIC_REPRESENTATION_ITEM()
RATIONAL_B_SPLINE_SURFACE(((1.,1.),(1.,1.),(1.,1.),(1.,1.)))
REPRESENTATION_ITEM('')
SURFACE()
);
#63=(
BOUNDED_SURFACE()
B_SPLINE_SURFACE(3,1,((#11282,#11283),(#11284,#11285),(#11286,#11287),(#11288,
#11289)),.UNSPECIFIED.,.F.,.F.,.F.)
B_SPLINE_SURFACE_WITH_KNOTS((4,4),(2,2),(-1.,0.),(-0.249999999999999,0.25),
 .UNSPECIFIED.)
GEOMETRIC_REPRESENTATION_ITEM()
RATIONAL_B_SPLINE_SURFACE(((1.,1.),(1.,1.),(1.,1.),(1.,1.)))
REPRESENTATION_ITEM('')
SURFACE()
);
#64=(
BOUNDED_SURFACE()
B_SPLINE_SURFACE(3,1,((#11292,#11293),(#11294,#11295),(#11296,#11297),(#11298,
#11299)),.UNSPECIFIED.,.F.,.F.,.F.)
B_SPLINE_SURFACE_WITH_KNOTS((4,4),(2,2),(-1.,0.),(-0.249999999999999,0.25),
 .UNSPECIFIED.)
GEOMETRIC_REPRESENTATION_ITEM()
RATIONAL_B_SPLINE_SURFACE(((1.,1.),(1.,1.),(1.,1.),(1.,1.)))
REPRESENTATION_ITEM('')
SURFACE()
);
#65=(
BOUNDED_SURFACE()
B_SPLINE_SURFACE(3,1,((#11306,#11307),(#11308,#11309),(#11310,#11311),(#11312,
#11313)),.UNSPECIFIED.,.F.,.F.,.F.)
B_SPLINE_SURFACE_WITH_KNOTS((4,4),(2,2),(-0.984421971196414,0.),(-0.249999999999999,
0.25),.UNSPECIFIED.)
GEOMETRIC_REPRESENTATION_ITEM()
RATIONAL_B_SPLINE_SURFACE(((1.,1.),(1.,1.),(1.,1.),(1.,1.)))
REPRESENTATION_ITEM('')
SURFACE()
);
#66=(
BOUNDED_SURFACE()
B_SPLINE_SURFACE(3,1,((#11327,#11328),(#11329,#11330),(#11331,#11332),(#11333,
#11334)),.UNSPECIFIED.,.F.,.F.,.F.)
B_SPLINE_SURFACE_WITH_KNOTS((4,4),(2,2),(-1.,-0.459225045246082),(-0.249999999999999,
0.25),.UNSPECIFIED.)
GEOMETRIC_REPRESENTATION_ITEM()
RATIONAL_B_SPLINE_SURFACE(((1.,1.),(1.,1.),(1.,1.),(1.,1.)))
REPRESENTATION_ITEM('')
SURFACE()
);
#67=(
BOUNDED_SURFACE()
B_SPLINE_SURFACE(3,1,((#11336,#11337),(#11338,#11339),(#11340,#11341),(#11342,
#11343)),.UNSPECIFIED.,.F.,.F.,.F.)
B_SPLINE_SURFACE_WITH_KNOTS((4,4),(2,2),(-1.,0.),(-0.249999999999999,0.25),
 .UNSPECIFIED.)
GEOMETRIC_REPRESENTATION_ITEM()
RATIONAL_B_SPLINE_SURFACE(((1.,1.),(1.,1.),(1.,1.),(1.,1.)))
REPRESENTATION_ITEM('')
SURFACE()
);
#68=(
BOUNDED_SURFACE()
B_SPLINE_SURFACE(3,1,((#11344,#11345),(#11346,#11347),(#11348,#11349),(#11350,
#11351)),.UNSPECIFIED.,.F.,.F.,.F.)
B_SPLINE_SURFACE_WITH_KNOTS((4,4),(2,2),(-1.,0.),(-0.249999999999999,0.25),
 .UNSPECIFIED.)
GEOMETRIC_REPRESENTATION_ITEM()
RATIONAL_B_SPLINE_SURFACE(((1.,1.),(1.,1.),(1.,1.),(1.,1.)))
REPRESENTATION_ITEM('')
SURFACE()
);
#69=(
BOUNDED_SURFACE()
B_SPLINE_SURFACE(3,1,((#11354,#11355),(#11356,#11357),(#11358,#11359),(#11360,
#11361)),.UNSPECIFIED.,.F.,.F.,.F.)
B_SPLINE_SURFACE_WITH_KNOTS((4,4),(2,2),(-1.,0.),(-0.249999999999999,0.25),
 .UNSPECIFIED.)
GEOMETRIC_REPRESENTATION_ITEM()
RATIONAL_B_SPLINE_SURFACE(((1.,1.),(1.,1.),(1.,1.),(1.,1.)))
REPRESENTATION_ITEM('')
SURFACE()
);
#70=(
BOUNDED_SURFACE()
B_SPLINE_SURFACE(3,1,((#11363,#11364),(#11365,#11366),(#11367,#11368),(#11369,
#11370)),.UNSPECIFIED.,.F.,.F.,.F.)
B_SPLINE_SURFACE_WITH_KNOTS((4,4),(2,2),(-1.,0.),(-0.249999999999999,0.25),
 .UNSPECIFIED.)
GEOMETRIC_REPRESENTATION_ITEM()
RATIONAL_B_SPLINE_SURFACE(((1.,1.),(1.,1.),(1.,1.),(1.,1.)))
REPRESENTATION_ITEM('')
SURFACE()
);
#71=(
BOUNDED_SURFACE()
B_SPLINE_SURFACE(3,1,((#11372,#11373),(#11374,#11375),(#11376,#11377),(#11378,
#11379)),.UNSPECIFIED.,.F.,.F.,.F.)
B_SPLINE_SURFACE_WITH_KNOTS((4,4),(2,2),(-1.,0.),(-0.249999999999999,0.25),
 .UNSPECIFIED.)
GEOMETRIC_REPRESENTATION_ITEM()
RATIONAL_B_SPLINE_SURFACE(((1.,1.),(1.,1.),(1.,1.),(1.,1.)))
REPRESENTATION_ITEM('')
SURFACE()
);
#72=(
BOUNDED_SURFACE()
B_SPLINE_SURFACE(3,1,((#11380,#11381),(#11382,#11383),(#11384,#11385),(#11386,
#11387)),.UNSPECIFIED.,.F.,.F.,.F.)
B_SPLINE_SURFACE_WITH_KNOTS((4,4),(2,2),(-1.,0.),(-0.249999999999999,0.25),
 .UNSPECIFIED.)
GEOMETRIC_REPRESENTATION_ITEM()
RATIONAL_B_SPLINE_SURFACE(((1.,1.),(1.,1.),(1.,1.),(1.,1.)))
REPRESENTATION_ITEM('')
SURFACE()
);
#73=(
BOUNDED_SURFACE()
B_SPLINE_SURFACE(3,1,((#11390,#11391),(#11392,#11393),(#11394,#11395),(#11396,
#11397)),.UNSPECIFIED.,.F.,.F.,.F.)
B_SPLINE_SURFACE_WITH_KNOTS((4,4),(2,2),(-1.,0.),(-0.249999999999999,0.25),
 .UNSPECIFIED.)
GEOMETRIC_REPRESENTATION_ITEM()
RATIONAL_B_SPLINE_SURFACE(((1.,1.),(1.,1.),(1.,1.),(1.,1.)))
REPRESENTATION_ITEM('')
SURFACE()
);
#74=(
BOUNDED_SURFACE()
B_SPLINE_SURFACE(3,1,((#11399,#11400),(#11401,#11402),(#11403,#11404),(#11405,
#11406)),.UNSPECIFIED.,.F.,.F.,.F.)
B_SPLINE_SURFACE_WITH_KNOTS((4,4),(2,2),(-1.,0.),(-0.249999999999999,0.25),
 .UNSPECIFIED.)
GEOMETRIC_REPRESENTATION_ITEM()
RATIONAL_B_SPLINE_SURFACE(((1.,1.),(1.,1.),(1.,1.),(1.,1.)))
REPRESENTATION_ITEM('')
SURFACE()
);
#75=(
BOUNDED_SURFACE()
B_SPLINE_SURFACE(3,1,((#11408,#11409),(#11410,#11411),(#11412,#11413),(#11414,
#11415)),.UNSPECIFIED.,.F.,.F.,.F.)
B_SPLINE_SURFACE_WITH_KNOTS((4,4),(2,2),(-1.,0.),(-0.249999999999999,0.25),
 .UNSPECIFIED.)
GEOMETRIC_REPRESENTATION_ITEM()
RATIONAL_B_SPLINE_SURFACE(((1.,1.),(1.,1.),(1.,1.),(1.,1.)))
REPRESENTATION_ITEM('')
SURFACE()
);
#76=(
BOUNDED_SURFACE()
B_SPLINE_SURFACE(3,1,((#11416,#11417),(#11418,#11419),(#11420,#11421),(#11422,
#11423)),.UNSPECIFIED.,.F.,.F.,.F.)
B_SPLINE_SURFACE_WITH_KNOTS((4,4),(2,2),(-1.,0.),(-0.249999999999999,0.25),
 .UNSPECIFIED.)
GEOMETRIC_REPRESENTATION_ITEM()
RATIONAL_B_SPLINE_SURFACE(((1.,1.),(1.,1.),(1.,1.),(1.,1.)))
REPRESENTATION_ITEM('')
SURFACE()
);
#77=(
BOUNDED_SURFACE()
B_SPLINE_SURFACE(3,1,((#11426,#11427),(#11428,#11429),(#11430,#11431),(#11432,
#11433)),.UNSPECIFIED.,.F.,.F.,.F.)
B_SPLINE_SURFACE_WITH_KNOTS((4,4),(2,2),(-1.,0.),(-0.249999999999999,0.25),
 .UNSPECIFIED.)
GEOMETRIC_REPRESENTATION_ITEM()
RATIONAL_B_SPLINE_SURFACE(((1.,1.),(1.,1.),(1.,1.),(1.,1.)))
REPRESENTATION_ITEM('')
SURFACE()
);
#78=(
BOUNDED_SURFACE()
B_SPLINE_SURFACE(3,1,((#11435,#11436),(#11437,#11438),(#11439,#11440),(#11441,
#11442)),.UNSPECIFIED.,.F.,.F.,.F.)
B_SPLINE_SURFACE_WITH_KNOTS((4,4),(2,2),(-1.,0.),(-0.249999999999999,0.25),
 .UNSPECIFIED.)
GEOMETRIC_REPRESENTATION_ITEM()
RATIONAL_B_SPLINE_SURFACE(((1.,1.),(1.,1.),(1.,1.),(1.,1.)))
REPRESENTATION_ITEM('')
SURFACE()
);
#79=(
BOUNDED_SURFACE()
B_SPLINE_SURFACE(3,1,((#11449,#11450),(#11451,#11452),(#11453,#11454),(#11455,
#11456)),.UNSPECIFIED.,.F.,.F.,.F.)
B_SPLINE_SURFACE_WITH_KNOTS((4,4),(2,2),(-1.,0.),(-0.249999999999999,0.25),
 .UNSPECIFIED.)
GEOMETRIC_REPRESENTATION_ITEM()
RATIONAL_B_SPLINE_SURFACE(((1.,1.),(1.,1.),(1.,1.),(1.,1.)))
REPRESENTATION_ITEM('')
SURFACE()
);
#80=(
BOUNDED_SURFACE()
B_SPLINE_SURFACE(3,1,((#12365,#12366),(#12367,#12368),(#12369,#12370),(#12371,
#12372)),.UNSPECIFIED.,.F.,.F.,.F.)
B_SPLINE_SURFACE_WITH_KNOTS((4,4),(2,2),(-1.,0.),(-0.249999999999999,0.25),
 .UNSPECIFIED.)
GEOMETRIC_REPRESENTATION_ITEM()
RATIONAL_B_SPLINE_SURFACE(((1.,1.),(1.,1.),(1.,1.),(1.,1.)))
REPRESENTATION_ITEM('')
SURFACE()
);
#81=(
BOUNDED_SURFACE()
B_SPLINE_SURFACE(3,1,((#12375,#12376),(#12377,#12378),(#12379,#12380),(#12381,
#12382)),.UNSPECIFIED.,.F.,.F.,.F.)
B_SPLINE_SURFACE_WITH_KNOTS((4,4),(2,2),(-1.,0.),(-0.249999999999999,0.25),
 .UNSPECIFIED.)
GEOMETRIC_REPRESENTATION_ITEM()
RATIONAL_B_SPLINE_SURFACE(((1.,1.),(1.,1.),(1.,1.),(1.,1.)))
REPRESENTATION_ITEM('')
SURFACE()
);
#82=(
BOUNDED_SURFACE()
B_SPLINE_SURFACE(3,1,((#12384,#12385),(#12386,#12387),(#12388,#12389),(#12390,
#12391)),.UNSPECIFIED.,.F.,.F.,.F.)
B_SPLINE_SURFACE_WITH_KNOTS((4,4),(2,2),(-1.,0.),(-0.249999999999999,0.25),
 .UNSPECIFIED.)
GEOMETRIC_REPRESENTATION_ITEM()
RATIONAL_B_SPLINE_SURFACE(((1.,1.),(1.,1.),(1.,1.),(1.,1.)))
REPRESENTATION_ITEM('')
SURFACE()
);
#83=(
BOUNDED_SURFACE()
B_SPLINE_SURFACE(3,1,((#12393,#12394),(#12395,#12396),(#12397,#12398),(#12399,
#12400)),.UNSPECIFIED.,.F.,.F.,.F.)
B_SPLINE_SURFACE_WITH_KNOTS((4,4),(2,2),(-1.,0.),(-0.249999999999999,0.25),
 .UNSPECIFIED.)
GEOMETRIC_REPRESENTATION_ITEM()
RATIONAL_B_SPLINE_SURFACE(((1.,1.),(1.,1.),(1.,1.),(1.,1.)))
REPRESENTATION_ITEM('')
SURFACE()
);
#84=(
BOUNDED_SURFACE()
B_SPLINE_SURFACE(3,1,((#12401,#12402),(#12403,#12404),(#12405,#12406),(#12407,
#12408)),.UNSPECIFIED.,.F.,.F.,.F.)
B_SPLINE_SURFACE_WITH_KNOTS((4,4),(2,2),(-1.,0.),(-0.249999999999999,0.25),
 .UNSPECIFIED.)
GEOMETRIC_REPRESENTATION_ITEM()
RATIONAL_B_SPLINE_SURFACE(((1.,1.),(1.,1.),(1.,1.),(1.,1.)))
REPRESENTATION_ITEM('')
SURFACE()
);
#85=(
BOUNDED_SURFACE()
B_SPLINE_SURFACE(3,1,((#12411,#12412),(#12413,#12414),(#12415,#12416),(#12417,
#12418)),.UNSPECIFIED.,.F.,.F.,.F.)
B_SPLINE_SURFACE_WITH_KNOTS((4,4),(2,2),(-1.,0.),(-0.249999999999999,0.25),
 .UNSPECIFIED.)
GEOMETRIC_REPRESENTATION_ITEM()
RATIONAL_B_SPLINE_SURFACE(((1.,1.),(1.,1.),(1.,1.),(1.,1.)))
REPRESENTATION_ITEM('')
SURFACE()
);
#86=(
BOUNDED_SURFACE()
B_SPLINE_SURFACE(3,1,((#12420,#12421),(#12422,#12423),(#12424,#12425),(#12426,
#12427)),.UNSPECIFIED.,.F.,.F.,.F.)
B_SPLINE_SURFACE_WITH_KNOTS((4,4),(2,2),(-1.,0.),(-0.249999999999999,0.25),
 .UNSPECIFIED.)
GEOMETRIC_REPRESENTATION_ITEM()
RATIONAL_B_SPLINE_SURFACE(((1.,1.),(1.,1.),(1.,1.),(1.,1.)))
REPRESENTATION_ITEM('')
SURFACE()
);
#87=(
BOUNDED_SURFACE()
B_SPLINE_SURFACE(3,1,((#12429,#12430),(#12431,#12432),(#12433,#12434),(#12435,
#12436)),.UNSPECIFIED.,.F.,.F.,.F.)
B_SPLINE_SURFACE_WITH_KNOTS((4,4),(2,2),(-1.,0.),(-0.249999999999999,0.25),
 .UNSPECIFIED.)
GEOMETRIC_REPRESENTATION_ITEM()
RATIONAL_B_SPLINE_SURFACE(((1.,1.),(1.,1.),(1.,1.),(1.,1.)))
REPRESENTATION_ITEM('')
SURFACE()
);
#88=(
BOUNDED_SURFACE()
B_SPLINE_SURFACE(3,1,((#12438,#12439),(#12440,#12441),(#12442,#12443),(#12444,
#12445)),.UNSPECIFIED.,.F.,.F.,.F.)
B_SPLINE_SURFACE_WITH_KNOTS((4,4),(2,2),(-1.,0.),(-0.249999999999999,0.25),
 .UNSPECIFIED.)
GEOMETRIC_REPRESENTATION_ITEM()
RATIONAL_B_SPLINE_SURFACE(((1.,1.),(1.,1.),(1.,1.),(1.,1.)))
REPRESENTATION_ITEM('')
SURFACE()
);
#89=(
BOUNDED_SURFACE()
B_SPLINE_SURFACE(3,1,((#12446,#12447),(#12448,#12449),(#12450,#12451),(#12452,
#12453)),.UNSPECIFIED.,.F.,.F.,.F.)
B_SPLINE_SURFACE_WITH_KNOTS((4,4),(2,2),(-1.,0.),(-0.249999999999999,0.25),
 .UNSPECIFIED.)
GEOMETRIC_REPRESENTATION_ITEM()
RATIONAL_B_SPLINE_SURFACE(((1.,1.),(1.,1.),(1.,1.),(1.,1.)))
REPRESENTATION_ITEM('')
SURFACE()
);
#90=(
BOUNDED_SURFACE()
B_SPLINE_SURFACE(3,1,((#12456,#12457),(#12458,#12459),(#12460,#12461),(#12462,
#12463)),.UNSPECIFIED.,.F.,.F.,.F.)
B_SPLINE_SURFACE_WITH_KNOTS((4,4),(2,2),(-1.,0.),(-0.249999999999999,0.25),
 .UNSPECIFIED.)
GEOMETRIC_REPRESENTATION_ITEM()
RATIONAL_B_SPLINE_SURFACE(((1.,1.),(1.,1.),(1.,1.),(1.,1.)))
REPRESENTATION_ITEM('')
SURFACE()
);
#91=(
BOUNDED_SURFACE()
B_SPLINE_SURFACE(3,1,((#12465,#12466),(#12467,#12468),(#12469,#12470),(#12471,
#12472)),.UNSPECIFIED.,.F.,.F.,.F.)
B_SPLINE_SURFACE_WITH_KNOTS((4,4),(2,2),(-1.,0.),(-0.249999999999999,0.25),
 .UNSPECIFIED.)
GEOMETRIC_REPRESENTATION_ITEM()
RATIONAL_B_SPLINE_SURFACE(((1.,1.),(1.,1.),(1.,1.),(1.,1.)))
REPRESENTATION_ITEM('')
SURFACE()
);
#92=(
BOUNDED_SURFACE()
B_SPLINE_SURFACE(3,1,((#12473,#12474),(#12475,#12476),(#12477,#12478),(#12479,
#12480)),.UNSPECIFIED.,.F.,.F.,.F.)
B_SPLINE_SURFACE_WITH_KNOTS((4,4),(2,2),(-1.,0.),(-0.249999999999999,0.25),
 .UNSPECIFIED.)
GEOMETRIC_REPRESENTATION_ITEM()
RATIONAL_B_SPLINE_SURFACE(((1.,1.),(1.,1.),(1.,1.),(1.,1.)))
REPRESENTATION_ITEM('')
SURFACE()
);
#93=(
BOUNDED_SURFACE()
B_SPLINE_SURFACE(3,1,((#12488,#12489),(#12490,#12491),(#12492,#12493),(#12494,
#12495)),.UNSPECIFIED.,.F.,.F.,.F.)
B_SPLINE_SURFACE_WITH_KNOTS((4,4),(2,2),(-1.,0.),(-0.249999999999999,0.25),
 .UNSPECIFIED.)
GEOMETRIC_REPRESENTATION_ITEM()
RATIONAL_B_SPLINE_SURFACE(((1.,1.),(1.,1.),(1.,1.),(1.,1.)))
REPRESENTATION_ITEM('')
SURFACE()
);
#94=(
BOUNDED_SURFACE()
B_SPLINE_SURFACE(3,1,((#12497,#12498),(#12499,#12500),(#12501,#12502),(#12503,
#12504)),.UNSPECIFIED.,.F.,.F.,.F.)
B_SPLINE_SURFACE_WITH_KNOTS((4,4),(2,2),(-1.,0.),(-0.249999999999999,0.25),
 .UNSPECIFIED.)
GEOMETRIC_REPRESENTATION_ITEM()
RATIONAL_B_SPLINE_SURFACE(((1.,1.),(1.,1.),(1.,1.),(1.,1.)))
REPRESENTATION_ITEM('')
SURFACE()
);
#95=(
BOUNDED_SURFACE()
B_SPLINE_SURFACE(3,1,((#12506,#12507),(#12508,#12509),(#12510,#12511),(#12512,
#12513)),.UNSPECIFIED.,.F.,.F.,.F.)
B_SPLINE_SURFACE_WITH_KNOTS((4,4),(2,2),(-1.,0.),(-0.249999999999999,0.25),
 .UNSPECIFIED.)
GEOMETRIC_REPRESENTATION_ITEM()
RATIONAL_B_SPLINE_SURFACE(((1.,1.),(1.,1.),(1.,1.),(1.,1.)))
REPRESENTATION_ITEM('')
SURFACE()
);
#96=(
BOUNDED_SURFACE()
B_SPLINE_SURFACE(3,1,((#12515,#12516),(#12517,#12518),(#12519,#12520),(#12521,
#12522)),.UNSPECIFIED.,.F.,.F.,.F.)
B_SPLINE_SURFACE_WITH_KNOTS((4,4),(2,2),(-1.,0.),(-0.249999999999999,0.25),
 .UNSPECIFIED.)
GEOMETRIC_REPRESENTATION_ITEM()
RATIONAL_B_SPLINE_SURFACE(((1.,1.),(1.,1.),(1.,1.),(1.,1.)))
REPRESENTATION_ITEM('')
SURFACE()
);
#97=(
BOUNDED_SURFACE()
B_SPLINE_SURFACE(3,1,((#12526,#12527),(#12528,#12529),(#12530,#12531),(#12532,
#12533)),.UNSPECIFIED.,.F.,.F.,.F.)
B_SPLINE_SURFACE_WITH_KNOTS((4,4),(2,2),(-1.,0.),(-0.249999999999999,0.25),
 .UNSPECIFIED.)
GEOMETRIC_REPRESENTATION_ITEM()
RATIONAL_B_SPLINE_SURFACE(((1.,1.),(1.,1.),(1.,1.),(1.,1.)))
REPRESENTATION_ITEM('')
SURFACE()
);
#98=(
BOUNDED_SURFACE()
B_SPLINE_SURFACE(3,1,((#12536,#12537),(#12538,#12539),(#12540,#12541),(#12542,
#12543)),.UNSPECIFIED.,.F.,.F.,.F.)
B_SPLINE_SURFACE_WITH_KNOTS((4,4),(2,2),(-1.,0.),(-0.249999999999999,0.25),
 .UNSPECIFIED.)
GEOMETRIC_REPRESENTATION_ITEM()
RATIONAL_B_SPLINE_SURFACE(((1.,1.),(1.,1.),(1.,1.),(1.,1.)))
REPRESENTATION_ITEM('')
SURFACE()
);
#99=(
BOUNDED_SURFACE()
B_SPLINE_SURFACE(3,1,((#12545,#12546),(#12547,#12548),(#12549,#12550),(#12551,
#12552)),.UNSPECIFIED.,.F.,.F.,.F.)
B_SPLINE_SURFACE_WITH_KNOTS((4,4),(2,2),(-1.,0.),(-0.249999999999999,0.25),
 .UNSPECIFIED.)
GEOMETRIC_REPRESENTATION_ITEM()
RATIONAL_B_SPLINE_SURFACE(((1.,1.),(1.,1.),(1.,1.),(1.,1.)))
REPRESENTATION_ITEM('')
SURFACE()
);
#100=(
BOUNDED_SURFACE()
B_SPLINE_SURFACE(3,1,((#12559,#12560),(#12561,#12562),(#12563,#12564),(#12565,
#12566)),.UNSPECIFIED.,.F.,.F.,.F.)
B_SPLINE_SURFACE_WITH_KNOTS((4,4),(2,2),(-1.,0.),(-0.249999999999999,0.25),
 .UNSPECIFIED.)
GEOMETRIC_REPRESENTATION_ITEM()
RATIONAL_B_SPLINE_SURFACE(((1.,1.),(1.,1.),(1.,1.),(1.,1.)))
REPRESENTATION_ITEM('')
SURFACE()
);
#101=(
BOUNDED_SURFACE()
B_SPLINE_SURFACE(3,1,((#12572,#12573),(#12574,#12575),(#12576,#12577),(#12578,
#12579)),.UNSPECIFIED.,.F.,.F.,.F.)
B_SPLINE_SURFACE_WITH_KNOTS((4,4),(2,2),(-1.,0.),(-0.249999999999999,0.25),
 .UNSPECIFIED.)
GEOMETRIC_REPRESENTATION_ITEM()
RATIONAL_B_SPLINE_SURFACE(((1.,1.),(1.,1.),(1.,1.),(1.,1.)))
REPRESENTATION_ITEM('')
SURFACE()
);
#102=(
BOUNDED_SURFACE()
B_SPLINE_SURFACE(3,1,((#12580,#12581),(#12582,#12583),(#12584,#12585),(#12586,
#12587)),.UNSPECIFIED.,.F.,.F.,.F.)
B_SPLINE_SURFACE_WITH_KNOTS((4,4),(2,2),(-1.,0.),(-0.249999999999999,0.25),
 .UNSPECIFIED.)
GEOMETRIC_REPRESENTATION_ITEM()
RATIONAL_B_SPLINE_SURFACE(((1.,1.),(1.,1.),(1.,1.),(1.,1.)))
REPRESENTATION_ITEM('')
SURFACE()
);
#103=(
BOUNDED_SURFACE()
B_SPLINE_SURFACE(3,1,((#12590,#12591),(#12592,#12593),(#12594,#12595),(#12596,
#12597)),.UNSPECIFIED.,.F.,.F.,.F.)
B_SPLINE_SURFACE_WITH_KNOTS((4,4),(2,2),(-1.,0.),(-0.249999999999999,0.25),
 .UNSPECIFIED.)
GEOMETRIC_REPRESENTATION_ITEM()
RATIONAL_B_SPLINE_SURFACE(((1.,1.),(1.,1.),(1.,1.),(1.,1.)))
REPRESENTATION_ITEM('')
SURFACE()
);
#104=(
BOUNDED_SURFACE()
B_SPLINE_SURFACE(3,1,((#12599,#12600),(#12601,#12602),(#12603,#12604),(#12605,
#12606)),.UNSPECIFIED.,.F.,.F.,.F.)
B_SPLINE_SURFACE_WITH_KNOTS((4,4),(2,2),(-1.,0.),(-0.249999999999999,0.25),
 .UNSPECIFIED.)
GEOMETRIC_REPRESENTATION_ITEM()
RATIONAL_B_SPLINE_SURFACE(((1.,1.),(1.,1.),(1.,1.),(1.,1.)))
REPRESENTATION_ITEM('')
SURFACE()
);
#105=(
BOUNDED_SURFACE()
B_SPLINE_SURFACE(3,1,((#12608,#12609),(#12610,#12611),(#12612,#12613),(#12614,
#12615)),.UNSPECIFIED.,.F.,.F.,.F.)
B_SPLINE_SURFACE_WITH_KNOTS((4,4),(2,2),(-1.,0.),(-0.249999999999999,0.25),
 .UNSPECIFIED.)
GEOMETRIC_REPRESENTATION_ITEM()
RATIONAL_B_SPLINE_SURFACE(((1.,1.),(1.,1.),(1.,1.),(1.,1.)))
REPRESENTATION_ITEM('')
SURFACE()
);
#106=(
BOUNDED_SURFACE()
B_SPLINE_SURFACE(3,1,((#12617,#12618),(#12619,#12620),(#12621,#12622),(#12623,
#12624)),.UNSPECIFIED.,.F.,.F.,.F.)
B_SPLINE_SURFACE_WITH_KNOTS((4,4),(2,2),(-1.,0.),(-0.249999999999999,0.25),
 .UNSPECIFIED.)
GEOMETRIC_REPRESENTATION_ITEM()
RATIONAL_B_SPLINE_SURFACE(((1.,1.),(1.,1.),(1.,1.),(1.,1.)))
REPRESENTATION_ITEM('')
SURFACE()
);
#107=(
BOUNDED_SURFACE()
B_SPLINE_SURFACE(3,1,((#12625,#12626),(#12627,#12628),(#12629,#12630),(#12631,
#12632)),.UNSPECIFIED.,.F.,.F.,.F.)
B_SPLINE_SURFACE_WITH_KNOTS((4,4),(2,2),(-1.,0.),(-0.249999999999999,0.25),
 .UNSPECIFIED.)
GEOMETRIC_REPRESENTATION_ITEM()
RATIONAL_B_SPLINE_SURFACE(((1.,1.),(1.,1.),(1.,1.),(1.,1.)))
REPRESENTATION_ITEM('')
SURFACE()
);
#108=(
BOUNDED_SURFACE()
B_SPLINE_SURFACE(3,1,((#12635,#12636),(#12637,#12638),(#12639,#12640),(#12641,
#12642)),.UNSPECIFIED.,.F.,.F.,.F.)
B_SPLINE_SURFACE_WITH_KNOTS((4,4),(2,2),(-1.,0.),(-0.249999999999999,0.25),
 .UNSPECIFIED.)
GEOMETRIC_REPRESENTATION_ITEM()
RATIONAL_B_SPLINE_SURFACE(((1.,1.),(1.,1.),(1.,1.),(1.,1.)))
REPRESENTATION_ITEM('')
SURFACE()
);
#109=(
BOUNDED_SURFACE()
B_SPLINE_SURFACE(3,1,((#12644,#12645),(#12646,#12647),(#12648,#12649),(#12650,
#12651)),.UNSPECIFIED.,.F.,.F.,.F.)
B_SPLINE_SURFACE_WITH_KNOTS((4,4),(2,2),(-1.,0.),(-0.249999999999999,0.25),
 .UNSPECIFIED.)
GEOMETRIC_REPRESENTATION_ITEM()
RATIONAL_B_SPLINE_SURFACE(((1.,1.),(1.,1.),(1.,1.),(1.,1.)))
REPRESENTATION_ITEM('')
SURFACE()
);
#110=(
BOUNDED_SURFACE()
B_SPLINE_SURFACE(3,1,((#12653,#12654),(#12655,#12656),(#12657,#12658),(#12659,
#12660)),.UNSPECIFIED.,.F.,.F.,.F.)
B_SPLINE_SURFACE_WITH_KNOTS((4,4),(2,2),(-1.,0.),(-0.249999999999999,0.25),
 .UNSPECIFIED.)
GEOMETRIC_REPRESENTATION_ITEM()
RATIONAL_B_SPLINE_SURFACE(((1.,1.),(1.,1.),(1.,1.),(1.,1.)))
REPRESENTATION_ITEM('')
SURFACE()
);
#111=(
BOUNDED_SURFACE()
B_SPLINE_SURFACE(3,1,((#12662,#12663),(#12664,#12665),(#12666,#12667),(#12668,
#12669)),.UNSPECIFIED.,.F.,.F.,.F.)
B_SPLINE_SURFACE_WITH_KNOTS((4,4),(2,2),(-1.,0.),(-0.249999999999999,0.25),
 .UNSPECIFIED.)
GEOMETRIC_REPRESENTATION_ITEM()
RATIONAL_B_SPLINE_SURFACE(((1.,1.),(1.,1.),(1.,1.),(1.,1.)))
REPRESENTATION_ITEM('')
SURFACE()
);
#112=(
BOUNDED_SURFACE()
B_SPLINE_SURFACE(3,1,((#12670,#12671),(#12672,#12673),(#12674,#12675),(#12676,
#12677)),.UNSPECIFIED.,.F.,.F.,.F.)
B_SPLINE_SURFACE_WITH_KNOTS((4,4),(2,2),(-1.,0.),(-0.249999999999999,0.25),
 .UNSPECIFIED.)
GEOMETRIC_REPRESENTATION_ITEM()
RATIONAL_B_SPLINE_SURFACE(((1.,1.),(1.,1.),(1.,1.),(1.,1.)))
REPRESENTATION_ITEM('')
SURFACE()
);
#113=(
BOUNDED_SURFACE()
B_SPLINE_SURFACE(3,1,((#12680,#12681),(#12682,#12683),(#12684,#12685),(#12686,
#12687)),.UNSPECIFIED.,.F.,.F.,.F.)
B_SPLINE_SURFACE_WITH_KNOTS((4,4),(2,2),(-1.,0.),(-0.249999999999999,0.25),
 .UNSPECIFIED.)
GEOMETRIC_REPRESENTATION_ITEM()
RATIONAL_B_SPLINE_SURFACE(((1.,1.),(1.,1.),(1.,1.),(1.,1.)))
REPRESENTATION_ITEM('')
SURFACE()
);
#114=(
BOUNDED_SURFACE()
B_SPLINE_SURFACE(3,1,((#12689,#12690),(#12691,#12692),(#12693,#12694),(#12695,
#12696)),.UNSPECIFIED.,.F.,.F.,.F.)
B_SPLINE_SURFACE_WITH_KNOTS((4,4),(2,2),(-1.,0.),(-0.249999999999999,0.25),
 .UNSPECIFIED.)
GEOMETRIC_REPRESENTATION_ITEM()
RATIONAL_B_SPLINE_SURFACE(((1.,1.),(1.,1.),(1.,1.),(1.,1.)))
REPRESENTATION_ITEM('')
SURFACE()
);
#115=(
BOUNDED_SURFACE()
B_SPLINE_SURFACE(3,1,((#12698,#12699),(#12700,#12701),(#12702,#12703),(#12704,
#12705)),.UNSPECIFIED.,.F.,.F.,.F.)
B_SPLINE_SURFACE_WITH_KNOTS((4,4),(2,2),(-1.,0.),(-0.249999999999999,0.25),
 .UNSPECIFIED.)
GEOMETRIC_REPRESENTATION_ITEM()
RATIONAL_B_SPLINE_SURFACE(((1.,1.),(1.,1.),(1.,1.),(1.,1.)))
REPRESENTATION_ITEM('')
SURFACE()
);
#116=(
BOUNDED_SURFACE()
B_SPLINE_SURFACE(3,1,((#12707,#12708),(#12709,#12710),(#12711,#12712),(#12713,
#12714)),.UNSPECIFIED.,.F.,.F.,.F.)
B_SPLINE_SURFACE_WITH_KNOTS((4,4),(2,2),(-1.,0.),(-0.249999999999999,0.25),
 .UNSPECIFIED.)
GEOMETRIC_REPRESENTATION_ITEM()
RATIONAL_B_SPLINE_SURFACE(((1.,1.),(1.,1.),(1.,1.),(1.,1.)))
REPRESENTATION_ITEM('')
SURFACE()
);
#117=(
BOUNDED_SURFACE()
B_SPLINE_SURFACE(3,1,((#12715,#12716),(#12717,#12718),(#12719,#12720),(#12721,
#12722)),.UNSPECIFIED.,.F.,.F.,.F.)
B_SPLINE_SURFACE_WITH_KNOTS((4,4),(2,2),(-1.,0.),(-0.249999999999999,0.25),
 .UNSPECIFIED.)
GEOMETRIC_REPRESENTATION_ITEM()
RATIONAL_B_SPLINE_SURFACE(((1.,1.),(1.,1.),(1.,1.),(1.,1.)))
REPRESENTATION_ITEM('')
SURFACE()
);
#118=(
BOUNDED_SURFACE()
B_SPLINE_SURFACE(3,1,((#12725,#12726),(#12727,#12728),(#12729,#12730),(#12731,
#12732)),.UNSPECIFIED.,.F.,.F.,.F.)
B_SPLINE_SURFACE_WITH_KNOTS((4,4),(2,2),(-1.,0.),(-0.249999999999999,0.25),
 .UNSPECIFIED.)
GEOMETRIC_REPRESENTATION_ITEM()
RATIONAL_B_SPLINE_SURFACE(((1.,1.),(1.,1.),(1.,1.),(1.,1.)))
REPRESENTATION_ITEM('')
SURFACE()
);
#119=(
BOUNDED_SURFACE()
B_SPLINE_SURFACE(3,1,((#12734,#12735),(#12736,#12737),(#12738,#12739),(#12740,
#12741)),.UNSPECIFIED.,.F.,.F.,.F.)
B_SPLINE_SURFACE_WITH_KNOTS((4,4),(2,2),(-1.,0.),(-0.249999999999999,0.25),
 .UNSPECIFIED.)
GEOMETRIC_REPRESENTATION_ITEM()
RATIONAL_B_SPLINE_SURFACE(((1.,1.),(1.,1.),(1.,1.),(1.,1.)))
REPRESENTATION_ITEM('')
SURFACE()
);
#120=(
BOUNDED_SURFACE()
B_SPLINE_SURFACE(3,1,((#12743,#12744),(#12745,#12746),(#12747,#12748),(#12749,
#12750)),.UNSPECIFIED.,.F.,.F.,.F.)
B_SPLINE_SURFACE_WITH_KNOTS((4,4),(2,2),(-1.,0.),(-0.249999999999999,0.25),
 .UNSPECIFIED.)
GEOMETRIC_REPRESENTATION_ITEM()
RATIONAL_B_SPLINE_SURFACE(((1.,1.),(1.,1.),(1.,1.),(1.,1.)))
REPRESENTATION_ITEM('')
SURFACE()
);
#121=(
BOUNDED_SURFACE()
B_SPLINE_SURFACE(3,1,((#12752,#12753),(#12754,#12755),(#12756,#12757),(#12758,
#12759)),.UNSPECIFIED.,.F.,.F.,.F.)
B_SPLINE_SURFACE_WITH_KNOTS((4,4),(2,2),(-1.,0.),(-0.249999999999999,0.25),
 .UNSPECIFIED.)
GEOMETRIC_REPRESENTATION_ITEM()
RATIONAL_B_SPLINE_SURFACE(((1.,1.),(1.,1.),(1.,1.),(1.,1.)))
REPRESENTATION_ITEM('')
SURFACE()
);
#122=(
BOUNDED_SURFACE()
B_SPLINE_SURFACE(3,1,((#12760,#12761),(#12762,#12763),(#12764,#12765),(#12766,
#12767)),.UNSPECIFIED.,.F.,.F.,.F.)
B_SPLINE_SURFACE_WITH_KNOTS((4,4),(2,2),(-1.,0.),(-0.249999999999999,0.25),
 .UNSPECIFIED.)
GEOMETRIC_REPRESENTATION_ITEM()
RATIONAL_B_SPLINE_SURFACE(((1.,1.),(1.,1.),(1.,1.),(1.,1.)))
REPRESENTATION_ITEM('')
SURFACE()
);
#123=(
BOUNDED_SURFACE()
B_SPLINE_SURFACE(3,1,((#12770,#12771),(#12772,#12773),(#12774,#12775),(#12776,
#12777)),.UNSPECIFIED.,.F.,.F.,.F.)
B_SPLINE_SURFACE_WITH_KNOTS((4,4),(2,2),(-1.,0.),(-0.249999999999999,0.25),
 .UNSPECIFIED.)
GEOMETRIC_REPRESENTATION_ITEM()
RATIONAL_B_SPLINE_SURFACE(((1.,1.),(1.,1.),(1.,1.),(1.,1.)))
REPRESENTATION_ITEM('')
SURFACE()
);
#124=(
BOUNDED_SURFACE()
B_SPLINE_SURFACE(3,1,((#12779,#12780),(#12781,#12782),(#12783,#12784),(#12785,
#12786)),.UNSPECIFIED.,.F.,.F.,.F.)
B_SPLINE_SURFACE_WITH_KNOTS((4,4),(2,2),(-1.,0.),(-0.249999999999999,0.25),
 .UNSPECIFIED.)
GEOMETRIC_REPRESENTATION_ITEM()
RATIONAL_B_SPLINE_SURFACE(((1.,1.),(1.,1.),(1.,1.),(1.,1.)))
REPRESENTATION_ITEM('')
SURFACE()
);
#125=(
BOUNDED_SURFACE()
B_SPLINE_SURFACE(3,1,((#12788,#12789),(#12790,#12791),(#12792,#12793),(#12794,
#12795)),.UNSPECIFIED.,.F.,.F.,.F.)
B_SPLINE_SURFACE_WITH_KNOTS((4,4),(2,2),(-1.,0.),(-0.249999999999999,0.25),
 .UNSPECIFIED.)
GEOMETRIC_REPRESENTATION_ITEM()
RATIONAL_B_SPLINE_SURFACE(((1.,1.),(1.,1.),(1.,1.),(1.,1.)))
REPRESENTATION_ITEM('')
SURFACE()
);
#126=(
BOUNDED_SURFACE()
B_SPLINE_SURFACE(3,1,((#12797,#12798),(#12799,#12800),(#12801,#12802),(#12803,
#12804)),.UNSPECIFIED.,.F.,.F.,.F.)
B_SPLINE_SURFACE_WITH_KNOTS((4,4),(2,2),(-1.,0.),(-0.249999999999999,0.25),
 .UNSPECIFIED.)
GEOMETRIC_REPRESENTATION_ITEM()
RATIONAL_B_SPLINE_SURFACE(((1.,1.),(1.,1.),(1.,1.),(1.,1.)))
REPRESENTATION_ITEM('')
SURFACE()
);
#127=(
BOUNDED_SURFACE()
B_SPLINE_SURFACE(3,1,((#12805,#12806),(#12807,#12808),(#12809,#12810),(#12811,
#12812)),.UNSPECIFIED.,.F.,.F.,.F.)
B_SPLINE_SURFACE_WITH_KNOTS((4,4),(2,2),(-1.,0.),(-0.249999999999999,0.25),
 .UNSPECIFIED.)
GEOMETRIC_REPRESENTATION_ITEM()
RATIONAL_B_SPLINE_SURFACE(((1.,1.),(1.,1.),(1.,1.),(1.,1.)))
REPRESENTATION_ITEM('')
SURFACE()
);
#128=(
BOUNDED_SURFACE()
B_SPLINE_SURFACE(3,1,((#12815,#12816),(#12817,#12818),(#12819,#12820),(#12821,
#12822)),.UNSPECIFIED.,.F.,.F.,.F.)
B_SPLINE_SURFACE_WITH_KNOTS((4,4),(2,2),(-1.,0.),(-0.249999999999999,0.25),
 .UNSPECIFIED.)
GEOMETRIC_REPRESENTATION_ITEM()
RATIONAL_B_SPLINE_SURFACE(((1.,1.),(1.,1.),(1.,1.),(1.,1.)))
REPRESENTATION_ITEM('')
SURFACE()
);
#129=(
BOUNDED_SURFACE()
B_SPLINE_SURFACE(3,1,((#12824,#12825),(#12826,#12827),(#12828,#12829),(#12830,
#12831)),.UNSPECIFIED.,.F.,.F.,.F.)
B_SPLINE_SURFACE_WITH_KNOTS((4,4),(2,2),(-1.,0.),(-0.249999999999999,0.25),
 .UNSPECIFIED.)
GEOMETRIC_REPRESENTATION_ITEM()
RATIONAL_B_SPLINE_SURFACE(((1.,1.),(1.,1.),(1.,1.),(1.,1.)))
REPRESENTATION_ITEM('')
SURFACE()
);
#130=(
BOUNDED_SURFACE()
B_SPLINE_SURFACE(3,1,((#12833,#12834),(#12835,#12836),(#12837,#12838),(#12839,
#12840)),.UNSPECIFIED.,.F.,.F.,.F.)
B_SPLINE_SURFACE_WITH_KNOTS((4,4),(2,2),(-1.,0.),(-0.249999999999999,0.25),
 .UNSPECIFIED.)
GEOMETRIC_REPRESENTATION_ITEM()
RATIONAL_B_SPLINE_SURFACE(((1.,1.),(1.,1.),(1.,1.),(1.,1.)))
REPRESENTATION_ITEM('')
SURFACE()
);
#131=(
BOUNDED_SURFACE()
B_SPLINE_SURFACE(3,1,((#12841,#12842),(#12843,#12844),(#12845,#12846),(#12847,
#12848)),.UNSPECIFIED.,.F.,.F.,.F.)
B_SPLINE_SURFACE_WITH_KNOTS((4,4),(2,2),(-1.,0.),(-0.249999999999999,0.25),
 .UNSPECIFIED.)
GEOMETRIC_REPRESENTATION_ITEM()
RATIONAL_B_SPLINE_SURFACE(((1.,1.),(1.,1.),(1.,1.),(1.,1.)))
REPRESENTATION_ITEM('')
SURFACE()
);
#132=(
BOUNDED_SURFACE()
B_SPLINE_SURFACE(3,1,((#12851,#12852),(#12853,#12854),(#12855,#12856),(#12857,
#12858)),.UNSPECIFIED.,.F.,.F.,.F.)
B_SPLINE_SURFACE_WITH_KNOTS((4,4),(2,2),(-1.,0.),(-0.249999999999999,0.25),
 .UNSPECIFIED.)
GEOMETRIC_REPRESENTATION_ITEM()
RATIONAL_B_SPLINE_SURFACE(((1.,1.),(1.,1.),(1.,1.),(1.,1.)))
REPRESENTATION_ITEM('')
SURFACE()
);
#133=(
BOUNDED_SURFACE()
B_SPLINE_SURFACE(3,1,((#12860,#12861),(#12862,#12863),(#12864,#12865),(#12866,
#12867)),.UNSPECIFIED.,.F.,.F.,.F.)
B_SPLINE_SURFACE_WITH_KNOTS((4,4),(2,2),(-1.,0.),(-0.249999999999999,0.25),
 .UNSPECIFIED.)
GEOMETRIC_REPRESENTATION_ITEM()
RATIONAL_B_SPLINE_SURFACE(((1.,1.),(1.,1.),(1.,1.),(1.,1.)))
REPRESENTATION_ITEM('')
SURFACE()
);
#134=(
BOUNDED_SURFACE()
B_SPLINE_SURFACE(3,1,((#12874,#12875),(#12876,#12877),(#12878,#12879),(#12880,
#12881)),.UNSPECIFIED.,.F.,.F.,.F.)
B_SPLINE_SURFACE_WITH_KNOTS((4,4),(2,2),(-1.,0.),(-0.249999999999999,0.25),
 .UNSPECIFIED.)
GEOMETRIC_REPRESENTATION_ITEM()
RATIONAL_B_SPLINE_SURFACE(((1.,1.),(1.,1.),(1.,1.),(1.,1.)))
REPRESENTATION_ITEM('')
SURFACE()
);
#135=(
BOUNDED_SURFACE()
B_SPLINE_SURFACE(3,1,((#12890,#12891),(#12892,#12893),(#12894,#12895),(#12896,
#12897)),.UNSPECIFIED.,.F.,.F.,.F.)
B_SPLINE_SURFACE_WITH_KNOTS((4,4),(2,2),(-1.,0.),(-0.249999999999999,0.25),
 .UNSPECIFIED.)
GEOMETRIC_REPRESENTATION_ITEM()
RATIONAL_B_SPLINE_SURFACE(((1.,1.),(1.,1.),(1.,1.),(1.,1.)))
REPRESENTATION_ITEM('')
SURFACE()
);
#136=(
BOUNDED_SURFACE()
B_SPLINE_SURFACE(3,1,((#12905,#12906),(#12907,#12908),(#12909,#12910),(#12911,
#12912)),.UNSPECIFIED.,.F.,.F.,.F.)
B_SPLINE_SURFACE_WITH_KNOTS((4,4),(2,2),(-1.,0.),(-0.249999999999999,0.25),
 .UNSPECIFIED.)
GEOMETRIC_REPRESENTATION_ITEM()
RATIONAL_B_SPLINE_SURFACE(((1.,1.),(1.,1.),(1.,1.),(1.,1.)))
REPRESENTATION_ITEM('')
SURFACE()
);
#137=(
BOUNDED_SURFACE()
B_SPLINE_SURFACE(3,1,((#12914,#12915),(#12916,#12917),(#12918,#12919),(#12920,
#12921)),.UNSPECIFIED.,.F.,.F.,.F.)
B_SPLINE_SURFACE_WITH_KNOTS((4,4),(2,2),(-1.,0.),(-0.249999999999999,0.25),
 .UNSPECIFIED.)
GEOMETRIC_REPRESENTATION_ITEM()
RATIONAL_B_SPLINE_SURFACE(((1.,1.),(1.,1.),(1.,1.),(1.,1.)))
REPRESENTATION_ITEM('')
SURFACE()
);
#138=(
BOUNDED_SURFACE()
B_SPLINE_SURFACE(3,1,((#12928,#12929),(#12930,#12931),(#12932,#12933),(#12934,
#12935)),.UNSPECIFIED.,.F.,.F.,.F.)
B_SPLINE_SURFACE_WITH_KNOTS((4,4),(2,2),(-1.,0.),(-0.249999999999999,0.25),
 .UNSPECIFIED.)
GEOMETRIC_REPRESENTATION_ITEM()
RATIONAL_B_SPLINE_SURFACE(((1.,1.),(1.,1.),(1.,1.),(1.,1.)))
REPRESENTATION_ITEM('')
SURFACE()
);
#139=(
BOUNDED_SURFACE()
B_SPLINE_SURFACE(3,1,((#12940,#12941),(#12942,#12943),(#12944,#12945),(#12946,
#12947)),.UNSPECIFIED.,.F.,.F.,.F.)
B_SPLINE_SURFACE_WITH_KNOTS((4,4),(2,2),(-1.,0.),(-0.249999999999999,0.25),
 .UNSPECIFIED.)
GEOMETRIC_REPRESENTATION_ITEM()
RATIONAL_B_SPLINE_SURFACE(((1.,1.),(1.,1.),(1.,1.),(1.,1.)))
REPRESENTATION_ITEM('')
SURFACE()
);
#140=(
BOUNDED_SURFACE()
B_SPLINE_SURFACE(3,1,((#12950,#12951),(#12952,#12953),(#12954,#12955),(#12956,
#12957)),.UNSPECIFIED.,.F.,.F.,.F.)
B_SPLINE_SURFACE_WITH_KNOTS((4,4),(2,2),(-1.,0.),(-0.249999999999999,0.25),
 .UNSPECIFIED.)
GEOMETRIC_REPRESENTATION_ITEM()
RATIONAL_B_SPLINE_SURFACE(((1.,1.),(1.,1.),(1.,1.),(1.,1.)))
REPRESENTATION_ITEM('')
SURFACE()
);
#141=(
BOUNDED_SURFACE()
B_SPLINE_SURFACE(3,1,((#12959,#12960),(#12961,#12962),(#12963,#12964),(#12965,
#12966)),.UNSPECIFIED.,.F.,.F.,.F.)
B_SPLINE_SURFACE_WITH_KNOTS((4,4),(2,2),(-1.,0.),(-0.249999999999999,0.25),
 .UNSPECIFIED.)
GEOMETRIC_REPRESENTATION_ITEM()
RATIONAL_B_SPLINE_SURFACE(((1.,1.),(1.,1.),(1.,1.),(1.,1.)))
REPRESENTATION_ITEM('')
SURFACE()
);
#142=(
BOUNDED_SURFACE()
B_SPLINE_SURFACE(3,1,((#12967,#12968),(#12969,#12970),(#12971,#12972),(#12973,
#12974)),.UNSPECIFIED.,.F.,.F.,.F.)
B_SPLINE_SURFACE_WITH_KNOTS((4,4),(2,2),(-1.,0.),(-0.249999999999999,0.25),
 .UNSPECIFIED.)
GEOMETRIC_REPRESENTATION_ITEM()
RATIONAL_B_SPLINE_SURFACE(((1.,1.),(1.,1.),(1.,1.),(1.,1.)))
REPRESENTATION_ITEM('')
SURFACE()
);
#143=(
BOUNDED_SURFACE()
B_SPLINE_SURFACE(3,1,((#12977,#12978),(#12979,#12980),(#12981,#12982),(#12983,
#12984)),.UNSPECIFIED.,.F.,.F.,.F.)
B_SPLINE_SURFACE_WITH_KNOTS((4,4),(2,2),(-1.,0.),(-0.249999999999999,0.25),
 .UNSPECIFIED.)
GEOMETRIC_REPRESENTATION_ITEM()
RATIONAL_B_SPLINE_SURFACE(((1.,1.),(1.,1.),(1.,1.),(1.,1.)))
REPRESENTATION_ITEM('')
SURFACE()
);
#144=(
BOUNDED_SURFACE()
B_SPLINE_SURFACE(3,1,((#12986,#12987),(#12988,#12989),(#12990,#12991),(#12992,
#12993)),.UNSPECIFIED.,.F.,.F.,.F.)
B_SPLINE_SURFACE_WITH_KNOTS((4,4),(2,2),(-1.,0.),(-0.249999999999999,0.25),
 .UNSPECIFIED.)
GEOMETRIC_REPRESENTATION_ITEM()
RATIONAL_B_SPLINE_SURFACE(((1.,1.),(1.,1.),(1.,1.),(1.,1.)))
REPRESENTATION_ITEM('')
SURFACE()
);
#145=(
BOUNDED_SURFACE()
B_SPLINE_SURFACE(3,1,((#12995,#12996),(#12997,#12998),(#12999,#13000),(#13001,
#13002)),.UNSPECIFIED.,.F.,.F.,.F.)
B_SPLINE_SURFACE_WITH_KNOTS((4,4),(2,2),(-1.,0.),(-0.249999999999999,0.25),
 .UNSPECIFIED.)
GEOMETRIC_REPRESENTATION_ITEM()
RATIONAL_B_SPLINE_SURFACE(((1.,1.),(1.,1.),(1.,1.),(1.,1.)))
REPRESENTATION_ITEM('')
SURFACE()
);
#146=(
BOUNDED_SURFACE()
B_SPLINE_SURFACE(3,1,((#13004,#13005),(#13006,#13007),(#13008,#13009),(#13010,
#13011)),.UNSPECIFIED.,.F.,.F.,.F.)
B_SPLINE_SURFACE_WITH_KNOTS((4,4),(2,2),(-1.,0.),(-0.249999999999999,0.25),
 .UNSPECIFIED.)
GEOMETRIC_REPRESENTATION_ITEM()
RATIONAL_B_SPLINE_SURFACE(((1.,1.),(1.,1.),(1.,1.),(1.,1.)))
REPRESENTATION_ITEM('')
SURFACE()
);
#147=(
BOUNDED_SURFACE()
B_SPLINE_SURFACE(3,1,((#13012,#13013),(#13014,#13015),(#13016,#13017),(#13018,
#13019)),.UNSPECIFIED.,.F.,.F.,.F.)
B_SPLINE_SURFACE_WITH_KNOTS((4,4),(2,2),(-1.,0.),(-0.249999999999999,0.25),
 .UNSPECIFIED.)
GEOMETRIC_REPRESENTATION_ITEM()
RATIONAL_B_SPLINE_SURFACE(((1.,1.),(1.,1.),(1.,1.),(1.,1.)))
REPRESENTATION_ITEM('')
SURFACE()
);
#148=(
BOUNDED_SURFACE()
B_SPLINE_SURFACE(3,1,((#13022,#13023),(#13024,#13025),(#13026,#13027),(#13028,
#13029)),.UNSPECIFIED.,.F.,.F.,.F.)
B_SPLINE_SURFACE_WITH_KNOTS((4,4),(2,2),(-1.,0.),(-0.249999999999999,0.25),
 .UNSPECIFIED.)
GEOMETRIC_REPRESENTATION_ITEM()
RATIONAL_B_SPLINE_SURFACE(((1.,1.),(1.,1.),(1.,1.),(1.,1.)))
REPRESENTATION_ITEM('')
SURFACE()
);
#149=(
BOUNDED_SURFACE()
B_SPLINE_SURFACE(3,1,((#13031,#13032),(#13033,#13034),(#13035,#13036),(#13037,
#13038)),.UNSPECIFIED.,.F.,.F.,.F.)
B_SPLINE_SURFACE_WITH_KNOTS((4,4),(2,2),(-1.,0.),(-0.249999999999999,0.25),
 .UNSPECIFIED.)
GEOMETRIC_REPRESENTATION_ITEM()
RATIONAL_B_SPLINE_SURFACE(((1.,1.),(1.,1.),(1.,1.),(1.,1.)))
REPRESENTATION_ITEM('')
SURFACE()
);
#150=(
BOUNDED_SURFACE()
B_SPLINE_SURFACE(3,1,((#13040,#13041),(#13042,#13043),(#13044,#13045),(#13046,
#13047)),.UNSPECIFIED.,.F.,.F.,.F.)
B_SPLINE_SURFACE_WITH_KNOTS((4,4),(2,2),(-1.,0.),(-0.249999999999999,0.25),
 .UNSPECIFIED.)
GEOMETRIC_REPRESENTATION_ITEM()
RATIONAL_B_SPLINE_SURFACE(((1.,1.),(1.,1.),(1.,1.),(1.,1.)))
REPRESENTATION_ITEM('')
SURFACE()
);
#151=B_SPLINE_CURVE_WITH_KNOTS('',3,(#10601,#10602,#10603,#10604,#10605,
#10606,#10607),.UNSPECIFIED.,.F.,.F.,(4,3,4),(-1.96471614469783,-0.982358072348914,
0.),.UNSPECIFIED.);
#152=B_SPLINE_CURVE_WITH_KNOTS('',3,(#10609,#10610,#10611,#10612),
 .UNSPECIFIED.,.F.,.F.,(4,4),(-3.3725411253628,0.),.UNSPECIFIED.);
#153=B_SPLINE_CURVE_WITH_KNOTS('',3,(#10614,#10615,#10616,#10617),
 .UNSPECIFIED.,.F.,.F.,(4,4),(-2.6385322141256,0.),.UNSPECIFIED.);
#154=B_SPLINE_CURVE_WITH_KNOTS('',3,(#10618,#10619,#10620,#10621),
 .UNSPECIFIED.,.F.,.F.,(4,4),(-3.46146386162174,0.),.UNSPECIFIED.);
#155=B_SPLINE_CURVE_WITH_KNOTS('',3,(#10624,#10625,#10626,#10627),
 .UNSPECIFIED.,.F.,.F.,(4,4),(-4.10110891151503,0.),.UNSPECIFIED.);
#156=B_SPLINE_CURVE_WITH_KNOTS('',3,(#10629,#10630,#10631,#10632),
 .UNSPECIFIED.,.F.,.F.,(4,4),(-4.25342975969262,0.),.UNSPECIFIED.);
#157=B_SPLINE_CURVE_WITH_KNOTS('',3,(#10634,#10635,#10636,#10637,#10638,
#10639,#10640),.UNSPECIFIED.,.F.,.F.,(4,3,4),(-1.53710485307836,-0.76855242653918,
0.),.UNSPECIFIED.);
#158=B_SPLINE_CURVE_WITH_KNOTS('',3,(#10641,#10642,#10643,#10644),
 .UNSPECIFIED.,.F.,.F.,(4,4),(-2.12058068069165,0.),.UNSPECIFIED.);
#159=B_SPLINE_CURVE_WITH_KNOTS('',3,(#10647,#10648,#10649,#10650),
 .UNSPECIFIED.,.F.,.F.,(4,4),(-3.76090298743106,0.),.UNSPECIFIED.);
#160=B_SPLINE_CURVE_WITH_KNOTS('',3,(#10652,#10653,#10654,#10655),
 .UNSPECIFIED.,.F.,.F.,(4,4),(-3.82741298080323,0.),.UNSPECIFIED.);
#161=B_SPLINE_CURVE_WITH_KNOTS('',3,(#10657,#10658,#10659,#10660),
 .UNSPECIFIED.,.F.,.F.,(4,4),(-1.96704202423848,0.),.UNSPECIFIED.);
#162=B_SPLINE_CURVE_WITH_KNOTS('',3,(#10661,#10662,#10663,#10664),
 .UNSPECIFIED.,.F.,.F.,(4,4),(-2.99298236973835,0.),.UNSPECIFIED.);
#163=B_SPLINE_CURVE_WITH_KNOTS('',3,(#10667,#10668,#10669,#10670),
 .UNSPECIFIED.,.F.,.F.,(4,4),(-1.89480740758407,0.),.UNSPECIFIED.);
#164=B_SPLINE_CURVE_WITH_KNOTS('',3,(#10672,#10673,#10674,#10675,#10676,
#10677),.UNSPECIFIED.,.F.,.F.,(4,2,4),(-2.02663680261059,-1.01331840130528,
0.),.UNSPECIFIED.);
#165=B_SPLINE_CURVE_WITH_KNOTS('',3,(#10679,#10680,#10681,#10682),
 .UNSPECIFIED.,.F.,.F.,(4,4),(-0.904295739503881,0.),.UNSPECIFIED.);
#166=B_SPLINE_CURVE_WITH_KNOTS('',3,(#10688,#10689,#10690,#10691),
 .UNSPECIFIED.,.F.,.F.,(4,4),(-3.23075265891482,0.),.UNSPECIFIED.);
#167=B_SPLINE_CURVE_WITH_KNOTS('',3,(#10692,#10693,#10694,#10695,#10696,
#10697),.UNSPECIFIED.,.F.,.F.,(4,2,4),(-1.87754907225265,-0.938774536126338,
0.),.UNSPECIFIED.);
#168=B_SPLINE_CURVE_WITH_KNOTS('',3,(#10700,#10701,#10702,#10703),
 .UNSPECIFIED.,.F.,.F.,(4,4),(-3.34027822638775,0.),.UNSPECIFIED.);
#169=B_SPLINE_CURVE_WITH_KNOTS('',3,(#10705,#10706,#10707,#10708),
 .UNSPECIFIED.,.F.,.F.,(4,4),(-3.10004191410938,0.),.UNSPECIFIED.);
#170=B_SPLINE_CURVE_WITH_KNOTS('',3,(#10710,#10711,#10712,#10713,#10714,
#10715,#10716),.UNSPECIFIED.,.F.,.F.,(4,3,4),(-2.459072698956,-1.229536349478,
0.),.UNSPECIFIED.);
#171=B_SPLINE_CURVE_WITH_KNOTS('',3,(#10717,#10718,#10719,#10720),
 .UNSPECIFIED.,.F.,.F.,(4,4),(-3.33674724012344,0.),.UNSPECIFIED.);
#172=B_SPLINE_CURVE_WITH_KNOTS('',3,(#10723,#10724,#10725,#10726,#10727,
#10728),.UNSPECIFIED.,.F.,.F.,(4,2,4),(-2.68709230680975,-1.34354615340489,
0.),.UNSPECIFIED.);
#173=B_SPLINE_CURVE_WITH_KNOTS('',3,(#10730,#10731,#10732,#10733,#10734,
#10735,#10736),.UNSPECIFIED.,.F.,.F.,(4,3,4),(-1.92790996807518,-0.963954984037591,
0.),.UNSPECIFIED.);
#174=B_SPLINE_CURVE_WITH_KNOTS('',3,(#10738,#10739,#10740,#10741),
 .UNSPECIFIED.,.F.,.F.,(4,4),(-3.09694989936824,0.),.UNSPECIFIED.);
#175=B_SPLINE_CURVE_WITH_KNOTS('',3,(#10742,#10743,#10744,#10745,#10746,
#10747,#10748),.UNSPECIFIED.,.F.,.F.,(4,3,4),(-4.07678473979374,-2.03839236989687,
0.),.UNSPECIFIED.);
#176=B_SPLINE_CURVE_WITH_KNOTS('',3,(#10751,#10752,#10753,#10754),
 .UNSPECIFIED.,.F.,.F.,(4,4),(-1.59537252965023,0.),.UNSPECIFIED.);
#177=B_SPLINE_CURVE_WITH_KNOTS('',3,(#10756,#10757,#10758,#10759,#10760,
#10761,#10762),.UNSPECIFIED.,.F.,.F.,(4,3,4),(-4.34354980712127,-2.17177490356063,
0.),.UNSPECIFIED.);
#178=B_SPLINE_CURVE_WITH_KNOTS('',3,(#10764,#10765,#10766,#10767,#10768,
#10769,#10770),.UNSPECIFIED.,.F.,.F.,(4,3,4),(-2.35848395829563,-1.17924197914781,
0.),.UNSPECIFIED.);
#179=B_SPLINE_CURVE_WITH_KNOTS('',3,(#10772,#10773,#10774,#10775),
 .UNSPECIFIED.,.F.,.F.,(4,4),(-4.11451731681409,0.),.UNSPECIFIED.);
#180=B_SPLINE_CURVE_WITH_KNOTS('',3,(#10776,#10777,#10778,#10779),
 .UNSPECIFIED.,.F.,.F.,(4,4),(-3.60479743934185,0.),.UNSPECIFIED.);
#181=B_SPLINE_CURVE_WITH_KNOTS('',3,(#10782,#10783,#10784,#10785),
 .UNSPECIFIED.,.F.,.F.,(4,4),(-2.3454781229143,0.),.UNSPECIFIED.);
#182=B_SPLINE_CURVE_WITH_KNOTS('',3,(#10787,#10788,#10789,#10790),
 .UNSPECIFIED.,.F.,.F.,(4,4),(-4.49148439225861,0.),.UNSPECIFIED.);
#183=B_SPLINE_CURVE_WITH_KNOTS('',3,(#10792,#10793,#10794,#10795,#10796,
#10797,#10798),.UNSPECIFIED.,.F.,.F.,(4,3,4),(-3.48685167207638,-1.74342583603819,
0.),.UNSPECIFIED.);
#184=B_SPLINE_CURVE_WITH_KNOTS('',3,(#10799,#10800,#10801,#10802),
 .UNSPECIFIED.,.F.,.F.,(4,4),(-4.70130507615694,0.),.UNSPECIFIED.);
#185=B_SPLINE_CURVE_WITH_KNOTS('',3,(#10805,#10806,#10807,#10808),
 .UNSPECIFIED.,.F.,.F.,(4,4),(-3.14860504710107,0.),.UNSPECIFIED.);
#186=B_SPLINE_CURVE_WITH_KNOTS('',3,(#10810,#10811,#10812,#10813),
 .UNSPECIFIED.,.F.,.F.,(4,4),(-1.93020001537455,0.),.UNSPECIFIED.);
#187=B_SPLINE_CURVE_WITH_KNOTS('',3,(#10815,#10816,#10817,#10818),
 .UNSPECIFIED.,.F.,.F.,(4,4),(-1.44924704420433,0.),.UNSPECIFIED.);
#188=B_SPLINE_CURVE_WITH_KNOTS('',3,(#10819,#10820,#10821,#10822),
 .UNSPECIFIED.,.F.,.F.,(4,4),(-3.56234724250207,0.),.UNSPECIFIED.);
#189=B_SPLINE_CURVE_WITH_KNOTS('',3,(#10825,#10826,#10827,#10828),
 .UNSPECIFIED.,.F.,.F.,(4,4),(-2.50271045301308,0.),.UNSPECIFIED.);
#190=B_SPLINE_CURVE_WITH_KNOTS('',3,(#10830,#10831,#10832,#10833),
 .UNSPECIFIED.,.F.,.F.,(4,4),(-3.04004288041848,0.),.UNSPECIFIED.);
#191=B_SPLINE_CURVE_WITH_KNOTS('',3,(#10835,#10836,#10837,#10838),
 .UNSPECIFIED.,.F.,.F.,(4,4),(-4.27221321071068,0.),.UNSPECIFIED.);
#192=B_SPLINE_CURVE_WITH_KNOTS('',3,(#10840,#10841,#10842,#10843,#10844,
#10845),.UNSPECIFIED.,.F.,.F.,(4,2,4),(-1.8610170447494,-0.930508522374699,
0.),.UNSPECIFIED.);
#193=B_SPLINE_CURVE_WITH_KNOTS('',3,(#10846,#10847,#10848,#10849),
 .UNSPECIFIED.,.F.,.F.,(4,4),(-2.15333814842061,0.),.UNSPECIFIED.);
#194=B_SPLINE_CURVE_WITH_KNOTS('',3,(#10852,#10853,#10854,#10855),
 .UNSPECIFIED.,.F.,.F.,(4,4),(-0.340408344608988,0.),.UNSPECIFIED.);
#195=B_SPLINE_CURVE_WITH_KNOTS('',3,(#10857,#10858,#10859,#10860),
 .UNSPECIFIED.,.F.,.F.,(4,4),(-4.59861959832363,0.),.UNSPECIFIED.);
#196=B_SPLINE_CURVE_WITH_KNOTS('',3,(#10862,#10863,#10864,#10865),
 .UNSPECIFIED.,.F.,.F.,(4,4),(-4.49546594636134,0.),.UNSPECIFIED.);
#197=B_SPLINE_CURVE_WITH_KNOTS('',3,(#10867,#10868,#10869,#10870,#10871,
#10872,#10873),.UNSPECIFIED.,.F.,.F.,(4,3,4),(-4.2695636028839,-2.13478180144195,
0.),.UNSPECIFIED.);
#198=B_SPLINE_CURVE_WITH_KNOTS('',3,(#10874,#10875,#10876,#10877),
 .UNSPECIFIED.,.F.,.F.,(4,4),(-3.14870818898574,0.),.UNSPECIFIED.);
#199=B_SPLINE_CURVE_WITH_KNOTS('',3,(#10880,#10881,#10882,#10883),
 .UNSPECIFIED.,.F.,.F.,(4,4),(-3.43535014298611,0.),.UNSPECIFIED.);
#200=B_SPLINE_CURVE_WITH_KNOTS('',3,(#10885,#10886,#10887,#10888),
 .UNSPECIFIED.,.F.,.F.,(4,4),(-1.7878786705524,0.),.UNSPECIFIED.);
#201=B_SPLINE_CURVE_WITH_KNOTS('',3,(#10890,#10891,#10892,#10893),
 .UNSPECIFIED.,.F.,.F.,(4,4),(-5.46796443414543,0.),.UNSPECIFIED.);
#202=B_SPLINE_CURVE_WITH_KNOTS('',3,(#10894,#10895,#10896,#10897),
 .UNSPECIFIED.,.F.,.F.,(4,4),(-4.10471595132451,0.),.UNSPECIFIED.);
#203=B_SPLINE_CURVE_WITH_KNOTS('',3,(#11977,#11978,#11979,#11980),
 .UNSPECIFIED.,.F.,.F.,(4,4),(-3.60395166169979,0.),.UNSPECIFIED.);
#204=B_SPLINE_CURVE_WITH_KNOTS('',3,(#11982,#11983,#11984,#11985),
 .UNSPECIFIED.,.F.,.F.,(4,4),(-4.33420870977082,0.),.UNSPECIFIED.);
#205=B_SPLINE_CURVE_WITH_KNOTS('',3,(#11987,#11988,#11989,#11990),
 .UNSPECIFIED.,.F.,.F.,(4,4),(-3.05701269116297,0.),.UNSPECIFIED.);
#206=B_SPLINE_CURVE_WITH_KNOTS('',3,(#11991,#11992,#11993,#11994),
 .UNSPECIFIED.,.F.,.F.,(4,4),(-6.36934206062126,0.),.UNSPECIFIED.);
#207=B_SPLINE_CURVE_WITH_KNOTS('',3,(#11997,#11998,#11999,#12000),
 .UNSPECIFIED.,.F.,.F.,(4,4),(-2.96731797005772,0.),.UNSPECIFIED.);
#208=B_SPLINE_CURVE_WITH_KNOTS('',3,(#12002,#12003,#12004,#12005),
 .UNSPECIFIED.,.F.,.F.,(4,4),(-3.04032072815843,0.),.UNSPECIFIED.);
#209=B_SPLINE_CURVE_WITH_KNOTS('',3,(#12007,#12008,#12009,#12010),
 .UNSPECIFIED.,.F.,.F.,(4,4),(-2.34703698915254,0.),.UNSPECIFIED.);
#210=B_SPLINE_CURVE_WITH_KNOTS('',3,(#12012,#12013,#12014,#12015),
 .UNSPECIFIED.,.F.,.F.,(4,4),(-4.61955393789465,0.),.UNSPECIFIED.);
#211=B_SPLINE_CURVE_WITH_KNOTS('',3,(#12016,#12017,#12018,#12019),
 .UNSPECIFIED.,.F.,.F.,(4,4),(-1.13425905991688,0.),.UNSPECIFIED.);
#212=B_SPLINE_CURVE_WITH_KNOTS('',3,(#12022,#12023,#12024,#12025),
 .UNSPECIFIED.,.F.,.F.,(4,4),(-3.50577325313088,0.),.UNSPECIFIED.);
#213=B_SPLINE_CURVE_WITH_KNOTS('',3,(#12027,#12028,#12029,#12030),
 .UNSPECIFIED.,.F.,.F.,(4,4),(-3.57963830177692,0.),.UNSPECIFIED.);
#214=B_SPLINE_CURVE_WITH_KNOTS('',3,(#12031,#12032,#12033,#12034),
 .UNSPECIFIED.,.F.,.F.,(4,4),(-4.50692727158037,0.),.UNSPECIFIED.);
#215=B_SPLINE_CURVE_WITH_KNOTS('',3,(#12037,#12038,#12039,#12040),
 .UNSPECIFIED.,.F.,.F.,(4,4),(-4.68339771555133,0.),.UNSPECIFIED.);
#216=B_SPLINE_CURVE_WITH_KNOTS('',3,(#12042,#12043,#12044,#12045),
 .UNSPECIFIED.,.F.,.F.,(4,4),(-3.0510242977888,0.),.UNSPECIFIED.);
#217=B_SPLINE_CURVE_WITH_KNOTS('',3,(#12047,#12048,#12049,#12050),
 .UNSPECIFIED.,.F.,.F.,(4,4),(-4.53662279631891,0.),.UNSPECIFIED.);
#218=B_SPLINE_CURVE_WITH_KNOTS('',3,(#12051,#12052,#12053,#12054,#12055,
#12056,#12057),.UNSPECIFIED.,.F.,.F.,(4,3,4),(-4.69715813713525,-2.34857906856762,
0.),.UNSPECIFIED.);
#219=B_SPLINE_CURVE_WITH_KNOTS('',3,(#12060,#12061,#12062,#12063),
 .UNSPECIFIED.,.F.,.F.,(4,4),(-3.00124527380318,0.),.UNSPECIFIED.);
#220=B_SPLINE_CURVE_WITH_KNOTS('',3,(#12067,#12068,#12069,#12070),
 .UNSPECIFIED.,.F.,.F.,(4,4),(-4.9602158775572,0.),.UNSPECIFIED.);
#221=B_SPLINE_CURVE_WITH_KNOTS('',3,(#12072,#12073,#12074,#12075),
 .UNSPECIFIED.,.F.,.F.,(4,4),(-2.94695953650623,0.),.UNSPECIFIED.);
#222=B_SPLINE_CURVE_WITH_KNOTS('',3,(#12076,#12077,#12078,#12079,#12080,
#12081,#12082),.UNSPECIFIED.,.F.,.F.,(4,3,4),(-1.52317349120278,-0.761586745601388,
0.),.UNSPECIFIED.);
#223=B_SPLINE_CURVE_WITH_KNOTS('',3,(#12085,#12086,#12087,#12088),
 .UNSPECIFIED.,.F.,.F.,(4,4),(-4.55883354205561,0.),.UNSPECIFIED.);
#224=B_SPLINE_CURVE_WITH_KNOTS('',3,(#12090,#12091,#12092,#12093),
 .UNSPECIFIED.,.F.,.F.,(4,4),(-4.8453295479761,0.),.UNSPECIFIED.);
#225=B_SPLINE_CURVE_WITH_KNOTS('',3,(#12095,#12096,#12097,#12098),
 .UNSPECIFIED.,.F.,.F.,(4,4),(-2.71575935584348,0.),.UNSPECIFIED.);
#226=B_SPLINE_CURVE_WITH_KNOTS('',3,(#12099,#12100,#12101,#12102),
 .UNSPECIFIED.,.F.,.F.,(4,4),(-1.52726483743653,0.),.UNSPECIFIED.);
#227=B_SPLINE_CURVE_WITH_KNOTS('',3,(#12105,#12106,#12107,#12108),
 .UNSPECIFIED.,.F.,.F.,(4,4),(-2.70873059596729,0.),.UNSPECIFIED.);
#228=B_SPLINE_CURVE_WITH_KNOTS('',3,(#12110,#12111,#12112,#12113),
 .UNSPECIFIED.,.F.,.F.,(4,4),(-3.676665871416,0.),.UNSPECIFIED.);
#229=B_SPLINE_CURVE_WITH_KNOTS('',3,(#12115,#12116,#12117,#12118),
 .UNSPECIFIED.,.F.,.F.,(4,4),(-1.58920006063415,0.),.UNSPECIFIED.);
#230=B_SPLINE_CURVE_WITH_KNOTS('',3,(#12120,#12121,#12122,#12123),
 .UNSPECIFIED.,.F.,.F.,(4,4),(-1.26067470793704,0.),.UNSPECIFIED.);
#231=B_SPLINE_CURVE_WITH_KNOTS('',3,(#12124,#12125,#12126,#12127),
 .UNSPECIFIED.,.F.,.F.,(4,4),(-2.96203425965433,0.),.UNSPECIFIED.);
#232=B_SPLINE_CURVE_WITH_KNOTS('',3,(#12130,#12131,#12132,#12133),
 .UNSPECIFIED.,.F.,.F.,(4,4),(-1.99237093327038,0.),.UNSPECIFIED.);
#233=B_SPLINE_CURVE_WITH_KNOTS('',3,(#12135,#12136,#12137,#12138),
 .UNSPECIFIED.,.F.,.F.,(4,4),(-1.12015751635692,0.),.UNSPECIFIED.);
#234=B_SPLINE_CURVE_WITH_KNOTS('',3,(#12140,#12141,#12142,#12143),
 .UNSPECIFIED.,.F.,.F.,(4,4),(-3.27857529869717,0.),.UNSPECIFIED.);
#235=B_SPLINE_CURVE_WITH_KNOTS('',3,(#12145,#12146,#12147,#12148),
 .UNSPECIFIED.,.F.,.F.,(4,4),(-1.89747543552565,0.),.UNSPECIFIED.);
#236=B_SPLINE_CURVE_WITH_KNOTS('',3,(#12149,#12150,#12151,#12152),
 .UNSPECIFIED.,.F.,.F.,(4,4),(-2.51602167941088,0.),.UNSPECIFIED.);
#237=B_SPLINE_CURVE_WITH_KNOTS('',3,(#12155,#12156,#12157,#12158),
 .UNSPECIFIED.,.F.,.F.,(4,4),(-2.96322900053983,0.),.UNSPECIFIED.);
#238=B_SPLINE_CURVE_WITH_KNOTS('',3,(#12160,#12161,#12162,#12163,#12164,
#12165),.UNSPECIFIED.,.F.,.F.,(4,2,4),(-2.0482815666613,-1.02414078333067,
0.),.UNSPECIFIED.);
#239=B_SPLINE_CURVE_WITH_KNOTS('',3,(#12167,#12168,#12169,#12170),
 .UNSPECIFIED.,.F.,.F.,(4,4),(-3.91594197925617,0.),.UNSPECIFIED.);
#240=B_SPLINE_CURVE_WITH_KNOTS('',3,(#12172,#12173,#12174,#12175),
 .UNSPECIFIED.,.F.,.F.,(4,4),(-1.20572255056277,0.),.UNSPECIFIED.);
#241=B_SPLINE_CURVE_WITH_KNOTS('',3,(#12176,#12177,#12178,#12179),
 .UNSPECIFIED.,.F.,.F.,(4,4),(-4.54606945159501,0.),.UNSPECIFIED.);
#242=B_SPLINE_CURVE_WITH_KNOTS('',3,(#12182,#12183,#12184,#12185),
 .UNSPECIFIED.,.F.,.F.,(4,4),(-1.64697054653178,0.),.UNSPECIFIED.);
#243=B_SPLINE_CURVE_WITH_KNOTS('',3,(#12187,#12188,#12189,#12190,#12191,
#12192,#12193),.UNSPECIFIED.,.F.,.F.,(4,3,4),(-2.31950531782934,-1.15975265891467,
0.),.UNSPECIFIED.);
#244=B_SPLINE_CURVE_WITH_KNOTS('',3,(#12195,#12196,#12197,#12198),
 .UNSPECIFIED.,.F.,.F.,(4,4),(-2.89257881005563,0.),.UNSPECIFIED.);
#245=B_SPLINE_CURVE_WITH_KNOTS('',3,(#12200,#12201,#12202,#12203),
 .UNSPECIFIED.,.F.,.F.,(4,4),(-1.86177590523881,0.),.UNSPECIFIED.);
#246=B_SPLINE_CURVE_WITH_KNOTS('',3,(#12204,#12205,#12206,#12207,#12208,
#12209,#12210),.UNSPECIFIED.,.F.,.F.,(4,3,4),(-2.53317131147054,-1.26658565573527,
0.),.UNSPECIFIED.);
#247=B_SPLINE_CURVE_WITH_KNOTS('',3,(#12213,#12214,#12215,#12216),
 .UNSPECIFIED.,.F.,.F.,(4,4),(-3.76471806540349,0.),.UNSPECIFIED.);
#248=B_SPLINE_CURVE_WITH_KNOTS('',3,(#12218,#12219,#12220,#12221),
 .UNSPECIFIED.,.F.,.F.,(4,4),(-5.18354341607427,0.),.UNSPECIFIED.);
#249=B_SPLINE_CURVE_WITH_KNOTS('',3,(#12223,#12224,#12225,#12226),
 .UNSPECIFIED.,.F.,.F.,(4,4),(-2.8890313554557,0.),.UNSPECIFIED.);
#250=B_SPLINE_CURVE_WITH_KNOTS('',3,(#12228,#12229,#12230,#12231),
 .UNSPECIFIED.,.F.,.F.,(4,4),(-5.79973798167431,0.),.UNSPECIFIED.);
#251=B_SPLINE_CURVE_WITH_KNOTS('',3,(#12232,#12233,#12234,#12235,#12236,
#12237),.UNSPECIFIED.,.F.,.F.,(4,2,4),(-1.45070046386711,-0.72535023193355,
0.),.UNSPECIFIED.);
#252=B_SPLINE_CURVE_WITH_KNOTS('',3,(#12240,#12241,#12242,#12243,#12244,
#12245),.UNSPECIFIED.,.F.,.F.,(4,2,4),(-2.02478607729546,-1.01239303864773,
0.),.UNSPECIFIED.);
#253=B_SPLINE_CURVE_WITH_KNOTS('',3,(#12247,#12248,#12249,#12250),
 .UNSPECIFIED.,.F.,.F.,(4,4),(-4.60842411411721,0.),.UNSPECIFIED.);
#254=B_SPLINE_CURVE_WITH_KNOTS('',3,(#12252,#12253,#12254,#12255),
 .UNSPECIFIED.,.F.,.F.,(4,4),(-4.95310350210175,0.),.UNSPECIFIED.);
#255=B_SPLINE_CURVE_WITH_KNOTS('',3,(#12257,#12258,#12259,#12260),
 .UNSPECIFIED.,.F.,.F.,(4,4),(-7.0536380589329,0.),.UNSPECIFIED.);
#256=B_SPLINE_CURVE_WITH_KNOTS('',3,(#12261,#12262,#12263,#12264,#12265,
#12266,#12267),.UNSPECIFIED.,.F.,.F.,(4,3,4),(-3.55396081893472,-1.77698040946736,
0.),.UNSPECIFIED.);
#257=B_SPLINE_CURVE_WITH_KNOTS('',3,(#12270,#12271,#12272,#12273),
 .UNSPECIFIED.,.F.,.F.,(4,4),(-3.65711122528154,0.),.UNSPECIFIED.);
#258=B_SPLINE_CURVE_WITH_KNOTS('',3,(#12277,#12278,#12279,#12280),
 .UNSPECIFIED.,.F.,.F.,(4,4),(-4.80546412749356,0.),.UNSPECIFIED.);
#259=B_SPLINE_CURVE_WITH_KNOTS('',3,(#12282,#12283,#12284,#12285),
 .UNSPECIFIED.,.F.,.F.,(4,4),(-1.24701299471592,0.),.UNSPECIFIED.);
#260=B_SPLINE_CURVE_WITH_KNOTS('',3,(#12287,#12288,#12289,#12290),
 .UNSPECIFIED.,.F.,.F.,(4,4),(-2.54329147397918,0.),.UNSPECIFIED.);
#261=B_SPLINE_CURVE_WITH_KNOTS('',3,(#12291,#12292,#12293,#12294),
 .UNSPECIFIED.,.F.,.F.,(4,4),(-2.650639328709,0.),.UNSPECIFIED.);
#262=B_SPLINE_CURVE_WITH_KNOTS('',3,(#12297,#12298,#12299,#12300),
 .UNSPECIFIED.,.F.,.F.,(4,4),(-4.89852892638993,0.),.UNSPECIFIED.);
#263=B_SPLINE_CURVE_WITH_KNOTS('',3,(#12302,#12303,#12304,#12305),
 .UNSPECIFIED.,.F.,.F.,(4,4),(-5.53218705250684,0.),.UNSPECIFIED.);
#264=B_SPLINE_CURVE_WITH_KNOTS('',3,(#12306,#12307,#12308,#12309),
 .UNSPECIFIED.,.F.,.F.,(4,4),(-5.03937127524793,0.),.UNSPECIFIED.);
#265=B_SPLINE_CURVE_WITH_KNOTS('',3,(#12312,#12313,#12314,#12315),
 .UNSPECIFIED.,.F.,.F.,(4,4),(-4.31886189064665,0.),.UNSPECIFIED.);
#266=B_SPLINE_CURVE_WITH_KNOTS('',3,(#12317,#12318,#12319,#12320),
 .UNSPECIFIED.,.F.,.F.,(4,4),(-1.49798667461141,0.),.UNSPECIFIED.);
#267=B_SPLINE_CURVE_WITH_KNOTS('',3,(#12322,#12323,#12324,#12325,#12326,
#12327,#12328),.UNSPECIFIED.,.F.,.F.,(4,3,4),(-4.54390673761034,-2.27195336880517,
0.),.UNSPECIFIED.);
#268=B_SPLINE_CURVE_WITH_KNOTS('',3,(#12330,#12331,#12332,#12333),
 .UNSPECIFIED.,.F.,.F.,(4,4),(-3.13215940068018,0.),.UNSPECIFIED.);
#269=B_SPLINE_CURVE_WITH_KNOTS('',3,(#12334,#12335,#12336,#12337),
 .UNSPECIFIED.,.F.,.F.,(4,4),(-2.33023444290488,0.),.UNSPECIFIED.);
#270=B_SPLINE_CURVE_WITH_KNOTS('',3,(#12340,#12341,#12342,#12343),
 .UNSPECIFIED.,.F.,.F.,(4,4),(-1.88958380409046,0.),.UNSPECIFIED.);
#271=B_SPLINE_CURVE_WITH_KNOTS('',3,(#12345,#12346,#12347,#12348),
 .UNSPECIFIED.,.F.,.F.,(4,4),(-4.07843169428771,0.),.UNSPECIFIED.);
#272=B_SPLINE_CURVE_WITH_KNOTS('',3,(#12350,#12351,#12352,#12353,#12354,
#12355,#12356),.UNSPECIFIED.,.F.,.F.,(4,3,4),(-2.83667341755582,-1.41833670877791,
0.),.UNSPECIFIED.);
#273=B_SPLINE_CURVE_WITH_KNOTS('',3,(#12357,#12358,#12359,#12360),
 .UNSPECIFIED.,.F.,.F.,(4,4),(-4.36372121009054,0.),.UNSPECIFIED.);
#274=B_SPLINE_CURVE_WITH_KNOTS('',3,(#13121,#13122,#13123,#13124,#13125,
#13126,#13127,#13128,#13129,#13130,#13131,#13132),.UNSPECIFIED.,.F.,.F.,
(4,2,2,2,2,4),(0.,0.0470834624075563,0.0941669248151125,0.141251518931855,
0.188336113048597,0.205307960265303),.UNSPECIFIED.);
#275=B_SPLINE_CURVE_WITH_KNOTS('',3,(#13133,#13134,#13135,#13136,#13137,
#13138,#13139,#13140,#13141,#13142),.UNSPECIFIED.,.F.,.F.,(4,2,2,2,4),(-0.171372084436453,
-0.141252819164205,-0.0941678411230525,-0.0470843616706842,-8.82218315761962E-7),
 .UNSPECIFIED.);
#276=B_SPLINE_CURVE_WITH_KNOTS('',3,(#13160,#13161,#13162,#13163,#13164,
#13165),.UNSPECIFIED.,.F.,.F.,(4,2,4),(1.93670599056275E-6,0.047085756407932,
0.0583968688808898),.UNSPECIFIED.);
#277=B_SPLINE_CURVE_WITH_KNOTS('',3,(#13166,#13167,#13168,#13169,#13170,
#13171,#13172,#13173,#13174,#13175,#13176,#13177,#13178,#13179,#13180,#13181,
#13182,#13183,#13184),.UNSPECIFIED.,.F.,.F.,(4,2,2,2,2,2,2,3,4),(-0.318287513665985,
-0.282510972692908,-0.235425671551551,-0.188340370410194,-0.141255372096797,
-0.0941703737833995,-0.0470851868916997,0.,1.93670599056275E-6),
 .UNSPECIFIED.);
#278=B_SPLINE_CURVE_WITH_KNOTS('',3,(#13201,#13202,#13203,#13204,#13205,
#13206,#13207,#13208,#13209,#13210,#13211,#13212,#13213,#13214,#13215,#13216,
#13217,#13218),.UNSPECIFIED.,.F.,.F.,(4,2,2,2,2,2,2,2,4),(-0.370481374367391,
-0.329589716080334,-0.282504645704578,-0.23542087049455,-0.188337095284521,
-0.141253407340377,-0.094169719396232,-0.047084859698116,0.),
 .UNSPECIFIED.);
#279=B_SPLINE_CURVE_WITH_KNOTS('',3,(#13237,#13238,#13239,#13240,#13241,
#13242,#13243,#13244,#13245,#13246,#13247,#13248,#13249,#13250,#13251,#13252,
#13253,#13254,#13255,#13256),.UNSPECIFIED.,.F.,.F.,(4,2,2,2,2,2,2,2,2,4),
(0.0590154114328684,0.0941723555268258,0.141256064234718,0.18833977294261,
0.235422259455107,0.282504745967604,0.32958797310563,0.376671200243655,
0.42375669695262,0.435692859298327),.UNSPECIFIED.);
#280=B_SPLINE_CURVE_WITH_KNOTS('',3,(#13284,#13285,#13286,#13287,#13288,
#13289,#13290,#13291,#13292,#13293,#13294,#13295,#13296,#13297,#13298,#13299,
#13300,#13301,#13302,#13303),.UNSPECIFIED.,.F.,.F.,(4,2,2,2,2,2,2,2,2,4),
(0.342992819030578,0.376706386483037,0.423789784283292,0.470873182083547,
0.517955125505106,0.565037068926664,0.612119838945402,0.659202608964139,
0.706288002333368,0.719668758499214),.UNSPECIFIED.);
#281=B_SPLINE_CURVE_WITH_KNOTS('',3,(#13322,#13323,#13324,#13325,#13326,
#13327,#13328,#13329,#13330,#13331,#13332,#13333,#13334,#13335,#13336,#13337,
#13338,#13339,#13340,#13341),.UNSPECIFIED.,.F.,.F.,(4,2,2,2,2,2,2,2,2,4),
(0.265339393342412,0.282523101544797,0.329607951578701,0.376692801612604,
0.423776757732619,0.470860713852634,0.517944877976211,0.565029042099788,
0.612114394294172,0.64202082217792),.UNSPECIFIED.);
#282=B_SPLINE_CURVE_WITH_KNOTS('',3,(#13359,#13360,#13361,#13362,#13363,
#13364,#13365,#13366),.UNSPECIFIED.,.F.,.F.,(4,2,2,4),(0.376685068726277,
0.423768261521011,0.470853070254715,0.514091157163889),.UNSPECIFIED.);
#283=B_SPLINE_CURVE_WITH_KNOTS('',3,(#13367,#13368,#13369,#13370,#13371,
#13372,#13373,#13374,#13375,#13376,#13377,#13378,#13379,#13380,#13381,#13382),
 .UNSPECIFIED.,.F.,.F.,(4,2,2,2,2,2,2,4),(0.13740859727694,0.141259519334573,
0.188345307349687,0.235430046526255,0.282514785702824,0.329599119245065,
0.376683452787307,0.376685068726277),.UNSPECIFIED.);
#284=B_SPLINE_CURVE_WITH_KNOTS('',3,(#13404,#13405,#13406,#13407,#13408,
#13409,#13410,#13411,#13412,#13413),.UNSPECIFIED.,.F.,.F.,(4,2,2,2,4),(0.452198555849706,
0.489923057497415,0.527647559145124,0.565330285409303,0.603013011673483),
 .UNSPECIFIED.);
#285=B_SPLINE_CURVE_WITH_KNOTS('',3,(#13417,#13418,#13419,#13420,#13421,
#13422),.UNSPECIFIED.,.F.,.F.,(4,2,4),(0.,0.175150466097057,0.319967545572484),
 .UNSPECIFIED.);
#286=B_SPLINE_CURVE_WITH_KNOTS('',3,(#13447,#13448,#13449,#13450,#13451,
#13452,#13453,#13454,#13455,#13456),.UNSPECIFIED.,.F.,.F.,(4,2,2,2,4),(0.602890628035983,
0.640571225446663,0.678251822857343,0.715931753249596,0.75361168364185),
 .UNSPECIFIED.);
#287=B_SPLINE_CURVE_WITH_KNOTS('',3,(#13460,#13461,#13462,#13463,#13464,
#13465),.UNSPECIFIED.,.F.,.F.,(4,2,4),(0.691341609573346,0.854851306449653,
1.01836100332596),.UNSPECIFIED.);
#288=B_SPLINE_CURVE_WITH_KNOTS('',3,(#13611,#13612,#13613,#13614),
 .UNSPECIFIED.,.F.,.F.,(4,4),(0.27552378035323,0.332772720798674),
 .UNSPECIFIED.);
#289=B_SPLINE_CURVE_WITH_KNOTS('',3,(#13618,#13619,#13620,#13621,#13622,
#13623,#13624,#13625,#13626,#13627,#13628,#13629),.UNSPECIFIED.,.F.,.F.,
(4,2,2,2,2,4),(1.47654463555924,1.58377158417225,1.69386631663513,1.803961049098,
1.92674333075912,2.01956639538923),.UNSPECIFIED.);
#290=B_SPLINE_CURVE_WITH_KNOTS('',3,(#13632,#13633,#13634,#13635,#13636,
#13637,#13638,#13639,#13640,#13641,#13642,#13643),.UNSPECIFIED.,.F.,.F.,
(4,2,2,2,2,4),(0.332772720798674,0.368346844983349,0.491129126644466,0.601223859107338,
0.71131859157021,0.818545540183227),.UNSPECIFIED.);
#291=B_SPLINE_CURVE_WITH_KNOTS('',3,(#13666,#13667,#13668,#13669,#13670,
#13671,#13672,#13673,#13674,#13675),.UNSPECIFIED.,.F.,.F.,(4,2,2,2,4),(2.89799148038682,
3.02828142076663,3.37622786429675,3.72417430782688,3.97246239934655),
 .UNSPECIFIED.);
#292=B_SPLINE_CURVE_WITH_KNOTS('',3,(#13724,#13725,#13726,#13727,#13728,
#13729,#13730,#13731,#13732,#13733),.UNSPECIFIED.,.F.,.F.,(4,2,2,2,4),(4.21638549667827,
4.42006719488712,4.76801363841725,5.11596008194737,5.24625002232718),
 .UNSPECIFIED.);
#293=CYLINDRICAL_SURFACE('',#8004,3.);
#294=CYLINDRICAL_SURFACE('',#8009,2.37500000000001);
#295=CYLINDRICAL_SURFACE('',#8021,5.);
#296=CYLINDRICAL_SURFACE('',#8023,17.1013085779749);
#297=CYLINDRICAL_SURFACE('',#8025,1.25);
#298=CYLINDRICAL_SURFACE('',#8034,1.5);
#299=CYLINDRICAL_SURFACE('',#8038,1.5);
#300=CYLINDRICAL_SURFACE('',#8061,3.);
#301=CYLINDRICAL_SURFACE('',#8066,2.37500000000001);
#302=CYLINDRICAL_SURFACE('',#8078,42.3076664449496);
#303=CYLINDRICAL_SURFACE('',#8080,11.4809256885533);
#304=CYLINDRICAL_SURFACE('',#8082,1.25);
#305=CYLINDRICAL_SURFACE('',#8093,1.5);
#306=CYLINDRICAL_SURFACE('',#8097,1.5);
#307=CYLINDRICAL_SURFACE('',#8111,1.75);
#308=CYLINDRICAL_SURFACE('',#8113,1.25);
#309=CYLINDRICAL_SURFACE('',#8118,1.75);
#310=CYLINDRICAL_SURFACE('',#8120,1.25);
#311=CYLINDRICAL_SURFACE('',#8125,1.75);
#312=CYLINDRICAL_SURFACE('',#8127,1.25);
#313=CYLINDRICAL_SURFACE('',#8133,1.75);
#314=CYLINDRICAL_SURFACE('',#8135,1.25);
#315=CYLINDRICAL_SURFACE('',#8139,1.75);
#316=CYLINDRICAL_SURFACE('',#8146,1.75);
#317=CYLINDRICAL_SURFACE('',#8148,1.25);
#318=CYLINDRICAL_SURFACE('',#8154,1.75);
#319=CYLINDRICAL_SURFACE('',#8156,1.25);
#320=CYLINDRICAL_SURFACE('',#8161,1.75);
#321=CYLINDRICAL_SURFACE('',#8163,1.25);
#322=CYLINDRICAL_SURFACE('',#8167,1.75);
#323=CYLINDRICAL_SURFACE('',#8172,1.75);
#324=CYLINDRICAL_SURFACE('',#8174,1.);
#325=CYLINDRICAL_SURFACE('',#8178,1.);
#326=CYLINDRICAL_SURFACE('',#8186,1.25);
#327=CYLINDRICAL_SURFACE('',#8189,1.25);
#328=CYLINDRICAL_SURFACE('',#8192,1.25);
#329=CYLINDRICAL_SURFACE('',#8195,1.25);
#330=CYLINDRICAL_SURFACE('',#8198,1.25);
#331=CYLINDRICAL_SURFACE('',#8201,1.25);
#332=CYLINDRICAL_SURFACE('',#8204,1.25);
#333=CYLINDRICAL_SURFACE('',#8207,1.25);
#334=CYLINDRICAL_SURFACE('',#8210,1.25);
#335=CYLINDRICAL_SURFACE('',#8213,1.25);
#336=CYLINDRICAL_SURFACE('',#8216,1.25);
#337=CYLINDRICAL_SURFACE('',#8219,1.25);
#338=CYLINDRICAL_SURFACE('',#8222,5.);
#339=CYLINDRICAL_SURFACE('',#8227,5.);
#340=CYLINDRICAL_SURFACE('',#8229,5.);
#341=CYLINDRICAL_SURFACE('',#8231,15.);
#342=CYLINDRICAL_SURFACE('',#8243,5.);
#343=CYLINDRICAL_SURFACE('',#8252,5.);
#344=CYLINDRICAL_SURFACE('',#8257,1.);
#345=CYLINDRICAL_SURFACE('',#8260,1.);
#346=CYLINDRICAL_SURFACE('',#8262,1.);
#347=CYLINDRICAL_SURFACE('',#8264,1.);
#348=CYLINDRICAL_SURFACE('',#8281,1.75);
#349=CYLINDRICAL_SURFACE('',#8282,1.25);
#350=CYLINDRICAL_SURFACE('',#8283,2.5);
#351=CYLINDRICAL_SURFACE('',#8285,2.5);
#352=CYLINDRICAL_SURFACE('',#8290,2.5);
#353=CYLINDRICAL_SURFACE('',#8295,2.5);
#354=CYLINDRICAL_SURFACE('',#8304,1.75);
#355=CYLINDRICAL_SURFACE('',#8305,1.575);
#356=CYLINDRICAL_SURFACE('',#8306,2.5);
#357=CYLINDRICAL_SURFACE('',#8309,2.5);
#358=CYLINDRICAL_SURFACE('',#8313,1.75000000000001);
#359=CYLINDRICAL_SURFACE('',#8320,1.75000000000001);
#360=CYLINDRICAL_SURFACE('',#8344,5.50000000000001);
#361=CYLINDRICAL_SURFACE('',#8347,5.50000000000001);
#362=CYLINDRICAL_SURFACE('',#8350,5.50000000000001);
#363=CYLINDRICAL_SURFACE('',#8353,5.50000000000001);
#364=CYLINDRICAL_SURFACE('',#8356,5.50000000000001);
#365=CYLINDRICAL_SURFACE('',#8359,5.50000000000001);
#366=CYLINDRICAL_SURFACE('',#8362,7.54999999999999);
#367=CYLINDRICAL_SURFACE('',#8366,7.55000000000001);
#368=CYLINDRICAL_SURFACE('',#8370,7.55000000000001);
#369=CYLINDRICAL_SURFACE('',#8374,7.54999999999999);
#370=CYLINDRICAL_SURFACE('',#8378,7.54999999999999);
#371=CYLINDRICAL_SURFACE('',#8382,7.55000000000001);
#372=CYLINDRICAL_SURFACE('',#8405,3.75);
#373=CYLINDRICAL_SURFACE('',#8424,3.75);
#374=CYLINDRICAL_SURFACE('',#8427,3.75);
#375=CYLINDRICAL_SURFACE('',#8430,3.75);
#376=CYLINDRICAL_SURFACE('',#8453,3.75);
#377=CYLINDRICAL_SURFACE('',#8456,3.75);
#378=CYLINDRICAL_SURFACE('',#8459,3.75);
#379=CYLINDRICAL_SURFACE('',#8464,3.75);
#380=CYLINDRICAL_SURFACE('',#8468,3.75);
#381=CYLINDRICAL_SURFACE('',#8474,1.75);
#382=CYLINDRICAL_SURFACE('',#8476,1.35);
#383=CYLINDRICAL_SURFACE('',#8482,1.75);
#384=CYLINDRICAL_SURFACE('',#8484,1.35);
#385=CYLINDRICAL_SURFACE('',#8502,2.5);
#386=CYLINDRICAL_SURFACE('',#8505,1.25);
#387=CYLINDRICAL_SURFACE('',#8506,1.25);
#388=CYLINDRICAL_SURFACE('',#8507,2.5);
#389=CYLINDRICAL_SURFACE('',#8527,1.25);
#390=CYLINDRICAL_SURFACE('',#8528,1.25);
#391=CYLINDRICAL_SURFACE('',#8529,1.25);
#392=CYLINDRICAL_SURFACE('',#8530,1.25);
#393=CYLINDRICAL_SURFACE('',#8531,1.25);
#394=CYLINDRICAL_SURFACE('',#8532,1.25);
#395=CYLINDRICAL_SURFACE('',#8533,1.25);
#396=CYLINDRICAL_SURFACE('',#8534,1.25);
#397=CYLINDRICAL_SURFACE('',#8538,15.);
#398=CYLINDRICAL_SURFACE('',#8542,15.);
#399=CYLINDRICAL_SURFACE('',#8550,15.);
#400=CYLINDRICAL_SURFACE('',#8554,15.);
#401=CYLINDRICAL_SURFACE('',#8558,15.);
#402=(
BOUNDED_CURVE()
B_SPLINE_CURVE(3,(#10304,#10305,#10306,#10307),.UNSPECIFIED.,.F.,.F.)
B_SPLINE_CURVE_WITH_KNOTS((4,4),(0.0631834946199267,1.),.UNSPECIFIED.)
CURVE()
GEOMETRIC_REPRESENTATION_ITEM()
RATIONAL_B_SPLINE_CURVE((1.,1.,1.,1.))
REPRESENTATION_ITEM('')
);
#403=(
BOUNDED_CURVE()
B_SPLINE_CURVE(3,(#10309,#10310,#10311,#10312),.UNSPECIFIED.,.F.,.F.)
B_SPLINE_CURVE_WITH_KNOTS((4,4),(0.,1.),.UNSPECIFIED.)
CURVE()
GEOMETRIC_REPRESENTATION_ITEM()
RATIONAL_B_SPLINE_CURVE((1.,1.,1.,1.))
REPRESENTATION_ITEM('')
);
#404=(
BOUNDED_CURVE()
B_SPLINE_CURVE(3,(#10314,#10315,#10316,#10317),.UNSPECIFIED.,.F.,.F.)
B_SPLINE_CURVE_WITH_KNOTS((4,4),(0.,0.161192253256832),.UNSPECIFIED.)
CURVE()
GEOMETRIC_REPRESENTATION_ITEM()
RATIONAL_B_SPLINE_CURVE((1.,1.,1.,1.))
REPRESENTATION_ITEM('')
);
#405=(
BOUNDED_CURVE()
B_SPLINE_CURVE(3,(#10321,#10322,#10323,#10324),.UNSPECIFIED.,.F.,.F.)
B_SPLINE_CURVE_WITH_KNOTS((4,4),(0.822482866790961,1.),.UNSPECIFIED.)
CURVE()
GEOMETRIC_REPRESENTATION_ITEM()
RATIONAL_B_SPLINE_CURVE((1.,1.,1.,1.))
REPRESENTATION_ITEM('')
);
#406=(
BOUNDED_CURVE()
B_SPLINE_CURVE(3,(#10326,#10327,#10328,#10329),.UNSPECIFIED.,.F.,.F.)
B_SPLINE_CURVE_WITH_KNOTS((4,4),(0.,1.),.UNSPECIFIED.)
CURVE()
GEOMETRIC_REPRESENTATION_ITEM()
RATIONAL_B_SPLINE_CURVE((1.,1.,1.,1.))
REPRESENTATION_ITEM('')
);
#407=(
BOUNDED_CURVE()
B_SPLINE_CURVE(3,(#10331,#10332,#10333,#10334),.UNSPECIFIED.,.F.,.F.)
B_SPLINE_CURVE_WITH_KNOTS((4,4),(0.,1.),.UNSPECIFIED.)
CURVE()
GEOMETRIC_REPRESENTATION_ITEM()
RATIONAL_B_SPLINE_CURVE((1.,1.,1.,1.))
REPRESENTATION_ITEM('')
);
#408=(
BOUNDED_CURVE()
B_SPLINE_CURVE(3,(#10336,#10337,#10338,#10339),.UNSPECIFIED.,.F.,.F.)
B_SPLINE_CURVE_WITH_KNOTS((4,4),(0.,0.522474747704443),.UNSPECIFIED.)
CURVE()
GEOMETRIC_REPRESENTATION_ITEM()
RATIONAL_B_SPLINE_CURVE((1.,1.,1.,1.))
REPRESENTATION_ITEM('')
);
#409=(
BOUNDED_CURVE()
B_SPLINE_CURVE(3,(#10343,#10344,#10345,#10346),.UNSPECIFIED.,.F.,.F.)
B_SPLINE_CURVE_WITH_KNOTS((4,4),(0.483913338371766,1.),.UNSPECIFIED.)
CURVE()
GEOMETRIC_REPRESENTATION_ITEM()
RATIONAL_B_SPLINE_CURVE((1.,1.,1.,1.))
REPRESENTATION_ITEM('')
);
#410=(
BOUNDED_CURVE()
B_SPLINE_CURVE(3,(#10348,#10349,#10350,#10351),.UNSPECIFIED.,.F.,.F.)
B_SPLINE_CURVE_WITH_KNOTS((4,4),(0.,1.),.UNSPECIFIED.)
CURVE()
GEOMETRIC_REPRESENTATION_ITEM()
RATIONAL_B_SPLINE_CURVE((1.,1.,1.,1.))
REPRESENTATION_ITEM('')
);
#411=(
BOUNDED_CURVE()
B_SPLINE_CURVE(3,(#10353,#10354,#10355,#10356),.UNSPECIFIED.,.F.,.F.)
B_SPLINE_CURVE_WITH_KNOTS((4,4),(0.,1.),.UNSPECIFIED.)
CURVE()
GEOMETRIC_REPRESENTATION_ITEM()
RATIONAL_B_SPLINE_CURVE((1.,1.,1.,1.))
REPRESENTATION_ITEM('')
);
#412=(
BOUNDED_CURVE()
B_SPLINE_CURVE(3,(#10358,#10359,#10360,#10361),.UNSPECIFIED.,.F.,.F.)
B_SPLINE_CURVE_WITH_KNOTS((4,4),(0.,0.515784162190323),.UNSPECIFIED.)
CURVE()
GEOMETRIC_REPRESENTATION_ITEM()
RATIONAL_B_SPLINE_CURVE((1.,1.,1.,1.))
REPRESENTATION_ITEM('')
);
#413=(
BOUNDED_CURVE()
B_SPLINE_CURVE(3,(#10369,#10370,#10371,#10372),.UNSPECIFIED.,.F.,.F.)
B_SPLINE_CURVE_WITH_KNOTS((4,4),(0.44115918575596,1.),.UNSPECIFIED.)
CURVE()
GEOMETRIC_REPRESENTATION_ITEM()
RATIONAL_B_SPLINE_CURVE((1.,1.,1.,1.))
REPRESENTATION_ITEM('')
);
#414=(
BOUNDED_CURVE()
B_SPLINE_CURVE(3,(#10374,#10375,#10376,#10377),.UNSPECIFIED.,.F.,.F.)
B_SPLINE_CURVE_WITH_KNOTS((4,4),(0.,1.),.UNSPECIFIED.)
CURVE()
GEOMETRIC_REPRESENTATION_ITEM()
RATIONAL_B_SPLINE_CURVE((1.,1.,1.,1.))
REPRESENTATION_ITEM('')
);
#415=(
BOUNDED_CURVE()
B_SPLINE_CURVE(3,(#10379,#10380,#10381,#10382),.UNSPECIFIED.,.F.,.F.)
B_SPLINE_CURVE_WITH_KNOTS((4,4),(0.,1.),.UNSPECIFIED.)
CURVE()
GEOMETRIC_REPRESENTATION_ITEM()
RATIONAL_B_SPLINE_CURVE((1.,1.,1.,1.))
REPRESENTATION_ITEM('')
);
#416=(
BOUNDED_CURVE()
B_SPLINE_CURVE(3,(#10384,#10385,#10386,#10387),.UNSPECIFIED.,.F.,.F.)
B_SPLINE_CURVE_WITH_KNOTS((4,4),(0.,0.552369210567212),.UNSPECIFIED.)
CURVE()
GEOMETRIC_REPRESENTATION_ITEM()
RATIONAL_B_SPLINE_CURVE((1.,1.,1.,1.))
REPRESENTATION_ITEM('')
);
#417=(
BOUNDED_CURVE()
B_SPLINE_CURVE(3,(#10391,#10392,#10393,#10394),.UNSPECIFIED.,.F.,.F.)
B_SPLINE_CURVE_WITH_KNOTS((4,4),(0.446138314856646,1.),.UNSPECIFIED.)
CURVE()
GEOMETRIC_REPRESENTATION_ITEM()
RATIONAL_B_SPLINE_CURVE((1.,1.,1.,1.))
REPRESENTATION_ITEM('')
);
#418=(
BOUNDED_CURVE()
B_SPLINE_CURVE(3,(#10396,#10397,#10398,#10399),.UNSPECIFIED.,.F.,.F.)
B_SPLINE_CURVE_WITH_KNOTS((4,4),(0.,1.),.UNSPECIFIED.)
CURVE()
GEOMETRIC_REPRESENTATION_ITEM()
RATIONAL_B_SPLINE_CURVE((1.,1.,1.,1.))
REPRESENTATION_ITEM('')
);
#419=(
BOUNDED_CURVE()
B_SPLINE_CURVE(3,(#10401,#10402,#10403,#10404),.UNSPECIFIED.,.F.,.F.)
B_SPLINE_CURVE_WITH_KNOTS((4,4),(0.,1.),.UNSPECIFIED.)
CURVE()
GEOMETRIC_REPRESENTATION_ITEM()
RATIONAL_B_SPLINE_CURVE((1.,1.,1.,1.))
REPRESENTATION_ITEM('')
);
#420=(
BOUNDED_CURVE()
B_SPLINE_CURVE(3,(#10406,#10407,#10408,#10409),.UNSPECIFIED.,.F.,.F.)
B_SPLINE_CURVE_WITH_KNOTS((4,4),(0.,0.125920630671356),.UNSPECIFIED.)
CURVE()
GEOMETRIC_REPRESENTATION_ITEM()
RATIONAL_B_SPLINE_CURVE((1.,1.,1.,1.))
REPRESENTATION_ITEM('')
);
#421=(
BOUNDED_CURVE()
B_SPLINE_CURVE(3,(#10413,#10414,#10415,#10416),.UNSPECIFIED.,.F.,.F.)
B_SPLINE_CURVE_WITH_KNOTS((4,4),(0.887376993927263,1.),.UNSPECIFIED.)
CURVE()
GEOMETRIC_REPRESENTATION_ITEM()
RATIONAL_B_SPLINE_CURVE((1.,1.,1.,1.))
REPRESENTATION_ITEM('')
);
#422=(
BOUNDED_CURVE()
B_SPLINE_CURVE(3,(#10418,#10419,#10420,#10421),.UNSPECIFIED.,.F.,.F.)
B_SPLINE_CURVE_WITH_KNOTS((4,4),(0.,1.),.UNSPECIFIED.)
CURVE()
GEOMETRIC_REPRESENTATION_ITEM()
RATIONAL_B_SPLINE_CURVE((1.,1.,1.,1.))
REPRESENTATION_ITEM('')
);
#423=(
BOUNDED_CURVE()
B_SPLINE_CURVE(3,(#10423,#10424,#10425,#10426),.UNSPECIFIED.,.F.,.F.)
B_SPLINE_CURVE_WITH_KNOTS((4,4),(0.,1.),.UNSPECIFIED.)
CURVE()
GEOMETRIC_REPRESENTATION_ITEM()
RATIONAL_B_SPLINE_CURVE((1.,1.,1.,1.))
REPRESENTATION_ITEM('')
);
#424=(
BOUNDED_CURVE()
B_SPLINE_CURVE(3,(#10428,#10429,#10430,#10431),.UNSPECIFIED.,.F.,.F.)
B_SPLINE_CURVE_WITH_KNOTS((4,4),(0.,0.958751980994244),.UNSPECIFIED.)
CURVE()
GEOMETRIC_REPRESENTATION_ITEM()
RATIONAL_B_SPLINE_CURVE((1.,1.,1.,1.))
REPRESENTATION_ITEM('')
);
#425=(
BOUNDED_CURVE()
B_SPLINE_CURVE(3,(#10437,#10438,#10439,#10440),.UNSPECIFIED.,.F.,.F.)
B_SPLINE_CURVE_WITH_KNOTS((4,4),(0.459225045246082,1.),.UNSPECIFIED.)
CURVE()
GEOMETRIC_REPRESENTATION_ITEM()
RATIONAL_B_SPLINE_CURVE((1.,1.,1.,1.))
REPRESENTATION_ITEM('')
);
#426=(
BOUNDED_CURVE()
B_SPLINE_CURVE(3,(#10442,#10443,#10444,#10445),.UNSPECIFIED.,.F.,.F.)
B_SPLINE_CURVE_WITH_KNOTS((4,4),(0.,1.),.UNSPECIFIED.)
CURVE()
GEOMETRIC_REPRESENTATION_ITEM()
RATIONAL_B_SPLINE_CURVE((1.,1.,1.,1.))
REPRESENTATION_ITEM('')
);
#427=(
BOUNDED_CURVE()
B_SPLINE_CURVE(3,(#10447,#10448,#10449,#10450),.UNSPECIFIED.,.F.,.F.)
B_SPLINE_CURVE_WITH_KNOTS((4,4),(0.,1.),.UNSPECIFIED.)
CURVE()
GEOMETRIC_REPRESENTATION_ITEM()
RATIONAL_B_SPLINE_CURVE((1.,1.,1.,1.))
REPRESENTATION_ITEM('')
);
#428=(
BOUNDED_CURVE()
B_SPLINE_CURVE(3,(#10451,#10452,#10453,#10454),.UNSPECIFIED.,.F.,.F.)
B_SPLINE_CURVE_WITH_KNOTS((4,4),(0.,0.959999423837215),.UNSPECIFIED.)
CURVE()
GEOMETRIC_REPRESENTATION_ITEM()
RATIONAL_B_SPLINE_CURVE((1.,1.,1.,1.))
REPRESENTATION_ITEM('')
);
#429=(
BOUNDED_CURVE()
B_SPLINE_CURVE(3,(#10457,#10458,#10459,#10460),.UNSPECIFIED.,.F.,.F.)
B_SPLINE_CURVE_WITH_KNOTS((4,4),(0.,1.),.UNSPECIFIED.)
CURVE()
GEOMETRIC_REPRESENTATION_ITEM()
RATIONAL_B_SPLINE_CURVE((1.,1.,1.,1.))
REPRESENTATION_ITEM('')
);
#430=(
BOUNDED_CURVE()
B_SPLINE_CURVE(3,(#10462,#10463,#10464,#10465),.UNSPECIFIED.,.F.,.F.)
B_SPLINE_CURVE_WITH_KNOTS((4,4),(0.,1.),.UNSPECIFIED.)
CURVE()
GEOMETRIC_REPRESENTATION_ITEM()
RATIONAL_B_SPLINE_CURVE((1.,1.,1.,1.))
REPRESENTATION_ITEM('')
);
#431=(
BOUNDED_CURVE()
B_SPLINE_CURVE(3,(#10467,#10468,#10469,#10470),.UNSPECIFIED.,.F.,.F.)
B_SPLINE_CURVE_WITH_KNOTS((4,4),(0.,1.),.UNSPECIFIED.)
CURVE()
GEOMETRIC_REPRESENTATION_ITEM()
RATIONAL_B_SPLINE_CURVE((1.,1.,1.,1.))
REPRESENTATION_ITEM('')
);
#432=(
BOUNDED_CURVE()
B_SPLINE_CURVE(3,(#10471,#10472,#10473,#10474),.UNSPECIFIED.,.F.,.F.)
B_SPLINE_CURVE_WITH_KNOTS((4,4),(0.,1.),.UNSPECIFIED.)
CURVE()
GEOMETRIC_REPRESENTATION_ITEM()
RATIONAL_B_SPLINE_CURVE((1.,1.,1.,1.))
REPRESENTATION_ITEM('')
);
#433=(
BOUNDED_CURVE()
B_SPLINE_CURVE(3,(#10477,#10478,#10479,#10480),.UNSPECIFIED.,.F.,.F.)
B_SPLINE_CURVE_WITH_KNOTS((4,4),(0.,1.),.UNSPECIFIED.)
CURVE()
GEOMETRIC_REPRESENTATION_ITEM()
RATIONAL_B_SPLINE_CURVE((1.,1.,1.,1.))
REPRESENTATION_ITEM('')
);
#434=(
BOUNDED_CURVE()
B_SPLINE_CURVE(3,(#10482,#10483,#10484,#10485),.UNSPECIFIED.,.F.,.F.)
B_SPLINE_CURVE_WITH_KNOTS((4,4),(0.,1.),.UNSPECIFIED.)
CURVE()
GEOMETRIC_REPRESENTATION_ITEM()
RATIONAL_B_SPLINE_CURVE((1.,1.,1.,1.))
REPRESENTATION_ITEM('')
);
#435=(
BOUNDED_CURVE()
B_SPLINE_CURVE(3,(#10487,#10488,#10489,#10490),.UNSPECIFIED.,.F.,.F.)
B_SPLINE_CURVE_WITH_KNOTS((4,4),(0.,1.),.UNSPECIFIED.)
CURVE()
GEOMETRIC_REPRESENTATION_ITEM()
RATIONAL_B_SPLINE_CURVE((1.,1.,1.,1.))
REPRESENTATION_ITEM('')
);
#436=(
BOUNDED_CURVE()
B_SPLINE_CURVE(3,(#10491,#10492,#10493,#10494),.UNSPECIFIED.,.F.,.F.)
B_SPLINE_CURVE_WITH_KNOTS((4,4),(0.,1.),.UNSPECIFIED.)
CURVE()
GEOMETRIC_REPRESENTATION_ITEM()
RATIONAL_B_SPLINE_CURVE((1.,1.,1.,1.))
REPRESENTATION_ITEM('')
);
#437=(
BOUNDED_CURVE()
B_SPLINE_CURVE(3,(#10497,#10498,#10499,#10500),.UNSPECIFIED.,.F.,.F.)
B_SPLINE_CURVE_WITH_KNOTS((4,4),(0.,1.),.UNSPECIFIED.)
CURVE()
GEOMETRIC_REPRESENTATION_ITEM()
RATIONAL_B_SPLINE_CURVE((1.,1.,1.,1.))
REPRESENTATION_ITEM('')
);
#438=(
BOUNDED_CURVE()
B_SPLINE_CURVE(3,(#10502,#10503,#10504,#10505),.UNSPECIFIED.,.F.,.F.)
B_SPLINE_CURVE_WITH_KNOTS((4,4),(0.,1.),.UNSPECIFIED.)
CURVE()
GEOMETRIC_REPRESENTATION_ITEM()
RATIONAL_B_SPLINE_CURVE((1.,1.,1.,1.))
REPRESENTATION_ITEM('')
);
#439=(
BOUNDED_CURVE()
B_SPLINE_CURVE(3,(#10507,#10508,#10509,#10510),.UNSPECIFIED.,.F.,.F.)
B_SPLINE_CURVE_WITH_KNOTS((4,4),(0.,1.),.UNSPECIFIED.)
CURVE()
GEOMETRIC_REPRESENTATION_ITEM()
RATIONAL_B_SPLINE_CURVE((1.,1.,1.,1.))
REPRESENTATION_ITEM('')
);
#440=(
BOUNDED_CURVE()
B_SPLINE_CURVE(3,(#10511,#10512,#10513,#10514),.UNSPECIFIED.,.F.,.F.)
B_SPLINE_CURVE_WITH_KNOTS((4,4),(0.,1.),.UNSPECIFIED.)
CURVE()
GEOMETRIC_REPRESENTATION_ITEM()
RATIONAL_B_SPLINE_CURVE((1.,1.,1.,1.))
REPRESENTATION_ITEM('')
);
#441=(
BOUNDED_CURVE()
B_SPLINE_CURVE(3,(#10517,#10518,#10519,#10520),.UNSPECIFIED.,.F.,.F.)
B_SPLINE_CURVE_WITH_KNOTS((4,4),(0.,1.),.UNSPECIFIED.)
CURVE()
GEOMETRIC_REPRESENTATION_ITEM()
RATIONAL_B_SPLINE_CURVE((1.,1.,1.,1.))
REPRESENTATION_ITEM('')
);
#442=(
BOUNDED_CURVE()
B_SPLINE_CURVE(3,(#10522,#10523,#10524,#10525),.UNSPECIFIED.,.F.,.F.)
B_SPLINE_CURVE_WITH_KNOTS((4,4),(0.,1.),.UNSPECIFIED.)
CURVE()
GEOMETRIC_REPRESENTATION_ITEM()
RATIONAL_B_SPLINE_CURVE((1.,1.,1.,1.))
REPRESENTATION_ITEM('')
);
#443=(
BOUNDED_CURVE()
B_SPLINE_CURVE(3,(#10527,#10528,#10529,#10530),.UNSPECIFIED.,.F.,.F.)
B_SPLINE_CURVE_WITH_KNOTS((4,4),(0.,1.),.UNSPECIFIED.)
CURVE()
GEOMETRIC_REPRESENTATION_ITEM()
RATIONAL_B_SPLINE_CURVE((1.,1.,1.,1.))
REPRESENTATION_ITEM('')
);
#444=(
BOUNDED_CURVE()
B_SPLINE_CURVE(3,(#10531,#10532,#10533,#10534),.UNSPECIFIED.,.F.,.F.)
B_SPLINE_CURVE_WITH_KNOTS((4,4),(0.,1.),.UNSPECIFIED.)
CURVE()
GEOMETRIC_REPRESENTATION_ITEM()
RATIONAL_B_SPLINE_CURVE((1.,1.,1.,1.))
REPRESENTATION_ITEM('')
);
#445=(
BOUNDED_CURVE()
B_SPLINE_CURVE(3,(#10537,#10538,#10539,#10540),.UNSPECIFIED.,.F.,.F.)
B_SPLINE_CURVE_WITH_KNOTS((4,4),(0.,1.),.UNSPECIFIED.)
CURVE()
GEOMETRIC_REPRESENTATION_ITEM()
RATIONAL_B_SPLINE_CURVE((1.,1.,1.,1.))
REPRESENTATION_ITEM('')
);
#446=(
BOUNDED_CURVE()
B_SPLINE_CURVE(3,(#10542,#10543,#10544,#10545),.UNSPECIFIED.,.F.,.F.)
B_SPLINE_CURVE_WITH_KNOTS((4,4),(0.,1.),.UNSPECIFIED.)
CURVE()
GEOMETRIC_REPRESENTATION_ITEM()
RATIONAL_B_SPLINE_CURVE((1.,1.,1.,1.))
REPRESENTATION_ITEM('')
);
#447=(
BOUNDED_CURVE()
B_SPLINE_CURVE(3,(#10547,#10548,#10549,#10550),.UNSPECIFIED.,.F.,.F.)
B_SPLINE_CURVE_WITH_KNOTS((4,4),(0.,1.),.UNSPECIFIED.)
CURVE()
GEOMETRIC_REPRESENTATION_ITEM()
RATIONAL_B_SPLINE_CURVE((1.,1.,1.,1.))
REPRESENTATION_ITEM('')
);
#448=(
BOUNDED_CURVE()
B_SPLINE_CURVE(3,(#10551,#10552,#10553,#10554),.UNSPECIFIED.,.F.,.F.)
B_SPLINE_CURVE_WITH_KNOTS((4,4),(0.,1.),.UNSPECIFIED.)
CURVE()
GEOMETRIC_REPRESENTATION_ITEM()
RATIONAL_B_SPLINE_CURVE((1.,1.,1.,1.))
REPRESENTATION_ITEM('')
);
#449=(
BOUNDED_CURVE()
B_SPLINE_CURVE(3,(#10912,#10913,#10914,#10915),.UNSPECIFIED.,.F.,.F.)
B_SPLINE_CURVE_WITH_KNOTS((4,4),(0.,0.0631834946199267),.UNSPECIFIED.)
CURVE()
GEOMETRIC_REPRESENTATION_ITEM()
RATIONAL_B_SPLINE_CURVE((1.,1.,1.,1.))
REPRESENTATION_ITEM('')
);
#450=(
BOUNDED_CURVE()
B_SPLINE_CURVE(3,(#10936,#10937,#10938,#10939),.UNSPECIFIED.,.F.,.F.)
B_SPLINE_CURVE_WITH_KNOTS((4,4),(0.161192253256832,1.),.UNSPECIFIED.)
CURVE()
GEOMETRIC_REPRESENTATION_ITEM()
RATIONAL_B_SPLINE_CURVE((1.,1.,1.,1.))
REPRESENTATION_ITEM('')
);
#451=(
BOUNDED_CURVE()
B_SPLINE_CURVE(3,(#10948,#10949,#10950,#10951),.UNSPECIFIED.,.F.,.F.)
B_SPLINE_CURVE_WITH_KNOTS((4,4),(0.,1.),.UNSPECIFIED.)
CURVE()
GEOMETRIC_REPRESENTATION_ITEM()
RATIONAL_B_SPLINE_CURVE((1.,1.,1.,1.))
REPRESENTATION_ITEM('')
);
#452=(
BOUNDED_CURVE()
B_SPLINE_CURVE(3,(#10981,#10982,#10983,#10984),.UNSPECIFIED.,.F.,.F.)
B_SPLINE_CURVE_WITH_KNOTS((4,4),(0.125920630671356,1.),.UNSPECIFIED.)
CURVE()
GEOMETRIC_REPRESENTATION_ITEM()
RATIONAL_B_SPLINE_CURVE((1.,1.,1.,1.))
REPRESENTATION_ITEM('')
);
#453=(
BOUNDED_CURVE()
B_SPLINE_CURVE(3,(#10995,#10996,#10997,#10998),.UNSPECIFIED.,.F.,.F.)
B_SPLINE_CURVE_WITH_KNOTS((4,4),(0.,1.),.UNSPECIFIED.)
CURVE()
GEOMETRIC_REPRESENTATION_ITEM()
RATIONAL_B_SPLINE_CURVE((1.,1.,1.,1.))
REPRESENTATION_ITEM('')
);
#454=(
BOUNDED_CURVE()
B_SPLINE_CURVE(3,(#11007,#11008,#11009,#11010),.UNSPECIFIED.,.F.,.F.)
B_SPLINE_CURVE_WITH_KNOTS((4,4),(0.,0.446138314856646),.UNSPECIFIED.)
CURVE()
GEOMETRIC_REPRESENTATION_ITEM()
RATIONAL_B_SPLINE_CURVE((1.,1.,1.,1.))
REPRESENTATION_ITEM('')
);
#455=(
BOUNDED_CURVE()
B_SPLINE_CURVE(3,(#11040,#11041,#11042,#11043),.UNSPECIFIED.,.F.,.F.)
B_SPLINE_CURVE_WITH_KNOTS((4,4),(0.958751980994244,1.),.UNSPECIFIED.)
CURVE()
GEOMETRIC_REPRESENTATION_ITEM()
RATIONAL_B_SPLINE_CURVE((1.,1.,1.,1.))
REPRESENTATION_ITEM('')
);
#456=(
BOUNDED_CURVE()
B_SPLINE_CURVE(3,(#11054,#11055,#11056,#11057),.UNSPECIFIED.,.F.,.F.)
B_SPLINE_CURVE_WITH_KNOTS((4,4),(0.,1.),.UNSPECIFIED.)
CURVE()
GEOMETRIC_REPRESENTATION_ITEM()
RATIONAL_B_SPLINE_CURVE((1.,1.,1.,1.))
REPRESENTATION_ITEM('')
);
#457=(
BOUNDED_CURVE()
B_SPLINE_CURVE(3,(#11066,#11067,#11068,#11069),.UNSPECIFIED.,.F.,.F.)
B_SPLINE_CURVE_WITH_KNOTS((4,4),(0.,0.887376993927263),.UNSPECIFIED.)
CURVE()
GEOMETRIC_REPRESENTATION_ITEM()
RATIONAL_B_SPLINE_CURVE((1.,1.,1.,1.))
REPRESENTATION_ITEM('')
);
#458=(
BOUNDED_CURVE()
B_SPLINE_CURVE(3,(#11116,#11117,#11118,#11119),.UNSPECIFIED.,.F.,.F.)
B_SPLINE_CURVE_WITH_KNOTS((4,4),(0.552369210567212,1.),.UNSPECIFIED.)
CURVE()
GEOMETRIC_REPRESENTATION_ITEM()
RATIONAL_B_SPLINE_CURVE((1.,1.,1.,1.))
REPRESENTATION_ITEM('')
);
#459=(
BOUNDED_CURVE()
B_SPLINE_CURVE(3,(#11130,#11131,#11132,#11133),.UNSPECIFIED.,.F.,.F.)
B_SPLINE_CURVE_WITH_KNOTS((4,4),(0.,0.44115918575596),.UNSPECIFIED.)
CURVE()
GEOMETRIC_REPRESENTATION_ITEM()
RATIONAL_B_SPLINE_CURVE((1.,1.,1.,1.))
REPRESENTATION_ITEM('')
);
#460=(
BOUNDED_CURVE()
B_SPLINE_CURVE(3,(#11180,#11181,#11182,#11183),.UNSPECIFIED.,.F.,.F.)
B_SPLINE_CURVE_WITH_KNOTS((4,4),(0.522474747704443,1.),.UNSPECIFIED.)
CURVE()
GEOMETRIC_REPRESENTATION_ITEM()
RATIONAL_B_SPLINE_CURVE((1.,1.,1.,1.))
REPRESENTATION_ITEM('')
);
#461=(
BOUNDED_CURVE()
B_SPLINE_CURVE(3,(#11194,#11195,#11196,#11197),.UNSPECIFIED.,.F.,.F.)
B_SPLINE_CURVE_WITH_KNOTS((4,4),(0.,1.),.UNSPECIFIED.)
CURVE()
GEOMETRIC_REPRESENTATION_ITEM()
RATIONAL_B_SPLINE_CURVE((1.,1.,1.,1.))
REPRESENTATION_ITEM('')
);
#462=(
BOUNDED_CURVE()
B_SPLINE_CURVE(3,(#11206,#11207,#11208,#11209),.UNSPECIFIED.,.F.,.F.)
B_SPLINE_CURVE_WITH_KNOTS((4,4),(0.,0.822482866790961),.UNSPECIFIED.)
CURVE()
GEOMETRIC_REPRESENTATION_ITEM()
RATIONAL_B_SPLINE_CURVE((1.,1.,1.,1.))
REPRESENTATION_ITEM('')
);
#463=(
BOUNDED_CURVE()
B_SPLINE_CURVE(3,(#11302,#11303,#11304,#11305),.UNSPECIFIED.,.F.,.F.)
B_SPLINE_CURVE_WITH_KNOTS((4,4),(0.959999423837215,1.),.UNSPECIFIED.)
CURVE()
GEOMETRIC_REPRESENTATION_ITEM()
RATIONAL_B_SPLINE_CURVE((1.,1.,1.,1.))
REPRESENTATION_ITEM('')
);
#464=(
BOUNDED_CURVE()
B_SPLINE_CURVE(3,(#11316,#11317,#11318,#11319),.UNSPECIFIED.,.F.,.F.)
B_SPLINE_CURVE_WITH_KNOTS((4,4),(0.,0.984421971196414),.UNSPECIFIED.)
CURVE()
GEOMETRIC_REPRESENTATION_ITEM()
RATIONAL_B_SPLINE_CURVE((1.,1.,1.,1.))
REPRESENTATION_ITEM('')
);
#465=(
BOUNDED_CURVE()
B_SPLINE_CURVE(3,(#11445,#11446,#11447,#11448),.UNSPECIFIED.,.F.,.F.)
B_SPLINE_CURVE_WITH_KNOTS((4,4),(0.515784162190323,1.),.UNSPECIFIED.)
CURVE()
GEOMETRIC_REPRESENTATION_ITEM()
RATIONAL_B_SPLINE_CURVE((1.,1.,1.,1.))
REPRESENTATION_ITEM('')
);
#466=(
BOUNDED_CURVE()
B_SPLINE_CURVE(3,(#11457,#11458,#11459,#11460),.UNSPECIFIED.,.F.,.F.)
B_SPLINE_CURVE_WITH_KNOTS((4,4),(0.,0.483913338371766),.UNSPECIFIED.)
CURVE()
GEOMETRIC_REPRESENTATION_ITEM()
RATIONAL_B_SPLINE_CURVE((1.,1.,1.,1.))
REPRESENTATION_ITEM('')
);
#467=(
BOUNDED_CURVE()
B_SPLINE_CURVE(3,(#11573,#11574,#11575,#11576),.UNSPECIFIED.,.F.,.F.)
B_SPLINE_CURVE_WITH_KNOTS((4,4),(0.,1.),.UNSPECIFIED.)
CURVE()
GEOMETRIC_REPRESENTATION_ITEM()
RATIONAL_B_SPLINE_CURVE((1.,1.,1.,1.))
REPRESENTATION_ITEM('')
);
#468=(
BOUNDED_CURVE()
B_SPLINE_CURVE(3,(#11578,#11579,#11580,#11581),.UNSPECIFIED.,.F.,.F.)
B_SPLINE_CURVE_WITH_KNOTS((4,4),(0.,1.),.UNSPECIFIED.)
CURVE()
GEOMETRIC_REPRESENTATION_ITEM()
RATIONAL_B_SPLINE_CURVE((1.,1.,1.,1.))
REPRESENTATION_ITEM('')
);
#469=(
BOUNDED_CURVE()
B_SPLINE_CURVE(3,(#11583,#11584,#11585,#11586),.UNSPECIFIED.,.F.,.F.)
B_SPLINE_CURVE_WITH_KNOTS((4,4),(0.,0.959740113362042),.UNSPECIFIED.)
CURVE()
GEOMETRIC_REPRESENTATION_ITEM()
RATIONAL_B_SPLINE_CURVE((1.,1.,1.,1.))
REPRESENTATION_ITEM('')
);
#470=(
BOUNDED_CURVE()
B_SPLINE_CURVE(3,(#11590,#11591,#11592,#11593),.UNSPECIFIED.,.F.,.F.)
B_SPLINE_CURVE_WITH_KNOTS((4,4),(0.0538020137839541,1.),.UNSPECIFIED.)
CURVE()
GEOMETRIC_REPRESENTATION_ITEM()
RATIONAL_B_SPLINE_CURVE((1.,1.,1.,1.))
REPRESENTATION_ITEM('')
);
#471=(
BOUNDED_CURVE()
B_SPLINE_CURVE(3,(#11595,#11596,#11597,#11598),.UNSPECIFIED.,.F.,.F.)
B_SPLINE_CURVE_WITH_KNOTS((4,4),(0.,1.),.UNSPECIFIED.)
CURVE()
GEOMETRIC_REPRESENTATION_ITEM()
RATIONAL_B_SPLINE_CURVE((1.,1.,1.,1.))
REPRESENTATION_ITEM('')
);
#472=(
BOUNDED_CURVE()
B_SPLINE_CURVE(3,(#11600,#11601,#11602,#11603),.UNSPECIFIED.,.F.,.F.)
B_SPLINE_CURVE_WITH_KNOTS((4,4),(0.,0.102842712079623),.UNSPECIFIED.)
CURVE()
GEOMETRIC_REPRESENTATION_ITEM()
RATIONAL_B_SPLINE_CURVE((1.,1.,1.,1.))
REPRESENTATION_ITEM('')
);
#473=(
BOUNDED_CURVE()
B_SPLINE_CURVE(3,(#11614,#11615,#11616,#11617),.UNSPECIFIED.,.F.,.F.)
B_SPLINE_CURVE_WITH_KNOTS((4,4),(0.865356050860435,1.),.UNSPECIFIED.)
CURVE()
GEOMETRIC_REPRESENTATION_ITEM()
RATIONAL_B_SPLINE_CURVE((1.,1.,1.,1.))
REPRESENTATION_ITEM('')
);
#474=(
BOUNDED_CURVE()
B_SPLINE_CURVE(3,(#11619,#11620,#11621,#11622),.UNSPECIFIED.,.F.,.F.)
B_SPLINE_CURVE_WITH_KNOTS((4,4),(0.,1.),.UNSPECIFIED.)
CURVE()
GEOMETRIC_REPRESENTATION_ITEM()
RATIONAL_B_SPLINE_CURVE((1.,1.,1.,1.))
REPRESENTATION_ITEM('')
);
#475=(
BOUNDED_CURVE()
B_SPLINE_CURVE(3,(#11624,#11625,#11626,#11627),.UNSPECIFIED.,.F.,.F.)
B_SPLINE_CURVE_WITH_KNOTS((4,4),(0.,1.),.UNSPECIFIED.)
CURVE()
GEOMETRIC_REPRESENTATION_ITEM()
RATIONAL_B_SPLINE_CURVE((1.,1.,1.,1.))
REPRESENTATION_ITEM('')
);
#476=(
BOUNDED_CURVE()
B_SPLINE_CURVE(3,(#11629,#11630,#11631,#11632),.UNSPECIFIED.,.F.,.F.)
B_SPLINE_CURVE_WITH_KNOTS((4,4),(0.,1.),.UNSPECIFIED.)
CURVE()
GEOMETRIC_REPRESENTATION_ITEM()
RATIONAL_B_SPLINE_CURVE((1.,1.,1.,1.))
REPRESENTATION_ITEM('')
);
#477=(
BOUNDED_CURVE()
B_SPLINE_CURVE(3,(#11634,#11635,#11636,#11637),.UNSPECIFIED.,.F.,.F.)
B_SPLINE_CURVE_WITH_KNOTS((4,4),(0.,0.0227335064885568),.UNSPECIFIED.)
CURVE()
GEOMETRIC_REPRESENTATION_ITEM()
RATIONAL_B_SPLINE_CURVE((1.,1.,1.,1.))
REPRESENTATION_ITEM('')
);
#478=(
BOUNDED_CURVE()
B_SPLINE_CURVE(3,(#11641,#11642,#11643,#11644),.UNSPECIFIED.,.F.,.F.)
B_SPLINE_CURVE_WITH_KNOTS((4,4),(0.970478859745537,1.),.UNSPECIFIED.)
CURVE()
GEOMETRIC_REPRESENTATION_ITEM()
RATIONAL_B_SPLINE_CURVE((1.,1.,1.,1.))
REPRESENTATION_ITEM('')
);
#479=(
BOUNDED_CURVE()
B_SPLINE_CURVE(3,(#11646,#11647,#11648,#11649),.UNSPECIFIED.,.F.,.F.)
B_SPLINE_CURVE_WITH_KNOTS((4,4),(0.,1.),.UNSPECIFIED.)
CURVE()
GEOMETRIC_REPRESENTATION_ITEM()
RATIONAL_B_SPLINE_CURVE((1.,1.,1.,1.))
REPRESENTATION_ITEM('')
);
#480=(
BOUNDED_CURVE()
B_SPLINE_CURVE(3,(#11651,#11652,#11653,#11654),.UNSPECIFIED.,.F.,.F.)
B_SPLINE_CURVE_WITH_KNOTS((4,4),(0.,1.),.UNSPECIFIED.)
CURVE()
GEOMETRIC_REPRESENTATION_ITEM()
RATIONAL_B_SPLINE_CURVE((1.,1.,1.,1.))
REPRESENTATION_ITEM('')
);
#481=(
BOUNDED_CURVE()
B_SPLINE_CURVE(3,(#11656,#11657,#11658,#11659),.UNSPECIFIED.,.F.,.F.)
B_SPLINE_CURVE_WITH_KNOTS((4,4),(0.,1.),.UNSPECIFIED.)
CURVE()
GEOMETRIC_REPRESENTATION_ITEM()
RATIONAL_B_SPLINE_CURVE((1.,1.,1.,1.))
REPRESENTATION_ITEM('')
);
#482=(
BOUNDED_CURVE()
B_SPLINE_CURVE(3,(#11661,#11662,#11663,#11664),.UNSPECIFIED.,.F.,.F.)
B_SPLINE_CURVE_WITH_KNOTS((4,4),(0.,1.),.UNSPECIFIED.)
CURVE()
GEOMETRIC_REPRESENTATION_ITEM()
RATIONAL_B_SPLINE_CURVE((1.,1.,1.,1.))
REPRESENTATION_ITEM('')
);
#483=(
BOUNDED_CURVE()
B_SPLINE_CURVE(3,(#11668,#11669,#11670,#11671),.UNSPECIFIED.,.F.,.F.)
B_SPLINE_CURVE_WITH_KNOTS((4,4),(0.,1.),.UNSPECIFIED.)
CURVE()
GEOMETRIC_REPRESENTATION_ITEM()
RATIONAL_B_SPLINE_CURVE((1.,1.,1.,1.))
REPRESENTATION_ITEM('')
);
#484=(
BOUNDED_CURVE()
B_SPLINE_CURVE(3,(#11673,#11674,#11675,#11676),.UNSPECIFIED.,.F.,.F.)
B_SPLINE_CURVE_WITH_KNOTS((4,4),(0.,1.),.UNSPECIFIED.)
CURVE()
GEOMETRIC_REPRESENTATION_ITEM()
RATIONAL_B_SPLINE_CURVE((1.,1.,1.,1.))
REPRESENTATION_ITEM('')
);
#485=(
BOUNDED_CURVE()
B_SPLINE_CURVE(3,(#11678,#11679,#11680,#11681),.UNSPECIFIED.,.F.,.F.)
B_SPLINE_CURVE_WITH_KNOTS((4,4),(0.,1.),.UNSPECIFIED.)
CURVE()
GEOMETRIC_REPRESENTATION_ITEM()
RATIONAL_B_SPLINE_CURVE((1.,1.,1.,1.))
REPRESENTATION_ITEM('')
);
#486=(
BOUNDED_CURVE()
B_SPLINE_CURVE(3,(#11682,#11683,#11684,#11685),.UNSPECIFIED.,.F.,.F.)
B_SPLINE_CURVE_WITH_KNOTS((4,4),(0.,1.),.UNSPECIFIED.)
CURVE()
GEOMETRIC_REPRESENTATION_ITEM()
RATIONAL_B_SPLINE_CURVE((1.,1.,1.,1.))
REPRESENTATION_ITEM('')
);
#487=(
BOUNDED_CURVE()
B_SPLINE_CURVE(3,(#11688,#11689,#11690,#11691),.UNSPECIFIED.,.F.,.F.)
B_SPLINE_CURVE_WITH_KNOTS((4,4),(0.,1.),.UNSPECIFIED.)
CURVE()
GEOMETRIC_REPRESENTATION_ITEM()
RATIONAL_B_SPLINE_CURVE((1.,1.,1.,1.))
REPRESENTATION_ITEM('')
);
#488=(
BOUNDED_CURVE()
B_SPLINE_CURVE(3,(#11693,#11694,#11695,#11696),.UNSPECIFIED.,.F.,.F.)
B_SPLINE_CURVE_WITH_KNOTS((4,4),(0.,1.),.UNSPECIFIED.)
CURVE()
GEOMETRIC_REPRESENTATION_ITEM()
RATIONAL_B_SPLINE_CURVE((1.,1.,1.,1.))
REPRESENTATION_ITEM('')
);
#489=(
BOUNDED_CURVE()
B_SPLINE_CURVE(3,(#11698,#11699,#11700,#11701),.UNSPECIFIED.,.F.,.F.)
B_SPLINE_CURVE_WITH_KNOTS((4,4),(0.,1.),.UNSPECIFIED.)
CURVE()
GEOMETRIC_REPRESENTATION_ITEM()
RATIONAL_B_SPLINE_CURVE((1.,1.,1.,1.))
REPRESENTATION_ITEM('')
);
#490=(
BOUNDED_CURVE()
B_SPLINE_CURVE(3,(#11703,#11704,#11705,#11706),.UNSPECIFIED.,.F.,.F.)
B_SPLINE_CURVE_WITH_KNOTS((4,4),(0.,1.),.UNSPECIFIED.)
CURVE()
GEOMETRIC_REPRESENTATION_ITEM()
RATIONAL_B_SPLINE_CURVE((1.,1.,1.,1.))
REPRESENTATION_ITEM('')
);
#491=(
BOUNDED_CURVE()
B_SPLINE_CURVE(3,(#11707,#11708,#11709,#11710),.UNSPECIFIED.,.F.,.F.)
B_SPLINE_CURVE_WITH_KNOTS((4,4),(0.,1.),.UNSPECIFIED.)
CURVE()
GEOMETRIC_REPRESENTATION_ITEM()
RATIONAL_B_SPLINE_CURVE((1.,1.,1.,1.))
REPRESENTATION_ITEM('')
);
#492=(
BOUNDED_CURVE()
B_SPLINE_CURVE(3,(#11713,#11714,#11715,#11716),.UNSPECIFIED.,.F.,.F.)
B_SPLINE_CURVE_WITH_KNOTS((4,4),(0.,1.),.UNSPECIFIED.)
CURVE()
GEOMETRIC_REPRESENTATION_ITEM()
RATIONAL_B_SPLINE_CURVE((1.,1.,1.,1.))
REPRESENTATION_ITEM('')
);
#493=(
BOUNDED_CURVE()
B_SPLINE_CURVE(3,(#11718,#11719,#11720,#11721),.UNSPECIFIED.,.F.,.F.)
B_SPLINE_CURVE_WITH_KNOTS((4,4),(0.,1.),.UNSPECIFIED.)
CURVE()
GEOMETRIC_REPRESENTATION_ITEM()
RATIONAL_B_SPLINE_CURVE((1.,1.,1.,1.))
REPRESENTATION_ITEM('')
);
#494=(
BOUNDED_CURVE()
B_SPLINE_CURVE(3,(#11722,#11723,#11724,#11725),.UNSPECIFIED.,.F.,.F.)
B_SPLINE_CURVE_WITH_KNOTS((4,4),(0.,1.),.UNSPECIFIED.)
CURVE()
GEOMETRIC_REPRESENTATION_ITEM()
RATIONAL_B_SPLINE_CURVE((1.,1.,1.,1.))
REPRESENTATION_ITEM('')
);
#495=(
BOUNDED_CURVE()
B_SPLINE_CURVE(3,(#11728,#11729,#11730,#11731),.UNSPECIFIED.,.F.,.F.)
B_SPLINE_CURVE_WITH_KNOTS((4,4),(0.,1.),.UNSPECIFIED.)
CURVE()
GEOMETRIC_REPRESENTATION_ITEM()
RATIONAL_B_SPLINE_CURVE((1.,1.,1.,1.))
REPRESENTATION_ITEM('')
);
#496=(
BOUNDED_CURVE()
B_SPLINE_CURVE(3,(#11733,#11734,#11735,#11736),.UNSPECIFIED.,.F.,.F.)
B_SPLINE_CURVE_WITH_KNOTS((4,4),(0.,1.),.UNSPECIFIED.)
CURVE()
GEOMETRIC_REPRESENTATION_ITEM()
RATIONAL_B_SPLINE_CURVE((1.,1.,1.,1.))
REPRESENTATION_ITEM('')
);
#497=(
BOUNDED_CURVE()
B_SPLINE_CURVE(3,(#11738,#11739,#11740,#11741),.UNSPECIFIED.,.F.,.F.)
B_SPLINE_CURVE_WITH_KNOTS((4,4),(0.,1.),.UNSPECIFIED.)
CURVE()
GEOMETRIC_REPRESENTATION_ITEM()
RATIONAL_B_SPLINE_CURVE((1.,1.,1.,1.))
REPRESENTATION_ITEM('')
);
#498=(
BOUNDED_CURVE()
B_SPLINE_CURVE(3,(#11743,#11744,#11745,#11746),.UNSPECIFIED.,.F.,.F.)
B_SPLINE_CURVE_WITH_KNOTS((4,4),(0.,1.),.UNSPECIFIED.)
CURVE()
GEOMETRIC_REPRESENTATION_ITEM()
RATIONAL_B_SPLINE_CURVE((1.,1.,1.,1.))
REPRESENTATION_ITEM('')
);
#499=(
BOUNDED_CURVE()
B_SPLINE_CURVE(3,(#11747,#11748,#11749,#11750),.UNSPECIFIED.,.F.,.F.)
B_SPLINE_CURVE_WITH_KNOTS((4,4),(0.,1.),.UNSPECIFIED.)
CURVE()
GEOMETRIC_REPRESENTATION_ITEM()
RATIONAL_B_SPLINE_CURVE((1.,1.,1.,1.))
REPRESENTATION_ITEM('')
);
#500=(
BOUNDED_CURVE()
B_SPLINE_CURVE(3,(#11753,#11754,#11755,#11756),.UNSPECIFIED.,.F.,.F.)
B_SPLINE_CURVE_WITH_KNOTS((4,4),(0.,1.),.UNSPECIFIED.)
CURVE()
GEOMETRIC_REPRESENTATION_ITEM()
RATIONAL_B_SPLINE_CURVE((1.,1.,1.,1.))
REPRESENTATION_ITEM('')
);
#501=(
BOUNDED_CURVE()
B_SPLINE_CURVE(3,(#11758,#11759,#11760,#11761),.UNSPECIFIED.,.F.,.F.)
B_SPLINE_CURVE_WITH_KNOTS((4,4),(0.,1.),.UNSPECIFIED.)
CURVE()
GEOMETRIC_REPRESENTATION_ITEM()
RATIONAL_B_SPLINE_CURVE((1.,1.,1.,1.))
REPRESENTATION_ITEM('')
);
#502=(
BOUNDED_CURVE()
B_SPLINE_CURVE(3,(#11763,#11764,#11765,#11766),.UNSPECIFIED.,.F.,.F.)
B_SPLINE_CURVE_WITH_KNOTS((4,4),(0.,1.),.UNSPECIFIED.)
CURVE()
GEOMETRIC_REPRESENTATION_ITEM()
RATIONAL_B_SPLINE_CURVE((1.,1.,1.,1.))
REPRESENTATION_ITEM('')
);
#503=(
BOUNDED_CURVE()
B_SPLINE_CURVE(3,(#11768,#11769,#11770,#11771),.UNSPECIFIED.,.F.,.F.)
B_SPLINE_CURVE_WITH_KNOTS((4,4),(0.,1.),.UNSPECIFIED.)
CURVE()
GEOMETRIC_REPRESENTATION_ITEM()
RATIONAL_B_SPLINE_CURVE((1.,1.,1.,1.))
REPRESENTATION_ITEM('')
);
#504=(
BOUNDED_CURVE()
B_SPLINE_CURVE(3,(#11772,#11773,#11774,#11775),.UNSPECIFIED.,.F.,.F.)
B_SPLINE_CURVE_WITH_KNOTS((4,4),(0.,1.),.UNSPECIFIED.)
CURVE()
GEOMETRIC_REPRESENTATION_ITEM()
RATIONAL_B_SPLINE_CURVE((1.,1.,1.,1.))
REPRESENTATION_ITEM('')
);
#505=(
BOUNDED_CURVE()
B_SPLINE_CURVE(3,(#11778,#11779,#11780,#11781),.UNSPECIFIED.,.F.,.F.)
B_SPLINE_CURVE_WITH_KNOTS((4,4),(0.,1.),.UNSPECIFIED.)
CURVE()
GEOMETRIC_REPRESENTATION_ITEM()
RATIONAL_B_SPLINE_CURVE((1.,1.,1.,1.))
REPRESENTATION_ITEM('')
);
#506=(
BOUNDED_CURVE()
B_SPLINE_CURVE(3,(#11783,#11784,#11785,#11786),.UNSPECIFIED.,.F.,.F.)
B_SPLINE_CURVE_WITH_KNOTS((4,4),(0.,1.),.UNSPECIFIED.)
CURVE()
GEOMETRIC_REPRESENTATION_ITEM()
RATIONAL_B_SPLINE_CURVE((1.,1.,1.,1.))
REPRESENTATION_ITEM('')
);
#507=(
BOUNDED_CURVE()
B_SPLINE_CURVE(3,(#11788,#11789,#11790,#11791),.UNSPECIFIED.,.F.,.F.)
B_SPLINE_CURVE_WITH_KNOTS((4,4),(0.,1.),.UNSPECIFIED.)
CURVE()
GEOMETRIC_REPRESENTATION_ITEM()
RATIONAL_B_SPLINE_CURVE((1.,1.,1.,1.))
REPRESENTATION_ITEM('')
);
#508=(
BOUNDED_CURVE()
B_SPLINE_CURVE(3,(#11793,#11794,#11795,#11796),.UNSPECIFIED.,.F.,.F.)
B_SPLINE_CURVE_WITH_KNOTS((4,4),(0.,1.),.UNSPECIFIED.)
CURVE()
GEOMETRIC_REPRESENTATION_ITEM()
RATIONAL_B_SPLINE_CURVE((1.,1.,1.,1.))
REPRESENTATION_ITEM('')
);
#509=(
BOUNDED_CURVE()
B_SPLINE_CURVE(3,(#11797,#11798,#11799,#11800),.UNSPECIFIED.,.F.,.F.)
B_SPLINE_CURVE_WITH_KNOTS((4,4),(0.,1.),.UNSPECIFIED.)
CURVE()
GEOMETRIC_REPRESENTATION_ITEM()
RATIONAL_B_SPLINE_CURVE((1.,1.,1.,1.))
REPRESENTATION_ITEM('')
);
#510=(
BOUNDED_CURVE()
B_SPLINE_CURVE(3,(#11803,#11804,#11805,#11806),.UNSPECIFIED.,.F.,.F.)
B_SPLINE_CURVE_WITH_KNOTS((4,4),(0.,1.),.UNSPECIFIED.)
CURVE()
GEOMETRIC_REPRESENTATION_ITEM()
RATIONAL_B_SPLINE_CURVE((1.,1.,1.,1.))
REPRESENTATION_ITEM('')
);
#511=(
BOUNDED_CURVE()
B_SPLINE_CURVE(3,(#11808,#11809,#11810,#11811),.UNSPECIFIED.,.F.,.F.)
B_SPLINE_CURVE_WITH_KNOTS((4,4),(0.,1.),.UNSPECIFIED.)
CURVE()
GEOMETRIC_REPRESENTATION_ITEM()
RATIONAL_B_SPLINE_CURVE((1.,1.,1.,1.))
REPRESENTATION_ITEM('')
);
#512=(
BOUNDED_CURVE()
B_SPLINE_CURVE(3,(#11813,#11814,#11815,#11816),.UNSPECIFIED.,.F.,.F.)
B_SPLINE_CURVE_WITH_KNOTS((4,4),(0.,1.),.UNSPECIFIED.)
CURVE()
GEOMETRIC_REPRESENTATION_ITEM()
RATIONAL_B_SPLINE_CURVE((1.,1.,1.,1.))
REPRESENTATION_ITEM('')
);
#513=(
BOUNDED_CURVE()
B_SPLINE_CURVE(3,(#11818,#11819,#11820,#11821),.UNSPECIFIED.,.F.,.F.)
B_SPLINE_CURVE_WITH_KNOTS((4,4),(0.,1.),.UNSPECIFIED.)
CURVE()
GEOMETRIC_REPRESENTATION_ITEM()
RATIONAL_B_SPLINE_CURVE((1.,1.,1.,1.))
REPRESENTATION_ITEM('')
);
#514=(
BOUNDED_CURVE()
B_SPLINE_CURVE(3,(#11822,#11823,#11824,#11825),.UNSPECIFIED.,.F.,.F.)
B_SPLINE_CURVE_WITH_KNOTS((4,4),(0.,1.),.UNSPECIFIED.)
CURVE()
GEOMETRIC_REPRESENTATION_ITEM()
RATIONAL_B_SPLINE_CURVE((1.,1.,1.,1.))
REPRESENTATION_ITEM('')
);
#515=(
BOUNDED_CURVE()
B_SPLINE_CURVE(3,(#11828,#11829,#11830,#11831),.UNSPECIFIED.,.F.,.F.)
B_SPLINE_CURVE_WITH_KNOTS((4,4),(0.,1.),.UNSPECIFIED.)
CURVE()
GEOMETRIC_REPRESENTATION_ITEM()
RATIONAL_B_SPLINE_CURVE((1.,1.,1.,1.))
REPRESENTATION_ITEM('')
);
#516=(
BOUNDED_CURVE()
B_SPLINE_CURVE(3,(#11833,#11834,#11835,#11836),.UNSPECIFIED.,.F.,.F.)
B_SPLINE_CURVE_WITH_KNOTS((4,4),(0.,1.),.UNSPECIFIED.)
CURVE()
GEOMETRIC_REPRESENTATION_ITEM()
RATIONAL_B_SPLINE_CURVE((1.,1.,1.,1.))
REPRESENTATION_ITEM('')
);
#517=(
BOUNDED_CURVE()
B_SPLINE_CURVE(3,(#11838,#11839,#11840,#11841),.UNSPECIFIED.,.F.,.F.)
B_SPLINE_CURVE_WITH_KNOTS((4,4),(0.,1.),.UNSPECIFIED.)
CURVE()
GEOMETRIC_REPRESENTATION_ITEM()
RATIONAL_B_SPLINE_CURVE((1.,1.,1.,1.))
REPRESENTATION_ITEM('')
);
#518=(
BOUNDED_CURVE()
B_SPLINE_CURVE(3,(#11843,#11844,#11845,#11846),.UNSPECIFIED.,.F.,.F.)
B_SPLINE_CURVE_WITH_KNOTS((4,4),(0.,1.),.UNSPECIFIED.)
CURVE()
GEOMETRIC_REPRESENTATION_ITEM()
RATIONAL_B_SPLINE_CURVE((1.,1.,1.,1.))
REPRESENTATION_ITEM('')
);
#519=(
BOUNDED_CURVE()
B_SPLINE_CURVE(3,(#11847,#11848,#11849,#11850),.UNSPECIFIED.,.F.,.F.)
B_SPLINE_CURVE_WITH_KNOTS((4,4),(0.,1.),.UNSPECIFIED.)
CURVE()
GEOMETRIC_REPRESENTATION_ITEM()
RATIONAL_B_SPLINE_CURVE((1.,1.,1.,1.))
REPRESENTATION_ITEM('')
);
#520=(
BOUNDED_CURVE()
B_SPLINE_CURVE(3,(#11853,#11854,#11855,#11856),.UNSPECIFIED.,.F.,.F.)
B_SPLINE_CURVE_WITH_KNOTS((4,4),(0.,1.),.UNSPECIFIED.)
CURVE()
GEOMETRIC_REPRESENTATION_ITEM()
RATIONAL_B_SPLINE_CURVE((1.,1.,1.,1.))
REPRESENTATION_ITEM('')
);
#521=(
BOUNDED_CURVE()
B_SPLINE_CURVE(3,(#11858,#11859,#11860,#11861),.UNSPECIFIED.,.F.,.F.)
B_SPLINE_CURVE_WITH_KNOTS((4,4),(0.,1.),.UNSPECIFIED.)
CURVE()
GEOMETRIC_REPRESENTATION_ITEM()
RATIONAL_B_SPLINE_CURVE((1.,1.,1.,1.))
REPRESENTATION_ITEM('')
);
#522=(
BOUNDED_CURVE()
B_SPLINE_CURVE(3,(#11863,#11864,#11865,#11866),.UNSPECIFIED.,.F.,.F.)
B_SPLINE_CURVE_WITH_KNOTS((4,4),(0.,1.),.UNSPECIFIED.)
CURVE()
GEOMETRIC_REPRESENTATION_ITEM()
RATIONAL_B_SPLINE_CURVE((1.,1.,1.,1.))
REPRESENTATION_ITEM('')
);
#523=(
BOUNDED_CURVE()
B_SPLINE_CURVE(3,(#11867,#11868,#11869,#11870),.UNSPECIFIED.,.F.,.F.)
B_SPLINE_CURVE_WITH_KNOTS((4,4),(0.,1.),.UNSPECIFIED.)
CURVE()
GEOMETRIC_REPRESENTATION_ITEM()
RATIONAL_B_SPLINE_CURVE((1.,1.,1.,1.))
REPRESENTATION_ITEM('')
);
#524=(
BOUNDED_CURVE()
B_SPLINE_CURVE(3,(#11873,#11874,#11875,#11876),.UNSPECIFIED.,.F.,.F.)
B_SPLINE_CURVE_WITH_KNOTS((4,4),(0.,1.),.UNSPECIFIED.)
CURVE()
GEOMETRIC_REPRESENTATION_ITEM()
RATIONAL_B_SPLINE_CURVE((1.,1.,1.,1.))
REPRESENTATION_ITEM('')
);
#525=(
BOUNDED_CURVE()
B_SPLINE_CURVE(3,(#11878,#11879,#11880,#11881),.UNSPECIFIED.,.F.,.F.)
B_SPLINE_CURVE_WITH_KNOTS((4,4),(0.,1.),.UNSPECIFIED.)
CURVE()
GEOMETRIC_REPRESENTATION_ITEM()
RATIONAL_B_SPLINE_CURVE((1.,1.,1.,1.))
REPRESENTATION_ITEM('')
);
#526=(
BOUNDED_CURVE()
B_SPLINE_CURVE(3,(#11882,#11883,#11884,#11885),.UNSPECIFIED.,.F.,.F.)
B_SPLINE_CURVE_WITH_KNOTS((4,4),(0.,1.),.UNSPECIFIED.)
CURVE()
GEOMETRIC_REPRESENTATION_ITEM()
RATIONAL_B_SPLINE_CURVE((1.,1.,1.,1.))
REPRESENTATION_ITEM('')
);
#527=(
BOUNDED_CURVE()
B_SPLINE_CURVE(3,(#11888,#11889,#11890,#11891),.UNSPECIFIED.,.F.,.F.)
B_SPLINE_CURVE_WITH_KNOTS((4,4),(0.,1.),.UNSPECIFIED.)
CURVE()
GEOMETRIC_REPRESENTATION_ITEM()
RATIONAL_B_SPLINE_CURVE((1.,1.,1.,1.))
REPRESENTATION_ITEM('')
);
#528=(
BOUNDED_CURVE()
B_SPLINE_CURVE(3,(#11893,#11894,#11895,#11896),.UNSPECIFIED.,.F.,.F.)
B_SPLINE_CURVE_WITH_KNOTS((4,4),(0.,1.),.UNSPECIFIED.)
CURVE()
GEOMETRIC_REPRESENTATION_ITEM()
RATIONAL_B_SPLINE_CURVE((1.,1.,1.,1.))
REPRESENTATION_ITEM('')
);
#529=(
BOUNDED_CURVE()
B_SPLINE_CURVE(3,(#11898,#11899,#11900,#11901),.UNSPECIFIED.,.F.,.F.)
B_SPLINE_CURVE_WITH_KNOTS((4,4),(0.,1.),.UNSPECIFIED.)
CURVE()
GEOMETRIC_REPRESENTATION_ITEM()
RATIONAL_B_SPLINE_CURVE((1.,1.,1.,1.))
REPRESENTATION_ITEM('')
);
#530=(
BOUNDED_CURVE()
B_SPLINE_CURVE(3,(#11903,#11904,#11905,#11906),.UNSPECIFIED.,.F.,.F.)
B_SPLINE_CURVE_WITH_KNOTS((4,4),(0.,1.),.UNSPECIFIED.)
CURVE()
GEOMETRIC_REPRESENTATION_ITEM()
RATIONAL_B_SPLINE_CURVE((1.,1.,1.,1.))
REPRESENTATION_ITEM('')
);
#531=(
BOUNDED_CURVE()
B_SPLINE_CURVE(3,(#11907,#11908,#11909,#11910),.UNSPECIFIED.,.F.,.F.)
B_SPLINE_CURVE_WITH_KNOTS((4,4),(0.,1.),.UNSPECIFIED.)
CURVE()
GEOMETRIC_REPRESENTATION_ITEM()
RATIONAL_B_SPLINE_CURVE((1.,1.,1.,1.))
REPRESENTATION_ITEM('')
);
#532=(
BOUNDED_CURVE()
B_SPLINE_CURVE(3,(#11913,#11914,#11915,#11916),.UNSPECIFIED.,.F.,.F.)
B_SPLINE_CURVE_WITH_KNOTS((4,4),(0.,1.),.UNSPECIFIED.)
CURVE()
GEOMETRIC_REPRESENTATION_ITEM()
RATIONAL_B_SPLINE_CURVE((1.,1.,1.,1.))
REPRESENTATION_ITEM('')
);
#533=(
BOUNDED_CURVE()
B_SPLINE_CURVE(3,(#11918,#11919,#11920,#11921),.UNSPECIFIED.,.F.,.F.)
B_SPLINE_CURVE_WITH_KNOTS((4,4),(0.,1.),.UNSPECIFIED.)
CURVE()
GEOMETRIC_REPRESENTATION_ITEM()
RATIONAL_B_SPLINE_CURVE((1.,1.,1.,1.))
REPRESENTATION_ITEM('')
);
#534=(
BOUNDED_CURVE()
B_SPLINE_CURVE(3,(#11923,#11924,#11925,#11926),.UNSPECIFIED.,.F.,.F.)
B_SPLINE_CURVE_WITH_KNOTS((4,4),(0.,1.),.UNSPECIFIED.)
CURVE()
GEOMETRIC_REPRESENTATION_ITEM()
RATIONAL_B_SPLINE_CURVE((1.,1.,1.,1.))
REPRESENTATION_ITEM('')
);
#535=(
BOUNDED_CURVE()
B_SPLINE_CURVE(3,(#11927,#11928,#11929,#11930),.UNSPECIFIED.,.F.,.F.)
B_SPLINE_CURVE_WITH_KNOTS((4,4),(0.,1.),.UNSPECIFIED.)
CURVE()
GEOMETRIC_REPRESENTATION_ITEM()
RATIONAL_B_SPLINE_CURVE((1.,1.,1.,1.))
REPRESENTATION_ITEM('')
);
#536=(
BOUNDED_CURVE()
B_SPLINE_CURVE(3,(#12483,#12484,#12485,#12486),.UNSPECIFIED.,.F.,.F.)
B_SPLINE_CURVE_WITH_KNOTS((4,4),(0.,0.970478859745537),.UNSPECIFIED.)
CURVE()
GEOMETRIC_REPRESENTATION_ITEM()
RATIONAL_B_SPLINE_CURVE((1.,1.,1.,1.))
REPRESENTATION_ITEM('')
);
#537=(
BOUNDED_CURVE()
B_SPLINE_CURVE(3,(#12555,#12556,#12557,#12558),.UNSPECIFIED.,.F.,.F.)
B_SPLINE_CURVE_WITH_KNOTS((4,4),(0.0227335064885568,1.),.UNSPECIFIED.)
CURVE()
GEOMETRIC_REPRESENTATION_ITEM()
RATIONAL_B_SPLINE_CURVE((1.,1.,1.,1.))
REPRESENTATION_ITEM('')
);
#538=(
BOUNDED_CURVE()
B_SPLINE_CURVE(3,(#12568,#12569,#12570,#12571),.UNSPECIFIED.,.F.,.F.)
B_SPLINE_CURVE_WITH_KNOTS((4,4),(0.,0.865356050860435),.UNSPECIFIED.)
CURVE()
GEOMETRIC_REPRESENTATION_ITEM()
RATIONAL_B_SPLINE_CURVE((1.,1.,1.,1.))
REPRESENTATION_ITEM('')
);
#539=(
BOUNDED_CURVE()
B_SPLINE_CURVE(3,(#12870,#12871,#12872,#12873),.UNSPECIFIED.,.F.,.F.)
B_SPLINE_CURVE_WITH_KNOTS((4,4),(0.959740113362042,1.),.UNSPECIFIED.)
CURVE()
GEOMETRIC_REPRESENTATION_ITEM()
RATIONAL_B_SPLINE_CURVE((1.,1.,1.,1.))
REPRESENTATION_ITEM('')
);
#540=(
BOUNDED_CURVE()
B_SPLINE_CURVE(3,(#12884,#12885,#12886,#12887),.UNSPECIFIED.,.F.,.F.)
B_SPLINE_CURVE_WITH_KNOTS((4,4),(0.,1.),.UNSPECIFIED.)
CURVE()
GEOMETRIC_REPRESENTATION_ITEM()
RATIONAL_B_SPLINE_CURVE((1.,1.,1.,1.))
REPRESENTATION_ITEM('')
);
#541=(
BOUNDED_CURVE()
B_SPLINE_CURVE(3,(#12900,#12901,#12902,#12903),.UNSPECIFIED.,.F.,.F.)
B_SPLINE_CURVE_WITH_KNOTS((4,4),(0.,0.0538020137839541),.UNSPECIFIED.)
CURVE()
GEOMETRIC_REPRESENTATION_ITEM()
RATIONAL_B_SPLINE_CURVE((1.,1.,1.,1.))
REPRESENTATION_ITEM('')
);
#542=(
BOUNDED_CURVE()
B_SPLINE_CURVE(3,(#12924,#12925,#12926,#12927),.UNSPECIFIED.,.F.,.F.)
B_SPLINE_CURVE_WITH_KNOTS((4,4),(0.102842712079623,1.),.UNSPECIFIED.)
CURVE()
GEOMETRIC_REPRESENTATION_ITEM()
RATIONAL_B_SPLINE_CURVE((1.,1.,1.,1.))
REPRESENTATION_ITEM('')
);
#543=(
BOUNDED_CURVE()
B_SPLINE_CURVE(3,(#12936,#12937,#12938,#12939),.UNSPECIFIED.,.F.,.F.)
B_SPLINE_CURVE_WITH_KNOTS((4,4),(0.,1.),.UNSPECIFIED.)
CURVE()
GEOMETRIC_REPRESENTATION_ITEM()
RATIONAL_B_SPLINE_CURVE((1.,1.,1.,1.))
REPRESENTATION_ITEM('')
);
#544=LINE('',#10302,#1156);
#545=LINE('',#10319,#1157);
#546=LINE('',#10341,#1158);
#547=LINE('',#10363,#1159);
#548=LINE('',#10365,#1160);
#549=LINE('',#10367,#1161);
#550=LINE('',#10389,#1162);
#551=LINE('',#10411,#1163);
#552=LINE('',#10433,#1164);
#553=LINE('',#10560,#1165);
#554=LINE('',#10564,#1166);
#555=LINE('',#10568,#1167);
#556=LINE('',#10571,#1168);
#557=LINE('',#10576,#1169);
#558=LINE('',#10582,#1170);
#559=LINE('',#10585,#1171);
#560=LINE('',#10590,#1172);
#561=LINE('',#10593,#1173);
#562=LINE('',#10595,#1174);
#563=LINE('',#10596,#1175);
#564=LINE('',#10900,#1176);
#565=LINE('',#10901,#1177);
#566=LINE('',#10910,#1178);
#567=LINE('',#10916,#1179);
#568=LINE('',#10925,#1180);
#569=LINE('',#10935,#1181);
#570=LINE('',#10960,#1182);
#571=LINE('',#10961,#1183);
#572=LINE('',#10970,#1184);
#573=LINE('',#10980,#1185);
#574=LINE('',#10994,#1186);
#575=LINE('',#11019,#1187);
#576=LINE('',#11020,#1188);
#577=LINE('',#11029,#1189);
#578=LINE('',#11039,#1190);
#579=LINE('',#11053,#1191);
#580=LINE('',#11078,#1192);
#581=LINE('',#11079,#1193);
#582=LINE('',#11088,#1194);
#583=LINE('',#11097,#1195);
#584=LINE('',#11115,#1196);
#585=LINE('',#11120,#1197);
#586=LINE('',#11129,#1198);
#587=LINE('',#11142,#1199);
#588=LINE('',#11159,#1200);
#589=LINE('',#11160,#1201);
#590=LINE('',#11169,#1202);
#591=LINE('',#11179,#1203);
#592=LINE('',#11193,#1204);
#593=LINE('',#11218,#1205);
#594=LINE('',#11219,#1206);
#595=LINE('',#11228,#1207);
#596=LINE('',#11237,#1208);
#597=LINE('',#11254,#1209);
#598=LINE('',#11255,#1210);
#599=LINE('',#11264,#1211);
#600=LINE('',#11273,#1212);
#601=LINE('',#11290,#1213);
#602=LINE('',#11291,#1214);
#603=LINE('',#11301,#1215);
#604=LINE('',#11315,#1216);
#605=LINE('',#11322,#1217);
#606=LINE('',#11325,#1218);
#607=LINE('',#11335,#1219);
#608=LINE('',#11352,#1220);
#609=LINE('',#11353,#1221);
#610=LINE('',#11362,#1222);
#611=LINE('',#11371,#1223);
#612=LINE('',#11388,#1224);
#613=LINE('',#11389,#1225);
#614=LINE('',#11398,#1226);
#615=LINE('',#11407,#1227);
#616=LINE('',#11424,#1228);
#617=LINE('',#11425,#1229);
#618=LINE('',#11434,#1230);
#619=LINE('',#11444,#1231);
#620=LINE('',#11462,#1232);
#621=LINE('',#11465,#1233);
#622=LINE('',#11466,#1234);
#623=LINE('',#11469,#1235);
#624=LINE('',#11470,#1236);
#625=LINE('',#11473,#1237);
#626=LINE('',#11474,#1238);
#627=LINE('',#11476,#1239);
#628=LINE('',#11478,#1240);
#629=LINE('',#11482,#1241);
#630=LINE('',#11483,#1242);
#631=LINE('',#11485,#1243);
#632=LINE('',#11486,#1244);
#633=LINE('',#11490,#1245);
#634=LINE('',#11491,#1246);
#635=LINE('',#11492,#1247);
#636=LINE('',#11497,#1248);
#637=LINE('',#11504,#1249);
#638=LINE('',#11510,#1250);
#639=LINE('',#11513,#1251);
#640=LINE('',#11514,#1252);
#641=LINE('',#11516,#1253);
#642=LINE('',#11519,#1254);
#643=LINE('',#11521,#1255);
#644=LINE('',#11522,#1256);
#645=LINE('',#11525,#1257);
#646=LINE('',#11527,#1258);
#647=LINE('',#11529,#1259);
#648=LINE('',#11531,#1260);
#649=LINE('',#11533,#1261);
#650=LINE('',#11535,#1262);
#651=LINE('',#11536,#1263);
#652=LINE('',#11539,#1264);
#653=LINE('',#11541,#1265);
#654=LINE('',#11542,#1266);
#655=LINE('',#11544,#1267);
#656=LINE('',#11547,#1268);
#657=LINE('',#11548,#1269);
#658=LINE('',#11550,#1270);
#659=LINE('',#11552,#1271);
#660=LINE('',#11560,#1272);
#661=LINE('',#11562,#1273);
#662=LINE('',#11564,#1274);
#663=LINE('',#11565,#1275);
#664=LINE('',#11569,#1276);
#665=LINE('',#11588,#1277);
#666=LINE('',#11605,#1278);
#667=LINE('',#11606,#1279);
#668=LINE('',#11608,#1280);
#669=LINE('',#11610,#1281);
#670=LINE('',#11612,#1282);
#671=LINE('',#11639,#1283);
#672=LINE('',#11936,#1284);
#673=LINE('',#11940,#1285);
#674=LINE('',#11944,#1286);
#675=LINE('',#11947,#1287);
#676=LINE('',#11952,#1288);
#677=LINE('',#11958,#1289);
#678=LINE('',#11961,#1290);
#679=LINE('',#11966,#1291);
#680=LINE('',#11969,#1292);
#681=LINE('',#11971,#1293);
#682=LINE('',#11972,#1294);
#683=LINE('',#12363,#1295);
#684=LINE('',#12364,#1296);
#685=LINE('',#12373,#1297);
#686=LINE('',#12374,#1298);
#687=LINE('',#12383,#1299);
#688=LINE('',#12392,#1300);
#689=LINE('',#12409,#1301);
#690=LINE('',#12410,#1302);
#691=LINE('',#12419,#1303);
#692=LINE('',#12428,#1304);
#693=LINE('',#12437,#1305);
#694=LINE('',#12454,#1306);
#695=LINE('',#12455,#1307);
#696=LINE('',#12464,#1308);
#697=LINE('',#12481,#1309);
#698=LINE('',#12487,#1310);
#699=LINE('',#12496,#1311);
#700=LINE('',#12505,#1312);
#701=LINE('',#12514,#1313);
#702=LINE('',#12523,#1314);
#703=LINE('',#12534,#1315);
#704=LINE('',#12535,#1316);
#705=LINE('',#12544,#1317);
#706=LINE('',#12554,#1318);
#707=LINE('',#12567,#1319);
#708=LINE('',#12588,#1320);
#709=LINE('',#12589,#1321);
#710=LINE('',#12598,#1322);
#711=LINE('',#12607,#1323);
#712=LINE('',#12616,#1324);
#713=LINE('',#12633,#1325);
#714=LINE('',#12634,#1326);
#715=LINE('',#12643,#1327);
#716=LINE('',#12652,#1328);
#717=LINE('',#12661,#1329);
#718=LINE('',#12678,#1330);
#719=LINE('',#12679,#1331);
#720=LINE('',#12688,#1332);
#721=LINE('',#12697,#1333);
#722=LINE('',#12706,#1334);
#723=LINE('',#12723,#1335);
#724=LINE('',#12724,#1336);
#725=LINE('',#12733,#1337);
#726=LINE('',#12742,#1338);
#727=LINE('',#12751,#1339);
#728=LINE('',#12768,#1340);
#729=LINE('',#12769,#1341);
#730=LINE('',#12778,#1342);
#731=LINE('',#12787,#1343);
#732=LINE('',#12796,#1344);
#733=LINE('',#12813,#1345);
#734=LINE('',#12814,#1346);
#735=LINE('',#12823,#1347);
#736=LINE('',#12832,#1348);
#737=LINE('',#12849,#1349);
#738=LINE('',#12850,#1350);
#739=LINE('',#12859,#1351);
#740=LINE('',#12869,#1352);
#741=LINE('',#12883,#1353);
#742=LINE('',#12898,#1354);
#743=LINE('',#12904,#1355);
#744=LINE('',#12913,#1356);
#745=LINE('',#12923,#1357);
#746=LINE('',#12948,#1358);
#747=LINE('',#12949,#1359);
#748=LINE('',#12958,#1360);
#749=LINE('',#12975,#1361);
#750=LINE('',#12976,#1362);
#751=LINE('',#12985,#1363);
#752=LINE('',#12994,#1364);
#753=LINE('',#13003,#1365);
#754=LINE('',#13020,#1366);
#755=LINE('',#13021,#1367);
#756=LINE('',#13030,#1368);
#757=LINE('',#13039,#1369);
#758=LINE('',#13049,#1370);
#759=LINE('',#13052,#1371);
#760=LINE('',#13053,#1372);
#761=LINE('',#13056,#1373);
#762=LINE('',#13057,#1374);
#763=LINE('',#13060,#1375);
#764=LINE('',#13061,#1376);
#765=LINE('',#13063,#1377);
#766=LINE('',#13065,#1378);
#767=LINE('',#13068,#1379);
#768=LINE('',#13069,#1380);
#769=LINE('',#13070,#1381);
#770=LINE('',#13072,#1382);
#771=LINE('',#13074,#1383);
#772=LINE('',#13080,#1384);
#773=LINE('',#13087,#1385);
#774=LINE('',#13093,#1386);
#775=LINE('',#13096,#1387);
#776=LINE('',#13098,#1388);
#777=LINE('',#13099,#1389);
#778=LINE('',#13101,#1390);
#779=LINE('',#13103,#1391);
#780=LINE('',#13114,#1392);
#781=LINE('',#13117,#1393);
#782=LINE('',#13119,#1394);
#783=LINE('',#13153,#1395);
#784=LINE('',#13156,#1396);
#785=LINE('',#13158,#1397);
#786=LINE('',#13195,#1398);
#787=LINE('',#13198,#1399);
#788=LINE('',#13200,#1400);
#789=LINE('',#13231,#1401);
#790=LINE('',#13234,#1402);
#791=LINE('',#13236,#1403);
#792=LINE('',#13265,#1404);
#793=LINE('',#13278,#1405);
#794=LINE('',#13281,#1406);
#795=LINE('',#13283,#1407);
#796=LINE('',#13316,#1408);
#797=LINE('',#13319,#1409);
#798=LINE('',#13321,#1410);
#799=LINE('',#13352,#1411);
#800=LINE('',#13355,#1412);
#801=LINE('',#13357,#1413);
#802=LINE('',#13391,#1414);
#803=LINE('',#13400,#1415);
#804=LINE('',#13415,#1416);
#805=LINE('',#13423,#1417);
#806=LINE('',#13428,#1418);
#807=LINE('',#13430,#1419);
#808=LINE('',#13432,#1420);
#809=LINE('',#13434,#1421);
#810=LINE('',#13436,#1422);
#811=LINE('',#13438,#1423);
#812=LINE('',#13440,#1424);
#813=LINE('',#13443,#1425);
#814=LINE('',#13458,#1426);
#815=LINE('',#13466,#1427);
#816=LINE('',#13469,#1428);
#817=LINE('',#13473,#1429);
#818=LINE('',#13475,#1430);
#819=LINE('',#13477,#1431);
#820=LINE('',#13479,#1432);
#821=LINE('',#13481,#1433);
#822=LINE('',#13483,#1434);
#823=LINE('',#13485,#1435);
#824=LINE('',#13515,#1436);
#825=LINE('',#13517,#1437);
#826=LINE('',#13519,#1438);
#827=LINE('',#13523,#1439);
#828=LINE('',#13525,#1440);
#829=LINE('',#13526,#1441);
#830=LINE('',#13529,#1442);
#831=LINE('',#13531,#1443);
#832=LINE('',#13532,#1444);
#833=LINE('',#13537,#1445);
#834=LINE('',#13543,#1446);
#835=LINE('',#13549,#1447);
#836=LINE('',#13555,#1448);
#837=LINE('',#13561,#1449);
#838=LINE('',#13567,#1450);
#839=LINE('',#13573,#1451);
#840=LINE('',#13579,#1452);
#841=LINE('',#13585,#1453);
#842=LINE('',#13591,#1454);
#843=LINE('',#13597,#1455);
#844=LINE('',#13603,#1456);
#845=LINE('',#13609,#1457);
#846=LINE('',#13646,#1458);
#847=LINE('',#13648,#1459);
#848=LINE('',#13650,#1460);
#849=LINE('',#13652,#1461);
#850=LINE('',#13653,#1462);
#851=LINE('',#13655,#1463);
#852=LINE('',#13656,#1464);
#853=LINE('',#13658,#1465);
#854=LINE('',#13664,#1466);
#855=LINE('',#13676,#1467);
#856=LINE('',#13681,#1468);
#857=LINE('',#13685,#1469);
#858=LINE('',#13689,#1470);
#859=LINE('',#13694,#1471);
#860=LINE('',#13700,#1472);
#861=LINE('',#13702,#1473);
#862=LINE('',#13704,#1474);
#863=LINE('',#13710,#1475);
#864=LINE('',#13712,#1476);
#865=LINE('',#13713,#1477);
#866=LINE('',#13716,#1478);
#867=LINE('',#13717,#1479);
#868=LINE('',#13723,#1480);
#869=LINE('',#13734,#1481);
#870=LINE('',#13737,#1482);
#871=LINE('',#13739,#1483);
#872=LINE('',#13740,#1484);
#873=LINE('',#13743,#1485);
#874=LINE('',#13745,#1486);
#875=LINE('',#13749,#1487);
#876=LINE('',#13751,#1488);
#877=LINE('',#13753,#1489);
#878=LINE('',#13754,#1490);
#879=LINE('',#13759,#1491);
#880=LINE('',#13761,#1492);
#881=LINE('',#13763,#1493);
#882=LINE('',#13767,#1494);
#883=LINE('',#13769,#1495);
#884=LINE('',#13771,#1496);
#885=LINE('',#13775,#1497);
#886=LINE('',#13776,#1498);
#887=LINE('',#13777,#1499);
#888=LINE('',#13781,#1500);
#889=LINE('',#13784,#1501);
#890=LINE('',#13786,#1502);
#891=LINE('',#13787,#1503);
#892=LINE('',#13790,#1504);
#893=LINE('',#13792,#1505);
#894=LINE('',#13798,#1506);
#895=LINE('',#13803,#1507);
#896=LINE('',#13806,#1508);
#897=LINE('',#13809,#1509);
#898=LINE('',#13812,#1510);
#899=LINE('',#13814,#1511);
#900=LINE('',#13815,#1512);
#901=LINE('',#13818,#1513);
#902=LINE('',#13820,#1514);
#903=LINE('',#13822,#1515);
#904=LINE('',#13823,#1516);
#905=LINE('',#13826,#1517);
#906=LINE('',#13827,#1518);
#907=LINE('',#13830,#1519);
#908=LINE('',#13831,#1520);
#909=LINE('',#13834,#1521);
#910=LINE('',#13835,#1522);
#911=LINE('',#13837,#1523);
#912=LINE('',#13839,#1524);
#913=LINE('',#13841,#1525);
#914=LINE('',#13842,#1526);
#915=LINE('',#13845,#1527);
#916=LINE('',#13846,#1528);
#917=LINE('',#13849,#1529);
#918=LINE('',#13850,#1530);
#919=LINE('',#13852,#1531);
#920=LINE('',#13860,#1532);
#921=LINE('',#13867,#1533);
#922=LINE('',#13869,#1534);
#923=LINE('',#13873,#1535);
#924=LINE('',#13877,#1536);
#925=LINE('',#13880,#1537);
#926=LINE('',#13882,#1538);
#927=LINE('',#13883,#1539);
#928=LINE('',#13885,#1540);
#929=LINE('',#13887,#1541);
#930=LINE('',#13889,#1542);
#931=LINE('',#13891,#1543);
#932=LINE('',#13892,#1544);
#933=LINE('',#13895,#1545);
#934=LINE('',#13902,#1546);
#935=LINE('',#13904,#1547);
#936=LINE('',#13906,#1548);
#937=LINE('',#13909,#1549);
#938=LINE('',#13912,#1550);
#939=LINE('',#13918,#1551);
#940=LINE('',#13925,#1552);
#941=LINE('',#13927,#1553);
#942=LINE('',#13932,#1554);
#943=LINE('',#13935,#1555);
#944=LINE('',#13941,#1556);
#945=LINE('',#13943,#1557);
#946=LINE('',#13946,#1558);
#947=LINE('',#13948,#1559);
#948=LINE('',#13949,#1560);
#949=LINE('',#13951,#1561);
#950=LINE('',#13953,#1562);
#951=LINE('',#13954,#1563);
#952=LINE('',#13959,#1564);
#953=LINE('',#13962,#1565);
#954=LINE('',#13964,#1566);
#955=LINE('',#13965,#1567);
#956=LINE('',#13966,#1568);
#957=LINE('',#13973,#1569);
#958=LINE('',#13979,#1570);
#959=LINE('',#13983,#1571);
#960=LINE('',#13984,#1572);
#961=LINE('',#13985,#1573);
#962=LINE('',#13987,#1574);
#963=LINE('',#13989,#1575);
#964=LINE('',#13991,#1576);
#965=LINE('',#13993,#1577);
#966=LINE('',#13996,#1578);
#967=LINE('',#13997,#1579);
#968=LINE('',#14022,#1580);
#969=LINE('',#14028,#1581);
#970=LINE('',#14034,#1582);
#971=LINE('',#14040,#1583);
#972=LINE('',#14046,#1584);
#973=LINE('',#14052,#1585);
#974=LINE('',#14058,#1586);
#975=LINE('',#14065,#1587);
#976=LINE('',#14072,#1588);
#977=LINE('',#14079,#1589);
#978=LINE('',#14086,#1590);
#979=LINE('',#14093,#1591);
#980=LINE('',#14099,#1592);
#981=LINE('',#14101,#1593);
#982=LINE('',#14103,#1594);
#983=LINE('',#14104,#1595);
#984=LINE('',#14108,#1596);
#985=LINE('',#14110,#1597);
#986=LINE('',#14112,#1598);
#987=LINE('',#14113,#1599);
#988=LINE('',#14116,#1600);
#989=LINE('',#14118,#1601);
#990=LINE('',#14119,#1602);
#991=LINE('',#14127,#1603);
#992=LINE('',#14129,#1604);
#993=LINE('',#14130,#1605);
#994=LINE('',#14134,#1606);
#995=LINE('',#14136,#1607);
#996=LINE('',#14138,#1608);
#997=LINE('',#14139,#1609);
#998=LINE('',#14147,#1610);
#999=LINE('',#14148,#1611);
#1000=LINE('',#14150,#1612);
#1001=LINE('',#14151,#1613);
#1002=LINE('',#14155,#1614);
#1003=LINE('',#14157,#1615);
#1004=LINE('',#14159,#1616);
#1005=LINE('',#14160,#1617);
#1006=LINE('',#14164,#1618);
#1007=LINE('',#14166,#1619);
#1008=LINE('',#14168,#1620);
#1009=LINE('',#14169,#1621);
#1010=LINE('',#14173,#1622);
#1011=LINE('',#14175,#1623);
#1012=LINE('',#14177,#1624);
#1013=LINE('',#14178,#1625);
#1014=LINE('',#14181,#1626);
#1015=LINE('',#14183,#1627);
#1016=LINE('',#14184,#1628);
#1017=LINE('',#14188,#1629);
#1018=LINE('',#14190,#1630);
#1019=LINE('',#14192,#1631);
#1020=LINE('',#14193,#1632);
#1021=LINE('',#14197,#1633);
#1022=LINE('',#14201,#1634);
#1023=LINE('',#14206,#1635);
#1024=LINE('',#14208,#1636);
#1025=LINE('',#14210,#1637);
#1026=LINE('',#14211,#1638);
#1027=LINE('',#14214,#1639);
#1028=LINE('',#14216,#1640);
#1029=LINE('',#14217,#1641);
#1030=LINE('',#14220,#1642);
#1031=LINE('',#14222,#1643);
#1032=LINE('',#14223,#1644);
#1033=LINE('',#14226,#1645);
#1034=LINE('',#14228,#1646);
#1035=LINE('',#14229,#1647);
#1036=LINE('',#14232,#1648);
#1037=LINE('',#14234,#1649);
#1038=LINE('',#14235,#1650);
#1039=LINE('',#14253,#1651);
#1040=LINE('',#14258,#1652);
#1041=LINE('',#14262,#1653);
#1042=LINE('',#14265,#1654);
#1043=LINE('',#14268,#1655);
#1044=LINE('',#14278,#1656);
#1045=LINE('',#14280,#1657);
#1046=LINE('',#14282,#1658);
#1047=LINE('',#14288,#1659);
#1048=LINE('',#14290,#1660);
#1049=LINE('',#14292,#1661);
#1050=LINE('',#14298,#1662);
#1051=LINE('',#14300,#1663);
#1052=LINE('',#14302,#1664);
#1053=LINE('',#14303,#1665);
#1054=LINE('',#14305,#1666);
#1055=LINE('',#14307,#1667);
#1056=LINE('',#14309,#1668);
#1057=LINE('',#14313,#1669);
#1058=LINE('',#14315,#1670);
#1059=LINE('',#14317,#1671);
#1060=LINE('',#14320,#1672);
#1061=LINE('',#14322,#1673);
#1062=LINE('',#14323,#1674);
#1063=LINE('',#14331,#1675);
#1064=LINE('',#14335,#1676);
#1065=LINE('',#14337,#1677);
#1066=LINE('',#14339,#1678);
#1067=LINE('',#14343,#1679);
#1068=LINE('',#14345,#1680);
#1069=LINE('',#14347,#1681);
#1070=LINE('',#14348,#1682);
#1071=LINE('',#14353,#1683);
#1072=LINE('',#14358,#1684);
#1073=LINE('',#14363,#1685);
#1074=LINE('',#14366,#1686);
#1075=LINE('',#14371,#1687);
#1076=LINE('',#14377,#1688);
#1077=LINE('',#14387,#1689);
#1078=LINE('',#14389,#1690);
#1079=LINE('',#14401,#1691);
#1080=LINE('',#14403,#1692);
#1081=LINE('',#14409,#1693);
#1082=LINE('',#14411,#1694);
#1083=LINE('',#14412,#1695);
#1084=LINE('',#14415,#1696);
#1085=LINE('',#14416,#1697);
#1086=LINE('',#14419,#1698);
#1087=LINE('',#14421,#1699);
#1088=LINE('',#14422,#1700);
#1089=LINE('',#14425,#1701);
#1090=LINE('',#14429,#1702);
#1091=LINE('',#14430,#1703);
#1092=LINE('',#14432,#1704);
#1093=LINE('',#14435,#1705);
#1094=LINE('',#14436,#1706);
#1095=LINE('',#14439,#1707);
#1096=LINE('',#14440,#1708);
#1097=LINE('',#14443,#1709);
#1098=LINE('',#14446,#1710);
#1099=LINE('',#14449,#1711);
#1100=LINE('',#14451,#1712);
#1101=LINE('',#14452,#1713);
#1102=LINE('',#14455,#1714);
#1103=LINE('',#14456,#1715);
#1104=LINE('',#14459,#1716);
#1105=LINE('',#14460,#1717);
#1106=LINE('',#14463,#1718);
#1107=LINE('',#14467,#1719);
#1108=LINE('',#14468,#1720);
#1109=LINE('',#14470,#1721);
#1110=LINE('',#14472,#1722);
#1111=LINE('',#14476,#1723);
#1112=LINE('',#14479,#1724);
#1113=LINE('',#14480,#1725);
#1114=LINE('',#14483,#1726);
#1115=LINE('',#14484,#1727);
#1116=LINE('',#14487,#1728);
#1117=LINE('',#14488,#1729);
#1118=LINE('',#14490,#1730);
#1119=LINE('',#14500,#1731);
#1120=LINE('',#14502,#1732);
#1121=LINE('',#14515,#1733);
#1122=LINE('',#14517,#1734);
#1123=LINE('',#14519,#1735);
#1124=LINE('',#14521,#1736);
#1125=LINE('',#14523,#1737);
#1126=LINE('',#14525,#1738);
#1127=LINE('',#14527,#1739);
#1128=LINE('',#14529,#1740);
#1129=LINE('',#14531,#1741);
#1130=LINE('',#14532,#1742);
#1131=LINE('',#14535,#1743);
#1132=LINE('',#14537,#1744);
#1133=LINE('',#14538,#1745);
#1134=LINE('',#14540,#1746);
#1135=LINE('',#14542,#1747);
#1136=LINE('',#14544,#1748);
#1137=LINE('',#14546,#1749);
#1138=LINE('',#14547,#1750);
#1139=LINE('',#14549,#1751);
#1140=LINE('',#14551,#1752);
#1141=LINE('',#14554,#1753);
#1142=LINE('',#14556,#1754);
#1143=LINE('',#14558,#1755);
#1144=LINE('',#14560,#1756);
#1145=LINE('',#14562,#1757);
#1146=LINE('',#14563,#1758);
#1147=LINE('',#14565,#1759);
#1148=LINE('',#14567,#1760);
#1149=LINE('',#14569,#1761);
#1150=LINE('',#14571,#1762);
#1151=LINE('',#14572,#1763);
#1152=LINE('',#14574,#1764);
#1153=LINE('',#14576,#1765);
#1154=LINE('',#14578,#1766);
#1155=LINE('',#14580,#1767);
#1156=VECTOR('',#8569,10.);
#1157=VECTOR('',#8570,10.);
#1158=VECTOR('',#8571,10.);
#1159=VECTOR('',#8572,10.);
#1160=VECTOR('',#8573,10.);
#1161=VECTOR('',#8574,10.);
#1162=VECTOR('',#8575,10.);
#1163=VECTOR('',#8576,10.);
#1164=VECTOR('',#8577,10.);
#1165=VECTOR('',#8584,10.);
#1166=VECTOR('',#8587,10.);
#1167=VECTOR('',#8590,10.);
#1168=VECTOR('',#8593,10.);
#1169=VECTOR('',#8598,2.37500000000001);
#1170=VECTOR('',#8603,10.);
#1171=VECTOR('',#8606,10.);
#1172=VECTOR('',#8611,10.);
#1173=VECTOR('',#8614,10.);
#1174=VECTOR('',#8615,10.);
#1175=VECTOR('',#8616,10.);
#1176=VECTOR('',#8625,10.);
#1177=VECTOR('',#8626,10.);
#1178=VECTOR('',#8627,10.);
#1179=VECTOR('',#8628,10.);
#1180=VECTOR('',#8629,10.);
#1181=VECTOR('',#8630,10.);
#1182=VECTOR('',#8631,10.);
#1183=VECTOR('',#8632,10.);
#1184=VECTOR('',#8633,10.);
#1185=VECTOR('',#8634,10.);
#1186=VECTOR('',#8635,10.);
#1187=VECTOR('',#8636,10.);
#1188=VECTOR('',#8637,10.);
#1189=VECTOR('',#8638,10.);
#1190=VECTOR('',#8639,10.);
#1191=VECTOR('',#8640,10.);
#1192=VECTOR('',#8641,10.);
#1193=VECTOR('',#8642,10.);
#1194=VECTOR('',#8643,10.);
#1195=VECTOR('',#8644,10.);
#1196=VECTOR('',#8645,10.);
#1197=VECTOR('',#8646,10.);
#1198=VECTOR('',#8647,10.);
#1199=VECTOR('',#8648,10.);
#1200=VECTOR('',#8649,10.);
#1201=VECTOR('',#8650,10.);
#1202=VECTOR('',#8651,10.);
#1203=VECTOR('',#8652,10.);
#1204=VECTOR('',#8653,10.);
#1205=VECTOR('',#8654,10.);
#1206=VECTOR('',#8655,10.);
#1207=VECTOR('',#8656,10.);
#1208=VECTOR('',#8657,10.);
#1209=VECTOR('',#8658,10.);
#1210=VECTOR('',#8659,10.);
#1211=VECTOR('',#8660,10.);
#1212=VECTOR('',#8661,10.);
#1213=VECTOR('',#8662,10.);
#1214=VECTOR('',#8663,10.);
#1215=VECTOR('',#8664,10.);
#1216=VECTOR('',#8665,10.);
#1217=VECTOR('',#8668,10.);
#1218=VECTOR('',#8673,10.);
#1219=VECTOR('',#8676,10.);
#1220=VECTOR('',#8677,10.);
#1221=VECTOR('',#8678,10.);
#1222=VECTOR('',#8679,10.);
#1223=VECTOR('',#8680,10.);
#1224=VECTOR('',#8681,10.);
#1225=VECTOR('',#8682,10.);
#1226=VECTOR('',#8683,10.);
#1227=VECTOR('',#8684,10.);
#1228=VECTOR('',#8685,10.);
#1229=VECTOR('',#8686,10.);
#1230=VECTOR('',#8687,10.);
#1231=VECTOR('',#8688,10.);
#1232=VECTOR('',#8691,1.25);
#1233=VECTOR('',#8694,10.);
#1234=VECTOR('',#8695,10.);
#1235=VECTOR('',#8698,10.);
#1236=VECTOR('',#8699,10.);
#1237=VECTOR('',#8702,10.);
#1238=VECTOR('',#8703,10.);
#1239=VECTOR('',#8706,10.);
#1240=VECTOR('',#8709,10.);
#1241=VECTOR('',#8714,10.);
#1242=VECTOR('',#8715,10.);
#1243=VECTOR('',#8716,10.);
#1244=VECTOR('',#8717,10.);
#1245=VECTOR('',#8720,10.);
#1246=VECTOR('',#8721,10.);
#1247=VECTOR('',#8722,10.);
#1248=VECTOR('',#8727,1.5);
#1249=VECTOR('',#8736,1.5);
#1250=VECTOR('',#8747,10.);
#1251=VECTOR('',#8750,10.);
#1252=VECTOR('',#8751,10.);
#1253=VECTOR('',#8754,10.);
#1254=VECTOR('',#8757,10.);
#1255=VECTOR('',#8758,10.);
#1256=VECTOR('',#8759,10.);
#1257=VECTOR('',#8762,10.);
#1258=VECTOR('',#8763,10.);
#1259=VECTOR('',#8764,10.);
#1260=VECTOR('',#8765,10.);
#1261=VECTOR('',#8766,10.);
#1262=VECTOR('',#8767,10.);
#1263=VECTOR('',#8768,10.);
#1264=VECTOR('',#8771,10.);
#1265=VECTOR('',#8772,10.);
#1266=VECTOR('',#8773,10.);
#1267=VECTOR('',#8776,10.);
#1268=VECTOR('',#8779,10.);
#1269=VECTOR('',#8780,10.);
#1270=VECTOR('',#8783,10.);
#1271=VECTOR('',#8786,10.);
#1272=VECTOR('',#8795,10.);
#1273=VECTOR('',#8796,10.);
#1274=VECTOR('',#8797,10.);
#1275=VECTOR('',#8798,10.);
#1276=VECTOR('',#8801,10.);
#1277=VECTOR('',#8804,10.);
#1278=VECTOR('',#8805,10.);
#1279=VECTOR('',#8806,10.);
#1280=VECTOR('',#8807,10.);
#1281=VECTOR('',#8808,10.);
#1282=VECTOR('',#8809,10.);
#1283=VECTOR('',#8810,10.);
#1284=VECTOR('',#8817,10.);
#1285=VECTOR('',#8820,10.);
#1286=VECTOR('',#8823,10.);
#1287=VECTOR('',#8826,10.);
#1288=VECTOR('',#8831,2.37500000000001);
#1289=VECTOR('',#8836,10.);
#1290=VECTOR('',#8839,10.);
#1291=VECTOR('',#8844,10.);
#1292=VECTOR('',#8847,10.);
#1293=VECTOR('',#8848,10.);
#1294=VECTOR('',#8849,10.);
#1295=VECTOR('',#8858,10.);
#1296=VECTOR('',#8859,10.);
#1297=VECTOR('',#8860,10.);
#1298=VECTOR('',#8861,10.);
#1299=VECTOR('',#8862,10.);
#1300=VECTOR('',#8863,10.);
#1301=VECTOR('',#8864,10.);
#1302=VECTOR('',#8865,10.);
#1303=VECTOR('',#8866,10.);
#1304=VECTOR('',#8867,10.);
#1305=VECTOR('',#8868,10.);
#1306=VECTOR('',#8869,10.);
#1307=VECTOR('',#8870,10.);
#1308=VECTOR('',#8871,10.);
#1309=VECTOR('',#8872,10.);
#1310=VECTOR('',#8873,10.);
#1311=VECTOR('',#8874,10.);
#1312=VECTOR('',#8875,10.);
#1313=VECTOR('',#8876,10.);
#1314=VECTOR('',#8877,10.);
#1315=VECTOR('',#8882,10.);
#1316=VECTOR('',#8883,10.);
#1317=VECTOR('',#8884,10.);
#1318=VECTOR('',#8885,10.);
#1319=VECTOR('',#8886,10.);
#1320=VECTOR('',#8887,10.);
#1321=VECTOR('',#8888,10.);
#1322=VECTOR('',#8889,10.);
#1323=VECTOR('',#8890,10.);
#1324=VECTOR('',#8891,10.);
#1325=VECTOR('',#8892,10.);
#1326=VECTOR('',#8893,10.);
#1327=VECTOR('',#8894,10.);
#1328=VECTOR('',#8895,10.);
#1329=VECTOR('',#8896,10.);
#1330=VECTOR('',#8897,10.);
#1331=VECTOR('',#8898,10.);
#1332=VECTOR('',#8899,10.);
#1333=VECTOR('',#8900,10.);
#1334=VECTOR('',#8901,10.);
#1335=VECTOR('',#8902,10.);
#1336=VECTOR('',#8903,10.);
#1337=VECTOR('',#8904,10.);
#1338=VECTOR('',#8905,10.);
#1339=VECTOR('',#8906,10.);
#1340=VECTOR('',#8907,10.);
#1341=VECTOR('',#8908,10.);
#1342=VECTOR('',#8909,10.);
#1343=VECTOR('',#8910,10.);
#1344=VECTOR('',#8911,10.);
#1345=VECTOR('',#8912,10.);
#1346=VECTOR('',#8913,10.);
#1347=VECTOR('',#8914,10.);
#1348=VECTOR('',#8915,10.);
#1349=VECTOR('',#8916,10.);
#1350=VECTOR('',#8917,10.);
#1351=VECTOR('',#8918,10.);
#1352=VECTOR('',#8919,10.);
#1353=VECTOR('',#8920,10.);
#1354=VECTOR('',#8925,10.);
#1355=VECTOR('',#8926,10.);
#1356=VECTOR('',#8927,10.);
#1357=VECTOR('',#8928,10.);
#1358=VECTOR('',#8929,10.);
#1359=VECTOR('',#8930,10.);
#1360=VECTOR('',#8931,10.);
#1361=VECTOR('',#8932,10.);
#1362=VECTOR('',#8933,10.);
#1363=VECTOR('',#8934,10.);
#1364=VECTOR('',#8935,10.);
#1365=VECTOR('',#8936,10.);
#1366=VECTOR('',#8937,10.);
#1367=VECTOR('',#8938,10.);
#1368=VECTOR('',#8939,10.);
#1369=VECTOR('',#8940,10.);
#1370=VECTOR('',#8943,1.25);
#1371=VECTOR('',#8946,10.);
#1372=VECTOR('',#8947,10.);
#1373=VECTOR('',#8950,10.);
#1374=VECTOR('',#8951,10.);
#1375=VECTOR('',#8954,10.);
#1376=VECTOR('',#8955,10.);
#1377=VECTOR('',#8958,10.);
#1378=VECTOR('',#8961,10.);
#1379=VECTOR('',#8966,10.);
#1380=VECTOR('',#8967,10.);
#1381=VECTOR('',#8968,10.);
#1382=VECTOR('',#8971,10.);
#1383=VECTOR('',#8974,10.);
#1384=VECTOR('',#8981,1.5);
#1385=VECTOR('',#8990,1.5);
#1386=VECTOR('',#9001,10.);
#1387=VECTOR('',#9004,10.);
#1388=VECTOR('',#9005,10.);
#1389=VECTOR('',#9006,10.);
#1390=VECTOR('',#9009,10.);
#1391=VECTOR('',#9012,10.);
#1392=VECTOR('',#9025,1.75);
#1393=VECTOR('',#9028,10.);
#1394=VECTOR('',#9029,10.);
#1395=VECTOR('',#9042,1.75);
#1396=VECTOR('',#9045,10.);
#1397=VECTOR('',#9046,10.);
#1398=VECTOR('',#9059,1.75);
#1399=VECTOR('',#9062,10.);
#1400=VECTOR('',#9063,10.);
#1401=VECTOR('',#9078,1.75);
#1402=VECTOR('',#9081,10.);
#1403=VECTOR('',#9082,10.);
#1404=VECTOR('',#9093,1.75);
#1405=VECTOR('',#9108,1.75);
#1406=VECTOR('',#9111,10.);
#1407=VECTOR('',#9112,10.);
#1408=VECTOR('',#9127,1.75);
#1409=VECTOR('',#9130,10.);
#1410=VECTOR('',#9131,10.);
#1411=VECTOR('',#9144,1.75);
#1412=VECTOR('',#9147,10.);
#1413=VECTOR('',#9148,10.);
#1414=VECTOR('',#9159,1.75);
#1415=VECTOR('',#9170,1.75);
#1416=VECTOR('',#9173,10.);
#1417=VECTOR('',#9174,10.);
#1418=VECTOR('',#9179,10.);
#1419=VECTOR('',#9180,10.);
#1420=VECTOR('',#9181,10.);
#1421=VECTOR('',#9182,10.);
#1422=VECTOR('',#9183,10.);
#1423=VECTOR('',#9184,10.);
#1424=VECTOR('',#9185,10.);
#1425=VECTOR('',#9188,10.);
#1426=VECTOR('',#9191,10.);
#1427=VECTOR('',#9192,10.);
#1428=VECTOR('',#9195,10.);
#1429=VECTOR('',#9198,10.);
#1430=VECTOR('',#9199,10.);
#1431=VECTOR('',#9200,10.);
#1432=VECTOR('',#9201,10.);
#1433=VECTOR('',#9202,10.);
#1434=VECTOR('',#9203,10.);
#1435=VECTOR('',#9204,10.);
#1436=VECTOR('',#9209,10.);
#1437=VECTOR('',#9210,10.);
#1438=VECTOR('',#9211,10.);
#1439=VECTOR('',#9216,10.);
#1440=VECTOR('',#9217,10.);
#1441=VECTOR('',#9218,10.);
#1442=VECTOR('',#9221,10.);
#1443=VECTOR('',#9222,10.);
#1444=VECTOR('',#9223,10.);
#1445=VECTOR('',#9228,1.25);
#1446=VECTOR('',#9235,1.25);
#1447=VECTOR('',#9242,1.25);
#1448=VECTOR('',#9249,1.25);
#1449=VECTOR('',#9256,1.25);
#1450=VECTOR('',#9263,1.25);
#1451=VECTOR('',#9270,1.25);
#1452=VECTOR('',#9277,1.25);
#1453=VECTOR('',#9284,1.25);
#1454=VECTOR('',#9291,1.25);
#1455=VECTOR('',#9298,1.25);
#1456=VECTOR('',#9305,1.25);
#1457=VECTOR('',#9312,5.);
#1458=VECTOR('',#9319,10.);
#1459=VECTOR('',#9320,10.);
#1460=VECTOR('',#9321,10.);
#1461=VECTOR('',#9322,10.);
#1462=VECTOR('',#9323,10.);
#1463=VECTOR('',#9326,10.);
#1464=VECTOR('',#9327,10.);
#1465=VECTOR('',#9328,10.);
#1466=VECTOR('',#9335,10.);
#1467=VECTOR('',#9336,10.);
#1468=VECTOR('',#9341,10.);
#1469=VECTOR('',#9344,10.);
#1470=VECTOR('',#9347,15.);
#1471=VECTOR('',#9354,10.);
#1472=VECTOR('',#9359,10.);
#1473=VECTOR('',#9360,10.);
#1474=VECTOR('',#9361,10.);
#1475=VECTOR('',#9366,10.);
#1476=VECTOR('',#9367,10.);
#1477=VECTOR('',#9368,10.);
#1478=VECTOR('',#9371,10.);
#1479=VECTOR('',#9372,10.);
#1480=VECTOR('',#9377,10.);
#1481=VECTOR('',#9378,10.);
#1482=VECTOR('',#9381,10.);
#1483=VECTOR('',#9382,10.);
#1484=VECTOR('',#9383,10.);
#1485=VECTOR('',#9386,10.);
#1486=VECTOR('',#9387,10.);
#1487=VECTOR('',#9390,10.);
#1488=VECTOR('',#9391,10.);
#1489=VECTOR('',#9392,10.);
#1490=VECTOR('',#9393,10.);
#1491=VECTOR('',#9398,10.);
#1492=VECTOR('',#9399,10.);
#1493=VECTOR('',#9400,10.);
#1494=VECTOR('',#9403,10.);
#1495=VECTOR('',#9404,10.);
#1496=VECTOR('',#9405,10.);
#1497=VECTOR('',#9408,10.);
#1498=VECTOR('',#9409,10.);
#1499=VECTOR('',#9410,10.);
#1500=VECTOR('',#9415,10.);
#1501=VECTOR('',#9418,10.);
#1502=VECTOR('',#9419,10.);
#1503=VECTOR('',#9420,10.);
#1504=VECTOR('',#9423,10.);
#1505=VECTOR('',#9424,10.);
#1506=VECTOR('',#9431,10.);
#1507=VECTOR('',#9438,10.);
#1508=VECTOR('',#9441,10.);
#1509=VECTOR('',#9446,10.);
#1510=VECTOR('',#9449,10.);
#1511=VECTOR('',#9450,10.);
#1512=VECTOR('',#9451,10.);
#1513=VECTOR('',#9454,10.);
#1514=VECTOR('',#9455,10.);
#1515=VECTOR('',#9456,10.);
#1516=VECTOR('',#9457,10.);
#1517=VECTOR('',#9460,10.);
#1518=VECTOR('',#9461,10.);
#1519=VECTOR('',#9464,10.);
#1520=VECTOR('',#9465,10.);
#1521=VECTOR('',#9468,10.);
#1522=VECTOR('',#9469,10.);
#1523=VECTOR('',#9472,10.);
#1524=VECTOR('',#9473,10.);
#1525=VECTOR('',#9474,10.);
#1526=VECTOR('',#9475,10.);
#1527=VECTOR('',#9478,10.);
#1528=VECTOR('',#9479,10.);
#1529=VECTOR('',#9482,10.);
#1530=VECTOR('',#9483,10.);
#1531=VECTOR('',#9486,10.);
#1532=VECTOR('',#9495,0.625);
#1533=VECTOR('',#9504,1.75);
#1534=VECTOR('',#9507,1.25);
#1535=VECTOR('',#9512,10.);
#1536=VECTOR('',#9517,10.);
#1537=VECTOR('',#9520,10.);
#1538=VECTOR('',#9521,10.);
#1539=VECTOR('',#9522,10.);
#1540=VECTOR('',#9523,10.);
#1541=VECTOR('',#9524,10.);
#1542=VECTOR('',#9525,10.);
#1543=VECTOR('',#9526,10.);
#1544=VECTOR('',#9527,10.);
#1545=VECTOR('',#9530,10.);
#1546=VECTOR('',#9539,10.);
#1547=VECTOR('',#9542,10.);
#1548=VECTOR('',#9545,10.);
#1549=VECTOR('',#9548,10.);
#1550=VECTOR('',#9553,10.);
#1551=VECTOR('',#9560,0.7875);
#1552=VECTOR('',#9569,1.75);
#1553=VECTOR('',#9572,1.575);
#1554=VECTOR('',#9577,10.);
#1555=VECTOR('',#9580,10.);
#1556=VECTOR('',#9585,10.);
#1557=VECTOR('',#9588,10.);
#1558=VECTOR('',#9591,10.);
#1559=VECTOR('',#9592,10.);
#1560=VECTOR('',#9593,10.);
#1561=VECTOR('',#9594,10.);
#1562=VECTOR('',#9595,10.);
#1563=VECTOR('',#9596,10.);
#1564=VECTOR('',#9601,1.75000000000001);
#1565=VECTOR('',#9606,10.);
#1566=VECTOR('',#9609,10.);
#1567=VECTOR('',#9610,10.);
#1568=VECTOR('',#9611,10.);
#1569=VECTOR('',#9620,1.75000000000001);
#1570=VECTOR('',#9631,10.);
#1571=VECTOR('',#9634,10.);
#1572=VECTOR('',#9635,10.);
#1573=VECTOR('',#9636,10.);
#1574=VECTOR('',#9639,10.);
#1575=VECTOR('',#9642,10.);
#1576=VECTOR('',#9645,10.);
#1577=VECTOR('',#9648,10.);
#1578=VECTOR('',#9651,10.);
#1579=VECTOR('',#9652,10.);
#1580=VECTOR('',#9679,5.50000000000001);
#1581=VECTOR('',#9686,5.50000000000001);
#1582=VECTOR('',#9693,5.50000000000001);
#1583=VECTOR('',#9700,5.50000000000001);
#1584=VECTOR('',#9707,5.50000000000001);
#1585=VECTOR('',#9714,5.50000000000001);
#1586=VECTOR('',#9721,7.54999999999999);
#1587=VECTOR('',#9730,7.55000000000001);
#1588=VECTOR('',#9739,7.55000000000001);
#1589=VECTOR('',#9748,7.54999999999999);
#1590=VECTOR('',#9757,7.54999999999999);
#1591=VECTOR('',#9766,7.55000000000001);
#1592=VECTOR('',#9773,10.);
#1593=VECTOR('',#9774,10.);
#1594=VECTOR('',#9775,10.);
#1595=VECTOR('',#9776,10.);
#1596=VECTOR('',#9779,10.);
#1597=VECTOR('',#9780,10.);
#1598=VECTOR('',#9781,10.);
#1599=VECTOR('',#9782,10.);
#1600=VECTOR('',#9785,10.);
#1601=VECTOR('',#9786,10.);
#1602=VECTOR('',#9787,10.);
#1603=VECTOR('',#9798,10.);
#1604=VECTOR('',#9799,10.);
#1605=VECTOR('',#9800,10.);
#1606=VECTOR('',#9803,10.);
#1607=VECTOR('',#9804,10.);
#1608=VECTOR('',#9805,10.);
#1609=VECTOR('',#9806,10.);
#1610=VECTOR('',#9817,10.);
#1611=VECTOR('',#9818,10.);
#1612=VECTOR('',#9819,10.);
#1613=VECTOR('',#9820,10.);
#1614=VECTOR('',#9823,10.);
#1615=VECTOR('',#9824,10.);
#1616=VECTOR('',#9825,10.);
#1617=VECTOR('',#9826,10.);
#1618=VECTOR('',#9829,10.);
#1619=VECTOR('',#9830,10.);
#1620=VECTOR('',#9831,10.);
#1621=VECTOR('',#9832,10.);
#1622=VECTOR('',#9835,10.);
#1623=VECTOR('',#9836,10.);
#1624=VECTOR('',#9837,10.);
#1625=VECTOR('',#9838,10.);
#1626=VECTOR('',#9841,10.);
#1627=VECTOR('',#9842,10.);
#1628=VECTOR('',#9843,10.);
#1629=VECTOR('',#9846,10.);
#1630=VECTOR('',#9847,10.);
#1631=VECTOR('',#9848,10.);
#1632=VECTOR('',#9849,10.);
#1633=VECTOR('',#9852,10.);
#1634=VECTOR('',#9855,10.);
#1635=VECTOR('',#9860,10.);
#1636=VECTOR('',#9861,10.);
#1637=VECTOR('',#9862,10.);
#1638=VECTOR('',#9863,10.);
#1639=VECTOR('',#9866,10.);
#1640=VECTOR('',#9867,10.);
#1641=VECTOR('',#9868,10.);
#1642=VECTOR('',#9871,10.);
#1643=VECTOR('',#9872,10.);
#1644=VECTOR('',#9873,10.);
#1645=VECTOR('',#9876,10.);
#1646=VECTOR('',#9877,10.);
#1647=VECTOR('',#9878,10.);
#1648=VECTOR('',#9881,10.);
#1649=VECTOR('',#9882,10.);
#1650=VECTOR('',#9883,10.);
#1651=VECTOR('',#9910,3.75);
#1652=VECTOR('',#9917,3.75);
#1653=VECTOR('',#9922,10.);
#1654=VECTOR('',#9925,10.);
#1655=VECTOR('',#9930,10.);
#1656=VECTOR('',#9941,10.);
#1657=VECTOR('',#9942,10.);
#1658=VECTOR('',#9943,10.);
#1659=VECTOR('',#9948,10.);
#1660=VECTOR('',#9949,10.);
#1661=VECTOR('',#9950,10.);
#1662=VECTOR('',#9955,10.);
#1663=VECTOR('',#9956,10.);
#1664=VECTOR('',#9957,10.);
#1665=VECTOR('',#9958,10.);
#1666=VECTOR('',#9959,10.);
#1667=VECTOR('',#9960,10.);
#1668=VECTOR('',#9961,10.);
#1669=VECTOR('',#9964,10.);
#1670=VECTOR('',#9965,10.);
#1671=VECTOR('',#9966,10.);
#1672=VECTOR('',#9969,10.);
#1673=VECTOR('',#9970,10.);
#1674=VECTOR('',#9971,10.);
#1675=VECTOR('',#9982,10.);
#1676=VECTOR('',#9985,10.);
#1677=VECTOR('',#9986,10.);
#1678=VECTOR('',#9987,10.);
#1679=VECTOR('',#9990,10.);
#1680=VECTOR('',#9991,10.);
#1681=VECTOR('',#9992,10.);
#1682=VECTOR('',#9993,10.);
#1683=VECTOR('',#10000,3.75);
#1684=VECTOR('',#10007,3.75);
#1685=VECTOR('',#10014,3.75);
#1686=VECTOR('',#10019,10.);
#1687=VECTOR('',#10026,3.75);
#1688=VECTOR('',#10035,3.75);
#1689=VECTOR('',#10048,1.75);
#1690=VECTOR('',#10051,1.35);
#1691=VECTOR('',#10066,1.75);
#1692=VECTOR('',#10069,1.35);
#1693=VECTOR('',#10076,10.);
#1694=VECTOR('',#10077,10.);
#1695=VECTOR('',#10078,10.);
#1696=VECTOR('',#10081,10.);
#1697=VECTOR('',#10082,10.);
#1698=VECTOR('',#10085,10.);
#1699=VECTOR('',#10086,10.);
#1700=VECTOR('',#10087,10.);
#1701=VECTOR('',#10090,10.);
#1702=VECTOR('',#10095,10.);
#1703=VECTOR('',#10096,10.);
#1704=VECTOR('',#10099,10.);
#1705=VECTOR('',#10102,10.);
#1706=VECTOR('',#10103,10.);
#1707=VECTOR('',#10106,10.);
#1708=VECTOR('',#10107,10.);
#1709=VECTOR('',#10110,10.);
#1710=VECTOR('',#10115,10.);
#1711=VECTOR('',#10118,10.);
#1712=VECTOR('',#10119,10.);
#1713=VECTOR('',#10120,10.);
#1714=VECTOR('',#10123,10.);
#1715=VECTOR('',#10124,10.);
#1716=VECTOR('',#10127,10.);
#1717=VECTOR('',#10128,10.);
#1718=VECTOR('',#10131,10.);
#1719=VECTOR('',#10136,10.);
#1720=VECTOR('',#10137,10.);
#1721=VECTOR('',#10140,1.25);
#1722=VECTOR('',#10143,1.25);
#1723=VECTOR('',#10148,10.);
#1724=VECTOR('',#10151,10.);
#1725=VECTOR('',#10152,10.);
#1726=VECTOR('',#10155,10.);
#1727=VECTOR('',#10156,10.);
#1728=VECTOR('',#10159,10.);
#1729=VECTOR('',#10160,10.);
#1730=VECTOR('',#10163,10.);
#1731=VECTOR('',#10176,10.);
#1732=VECTOR('',#10177,10.);
#1733=VECTOR('',#10196,1.25);
#1734=VECTOR('',#10199,1.25);
#1735=VECTOR('',#10202,1.25);
#1736=VECTOR('',#10205,1.25);
#1737=VECTOR('',#10208,1.25);
#1738=VECTOR('',#10211,1.25);
#1739=VECTOR('',#10214,1.25);
#1740=VECTOR('',#10217,1.25);
#1741=VECTOR('',#10220,10.);
#1742=VECTOR('',#10221,10.);
#1743=VECTOR('',#10226,10.);
#1744=VECTOR('',#10229,10.);
#1745=VECTOR('',#10230,15.);
#1746=VECTOR('',#10233,10.);
#1747=VECTOR('',#10236,10.);
#1748=VECTOR('',#10239,10.);
#1749=VECTOR('',#10242,10.);
#1750=VECTOR('',#10243,15.);
#1751=VECTOR('',#10246,10.);
#1752=VECTOR('',#10249,10.);
#1753=VECTOR('',#10254,10.);
#1754=VECTOR('',#10257,10.);
#1755=VECTOR('',#10260,10.);
#1756=VECTOR('',#10263,10.);
#1757=VECTOR('',#10266,15.);
#1758=VECTOR('',#10267,10.);
#1759=VECTOR('',#10270,10.);
#1760=VECTOR('',#10273,10.);
#1761=VECTOR('',#10276,10.);
#1762=VECTOR('',#10279,15.);
#1763=VECTOR('',#10280,10.);
#1764=VECTOR('',#10283,10.);
#1765=VECTOR('',#10286,10.);
#1766=VECTOR('',#10289,10.);
#1767=VECTOR('',#10292,15.);
#1768=FACE_BOUND('',#2335,.T.);
#1769=FACE_BOUND('',#2337,.T.);
#1770=FACE_BOUND('',#2338,.T.);
#1771=FACE_BOUND('',#2339,.T.);
#1772=FACE_BOUND('',#2340,.T.);
#1773=FACE_BOUND('',#2341,.T.);
#1774=FACE_BOUND('',#2344,.T.);
#1775=FACE_BOUND('',#2345,.T.);
#1776=FACE_BOUND('',#2347,.T.);
#1777=FACE_BOUND('',#2348,.T.);
#1778=FACE_BOUND('',#2349,.T.);
#1779=FACE_BOUND('',#2350,.T.);
#1780=FACE_BOUND('',#2351,.T.);
#1781=FACE_BOUND('',#2352,.T.);
#1782=FACE_BOUND('',#2353,.T.);
#1783=FACE_BOUND('',#2354,.T.);
#1784=FACE_BOUND('',#2355,.T.);
#1785=FACE_BOUND('',#2356,.T.);
#1786=FACE_BOUND('',#2357,.T.);
#1787=FACE_BOUND('',#2358,.T.);
#1788=FACE_BOUND('',#2359,.T.);
#1789=FACE_BOUND('',#2429,.T.);
#1790=FACE_BOUND('',#2431,.T.);
#1791=FACE_BOUND('',#2443,.T.);
#1792=FACE_BOUND('',#2446,.T.);
#1793=FACE_BOUND('',#2447,.T.);
#1794=FACE_BOUND('',#2448,.T.);
#1795=FACE_BOUND('',#2449,.T.);
#1796=FACE_BOUND('',#2450,.T.);
#1797=FACE_BOUND('',#2451,.T.);
#1798=FACE_BOUND('',#2452,.T.);
#1799=FACE_BOUND('',#2453,.T.);
#1800=FACE_BOUND('',#2454,.T.);
#1801=FACE_BOUND('',#2455,.T.);
#1802=FACE_BOUND('',#2456,.T.);
#1803=FACE_BOUND('',#2457,.T.);
#1804=FACE_BOUND('',#2460,.T.);
#1805=FACE_BOUND('',#2461,.T.);
#1806=FACE_BOUND('',#2463,.T.);
#1807=FACE_BOUND('',#2464,.T.);
#1808=FACE_BOUND('',#2465,.T.);
#1809=FACE_BOUND('',#2466,.T.);
#1810=FACE_BOUND('',#2467,.T.);
#1811=FACE_BOUND('',#2468,.T.);
#1812=FACE_BOUND('',#2469,.T.);
#1813=FACE_BOUND('',#2470,.T.);
#1814=FACE_BOUND('',#2471,.T.);
#1815=FACE_BOUND('',#2472,.T.);
#1816=FACE_BOUND('',#2473,.T.);
#1817=FACE_BOUND('',#2474,.T.);
#1818=FACE_BOUND('',#2475,.T.);
#1819=FACE_BOUND('',#2476,.T.);
#1820=FACE_BOUND('',#2477,.T.);
#1821=FACE_BOUND('',#2478,.T.);
#1822=FACE_BOUND('',#2479,.T.);
#1823=FACE_BOUND('',#2570,.T.);
#1824=FACE_BOUND('',#2572,.T.);
#1825=FACE_BOUND('',#2578,.T.);
#1826=FACE_BOUND('',#2582,.T.);
#1827=FACE_BOUND('',#2586,.T.);
#1828=FACE_BOUND('',#2590,.T.);
#1829=FACE_BOUND('',#2594,.T.);
#1830=FACE_BOUND('',#2597,.T.);
#1831=FACE_BOUND('',#2601,.T.);
#1832=FACE_BOUND('',#2605,.T.);
#1833=FACE_BOUND('',#2609,.T.);
#1834=FACE_BOUND('',#2612,.T.);
#1835=FACE_BOUND('',#2639,.T.);
#1836=FACE_BOUND('',#2640,.T.);
#1837=FACE_BOUND('',#2641,.T.);
#1838=FACE_BOUND('',#2642,.T.);
#1839=FACE_BOUND('',#2643,.T.);
#1840=FACE_BOUND('',#2645,.T.);
#1841=FACE_BOUND('',#2648,.T.);
#1842=FACE_BOUND('',#2650,.T.);
#1843=FACE_BOUND('',#2651,.T.);
#1844=FACE_BOUND('',#2652,.T.);
#1845=FACE_BOUND('',#2653,.T.);
#1846=FACE_BOUND('',#2654,.T.);
#1847=FACE_BOUND('',#2673,.T.);
#1848=FACE_BOUND('',#2688,.T.);
#1849=FACE_BOUND('',#2696,.T.);
#1850=FACE_BOUND('',#2702,.T.);
#1851=FACE_BOUND('',#2709,.T.);
#1852=FACE_BOUND('',#2714,.T.);
#1853=FACE_BOUND('',#2715,.T.);
#1854=FACE_BOUND('',#2716,.T.);
#1855=FACE_BOUND('',#2717,.T.);
#1856=FACE_BOUND('',#2718,.T.);
#1857=FACE_BOUND('',#2719,.T.);
#1858=FACE_BOUND('',#2720,.T.);
#1859=FACE_BOUND('',#2722,.T.);
#1860=FACE_BOUND('',#2723,.T.);
#1861=FACE_BOUND('',#2732,.T.);
#1862=FACE_BOUND('',#2735,.T.);
#1863=FACE_BOUND('',#2738,.T.);
#1864=FACE_BOUND('',#2741,.T.);
#1865=FACE_BOUND('',#2744,.T.);
#1866=FACE_BOUND('',#2747,.T.);
#1867=FACE_BOUND('',#2774,.T.);
#1868=FACE_BOUND('',#2775,.T.);
#1869=FACE_BOUND('',#2776,.T.);
#1870=FACE_BOUND('',#2777,.T.);
#1871=FACE_BOUND('',#2778,.T.);
#1872=FACE_BOUND('',#2779,.T.);
#1873=FACE_BOUND('',#2780,.T.);
#1874=FACE_BOUND('',#2781,.T.);
#1875=FACE_BOUND('',#2782,.T.);
#1876=FACE_BOUND('',#2783,.T.);
#1877=FACE_BOUND('',#2784,.T.);
#1878=FACE_BOUND('',#2785,.T.);
#1879=FACE_BOUND('',#2786,.T.);
#1880=FACE_BOUND('',#2787,.T.);
#1881=FACE_BOUND('',#2788,.T.);
#1882=FACE_BOUND('',#2789,.T.);
#1883=FACE_BOUND('',#2790,.T.);
#1884=FACE_BOUND('',#2791,.T.);
#1885=FACE_BOUND('',#2792,.T.);
#1886=FACE_BOUND('',#2793,.T.);
#1887=FACE_BOUND('',#2794,.T.);
#1888=FACE_BOUND('',#2796,.T.);
#1889=FACE_BOUND('',#2799,.T.);
#1890=FACE_BOUND('',#2802,.T.);
#1891=FACE_BOUND('',#2805,.T.);
#1892=FACE_BOUND('',#2808,.T.);
#1893=FACE_BOUND('',#2811,.T.);
#1894=FACE_BOUND('',#2813,.T.);
#1895=FACE_BOUND('',#2816,.T.);
#1896=FACE_BOUND('',#2818,.T.);
#1897=FACE_BOUND('',#2822,.T.);
#1898=FACE_BOUND('',#2824,.T.);
#1899=FACE_BOUND('',#2828,.T.);
#1900=FACE_BOUND('',#2852,.T.);
#1901=FACE_BOUND('',#2853,.T.);
#1902=FACE_BOUND('',#2855,.T.);
#1903=FACE_BOUND('',#2857,.T.);
#1904=FACE_BOUND('',#2859,.T.);
#1905=FACE_BOUND('',#2861,.T.);
#1906=FACE_BOUND('',#2863,.T.);
#1907=FACE_BOUND('',#2865,.T.);
#1908=FACE_BOUND('',#2867,.T.);
#1909=FACE_OUTER_BOUND('',#2334,.T.);
#1910=FACE_OUTER_BOUND('',#2336,.T.);
#1911=FACE_OUTER_BOUND('',#2342,.T.);
#1912=FACE_OUTER_BOUND('',#2343,.T.);
#1913=FACE_OUTER_BOUND('',#2346,.T.);
#1914=FACE_OUTER_BOUND('',#2360,.T.);
#1915=FACE_OUTER_BOUND('',#2361,.T.);
#1916=FACE_OUTER_BOUND('',#2362,.T.);
#1917=FACE_OUTER_BOUND('',#2363,.T.);
#1918=FACE_OUTER_BOUND('',#2364,.T.);
#1919=FACE_OUTER_BOUND('',#2365,.T.);
#1920=FACE_OUTER_BOUND('',#2366,.T.);
#1921=FACE_OUTER_BOUND('',#2367,.T.);
#1922=FACE_OUTER_BOUND('',#2368,.T.);
#1923=FACE_OUTER_BOUND('',#2369,.T.);
#1924=FACE_OUTER_BOUND('',#2370,.T.);
#1925=FACE_OUTER_BOUND('',#2371,.T.);
#1926=FACE_OUTER_BOUND('',#2372,.T.);
#1927=FACE_OUTER_BOUND('',#2373,.T.);
#1928=FACE_OUTER_BOUND('',#2374,.T.);
#1929=FACE_OUTER_BOUND('',#2375,.T.);
#1930=FACE_OUTER_BOUND('',#2376,.T.);
#1931=FACE_OUTER_BOUND('',#2377,.T.);
#1932=FACE_OUTER_BOUND('',#2378,.T.);
#1933=FACE_OUTER_BOUND('',#2379,.T.);
#1934=FACE_OUTER_BOUND('',#2380,.T.);
#1935=FACE_OUTER_BOUND('',#2381,.T.);
#1936=FACE_OUTER_BOUND('',#2382,.T.);
#1937=FACE_OUTER_BOUND('',#2383,.T.);
#1938=FACE_OUTER_BOUND('',#2384,.T.);
#1939=FACE_OUTER_BOUND('',#2385,.T.);
#1940=FACE_OUTER_BOUND('',#2386,.T.);
#1941=FACE_OUTER_BOUND('',#2387,.T.);
#1942=FACE_OUTER_BOUND('',#2388,.T.);
#1943=FACE_OUTER_BOUND('',#2389,.T.);
#1944=FACE_OUTER_BOUND('',#2390,.T.);
#1945=FACE_OUTER_BOUND('',#2391,.T.);
#1946=FACE_OUTER_BOUND('',#2392,.T.);
#1947=FACE_OUTER_BOUND('',#2393,.T.);
#1948=FACE_OUTER_BOUND('',#2394,.T.);
#1949=FACE_OUTER_BOUND('',#2395,.T.);
#1950=FACE_OUTER_BOUND('',#2396,.T.);
#1951=FACE_OUTER_BOUND('',#2397,.T.);
#1952=FACE_OUTER_BOUND('',#2398,.T.);
#1953=FACE_OUTER_BOUND('',#2399,.T.);
#1954=FACE_OUTER_BOUND('',#2400,.T.);
#1955=FACE_OUTER_BOUND('',#2401,.T.);
#1956=FACE_OUTER_BOUND('',#2402,.T.);
#1957=FACE_OUTER_BOUND('',#2403,.T.);
#1958=FACE_OUTER_BOUND('',#2404,.T.);
#1959=FACE_OUTER_BOUND('',#2405,.T.);
#1960=FACE_OUTER_BOUND('',#2406,.T.);
#1961=FACE_OUTER_BOUND('',#2407,.T.);
#1962=FACE_OUTER_BOUND('',#2408,.T.);
#1963=FACE_OUTER_BOUND('',#2409,.T.);
#1964=FACE_OUTER_BOUND('',#2410,.T.);
#1965=FACE_OUTER_BOUND('',#2411,.T.);
#1966=FACE_OUTER_BOUND('',#2412,.T.);
#1967=FACE_OUTER_BOUND('',#2413,.T.);
#1968=FACE_OUTER_BOUND('',#2414,.T.);
#1969=FACE_OUTER_BOUND('',#2415,.T.);
#1970=FACE_OUTER_BOUND('',#2416,.T.);
#1971=FACE_OUTER_BOUND('',#2417,.T.);
#1972=FACE_OUTER_BOUND('',#2418,.T.);
#1973=FACE_OUTER_BOUND('',#2419,.T.);
#1974=FACE_OUTER_BOUND('',#2420,.T.);
#1975=FACE_OUTER_BOUND('',#2421,.T.);
#1976=FACE_OUTER_BOUND('',#2422,.T.);
#1977=FACE_OUTER_BOUND('',#2423,.T.);
#1978=FACE_OUTER_BOUND('',#2424,.T.);
#1979=FACE_OUTER_BOUND('',#2425,.T.);
#1980=FACE_OUTER_BOUND('',#2426,.T.);
#1981=FACE_OUTER_BOUND('',#2427,.T.);
#1982=FACE_OUTER_BOUND('',#2428,.T.);
#1983=FACE_OUTER_BOUND('',#2430,.T.);
#1984=FACE_OUTER_BOUND('',#2432,.T.);
#1985=FACE_OUTER_BOUND('',#2433,.T.);
#1986=FACE_OUTER_BOUND('',#2434,.T.);
#1987=FACE_OUTER_BOUND('',#2435,.T.);
#1988=FACE_OUTER_BOUND('',#2436,.T.);
#1989=FACE_OUTER_BOUND('',#2437,.T.);
#1990=FACE_OUTER_BOUND('',#2438,.T.);
#1991=FACE_OUTER_BOUND('',#2439,.T.);
#1992=FACE_OUTER_BOUND('',#2440,.T.);
#1993=FACE_OUTER_BOUND('',#2441,.T.);
#1994=FACE_OUTER_BOUND('',#2442,.T.);
#1995=FACE_OUTER_BOUND('',#2444,.T.);
#1996=FACE_OUTER_BOUND('',#2445,.T.);
#1997=FACE_OUTER_BOUND('',#2458,.T.);
#1998=FACE_OUTER_BOUND('',#2459,.T.);
#1999=FACE_OUTER_BOUND('',#2462,.T.);
#2000=FACE_OUTER_BOUND('',#2480,.T.);
#2001=FACE_OUTER_BOUND('',#2481,.T.);
#2002=FACE_OUTER_BOUND('',#2482,.T.);
#2003=FACE_OUTER_BOUND('',#2483,.T.);
#2004=FACE_OUTER_BOUND('',#2484,.T.);
#2005=FACE_OUTER_BOUND('',#2485,.T.);
#2006=FACE_OUTER_BOUND('',#2486,.T.);
#2007=FACE_OUTER_BOUND('',#2487,.T.);
#2008=FACE_OUTER_BOUND('',#2488,.T.);
#2009=FACE_OUTER_BOUND('',#2489,.T.);
#2010=FACE_OUTER_BOUND('',#2490,.T.);
#2011=FACE_OUTER_BOUND('',#2491,.T.);
#2012=FACE_OUTER_BOUND('',#2492,.T.);
#2013=FACE_OUTER_BOUND('',#2493,.T.);
#2014=FACE_OUTER_BOUND('',#2494,.T.);
#2015=FACE_OUTER_BOUND('',#2495,.T.);
#2016=FACE_OUTER_BOUND('',#2496,.T.);
#2017=FACE_OUTER_BOUND('',#2497,.T.);
#2018=FACE_OUTER_BOUND('',#2498,.T.);
#2019=FACE_OUTER_BOUND('',#2499,.T.);
#2020=FACE_OUTER_BOUND('',#2500,.T.);
#2021=FACE_OUTER_BOUND('',#2501,.T.);
#2022=FACE_OUTER_BOUND('',#2502,.T.);
#2023=FACE_OUTER_BOUND('',#2503,.T.);
#2024=FACE_OUTER_BOUND('',#2504,.T.);
#2025=FACE_OUTER_BOUND('',#2505,.T.);
#2026=FACE_OUTER_BOUND('',#2506,.T.);
#2027=FACE_OUTER_BOUND('',#2507,.T.);
#2028=FACE_OUTER_BOUND('',#2508,.T.);
#2029=FACE_OUTER_BOUND('',#2509,.T.);
#2030=FACE_OUTER_BOUND('',#2510,.T.);
#2031=FACE_OUTER_BOUND('',#2511,.T.);
#2032=FACE_OUTER_BOUND('',#2512,.T.);
#2033=FACE_OUTER_BOUND('',#2513,.T.);
#2034=FACE_OUTER_BOUND('',#2514,.T.);
#2035=FACE_OUTER_BOUND('',#2515,.T.);
#2036=FACE_OUTER_BOUND('',#2516,.T.);
#2037=FACE_OUTER_BOUND('',#2517,.T.);
#2038=FACE_OUTER_BOUND('',#2518,.T.);
#2039=FACE_OUTER_BOUND('',#2519,.T.);
#2040=FACE_OUTER_BOUND('',#2520,.T.);
#2041=FACE_OUTER_BOUND('',#2521,.T.);
#2042=FACE_OUTER_BOUND('',#2522,.T.);
#2043=FACE_OUTER_BOUND('',#2523,.T.);
#2044=FACE_OUTER_BOUND('',#2524,.T.);
#2045=FACE_OUTER_BOUND('',#2525,.T.);
#2046=FACE_OUTER_BOUND('',#2526,.T.);
#2047=FACE_OUTER_BOUND('',#2527,.T.);
#2048=FACE_OUTER_BOUND('',#2528,.T.);
#2049=FACE_OUTER_BOUND('',#2529,.T.);
#2050=FACE_OUTER_BOUND('',#2530,.T.);
#2051=FACE_OUTER_BOUND('',#2531,.T.);
#2052=FACE_OUTER_BOUND('',#2532,.T.);
#2053=FACE_OUTER_BOUND('',#2533,.T.);
#2054=FACE_OUTER_BOUND('',#2534,.T.);
#2055=FACE_OUTER_BOUND('',#2535,.T.);
#2056=FACE_OUTER_BOUND('',#2536,.T.);
#2057=FACE_OUTER_BOUND('',#2537,.T.);
#2058=FACE_OUTER_BOUND('',#2538,.T.);
#2059=FACE_OUTER_BOUND('',#2539,.T.);
#2060=FACE_OUTER_BOUND('',#2540,.T.);
#2061=FACE_OUTER_BOUND('',#2541,.T.);
#2062=FACE_OUTER_BOUND('',#2542,.T.);
#2063=FACE_OUTER_BOUND('',#2543,.T.);
#2064=FACE_OUTER_BOUND('',#2544,.T.);
#2065=FACE_OUTER_BOUND('',#2545,.T.);
#2066=FACE_OUTER_BOUND('',#2546,.T.);
#2067=FACE_OUTER_BOUND('',#2547,.T.);
#2068=FACE_OUTER_BOUND('',#2548,.T.);
#2069=FACE_OUTER_BOUND('',#2549,.T.);
#2070=FACE_OUTER_BOUND('',#2550,.T.);
#2071=FACE_OUTER_BOUND('',#2551,.T.);
#2072=FACE_OUTER_BOUND('',#2552,.T.);
#2073=FACE_OUTER_BOUND('',#2553,.T.);
#2074=FACE_OUTER_BOUND('',#2554,.T.);
#2075=FACE_OUTER_BOUND('',#2555,.T.);
#2076=FACE_OUTER_BOUND('',#2556,.T.);
#2077=FACE_OUTER_BOUND('',#2557,.T.);
#2078=FACE_OUTER_BOUND('',#2558,.T.);
#2079=FACE_OUTER_BOUND('',#2559,.T.);
#2080=FACE_OUTER_BOUND('',#2560,.T.);
#2081=FACE_OUTER_BOUND('',#2561,.T.);
#2082=FACE_OUTER_BOUND('',#2562,.T.);
#2083=FACE_OUTER_BOUND('',#2563,.T.);
#2084=FACE_OUTER_BOUND('',#2564,.T.);
#2085=FACE_OUTER_BOUND('',#2565,.T.);
#2086=FACE_OUTER_BOUND('',#2566,.T.);
#2087=FACE_OUTER_BOUND('',#2567,.T.);
#2088=FACE_OUTER_BOUND('',#2568,.T.);
#2089=FACE_OUTER_BOUND('',#2569,.T.);
#2090=FACE_OUTER_BOUND('',#2571,.T.);
#2091=FACE_OUTER_BOUND('',#2573,.T.);
#2092=FACE_OUTER_BOUND('',#2574,.T.);
#2093=FACE_OUTER_BOUND('',#2575,.T.);
#2094=FACE_OUTER_BOUND('',#2576,.T.);
#2095=FACE_OUTER_BOUND('',#2577,.T.);
#2096=FACE_OUTER_BOUND('',#2579,.T.);
#2097=FACE_OUTER_BOUND('',#2580,.T.);
#2098=FACE_OUTER_BOUND('',#2581,.T.);
#2099=FACE_OUTER_BOUND('',#2583,.T.);
#2100=FACE_OUTER_BOUND('',#2584,.T.);
#2101=FACE_OUTER_BOUND('',#2585,.T.);
#2102=FACE_OUTER_BOUND('',#2587,.T.);
#2103=FACE_OUTER_BOUND('',#2588,.T.);
#2104=FACE_OUTER_BOUND('',#2589,.T.);
#2105=FACE_OUTER_BOUND('',#2591,.T.);
#2106=FACE_OUTER_BOUND('',#2592,.T.);
#2107=FACE_OUTER_BOUND('',#2593,.T.);
#2108=FACE_OUTER_BOUND('',#2595,.T.);
#2109=FACE_OUTER_BOUND('',#2596,.T.);
#2110=FACE_OUTER_BOUND('',#2598,.T.);
#2111=FACE_OUTER_BOUND('',#2599,.T.);
#2112=FACE_OUTER_BOUND('',#2600,.T.);
#2113=FACE_OUTER_BOUND('',#2602,.T.);
#2114=FACE_OUTER_BOUND('',#2603,.T.);
#2115=FACE_OUTER_BOUND('',#2604,.T.);
#2116=FACE_OUTER_BOUND('',#2606,.T.);
#2117=FACE_OUTER_BOUND('',#2607,.T.);
#2118=FACE_OUTER_BOUND('',#2608,.T.);
#2119=FACE_OUTER_BOUND('',#2610,.T.);
#2120=FACE_OUTER_BOUND('',#2611,.T.);
#2121=FACE_OUTER_BOUND('',#2613,.T.);
#2122=FACE_OUTER_BOUND('',#2614,.T.);
#2123=FACE_OUTER_BOUND('',#2615,.T.);
#2124=FACE_OUTER_BOUND('',#2616,.T.);
#2125=FACE_OUTER_BOUND('',#2617,.T.);
#2126=FACE_OUTER_BOUND('',#2618,.T.);
#2127=FACE_OUTER_BOUND('',#2619,.T.);
#2128=FACE_OUTER_BOUND('',#2620,.T.);
#2129=FACE_OUTER_BOUND('',#2621,.T.);
#2130=FACE_OUTER_BOUND('',#2622,.T.);
#2131=FACE_OUTER_BOUND('',#2623,.T.);
#2132=FACE_OUTER_BOUND('',#2624,.T.);
#2133=FACE_OUTER_BOUND('',#2625,.T.);
#2134=FACE_OUTER_BOUND('',#2626,.T.);
#2135=FACE_OUTER_BOUND('',#2627,.T.);
#2136=FACE_OUTER_BOUND('',#2628,.T.);
#2137=FACE_OUTER_BOUND('',#2629,.T.);
#2138=FACE_OUTER_BOUND('',#2630,.T.);
#2139=FACE_OUTER_BOUND('',#2631,.T.);
#2140=FACE_OUTER_BOUND('',#2632,.T.);
#2141=FACE_OUTER_BOUND('',#2633,.T.);
#2142=FACE_OUTER_BOUND('',#2634,.T.);
#2143=FACE_OUTER_BOUND('',#2635,.T.);
#2144=FACE_OUTER_BOUND('',#2636,.T.);
#2145=FACE_OUTER_BOUND('',#2637,.T.);
#2146=FACE_OUTER_BOUND('',#2638,.T.);
#2147=FACE_OUTER_BOUND('',#2644,.T.);
#2148=FACE_OUTER_BOUND('',#2646,.T.);
#2149=FACE_OUTER_BOUND('',#2647,.T.);
#2150=FACE_OUTER_BOUND('',#2649,.T.);
#2151=FACE_OUTER_BOUND('',#2655,.T.);
#2152=FACE_OUTER_BOUND('',#2656,.T.);
#2153=FACE_OUTER_BOUND('',#2657,.T.);
#2154=FACE_OUTER_BOUND('',#2658,.T.);
#2155=FACE_OUTER_BOUND('',#2659,.T.);
#2156=FACE_OUTER_BOUND('',#2660,.T.);
#2157=FACE_OUTER_BOUND('',#2661,.T.);
#2158=FACE_OUTER_BOUND('',#2662,.T.);
#2159=FACE_OUTER_BOUND('',#2663,.T.);
#2160=FACE_OUTER_BOUND('',#2664,.T.);
#2161=FACE_OUTER_BOUND('',#2665,.T.);
#2162=FACE_OUTER_BOUND('',#2666,.T.);
#2163=FACE_OUTER_BOUND('',#2667,.T.);
#2164=FACE_OUTER_BOUND('',#2668,.T.);
#2165=FACE_OUTER_BOUND('',#2669,.T.);
#2166=FACE_OUTER_BOUND('',#2670,.T.);
#2167=FACE_OUTER_BOUND('',#2671,.T.);
#2168=FACE_OUTER_BOUND('',#2672,.T.);
#2169=FACE_OUTER_BOUND('',#2674,.T.);
#2170=FACE_OUTER_BOUND('',#2675,.T.);
#2171=FACE_OUTER_BOUND('',#2676,.T.);
#2172=FACE_OUTER_BOUND('',#2677,.T.);
#2173=FACE_OUTER_BOUND('',#2678,.T.);
#2174=FACE_OUTER_BOUND('',#2679,.T.);
#2175=FACE_OUTER_BOUND('',#2680,.T.);
#2176=FACE_OUTER_BOUND('',#2681,.T.);
#2177=FACE_OUTER_BOUND('',#2682,.T.);
#2178=FACE_OUTER_BOUND('',#2683,.T.);
#2179=FACE_OUTER_BOUND('',#2684,.T.);
#2180=FACE_OUTER_BOUND('',#2685,.T.);
#2181=FACE_OUTER_BOUND('',#2686,.T.);
#2182=FACE_OUTER_BOUND('',#2687,.T.);
#2183=FACE_OUTER_BOUND('',#2689,.T.);
#2184=FACE_OUTER_BOUND('',#2690,.T.);
#2185=FACE_OUTER_BOUND('',#2691,.T.);
#2186=FACE_OUTER_BOUND('',#2692,.T.);
#2187=FACE_OUTER_BOUND('',#2693,.T.);
#2188=FACE_OUTER_BOUND('',#2694,.T.);
#2189=FACE_OUTER_BOUND('',#2695,.T.);
#2190=FACE_OUTER_BOUND('',#2697,.T.);
#2191=FACE_OUTER_BOUND('',#2698,.T.);
#2192=FACE_OUTER_BOUND('',#2699,.T.);
#2193=FACE_OUTER_BOUND('',#2700,.T.);
#2194=FACE_OUTER_BOUND('',#2701,.T.);
#2195=FACE_OUTER_BOUND('',#2703,.T.);
#2196=FACE_OUTER_BOUND('',#2704,.T.);
#2197=FACE_OUTER_BOUND('',#2705,.T.);
#2198=FACE_OUTER_BOUND('',#2706,.T.);
#2199=FACE_OUTER_BOUND('',#2707,.T.);
#2200=FACE_OUTER_BOUND('',#2708,.T.);
#2201=FACE_OUTER_BOUND('',#2710,.T.);
#2202=FACE_OUTER_BOUND('',#2711,.T.);
#2203=FACE_OUTER_BOUND('',#2712,.T.);
#2204=FACE_OUTER_BOUND('',#2713,.T.);
#2205=FACE_OUTER_BOUND('',#2721,.T.);
#2206=FACE_OUTER_BOUND('',#2724,.T.);
#2207=FACE_OUTER_BOUND('',#2725,.T.);
#2208=FACE_OUTER_BOUND('',#2726,.T.);
#2209=FACE_OUTER_BOUND('',#2727,.T.);
#2210=FACE_OUTER_BOUND('',#2728,.T.);
#2211=FACE_OUTER_BOUND('',#2729,.T.);
#2212=FACE_OUTER_BOUND('',#2730,.T.);
#2213=FACE_OUTER_BOUND('',#2731,.T.);
#2214=FACE_OUTER_BOUND('',#2733,.T.);
#2215=FACE_OUTER_BOUND('',#2734,.T.);
#2216=FACE_OUTER_BOUND('',#2736,.T.);
#2217=FACE_OUTER_BOUND('',#2737,.T.);
#2218=FACE_OUTER_BOUND('',#2739,.T.);
#2219=FACE_OUTER_BOUND('',#2740,.T.);
#2220=FACE_OUTER_BOUND('',#2742,.T.);
#2221=FACE_OUTER_BOUND('',#2743,.T.);
#2222=FACE_OUTER_BOUND('',#2745,.T.);
#2223=FACE_OUTER_BOUND('',#2746,.T.);
#2224=FACE_OUTER_BOUND('',#2748,.T.);
#2225=FACE_OUTER_BOUND('',#2749,.T.);
#2226=FACE_OUTER_BOUND('',#2750,.T.);
#2227=FACE_OUTER_BOUND('',#2751,.T.);
#2228=FACE_OUTER_BOUND('',#2752,.T.);
#2229=FACE_OUTER_BOUND('',#2753,.T.);
#2230=FACE_OUTER_BOUND('',#2754,.T.);
#2231=FACE_OUTER_BOUND('',#2755,.T.);
#2232=FACE_OUTER_BOUND('',#2756,.T.);
#2233=FACE_OUTER_BOUND('',#2757,.T.);
#2234=FACE_OUTER_BOUND('',#2758,.T.);
#2235=FACE_OUTER_BOUND('',#2759,.T.);
#2236=FACE_OUTER_BOUND('',#2760,.T.);
#2237=FACE_OUTER_BOUND('',#2761,.T.);
#2238=FACE_OUTER_BOUND('',#2762,.T.);
#2239=FACE_OUTER_BOUND('',#2763,.T.);
#2240=FACE_OUTER_BOUND('',#2764,.T.);
#2241=FACE_OUTER_BOUND('',#2765,.T.);
#2242=FACE_OUTER_BOUND('',#2766,.T.);
#2243=FACE_OUTER_BOUND('',#2767,.T.);
#2244=FACE_OUTER_BOUND('',#2768,.T.);
#2245=FACE_OUTER_BOUND('',#2769,.T.);
#2246=FACE_OUTER_BOUND('',#2770,.T.);
#2247=FACE_OUTER_BOUND('',#2771,.T.);
#2248=FACE_OUTER_BOUND('',#2772,.T.);
#2249=FACE_OUTER_BOUND('',#2773,.T.);
#2250=FACE_OUTER_BOUND('',#2795,.T.);
#2251=FACE_OUTER_BOUND('',#2797,.T.);
#2252=FACE_OUTER_BOUND('',#2798,.T.);
#2253=FACE_OUTER_BOUND('',#2800,.T.);
#2254=FACE_OUTER_BOUND('',#2801,.T.);
#2255=FACE_OUTER_BOUND('',#2803,.T.);
#2256=FACE_OUTER_BOUND('',#2804,.T.);
#2257=FACE_OUTER_BOUND('',#2806,.T.);
#2258=FACE_OUTER_BOUND('',#2807,.T.);
#2259=FACE_OUTER_BOUND('',#2809,.T.);
#2260=FACE_OUTER_BOUND('',#2810,.T.);
#2261=FACE_OUTER_BOUND('',#2812,.T.);
#2262=FACE_OUTER_BOUND('',#2814,.T.);
#2263=FACE_OUTER_BOUND('',#2815,.T.);
#2264=FACE_OUTER_BOUND('',#2817,.T.);
#2265=FACE_OUTER_BOUND('',#2819,.T.);
#2266=FACE_OUTER_BOUND('',#2820,.T.);
#2267=FACE_OUTER_BOUND('',#2821,.T.);
#2268=FACE_OUTER_BOUND('',#2823,.T.);
#2269=FACE_OUTER_BOUND('',#2825,.T.);
#2270=FACE_OUTER_BOUND('',#2826,.T.);
#2271=FACE_OUTER_BOUND('',#2827,.T.);
#2272=FACE_OUTER_BOUND('',#2829,.T.);
#2273=FACE_OUTER_BOUND('',#2830,.T.);
#2274=FACE_OUTER_BOUND('',#2831,.T.);
#2275=FACE_OUTER_BOUND('',#2832,.T.);
#2276=FACE_OUTER_BOUND('',#2833,.T.);
#2277=FACE_OUTER_BOUND('',#2834,.T.);
#2278=FACE_OUTER_BOUND('',#2835,.T.);
#2279=FACE_OUTER_BOUND('',#2836,.T.);
#2280=FACE_OUTER_BOUND('',#2837,.T.);
#2281=FACE_OUTER_BOUND('',#2838,.T.);
#2282=FACE_OUTER_BOUND('',#2839,.T.);
#2283=FACE_OUTER_BOUND('',#2840,.T.);
#2284=FACE_OUTER_BOUND('',#2841,.T.);
#2285=FACE_OUTER_BOUND('',#2842,.T.);
#2286=FACE_OUTER_BOUND('',#2843,.T.);
#2287=FACE_OUTER_BOUND('',#2844,.T.);
#2288=FACE_OUTER_BOUND('',#2845,.T.);
#2289=FACE_OUTER_BOUND('',#2846,.T.);
#2290=FACE_OUTER_BOUND('',#2847,.T.);
#2291=FACE_OUTER_BOUND('',#2848,.T.);
#2292=FACE_OUTER_BOUND('',#2849,.T.);
#2293=FACE_OUTER_BOUND('',#2850,.T.);
#2294=FACE_OUTER_BOUND('',#2851,.T.);
#2295=FACE_OUTER_BOUND('',#2854,.T.);
#2296=FACE_OUTER_BOUND('',#2856,.T.);
#2297=FACE_OUTER_BOUND('',#2858,.T.);
#2298=FACE_OUTER_BOUND('',#2860,.T.);
#2299=FACE_OUTER_BOUND('',#2862,.T.);
#2300=FACE_OUTER_BOUND('',#2864,.T.);
#2301=FACE_OUTER_BOUND('',#2866,.T.);
#2302=FACE_OUTER_BOUND('',#2868,.T.);
#2303=FACE_OUTER_BOUND('',#2869,.T.);
#2304=FACE_OUTER_BOUND('',#2870,.T.);
#2305=FACE_OUTER_BOUND('',#2871,.T.);
#2306=FACE_OUTER_BOUND('',#2872,.T.);
#2307=FACE_OUTER_BOUND('',#2873,.T.);
#2308=FACE_OUTER_BOUND('',#2874,.T.);
#2309=FACE_OUTER_BOUND('',#2875,.T.);
#2310=FACE_OUTER_BOUND('',#2876,.T.);
#2311=FACE_OUTER_BOUND('',#2877,.T.);
#2312=FACE_OUTER_BOUND('',#2878,.T.);
#2313=FACE_OUTER_BOUND('',#2879,.T.);
#2314=FACE_OUTER_BOUND('',#2880,.T.);
#2315=FACE_OUTER_BOUND('',#2881,.T.);
#2316=FACE_OUTER_BOUND('',#2882,.T.);
#2317=FACE_OUTER_BOUND('',#2883,.T.);
#2318=FACE_OUTER_BOUND('',#2884,.T.);
#2319=FACE_OUTER_BOUND('',#2885,.T.);
#2320=FACE_OUTER_BOUND('',#2886,.T.);
#2321=FACE_OUTER_BOUND('',#2887,.T.);
#2322=FACE_OUTER_BOUND('',#2888,.T.);
#2323=FACE_OUTER_BOUND('',#2889,.T.);
#2324=FACE_OUTER_BOUND('',#2890,.T.);
#2325=FACE_OUTER_BOUND('',#2891,.T.);
#2326=FACE_OUTER_BOUND('',#2892,.T.);
#2327=FACE_OUTER_BOUND('',#2893,.T.);
#2328=FACE_OUTER_BOUND('',#2894,.T.);
#2329=FACE_OUTER_BOUND('',#2895,.T.);
#2330=FACE_OUTER_BOUND('',#2896,.T.);
#2331=FACE_OUTER_BOUND('',#2897,.T.);
#2332=FACE_OUTER_BOUND('',#2898,.T.);
#2333=FACE_OUTER_BOUND('',#2899,.T.);
#2334=EDGE_LOOP('',(#5062));
#2335=EDGE_LOOP('',(#5063));
#2336=EDGE_LOOP('',(#5064,#5065,#5066,#5067,#5068,#5069,#5070,#5071,#5072,
#5073,#5074,#5075,#5076,#5077,#5078,#5079,#5080,#5081,#5082,#5083,#5084,
#5085,#5086,#5087,#5088,#5089,#5090,#5091,#5092,#5093,#5094,#5095,#5096,
#5097,#5098,#5099,#5100));
#2337=EDGE_LOOP('',(#5101,#5102,#5103,#5104));
#2338=EDGE_LOOP('',(#5105,#5106,#5107,#5108));
#2339=EDGE_LOOP('',(#5109,#5110,#5111,#5112));
#2340=EDGE_LOOP('',(#5113,#5114,#5115,#5116));
#2341=EDGE_LOOP('',(#5117,#5118,#5119,#5120));
#2342=EDGE_LOOP('',(#5121,#5122,#5123,#5124,#5125,#5126,#5127,#5128));
#2343=EDGE_LOOP('',(#5129,#5130,#5131,#5132));
#2344=EDGE_LOOP('',(#5133,#5134,#5135,#5136));
#2345=EDGE_LOOP('',(#5137,#5138,#5139,#5140));
#2346=EDGE_LOOP('',(#5141,#5142,#5143,#5144));
#2347=EDGE_LOOP('',(#5145));
#2348=EDGE_LOOP('',(#5146,#5147,#5148,#5149));
#2349=EDGE_LOOP('',(#5150,#5151,#5152,#5153));
#2350=EDGE_LOOP('',(#5154,#5155,#5156,#5157));
#2351=EDGE_LOOP('',(#5158,#5159,#5160,#5161,#5162,#5163,#5164));
#2352=EDGE_LOOP('',(#5165,#5166,#5167,#5168));
#2353=EDGE_LOOP('',(#5169,#5170,#5171,#5172));
#2354=EDGE_LOOP('',(#5173,#5174,#5175,#5176,#5177));
#2355=EDGE_LOOP('',(#5178,#5179,#5180,#5181));
#2356=EDGE_LOOP('',(#5182,#5183,#5184,#5185));
#2357=EDGE_LOOP('',(#5186,#5187,#5188,#5189,#5190));
#2358=EDGE_LOOP('',(#5191,#5192,#5193,#5194,#5195));
#2359=EDGE_LOOP('',(#5196,#5197,#5198,#5199));
#2360=EDGE_LOOP('',(#5200,#5201,#5202,#5203));
#2361=EDGE_LOOP('',(#5204,#5205,#5206,#5207,#5208));
#2362=EDGE_LOOP('',(#5209,#5210,#5211,#5212));
#2363=EDGE_LOOP('',(#5213,#5214,#5215,#5216,#5217));
#2364=EDGE_LOOP('',(#5218,#5219,#5220,#5221));
#2365=EDGE_LOOP('',(#5222,#5223,#5224,#5225));
#2366=EDGE_LOOP('',(#5226,#5227,#5228,#5229));
#2367=EDGE_LOOP('',(#5230,#5231,#5232,#5233,#5234));
#2368=EDGE_LOOP('',(#5235,#5236,#5237,#5238));
#2369=EDGE_LOOP('',(#5239,#5240,#5241,#5242,#5243));
#2370=EDGE_LOOP('',(#5244,#5245,#5246,#5247));
#2371=EDGE_LOOP('',(#5248,#5249,#5250,#5251));
#2372=EDGE_LOOP('',(#5252,#5253,#5254,#5255,#5256));
#2373=EDGE_LOOP('',(#5257,#5258,#5259,#5260));
#2374=EDGE_LOOP('',(#5261,#5262,#5263,#5264,#5265));
#2375=EDGE_LOOP('',(#5266,#5267,#5268,#5269));
#2376=EDGE_LOOP('',(#5270,#5271,#5272,#5273));
#2377=EDGE_LOOP('',(#5274,#5275,#5276,#5277));
#2378=EDGE_LOOP('',(#5278,#5279,#5280,#5281));
#2379=EDGE_LOOP('',(#5282,#5283,#5284,#5285,#5286));
#2380=EDGE_LOOP('',(#5287,#5288,#5289,#5290,#5291));
#2381=EDGE_LOOP('',(#5292,#5293,#5294,#5295));
#2382=EDGE_LOOP('',(#5296,#5297,#5298,#5299));
#2383=EDGE_LOOP('',(#5300,#5301,#5302,#5303));
#2384=EDGE_LOOP('',(#5304,#5305,#5306,#5307));
#2385=EDGE_LOOP('',(#5308,#5309,#5310,#5311,#5312));
#2386=EDGE_LOOP('',(#5313,#5314,#5315,#5316));
#2387=EDGE_LOOP('',(#5317,#5318,#5319,#5320,#5321));
#2388=EDGE_LOOP('',(#5322,#5323,#5324,#5325));
#2389=EDGE_LOOP('',(#5326,#5327,#5328,#5329));
#2390=EDGE_LOOP('',(#5330,#5331,#5332,#5333));
#2391=EDGE_LOOP('',(#5334,#5335,#5336,#5337));
#2392=EDGE_LOOP('',(#5338,#5339,#5340,#5341));
#2393=EDGE_LOOP('',(#5342,#5343,#5344,#5345));
#2394=EDGE_LOOP('',(#5346,#5347,#5348,#5349));
#2395=EDGE_LOOP('',(#5350,#5351,#5352,#5353));
#2396=EDGE_LOOP('',(#5354,#5355,#5356,#5357));
#2397=EDGE_LOOP('',(#5358,#5359,#5360,#5361,#5362));
#2398=EDGE_LOOP('',(#5363,#5364,#5365,#5366));
#2399=EDGE_LOOP('',(#5367,#5368,#5369,#5370));
#2400=EDGE_LOOP('',(#5371,#5372,#5373,#5374,#5375));
#2401=EDGE_LOOP('',(#5376,#5377,#5378,#5379));
#2402=EDGE_LOOP('',(#5380,#5381,#5382,#5383));
#2403=EDGE_LOOP('',(#5384,#5385,#5386,#5387));
#2404=EDGE_LOOP('',(#5388,#5389,#5390,#5391));
#2405=EDGE_LOOP('',(#5392,#5393,#5394,#5395));
#2406=EDGE_LOOP('',(#5396,#5397,#5398,#5399));
#2407=EDGE_LOOP('',(#5400,#5401,#5402,#5403));
#2408=EDGE_LOOP('',(#5404,#5405,#5406,#5407));
#2409=EDGE_LOOP('',(#5408,#5409,#5410,#5411));
#2410=EDGE_LOOP('',(#5412,#5413,#5414,#5415));
#2411=EDGE_LOOP('',(#5416,#5417,#5418,#5419));
#2412=EDGE_LOOP('',(#5420,#5421,#5422,#5423));
#2413=EDGE_LOOP('',(#5424,#5425,#5426,#5427,#5428));
#2414=EDGE_LOOP('',(#5429,#5430,#5431,#5432,#5433));
#2415=EDGE_LOOP('',(#5434,#5435,#5436,#5437));
#2416=EDGE_LOOP('',(#5438,#5439,#5440));
#2417=EDGE_LOOP('',(#5441,#5442,#5443,#5444));
#2418=EDGE_LOOP('',(#5445,#5446,#5447,#5448));
#2419=EDGE_LOOP('',(#5449,#5450,#5451));
#2420=EDGE_LOOP('',(#5452,#5453,#5454,#5455));
#2421=EDGE_LOOP('',(#5456,#5457,#5458,#5459));
#2422=EDGE_LOOP('',(#5460,#5461,#5462,#5463,#5464,#5465,#5466,#5467,#5468,
#5469));
#2423=EDGE_LOOP('',(#5470,#5471,#5472,#5473));
#2424=EDGE_LOOP('',(#5474,#5475,#5476,#5477));
#2425=EDGE_LOOP('',(#5478));
#2426=EDGE_LOOP('',(#5479,#5480,#5481,#5482));
#2427=EDGE_LOOP('',(#5483));
#2428=EDGE_LOOP('',(#5484));
#2429=EDGE_LOOP('',(#5485));
#2430=EDGE_LOOP('',(#5486));
#2431=EDGE_LOOP('',(#5487));
#2432=EDGE_LOOP('',(#5488,#5489,#5490,#5491));
#2433=EDGE_LOOP('',(#5492,#5493,#5494,#5495,#5496));
#2434=EDGE_LOOP('',(#5497,#5498,#5499));
#2435=EDGE_LOOP('',(#5500,#5501,#5502,#5503));
#2436=EDGE_LOOP('',(#5504,#5505,#5506,#5507,#5508,#5509,#5510,#5511));
#2437=EDGE_LOOP('',(#5512,#5513,#5514,#5515));
#2438=EDGE_LOOP('',(#5516,#5517,#5518));
#2439=EDGE_LOOP('',(#5519,#5520,#5521,#5522,#5523));
#2440=EDGE_LOOP('',(#5524,#5525,#5526,#5527));
#2441=EDGE_LOOP('',(#5528,#5529,#5530,#5531,#5532));
#2442=EDGE_LOOP('',(#5533));
#2443=EDGE_LOOP('',(#5534));
#2444=EDGE_LOOP('',(#5535,#5536,#5537,#5538));
#2445=EDGE_LOOP('',(#5539,#5540,#5541,#5542,#5543,#5544,#5545,#5546,#5547,
#5548,#5549,#5550,#5551,#5552,#5553,#5554,#5555,#5556,#5557,#5558,#5559,
#5560,#5561,#5562,#5563,#5564));
#2446=EDGE_LOOP('',(#5565,#5566,#5567,#5568));
#2447=EDGE_LOOP('',(#5569,#5570,#5571,#5572,#5573));
#2448=EDGE_LOOP('',(#5574,#5575,#5576));
#2449=EDGE_LOOP('',(#5577,#5578,#5579,#5580,#5581));
#2450=EDGE_LOOP('',(#5582,#5583,#5584,#5585,#5586));
#2451=EDGE_LOOP('',(#5587,#5588,#5589,#5590,#5591));
#2452=EDGE_LOOP('',(#5592,#5593,#5594,#5595,#5596));
#2453=EDGE_LOOP('',(#5597,#5598,#5599,#5600,#5601));
#2454=EDGE_LOOP('',(#5602,#5603,#5604,#5605));
#2455=EDGE_LOOP('',(#5606,#5607,#5608));
#2456=EDGE_LOOP('',(#5609,#5610,#5611,#5612,#5613));
#2457=EDGE_LOOP('',(#5614,#5615,#5616,#5617));
#2458=EDGE_LOOP('',(#5618,#5619,#5620,#5621,#5622,#5623,#5624,#5625));
#2459=EDGE_LOOP('',(#5626,#5627,#5628,#5629));
#2460=EDGE_LOOP('',(#5630,#5631,#5632,#5633));
#2461=EDGE_LOOP('',(#5634,#5635,#5636,#5637));
#2462=EDGE_LOOP('',(#5638,#5639,#5640,#5641));
#2463=EDGE_LOOP('',(#5642));
#2464=EDGE_LOOP('',(#5643,#5644,#5645,#5646));
#2465=EDGE_LOOP('',(#5647,#5648,#5649,#5650,#5651));
#2466=EDGE_LOOP('',(#5652,#5653,#5654));
#2467=EDGE_LOOP('',(#5655,#5656,#5657,#5658));
#2468=EDGE_LOOP('',(#5659,#5660,#5661,#5662,#5663));
#2469=EDGE_LOOP('',(#5664,#5665,#5666,#5667));
#2470=EDGE_LOOP('',(#5668,#5669,#5670,#5671,#5672));
#2471=EDGE_LOOP('',(#5673,#5674,#5675,#5676,#5677));
#2472=EDGE_LOOP('',(#5678,#5679,#5680,#5681,#5682));
#2473=EDGE_LOOP('',(#5683,#5684,#5685,#5686,#5687));
#2474=EDGE_LOOP('',(#5688,#5689,#5690,#5691,#5692));
#2475=EDGE_LOOP('',(#5693,#5694,#5695,#5696,#5697));
#2476=EDGE_LOOP('',(#5698,#5699,#5700,#5701,#5702,#5703));
#2477=EDGE_LOOP('',(#5704,#5705,#5706));
#2478=EDGE_LOOP('',(#5707,#5708,#5709,#5710,#5711));
#2479=EDGE_LOOP('',(#5712,#5713,#5714,#5715));
#2480=EDGE_LOOP('',(#5716,#5717,#5718,#5719));
#2481=EDGE_LOOP('',(#5720,#5721,#5722,#5723));
#2482=EDGE_LOOP('',(#5724,#5725,#5726,#5727));
#2483=EDGE_LOOP('',(#5728,#5729,#5730,#5731));
#2484=EDGE_LOOP('',(#5732,#5733,#5734,#5735));
#2485=EDGE_LOOP('',(#5736,#5737,#5738,#5739));
#2486=EDGE_LOOP('',(#5740,#5741,#5742,#5743));
#2487=EDGE_LOOP('',(#5744,#5745,#5746,#5747));
#2488=EDGE_LOOP('',(#5748,#5749,#5750,#5751));
#2489=EDGE_LOOP('',(#5752,#5753,#5754,#5755));
#2490=EDGE_LOOP('',(#5756,#5757,#5758,#5759));
#2491=EDGE_LOOP('',(#5760,#5761,#5762,#5763));
#2492=EDGE_LOOP('',(#5764,#5765,#5766,#5767));
#2493=EDGE_LOOP('',(#5768,#5769,#5770,#5771,#5772));
#2494=EDGE_LOOP('',(#5773,#5774,#5775,#5776));
#2495=EDGE_LOOP('',(#5777,#5778,#5779,#5780));
#2496=EDGE_LOOP('',(#5781,#5782,#5783,#5784));
#2497=EDGE_LOOP('',(#5785,#5786,#5787,#5788));
#2498=EDGE_LOOP('',(#5789,#5790,#5791,#5792,#5793));
#2499=EDGE_LOOP('',(#5794,#5795,#5796,#5797));
#2500=EDGE_LOOP('',(#5798,#5799,#5800,#5801));
#2501=EDGE_LOOP('',(#5802,#5803,#5804,#5805,#5806));
#2502=EDGE_LOOP('',(#5807,#5808,#5809,#5810,#5811));
#2503=EDGE_LOOP('',(#5812,#5813,#5814,#5815));
#2504=EDGE_LOOP('',(#5816,#5817,#5818,#5819));
#2505=EDGE_LOOP('',(#5820,#5821,#5822,#5823));
#2506=EDGE_LOOP('',(#5824,#5825,#5826,#5827));
#2507=EDGE_LOOP('',(#5828,#5829,#5830,#5831));
#2508=EDGE_LOOP('',(#5832,#5833,#5834,#5835));
#2509=EDGE_LOOP('',(#5836,#5837,#5838,#5839));
#2510=EDGE_LOOP('',(#5840,#5841,#5842,#5843));
#2511=EDGE_LOOP('',(#5844,#5845,#5846,#5847));
#2512=EDGE_LOOP('',(#5848,#5849,#5850,#5851));
#2513=EDGE_LOOP('',(#5852,#5853,#5854,#5855));
#2514=EDGE_LOOP('',(#5856,#5857,#5858,#5859));
#2515=EDGE_LOOP('',(#5860,#5861,#5862,#5863));
#2516=EDGE_LOOP('',(#5864,#5865,#5866,#5867));
#2517=EDGE_LOOP('',(#5868,#5869,#5870,#5871));
#2518=EDGE_LOOP('',(#5872,#5873,#5874,#5875));
#2519=EDGE_LOOP('',(#5876,#5877,#5878,#5879));
#2520=EDGE_LOOP('',(#5880,#5881,#5882,#5883));
#2521=EDGE_LOOP('',(#5884,#5885,#5886,#5887));
#2522=EDGE_LOOP('',(#5888,#5889,#5890,#5891));
#2523=EDGE_LOOP('',(#5892,#5893,#5894,#5895));
#2524=EDGE_LOOP('',(#5896,#5897,#5898,#5899));
#2525=EDGE_LOOP('',(#5900,#5901,#5902,#5903));
#2526=EDGE_LOOP('',(#5904,#5905,#5906,#5907));
#2527=EDGE_LOOP('',(#5908,#5909,#5910,#5911));
#2528=EDGE_LOOP('',(#5912,#5913,#5914,#5915));
#2529=EDGE_LOOP('',(#5916,#5917,#5918,#5919));
#2530=EDGE_LOOP('',(#5920,#5921,#5922,#5923));
#2531=EDGE_LOOP('',(#5924,#5925,#5926,#5927));
#2532=EDGE_LOOP('',(#5928,#5929,#5930,#5931));
#2533=EDGE_LOOP('',(#5932,#5933,#5934,#5935));
#2534=EDGE_LOOP('',(#5936,#5937,#5938,#5939));
#2535=EDGE_LOOP('',(#5940,#5941,#5942,#5943,#5944));
#2536=EDGE_LOOP('',(#5945,#5946,#5947,#5948));
#2537=EDGE_LOOP('',(#5949,#5950,#5951,#5952,#5953));
#2538=EDGE_LOOP('',(#5954,#5955,#5956,#5957,#5958));
#2539=EDGE_LOOP('',(#5959,#5960,#5961,#5962));
#2540=EDGE_LOOP('',(#5963,#5964,#5965,#5966,#5967));
#2541=EDGE_LOOP('',(#5968,#5969,#5970,#5971));
#2542=EDGE_LOOP('',(#5972,#5973,#5974,#5975));
#2543=EDGE_LOOP('',(#5976,#5977,#5978,#5979));
#2544=EDGE_LOOP('',(#5980,#5981,#5982,#5983));
#2545=EDGE_LOOP('',(#5984,#5985,#5986,#5987));
#2546=EDGE_LOOP('',(#5988,#5989,#5990,#5991));
#2547=EDGE_LOOP('',(#5992,#5993,#5994,#5995));
#2548=EDGE_LOOP('',(#5996,#5997,#5998,#5999));
#2549=EDGE_LOOP('',(#6000,#6001,#6002,#6003));
#2550=EDGE_LOOP('',(#6004,#6005,#6006,#6007));
#2551=EDGE_LOOP('',(#6008,#6009,#6010,#6011));
#2552=EDGE_LOOP('',(#6012,#6013,#6014,#6015));
#2553=EDGE_LOOP('',(#6016,#6017,#6018,#6019));
#2554=EDGE_LOOP('',(#6020,#6021,#6022,#6023));
#2555=EDGE_LOOP('',(#6024,#6025,#6026));
#2556=EDGE_LOOP('',(#6027,#6028,#6029,#6030));
#2557=EDGE_LOOP('',(#6031,#6032,#6033,#6034));
#2558=EDGE_LOOP('',(#6035,#6036,#6037));
#2559=EDGE_LOOP('',(#6038,#6039,#6040,#6041));
#2560=EDGE_LOOP('',(#6042,#6043,#6044,#6045));
#2561=EDGE_LOOP('',(#6046,#6047,#6048,#6049,#6050,#6051,#6052,#6053,#6054,
#6055,#6056));
#2562=EDGE_LOOP('',(#6057,#6058,#6059,#6060,#6061));
#2563=EDGE_LOOP('',(#6062,#6063,#6064,#6065,#6066));
#2564=EDGE_LOOP('',(#6067,#6068,#6069,#6070,#6071));
#2565=EDGE_LOOP('',(#6072,#6073,#6074,#6075));
#2566=EDGE_LOOP('',(#6076));
#2567=EDGE_LOOP('',(#6077,#6078,#6079,#6080));
#2568=EDGE_LOOP('',(#6081));
#2569=EDGE_LOOP('',(#6082));
#2570=EDGE_LOOP('',(#6083));
#2571=EDGE_LOOP('',(#6084));
#2572=EDGE_LOOP('',(#6085));
#2573=EDGE_LOOP('',(#6086,#6087,#6088));
#2574=EDGE_LOOP('',(#6089,#6090,#6091,#6092));
#2575=EDGE_LOOP('',(#6093,#6094,#6095));
#2576=EDGE_LOOP('',(#6096,#6097,#6098,#6099));
#2577=EDGE_LOOP('',(#6100));
#2578=EDGE_LOOP('',(#6101,#6102));
#2579=EDGE_LOOP('',(#6103,#6104,#6105,#6106));
#2580=EDGE_LOOP('',(#6107,#6108,#6109,#6110,#6111));
#2581=EDGE_LOOP('',(#6112));
#2582=EDGE_LOOP('',(#6113,#6114));
#2583=EDGE_LOOP('',(#6115,#6116,#6117,#6118));
#2584=EDGE_LOOP('',(#6119,#6120,#6121,#6122,#6123));
#2585=EDGE_LOOP('',(#6124));
#2586=EDGE_LOOP('',(#6125,#6126));
#2587=EDGE_LOOP('',(#6127,#6128,#6129,#6130));
#2588=EDGE_LOOP('',(#6131,#6132,#6133,#6134));
#2589=EDGE_LOOP('',(#6135));
#2590=EDGE_LOOP('',(#6136,#6137,#6138));
#2591=EDGE_LOOP('',(#6139,#6140,#6141,#6142));
#2592=EDGE_LOOP('',(#6143,#6144,#6145,#6146));
#2593=EDGE_LOOP('',(#6147));
#2594=EDGE_LOOP('',(#6148));
#2595=EDGE_LOOP('',(#6149,#6150,#6151,#6152));
#2596=EDGE_LOOP('',(#6153));
#2597=EDGE_LOOP('',(#6154,#6155,#6156));
#2598=EDGE_LOOP('',(#6157,#6158,#6159,#6160));
#2599=EDGE_LOOP('',(#6161,#6162,#6163,#6164));
#2600=EDGE_LOOP('',(#6165));
#2601=EDGE_LOOP('',(#6166,#6167,#6168));
#2602=EDGE_LOOP('',(#6169,#6170,#6171,#6172));
#2603=EDGE_LOOP('',(#6173,#6174,#6175,#6176));
#2604=EDGE_LOOP('',(#6177));
#2605=EDGE_LOOP('',(#6178,#6179));
#2606=EDGE_LOOP('',(#6180,#6181,#6182,#6183));
#2607=EDGE_LOOP('',(#6184,#6185,#6186,#6187,#6188));
#2608=EDGE_LOOP('',(#6189));
#2609=EDGE_LOOP('',(#6190));
#2610=EDGE_LOOP('',(#6191,#6192,#6193,#6194));
#2611=EDGE_LOOP('',(#6195));
#2612=EDGE_LOOP('',(#6196));
#2613=EDGE_LOOP('',(#6197,#6198,#6199,#6200));
#2614=EDGE_LOOP('',(#6201,#6202,#6203,#6204));
#2615=EDGE_LOOP('',(#6205,#6206,#6207,#6208,#6209,#6210,#6211,#6212,#6213,
#6214,#6215));
#2616=EDGE_LOOP('',(#6216,#6217,#6218,#6219));
#2617=EDGE_LOOP('',(#6220,#6221,#6222,#6223,#6224,#6225,#6226,#6227,#6228,
#6229,#6230));
#2618=EDGE_LOOP('',(#6231,#6232,#6233,#6234,#6235));
#2619=EDGE_LOOP('',(#6236,#6237,#6238,#6239));
#2620=EDGE_LOOP('',(#6240,#6241,#6242,#6243));
#2621=EDGE_LOOP('',(#6244,#6245,#6246,#6247));
#2622=EDGE_LOOP('',(#6248,#6249,#6250,#6251));
#2623=EDGE_LOOP('',(#6252,#6253,#6254,#6255));
#2624=EDGE_LOOP('',(#6256,#6257,#6258,#6259));
#2625=EDGE_LOOP('',(#6260,#6261,#6262,#6263));
#2626=EDGE_LOOP('',(#6264,#6265,#6266,#6267));
#2627=EDGE_LOOP('',(#6268,#6269,#6270,#6271));
#2628=EDGE_LOOP('',(#6272,#6273,#6274,#6275));
#2629=EDGE_LOOP('',(#6276,#6277,#6278,#6279));
#2630=EDGE_LOOP('',(#6280,#6281,#6282,#6283));
#2631=EDGE_LOOP('',(#6284,#6285,#6286,#6287));
#2632=EDGE_LOOP('',(#6288,#6289,#6290,#6291));
#2633=EDGE_LOOP('',(#6292,#6293,#6294,#6295,#6296,#6297,#6298,#6299));
#2634=EDGE_LOOP('',(#6300,#6301,#6302,#6303,#6304,#6305));
#2635=EDGE_LOOP('',(#6306,#6307,#6308,#6309,#6310,#6311,#6312,#6313,#6314,
#6315,#6316));
#2636=EDGE_LOOP('',(#6317,#6318,#6319,#6320,#6321));
#2637=EDGE_LOOP('',(#6322,#6323,#6324,#6325,#6326,#6327,#6328,#6329,#6330,
#6331,#6332,#6333));
#2638=EDGE_LOOP('',(#6334,#6335,#6336,#6337,#6338,#6339,#6340,#6341,#6342,
#6343,#6344,#6345,#6346,#6347,#6348,#6349));
#2639=EDGE_LOOP('',(#6350));
#2640=EDGE_LOOP('',(#6351));
#2641=EDGE_LOOP('',(#6352));
#2642=EDGE_LOOP('',(#6353));
#2643=EDGE_LOOP('',(#6354));
#2644=EDGE_LOOP('',(#6355,#6356,#6357,#6358,#6359));
#2645=EDGE_LOOP('',(#6360));
#2646=EDGE_LOOP('',(#6361,#6362,#6363,#6364,#6365));
#2647=EDGE_LOOP('',(#6366,#6367,#6368,#6369,#6370,#6371,#6372,#6373,#6374,
#6375,#6376,#6377,#6378,#6379,#6380,#6381,#6382,#6383,#6384));
#2648=EDGE_LOOP('',(#6385,#6386,#6387,#6388));
#2649=EDGE_LOOP('',(#6389,#6390,#6391,#6392,#6393,#6394,#6395,#6396,#6397,
#6398,#6399,#6400,#6401,#6402,#6403,#6404));
#2650=EDGE_LOOP('',(#6405));
#2651=EDGE_LOOP('',(#6406));
#2652=EDGE_LOOP('',(#6407));
#2653=EDGE_LOOP('',(#6408));
#2654=EDGE_LOOP('',(#6409));
#2655=EDGE_LOOP('',(#6410,#6411,#6412,#6413,#6414,#6415,#6416));
#2656=EDGE_LOOP('',(#6417,#6418,#6419,#6420,#6421,#6422,#6423,#6424,#6425,
#6426,#6427,#6428,#6429,#6430,#6431,#6432,#6433));
#2657=EDGE_LOOP('',(#6434,#6435,#6436,#6437));
#2658=EDGE_LOOP('',(#6438,#6439,#6440,#6441));
#2659=EDGE_LOOP('',(#6442,#6443,#6444,#6445));
#2660=EDGE_LOOP('',(#6446,#6447,#6448,#6449));
#2661=EDGE_LOOP('',(#6450,#6451,#6452,#6453));
#2662=EDGE_LOOP('',(#6454,#6455,#6456,#6457,#6458,#6459));
#2663=EDGE_LOOP('',(#6460,#6461,#6462,#6463));
#2664=EDGE_LOOP('',(#6464,#6465,#6466,#6467));
#2665=EDGE_LOOP('',(#6468,#6469,#6470,#6471,#6472,#6473));
#2666=EDGE_LOOP('',(#6474,#6475,#6476,#6477,#6478,#6479,#6480,#6481,#6482,
#6483,#6484,#6485,#6486,#6487,#6488,#6489));
#2667=EDGE_LOOP('',(#6490,#6491,#6492,#6493,#6494));
#2668=EDGE_LOOP('',(#6495,#6496,#6497,#6498,#6499));
#2669=EDGE_LOOP('',(#6500,#6501,#6502,#6503));
#2670=EDGE_LOOP('',(#6504));
#2671=EDGE_LOOP('',(#6505,#6506,#6507));
#2672=EDGE_LOOP('',(#6508));
#2673=EDGE_LOOP('',(#6509));
#2674=EDGE_LOOP('',(#6510,#6511,#6512,#6513));
#2675=EDGE_LOOP('',(#6514,#6515,#6516,#6517));
#2676=EDGE_LOOP('',(#6518,#6519,#6520,#6521));
#2677=EDGE_LOOP('',(#6522,#6523,#6524,#6525));
#2678=EDGE_LOOP('',(#6526,#6527,#6528,#6529,#6530,#6531,#6532,#6533,#6534,
#6535,#6536,#6537,#6538,#6539));
#2679=EDGE_LOOP('',(#6540,#6541,#6542,#6543));
#2680=EDGE_LOOP('',(#6544,#6545,#6546,#6547));
#2681=EDGE_LOOP('',(#6548,#6549,#6550));
#2682=EDGE_LOOP('',(#6551,#6552,#6553,#6554));
#2683=EDGE_LOOP('',(#6555,#6556,#6557,#6558));
#2684=EDGE_LOOP('',(#6559,#6560,#6561));
#2685=EDGE_LOOP('',(#6562,#6563,#6564,#6565,#6566,#6567,#6568,#6569));
#2686=EDGE_LOOP('',(#6570,#6571,#6572));
#2687=EDGE_LOOP('',(#6573));
#2688=EDGE_LOOP('',(#6574));
#2689=EDGE_LOOP('',(#6575,#6576,#6577,#6578));
#2690=EDGE_LOOP('',(#6579,#6580,#6581,#6582));
#2691=EDGE_LOOP('',(#6583,#6584,#6585,#6586,#6587,#6588));
#2692=EDGE_LOOP('',(#6589,#6590,#6591,#6592,#6593,#6594));
#2693=EDGE_LOOP('',(#6595,#6596,#6597,#6598,#6599,#6600,#6601,#6602,#6603,
#6604,#6605,#6606));
#2694=EDGE_LOOP('',(#6607,#6608,#6609,#6610));
#2695=EDGE_LOOP('',(#6611,#6612,#6613));
#2696=EDGE_LOOP('',(#6614));
#2697=EDGE_LOOP('',(#6615,#6616,#6617,#6618,#6619,#6620,#6621,#6622));
#2698=EDGE_LOOP('',(#6623,#6624,#6625));
#2699=EDGE_LOOP('',(#6626));
#2700=EDGE_LOOP('',(#6627,#6628,#6629,#6630));
#2701=EDGE_LOOP('',(#6631,#6632,#6633));
#2702=EDGE_LOOP('',(#6634));
#2703=EDGE_LOOP('',(#6635,#6636,#6637));
#2704=EDGE_LOOP('',(#6638));
#2705=EDGE_LOOP('',(#6639,#6640,#6641,#6642));
#2706=EDGE_LOOP('',(#6643,#6644,#6645,#6646,#6647,#6648,#6649,#6650,#6651,
#6652,#6653,#6654));
#2707=EDGE_LOOP('',(#6655,#6656,#6657,#6658,#6659));
#2708=EDGE_LOOP('',(#6660,#6661,#6662,#6663,#6664));
#2709=EDGE_LOOP('',(#6665,#6666,#6667,#6668));
#2710=EDGE_LOOP('',(#6669,#6670,#6671,#6672,#6673,#6674,#6675,#6676,#6677,
#6678,#6679,#6680));
#2711=EDGE_LOOP('',(#6681,#6682,#6683,#6684,#6685,#6686,#6687,#6688));
#2712=EDGE_LOOP('',(#6689,#6690,#6691));
#2713=EDGE_LOOP('',(#6692,#6693,#6694,#6695));
#2714=EDGE_LOOP('',(#6696));
#2715=EDGE_LOOP('',(#6697));
#2716=EDGE_LOOP('',(#6698));
#2717=EDGE_LOOP('',(#6699));
#2718=EDGE_LOOP('',(#6700));
#2719=EDGE_LOOP('',(#6701));
#2720=EDGE_LOOP('',(#6702));
#2721=EDGE_LOOP('',(#6703,#6704,#6705,#6706));
#2722=EDGE_LOOP('',(#6707));
#2723=EDGE_LOOP('',(#6708));
#2724=EDGE_LOOP('',(#6709,#6710,#6711,#6712));
#2725=EDGE_LOOP('',(#6713,#6714,#6715,#6716));
#2726=EDGE_LOOP('',(#6717,#6718,#6719,#6720));
#2727=EDGE_LOOP('',(#6721,#6722,#6723,#6724));
#2728=EDGE_LOOP('',(#6725,#6726,#6727,#6728));
#2729=EDGE_LOOP('',(#6729,#6730,#6731,#6732));
#2730=EDGE_LOOP('',(#6733,#6734,#6735,#6736));
#2731=EDGE_LOOP('',(#6737));
#2732=EDGE_LOOP('',(#6738));
#2733=EDGE_LOOP('',(#6739,#6740,#6741,#6742));
#2734=EDGE_LOOP('',(#6743));
#2735=EDGE_LOOP('',(#6744));
#2736=EDGE_LOOP('',(#6745,#6746,#6747,#6748));
#2737=EDGE_LOOP('',(#6749));
#2738=EDGE_LOOP('',(#6750));
#2739=EDGE_LOOP('',(#6751,#6752,#6753,#6754));
#2740=EDGE_LOOP('',(#6755));
#2741=EDGE_LOOP('',(#6756));
#2742=EDGE_LOOP('',(#6757,#6758,#6759,#6760));
#2743=EDGE_LOOP('',(#6761));
#2744=EDGE_LOOP('',(#6762));
#2745=EDGE_LOOP('',(#6763,#6764,#6765,#6766));
#2746=EDGE_LOOP('',(#6767));
#2747=EDGE_LOOP('',(#6768));
#2748=EDGE_LOOP('',(#6769,#6770,#6771,#6772));
#2749=EDGE_LOOP('',(#6773,#6774,#6775,#6776));
#2750=EDGE_LOOP('',(#6777,#6778,#6779,#6780));
#2751=EDGE_LOOP('',(#6781,#6782,#6783,#6784,#6785,#6786));
#2752=EDGE_LOOP('',(#6787,#6788,#6789,#6790));
#2753=EDGE_LOOP('',(#6791,#6792,#6793,#6794));
#2754=EDGE_LOOP('',(#6795,#6796,#6797,#6798,#6799));
#2755=EDGE_LOOP('',(#6800,#6801,#6802,#6803));
#2756=EDGE_LOOP('',(#6804,#6805,#6806,#6807));
#2757=EDGE_LOOP('',(#6808,#6809,#6810,#6811));
#2758=EDGE_LOOP('',(#6812,#6813,#6814,#6815));
#2759=EDGE_LOOP('',(#6816,#6817,#6818,#6819));
#2760=EDGE_LOOP('',(#6820,#6821,#6822,#6823));
#2761=EDGE_LOOP('',(#6824,#6825,#6826,#6827));
#2762=EDGE_LOOP('',(#6828,#6829,#6830,#6831));
#2763=EDGE_LOOP('',(#6832,#6833,#6834,#6835));
#2764=EDGE_LOOP('',(#6836,#6837,#6838,#6839));
#2765=EDGE_LOOP('',(#6840,#6841,#6842,#6843));
#2766=EDGE_LOOP('',(#6844,#6845,#6846,#6847));
#2767=EDGE_LOOP('',(#6848,#6849,#6850,#6851,#6852,#6853,#6854,#6855,#6856,
#6857,#6858,#6859,#6860,#6861,#6862,#6863,#6864,#6865,#6866,#6867,#6868,
#6869));
#2768=EDGE_LOOP('',(#6870,#6871,#6872,#6873,#6874,#6875,#6876,#6877));
#2769=EDGE_LOOP('',(#6878,#6879,#6880,#6881,#6882,#6883,#6884,#6885,#6886));
#2770=EDGE_LOOP('',(#6887,#6888,#6889,#6890,#6891,#6892,#6893,#6894));
#2771=EDGE_LOOP('',(#6895,#6896));
#2772=EDGE_LOOP('',(#6897,#6898,#6899));
#2773=EDGE_LOOP('',(#6900,#6901,#6902,#6903,#6904,#6905,#6906,#6907,#6908,
#6909,#6910,#6911,#6912,#6913,#6914,#6915,#6916,#6917,#6918,#6919,#6920,
#6921,#6922,#6923,#6924,#6925,#6926,#6927,#6928,#6929));
#2774=EDGE_LOOP('',(#6930));
#2775=EDGE_LOOP('',(#6931,#6932,#6933,#6934,#6935,#6936,#6937,#6938,#6939,
#6940,#6941,#6942,#6943,#6944,#6945,#6946,#6947,#6948,#6949,#6950,#6951,
#6952));
#2776=EDGE_LOOP('',(#6953,#6954,#6955,#6956,#6957,#6958,#6959,#6960,#6961,
#6962));
#2777=EDGE_LOOP('',(#6963));
#2778=EDGE_LOOP('',(#6964));
#2779=EDGE_LOOP('',(#6965));
#2780=EDGE_LOOP('',(#6966));
#2781=EDGE_LOOP('',(#6967));
#2782=EDGE_LOOP('',(#6968));
#2783=EDGE_LOOP('',(#6969));
#2784=EDGE_LOOP('',(#6970));
#2785=EDGE_LOOP('',(#6971));
#2786=EDGE_LOOP('',(#6972));
#2787=EDGE_LOOP('',(#6973));
#2788=EDGE_LOOP('',(#6974));
#2789=EDGE_LOOP('',(#6975));
#2790=EDGE_LOOP('',(#6976));
#2791=EDGE_LOOP('',(#6977));
#2792=EDGE_LOOP('',(#6978));
#2793=EDGE_LOOP('',(#6979));
#2794=EDGE_LOOP('',(#6980));
#2795=EDGE_LOOP('',(#6981));
#2796=EDGE_LOOP('',(#6982));
#2797=EDGE_LOOP('',(#6983,#6984,#6985,#6986,#6987,#6988,#6989));
#2798=EDGE_LOOP('',(#6990));
#2799=EDGE_LOOP('',(#6991));
#2800=EDGE_LOOP('',(#6992,#6993,#6994,#6995,#6996,#6997,#6998,#6999,#7000,
#7001,#7002,#7003));
#2801=EDGE_LOOP('',(#7004));
#2802=EDGE_LOOP('',(#7005));
#2803=EDGE_LOOP('',(#7006,#7007,#7008,#7009,#7010,#7011,#7012));
#2804=EDGE_LOOP('',(#7013));
#2805=EDGE_LOOP('',(#7014));
#2806=EDGE_LOOP('',(#7015,#7016,#7017,#7018,#7019,#7020));
#2807=EDGE_LOOP('',(#7021,#7022));
#2808=EDGE_LOOP('',(#7023));
#2809=EDGE_LOOP('',(#7024,#7025,#7026,#7027,#7028,#7029,#7030,#7031));
#2810=EDGE_LOOP('',(#7032));
#2811=EDGE_LOOP('',(#7033));
#2812=EDGE_LOOP('',(#7034));
#2813=EDGE_LOOP('',(#7035));
#2814=EDGE_LOOP('',(#7036,#7037,#7038,#7039,#7040,#7041,#7042,#7043));
#2815=EDGE_LOOP('',(#7044));
#2816=EDGE_LOOP('',(#7045));
#2817=EDGE_LOOP('',(#7046));
#2818=EDGE_LOOP('',(#7047));
#2819=EDGE_LOOP('',(#7048,#7049,#7050,#7051));
#2820=EDGE_LOOP('',(#7052,#7053,#7054,#7055));
#2821=EDGE_LOOP('',(#7056));
#2822=EDGE_LOOP('',(#7057));
#2823=EDGE_LOOP('',(#7058));
#2824=EDGE_LOOP('',(#7059));
#2825=EDGE_LOOP('',(#7060,#7061,#7062,#7063));
#2826=EDGE_LOOP('',(#7064,#7065,#7066,#7067));
#2827=EDGE_LOOP('',(#7068));
#2828=EDGE_LOOP('',(#7069));
#2829=EDGE_LOOP('',(#7070,#7071,#7072,#7073));
#2830=EDGE_LOOP('',(#7074,#7075,#7076,#7077));
#2831=EDGE_LOOP('',(#7078,#7079,#7080,#7081));
#2832=EDGE_LOOP('',(#7082,#7083,#7084,#7085));
#2833=EDGE_LOOP('',(#7086,#7087,#7088,#7089));
#2834=EDGE_LOOP('',(#7090,#7091,#7092,#7093));
#2835=EDGE_LOOP('',(#7094,#7095,#7096,#7097));
#2836=EDGE_LOOP('',(#7098,#7099,#7100,#7101));
#2837=EDGE_LOOP('',(#7102,#7103,#7104,#7105));
#2838=EDGE_LOOP('',(#7106,#7107,#7108,#7109));
#2839=EDGE_LOOP('',(#7110,#7111,#7112,#7113));
#2840=EDGE_LOOP('',(#7114,#7115,#7116,#7117));
#2841=EDGE_LOOP('',(#7118,#7119,#7120,#7121));
#2842=EDGE_LOOP('',(#7122,#7123,#7124,#7125));
#2843=EDGE_LOOP('',(#7126,#7127,#7128,#7129));
#2844=EDGE_LOOP('',(#7130,#7131,#7132,#7133));
#2845=EDGE_LOOP('',(#7134,#7135,#7136,#7137));
#2846=EDGE_LOOP('',(#7138,#7139,#7140,#7141));
#2847=EDGE_LOOP('',(#7142,#7143,#7144,#7145));
#2848=EDGE_LOOP('',(#7146,#7147,#7148,#7149));
#2849=EDGE_LOOP('',(#7150,#7151,#7152,#7153));
#2850=EDGE_LOOP('',(#7154,#7155,#7156,#7157));
#2851=EDGE_LOOP('',(#7158,#7159,#7160,#7161,#7162,#7163,#7164,#7165,#7166,
#7167));
#2852=EDGE_LOOP('',(#7168));
#2853=EDGE_LOOP('',(#7169));
#2854=EDGE_LOOP('',(#7170));
#2855=EDGE_LOOP('',(#7171));
#2856=EDGE_LOOP('',(#7172));
#2857=EDGE_LOOP('',(#7173));
#2858=EDGE_LOOP('',(#7174,#7175,#7176,#7177));
#2859=EDGE_LOOP('',(#7178));
#2860=EDGE_LOOP('',(#7179));
#2861=EDGE_LOOP('',(#7180));
#2862=EDGE_LOOP('',(#7181));
#2863=EDGE_LOOP('',(#7182));
#2864=EDGE_LOOP('',(#7183));
#2865=EDGE_LOOP('',(#7184));
#2866=EDGE_LOOP('',(#7185));
#2867=EDGE_LOOP('',(#7186));
#2868=EDGE_LOOP('',(#7187,#7188,#7189,#7190,#7191,#7192,#7193));
#2869=EDGE_LOOP('',(#7194,#7195,#7196,#7197,#7198,#7199,#7200,#7201));
#2870=EDGE_LOOP('',(#7202,#7203,#7204,#7205,#7206,#7207,#7208,#7209));
#2871=EDGE_LOOP('',(#7210,#7211,#7212,#7213,#7214,#7215,#7216,#7217));
#2872=EDGE_LOOP('',(#7218,#7219,#7220,#7221,#7222,#7223,#7224,#7225));
#2873=EDGE_LOOP('',(#7226,#7227,#7228,#7229,#7230,#7231,#7232,#7233));
#2874=EDGE_LOOP('',(#7234,#7235,#7236,#7237,#7238,#7239,#7240,#7241));
#2875=EDGE_LOOP('',(#7242,#7243,#7244,#7245));
#2876=EDGE_LOOP('',(#7246,#7247,#7248,#7249));
#2877=EDGE_LOOP('',(#7250,#7251,#7252,#7253));
#2878=EDGE_LOOP('',(#7254,#7255,#7256,#7257));
#2879=EDGE_LOOP('',(#7258,#7259,#7260,#7261,#7262,#7263,#7264,#7265));
#2880=EDGE_LOOP('',(#7266,#7267,#7268,#7269));
#2881=EDGE_LOOP('',(#7270,#7271,#7272,#7273));
#2882=EDGE_LOOP('',(#7274,#7275,#7276,#7277));
#2883=EDGE_LOOP('',(#7278,#7279,#7280,#7281,#7282,#7283,#7284,#7285));
#2884=EDGE_LOOP('',(#7286,#7287,#7288,#7289));
#2885=EDGE_LOOP('',(#7290,#7291,#7292,#7293));
#2886=EDGE_LOOP('',(#7294,#7295,#7296,#7297));
#2887=EDGE_LOOP('',(#7298,#7299,#7300,#7301));
#2888=EDGE_LOOP('',(#7302,#7303,#7304,#7305,#7306,#7307,#7308));
#2889=EDGE_LOOP('',(#7309,#7310,#7311,#7312,#7313,#7314,#7315));
#2890=EDGE_LOOP('',(#7316,#7317,#7318,#7319));
#2891=EDGE_LOOP('',(#7320,#7321,#7322,#7323,#7324,#7325,#7326,#7327,#7328,
#7329,#7330,#7331));
#2892=EDGE_LOOP('',(#7332,#7333,#7334,#7335));
#2893=EDGE_LOOP('',(#7336,#7337,#7338,#7339));
#2894=EDGE_LOOP('',(#7340,#7341,#7342,#7343));
#2895=EDGE_LOOP('',(#7344,#7345,#7346,#7347,#7348,#7349,#7350,#7351));
#2896=EDGE_LOOP('',(#7352,#7353,#7354,#7355));
#2897=EDGE_LOOP('',(#7356,#7357,#7358,#7359));
#2898=EDGE_LOOP('',(#7360,#7361,#7362,#7363));
#2899=EDGE_LOOP('',(#7364,#7365,#7366,#7367,#7368,#7369,#7370,#7371));
#2900=CIRCLE('',#8000,1.75);
#2901=CIRCLE('',#8001,1.25);
#2902=CIRCLE('',#8003,17.1013085779749);
#2903=CIRCLE('',#8005,3.00000000006984);
#2904=CIRCLE('',#8006,3.);
#2905=CIRCLE('',#8007,3.);
#2906=CIRCLE('',#8008,3.00000000006984);
#2907=CIRCLE('',#8010,2.37500000000001);
#2908=CIRCLE('',#8011,2.37500000000001);
#2909=CIRCLE('',#8012,2.3750000000634);
#2910=CIRCLE('',#8013,2.3750000000634);
#2911=CIRCLE('',#8014,2.3750000000634);
#2912=CIRCLE('',#8015,2.3750000000634);
#2913=CIRCLE('',#8017,1.25);
#2914=CIRCLE('',#8018,17.1013085779749);
#2915=CIRCLE('',#8019,5.);
#2916=CIRCLE('',#8022,5.);
#2917=CIRCLE('',#8024,17.1013085779749);
#2918=CIRCLE('',#8035,1.5);
#2919=CIRCLE('',#8036,1.5);
#2920=CIRCLE('',#8039,1.5);
#2921=CIRCLE('',#8040,1.5);
#2922=CIRCLE('',#8055,1.75);
#2923=CIRCLE('',#8056,1.25);
#2924=CIRCLE('',#8059,11.4809256885533);
#2925=CIRCLE('',#8060,42.3076664449496);
#2926=CIRCLE('',#8062,3.00000000006984);
#2927=CIRCLE('',#8063,3.);
#2928=CIRCLE('',#8064,3.);
#2929=CIRCLE('',#8065,3.00000000006984);
#2930=CIRCLE('',#8067,2.37500000000001);
#2931=CIRCLE('',#8068,2.37500000000001);
#2932=CIRCLE('',#8069,2.3750000000634);
#2933=CIRCLE('',#8070,2.3750000000634);
#2934=CIRCLE('',#8071,2.3750000000634);
#2935=CIRCLE('',#8072,2.3750000000634);
#2936=CIRCLE('',#8074,1.25);
#2937=CIRCLE('',#8075,11.4809256885533);
#2938=CIRCLE('',#8076,42.3076664449496);
#2939=CIRCLE('',#8079,42.3076664449496);
#2940=CIRCLE('',#8081,11.4809256885533);
#2941=CIRCLE('',#8094,1.5);
#2942=CIRCLE('',#8095,1.5);
#2943=CIRCLE('',#8098,1.5);
#2944=CIRCLE('',#8099,1.5);
#2945=CIRCLE('',#8108,1.75);
#2946=CIRCLE('',#8109,1.25);
#2947=CIRCLE('',#8110,1.25);
#2948=CIRCLE('',#8112,1.75);
#2949=CIRCLE('',#8115,1.75);
#2950=CIRCLE('',#8116,1.25);
#2951=CIRCLE('',#8117,1.25);
#2952=CIRCLE('',#8119,1.75);
#2953=CIRCLE('',#8122,1.75);
#2954=CIRCLE('',#8123,1.25);
#2955=CIRCLE('',#8124,1.25);
#2956=CIRCLE('',#8126,1.75);
#2957=CIRCLE('',#8129,1.75);
#2958=CIRCLE('',#8130,1.25);
#2959=CIRCLE('',#8131,1.25);
#2960=CIRCLE('',#8132,1.25);
#2961=CIRCLE('',#8134,1.75);
#2962=CIRCLE('',#8137,1.75);
#2963=CIRCLE('',#8138,1.25);
#2964=CIRCLE('',#8140,1.75);
#2965=CIRCLE('',#8142,1.75);
#2966=CIRCLE('',#8143,1.25);
#2967=CIRCLE('',#8144,1.25);
#2968=CIRCLE('',#8145,1.25);
#2969=CIRCLE('',#8147,1.75);
#2970=CIRCLE('',#8150,1.75);
#2971=CIRCLE('',#8151,1.25);
#2972=CIRCLE('',#8152,1.25);
#2973=CIRCLE('',#8153,1.25);
#2974=CIRCLE('',#8155,1.75);
#2975=CIRCLE('',#8158,1.75);
#2976=CIRCLE('',#8159,1.25);
#2977=CIRCLE('',#8160,1.25);
#2978=CIRCLE('',#8162,1.75);
#2979=CIRCLE('',#8165,1.75);
#2980=CIRCLE('',#8166,1.25);
#2981=CIRCLE('',#8168,1.75);
#2982=CIRCLE('',#8170,1.75);
#2983=CIRCLE('',#8171,1.25);
#2984=CIRCLE('',#8173,1.75);
#2985=CIRCLE('',#8176,5.);
#2986=CIRCLE('',#8177,5.);
#2987=CIRCLE('',#8180,5.);
#2988=CIRCLE('',#8181,5.);
#2989=CIRCLE('',#8187,1.25);
#2990=CIRCLE('',#8188,1.25);
#2991=CIRCLE('',#8190,1.25);
#2992=CIRCLE('',#8191,1.25);
#2993=CIRCLE('',#8193,1.25);
#2994=CIRCLE('',#8194,1.25);
#2995=CIRCLE('',#8196,1.25);
#2996=CIRCLE('',#8197,1.25);
#2997=CIRCLE('',#8199,1.25);
#2998=CIRCLE('',#8200,1.25);
#2999=CIRCLE('',#8202,1.25);
#3000=CIRCLE('',#8203,1.25);
#3001=CIRCLE('',#8205,1.25);
#3002=CIRCLE('',#8206,1.25);
#3003=CIRCLE('',#8208,1.25);
#3004=CIRCLE('',#8209,1.25);
#3005=CIRCLE('',#8211,1.25);
#3006=CIRCLE('',#8212,1.25);
#3007=CIRCLE('',#8214,1.25);
#3008=CIRCLE('',#8215,1.25);
#3009=CIRCLE('',#8217,1.25);
#3010=CIRCLE('',#8218,1.25);
#3011=CIRCLE('',#8220,1.25);
#3012=CIRCLE('',#8221,1.25);
#3013=CIRCLE('',#8223,5.);
#3014=CIRCLE('',#8224,5.);
#3015=CIRCLE('',#8225,5.);
#3016=CIRCLE('',#8228,5.);
#3017=CIRCLE('',#8232,15.);
#3018=CIRCLE('',#8233,15.);
#3019=CIRCLE('',#8234,15.);
#3020=CIRCLE('',#8235,15.);
#3021=CIRCLE('',#8236,15.);
#3022=CIRCLE('',#8238,15.);
#3023=CIRCLE('',#8239,15.);
#3024=CIRCLE('',#8240,15.);
#3025=CIRCLE('',#8241,15.);
#3026=CIRCLE('',#8246,2.5);
#3027=CIRCLE('',#8247,2.5);
#3028=CIRCLE('',#8249,15.);
#3029=CIRCLE('',#8250,15.);
#3030=CIRCLE('',#8251,15.);
#3031=CIRCLE('',#8253,5.);
#3032=CIRCLE('',#8255,2.5);
#3033=CIRCLE('',#8256,2.5);
#3034=CIRCLE('',#8275,1.35);
#3035=CIRCLE('',#8277,1.25);
#3036=CIRCLE('',#8279,1.75);
#3037=CIRCLE('',#8280,1.25);
#3038=CIRCLE('',#8284,2.5);
#3039=CIRCLE('',#8286,2.5);
#3040=CIRCLE('',#8289,2.5);
#3041=CIRCLE('',#8291,2.5);
#3042=CIRCLE('',#8292,2.5);
#3043=CIRCLE('',#8296,2.5);
#3044=CIRCLE('',#8300,1.575);
#3045=CIRCLE('',#8302,1.75);
#3046=CIRCLE('',#8303,1.575);
#3047=CIRCLE('',#8307,2.5);
#3048=CIRCLE('',#8308,2.5);
#3049=CIRCLE('',#8310,2.5);
#3050=CIRCLE('',#8311,2.5);
#3051=CIRCLE('',#8314,1.75000000000001);
#3052=CIRCLE('',#8315,1.75000000000001);
#3053=CIRCLE('',#8321,1.75000000000001);
#3054=CIRCLE('',#8322,1.75000000000001);
#3055=CIRCLE('',#8334,1.35);
#3056=CIRCLE('',#8335,1.25);
#3057=CIRCLE('',#8336,1.25);
#3058=CIRCLE('',#8337,1.25);
#3059=CIRCLE('',#8338,1.25);
#3060=CIRCLE('',#8339,1.25);
#3061=CIRCLE('',#8340,1.25);
#3062=CIRCLE('',#8342,1.25);
#3063=CIRCLE('',#8343,1.25);
#3064=CIRCLE('',#8345,5.50000000000001);
#3065=CIRCLE('',#8346,5.50000000000001);
#3066=CIRCLE('',#8348,5.50000000000001);
#3067=CIRCLE('',#8349,5.50000000000001);
#3068=CIRCLE('',#8351,5.50000000000001);
#3069=CIRCLE('',#8352,5.50000000000001);
#3070=CIRCLE('',#8354,5.50000000000001);
#3071=CIRCLE('',#8355,5.50000000000001);
#3072=CIRCLE('',#8357,5.50000000000001);
#3073=CIRCLE('',#8358,5.50000000000001);
#3074=CIRCLE('',#8360,5.50000000000001);
#3075=CIRCLE('',#8361,5.50000000000001);
#3076=CIRCLE('',#8363,7.54999999999999);
#3077=CIRCLE('',#8364,7.54999999999999);
#3078=CIRCLE('',#8367,7.55000000000001);
#3079=CIRCLE('',#8368,7.55000000000001);
#3080=CIRCLE('',#8371,7.55000000000001);
#3081=CIRCLE('',#8372,7.55000000000001);
#3082=CIRCLE('',#8375,7.54999999999999);
#3083=CIRCLE('',#8376,7.54999999999999);
#3084=CIRCLE('',#8379,7.54999999999999);
#3085=CIRCLE('',#8380,7.54999999999999);
#3086=CIRCLE('',#8383,7.55000000000001);
#3087=CIRCLE('',#8384,7.55000000000001);
#3088=CIRCLE('',#8390,3.75);
#3089=CIRCLE('',#8391,3.75);
#3090=CIRCLE('',#8392,3.75);
#3091=CIRCLE('',#8396,3.75);
#3092=CIRCLE('',#8397,3.75);
#3093=CIRCLE('',#8398,3.75);
#3094=CIRCLE('',#8406,3.75);
#3095=CIRCLE('',#8407,3.75);
#3096=CIRCLE('',#8414,3.75);
#3097=CIRCLE('',#8415,3.75);
#3098=CIRCLE('',#8416,3.75);
#3099=CIRCLE('',#8417,3.75);
#3100=CIRCLE('',#8418,3.75);
#3101=CIRCLE('',#8419,3.75);
#3102=CIRCLE('',#8420,3.75);
#3103=CIRCLE('',#8421,3.75);
#3104=CIRCLE('',#8422,3.75);
#3105=CIRCLE('',#8423,3.75);
#3106=CIRCLE('',#8425,3.75);
#3107=CIRCLE('',#8426,3.75);
#3108=CIRCLE('',#8428,3.75);
#3109=CIRCLE('',#8429,3.75);
#3110=CIRCLE('',#8431,3.75);
#3111=CIRCLE('',#8432,3.75);
#3112=CIRCLE('',#8435,3.75);
#3113=CIRCLE('',#8437,15.);
#3114=CIRCLE('',#8438,15.);
#3115=CIRCLE('',#8439,15.);
#3116=CIRCLE('',#8440,15.);
#3117=CIRCLE('',#8441,15.);
#3118=CIRCLE('',#8442,15.);
#3119=CIRCLE('',#8443,15.);
#3120=CIRCLE('',#8444,15.);
#3121=CIRCLE('',#8445,3.75);
#3122=CIRCLE('',#8446,3.75);
#3123=CIRCLE('',#8447,3.75);
#3124=CIRCLE('',#8448,3.75);
#3125=CIRCLE('',#8449,3.75);
#3126=CIRCLE('',#8450,4.5);
#3127=CIRCLE('',#8451,4.5);
#3128=CIRCLE('',#8454,3.75);
#3129=CIRCLE('',#8457,3.75);
#3130=CIRCLE('',#8460,3.75);
#3131=CIRCLE('',#8465,3.75);
#3132=CIRCLE('',#8469,3.75);
#3133=CIRCLE('',#8472,1.75);
#3134=CIRCLE('',#8473,1.35);
#3135=CIRCLE('',#8475,1.75);
#3136=CIRCLE('',#8478,1.25);
#3137=CIRCLE('',#8480,1.75);
#3138=CIRCLE('',#8481,1.35);
#3139=CIRCLE('',#8483,1.75);
#3140=CIRCLE('',#8486,1.25);
#3141=CIRCLE('',#8491,2.5);
#3142=CIRCLE('',#8497,2.5);
#3143=CIRCLE('',#8503,2.5);
#3144=CIRCLE('',#8508,2.5);
#3145=CIRCLE('',#8515,15.);
#3146=CIRCLE('',#8517,15.);
#3147=CIRCLE('',#8519,15.);
#3148=CIRCLE('',#8521,15.);
#3149=CIRCLE('',#8523,15.);
#3150=CIRCLE('',#8525,15.);
#3151=VERTEX_POINT('',#10295);
#3152=VERTEX_POINT('',#10297);
#3153=VERTEX_POINT('',#10300);
#3154=VERTEX_POINT('',#10301);
#3155=VERTEX_POINT('',#10303);
#3156=VERTEX_POINT('',#10308);
#3157=VERTEX_POINT('',#10313);
#3158=VERTEX_POINT('',#10318);
#3159=VERTEX_POINT('',#10320);
#3160=VERTEX_POINT('',#10325);
#3161=VERTEX_POINT('',#10330);
#3162=VERTEX_POINT('',#10335);
#3163=VERTEX_POINT('',#10340);
#3164=VERTEX_POINT('',#10342);
#3165=VERTEX_POINT('',#10347);
#3166=VERTEX_POINT('',#10352);
#3167=VERTEX_POINT('',#10357);
#3168=VERTEX_POINT('',#10362);
#3169=VERTEX_POINT('',#10364);
#3170=VERTEX_POINT('',#10366);
#3171=VERTEX_POINT('',#10368);
#3172=VERTEX_POINT('',#10373);
#3173=VERTEX_POINT('',#10378);
#3174=VERTEX_POINT('',#10383);
#3175=VERTEX_POINT('',#10388);
#3176=VERTEX_POINT('',#10390);
#3177=VERTEX_POINT('',#10395);
#3178=VERTEX_POINT('',#10400);
#3179=VERTEX_POINT('',#10405);
#3180=VERTEX_POINT('',#10410);
#3181=VERTEX_POINT('',#10412);
#3182=VERTEX_POINT('',#10417);
#3183=VERTEX_POINT('',#10422);
#3184=VERTEX_POINT('',#10427);
#3185=VERTEX_POINT('',#10432);
#3186=VERTEX_POINT('',#10434);
#3187=VERTEX_POINT('',#10436);
#3188=VERTEX_POINT('',#10441);
#3189=VERTEX_POINT('',#10446);
#3190=VERTEX_POINT('',#10455);
#3191=VERTEX_POINT('',#10456);
#3192=VERTEX_POINT('',#10461);
#3193=VERTEX_POINT('',#10466);
#3194=VERTEX_POINT('',#10475);
#3195=VERTEX_POINT('',#10476);
#3196=VERTEX_POINT('',#10481);
#3197=VERTEX_POINT('',#10486);
#3198=VERTEX_POINT('',#10495);
#3199=VERTEX_POINT('',#10496);
#3200=VERTEX_POINT('',#10501);
#3201=VERTEX_POINT('',#10506);
#3202=VERTEX_POINT('',#10515);
#3203=VERTEX_POINT('',#10516);
#3204=VERTEX_POINT('',#10521);
#3205=VERTEX_POINT('',#10526);
#3206=VERTEX_POINT('',#10535);
#3207=VERTEX_POINT('',#10536);
#3208=VERTEX_POINT('',#10541);
#3209=VERTEX_POINT('',#10546);
#3210=VERTEX_POINT('',#10556);
#3211=VERTEX_POINT('',#10557);
#3212=VERTEX_POINT('',#10559);
#3213=VERTEX_POINT('',#10561);
#3214=VERTEX_POINT('',#10563);
#3215=VERTEX_POINT('',#10565);
#3216=VERTEX_POINT('',#10567);
#3217=VERTEX_POINT('',#10569);
#3218=VERTEX_POINT('',#10573);
#3219=VERTEX_POINT('',#10575);
#3220=VERTEX_POINT('',#10578);
#3221=VERTEX_POINT('',#10579);
#3222=VERTEX_POINT('',#10581);
#3223=VERTEX_POINT('',#10583);
#3224=VERTEX_POINT('',#10586);
#3225=VERTEX_POINT('',#10588);
#3226=VERTEX_POINT('',#10592);
#3227=VERTEX_POINT('',#10594);
#3228=VERTEX_POINT('',#10597);
#3229=VERTEX_POINT('',#10599);
#3230=VERTEX_POINT('',#10600);
#3231=VERTEX_POINT('',#10608);
#3232=VERTEX_POINT('',#10613);
#3233=VERTEX_POINT('',#10622);
#3234=VERTEX_POINT('',#10623);
#3235=VERTEX_POINT('',#10628);
#3236=VERTEX_POINT('',#10633);
#3237=VERTEX_POINT('',#10645);
#3238=VERTEX_POINT('',#10646);
#3239=VERTEX_POINT('',#10651);
#3240=VERTEX_POINT('',#10656);
#3241=VERTEX_POINT('',#10665);
#3242=VERTEX_POINT('',#10666);
#3243=VERTEX_POINT('',#10671);
#3244=VERTEX_POINT('',#10678);
#3245=VERTEX_POINT('',#10683);
#3246=VERTEX_POINT('',#10685);
#3247=VERTEX_POINT('',#10687);
#3248=VERTEX_POINT('',#10698);
#3249=VERTEX_POINT('',#10699);
#3250=VERTEX_POINT('',#10704);
#3251=VERTEX_POINT('',#10709);
#3252=VERTEX_POINT('',#10721);
#3253=VERTEX_POINT('',#10722);
#3254=VERTEX_POINT('',#10729);
#3255=VERTEX_POINT('',#10737);
#3256=VERTEX_POINT('',#10749);
#3257=VERTEX_POINT('',#10750);
#3258=VERTEX_POINT('',#10755);
#3259=VERTEX_POINT('',#10763);
#3260=VERTEX_POINT('',#10771);
#3261=VERTEX_POINT('',#10780);
#3262=VERTEX_POINT('',#10781);
#3263=VERTEX_POINT('',#10786);
#3264=VERTEX_POINT('',#10791);
#3265=VERTEX_POINT('',#10803);
#3266=VERTEX_POINT('',#10804);
#3267=VERTEX_POINT('',#10809);
#3268=VERTEX_POINT('',#10814);
#3269=VERTEX_POINT('',#10823);
#3270=VERTEX_POINT('',#10824);
#3271=VERTEX_POINT('',#10829);
#3272=VERTEX_POINT('',#10834);
#3273=VERTEX_POINT('',#10839);
#3274=VERTEX_POINT('',#10850);
#3275=VERTEX_POINT('',#10851);
#3276=VERTEX_POINT('',#10856);
#3277=VERTEX_POINT('',#10861);
#3278=VERTEX_POINT('',#10866);
#3279=VERTEX_POINT('',#10878);
#3280=VERTEX_POINT('',#10879);
#3281=VERTEX_POINT('',#10884);
#3282=VERTEX_POINT('',#10889);
#3283=VERTEX_POINT('',#10899);
#3284=VERTEX_POINT('',#10911);
#3285=VERTEX_POINT('',#10934);
#3286=VERTEX_POINT('',#10979);
#3287=VERTEX_POINT('',#10993);
#3288=VERTEX_POINT('',#11038);
#3289=VERTEX_POINT('',#11052);
#3290=VERTEX_POINT('',#11114);
#3291=VERTEX_POINT('',#11178);
#3292=VERTEX_POINT('',#11192);
#3293=VERTEX_POINT('',#11300);
#3294=VERTEX_POINT('',#11314);
#3295=VERTEX_POINT('',#11321);
#3296=VERTEX_POINT('',#11443);
#3297=VERTEX_POINT('',#11464);
#3298=VERTEX_POINT('',#11468);
#3299=VERTEX_POINT('',#11472);
#3300=VERTEX_POINT('',#11481);
#3301=VERTEX_POINT('',#11484);
#3302=VERTEX_POINT('',#11488);
#3303=VERTEX_POINT('',#11489);
#3304=VERTEX_POINT('',#11494);
#3305=VERTEX_POINT('',#11496);
#3306=VERTEX_POINT('',#11501);
#3307=VERTEX_POINT('',#11503);
#3308=VERTEX_POINT('',#11512);
#3309=VERTEX_POINT('',#11518);
#3310=VERTEX_POINT('',#11520);
#3311=VERTEX_POINT('',#11524);
#3312=VERTEX_POINT('',#11526);
#3313=VERTEX_POINT('',#11528);
#3314=VERTEX_POINT('',#11530);
#3315=VERTEX_POINT('',#11532);
#3316=VERTEX_POINT('',#11534);
#3317=VERTEX_POINT('',#11538);
#3318=VERTEX_POINT('',#11540);
#3319=VERTEX_POINT('',#11546);
#3320=VERTEX_POINT('',#11554);
#3321=VERTEX_POINT('',#11556);
#3322=VERTEX_POINT('',#11559);
#3323=VERTEX_POINT('',#11561);
#3324=VERTEX_POINT('',#11563);
#3325=VERTEX_POINT('',#11567);
#3326=VERTEX_POINT('',#11568);
#3327=VERTEX_POINT('',#11570);
#3328=VERTEX_POINT('',#11572);
#3329=VERTEX_POINT('',#11577);
#3330=VERTEX_POINT('',#11582);
#3331=VERTEX_POINT('',#11587);
#3332=VERTEX_POINT('',#11589);
#3333=VERTEX_POINT('',#11594);
#3334=VERTEX_POINT('',#11599);
#3335=VERTEX_POINT('',#11604);
#3336=VERTEX_POINT('',#11607);
#3337=VERTEX_POINT('',#11609);
#3338=VERTEX_POINT('',#11611);
#3339=VERTEX_POINT('',#11613);
#3340=VERTEX_POINT('',#11618);
#3341=VERTEX_POINT('',#11623);
#3342=VERTEX_POINT('',#11628);
#3343=VERTEX_POINT('',#11633);
#3344=VERTEX_POINT('',#11638);
#3345=VERTEX_POINT('',#11640);
#3346=VERTEX_POINT('',#11645);
#3347=VERTEX_POINT('',#11650);
#3348=VERTEX_POINT('',#11655);
#3349=VERTEX_POINT('',#11660);
#3350=VERTEX_POINT('',#11666);
#3351=VERTEX_POINT('',#11667);
#3352=VERTEX_POINT('',#11672);
#3353=VERTEX_POINT('',#11677);
#3354=VERTEX_POINT('',#11686);
#3355=VERTEX_POINT('',#11687);
#3356=VERTEX_POINT('',#11692);
#3357=VERTEX_POINT('',#11697);
#3358=VERTEX_POINT('',#11702);
#3359=VERTEX_POINT('',#11711);
#3360=VERTEX_POINT('',#11712);
#3361=VERTEX_POINT('',#11717);
#3362=VERTEX_POINT('',#11726);
#3363=VERTEX_POINT('',#11727);
#3364=VERTEX_POINT('',#11732);
#3365=VERTEX_POINT('',#11737);
#3366=VERTEX_POINT('',#11742);
#3367=VERTEX_POINT('',#11751);
#3368=VERTEX_POINT('',#11752);
#3369=VERTEX_POINT('',#11757);
#3370=VERTEX_POINT('',#11762);
#3371=VERTEX_POINT('',#11767);
#3372=VERTEX_POINT('',#11776);
#3373=VERTEX_POINT('',#11777);
#3374=VERTEX_POINT('',#11782);
#3375=VERTEX_POINT('',#11787);
#3376=VERTEX_POINT('',#11792);
#3377=VERTEX_POINT('',#11801);
#3378=VERTEX_POINT('',#11802);
#3379=VERTEX_POINT('',#11807);
#3380=VERTEX_POINT('',#11812);
#3381=VERTEX_POINT('',#11817);
#3382=VERTEX_POINT('',#11826);
#3383=VERTEX_POINT('',#11827);
#3384=VERTEX_POINT('',#11832);
#3385=VERTEX_POINT('',#11837);
#3386=VERTEX_POINT('',#11842);
#3387=VERTEX_POINT('',#11851);
#3388=VERTEX_POINT('',#11852);
#3389=VERTEX_POINT('',#11857);
#3390=VERTEX_POINT('',#11862);
#3391=VERTEX_POINT('',#11871);
#3392=VERTEX_POINT('',#11872);
#3393=VERTEX_POINT('',#11877);
#3394=VERTEX_POINT('',#11886);
#3395=VERTEX_POINT('',#11887);
#3396=VERTEX_POINT('',#11892);
#3397=VERTEX_POINT('',#11897);
#3398=VERTEX_POINT('',#11902);
#3399=VERTEX_POINT('',#11911);
#3400=VERTEX_POINT('',#11912);
#3401=VERTEX_POINT('',#11917);
#3402=VERTEX_POINT('',#11922);
#3403=VERTEX_POINT('',#11932);
#3404=VERTEX_POINT('',#11933);
#3405=VERTEX_POINT('',#11935);
#3406=VERTEX_POINT('',#11937);
#3407=VERTEX_POINT('',#11939);
#3408=VERTEX_POINT('',#11941);
#3409=VERTEX_POINT('',#11943);
#3410=VERTEX_POINT('',#11945);
#3411=VERTEX_POINT('',#11949);
#3412=VERTEX_POINT('',#11951);
#3413=VERTEX_POINT('',#11954);
#3414=VERTEX_POINT('',#11955);
#3415=VERTEX_POINT('',#11957);
#3416=VERTEX_POINT('',#11959);
#3417=VERTEX_POINT('',#11962);
#3418=VERTEX_POINT('',#11964);
#3419=VERTEX_POINT('',#11968);
#3420=VERTEX_POINT('',#11970);
#3421=VERTEX_POINT('',#11973);
#3422=VERTEX_POINT('',#11975);
#3423=VERTEX_POINT('',#11976);
#3424=VERTEX_POINT('',#11981);
#3425=VERTEX_POINT('',#11986);
#3426=VERTEX_POINT('',#11995);
#3427=VERTEX_POINT('',#11996);
#3428=VERTEX_POINT('',#12001);
#3429=VERTEX_POINT('',#12006);
#3430=VERTEX_POINT('',#12011);
#3431=VERTEX_POINT('',#12020);
#3432=VERTEX_POINT('',#12021);
#3433=VERTEX_POINT('',#12026);
#3434=VERTEX_POINT('',#12035);
#3435=VERTEX_POINT('',#12036);
#3436=VERTEX_POINT('',#12041);
#3437=VERTEX_POINT('',#12046);
#3438=VERTEX_POINT('',#12058);
#3439=VERTEX_POINT('',#12059);
#3440=VERTEX_POINT('',#12064);
#3441=VERTEX_POINT('',#12066);
#3442=VERTEX_POINT('',#12071);
#3443=VERTEX_POINT('',#12083);
#3444=VERTEX_POINT('',#12084);
#3445=VERTEX_POINT('',#12089);
#3446=VERTEX_POINT('',#12094);
#3447=VERTEX_POINT('',#12103);
#3448=VERTEX_POINT('',#12104);
#3449=VERTEX_POINT('',#12109);
#3450=VERTEX_POINT('',#12114);
#3451=VERTEX_POINT('',#12119);
#3452=VERTEX_POINT('',#12128);
#3453=VERTEX_POINT('',#12129);
#3454=VERTEX_POINT('',#12134);
#3455=VERTEX_POINT('',#12139);
#3456=VERTEX_POINT('',#12144);
#3457=VERTEX_POINT('',#12153);
#3458=VERTEX_POINT('',#12154);
#3459=VERTEX_POINT('',#12159);
#3460=VERTEX_POINT('',#12166);
#3461=VERTEX_POINT('',#12171);
#3462=VERTEX_POINT('',#12180);
#3463=VERTEX_POINT('',#12181);
#3464=VERTEX_POINT('',#12186);
#3465=VERTEX_POINT('',#12194);
#3466=VERTEX_POINT('',#12199);
#3467=VERTEX_POINT('',#12211);
#3468=VERTEX_POINT('',#12212);
#3469=VERTEX_POINT('',#12217);
#3470=VERTEX_POINT('',#12222);
#3471=VERTEX_POINT('',#12227);
#3472=VERTEX_POINT('',#12238);
#3473=VERTEX_POINT('',#12239);
#3474=VERTEX_POINT('',#12246);
#3475=VERTEX_POINT('',#12251);
#3476=VERTEX_POINT('',#12256);
#3477=VERTEX_POINT('',#12268);
#3478=VERTEX_POINT('',#12269);
#3479=VERTEX_POINT('',#12274);
#3480=VERTEX_POINT('',#12276);
#3481=VERTEX_POINT('',#12281);
#3482=VERTEX_POINT('',#12286);
#3483=VERTEX_POINT('',#12295);
#3484=VERTEX_POINT('',#12296);
#3485=VERTEX_POINT('',#12301);
#3486=VERTEX_POINT('',#12310);
#3487=VERTEX_POINT('',#12311);
#3488=VERTEX_POINT('',#12316);
#3489=VERTEX_POINT('',#12321);
#3490=VERTEX_POINT('',#12329);
#3491=VERTEX_POINT('',#12338);
#3492=VERTEX_POINT('',#12339);
#3493=VERTEX_POINT('',#12344);
#3494=VERTEX_POINT('',#12349);
#3495=VERTEX_POINT('',#12362);
#3496=VERTEX_POINT('',#12482);
#3497=VERTEX_POINT('',#12553);
#3498=VERTEX_POINT('',#12868);
#3499=VERTEX_POINT('',#12882);
#3500=VERTEX_POINT('',#12899);
#3501=VERTEX_POINT('',#12922);
#3502=VERTEX_POINT('',#13051);
#3503=VERTEX_POINT('',#13055);
#3504=VERTEX_POINT('',#13059);
#3505=VERTEX_POINT('',#13077);
#3506=VERTEX_POINT('',#13079);
#3507=VERTEX_POINT('',#13084);
#3508=VERTEX_POINT('',#13086);
#3509=VERTEX_POINT('',#13095);
#3510=VERTEX_POINT('',#13097);
#3511=VERTEX_POINT('',#13105);
#3512=VERTEX_POINT('',#13107);
#3513=VERTEX_POINT('',#13108);
#3514=VERTEX_POINT('',#13112);
#3515=VERTEX_POINT('',#13116);
#3516=VERTEX_POINT('',#13118);
#3517=VERTEX_POINT('',#13120);
#3518=VERTEX_POINT('',#13144);
#3519=VERTEX_POINT('',#13146);
#3520=VERTEX_POINT('',#13147);
#3521=VERTEX_POINT('',#13151);
#3522=VERTEX_POINT('',#13155);
#3523=VERTEX_POINT('',#13157);
#3524=VERTEX_POINT('',#13159);
#3525=VERTEX_POINT('',#13186);
#3526=VERTEX_POINT('',#13188);
#3527=VERTEX_POINT('',#13189);
#3528=VERTEX_POINT('',#13193);
#3529=VERTEX_POINT('',#13197);
#3530=VERTEX_POINT('',#13199);
#3531=VERTEX_POINT('',#13220);
#3532=VERTEX_POINT('',#13222);
#3533=VERTEX_POINT('',#13223);
#3534=VERTEX_POINT('',#13225);
#3535=VERTEX_POINT('',#13229);
#3536=VERTEX_POINT('',#13233);
#3537=VERTEX_POINT('',#13235);
#3538=VERTEX_POINT('',#13258);
#3539=VERTEX_POINT('',#13260);
#3540=VERTEX_POINT('',#13263);
#3541=VERTEX_POINT('',#13267);
#3542=VERTEX_POINT('',#13269);
#3543=VERTEX_POINT('',#13270);
#3544=VERTEX_POINT('',#13272);
#3545=VERTEX_POINT('',#13276);
#3546=VERTEX_POINT('',#13280);
#3547=VERTEX_POINT('',#13282);
#3548=VERTEX_POINT('',#13305);
#3549=VERTEX_POINT('',#13307);
#3550=VERTEX_POINT('',#13308);
#3551=VERTEX_POINT('',#13310);
#3552=VERTEX_POINT('',#13314);
#3553=VERTEX_POINT('',#13318);
#3554=VERTEX_POINT('',#13320);
#3555=VERTEX_POINT('',#13343);
#3556=VERTEX_POINT('',#13345);
#3557=VERTEX_POINT('',#13346);
#3558=VERTEX_POINT('',#13350);
#3559=VERTEX_POINT('',#13354);
#3560=VERTEX_POINT('',#13356);
#3561=VERTEX_POINT('',#13358);
#3562=VERTEX_POINT('',#13384);
#3563=VERTEX_POINT('',#13386);
#3564=VERTEX_POINT('',#13389);
#3565=VERTEX_POINT('',#13393);
#3566=VERTEX_POINT('',#13395);
#3567=VERTEX_POINT('',#13398);
#3568=VERTEX_POINT('',#13402);
#3569=VERTEX_POINT('',#13403);
#3570=VERTEX_POINT('',#13414);
#3571=VERTEX_POINT('',#13416);
#3572=VERTEX_POINT('',#13425);
#3573=VERTEX_POINT('',#13427);
#3574=VERTEX_POINT('',#13429);
#3575=VERTEX_POINT('',#13431);
#3576=VERTEX_POINT('',#13433);
#3577=VERTEX_POINT('',#13435);
#3578=VERTEX_POINT('',#13437);
#3579=VERTEX_POINT('',#13439);
#3580=VERTEX_POINT('',#13441);
#3581=VERTEX_POINT('',#13445);
#3582=VERTEX_POINT('',#13446);
#3583=VERTEX_POINT('',#13457);
#3584=VERTEX_POINT('',#13459);
#3585=VERTEX_POINT('',#13468);
#3586=VERTEX_POINT('',#13470);
#3587=VERTEX_POINT('',#13472);
#3588=VERTEX_POINT('',#13474);
#3589=VERTEX_POINT('',#13476);
#3590=VERTEX_POINT('',#13478);
#3591=VERTEX_POINT('',#13480);
#3592=VERTEX_POINT('',#13482);
#3593=VERTEX_POINT('',#13484);
#3594=VERTEX_POINT('',#13511);
#3595=VERTEX_POINT('',#13512);
#3596=VERTEX_POINT('',#13514);
#3597=VERTEX_POINT('',#13516);
#3598=VERTEX_POINT('',#13518);
#3599=VERTEX_POINT('',#13522);
#3600=VERTEX_POINT('',#13524);
#3601=VERTEX_POINT('',#13528);
#3602=VERTEX_POINT('',#13530);
#3603=VERTEX_POINT('',#13534);
#3604=VERTEX_POINT('',#13536);
#3605=VERTEX_POINT('',#13540);
#3606=VERTEX_POINT('',#13542);
#3607=VERTEX_POINT('',#13546);
#3608=VERTEX_POINT('',#13548);
#3609=VERTEX_POINT('',#13552);
#3610=VERTEX_POINT('',#13554);
#3611=VERTEX_POINT('',#13558);
#3612=VERTEX_POINT('',#13560);
#3613=VERTEX_POINT('',#13564);
#3614=VERTEX_POINT('',#13566);
#3615=VERTEX_POINT('',#13570);
#3616=VERTEX_POINT('',#13572);
#3617=VERTEX_POINT('',#13576);
#3618=VERTEX_POINT('',#13578);
#3619=VERTEX_POINT('',#13582);
#3620=VERTEX_POINT('',#13584);
#3621=VERTEX_POINT('',#13588);
#3622=VERTEX_POINT('',#13590);
#3623=VERTEX_POINT('',#13594);
#3624=VERTEX_POINT('',#13596);
#3625=VERTEX_POINT('',#13600);
#3626=VERTEX_POINT('',#13602);
#3627=VERTEX_POINT('',#13606);
#3628=VERTEX_POINT('',#13608);
#3629=VERTEX_POINT('',#13610);
#3630=VERTEX_POINT('',#13615);
#3631=VERTEX_POINT('',#13617);
#3632=VERTEX_POINT('',#13630);
#3633=VERTEX_POINT('',#13645);
#3634=VERTEX_POINT('',#13647);
#3635=VERTEX_POINT('',#13649);
#3636=VERTEX_POINT('',#13651);
#3637=VERTEX_POINT('',#13657);
#3638=VERTEX_POINT('',#13661);
#3639=VERTEX_POINT('',#13662);
#3640=VERTEX_POINT('',#13665);
#3641=VERTEX_POINT('',#13678);
#3642=VERTEX_POINT('',#13680);
#3643=VERTEX_POINT('',#13682);
#3644=VERTEX_POINT('',#13684);
#3645=VERTEX_POINT('',#13686);
#3646=VERTEX_POINT('',#13688);
#3647=VERTEX_POINT('',#13693);
#3648=VERTEX_POINT('',#13695);
#3649=VERTEX_POINT('',#13697);
#3650=VERTEX_POINT('',#13699);
#3651=VERTEX_POINT('',#13701);
#3652=VERTEX_POINT('',#13703);
#3653=VERTEX_POINT('',#13705);
#3654=VERTEX_POINT('',#13707);
#3655=VERTEX_POINT('',#13709);
#3656=VERTEX_POINT('',#13711);
#3657=VERTEX_POINT('',#13715);
#3658=VERTEX_POINT('',#13719);
#3659=VERTEX_POINT('',#13720);
#3660=VERTEX_POINT('',#13722);
#3661=VERTEX_POINT('',#13736);
#3662=VERTEX_POINT('',#13738);
#3663=VERTEX_POINT('',#13741);
#3664=VERTEX_POINT('',#13744);
#3665=VERTEX_POINT('',#13747);
#3666=VERTEX_POINT('',#13748);
#3667=VERTEX_POINT('',#13750);
#3668=VERTEX_POINT('',#13752);
#3669=VERTEX_POINT('',#13756);
#3670=VERTEX_POINT('',#13758);
#3671=VERTEX_POINT('',#13760);
#3672=VERTEX_POINT('',#13762);
#3673=VERTEX_POINT('',#13764);
#3674=VERTEX_POINT('',#13766);
#3675=VERTEX_POINT('',#13768);
#3676=VERTEX_POINT('',#13770);
#3677=VERTEX_POINT('',#13772);
#3678=VERTEX_POINT('',#13774);
#3679=VERTEX_POINT('',#13779);
#3680=VERTEX_POINT('',#13783);
#3681=VERTEX_POINT('',#13785);
#3682=VERTEX_POINT('',#13788);
#3683=VERTEX_POINT('',#13791);
#3684=VERTEX_POINT('',#13795);
#3685=VERTEX_POINT('',#13797);
#3686=VERTEX_POINT('',#13801);
#3687=VERTEX_POINT('',#13805);
#3688=VERTEX_POINT('',#13811);
#3689=VERTEX_POINT('',#13813);
#3690=VERTEX_POINT('',#13817);
#3691=VERTEX_POINT('',#13819);
#3692=VERTEX_POINT('',#13821);
#3693=VERTEX_POINT('',#13825);
#3694=VERTEX_POINT('',#13829);
#3695=VERTEX_POINT('',#13833);
#3696=VERTEX_POINT('',#13838);
#3697=VERTEX_POINT('',#13840);
#3698=VERTEX_POINT('',#13844);
#3699=VERTEX_POINT('',#13848);
#3700=VERTEX_POINT('',#13854);
#3701=VERTEX_POINT('',#13857);
#3702=VERTEX_POINT('',#13859);
#3703=VERTEX_POINT('',#13862);
#3704=VERTEX_POINT('',#13864);
#3705=VERTEX_POINT('',#13871);
#3706=VERTEX_POINT('',#13875);
#3707=VERTEX_POINT('',#13879);
#3708=VERTEX_POINT('',#13881);
#3709=VERTEX_POINT('',#13884);
#3710=VERTEX_POINT('',#13886);
#3711=VERTEX_POINT('',#13888);
#3712=VERTEX_POINT('',#13890);
#3713=VERTEX_POINT('',#13894);
#3714=VERTEX_POINT('',#13898);
#3715=VERTEX_POINT('',#13900);
#3716=VERTEX_POINT('',#13908);
#3717=VERTEX_POINT('',#13915);
#3718=VERTEX_POINT('',#13917);
#3719=VERTEX_POINT('',#13920);
#3720=VERTEX_POINT('',#13922);
#3721=VERTEX_POINT('',#13929);
#3722=VERTEX_POINT('',#13930);
#3723=VERTEX_POINT('',#13933);
#3724=VERTEX_POINT('',#13937);
#3725=VERTEX_POINT('',#13938);
#3726=VERTEX_POINT('',#13940);
#3727=VERTEX_POINT('',#13945);
#3728=VERTEX_POINT('',#13947);
#3729=VERTEX_POINT('',#13950);
#3730=VERTEX_POINT('',#13952);
#3731=VERTEX_POINT('',#13956);
#3732=VERTEX_POINT('',#13958);
#3733=VERTEX_POINT('',#13970);
#3734=VERTEX_POINT('',#13972);
#3735=VERTEX_POINT('',#13981);
#3736=VERTEX_POINT('',#13982);
#3737=VERTEX_POINT('',#13995);
#3738=VERTEX_POINT('',#13999);
#3739=VERTEX_POINT('',#14001);
#3740=VERTEX_POINT('',#14003);
#3741=VERTEX_POINT('',#14005);
#3742=VERTEX_POINT('',#14007);
#3743=VERTEX_POINT('',#14009);
#3744=VERTEX_POINT('',#14011);
#3745=VERTEX_POINT('',#14014);
#3746=VERTEX_POINT('',#14016);
#3747=VERTEX_POINT('',#14019);
#3748=VERTEX_POINT('',#14021);
#3749=VERTEX_POINT('',#14025);
#3750=VERTEX_POINT('',#14027);
#3751=VERTEX_POINT('',#14031);
#3752=VERTEX_POINT('',#14033);
#3753=VERTEX_POINT('',#14037);
#3754=VERTEX_POINT('',#14039);
#3755=VERTEX_POINT('',#14043);
#3756=VERTEX_POINT('',#14045);
#3757=VERTEX_POINT('',#14049);
#3758=VERTEX_POINT('',#14051);
#3759=VERTEX_POINT('',#14055);
#3760=VERTEX_POINT('',#14057);
#3761=VERTEX_POINT('',#14062);
#3762=VERTEX_POINT('',#14064);
#3763=VERTEX_POINT('',#14069);
#3764=VERTEX_POINT('',#14071);
#3765=VERTEX_POINT('',#14076);
#3766=VERTEX_POINT('',#14078);
#3767=VERTEX_POINT('',#14083);
#3768=VERTEX_POINT('',#14085);
#3769=VERTEX_POINT('',#14090);
#3770=VERTEX_POINT('',#14092);
#3771=VERTEX_POINT('',#14097);
#3772=VERTEX_POINT('',#14098);
#3773=VERTEX_POINT('',#14100);
#3774=VERTEX_POINT('',#14102);
#3775=VERTEX_POINT('',#14106);
#3776=VERTEX_POINT('',#14107);
#3777=VERTEX_POINT('',#14109);
#3778=VERTEX_POINT('',#14111);
#3779=VERTEX_POINT('',#14115);
#3780=VERTEX_POINT('',#14117);
#3781=VERTEX_POINT('',#14121);
#3782=VERTEX_POINT('',#14126);
#3783=VERTEX_POINT('',#14128);
#3784=VERTEX_POINT('',#14132);
#3785=VERTEX_POINT('',#14133);
#3786=VERTEX_POINT('',#14135);
#3787=VERTEX_POINT('',#14137);
#3788=VERTEX_POINT('',#14142);
#3789=VERTEX_POINT('',#14146);
#3790=VERTEX_POINT('',#14149);
#3791=VERTEX_POINT('',#14153);
#3792=VERTEX_POINT('',#14154);
#3793=VERTEX_POINT('',#14156);
#3794=VERTEX_POINT('',#14158);
#3795=VERTEX_POINT('',#14162);
#3796=VERTEX_POINT('',#14163);
#3797=VERTEX_POINT('',#14165);
#3798=VERTEX_POINT('',#14167);
#3799=VERTEX_POINT('',#14171);
#3800=VERTEX_POINT('',#14172);
#3801=VERTEX_POINT('',#14174);
#3802=VERTEX_POINT('',#14176);
#3803=VERTEX_POINT('',#14180);
#3804=VERTEX_POINT('',#14182);
#3805=VERTEX_POINT('',#14186);
#3806=VERTEX_POINT('',#14187);
#3807=VERTEX_POINT('',#14189);
#3808=VERTEX_POINT('',#14191);
#3809=VERTEX_POINT('',#14195);
#3810=VERTEX_POINT('',#14196);
#3811=VERTEX_POINT('',#14198);
#3812=VERTEX_POINT('',#14200);
#3813=VERTEX_POINT('',#14204);
#3814=VERTEX_POINT('',#14205);
#3815=VERTEX_POINT('',#14207);
#3816=VERTEX_POINT('',#14209);
#3817=VERTEX_POINT('',#14213);
#3818=VERTEX_POINT('',#14215);
#3819=VERTEX_POINT('',#14219);
#3820=VERTEX_POINT('',#14221);
#3821=VERTEX_POINT('',#14225);
#3822=VERTEX_POINT('',#14227);
#3823=VERTEX_POINT('',#14231);
#3824=VERTEX_POINT('',#14233);
#3825=VERTEX_POINT('',#14237);
#3826=VERTEX_POINT('',#14242);
#3827=VERTEX_POINT('',#14245);
#3828=VERTEX_POINT('',#14251);
#3829=VERTEX_POINT('',#14256);
#3830=VERTEX_POINT('',#14261);
#3831=VERTEX_POINT('',#14263);
#3832=VERTEX_POINT('',#14272);
#3833=VERTEX_POINT('',#14273);
#3834=VERTEX_POINT('',#14275);
#3835=VERTEX_POINT('',#14277);
#3836=VERTEX_POINT('',#14279);
#3837=VERTEX_POINT('',#14281);
#3838=VERTEX_POINT('',#14283);
#3839=VERTEX_POINT('',#14285);
#3840=VERTEX_POINT('',#14287);
#3841=VERTEX_POINT('',#14289);
#3842=VERTEX_POINT('',#14291);
#3843=VERTEX_POINT('',#14293);
#3844=VERTEX_POINT('',#14295);
#3845=VERTEX_POINT('',#14297);
#3846=VERTEX_POINT('',#14299);
#3847=VERTEX_POINT('',#14301);
#3848=VERTEX_POINT('',#14304);
#3849=VERTEX_POINT('',#14306);
#3850=VERTEX_POINT('',#14308);
#3851=VERTEX_POINT('',#14310);
#3852=VERTEX_POINT('',#14312);
#3853=VERTEX_POINT('',#14314);
#3854=VERTEX_POINT('',#14316);
#3855=VERTEX_POINT('',#14318);
#3856=VERTEX_POINT('',#14321);
#3857=VERTEX_POINT('',#14329);
#3858=VERTEX_POINT('',#14330);
#3859=VERTEX_POINT('',#14332);
#3860=VERTEX_POINT('',#14334);
#3861=VERTEX_POINT('',#14336);
#3862=VERTEX_POINT('',#14338);
#3863=VERTEX_POINT('',#14340);
#3864=VERTEX_POINT('',#14342);
#3865=VERTEX_POINT('',#14344);
#3866=VERTEX_POINT('',#14346);
#3867=VERTEX_POINT('',#14351);
#3868=VERTEX_POINT('',#14356);
#3869=VERTEX_POINT('',#14361);
#3870=VERTEX_POINT('',#14369);
#3871=VERTEX_POINT('',#14375);
#3872=VERTEX_POINT('',#14380);
#3873=VERTEX_POINT('',#14382);
#3874=VERTEX_POINT('',#14385);
#3875=VERTEX_POINT('',#14391);
#3876=VERTEX_POINT('',#14394);
#3877=VERTEX_POINT('',#14396);
#3878=VERTEX_POINT('',#14399);
#3879=VERTEX_POINT('',#14405);
#3880=VERTEX_POINT('',#14408);
#3881=VERTEX_POINT('',#14410);
#3882=VERTEX_POINT('',#14414);
#3883=VERTEX_POINT('',#14418);
#3884=VERTEX_POINT('',#14420);
#3885=VERTEX_POINT('',#14424);
#3886=VERTEX_POINT('',#14428);
#3887=VERTEX_POINT('',#14434);
#3888=VERTEX_POINT('',#14438);
#3889=VERTEX_POINT('',#14442);
#3890=VERTEX_POINT('',#14448);
#3891=VERTEX_POINT('',#14450);
#3892=VERTEX_POINT('',#14454);
#3893=VERTEX_POINT('',#14458);
#3894=VERTEX_POINT('',#14462);
#3895=VERTEX_POINT('',#14466);
#3896=VERTEX_POINT('',#14474);
#3897=VERTEX_POINT('',#14478);
#3898=VERTEX_POINT('',#14482);
#3899=VERTEX_POINT('',#14486);
#3900=VERTEX_POINT('',#14493);
#3901=VERTEX_POINT('',#14496);
#3902=VERTEX_POINT('',#14499);
#3903=VERTEX_POINT('',#14501);
#3904=VERTEX_POINT('',#14505);
#3905=VERTEX_POINT('',#14508);
#3906=VERTEX_POINT('',#14511);
#3907=EDGE_CURVE('',#3151,#3151,#2900,.T.);
#3908=EDGE_CURVE('',#3152,#3152,#2901,.T.);
#3909=EDGE_CURVE('',#3153,#3154,#544,.T.);
#3910=EDGE_CURVE('',#3154,#3155,#402,.T.);
#3911=EDGE_CURVE('',#3155,#3156,#403,.T.);
#3912=EDGE_CURVE('',#3156,#3157,#404,.T.);
#3913=EDGE_CURVE('',#3157,#3158,#545,.T.);
#3914=EDGE_CURVE('',#3158,#3159,#405,.T.);
#3915=EDGE_CURVE('',#3159,#3160,#406,.T.);
#3916=EDGE_CURVE('',#3160,#3161,#407,.T.);
#3917=EDGE_CURVE('',#3161,#3162,#408,.T.);
#3918=EDGE_CURVE('',#3162,#3163,#546,.T.);
#3919=EDGE_CURVE('',#3163,#3164,#409,.T.);
#3920=EDGE_CURVE('',#3164,#3165,#410,.T.);
#3921=EDGE_CURVE('',#3165,#3166,#411,.T.);
#3922=EDGE_CURVE('',#3166,#3167,#412,.T.);
#3923=EDGE_CURVE('',#3167,#3168,#547,.T.);
#3924=EDGE_CURVE('',#3169,#3168,#548,.T.);
#3925=EDGE_CURVE('',#3169,#3170,#549,.T.);
#3926=EDGE_CURVE('',#3170,#3171,#413,.T.);
#3927=EDGE_CURVE('',#3171,#3172,#414,.T.);
#3928=EDGE_CURVE('',#3172,#3173,#415,.T.);
#3929=EDGE_CURVE('',#3173,#3174,#416,.T.);
#3930=EDGE_CURVE('',#3174,#3175,#550,.T.);
#3931=EDGE_CURVE('',#3175,#3176,#417,.T.);
#3932=EDGE_CURVE('',#3176,#3177,#418,.T.);
#3933=EDGE_CURVE('',#3177,#3178,#419,.T.);
#3934=EDGE_CURVE('',#3178,#3179,#420,.T.);
#3935=EDGE_CURVE('',#3179,#3180,#551,.T.);
#3936=EDGE_CURVE('',#3180,#3181,#421,.T.);
#3937=EDGE_CURVE('',#3181,#3182,#422,.T.);
#3938=EDGE_CURVE('',#3182,#3183,#423,.T.);
#3939=EDGE_CURVE('',#3183,#3184,#424,.T.);
#3940=EDGE_CURVE('',#3184,#3185,#552,.T.);
#3941=EDGE_CURVE('',#3185,#3186,#2902,.T.);
#3942=EDGE_CURVE('',#3186,#3187,#425,.T.);
#3943=EDGE_CURVE('',#3187,#3188,#426,.T.);
#3944=EDGE_CURVE('',#3188,#3189,#427,.T.);
#3945=EDGE_CURVE('',#3189,#3153,#428,.T.);
#3946=EDGE_CURVE('',#3190,#3191,#429,.T.);
#3947=EDGE_CURVE('',#3191,#3192,#430,.T.);
#3948=EDGE_CURVE('',#3192,#3193,#431,.T.);
#3949=EDGE_CURVE('',#3193,#3190,#432,.T.);
#3950=EDGE_CURVE('',#3194,#3195,#433,.T.);
#3951=EDGE_CURVE('',#3195,#3196,#434,.T.);
#3952=EDGE_CURVE('',#3196,#3197,#435,.T.);
#3953=EDGE_CURVE('',#3197,#3194,#436,.T.);
#3954=EDGE_CURVE('',#3198,#3199,#437,.T.);
#3955=EDGE_CURVE('',#3199,#3200,#438,.T.);
#3956=EDGE_CURVE('',#3200,#3201,#439,.T.);
#3957=EDGE_CURVE('',#3201,#3198,#440,.T.);
#3958=EDGE_CURVE('',#3202,#3203,#441,.T.);
#3959=EDGE_CURVE('',#3203,#3204,#442,.T.);
#3960=EDGE_CURVE('',#3204,#3205,#443,.T.);
#3961=EDGE_CURVE('',#3205,#3202,#444,.T.);
#3962=EDGE_CURVE('',#3206,#3207,#445,.T.);
#3963=EDGE_CURVE('',#3207,#3208,#446,.T.);
#3964=EDGE_CURVE('',#3208,#3209,#447,.T.);
#3965=EDGE_CURVE('',#3209,#3206,#448,.T.);
#3966=EDGE_CURVE('',#3210,#3211,#2903,.F.);
#3967=EDGE_CURVE('',#3210,#3212,#553,.T.);
#3968=EDGE_CURVE('',#3213,#3212,#2904,.F.);
#3969=EDGE_CURVE('',#3213,#3214,#554,.T.);
#3970=EDGE_CURVE('',#3214,#3215,#2905,.T.);
#3971=EDGE_CURVE('',#3216,#3215,#555,.F.);
#3972=EDGE_CURVE('',#3216,#3217,#2906,.T.);
#3973=EDGE_CURVE('',#3217,#3211,#556,.T.);
#3974=EDGE_CURVE('',#3218,#3218,#2907,.T.);
#3975=EDGE_CURVE('',#3218,#3219,#557,.T.);
#3976=EDGE_CURVE('',#3219,#3219,#2908,.T.);
#3977=EDGE_CURVE('',#3220,#3221,#2909,.T.);
#3978=EDGE_CURVE('',#3221,#3222,#558,.T.);
#3979=EDGE_CURVE('',#3222,#3223,#2910,.T.);
#3980=EDGE_CURVE('',#3223,#3220,#559,.T.);
#3981=EDGE_CURVE('',#3224,#3211,#2911,.T.);
#3982=EDGE_CURVE('',#3217,#3225,#2912,.T.);
#3983=EDGE_CURVE('',#3225,#3224,#560,.T.);
#3984=EDGE_CURVE('',#3213,#3226,#561,.T.);
#3985=EDGE_CURVE('',#3226,#3227,#562,.T.);
#3986=EDGE_CURVE('',#3227,#3214,#563,.T.);
#3987=EDGE_CURVE('',#3228,#3228,#2913,.F.);
#3988=EDGE_CURVE('',#3229,#3230,#151,.F.);
#3989=EDGE_CURVE('',#3230,#3231,#152,.F.);
#3990=EDGE_CURVE('',#3231,#3232,#153,.F.);
#3991=EDGE_CURVE('',#3232,#3229,#154,.F.);
#3992=EDGE_CURVE('',#3233,#3234,#155,.F.);
#3993=EDGE_CURVE('',#3234,#3235,#156,.F.);
#3994=EDGE_CURVE('',#3235,#3236,#157,.F.);
#3995=EDGE_CURVE('',#3236,#3233,#158,.F.);
#3996=EDGE_CURVE('',#3237,#3238,#159,.F.);
#3997=EDGE_CURVE('',#3238,#3239,#160,.F.);
#3998=EDGE_CURVE('',#3239,#3240,#161,.F.);
#3999=EDGE_CURVE('',#3240,#3237,#162,.F.);
#4000=EDGE_CURVE('',#3241,#3242,#163,.F.);
#4001=EDGE_CURVE('',#3242,#3243,#164,.F.);
#4002=EDGE_CURVE('',#3243,#3244,#165,.F.);
#4003=EDGE_CURVE('',#3244,#3245,#2914,.F.);
#4004=EDGE_CURVE('',#3245,#3246,#2915,.F.);
#4005=EDGE_CURVE('',#3246,#3247,#166,.F.);
#4006=EDGE_CURVE('',#3247,#3241,#167,.F.);
#4007=EDGE_CURVE('',#3248,#3249,#168,.F.);
#4008=EDGE_CURVE('',#3249,#3250,#169,.F.);
#4009=EDGE_CURVE('',#3250,#3251,#170,.F.);
#4010=EDGE_CURVE('',#3251,#3248,#171,.F.);
#4011=EDGE_CURVE('',#3252,#3253,#172,.F.);
#4012=EDGE_CURVE('',#3253,#3254,#173,.F.);
#4013=EDGE_CURVE('',#3254,#3255,#174,.F.);
#4014=EDGE_CURVE('',#3255,#3252,#175,.F.);
#4015=EDGE_CURVE('',#3256,#3257,#176,.F.);
#4016=EDGE_CURVE('',#3257,#3258,#177,.F.);
#4017=EDGE_CURVE('',#3258,#3259,#178,.F.);
#4018=EDGE_CURVE('',#3259,#3260,#179,.F.);
#4019=EDGE_CURVE('',#3260,#3256,#180,.F.);
#4020=EDGE_CURVE('',#3261,#3262,#181,.F.);
#4021=EDGE_CURVE('',#3262,#3263,#182,.F.);
#4022=EDGE_CURVE('',#3263,#3264,#183,.F.);
#4023=EDGE_CURVE('',#3264,#3261,#184,.F.);
#4024=EDGE_CURVE('',#3265,#3266,#185,.F.);
#4025=EDGE_CURVE('',#3266,#3267,#186,.F.);
#4026=EDGE_CURVE('',#3267,#3268,#187,.F.);
#4027=EDGE_CURVE('',#3268,#3265,#188,.F.);
#4028=EDGE_CURVE('',#3269,#3270,#189,.F.);
#4029=EDGE_CURVE('',#3270,#3271,#190,.F.);
#4030=EDGE_CURVE('',#3271,#3272,#191,.F.);
#4031=EDGE_CURVE('',#3272,#3273,#192,.F.);
#4032=EDGE_CURVE('',#3273,#3269,#193,.F.);
#4033=EDGE_CURVE('',#3274,#3275,#194,.F.);
#4034=EDGE_CURVE('',#3275,#3276,#195,.F.);
#4035=EDGE_CURVE('',#3276,#3277,#196,.F.);
#4036=EDGE_CURVE('',#3277,#3278,#197,.F.);
#4037=EDGE_CURVE('',#3278,#3274,#198,.F.);
#4038=EDGE_CURVE('',#3279,#3280,#199,.F.);
#4039=EDGE_CURVE('',#3280,#3281,#200,.F.);
#4040=EDGE_CURVE('',#3281,#3282,#201,.F.);
#4041=EDGE_CURVE('',#3282,#3279,#202,.F.);
#4042=EDGE_CURVE('',#3283,#3216,#564,.T.);
#4043=EDGE_CURVE('',#3283,#3225,#565,.T.);
#4044=EDGE_CURVE('',#3279,#3155,#566,.T.);
#4045=EDGE_CURVE('',#3284,#3154,#449,.T.);
#4046=EDGE_CURVE('',#3280,#3284,#567,.T.);
#4047=EDGE_CURVE('',#3282,#3156,#568,.T.);
#4048=EDGE_CURVE('',#3281,#3285,#569,.T.);
#4049=EDGE_CURVE('',#3157,#3285,#450,.T.);
#4050=EDGE_CURVE('',#3285,#3284,#451,.T.);
#4051=EDGE_CURVE('',#3274,#3177,#570,.T.);
#4052=EDGE_CURVE('',#3275,#3176,#571,.T.);
#4053=EDGE_CURVE('',#3278,#3178,#572,.T.);
#4054=EDGE_CURVE('',#3277,#3286,#573,.T.);
#4055=EDGE_CURVE('',#3179,#3286,#452,.T.);
#4056=EDGE_CURVE('',#3276,#3287,#574,.T.);
#4057=EDGE_CURVE('',#3286,#3287,#453,.T.);
#4058=EDGE_CURVE('',#3287,#3175,#454,.T.);
#4059=EDGE_CURVE('',#3269,#3182,#575,.T.);
#4060=EDGE_CURVE('',#3270,#3181,#576,.T.);
#4061=EDGE_CURVE('',#3273,#3183,#577,.T.);
#4062=EDGE_CURVE('',#3272,#3288,#578,.T.);
#4063=EDGE_CURVE('',#3184,#3288,#455,.T.);
#4064=EDGE_CURVE('',#3271,#3289,#579,.T.);
#4065=EDGE_CURVE('',#3288,#3289,#456,.T.);
#4066=EDGE_CURVE('',#3289,#3180,#457,.T.);
#4067=EDGE_CURVE('',#3265,#3191,#580,.T.);
#4068=EDGE_CURVE('',#3266,#3190,#581,.T.);
#4069=EDGE_CURVE('',#3268,#3192,#582,.T.);
#4070=EDGE_CURVE('',#3267,#3193,#583,.T.);
#4071=EDGE_CURVE('',#3261,#3290,#584,.T.);
#4072=EDGE_CURVE('',#3174,#3290,#458,.T.);
#4073=EDGE_CURVE('',#3262,#3173,#585,.T.);
#4074=EDGE_CURVE('',#3264,#3171,#586,.T.);
#4075=EDGE_CURVE('',#3290,#3170,#459,.T.);
#4076=EDGE_CURVE('',#3263,#3172,#587,.T.);
#4077=EDGE_CURVE('',#3256,#3160,#588,.T.);
#4078=EDGE_CURVE('',#3257,#3159,#589,.T.);
#4079=EDGE_CURVE('',#3260,#3161,#590,.T.);
#4080=EDGE_CURVE('',#3259,#3291,#591,.T.);
#4081=EDGE_CURVE('',#3162,#3291,#460,.T.);
#4082=EDGE_CURVE('',#3258,#3292,#592,.T.);
#4083=EDGE_CURVE('',#3291,#3292,#461,.T.);
#4084=EDGE_CURVE('',#3292,#3158,#462,.T.);
#4085=EDGE_CURVE('',#3252,#3195,#593,.T.);
#4086=EDGE_CURVE('',#3253,#3194,#594,.T.);
#4087=EDGE_CURVE('',#3255,#3196,#595,.T.);
#4088=EDGE_CURVE('',#3254,#3197,#596,.T.);
#4089=EDGE_CURVE('',#3248,#3199,#597,.T.);
#4090=EDGE_CURVE('',#3249,#3198,#598,.T.);
#4091=EDGE_CURVE('',#3251,#3200,#599,.T.);
#4092=EDGE_CURVE('',#3250,#3201,#600,.T.);
#4093=EDGE_CURVE('',#3241,#3189,#601,.T.);
#4094=EDGE_CURVE('',#3242,#3188,#602,.T.);
#4095=EDGE_CURVE('',#3247,#3293,#603,.T.);
#4096=EDGE_CURVE('',#3153,#3293,#463,.T.);
#4097=EDGE_CURVE('',#3246,#3294,#604,.T.);
#4098=EDGE_CURVE('',#3293,#3294,#464,.T.);
#4099=EDGE_CURVE('',#3245,#3295,#605,.T.);
#4100=EDGE_CURVE('',#3294,#3295,#2916,.T.);
#4101=EDGE_CURVE('',#3244,#3186,#606,.T.);
#4102=EDGE_CURVE('',#3295,#3185,#2917,.T.);
#4103=EDGE_CURVE('',#3243,#3187,#607,.T.);
#4104=EDGE_CURVE('',#3237,#3203,#608,.T.);
#4105=EDGE_CURVE('',#3238,#3202,#609,.T.);
#4106=EDGE_CURVE('',#3240,#3204,#610,.T.);
#4107=EDGE_CURVE('',#3239,#3205,#611,.T.);
#4108=EDGE_CURVE('',#3233,#3207,#612,.T.);
#4109=EDGE_CURVE('',#3234,#3206,#613,.T.);
#4110=EDGE_CURVE('',#3236,#3208,#614,.T.);
#4111=EDGE_CURVE('',#3235,#3209,#615,.T.);
#4112=EDGE_CURVE('',#3229,#3165,#616,.T.);
#4113=EDGE_CURVE('',#3230,#3164,#617,.T.);
#4114=EDGE_CURVE('',#3232,#3166,#618,.T.);
#4115=EDGE_CURVE('',#3231,#3296,#619,.T.);
#4116=EDGE_CURVE('',#3167,#3296,#465,.T.);
#4117=EDGE_CURVE('',#3296,#3163,#466,.T.);
#4118=EDGE_CURVE('',#3228,#3152,#620,.T.);
#4119=EDGE_CURVE('',#3222,#3297,#621,.T.);
#4120=EDGE_CURVE('',#3223,#3297,#622,.T.);
#4121=EDGE_CURVE('',#3221,#3298,#623,.T.);
#4122=EDGE_CURVE('',#3297,#3298,#624,.T.);
#4123=EDGE_CURVE('',#3299,#3283,#625,.T.);
#4124=EDGE_CURVE('',#3299,#3224,#626,.T.);
#4125=EDGE_CURVE('',#3298,#3220,#627,.T.);
#4126=EDGE_CURVE('',#3210,#3299,#628,.T.);
#4127=EDGE_CURVE('',#3300,#3215,#629,.T.);
#4128=EDGE_CURVE('',#3169,#3300,#630,.T.);
#4129=EDGE_CURVE('',#3301,#3168,#631,.T.);
#4130=EDGE_CURVE('',#3212,#3301,#632,.T.);
#4131=EDGE_CURVE('',#3302,#3303,#633,.T.);
#4132=EDGE_CURVE('',#3302,#3227,#634,.T.);
#4133=EDGE_CURVE('',#3303,#3226,#635,.F.);
#4134=EDGE_CURVE('',#3304,#3304,#2918,.T.);
#4135=EDGE_CURVE('',#3304,#3305,#636,.T.);
#4136=EDGE_CURVE('',#3305,#3305,#2919,.T.);
#4137=EDGE_CURVE('',#3306,#3306,#2920,.T.);
#4138=EDGE_CURVE('',#3306,#3307,#637,.T.);
#4139=EDGE_CURVE('',#3307,#3307,#2921,.T.);
#4140=EDGE_CURVE('',#3180,#3184,#638,.T.);
#4141=EDGE_CURVE('',#3175,#3308,#639,.T.);
#4142=EDGE_CURVE('',#3308,#3179,#640,.T.);
#4143=EDGE_CURVE('',#3170,#3174,#641,.T.);
#4144=EDGE_CURVE('',#3300,#3309,#642,.T.);
#4145=EDGE_CURVE('',#3309,#3310,#643,.T.);
#4146=EDGE_CURVE('',#3310,#3169,#644,.T.);
#4147=EDGE_CURVE('',#3303,#3311,#645,.T.);
#4148=EDGE_CURVE('',#3311,#3312,#646,.T.);
#4149=EDGE_CURVE('',#3312,#3313,#647,.T.);
#4150=EDGE_CURVE('',#3313,#3314,#648,.T.);
#4151=EDGE_CURVE('',#3314,#3315,#649,.T.);
#4152=EDGE_CURVE('',#3315,#3316,#650,.T.);
#4153=EDGE_CURVE('',#3316,#3302,#651,.T.);
#4154=EDGE_CURVE('',#3168,#3317,#652,.T.);
#4155=EDGE_CURVE('',#3317,#3318,#653,.T.);
#4156=EDGE_CURVE('',#3318,#3301,#654,.T.);
#4157=EDGE_CURVE('',#3163,#3167,#655,.T.);
#4158=EDGE_CURVE('',#3158,#3319,#656,.T.);
#4159=EDGE_CURVE('',#3319,#3162,#657,.T.);
#4160=EDGE_CURVE('',#3154,#3157,#658,.T.);
#4161=EDGE_CURVE('',#3185,#3153,#659,.T.);
#4162=EDGE_CURVE('',#3320,#3320,#2922,.T.);
#4163=EDGE_CURVE('',#3321,#3321,#2923,.T.);
#4164=EDGE_CURVE('',#3311,#3322,#660,.T.);
#4165=EDGE_CURVE('',#3323,#3322,#661,.T.);
#4166=EDGE_CURVE('',#3324,#3323,#662,.T.);
#4167=EDGE_CURVE('',#3311,#3324,#663,.F.);
#4168=EDGE_CURVE('',#3325,#3326,#664,.T.);
#4169=EDGE_CURVE('',#3326,#3327,#2924,.T.);
#4170=EDGE_CURVE('',#3327,#3328,#467,.T.);
#4171=EDGE_CURVE('',#3328,#3329,#468,.T.);
#4172=EDGE_CURVE('',#3329,#3330,#469,.T.);
#4173=EDGE_CURVE('',#3330,#3331,#665,.T.);
#4174=EDGE_CURVE('',#3331,#3332,#470,.T.);
#4175=EDGE_CURVE('',#3332,#3333,#471,.T.);
#4176=EDGE_CURVE('',#3333,#3334,#472,.T.);
#4177=EDGE_CURVE('',#3334,#3335,#666,.T.);
#4178=EDGE_CURVE('',#3335,#3314,#667,.T.);
#4179=EDGE_CURVE('',#3336,#3314,#668,.T.);
#4180=EDGE_CURVE('',#3336,#3337,#669,.T.);
#4181=EDGE_CURVE('',#3337,#3338,#670,.T.);
#4182=EDGE_CURVE('',#3338,#3339,#473,.T.);
#4183=EDGE_CURVE('',#3339,#3340,#474,.T.);
#4184=EDGE_CURVE('',#3340,#3341,#475,.T.);
#4185=EDGE_CURVE('',#3341,#3342,#476,.T.);
#4186=EDGE_CURVE('',#3342,#3343,#477,.T.);
#4187=EDGE_CURVE('',#3343,#3344,#671,.T.);
#4188=EDGE_CURVE('',#3344,#3345,#478,.T.);
#4189=EDGE_CURVE('',#3345,#3346,#479,.T.);
#4190=EDGE_CURVE('',#3346,#3347,#480,.T.);
#4191=EDGE_CURVE('',#3347,#3348,#481,.T.);
#4192=EDGE_CURVE('',#3348,#3349,#482,.T.);
#4193=EDGE_CURVE('',#3349,#3325,#2925,.T.);
#4194=EDGE_CURVE('',#3350,#3351,#483,.T.);
#4195=EDGE_CURVE('',#3351,#3352,#484,.T.);
#4196=EDGE_CURVE('',#3352,#3353,#485,.T.);
#4197=EDGE_CURVE('',#3353,#3350,#486,.T.);
#4198=EDGE_CURVE('',#3354,#3355,#487,.T.);
#4199=EDGE_CURVE('',#3355,#3356,#488,.T.);
#4200=EDGE_CURVE('',#3356,#3357,#489,.T.);
#4201=EDGE_CURVE('',#3357,#3358,#490,.T.);
#4202=EDGE_CURVE('',#3358,#3354,#491,.T.);
#4203=EDGE_CURVE('',#3359,#3360,#492,.T.);
#4204=EDGE_CURVE('',#3360,#3361,#493,.T.);
#4205=EDGE_CURVE('',#3361,#3359,#494,.T.);
#4206=EDGE_CURVE('',#3362,#3363,#495,.T.);
#4207=EDGE_CURVE('',#3363,#3364,#496,.T.);
#4208=EDGE_CURVE('',#3364,#3365,#497,.T.);
#4209=EDGE_CURVE('',#3365,#3366,#498,.T.);
#4210=EDGE_CURVE('',#3366,#3362,#499,.T.);
#4211=EDGE_CURVE('',#3367,#3368,#500,.T.);
#4212=EDGE_CURVE('',#3368,#3369,#501,.T.);
#4213=EDGE_CURVE('',#3369,#3370,#502,.T.);
#4214=EDGE_CURVE('',#3370,#3371,#503,.T.);
#4215=EDGE_CURVE('',#3371,#3367,#504,.T.);
#4216=EDGE_CURVE('',#3372,#3373,#505,.T.);
#4217=EDGE_CURVE('',#3373,#3374,#506,.T.);
#4218=EDGE_CURVE('',#3374,#3375,#507,.T.);
#4219=EDGE_CURVE('',#3375,#3376,#508,.T.);
#4220=EDGE_CURVE('',#3376,#3372,#509,.T.);
#4221=EDGE_CURVE('',#3377,#3378,#510,.T.);
#4222=EDGE_CURVE('',#3378,#3379,#511,.T.);
#4223=EDGE_CURVE('',#3379,#3380,#512,.T.);
#4224=EDGE_CURVE('',#3380,#3381,#513,.T.);
#4225=EDGE_CURVE('',#3381,#3377,#514,.T.);
#4226=EDGE_CURVE('',#3382,#3383,#515,.T.);
#4227=EDGE_CURVE('',#3383,#3384,#516,.T.);
#4228=EDGE_CURVE('',#3384,#3385,#517,.T.);
#4229=EDGE_CURVE('',#3385,#3386,#518,.T.);
#4230=EDGE_CURVE('',#3386,#3382,#519,.T.);
#4231=EDGE_CURVE('',#3387,#3388,#520,.T.);
#4232=EDGE_CURVE('',#3388,#3389,#521,.T.);
#4233=EDGE_CURVE('',#3389,#3390,#522,.T.);
#4234=EDGE_CURVE('',#3390,#3387,#523,.T.);
#4235=EDGE_CURVE('',#3391,#3392,#524,.T.);
#4236=EDGE_CURVE('',#3392,#3393,#525,.T.);
#4237=EDGE_CURVE('',#3393,#3391,#526,.T.);
#4238=EDGE_CURVE('',#3394,#3395,#527,.T.);
#4239=EDGE_CURVE('',#3395,#3396,#528,.T.);
#4240=EDGE_CURVE('',#3396,#3397,#529,.T.);
#4241=EDGE_CURVE('',#3397,#3398,#530,.T.);
#4242=EDGE_CURVE('',#3398,#3394,#531,.T.);
#4243=EDGE_CURVE('',#3399,#3400,#532,.T.);
#4244=EDGE_CURVE('',#3400,#3401,#533,.T.);
#4245=EDGE_CURVE('',#3401,#3402,#534,.T.);
#4246=EDGE_CURVE('',#3402,#3399,#535,.T.);
#4247=EDGE_CURVE('',#3403,#3404,#2926,.F.);
#4248=EDGE_CURVE('',#3403,#3405,#672,.T.);
#4249=EDGE_CURVE('',#3406,#3405,#2927,.F.);
#4250=EDGE_CURVE('',#3406,#3407,#673,.T.);
#4251=EDGE_CURVE('',#3407,#3408,#2928,.T.);
#4252=EDGE_CURVE('',#3409,#3408,#674,.F.);
#4253=EDGE_CURVE('',#3409,#3410,#2929,.T.);
#4254=EDGE_CURVE('',#3410,#3404,#675,.T.);
#4255=EDGE_CURVE('',#3411,#3411,#2930,.T.);
#4256=EDGE_CURVE('',#3411,#3412,#676,.T.);
#4257=EDGE_CURVE('',#3412,#3412,#2931,.T.);
#4258=EDGE_CURVE('',#3413,#3414,#2932,.T.);
#4259=EDGE_CURVE('',#3414,#3415,#677,.T.);
#4260=EDGE_CURVE('',#3415,#3416,#2933,.T.);
#4261=EDGE_CURVE('',#3416,#3413,#678,.T.);
#4262=EDGE_CURVE('',#3417,#3404,#2934,.T.);
#4263=EDGE_CURVE('',#3410,#3418,#2935,.T.);
#4264=EDGE_CURVE('',#3418,#3417,#679,.T.);
#4265=EDGE_CURVE('',#3406,#3419,#680,.T.);
#4266=EDGE_CURVE('',#3419,#3420,#681,.T.);
#4267=EDGE_CURVE('',#3420,#3407,#682,.T.);
#4268=EDGE_CURVE('',#3421,#3421,#2936,.F.);
#4269=EDGE_CURVE('',#3422,#3423,#203,.F.);
#4270=EDGE_CURVE('',#3423,#3424,#204,.F.);
#4271=EDGE_CURVE('',#3424,#3425,#205,.F.);
#4272=EDGE_CURVE('',#3425,#3422,#206,.F.);
#4273=EDGE_CURVE('',#3426,#3427,#207,.F.);
#4274=EDGE_CURVE('',#3427,#3428,#208,.F.);
#4275=EDGE_CURVE('',#3428,#3429,#209,.F.);
#4276=EDGE_CURVE('',#3429,#3430,#210,.F.);
#4277=EDGE_CURVE('',#3430,#3426,#211,.F.);
#4278=EDGE_CURVE('',#3431,#3432,#212,.F.);
#4279=EDGE_CURVE('',#3432,#3433,#213,.F.);
#4280=EDGE_CURVE('',#3433,#3431,#214,.F.);
#4281=EDGE_CURVE('',#3434,#3435,#215,.F.);
#4282=EDGE_CURVE('',#3435,#3436,#216,.F.);
#4283=EDGE_CURVE('',#3436,#3437,#217,.F.);
#4284=EDGE_CURVE('',#3437,#3434,#218,.F.);
#4285=EDGE_CURVE('',#3438,#3439,#219,.F.);
#4286=EDGE_CURVE('',#3439,#3440,#2937,.F.);
#4287=EDGE_CURVE('',#3440,#3441,#220,.F.);
#4288=EDGE_CURVE('',#3441,#3442,#221,.F.);
#4289=EDGE_CURVE('',#3442,#3438,#222,.F.);
#4290=EDGE_CURVE('',#3443,#3444,#223,.F.);
#4291=EDGE_CURVE('',#3444,#3445,#224,.F.);
#4292=EDGE_CURVE('',#3445,#3446,#225,.F.);
#4293=EDGE_CURVE('',#3446,#3443,#226,.F.);
#4294=EDGE_CURVE('',#3447,#3448,#227,.F.);
#4295=EDGE_CURVE('',#3448,#3449,#228,.F.);
#4296=EDGE_CURVE('',#3449,#3450,#229,.F.);
#4297=EDGE_CURVE('',#3450,#3451,#230,.F.);
#4298=EDGE_CURVE('',#3451,#3447,#231,.F.);
#4299=EDGE_CURVE('',#3452,#3453,#232,.F.);
#4300=EDGE_CURVE('',#3453,#3454,#233,.F.);
#4301=EDGE_CURVE('',#3454,#3455,#234,.F.);
#4302=EDGE_CURVE('',#3455,#3456,#235,.F.);
#4303=EDGE_CURVE('',#3456,#3452,#236,.F.);
#4304=EDGE_CURVE('',#3457,#3458,#237,.F.);
#4305=EDGE_CURVE('',#3458,#3459,#238,.F.);
#4306=EDGE_CURVE('',#3459,#3460,#239,.F.);
#4307=EDGE_CURVE('',#3460,#3461,#240,.F.);
#4308=EDGE_CURVE('',#3461,#3457,#241,.F.);
#4309=EDGE_CURVE('',#3462,#3463,#242,.F.);
#4310=EDGE_CURVE('',#3463,#3464,#243,.F.);
#4311=EDGE_CURVE('',#3464,#3465,#244,.F.);
#4312=EDGE_CURVE('',#3465,#3466,#245,.F.);
#4313=EDGE_CURVE('',#3466,#3462,#246,.F.);
#4314=EDGE_CURVE('',#3467,#3468,#247,.F.);
#4315=EDGE_CURVE('',#3468,#3469,#248,.F.);
#4316=EDGE_CURVE('',#3469,#3470,#249,.F.);
#4317=EDGE_CURVE('',#3470,#3471,#250,.F.);
#4318=EDGE_CURVE('',#3471,#3467,#251,.F.);
#4319=EDGE_CURVE('',#3472,#3473,#252,.F.);
#4320=EDGE_CURVE('',#3473,#3474,#253,.F.);
#4321=EDGE_CURVE('',#3474,#3475,#254,.F.);
#4322=EDGE_CURVE('',#3475,#3476,#255,.F.);
#4323=EDGE_CURVE('',#3476,#3472,#256,.F.);
#4324=EDGE_CURVE('',#3477,#3478,#257,.F.);
#4325=EDGE_CURVE('',#3478,#3479,#2938,.F.);
#4326=EDGE_CURVE('',#3479,#3480,#258,.F.);
#4327=EDGE_CURVE('',#3480,#3481,#259,.F.);
#4328=EDGE_CURVE('',#3481,#3482,#260,.F.);
#4329=EDGE_CURVE('',#3482,#3477,#261,.F.);
#4330=EDGE_CURVE('',#3483,#3484,#262,.F.);
#4331=EDGE_CURVE('',#3484,#3485,#263,.F.);
#4332=EDGE_CURVE('',#3485,#3483,#264,.F.);
#4333=EDGE_CURVE('',#3486,#3487,#265,.F.);
#4334=EDGE_CURVE('',#3487,#3488,#266,.F.);
#4335=EDGE_CURVE('',#3488,#3489,#267,.F.);
#4336=EDGE_CURVE('',#3489,#3490,#268,.F.);
#4337=EDGE_CURVE('',#3490,#3486,#269,.F.);
#4338=EDGE_CURVE('',#3491,#3492,#270,.F.);
#4339=EDGE_CURVE('',#3492,#3493,#271,.F.);
#4340=EDGE_CURVE('',#3493,#3494,#272,.F.);
#4341=EDGE_CURVE('',#3494,#3491,#273,.F.);
#4342=EDGE_CURVE('',#3495,#3409,#683,.T.);
#4343=EDGE_CURVE('',#3495,#3418,#684,.T.);
#4344=EDGE_CURVE('',#3491,#3351,#685,.T.);
#4345=EDGE_CURVE('',#3492,#3350,#686,.T.);
#4346=EDGE_CURVE('',#3494,#3352,#687,.T.);
#4347=EDGE_CURVE('',#3493,#3353,#688,.T.);
#4348=EDGE_CURVE('',#3486,#3355,#689,.T.);
#4349=EDGE_CURVE('',#3487,#3354,#690,.T.);
#4350=EDGE_CURVE('',#3490,#3356,#691,.T.);
#4351=EDGE_CURVE('',#3489,#3357,#692,.T.);
#4352=EDGE_CURVE('',#3488,#3358,#693,.T.);
#4353=EDGE_CURVE('',#3483,#3360,#694,.T.);
#4354=EDGE_CURVE('',#3484,#3359,#695,.T.);
#4355=EDGE_CURVE('',#3485,#3361,#696,.T.);
#4356=EDGE_CURVE('',#3477,#3345,#697,.T.);
#4357=EDGE_CURVE('',#3496,#3344,#536,.T.);
#4358=EDGE_CURVE('',#3478,#3496,#698,.T.);
#4359=EDGE_CURVE('',#3482,#3346,#699,.T.);
#4360=EDGE_CURVE('',#3481,#3347,#700,.T.);
#4361=EDGE_CURVE('',#3480,#3348,#701,.T.);
#4362=EDGE_CURVE('',#3479,#3349,#702,.T.);
#4363=EDGE_CURVE('',#3325,#3496,#2939,.T.);
#4364=EDGE_CURVE('',#3472,#3341,#703,.T.);
#4365=EDGE_CURVE('',#3473,#3340,#704,.T.);
#4366=EDGE_CURVE('',#3476,#3342,#705,.T.);
#4367=EDGE_CURVE('',#3475,#3497,#706,.T.);
#4368=EDGE_CURVE('',#3343,#3497,#537,.T.);
#4369=EDGE_CURVE('',#3474,#3339,#707,.T.);
#4370=EDGE_CURVE('',#3497,#3338,#538,.T.);
#4371=EDGE_CURVE('',#3467,#3363,#708,.T.);
#4372=EDGE_CURVE('',#3468,#3362,#709,.T.);
#4373=EDGE_CURVE('',#3471,#3364,#710,.T.);
#4374=EDGE_CURVE('',#3470,#3365,#711,.T.);
#4375=EDGE_CURVE('',#3469,#3366,#712,.T.);
#4376=EDGE_CURVE('',#3462,#3368,#713,.T.);
#4377=EDGE_CURVE('',#3463,#3367,#714,.T.);
#4378=EDGE_CURVE('',#3466,#3369,#715,.T.);
#4379=EDGE_CURVE('',#3465,#3370,#716,.T.);
#4380=EDGE_CURVE('',#3464,#3371,#717,.T.);
#4381=EDGE_CURVE('',#3457,#3373,#718,.T.);
#4382=EDGE_CURVE('',#3458,#3372,#719,.T.);
#4383=EDGE_CURVE('',#3461,#3374,#720,.T.);
#4384=EDGE_CURVE('',#3460,#3375,#721,.T.);
#4385=EDGE_CURVE('',#3459,#3376,#722,.T.);
#4386=EDGE_CURVE('',#3452,#3378,#723,.T.);
#4387=EDGE_CURVE('',#3453,#3377,#724,.T.);
#4388=EDGE_CURVE('',#3456,#3379,#725,.T.);
#4389=EDGE_CURVE('',#3455,#3380,#726,.T.);
#4390=EDGE_CURVE('',#3454,#3381,#727,.T.);
#4391=EDGE_CURVE('',#3447,#3383,#728,.T.);
#4392=EDGE_CURVE('',#3448,#3382,#729,.T.);
#4393=EDGE_CURVE('',#3451,#3384,#730,.T.);
#4394=EDGE_CURVE('',#3450,#3385,#731,.T.);
#4395=EDGE_CURVE('',#3449,#3386,#732,.T.);
#4396=EDGE_CURVE('',#3443,#3388,#733,.T.);
#4397=EDGE_CURVE('',#3444,#3387,#734,.T.);
#4398=EDGE_CURVE('',#3446,#3389,#735,.T.);
#4399=EDGE_CURVE('',#3445,#3390,#736,.T.);
#4400=EDGE_CURVE('',#3438,#3328,#737,.T.);
#4401=EDGE_CURVE('',#3439,#3327,#738,.T.);
#4402=EDGE_CURVE('',#3442,#3329,#739,.T.);
#4403=EDGE_CURVE('',#3441,#3498,#740,.T.);
#4404=EDGE_CURVE('',#3330,#3498,#539,.T.);
#4405=EDGE_CURVE('',#3440,#3499,#741,.T.);
#4406=EDGE_CURVE('',#3498,#3499,#540,.T.);
#4407=EDGE_CURVE('',#3499,#3326,#2940,.T.);
#4408=EDGE_CURVE('',#3434,#3332,#742,.T.);
#4409=EDGE_CURVE('',#3500,#3331,#541,.T.);
#4410=EDGE_CURVE('',#3435,#3500,#743,.T.);
#4411=EDGE_CURVE('',#3437,#3333,#744,.T.);
#4412=EDGE_CURVE('',#3436,#3501,#745,.T.);
#4413=EDGE_CURVE('',#3334,#3501,#542,.T.);
#4414=EDGE_CURVE('',#3501,#3500,#543,.T.);
#4415=EDGE_CURVE('',#3431,#3392,#746,.T.);
#4416=EDGE_CURVE('',#3432,#3391,#747,.T.);
#4417=EDGE_CURVE('',#3433,#3393,#748,.T.);
#4418=EDGE_CURVE('',#3426,#3395,#749,.T.);
#4419=EDGE_CURVE('',#3427,#3394,#750,.T.);
#4420=EDGE_CURVE('',#3430,#3396,#751,.T.);
#4421=EDGE_CURVE('',#3429,#3397,#752,.T.);
#4422=EDGE_CURVE('',#3428,#3398,#753,.T.);
#4423=EDGE_CURVE('',#3422,#3400,#754,.T.);
#4424=EDGE_CURVE('',#3423,#3399,#755,.T.);
#4425=EDGE_CURVE('',#3425,#3401,#756,.T.);
#4426=EDGE_CURVE('',#3424,#3402,#757,.T.);
#4427=EDGE_CURVE('',#3421,#3321,#758,.T.);
#4428=EDGE_CURVE('',#3415,#3502,#759,.T.);
#4429=EDGE_CURVE('',#3416,#3502,#760,.T.);
#4430=EDGE_CURVE('',#3414,#3503,#761,.T.);
#4431=EDGE_CURVE('',#3502,#3503,#762,.T.);
#4432=EDGE_CURVE('',#3504,#3495,#763,.T.);
#4433=EDGE_CURVE('',#3504,#3417,#764,.T.);
#4434=EDGE_CURVE('',#3503,#3413,#765,.T.);
#4435=EDGE_CURVE('',#3403,#3504,#766,.T.);
#4436=EDGE_CURVE('',#3323,#3408,#767,.T.);
#4437=EDGE_CURVE('',#3336,#3322,#768,.T.);
#4438=EDGE_CURVE('',#3405,#3313,#769,.T.);
#4439=EDGE_CURVE('',#3324,#3420,#770,.T.);
#4440=EDGE_CURVE('',#3312,#3419,#771,.F.);
#4441=EDGE_CURVE('',#3505,#3505,#2941,.T.);
#4442=EDGE_CURVE('',#3505,#3506,#772,.T.);
#4443=EDGE_CURVE('',#3506,#3506,#2942,.T.);
#4444=EDGE_CURVE('',#3507,#3507,#2943,.T.);
#4445=EDGE_CURVE('',#3507,#3508,#773,.T.);
#4446=EDGE_CURVE('',#3508,#3508,#2944,.T.);
#4447=EDGE_CURVE('',#3338,#3343,#774,.T.);
#4448=EDGE_CURVE('',#3322,#3509,#775,.T.);
#4449=EDGE_CURVE('',#3509,#3510,#776,.T.);
#4450=EDGE_CURVE('',#3510,#3336,#777,.T.);
#4451=EDGE_CURVE('',#3344,#3325,#778,.T.);
#4452=EDGE_CURVE('',#3331,#3334,#779,.T.);
#4453=EDGE_CURVE('',#3511,#3511,#2945,.T.);
#4454=EDGE_CURVE('',#3512,#3513,#2946,.T.);
#4455=EDGE_CURVE('',#3512,#3513,#2947,.T.);
#4456=EDGE_CURVE('',#3514,#3514,#2948,.T.);
#4457=EDGE_CURVE('',#3514,#3511,#780,.T.);
#4458=EDGE_CURVE('',#3513,#3515,#781,.T.);
#4459=EDGE_CURVE('',#3516,#3512,#782,.T.);
#4460=EDGE_CURVE('',#3517,#3516,#274,.T.);
#4461=EDGE_CURVE('',#3515,#3517,#275,.T.);
#4462=EDGE_CURVE('',#3518,#3518,#2949,.T.);
#4463=EDGE_CURVE('',#3519,#3520,#2950,.T.);
#4464=EDGE_CURVE('',#3519,#3520,#2951,.T.);
#4465=EDGE_CURVE('',#3521,#3521,#2952,.T.);
#4466=EDGE_CURVE('',#3521,#3518,#783,.T.);
#4467=EDGE_CURVE('',#3520,#3522,#784,.T.);
#4468=EDGE_CURVE('',#3523,#3519,#785,.T.);
#4469=EDGE_CURVE('',#3524,#3523,#276,.T.);
#4470=EDGE_CURVE('',#3522,#3524,#277,.T.);
#4471=EDGE_CURVE('',#3525,#3525,#2953,.T.);
#4472=EDGE_CURVE('',#3526,#3527,#2954,.T.);
#4473=EDGE_CURVE('',#3526,#3527,#2955,.T.);
#4474=EDGE_CURVE('',#3528,#3528,#2956,.T.);
#4475=EDGE_CURVE('',#3528,#3525,#786,.T.);
#4476=EDGE_CURVE('',#3527,#3529,#787,.T.);
#4477=EDGE_CURVE('',#3530,#3526,#788,.T.);
#4478=EDGE_CURVE('',#3529,#3530,#278,.T.);
#4479=EDGE_CURVE('',#3531,#3531,#2957,.T.);
#4480=EDGE_CURVE('',#3532,#3533,#2958,.T.);
#4481=EDGE_CURVE('',#3532,#3534,#2959,.T.);
#4482=EDGE_CURVE('',#3533,#3534,#2960,.T.);
#4483=EDGE_CURVE('',#3535,#3535,#2961,.T.);
#4484=EDGE_CURVE('',#3535,#3531,#789,.T.);
#4485=EDGE_CURVE('',#3534,#3536,#790,.T.);
#4486=EDGE_CURVE('',#3537,#3532,#791,.T.);
#4487=EDGE_CURVE('',#3536,#3537,#279,.T.);
#4488=EDGE_CURVE('',#3538,#3538,#2962,.T.);
#4489=EDGE_CURVE('',#3539,#3539,#2963,.T.);
#4490=EDGE_CURVE('',#3540,#3540,#2964,.T.);
#4491=EDGE_CURVE('',#3540,#3538,#792,.T.);
#4492=EDGE_CURVE('',#3541,#3541,#2965,.T.);
#4493=EDGE_CURVE('',#3542,#3543,#2966,.T.);
#4494=EDGE_CURVE('',#3542,#3544,#2967,.T.);
#4495=EDGE_CURVE('',#3543,#3544,#2968,.T.);
#4496=EDGE_CURVE('',#3545,#3545,#2969,.T.);
#4497=EDGE_CURVE('',#3545,#3541,#793,.T.);
#4498=EDGE_CURVE('',#3544,#3546,#794,.T.);
#4499=EDGE_CURVE('',#3547,#3542,#795,.T.);
#4500=EDGE_CURVE('',#3546,#3547,#280,.T.);
#4501=EDGE_CURVE('',#3548,#3548,#2970,.T.);
#4502=EDGE_CURVE('',#3549,#3550,#2971,.T.);
#4503=EDGE_CURVE('',#3549,#3551,#2972,.T.);
#4504=EDGE_CURVE('',#3550,#3551,#2973,.T.);
#4505=EDGE_CURVE('',#3552,#3552,#2974,.T.);
#4506=EDGE_CURVE('',#3552,#3548,#796,.T.);
#4507=EDGE_CURVE('',#3551,#3553,#797,.T.);
#4508=EDGE_CURVE('',#3554,#3549,#798,.T.);
#4509=EDGE_CURVE('',#3553,#3554,#281,.T.);
#4510=EDGE_CURVE('',#3555,#3555,#2975,.T.);
#4511=EDGE_CURVE('',#3556,#3557,#2976,.T.);
#4512=EDGE_CURVE('',#3556,#3557,#2977,.T.);
#4513=EDGE_CURVE('',#3558,#3558,#2978,.T.);
#4514=EDGE_CURVE('',#3558,#3555,#799,.T.);
#4515=EDGE_CURVE('',#3557,#3559,#800,.T.);
#4516=EDGE_CURVE('',#3560,#3556,#801,.T.);
#4517=EDGE_CURVE('',#3561,#3560,#282,.T.);
#4518=EDGE_CURVE('',#3559,#3561,#283,.T.);
#4519=EDGE_CURVE('',#3562,#3562,#2979,.T.);
#4520=EDGE_CURVE('',#3563,#3563,#2980,.T.);
#4521=EDGE_CURVE('',#3564,#3564,#2981,.T.);
#4522=EDGE_CURVE('',#3564,#3562,#802,.T.);
#4523=EDGE_CURVE('',#3565,#3565,#2982,.T.);
#4524=EDGE_CURVE('',#3566,#3566,#2983,.T.);
#4525=EDGE_CURVE('',#3567,#3567,#2984,.T.);
#4526=EDGE_CURVE('',#3567,#3565,#803,.T.);
#4527=EDGE_CURVE('',#3568,#3569,#284,.T.);
#4528=EDGE_CURVE('',#3568,#3570,#804,.T.);
#4529=EDGE_CURVE('',#3570,#3571,#285,.T.);
#4530=EDGE_CURVE('',#3571,#3569,#805,.T.);
#4531=EDGE_CURVE('',#3572,#3571,#2985,.T.);
#4532=EDGE_CURVE('',#3572,#3573,#806,.T.);
#4533=EDGE_CURVE('',#3573,#3574,#807,.T.);
#4534=EDGE_CURVE('',#3575,#3574,#808,.T.);
#4535=EDGE_CURVE('',#3576,#3575,#809,.T.);
#4536=EDGE_CURVE('',#3576,#3577,#810,.T.);
#4537=EDGE_CURVE('',#3577,#3578,#811,.T.);
#4538=EDGE_CURVE('',#3579,#3578,#812,.T.);
#4539=EDGE_CURVE('',#3579,#3580,#2986,.F.);
#4540=EDGE_CURVE('',#3569,#3580,#813,.T.);
#4541=EDGE_CURVE('',#3581,#3582,#286,.T.);
#4542=EDGE_CURVE('',#3581,#3583,#814,.T.);
#4543=EDGE_CURVE('',#3583,#3584,#287,.T.);
#4544=EDGE_CURVE('',#3584,#3582,#815,.T.);
#4545=EDGE_CURVE('',#3585,#3581,#816,.T.);
#4546=EDGE_CURVE('',#3586,#3585,#2987,.T.);
#4547=EDGE_CURVE('',#3586,#3587,#817,.T.);
#4548=EDGE_CURVE('',#3587,#3588,#818,.T.);
#4549=EDGE_CURVE('',#3589,#3588,#819,.T.);
#4550=EDGE_CURVE('',#3590,#3589,#820,.T.);
#4551=EDGE_CURVE('',#3590,#3591,#821,.T.);
#4552=EDGE_CURVE('',#3591,#3592,#822,.T.);
#4553=EDGE_CURVE('',#3593,#3592,#823,.T.);
#4554=EDGE_CURVE('',#3583,#3593,#2988,.T.);
#4555=EDGE_CURVE('',#3594,#3595,#19,.F.);
#4556=EDGE_CURVE('',#3595,#3596,#824,.T.);
#4557=EDGE_CURVE('',#3596,#3597,#825,.T.);
#4558=EDGE_CURVE('',#3598,#3597,#826,.T.);
#4559=EDGE_CURVE('',#3598,#3594,#20,.F.);
#4560=EDGE_CURVE('',#3599,#3596,#827,.T.);
#4561=EDGE_CURVE('',#3599,#3600,#828,.T.);
#4562=EDGE_CURVE('',#3597,#3600,#829,.T.);
#4563=EDGE_CURVE('',#3601,#3600,#830,.T.);
#4564=EDGE_CURVE('',#3602,#3601,#831,.T.);
#4565=EDGE_CURVE('',#3597,#3602,#832,.T.);
#4566=EDGE_CURVE('',#3603,#3603,#2989,.T.);
#4567=EDGE_CURVE('',#3603,#3604,#833,.T.);
#4568=EDGE_CURVE('',#3604,#3604,#2990,.T.);
#4569=EDGE_CURVE('',#3605,#3605,#2991,.T.);
#4570=EDGE_CURVE('',#3605,#3606,#834,.T.);
#4571=EDGE_CURVE('',#3606,#3606,#2992,.T.);
#4572=EDGE_CURVE('',#3607,#3607,#2993,.T.);
#4573=EDGE_CURVE('',#3607,#3608,#835,.T.);
#4574=EDGE_CURVE('',#3608,#3608,#2994,.T.);
#4575=EDGE_CURVE('',#3609,#3609,#2995,.T.);
#4576=EDGE_CURVE('',#3609,#3610,#836,.T.);
#4577=EDGE_CURVE('',#3610,#3610,#2996,.T.);
#4578=EDGE_CURVE('',#3611,#3611,#2997,.T.);
#4579=EDGE_CURVE('',#3611,#3612,#837,.T.);
#4580=EDGE_CURVE('',#3612,#3612,#2998,.T.);
#4581=EDGE_CURVE('',#3613,#3613,#2999,.T.);
#4582=EDGE_CURVE('',#3613,#3614,#838,.T.);
#4583=EDGE_CURVE('',#3614,#3614,#3000,.T.);
#4584=EDGE_CURVE('',#3615,#3615,#3001,.T.);
#4585=EDGE_CURVE('',#3615,#3616,#839,.T.);
#4586=EDGE_CURVE('',#3616,#3616,#3002,.T.);
#4587=EDGE_CURVE('',#3617,#3617,#3003,.T.);
#4588=EDGE_CURVE('',#3617,#3618,#840,.T.);
#4589=EDGE_CURVE('',#3618,#3618,#3004,.T.);
#4590=EDGE_CURVE('',#3619,#3619,#3005,.T.);
#4591=EDGE_CURVE('',#3619,#3620,#841,.T.);
#4592=EDGE_CURVE('',#3620,#3620,#3006,.T.);
#4593=EDGE_CURVE('',#3621,#3621,#3007,.T.);
#4594=EDGE_CURVE('',#3621,#3622,#842,.T.);
#4595=EDGE_CURVE('',#3622,#3622,#3008,.T.);
#4596=EDGE_CURVE('',#3623,#3623,#3009,.T.);
#4597=EDGE_CURVE('',#3623,#3624,#843,.T.);
#4598=EDGE_CURVE('',#3624,#3624,#3010,.T.);
#4599=EDGE_CURVE('',#3625,#3625,#3011,.T.);
#4600=EDGE_CURVE('',#3625,#3626,#844,.T.);
#4601=EDGE_CURVE('',#3626,#3626,#3012,.T.);
#4602=EDGE_CURVE('',#3627,#3627,#3013,.T.);
#4603=EDGE_CURVE('',#3627,#3628,#845,.T.);
#4604=EDGE_CURVE('',#3629,#3628,#288,.T.);
#4605=EDGE_CURVE('',#3630,#3629,#3014,.T.);
#4606=EDGE_CURVE('',#3631,#3630,#289,.T.);
#4607=EDGE_CURVE('',#3632,#3631,#3015,.T.);
#4608=EDGE_CURVE('',#3628,#3632,#290,.T.);
#4609=EDGE_CURVE('',#3633,#3629,#846,.T.);
#4610=EDGE_CURVE('',#3633,#3634,#847,.T.);
#4611=EDGE_CURVE('',#3635,#3634,#848,.T.);
#4612=EDGE_CURVE('',#3636,#3635,#849,.T.);
#4613=EDGE_CURVE('',#3630,#3636,#850,.T.);
#4614=EDGE_CURVE('',#3632,#3595,#851,.T.);
#4615=EDGE_CURVE('',#3598,#3584,#852,.T.);
#4616=EDGE_CURVE('',#3593,#3637,#853,.T.);
#4617=EDGE_CURVE('',#3637,#3633,#3016,.T.);
#4618=EDGE_CURVE('',#3638,#3639,#21,.F.);
#4619=EDGE_CURVE('',#3638,#3586,#854,.T.);
#4620=EDGE_CURVE('',#3640,#3585,#291,.T.);
#4621=EDGE_CURVE('',#3640,#3639,#855,.T.);
#4622=EDGE_CURVE('',#3641,#3582,#3017,.T.);
#4623=EDGE_CURVE('',#3641,#3642,#856,.T.);
#4624=EDGE_CURVE('',#3643,#3642,#3018,.T.);
#4625=EDGE_CURVE('',#3644,#3643,#857,.T.);
#4626=EDGE_CURVE('',#3645,#3644,#3019,.T.);
#4627=EDGE_CURVE('',#3645,#3646,#858,.T.);
#4628=EDGE_CURVE('',#3646,#3646,#3020,.T.);
#4629=EDGE_CURVE('',#3640,#3645,#3021,.T.);
#4630=EDGE_CURVE('',#3647,#3602,#859,.T.);
#4631=EDGE_CURVE('',#3647,#3648,#3022,.T.);
#4632=EDGE_CURVE('',#3648,#3649,#3023,.T.);
#4633=EDGE_CURVE('',#3650,#3649,#860,.T.);
#4634=EDGE_CURVE('',#3650,#3651,#861,.T.);
#4635=EDGE_CURVE('',#3652,#3651,#862,.T.);
#4636=EDGE_CURVE('',#3652,#3653,#3024,.T.);
#4637=EDGE_CURVE('',#3653,#3654,#3025,.T.);
#4638=EDGE_CURVE('',#3655,#3654,#863,.T.);
#4639=EDGE_CURVE('',#3655,#3656,#864,.T.);
#4640=EDGE_CURVE('',#3641,#3656,#865,.T.);
#4641=EDGE_CURVE('',#3657,#3644,#866,.T.);
#4642=EDGE_CURVE('',#3639,#3657,#867,.T.);
#4643=EDGE_CURVE('',#3658,#3659,#22,.T.);
#4644=EDGE_CURVE('',#3659,#3660,#868,.T.);
#4645=EDGE_CURVE('',#3580,#3660,#292,.T.);
#4646=EDGE_CURVE('',#3579,#3658,#869,.T.);
#4647=EDGE_CURVE('',#3638,#3661,#870,.T.);
#4648=EDGE_CURVE('',#3661,#3662,#871,.T.);
#4649=EDGE_CURVE('',#3662,#3658,#872,.T.);
#4650=EDGE_CURVE('',#3578,#3663,#3026,.T.);
#4651=EDGE_CURVE('',#3509,#3663,#873,.T.);
#4652=EDGE_CURVE('',#3318,#3664,#874,.T.);
#4653=EDGE_CURVE('',#3664,#3587,#3027,.T.);
#4654=EDGE_CURVE('',#3665,#3666,#875,.T.);
#4655=EDGE_CURVE('',#3667,#3665,#876,.T.);
#4656=EDGE_CURVE('',#3668,#3667,#877,.T.);
#4657=EDGE_CURVE('',#3666,#3668,#878,.T.);
#4658=EDGE_CURVE('',#3568,#3669,#3028,.T.);
#4659=EDGE_CURVE('',#3670,#3669,#879,.T.);
#4660=EDGE_CURVE('',#3670,#3671,#880,.T.);
#4661=EDGE_CURVE('',#3672,#3671,#881,.T.);
#4662=EDGE_CURVE('',#3672,#3673,#3029,.T.);
#4663=EDGE_CURVE('',#3674,#3673,#882,.T.);
#4664=EDGE_CURVE('',#3674,#3675,#883,.T.);
#4665=EDGE_CURVE('',#3676,#3675,#884,.T.);
#4666=EDGE_CURVE('',#3676,#3677,#3030,.T.);
#4667=EDGE_CURVE('',#3678,#3677,#885,.T.);
#4668=EDGE_CURVE('',#3596,#3678,#886,.T.);
#4669=EDGE_CURVE('',#3570,#3631,#887,.T.);
#4670=EDGE_CURVE('',#3679,#3636,#3031,.F.);
#4671=EDGE_CURVE('',#3679,#3572,#888,.T.);
#4672=EDGE_CURVE('',#3679,#3680,#889,.T.);
#4673=EDGE_CURVE('',#3680,#3681,#890,.T.);
#4674=EDGE_CURVE('',#3681,#3637,#891,.T.);
#4675=EDGE_CURVE('',#3592,#3682,#3032,.T.);
#4676=EDGE_CURVE('',#3309,#3682,#892,.T.);
#4677=EDGE_CURVE('',#3316,#3683,#893,.T.);
#4678=EDGE_CURVE('',#3683,#3573,#3033,.T.);
#4679=EDGE_CURVE('',#3666,#3684,#23,.T.);
#4680=EDGE_CURVE('',#3684,#3685,#894,.T.);
#4681=EDGE_CURVE('',#3665,#3685,#24,.T.);
#4682=EDGE_CURVE('',#3668,#3686,#25,.T.);
#4683=EDGE_CURVE('',#3686,#3684,#895,.T.);
#4684=EDGE_CURVE('',#3685,#3687,#896,.T.);
#4685=EDGE_CURVE('',#3687,#3667,#26,.T.);
#4686=EDGE_CURVE('',#3687,#3686,#897,.T.);
#4687=EDGE_CURVE('',#3685,#3688,#898,.T.);
#4688=EDGE_CURVE('',#3688,#3689,#899,.T.);
#4689=EDGE_CURVE('',#3687,#3689,#900,.T.);
#4690=EDGE_CURVE('',#3684,#3690,#901,.T.);
#4691=EDGE_CURVE('',#3691,#3690,#902,.T.);
#4692=EDGE_CURVE('',#3692,#3691,#903,.T.);
#4693=EDGE_CURVE('',#3692,#3688,#904,.T.);
#4694=EDGE_CURVE('',#3693,#3692,#905,.T.);
#4695=EDGE_CURVE('',#3689,#3693,#906,.T.);
#4696=EDGE_CURVE('',#3686,#3694,#907,.T.);
#4697=EDGE_CURVE('',#3690,#3694,#908,.T.);
#4698=EDGE_CURVE('',#3695,#3693,#909,.T.);
#4699=EDGE_CURVE('',#3694,#3695,#910,.T.);
#4700=EDGE_CURVE('',#3691,#3319,#911,.T.);
#4701=EDGE_CURVE('',#3696,#3308,#912,.T.);
#4702=EDGE_CURVE('',#3697,#3696,#913,.T.);
#4703=EDGE_CURVE('',#3697,#3695,#914,.T.);
#4704=EDGE_CURVE('',#3698,#3635,#915,.T.);
#4705=EDGE_CURVE('',#3680,#3698,#916,.T.);
#4706=EDGE_CURVE('',#3681,#3699,#917,.T.);
#4707=EDGE_CURVE('',#3634,#3699,#918,.T.);
#4708=EDGE_CURVE('',#3699,#3698,#919,.T.);
#4709=EDGE_CURVE('',#3700,#3700,#3034,.T.);
#4710=EDGE_CURVE('',#3701,#3701,#3035,.T.);
#4711=EDGE_CURVE('',#3701,#3702,#920,.T.);
#4712=EDGE_CURVE('',#3703,#3703,#3036,.T.);
#4713=EDGE_CURVE('',#3704,#3704,#3037,.T.);
#4714=EDGE_CURVE('',#3320,#3703,#921,.T.);
#4715=EDGE_CURVE('',#3704,#3701,#922,.T.);
#4716=EDGE_CURVE('',#3705,#3577,#3038,.T.);
#4717=EDGE_CURVE('',#3705,#3663,#923,.T.);
#4718=EDGE_CURVE('',#3574,#3706,#3039,.T.);
#4719=EDGE_CURVE('',#3683,#3706,#924,.T.);
#4720=EDGE_CURVE('',#3707,#3315,#925,.T.);
#4721=EDGE_CURVE('',#3708,#3707,#926,.T.);
#4722=EDGE_CURVE('',#3708,#3510,#927,.T.);
#4723=EDGE_CURVE('',#3705,#3709,#928,.T.);
#4724=EDGE_CURVE('',#3710,#3709,#929,.T.);
#4725=EDGE_CURVE('',#3711,#3710,#930,.T.);
#4726=EDGE_CURVE('',#3712,#3711,#931,.T.);
#4727=EDGE_CURVE('',#3706,#3712,#932,.T.);
#4728=EDGE_CURVE('',#3713,#3576,#933,.T.);
#4729=EDGE_CURVE('',#3713,#3705,#3040,.T.);
#4730=EDGE_CURVE('',#3706,#3714,#3041,.T.);
#4731=EDGE_CURVE('',#3715,#3712,#3042,.T.);
#4732=EDGE_CURVE('',#3715,#3714,#934,.T.);
#4733=EDGE_CURVE('',#3715,#3711,#935,.T.);
#4734=EDGE_CURVE('',#3575,#3714,#936,.T.);
#4735=EDGE_CURVE('',#3716,#3713,#937,.T.);
#4736=EDGE_CURVE('',#3709,#3716,#3043,.T.);
#4737=EDGE_CURVE('',#3710,#3716,#938,.T.);
#4738=EDGE_CURVE('',#3717,#3717,#3044,.T.);
#4739=EDGE_CURVE('',#3717,#3718,#939,.T.);
#4740=EDGE_CURVE('',#3719,#3719,#3045,.T.);
#4741=EDGE_CURVE('',#3720,#3720,#3046,.T.);
#4742=EDGE_CURVE('',#3151,#3719,#940,.T.);
#4743=EDGE_CURVE('',#3720,#3717,#941,.T.);
#4744=EDGE_CURVE('',#3721,#3722,#3047,.T.);
#4745=EDGE_CURVE('',#3721,#3682,#942,.T.);
#4746=EDGE_CURVE('',#3723,#3591,#3048,.T.);
#4747=EDGE_CURVE('',#3723,#3722,#943,.T.);
#4748=EDGE_CURVE('',#3724,#3725,#3049,.T.);
#4749=EDGE_CURVE('',#3726,#3724,#944,.T.);
#4750=EDGE_CURVE('',#3588,#3726,#3050,.T.);
#4751=EDGE_CURVE('',#3664,#3725,#945,.T.);
#4752=EDGE_CURVE('',#3727,#3721,#946,.T.);
#4753=EDGE_CURVE('',#3728,#3727,#947,.T.);
#4754=EDGE_CURVE('',#3725,#3728,#948,.T.);
#4755=EDGE_CURVE('',#3729,#3317,#949,.T.);
#4756=EDGE_CURVE('',#3730,#3729,#950,.T.);
#4757=EDGE_CURVE('',#3730,#3310,#951,.T.);
#4758=EDGE_CURVE('',#3731,#3731,#3051,.T.);
#4759=EDGE_CURVE('',#3731,#3732,#952,.T.);
#4760=EDGE_CURVE('',#3732,#3732,#3052,.T.);
#4761=EDGE_CURVE('',#3727,#3722,#953,.T.);
#4762=EDGE_CURVE('',#3723,#3590,#954,.T.);
#4763=EDGE_CURVE('',#3589,#3726,#955,.T.);
#4764=EDGE_CURVE('',#3724,#3728,#956,.T.);
#4765=EDGE_CURVE('',#3733,#3733,#3053,.T.);
#4766=EDGE_CURVE('',#3733,#3734,#957,.T.);
#4767=EDGE_CURVE('',#3734,#3734,#3054,.T.);
#4768=EDGE_CURVE('',#3326,#3330,#958,.T.);
#4769=EDGE_CURVE('',#3735,#3736,#959,.T.);
#4770=EDGE_CURVE('',#3735,#3335,#960,.T.);
#4771=EDGE_CURVE('',#3736,#3337,#961,.T.);
#4772=EDGE_CURVE('',#3736,#3708,#962,.T.);
#4773=EDGE_CURVE('',#3707,#3735,#963,.T.);
#4774=EDGE_CURVE('',#3729,#3697,#964,.T.);
#4775=EDGE_CURVE('',#3696,#3730,#965,.T.);
#4776=EDGE_CURVE('',#3737,#3662,#966,.T.);
#4777=EDGE_CURVE('',#3737,#3661,#967,.T.);
#4778=EDGE_CURVE('',#3738,#3738,#3055,.T.);
#4779=EDGE_CURVE('',#3739,#3739,#3056,.T.);
#4780=EDGE_CURVE('',#3740,#3740,#3057,.T.);
#4781=EDGE_CURVE('',#3741,#3741,#3058,.T.);
#4782=EDGE_CURVE('',#3742,#3742,#3059,.T.);
#4783=EDGE_CURVE('',#3743,#3743,#3060,.T.);
#4784=EDGE_CURVE('',#3744,#3744,#3061,.T.);
#4785=EDGE_CURVE('',#3745,#3745,#3062,.T.);
#4786=EDGE_CURVE('',#3746,#3746,#3063,.T.);
#4787=EDGE_CURVE('',#3747,#3747,#3064,.T.);
#4788=EDGE_CURVE('',#3747,#3748,#968,.T.);
#4789=EDGE_CURVE('',#3748,#3748,#3065,.T.);
#4790=EDGE_CURVE('',#3749,#3749,#3066,.T.);
#4791=EDGE_CURVE('',#3749,#3750,#969,.T.);
#4792=EDGE_CURVE('',#3750,#3750,#3067,.T.);
#4793=EDGE_CURVE('',#3751,#3751,#3068,.T.);
#4794=EDGE_CURVE('',#3751,#3752,#970,.T.);
#4795=EDGE_CURVE('',#3752,#3752,#3069,.T.);
#4796=EDGE_CURVE('',#3753,#3753,#3070,.T.);
#4797=EDGE_CURVE('',#3753,#3754,#971,.T.);
#4798=EDGE_CURVE('',#3754,#3754,#3071,.T.);
#4799=EDGE_CURVE('',#3755,#3755,#3072,.T.);
#4800=EDGE_CURVE('',#3755,#3756,#972,.T.);
#4801=EDGE_CURVE('',#3756,#3756,#3073,.T.);
#4802=EDGE_CURVE('',#3757,#3757,#3074,.T.);
#4803=EDGE_CURVE('',#3757,#3758,#973,.T.);
#4804=EDGE_CURVE('',#3758,#3758,#3075,.T.);
#4805=EDGE_CURVE('',#3759,#3759,#3076,.T.);
#4806=EDGE_CURVE('',#3759,#3760,#974,.T.);
#4807=EDGE_CURVE('',#3760,#3760,#3077,.T.);
#4808=EDGE_CURVE('',#3761,#3761,#3078,.T.);
#4809=EDGE_CURVE('',#3761,#3762,#975,.T.);
#4810=EDGE_CURVE('',#3762,#3762,#3079,.T.);
#4811=EDGE_CURVE('',#3763,#3763,#3080,.T.);
#4812=EDGE_CURVE('',#3763,#3764,#976,.T.);
#4813=EDGE_CURVE('',#3764,#3764,#3081,.T.);
#4814=EDGE_CURVE('',#3765,#3765,#3082,.T.);
#4815=EDGE_CURVE('',#3765,#3766,#977,.T.);
#4816=EDGE_CURVE('',#3766,#3766,#3083,.T.);
#4817=EDGE_CURVE('',#3767,#3767,#3084,.T.);
#4818=EDGE_CURVE('',#3767,#3768,#978,.T.);
#4819=EDGE_CURVE('',#3768,#3768,#3085,.T.);
#4820=EDGE_CURVE('',#3769,#3769,#3086,.T.);
#4821=EDGE_CURVE('',#3769,#3770,#979,.T.);
#4822=EDGE_CURVE('',#3770,#3770,#3087,.T.);
#4823=EDGE_CURVE('',#3771,#3772,#980,.T.);
#4824=EDGE_CURVE('',#3773,#3771,#981,.T.);
#4825=EDGE_CURVE('',#3774,#3773,#982,.T.);
#4826=EDGE_CURVE('',#3772,#3774,#983,.T.);
#4827=EDGE_CURVE('',#3775,#3776,#984,.T.);
#4828=EDGE_CURVE('',#3775,#3777,#985,.T.);
#4829=EDGE_CURVE('',#3778,#3777,#986,.T.);
#4830=EDGE_CURVE('',#3776,#3778,#987,.T.);
#4831=EDGE_CURVE('',#3776,#3779,#988,.T.);
#4832=EDGE_CURVE('',#3780,#3778,#989,.T.);
#4833=EDGE_CURVE('',#3779,#3780,#990,.T.);
#4834=EDGE_CURVE('',#3781,#3777,#3088,.T.);
#4835=EDGE_CURVE('',#3774,#3781,#3089,.T.);
#4836=EDGE_CURVE('',#3780,#3773,#3090,.T.);
#4837=EDGE_CURVE('',#3772,#3782,#991,.T.);
#4838=EDGE_CURVE('',#3783,#3774,#992,.T.);
#4839=EDGE_CURVE('',#3782,#3783,#993,.T.);
#4840=EDGE_CURVE('',#3784,#3785,#994,.T.);
#4841=EDGE_CURVE('',#3784,#3786,#995,.T.);
#4842=EDGE_CURVE('',#3787,#3786,#996,.T.);
#4843=EDGE_CURVE('',#3785,#3787,#997,.T.);
#4844=EDGE_CURVE('',#3787,#3774,#3091,.T.);
#4845=EDGE_CURVE('',#3788,#3786,#3092,.T.);
#4846=EDGE_CURVE('',#3783,#3788,#3093,.T.);
#4847=EDGE_CURVE('',#3776,#3789,#998,.T.);
#4848=EDGE_CURVE('',#3776,#3778,#999,.T.);
#4849=EDGE_CURVE('',#3790,#3778,#1000,.T.);
#4850=EDGE_CURVE('',#3789,#3790,#1001,.T.);
#4851=EDGE_CURVE('',#3791,#3792,#1002,.T.);
#4852=EDGE_CURVE('',#3791,#3793,#1003,.T.);
#4853=EDGE_CURVE('',#3794,#3793,#1004,.T.);
#4854=EDGE_CURVE('',#3792,#3794,#1005,.T.);
#4855=EDGE_CURVE('',#3795,#3796,#1006,.T.);
#4856=EDGE_CURVE('',#3795,#3797,#1007,.T.);
#4857=EDGE_CURVE('',#3798,#3797,#1008,.T.);
#4858=EDGE_CURVE('',#3796,#3798,#1009,.T.);
#4859=EDGE_CURVE('',#3799,#3800,#1010,.T.);
#4860=EDGE_CURVE('',#3801,#3799,#1011,.T.);
#4861=EDGE_CURVE('',#3802,#3801,#1012,.T.);
#4862=EDGE_CURVE('',#3800,#3802,#1013,.T.);
#4863=EDGE_CURVE('',#3800,#3803,#1014,.T.);
#4864=EDGE_CURVE('',#3804,#3802,#1015,.T.);
#4865=EDGE_CURVE('',#3803,#3804,#1016,.T.);
#4866=EDGE_CURVE('',#3805,#3806,#1017,.T.);
#4867=EDGE_CURVE('',#3805,#3807,#1018,.T.);
#4868=EDGE_CURVE('',#3808,#3807,#1019,.T.);
#4869=EDGE_CURVE('',#3806,#3808,#1020,.T.);
#4870=EDGE_CURVE('',#3809,#3810,#1021,.T.);
#4871=EDGE_CURVE('',#3811,#3810,#3094,.T.);
#4872=EDGE_CURVE('',#3812,#3811,#1022,.T.);
#4873=EDGE_CURVE('',#3809,#3812,#3095,.T.);
#4874=EDGE_CURVE('',#3813,#3814,#1023,.T.);
#4875=EDGE_CURVE('',#3813,#3815,#1024,.T.);
#4876=EDGE_CURVE('',#3816,#3815,#1025,.T.);
#4877=EDGE_CURVE('',#3814,#3816,#1026,.T.);
#4878=EDGE_CURVE('',#3814,#3817,#1027,.T.);
#4879=EDGE_CURVE('',#3818,#3816,#1028,.T.);
#4880=EDGE_CURVE('',#3817,#3818,#1029,.T.);
#4881=EDGE_CURVE('',#3817,#3819,#1030,.T.);
#4882=EDGE_CURVE('',#3820,#3818,#1031,.T.);
#4883=EDGE_CURVE('',#3819,#3820,#1032,.T.);
#4884=EDGE_CURVE('',#3819,#3821,#1033,.T.);
#4885=EDGE_CURVE('',#3822,#3820,#1034,.T.);
#4886=EDGE_CURVE('',#3821,#3822,#1035,.T.);
#4887=EDGE_CURVE('',#3823,#3776,#1036,.T.);
#4888=EDGE_CURVE('',#3823,#3824,#1037,.T.);
#4889=EDGE_CURVE('',#3778,#3824,#1038,.T.);
#4890=EDGE_CURVE('',#3825,#3824,#3096,.T.);
#4891=EDGE_CURVE('',#3822,#3825,#3097,.T.);
#4892=EDGE_CURVE('',#3811,#3815,#3098,.T.);
#4893=EDGE_CURVE('',#3808,#3810,#3099,.T.);
#4894=EDGE_CURVE('',#3826,#3807,#3100,.T.);
#4895=EDGE_CURVE('',#3804,#3826,#3101,.T.);
#4896=EDGE_CURVE('',#3827,#3801,#3102,.T.);
#4897=EDGE_CURVE('',#3798,#3827,#3103,.T.);
#4898=EDGE_CURVE('',#3794,#3797,#3104,.T.);
#4899=EDGE_CURVE('',#3790,#3793,#3105,.T.);
#4900=EDGE_CURVE('',#3828,#3828,#3106,.T.);
#4901=EDGE_CURVE('',#3828,#3826,#1039,.T.);
#4902=EDGE_CURVE('',#3803,#3805,#3107,.T.);
#4903=EDGE_CURVE('',#3829,#3829,#3108,.T.);
#4904=EDGE_CURVE('',#3829,#3781,#1040,.T.);
#4905=EDGE_CURVE('',#3785,#3775,#3109,.T.);
#4906=EDGE_CURVE('',#3810,#3830,#1041,.T.);
#4907=EDGE_CURVE('',#3831,#3830,#3110,.T.);
#4908=EDGE_CURVE('',#3811,#3831,#1042,.T.);
#4909=EDGE_CURVE('',#3806,#3813,#3111,.T.);
#4910=EDGE_CURVE('',#3812,#3809,#1043,.T.);
#4911=EDGE_CURVE('',#3779,#3823,#3112,.T.);
#4912=EDGE_CURVE('',#3832,#3833,#3113,.T.);
#4913=EDGE_CURVE('',#3833,#3834,#3114,.T.);
#4914=EDGE_CURVE('',#3834,#3835,#1044,.T.);
#4915=EDGE_CURVE('',#3835,#3836,#1045,.T.);
#4916=EDGE_CURVE('',#3836,#3837,#1046,.T.);
#4917=EDGE_CURVE('',#3837,#3838,#3115,.T.);
#4918=EDGE_CURVE('',#3838,#3839,#3116,.T.);
#4919=EDGE_CURVE('',#3839,#3840,#1047,.T.);
#4920=EDGE_CURVE('',#3840,#3841,#1048,.T.);
#4921=EDGE_CURVE('',#3841,#3842,#1049,.T.);
#4922=EDGE_CURVE('',#3842,#3843,#3117,.T.);
#4923=EDGE_CURVE('',#3843,#3844,#3118,.T.);
#4924=EDGE_CURVE('',#3844,#3845,#1050,.T.);
#4925=EDGE_CURVE('',#3845,#3846,#1051,.T.);
#4926=EDGE_CURVE('',#3846,#3847,#1052,.T.);
#4927=EDGE_CURVE('',#3847,#3643,#1053,.T.);
#4928=EDGE_CURVE('',#3642,#3848,#1054,.T.);
#4929=EDGE_CURVE('',#3848,#3849,#1055,.T.);
#4930=EDGE_CURVE('',#3849,#3850,#1056,.T.);
#4931=EDGE_CURVE('',#3850,#3851,#3119,.T.);
#4932=EDGE_CURVE('',#3851,#3852,#1057,.T.);
#4933=EDGE_CURVE('',#3852,#3853,#1058,.T.);
#4934=EDGE_CURVE('',#3853,#3854,#1059,.T.);
#4935=EDGE_CURVE('',#3854,#3855,#3120,.T.);
#4936=EDGE_CURVE('',#3855,#3601,#1060,.T.);
#4937=EDGE_CURVE('',#3599,#3856,#1061,.T.);
#4938=EDGE_CURVE('',#3856,#3832,#1062,.T.);
#4939=EDGE_CURVE('',#3821,#3771,#3121,.T.);
#4940=EDGE_CURVE('',#3782,#3784,#3122,.T.);
#4941=EDGE_CURVE('',#3789,#3791,#3123,.T.);
#4942=EDGE_CURVE('',#3792,#3795,#3124,.T.);
#4943=EDGE_CURVE('',#3796,#3799,#3125,.T.);
#4944=EDGE_CURVE('',#3857,#3858,#1063,.T.);
#4945=EDGE_CURVE('',#3859,#3857,#3126,.T.);
#4946=EDGE_CURVE('',#3860,#3859,#1064,.T.);
#4947=EDGE_CURVE('',#3861,#3860,#1065,.T.);
#4948=EDGE_CURVE('',#3862,#3861,#1066,.T.);
#4949=EDGE_CURVE('',#3863,#3862,#3127,.T.);
#4950=EDGE_CURVE('',#3864,#3863,#1067,.T.);
#4951=EDGE_CURVE('',#3865,#3864,#1068,.T.);
#4952=EDGE_CURVE('',#3866,#3865,#1069,.T.);
#4953=EDGE_CURVE('',#3858,#3866,#1070,.T.);
#4954=EDGE_CURVE('',#3867,#3867,#3128,.T.);
#4955=EDGE_CURVE('',#3867,#3793,#1071,.T.);
#4956=EDGE_CURVE('',#3868,#3868,#3129,.T.);
#4957=EDGE_CURVE('',#3868,#3825,#1072,.T.);
#4958=EDGE_CURVE('',#3869,#3869,#3130,.T.);
#4959=EDGE_CURVE('',#3869,#3794,#1073,.T.);
#4960=EDGE_CURVE('',#3830,#3831,#1074,.T.);
#4961=EDGE_CURVE('',#3870,#3870,#3131,.T.);
#4962=EDGE_CURVE('',#3870,#3788,#1075,.T.);
#4963=EDGE_CURVE('',#3871,#3871,#3132,.T.);
#4964=EDGE_CURVE('',#3871,#3827,#1076,.T.);
#4965=EDGE_CURVE('',#3872,#3872,#3133,.T.);
#4966=EDGE_CURVE('',#3873,#3873,#3134,.T.);
#4967=EDGE_CURVE('',#3874,#3874,#3135,.T.);
#4968=EDGE_CURVE('',#3874,#3872,#1077,.T.);
#4969=EDGE_CURVE('',#3873,#3700,#1078,.T.);
#4970=EDGE_CURVE('',#3875,#3875,#3136,.T.);
#4971=EDGE_CURVE('',#3876,#3876,#3137,.T.);
#4972=EDGE_CURVE('',#3877,#3877,#3138,.T.);
#4973=EDGE_CURVE('',#3878,#3878,#3139,.T.);
#4974=EDGE_CURVE('',#3878,#3876,#1079,.T.);
#4975=EDGE_CURVE('',#3877,#3738,#1080,.T.);
#4976=EDGE_CURVE('',#3879,#3879,#3140,.T.);
#4977=EDGE_CURVE('',#3864,#3880,#1081,.T.);
#4978=EDGE_CURVE('',#3880,#3881,#1082,.T.);
#4979=EDGE_CURVE('',#3881,#3865,#1083,.T.);
#4980=EDGE_CURVE('',#3881,#3882,#1084,.T.);
#4981=EDGE_CURVE('',#3882,#3866,#1085,.T.);
#4982=EDGE_CURVE('',#3858,#3883,#1086,.T.);
#4983=EDGE_CURVE('',#3883,#3884,#1087,.T.);
#4984=EDGE_CURVE('',#3884,#3857,#1088,.T.);
#4985=EDGE_CURVE('',#3885,#3859,#1089,.T.);
#4986=EDGE_CURVE('',#3884,#3885,#3141,.T.);
#4987=EDGE_CURVE('',#3885,#3886,#1090,.T.);
#4988=EDGE_CURVE('',#3886,#3860,#1091,.T.);
#4989=EDGE_CURVE('',#3882,#3883,#1092,.T.);
#4990=EDGE_CURVE('',#3886,#3887,#1093,.T.);
#4991=EDGE_CURVE('',#3887,#3861,#1094,.T.);
#4992=EDGE_CURVE('',#3887,#3888,#1095,.T.);
#4993=EDGE_CURVE('',#3888,#3862,#1096,.T.);
#4994=EDGE_CURVE('',#3889,#3863,#1097,.T.);
#4995=EDGE_CURVE('',#3888,#3889,#3142,.T.);
#4996=EDGE_CURVE('',#3889,#3880,#1098,.T.);
#4997=EDGE_CURVE('',#3887,#3890,#1099,.T.);
#4998=EDGE_CURVE('',#3891,#3890,#1100,.T.);
#4999=EDGE_CURVE('',#3888,#3891,#1101,.T.);
#5000=EDGE_CURVE('',#3886,#3892,#1102,.T.);
#5001=EDGE_CURVE('',#3890,#3892,#1103,.T.);
#5002=EDGE_CURVE('',#3885,#3893,#1104,.T.);
#5003=EDGE_CURVE('',#3892,#3893,#1105,.T.);
#5004=EDGE_CURVE('',#3884,#3894,#1106,.T.);
#5005=EDGE_CURVE('',#3893,#3894,#3143,.T.);
#5006=EDGE_CURVE('',#3883,#3895,#1107,.T.);
#5007=EDGE_CURVE('',#3894,#3895,#1108,.T.);
#5008=EDGE_CURVE('',#3566,#3875,#1109,.T.);
#5009=EDGE_CURVE('',#3563,#3879,#1110,.T.);
#5010=EDGE_CURVE('',#3896,#3891,#3144,.T.);
#5011=EDGE_CURVE('',#3889,#3896,#1111,.T.);
#5012=EDGE_CURVE('',#3897,#3896,#1112,.T.);
#5013=EDGE_CURVE('',#3880,#3897,#1113,.T.);
#5014=EDGE_CURVE('',#3898,#3897,#1114,.T.);
#5015=EDGE_CURVE('',#3881,#3898,#1115,.T.);
#5016=EDGE_CURVE('',#3899,#3898,#1116,.T.);
#5017=EDGE_CURVE('',#3882,#3899,#1117,.T.);
#5018=EDGE_CURVE('',#3895,#3899,#1118,.T.);
#5019=EDGE_CURVE('',#3900,#3900,#3145,.T.);
#5020=EDGE_CURVE('',#3901,#3901,#3146,.T.);
#5021=EDGE_CURVE('',#3659,#3902,#1119,.T.);
#5022=EDGE_CURVE('',#3903,#3902,#1120,.T.);
#5023=EDGE_CURVE('',#3903,#3660,#3147,.T.);
#5024=EDGE_CURVE('',#3904,#3904,#3148,.T.);
#5025=EDGE_CURVE('',#3905,#3905,#3149,.T.);
#5026=EDGE_CURVE('',#3906,#3906,#3150,.T.);
#5027=EDGE_CURVE('',#3530,#3744,#1121,.T.);
#5028=EDGE_CURVE('',#3550,#3743,#1122,.T.);
#5029=EDGE_CURVE('',#3543,#3742,#1123,.T.);
#5030=EDGE_CURVE('',#3524,#3741,#1124,.T.);
#5031=EDGE_CURVE('',#3561,#3746,#1125,.T.);
#5032=EDGE_CURVE('',#3533,#3740,#1126,.T.);
#5033=EDGE_CURVE('',#3517,#3745,#1127,.T.);
#5034=EDGE_CURVE('',#3539,#3739,#1128,.T.);
#5035=EDGE_CURVE('',#3677,#3832,#1129,.T.);
#5036=EDGE_CURVE('',#3678,#3856,#1130,.T.);
#5037=EDGE_CURVE('',#3647,#3855,#1131,.T.);
#5038=EDGE_CURVE('',#3649,#3854,#1132,.T.);
#5039=EDGE_CURVE('',#3648,#3901,#1133,.T.);
#5040=EDGE_CURVE('',#3650,#3853,#1134,.T.);
#5041=EDGE_CURVE('',#3651,#3852,#1135,.T.);
#5042=EDGE_CURVE('',#3652,#3851,#1136,.T.);
#5043=EDGE_CURVE('',#3654,#3850,#1137,.T.);
#5044=EDGE_CURVE('',#3653,#3904,#1138,.T.);
#5045=EDGE_CURVE('',#3655,#3849,#1139,.T.);
#5046=EDGE_CURVE('',#3656,#3848,#1140,.T.);
#5047=EDGE_CURVE('',#3657,#3847,#1141,.T.);
#5048=EDGE_CURVE('',#3737,#3846,#1142,.T.);
#5049=EDGE_CURVE('',#3902,#3845,#1143,.T.);
#5050=EDGE_CURVE('',#3903,#3844,#1144,.T.);
#5051=EDGE_CURVE('',#3843,#3905,#1145,.T.);
#5052=EDGE_CURVE('',#3669,#3842,#1146,.T.);
#5053=EDGE_CURVE('',#3670,#3841,#1147,.T.);
#5054=EDGE_CURVE('',#3671,#3840,#1148,.T.);
#5055=EDGE_CURVE('',#3672,#3839,#1149,.T.);
#5056=EDGE_CURVE('',#3838,#3900,#1150,.T.);
#5057=EDGE_CURVE('',#3673,#3837,#1151,.T.);
#5058=EDGE_CURVE('',#3674,#3836,#1152,.T.);
#5059=EDGE_CURVE('',#3675,#3835,#1153,.T.);
#5060=EDGE_CURVE('',#3676,#3834,#1154,.T.);
#5061=EDGE_CURVE('',#3833,#3906,#1155,.T.);
#5062=ORIENTED_EDGE('',*,*,#3907,.T.);
#5063=ORIENTED_EDGE('',*,*,#3908,.T.);
#5064=ORIENTED_EDGE('',*,*,#3909,.T.);
#5065=ORIENTED_EDGE('',*,*,#3910,.T.);
#5066=ORIENTED_EDGE('',*,*,#3911,.T.);
#5067=ORIENTED_EDGE('',*,*,#3912,.T.);
#5068=ORIENTED_EDGE('',*,*,#3913,.T.);
#5069=ORIENTED_EDGE('',*,*,#3914,.T.);
#5070=ORIENTED_EDGE('',*,*,#3915,.T.);
#5071=ORIENTED_EDGE('',*,*,#3916,.T.);
#5072=ORIENTED_EDGE('',*,*,#3917,.T.);
#5073=ORIENTED_EDGE('',*,*,#3918,.T.);
#5074=ORIENTED_EDGE('',*,*,#3919,.T.);
#5075=ORIENTED_EDGE('',*,*,#3920,.T.);
#5076=ORIENTED_EDGE('',*,*,#3921,.T.);
#5077=ORIENTED_EDGE('',*,*,#3922,.T.);
#5078=ORIENTED_EDGE('',*,*,#3923,.T.);
#5079=ORIENTED_EDGE('',*,*,#3924,.F.);
#5080=ORIENTED_EDGE('',*,*,#3925,.T.);
#5081=ORIENTED_EDGE('',*,*,#3926,.T.);
#5082=ORIENTED_EDGE('',*,*,#3927,.T.);
#5083=ORIENTED_EDGE('',*,*,#3928,.T.);
#5084=ORIENTED_EDGE('',*,*,#3929,.T.);
#5085=ORIENTED_EDGE('',*,*,#3930,.T.);
#5086=ORIENTED_EDGE('',*,*,#3931,.T.);
#5087=ORIENTED_EDGE('',*,*,#3932,.T.);
#5088=ORIENTED_EDGE('',*,*,#3933,.T.);
#5089=ORIENTED_EDGE('',*,*,#3934,.T.);
#5090=ORIENTED_EDGE('',*,*,#3935,.T.);
#5091=ORIENTED_EDGE('',*,*,#3936,.T.);
#5092=ORIENTED_EDGE('',*,*,#3937,.T.);
#5093=ORIENTED_EDGE('',*,*,#3938,.T.);
#5094=ORIENTED_EDGE('',*,*,#3939,.T.);
#5095=ORIENTED_EDGE('',*,*,#3940,.T.);
#5096=ORIENTED_EDGE('',*,*,#3941,.T.);
#5097=ORIENTED_EDGE('',*,*,#3942,.T.);
#5098=ORIENTED_EDGE('',*,*,#3943,.T.);
#5099=ORIENTED_EDGE('',*,*,#3944,.T.);
#5100=ORIENTED_EDGE('',*,*,#3945,.T.);
#5101=ORIENTED_EDGE('',*,*,#3946,.T.);
#5102=ORIENTED_EDGE('',*,*,#3947,.T.);
#5103=ORIENTED_EDGE('',*,*,#3948,.T.);
#5104=ORIENTED_EDGE('',*,*,#3949,.T.);
#5105=ORIENTED_EDGE('',*,*,#3950,.T.);
#5106=ORIENTED_EDGE('',*,*,#3951,.T.);
#5107=ORIENTED_EDGE('',*,*,#3952,.T.);
#5108=ORIENTED_EDGE('',*,*,#3953,.T.);
#5109=ORIENTED_EDGE('',*,*,#3954,.T.);
#5110=ORIENTED_EDGE('',*,*,#3955,.T.);
#5111=ORIENTED_EDGE('',*,*,#3956,.T.);
#5112=ORIENTED_EDGE('',*,*,#3957,.T.);
#5113=ORIENTED_EDGE('',*,*,#3958,.T.);
#5114=ORIENTED_EDGE('',*,*,#3959,.T.);
#5115=ORIENTED_EDGE('',*,*,#3960,.T.);
#5116=ORIENTED_EDGE('',*,*,#3961,.T.);
#5117=ORIENTED_EDGE('',*,*,#3962,.T.);
#5118=ORIENTED_EDGE('',*,*,#3963,.T.);
#5119=ORIENTED_EDGE('',*,*,#3964,.T.);
#5120=ORIENTED_EDGE('',*,*,#3965,.T.);
#5121=ORIENTED_EDGE('',*,*,#3966,.F.);
#5122=ORIENTED_EDGE('',*,*,#3967,.T.);
#5123=ORIENTED_EDGE('',*,*,#3968,.F.);
#5124=ORIENTED_EDGE('',*,*,#3969,.T.);
#5125=ORIENTED_EDGE('',*,*,#3970,.T.);
#5126=ORIENTED_EDGE('',*,*,#3971,.F.);
#5127=ORIENTED_EDGE('',*,*,#3972,.T.);
#5128=ORIENTED_EDGE('',*,*,#3973,.T.);
#5129=ORIENTED_EDGE('',*,*,#3974,.F.);
#5130=ORIENTED_EDGE('',*,*,#3975,.T.);
#5131=ORIENTED_EDGE('',*,*,#3976,.T.);
#5132=ORIENTED_EDGE('',*,*,#3975,.F.);
#5133=ORIENTED_EDGE('',*,*,#3977,.T.);
#5134=ORIENTED_EDGE('',*,*,#3978,.T.);
#5135=ORIENTED_EDGE('',*,*,#3979,.T.);
#5136=ORIENTED_EDGE('',*,*,#3980,.T.);
#5137=ORIENTED_EDGE('',*,*,#3981,.T.);
#5138=ORIENTED_EDGE('',*,*,#3973,.F.);
#5139=ORIENTED_EDGE('',*,*,#3982,.T.);
#5140=ORIENTED_EDGE('',*,*,#3983,.T.);
#5141=ORIENTED_EDGE('',*,*,#3969,.F.);
#5142=ORIENTED_EDGE('',*,*,#3984,.T.);
#5143=ORIENTED_EDGE('',*,*,#3985,.T.);
#5144=ORIENTED_EDGE('',*,*,#3986,.T.);
#5145=ORIENTED_EDGE('',*,*,#3987,.T.);
#5146=ORIENTED_EDGE('',*,*,#3988,.T.);
#5147=ORIENTED_EDGE('',*,*,#3989,.T.);
#5148=ORIENTED_EDGE('',*,*,#3990,.T.);
#5149=ORIENTED_EDGE('',*,*,#3991,.T.);
#5150=ORIENTED_EDGE('',*,*,#3992,.T.);
#5151=ORIENTED_EDGE('',*,*,#3993,.T.);
#5152=ORIENTED_EDGE('',*,*,#3994,.T.);
#5153=ORIENTED_EDGE('',*,*,#3995,.T.);
#5154=ORIENTED_EDGE('',*,*,#3996,.T.);
#5155=ORIENTED_EDGE('',*,*,#3997,.T.);
#5156=ORIENTED_EDGE('',*,*,#3998,.T.);
#5157=ORIENTED_EDGE('',*,*,#3999,.T.);
#5158=ORIENTED_EDGE('',*,*,#4000,.T.);
#5159=ORIENTED_EDGE('',*,*,#4001,.T.);
#5160=ORIENTED_EDGE('',*,*,#4002,.T.);
#5161=ORIENTED_EDGE('',*,*,#4003,.T.);
#5162=ORIENTED_EDGE('',*,*,#4004,.T.);
#5163=ORIENTED_EDGE('',*,*,#4005,.T.);
#5164=ORIENTED_EDGE('',*,*,#4006,.T.);
#5165=ORIENTED_EDGE('',*,*,#4007,.T.);
#5166=ORIENTED_EDGE('',*,*,#4008,.T.);
#5167=ORIENTED_EDGE('',*,*,#4009,.T.);
#5168=ORIENTED_EDGE('',*,*,#4010,.T.);
#5169=ORIENTED_EDGE('',*,*,#4011,.T.);
#5170=ORIENTED_EDGE('',*,*,#4012,.T.);
#5171=ORIENTED_EDGE('',*,*,#4013,.T.);
#5172=ORIENTED_EDGE('',*,*,#4014,.T.);
#5173=ORIENTED_EDGE('',*,*,#4015,.T.);
#5174=ORIENTED_EDGE('',*,*,#4016,.T.);
#5175=ORIENTED_EDGE('',*,*,#4017,.T.);
#5176=ORIENTED_EDGE('',*,*,#4018,.T.);
#5177=ORIENTED_EDGE('',*,*,#4019,.T.);
#5178=ORIENTED_EDGE('',*,*,#4020,.T.);
#5179=ORIENTED_EDGE('',*,*,#4021,.T.);
#5180=ORIENTED_EDGE('',*,*,#4022,.T.);
#5181=ORIENTED_EDGE('',*,*,#4023,.T.);
#5182=ORIENTED_EDGE('',*,*,#4024,.T.);
#5183=ORIENTED_EDGE('',*,*,#4025,.T.);
#5184=ORIENTED_EDGE('',*,*,#4026,.T.);
#5185=ORIENTED_EDGE('',*,*,#4027,.T.);
#5186=ORIENTED_EDGE('',*,*,#4028,.T.);
#5187=ORIENTED_EDGE('',*,*,#4029,.T.);
#5188=ORIENTED_EDGE('',*,*,#4030,.T.);
#5189=ORIENTED_EDGE('',*,*,#4031,.T.);
#5190=ORIENTED_EDGE('',*,*,#4032,.T.);
#5191=ORIENTED_EDGE('',*,*,#4033,.T.);
#5192=ORIENTED_EDGE('',*,*,#4034,.T.);
#5193=ORIENTED_EDGE('',*,*,#4035,.T.);
#5194=ORIENTED_EDGE('',*,*,#4036,.T.);
#5195=ORIENTED_EDGE('',*,*,#4037,.T.);
#5196=ORIENTED_EDGE('',*,*,#4038,.T.);
#5197=ORIENTED_EDGE('',*,*,#4039,.T.);
#5198=ORIENTED_EDGE('',*,*,#4040,.T.);
#5199=ORIENTED_EDGE('',*,*,#4041,.T.);
#5200=ORIENTED_EDGE('',*,*,#4042,.F.);
#5201=ORIENTED_EDGE('',*,*,#4043,.T.);
#5202=ORIENTED_EDGE('',*,*,#3982,.F.);
#5203=ORIENTED_EDGE('',*,*,#3972,.F.);
#5204=ORIENTED_EDGE('',*,*,#4038,.F.);
#5205=ORIENTED_EDGE('',*,*,#4044,.T.);
#5206=ORIENTED_EDGE('',*,*,#3910,.F.);
#5207=ORIENTED_EDGE('',*,*,#4045,.F.);
#5208=ORIENTED_EDGE('',*,*,#4046,.F.);
#5209=ORIENTED_EDGE('',*,*,#4041,.F.);
#5210=ORIENTED_EDGE('',*,*,#4047,.T.);
#5211=ORIENTED_EDGE('',*,*,#3911,.F.);
#5212=ORIENTED_EDGE('',*,*,#4044,.F.);
#5213=ORIENTED_EDGE('',*,*,#4040,.F.);
#5214=ORIENTED_EDGE('',*,*,#4048,.T.);
#5215=ORIENTED_EDGE('',*,*,#4049,.F.);
#5216=ORIENTED_EDGE('',*,*,#3912,.F.);
#5217=ORIENTED_EDGE('',*,*,#4047,.F.);
#5218=ORIENTED_EDGE('',*,*,#4039,.F.);
#5219=ORIENTED_EDGE('',*,*,#4046,.T.);
#5220=ORIENTED_EDGE('',*,*,#4050,.F.);
#5221=ORIENTED_EDGE('',*,*,#4048,.F.);
#5222=ORIENTED_EDGE('',*,*,#4033,.F.);
#5223=ORIENTED_EDGE('',*,*,#4051,.T.);
#5224=ORIENTED_EDGE('',*,*,#3932,.F.);
#5225=ORIENTED_EDGE('',*,*,#4052,.F.);
#5226=ORIENTED_EDGE('',*,*,#4037,.F.);
#5227=ORIENTED_EDGE('',*,*,#4053,.T.);
#5228=ORIENTED_EDGE('',*,*,#3933,.F.);
#5229=ORIENTED_EDGE('',*,*,#4051,.F.);
#5230=ORIENTED_EDGE('',*,*,#4036,.F.);
#5231=ORIENTED_EDGE('',*,*,#4054,.T.);
#5232=ORIENTED_EDGE('',*,*,#4055,.F.);
#5233=ORIENTED_EDGE('',*,*,#3934,.F.);
#5234=ORIENTED_EDGE('',*,*,#4053,.F.);
#5235=ORIENTED_EDGE('',*,*,#4035,.F.);
#5236=ORIENTED_EDGE('',*,*,#4056,.T.);
#5237=ORIENTED_EDGE('',*,*,#4057,.F.);
#5238=ORIENTED_EDGE('',*,*,#4054,.F.);
#5239=ORIENTED_EDGE('',*,*,#4034,.F.);
#5240=ORIENTED_EDGE('',*,*,#4052,.T.);
#5241=ORIENTED_EDGE('',*,*,#3931,.F.);
#5242=ORIENTED_EDGE('',*,*,#4058,.F.);
#5243=ORIENTED_EDGE('',*,*,#4056,.F.);
#5244=ORIENTED_EDGE('',*,*,#4028,.F.);
#5245=ORIENTED_EDGE('',*,*,#4059,.T.);
#5246=ORIENTED_EDGE('',*,*,#3937,.F.);
#5247=ORIENTED_EDGE('',*,*,#4060,.F.);
#5248=ORIENTED_EDGE('',*,*,#4032,.F.);
#5249=ORIENTED_EDGE('',*,*,#4061,.T.);
#5250=ORIENTED_EDGE('',*,*,#3938,.F.);
#5251=ORIENTED_EDGE('',*,*,#4059,.F.);
#5252=ORIENTED_EDGE('',*,*,#4031,.F.);
#5253=ORIENTED_EDGE('',*,*,#4062,.T.);
#5254=ORIENTED_EDGE('',*,*,#4063,.F.);
#5255=ORIENTED_EDGE('',*,*,#3939,.F.);
#5256=ORIENTED_EDGE('',*,*,#4061,.F.);
#5257=ORIENTED_EDGE('',*,*,#4030,.F.);
#5258=ORIENTED_EDGE('',*,*,#4064,.T.);
#5259=ORIENTED_EDGE('',*,*,#4065,.F.);
#5260=ORIENTED_EDGE('',*,*,#4062,.F.);
#5261=ORIENTED_EDGE('',*,*,#4029,.F.);
#5262=ORIENTED_EDGE('',*,*,#4060,.T.);
#5263=ORIENTED_EDGE('',*,*,#3936,.F.);
#5264=ORIENTED_EDGE('',*,*,#4066,.F.);
#5265=ORIENTED_EDGE('',*,*,#4064,.F.);
#5266=ORIENTED_EDGE('',*,*,#4024,.F.);
#5267=ORIENTED_EDGE('',*,*,#4067,.T.);
#5268=ORIENTED_EDGE('',*,*,#3946,.F.);
#5269=ORIENTED_EDGE('',*,*,#4068,.F.);
#5270=ORIENTED_EDGE('',*,*,#4027,.F.);
#5271=ORIENTED_EDGE('',*,*,#4069,.T.);
#5272=ORIENTED_EDGE('',*,*,#3947,.F.);
#5273=ORIENTED_EDGE('',*,*,#4067,.F.);
#5274=ORIENTED_EDGE('',*,*,#4026,.F.);
#5275=ORIENTED_EDGE('',*,*,#4070,.T.);
#5276=ORIENTED_EDGE('',*,*,#3948,.F.);
#5277=ORIENTED_EDGE('',*,*,#4069,.F.);
#5278=ORIENTED_EDGE('',*,*,#4025,.F.);
#5279=ORIENTED_EDGE('',*,*,#4068,.T.);
#5280=ORIENTED_EDGE('',*,*,#3949,.F.);
#5281=ORIENTED_EDGE('',*,*,#4070,.F.);
#5282=ORIENTED_EDGE('',*,*,#4020,.F.);
#5283=ORIENTED_EDGE('',*,*,#4071,.T.);
#5284=ORIENTED_EDGE('',*,*,#4072,.F.);
#5285=ORIENTED_EDGE('',*,*,#3929,.F.);
#5286=ORIENTED_EDGE('',*,*,#4073,.F.);
#5287=ORIENTED_EDGE('',*,*,#4023,.F.);
#5288=ORIENTED_EDGE('',*,*,#4074,.T.);
#5289=ORIENTED_EDGE('',*,*,#3926,.F.);
#5290=ORIENTED_EDGE('',*,*,#4075,.F.);
#5291=ORIENTED_EDGE('',*,*,#4071,.F.);
#5292=ORIENTED_EDGE('',*,*,#4022,.F.);
#5293=ORIENTED_EDGE('',*,*,#4076,.T.);
#5294=ORIENTED_EDGE('',*,*,#3927,.F.);
#5295=ORIENTED_EDGE('',*,*,#4074,.F.);
#5296=ORIENTED_EDGE('',*,*,#4021,.F.);
#5297=ORIENTED_EDGE('',*,*,#4073,.T.);
#5298=ORIENTED_EDGE('',*,*,#3928,.F.);
#5299=ORIENTED_EDGE('',*,*,#4076,.F.);
#5300=ORIENTED_EDGE('',*,*,#4015,.F.);
#5301=ORIENTED_EDGE('',*,*,#4077,.T.);
#5302=ORIENTED_EDGE('',*,*,#3915,.F.);
#5303=ORIENTED_EDGE('',*,*,#4078,.F.);
#5304=ORIENTED_EDGE('',*,*,#4019,.F.);
#5305=ORIENTED_EDGE('',*,*,#4079,.T.);
#5306=ORIENTED_EDGE('',*,*,#3916,.F.);
#5307=ORIENTED_EDGE('',*,*,#4077,.F.);
#5308=ORIENTED_EDGE('',*,*,#4018,.F.);
#5309=ORIENTED_EDGE('',*,*,#4080,.T.);
#5310=ORIENTED_EDGE('',*,*,#4081,.F.);
#5311=ORIENTED_EDGE('',*,*,#3917,.F.);
#5312=ORIENTED_EDGE('',*,*,#4079,.F.);
#5313=ORIENTED_EDGE('',*,*,#4017,.F.);
#5314=ORIENTED_EDGE('',*,*,#4082,.T.);
#5315=ORIENTED_EDGE('',*,*,#4083,.F.);
#5316=ORIENTED_EDGE('',*,*,#4080,.F.);
#5317=ORIENTED_EDGE('',*,*,#4016,.F.);
#5318=ORIENTED_EDGE('',*,*,#4078,.T.);
#5319=ORIENTED_EDGE('',*,*,#3914,.F.);
#5320=ORIENTED_EDGE('',*,*,#4084,.F.);
#5321=ORIENTED_EDGE('',*,*,#4082,.F.);
#5322=ORIENTED_EDGE('',*,*,#4011,.F.);
#5323=ORIENTED_EDGE('',*,*,#4085,.T.);
#5324=ORIENTED_EDGE('',*,*,#3950,.F.);
#5325=ORIENTED_EDGE('',*,*,#4086,.F.);
#5326=ORIENTED_EDGE('',*,*,#4014,.F.);
#5327=ORIENTED_EDGE('',*,*,#4087,.T.);
#5328=ORIENTED_EDGE('',*,*,#3951,.F.);
#5329=ORIENTED_EDGE('',*,*,#4085,.F.);
#5330=ORIENTED_EDGE('',*,*,#4013,.F.);
#5331=ORIENTED_EDGE('',*,*,#4088,.T.);
#5332=ORIENTED_EDGE('',*,*,#3952,.F.);
#5333=ORIENTED_EDGE('',*,*,#4087,.F.);
#5334=ORIENTED_EDGE('',*,*,#4012,.F.);
#5335=ORIENTED_EDGE('',*,*,#4086,.T.);
#5336=ORIENTED_EDGE('',*,*,#3953,.F.);
#5337=ORIENTED_EDGE('',*,*,#4088,.F.);
#5338=ORIENTED_EDGE('',*,*,#4007,.F.);
#5339=ORIENTED_EDGE('',*,*,#4089,.T.);
#5340=ORIENTED_EDGE('',*,*,#3954,.F.);
#5341=ORIENTED_EDGE('',*,*,#4090,.F.);
#5342=ORIENTED_EDGE('',*,*,#4010,.F.);
#5343=ORIENTED_EDGE('',*,*,#4091,.T.);
#5344=ORIENTED_EDGE('',*,*,#3955,.F.);
#5345=ORIENTED_EDGE('',*,*,#4089,.F.);
#5346=ORIENTED_EDGE('',*,*,#4009,.F.);
#5347=ORIENTED_EDGE('',*,*,#4092,.T.);
#5348=ORIENTED_EDGE('',*,*,#3956,.F.);
#5349=ORIENTED_EDGE('',*,*,#4091,.F.);
#5350=ORIENTED_EDGE('',*,*,#4008,.F.);
#5351=ORIENTED_EDGE('',*,*,#4090,.T.);
#5352=ORIENTED_EDGE('',*,*,#3957,.F.);
#5353=ORIENTED_EDGE('',*,*,#4092,.F.);
#5354=ORIENTED_EDGE('',*,*,#4000,.F.);
#5355=ORIENTED_EDGE('',*,*,#4093,.T.);
#5356=ORIENTED_EDGE('',*,*,#3944,.F.);
#5357=ORIENTED_EDGE('',*,*,#4094,.F.);
#5358=ORIENTED_EDGE('',*,*,#4006,.F.);
#5359=ORIENTED_EDGE('',*,*,#4095,.T.);
#5360=ORIENTED_EDGE('',*,*,#4096,.F.);
#5361=ORIENTED_EDGE('',*,*,#3945,.F.);
#5362=ORIENTED_EDGE('',*,*,#4093,.F.);
#5363=ORIENTED_EDGE('',*,*,#4005,.F.);
#5364=ORIENTED_EDGE('',*,*,#4097,.T.);
#5365=ORIENTED_EDGE('',*,*,#4098,.F.);
#5366=ORIENTED_EDGE('',*,*,#4095,.F.);
#5367=ORIENTED_EDGE('',*,*,#4004,.F.);
#5368=ORIENTED_EDGE('',*,*,#4099,.T.);
#5369=ORIENTED_EDGE('',*,*,#4100,.F.);
#5370=ORIENTED_EDGE('',*,*,#4097,.F.);
#5371=ORIENTED_EDGE('',*,*,#4003,.F.);
#5372=ORIENTED_EDGE('',*,*,#4101,.T.);
#5373=ORIENTED_EDGE('',*,*,#3941,.F.);
#5374=ORIENTED_EDGE('',*,*,#4102,.F.);
#5375=ORIENTED_EDGE('',*,*,#4099,.F.);
#5376=ORIENTED_EDGE('',*,*,#4002,.F.);
#5377=ORIENTED_EDGE('',*,*,#4103,.T.);
#5378=ORIENTED_EDGE('',*,*,#3942,.F.);
#5379=ORIENTED_EDGE('',*,*,#4101,.F.);
#5380=ORIENTED_EDGE('',*,*,#4001,.F.);
#5381=ORIENTED_EDGE('',*,*,#4094,.T.);
#5382=ORIENTED_EDGE('',*,*,#3943,.F.);
#5383=ORIENTED_EDGE('',*,*,#4103,.F.);
#5384=ORIENTED_EDGE('',*,*,#3996,.F.);
#5385=ORIENTED_EDGE('',*,*,#4104,.T.);
#5386=ORIENTED_EDGE('',*,*,#3958,.F.);
#5387=ORIENTED_EDGE('',*,*,#4105,.F.);
#5388=ORIENTED_EDGE('',*,*,#3999,.F.);
#5389=ORIENTED_EDGE('',*,*,#4106,.T.);
#5390=ORIENTED_EDGE('',*,*,#3959,.F.);
#5391=ORIENTED_EDGE('',*,*,#4104,.F.);
#5392=ORIENTED_EDGE('',*,*,#3998,.F.);
#5393=ORIENTED_EDGE('',*,*,#4107,.T.);
#5394=ORIENTED_EDGE('',*,*,#3960,.F.);
#5395=ORIENTED_EDGE('',*,*,#4106,.F.);
#5396=ORIENTED_EDGE('',*,*,#3997,.F.);
#5397=ORIENTED_EDGE('',*,*,#4105,.T.);
#5398=ORIENTED_EDGE('',*,*,#3961,.F.);
#5399=ORIENTED_EDGE('',*,*,#4107,.F.);
#5400=ORIENTED_EDGE('',*,*,#3992,.F.);
#5401=ORIENTED_EDGE('',*,*,#4108,.T.);
#5402=ORIENTED_EDGE('',*,*,#3962,.F.);
#5403=ORIENTED_EDGE('',*,*,#4109,.F.);
#5404=ORIENTED_EDGE('',*,*,#3995,.F.);
#5405=ORIENTED_EDGE('',*,*,#4110,.T.);
#5406=ORIENTED_EDGE('',*,*,#3963,.F.);
#5407=ORIENTED_EDGE('',*,*,#4108,.F.);
#5408=ORIENTED_EDGE('',*,*,#3994,.F.);
#5409=ORIENTED_EDGE('',*,*,#4111,.T.);
#5410=ORIENTED_EDGE('',*,*,#3964,.F.);
#5411=ORIENTED_EDGE('',*,*,#4110,.F.);
#5412=ORIENTED_EDGE('',*,*,#3993,.F.);
#5413=ORIENTED_EDGE('',*,*,#4109,.T.);
#5414=ORIENTED_EDGE('',*,*,#3965,.F.);
#5415=ORIENTED_EDGE('',*,*,#4111,.F.);
#5416=ORIENTED_EDGE('',*,*,#3988,.F.);
#5417=ORIENTED_EDGE('',*,*,#4112,.T.);
#5418=ORIENTED_EDGE('',*,*,#3920,.F.);
#5419=ORIENTED_EDGE('',*,*,#4113,.F.);
#5420=ORIENTED_EDGE('',*,*,#3991,.F.);
#5421=ORIENTED_EDGE('',*,*,#4114,.T.);
#5422=ORIENTED_EDGE('',*,*,#3921,.F.);
#5423=ORIENTED_EDGE('',*,*,#4112,.F.);
#5424=ORIENTED_EDGE('',*,*,#3990,.F.);
#5425=ORIENTED_EDGE('',*,*,#4115,.T.);
#5426=ORIENTED_EDGE('',*,*,#4116,.F.);
#5427=ORIENTED_EDGE('',*,*,#3922,.F.);
#5428=ORIENTED_EDGE('',*,*,#4114,.F.);
#5429=ORIENTED_EDGE('',*,*,#3989,.F.);
#5430=ORIENTED_EDGE('',*,*,#4113,.T.);
#5431=ORIENTED_EDGE('',*,*,#3919,.F.);
#5432=ORIENTED_EDGE('',*,*,#4117,.F.);
#5433=ORIENTED_EDGE('',*,*,#4115,.F.);
#5434=ORIENTED_EDGE('',*,*,#3987,.F.);
#5435=ORIENTED_EDGE('',*,*,#4118,.T.);
#5436=ORIENTED_EDGE('',*,*,#3908,.F.);
#5437=ORIENTED_EDGE('',*,*,#4118,.F.);
#5438=ORIENTED_EDGE('',*,*,#3979,.F.);
#5439=ORIENTED_EDGE('',*,*,#4119,.T.);
#5440=ORIENTED_EDGE('',*,*,#4120,.F.);
#5441=ORIENTED_EDGE('',*,*,#3978,.F.);
#5442=ORIENTED_EDGE('',*,*,#4121,.T.);
#5443=ORIENTED_EDGE('',*,*,#4122,.F.);
#5444=ORIENTED_EDGE('',*,*,#4119,.F.);
#5445=ORIENTED_EDGE('',*,*,#3983,.F.);
#5446=ORIENTED_EDGE('',*,*,#4043,.F.);
#5447=ORIENTED_EDGE('',*,*,#4123,.F.);
#5448=ORIENTED_EDGE('',*,*,#4124,.T.);
#5449=ORIENTED_EDGE('',*,*,#3977,.F.);
#5450=ORIENTED_EDGE('',*,*,#4125,.F.);
#5451=ORIENTED_EDGE('',*,*,#4121,.F.);
#5452=ORIENTED_EDGE('',*,*,#3981,.F.);
#5453=ORIENTED_EDGE('',*,*,#4124,.F.);
#5454=ORIENTED_EDGE('',*,*,#4126,.F.);
#5455=ORIENTED_EDGE('',*,*,#3966,.T.);
#5456=ORIENTED_EDGE('',*,*,#3980,.F.);
#5457=ORIENTED_EDGE('',*,*,#4120,.T.);
#5458=ORIENTED_EDGE('',*,*,#4122,.T.);
#5459=ORIENTED_EDGE('',*,*,#4125,.T.);
#5460=ORIENTED_EDGE('',*,*,#4126,.T.);
#5461=ORIENTED_EDGE('',*,*,#4123,.T.);
#5462=ORIENTED_EDGE('',*,*,#4042,.T.);
#5463=ORIENTED_EDGE('',*,*,#3971,.T.);
#5464=ORIENTED_EDGE('',*,*,#4127,.F.);
#5465=ORIENTED_EDGE('',*,*,#4128,.F.);
#5466=ORIENTED_EDGE('',*,*,#3924,.T.);
#5467=ORIENTED_EDGE('',*,*,#4129,.F.);
#5468=ORIENTED_EDGE('',*,*,#4130,.F.);
#5469=ORIENTED_EDGE('',*,*,#3967,.F.);
#5470=ORIENTED_EDGE('',*,*,#4131,.F.);
#5471=ORIENTED_EDGE('',*,*,#4132,.T.);
#5472=ORIENTED_EDGE('',*,*,#3985,.F.);
#5473=ORIENTED_EDGE('',*,*,#4133,.F.);
#5474=ORIENTED_EDGE('',*,*,#4134,.F.);
#5475=ORIENTED_EDGE('',*,*,#4135,.T.);
#5476=ORIENTED_EDGE('',*,*,#4136,.F.);
#5477=ORIENTED_EDGE('',*,*,#4135,.F.);
#5478=ORIENTED_EDGE('',*,*,#4134,.T.);
#5479=ORIENTED_EDGE('',*,*,#4137,.F.);
#5480=ORIENTED_EDGE('',*,*,#4138,.T.);
#5481=ORIENTED_EDGE('',*,*,#4139,.F.);
#5482=ORIENTED_EDGE('',*,*,#4138,.F.);
#5483=ORIENTED_EDGE('',*,*,#4137,.T.);
#5484=ORIENTED_EDGE('',*,*,#3974,.T.);
#5485=ORIENTED_EDGE('',*,*,#4139,.T.);
#5486=ORIENTED_EDGE('',*,*,#3976,.F.);
#5487=ORIENTED_EDGE('',*,*,#4136,.T.);
#5488=ORIENTED_EDGE('',*,*,#4063,.T.);
#5489=ORIENTED_EDGE('',*,*,#4065,.T.);
#5490=ORIENTED_EDGE('',*,*,#4066,.T.);
#5491=ORIENTED_EDGE('',*,*,#4140,.T.);
#5492=ORIENTED_EDGE('',*,*,#4055,.T.);
#5493=ORIENTED_EDGE('',*,*,#4057,.T.);
#5494=ORIENTED_EDGE('',*,*,#4058,.T.);
#5495=ORIENTED_EDGE('',*,*,#4141,.T.);
#5496=ORIENTED_EDGE('',*,*,#4142,.T.);
#5497=ORIENTED_EDGE('',*,*,#4072,.T.);
#5498=ORIENTED_EDGE('',*,*,#4075,.T.);
#5499=ORIENTED_EDGE('',*,*,#4143,.T.);
#5500=ORIENTED_EDGE('',*,*,#4128,.T.);
#5501=ORIENTED_EDGE('',*,*,#4144,.T.);
#5502=ORIENTED_EDGE('',*,*,#4145,.T.);
#5503=ORIENTED_EDGE('',*,*,#4146,.T.);
#5504=ORIENTED_EDGE('',*,*,#4131,.T.);
#5505=ORIENTED_EDGE('',*,*,#4147,.T.);
#5506=ORIENTED_EDGE('',*,*,#4148,.T.);
#5507=ORIENTED_EDGE('',*,*,#4149,.T.);
#5508=ORIENTED_EDGE('',*,*,#4150,.T.);
#5509=ORIENTED_EDGE('',*,*,#4151,.T.);
#5510=ORIENTED_EDGE('',*,*,#4152,.T.);
#5511=ORIENTED_EDGE('',*,*,#4153,.T.);
#5512=ORIENTED_EDGE('',*,*,#4129,.T.);
#5513=ORIENTED_EDGE('',*,*,#4154,.T.);
#5514=ORIENTED_EDGE('',*,*,#4155,.T.);
#5515=ORIENTED_EDGE('',*,*,#4156,.T.);
#5516=ORIENTED_EDGE('',*,*,#4117,.T.);
#5517=ORIENTED_EDGE('',*,*,#4157,.T.);
#5518=ORIENTED_EDGE('',*,*,#4116,.T.);
#5519=ORIENTED_EDGE('',*,*,#4084,.T.);
#5520=ORIENTED_EDGE('',*,*,#4158,.T.);
#5521=ORIENTED_EDGE('',*,*,#4159,.T.);
#5522=ORIENTED_EDGE('',*,*,#4081,.T.);
#5523=ORIENTED_EDGE('',*,*,#4083,.T.);
#5524=ORIENTED_EDGE('',*,*,#4045,.T.);
#5525=ORIENTED_EDGE('',*,*,#4160,.T.);
#5526=ORIENTED_EDGE('',*,*,#4049,.T.);
#5527=ORIENTED_EDGE('',*,*,#4050,.T.);
#5528=ORIENTED_EDGE('',*,*,#4096,.T.);
#5529=ORIENTED_EDGE('',*,*,#4098,.T.);
#5530=ORIENTED_EDGE('',*,*,#4100,.T.);
#5531=ORIENTED_EDGE('',*,*,#4102,.T.);
#5532=ORIENTED_EDGE('',*,*,#4161,.T.);
#5533=ORIENTED_EDGE('',*,*,#4162,.T.);
#5534=ORIENTED_EDGE('',*,*,#4163,.T.);
#5535=ORIENTED_EDGE('',*,*,#4164,.T.);
#5536=ORIENTED_EDGE('',*,*,#4165,.F.);
#5537=ORIENTED_EDGE('',*,*,#4166,.F.);
#5538=ORIENTED_EDGE('',*,*,#4167,.F.);
#5539=ORIENTED_EDGE('',*,*,#4168,.T.);
#5540=ORIENTED_EDGE('',*,*,#4169,.T.);
#5541=ORIENTED_EDGE('',*,*,#4170,.T.);
#5542=ORIENTED_EDGE('',*,*,#4171,.T.);
#5543=ORIENTED_EDGE('',*,*,#4172,.T.);
#5544=ORIENTED_EDGE('',*,*,#4173,.T.);
#5545=ORIENTED_EDGE('',*,*,#4174,.T.);
#5546=ORIENTED_EDGE('',*,*,#4175,.T.);
#5547=ORIENTED_EDGE('',*,*,#4176,.T.);
#5548=ORIENTED_EDGE('',*,*,#4177,.T.);
#5549=ORIENTED_EDGE('',*,*,#4178,.T.);
#5550=ORIENTED_EDGE('',*,*,#4179,.F.);
#5551=ORIENTED_EDGE('',*,*,#4180,.T.);
#5552=ORIENTED_EDGE('',*,*,#4181,.T.);
#5553=ORIENTED_EDGE('',*,*,#4182,.T.);
#5554=ORIENTED_EDGE('',*,*,#4183,.T.);
#5555=ORIENTED_EDGE('',*,*,#4184,.T.);
#5556=ORIENTED_EDGE('',*,*,#4185,.T.);
#5557=ORIENTED_EDGE('',*,*,#4186,.T.);
#5558=ORIENTED_EDGE('',*,*,#4187,.T.);
#5559=ORIENTED_EDGE('',*,*,#4188,.T.);
#5560=ORIENTED_EDGE('',*,*,#4189,.T.);
#5561=ORIENTED_EDGE('',*,*,#4190,.T.);
#5562=ORIENTED_EDGE('',*,*,#4191,.T.);
#5563=ORIENTED_EDGE('',*,*,#4192,.T.);
#5564=ORIENTED_EDGE('',*,*,#4193,.T.);
#5565=ORIENTED_EDGE('',*,*,#4194,.T.);
#5566=ORIENTED_EDGE('',*,*,#4195,.T.);
#5567=ORIENTED_EDGE('',*,*,#4196,.T.);
#5568=ORIENTED_EDGE('',*,*,#4197,.T.);
#5569=ORIENTED_EDGE('',*,*,#4198,.T.);
#5570=ORIENTED_EDGE('',*,*,#4199,.T.);
#5571=ORIENTED_EDGE('',*,*,#4200,.T.);
#5572=ORIENTED_EDGE('',*,*,#4201,.T.);
#5573=ORIENTED_EDGE('',*,*,#4202,.T.);
#5574=ORIENTED_EDGE('',*,*,#4203,.T.);
#5575=ORIENTED_EDGE('',*,*,#4204,.T.);
#5576=ORIENTED_EDGE('',*,*,#4205,.T.);
#5577=ORIENTED_EDGE('',*,*,#4206,.T.);
#5578=ORIENTED_EDGE('',*,*,#4207,.T.);
#5579=ORIENTED_EDGE('',*,*,#4208,.T.);
#5580=ORIENTED_EDGE('',*,*,#4209,.T.);
#5581=ORIENTED_EDGE('',*,*,#4210,.T.);
#5582=ORIENTED_EDGE('',*,*,#4211,.T.);
#5583=ORIENTED_EDGE('',*,*,#4212,.T.);
#5584=ORIENTED_EDGE('',*,*,#4213,.T.);
#5585=ORIENTED_EDGE('',*,*,#4214,.T.);
#5586=ORIENTED_EDGE('',*,*,#4215,.T.);
#5587=ORIENTED_EDGE('',*,*,#4216,.T.);
#5588=ORIENTED_EDGE('',*,*,#4217,.T.);
#5589=ORIENTED_EDGE('',*,*,#4218,.T.);
#5590=ORIENTED_EDGE('',*,*,#4219,.T.);
#5591=ORIENTED_EDGE('',*,*,#4220,.T.);
#5592=ORIENTED_EDGE('',*,*,#4221,.T.);
#5593=ORIENTED_EDGE('',*,*,#4222,.T.);
#5594=ORIENTED_EDGE('',*,*,#4223,.T.);
#5595=ORIENTED_EDGE('',*,*,#4224,.T.);
#5596=ORIENTED_EDGE('',*,*,#4225,.T.);
#5597=ORIENTED_EDGE('',*,*,#4226,.T.);
#5598=ORIENTED_EDGE('',*,*,#4227,.T.);
#5599=ORIENTED_EDGE('',*,*,#4228,.T.);
#5600=ORIENTED_EDGE('',*,*,#4229,.T.);
#5601=ORIENTED_EDGE('',*,*,#4230,.T.);
#5602=ORIENTED_EDGE('',*,*,#4231,.T.);
#5603=ORIENTED_EDGE('',*,*,#4232,.T.);
#5604=ORIENTED_EDGE('',*,*,#4233,.T.);
#5605=ORIENTED_EDGE('',*,*,#4234,.T.);
#5606=ORIENTED_EDGE('',*,*,#4235,.T.);
#5607=ORIENTED_EDGE('',*,*,#4236,.T.);
#5608=ORIENTED_EDGE('',*,*,#4237,.T.);
#5609=ORIENTED_EDGE('',*,*,#4238,.T.);
#5610=ORIENTED_EDGE('',*,*,#4239,.T.);
#5611=ORIENTED_EDGE('',*,*,#4240,.T.);
#5612=ORIENTED_EDGE('',*,*,#4241,.T.);
#5613=ORIENTED_EDGE('',*,*,#4242,.T.);
#5614=ORIENTED_EDGE('',*,*,#4243,.T.);
#5615=ORIENTED_EDGE('',*,*,#4244,.T.);
#5616=ORIENTED_EDGE('',*,*,#4245,.T.);
#5617=ORIENTED_EDGE('',*,*,#4246,.T.);
#5618=ORIENTED_EDGE('',*,*,#4247,.F.);
#5619=ORIENTED_EDGE('',*,*,#4248,.T.);
#5620=ORIENTED_EDGE('',*,*,#4249,.F.);
#5621=ORIENTED_EDGE('',*,*,#4250,.T.);
#5622=ORIENTED_EDGE('',*,*,#4251,.T.);
#5623=ORIENTED_EDGE('',*,*,#4252,.F.);
#5624=ORIENTED_EDGE('',*,*,#4253,.T.);
#5625=ORIENTED_EDGE('',*,*,#4254,.T.);
#5626=ORIENTED_EDGE('',*,*,#4255,.F.);
#5627=ORIENTED_EDGE('',*,*,#4256,.T.);
#5628=ORIENTED_EDGE('',*,*,#4257,.T.);
#5629=ORIENTED_EDGE('',*,*,#4256,.F.);
#5630=ORIENTED_EDGE('',*,*,#4258,.T.);
#5631=ORIENTED_EDGE('',*,*,#4259,.T.);
#5632=ORIENTED_EDGE('',*,*,#4260,.T.);
#5633=ORIENTED_EDGE('',*,*,#4261,.T.);
#5634=ORIENTED_EDGE('',*,*,#4262,.T.);
#5635=ORIENTED_EDGE('',*,*,#4254,.F.);
#5636=ORIENTED_EDGE('',*,*,#4263,.T.);
#5637=ORIENTED_EDGE('',*,*,#4264,.T.);
#5638=ORIENTED_EDGE('',*,*,#4250,.F.);
#5639=ORIENTED_EDGE('',*,*,#4265,.T.);
#5640=ORIENTED_EDGE('',*,*,#4266,.T.);
#5641=ORIENTED_EDGE('',*,*,#4267,.T.);
#5642=ORIENTED_EDGE('',*,*,#4268,.T.);
#5643=ORIENTED_EDGE('',*,*,#4269,.T.);
#5644=ORIENTED_EDGE('',*,*,#4270,.T.);
#5645=ORIENTED_EDGE('',*,*,#4271,.T.);
#5646=ORIENTED_EDGE('',*,*,#4272,.T.);
#5647=ORIENTED_EDGE('',*,*,#4273,.T.);
#5648=ORIENTED_EDGE('',*,*,#4274,.T.);
#5649=ORIENTED_EDGE('',*,*,#4275,.T.);
#5650=ORIENTED_EDGE('',*,*,#4276,.T.);
#5651=ORIENTED_EDGE('',*,*,#4277,.T.);
#5652=ORIENTED_EDGE('',*,*,#4278,.T.);
#5653=ORIENTED_EDGE('',*,*,#4279,.T.);
#5654=ORIENTED_EDGE('',*,*,#4280,.T.);
#5655=ORIENTED_EDGE('',*,*,#4281,.T.);
#5656=ORIENTED_EDGE('',*,*,#4282,.T.);
#5657=ORIENTED_EDGE('',*,*,#4283,.T.);
#5658=ORIENTED_EDGE('',*,*,#4284,.T.);
#5659=ORIENTED_EDGE('',*,*,#4285,.T.);
#5660=ORIENTED_EDGE('',*,*,#4286,.T.);
#5661=ORIENTED_EDGE('',*,*,#4287,.T.);
#5662=ORIENTED_EDGE('',*,*,#4288,.T.);
#5663=ORIENTED_EDGE('',*,*,#4289,.T.);
#5664=ORIENTED_EDGE('',*,*,#4290,.T.);
#5665=ORIENTED_EDGE('',*,*,#4291,.T.);
#5666=ORIENTED_EDGE('',*,*,#4292,.T.);
#5667=ORIENTED_EDGE('',*,*,#4293,.T.);
#5668=ORIENTED_EDGE('',*,*,#4294,.T.);
#5669=ORIENTED_EDGE('',*,*,#4295,.T.);
#5670=ORIENTED_EDGE('',*,*,#4296,.T.);
#5671=ORIENTED_EDGE('',*,*,#4297,.T.);
#5672=ORIENTED_EDGE('',*,*,#4298,.T.);
#5673=ORIENTED_EDGE('',*,*,#4299,.T.);
#5674=ORIENTED_EDGE('',*,*,#4300,.T.);
#5675=ORIENTED_EDGE('',*,*,#4301,.T.);
#5676=ORIENTED_EDGE('',*,*,#4302,.T.);
#5677=ORIENTED_EDGE('',*,*,#4303,.T.);
#5678=ORIENTED_EDGE('',*,*,#4304,.T.);
#5679=ORIENTED_EDGE('',*,*,#4305,.T.);
#5680=ORIENTED_EDGE('',*,*,#4306,.T.);
#5681=ORIENTED_EDGE('',*,*,#4307,.T.);
#5682=ORIENTED_EDGE('',*,*,#4308,.T.);
#5683=ORIENTED_EDGE('',*,*,#4309,.T.);
#5684=ORIENTED_EDGE('',*,*,#4310,.T.);
#5685=ORIENTED_EDGE('',*,*,#4311,.T.);
#5686=ORIENTED_EDGE('',*,*,#4312,.T.);
#5687=ORIENTED_EDGE('',*,*,#4313,.T.);
#5688=ORIENTED_EDGE('',*,*,#4314,.T.);
#5689=ORIENTED_EDGE('',*,*,#4315,.T.);
#5690=ORIENTED_EDGE('',*,*,#4316,.T.);
#5691=ORIENTED_EDGE('',*,*,#4317,.T.);
#5692=ORIENTED_EDGE('',*,*,#4318,.T.);
#5693=ORIENTED_EDGE('',*,*,#4319,.T.);
#5694=ORIENTED_EDGE('',*,*,#4320,.T.);
#5695=ORIENTED_EDGE('',*,*,#4321,.T.);
#5696=ORIENTED_EDGE('',*,*,#4322,.T.);
#5697=ORIENTED_EDGE('',*,*,#4323,.T.);
#5698=ORIENTED_EDGE('',*,*,#4324,.T.);
#5699=ORIENTED_EDGE('',*,*,#4325,.T.);
#5700=ORIENTED_EDGE('',*,*,#4326,.T.);
#5701=ORIENTED_EDGE('',*,*,#4327,.T.);
#5702=ORIENTED_EDGE('',*,*,#4328,.T.);
#5703=ORIENTED_EDGE('',*,*,#4329,.T.);
#5704=ORIENTED_EDGE('',*,*,#4330,.T.);
#5705=ORIENTED_EDGE('',*,*,#4331,.T.);
#5706=ORIENTED_EDGE('',*,*,#4332,.T.);
#5707=ORIENTED_EDGE('',*,*,#4333,.T.);
#5708=ORIENTED_EDGE('',*,*,#4334,.T.);
#5709=ORIENTED_EDGE('',*,*,#4335,.T.);
#5710=ORIENTED_EDGE('',*,*,#4336,.T.);
#5711=ORIENTED_EDGE('',*,*,#4337,.T.);
#5712=ORIENTED_EDGE('',*,*,#4338,.T.);
#5713=ORIENTED_EDGE('',*,*,#4339,.T.);
#5714=ORIENTED_EDGE('',*,*,#4340,.T.);
#5715=ORIENTED_EDGE('',*,*,#4341,.T.);
#5716=ORIENTED_EDGE('',*,*,#4342,.F.);
#5717=ORIENTED_EDGE('',*,*,#4343,.T.);
#5718=ORIENTED_EDGE('',*,*,#4263,.F.);
#5719=ORIENTED_EDGE('',*,*,#4253,.F.);
#5720=ORIENTED_EDGE('',*,*,#4338,.F.);
#5721=ORIENTED_EDGE('',*,*,#4344,.T.);
#5722=ORIENTED_EDGE('',*,*,#4194,.F.);
#5723=ORIENTED_EDGE('',*,*,#4345,.F.);
#5724=ORIENTED_EDGE('',*,*,#4341,.F.);
#5725=ORIENTED_EDGE('',*,*,#4346,.T.);
#5726=ORIENTED_EDGE('',*,*,#4195,.F.);
#5727=ORIENTED_EDGE('',*,*,#4344,.F.);
#5728=ORIENTED_EDGE('',*,*,#4340,.F.);
#5729=ORIENTED_EDGE('',*,*,#4347,.T.);
#5730=ORIENTED_EDGE('',*,*,#4196,.F.);
#5731=ORIENTED_EDGE('',*,*,#4346,.F.);
#5732=ORIENTED_EDGE('',*,*,#4339,.F.);
#5733=ORIENTED_EDGE('',*,*,#4345,.T.);
#5734=ORIENTED_EDGE('',*,*,#4197,.F.);
#5735=ORIENTED_EDGE('',*,*,#4347,.F.);
#5736=ORIENTED_EDGE('',*,*,#4333,.F.);
#5737=ORIENTED_EDGE('',*,*,#4348,.T.);
#5738=ORIENTED_EDGE('',*,*,#4198,.F.);
#5739=ORIENTED_EDGE('',*,*,#4349,.F.);
#5740=ORIENTED_EDGE('',*,*,#4337,.F.);
#5741=ORIENTED_EDGE('',*,*,#4350,.T.);
#5742=ORIENTED_EDGE('',*,*,#4199,.F.);
#5743=ORIENTED_EDGE('',*,*,#4348,.F.);
#5744=ORIENTED_EDGE('',*,*,#4336,.F.);
#5745=ORIENTED_EDGE('',*,*,#4351,.T.);
#5746=ORIENTED_EDGE('',*,*,#4200,.F.);
#5747=ORIENTED_EDGE('',*,*,#4350,.F.);
#5748=ORIENTED_EDGE('',*,*,#4335,.F.);
#5749=ORIENTED_EDGE('',*,*,#4352,.T.);
#5750=ORIENTED_EDGE('',*,*,#4201,.F.);
#5751=ORIENTED_EDGE('',*,*,#4351,.F.);
#5752=ORIENTED_EDGE('',*,*,#4334,.F.);
#5753=ORIENTED_EDGE('',*,*,#4349,.T.);
#5754=ORIENTED_EDGE('',*,*,#4202,.F.);
#5755=ORIENTED_EDGE('',*,*,#4352,.F.);
#5756=ORIENTED_EDGE('',*,*,#4330,.F.);
#5757=ORIENTED_EDGE('',*,*,#4353,.T.);
#5758=ORIENTED_EDGE('',*,*,#4203,.F.);
#5759=ORIENTED_EDGE('',*,*,#4354,.F.);
#5760=ORIENTED_EDGE('',*,*,#4332,.F.);
#5761=ORIENTED_EDGE('',*,*,#4355,.T.);
#5762=ORIENTED_EDGE('',*,*,#4204,.F.);
#5763=ORIENTED_EDGE('',*,*,#4353,.F.);
#5764=ORIENTED_EDGE('',*,*,#4331,.F.);
#5765=ORIENTED_EDGE('',*,*,#4354,.T.);
#5766=ORIENTED_EDGE('',*,*,#4205,.F.);
#5767=ORIENTED_EDGE('',*,*,#4355,.F.);
#5768=ORIENTED_EDGE('',*,*,#4324,.F.);
#5769=ORIENTED_EDGE('',*,*,#4356,.T.);
#5770=ORIENTED_EDGE('',*,*,#4188,.F.);
#5771=ORIENTED_EDGE('',*,*,#4357,.F.);
#5772=ORIENTED_EDGE('',*,*,#4358,.F.);
#5773=ORIENTED_EDGE('',*,*,#4329,.F.);
#5774=ORIENTED_EDGE('',*,*,#4359,.T.);
#5775=ORIENTED_EDGE('',*,*,#4189,.F.);
#5776=ORIENTED_EDGE('',*,*,#4356,.F.);
#5777=ORIENTED_EDGE('',*,*,#4328,.F.);
#5778=ORIENTED_EDGE('',*,*,#4360,.T.);
#5779=ORIENTED_EDGE('',*,*,#4190,.F.);
#5780=ORIENTED_EDGE('',*,*,#4359,.F.);
#5781=ORIENTED_EDGE('',*,*,#4327,.F.);
#5782=ORIENTED_EDGE('',*,*,#4361,.T.);
#5783=ORIENTED_EDGE('',*,*,#4191,.F.);
#5784=ORIENTED_EDGE('',*,*,#4360,.F.);
#5785=ORIENTED_EDGE('',*,*,#4326,.F.);
#5786=ORIENTED_EDGE('',*,*,#4362,.T.);
#5787=ORIENTED_EDGE('',*,*,#4192,.F.);
#5788=ORIENTED_EDGE('',*,*,#4361,.F.);
#5789=ORIENTED_EDGE('',*,*,#4325,.F.);
#5790=ORIENTED_EDGE('',*,*,#4358,.T.);
#5791=ORIENTED_EDGE('',*,*,#4363,.F.);
#5792=ORIENTED_EDGE('',*,*,#4193,.F.);
#5793=ORIENTED_EDGE('',*,*,#4362,.F.);
#5794=ORIENTED_EDGE('',*,*,#4319,.F.);
#5795=ORIENTED_EDGE('',*,*,#4364,.T.);
#5796=ORIENTED_EDGE('',*,*,#4184,.F.);
#5797=ORIENTED_EDGE('',*,*,#4365,.F.);
#5798=ORIENTED_EDGE('',*,*,#4323,.F.);
#5799=ORIENTED_EDGE('',*,*,#4366,.T.);
#5800=ORIENTED_EDGE('',*,*,#4185,.F.);
#5801=ORIENTED_EDGE('',*,*,#4364,.F.);
#5802=ORIENTED_EDGE('',*,*,#4322,.F.);
#5803=ORIENTED_EDGE('',*,*,#4367,.T.);
#5804=ORIENTED_EDGE('',*,*,#4368,.F.);
#5805=ORIENTED_EDGE('',*,*,#4186,.F.);
#5806=ORIENTED_EDGE('',*,*,#4366,.F.);
#5807=ORIENTED_EDGE('',*,*,#4321,.F.);
#5808=ORIENTED_EDGE('',*,*,#4369,.T.);
#5809=ORIENTED_EDGE('',*,*,#4182,.F.);
#5810=ORIENTED_EDGE('',*,*,#4370,.F.);
#5811=ORIENTED_EDGE('',*,*,#4367,.F.);
#5812=ORIENTED_EDGE('',*,*,#4320,.F.);
#5813=ORIENTED_EDGE('',*,*,#4365,.T.);
#5814=ORIENTED_EDGE('',*,*,#4183,.F.);
#5815=ORIENTED_EDGE('',*,*,#4369,.F.);
#5816=ORIENTED_EDGE('',*,*,#4314,.F.);
#5817=ORIENTED_EDGE('',*,*,#4371,.T.);
#5818=ORIENTED_EDGE('',*,*,#4206,.F.);
#5819=ORIENTED_EDGE('',*,*,#4372,.F.);
#5820=ORIENTED_EDGE('',*,*,#4318,.F.);
#5821=ORIENTED_EDGE('',*,*,#4373,.T.);
#5822=ORIENTED_EDGE('',*,*,#4207,.F.);
#5823=ORIENTED_EDGE('',*,*,#4371,.F.);
#5824=ORIENTED_EDGE('',*,*,#4317,.F.);
#5825=ORIENTED_EDGE('',*,*,#4374,.T.);
#5826=ORIENTED_EDGE('',*,*,#4208,.F.);
#5827=ORIENTED_EDGE('',*,*,#4373,.F.);
#5828=ORIENTED_EDGE('',*,*,#4316,.F.);
#5829=ORIENTED_EDGE('',*,*,#4375,.T.);
#5830=ORIENTED_EDGE('',*,*,#4209,.F.);
#5831=ORIENTED_EDGE('',*,*,#4374,.F.);
#5832=ORIENTED_EDGE('',*,*,#4315,.F.);
#5833=ORIENTED_EDGE('',*,*,#4372,.T.);
#5834=ORIENTED_EDGE('',*,*,#4210,.F.);
#5835=ORIENTED_EDGE('',*,*,#4375,.F.);
#5836=ORIENTED_EDGE('',*,*,#4309,.F.);
#5837=ORIENTED_EDGE('',*,*,#4376,.T.);
#5838=ORIENTED_EDGE('',*,*,#4211,.F.);
#5839=ORIENTED_EDGE('',*,*,#4377,.F.);
#5840=ORIENTED_EDGE('',*,*,#4313,.F.);
#5841=ORIENTED_EDGE('',*,*,#4378,.T.);
#5842=ORIENTED_EDGE('',*,*,#4212,.F.);
#5843=ORIENTED_EDGE('',*,*,#4376,.F.);
#5844=ORIENTED_EDGE('',*,*,#4312,.F.);
#5845=ORIENTED_EDGE('',*,*,#4379,.T.);
#5846=ORIENTED_EDGE('',*,*,#4213,.F.);
#5847=ORIENTED_EDGE('',*,*,#4378,.F.);
#5848=ORIENTED_EDGE('',*,*,#4311,.F.);
#5849=ORIENTED_EDGE('',*,*,#4380,.T.);
#5850=ORIENTED_EDGE('',*,*,#4214,.F.);
#5851=ORIENTED_EDGE('',*,*,#4379,.F.);
#5852=ORIENTED_EDGE('',*,*,#4310,.F.);
#5853=ORIENTED_EDGE('',*,*,#4377,.T.);
#5854=ORIENTED_EDGE('',*,*,#4215,.F.);
#5855=ORIENTED_EDGE('',*,*,#4380,.F.);
#5856=ORIENTED_EDGE('',*,*,#4304,.F.);
#5857=ORIENTED_EDGE('',*,*,#4381,.T.);
#5858=ORIENTED_EDGE('',*,*,#4216,.F.);
#5859=ORIENTED_EDGE('',*,*,#4382,.F.);
#5860=ORIENTED_EDGE('',*,*,#4308,.F.);
#5861=ORIENTED_EDGE('',*,*,#4383,.T.);
#5862=ORIENTED_EDGE('',*,*,#4217,.F.);
#5863=ORIENTED_EDGE('',*,*,#4381,.F.);
#5864=ORIENTED_EDGE('',*,*,#4307,.F.);
#5865=ORIENTED_EDGE('',*,*,#4384,.T.);
#5866=ORIENTED_EDGE('',*,*,#4218,.F.);
#5867=ORIENTED_EDGE('',*,*,#4383,.F.);
#5868=ORIENTED_EDGE('',*,*,#4306,.F.);
#5869=ORIENTED_EDGE('',*,*,#4385,.T.);
#5870=ORIENTED_EDGE('',*,*,#4219,.F.);
#5871=ORIENTED_EDGE('',*,*,#4384,.F.);
#5872=ORIENTED_EDGE('',*,*,#4305,.F.);
#5873=ORIENTED_EDGE('',*,*,#4382,.T.);
#5874=ORIENTED_EDGE('',*,*,#4220,.F.);
#5875=ORIENTED_EDGE('',*,*,#4385,.F.);
#5876=ORIENTED_EDGE('',*,*,#4299,.F.);
#5877=ORIENTED_EDGE('',*,*,#4386,.T.);
#5878=ORIENTED_EDGE('',*,*,#4221,.F.);
#5879=ORIENTED_EDGE('',*,*,#4387,.F.);
#5880=ORIENTED_EDGE('',*,*,#4303,.F.);
#5881=ORIENTED_EDGE('',*,*,#4388,.T.);
#5882=ORIENTED_EDGE('',*,*,#4222,.F.);
#5883=ORIENTED_EDGE('',*,*,#4386,.F.);
#5884=ORIENTED_EDGE('',*,*,#4302,.F.);
#5885=ORIENTED_EDGE('',*,*,#4389,.T.);
#5886=ORIENTED_EDGE('',*,*,#4223,.F.);
#5887=ORIENTED_EDGE('',*,*,#4388,.F.);
#5888=ORIENTED_EDGE('',*,*,#4301,.F.);
#5889=ORIENTED_EDGE('',*,*,#4390,.T.);
#5890=ORIENTED_EDGE('',*,*,#4224,.F.);
#5891=ORIENTED_EDGE('',*,*,#4389,.F.);
#5892=ORIENTED_EDGE('',*,*,#4300,.F.);
#5893=ORIENTED_EDGE('',*,*,#4387,.T.);
#5894=ORIENTED_EDGE('',*,*,#4225,.F.);
#5895=ORIENTED_EDGE('',*,*,#4390,.F.);
#5896=ORIENTED_EDGE('',*,*,#4294,.F.);
#5897=ORIENTED_EDGE('',*,*,#4391,.T.);
#5898=ORIENTED_EDGE('',*,*,#4226,.F.);
#5899=ORIENTED_EDGE('',*,*,#4392,.F.);
#5900=ORIENTED_EDGE('',*,*,#4298,.F.);
#5901=ORIENTED_EDGE('',*,*,#4393,.T.);
#5902=ORIENTED_EDGE('',*,*,#4227,.F.);
#5903=ORIENTED_EDGE('',*,*,#4391,.F.);
#5904=ORIENTED_EDGE('',*,*,#4297,.F.);
#5905=ORIENTED_EDGE('',*,*,#4394,.T.);
#5906=ORIENTED_EDGE('',*,*,#4228,.F.);
#5907=ORIENTED_EDGE('',*,*,#4393,.F.);
#5908=ORIENTED_EDGE('',*,*,#4296,.F.);
#5909=ORIENTED_EDGE('',*,*,#4395,.T.);
#5910=ORIENTED_EDGE('',*,*,#4229,.F.);
#5911=ORIENTED_EDGE('',*,*,#4394,.F.);
#5912=ORIENTED_EDGE('',*,*,#4295,.F.);
#5913=ORIENTED_EDGE('',*,*,#4392,.T.);
#5914=ORIENTED_EDGE('',*,*,#4230,.F.);
#5915=ORIENTED_EDGE('',*,*,#4395,.F.);
#5916=ORIENTED_EDGE('',*,*,#4290,.F.);
#5917=ORIENTED_EDGE('',*,*,#4396,.T.);
#5918=ORIENTED_EDGE('',*,*,#4231,.F.);
#5919=ORIENTED_EDGE('',*,*,#4397,.F.);
#5920=ORIENTED_EDGE('',*,*,#4293,.F.);
#5921=ORIENTED_EDGE('',*,*,#4398,.T.);
#5922=ORIENTED_EDGE('',*,*,#4232,.F.);
#5923=ORIENTED_EDGE('',*,*,#4396,.F.);
#5924=ORIENTED_EDGE('',*,*,#4292,.F.);
#5925=ORIENTED_EDGE('',*,*,#4399,.T.);
#5926=ORIENTED_EDGE('',*,*,#4233,.F.);
#5927=ORIENTED_EDGE('',*,*,#4398,.F.);
#5928=ORIENTED_EDGE('',*,*,#4291,.F.);
#5929=ORIENTED_EDGE('',*,*,#4397,.T.);
#5930=ORIENTED_EDGE('',*,*,#4234,.F.);
#5931=ORIENTED_EDGE('',*,*,#4399,.F.);
#5932=ORIENTED_EDGE('',*,*,#4285,.F.);
#5933=ORIENTED_EDGE('',*,*,#4400,.T.);
#5934=ORIENTED_EDGE('',*,*,#4170,.F.);
#5935=ORIENTED_EDGE('',*,*,#4401,.F.);
#5936=ORIENTED_EDGE('',*,*,#4289,.F.);
#5937=ORIENTED_EDGE('',*,*,#4402,.T.);
#5938=ORIENTED_EDGE('',*,*,#4171,.F.);
#5939=ORIENTED_EDGE('',*,*,#4400,.F.);
#5940=ORIENTED_EDGE('',*,*,#4288,.F.);
#5941=ORIENTED_EDGE('',*,*,#4403,.T.);
#5942=ORIENTED_EDGE('',*,*,#4404,.F.);
#5943=ORIENTED_EDGE('',*,*,#4172,.F.);
#5944=ORIENTED_EDGE('',*,*,#4402,.F.);
#5945=ORIENTED_EDGE('',*,*,#4287,.F.);
#5946=ORIENTED_EDGE('',*,*,#4405,.T.);
#5947=ORIENTED_EDGE('',*,*,#4406,.F.);
#5948=ORIENTED_EDGE('',*,*,#4403,.F.);
#5949=ORIENTED_EDGE('',*,*,#4286,.F.);
#5950=ORIENTED_EDGE('',*,*,#4401,.T.);
#5951=ORIENTED_EDGE('',*,*,#4169,.F.);
#5952=ORIENTED_EDGE('',*,*,#4407,.F.);
#5953=ORIENTED_EDGE('',*,*,#4405,.F.);
#5954=ORIENTED_EDGE('',*,*,#4281,.F.);
#5955=ORIENTED_EDGE('',*,*,#4408,.T.);
#5956=ORIENTED_EDGE('',*,*,#4174,.F.);
#5957=ORIENTED_EDGE('',*,*,#4409,.F.);
#5958=ORIENTED_EDGE('',*,*,#4410,.F.);
#5959=ORIENTED_EDGE('',*,*,#4284,.F.);
#5960=ORIENTED_EDGE('',*,*,#4411,.T.);
#5961=ORIENTED_EDGE('',*,*,#4175,.F.);
#5962=ORIENTED_EDGE('',*,*,#4408,.F.);
#5963=ORIENTED_EDGE('',*,*,#4283,.F.);
#5964=ORIENTED_EDGE('',*,*,#4412,.T.);
#5965=ORIENTED_EDGE('',*,*,#4413,.F.);
#5966=ORIENTED_EDGE('',*,*,#4176,.F.);
#5967=ORIENTED_EDGE('',*,*,#4411,.F.);
#5968=ORIENTED_EDGE('',*,*,#4282,.F.);
#5969=ORIENTED_EDGE('',*,*,#4410,.T.);
#5970=ORIENTED_EDGE('',*,*,#4414,.F.);
#5971=ORIENTED_EDGE('',*,*,#4412,.F.);
#5972=ORIENTED_EDGE('',*,*,#4278,.F.);
#5973=ORIENTED_EDGE('',*,*,#4415,.T.);
#5974=ORIENTED_EDGE('',*,*,#4235,.F.);
#5975=ORIENTED_EDGE('',*,*,#4416,.F.);
#5976=ORIENTED_EDGE('',*,*,#4280,.F.);
#5977=ORIENTED_EDGE('',*,*,#4417,.T.);
#5978=ORIENTED_EDGE('',*,*,#4236,.F.);
#5979=ORIENTED_EDGE('',*,*,#4415,.F.);
#5980=ORIENTED_EDGE('',*,*,#4279,.F.);
#5981=ORIENTED_EDGE('',*,*,#4416,.T.);
#5982=ORIENTED_EDGE('',*,*,#4237,.F.);
#5983=ORIENTED_EDGE('',*,*,#4417,.F.);
#5984=ORIENTED_EDGE('',*,*,#4273,.F.);
#5985=ORIENTED_EDGE('',*,*,#4418,.T.);
#5986=ORIENTED_EDGE('',*,*,#4238,.F.);
#5987=ORIENTED_EDGE('',*,*,#4419,.F.);
#5988=ORIENTED_EDGE('',*,*,#4277,.F.);
#5989=ORIENTED_EDGE('',*,*,#4420,.T.);
#5990=ORIENTED_EDGE('',*,*,#4239,.F.);
#5991=ORIENTED_EDGE('',*,*,#4418,.F.);
#5992=ORIENTED_EDGE('',*,*,#4276,.F.);
#5993=ORIENTED_EDGE('',*,*,#4421,.T.);
#5994=ORIENTED_EDGE('',*,*,#4240,.F.);
#5995=ORIENTED_EDGE('',*,*,#4420,.F.);
#5996=ORIENTED_EDGE('',*,*,#4275,.F.);
#5997=ORIENTED_EDGE('',*,*,#4422,.T.);
#5998=ORIENTED_EDGE('',*,*,#4241,.F.);
#5999=ORIENTED_EDGE('',*,*,#4421,.F.);
#6000=ORIENTED_EDGE('',*,*,#4274,.F.);
#6001=ORIENTED_EDGE('',*,*,#4419,.T.);
#6002=ORIENTED_EDGE('',*,*,#4242,.F.);
#6003=ORIENTED_EDGE('',*,*,#4422,.F.);
#6004=ORIENTED_EDGE('',*,*,#4269,.F.);
#6005=ORIENTED_EDGE('',*,*,#4423,.T.);
#6006=ORIENTED_EDGE('',*,*,#4243,.F.);
#6007=ORIENTED_EDGE('',*,*,#4424,.F.);
#6008=ORIENTED_EDGE('',*,*,#4272,.F.);
#6009=ORIENTED_EDGE('',*,*,#4425,.T.);
#6010=ORIENTED_EDGE('',*,*,#4244,.F.);
#6011=ORIENTED_EDGE('',*,*,#4423,.F.);
#6012=ORIENTED_EDGE('',*,*,#4271,.F.);
#6013=ORIENTED_EDGE('',*,*,#4426,.T.);
#6014=ORIENTED_EDGE('',*,*,#4245,.F.);
#6015=ORIENTED_EDGE('',*,*,#4425,.F.);
#6016=ORIENTED_EDGE('',*,*,#4270,.F.);
#6017=ORIENTED_EDGE('',*,*,#4424,.T.);
#6018=ORIENTED_EDGE('',*,*,#4246,.F.);
#6019=ORIENTED_EDGE('',*,*,#4426,.F.);
#6020=ORIENTED_EDGE('',*,*,#4268,.F.);
#6021=ORIENTED_EDGE('',*,*,#4427,.T.);
#6022=ORIENTED_EDGE('',*,*,#4163,.F.);
#6023=ORIENTED_EDGE('',*,*,#4427,.F.);
#6024=ORIENTED_EDGE('',*,*,#4260,.F.);
#6025=ORIENTED_EDGE('',*,*,#4428,.T.);
#6026=ORIENTED_EDGE('',*,*,#4429,.F.);
#6027=ORIENTED_EDGE('',*,*,#4259,.F.);
#6028=ORIENTED_EDGE('',*,*,#4430,.T.);
#6029=ORIENTED_EDGE('',*,*,#4431,.F.);
#6030=ORIENTED_EDGE('',*,*,#4428,.F.);
#6031=ORIENTED_EDGE('',*,*,#4264,.F.);
#6032=ORIENTED_EDGE('',*,*,#4343,.F.);
#6033=ORIENTED_EDGE('',*,*,#4432,.F.);
#6034=ORIENTED_EDGE('',*,*,#4433,.T.);
#6035=ORIENTED_EDGE('',*,*,#4258,.F.);
#6036=ORIENTED_EDGE('',*,*,#4434,.F.);
#6037=ORIENTED_EDGE('',*,*,#4430,.F.);
#6038=ORIENTED_EDGE('',*,*,#4262,.F.);
#6039=ORIENTED_EDGE('',*,*,#4433,.F.);
#6040=ORIENTED_EDGE('',*,*,#4435,.F.);
#6041=ORIENTED_EDGE('',*,*,#4247,.T.);
#6042=ORIENTED_EDGE('',*,*,#4261,.F.);
#6043=ORIENTED_EDGE('',*,*,#4429,.T.);
#6044=ORIENTED_EDGE('',*,*,#4431,.T.);
#6045=ORIENTED_EDGE('',*,*,#4434,.T.);
#6046=ORIENTED_EDGE('',*,*,#4435,.T.);
#6047=ORIENTED_EDGE('',*,*,#4432,.T.);
#6048=ORIENTED_EDGE('',*,*,#4342,.T.);
#6049=ORIENTED_EDGE('',*,*,#4252,.T.);
#6050=ORIENTED_EDGE('',*,*,#4436,.F.);
#6051=ORIENTED_EDGE('',*,*,#4165,.T.);
#6052=ORIENTED_EDGE('',*,*,#4437,.F.);
#6053=ORIENTED_EDGE('',*,*,#4179,.T.);
#6054=ORIENTED_EDGE('',*,*,#4150,.F.);
#6055=ORIENTED_EDGE('',*,*,#4438,.F.);
#6056=ORIENTED_EDGE('',*,*,#4248,.F.);
#6057=ORIENTED_EDGE('',*,*,#4267,.F.);
#6058=ORIENTED_EDGE('',*,*,#4439,.F.);
#6059=ORIENTED_EDGE('',*,*,#4166,.T.);
#6060=ORIENTED_EDGE('',*,*,#4436,.T.);
#6061=ORIENTED_EDGE('',*,*,#4251,.F.);
#6062=ORIENTED_EDGE('',*,*,#4148,.F.);
#6063=ORIENTED_EDGE('',*,*,#4167,.T.);
#6064=ORIENTED_EDGE('',*,*,#4439,.T.);
#6065=ORIENTED_EDGE('',*,*,#4266,.F.);
#6066=ORIENTED_EDGE('',*,*,#4440,.F.);
#6067=ORIENTED_EDGE('',*,*,#4438,.T.);
#6068=ORIENTED_EDGE('',*,*,#4149,.F.);
#6069=ORIENTED_EDGE('',*,*,#4440,.T.);
#6070=ORIENTED_EDGE('',*,*,#4265,.F.);
#6071=ORIENTED_EDGE('',*,*,#4249,.T.);
#6072=ORIENTED_EDGE('',*,*,#4441,.F.);
#6073=ORIENTED_EDGE('',*,*,#4442,.T.);
#6074=ORIENTED_EDGE('',*,*,#4443,.F.);
#6075=ORIENTED_EDGE('',*,*,#4442,.F.);
#6076=ORIENTED_EDGE('',*,*,#4441,.T.);
#6077=ORIENTED_EDGE('',*,*,#4444,.F.);
#6078=ORIENTED_EDGE('',*,*,#4445,.T.);
#6079=ORIENTED_EDGE('',*,*,#4446,.F.);
#6080=ORIENTED_EDGE('',*,*,#4445,.F.);
#6081=ORIENTED_EDGE('',*,*,#4444,.T.);
#6082=ORIENTED_EDGE('',*,*,#4255,.T.);
#6083=ORIENTED_EDGE('',*,*,#4446,.T.);
#6084=ORIENTED_EDGE('',*,*,#4257,.F.);
#6085=ORIENTED_EDGE('',*,*,#4443,.T.);
#6086=ORIENTED_EDGE('',*,*,#4368,.T.);
#6087=ORIENTED_EDGE('',*,*,#4370,.T.);
#6088=ORIENTED_EDGE('',*,*,#4447,.T.);
#6089=ORIENTED_EDGE('',*,*,#4437,.T.);
#6090=ORIENTED_EDGE('',*,*,#4448,.T.);
#6091=ORIENTED_EDGE('',*,*,#4449,.T.);
#6092=ORIENTED_EDGE('',*,*,#4450,.T.);
#6093=ORIENTED_EDGE('',*,*,#4363,.T.);
#6094=ORIENTED_EDGE('',*,*,#4357,.T.);
#6095=ORIENTED_EDGE('',*,*,#4451,.T.);
#6096=ORIENTED_EDGE('',*,*,#4409,.T.);
#6097=ORIENTED_EDGE('',*,*,#4452,.T.);
#6098=ORIENTED_EDGE('',*,*,#4413,.T.);
#6099=ORIENTED_EDGE('',*,*,#4414,.T.);
#6100=ORIENTED_EDGE('',*,*,#4453,.F.);
#6101=ORIENTED_EDGE('',*,*,#4454,.F.);
#6102=ORIENTED_EDGE('',*,*,#4455,.T.);
#6103=ORIENTED_EDGE('',*,*,#4456,.F.);
#6104=ORIENTED_EDGE('',*,*,#4457,.T.);
#6105=ORIENTED_EDGE('',*,*,#4453,.T.);
#6106=ORIENTED_EDGE('',*,*,#4457,.F.);
#6107=ORIENTED_EDGE('',*,*,#4458,.F.);
#6108=ORIENTED_EDGE('',*,*,#4455,.F.);
#6109=ORIENTED_EDGE('',*,*,#4459,.F.);
#6110=ORIENTED_EDGE('',*,*,#4460,.F.);
#6111=ORIENTED_EDGE('',*,*,#4461,.F.);
#6112=ORIENTED_EDGE('',*,*,#4462,.F.);
#6113=ORIENTED_EDGE('',*,*,#4463,.F.);
#6114=ORIENTED_EDGE('',*,*,#4464,.T.);
#6115=ORIENTED_EDGE('',*,*,#4465,.F.);
#6116=ORIENTED_EDGE('',*,*,#4466,.T.);
#6117=ORIENTED_EDGE('',*,*,#4462,.T.);
#6118=ORIENTED_EDGE('',*,*,#4466,.F.);
#6119=ORIENTED_EDGE('',*,*,#4467,.F.);
#6120=ORIENTED_EDGE('',*,*,#4464,.F.);
#6121=ORIENTED_EDGE('',*,*,#4468,.F.);
#6122=ORIENTED_EDGE('',*,*,#4469,.F.);
#6123=ORIENTED_EDGE('',*,*,#4470,.F.);
#6124=ORIENTED_EDGE('',*,*,#4471,.F.);
#6125=ORIENTED_EDGE('',*,*,#4472,.F.);
#6126=ORIENTED_EDGE('',*,*,#4473,.T.);
#6127=ORIENTED_EDGE('',*,*,#4474,.F.);
#6128=ORIENTED_EDGE('',*,*,#4475,.T.);
#6129=ORIENTED_EDGE('',*,*,#4471,.T.);
#6130=ORIENTED_EDGE('',*,*,#4475,.F.);
#6131=ORIENTED_EDGE('',*,*,#4476,.F.);
#6132=ORIENTED_EDGE('',*,*,#4473,.F.);
#6133=ORIENTED_EDGE('',*,*,#4477,.F.);
#6134=ORIENTED_EDGE('',*,*,#4478,.F.);
#6135=ORIENTED_EDGE('',*,*,#4479,.F.);
#6136=ORIENTED_EDGE('',*,*,#4480,.F.);
#6137=ORIENTED_EDGE('',*,*,#4481,.T.);
#6138=ORIENTED_EDGE('',*,*,#4482,.F.);
#6139=ORIENTED_EDGE('',*,*,#4483,.F.);
#6140=ORIENTED_EDGE('',*,*,#4484,.T.);
#6141=ORIENTED_EDGE('',*,*,#4479,.T.);
#6142=ORIENTED_EDGE('',*,*,#4484,.F.);
#6143=ORIENTED_EDGE('',*,*,#4485,.F.);
#6144=ORIENTED_EDGE('',*,*,#4481,.F.);
#6145=ORIENTED_EDGE('',*,*,#4486,.F.);
#6146=ORIENTED_EDGE('',*,*,#4487,.F.);
#6147=ORIENTED_EDGE('',*,*,#4488,.F.);
#6148=ORIENTED_EDGE('',*,*,#4489,.F.);
#6149=ORIENTED_EDGE('',*,*,#4490,.F.);
#6150=ORIENTED_EDGE('',*,*,#4491,.T.);
#6151=ORIENTED_EDGE('',*,*,#4488,.T.);
#6152=ORIENTED_EDGE('',*,*,#4491,.F.);
#6153=ORIENTED_EDGE('',*,*,#4492,.F.);
#6154=ORIENTED_EDGE('',*,*,#4493,.F.);
#6155=ORIENTED_EDGE('',*,*,#4494,.T.);
#6156=ORIENTED_EDGE('',*,*,#4495,.F.);
#6157=ORIENTED_EDGE('',*,*,#4496,.F.);
#6158=ORIENTED_EDGE('',*,*,#4497,.T.);
#6159=ORIENTED_EDGE('',*,*,#4492,.T.);
#6160=ORIENTED_EDGE('',*,*,#4497,.F.);
#6161=ORIENTED_EDGE('',*,*,#4498,.F.);
#6162=ORIENTED_EDGE('',*,*,#4494,.F.);
#6163=ORIENTED_EDGE('',*,*,#4499,.F.);
#6164=ORIENTED_EDGE('',*,*,#4500,.F.);
#6165=ORIENTED_EDGE('',*,*,#4501,.F.);
#6166=ORIENTED_EDGE('',*,*,#4502,.F.);
#6167=ORIENTED_EDGE('',*,*,#4503,.T.);
#6168=ORIENTED_EDGE('',*,*,#4504,.F.);
#6169=ORIENTED_EDGE('',*,*,#4505,.F.);
#6170=ORIENTED_EDGE('',*,*,#4506,.T.);
#6171=ORIENTED_EDGE('',*,*,#4501,.T.);
#6172=ORIENTED_EDGE('',*,*,#4506,.F.);
#6173=ORIENTED_EDGE('',*,*,#4507,.F.);
#6174=ORIENTED_EDGE('',*,*,#4503,.F.);
#6175=ORIENTED_EDGE('',*,*,#4508,.F.);
#6176=ORIENTED_EDGE('',*,*,#4509,.F.);
#6177=ORIENTED_EDGE('',*,*,#4510,.F.);
#6178=ORIENTED_EDGE('',*,*,#4511,.F.);
#6179=ORIENTED_EDGE('',*,*,#4512,.T.);
#6180=ORIENTED_EDGE('',*,*,#4513,.F.);
#6181=ORIENTED_EDGE('',*,*,#4514,.T.);
#6182=ORIENTED_EDGE('',*,*,#4510,.T.);
#6183=ORIENTED_EDGE('',*,*,#4514,.F.);
#6184=ORIENTED_EDGE('',*,*,#4515,.F.);
#6185=ORIENTED_EDGE('',*,*,#4512,.F.);
#6186=ORIENTED_EDGE('',*,*,#4516,.F.);
#6187=ORIENTED_EDGE('',*,*,#4517,.F.);
#6188=ORIENTED_EDGE('',*,*,#4518,.F.);
#6189=ORIENTED_EDGE('',*,*,#4519,.F.);
#6190=ORIENTED_EDGE('',*,*,#4520,.F.);
#6191=ORIENTED_EDGE('',*,*,#4521,.F.);
#6192=ORIENTED_EDGE('',*,*,#4522,.T.);
#6193=ORIENTED_EDGE('',*,*,#4519,.T.);
#6194=ORIENTED_EDGE('',*,*,#4522,.F.);
#6195=ORIENTED_EDGE('',*,*,#4523,.F.);
#6196=ORIENTED_EDGE('',*,*,#4524,.F.);
#6197=ORIENTED_EDGE('',*,*,#4525,.F.);
#6198=ORIENTED_EDGE('',*,*,#4526,.T.);
#6199=ORIENTED_EDGE('',*,*,#4523,.T.);
#6200=ORIENTED_EDGE('',*,*,#4526,.F.);
#6201=ORIENTED_EDGE('',*,*,#4527,.F.);
#6202=ORIENTED_EDGE('',*,*,#4528,.T.);
#6203=ORIENTED_EDGE('',*,*,#4529,.T.);
#6204=ORIENTED_EDGE('',*,*,#4530,.T.);
#6205=ORIENTED_EDGE('',*,*,#4530,.F.);
#6206=ORIENTED_EDGE('',*,*,#4531,.F.);
#6207=ORIENTED_EDGE('',*,*,#4532,.T.);
#6208=ORIENTED_EDGE('',*,*,#4533,.T.);
#6209=ORIENTED_EDGE('',*,*,#4534,.F.);
#6210=ORIENTED_EDGE('',*,*,#4535,.F.);
#6211=ORIENTED_EDGE('',*,*,#4536,.T.);
#6212=ORIENTED_EDGE('',*,*,#4537,.T.);
#6213=ORIENTED_EDGE('',*,*,#4538,.F.);
#6214=ORIENTED_EDGE('',*,*,#4539,.T.);
#6215=ORIENTED_EDGE('',*,*,#4540,.F.);
#6216=ORIENTED_EDGE('',*,*,#4541,.F.);
#6217=ORIENTED_EDGE('',*,*,#4542,.T.);
#6218=ORIENTED_EDGE('',*,*,#4543,.T.);
#6219=ORIENTED_EDGE('',*,*,#4544,.T.);
#6220=ORIENTED_EDGE('',*,*,#4542,.F.);
#6221=ORIENTED_EDGE('',*,*,#4545,.F.);
#6222=ORIENTED_EDGE('',*,*,#4546,.F.);
#6223=ORIENTED_EDGE('',*,*,#4547,.T.);
#6224=ORIENTED_EDGE('',*,*,#4548,.T.);
#6225=ORIENTED_EDGE('',*,*,#4549,.F.);
#6226=ORIENTED_EDGE('',*,*,#4550,.F.);
#6227=ORIENTED_EDGE('',*,*,#4551,.T.);
#6228=ORIENTED_EDGE('',*,*,#4552,.T.);
#6229=ORIENTED_EDGE('',*,*,#4553,.F.);
#6230=ORIENTED_EDGE('',*,*,#4554,.F.);
#6231=ORIENTED_EDGE('',*,*,#4555,.T.);
#6232=ORIENTED_EDGE('',*,*,#4556,.T.);
#6233=ORIENTED_EDGE('',*,*,#4557,.T.);
#6234=ORIENTED_EDGE('',*,*,#4558,.F.);
#6235=ORIENTED_EDGE('',*,*,#4559,.T.);
#6236=ORIENTED_EDGE('',*,*,#4560,.F.);
#6237=ORIENTED_EDGE('',*,*,#4561,.T.);
#6238=ORIENTED_EDGE('',*,*,#4562,.F.);
#6239=ORIENTED_EDGE('',*,*,#4557,.F.);
#6240=ORIENTED_EDGE('',*,*,#4562,.T.);
#6241=ORIENTED_EDGE('',*,*,#4563,.F.);
#6242=ORIENTED_EDGE('',*,*,#4564,.F.);
#6243=ORIENTED_EDGE('',*,*,#4565,.F.);
#6244=ORIENTED_EDGE('',*,*,#4566,.F.);
#6245=ORIENTED_EDGE('',*,*,#4567,.T.);
#6246=ORIENTED_EDGE('',*,*,#4568,.F.);
#6247=ORIENTED_EDGE('',*,*,#4567,.F.);
#6248=ORIENTED_EDGE('',*,*,#4569,.F.);
#6249=ORIENTED_EDGE('',*,*,#4570,.T.);
#6250=ORIENTED_EDGE('',*,*,#4571,.F.);
#6251=ORIENTED_EDGE('',*,*,#4570,.F.);
#6252=ORIENTED_EDGE('',*,*,#4572,.F.);
#6253=ORIENTED_EDGE('',*,*,#4573,.T.);
#6254=ORIENTED_EDGE('',*,*,#4574,.F.);
#6255=ORIENTED_EDGE('',*,*,#4573,.F.);
#6256=ORIENTED_EDGE('',*,*,#4575,.F.);
#6257=ORIENTED_EDGE('',*,*,#4576,.T.);
#6258=ORIENTED_EDGE('',*,*,#4577,.F.);
#6259=ORIENTED_EDGE('',*,*,#4576,.F.);
#6260=ORIENTED_EDGE('',*,*,#4578,.F.);
#6261=ORIENTED_EDGE('',*,*,#4579,.T.);
#6262=ORIENTED_EDGE('',*,*,#4580,.F.);
#6263=ORIENTED_EDGE('',*,*,#4579,.F.);
#6264=ORIENTED_EDGE('',*,*,#4581,.F.);
#6265=ORIENTED_EDGE('',*,*,#4582,.T.);
#6266=ORIENTED_EDGE('',*,*,#4583,.F.);
#6267=ORIENTED_EDGE('',*,*,#4582,.F.);
#6268=ORIENTED_EDGE('',*,*,#4584,.F.);
#6269=ORIENTED_EDGE('',*,*,#4585,.T.);
#6270=ORIENTED_EDGE('',*,*,#4586,.F.);
#6271=ORIENTED_EDGE('',*,*,#4585,.F.);
#6272=ORIENTED_EDGE('',*,*,#4587,.F.);
#6273=ORIENTED_EDGE('',*,*,#4588,.T.);
#6274=ORIENTED_EDGE('',*,*,#4589,.F.);
#6275=ORIENTED_EDGE('',*,*,#4588,.F.);
#6276=ORIENTED_EDGE('',*,*,#4590,.F.);
#6277=ORIENTED_EDGE('',*,*,#4591,.T.);
#6278=ORIENTED_EDGE('',*,*,#4592,.F.);
#6279=ORIENTED_EDGE('',*,*,#4591,.F.);
#6280=ORIENTED_EDGE('',*,*,#4593,.F.);
#6281=ORIENTED_EDGE('',*,*,#4594,.T.);
#6282=ORIENTED_EDGE('',*,*,#4595,.F.);
#6283=ORIENTED_EDGE('',*,*,#4594,.F.);
#6284=ORIENTED_EDGE('',*,*,#4596,.F.);
#6285=ORIENTED_EDGE('',*,*,#4597,.T.);
#6286=ORIENTED_EDGE('',*,*,#4598,.F.);
#6287=ORIENTED_EDGE('',*,*,#4597,.F.);
#6288=ORIENTED_EDGE('',*,*,#4599,.F.);
#6289=ORIENTED_EDGE('',*,*,#4600,.T.);
#6290=ORIENTED_EDGE('',*,*,#4601,.F.);
#6291=ORIENTED_EDGE('',*,*,#4600,.F.);
#6292=ORIENTED_EDGE('',*,*,#4602,.F.);
#6293=ORIENTED_EDGE('',*,*,#4603,.T.);
#6294=ORIENTED_EDGE('',*,*,#4604,.F.);
#6295=ORIENTED_EDGE('',*,*,#4605,.F.);
#6296=ORIENTED_EDGE('',*,*,#4606,.F.);
#6297=ORIENTED_EDGE('',*,*,#4607,.F.);
#6298=ORIENTED_EDGE('',*,*,#4608,.F.);
#6299=ORIENTED_EDGE('',*,*,#4603,.F.);
#6300=ORIENTED_EDGE('',*,*,#4605,.T.);
#6301=ORIENTED_EDGE('',*,*,#4609,.F.);
#6302=ORIENTED_EDGE('',*,*,#4610,.T.);
#6303=ORIENTED_EDGE('',*,*,#4611,.F.);
#6304=ORIENTED_EDGE('',*,*,#4612,.F.);
#6305=ORIENTED_EDGE('',*,*,#4613,.F.);
#6306=ORIENTED_EDGE('',*,*,#4604,.T.);
#6307=ORIENTED_EDGE('',*,*,#4608,.T.);
#6308=ORIENTED_EDGE('',*,*,#4614,.T.);
#6309=ORIENTED_EDGE('',*,*,#4555,.F.);
#6310=ORIENTED_EDGE('',*,*,#4559,.F.);
#6311=ORIENTED_EDGE('',*,*,#4615,.T.);
#6312=ORIENTED_EDGE('',*,*,#4543,.F.);
#6313=ORIENTED_EDGE('',*,*,#4554,.T.);
#6314=ORIENTED_EDGE('',*,*,#4616,.T.);
#6315=ORIENTED_EDGE('',*,*,#4617,.T.);
#6316=ORIENTED_EDGE('',*,*,#4609,.T.);
#6317=ORIENTED_EDGE('',*,*,#4618,.F.);
#6318=ORIENTED_EDGE('',*,*,#4619,.T.);
#6319=ORIENTED_EDGE('',*,*,#4546,.T.);
#6320=ORIENTED_EDGE('',*,*,#4620,.F.);
#6321=ORIENTED_EDGE('',*,*,#4621,.T.);
#6322=ORIENTED_EDGE('',*,*,#4541,.T.);
#6323=ORIENTED_EDGE('',*,*,#4622,.F.);
#6324=ORIENTED_EDGE('',*,*,#4623,.T.);
#6325=ORIENTED_EDGE('',*,*,#4624,.F.);
#6326=ORIENTED_EDGE('',*,*,#4625,.F.);
#6327=ORIENTED_EDGE('',*,*,#4626,.F.);
#6328=ORIENTED_EDGE('',*,*,#4627,.T.);
#6329=ORIENTED_EDGE('',*,*,#4628,.F.);
#6330=ORIENTED_EDGE('',*,*,#4627,.F.);
#6331=ORIENTED_EDGE('',*,*,#4629,.F.);
#6332=ORIENTED_EDGE('',*,*,#4620,.T.);
#6333=ORIENTED_EDGE('',*,*,#4545,.T.);
#6334=ORIENTED_EDGE('',*,*,#4615,.F.);
#6335=ORIENTED_EDGE('',*,*,#4558,.T.);
#6336=ORIENTED_EDGE('',*,*,#4565,.T.);
#6337=ORIENTED_EDGE('',*,*,#4630,.F.);
#6338=ORIENTED_EDGE('',*,*,#4631,.T.);
#6339=ORIENTED_EDGE('',*,*,#4632,.T.);
#6340=ORIENTED_EDGE('',*,*,#4633,.F.);
#6341=ORIENTED_EDGE('',*,*,#4634,.T.);
#6342=ORIENTED_EDGE('',*,*,#4635,.F.);
#6343=ORIENTED_EDGE('',*,*,#4636,.T.);
#6344=ORIENTED_EDGE('',*,*,#4637,.T.);
#6345=ORIENTED_EDGE('',*,*,#4638,.F.);
#6346=ORIENTED_EDGE('',*,*,#4639,.T.);
#6347=ORIENTED_EDGE('',*,*,#4640,.F.);
#6348=ORIENTED_EDGE('',*,*,#4622,.T.);
#6349=ORIENTED_EDGE('',*,*,#4544,.F.);
#6350=ORIENTED_EDGE('',*,*,#4589,.T.);
#6351=ORIENTED_EDGE('',*,*,#4586,.T.);
#6352=ORIENTED_EDGE('',*,*,#4583,.T.);
#6353=ORIENTED_EDGE('',*,*,#4580,.T.);
#6354=ORIENTED_EDGE('',*,*,#4577,.T.);
#6355=ORIENTED_EDGE('',*,*,#4621,.F.);
#6356=ORIENTED_EDGE('',*,*,#4629,.T.);
#6357=ORIENTED_EDGE('',*,*,#4626,.T.);
#6358=ORIENTED_EDGE('',*,*,#4641,.F.);
#6359=ORIENTED_EDGE('',*,*,#4642,.F.);
#6360=ORIENTED_EDGE('',*,*,#4592,.T.);
#6361=ORIENTED_EDGE('',*,*,#4643,.T.);
#6362=ORIENTED_EDGE('',*,*,#4644,.T.);
#6363=ORIENTED_EDGE('',*,*,#4645,.F.);
#6364=ORIENTED_EDGE('',*,*,#4539,.F.);
#6365=ORIENTED_EDGE('',*,*,#4646,.T.);
#6366=ORIENTED_EDGE('',*,*,#4647,.T.);
#6367=ORIENTED_EDGE('',*,*,#4648,.T.);
#6368=ORIENTED_EDGE('',*,*,#4649,.T.);
#6369=ORIENTED_EDGE('',*,*,#4646,.F.);
#6370=ORIENTED_EDGE('',*,*,#4538,.T.);
#6371=ORIENTED_EDGE('',*,*,#4650,.T.);
#6372=ORIENTED_EDGE('',*,*,#4651,.F.);
#6373=ORIENTED_EDGE('',*,*,#4448,.F.);
#6374=ORIENTED_EDGE('',*,*,#4164,.F.);
#6375=ORIENTED_EDGE('',*,*,#4147,.F.);
#6376=ORIENTED_EDGE('',*,*,#4133,.T.);
#6377=ORIENTED_EDGE('',*,*,#3984,.F.);
#6378=ORIENTED_EDGE('',*,*,#3968,.T.);
#6379=ORIENTED_EDGE('',*,*,#4130,.T.);
#6380=ORIENTED_EDGE('',*,*,#4156,.F.);
#6381=ORIENTED_EDGE('',*,*,#4652,.T.);
#6382=ORIENTED_EDGE('',*,*,#4653,.T.);
#6383=ORIENTED_EDGE('',*,*,#4547,.F.);
#6384=ORIENTED_EDGE('',*,*,#4619,.F.);
#6385=ORIENTED_EDGE('',*,*,#4654,.F.);
#6386=ORIENTED_EDGE('',*,*,#4655,.F.);
#6387=ORIENTED_EDGE('',*,*,#4656,.F.);
#6388=ORIENTED_EDGE('',*,*,#4657,.F.);
#6389=ORIENTED_EDGE('',*,*,#4528,.F.);
#6390=ORIENTED_EDGE('',*,*,#4658,.T.);
#6391=ORIENTED_EDGE('',*,*,#4659,.F.);
#6392=ORIENTED_EDGE('',*,*,#4660,.T.);
#6393=ORIENTED_EDGE('',*,*,#4661,.F.);
#6394=ORIENTED_EDGE('',*,*,#4662,.T.);
#6395=ORIENTED_EDGE('',*,*,#4663,.F.);
#6396=ORIENTED_EDGE('',*,*,#4664,.T.);
#6397=ORIENTED_EDGE('',*,*,#4665,.F.);
#6398=ORIENTED_EDGE('',*,*,#4666,.T.);
#6399=ORIENTED_EDGE('',*,*,#4667,.F.);
#6400=ORIENTED_EDGE('',*,*,#4668,.F.);
#6401=ORIENTED_EDGE('',*,*,#4556,.F.);
#6402=ORIENTED_EDGE('',*,*,#4614,.F.);
#6403=ORIENTED_EDGE('',*,*,#4607,.T.);
#6404=ORIENTED_EDGE('',*,*,#4669,.F.);
#6405=ORIENTED_EDGE('',*,*,#4601,.T.);
#6406=ORIENTED_EDGE('',*,*,#4598,.T.);
#6407=ORIENTED_EDGE('',*,*,#4574,.T.);
#6408=ORIENTED_EDGE('',*,*,#4571,.T.);
#6409=ORIENTED_EDGE('',*,*,#4568,.T.);
#6410=ORIENTED_EDGE('',*,*,#4606,.T.);
#6411=ORIENTED_EDGE('',*,*,#4613,.T.);
#6412=ORIENTED_EDGE('',*,*,#4670,.F.);
#6413=ORIENTED_EDGE('',*,*,#4671,.T.);
#6414=ORIENTED_EDGE('',*,*,#4531,.T.);
#6415=ORIENTED_EDGE('',*,*,#4529,.F.);
#6416=ORIENTED_EDGE('',*,*,#4669,.T.);
#6417=ORIENTED_EDGE('',*,*,#4671,.F.);
#6418=ORIENTED_EDGE('',*,*,#4672,.T.);
#6419=ORIENTED_EDGE('',*,*,#4673,.T.);
#6420=ORIENTED_EDGE('',*,*,#4674,.T.);
#6421=ORIENTED_EDGE('',*,*,#4616,.F.);
#6422=ORIENTED_EDGE('',*,*,#4553,.T.);
#6423=ORIENTED_EDGE('',*,*,#4675,.T.);
#6424=ORIENTED_EDGE('',*,*,#4676,.F.);
#6425=ORIENTED_EDGE('',*,*,#4144,.F.);
#6426=ORIENTED_EDGE('',*,*,#4127,.T.);
#6427=ORIENTED_EDGE('',*,*,#3970,.F.);
#6428=ORIENTED_EDGE('',*,*,#3986,.F.);
#6429=ORIENTED_EDGE('',*,*,#4132,.F.);
#6430=ORIENTED_EDGE('',*,*,#4153,.F.);
#6431=ORIENTED_EDGE('',*,*,#4677,.T.);
#6432=ORIENTED_EDGE('',*,*,#4678,.T.);
#6433=ORIENTED_EDGE('',*,*,#4532,.F.);
#6434=ORIENTED_EDGE('',*,*,#4654,.T.);
#6435=ORIENTED_EDGE('',*,*,#4679,.T.);
#6436=ORIENTED_EDGE('',*,*,#4680,.T.);
#6437=ORIENTED_EDGE('',*,*,#4681,.F.);
#6438=ORIENTED_EDGE('',*,*,#4657,.T.);
#6439=ORIENTED_EDGE('',*,*,#4682,.T.);
#6440=ORIENTED_EDGE('',*,*,#4683,.T.);
#6441=ORIENTED_EDGE('',*,*,#4679,.F.);
#6442=ORIENTED_EDGE('',*,*,#4684,.T.);
#6443=ORIENTED_EDGE('',*,*,#4685,.T.);
#6444=ORIENTED_EDGE('',*,*,#4655,.T.);
#6445=ORIENTED_EDGE('',*,*,#4681,.T.);
#6446=ORIENTED_EDGE('',*,*,#4656,.T.);
#6447=ORIENTED_EDGE('',*,*,#4685,.F.);
#6448=ORIENTED_EDGE('',*,*,#4686,.T.);
#6449=ORIENTED_EDGE('',*,*,#4682,.F.);
#6450=ORIENTED_EDGE('',*,*,#4684,.F.);
#6451=ORIENTED_EDGE('',*,*,#4687,.T.);
#6452=ORIENTED_EDGE('',*,*,#4688,.T.);
#6453=ORIENTED_EDGE('',*,*,#4689,.F.);
#6454=ORIENTED_EDGE('',*,*,#4680,.F.);
#6455=ORIENTED_EDGE('',*,*,#4690,.T.);
#6456=ORIENTED_EDGE('',*,*,#4691,.F.);
#6457=ORIENTED_EDGE('',*,*,#4692,.F.);
#6458=ORIENTED_EDGE('',*,*,#4693,.T.);
#6459=ORIENTED_EDGE('',*,*,#4687,.F.);
#6460=ORIENTED_EDGE('',*,*,#4694,.F.);
#6461=ORIENTED_EDGE('',*,*,#4695,.F.);
#6462=ORIENTED_EDGE('',*,*,#4688,.F.);
#6463=ORIENTED_EDGE('',*,*,#4693,.F.);
#6464=ORIENTED_EDGE('',*,*,#4683,.F.);
#6465=ORIENTED_EDGE('',*,*,#4696,.T.);
#6466=ORIENTED_EDGE('',*,*,#4697,.F.);
#6467=ORIENTED_EDGE('',*,*,#4690,.F.);
#6468=ORIENTED_EDGE('',*,*,#4686,.F.);
#6469=ORIENTED_EDGE('',*,*,#4689,.T.);
#6470=ORIENTED_EDGE('',*,*,#4695,.T.);
#6471=ORIENTED_EDGE('',*,*,#4698,.F.);
#6472=ORIENTED_EDGE('',*,*,#4699,.F.);
#6473=ORIENTED_EDGE('',*,*,#4696,.F.);
#6474=ORIENTED_EDGE('',*,*,#4698,.T.);
#6475=ORIENTED_EDGE('',*,*,#4694,.T.);
#6476=ORIENTED_EDGE('',*,*,#4692,.T.);
#6477=ORIENTED_EDGE('',*,*,#4700,.T.);
#6478=ORIENTED_EDGE('',*,*,#4158,.F.);
#6479=ORIENTED_EDGE('',*,*,#3913,.F.);
#6480=ORIENTED_EDGE('',*,*,#4160,.F.);
#6481=ORIENTED_EDGE('',*,*,#3909,.F.);
#6482=ORIENTED_EDGE('',*,*,#4161,.F.);
#6483=ORIENTED_EDGE('',*,*,#3940,.F.);
#6484=ORIENTED_EDGE('',*,*,#4140,.F.);
#6485=ORIENTED_EDGE('',*,*,#3935,.F.);
#6486=ORIENTED_EDGE('',*,*,#4142,.F.);
#6487=ORIENTED_EDGE('',*,*,#4701,.F.);
#6488=ORIENTED_EDGE('',*,*,#4702,.F.);
#6489=ORIENTED_EDGE('',*,*,#4703,.T.);
#6490=ORIENTED_EDGE('',*,*,#4612,.T.);
#6491=ORIENTED_EDGE('',*,*,#4704,.F.);
#6492=ORIENTED_EDGE('',*,*,#4705,.F.);
#6493=ORIENTED_EDGE('',*,*,#4672,.F.);
#6494=ORIENTED_EDGE('',*,*,#4670,.T.);
#6495=ORIENTED_EDGE('',*,*,#4674,.F.);
#6496=ORIENTED_EDGE('',*,*,#4706,.T.);
#6497=ORIENTED_EDGE('',*,*,#4707,.F.);
#6498=ORIENTED_EDGE('',*,*,#4610,.F.);
#6499=ORIENTED_EDGE('',*,*,#4617,.F.);
#6500=ORIENTED_EDGE('',*,*,#4673,.F.);
#6501=ORIENTED_EDGE('',*,*,#4705,.T.);
#6502=ORIENTED_EDGE('',*,*,#4708,.F.);
#6503=ORIENTED_EDGE('',*,*,#4706,.F.);
#6504=ORIENTED_EDGE('',*,*,#4709,.T.);
#6505=ORIENTED_EDGE('',*,*,#4710,.F.);
#6506=ORIENTED_EDGE('',*,*,#4711,.T.);
#6507=ORIENTED_EDGE('',*,*,#4711,.F.);
#6508=ORIENTED_EDGE('',*,*,#4712,.F.);
#6509=ORIENTED_EDGE('',*,*,#4713,.T.);
#6510=ORIENTED_EDGE('',*,*,#4162,.F.);
#6511=ORIENTED_EDGE('',*,*,#4714,.T.);
#6512=ORIENTED_EDGE('',*,*,#4712,.T.);
#6513=ORIENTED_EDGE('',*,*,#4714,.F.);
#6514=ORIENTED_EDGE('',*,*,#4713,.F.);
#6515=ORIENTED_EDGE('',*,*,#4715,.T.);
#6516=ORIENTED_EDGE('',*,*,#4710,.T.);
#6517=ORIENTED_EDGE('',*,*,#4715,.F.);
#6518=ORIENTED_EDGE('',*,*,#4650,.F.);
#6519=ORIENTED_EDGE('',*,*,#4537,.F.);
#6520=ORIENTED_EDGE('',*,*,#4716,.F.);
#6521=ORIENTED_EDGE('',*,*,#4717,.T.);
#6522=ORIENTED_EDGE('',*,*,#4718,.F.);
#6523=ORIENTED_EDGE('',*,*,#4533,.F.);
#6524=ORIENTED_EDGE('',*,*,#4678,.F.);
#6525=ORIENTED_EDGE('',*,*,#4719,.T.);
#6526=ORIENTED_EDGE('',*,*,#4719,.F.);
#6527=ORIENTED_EDGE('',*,*,#4677,.F.);
#6528=ORIENTED_EDGE('',*,*,#4152,.F.);
#6529=ORIENTED_EDGE('',*,*,#4720,.F.);
#6530=ORIENTED_EDGE('',*,*,#4721,.F.);
#6531=ORIENTED_EDGE('',*,*,#4722,.T.);
#6532=ORIENTED_EDGE('',*,*,#4449,.F.);
#6533=ORIENTED_EDGE('',*,*,#4651,.T.);
#6534=ORIENTED_EDGE('',*,*,#4717,.F.);
#6535=ORIENTED_EDGE('',*,*,#4723,.T.);
#6536=ORIENTED_EDGE('',*,*,#4724,.F.);
#6537=ORIENTED_EDGE('',*,*,#4725,.F.);
#6538=ORIENTED_EDGE('',*,*,#4726,.F.);
#6539=ORIENTED_EDGE('',*,*,#4727,.F.);
#6540=ORIENTED_EDGE('',*,*,#4716,.T.);
#6541=ORIENTED_EDGE('',*,*,#4536,.F.);
#6542=ORIENTED_EDGE('',*,*,#4728,.F.);
#6543=ORIENTED_EDGE('',*,*,#4729,.T.);
#6544=ORIENTED_EDGE('',*,*,#4730,.F.);
#6545=ORIENTED_EDGE('',*,*,#4727,.T.);
#6546=ORIENTED_EDGE('',*,*,#4731,.F.);
#6547=ORIENTED_EDGE('',*,*,#4732,.T.);
#6548=ORIENTED_EDGE('',*,*,#4733,.F.);
#6549=ORIENTED_EDGE('',*,*,#4731,.T.);
#6550=ORIENTED_EDGE('',*,*,#4726,.T.);
#6551=ORIENTED_EDGE('',*,*,#4718,.T.);
#6552=ORIENTED_EDGE('',*,*,#4730,.T.);
#6553=ORIENTED_EDGE('',*,*,#4734,.F.);
#6554=ORIENTED_EDGE('',*,*,#4534,.T.);
#6555=ORIENTED_EDGE('',*,*,#4729,.F.);
#6556=ORIENTED_EDGE('',*,*,#4735,.F.);
#6557=ORIENTED_EDGE('',*,*,#4736,.F.);
#6558=ORIENTED_EDGE('',*,*,#4723,.F.);
#6559=ORIENTED_EDGE('',*,*,#4724,.T.);
#6560=ORIENTED_EDGE('',*,*,#4736,.T.);
#6561=ORIENTED_EDGE('',*,*,#4737,.F.);
#6562=ORIENTED_EDGE('',*,*,#4733,.T.);
#6563=ORIENTED_EDGE('',*,*,#4725,.T.);
#6564=ORIENTED_EDGE('',*,*,#4737,.T.);
#6565=ORIENTED_EDGE('',*,*,#4735,.T.);
#6566=ORIENTED_EDGE('',*,*,#4728,.T.);
#6567=ORIENTED_EDGE('',*,*,#4535,.T.);
#6568=ORIENTED_EDGE('',*,*,#4734,.T.);
#6569=ORIENTED_EDGE('',*,*,#4732,.F.);
#6570=ORIENTED_EDGE('',*,*,#4738,.F.);
#6571=ORIENTED_EDGE('',*,*,#4739,.T.);
#6572=ORIENTED_EDGE('',*,*,#4739,.F.);
#6573=ORIENTED_EDGE('',*,*,#4740,.F.);
#6574=ORIENTED_EDGE('',*,*,#4741,.T.);
#6575=ORIENTED_EDGE('',*,*,#3907,.F.);
#6576=ORIENTED_EDGE('',*,*,#4742,.T.);
#6577=ORIENTED_EDGE('',*,*,#4740,.T.);
#6578=ORIENTED_EDGE('',*,*,#4742,.F.);
#6579=ORIENTED_EDGE('',*,*,#4741,.F.);
#6580=ORIENTED_EDGE('',*,*,#4743,.T.);
#6581=ORIENTED_EDGE('',*,*,#4738,.T.);
#6582=ORIENTED_EDGE('',*,*,#4743,.F.);
#6583=ORIENTED_EDGE('',*,*,#4744,.F.);
#6584=ORIENTED_EDGE('',*,*,#4745,.T.);
#6585=ORIENTED_EDGE('',*,*,#4675,.F.);
#6586=ORIENTED_EDGE('',*,*,#4552,.F.);
#6587=ORIENTED_EDGE('',*,*,#4746,.F.);
#6588=ORIENTED_EDGE('',*,*,#4747,.T.);
#6589=ORIENTED_EDGE('',*,*,#4748,.F.);
#6590=ORIENTED_EDGE('',*,*,#4749,.F.);
#6591=ORIENTED_EDGE('',*,*,#4750,.F.);
#6592=ORIENTED_EDGE('',*,*,#4548,.F.);
#6593=ORIENTED_EDGE('',*,*,#4653,.F.);
#6594=ORIENTED_EDGE('',*,*,#4751,.T.);
#6595=ORIENTED_EDGE('',*,*,#4745,.F.);
#6596=ORIENTED_EDGE('',*,*,#4752,.F.);
#6597=ORIENTED_EDGE('',*,*,#4753,.F.);
#6598=ORIENTED_EDGE('',*,*,#4754,.F.);
#6599=ORIENTED_EDGE('',*,*,#4751,.F.);
#6600=ORIENTED_EDGE('',*,*,#4652,.F.);
#6601=ORIENTED_EDGE('',*,*,#4155,.F.);
#6602=ORIENTED_EDGE('',*,*,#4755,.F.);
#6603=ORIENTED_EDGE('',*,*,#4756,.F.);
#6604=ORIENTED_EDGE('',*,*,#4757,.T.);
#6605=ORIENTED_EDGE('',*,*,#4145,.F.);
#6606=ORIENTED_EDGE('',*,*,#4676,.T.);
#6607=ORIENTED_EDGE('',*,*,#4758,.F.);
#6608=ORIENTED_EDGE('',*,*,#4759,.T.);
#6609=ORIENTED_EDGE('',*,*,#4760,.F.);
#6610=ORIENTED_EDGE('',*,*,#4759,.F.);
#6611=ORIENTED_EDGE('',*,*,#4752,.T.);
#6612=ORIENTED_EDGE('',*,*,#4744,.T.);
#6613=ORIENTED_EDGE('',*,*,#4761,.F.);
#6614=ORIENTED_EDGE('',*,*,#4758,.T.);
#6615=ORIENTED_EDGE('',*,*,#4761,.T.);
#6616=ORIENTED_EDGE('',*,*,#4747,.F.);
#6617=ORIENTED_EDGE('',*,*,#4762,.T.);
#6618=ORIENTED_EDGE('',*,*,#4550,.T.);
#6619=ORIENTED_EDGE('',*,*,#4763,.T.);
#6620=ORIENTED_EDGE('',*,*,#4749,.T.);
#6621=ORIENTED_EDGE('',*,*,#4764,.T.);
#6622=ORIENTED_EDGE('',*,*,#4753,.T.);
#6623=ORIENTED_EDGE('',*,*,#4746,.T.);
#6624=ORIENTED_EDGE('',*,*,#4551,.F.);
#6625=ORIENTED_EDGE('',*,*,#4762,.F.);
#6626=ORIENTED_EDGE('',*,*,#4760,.T.);
#6627=ORIENTED_EDGE('',*,*,#4765,.F.);
#6628=ORIENTED_EDGE('',*,*,#4766,.T.);
#6629=ORIENTED_EDGE('',*,*,#4767,.F.);
#6630=ORIENTED_EDGE('',*,*,#4766,.F.);
#6631=ORIENTED_EDGE('',*,*,#4764,.F.);
#6632=ORIENTED_EDGE('',*,*,#4748,.T.);
#6633=ORIENTED_EDGE('',*,*,#4754,.T.);
#6634=ORIENTED_EDGE('',*,*,#4765,.T.);
#6635=ORIENTED_EDGE('',*,*,#4750,.T.);
#6636=ORIENTED_EDGE('',*,*,#4763,.F.);
#6637=ORIENTED_EDGE('',*,*,#4549,.T.);
#6638=ORIENTED_EDGE('',*,*,#4767,.T.);
#6639=ORIENTED_EDGE('',*,*,#4407,.T.);
#6640=ORIENTED_EDGE('',*,*,#4768,.T.);
#6641=ORIENTED_EDGE('',*,*,#4404,.T.);
#6642=ORIENTED_EDGE('',*,*,#4406,.T.);
#6643=ORIENTED_EDGE('',*,*,#4769,.F.);
#6644=ORIENTED_EDGE('',*,*,#4770,.T.);
#6645=ORIENTED_EDGE('',*,*,#4177,.F.);
#6646=ORIENTED_EDGE('',*,*,#4452,.F.);
#6647=ORIENTED_EDGE('',*,*,#4173,.F.);
#6648=ORIENTED_EDGE('',*,*,#4768,.F.);
#6649=ORIENTED_EDGE('',*,*,#4168,.F.);
#6650=ORIENTED_EDGE('',*,*,#4451,.F.);
#6651=ORIENTED_EDGE('',*,*,#4187,.F.);
#6652=ORIENTED_EDGE('',*,*,#4447,.F.);
#6653=ORIENTED_EDGE('',*,*,#4181,.F.);
#6654=ORIENTED_EDGE('',*,*,#4771,.F.);
#6655=ORIENTED_EDGE('',*,*,#4772,.F.);
#6656=ORIENTED_EDGE('',*,*,#4771,.T.);
#6657=ORIENTED_EDGE('',*,*,#4180,.F.);
#6658=ORIENTED_EDGE('',*,*,#4450,.F.);
#6659=ORIENTED_EDGE('',*,*,#4722,.F.);
#6660=ORIENTED_EDGE('',*,*,#4773,.F.);
#6661=ORIENTED_EDGE('',*,*,#4720,.T.);
#6662=ORIENTED_EDGE('',*,*,#4151,.F.);
#6663=ORIENTED_EDGE('',*,*,#4178,.F.);
#6664=ORIENTED_EDGE('',*,*,#4770,.F.);
#6665=ORIENTED_EDGE('',*,*,#4704,.T.);
#6666=ORIENTED_EDGE('',*,*,#4611,.T.);
#6667=ORIENTED_EDGE('',*,*,#4707,.T.);
#6668=ORIENTED_EDGE('',*,*,#4708,.T.);
#6669=ORIENTED_EDGE('',*,*,#4699,.T.);
#6670=ORIENTED_EDGE('',*,*,#4703,.F.);
#6671=ORIENTED_EDGE('',*,*,#4774,.F.);
#6672=ORIENTED_EDGE('',*,*,#4755,.T.);
#6673=ORIENTED_EDGE('',*,*,#4154,.F.);
#6674=ORIENTED_EDGE('',*,*,#3923,.F.);
#6675=ORIENTED_EDGE('',*,*,#4157,.F.);
#6676=ORIENTED_EDGE('',*,*,#3918,.F.);
#6677=ORIENTED_EDGE('',*,*,#4159,.F.);
#6678=ORIENTED_EDGE('',*,*,#4700,.F.);
#6679=ORIENTED_EDGE('',*,*,#4691,.T.);
#6680=ORIENTED_EDGE('',*,*,#4697,.T.);
#6681=ORIENTED_EDGE('',*,*,#4775,.F.);
#6682=ORIENTED_EDGE('',*,*,#4701,.T.);
#6683=ORIENTED_EDGE('',*,*,#4141,.F.);
#6684=ORIENTED_EDGE('',*,*,#3930,.F.);
#6685=ORIENTED_EDGE('',*,*,#4143,.F.);
#6686=ORIENTED_EDGE('',*,*,#3925,.F.);
#6687=ORIENTED_EDGE('',*,*,#4146,.F.);
#6688=ORIENTED_EDGE('',*,*,#4757,.F.);
#6689=ORIENTED_EDGE('',*,*,#4776,.T.);
#6690=ORIENTED_EDGE('',*,*,#4648,.F.);
#6691=ORIENTED_EDGE('',*,*,#4777,.F.);
#6692=ORIENTED_EDGE('',*,*,#4769,.T.);
#6693=ORIENTED_EDGE('',*,*,#4772,.T.);
#6694=ORIENTED_EDGE('',*,*,#4721,.T.);
#6695=ORIENTED_EDGE('',*,*,#4773,.T.);
#6696=ORIENTED_EDGE('',*,*,#4778,.T.);
#6697=ORIENTED_EDGE('',*,*,#4779,.F.);
#6698=ORIENTED_EDGE('',*,*,#4780,.F.);
#6699=ORIENTED_EDGE('',*,*,#4781,.F.);
#6700=ORIENTED_EDGE('',*,*,#4782,.F.);
#6701=ORIENTED_EDGE('',*,*,#4783,.F.);
#6702=ORIENTED_EDGE('',*,*,#4784,.F.);
#6703=ORIENTED_EDGE('',*,*,#4756,.T.);
#6704=ORIENTED_EDGE('',*,*,#4774,.T.);
#6705=ORIENTED_EDGE('',*,*,#4702,.T.);
#6706=ORIENTED_EDGE('',*,*,#4775,.T.);
#6707=ORIENTED_EDGE('',*,*,#4785,.F.);
#6708=ORIENTED_EDGE('',*,*,#4786,.F.);
#6709=ORIENTED_EDGE('',*,*,#4787,.F.);
#6710=ORIENTED_EDGE('',*,*,#4788,.T.);
#6711=ORIENTED_EDGE('',*,*,#4789,.F.);
#6712=ORIENTED_EDGE('',*,*,#4788,.F.);
#6713=ORIENTED_EDGE('',*,*,#4790,.F.);
#6714=ORIENTED_EDGE('',*,*,#4791,.T.);
#6715=ORIENTED_EDGE('',*,*,#4792,.F.);
#6716=ORIENTED_EDGE('',*,*,#4791,.F.);
#6717=ORIENTED_EDGE('',*,*,#4793,.F.);
#6718=ORIENTED_EDGE('',*,*,#4794,.T.);
#6719=ORIENTED_EDGE('',*,*,#4795,.F.);
#6720=ORIENTED_EDGE('',*,*,#4794,.F.);
#6721=ORIENTED_EDGE('',*,*,#4796,.F.);
#6722=ORIENTED_EDGE('',*,*,#4797,.T.);
#6723=ORIENTED_EDGE('',*,*,#4798,.F.);
#6724=ORIENTED_EDGE('',*,*,#4797,.F.);
#6725=ORIENTED_EDGE('',*,*,#4799,.F.);
#6726=ORIENTED_EDGE('',*,*,#4800,.T.);
#6727=ORIENTED_EDGE('',*,*,#4801,.F.);
#6728=ORIENTED_EDGE('',*,*,#4800,.F.);
#6729=ORIENTED_EDGE('',*,*,#4802,.F.);
#6730=ORIENTED_EDGE('',*,*,#4803,.T.);
#6731=ORIENTED_EDGE('',*,*,#4804,.F.);
#6732=ORIENTED_EDGE('',*,*,#4803,.F.);
#6733=ORIENTED_EDGE('',*,*,#4805,.F.);
#6734=ORIENTED_EDGE('',*,*,#4806,.T.);
#6735=ORIENTED_EDGE('',*,*,#4807,.T.);
#6736=ORIENTED_EDGE('',*,*,#4806,.F.);
#6737=ORIENTED_EDGE('',*,*,#4807,.F.);
#6738=ORIENTED_EDGE('',*,*,#4792,.T.);
#6739=ORIENTED_EDGE('',*,*,#4808,.F.);
#6740=ORIENTED_EDGE('',*,*,#4809,.T.);
#6741=ORIENTED_EDGE('',*,*,#4810,.T.);
#6742=ORIENTED_EDGE('',*,*,#4809,.F.);
#6743=ORIENTED_EDGE('',*,*,#4810,.F.);
#6744=ORIENTED_EDGE('',*,*,#4789,.T.);
#6745=ORIENTED_EDGE('',*,*,#4811,.F.);
#6746=ORIENTED_EDGE('',*,*,#4812,.T.);
#6747=ORIENTED_EDGE('',*,*,#4813,.T.);
#6748=ORIENTED_EDGE('',*,*,#4812,.F.);
#6749=ORIENTED_EDGE('',*,*,#4813,.F.);
#6750=ORIENTED_EDGE('',*,*,#4801,.T.);
#6751=ORIENTED_EDGE('',*,*,#4814,.F.);
#6752=ORIENTED_EDGE('',*,*,#4815,.T.);
#6753=ORIENTED_EDGE('',*,*,#4816,.T.);
#6754=ORIENTED_EDGE('',*,*,#4815,.F.);
#6755=ORIENTED_EDGE('',*,*,#4816,.F.);
#6756=ORIENTED_EDGE('',*,*,#4804,.T.);
#6757=ORIENTED_EDGE('',*,*,#4817,.F.);
#6758=ORIENTED_EDGE('',*,*,#4818,.T.);
#6759=ORIENTED_EDGE('',*,*,#4819,.T.);
#6760=ORIENTED_EDGE('',*,*,#4818,.F.);
#6761=ORIENTED_EDGE('',*,*,#4819,.F.);
#6762=ORIENTED_EDGE('',*,*,#4795,.T.);
#6763=ORIENTED_EDGE('',*,*,#4820,.F.);
#6764=ORIENTED_EDGE('',*,*,#4821,.T.);
#6765=ORIENTED_EDGE('',*,*,#4822,.T.);
#6766=ORIENTED_EDGE('',*,*,#4821,.F.);
#6767=ORIENTED_EDGE('',*,*,#4822,.F.);
#6768=ORIENTED_EDGE('',*,*,#4798,.T.);
#6769=ORIENTED_EDGE('',*,*,#4823,.F.);
#6770=ORIENTED_EDGE('',*,*,#4824,.F.);
#6771=ORIENTED_EDGE('',*,*,#4825,.F.);
#6772=ORIENTED_EDGE('',*,*,#4826,.F.);
#6773=ORIENTED_EDGE('',*,*,#4827,.F.);
#6774=ORIENTED_EDGE('',*,*,#4828,.T.);
#6775=ORIENTED_EDGE('',*,*,#4829,.F.);
#6776=ORIENTED_EDGE('',*,*,#4830,.F.);
#6777=ORIENTED_EDGE('',*,*,#4831,.F.);
#6778=ORIENTED_EDGE('',*,*,#4830,.T.);
#6779=ORIENTED_EDGE('',*,*,#4832,.F.);
#6780=ORIENTED_EDGE('',*,*,#4833,.F.);
#6781=ORIENTED_EDGE('',*,*,#4832,.T.);
#6782=ORIENTED_EDGE('',*,*,#4829,.T.);
#6783=ORIENTED_EDGE('',*,*,#4834,.F.);
#6784=ORIENTED_EDGE('',*,*,#4835,.F.);
#6785=ORIENTED_EDGE('',*,*,#4825,.T.);
#6786=ORIENTED_EDGE('',*,*,#4836,.F.);
#6787=ORIENTED_EDGE('',*,*,#4837,.F.);
#6788=ORIENTED_EDGE('',*,*,#4826,.T.);
#6789=ORIENTED_EDGE('',*,*,#4838,.F.);
#6790=ORIENTED_EDGE('',*,*,#4839,.F.);
#6791=ORIENTED_EDGE('',*,*,#4840,.F.);
#6792=ORIENTED_EDGE('',*,*,#4841,.T.);
#6793=ORIENTED_EDGE('',*,*,#4842,.F.);
#6794=ORIENTED_EDGE('',*,*,#4843,.F.);
#6795=ORIENTED_EDGE('',*,*,#4844,.F.);
#6796=ORIENTED_EDGE('',*,*,#4842,.T.);
#6797=ORIENTED_EDGE('',*,*,#4845,.F.);
#6798=ORIENTED_EDGE('',*,*,#4846,.F.);
#6799=ORIENTED_EDGE('',*,*,#4838,.T.);
#6800=ORIENTED_EDGE('',*,*,#4847,.F.);
#6801=ORIENTED_EDGE('',*,*,#4848,.T.);
#6802=ORIENTED_EDGE('',*,*,#4849,.F.);
#6803=ORIENTED_EDGE('',*,*,#4850,.F.);
#6804=ORIENTED_EDGE('',*,*,#4851,.F.);
#6805=ORIENTED_EDGE('',*,*,#4852,.T.);
#6806=ORIENTED_EDGE('',*,*,#4853,.F.);
#6807=ORIENTED_EDGE('',*,*,#4854,.F.);
#6808=ORIENTED_EDGE('',*,*,#4855,.F.);
#6809=ORIENTED_EDGE('',*,*,#4856,.T.);
#6810=ORIENTED_EDGE('',*,*,#4857,.F.);
#6811=ORIENTED_EDGE('',*,*,#4858,.F.);
#6812=ORIENTED_EDGE('',*,*,#4859,.F.);
#6813=ORIENTED_EDGE('',*,*,#4860,.F.);
#6814=ORIENTED_EDGE('',*,*,#4861,.F.);
#6815=ORIENTED_EDGE('',*,*,#4862,.F.);
#6816=ORIENTED_EDGE('',*,*,#4863,.F.);
#6817=ORIENTED_EDGE('',*,*,#4862,.T.);
#6818=ORIENTED_EDGE('',*,*,#4864,.F.);
#6819=ORIENTED_EDGE('',*,*,#4865,.F.);
#6820=ORIENTED_EDGE('',*,*,#4866,.F.);
#6821=ORIENTED_EDGE('',*,*,#4867,.T.);
#6822=ORIENTED_EDGE('',*,*,#4868,.F.);
#6823=ORIENTED_EDGE('',*,*,#4869,.F.);
#6824=ORIENTED_EDGE('',*,*,#4870,.T.);
#6825=ORIENTED_EDGE('',*,*,#4871,.F.);
#6826=ORIENTED_EDGE('',*,*,#4872,.F.);
#6827=ORIENTED_EDGE('',*,*,#4873,.F.);
#6828=ORIENTED_EDGE('',*,*,#4874,.F.);
#6829=ORIENTED_EDGE('',*,*,#4875,.T.);
#6830=ORIENTED_EDGE('',*,*,#4876,.F.);
#6831=ORIENTED_EDGE('',*,*,#4877,.F.);
#6832=ORIENTED_EDGE('',*,*,#4878,.F.);
#6833=ORIENTED_EDGE('',*,*,#4877,.T.);
#6834=ORIENTED_EDGE('',*,*,#4879,.F.);
#6835=ORIENTED_EDGE('',*,*,#4880,.F.);
#6836=ORIENTED_EDGE('',*,*,#4881,.F.);
#6837=ORIENTED_EDGE('',*,*,#4880,.T.);
#6838=ORIENTED_EDGE('',*,*,#4882,.F.);
#6839=ORIENTED_EDGE('',*,*,#4883,.F.);
#6840=ORIENTED_EDGE('',*,*,#4884,.F.);
#6841=ORIENTED_EDGE('',*,*,#4883,.T.);
#6842=ORIENTED_EDGE('',*,*,#4885,.F.);
#6843=ORIENTED_EDGE('',*,*,#4886,.F.);
#6844=ORIENTED_EDGE('',*,*,#4887,.F.);
#6845=ORIENTED_EDGE('',*,*,#4888,.T.);
#6846=ORIENTED_EDGE('',*,*,#4889,.F.);
#6847=ORIENTED_EDGE('',*,*,#4848,.F.);
#6848=ORIENTED_EDGE('',*,*,#4889,.T.);
#6849=ORIENTED_EDGE('',*,*,#4890,.F.);
#6850=ORIENTED_EDGE('',*,*,#4891,.F.);
#6851=ORIENTED_EDGE('',*,*,#4885,.T.);
#6852=ORIENTED_EDGE('',*,*,#4882,.T.);
#6853=ORIENTED_EDGE('',*,*,#4879,.T.);
#6854=ORIENTED_EDGE('',*,*,#4876,.T.);
#6855=ORIENTED_EDGE('',*,*,#4892,.F.);
#6856=ORIENTED_EDGE('',*,*,#4871,.T.);
#6857=ORIENTED_EDGE('',*,*,#4893,.F.);
#6858=ORIENTED_EDGE('',*,*,#4868,.T.);
#6859=ORIENTED_EDGE('',*,*,#4894,.F.);
#6860=ORIENTED_EDGE('',*,*,#4895,.F.);
#6861=ORIENTED_EDGE('',*,*,#4864,.T.);
#6862=ORIENTED_EDGE('',*,*,#4861,.T.);
#6863=ORIENTED_EDGE('',*,*,#4896,.F.);
#6864=ORIENTED_EDGE('',*,*,#4897,.F.);
#6865=ORIENTED_EDGE('',*,*,#4857,.T.);
#6866=ORIENTED_EDGE('',*,*,#4898,.F.);
#6867=ORIENTED_EDGE('',*,*,#4853,.T.);
#6868=ORIENTED_EDGE('',*,*,#4899,.F.);
#6869=ORIENTED_EDGE('',*,*,#4849,.T.);
#6870=ORIENTED_EDGE('',*,*,#4900,.F.);
#6871=ORIENTED_EDGE('',*,*,#4901,.T.);
#6872=ORIENTED_EDGE('',*,*,#4894,.T.);
#6873=ORIENTED_EDGE('',*,*,#4867,.F.);
#6874=ORIENTED_EDGE('',*,*,#4902,.F.);
#6875=ORIENTED_EDGE('',*,*,#4865,.T.);
#6876=ORIENTED_EDGE('',*,*,#4895,.T.);
#6877=ORIENTED_EDGE('',*,*,#4901,.F.);
#6878=ORIENTED_EDGE('',*,*,#4903,.F.);
#6879=ORIENTED_EDGE('',*,*,#4904,.T.);
#6880=ORIENTED_EDGE('',*,*,#4834,.T.);
#6881=ORIENTED_EDGE('',*,*,#4828,.F.);
#6882=ORIENTED_EDGE('',*,*,#4905,.F.);
#6883=ORIENTED_EDGE('',*,*,#4843,.T.);
#6884=ORIENTED_EDGE('',*,*,#4844,.T.);
#6885=ORIENTED_EDGE('',*,*,#4835,.T.);
#6886=ORIENTED_EDGE('',*,*,#4904,.F.);
#6887=ORIENTED_EDGE('',*,*,#4869,.T.);
#6888=ORIENTED_EDGE('',*,*,#4893,.T.);
#6889=ORIENTED_EDGE('',*,*,#4906,.T.);
#6890=ORIENTED_EDGE('',*,*,#4907,.F.);
#6891=ORIENTED_EDGE('',*,*,#4908,.F.);
#6892=ORIENTED_EDGE('',*,*,#4892,.T.);
#6893=ORIENTED_EDGE('',*,*,#4875,.F.);
#6894=ORIENTED_EDGE('',*,*,#4909,.F.);
#6895=ORIENTED_EDGE('',*,*,#4873,.T.);
#6896=ORIENTED_EDGE('',*,*,#4910,.T.);
#6897=ORIENTED_EDGE('',*,*,#4831,.T.);
#6898=ORIENTED_EDGE('',*,*,#4911,.T.);
#6899=ORIENTED_EDGE('',*,*,#4887,.T.);
#6900=ORIENTED_EDGE('',*,*,#4912,.T.);
#6901=ORIENTED_EDGE('',*,*,#4913,.T.);
#6902=ORIENTED_EDGE('',*,*,#4914,.T.);
#6903=ORIENTED_EDGE('',*,*,#4915,.T.);
#6904=ORIENTED_EDGE('',*,*,#4916,.T.);
#6905=ORIENTED_EDGE('',*,*,#4917,.T.);
#6906=ORIENTED_EDGE('',*,*,#4918,.T.);
#6907=ORIENTED_EDGE('',*,*,#4919,.T.);
#6908=ORIENTED_EDGE('',*,*,#4920,.T.);
#6909=ORIENTED_EDGE('',*,*,#4921,.T.);
#6910=ORIENTED_EDGE('',*,*,#4922,.T.);
#6911=ORIENTED_EDGE('',*,*,#4923,.T.);
#6912=ORIENTED_EDGE('',*,*,#4924,.T.);
#6913=ORIENTED_EDGE('',*,*,#4925,.T.);
#6914=ORIENTED_EDGE('',*,*,#4926,.T.);
#6915=ORIENTED_EDGE('',*,*,#4927,.T.);
#6916=ORIENTED_EDGE('',*,*,#4624,.T.);
#6917=ORIENTED_EDGE('',*,*,#4928,.T.);
#6918=ORIENTED_EDGE('',*,*,#4929,.T.);
#6919=ORIENTED_EDGE('',*,*,#4930,.T.);
#6920=ORIENTED_EDGE('',*,*,#4931,.T.);
#6921=ORIENTED_EDGE('',*,*,#4932,.T.);
#6922=ORIENTED_EDGE('',*,*,#4933,.T.);
#6923=ORIENTED_EDGE('',*,*,#4934,.T.);
#6924=ORIENTED_EDGE('',*,*,#4935,.T.);
#6925=ORIENTED_EDGE('',*,*,#4936,.T.);
#6926=ORIENTED_EDGE('',*,*,#4563,.T.);
#6927=ORIENTED_EDGE('',*,*,#4561,.F.);
#6928=ORIENTED_EDGE('',*,*,#4937,.T.);
#6929=ORIENTED_EDGE('',*,*,#4938,.T.);
#6930=ORIENTED_EDGE('',*,*,#4602,.T.);
#6931=ORIENTED_EDGE('',*,*,#4859,.T.);
#6932=ORIENTED_EDGE('',*,*,#4863,.T.);
#6933=ORIENTED_EDGE('',*,*,#4902,.T.);
#6934=ORIENTED_EDGE('',*,*,#4866,.T.);
#6935=ORIENTED_EDGE('',*,*,#4909,.T.);
#6936=ORIENTED_EDGE('',*,*,#4874,.T.);
#6937=ORIENTED_EDGE('',*,*,#4878,.T.);
#6938=ORIENTED_EDGE('',*,*,#4881,.T.);
#6939=ORIENTED_EDGE('',*,*,#4884,.T.);
#6940=ORIENTED_EDGE('',*,*,#4939,.T.);
#6941=ORIENTED_EDGE('',*,*,#4823,.T.);
#6942=ORIENTED_EDGE('',*,*,#4837,.T.);
#6943=ORIENTED_EDGE('',*,*,#4940,.T.);
#6944=ORIENTED_EDGE('',*,*,#4840,.T.);
#6945=ORIENTED_EDGE('',*,*,#4905,.T.);
#6946=ORIENTED_EDGE('',*,*,#4827,.T.);
#6947=ORIENTED_EDGE('',*,*,#4847,.T.);
#6948=ORIENTED_EDGE('',*,*,#4941,.T.);
#6949=ORIENTED_EDGE('',*,*,#4851,.T.);
#6950=ORIENTED_EDGE('',*,*,#4942,.T.);
#6951=ORIENTED_EDGE('',*,*,#4855,.T.);
#6952=ORIENTED_EDGE('',*,*,#4943,.T.);
#6953=ORIENTED_EDGE('',*,*,#4944,.F.);
#6954=ORIENTED_EDGE('',*,*,#4945,.F.);
#6955=ORIENTED_EDGE('',*,*,#4946,.F.);
#6956=ORIENTED_EDGE('',*,*,#4947,.F.);
#6957=ORIENTED_EDGE('',*,*,#4948,.F.);
#6958=ORIENTED_EDGE('',*,*,#4949,.F.);
#6959=ORIENTED_EDGE('',*,*,#4950,.F.);
#6960=ORIENTED_EDGE('',*,*,#4951,.F.);
#6961=ORIENTED_EDGE('',*,*,#4952,.F.);
#6962=ORIENTED_EDGE('',*,*,#4953,.F.);
#6963=ORIENTED_EDGE('',*,*,#4820,.T.);
#6964=ORIENTED_EDGE('',*,*,#4817,.T.);
#6965=ORIENTED_EDGE('',*,*,#4814,.T.);
#6966=ORIENTED_EDGE('',*,*,#4811,.T.);
#6967=ORIENTED_EDGE('',*,*,#4808,.T.);
#6968=ORIENTED_EDGE('',*,*,#4805,.T.);
#6969=ORIENTED_EDGE('',*,*,#4599,.T.);
#6970=ORIENTED_EDGE('',*,*,#4596,.T.);
#6971=ORIENTED_EDGE('',*,*,#4593,.T.);
#6972=ORIENTED_EDGE('',*,*,#4590,.T.);
#6973=ORIENTED_EDGE('',*,*,#4587,.T.);
#6974=ORIENTED_EDGE('',*,*,#4584,.T.);
#6975=ORIENTED_EDGE('',*,*,#4581,.T.);
#6976=ORIENTED_EDGE('',*,*,#4578,.T.);
#6977=ORIENTED_EDGE('',*,*,#4575,.T.);
#6978=ORIENTED_EDGE('',*,*,#4572,.T.);
#6979=ORIENTED_EDGE('',*,*,#4569,.T.);
#6980=ORIENTED_EDGE('',*,*,#4566,.T.);
#6981=ORIENTED_EDGE('',*,*,#4900,.T.);
#6982=ORIENTED_EDGE('',*,*,#4474,.T.);
#6983=ORIENTED_EDGE('',*,*,#4954,.F.);
#6984=ORIENTED_EDGE('',*,*,#4955,.T.);
#6985=ORIENTED_EDGE('',*,*,#4852,.F.);
#6986=ORIENTED_EDGE('',*,*,#4941,.F.);
#6987=ORIENTED_EDGE('',*,*,#4850,.T.);
#6988=ORIENTED_EDGE('',*,*,#4899,.T.);
#6989=ORIENTED_EDGE('',*,*,#4955,.F.);
#6990=ORIENTED_EDGE('',*,*,#4954,.T.);
#6991=ORIENTED_EDGE('',*,*,#4456,.T.);
#6992=ORIENTED_EDGE('',*,*,#4956,.F.);
#6993=ORIENTED_EDGE('',*,*,#4957,.T.);
#6994=ORIENTED_EDGE('',*,*,#4890,.T.);
#6995=ORIENTED_EDGE('',*,*,#4888,.F.);
#6996=ORIENTED_EDGE('',*,*,#4911,.F.);
#6997=ORIENTED_EDGE('',*,*,#4833,.T.);
#6998=ORIENTED_EDGE('',*,*,#4836,.T.);
#6999=ORIENTED_EDGE('',*,*,#4824,.T.);
#7000=ORIENTED_EDGE('',*,*,#4939,.F.);
#7001=ORIENTED_EDGE('',*,*,#4886,.T.);
#7002=ORIENTED_EDGE('',*,*,#4891,.T.);
#7003=ORIENTED_EDGE('',*,*,#4957,.F.);
#7004=ORIENTED_EDGE('',*,*,#4956,.T.);
#7005=ORIENTED_EDGE('',*,*,#4505,.T.);
#7006=ORIENTED_EDGE('',*,*,#4958,.F.);
#7007=ORIENTED_EDGE('',*,*,#4959,.T.);
#7008=ORIENTED_EDGE('',*,*,#4898,.T.);
#7009=ORIENTED_EDGE('',*,*,#4856,.F.);
#7010=ORIENTED_EDGE('',*,*,#4942,.F.);
#7011=ORIENTED_EDGE('',*,*,#4854,.T.);
#7012=ORIENTED_EDGE('',*,*,#4959,.F.);
#7013=ORIENTED_EDGE('',*,*,#4958,.T.);
#7014=ORIENTED_EDGE('',*,*,#4513,.T.);
#7015=ORIENTED_EDGE('',*,*,#4910,.F.);
#7016=ORIENTED_EDGE('',*,*,#4872,.T.);
#7017=ORIENTED_EDGE('',*,*,#4908,.T.);
#7018=ORIENTED_EDGE('',*,*,#4960,.F.);
#7019=ORIENTED_EDGE('',*,*,#4906,.F.);
#7020=ORIENTED_EDGE('',*,*,#4870,.F.);
#7021=ORIENTED_EDGE('',*,*,#4907,.T.);
#7022=ORIENTED_EDGE('',*,*,#4960,.T.);
#7023=ORIENTED_EDGE('',*,*,#4496,.T.);
#7024=ORIENTED_EDGE('',*,*,#4961,.F.);
#7025=ORIENTED_EDGE('',*,*,#4962,.T.);
#7026=ORIENTED_EDGE('',*,*,#4845,.T.);
#7027=ORIENTED_EDGE('',*,*,#4841,.F.);
#7028=ORIENTED_EDGE('',*,*,#4940,.F.);
#7029=ORIENTED_EDGE('',*,*,#4839,.T.);
#7030=ORIENTED_EDGE('',*,*,#4846,.T.);
#7031=ORIENTED_EDGE('',*,*,#4962,.F.);
#7032=ORIENTED_EDGE('',*,*,#4961,.T.);
#7033=ORIENTED_EDGE('',*,*,#4490,.T.);
#7034=ORIENTED_EDGE('',*,*,#4903,.T.);
#7035=ORIENTED_EDGE('',*,*,#4483,.T.);
#7036=ORIENTED_EDGE('',*,*,#4963,.F.);
#7037=ORIENTED_EDGE('',*,*,#4964,.T.);
#7038=ORIENTED_EDGE('',*,*,#4896,.T.);
#7039=ORIENTED_EDGE('',*,*,#4860,.T.);
#7040=ORIENTED_EDGE('',*,*,#4943,.F.);
#7041=ORIENTED_EDGE('',*,*,#4858,.T.);
#7042=ORIENTED_EDGE('',*,*,#4897,.T.);
#7043=ORIENTED_EDGE('',*,*,#4964,.F.);
#7044=ORIENTED_EDGE('',*,*,#4963,.T.);
#7045=ORIENTED_EDGE('',*,*,#4465,.T.);
#7046=ORIENTED_EDGE('',*,*,#4965,.F.);
#7047=ORIENTED_EDGE('',*,*,#4966,.T.);
#7048=ORIENTED_EDGE('',*,*,#4967,.T.);
#7049=ORIENTED_EDGE('',*,*,#4968,.T.);
#7050=ORIENTED_EDGE('',*,*,#4965,.T.);
#7051=ORIENTED_EDGE('',*,*,#4968,.F.);
#7052=ORIENTED_EDGE('',*,*,#4966,.F.);
#7053=ORIENTED_EDGE('',*,*,#4969,.T.);
#7054=ORIENTED_EDGE('',*,*,#4709,.F.);
#7055=ORIENTED_EDGE('',*,*,#4969,.F.);
#7056=ORIENTED_EDGE('',*,*,#4967,.F.);
#7057=ORIENTED_EDGE('',*,*,#4970,.T.);
#7058=ORIENTED_EDGE('',*,*,#4971,.F.);
#7059=ORIENTED_EDGE('',*,*,#4972,.T.);
#7060=ORIENTED_EDGE('',*,*,#4973,.T.);
#7061=ORIENTED_EDGE('',*,*,#4974,.T.);
#7062=ORIENTED_EDGE('',*,*,#4971,.T.);
#7063=ORIENTED_EDGE('',*,*,#4974,.F.);
#7064=ORIENTED_EDGE('',*,*,#4972,.F.);
#7065=ORIENTED_EDGE('',*,*,#4975,.T.);
#7066=ORIENTED_EDGE('',*,*,#4778,.F.);
#7067=ORIENTED_EDGE('',*,*,#4975,.F.);
#7068=ORIENTED_EDGE('',*,*,#4973,.F.);
#7069=ORIENTED_EDGE('',*,*,#4976,.T.);
#7070=ORIENTED_EDGE('',*,*,#4951,.T.);
#7071=ORIENTED_EDGE('',*,*,#4977,.T.);
#7072=ORIENTED_EDGE('',*,*,#4978,.T.);
#7073=ORIENTED_EDGE('',*,*,#4979,.T.);
#7074=ORIENTED_EDGE('',*,*,#4980,.T.);
#7075=ORIENTED_EDGE('',*,*,#4981,.T.);
#7076=ORIENTED_EDGE('',*,*,#4952,.T.);
#7077=ORIENTED_EDGE('',*,*,#4979,.F.);
#7078=ORIENTED_EDGE('',*,*,#4982,.T.);
#7079=ORIENTED_EDGE('',*,*,#4983,.T.);
#7080=ORIENTED_EDGE('',*,*,#4984,.T.);
#7081=ORIENTED_EDGE('',*,*,#4944,.T.);
#7082=ORIENTED_EDGE('',*,*,#4985,.T.);
#7083=ORIENTED_EDGE('',*,*,#4945,.T.);
#7084=ORIENTED_EDGE('',*,*,#4984,.F.);
#7085=ORIENTED_EDGE('',*,*,#4986,.T.);
#7086=ORIENTED_EDGE('',*,*,#4946,.T.);
#7087=ORIENTED_EDGE('',*,*,#4985,.F.);
#7088=ORIENTED_EDGE('',*,*,#4987,.T.);
#7089=ORIENTED_EDGE('',*,*,#4988,.T.);
#7090=ORIENTED_EDGE('',*,*,#4989,.T.);
#7091=ORIENTED_EDGE('',*,*,#4982,.F.);
#7092=ORIENTED_EDGE('',*,*,#4953,.T.);
#7093=ORIENTED_EDGE('',*,*,#4981,.F.);
#7094=ORIENTED_EDGE('',*,*,#4947,.T.);
#7095=ORIENTED_EDGE('',*,*,#4988,.F.);
#7096=ORIENTED_EDGE('',*,*,#4990,.T.);
#7097=ORIENTED_EDGE('',*,*,#4991,.T.);
#7098=ORIENTED_EDGE('',*,*,#4992,.T.);
#7099=ORIENTED_EDGE('',*,*,#4993,.T.);
#7100=ORIENTED_EDGE('',*,*,#4948,.T.);
#7101=ORIENTED_EDGE('',*,*,#4991,.F.);
#7102=ORIENTED_EDGE('',*,*,#4994,.T.);
#7103=ORIENTED_EDGE('',*,*,#4949,.T.);
#7104=ORIENTED_EDGE('',*,*,#4993,.F.);
#7105=ORIENTED_EDGE('',*,*,#4995,.T.);
#7106=ORIENTED_EDGE('',*,*,#4977,.F.);
#7107=ORIENTED_EDGE('',*,*,#4950,.T.);
#7108=ORIENTED_EDGE('',*,*,#4994,.F.);
#7109=ORIENTED_EDGE('',*,*,#4996,.T.);
#7110=ORIENTED_EDGE('',*,*,#4992,.F.);
#7111=ORIENTED_EDGE('',*,*,#4997,.T.);
#7112=ORIENTED_EDGE('',*,*,#4998,.F.);
#7113=ORIENTED_EDGE('',*,*,#4999,.F.);
#7114=ORIENTED_EDGE('',*,*,#4990,.F.);
#7115=ORIENTED_EDGE('',*,*,#5000,.T.);
#7116=ORIENTED_EDGE('',*,*,#5001,.F.);
#7117=ORIENTED_EDGE('',*,*,#4997,.F.);
#7118=ORIENTED_EDGE('',*,*,#4987,.F.);
#7119=ORIENTED_EDGE('',*,*,#5002,.T.);
#7120=ORIENTED_EDGE('',*,*,#5003,.F.);
#7121=ORIENTED_EDGE('',*,*,#5000,.F.);
#7122=ORIENTED_EDGE('',*,*,#4986,.F.);
#7123=ORIENTED_EDGE('',*,*,#5004,.T.);
#7124=ORIENTED_EDGE('',*,*,#5005,.F.);
#7125=ORIENTED_EDGE('',*,*,#5002,.F.);
#7126=ORIENTED_EDGE('',*,*,#4983,.F.);
#7127=ORIENTED_EDGE('',*,*,#5006,.T.);
#7128=ORIENTED_EDGE('',*,*,#5007,.F.);
#7129=ORIENTED_EDGE('',*,*,#5004,.F.);
#7130=ORIENTED_EDGE('',*,*,#4524,.T.);
#7131=ORIENTED_EDGE('',*,*,#5008,.T.);
#7132=ORIENTED_EDGE('',*,*,#4970,.F.);
#7133=ORIENTED_EDGE('',*,*,#5008,.F.);
#7134=ORIENTED_EDGE('',*,*,#4520,.T.);
#7135=ORIENTED_EDGE('',*,*,#5009,.T.);
#7136=ORIENTED_EDGE('',*,*,#4976,.F.);
#7137=ORIENTED_EDGE('',*,*,#5009,.F.);
#7138=ORIENTED_EDGE('',*,*,#4995,.F.);
#7139=ORIENTED_EDGE('',*,*,#4999,.T.);
#7140=ORIENTED_EDGE('',*,*,#5010,.F.);
#7141=ORIENTED_EDGE('',*,*,#5011,.F.);
#7142=ORIENTED_EDGE('',*,*,#4996,.F.);
#7143=ORIENTED_EDGE('',*,*,#5011,.T.);
#7144=ORIENTED_EDGE('',*,*,#5012,.F.);
#7145=ORIENTED_EDGE('',*,*,#5013,.F.);
#7146=ORIENTED_EDGE('',*,*,#4978,.F.);
#7147=ORIENTED_EDGE('',*,*,#5013,.T.);
#7148=ORIENTED_EDGE('',*,*,#5014,.F.);
#7149=ORIENTED_EDGE('',*,*,#5015,.F.);
#7150=ORIENTED_EDGE('',*,*,#4980,.F.);
#7151=ORIENTED_EDGE('',*,*,#5015,.T.);
#7152=ORIENTED_EDGE('',*,*,#5016,.F.);
#7153=ORIENTED_EDGE('',*,*,#5017,.F.);
#7154=ORIENTED_EDGE('',*,*,#4989,.F.);
#7155=ORIENTED_EDGE('',*,*,#5017,.T.);
#7156=ORIENTED_EDGE('',*,*,#5018,.F.);
#7157=ORIENTED_EDGE('',*,*,#5006,.F.);
#7158=ORIENTED_EDGE('',*,*,#5005,.T.);
#7159=ORIENTED_EDGE('',*,*,#5007,.T.);
#7160=ORIENTED_EDGE('',*,*,#5018,.T.);
#7161=ORIENTED_EDGE('',*,*,#5016,.T.);
#7162=ORIENTED_EDGE('',*,*,#5014,.T.);
#7163=ORIENTED_EDGE('',*,*,#5012,.T.);
#7164=ORIENTED_EDGE('',*,*,#5010,.T.);
#7165=ORIENTED_EDGE('',*,*,#4998,.T.);
#7166=ORIENTED_EDGE('',*,*,#5001,.T.);
#7167=ORIENTED_EDGE('',*,*,#5003,.T.);
#7168=ORIENTED_EDGE('',*,*,#4521,.T.);
#7169=ORIENTED_EDGE('',*,*,#4525,.T.);
#7170=ORIENTED_EDGE('',*,*,#5019,.T.);
#7171=ORIENTED_EDGE('',*,*,#4802,.T.);
#7172=ORIENTED_EDGE('',*,*,#5020,.T.);
#7173=ORIENTED_EDGE('',*,*,#4787,.T.);
#7174=ORIENTED_EDGE('',*,*,#4644,.F.);
#7175=ORIENTED_EDGE('',*,*,#5021,.T.);
#7176=ORIENTED_EDGE('',*,*,#5022,.F.);
#7177=ORIENTED_EDGE('',*,*,#5023,.T.);
#7178=ORIENTED_EDGE('',*,*,#4595,.T.);
#7179=ORIENTED_EDGE('',*,*,#5024,.T.);
#7180=ORIENTED_EDGE('',*,*,#4796,.T.);
#7181=ORIENTED_EDGE('',*,*,#5025,.T.);
#7182=ORIENTED_EDGE('',*,*,#4790,.T.);
#7183=ORIENTED_EDGE('',*,*,#5026,.T.);
#7184=ORIENTED_EDGE('',*,*,#4793,.T.);
#7185=ORIENTED_EDGE('',*,*,#4628,.T.);
#7186=ORIENTED_EDGE('',*,*,#4799,.T.);
#7187=ORIENTED_EDGE('',*,*,#4472,.T.);
#7188=ORIENTED_EDGE('',*,*,#4476,.T.);
#7189=ORIENTED_EDGE('',*,*,#4478,.T.);
#7190=ORIENTED_EDGE('',*,*,#5027,.T.);
#7191=ORIENTED_EDGE('',*,*,#4784,.T.);
#7192=ORIENTED_EDGE('',*,*,#5027,.F.);
#7193=ORIENTED_EDGE('',*,*,#4477,.T.);
#7194=ORIENTED_EDGE('',*,*,#4502,.T.);
#7195=ORIENTED_EDGE('',*,*,#5028,.T.);
#7196=ORIENTED_EDGE('',*,*,#4783,.T.);
#7197=ORIENTED_EDGE('',*,*,#5028,.F.);
#7198=ORIENTED_EDGE('',*,*,#4504,.T.);
#7199=ORIENTED_EDGE('',*,*,#4507,.T.);
#7200=ORIENTED_EDGE('',*,*,#4509,.T.);
#7201=ORIENTED_EDGE('',*,*,#4508,.T.);
#7202=ORIENTED_EDGE('',*,*,#4493,.T.);
#7203=ORIENTED_EDGE('',*,*,#5029,.T.);
#7204=ORIENTED_EDGE('',*,*,#4782,.T.);
#7205=ORIENTED_EDGE('',*,*,#5029,.F.);
#7206=ORIENTED_EDGE('',*,*,#4495,.T.);
#7207=ORIENTED_EDGE('',*,*,#4498,.T.);
#7208=ORIENTED_EDGE('',*,*,#4500,.T.);
#7209=ORIENTED_EDGE('',*,*,#4499,.T.);
#7210=ORIENTED_EDGE('',*,*,#4463,.T.);
#7211=ORIENTED_EDGE('',*,*,#4467,.T.);
#7212=ORIENTED_EDGE('',*,*,#4470,.T.);
#7213=ORIENTED_EDGE('',*,*,#5030,.T.);
#7214=ORIENTED_EDGE('',*,*,#4781,.T.);
#7215=ORIENTED_EDGE('',*,*,#5030,.F.);
#7216=ORIENTED_EDGE('',*,*,#4469,.T.);
#7217=ORIENTED_EDGE('',*,*,#4468,.T.);
#7218=ORIENTED_EDGE('',*,*,#4511,.T.);
#7219=ORIENTED_EDGE('',*,*,#4515,.T.);
#7220=ORIENTED_EDGE('',*,*,#4518,.T.);
#7221=ORIENTED_EDGE('',*,*,#5031,.T.);
#7222=ORIENTED_EDGE('',*,*,#4786,.T.);
#7223=ORIENTED_EDGE('',*,*,#5031,.F.);
#7224=ORIENTED_EDGE('',*,*,#4517,.T.);
#7225=ORIENTED_EDGE('',*,*,#4516,.T.);
#7226=ORIENTED_EDGE('',*,*,#4480,.T.);
#7227=ORIENTED_EDGE('',*,*,#5032,.T.);
#7228=ORIENTED_EDGE('',*,*,#4780,.T.);
#7229=ORIENTED_EDGE('',*,*,#5032,.F.);
#7230=ORIENTED_EDGE('',*,*,#4482,.T.);
#7231=ORIENTED_EDGE('',*,*,#4485,.T.);
#7232=ORIENTED_EDGE('',*,*,#4487,.T.);
#7233=ORIENTED_EDGE('',*,*,#4486,.T.);
#7234=ORIENTED_EDGE('',*,*,#4454,.T.);
#7235=ORIENTED_EDGE('',*,*,#4458,.T.);
#7236=ORIENTED_EDGE('',*,*,#4461,.T.);
#7237=ORIENTED_EDGE('',*,*,#5033,.T.);
#7238=ORIENTED_EDGE('',*,*,#4785,.T.);
#7239=ORIENTED_EDGE('',*,*,#5033,.F.);
#7240=ORIENTED_EDGE('',*,*,#4460,.T.);
#7241=ORIENTED_EDGE('',*,*,#4459,.T.);
#7242=ORIENTED_EDGE('',*,*,#4489,.T.);
#7243=ORIENTED_EDGE('',*,*,#5034,.T.);
#7244=ORIENTED_EDGE('',*,*,#4779,.T.);
#7245=ORIENTED_EDGE('',*,*,#5034,.F.);
#7246=ORIENTED_EDGE('',*,*,#4667,.T.);
#7247=ORIENTED_EDGE('',*,*,#5035,.T.);
#7248=ORIENTED_EDGE('',*,*,#4938,.F.);
#7249=ORIENTED_EDGE('',*,*,#5036,.F.);
#7250=ORIENTED_EDGE('',*,*,#4560,.T.);
#7251=ORIENTED_EDGE('',*,*,#4668,.T.);
#7252=ORIENTED_EDGE('',*,*,#5036,.T.);
#7253=ORIENTED_EDGE('',*,*,#4937,.F.);
#7254=ORIENTED_EDGE('',*,*,#4630,.T.);
#7255=ORIENTED_EDGE('',*,*,#4564,.T.);
#7256=ORIENTED_EDGE('',*,*,#4936,.F.);
#7257=ORIENTED_EDGE('',*,*,#5037,.F.);
#7258=ORIENTED_EDGE('',*,*,#5037,.T.);
#7259=ORIENTED_EDGE('',*,*,#4935,.F.);
#7260=ORIENTED_EDGE('',*,*,#5038,.F.);
#7261=ORIENTED_EDGE('',*,*,#4632,.F.);
#7262=ORIENTED_EDGE('',*,*,#5039,.T.);
#7263=ORIENTED_EDGE('',*,*,#5020,.F.);
#7264=ORIENTED_EDGE('',*,*,#5039,.F.);
#7265=ORIENTED_EDGE('',*,*,#4631,.F.);
#7266=ORIENTED_EDGE('',*,*,#4633,.T.);
#7267=ORIENTED_EDGE('',*,*,#5038,.T.);
#7268=ORIENTED_EDGE('',*,*,#4934,.F.);
#7269=ORIENTED_EDGE('',*,*,#5040,.F.);
#7270=ORIENTED_EDGE('',*,*,#4634,.F.);
#7271=ORIENTED_EDGE('',*,*,#5040,.T.);
#7272=ORIENTED_EDGE('',*,*,#4933,.F.);
#7273=ORIENTED_EDGE('',*,*,#5041,.F.);
#7274=ORIENTED_EDGE('',*,*,#4635,.T.);
#7275=ORIENTED_EDGE('',*,*,#5041,.T.);
#7276=ORIENTED_EDGE('',*,*,#4932,.F.);
#7277=ORIENTED_EDGE('',*,*,#5042,.F.);
#7278=ORIENTED_EDGE('',*,*,#5042,.T.);
#7279=ORIENTED_EDGE('',*,*,#4931,.F.);
#7280=ORIENTED_EDGE('',*,*,#5043,.F.);
#7281=ORIENTED_EDGE('',*,*,#4637,.F.);
#7282=ORIENTED_EDGE('',*,*,#5044,.T.);
#7283=ORIENTED_EDGE('',*,*,#5024,.F.);
#7284=ORIENTED_EDGE('',*,*,#5044,.F.);
#7285=ORIENTED_EDGE('',*,*,#4636,.F.);
#7286=ORIENTED_EDGE('',*,*,#4638,.T.);
#7287=ORIENTED_EDGE('',*,*,#5043,.T.);
#7288=ORIENTED_EDGE('',*,*,#4930,.F.);
#7289=ORIENTED_EDGE('',*,*,#5045,.F.);
#7290=ORIENTED_EDGE('',*,*,#4639,.F.);
#7291=ORIENTED_EDGE('',*,*,#5045,.T.);
#7292=ORIENTED_EDGE('',*,*,#4929,.F.);
#7293=ORIENTED_EDGE('',*,*,#5046,.F.);
#7294=ORIENTED_EDGE('',*,*,#4640,.T.);
#7295=ORIENTED_EDGE('',*,*,#5046,.T.);
#7296=ORIENTED_EDGE('',*,*,#4928,.F.);
#7297=ORIENTED_EDGE('',*,*,#4623,.F.);
#7298=ORIENTED_EDGE('',*,*,#4641,.T.);
#7299=ORIENTED_EDGE('',*,*,#4625,.T.);
#7300=ORIENTED_EDGE('',*,*,#4927,.F.);
#7301=ORIENTED_EDGE('',*,*,#5047,.F.);
#7302=ORIENTED_EDGE('',*,*,#4777,.T.);
#7303=ORIENTED_EDGE('',*,*,#4647,.F.);
#7304=ORIENTED_EDGE('',*,*,#4618,.T.);
#7305=ORIENTED_EDGE('',*,*,#4642,.T.);
#7306=ORIENTED_EDGE('',*,*,#5047,.T.);
#7307=ORIENTED_EDGE('',*,*,#4926,.F.);
#7308=ORIENTED_EDGE('',*,*,#5048,.F.);
#7309=ORIENTED_EDGE('',*,*,#4776,.F.);
#7310=ORIENTED_EDGE('',*,*,#5048,.T.);
#7311=ORIENTED_EDGE('',*,*,#4925,.F.);
#7312=ORIENTED_EDGE('',*,*,#5049,.F.);
#7313=ORIENTED_EDGE('',*,*,#5021,.F.);
#7314=ORIENTED_EDGE('',*,*,#4643,.F.);
#7315=ORIENTED_EDGE('',*,*,#4649,.F.);
#7316=ORIENTED_EDGE('',*,*,#5022,.T.);
#7317=ORIENTED_EDGE('',*,*,#5049,.T.);
#7318=ORIENTED_EDGE('',*,*,#4924,.F.);
#7319=ORIENTED_EDGE('',*,*,#5050,.F.);
#7320=ORIENTED_EDGE('',*,*,#4527,.T.);
#7321=ORIENTED_EDGE('',*,*,#4540,.T.);
#7322=ORIENTED_EDGE('',*,*,#4645,.T.);
#7323=ORIENTED_EDGE('',*,*,#5023,.F.);
#7324=ORIENTED_EDGE('',*,*,#5050,.T.);
#7325=ORIENTED_EDGE('',*,*,#4923,.F.);
#7326=ORIENTED_EDGE('',*,*,#5051,.T.);
#7327=ORIENTED_EDGE('',*,*,#5025,.F.);
#7328=ORIENTED_EDGE('',*,*,#5051,.F.);
#7329=ORIENTED_EDGE('',*,*,#4922,.F.);
#7330=ORIENTED_EDGE('',*,*,#5052,.F.);
#7331=ORIENTED_EDGE('',*,*,#4658,.F.);
#7332=ORIENTED_EDGE('',*,*,#4659,.T.);
#7333=ORIENTED_EDGE('',*,*,#5052,.T.);
#7334=ORIENTED_EDGE('',*,*,#4921,.F.);
#7335=ORIENTED_EDGE('',*,*,#5053,.F.);
#7336=ORIENTED_EDGE('',*,*,#4660,.F.);
#7337=ORIENTED_EDGE('',*,*,#5053,.T.);
#7338=ORIENTED_EDGE('',*,*,#4920,.F.);
#7339=ORIENTED_EDGE('',*,*,#5054,.F.);
#7340=ORIENTED_EDGE('',*,*,#4661,.T.);
#7341=ORIENTED_EDGE('',*,*,#5054,.T.);
#7342=ORIENTED_EDGE('',*,*,#4919,.F.);
#7343=ORIENTED_EDGE('',*,*,#5055,.F.);
#7344=ORIENTED_EDGE('',*,*,#4662,.F.);
#7345=ORIENTED_EDGE('',*,*,#5055,.T.);
#7346=ORIENTED_EDGE('',*,*,#4918,.F.);
#7347=ORIENTED_EDGE('',*,*,#5056,.T.);
#7348=ORIENTED_EDGE('',*,*,#5019,.F.);
#7349=ORIENTED_EDGE('',*,*,#5056,.F.);
#7350=ORIENTED_EDGE('',*,*,#4917,.F.);
#7351=ORIENTED_EDGE('',*,*,#5057,.F.);
#7352=ORIENTED_EDGE('',*,*,#4663,.T.);
#7353=ORIENTED_EDGE('',*,*,#5057,.T.);
#7354=ORIENTED_EDGE('',*,*,#4916,.F.);
#7355=ORIENTED_EDGE('',*,*,#5058,.F.);
#7356=ORIENTED_EDGE('',*,*,#4664,.F.);
#7357=ORIENTED_EDGE('',*,*,#5058,.T.);
#7358=ORIENTED_EDGE('',*,*,#4915,.F.);
#7359=ORIENTED_EDGE('',*,*,#5059,.F.);
#7360=ORIENTED_EDGE('',*,*,#4665,.T.);
#7361=ORIENTED_EDGE('',*,*,#5059,.T.);
#7362=ORIENTED_EDGE('',*,*,#4914,.F.);
#7363=ORIENTED_EDGE('',*,*,#5060,.F.);
#7364=ORIENTED_EDGE('',*,*,#4666,.F.);
#7365=ORIENTED_EDGE('',*,*,#5060,.T.);
#7366=ORIENTED_EDGE('',*,*,#4913,.F.);
#7367=ORIENTED_EDGE('',*,*,#5061,.T.);
#7368=ORIENTED_EDGE('',*,*,#5026,.F.);
#7369=ORIENTED_EDGE('',*,*,#5061,.F.);
#7370=ORIENTED_EDGE('',*,*,#4912,.F.);
#7371=ORIENTED_EDGE('',*,*,#5035,.F.);
#7372=PLANE('',#7999);
#7373=PLANE('',#8002);
#7374=PLANE('',#8016);
#7375=PLANE('',#8020);
#7376=PLANE('',#8026);
#7377=PLANE('',#8027);
#7378=PLANE('',#8028);
#7379=PLANE('',#8029);
#7380=PLANE('',#8030);
#7381=PLANE('',#8031);
#7382=PLANE('',#8032);
#7383=PLANE('',#8033);
#7384=PLANE('',#8037);
#7385=PLANE('',#8041);
#7386=PLANE('',#8042);
#7387=PLANE('',#8043);
#7388=PLANE('',#8044);
#7389=PLANE('',#8045);
#7390=PLANE('',#8046);
#7391=PLANE('',#8047);
#7392=PLANE('',#8048);
#7393=PLANE('',#8049);
#7394=PLANE('',#8050);
#7395=PLANE('',#8051);
#7396=PLANE('',#8052);
#7397=PLANE('',#8053);
#7398=PLANE('',#8054);
#7399=PLANE('',#8057);
#7400=PLANE('',#8058);
#7401=PLANE('',#8073);
#7402=PLANE('',#8077);
#7403=PLANE('',#8083);
#7404=PLANE('',#8084);
#7405=PLANE('',#8085);
#7406=PLANE('',#8086);
#7407=PLANE('',#8087);
#7408=PLANE('',#8088);
#7409=PLANE('',#8089);
#7410=PLANE('',#8090);
#7411=PLANE('',#8091);
#7412=PLANE('',#8092);
#7413=PLANE('',#8096);
#7414=PLANE('',#8100);
#7415=PLANE('',#8101);
#7416=PLANE('',#8102);
#7417=PLANE('',#8103);
#7418=PLANE('',#8104);
#7419=PLANE('',#8105);
#7420=PLANE('',#8106);
#7421=PLANE('',#8107);
#7422=PLANE('',#8114);
#7423=PLANE('',#8121);
#7424=PLANE('',#8128);
#7425=PLANE('',#8136);
#7426=PLANE('',#8141);
#7427=PLANE('',#8149);
#7428=PLANE('',#8157);
#7429=PLANE('',#8164);
#7430=PLANE('',#8169);
#7431=PLANE('',#8175);
#7432=PLANE('',#8179);
#7433=PLANE('',#8184);
#7434=PLANE('',#8185);
#7435=PLANE('',#8226);
#7436=PLANE('',#8237);
#7437=PLANE('',#8242);
#7438=PLANE('',#8245);
#7439=PLANE('',#8248);
#7440=PLANE('',#8254);
#7441=PLANE('',#8265);
#7442=PLANE('',#8266);
#7443=PLANE('',#8267);
#7444=PLANE('',#8268);
#7445=PLANE('',#8269);
#7446=PLANE('',#8270);
#7447=PLANE('',#8271);
#7448=PLANE('',#8272);
#7449=PLANE('',#8273);
#7450=PLANE('',#8274);
#7451=PLANE('',#8278);
#7452=PLANE('',#8287);
#7453=PLANE('',#8288);
#7454=PLANE('',#8293);
#7455=PLANE('',#8294);
#7456=PLANE('',#8297);
#7457=PLANE('',#8298);
#7458=PLANE('',#8301);
#7459=PLANE('',#8312);
#7460=PLANE('',#8316);
#7461=PLANE('',#8317);
#7462=PLANE('',#8318);
#7463=PLANE('',#8319);
#7464=PLANE('',#8323);
#7465=PLANE('',#8324);
#7466=PLANE('',#8325);
#7467=PLANE('',#8326);
#7468=PLANE('',#8327);
#7469=PLANE('',#8328);
#7470=PLANE('',#8329);
#7471=PLANE('',#8330);
#7472=PLANE('',#8331);
#7473=PLANE('',#8332);
#7474=PLANE('',#8333);
#7475=PLANE('',#8341);
#7476=PLANE('',#8365);
#7477=PLANE('',#8369);
#7478=PLANE('',#8373);
#7479=PLANE('',#8377);
#7480=PLANE('',#8381);
#7481=PLANE('',#8385);
#7482=PLANE('',#8386);
#7483=PLANE('',#8387);
#7484=PLANE('',#8388);
#7485=PLANE('',#8389);
#7486=PLANE('',#8393);
#7487=PLANE('',#8394);
#7488=PLANE('',#8395);
#7489=PLANE('',#8399);
#7490=PLANE('',#8400);
#7491=PLANE('',#8401);
#7492=PLANE('',#8402);
#7493=PLANE('',#8403);
#7494=PLANE('',#8404);
#7495=PLANE('',#8408);
#7496=PLANE('',#8409);
#7497=PLANE('',#8410);
#7498=PLANE('',#8411);
#7499=PLANE('',#8412);
#7500=PLANE('',#8413);
#7501=PLANE('',#8433);
#7502=PLANE('',#8434);
#7503=PLANE('',#8436);
#7504=PLANE('',#8452);
#7505=PLANE('',#8455);
#7506=PLANE('',#8458);
#7507=PLANE('',#8461);
#7508=PLANE('',#8462);
#7509=PLANE('',#8463);
#7510=PLANE('',#8466);
#7511=PLANE('',#8467);
#7512=PLANE('',#8470);
#7513=PLANE('',#8471);
#7514=PLANE('',#8477);
#7515=PLANE('',#8479);
#7516=PLANE('',#8485);
#7517=PLANE('',#8487);
#7518=PLANE('',#8488);
#7519=PLANE('',#8489);
#7520=PLANE('',#8492);
#7521=PLANE('',#8493);
#7522=PLANE('',#8494);
#7523=PLANE('',#8495);
#7524=PLANE('',#8498);
#7525=PLANE('',#8499);
#7526=PLANE('',#8500);
#7527=PLANE('',#8501);
#7528=PLANE('',#8504);
#7529=PLANE('',#8509);
#7530=PLANE('',#8510);
#7531=PLANE('',#8511);
#7532=PLANE('',#8512);
#7533=PLANE('',#8513);
#7534=PLANE('',#8514);
#7535=PLANE('',#8516);
#7536=PLANE('',#8518);
#7537=PLANE('',#8520);
#7538=PLANE('',#8522);
#7539=PLANE('',#8524);
#7540=PLANE('',#8526);
#7541=PLANE('',#8535);
#7542=PLANE('',#8536);
#7543=PLANE('',#8537);
#7544=PLANE('',#8539);
#7545=PLANE('',#8540);
#7546=PLANE('',#8541);
#7547=PLANE('',#8543);
#7548=PLANE('',#8544);
#7549=PLANE('',#8545);
#7550=PLANE('',#8546);
#7551=PLANE('',#8547);
#7552=PLANE('',#8548);
#7553=PLANE('',#8549);
#7554=PLANE('',#8551);
#7555=PLANE('',#8552);
#7556=PLANE('',#8553);
#7557=PLANE('',#8555);
#7558=PLANE('',#8556);
#7559=PLANE('',#8557);
#7560=ADVANCED_FACE('',(#1909,#1768),#7372,.F.);
#7561=ADVANCED_FACE('',(#1910,#1769,#1770,#1771,#1772,#1773),#7373,.F.);
#7562=ADVANCED_FACE('',(#1911),#293,.F.);
#7563=ADVANCED_FACE('',(#1912,#1774,#1775),#294,.T.);
#7564=ADVANCED_FACE('',(#1913,#1776,#1777,#1778,#1779,#1780,#1781,#1782,
#1783,#1784,#1785,#1786,#1787,#1788),#7374,.T.);
#7565=ADVANCED_FACE('',(#1914),#7375,.T.);
#7566=ADVANCED_FACE('',(#1915),#28,.F.);
#7567=ADVANCED_FACE('',(#1916),#29,.F.);
#7568=ADVANCED_FACE('',(#1917),#30,.F.);
#7569=ADVANCED_FACE('',(#1918),#31,.F.);
#7570=ADVANCED_FACE('',(#1919),#32,.F.);
#7571=ADVANCED_FACE('',(#1920),#33,.F.);
#7572=ADVANCED_FACE('',(#1921),#34,.F.);
#7573=ADVANCED_FACE('',(#1922),#35,.F.);
#7574=ADVANCED_FACE('',(#1923),#36,.F.);
#7575=ADVANCED_FACE('',(#1924),#37,.F.);
#7576=ADVANCED_FACE('',(#1925),#38,.F.);
#7577=ADVANCED_FACE('',(#1926),#39,.F.);
#7578=ADVANCED_FACE('',(#1927),#40,.F.);
#7579=ADVANCED_FACE('',(#1928),#41,.F.);
#7580=ADVANCED_FACE('',(#1929),#42,.F.);
#7581=ADVANCED_FACE('',(#1930),#43,.F.);
#7582=ADVANCED_FACE('',(#1931),#44,.F.);
#7583=ADVANCED_FACE('',(#1932),#45,.F.);
#7584=ADVANCED_FACE('',(#1933),#46,.F.);
#7585=ADVANCED_FACE('',(#1934),#47,.F.);
#7586=ADVANCED_FACE('',(#1935),#48,.F.);
#7587=ADVANCED_FACE('',(#1936),#49,.F.);
#7588=ADVANCED_FACE('',(#1937),#50,.F.);
#7589=ADVANCED_FACE('',(#1938),#51,.F.);
#7590=ADVANCED_FACE('',(#1939),#52,.F.);
#7591=ADVANCED_FACE('',(#1940),#53,.F.);
#7592=ADVANCED_FACE('',(#1941),#54,.F.);
#7593=ADVANCED_FACE('',(#1942),#55,.F.);
#7594=ADVANCED_FACE('',(#1943),#56,.F.);
#7595=ADVANCED_FACE('',(#1944),#57,.F.);
#7596=ADVANCED_FACE('',(#1945),#58,.F.);
#7597=ADVANCED_FACE('',(#1946),#59,.F.);
#7598=ADVANCED_FACE('',(#1947),#60,.F.);
#7599=ADVANCED_FACE('',(#1948),#61,.F.);
#7600=ADVANCED_FACE('',(#1949),#62,.F.);
#7601=ADVANCED_FACE('',(#1950),#63,.F.);
#7602=ADVANCED_FACE('',(#1951),#64,.F.);
#7603=ADVANCED_FACE('',(#1952),#65,.F.);
#7604=ADVANCED_FACE('',(#1953),#295,.T.);
#7605=ADVANCED_FACE('',(#1954),#296,.T.);
#7606=ADVANCED_FACE('',(#1955),#66,.F.);
#7607=ADVANCED_FACE('',(#1956),#67,.F.);
#7608=ADVANCED_FACE('',(#1957),#68,.F.);
#7609=ADVANCED_FACE('',(#1958),#69,.F.);
#7610=ADVANCED_FACE('',(#1959),#70,.F.);
#7611=ADVANCED_FACE('',(#1960),#71,.F.);
#7612=ADVANCED_FACE('',(#1961),#72,.F.);
#7613=ADVANCED_FACE('',(#1962),#73,.F.);
#7614=ADVANCED_FACE('',(#1963),#74,.F.);
#7615=ADVANCED_FACE('',(#1964),#75,.F.);
#7616=ADVANCED_FACE('',(#1965),#76,.F.);
#7617=ADVANCED_FACE('',(#1966),#77,.F.);
#7618=ADVANCED_FACE('',(#1967),#78,.F.);
#7619=ADVANCED_FACE('',(#1968),#79,.F.);
#7620=ADVANCED_FACE('',(#1969),#297,.F.);
#7621=ADVANCED_FACE('',(#1970),#7376,.T.);
#7622=ADVANCED_FACE('',(#1971),#7377,.T.);
#7623=ADVANCED_FACE('',(#1972),#7378,.T.);
#7624=ADVANCED_FACE('',(#1973),#7379,.T.);
#7625=ADVANCED_FACE('',(#1974),#7380,.T.);
#7626=ADVANCED_FACE('',(#1975),#7381,.T.);
#7627=ADVANCED_FACE('',(#1976),#7382,.T.);
#7628=ADVANCED_FACE('',(#1977),#7383,.T.);
#7629=ADVANCED_FACE('',(#1978),#298,.T.);
#7630=ADVANCED_FACE('',(#1979),#7384,.T.);
#7631=ADVANCED_FACE('',(#1980),#299,.T.);
#7632=ADVANCED_FACE('',(#1981),#7385,.T.);
#7633=ADVANCED_FACE('',(#1982,#1789),#7386,.T.);
#7634=ADVANCED_FACE('',(#1983,#1790),#7387,.F.);
#7635=ADVANCED_FACE('',(#1984),#7388,.T.);
#7636=ADVANCED_FACE('',(#1985),#7389,.T.);
#7637=ADVANCED_FACE('',(#1986),#7390,.T.);
#7638=ADVANCED_FACE('',(#1987),#7391,.T.);
#7639=ADVANCED_FACE('',(#1988),#7392,.T.);
#7640=ADVANCED_FACE('',(#1989),#7393,.T.);
#7641=ADVANCED_FACE('',(#1990),#7394,.T.);
#7642=ADVANCED_FACE('',(#1991),#7395,.T.);
#7643=ADVANCED_FACE('',(#1992),#7396,.T.);
#7644=ADVANCED_FACE('',(#1993),#7397,.T.);
#7645=ADVANCED_FACE('',(#1994,#1791),#7398,.F.);
#7646=ADVANCED_FACE('',(#1995),#7399,.F.);
#7647=ADVANCED_FACE('',(#1996,#1792,#1793,#1794,#1795,#1796,#1797,#1798,
#1799,#1800,#1801,#1802,#1803),#7400,.F.);
#7648=ADVANCED_FACE('',(#1997),#300,.F.);
#7649=ADVANCED_FACE('',(#1998,#1804,#1805),#301,.T.);
#7650=ADVANCED_FACE('',(#1999,#1806,#1807,#1808,#1809,#1810,#1811,#1812,
#1813,#1814,#1815,#1816,#1817,#1818,#1819,#1820,#1821,#1822),#7401,.T.);
#7651=ADVANCED_FACE('',(#2000),#7402,.T.);
#7652=ADVANCED_FACE('',(#2001),#80,.F.);
#7653=ADVANCED_FACE('',(#2002),#81,.F.);
#7654=ADVANCED_FACE('',(#2003),#82,.F.);
#7655=ADVANCED_FACE('',(#2004),#83,.F.);
#7656=ADVANCED_FACE('',(#2005),#84,.F.);
#7657=ADVANCED_FACE('',(#2006),#85,.F.);
#7658=ADVANCED_FACE('',(#2007),#86,.F.);
#7659=ADVANCED_FACE('',(#2008),#87,.F.);
#7660=ADVANCED_FACE('',(#2009),#88,.F.);
#7661=ADVANCED_FACE('',(#2010),#89,.F.);
#7662=ADVANCED_FACE('',(#2011),#90,.F.);
#7663=ADVANCED_FACE('',(#2012),#91,.F.);
#7664=ADVANCED_FACE('',(#2013),#92,.F.);
#7665=ADVANCED_FACE('',(#2014),#93,.F.);
#7666=ADVANCED_FACE('',(#2015),#94,.F.);
#7667=ADVANCED_FACE('',(#2016),#95,.F.);
#7668=ADVANCED_FACE('',(#2017),#96,.F.);
#7669=ADVANCED_FACE('',(#2018),#302,.F.);
#7670=ADVANCED_FACE('',(#2019),#97,.F.);
#7671=ADVANCED_FACE('',(#2020),#98,.F.);
#7672=ADVANCED_FACE('',(#2021),#99,.F.);
#7673=ADVANCED_FACE('',(#2022),#100,.F.);
#7674=ADVANCED_FACE('',(#2023),#101,.F.);
#7675=ADVANCED_FACE('',(#2024),#102,.F.);
#7676=ADVANCED_FACE('',(#2025),#103,.F.);
#7677=ADVANCED_FACE('',(#2026),#104,.F.);
#7678=ADVANCED_FACE('',(#2027),#105,.F.);
#7679=ADVANCED_FACE('',(#2028),#106,.F.);
#7680=ADVANCED_FACE('',(#2029),#107,.F.);
#7681=ADVANCED_FACE('',(#2030),#108,.F.);
#7682=ADVANCED_FACE('',(#2031),#109,.F.);
#7683=ADVANCED_FACE('',(#2032),#110,.F.);
#7684=ADVANCED_FACE('',(#2033),#111,.F.);
#7685=ADVANCED_FACE('',(#2034),#112,.F.);
#7686=ADVANCED_FACE('',(#2035),#113,.F.);
#7687=ADVANCED_FACE('',(#2036),#114,.F.);
#7688=ADVANCED_FACE('',(#2037),#115,.F.);
#7689=ADVANCED_FACE('',(#2038),#116,.F.);
#7690=ADVANCED_FACE('',(#2039),#117,.F.);
#7691=ADVANCED_FACE('',(#2040),#118,.F.);
#7692=ADVANCED_FACE('',(#2041),#119,.F.);
#7693=ADVANCED_FACE('',(#2042),#120,.F.);
#7694=ADVANCED_FACE('',(#2043),#121,.F.);
#7695=ADVANCED_FACE('',(#2044),#122,.F.);
#7696=ADVANCED_FACE('',(#2045),#123,.F.);
#7697=ADVANCED_FACE('',(#2046),#124,.F.);
#7698=ADVANCED_FACE('',(#2047),#125,.F.);
#7699=ADVANCED_FACE('',(#2048),#126,.F.);
#7700=ADVANCED_FACE('',(#2049),#127,.F.);
#7701=ADVANCED_FACE('',(#2050),#128,.F.);
#7702=ADVANCED_FACE('',(#2051),#129,.F.);
#7703=ADVANCED_FACE('',(#2052),#130,.F.);
#7704=ADVANCED_FACE('',(#2053),#131,.F.);
#7705=ADVANCED_FACE('',(#2054),#132,.F.);
#7706=ADVANCED_FACE('',(#2055),#133,.F.);
#7707=ADVANCED_FACE('',(#2056),#134,.F.);
#7708=ADVANCED_FACE('',(#2057),#303,.F.);
#7709=ADVANCED_FACE('',(#2058),#135,.F.);
#7710=ADVANCED_FACE('',(#2059),#136,.F.);
#7711=ADVANCED_FACE('',(#2060),#137,.F.);
#7712=ADVANCED_FACE('',(#2061),#138,.F.);
#7713=ADVANCED_FACE('',(#2062),#139,.F.);
#7714=ADVANCED_FACE('',(#2063),#140,.F.);
#7715=ADVANCED_FACE('',(#2064),#141,.F.);
#7716=ADVANCED_FACE('',(#2065),#142,.F.);
#7717=ADVANCED_FACE('',(#2066),#143,.F.);
#7718=ADVANCED_FACE('',(#2067),#144,.F.);
#7719=ADVANCED_FACE('',(#2068),#145,.F.);
#7720=ADVANCED_FACE('',(#2069),#146,.F.);
#7721=ADVANCED_FACE('',(#2070),#147,.F.);
#7722=ADVANCED_FACE('',(#2071),#148,.F.);
#7723=ADVANCED_FACE('',(#2072),#149,.F.);
#7724=ADVANCED_FACE('',(#2073),#150,.F.);
#7725=ADVANCED_FACE('',(#2074),#304,.F.);
#7726=ADVANCED_FACE('',(#2075),#7403,.T.);
#7727=ADVANCED_FACE('',(#2076),#7404,.T.);
#7728=ADVANCED_FACE('',(#2077),#7405,.T.);
#7729=ADVANCED_FACE('',(#2078),#7406,.T.);
#7730=ADVANCED_FACE('',(#2079),#7407,.T.);
#7731=ADVANCED_FACE('',(#2080),#7408,.T.);
#7732=ADVANCED_FACE('',(#2081),#7409,.T.);
#7733=ADVANCED_FACE('',(#2082),#7410,.T.);
#7734=ADVANCED_FACE('',(#2083),#7411,.T.);
#7735=ADVANCED_FACE('',(#2084),#7412,.T.);
#7736=ADVANCED_FACE('',(#2085),#305,.T.);
#7737=ADVANCED_FACE('',(#2086),#7413,.T.);
#7738=ADVANCED_FACE('',(#2087),#306,.T.);
#7739=ADVANCED_FACE('',(#2088),#7414,.T.);
#7740=ADVANCED_FACE('',(#2089,#1823),#7415,.T.);
#7741=ADVANCED_FACE('',(#2090,#1824),#7416,.F.);
#7742=ADVANCED_FACE('',(#2091),#7417,.T.);
#7743=ADVANCED_FACE('',(#2092),#7418,.T.);
#7744=ADVANCED_FACE('',(#2093),#7419,.T.);
#7745=ADVANCED_FACE('',(#2094),#7420,.T.);
#7746=ADVANCED_FACE('',(#2095,#1825),#7421,.F.);
#7747=ADVANCED_FACE('',(#2096),#307,.F.);
#7748=ADVANCED_FACE('',(#2097),#308,.F.);
#7749=ADVANCED_FACE('',(#2098,#1826),#7422,.F.);
#7750=ADVANCED_FACE('',(#2099),#309,.F.);
#7751=ADVANCED_FACE('',(#2100),#310,.F.);
#7752=ADVANCED_FACE('',(#2101,#1827),#7423,.F.);
#7753=ADVANCED_FACE('',(#2102),#311,.F.);
#7754=ADVANCED_FACE('',(#2103),#312,.F.);
#7755=ADVANCED_FACE('',(#2104,#1828),#7424,.F.);
#7756=ADVANCED_FACE('',(#2105),#313,.F.);
#7757=ADVANCED_FACE('',(#2106),#314,.F.);
#7758=ADVANCED_FACE('',(#2107,#1829),#7425,.F.);
#7759=ADVANCED_FACE('',(#2108),#315,.F.);
#7760=ADVANCED_FACE('',(#2109,#1830),#7426,.F.);
#7761=ADVANCED_FACE('',(#2110),#316,.F.);
#7762=ADVANCED_FACE('',(#2111),#317,.F.);
#7763=ADVANCED_FACE('',(#2112,#1831),#7427,.F.);
#7764=ADVANCED_FACE('',(#2113),#318,.F.);
#7765=ADVANCED_FACE('',(#2114),#319,.F.);
#7766=ADVANCED_FACE('',(#2115,#1832),#7428,.F.);
#7767=ADVANCED_FACE('',(#2116),#320,.F.);
#7768=ADVANCED_FACE('',(#2117),#321,.F.);
#7769=ADVANCED_FACE('',(#2118,#1833),#7429,.F.);
#7770=ADVANCED_FACE('',(#2119),#322,.F.);
#7771=ADVANCED_FACE('',(#2120,#1834),#7430,.F.);
#7772=ADVANCED_FACE('',(#2121),#323,.F.);
#7773=ADVANCED_FACE('',(#2122),#324,.F.);
#7774=ADVANCED_FACE('',(#2123),#7431,.T.);
#7775=ADVANCED_FACE('',(#2124),#325,.F.);
#7776=ADVANCED_FACE('',(#2125),#7432,.T.);
#7777=ADVANCED_FACE('',(#2126),#27,.T.);
#7778=ADVANCED_FACE('',(#2127),#7433,.T.);
#7779=ADVANCED_FACE('',(#2128),#7434,.T.);
#7780=ADVANCED_FACE('',(#2129),#326,.F.);
#7781=ADVANCED_FACE('',(#2130),#327,.F.);
#7782=ADVANCED_FACE('',(#2131),#328,.F.);
#7783=ADVANCED_FACE('',(#2132),#329,.F.);
#7784=ADVANCED_FACE('',(#2133),#330,.F.);
#7785=ADVANCED_FACE('',(#2134),#331,.F.);
#7786=ADVANCED_FACE('',(#2135),#332,.F.);
#7787=ADVANCED_FACE('',(#2136),#333,.F.);
#7788=ADVANCED_FACE('',(#2137),#334,.F.);
#7789=ADVANCED_FACE('',(#2138),#335,.F.);
#7790=ADVANCED_FACE('',(#2139),#336,.F.);
#7791=ADVANCED_FACE('',(#2140),#337,.F.);
#7792=ADVANCED_FACE('',(#2141),#338,.F.);
#7793=ADVANCED_FACE('',(#2142),#7435,.F.);
#7794=ADVANCED_FACE('',(#2143),#339,.F.);
#7795=ADVANCED_FACE('',(#2144),#340,.F.);
#7796=ADVANCED_FACE('',(#2145),#341,.T.);
#7797=ADVANCED_FACE('',(#2146,#1835,#1836,#1837,#1838,#1839),#7436,.F.);
#7798=ADVANCED_FACE('',(#2147,#1840),#7437,.F.);
#7799=ADVANCED_FACE('',(#2148),#342,.F.);
#7800=ADVANCED_FACE('',(#2149,#1841),#7438,.T.);
#7801=ADVANCED_FACE('',(#2150,#1842,#1843,#1844,#1845,#1846),#7439,.F.);
#7802=ADVANCED_FACE('',(#2151),#343,.F.);
#7803=ADVANCED_FACE('',(#2152),#7440,.T.);
#7804=ADVANCED_FACE('',(#2153),#344,.T.);
#7805=ADVANCED_FACE('',(#2154),#345,.T.);
#7806=ADVANCED_FACE('',(#2155),#346,.T.);
#7807=ADVANCED_FACE('',(#2156),#347,.T.);
#7808=ADVANCED_FACE('',(#2157),#7441,.F.);
#7809=ADVANCED_FACE('',(#2158),#7442,.F.);
#7810=ADVANCED_FACE('',(#2159),#7443,.F.);
#7811=ADVANCED_FACE('',(#2160),#7444,.F.);
#7812=ADVANCED_FACE('',(#2161),#7445,.F.);
#7813=ADVANCED_FACE('',(#2162),#7446,.T.);
#7814=ADVANCED_FACE('',(#2163),#7447,.F.);
#7815=ADVANCED_FACE('',(#2164),#7448,.F.);
#7816=ADVANCED_FACE('',(#2165),#7449,.F.);
#7817=ADVANCED_FACE('',(#2166),#7450,.F.);
#7818=ADVANCED_FACE('',(#2167),#15,.F.);
#7819=ADVANCED_FACE('',(#2168,#1847),#7451,.F.);
#7820=ADVANCED_FACE('',(#2169),#348,.F.);
#7821=ADVANCED_FACE('',(#2170),#349,.F.);
#7822=ADVANCED_FACE('',(#2171),#350,.T.);
#7823=ADVANCED_FACE('',(#2172),#351,.T.);
#7824=ADVANCED_FACE('',(#2173),#7452,.T.);
#7825=ADVANCED_FACE('',(#2174),#7453,.T.);
#7826=ADVANCED_FACE('',(#2175),#352,.F.);
#7827=ADVANCED_FACE('',(#2176),#7454,.T.);
#7828=ADVANCED_FACE('',(#2177),#7455,.T.);
#7829=ADVANCED_FACE('',(#2178),#353,.F.);
#7830=ADVANCED_FACE('',(#2179),#7456,.T.);
#7831=ADVANCED_FACE('',(#2180),#7457,.T.);
#7832=ADVANCED_FACE('',(#2181),#16,.F.);
#7833=ADVANCED_FACE('',(#2182,#1848),#7458,.F.);
#7834=ADVANCED_FACE('',(#2183),#354,.F.);
#7835=ADVANCED_FACE('',(#2184),#355,.F.);
#7836=ADVANCED_FACE('',(#2185),#356,.T.);
#7837=ADVANCED_FACE('',(#2186),#357,.T.);
#7838=ADVANCED_FACE('',(#2187),#7459,.T.);
#7839=ADVANCED_FACE('',(#2188),#358,.F.);
#7840=ADVANCED_FACE('',(#2189,#1849),#7460,.T.);
#7841=ADVANCED_FACE('',(#2190),#7461,.T.);
#7842=ADVANCED_FACE('',(#2191),#7462,.T.);
#7843=ADVANCED_FACE('',(#2192),#7463,.T.);
#7844=ADVANCED_FACE('',(#2193),#359,.F.);
#7845=ADVANCED_FACE('',(#2194,#1850),#7464,.T.);
#7846=ADVANCED_FACE('',(#2195),#7465,.T.);
#7847=ADVANCED_FACE('',(#2196),#7466,.T.);
#7848=ADVANCED_FACE('',(#2197),#7467,.T.);
#7849=ADVANCED_FACE('',(#2198),#7468,.T.);
#7850=ADVANCED_FACE('',(#2199),#7469,.T.);
#7851=ADVANCED_FACE('',(#2200,#1851),#7470,.T.);
#7852=ADVANCED_FACE('',(#2201),#7471,.T.);
#7853=ADVANCED_FACE('',(#2202),#7472,.T.);
#7854=ADVANCED_FACE('',(#2203),#7473,.F.);
#7855=ADVANCED_FACE('',(#2204,#1852,#1853,#1854,#1855,#1856,#1857,#1858),
#7474,.F.);
#7856=ADVANCED_FACE('',(#2205,#1859,#1860),#7475,.F.);
#7857=ADVANCED_FACE('',(#2206),#360,.F.);
#7858=ADVANCED_FACE('',(#2207),#361,.F.);
#7859=ADVANCED_FACE('',(#2208),#362,.F.);
#7860=ADVANCED_FACE('',(#2209),#363,.F.);
#7861=ADVANCED_FACE('',(#2210),#364,.F.);
#7862=ADVANCED_FACE('',(#2211),#365,.F.);
#7863=ADVANCED_FACE('',(#2212),#366,.F.);
#7864=ADVANCED_FACE('',(#2213,#1861),#7476,.T.);
#7865=ADVANCED_FACE('',(#2214),#367,.F.);
#7866=ADVANCED_FACE('',(#2215,#1862),#7477,.T.);
#7867=ADVANCED_FACE('',(#2216),#368,.F.);
#7868=ADVANCED_FACE('',(#2217,#1863),#7478,.T.);
#7869=ADVANCED_FACE('',(#2218),#369,.F.);
#7870=ADVANCED_FACE('',(#2219,#1864),#7479,.T.);
#7871=ADVANCED_FACE('',(#2220),#370,.F.);
#7872=ADVANCED_FACE('',(#2221,#1865),#7480,.T.);
#7873=ADVANCED_FACE('',(#2222),#371,.F.);
#7874=ADVANCED_FACE('',(#2223,#1866),#7481,.T.);
#7875=ADVANCED_FACE('',(#2224),#7482,.T.);
#7876=ADVANCED_FACE('',(#2225),#7483,.T.);
#7877=ADVANCED_FACE('',(#2226),#7484,.T.);
#7878=ADVANCED_FACE('',(#2227),#7485,.T.);
#7879=ADVANCED_FACE('',(#2228),#7486,.T.);
#7880=ADVANCED_FACE('',(#2229),#7487,.T.);
#7881=ADVANCED_FACE('',(#2230),#7488,.T.);
#7882=ADVANCED_FACE('',(#2231),#7489,.T.);
#7883=ADVANCED_FACE('',(#2232),#7490,.T.);
#7884=ADVANCED_FACE('',(#2233),#7491,.T.);
#7885=ADVANCED_FACE('',(#2234),#7492,.T.);
#7886=ADVANCED_FACE('',(#2235),#7493,.T.);
#7887=ADVANCED_FACE('',(#2236),#7494,.T.);
#7888=ADVANCED_FACE('',(#2237),#372,.F.);
#7889=ADVANCED_FACE('',(#2238),#7495,.T.);
#7890=ADVANCED_FACE('',(#2239),#7496,.T.);
#7891=ADVANCED_FACE('',(#2240),#7497,.T.);
#7892=ADVANCED_FACE('',(#2241),#7498,.T.);
#7893=ADVANCED_FACE('',(#2242),#7499,.T.);
#7894=ADVANCED_FACE('',(#2243),#7500,.T.);
#7895=ADVANCED_FACE('',(#2244),#373,.T.);
#7896=ADVANCED_FACE('',(#2245),#374,.T.);
#7897=ADVANCED_FACE('',(#2246),#375,.T.);
#7898=ADVANCED_FACE('',(#2247),#7501,.T.);
#7899=ADVANCED_FACE('',(#2248),#7502,.T.);
#7900=ADVANCED_FACE('',(#2249,#1867,#1868,#1869,#1870,#1871,#1872,#1873,
#1874,#1875,#1876,#1877,#1878,#1879,#1880,#1881,#1882,#1883,#1884,#1885,
#1886,#1887),#7503,.T.);
#7901=ADVANCED_FACE('',(#2250,#1888),#7504,.T.);
#7902=ADVANCED_FACE('',(#2251),#376,.T.);
#7903=ADVANCED_FACE('',(#2252,#1889),#7505,.T.);
#7904=ADVANCED_FACE('',(#2253),#377,.T.);
#7905=ADVANCED_FACE('',(#2254,#1890),#7506,.T.);
#7906=ADVANCED_FACE('',(#2255),#378,.T.);
#7907=ADVANCED_FACE('',(#2256,#1891),#7507,.T.);
#7908=ADVANCED_FACE('',(#2257),#7508,.T.);
#7909=ADVANCED_FACE('',(#2258,#1892),#7509,.T.);
#7910=ADVANCED_FACE('',(#2259),#379,.T.);
#7911=ADVANCED_FACE('',(#2260,#1893),#7510,.T.);
#7912=ADVANCED_FACE('',(#2261,#1894),#7511,.T.);
#7913=ADVANCED_FACE('',(#2262),#380,.T.);
#7914=ADVANCED_FACE('',(#2263,#1895),#7512,.T.);
#7915=ADVANCED_FACE('',(#2264,#1896),#7513,.F.);
#7916=ADVANCED_FACE('',(#2265),#381,.F.);
#7917=ADVANCED_FACE('',(#2266),#382,.F.);
#7918=ADVANCED_FACE('',(#2267,#1897),#7514,.F.);
#7919=ADVANCED_FACE('',(#2268,#1898),#7515,.F.);
#7920=ADVANCED_FACE('',(#2269),#383,.F.);
#7921=ADVANCED_FACE('',(#2270),#384,.F.);
#7922=ADVANCED_FACE('',(#2271,#1899),#7516,.F.);
#7923=ADVANCED_FACE('',(#2272),#7517,.T.);
#7924=ADVANCED_FACE('',(#2273),#7518,.T.);
#7925=ADVANCED_FACE('',(#2274),#7519,.T.);
#7926=ADVANCED_FACE('',(#2275),#17,.T.);
#7927=ADVANCED_FACE('',(#2276),#7520,.T.);
#7928=ADVANCED_FACE('',(#2277),#7521,.T.);
#7929=ADVANCED_FACE('',(#2278),#7522,.T.);
#7930=ADVANCED_FACE('',(#2279),#7523,.T.);
#7931=ADVANCED_FACE('',(#2280),#18,.T.);
#7932=ADVANCED_FACE('',(#2281),#7524,.T.);
#7933=ADVANCED_FACE('',(#2282),#7525,.T.);
#7934=ADVANCED_FACE('',(#2283),#7526,.T.);
#7935=ADVANCED_FACE('',(#2284),#7527,.T.);
#7936=ADVANCED_FACE('',(#2285),#385,.T.);
#7937=ADVANCED_FACE('',(#2286),#7528,.T.);
#7938=ADVANCED_FACE('',(#2287),#386,.F.);
#7939=ADVANCED_FACE('',(#2288),#387,.F.);
#7940=ADVANCED_FACE('',(#2289),#388,.T.);
#7941=ADVANCED_FACE('',(#2290),#7529,.T.);
#7942=ADVANCED_FACE('',(#2291),#7530,.T.);
#7943=ADVANCED_FACE('',(#2292),#7531,.T.);
#7944=ADVANCED_FACE('',(#2293),#7532,.T.);
#7945=ADVANCED_FACE('',(#2294,#1900,#1901),#7533,.T.);
#7946=ADVANCED_FACE('',(#2295,#1902),#7534,.T.);
#7947=ADVANCED_FACE('',(#2296,#1903),#7535,.T.);
#7948=ADVANCED_FACE('',(#2297,#1904),#7536,.F.);
#7949=ADVANCED_FACE('',(#2298,#1905),#7537,.T.);
#7950=ADVANCED_FACE('',(#2299,#1906),#7538,.T.);
#7951=ADVANCED_FACE('',(#2300,#1907),#7539,.T.);
#7952=ADVANCED_FACE('',(#2301,#1908),#7540,.T.);
#7953=ADVANCED_FACE('',(#2302),#389,.F.);
#7954=ADVANCED_FACE('',(#2303),#390,.F.);
#7955=ADVANCED_FACE('',(#2304),#391,.F.);
#7956=ADVANCED_FACE('',(#2305),#392,.F.);
#7957=ADVANCED_FACE('',(#2306),#393,.F.);
#7958=ADVANCED_FACE('',(#2307),#394,.F.);
#7959=ADVANCED_FACE('',(#2308),#395,.F.);
#7960=ADVANCED_FACE('',(#2309),#396,.F.);
#7961=ADVANCED_FACE('',(#2310),#7541,.T.);
#7962=ADVANCED_FACE('',(#2311),#7542,.T.);
#7963=ADVANCED_FACE('',(#2312),#7543,.T.);
#7964=ADVANCED_FACE('',(#2313),#397,.T.);
#7965=ADVANCED_FACE('',(#2314),#7544,.T.);
#7966=ADVANCED_FACE('',(#2315),#7545,.T.);
#7967=ADVANCED_FACE('',(#2316),#7546,.T.);
#7968=ADVANCED_FACE('',(#2317),#398,.T.);
#7969=ADVANCED_FACE('',(#2318),#7547,.T.);
#7970=ADVANCED_FACE('',(#2319),#7548,.T.);
#7971=ADVANCED_FACE('',(#2320),#7549,.T.);
#7972=ADVANCED_FACE('',(#2321),#7550,.T.);
#7973=ADVANCED_FACE('',(#2322),#7551,.T.);
#7974=ADVANCED_FACE('',(#2323),#7552,.T.);
#7975=ADVANCED_FACE('',(#2324),#7553,.T.);
#7976=ADVANCED_FACE('',(#2325),#399,.T.);
#7977=ADVANCED_FACE('',(#2326),#7554,.T.);
#7978=ADVANCED_FACE('',(#2327),#7555,.T.);
#7979=ADVANCED_FACE('',(#2328),#7556,.T.);
#7980=ADVANCED_FACE('',(#2329),#400,.T.);
#7981=ADVANCED_FACE('',(#2330),#7557,.T.);
#7982=ADVANCED_FACE('',(#2331),#7558,.T.);
#7983=ADVANCED_FACE('',(#2332),#7559,.T.);
#7984=ADVANCED_FACE('',(#2333),#401,.T.);
#7985=CLOSED_SHELL('',(#7560,#7561,#7562,#7563,#7564,#7565,#7566,#7567,
#7568,#7569,#7570,#7571,#7572,#7573,#7574,#7575,#7576,#7577,#7578,#7579,
#7580,#7581,#7582,#7583,#7584,#7585,#7586,#7587,#7588,#7589,#7590,#7591,
#7592,#7593,#7594,#7595,#7596,#7597,#7598,#7599,#7600,#7601,#7602,#7603,
#7604,#7605,#7606,#7607,#7608,#7609,#7610,#7611,#7612,#7613,#7614,#7615,
#7616,#7617,#7618,#7619,#7620,#7621,#7622,#7623,#7624,#7625,#7626,#7627,
#7628,#7629,#7630,#7631,#7632,#7633,#7634,#7635,#7636,#7637,#7638,#7639,
#7640,#7641,#7642,#7643,#7644,#7645,#7646,#7647,#7648,#7649,#7650,#7651,
#7652,#7653,#7654,#7655,#7656,#7657,#7658,#7659,#7660,#7661,#7662,#7663,
#7664,#7665,#7666,#7667,#7668,#7669,#7670,#7671,#7672,#7673,#7674,#7675,
#7676,#7677,#7678,#7679,#7680,#7681,#7682,#7683,#7684,#7685,#7686,#7687,
#7688,#7689,#7690,#7691,#7692,#7693,#7694,#7695,#7696,#7697,#7698,#7699,
#7700,#7701,#7702,#7703,#7704,#7705,#7706,#7707,#7708,#7709,#7710,#7711,
#7712,#7713,#7714,#7715,#7716,#7717,#7718,#7719,#7720,#7721,#7722,#7723,
#7724,#7725,#7726,#7727,#7728,#7729,#7730,#7731,#7732,#7733,#7734,#7735,
#7736,#7737,#7738,#7739,#7740,#7741,#7742,#7743,#7744,#7745,#7746,#7747,
#7748,#7749,#7750,#7751,#7752,#7753,#7754,#7755,#7756,#7757,#7758,#7759,
#7760,#7761,#7762,#7763,#7764,#7765,#7766,#7767,#7768,#7769,#7770,#7771,
#7772,#7773,#7774,#7775,#7776,#7777,#7778,#7779,#7780,#7781,#7782,#7783,
#7784,#7785,#7786,#7787,#7788,#7789,#7790,#7791,#7792,#7793,#7794,#7795,
#7796,#7797,#7798,#7799,#7800,#7801,#7802,#7803,#7804,#7805,#7806,#7807,
#7808,#7809,#7810,#7811,#7812,#7813,#7814,#7815,#7816,#7817,#7818,#7819,
#7820,#7821,#7822,#7823,#7824,#7825,#7826,#7827,#7828,#7829,#7830,#7831,
#7832,#7833,#7834,#7835,#7836,#7837,#7838,#7839,#7840,#7841,#7842,#7843,
#7844,#7845,#7846,#7847,#7848,#7849,#7850,#7851,#7852,#7853,#7854,#7855,
#7856,#7857,#7858,#7859,#7860,#7861,#7862,#7863,#7864,#7865,#7866,#7867,
#7868,#7869,#7870,#7871,#7872,#7873,#7874,#7875,#7876,#7877,#7878,#7879,
#7880,#7881,#7882,#7883,#7884,#7885,#7886,#7887,#7888,#7889,#7890,#7891,
#7892,#7893,#7894,#7895,#7896,#7897,#7898,#7899,#7900,#7901,#7902,#7903,
#7904,#7905,#7906,#7907,#7908,#7909,#7910,#7911,#7912,#7913,#7914,#7915,
#7916,#7917,#7918,#7919,#7920,#7921,#7922,#7923,#7924,#7925,#7926,#7927,
#7928,#7929,#7930,#7931,#7932,#7933,#7934,#7935,#7936,#7937,#7938,#7939,
#7940,#7941,#7942,#7943,#7944,#7945,#7946,#7947,#7948,#7949,#7950,#7951,
#7952,#7953,#7954,#7955,#7956,#7957,#7958,#7959,#7960,#7961,#7962,#7963,
#7964,#7965,#7966,#7967,#7968,#7969,#7970,#7971,#7972,#7973,#7974,#7975,
#7976,#7977,#7978,#7979,#7980,#7981,#7982,#7983,#7984));
#7986=DERIVED_UNIT_ELEMENT(#7988,1.);
#7987=DERIVED_UNIT_ELEMENT(#14586,-3.);
#7988=(
MASS_UNIT()
NAMED_UNIT(*)
SI_UNIT(.KILO.,.GRAM.)
);
#7989=DERIVED_UNIT((#7986,#7987));
#7990=MEASURE_REPRESENTATION_ITEM('density measure',
POSITIVE_RATIO_MEASURE(7850.),#7989);
#7991=PROPERTY_DEFINITION_REPRESENTATION(#7996,#7993);
#7992=PROPERTY_DEFINITION_REPRESENTATION(#7997,#7994);
#7993=REPRESENTATION('material name',(#7995),#14583);
#7994=REPRESENTATION('density',(#7990),#14583);
#7995=DESCRIPTIVE_REPRESENTATION_ITEM('Steel','Steel');
#7996=PROPERTY_DEFINITION('material property','material name',#14593);
#7997=PROPERTY_DEFINITION('material property','density of part',#14593);
#7998=AXIS2_PLACEMENT_3D('',#10293,#8559,#8560);
#7999=AXIS2_PLACEMENT_3D('',#10294,#8561,#8562);
#8000=AXIS2_PLACEMENT_3D('',#10296,#8563,#8564);
#8001=AXIS2_PLACEMENT_3D('',#10298,#8565,#8566);
#8002=AXIS2_PLACEMENT_3D('',#10299,#8567,#8568);
#8003=AXIS2_PLACEMENT_3D('',#10435,#8578,#8579);
#8004=AXIS2_PLACEMENT_3D('',#10555,#8580,#8581);
#8005=AXIS2_PLACEMENT_3D('',#10558,#8582,#8583);
#8006=AXIS2_PLACEMENT_3D('',#10562,#8585,#8586);
#8007=AXIS2_PLACEMENT_3D('',#10566,#8588,#8589);
#8008=AXIS2_PLACEMENT_3D('',#10570,#8591,#8592);
#8009=AXIS2_PLACEMENT_3D('',#10572,#8594,#8595);
#8010=AXIS2_PLACEMENT_3D('',#10574,#8596,#8597);
#8011=AXIS2_PLACEMENT_3D('',#10577,#8599,#8600);
#8012=AXIS2_PLACEMENT_3D('',#10580,#8601,#8602);
#8013=AXIS2_PLACEMENT_3D('',#10584,#8604,#8605);
#8014=AXIS2_PLACEMENT_3D('',#10587,#8607,#8608);
#8015=AXIS2_PLACEMENT_3D('',#10589,#8609,#8610);
#8016=AXIS2_PLACEMENT_3D('',#10591,#8612,#8613);
#8017=AXIS2_PLACEMENT_3D('',#10598,#8617,#8618);
#8018=AXIS2_PLACEMENT_3D('',#10684,#8619,#8620);
#8019=AXIS2_PLACEMENT_3D('',#10686,#8621,#8622);
#8020=AXIS2_PLACEMENT_3D('',#10898,#8623,#8624);
#8021=AXIS2_PLACEMENT_3D('',#11320,#8666,#8667);
#8022=AXIS2_PLACEMENT_3D('',#11323,#8669,#8670);
#8023=AXIS2_PLACEMENT_3D('',#11324,#8671,#8672);
#8024=AXIS2_PLACEMENT_3D('',#11326,#8674,#8675);
#8025=AXIS2_PLACEMENT_3D('',#11461,#8689,#8690);
#8026=AXIS2_PLACEMENT_3D('',#11463,#8692,#8693);
#8027=AXIS2_PLACEMENT_3D('',#11467,#8696,#8697);
#8028=AXIS2_PLACEMENT_3D('',#11471,#8700,#8701);
#8029=AXIS2_PLACEMENT_3D('',#11475,#8704,#8705);
#8030=AXIS2_PLACEMENT_3D('',#11477,#8707,#8708);
#8031=AXIS2_PLACEMENT_3D('',#11479,#8710,#8711);
#8032=AXIS2_PLACEMENT_3D('',#11480,#8712,#8713);
#8033=AXIS2_PLACEMENT_3D('',#11487,#8718,#8719);
#8034=AXIS2_PLACEMENT_3D('',#11493,#8723,#8724);
#8035=AXIS2_PLACEMENT_3D('',#11495,#8725,#8726);
#8036=AXIS2_PLACEMENT_3D('',#11498,#8728,#8729);
#8037=AXIS2_PLACEMENT_3D('',#11499,#8730,#8731);
#8038=AXIS2_PLACEMENT_3D('',#11500,#8732,#8733);
#8039=AXIS2_PLACEMENT_3D('',#11502,#8734,#8735);
#8040=AXIS2_PLACEMENT_3D('',#11505,#8737,#8738);
#8041=AXIS2_PLACEMENT_3D('',#11506,#8739,#8740);
#8042=AXIS2_PLACEMENT_3D('',#11507,#8741,#8742);
#8043=AXIS2_PLACEMENT_3D('',#11508,#8743,#8744);
#8044=AXIS2_PLACEMENT_3D('',#11509,#8745,#8746);
#8045=AXIS2_PLACEMENT_3D('',#11511,#8748,#8749);
#8046=AXIS2_PLACEMENT_3D('',#11515,#8752,#8753);
#8047=AXIS2_PLACEMENT_3D('',#11517,#8755,#8756);
#8048=AXIS2_PLACEMENT_3D('',#11523,#8760,#8761);
#8049=AXIS2_PLACEMENT_3D('',#11537,#8769,#8770);
#8050=AXIS2_PLACEMENT_3D('',#11543,#8774,#8775);
#8051=AXIS2_PLACEMENT_3D('',#11545,#8777,#8778);
#8052=AXIS2_PLACEMENT_3D('',#11549,#8781,#8782);
#8053=AXIS2_PLACEMENT_3D('',#11551,#8784,#8785);
#8054=AXIS2_PLACEMENT_3D('',#11553,#8787,#8788);
#8055=AXIS2_PLACEMENT_3D('',#11555,#8789,#8790);
#8056=AXIS2_PLACEMENT_3D('',#11557,#8791,#8792);
#8057=AXIS2_PLACEMENT_3D('',#11558,#8793,#8794);
#8058=AXIS2_PLACEMENT_3D('',#11566,#8799,#8800);
#8059=AXIS2_PLACEMENT_3D('',#11571,#8802,#8803);
#8060=AXIS2_PLACEMENT_3D('',#11665,#8811,#8812);
#8061=AXIS2_PLACEMENT_3D('',#11931,#8813,#8814);
#8062=AXIS2_PLACEMENT_3D('',#11934,#8815,#8816);
#8063=AXIS2_PLACEMENT_3D('',#11938,#8818,#8819);
#8064=AXIS2_PLACEMENT_3D('',#11942,#8821,#8822);
#8065=AXIS2_PLACEMENT_3D('',#11946,#8824,#8825);
#8066=AXIS2_PLACEMENT_3D('',#11948,#8827,#8828);
#8067=AXIS2_PLACEMENT_3D('',#11950,#8829,#8830);
#8068=AXIS2_PLACEMENT_3D('',#11953,#8832,#8833);
#8069=AXIS2_PLACEMENT_3D('',#11956,#8834,#8835);
#8070=AXIS2_PLACEMENT_3D('',#11960,#8837,#8838);
#8071=AXIS2_PLACEMENT_3D('',#11963,#8840,#8841);
#8072=AXIS2_PLACEMENT_3D('',#11965,#8842,#8843);
#8073=AXIS2_PLACEMENT_3D('',#11967,#8845,#8846);
#8074=AXIS2_PLACEMENT_3D('',#11974,#8850,#8851);
#8075=AXIS2_PLACEMENT_3D('',#12065,#8852,#8853);
#8076=AXIS2_PLACEMENT_3D('',#12275,#8854,#8855);
#8077=AXIS2_PLACEMENT_3D('',#12361,#8856,#8857);
#8078=AXIS2_PLACEMENT_3D('',#12524,#8878,#8879);
#8079=AXIS2_PLACEMENT_3D('',#12525,#8880,#8881);
#8080=AXIS2_PLACEMENT_3D('',#12888,#8921,#8922);
#8081=AXIS2_PLACEMENT_3D('',#12889,#8923,#8924);
#8082=AXIS2_PLACEMENT_3D('',#13048,#8941,#8942);
#8083=AXIS2_PLACEMENT_3D('',#13050,#8944,#8945);
#8084=AXIS2_PLACEMENT_3D('',#13054,#8948,#8949);
#8085=AXIS2_PLACEMENT_3D('',#13058,#8952,#8953);
#8086=AXIS2_PLACEMENT_3D('',#13062,#8956,#8957);
#8087=AXIS2_PLACEMENT_3D('',#13064,#8959,#8960);
#8088=AXIS2_PLACEMENT_3D('',#13066,#8962,#8963);
#8089=AXIS2_PLACEMENT_3D('',#13067,#8964,#8965);
#8090=AXIS2_PLACEMENT_3D('',#13071,#8969,#8970);
#8091=AXIS2_PLACEMENT_3D('',#13073,#8972,#8973);
#8092=AXIS2_PLACEMENT_3D('',#13075,#8975,#8976);
#8093=AXIS2_PLACEMENT_3D('',#13076,#8977,#8978);
#8094=AXIS2_PLACEMENT_3D('',#13078,#8979,#8980);
#8095=AXIS2_PLACEMENT_3D('',#13081,#8982,#8983);
#8096=AXIS2_PLACEMENT_3D('',#13082,#8984,#8985);
#8097=AXIS2_PLACEMENT_3D('',#13083,#8986,#8987);
#8098=AXIS2_PLACEMENT_3D('',#13085,#8988,#8989);
#8099=AXIS2_PLACEMENT_3D('',#13088,#8991,#8992);
#8100=AXIS2_PLACEMENT_3D('',#13089,#8993,#8994);
#8101=AXIS2_PLACEMENT_3D('',#13090,#8995,#8996);
#8102=AXIS2_PLACEMENT_3D('',#13091,#8997,#8998);
#8103=AXIS2_PLACEMENT_3D('',#13092,#8999,#9000);
#8104=AXIS2_PLACEMENT_3D('',#13094,#9002,#9003);
#8105=AXIS2_PLACEMENT_3D('',#13100,#9007,#9008);
#8106=AXIS2_PLACEMENT_3D('',#13102,#9010,#9011);
#8107=AXIS2_PLACEMENT_3D('',#13104,#9013,#9014);
#8108=AXIS2_PLACEMENT_3D('',#13106,#9015,#9016);
#8109=AXIS2_PLACEMENT_3D('',#13109,#9017,#9018);
#8110=AXIS2_PLACEMENT_3D('',#13110,#9019,#9020);
#8111=AXIS2_PLACEMENT_3D('',#13111,#9021,#9022);
#8112=AXIS2_PLACEMENT_3D('',#13113,#9023,#9024);
#8113=AXIS2_PLACEMENT_3D('',#13115,#9026,#9027);
#8114=AXIS2_PLACEMENT_3D('',#13143,#9030,#9031);
#8115=AXIS2_PLACEMENT_3D('',#13145,#9032,#9033);
#8116=AXIS2_PLACEMENT_3D('',#13148,#9034,#9035);
#8117=AXIS2_PLACEMENT_3D('',#13149,#9036,#9037);
#8118=AXIS2_PLACEMENT_3D('',#13150,#9038,#9039);
#8119=AXIS2_PLACEMENT_3D('',#13152,#9040,#9041);
#8120=AXIS2_PLACEMENT_3D('',#13154,#9043,#9044);
#8121=AXIS2_PLACEMENT_3D('',#13185,#9047,#9048);
#8122=AXIS2_PLACEMENT_3D('',#13187,#9049,#9050);
#8123=AXIS2_PLACEMENT_3D('',#13190,#9051,#9052);
#8124=AXIS2_PLACEMENT_3D('',#13191,#9053,#9054);
#8125=AXIS2_PLACEMENT_3D('',#13192,#9055,#9056);
#8126=AXIS2_PLACEMENT_3D('',#13194,#9057,#9058);
#8127=AXIS2_PLACEMENT_3D('',#13196,#9060,#9061);
#8128=AXIS2_PLACEMENT_3D('',#13219,#9064,#9065);
#8129=AXIS2_PLACEMENT_3D('',#13221,#9066,#9067);
#8130=AXIS2_PLACEMENT_3D('',#13224,#9068,#9069);
#8131=AXIS2_PLACEMENT_3D('',#13226,#9070,#9071);
#8132=AXIS2_PLACEMENT_3D('',#13227,#9072,#9073);
#8133=AXIS2_PLACEMENT_3D('',#13228,#9074,#9075);
#8134=AXIS2_PLACEMENT_3D('',#13230,#9076,#9077);
#8135=AXIS2_PLACEMENT_3D('',#13232,#9079,#9080);
#8136=AXIS2_PLACEMENT_3D('',#13257,#9083,#9084);
#8137=AXIS2_PLACEMENT_3D('',#13259,#9085,#9086);
#8138=AXIS2_PLACEMENT_3D('',#13261,#9087,#9088);
#8139=AXIS2_PLACEMENT_3D('',#13262,#9089,#9090);
#8140=AXIS2_PLACEMENT_3D('',#13264,#9091,#9092);
#8141=AXIS2_PLACEMENT_3D('',#13266,#9094,#9095);
#8142=AXIS2_PLACEMENT_3D('',#13268,#9096,#9097);
#8143=AXIS2_PLACEMENT_3D('',#13271,#9098,#9099);
#8144=AXIS2_PLACEMENT_3D('',#13273,#9100,#9101);
#8145=AXIS2_PLACEMENT_3D('',#13274,#9102,#9103);
#8146=AXIS2_PLACEMENT_3D('',#13275,#9104,#9105);
#8147=AXIS2_PLACEMENT_3D('',#13277,#9106,#9107);
#8148=AXIS2_PLACEMENT_3D('',#13279,#9109,#9110);
#8149=AXIS2_PLACEMENT_3D('',#13304,#9113,#9114);
#8150=AXIS2_PLACEMENT_3D('',#13306,#9115,#9116);
#8151=AXIS2_PLACEMENT_3D('',#13309,#9117,#9118);
#8152=AXIS2_PLACEMENT_3D('',#13311,#9119,#9120);
#8153=AXIS2_PLACEMENT_3D('',#13312,#9121,#9122);
#8154=AXIS2_PLACEMENT_3D('',#13313,#9123,#9124);
#8155=AXIS2_PLACEMENT_3D('',#13315,#9125,#9126);
#8156=AXIS2_PLACEMENT_3D('',#13317,#9128,#9129);
#8157=AXIS2_PLACEMENT_3D('',#13342,#9132,#9133);
#8158=AXIS2_PLACEMENT_3D('',#13344,#9134,#9135);
#8159=AXIS2_PLACEMENT_3D('',#13347,#9136,#9137);
#8160=AXIS2_PLACEMENT_3D('',#13348,#9138,#9139);
#8161=AXIS2_PLACEMENT_3D('',#13349,#9140,#9141);
#8162=AXIS2_PLACEMENT_3D('',#13351,#9142,#9143);
#8163=AXIS2_PLACEMENT_3D('',#13353,#9145,#9146);
#8164=AXIS2_PLACEMENT_3D('',#13383,#9149,#9150);
#8165=AXIS2_PLACEMENT_3D('',#13385,#9151,#9152);
#8166=AXIS2_PLACEMENT_3D('',#13387,#9153,#9154);
#8167=AXIS2_PLACEMENT_3D('',#13388,#9155,#9156);
#8168=AXIS2_PLACEMENT_3D('',#13390,#9157,#9158);
#8169=AXIS2_PLACEMENT_3D('',#13392,#9160,#9161);
#8170=AXIS2_PLACEMENT_3D('',#13394,#9162,#9163);
#8171=AXIS2_PLACEMENT_3D('',#13396,#9164,#9165);
#8172=AXIS2_PLACEMENT_3D('',#13397,#9166,#9167);
#8173=AXIS2_PLACEMENT_3D('',#13399,#9168,#9169);
#8174=AXIS2_PLACEMENT_3D('',#13401,#9171,#9172);
#8175=AXIS2_PLACEMENT_3D('',#13424,#9175,#9176);
#8176=AXIS2_PLACEMENT_3D('',#13426,#9177,#9178);
#8177=AXIS2_PLACEMENT_3D('',#13442,#9186,#9187);
#8178=AXIS2_PLACEMENT_3D('',#13444,#9189,#9190);
#8179=AXIS2_PLACEMENT_3D('',#13467,#9193,#9194);
#8180=AXIS2_PLACEMENT_3D('',#13471,#9196,#9197);
#8181=AXIS2_PLACEMENT_3D('',#13486,#9205,#9206);
#8182=AXIS2_PLACEMENT_3D('',#13513,#9207,#9208);
#8183=AXIS2_PLACEMENT_3D('',#13520,#9212,#9213);
#8184=AXIS2_PLACEMENT_3D('',#13521,#9214,#9215);
#8185=AXIS2_PLACEMENT_3D('',#13527,#9219,#9220);
#8186=AXIS2_PLACEMENT_3D('',#13533,#9224,#9225);
#8187=AXIS2_PLACEMENT_3D('',#13535,#9226,#9227);
#8188=AXIS2_PLACEMENT_3D('',#13538,#9229,#9230);
#8189=AXIS2_PLACEMENT_3D('',#13539,#9231,#9232);
#8190=AXIS2_PLACEMENT_3D('',#13541,#9233,#9234);
#8191=AXIS2_PLACEMENT_3D('',#13544,#9236,#9237);
#8192=AXIS2_PLACEMENT_3D('',#13545,#9238,#9239);
#8193=AXIS2_PLACEMENT_3D('',#13547,#9240,#9241);
#8194=AXIS2_PLACEMENT_3D('',#13550,#9243,#9244);
#8195=AXIS2_PLACEMENT_3D('',#13551,#9245,#9246);
#8196=AXIS2_PLACEMENT_3D('',#13553,#9247,#9248);
#8197=AXIS2_PLACEMENT_3D('',#13556,#9250,#9251);
#8198=AXIS2_PLACEMENT_3D('',#13557,#9252,#9253);
#8199=AXIS2_PLACEMENT_3D('',#13559,#9254,#9255);
#8200=AXIS2_PLACEMENT_3D('',#13562,#9257,#9258);
#8201=AXIS2_PLACEMENT_3D('',#13563,#9259,#9260);
#8202=AXIS2_PLACEMENT_3D('',#13565,#9261,#9262);
#8203=AXIS2_PLACEMENT_3D('',#13568,#9264,#9265);
#8204=AXIS2_PLACEMENT_3D('',#13569,#9266,#9267);
#8205=AXIS2_PLACEMENT_3D('',#13571,#9268,#9269);
#8206=AXIS2_PLACEMENT_3D('',#13574,#9271,#9272);
#8207=AXIS2_PLACEMENT_3D('',#13575,#9273,#9274);
#8208=AXIS2_PLACEMENT_3D('',#13577,#9275,#9276);
#8209=AXIS2_PLACEMENT_3D('',#13580,#9278,#9279);
#8210=AXIS2_PLACEMENT_3D('',#13581,#9280,#9281);
#8211=AXIS2_PLACEMENT_3D('',#13583,#9282,#9283);
#8212=AXIS2_PLACEMENT_3D('',#13586,#9285,#9286);
#8213=AXIS2_PLACEMENT_3D('',#13587,#9287,#9288);
#8214=AXIS2_PLACEMENT_3D('',#13589,#9289,#9290);
#8215=AXIS2_PLACEMENT_3D('',#13592,#9292,#9293);
#8216=AXIS2_PLACEMENT_3D('',#13593,#9294,#9295);
#8217=AXIS2_PLACEMENT_3D('',#13595,#9296,#9297);
#8218=AXIS2_PLACEMENT_3D('',#13598,#9299,#9300);
#8219=AXIS2_PLACEMENT_3D('',#13599,#9301,#9302);
#8220=AXIS2_PLACEMENT_3D('',#13601,#9303,#9304);
#8221=AXIS2_PLACEMENT_3D('',#13604,#9306,#9307);
#8222=AXIS2_PLACEMENT_3D('',#13605,#9308,#9309);
#8223=AXIS2_PLACEMENT_3D('',#13607,#9310,#9311);
#8224=AXIS2_PLACEMENT_3D('',#13616,#9313,#9314);
#8225=AXIS2_PLACEMENT_3D('',#13631,#9315,#9316);
#8226=AXIS2_PLACEMENT_3D('',#13644,#9317,#9318);
#8227=AXIS2_PLACEMENT_3D('',#13654,#9324,#9325);
#8228=AXIS2_PLACEMENT_3D('',#13659,#9329,#9330);
#8229=AXIS2_PLACEMENT_3D('',#13660,#9331,#9332);
#8230=AXIS2_PLACEMENT_3D('',#13663,#9333,#9334);
#8231=AXIS2_PLACEMENT_3D('',#13677,#9337,#9338);
#8232=AXIS2_PLACEMENT_3D('',#13679,#9339,#9340);
#8233=AXIS2_PLACEMENT_3D('',#13683,#9342,#9343);
#8234=AXIS2_PLACEMENT_3D('',#13687,#9345,#9346);
#8235=AXIS2_PLACEMENT_3D('',#13690,#9348,#9349);
#8236=AXIS2_PLACEMENT_3D('',#13691,#9350,#9351);
#8237=AXIS2_PLACEMENT_3D('',#13692,#9352,#9353);
#8238=AXIS2_PLACEMENT_3D('',#13696,#9355,#9356);
#8239=AXIS2_PLACEMENT_3D('',#13698,#9357,#9358);
#8240=AXIS2_PLACEMENT_3D('',#13706,#9362,#9363);
#8241=AXIS2_PLACEMENT_3D('',#13708,#9364,#9365);
#8242=AXIS2_PLACEMENT_3D('',#13714,#9369,#9370);
#8243=AXIS2_PLACEMENT_3D('',#13718,#9373,#9374);
#8244=AXIS2_PLACEMENT_3D('',#13721,#9375,#9376);
#8245=AXIS2_PLACEMENT_3D('',#13735,#9379,#9380);
#8246=AXIS2_PLACEMENT_3D('',#13742,#9384,#9385);
#8247=AXIS2_PLACEMENT_3D('',#13746,#9388,#9389);
#8248=AXIS2_PLACEMENT_3D('',#13755,#9394,#9395);
#8249=AXIS2_PLACEMENT_3D('',#13757,#9396,#9397);
#8250=AXIS2_PLACEMENT_3D('',#13765,#9401,#9402);
#8251=AXIS2_PLACEMENT_3D('',#13773,#9406,#9407);
#8252=AXIS2_PLACEMENT_3D('',#13778,#9411,#9412);
#8253=AXIS2_PLACEMENT_3D('',#13780,#9413,#9414);
#8254=AXIS2_PLACEMENT_3D('',#13782,#9416,#9417);
#8255=AXIS2_PLACEMENT_3D('',#13789,#9421,#9422);
#8256=AXIS2_PLACEMENT_3D('',#13793,#9425,#9426);
#8257=AXIS2_PLACEMENT_3D('',#13794,#9427,#9428);
#8258=AXIS2_PLACEMENT_3D('',#13796,#9429,#9430);
#8259=AXIS2_PLACEMENT_3D('',#13799,#9432,#9433);
#8260=AXIS2_PLACEMENT_3D('',#13800,#9434,#9435);
#8261=AXIS2_PLACEMENT_3D('',#13802,#9436,#9437);
#8262=AXIS2_PLACEMENT_3D('',#13804,#9439,#9440);
#8263=AXIS2_PLACEMENT_3D('',#13807,#9442,#9443);
#8264=AXIS2_PLACEMENT_3D('',#13808,#9444,#9445);
#8265=AXIS2_PLACEMENT_3D('',#13810,#9447,#9448);
#8266=AXIS2_PLACEMENT_3D('',#13816,#9452,#9453);
#8267=AXIS2_PLACEMENT_3D('',#13824,#9458,#9459);
#8268=AXIS2_PLACEMENT_3D('',#13828,#9462,#9463);
#8269=AXIS2_PLACEMENT_3D('',#13832,#9466,#9467);
#8270=AXIS2_PLACEMENT_3D('',#13836,#9470,#9471);
#8271=AXIS2_PLACEMENT_3D('',#13843,#9476,#9477);
#8272=AXIS2_PLACEMENT_3D('',#13847,#9480,#9481);
#8273=AXIS2_PLACEMENT_3D('',#13851,#9484,#9485);
#8274=AXIS2_PLACEMENT_3D('',#13853,#9487,#9488);
#8275=AXIS2_PLACEMENT_3D('',#13855,#9489,#9490);
#8276=AXIS2_PLACEMENT_3D('',#13856,#9491,#9492);
#8277=AXIS2_PLACEMENT_3D('',#13858,#9493,#9494);
#8278=AXIS2_PLACEMENT_3D('',#13861,#9496,#9497);
#8279=AXIS2_PLACEMENT_3D('',#13863,#9498,#9499);
#8280=AXIS2_PLACEMENT_3D('',#13865,#9500,#9501);
#8281=AXIS2_PLACEMENT_3D('',#13866,#9502,#9503);
#8282=AXIS2_PLACEMENT_3D('',#13868,#9505,#9506);
#8283=AXIS2_PLACEMENT_3D('',#13870,#9508,#9509);
#8284=AXIS2_PLACEMENT_3D('',#13872,#9510,#9511);
#8285=AXIS2_PLACEMENT_3D('',#13874,#9513,#9514);
#8286=AXIS2_PLACEMENT_3D('',#13876,#9515,#9516);
#8287=AXIS2_PLACEMENT_3D('',#13878,#9518,#9519);
#8288=AXIS2_PLACEMENT_3D('',#13893,#9528,#9529);
#8289=AXIS2_PLACEMENT_3D('',#13896,#9531,#9532);
#8290=AXIS2_PLACEMENT_3D('',#13897,#9533,#9534);
#8291=AXIS2_PLACEMENT_3D('',#13899,#9535,#9536);
#8292=AXIS2_PLACEMENT_3D('',#13901,#9537,#9538);
#8293=AXIS2_PLACEMENT_3D('',#13903,#9540,#9541);
#8294=AXIS2_PLACEMENT_3D('',#13905,#9543,#9544);
#8295=AXIS2_PLACEMENT_3D('',#13907,#9546,#9547);
#8296=AXIS2_PLACEMENT_3D('',#13910,#9549,#9550);
#8297=AXIS2_PLACEMENT_3D('',#13911,#9551,#9552);
#8298=AXIS2_PLACEMENT_3D('',#13913,#9554,#9555);
#8299=AXIS2_PLACEMENT_3D('',#13914,#9556,#9557);
#8300=AXIS2_PLACEMENT_3D('',#13916,#9558,#9559);
#8301=AXIS2_PLACEMENT_3D('',#13919,#9561,#9562);
#8302=AXIS2_PLACEMENT_3D('',#13921,#9563,#9564);
#8303=AXIS2_PLACEMENT_3D('',#13923,#9565,#9566);
#8304=AXIS2_PLACEMENT_3D('',#13924,#9567,#9568);
#8305=AXIS2_PLACEMENT_3D('',#13926,#9570,#9571);
#8306=AXIS2_PLACEMENT_3D('',#13928,#9573,#9574);
#8307=AXIS2_PLACEMENT_3D('',#13931,#9575,#9576);
#8308=AXIS2_PLACEMENT_3D('',#13934,#9578,#9579);
#8309=AXIS2_PLACEMENT_3D('',#13936,#9581,#9582);
#8310=AXIS2_PLACEMENT_3D('',#13939,#9583,#9584);
#8311=AXIS2_PLACEMENT_3D('',#13942,#9586,#9587);
#8312=AXIS2_PLACEMENT_3D('',#13944,#9589,#9590);
#8313=AXIS2_PLACEMENT_3D('',#13955,#9597,#9598);
#8314=AXIS2_PLACEMENT_3D('',#13957,#9599,#9600);
#8315=AXIS2_PLACEMENT_3D('',#13960,#9602,#9603);
#8316=AXIS2_PLACEMENT_3D('',#13961,#9604,#9605);
#8317=AXIS2_PLACEMENT_3D('',#13963,#9607,#9608);
#8318=AXIS2_PLACEMENT_3D('',#13967,#9612,#9613);
#8319=AXIS2_PLACEMENT_3D('',#13968,#9614,#9615);
#8320=AXIS2_PLACEMENT_3D('',#13969,#9616,#9617);
#8321=AXIS2_PLACEMENT_3D('',#13971,#9618,#9619);
#8322=AXIS2_PLACEMENT_3D('',#13974,#9621,#9622);
#8323=AXIS2_PLACEMENT_3D('',#13975,#9623,#9624);
#8324=AXIS2_PLACEMENT_3D('',#13976,#9625,#9626);
#8325=AXIS2_PLACEMENT_3D('',#13977,#9627,#9628);
#8326=AXIS2_PLACEMENT_3D('',#13978,#9629,#9630);
#8327=AXIS2_PLACEMENT_3D('',#13980,#9632,#9633);
#8328=AXIS2_PLACEMENT_3D('',#13986,#9637,#9638);
#8329=AXIS2_PLACEMENT_3D('',#13988,#9640,#9641);
#8330=AXIS2_PLACEMENT_3D('',#13990,#9643,#9644);
#8331=AXIS2_PLACEMENT_3D('',#13992,#9646,#9647);
#8332=AXIS2_PLACEMENT_3D('',#13994,#9649,#9650);
#8333=AXIS2_PLACEMENT_3D('',#13998,#9653,#9654);
#8334=AXIS2_PLACEMENT_3D('',#14000,#9655,#9656);
#8335=AXIS2_PLACEMENT_3D('',#14002,#9657,#9658);
#8336=AXIS2_PLACEMENT_3D('',#14004,#9659,#9660);
#8337=AXIS2_PLACEMENT_3D('',#14006,#9661,#9662);
#8338=AXIS2_PLACEMENT_3D('',#14008,#9663,#9664);
#8339=AXIS2_PLACEMENT_3D('',#14010,#9665,#9666);
#8340=AXIS2_PLACEMENT_3D('',#14012,#9667,#9668);
#8341=AXIS2_PLACEMENT_3D('',#14013,#9669,#9670);
#8342=AXIS2_PLACEMENT_3D('',#14015,#9671,#9672);
#8343=AXIS2_PLACEMENT_3D('',#14017,#9673,#9674);
#8344=AXIS2_PLACEMENT_3D('',#14018,#9675,#9676);
#8345=AXIS2_PLACEMENT_3D('',#14020,#9677,#9678);
#8346=AXIS2_PLACEMENT_3D('',#14023,#9680,#9681);
#8347=AXIS2_PLACEMENT_3D('',#14024,#9682,#9683);
#8348=AXIS2_PLACEMENT_3D('',#14026,#9684,#9685);
#8349=AXIS2_PLACEMENT_3D('',#14029,#9687,#9688);
#8350=AXIS2_PLACEMENT_3D('',#14030,#9689,#9690);
#8351=AXIS2_PLACEMENT_3D('',#14032,#9691,#9692);
#8352=AXIS2_PLACEMENT_3D('',#14035,#9694,#9695);
#8353=AXIS2_PLACEMENT_3D('',#14036,#9696,#9697);
#8354=AXIS2_PLACEMENT_3D('',#14038,#9698,#9699);
#8355=AXIS2_PLACEMENT_3D('',#14041,#9701,#9702);
#8356=AXIS2_PLACEMENT_3D('',#14042,#9703,#9704);
#8357=AXIS2_PLACEMENT_3D('',#14044,#9705,#9706);
#8358=AXIS2_PLACEMENT_3D('',#14047,#9708,#9709);
#8359=AXIS2_PLACEMENT_3D('',#14048,#9710,#9711);
#8360=AXIS2_PLACEMENT_3D('',#14050,#9712,#9713);
#8361=AXIS2_PLACEMENT_3D('',#14053,#9715,#9716);
#8362=AXIS2_PLACEMENT_3D('',#14054,#9717,#9718);
#8363=AXIS2_PLACEMENT_3D('',#14056,#9719,#9720);
#8364=AXIS2_PLACEMENT_3D('',#14059,#9722,#9723);
#8365=AXIS2_PLACEMENT_3D('',#14060,#9724,#9725);
#8366=AXIS2_PLACEMENT_3D('',#14061,#9726,#9727);
#8367=AXIS2_PLACEMENT_3D('',#14063,#9728,#9729);
#8368=AXIS2_PLACEMENT_3D('',#14066,#9731,#9732);
#8369=AXIS2_PLACEMENT_3D('',#14067,#9733,#9734);
#8370=AXIS2_PLACEMENT_3D('',#14068,#9735,#9736);
#8371=AXIS2_PLACEMENT_3D('',#14070,#9737,#9738);
#8372=AXIS2_PLACEMENT_3D('',#14073,#9740,#9741);
#8373=AXIS2_PLACEMENT_3D('',#14074,#9742,#9743);
#8374=AXIS2_PLACEMENT_3D('',#14075,#9744,#9745);
#8375=AXIS2_PLACEMENT_3D('',#14077,#9746,#9747);
#8376=AXIS2_PLACEMENT_3D('',#14080,#9749,#9750);
#8377=AXIS2_PLACEMENT_3D('',#14081,#9751,#9752);
#8378=AXIS2_PLACEMENT_3D('',#14082,#9753,#9754);
#8379=AXIS2_PLACEMENT_3D('',#14084,#9755,#9756);
#8380=AXIS2_PLACEMENT_3D('',#14087,#9758,#9759);
#8381=AXIS2_PLACEMENT_3D('',#14088,#9760,#9761);
#8382=AXIS2_PLACEMENT_3D('',#14089,#9762,#9763);
#8383=AXIS2_PLACEMENT_3D('',#14091,#9764,#9765);
#8384=AXIS2_PLACEMENT_3D('',#14094,#9767,#9768);
#8385=AXIS2_PLACEMENT_3D('',#14095,#9769,#9770);
#8386=AXIS2_PLACEMENT_3D('',#14096,#9771,#9772);
#8387=AXIS2_PLACEMENT_3D('',#14105,#9777,#9778);
#8388=AXIS2_PLACEMENT_3D('',#14114,#9783,#9784);
#8389=AXIS2_PLACEMENT_3D('',#14120,#9788,#9789);
#8390=AXIS2_PLACEMENT_3D('',#14122,#9790,#9791);
#8391=AXIS2_PLACEMENT_3D('',#14123,#9792,#9793);
#8392=AXIS2_PLACEMENT_3D('',#14124,#9794,#9795);
#8393=AXIS2_PLACEMENT_3D('',#14125,#9796,#9797);
#8394=AXIS2_PLACEMENT_3D('',#14131,#9801,#9802);
#8395=AXIS2_PLACEMENT_3D('',#14140,#9807,#9808);
#8396=AXIS2_PLACEMENT_3D('',#14141,#9809,#9810);
#8397=AXIS2_PLACEMENT_3D('',#14143,#9811,#9812);
#8398=AXIS2_PLACEMENT_3D('',#14144,#9813,#9814);
#8399=AXIS2_PLACEMENT_3D('',#14145,#9815,#9816);
#8400=AXIS2_PLACEMENT_3D('',#14152,#9821,#9822);
#8401=AXIS2_PLACEMENT_3D('',#14161,#9827,#9828);
#8402=AXIS2_PLACEMENT_3D('',#14170,#9833,#9834);
#8403=AXIS2_PLACEMENT_3D('',#14179,#9839,#9840);
#8404=AXIS2_PLACEMENT_3D('',#14185,#9844,#9845);
#8405=AXIS2_PLACEMENT_3D('',#14194,#9850,#9851);
#8406=AXIS2_PLACEMENT_3D('',#14199,#9853,#9854);
#8407=AXIS2_PLACEMENT_3D('',#14202,#9856,#9857);
#8408=AXIS2_PLACEMENT_3D('',#14203,#9858,#9859);
#8409=AXIS2_PLACEMENT_3D('',#14212,#9864,#9865);
#8410=AXIS2_PLACEMENT_3D('',#14218,#9869,#9870);
#8411=AXIS2_PLACEMENT_3D('',#14224,#9874,#9875);
#8412=AXIS2_PLACEMENT_3D('',#14230,#9879,#9880);
#8413=AXIS2_PLACEMENT_3D('',#14236,#9884,#9885);
#8414=AXIS2_PLACEMENT_3D('',#14238,#9886,#9887);
#8415=AXIS2_PLACEMENT_3D('',#14239,#9888,#9889);
#8416=AXIS2_PLACEMENT_3D('',#14240,#9890,#9891);
#8417=AXIS2_PLACEMENT_3D('',#14241,#9892,#9893);
#8418=AXIS2_PLACEMENT_3D('',#14243,#9894,#9895);
#8419=AXIS2_PLACEMENT_3D('',#14244,#9896,#9897);
#8420=AXIS2_PLACEMENT_3D('',#14246,#9898,#9899);
#8421=AXIS2_PLACEMENT_3D('',#14247,#9900,#9901);
#8422=AXIS2_PLACEMENT_3D('',#14248,#9902,#9903);
#8423=AXIS2_PLACEMENT_3D('',#14249,#9904,#9905);
#8424=AXIS2_PLACEMENT_3D('',#14250,#9906,#9907);
#8425=AXIS2_PLACEMENT_3D('',#14252,#9908,#9909);
#8426=AXIS2_PLACEMENT_3D('',#14254,#9911,#9912);
#8427=AXIS2_PLACEMENT_3D('',#14255,#9913,#9914);
#8428=AXIS2_PLACEMENT_3D('',#14257,#9915,#9916);
#8429=AXIS2_PLACEMENT_3D('',#14259,#9918,#9919);
#8430=AXIS2_PLACEMENT_3D('',#14260,#9920,#9921);
#8431=AXIS2_PLACEMENT_3D('',#14264,#9923,#9924);
#8432=AXIS2_PLACEMENT_3D('',#14266,#9926,#9927);
#8433=AXIS2_PLACEMENT_3D('',#14267,#9928,#9929);
#8434=AXIS2_PLACEMENT_3D('',#14269,#9931,#9932);
#8435=AXIS2_PLACEMENT_3D('',#14270,#9933,#9934);
#8436=AXIS2_PLACEMENT_3D('',#14271,#9935,#9936);
#8437=AXIS2_PLACEMENT_3D('',#14274,#9937,#9938);
#8438=AXIS2_PLACEMENT_3D('',#14276,#9939,#9940);
#8439=AXIS2_PLACEMENT_3D('',#14284,#9944,#9945);
#8440=AXIS2_PLACEMENT_3D('',#14286,#9946,#9947);
#8441=AXIS2_PLACEMENT_3D('',#14294,#9951,#9952);
#8442=AXIS2_PLACEMENT_3D('',#14296,#9953,#9954);
#8443=AXIS2_PLACEMENT_3D('',#14311,#9962,#9963);
#8444=AXIS2_PLACEMENT_3D('',#14319,#9967,#9968);
#8445=AXIS2_PLACEMENT_3D('',#14324,#9972,#9973);
#8446=AXIS2_PLACEMENT_3D('',#14325,#9974,#9975);
#8447=AXIS2_PLACEMENT_3D('',#14326,#9976,#9977);
#8448=AXIS2_PLACEMENT_3D('',#14327,#9978,#9979);
#8449=AXIS2_PLACEMENT_3D('',#14328,#9980,#9981);
#8450=AXIS2_PLACEMENT_3D('',#14333,#9983,#9984);
#8451=AXIS2_PLACEMENT_3D('',#14341,#9988,#9989);
#8452=AXIS2_PLACEMENT_3D('',#14349,#9994,#9995);
#8453=AXIS2_PLACEMENT_3D('',#14350,#9996,#9997);
#8454=AXIS2_PLACEMENT_3D('',#14352,#9998,#9999);
#8455=AXIS2_PLACEMENT_3D('',#14354,#10001,#10002);
#8456=AXIS2_PLACEMENT_3D('',#14355,#10003,#10004);
#8457=AXIS2_PLACEMENT_3D('',#14357,#10005,#10006);
#8458=AXIS2_PLACEMENT_3D('',#14359,#10008,#10009);
#8459=AXIS2_PLACEMENT_3D('',#14360,#10010,#10011);
#8460=AXIS2_PLACEMENT_3D('',#14362,#10012,#10013);
#8461=AXIS2_PLACEMENT_3D('',#14364,#10015,#10016);
#8462=AXIS2_PLACEMENT_3D('',#14365,#10017,#10018);
#8463=AXIS2_PLACEMENT_3D('',#14367,#10020,#10021);
#8464=AXIS2_PLACEMENT_3D('',#14368,#10022,#10023);
#8465=AXIS2_PLACEMENT_3D('',#14370,#10024,#10025);
#8466=AXIS2_PLACEMENT_3D('',#14372,#10027,#10028);
#8467=AXIS2_PLACEMENT_3D('',#14373,#10029,#10030);
#8468=AXIS2_PLACEMENT_3D('',#14374,#10031,#10032);
#8469=AXIS2_PLACEMENT_3D('',#14376,#10033,#10034);
#8470=AXIS2_PLACEMENT_3D('',#14378,#10036,#10037);
#8471=AXIS2_PLACEMENT_3D('',#14379,#10038,#10039);
#8472=AXIS2_PLACEMENT_3D('',#14381,#10040,#10041);
#8473=AXIS2_PLACEMENT_3D('',#14383,#10042,#10043);
#8474=AXIS2_PLACEMENT_3D('',#14384,#10044,#10045);
#8475=AXIS2_PLACEMENT_3D('',#14386,#10046,#10047);
#8476=AXIS2_PLACEMENT_3D('',#14388,#10049,#10050);
#8477=AXIS2_PLACEMENT_3D('',#14390,#10052,#10053);
#8478=AXIS2_PLACEMENT_3D('',#14392,#10054,#10055);
#8479=AXIS2_PLACEMENT_3D('',#14393,#10056,#10057);
#8480=AXIS2_PLACEMENT_3D('',#14395,#10058,#10059);
#8481=AXIS2_PLACEMENT_3D('',#14397,#10060,#10061);
#8482=AXIS2_PLACEMENT_3D('',#14398,#10062,#10063);
#8483=AXIS2_PLACEMENT_3D('',#14400,#10064,#10065);
#8484=AXIS2_PLACEMENT_3D('',#14402,#10067,#10068);
#8485=AXIS2_PLACEMENT_3D('',#14404,#10070,#10071);
#8486=AXIS2_PLACEMENT_3D('',#14406,#10072,#10073);
#8487=AXIS2_PLACEMENT_3D('',#14407,#10074,#10075);
#8488=AXIS2_PLACEMENT_3D('',#14413,#10079,#10080);
#8489=AXIS2_PLACEMENT_3D('',#14417,#10083,#10084);
#8490=AXIS2_PLACEMENT_3D('',#14423,#10088,#10089);
#8491=AXIS2_PLACEMENT_3D('',#14426,#10091,#10092);
#8492=AXIS2_PLACEMENT_3D('',#14427,#10093,#10094);
#8493=AXIS2_PLACEMENT_3D('',#14431,#10097,#10098);
#8494=AXIS2_PLACEMENT_3D('',#14433,#10100,#10101);
#8495=AXIS2_PLACEMENT_3D('',#14437,#10104,#10105);
#8496=AXIS2_PLACEMENT_3D('',#14441,#10108,#10109);
#8497=AXIS2_PLACEMENT_3D('',#14444,#10111,#10112);
#8498=AXIS2_PLACEMENT_3D('',#14445,#10113,#10114);
#8499=AXIS2_PLACEMENT_3D('',#14447,#10116,#10117);
#8500=AXIS2_PLACEMENT_3D('',#14453,#10121,#10122);
#8501=AXIS2_PLACEMENT_3D('',#14457,#10125,#10126);
#8502=AXIS2_PLACEMENT_3D('',#14461,#10129,#10130);
#8503=AXIS2_PLACEMENT_3D('',#14464,#10132,#10133);
#8504=AXIS2_PLACEMENT_3D('',#14465,#10134,#10135);
#8505=AXIS2_PLACEMENT_3D('',#14469,#10138,#10139);
#8506=AXIS2_PLACEMENT_3D('',#14471,#10141,#10142);
#8507=AXIS2_PLACEMENT_3D('',#14473,#10144,#10145);
#8508=AXIS2_PLACEMENT_3D('',#14475,#10146,#10147);
#8509=AXIS2_PLACEMENT_3D('',#14477,#10149,#10150);
#8510=AXIS2_PLACEMENT_3D('',#14481,#10153,#10154);
#8511=AXIS2_PLACEMENT_3D('',#14485,#10157,#10158);
#8512=AXIS2_PLACEMENT_3D('',#14489,#10161,#10162);
#8513=AXIS2_PLACEMENT_3D('',#14491,#10164,#10165);
#8514=AXIS2_PLACEMENT_3D('',#14492,#10166,#10167);
#8515=AXIS2_PLACEMENT_3D('',#14494,#10168,#10169);
#8516=AXIS2_PLACEMENT_3D('',#14495,#10170,#10171);
#8517=AXIS2_PLACEMENT_3D('',#14497,#10172,#10173);
#8518=AXIS2_PLACEMENT_3D('',#14498,#10174,#10175);
#8519=AXIS2_PLACEMENT_3D('',#14503,#10178,#10179);
#8520=AXIS2_PLACEMENT_3D('',#14504,#10180,#10181);
#8521=AXIS2_PLACEMENT_3D('',#14506,#10182,#10183);
#8522=AXIS2_PLACEMENT_3D('',#14507,#10184,#10185);
#8523=AXIS2_PLACEMENT_3D('',#14509,#10186,#10187);
#8524=AXIS2_PLACEMENT_3D('',#14510,#10188,#10189);
#8525=AXIS2_PLACEMENT_3D('',#14512,#10190,#10191);
#8526=AXIS2_PLACEMENT_3D('',#14513,#10192,#10193);
#8527=AXIS2_PLACEMENT_3D('',#14514,#10194,#10195);
#8528=AXIS2_PLACEMENT_3D('',#14516,#10197,#10198);
#8529=AXIS2_PLACEMENT_3D('',#14518,#10200,#10201);
#8530=AXIS2_PLACEMENT_3D('',#14520,#10203,#10204);
#8531=AXIS2_PLACEMENT_3D('',#14522,#10206,#10207);
#8532=AXIS2_PLACEMENT_3D('',#14524,#10209,#10210);
#8533=AXIS2_PLACEMENT_3D('',#14526,#10212,#10213);
#8534=AXIS2_PLACEMENT_3D('',#14528,#10215,#10216);
#8535=AXIS2_PLACEMENT_3D('',#14530,#10218,#10219);
#8536=AXIS2_PLACEMENT_3D('',#14533,#10222,#10223);
#8537=AXIS2_PLACEMENT_3D('',#14534,#10224,#10225);
#8538=AXIS2_PLACEMENT_3D('',#14536,#10227,#10228);
#8539=AXIS2_PLACEMENT_3D('',#14539,#10231,#10232);
#8540=AXIS2_PLACEMENT_3D('',#14541,#10234,#10235);
#8541=AXIS2_PLACEMENT_3D('',#14543,#10237,#10238);
#8542=AXIS2_PLACEMENT_3D('',#14545,#10240,#10241);
#8543=AXIS2_PLACEMENT_3D('',#14548,#10244,#10245);
#8544=AXIS2_PLACEMENT_3D('',#14550,#10247,#10248);
#8545=AXIS2_PLACEMENT_3D('',#14552,#10250,#10251);
#8546=AXIS2_PLACEMENT_3D('',#14553,#10252,#10253);
#8547=AXIS2_PLACEMENT_3D('',#14555,#10255,#10256);
#8548=AXIS2_PLACEMENT_3D('',#14557,#10258,#10259);
#8549=AXIS2_PLACEMENT_3D('',#14559,#10261,#10262);
#8550=AXIS2_PLACEMENT_3D('',#14561,#10264,#10265);
#8551=AXIS2_PLACEMENT_3D('',#14564,#10268,#10269);
#8552=AXIS2_PLACEMENT_3D('',#14566,#10271,#10272);
#8553=AXIS2_PLACEMENT_3D('',#14568,#10274,#10275);
#8554=AXIS2_PLACEMENT_3D('',#14570,#10277,#10278);
#8555=AXIS2_PLACEMENT_3D('',#14573,#10281,#10282);
#8556=AXIS2_PLACEMENT_3D('',#14575,#10284,#10285);
#8557=AXIS2_PLACEMENT_3D('',#14577,#10287,#10288);
#8558=AXIS2_PLACEMENT_3D('',#14579,#10290,#10291);
#8559=DIRECTION('axis',(0.,0.,1.));
#8560=DIRECTION('refdir',(1.,0.,0.));
#8561=DIRECTION('center_axis',(0.,0.,-1.));
#8562=DIRECTION('ref_axis',(1.,0.,0.));
#8563=DIRECTION('center_axis',(0.,0.,1.));
#8564=DIRECTION('ref_axis',(-1.,0.,0.));
#8565=DIRECTION('center_axis',(0.,0.,-1.));
#8566=DIRECTION('ref_axis',(1.,0.,0.));
#8567=DIRECTION('center_axis',(0.,0.,-1.));
#8568=DIRECTION('ref_axis',(1.,0.,0.));
#8569=DIRECTION('',(0.,-1.,0.));
#8570=DIRECTION('',(0.,-1.,0.));
#8571=DIRECTION('',(1.,0.,0.));
#8572=DIRECTION('',(1.,0.,0.));
#8573=DIRECTION('',(-7.30659151846854E-6,-0.999999999973307,0.));
#8574=DIRECTION('',(-1.,1.94435195764903E-16,0.));
#8575=DIRECTION('',(-1.,1.94435195764903E-16,0.));
#8576=DIRECTION('',(0.,-1.,0.));
#8577=DIRECTION('',(0.,-1.,0.));
#8578=DIRECTION('center_axis',(0.,0.,1.));
#8579=DIRECTION('ref_axis',(0.986858398840428,-0.161587439605019,0.));
#8580=DIRECTION('center_axis',(0.,-1.,0.));
#8581=DIRECTION('ref_axis',(0.357640848819298,0.,0.933859209547034));
#8582=DIRECTION('center_axis',(-7.30659151847167E-6,-0.999999999973307,
0.));
#8583=DIRECTION('ref_axis',(-0.933859209525295,6.82332777994632E-6,0.357640848810973));
#8584=DIRECTION('',(-7.3065915184144E-6,-0.999999999973283,2.18809823715249E-7));
#8585=DIRECTION('center_axis',(0.,-1.,0.));
#8586=DIRECTION('ref_axis',(0.357640848819298,0.,0.933859209547034));
#8587=DIRECTION('',(0.,1.,0.));
#8588=DIRECTION('center_axis',(0.,1.,0.));
#8589=DIRECTION('ref_axis',(0.357640848819298,0.,0.933859209547034));
#8590=DIRECTION('',(-7.30659151838592E-6,-0.999999999973283,2.19593318483208E-7));
#8591=DIRECTION('center_axis',(7.30659151847167E-6,0.999999999973307,0.));
#8592=DIRECTION('ref_axis',(-0.933859209525295,6.82332777994632E-6,0.357640848810973));
#8593=DIRECTION('',(0.,-1.,0.));
#8594=DIRECTION('center_axis',(0.,1.,0.));
#8595=DIRECTION('ref_axis',(-1.,0.,0.));
#8596=DIRECTION('center_axis',(0.,1.,0.));
#8597=DIRECTION('ref_axis',(-1.,0.,0.));
#8598=DIRECTION('',(0.,-1.,0.));
#8599=DIRECTION('center_axis',(0.,1.,0.));
#8600=DIRECTION('ref_axis',(-1.,0.,0.));
#8601=DIRECTION('center_axis',(-7.30659151847167E-6,-0.999999999973307,
0.));
#8602=DIRECTION('ref_axis',(-0.999999999973307,7.30659151847167E-6,0.));
#8603=DIRECTION('',(0.,1.,0.));
#8604=DIRECTION('center_axis',(7.30659151847167E-6,0.999999999973307,0.));
#8605=DIRECTION('ref_axis',(-0.999999999973307,7.30659151847167E-6,0.));
#8606=DIRECTION('',(-7.30659151800102E-6,-0.999999999955615,5.94840784796125E-6));
#8607=DIRECTION('center_axis',(-7.30659151847167E-6,-0.999999999973307,
0.));
#8608=DIRECTION('ref_axis',(-0.999999999973307,7.30659151847167E-6,0.));
#8609=DIRECTION('center_axis',(7.30659151847167E-6,0.999999999973307,0.));
#8610=DIRECTION('ref_axis',(-0.999999999973307,7.30659151847167E-6,0.));
#8611=DIRECTION('',(0.,-1.,0.));
#8612=DIRECTION('center_axis',(0.,0.,-1.));
#8613=DIRECTION('ref_axis',(-1.,0.,0.));
#8614=DIRECTION('',(-1.,0.,0.));
#8615=DIRECTION('',(0.,1.,0.));
#8616=DIRECTION('',(1.,0.,0.));
#8617=DIRECTION('center_axis',(0.,0.,-1.));
#8618=DIRECTION('ref_axis',(1.,0.,0.));
#8619=DIRECTION('center_axis',(0.,0.,1.));
#8620=DIRECTION('ref_axis',(0.986858398840428,-0.161587439605019,0.));
#8621=DIRECTION('center_axis',(0.,0.,1.));
#8622=DIRECTION('ref_axis',(1.,0.,0.));
#8623=DIRECTION('center_axis',(7.30659151847167E-6,0.999999999973307,0.));
#8624=DIRECTION('ref_axis',(0.,0.,1.));
#8625=DIRECTION('',(0.,0.,-1.));
#8626=DIRECTION('',(0.999999999973307,-7.30659151847167E-6,0.));
#8627=DIRECTION('',(0.,0.,1.));
#8628=DIRECTION('',(0.,0.,1.));
#8629=DIRECTION('',(0.,0.,1.));
#8630=DIRECTION('',(0.,0.,1.));
#8631=DIRECTION('',(0.,0.,1.));
#8632=DIRECTION('',(0.,0.,1.));
#8633=DIRECTION('',(0.,0.,1.));
#8634=DIRECTION('',(0.,0.,1.));
#8635=DIRECTION('',(0.,0.,1.));
#8636=DIRECTION('',(0.,0.,1.));
#8637=DIRECTION('',(0.,0.,1.));
#8638=DIRECTION('',(0.,0.,1.));
#8639=DIRECTION('',(0.,0.,1.));
#8640=DIRECTION('',(0.,0.,1.));
#8641=DIRECTION('',(0.,0.,1.));
#8642=DIRECTION('',(0.,0.,1.));
#8643=DIRECTION('',(0.,0.,1.));
#8644=DIRECTION('',(0.,0.,1.));
#8645=DIRECTION('',(0.,0.,1.));
#8646=DIRECTION('',(0.,0.,1.));
#8647=DIRECTION('',(0.,0.,1.));
#8648=DIRECTION('',(0.,0.,1.));
#8649=DIRECTION('',(0.,0.,1.));
#8650=DIRECTION('',(0.,0.,1.));
#8651=DIRECTION('',(0.,0.,1.));
#8652=DIRECTION('',(0.,0.,1.));
#8653=DIRECTION('',(0.,0.,1.));
#8654=DIRECTION('',(0.,0.,1.));
#8655=DIRECTION('',(0.,0.,1.));
#8656=DIRECTION('',(0.,0.,1.));
#8657=DIRECTION('',(0.,0.,1.));
#8658=DIRECTION('',(0.,0.,1.));
#8659=DIRECTION('',(0.,0.,1.));
#8660=DIRECTION('',(0.,0.,1.));
#8661=DIRECTION('',(0.,0.,1.));
#8662=DIRECTION('',(0.,0.,1.));
#8663=DIRECTION('',(0.,0.,1.));
#8664=DIRECTION('',(0.,0.,1.));
#8665=DIRECTION('',(0.,0.,1.));
#8666=DIRECTION('center_axis',(0.,0.,1.));
#8667=DIRECTION('ref_axis',(1.,0.,0.));
#8668=DIRECTION('',(0.,0.,1.));
#8669=DIRECTION('center_axis',(0.,0.,1.));
#8670=DIRECTION('ref_axis',(1.,0.,0.));
#8671=DIRECTION('center_axis',(0.,0.,1.));
#8672=DIRECTION('ref_axis',(0.986858398840428,-0.161587439605019,0.));
#8673=DIRECTION('',(0.,0.,1.));
#8674=DIRECTION('center_axis',(0.,0.,1.));
#8675=DIRECTION('ref_axis',(0.986858398840428,-0.161587439605019,0.));
#8676=DIRECTION('',(0.,0.,1.));
#8677=DIRECTION('',(0.,0.,1.));
#8678=DIRECTION('',(0.,0.,1.));
#8679=DIRECTION('',(0.,0.,1.));
#8680=DIRECTION('',(0.,0.,1.));
#8681=DIRECTION('',(0.,0.,1.));
#8682=DIRECTION('',(0.,0.,1.));
#8683=DIRECTION('',(0.,0.,1.));
#8684=DIRECTION('',(0.,0.,1.));
#8685=DIRECTION('',(0.,0.,1.));
#8686=DIRECTION('',(0.,0.,1.));
#8687=DIRECTION('',(0.,0.,1.));
#8688=DIRECTION('',(0.,0.,1.));
#8689=DIRECTION('center_axis',(0.,0.,1.));
#8690=DIRECTION('ref_axis',(1.,0.,0.));
#8691=DIRECTION('',(0.,0.,1.));
#8692=DIRECTION('center_axis',(7.30659151847167E-6,0.999999999973307,0.));
#8693=DIRECTION('ref_axis',(0.,0.,1.));
#8694=DIRECTION('',(0.999999999973307,-7.30659151847167E-6,0.));
#8695=DIRECTION('',(0.,0.,1.));
#8696=DIRECTION('center_axis',(0.,0.,1.));
#8697=DIRECTION('ref_axis',(-7.30659151846854E-6,-0.999999999973307,0.));
#8698=DIRECTION('',(0.999999999973307,-7.30659151847167E-6,0.));
#8699=DIRECTION('',(-7.30659151846854E-6,-0.999999999973307,0.));
#8700=DIRECTION('center_axis',(0.,0.,1.));
#8701=DIRECTION('ref_axis',(-7.30659151846854E-6,-0.999999999973307,0.));
#8702=DIRECTION('',(7.30659151846854E-6,0.999999999973307,0.));
#8703=DIRECTION('',(0.999999999973307,-7.30659151847167E-6,0.));
#8704=DIRECTION('center_axis',(-7.30659151847167E-6,-0.999999999973307,
0.));
#8705=DIRECTION('ref_axis',(0.,0.,-1.));
#8706=DIRECTION('',(0.,0.,-1.));
#8707=DIRECTION('center_axis',(-7.30659151847167E-6,-0.999999999973307,
0.));
#8708=DIRECTION('ref_axis',(0.,0.,-1.));
#8709=DIRECTION('',(0.,0.,1.));
#8710=DIRECTION('center_axis',(0.999999999973307,-7.30659151847167E-6,0.));
#8711=DIRECTION('ref_axis',(0.,0.,-1.));
#8712=DIRECTION('center_axis',(0.999999999973307,-7.30659151846854E-6,0.));
#8713=DIRECTION('ref_axis',(-7.30659151846854E-6,-0.999999999973307,0.));
#8714=DIRECTION('',(0.,0.,-1.));
#8715=DIRECTION('',(7.30659151846854E-6,0.999999999973307,0.));
#8716=DIRECTION('',(7.30659151846854E-6,0.999999999973307,0.));
#8717=DIRECTION('',(0.,0.,1.));
#8718=DIRECTION('center_axis',(-1.,0.,0.));
#8719=DIRECTION('ref_axis',(0.,1.,0.));
#8720=DIRECTION('',(0.,-1.,0.));
#8721=DIRECTION('',(0.,0.,-1.));
#8722=DIRECTION('',(0.,0.,1.));
#8723=DIRECTION('center_axis',(0.,-1.,0.));
#8724=DIRECTION('ref_axis',(-1.,0.,0.));
#8725=DIRECTION('center_axis',(0.,-1.,0.));
#8726=DIRECTION('ref_axis',(-1.,0.,0.));
#8727=DIRECTION('',(0.,1.,0.));
#8728=DIRECTION('center_axis',(0.,1.,0.));
#8729=DIRECTION('ref_axis',(-1.,0.,0.));
#8730=DIRECTION('center_axis',(0.,-1.,0.));
#8731=DIRECTION('ref_axis',(0.,0.,-1.));
#8732=DIRECTION('center_axis',(0.,1.,0.));
#8733=DIRECTION('ref_axis',(-1.,0.,0.));
#8734=DIRECTION('center_axis',(0.,1.,0.));
#8735=DIRECTION('ref_axis',(-1.,0.,0.));
#8736=DIRECTION('',(0.,-1.,0.));
#8737=DIRECTION('center_axis',(0.,-1.,0.));
#8738=DIRECTION('ref_axis',(-1.,0.,0.));
#8739=DIRECTION('center_axis',(0.,1.,0.));
#8740=DIRECTION('ref_axis',(-1.,0.,0.));
#8741=DIRECTION('center_axis',(0.,1.,0.));
#8742=DIRECTION('ref_axis',(-1.,0.,0.));
#8743=DIRECTION('center_axis',(0.,1.,0.));
#8744=DIRECTION('ref_axis',(-1.,0.,0.));
#8745=DIRECTION('center_axis',(0.,0.,-1.));
#8746=DIRECTION('ref_axis',(-1.,0.,0.));
#8747=DIRECTION('',(0.,-1.,0.));
#8748=DIRECTION('center_axis',(0.,0.,-1.));
#8749=DIRECTION('ref_axis',(-1.,0.,0.));
#8750=DIRECTION('',(-1.,1.94435195764903E-16,0.));
#8751=DIRECTION('',(0.,-1.,0.));
#8752=DIRECTION('center_axis',(0.,0.,-1.));
#8753=DIRECTION('ref_axis',(-1.,0.,0.));
#8754=DIRECTION('',(-1.,1.94435195764903E-16,0.));
#8755=DIRECTION('center_axis',(0.,0.,-1.));
#8756=DIRECTION('ref_axis',(-1.,0.,0.));
#8757=DIRECTION('',(1.,0.,0.));
#8758=DIRECTION('',(0.,-1.,0.));
#8759=DIRECTION('',(-1.,1.94435195764903E-16,0.));
#8760=DIRECTION('center_axis',(0.,0.,-1.));
#8761=DIRECTION('ref_axis',(-1.,0.,0.));
#8762=DIRECTION('',(-1.,0.,0.));
#8763=DIRECTION('',(1.38777878078145E-17,1.,0.));
#8764=DIRECTION('',(-1.,1.38777878078145E-17,0.));
#8765=DIRECTION('',(-7.30659151848242E-6,-0.999999999973307,0.));
#8766=DIRECTION('',(-1.,0.,0.));
#8767=DIRECTION('',(0.,1.,0.));
#8768=DIRECTION('',(1.,0.,0.));
#8769=DIRECTION('center_axis',(0.,0.,-1.));
#8770=DIRECTION('ref_axis',(-1.,0.,0.));
#8771=DIRECTION('',(1.,0.,0.));
#8772=DIRECTION('',(0.,-1.,0.));
#8773=DIRECTION('',(-1.,0.,0.));
#8774=DIRECTION('center_axis',(0.,0.,-1.));
#8775=DIRECTION('ref_axis',(-1.,0.,0.));
#8776=DIRECTION('',(1.,0.,0.));
#8777=DIRECTION('center_axis',(0.,0.,-1.));
#8778=DIRECTION('ref_axis',(-1.,0.,0.));
#8779=DIRECTION('',(0.,-1.,0.));
#8780=DIRECTION('',(1.,0.,0.));
#8781=DIRECTION('center_axis',(0.,0.,-1.));
#8782=DIRECTION('ref_axis',(-1.,0.,0.));
#8783=DIRECTION('',(0.,-1.,0.));
#8784=DIRECTION('center_axis',(0.,0.,-1.));
#8785=DIRECTION('ref_axis',(-1.,0.,0.));
#8786=DIRECTION('',(0.,-1.,0.));
#8787=DIRECTION('center_axis',(0.,0.,-1.));
#8788=DIRECTION('ref_axis',(-1.,1.38777878078145E-17,0.));
#8789=DIRECTION('center_axis',(0.,0.,1.));
#8790=DIRECTION('ref_axis',(-1.,0.,0.));
#8791=DIRECTION('center_axis',(0.,0.,-1.));
#8792=DIRECTION('ref_axis',(1.,0.,0.));
#8793=DIRECTION('center_axis',(0.,0.,-1.));
#8794=DIRECTION('ref_axis',(-1.,1.38777878078145E-17,0.));
#8795=DIRECTION('',(-1.,0.,0.));
#8796=DIRECTION('',(7.30659151848242E-6,0.999999999973307,0.));
#8797=DIRECTION('',(-1.,1.38777878078145E-17,0.));
#8798=DIRECTION('',(1.38777878078145E-17,1.,0.));
#8799=DIRECTION('center_axis',(0.,0.,-1.));
#8800=DIRECTION('ref_axis',(-1.,1.38777878078145E-17,0.));
#8801=DIRECTION('',(0.,1.,0.));
#8802=DIRECTION('center_axis',(0.,0.,-1.));
#8803=DIRECTION('ref_axis',(0.999569241010731,0.0293484654663599,0.));
#8804=DIRECTION('',(0.,1.,0.));
#8805=DIRECTION('',(0.,1.,0.));
#8806=DIRECTION('',(-1.,0.,0.));
#8807=DIRECTION('',(7.30659151848242E-6,0.999999999973307,0.));
#8808=DIRECTION('',(1.,0.,0.));
#8809=DIRECTION('',(0.,1.,0.));
#8810=DIRECTION('',(0.,1.,0.));
#8811=DIRECTION('center_axis',(0.,0.,-1.));
#8812=DIRECTION('ref_axis',(0.448391789261068,0.893837123486857,0.));
#8813=DIRECTION('center_axis',(1.38777878078145E-17,1.,0.));
#8814=DIRECTION('ref_axis',(-0.357640848819292,0.,0.933859209547037));
#8815=DIRECTION('center_axis',(7.30659151848555E-6,0.999999999973307,0.));
#8816=DIRECTION('ref_axis',(0.933859209525297,-6.82332777995929E-6,0.357640848810967));
#8817=DIRECTION('',(7.30659151862582E-6,0.999999999973283,2.18809823715249E-7));
#8818=DIRECTION('center_axis',(1.38777878078145E-17,1.,0.));
#8819=DIRECTION('ref_axis',(-0.357640848819292,0.,0.933859209547037));
#8820=DIRECTION('',(-1.38777878078145E-17,-1.,0.));
#8821=DIRECTION('center_axis',(-1.38777878078145E-17,-1.,0.));
#8822=DIRECTION('ref_axis',(-0.357640848819292,0.,0.933859209547037));
#8823=DIRECTION('',(7.30659151838592E-6,0.999999999973283,2.19593318483208E-7));
#8824=DIRECTION('center_axis',(-7.30659151848555E-6,-0.999999999973307,
0.));
#8825=DIRECTION('ref_axis',(0.933859209525297,-6.82332777995929E-6,0.357640848810967));
#8826=DIRECTION('',(1.38777878078145E-17,1.,0.));
#8827=DIRECTION('center_axis',(-1.38777878078145E-17,-1.,0.));
#8828=DIRECTION('ref_axis',(1.,-1.38777878078145E-17,0.));
#8829=DIRECTION('center_axis',(-1.38777878078145E-17,-1.,0.));
#8830=DIRECTION('ref_axis',(1.,-1.38777878078145E-17,0.));
#8831=DIRECTION('',(1.38777878078145E-17,1.,0.));
#8832=DIRECTION('center_axis',(-1.38777878078145E-17,-1.,0.));
#8833=DIRECTION('ref_axis',(1.,-1.38777878078145E-17,0.));
#8834=DIRECTION('center_axis',(7.30659151848555E-6,0.999999999973307,0.));
#8835=DIRECTION('ref_axis',(0.999999999973307,-7.30659151848555E-6,0.));
#8836=DIRECTION('',(-1.38777878078145E-17,-1.,0.));
#8837=DIRECTION('center_axis',(-7.30659151848555E-6,-0.999999999973307,
0.));
#8838=DIRECTION('ref_axis',(0.999999999973307,-7.30659151848555E-6,0.));
#8839=DIRECTION('',(7.3065915180149E-6,0.999999999955615,5.94840784796125E-6));
#8840=DIRECTION('center_axis',(7.30659151848555E-6,0.999999999973307,0.));
#8841=DIRECTION('ref_axis',(0.999999999973307,-7.30659151848555E-6,0.));
#8842=DIRECTION('center_axis',(-7.30659151848555E-6,-0.999999999973307,
0.));
#8843=DIRECTION('ref_axis',(0.999999999973307,-7.30659151848555E-6,0.));
#8844=DIRECTION('',(1.38777878078145E-17,1.,0.));
#8845=DIRECTION('center_axis',(0.,0.,-1.));
#8846=DIRECTION('ref_axis',(1.,-1.38777878078145E-17,0.));
#8847=DIRECTION('',(1.,-1.38777878078145E-17,0.));
#8848=DIRECTION('',(-1.38777878078145E-17,-1.,0.));
#8849=DIRECTION('',(-1.,1.38777878078145E-17,0.));
#8850=DIRECTION('center_axis',(0.,0.,-1.));
#8851=DIRECTION('ref_axis',(1.,0.,0.));
#8852=DIRECTION('center_axis',(0.,0.,-1.));
#8853=DIRECTION('ref_axis',(0.999569241010731,0.0293484654663599,0.));
#8854=DIRECTION('center_axis',(0.,0.,-1.));
#8855=DIRECTION('ref_axis',(0.448391789261068,0.893837123486857,0.));
#8856=DIRECTION('center_axis',(-7.30659151848555E-6,-0.999999999973307,
0.));
#8857=DIRECTION('ref_axis',(0.,0.,1.));
#8858=DIRECTION('',(0.,0.,-1.));
#8859=DIRECTION('',(-0.999999999973307,7.30659151848555E-6,0.));
#8860=DIRECTION('',(0.,0.,1.));
#8861=DIRECTION('',(0.,0.,1.));
#8862=DIRECTION('',(0.,0.,1.));
#8863=DIRECTION('',(0.,0.,1.));
#8864=DIRECTION('',(0.,0.,1.));
#8865=DIRECTION('',(0.,0.,1.));
#8866=DIRECTION('',(0.,0.,1.));
#8867=DIRECTION('',(0.,0.,1.));
#8868=DIRECTION('',(0.,0.,1.));
#8869=DIRECTION('',(0.,0.,1.));
#8870=DIRECTION('',(0.,0.,1.));
#8871=DIRECTION('',(0.,0.,1.));
#8872=DIRECTION('',(0.,0.,1.));
#8873=DIRECTION('',(0.,0.,1.));
#8874=DIRECTION('',(0.,0.,1.));
#8875=DIRECTION('',(0.,0.,1.));
#8876=DIRECTION('',(0.,0.,1.));
#8877=DIRECTION('',(0.,0.,1.));
#8878=DIRECTION('center_axis',(0.,0.,1.));
#8879=DIRECTION('ref_axis',(0.448391789261068,0.893837123486857,0.));
#8880=DIRECTION('center_axis',(0.,0.,-1.));
#8881=DIRECTION('ref_axis',(0.448391789261068,0.893837123486857,0.));
#8882=DIRECTION('',(0.,0.,1.));
#8883=DIRECTION('',(0.,0.,1.));
#8884=DIRECTION('',(0.,0.,1.));
#8885=DIRECTION('',(0.,0.,1.));
#8886=DIRECTION('',(0.,0.,1.));
#8887=DIRECTION('',(0.,0.,1.));
#8888=DIRECTION('',(0.,0.,1.));
#8889=DIRECTION('',(0.,0.,1.));
#8890=DIRECTION('',(0.,0.,1.));
#8891=DIRECTION('',(0.,0.,1.));
#8892=DIRECTION('',(0.,0.,1.));
#8893=DIRECTION('',(0.,0.,1.));
#8894=DIRECTION('',(0.,0.,1.));
#8895=DIRECTION('',(0.,0.,1.));
#8896=DIRECTION('',(0.,0.,1.));
#8897=DIRECTION('',(0.,0.,1.));
#8898=DIRECTION('',(0.,0.,1.));
#8899=DIRECTION('',(0.,0.,1.));
#8900=DIRECTION('',(0.,0.,1.));
#8901=DIRECTION('',(0.,0.,1.));
#8902=DIRECTION('',(0.,0.,1.));
#8903=DIRECTION('',(0.,0.,1.));
#8904=DIRECTION('',(0.,0.,1.));
#8905=DIRECTION('',(0.,0.,1.));
#8906=DIRECTION('',(0.,0.,1.));
#8907=DIRECTION('',(0.,0.,1.));
#8908=DIRECTION('',(0.,0.,1.));
#8909=DIRECTION('',(0.,0.,1.));
#8910=DIRECTION('',(0.,0.,1.));
#8911=DIRECTION('',(0.,0.,1.));
#8912=DIRECTION('',(0.,0.,1.));
#8913=DIRECTION('',(0.,0.,1.));
#8914=DIRECTION('',(0.,0.,1.));
#8915=DIRECTION('',(0.,0.,1.));
#8916=DIRECTION('',(0.,0.,1.));
#8917=DIRECTION('',(0.,0.,1.));
#8918=DIRECTION('',(0.,0.,1.));
#8919=DIRECTION('',(0.,0.,1.));
#8920=DIRECTION('',(0.,0.,1.));
#8921=DIRECTION('center_axis',(0.,0.,1.));
#8922=DIRECTION('ref_axis',(0.999569241010731,0.0293484654663599,0.));
#8923=DIRECTION('center_axis',(0.,0.,-1.));
#8924=DIRECTION('ref_axis',(0.999569241010731,0.0293484654663599,0.));
#8925=DIRECTION('',(0.,0.,1.));
#8926=DIRECTION('',(0.,0.,1.));
#8927=DIRECTION('',(0.,0.,1.));
#8928=DIRECTION('',(0.,0.,1.));
#8929=DIRECTION('',(0.,0.,1.));
#8930=DIRECTION('',(0.,0.,1.));
#8931=DIRECTION('',(0.,0.,1.));
#8932=DIRECTION('',(0.,0.,1.));
#8933=DIRECTION('',(0.,0.,1.));
#8934=DIRECTION('',(0.,0.,1.));
#8935=DIRECTION('',(0.,0.,1.));
#8936=DIRECTION('',(0.,0.,1.));
#8937=DIRECTION('',(0.,0.,1.));
#8938=DIRECTION('',(0.,0.,1.));
#8939=DIRECTION('',(0.,0.,1.));
#8940=DIRECTION('',(0.,0.,1.));
#8941=DIRECTION('center_axis',(0.,0.,1.));
#8942=DIRECTION('ref_axis',(1.,0.,0.));
#8943=DIRECTION('',(0.,0.,1.));
#8944=DIRECTION('center_axis',(-7.30659151848555E-6,-0.999999999973307,
0.));
#8945=DIRECTION('ref_axis',(0.,0.,1.));
#8946=DIRECTION('',(-0.999999999973307,7.30659151848555E-6,0.));
#8947=DIRECTION('',(0.,0.,1.));
#8948=DIRECTION('center_axis',(0.,0.,1.));
#8949=DIRECTION('ref_axis',(7.30659151848242E-6,0.999999999973307,0.));
#8950=DIRECTION('',(-0.999999999973307,7.30659151848555E-6,0.));
#8951=DIRECTION('',(7.30659151848242E-6,0.999999999973307,0.));
#8952=DIRECTION('center_axis',(0.,0.,1.));
#8953=DIRECTION('ref_axis',(7.30659151848242E-6,0.999999999973307,0.));
#8954=DIRECTION('',(-7.30659151848242E-6,-0.999999999973307,0.));
#8955=DIRECTION('',(-0.999999999973307,7.30659151848555E-6,0.));
#8956=DIRECTION('center_axis',(7.30659151848555E-6,0.999999999973307,0.));
#8957=DIRECTION('ref_axis',(0.,0.,-1.));
#8958=DIRECTION('',(0.,0.,-1.));
#8959=DIRECTION('center_axis',(7.30659151848555E-6,0.999999999973307,0.));
#8960=DIRECTION('ref_axis',(0.,0.,-1.));
#8961=DIRECTION('',(0.,0.,1.));
#8962=DIRECTION('center_axis',(-0.999999999973307,7.30659151848555E-6,0.));
#8963=DIRECTION('ref_axis',(0.,0.,-1.));
#8964=DIRECTION('center_axis',(-0.999999999973307,7.30659151848242E-6,0.));
#8965=DIRECTION('ref_axis',(7.30659151848242E-6,0.999999999973307,0.));
#8966=DIRECTION('',(0.,0.,-1.));
#8967=DIRECTION('',(-7.30659151848242E-6,-0.999999999973307,0.));
#8968=DIRECTION('',(0.,0.,1.));
#8969=DIRECTION('center_axis',(-1.38777878078145E-17,-1.,0.));
#8970=DIRECTION('ref_axis',(-1.,1.38777878078145E-17,0.));
#8971=DIRECTION('',(0.,0.,-1.));
#8972=DIRECTION('center_axis',(1.,-1.38777878078145E-17,0.));
#8973=DIRECTION('ref_axis',(-1.38777878078145E-17,-1.,0.));
#8974=DIRECTION('',(0.,0.,1.));
#8975=DIRECTION('center_axis',(1.38777878078145E-17,1.,0.));
#8976=DIRECTION('ref_axis',(1.,-1.38777878078145E-17,0.));
#8977=DIRECTION('center_axis',(1.38777878078145E-17,1.,0.));
#8978=DIRECTION('ref_axis',(1.,-1.38777878078145E-17,0.));
#8979=DIRECTION('center_axis',(1.38777878078145E-17,1.,0.));
#8980=DIRECTION('ref_axis',(1.,-1.38777878078145E-17,0.));
#8981=DIRECTION('',(-1.38777878078145E-17,-1.,0.));
#8982=DIRECTION('center_axis',(-1.38777878078145E-17,-1.,0.));
#8983=DIRECTION('ref_axis',(1.,-1.38777878078145E-17,0.));
#8984=DIRECTION('center_axis',(1.38777878078145E-17,1.,0.));
#8985=DIRECTION('ref_axis',(0.,0.,-1.));
#8986=DIRECTION('center_axis',(-1.38777878078145E-17,-1.,0.));
#8987=DIRECTION('ref_axis',(1.,-1.38777878078145E-17,0.));
#8988=DIRECTION('center_axis',(-1.38777878078145E-17,-1.,0.));
#8989=DIRECTION('ref_axis',(1.,-1.38777878078145E-17,0.));
#8990=DIRECTION('',(1.38777878078145E-17,1.,0.));
#8991=DIRECTION('center_axis',(1.38777878078145E-17,1.,0.));
#8992=DIRECTION('ref_axis',(1.,-1.38777878078145E-17,0.));
#8993=DIRECTION('center_axis',(-1.38777878078145E-17,-1.,0.));
#8994=DIRECTION('ref_axis',(1.,-1.38777878078145E-17,0.));
#8995=DIRECTION('center_axis',(-1.38777878078145E-17,-1.,0.));
#8996=DIRECTION('ref_axis',(1.,-1.38777878078145E-17,0.));
#8997=DIRECTION('center_axis',(-1.38777878078145E-17,-1.,0.));
#8998=DIRECTION('ref_axis',(1.,-1.38777878078145E-17,0.));
#8999=DIRECTION('center_axis',(0.,0.,-1.));
#9000=DIRECTION('ref_axis',(-1.,0.,0.));
#9001=DIRECTION('',(0.,1.,0.));
#9002=DIRECTION('center_axis',(0.,0.,-1.));
#9003=DIRECTION('ref_axis',(-1.,0.,0.));
#9004=DIRECTION('',(-1.,0.,0.));
#9005=DIRECTION('',(0.,1.,0.));
#9006=DIRECTION('',(1.,0.,0.));
#9007=DIRECTION('center_axis',(0.,0.,-1.));
#9008=DIRECTION('ref_axis',(-1.,0.,0.));
#9009=DIRECTION('',(0.,1.,0.));
#9010=DIRECTION('center_axis',(0.,0.,-1.));
#9011=DIRECTION('ref_axis',(-1.,0.,0.));
#9012=DIRECTION('',(0.,1.,0.));
#9013=DIRECTION('center_axis',(0.,0.,-1.));
#9014=DIRECTION('ref_axis',(1.,0.,0.));
#9015=DIRECTION('center_axis',(0.,0.,-1.));
#9016=DIRECTION('ref_axis',(1.,0.,0.));
#9017=DIRECTION('center_axis',(0.,0.,1.));
#9018=DIRECTION('ref_axis',(-1.,-4.16333634234434E-17,0.));
#9019=DIRECTION('center_axis',(0.,0.,-1.));
#9020=DIRECTION('ref_axis',(1.,0.,0.));
#9021=DIRECTION('center_axis',(0.,0.,-1.));
#9022=DIRECTION('ref_axis',(1.,0.,0.));
#9023=DIRECTION('center_axis',(0.,0.,-1.));
#9024=DIRECTION('ref_axis',(1.,0.,0.));
#9025=DIRECTION('',(0.,0.,-1.));
#9026=DIRECTION('center_axis',(0.,0.,-1.));
#9027=DIRECTION('ref_axis',(1.,0.,0.));
#9028=DIRECTION('',(0.,0.,-1.));
#9029=DIRECTION('',(0.,0.,1.));
#9030=DIRECTION('center_axis',(0.,0.,-1.));
#9031=DIRECTION('ref_axis',(1.,0.,0.));
#9032=DIRECTION('center_axis',(0.,0.,-1.));
#9033=DIRECTION('ref_axis',(1.,0.,0.));
#9034=DIRECTION('center_axis',(0.,0.,1.));
#9035=DIRECTION('ref_axis',(-1.,-4.16333634234434E-17,0.));
#9036=DIRECTION('center_axis',(0.,0.,-1.));
#9037=DIRECTION('ref_axis',(1.,0.,0.));
#9038=DIRECTION('center_axis',(0.,0.,-1.));
#9039=DIRECTION('ref_axis',(1.,0.,0.));
#9040=DIRECTION('center_axis',(0.,0.,-1.));
#9041=DIRECTION('ref_axis',(1.,0.,0.));
#9042=DIRECTION('',(0.,0.,-1.));
#9043=DIRECTION('center_axis',(0.,0.,-1.));
#9044=DIRECTION('ref_axis',(1.,0.,0.));
#9045=DIRECTION('',(0.,0.,-1.));
#9046=DIRECTION('',(0.,0.,1.));
#9047=DIRECTION('center_axis',(0.,0.,-1.));
#9048=DIRECTION('ref_axis',(1.,0.,0.));
#9049=DIRECTION('center_axis',(0.,0.,-1.));
#9050=DIRECTION('ref_axis',(1.,0.,0.));
#9051=DIRECTION('center_axis',(0.,0.,1.));
#9052=DIRECTION('ref_axis',(-1.,-4.16333634234434E-17,0.));
#9053=DIRECTION('center_axis',(0.,0.,-1.));
#9054=DIRECTION('ref_axis',(1.,0.,0.));
#9055=DIRECTION('center_axis',(0.,0.,-1.));
#9056=DIRECTION('ref_axis',(1.,0.,0.));
#9057=DIRECTION('center_axis',(0.,0.,-1.));
#9058=DIRECTION('ref_axis',(1.,0.,0.));
#9059=DIRECTION('',(0.,0.,-1.));
#9060=DIRECTION('center_axis',(0.,0.,-1.));
#9061=DIRECTION('ref_axis',(1.,0.,0.));
#9062=DIRECTION('',(0.,0.,-1.));
#9063=DIRECTION('',(0.,0.,1.));
#9064=DIRECTION('center_axis',(0.,0.,-1.));
#9065=DIRECTION('ref_axis',(1.,0.,0.));
#9066=DIRECTION('center_axis',(0.,0.,-1.));
#9067=DIRECTION('ref_axis',(1.,0.,0.));
#9068=DIRECTION('center_axis',(0.,0.,1.));
#9069=DIRECTION('ref_axis',(-1.,-4.16333634234434E-17,0.));
#9070=DIRECTION('center_axis',(0.,0.,-1.));
#9071=DIRECTION('ref_axis',(1.,0.,0.));
#9072=DIRECTION('center_axis',(0.,0.,1.));
#9073=DIRECTION('ref_axis',(-1.,-4.16333634234434E-17,0.));
#9074=DIRECTION('center_axis',(0.,0.,-1.));
#9075=DIRECTION('ref_axis',(1.,0.,0.));
#9076=DIRECTION('center_axis',(0.,0.,-1.));
#9077=DIRECTION('ref_axis',(1.,0.,0.));
#9078=DIRECTION('',(0.,0.,-1.));
#9079=DIRECTION('center_axis',(0.,0.,-1.));
#9080=DIRECTION('ref_axis',(-0.47413402877915,0.880452680587464,0.));
#9081=DIRECTION('',(0.,0.,-1.));
#9082=DIRECTION('',(0.,0.,1.));
#9083=DIRECTION('center_axis',(0.,0.,-1.));
#9084=DIRECTION('ref_axis',(1.,0.,0.));
#9085=DIRECTION('center_axis',(0.,0.,-1.));
#9086=DIRECTION('ref_axis',(1.,0.,0.));
#9087=DIRECTION('center_axis',(0.,0.,1.));
#9088=DIRECTION('ref_axis',(-1.,-4.16333634234434E-17,0.));
#9089=DIRECTION('center_axis',(0.,0.,-1.));
#9090=DIRECTION('ref_axis',(1.,0.,0.));
#9091=DIRECTION('center_axis',(0.,0.,-1.));
#9092=DIRECTION('ref_axis',(1.,0.,0.));
#9093=DIRECTION('',(0.,0.,-1.));
#9094=DIRECTION('center_axis',(0.,0.,-1.));
#9095=DIRECTION('ref_axis',(1.,0.,0.));
#9096=DIRECTION('center_axis',(0.,0.,-1.));
#9097=DIRECTION('ref_axis',(1.,0.,0.));
#9098=DIRECTION('center_axis',(0.,0.,1.));
#9099=DIRECTION('ref_axis',(-1.,-4.16333634234434E-17,0.));
#9100=DIRECTION('center_axis',(0.,0.,-1.));
#9101=DIRECTION('ref_axis',(1.,0.,0.));
#9102=DIRECTION('center_axis',(0.,0.,1.));
#9103=DIRECTION('ref_axis',(-1.,-4.16333634234434E-17,0.));
#9104=DIRECTION('center_axis',(0.,0.,-1.));
#9105=DIRECTION('ref_axis',(1.,0.,0.));
#9106=DIRECTION('center_axis',(0.,0.,-1.));
#9107=DIRECTION('ref_axis',(1.,0.,0.));
#9108=DIRECTION('',(0.,0.,-1.));
#9109=DIRECTION('center_axis',(0.,0.,-1.));
#9110=DIRECTION('ref_axis',(-0.275577387382601,-0.961278889585837,0.));
#9111=DIRECTION('',(0.,0.,-1.));
#9112=DIRECTION('',(0.,0.,1.));
#9113=DIRECTION('center_axis',(0.,0.,-1.));
#9114=DIRECTION('ref_axis',(1.,0.,0.));
#9115=DIRECTION('center_axis',(0.,0.,-1.));
#9116=DIRECTION('ref_axis',(1.,0.,0.));
#9117=DIRECTION('center_axis',(0.,0.,1.));
#9118=DIRECTION('ref_axis',(-1.,-4.16333634234434E-17,0.));
#9119=DIRECTION('center_axis',(0.,0.,-1.));
#9120=DIRECTION('ref_axis',(1.,0.,0.));
#9121=DIRECTION('center_axis',(0.,0.,1.));
#9122=DIRECTION('ref_axis',(-1.,-4.16333634234434E-17,0.));
#9123=DIRECTION('center_axis',(0.,0.,-1.));
#9124=DIRECTION('ref_axis',(1.,0.,0.));
#9125=DIRECTION('center_axis',(0.,0.,-1.));
#9126=DIRECTION('ref_axis',(1.,0.,0.));
#9127=DIRECTION('',(0.,0.,-1.));
#9128=DIRECTION('center_axis',(0.,0.,-1.));
#9129=DIRECTION('ref_axis',(-0.799075809586147,-0.601230280786192,0.));
#9130=DIRECTION('',(0.,0.,-1.));
#9131=DIRECTION('',(0.,0.,1.));
#9132=DIRECTION('center_axis',(0.,0.,-1.));
#9133=DIRECTION('ref_axis',(1.,0.,0.));
#9134=DIRECTION('center_axis',(0.,0.,-1.));
#9135=DIRECTION('ref_axis',(1.,0.,0.));
#9136=DIRECTION('center_axis',(0.,0.,1.));
#9137=DIRECTION('ref_axis',(1.,4.16333634234434E-17,0.));
#9138=DIRECTION('center_axis',(0.,0.,-1.));
#9139=DIRECTION('ref_axis',(1.,0.,0.));
#9140=DIRECTION('center_axis',(0.,0.,-1.));
#9141=DIRECTION('ref_axis',(1.,0.,0.));
#9142=DIRECTION('center_axis',(0.,0.,-1.));
#9143=DIRECTION('ref_axis',(1.,0.,0.));
#9144=DIRECTION('',(0.,0.,-1.));
#9145=DIRECTION('center_axis',(0.,0.,-1.));
#9146=DIRECTION('ref_axis',(-0.910874325288262,0.412683854216099,0.));
#9147=DIRECTION('',(0.,0.,-1.));
#9148=DIRECTION('',(0.,0.,1.));
#9149=DIRECTION('center_axis',(0.,0.,-1.));
#9150=DIRECTION('ref_axis',(1.,0.,0.));
#9151=DIRECTION('center_axis',(0.,0.,-1.));
#9152=DIRECTION('ref_axis',(1.,0.,0.));
#9153=DIRECTION('center_axis',(0.,0.,1.));
#9154=DIRECTION('ref_axis',(-1.,0.,0.));
#9155=DIRECTION('center_axis',(0.,0.,-1.));
#9156=DIRECTION('ref_axis',(1.,0.,0.));
#9157=DIRECTION('center_axis',(0.,0.,-1.));
#9158=DIRECTION('ref_axis',(1.,0.,0.));
#9159=DIRECTION('',(0.,0.,-1.));
#9160=DIRECTION('center_axis',(0.,0.,-1.));
#9161=DIRECTION('ref_axis',(1.,0.,0.));
#9162=DIRECTION('center_axis',(0.,0.,-1.));
#9163=DIRECTION('ref_axis',(1.,0.,0.));
#9164=DIRECTION('center_axis',(0.,0.,1.));
#9165=DIRECTION('ref_axis',(-1.,0.,0.));
#9166=DIRECTION('center_axis',(0.,0.,-1.));
#9167=DIRECTION('ref_axis',(1.,0.,0.));
#9168=DIRECTION('center_axis',(0.,0.,-1.));
#9169=DIRECTION('ref_axis',(1.,0.,0.));
#9170=DIRECTION('',(0.,0.,-1.));
#9171=DIRECTION('center_axis',(0.,-1.,0.));
#9172=DIRECTION('ref_axis',(0.707106781186553,2.9439233600321E-17,0.707106781186543));
#9173=DIRECTION('',(0.,1.,0.));
#9174=DIRECTION('',(0.,-1.,0.));
#9175=DIRECTION('center_axis',(-1.,0.,0.));
#9176=DIRECTION('ref_axis',(0.,1.,0.));
#9177=DIRECTION('center_axis',(-1.,0.,0.));
#9178=DIRECTION('ref_axis',(2.94392336003208E-17,-0.707106781186547,0.707106781186547));
#9179=DIRECTION('',(0.,0.,-1.));
#9180=DIRECTION('',(0.,-1.,0.));
#9181=DIRECTION('',(0.,0.,-1.));
#9182=DIRECTION('',(0.,1.,0.));
#9183=DIRECTION('',(0.,0.,-1.));
#9184=DIRECTION('',(0.,-1.,0.));
#9185=DIRECTION('',(0.,0.,-1.));
#9186=DIRECTION('center_axis',(-1.,0.,0.));
#9187=DIRECTION('ref_axis',(-2.94392336003208E-17,0.707106781186547,0.707106781186547));
#9188=DIRECTION('',(0.,0.,-1.));
#9189=DIRECTION('center_axis',(0.,1.,0.));
#9190=DIRECTION('ref_axis',(-0.707106781186553,-2.9439233600321E-17,0.707106781186543));
#9191=DIRECTION('',(0.,1.,0.));
#9192=DIRECTION('',(0.,-1.,0.));
#9193=DIRECTION('center_axis',(1.,0.,0.));
#9194=DIRECTION('ref_axis',(0.,-1.,0.));
#9195=DIRECTION('',(0.,0.,1.));
#9196=DIRECTION('center_axis',(1.,0.,0.));
#9197=DIRECTION('ref_axis',(-2.94392336003208E-17,0.707106781186547,0.707106781186547));
#9198=DIRECTION('',(0.,0.,-1.));
#9199=DIRECTION('',(0.,1.,0.));
#9200=DIRECTION('',(0.,0.,-1.));
#9201=DIRECTION('',(0.,-1.,0.));
#9202=DIRECTION('',(0.,0.,-1.));
#9203=DIRECTION('',(0.,1.,0.));
#9204=DIRECTION('',(0.,0.,-1.));
#9205=DIRECTION('center_axis',(1.,0.,0.));
#9206=DIRECTION('ref_axis',(2.94392336003208E-17,-0.707106781186547,0.707106781186547));
#9207=DIRECTION('center_axis',(0.363185354751153,0.93171690877341,0.));
#9208=DIRECTION('ref_axis',(0.93171690877341,-0.363185354751153,0.));
#9209=DIRECTION('',(-0.93171690877341,0.363185354751153,0.));
#9210=DIRECTION('',(1.,-1.90654137825919E-15,0.));
#9211=DIRECTION('',(0.93171690877341,0.363185354751153,0.));
#9212=DIRECTION('center_axis',(-0.363185354751153,0.93171690877341,0.));
#9213=DIRECTION('ref_axis',(-0.93171690877341,-0.363185354751152,0.));
#9214=DIRECTION('center_axis',(1.90654137825919E-15,1.,0.));
#9215=DIRECTION('ref_axis',(0.,0.,1.));
#9216=DIRECTION('',(0.,0.,-1.));
#9217=DIRECTION('',(1.,-9.53270689129594E-16,5.95794180705996E-17));
#9218=DIRECTION('',(0.,0.,1.));
#9219=DIRECTION('center_axis',(-0.363185354751153,0.93171690877341,0.));
#9220=DIRECTION('ref_axis',(-0.93171690877341,-0.363185354751153,0.));
#9221=DIRECTION('',(-0.93171690877341,-0.363185354751153,0.));
#9222=DIRECTION('',(0.,0.,1.));
#9223=DIRECTION('',(0.93171690877341,0.363185354751153,0.));
#9224=DIRECTION('center_axis',(0.,0.,-1.));
#9225=DIRECTION('ref_axis',(1.,0.,0.));
#9226=DIRECTION('center_axis',(0.,0.,-1.));
#9227=DIRECTION('ref_axis',(1.,0.,0.));
#9228=DIRECTION('',(0.,0.,-1.));
#9229=DIRECTION('center_axis',(0.,0.,1.));
#9230=DIRECTION('ref_axis',(1.,0.,0.));
#9231=DIRECTION('center_axis',(0.,0.,-1.));
#9232=DIRECTION('ref_axis',(1.,0.,0.));
#9233=DIRECTION('center_axis',(0.,0.,-1.));
#9234=DIRECTION('ref_axis',(1.,0.,0.));
#9235=DIRECTION('',(0.,0.,-1.));
#9236=DIRECTION('center_axis',(0.,0.,1.));
#9237=DIRECTION('ref_axis',(1.,0.,0.));
#9238=DIRECTION('center_axis',(0.,0.,-1.));
#9239=DIRECTION('ref_axis',(1.,0.,0.));
#9240=DIRECTION('center_axis',(0.,0.,-1.));
#9241=DIRECTION('ref_axis',(1.,0.,0.));
#9242=DIRECTION('',(0.,0.,-1.));
#9243=DIRECTION('center_axis',(0.,0.,1.));
#9244=DIRECTION('ref_axis',(1.,0.,0.));
#9245=DIRECTION('center_axis',(0.,0.,-1.));
#9246=DIRECTION('ref_axis',(1.,0.,0.));
#9247=DIRECTION('center_axis',(0.,0.,-1.));
#9248=DIRECTION('ref_axis',(1.,0.,0.));
#9249=DIRECTION('',(0.,0.,-1.));
#9250=DIRECTION('center_axis',(0.,0.,1.));
#9251=DIRECTION('ref_axis',(1.,0.,0.));
#9252=DIRECTION('center_axis',(0.,0.,-1.));
#9253=DIRECTION('ref_axis',(1.,0.,0.));
#9254=DIRECTION('center_axis',(0.,0.,-1.));
#9255=DIRECTION('ref_axis',(1.,0.,0.));
#9256=DIRECTION('',(0.,0.,-1.));
#9257=DIRECTION('center_axis',(0.,0.,1.));
#9258=DIRECTION('ref_axis',(1.,0.,0.));
#9259=DIRECTION('center_axis',(0.,0.,-1.));
#9260=DIRECTION('ref_axis',(1.,0.,0.));
#9261=DIRECTION('center_axis',(0.,0.,-1.));
#9262=DIRECTION('ref_axis',(1.,0.,0.));
#9263=DIRECTION('',(0.,0.,-1.));
#9264=DIRECTION('center_axis',(0.,0.,1.));
#9265=DIRECTION('ref_axis',(1.,0.,0.));
#9266=DIRECTION('center_axis',(0.,0.,-1.));
#9267=DIRECTION('ref_axis',(1.,0.,0.));
#9268=DIRECTION('center_axis',(0.,0.,-1.));
#9269=DIRECTION('ref_axis',(1.,0.,0.));
#9270=DIRECTION('',(0.,0.,-1.));
#9271=DIRECTION('center_axis',(0.,0.,1.));
#9272=DIRECTION('ref_axis',(1.,0.,0.));
#9273=DIRECTION('center_axis',(0.,0.,-1.));
#9274=DIRECTION('ref_axis',(1.,0.,0.));
#9275=DIRECTION('center_axis',(0.,0.,-1.));
#9276=DIRECTION('ref_axis',(1.,0.,0.));
#9277=DIRECTION('',(0.,0.,-1.));
#9278=DIRECTION('center_axis',(0.,0.,1.));
#9279=DIRECTION('ref_axis',(1.,0.,0.));
#9280=DIRECTION('center_axis',(0.,0.,-1.));
#9281=DIRECTION('ref_axis',(1.,0.,0.));
#9282=DIRECTION('center_axis',(0.,0.,-1.));
#9283=DIRECTION('ref_axis',(1.,0.,0.));
#9284=DIRECTION('',(0.,0.,-1.));
#9285=DIRECTION('center_axis',(0.,0.,1.));
#9286=DIRECTION('ref_axis',(1.,0.,0.));
#9287=DIRECTION('center_axis',(0.,0.,-1.));
#9288=DIRECTION('ref_axis',(1.,0.,0.));
#9289=DIRECTION('center_axis',(0.,0.,-1.));
#9290=DIRECTION('ref_axis',(1.,0.,0.));
#9291=DIRECTION('',(0.,0.,-1.));
#9292=DIRECTION('center_axis',(0.,0.,1.));
#9293=DIRECTION('ref_axis',(1.,0.,0.));
#9294=DIRECTION('center_axis',(0.,0.,-1.));
#9295=DIRECTION('ref_axis',(1.,0.,0.));
#9296=DIRECTION('center_axis',(0.,0.,-1.));
#9297=DIRECTION('ref_axis',(1.,0.,0.));
#9298=DIRECTION('',(0.,0.,-1.));
#9299=DIRECTION('center_axis',(0.,0.,1.));
#9300=DIRECTION('ref_axis',(1.,0.,0.));
#9301=DIRECTION('center_axis',(0.,0.,-1.));
#9302=DIRECTION('ref_axis',(1.,0.,0.));
#9303=DIRECTION('center_axis',(0.,0.,-1.));
#9304=DIRECTION('ref_axis',(1.,0.,0.));
#9305=DIRECTION('',(0.,0.,-1.));
#9306=DIRECTION('center_axis',(0.,0.,1.));
#9307=DIRECTION('ref_axis',(1.,0.,0.));
#9308=DIRECTION('center_axis',(0.,0.,-1.));
#9309=DIRECTION('ref_axis',(-1.,0.,0.));
#9310=DIRECTION('center_axis',(0.,0.,-1.));
#9311=DIRECTION('ref_axis',(-1.,0.,0.));
#9312=DIRECTION('',(0.,0.,-1.));
#9313=DIRECTION('center_axis',(0.,0.,1.));
#9314=DIRECTION('ref_axis',(-1.,0.,0.));
#9315=DIRECTION('center_axis',(0.,0.,1.));
#9316=DIRECTION('ref_axis',(-1.,0.,0.));
#9317=DIRECTION('center_axis',(0.,0.,1.));
#9318=DIRECTION('ref_axis',(-1.,0.,0.));
#9319=DIRECTION('',(-1.,0.,0.));
#9320=DIRECTION('',(4.16333634234434E-17,-1.,0.));
#9321=DIRECTION('',(1.,0.,0.));
#9322=DIRECTION('',(4.16333634234434E-17,-1.,0.));
#9323=DIRECTION('',(-1.,0.,0.));
#9324=DIRECTION('center_axis',(-1.,0.,0.));
#9325=DIRECTION('ref_axis',(2.94392336003208E-17,-0.707106781186547,0.707106781186547));
#9326=DIRECTION('',(1.,0.,0.));
#9327=DIRECTION('',(1.,0.,0.));
#9328=DIRECTION('',(-1.,0.,0.));
#9329=DIRECTION('center_axis',(-1.,-4.16333634234434E-17,0.));
#9330=DIRECTION('ref_axis',(2.94392336003208E-17,-0.707106781186547,0.707106781186547));
#9331=DIRECTION('center_axis',(1.,0.,0.));
#9332=DIRECTION('ref_axis',(-2.94392336003208E-17,0.707106781186547,0.707106781186547));
#9333=DIRECTION('center_axis',(-0.363185354751152,-0.93171690877341,0.));
#9334=DIRECTION('ref_axis',(-0.93171690877341,0.363185354751152,0.));
#9335=DIRECTION('',(1.,0.,0.));
#9336=DIRECTION('',(-1.,0.,0.));
#9337=DIRECTION('center_axis',(0.,0.,1.));
#9338=DIRECTION('ref_axis',(1.,4.16333634234434E-17,0.));
#9339=DIRECTION('center_axis',(0.,0.,1.));
#9340=DIRECTION('ref_axis',(1.,0.,0.));
#9341=DIRECTION('',(0.,0.,1.));
#9342=DIRECTION('center_axis',(0.,0.,1.));
#9343=DIRECTION('ref_axis',(1.,4.16333634234434E-17,0.));
#9344=DIRECTION('',(0.,0.,1.));
#9345=DIRECTION('center_axis',(0.,0.,1.));
#9346=DIRECTION('ref_axis',(1.,0.,0.));
#9347=DIRECTION('',(0.,0.,-1.));
#9348=DIRECTION('center_axis',(0.,0.,-1.));
#9349=DIRECTION('ref_axis',(1.,0.,0.));
#9350=DIRECTION('center_axis',(0.,0.,1.));
#9351=DIRECTION('ref_axis',(1.,0.,0.));
#9352=DIRECTION('center_axis',(0.,0.,1.));
#9353=DIRECTION('ref_axis',(1.,4.16333634234434E-17,0.));
#9354=DIRECTION('',(-0.85638128803695,-0.516343964330149,0.));
#9355=DIRECTION('center_axis',(0.,0.,1.));
#9356=DIRECTION('ref_axis',(1.,0.,0.));
#9357=DIRECTION('center_axis',(0.,0.,1.));
#9358=DIRECTION('ref_axis',(1.,0.,0.));
#9359=DIRECTION('',(0.389327648343107,0.921099333533374,0.));
#9360=DIRECTION('',(0.016338996086152,-0.999866509693617,0.));
#9361=DIRECTION('',(-0.951056516295154,0.309016994374947,0.));
#9362=DIRECTION('center_axis',(0.,0.,1.));
#9363=DIRECTION('ref_axis',(1.,0.,0.));
#9364=DIRECTION('center_axis',(0.,0.,1.));
#9365=DIRECTION('ref_axis',(1.,0.,0.));
#9366=DIRECTION('',(0.951056516295154,0.309016994374947,0.));
#9367=DIRECTION('',(-0.016338996086152,-0.999866509693617,0.));
#9368=DIRECTION('',(-0.389327648343107,0.921099333533374,0.));
#9369=DIRECTION('center_axis',(0.,0.,1.));
#9370=DIRECTION('ref_axis',(1.,4.16333634234434E-17,0.));
#9371=DIRECTION('',(0.856381288036949,-0.51634396433015,0.));
#9372=DIRECTION('',(0.93171690877341,-0.363185354751152,0.));
#9373=DIRECTION('center_axis',(1.,0.,0.));
#9374=DIRECTION('ref_axis',(-2.94392336003208E-17,0.707106781186547,0.707106781186547));
#9375=DIRECTION('center_axis',(0.363185354751153,-0.93171690877341,0.));
#9376=DIRECTION('ref_axis',(0.93171690877341,0.363185354751153,0.));
#9377=DIRECTION('',(-1.,0.,0.));
#9378=DIRECTION('',(1.,0.,0.));
#9379=DIRECTION('center_axis',(0.,-1.,0.));
#9380=DIRECTION('ref_axis',(-1.,0.,0.));
#9381=DIRECTION('',(0.,0.,1.));
#9382=DIRECTION('',(-1.,0.,0.));
#9383=DIRECTION('',(0.,0.,-1.));
#9384=DIRECTION('center_axis',(0.,-1.,0.));
#9385=DIRECTION('ref_axis',(-1.,0.,0.));
#9386=DIRECTION('',(0.,0.,-1.));
#9387=DIRECTION('',(0.,0.,-1.));
#9388=DIRECTION('center_axis',(0.,-1.,0.));
#9389=DIRECTION('ref_axis',(-1.,0.,0.));
#9390=DIRECTION('',(1.,0.,0.));
#9391=DIRECTION('',(0.,0.,-1.));
#9392=DIRECTION('',(-1.,0.,0.));
#9393=DIRECTION('',(0.,0.,1.));
#9394=DIRECTION('center_axis',(0.,0.,1.));
#9395=DIRECTION('ref_axis',(1.,4.16333634234434E-17,0.));
#9396=DIRECTION('center_axis',(0.,0.,1.));
#9397=DIRECTION('ref_axis',(1.,0.,0.));
#9398=DIRECTION('',(-0.389327648343109,-0.921099333533373,0.));
#9399=DIRECTION('',(-0.0163389960861532,0.999866509693617,0.));
#9400=DIRECTION('',(0.951056516295153,-0.309016994374948,0.));
#9401=DIRECTION('center_axis',(0.,0.,1.));
#9402=DIRECTION('ref_axis',(1.,0.,0.));
#9403=DIRECTION('',(-0.951056516295153,-0.309016994374947,0.));
#9404=DIRECTION('',(0.0163389960861525,0.999866509693617,0.));
#9405=DIRECTION('',(0.389327648343106,-0.921099333533374,0.));
#9406=DIRECTION('center_axis',(0.,0.,1.));
#9407=DIRECTION('ref_axis',(1.,0.,0.));
#9408=DIRECTION('',(-0.85638128803695,0.51634396433015,0.));
#9409=DIRECTION('',(-0.93171690877341,0.363185354751153,0.));
#9410=DIRECTION('',(1.,0.,0.));
#9411=DIRECTION('center_axis',(-1.,0.,0.));
#9412=DIRECTION('ref_axis',(2.94392336003208E-17,-0.707106781186547,0.707106781186547));
#9413=DIRECTION('center_axis',(1.,4.16333634234434E-17,0.));
#9414=DIRECTION('ref_axis',(2.94392336003208E-17,-0.707106781186547,0.707106781186547));
#9415=DIRECTION('',(-1.,0.,0.));
#9416=DIRECTION('center_axis',(0.,1.,0.));
#9417=DIRECTION('ref_axis',(1.,0.,0.));
#9418=DIRECTION('',(0.,0.,-1.));
#9419=DIRECTION('',(1.,0.,0.));
#9420=DIRECTION('',(0.,0.,1.));
#9421=DIRECTION('center_axis',(0.,1.,0.));
#9422=DIRECTION('ref_axis',(-1.,0.,0.));
#9423=DIRECTION('',(0.,0.,-1.));
#9424=DIRECTION('',(0.,0.,-1.));
#9425=DIRECTION('center_axis',(0.,1.,0.));
#9426=DIRECTION('ref_axis',(-1.,0.,0.));
#9427=DIRECTION('center_axis',(-1.,0.,0.));
#9428=DIRECTION('ref_axis',(2.94392336003209E-17,-0.707106781186551,0.707106781186544));
#9429=DIRECTION('center_axis',(-0.707106781186549,-2.94392336003208E-17,
-0.707106781186546));
#9430=DIRECTION('ref_axis',(0.707106781186546,-2.9439233600321E-17,-0.707106781186549));
#9431=DIRECTION('',(-1.,0.,0.));
#9432=DIRECTION('center_axis',(-0.707106781186543,-2.94392336003206E-17,
0.707106781186552));
#9433=DIRECTION('ref_axis',(-0.707106781186552,-2.9439233600321E-17,-0.707106781186543));
#9434=DIRECTION('center_axis',(0.,0.,-1.));
#9435=DIRECTION('ref_axis',(-0.707106781186548,-0.707106781186548,0.));
#9436=DIRECTION('center_axis',(0.707106781186549,2.94392336003208E-17,-0.707106781186546));
#9437=DIRECTION('ref_axis',(0.707106781186546,2.94392336003207E-17,0.707106781186549));
#9438=DIRECTION('',(0.,0.,-1.));
#9439=DIRECTION('center_axis',(0.,0.,1.));
#9440=DIRECTION('ref_axis',(0.707106781186548,-0.707106781186548,0.));
#9441=DIRECTION('',(0.,0.,1.));
#9442=DIRECTION('center_axis',(-0.707106781186543,-2.94392336003206E-17,
-0.707106781186552));
#9443=DIRECTION('ref_axis',(0.707106781186552,2.9439233600321E-17,-0.707106781186543));
#9444=DIRECTION('center_axis',(1.,0.,0.));
#9445=DIRECTION('ref_axis',(2.94392336003209E-17,-0.707106781186551,-0.707106781186544));
#9446=DIRECTION('',(1.,0.,0.));
#9447=DIRECTION('center_axis',(-1.,-4.16333634234434E-17,0.));
#9448=DIRECTION('ref_axis',(0.,0.,1.));
#9449=DIRECTION('',(-4.16333634234434E-17,1.,0.));
#9450=DIRECTION('',(0.,0.,1.));
#9451=DIRECTION('',(-4.16333634234434E-17,1.,0.));
#9452=DIRECTION('center_axis',(0.,0.,-1.));
#9453=DIRECTION('ref_axis',(-1.,0.,0.));
#9454=DIRECTION('',(-4.16333634234434E-17,1.,0.));
#9455=DIRECTION('',(1.,0.,0.));
#9456=DIRECTION('',(0.,-1.,0.));
#9457=DIRECTION('',(-1.,0.,0.));
#9458=DIRECTION('center_axis',(-4.16333634234434E-17,1.,0.));
#9459=DIRECTION('ref_axis',(0.,0.,1.));
#9460=DIRECTION('',(0.,0.,-1.));
#9461=DIRECTION('',(1.,0.,0.));
#9462=DIRECTION('center_axis',(1.,4.16333634234434E-17,0.));
#9463=DIRECTION('ref_axis',(0.,0.,-1.));
#9464=DIRECTION('',(-4.16333634234434E-17,1.,0.));
#9465=DIRECTION('',(0.,0.,1.));
#9466=DIRECTION('center_axis',(0.,0.,1.));
#9467=DIRECTION('ref_axis',(1.,0.,0.));
#9468=DIRECTION('',(0.,1.,0.));
#9469=DIRECTION('',(-1.,0.,0.));
#9470=DIRECTION('center_axis',(1.,0.,0.));
#9471=DIRECTION('ref_axis',(0.,-1.,0.));
#9472=DIRECTION('',(0.,0.,-1.));
#9473=DIRECTION('',(0.,0.,-1.));
#9474=DIRECTION('',(0.,1.,0.));
#9475=DIRECTION('',(0.,0.,-1.));
#9476=DIRECTION('center_axis',(-1.,-4.16333634234434E-17,0.));
#9477=DIRECTION('ref_axis',(0.,0.,-1.));
#9478=DIRECTION('',(0.,0.,1.));
#9479=DIRECTION('',(4.16333634234434E-17,-1.,0.));
#9480=DIRECTION('center_axis',(1.,4.16333634234434E-17,0.));
#9481=DIRECTION('ref_axis',(0.,0.,1.));
#9482=DIRECTION('',(4.16333634234434E-17,-1.,0.));
#9483=DIRECTION('',(0.,0.,-1.));
#9484=DIRECTION('center_axis',(0.,0.,-1.));
#9485=DIRECTION('ref_axis',(1.,0.,0.));
#9486=DIRECTION('',(-1.,0.,0.));
#9487=DIRECTION('center_axis',(0.,0.,-1.));
#9488=DIRECTION('ref_axis',(1.,0.,0.));
#9489=DIRECTION('center_axis',(0.,0.,1.));
#9490=DIRECTION('ref_axis',(1.,5.70645909448071E-33,0.));
#9491=DIRECTION('center_axis',(0.,0.,-1.));
#9492=DIRECTION('ref_axis',(-1.,0.,0.));
#9493=DIRECTION('center_axis',(0.,0.,1.));
#9494=DIRECTION('ref_axis',(-1.,0.,0.));
#9495=DIRECTION('',(-0.857167300702112,-1.04972719113862E-16,0.515038074910054));
#9496=DIRECTION('center_axis',(0.,0.,1.));
#9497=DIRECTION('ref_axis',(-1.,0.,0.));
#9498=DIRECTION('center_axis',(0.,0.,1.));
#9499=DIRECTION('ref_axis',(-1.,0.,0.));
#9500=DIRECTION('center_axis',(0.,0.,1.));
#9501=DIRECTION('ref_axis',(-1.,0.,0.));
#9502=DIRECTION('center_axis',(0.,0.,1.));
#9503=DIRECTION('ref_axis',(-1.,0.,0.));
#9504=DIRECTION('',(0.,0.,1.));
#9505=DIRECTION('center_axis',(0.,0.,1.));
#9506=DIRECTION('ref_axis',(-1.,0.,0.));
#9507=DIRECTION('',(0.,0.,1.));
#9508=DIRECTION('center_axis',(0.,1.,0.));
#9509=DIRECTION('ref_axis',(5.52501741522513E-8,0.,-0.999999999999998));
#9510=DIRECTION('center_axis',(0.,1.,0.));
#9511=DIRECTION('ref_axis',(-1.,0.,0.));
#9512=DIRECTION('',(0.,-1.,0.));
#9513=DIRECTION('center_axis',(0.,1.,0.));
#9514=DIRECTION('ref_axis',(5.52501743971807E-8,0.,-0.999999999999998));
#9515=DIRECTION('center_axis',(0.,-1.,0.));
#9516=DIRECTION('ref_axis',(-1.,0.,0.));
#9517=DIRECTION('',(0.,-1.,0.));
#9518=DIRECTION('center_axis',(1.,0.,0.));
#9519=DIRECTION('ref_axis',(0.,-1.,0.));
#9520=DIRECTION('',(0.,0.,-1.));
#9521=DIRECTION('',(0.,1.,0.));
#9522=DIRECTION('',(0.,0.,-1.));
#9523=DIRECTION('',(0.,1.,0.));
#9524=DIRECTION('',(0.,0.,-1.));
#9525=DIRECTION('',(0.,-1.,0.));
#9526=DIRECTION('',(0.,0.,1.));
#9527=DIRECTION('',(0.,-1.,0.));
#9528=DIRECTION('center_axis',(0.,1.,0.));
#9529=DIRECTION('ref_axis',(1.,0.,0.));
#9530=DIRECTION('',(-1.,0.,0.));
#9531=DIRECTION('center_axis',(0.,1.,0.));
#9532=DIRECTION('ref_axis',(-1.,0.,0.));
#9533=DIRECTION('center_axis',(0.,-1.,0.));
#9534=DIRECTION('ref_axis',(-1.,0.,0.));
#9535=DIRECTION('center_axis',(0.,-1.,0.));
#9536=DIRECTION('ref_axis',(-1.,0.,0.));
#9537=DIRECTION('center_axis',(0.,1.,0.));
#9538=DIRECTION('ref_axis',(-1.,0.,0.));
#9539=DIRECTION('',(0.,1.,0.));
#9540=DIRECTION('center_axis',(0.,-1.,0.));
#9541=DIRECTION('ref_axis',(0.,0.,-1.));
#9542=DIRECTION('',(1.,0.,0.));
#9543=DIRECTION('center_axis',(0.,-1.,0.));
#9544=DIRECTION('ref_axis',(-1.,0.,0.));
#9545=DIRECTION('',(1.,0.,0.));
#9546=DIRECTION('center_axis',(0.,1.,0.));
#9547=DIRECTION('ref_axis',(-1.,0.,0.));
#9548=DIRECTION('',(0.,-1.,0.));
#9549=DIRECTION('center_axis',(0.,-1.,0.));
#9550=DIRECTION('ref_axis',(-1.,0.,0.));
#9551=DIRECTION('center_axis',(0.,1.,0.));
#9552=DIRECTION('ref_axis',(-1.,0.,0.));
#9553=DIRECTION('',(-1.,0.,0.));
#9554=DIRECTION('center_axis',(0.,0.,-1.));
#9555=DIRECTION('ref_axis',(-1.,0.,0.));
#9556=DIRECTION('center_axis',(0.,0.,-1.));
#9557=DIRECTION('ref_axis',(-1.,0.,0.));
#9558=DIRECTION('center_axis',(0.,0.,1.));
#9559=DIRECTION('ref_axis',(-1.,0.,0.));
#9560=DIRECTION('',(-0.857167300702112,-1.04972719113862E-16,0.515038074910054));
#9561=DIRECTION('center_axis',(0.,0.,1.));
#9562=DIRECTION('ref_axis',(-1.,0.,0.));
#9563=DIRECTION('center_axis',(0.,0.,1.));
#9564=DIRECTION('ref_axis',(-1.,0.,0.));
#9565=DIRECTION('center_axis',(0.,0.,1.));
#9566=DIRECTION('ref_axis',(-1.,0.,0.));
#9567=DIRECTION('center_axis',(0.,0.,1.));
#9568=DIRECTION('ref_axis',(-1.,0.,0.));
#9569=DIRECTION('',(0.,0.,1.));
#9570=DIRECTION('center_axis',(0.,0.,1.));
#9571=DIRECTION('ref_axis',(-1.,0.,0.));
#9572=DIRECTION('',(0.,0.,1.));
#9573=DIRECTION('center_axis',(0.,-1.,0.));
#9574=DIRECTION('ref_axis',(0.707106781186547,0.,-0.707106781186548));
#9575=DIRECTION('center_axis',(0.,-1.,0.));
#9576=DIRECTION('ref_axis',(-1.,0.,0.));
#9577=DIRECTION('',(0.,1.,0.));
#9578=DIRECTION('center_axis',(0.,1.,0.));
#9579=DIRECTION('ref_axis',(-1.,0.,0.));
#9580=DIRECTION('',(0.,-1.,0.));
#9581=DIRECTION('center_axis',(0.,1.,0.));
#9582=DIRECTION('ref_axis',(0.707106781186548,0.,-0.707106781186547));
#9583=DIRECTION('center_axis',(0.,1.,0.));
#9584=DIRECTION('ref_axis',(-1.,0.,0.));
#9585=DIRECTION('',(0.,1.,0.));
#9586=DIRECTION('center_axis',(0.,-1.,0.));
#9587=DIRECTION('ref_axis',(-1.,0.,0.));
#9588=DIRECTION('',(0.,1.,0.));
#9589=DIRECTION('center_axis',(-1.,0.,0.));
#9590=DIRECTION('ref_axis',(0.,1.,0.));
#9591=DIRECTION('',(0.,0.,-1.));
#9592=DIRECTION('',(0.,1.,0.));
#9593=DIRECTION('',(0.,0.,1.));
#9594=DIRECTION('',(0.,0.,-1.));
#9595=DIRECTION('',(0.,-1.,0.));
#9596=DIRECTION('',(0.,0.,-1.));
#9597=DIRECTION('center_axis',(0.,-1.,0.));
#9598=DIRECTION('ref_axis',(-1.,0.,0.));
#9599=DIRECTION('center_axis',(0.,1.,0.));
#9600=DIRECTION('ref_axis',(-1.,0.,0.));
#9601=DIRECTION('',(0.,1.,0.));
#9602=DIRECTION('center_axis',(0.,-1.,0.));
#9603=DIRECTION('ref_axis',(-1.,0.,0.));
#9604=DIRECTION('center_axis',(0.,-1.,0.));
#9605=DIRECTION('ref_axis',(0.,0.,-1.));
#9606=DIRECTION('',(1.,0.,0.));
#9607=DIRECTION('center_axis',(0.,0.,-1.));
#9608=DIRECTION('ref_axis',(-1.,0.,0.));
#9609=DIRECTION('',(1.,0.,0.));
#9610=DIRECTION('',(-1.,0.,0.));
#9611=DIRECTION('',(-1.,0.,0.));
#9612=DIRECTION('center_axis',(0.,-1.,0.));
#9613=DIRECTION('ref_axis',(-1.,0.,0.));
#9614=DIRECTION('center_axis',(0.,-1.,0.));
#9615=DIRECTION('ref_axis',(-1.,0.,0.));
#9616=DIRECTION('center_axis',(0.,1.,0.));
#9617=DIRECTION('ref_axis',(-1.,0.,0.));
#9618=DIRECTION('center_axis',(0.,-1.,0.));
#9619=DIRECTION('ref_axis',(-1.,0.,0.));
#9620=DIRECTION('',(0.,-1.,0.));
#9621=DIRECTION('center_axis',(0.,1.,0.));
#9622=DIRECTION('ref_axis',(-1.,0.,0.));
#9623=DIRECTION('center_axis',(0.,1.,0.));
#9624=DIRECTION('ref_axis',(-1.,0.,0.));
#9625=DIRECTION('center_axis',(0.,1.,0.));
#9626=DIRECTION('ref_axis',(1.,0.,0.));
#9627=DIRECTION('center_axis',(0.,1.,0.));
#9628=DIRECTION('ref_axis',(1.,0.,0.));
#9629=DIRECTION('center_axis',(0.,0.,-1.));
#9630=DIRECTION('ref_axis',(-1.,0.,0.));
#9631=DIRECTION('',(0.,1.,0.));
#9632=DIRECTION('center_axis',(-1.,0.,0.));
#9633=DIRECTION('ref_axis',(0.,1.,0.));
#9634=DIRECTION('',(0.,-1.,0.));
#9635=DIRECTION('',(0.,0.,-1.));
#9636=DIRECTION('',(0.,0.,-1.));
#9637=DIRECTION('center_axis',(0.,1.,0.));
#9638=DIRECTION('ref_axis',(1.,0.,0.));
#9639=DIRECTION('',(-1.,0.,0.));
#9640=DIRECTION('center_axis',(0.,-1.,0.));
#9641=DIRECTION('ref_axis',(-1.,0.,0.));
#9642=DIRECTION('',(1.,0.,0.));
#9643=DIRECTION('center_axis',(0.,1.,0.));
#9644=DIRECTION('ref_axis',(1.,0.,0.));
#9645=DIRECTION('',(-1.,0.,0.));
#9646=DIRECTION('center_axis',(-1.94435195764903E-16,-1.,0.));
#9647=DIRECTION('ref_axis',(-1.,1.94435195764903E-16,0.));
#9648=DIRECTION('',(1.,-1.94435195764903E-16,0.));
#9649=DIRECTION('center_axis',(0.,0.,-1.));
#9650=DIRECTION('ref_axis',(1.,0.,0.));
#9651=DIRECTION('',(-0.93171690877341,-0.363185354751153,0.));
#9652=DIRECTION('',(0.93171690877341,-0.363185354751152,0.));
#9653=DIRECTION('center_axis',(0.,0.,1.));
#9654=DIRECTION('ref_axis',(1.,4.16333634234434E-17,0.));
#9655=DIRECTION('center_axis',(0.,0.,1.));
#9656=DIRECTION('ref_axis',(1.,5.70645909448071E-33,0.));
#9657=DIRECTION('center_axis',(0.,0.,-1.));
#9658=DIRECTION('ref_axis',(-1.,-4.16333634234434E-17,0.));
#9659=DIRECTION('center_axis',(0.,0.,-1.));
#9660=DIRECTION('ref_axis',(-1.,-4.16333634234434E-17,0.));
#9661=DIRECTION('center_axis',(0.,0.,-1.));
#9662=DIRECTION('ref_axis',(-1.,-4.16333634234434E-17,0.));
#9663=DIRECTION('center_axis',(0.,0.,-1.));
#9664=DIRECTION('ref_axis',(-1.,-4.16333634234434E-17,0.));
#9665=DIRECTION('center_axis',(0.,0.,-1.));
#9666=DIRECTION('ref_axis',(-1.,-4.16333634234434E-17,0.));
#9667=DIRECTION('center_axis',(0.,0.,-1.));
#9668=DIRECTION('ref_axis',(-1.,-4.16333634234434E-17,0.));
#9669=DIRECTION('center_axis',(0.,0.,1.));
#9670=DIRECTION('ref_axis',(1.,4.16333634234434E-17,0.));
#9671=DIRECTION('center_axis',(0.,0.,-1.));
#9672=DIRECTION('ref_axis',(-1.,-4.16333634234434E-17,0.));
#9673=DIRECTION('center_axis',(0.,0.,-1.));
#9674=DIRECTION('ref_axis',(1.,4.16333634234434E-17,0.));
#9675=DIRECTION('center_axis',(0.,0.,1.));
#9676=DIRECTION('ref_axis',(1.,0.,0.));
#9677=DIRECTION('center_axis',(0.,0.,1.));
#9678=DIRECTION('ref_axis',(1.,0.,0.));
#9679=DIRECTION('',(0.,0.,1.));
#9680=DIRECTION('center_axis',(0.,0.,-1.));
#9681=DIRECTION('ref_axis',(1.,0.,0.));
#9682=DIRECTION('center_axis',(0.,0.,1.));
#9683=DIRECTION('ref_axis',(1.,0.,0.));
#9684=DIRECTION('center_axis',(0.,0.,1.));
#9685=DIRECTION('ref_axis',(1.,0.,0.));
#9686=DIRECTION('',(0.,0.,1.));
#9687=DIRECTION('center_axis',(0.,0.,-1.));
#9688=DIRECTION('ref_axis',(1.,0.,0.));
#9689=DIRECTION('center_axis',(0.,0.,1.));
#9690=DIRECTION('ref_axis',(1.,0.,0.));
#9691=DIRECTION('center_axis',(0.,0.,1.));
#9692=DIRECTION('ref_axis',(1.,0.,0.));
#9693=DIRECTION('',(0.,0.,1.));
#9694=DIRECTION('center_axis',(0.,0.,-1.));
#9695=DIRECTION('ref_axis',(1.,0.,0.));
#9696=DIRECTION('center_axis',(0.,0.,1.));
#9697=DIRECTION('ref_axis',(1.,0.,0.));
#9698=DIRECTION('center_axis',(0.,0.,1.));
#9699=DIRECTION('ref_axis',(1.,0.,0.));
#9700=DIRECTION('',(0.,0.,1.));
#9701=DIRECTION('center_axis',(0.,0.,-1.));
#9702=DIRECTION('ref_axis',(1.,0.,0.));
#9703=DIRECTION('center_axis',(0.,0.,1.));
#9704=DIRECTION('ref_axis',(1.,0.,0.));
#9705=DIRECTION('center_axis',(0.,0.,1.));
#9706=DIRECTION('ref_axis',(1.,0.,0.));
#9707=DIRECTION('',(0.,0.,1.));
#9708=DIRECTION('center_axis',(0.,0.,-1.));
#9709=DIRECTION('ref_axis',(1.,0.,0.));
#9710=DIRECTION('center_axis',(0.,0.,1.));
#9711=DIRECTION('ref_axis',(1.,0.,0.));
#9712=DIRECTION('center_axis',(0.,0.,1.));
#9713=DIRECTION('ref_axis',(1.,0.,0.));
#9714=DIRECTION('',(0.,0.,1.));
#9715=DIRECTION('center_axis',(0.,0.,-1.));
#9716=DIRECTION('ref_axis',(1.,0.,0.));
#9717=DIRECTION('center_axis',(0.,0.,-1.));
#9718=DIRECTION('ref_axis',(1.,0.,0.));
#9719=DIRECTION('center_axis',(0.,0.,-1.));
#9720=DIRECTION('ref_axis',(1.,0.,0.));
#9721=DIRECTION('',(0.,0.,-1.));
#9722=DIRECTION('center_axis',(0.,0.,-1.));
#9723=DIRECTION('ref_axis',(1.,0.,0.));
#9724=DIRECTION('center_axis',(0.,0.,1.));
#9725=DIRECTION('ref_axis',(1.,4.16333634234434E-17,0.));
#9726=DIRECTION('center_axis',(0.,0.,-1.));
#9727=DIRECTION('ref_axis',(1.,0.,0.));
#9728=DIRECTION('center_axis',(0.,0.,-1.));
#9729=DIRECTION('ref_axis',(1.,0.,0.));
#9730=DIRECTION('',(0.,0.,-1.));
#9731=DIRECTION('center_axis',(0.,0.,-1.));
#9732=DIRECTION('ref_axis',(1.,0.,0.));
#9733=DIRECTION('center_axis',(0.,0.,1.));
#9734=DIRECTION('ref_axis',(1.,4.16333634234434E-17,0.));
#9735=DIRECTION('center_axis',(0.,0.,-1.));
#9736=DIRECTION('ref_axis',(1.,0.,0.));
#9737=DIRECTION('center_axis',(0.,0.,-1.));
#9738=DIRECTION('ref_axis',(1.,0.,0.));
#9739=DIRECTION('',(0.,0.,-1.));
#9740=DIRECTION('center_axis',(0.,0.,-1.));
#9741=DIRECTION('ref_axis',(1.,0.,0.));
#9742=DIRECTION('center_axis',(0.,0.,1.));
#9743=DIRECTION('ref_axis',(1.,4.16333634234434E-17,0.));
#9744=DIRECTION('center_axis',(0.,0.,-1.));
#9745=DIRECTION('ref_axis',(1.,0.,0.));
#9746=DIRECTION('center_axis',(0.,0.,-1.));
#9747=DIRECTION('ref_axis',(1.,0.,0.));
#9748=DIRECTION('',(0.,0.,-1.));
#9749=DIRECTION('center_axis',(0.,0.,-1.));
#9750=DIRECTION('ref_axis',(1.,0.,0.));
#9751=DIRECTION('center_axis',(0.,0.,1.));
#9752=DIRECTION('ref_axis',(1.,4.16333634234434E-17,0.));
#9753=DIRECTION('center_axis',(0.,0.,-1.));
#9754=DIRECTION('ref_axis',(1.,0.,0.));
#9755=DIRECTION('center_axis',(0.,0.,-1.));
#9756=DIRECTION('ref_axis',(1.,0.,0.));
#9757=DIRECTION('',(0.,0.,-1.));
#9758=DIRECTION('center_axis',(0.,0.,-1.));
#9759=DIRECTION('ref_axis',(1.,0.,0.));
#9760=DIRECTION('center_axis',(0.,0.,1.));
#9761=DIRECTION('ref_axis',(1.,4.16333634234434E-17,0.));
#9762=DIRECTION('center_axis',(0.,0.,-1.));
#9763=DIRECTION('ref_axis',(1.,0.,0.));
#9764=DIRECTION('center_axis',(0.,0.,-1.));
#9765=DIRECTION('ref_axis',(1.,0.,0.));
#9766=DIRECTION('',(0.,0.,-1.));
#9767=DIRECTION('center_axis',(0.,0.,-1.));
#9768=DIRECTION('ref_axis',(1.,0.,0.));
#9769=DIRECTION('center_axis',(0.,0.,1.));
#9770=DIRECTION('ref_axis',(1.,4.16333634234434E-17,0.));
#9771=DIRECTION('center_axis',(-0.244971620203571,-0.96953024980907,0.));
#9772=DIRECTION('ref_axis',(0.96953024980907,-0.244971620203571,0.));
#9773=DIRECTION('',(-0.96953024980907,0.244971620203571,0.));
#9774=DIRECTION('',(0.,0.,-1.));
#9775=DIRECTION('',(0.96953024980907,-0.244971620203571,0.));
#9776=DIRECTION('',(0.,0.,1.));
#9777=DIRECTION('center_axis',(0.236259221241756,0.971690063949529,0.));
#9778=DIRECTION('ref_axis',(-0.971690063949529,0.236259221241756,0.));
#9779=DIRECTION('',(0.971690063949529,-0.236259221241756,0.));
#9780=DIRECTION('',(0.,0.,1.));
#9781=DIRECTION('',(-0.971690063949529,0.236259221241756,0.));
#9782=DIRECTION('',(0.,0.,1.));
#9783=DIRECTION('center_axis',(-7.28015098114868E-16,-1.,0.));
#9784=DIRECTION('ref_axis',(1.,-7.28015098114868E-16,0.));
#9785=DIRECTION('',(-1.,7.28015098114868E-16,0.));
#9786=DIRECTION('',(1.,-7.28015098114868E-16,0.));
#9787=DIRECTION('',(0.,0.,1.));
#9788=DIRECTION('center_axis',(0.,0.,1.));
#9789=DIRECTION('ref_axis',(-1.,0.,0.));
#9790=DIRECTION('center_axis',(0.,0.,1.));
#9791=DIRECTION('ref_axis',(-1.,0.,0.));
#9792=DIRECTION('center_axis',(0.,0.,1.));
#9793=DIRECTION('ref_axis',(-1.,0.,0.));
#9794=DIRECTION('center_axis',(0.,0.,1.));
#9795=DIRECTION('ref_axis',(-1.,0.,0.));
#9796=DIRECTION('center_axis',(-9.06304509898098E-16,-1.,0.));
#9797=DIRECTION('ref_axis',(1.,-9.06304509898098E-16,0.));
#9798=DIRECTION('',(-1.,9.06304509898098E-16,0.));
#9799=DIRECTION('',(1.,-9.06304509898098E-16,0.));
#9800=DIRECTION('',(0.,0.,1.));
#9801=DIRECTION('center_axis',(7.25043607918481E-16,1.,0.));
#9802=DIRECTION('ref_axis',(-1.,7.25043607918481E-16,0.));
#9803=DIRECTION('',(1.,-7.25043607918481E-16,0.));
#9804=DIRECTION('',(0.,0.,1.));
#9805=DIRECTION('',(-1.,7.25043607918481E-16,0.));
#9806=DIRECTION('',(0.,0.,1.));
#9807=DIRECTION('center_axis',(0.,0.,1.));
#9808=DIRECTION('ref_axis',(-1.,0.,0.));
#9809=DIRECTION('center_axis',(0.,0.,1.));
#9810=DIRECTION('ref_axis',(-1.,0.,0.));
#9811=DIRECTION('center_axis',(0.,0.,1.));
#9812=DIRECTION('ref_axis',(-1.,0.,0.));
#9813=DIRECTION('center_axis',(0.,0.,1.));
#9814=DIRECTION('ref_axis',(-1.,0.,0.));
#9815=DIRECTION('center_axis',(7.28015098114868E-16,1.,0.));
#9816=DIRECTION('ref_axis',(-1.,7.28015098114868E-16,0.));
#9817=DIRECTION('',(1.,-7.28015098114868E-16,0.));
#9818=DIRECTION('',(0.,0.,1.));
#9819=DIRECTION('',(-1.,7.28015098114868E-16,0.));
#9820=DIRECTION('',(0.,0.,1.));
#9821=DIRECTION('center_axis',(1.,-4.55476112666738E-16,0.));
#9822=DIRECTION('ref_axis',(4.55476112666738E-16,1.,0.));
#9823=DIRECTION('',(-4.55476112666738E-16,-1.,0.));
#9824=DIRECTION('',(0.,0.,1.));
#9825=DIRECTION('',(4.55476112666738E-16,1.,0.));
#9826=DIRECTION('',(0.,0.,1.));
#9827=DIRECTION('center_axis',(-5.82412078491894E-16,-1.,0.));
#9828=DIRECTION('ref_axis',(1.,-5.82412078491894E-16,0.));
#9829=DIRECTION('',(-1.,5.82412078491894E-16,0.));
#9830=DIRECTION('',(0.,0.,1.));
#9831=DIRECTION('',(1.,-5.82412078491894E-16,0.));
#9832=DIRECTION('',(0.,0.,1.));
#9833=DIRECTION('center_axis',(-0.879617386220901,-0.475681883045708,0.));
#9834=DIRECTION('ref_axis',(0.475681883045708,-0.879617386220901,0.));
#9835=DIRECTION('',(-0.475681883045708,0.879617386220901,0.));
#9836=DIRECTION('',(0.,0.,-1.));
#9837=DIRECTION('',(0.475681883045708,-0.879617386220901,0.));
#9838=DIRECTION('',(0.,0.,1.));
#9839=DIRECTION('center_axis',(-1.08756541187772E-15,-1.,0.));
#9840=DIRECTION('ref_axis',(1.,-1.08756541187772E-15,0.));
#9841=DIRECTION('',(-1.,1.08756541187772E-15,0.));
#9842=DIRECTION('',(1.,-1.08756541187772E-15,0.));
#9843=DIRECTION('',(0.,0.,1.));
#9844=DIRECTION('center_axis',(1.08756541187772E-15,1.,0.));
#9845=DIRECTION('ref_axis',(-1.,1.08756541187772E-15,0.));
#9846=DIRECTION('',(1.,-1.08756541187772E-15,0.));
#9847=DIRECTION('',(0.,0.,1.));
#9848=DIRECTION('',(-1.,1.08756541187772E-15,0.));
#9849=DIRECTION('',(0.,0.,1.));
#9850=DIRECTION('center_axis',(0.,0.,1.));
#9851=DIRECTION('ref_axis',(-1.,0.,0.));
#9852=DIRECTION('',(0.,0.,1.));
#9853=DIRECTION('center_axis',(0.,0.,-1.));
#9854=DIRECTION('ref_axis',(-1.,0.,0.));
#9855=DIRECTION('',(0.,0.,1.));
#9856=DIRECTION('center_axis',(0.,0.,1.));
#9857=DIRECTION('ref_axis',(-1.,0.,0.));
#9858=DIRECTION('center_axis',(0.881007742543163,0.473101846941016,0.));
#9859=DIRECTION('ref_axis',(-0.473101846941016,0.881007742543163,0.));
#9860=DIRECTION('',(0.473101846941016,-0.881007742543163,0.));
#9861=DIRECTION('',(0.,0.,1.));
#9862=DIRECTION('',(-0.473101846941016,0.881007742543163,0.));
#9863=DIRECTION('',(0.,0.,1.));
#9864=DIRECTION('center_axis',(1.16482415698379E-15,1.,0.));
#9865=DIRECTION('ref_axis',(-1.,1.16482415698379E-15,0.));
#9866=DIRECTION('',(1.,-1.16482415698379E-15,0.));
#9867=DIRECTION('',(-1.,1.16482415698379E-15,0.));
#9868=DIRECTION('',(0.,0.,1.));
#9869=DIRECTION('center_axis',(-1.,4.55476112666738E-16,0.));
#9870=DIRECTION('ref_axis',(-4.55476112666738E-16,-1.,0.));
#9871=DIRECTION('',(4.55476112666738E-16,1.,0.));
#9872=DIRECTION('',(-4.55476112666738E-16,-1.,0.));
#9873=DIRECTION('',(0.,0.,1.));
#9874=DIRECTION('center_axis',(-5.82412078491895E-16,-1.,0.));
#9875=DIRECTION('ref_axis',(1.,-5.82412078491895E-16,0.));
#9876=DIRECTION('',(-1.,5.82412078491895E-16,0.));
#9877=DIRECTION('',(1.,-5.82412078491895E-16,0.));
#9878=DIRECTION('',(0.,0.,1.));
#9879=DIRECTION('center_axis',(-0.236259221241756,-0.971690063949529,0.));
#9880=DIRECTION('ref_axis',(0.971690063949529,-0.236259221241756,0.));
#9881=DIRECTION('',(-0.971690063949529,0.236259221241756,0.));
#9882=DIRECTION('',(0.,0.,1.));
#9883=DIRECTION('',(0.971690063949529,-0.236259221241756,0.));
#9884=DIRECTION('center_axis',(0.,0.,1.));
#9885=DIRECTION('ref_axis',(-1.,0.,0.));
#9886=DIRECTION('center_axis',(0.,0.,1.));
#9887=DIRECTION('ref_axis',(-1.,0.,0.));
#9888=DIRECTION('center_axis',(0.,0.,1.));
#9889=DIRECTION('ref_axis',(-1.,0.,0.));
#9890=DIRECTION('center_axis',(0.,0.,1.));
#9891=DIRECTION('ref_axis',(-1.,0.,0.));
#9892=DIRECTION('center_axis',(0.,0.,1.));
#9893=DIRECTION('ref_axis',(-1.,0.,0.));
#9894=DIRECTION('center_axis',(0.,0.,1.));
#9895=DIRECTION('ref_axis',(-1.,0.,0.));
#9896=DIRECTION('center_axis',(0.,0.,1.));
#9897=DIRECTION('ref_axis',(-1.,0.,0.));
#9898=DIRECTION('center_axis',(0.,0.,1.));
#9899=DIRECTION('ref_axis',(-1.,0.,0.));
#9900=DIRECTION('center_axis',(0.,0.,1.));
#9901=DIRECTION('ref_axis',(-1.,0.,0.));
#9902=DIRECTION('center_axis',(0.,0.,1.));
#9903=DIRECTION('ref_axis',(-1.,0.,0.));
#9904=DIRECTION('center_axis',(0.,0.,1.));
#9905=DIRECTION('ref_axis',(-1.,0.,0.));
#9906=DIRECTION('center_axis',(0.,0.,1.));
#9907=DIRECTION('ref_axis',(-1.,0.,0.));
#9908=DIRECTION('center_axis',(0.,0.,1.));
#9909=DIRECTION('ref_axis',(-1.,0.,0.));
#9910=DIRECTION('',(0.,0.,-1.));
#9911=DIRECTION('center_axis',(0.,0.,-1.));
#9912=DIRECTION('ref_axis',(-1.,0.,0.));
#9913=DIRECTION('center_axis',(0.,0.,1.));
#9914=DIRECTION('ref_axis',(-1.,0.,0.));
#9915=DIRECTION('center_axis',(0.,0.,1.));
#9916=DIRECTION('ref_axis',(-1.,0.,0.));
#9917=DIRECTION('',(0.,0.,-1.));
#9918=DIRECTION('center_axis',(0.,0.,-1.));
#9919=DIRECTION('ref_axis',(-1.,0.,0.));
#9920=DIRECTION('center_axis',(0.,0.,1.));
#9921=DIRECTION('ref_axis',(0.87961738624281,0.475681883005193,0.));
#9922=DIRECTION('',(0.,0.,1.));
#9923=DIRECTION('center_axis',(0.,0.,1.));
#9924=DIRECTION('ref_axis',(-1.,0.,0.));
#9925=DIRECTION('',(0.,0.,1.));
#9926=DIRECTION('center_axis',(0.,0.,-1.));
#9927=DIRECTION('ref_axis',(-1.,0.,0.));
#9928=DIRECTION('center_axis',(0.,0.,1.));
#9929=DIRECTION('ref_axis',(1.,4.16333634234434E-17,0.));
#9930=DIRECTION('',(-0.475681883045708,0.879617386220901,0.));
#9931=DIRECTION('center_axis',(0.,0.,1.));
#9932=DIRECTION('ref_axis',(1.,4.16333634234434E-17,0.));
#9933=DIRECTION('center_axis',(0.,0.,-1.));
#9934=DIRECTION('ref_axis',(-1.,0.,0.));
#9935=DIRECTION('center_axis',(0.,0.,1.));
#9936=DIRECTION('ref_axis',(1.,4.16333634234434E-17,0.));
#9937=DIRECTION('center_axis',(0.,0.,1.));
#9938=DIRECTION('ref_axis',(1.,4.16333634234434E-17,0.));
#9939=DIRECTION('center_axis',(0.,0.,1.));
#9940=DIRECTION('ref_axis',(1.,4.16333634234434E-17,0.));
#9941=DIRECTION('',(0.389327648343106,-0.921099333533374,0.));
#9942=DIRECTION('',(-0.0163389960861525,-0.999866509693617,0.));
#9943=DIRECTION('',(-0.951056516295153,-0.309016994374947,0.));
#9944=DIRECTION('center_axis',(0.,0.,1.));
#9945=DIRECTION('ref_axis',(1.,4.16333634234434E-17,0.));
#9946=DIRECTION('center_axis',(0.,0.,1.));
#9947=DIRECTION('ref_axis',(1.,4.16333634234434E-17,0.));
#9948=DIRECTION('',(0.951056516295153,-0.309016994374948,0.));
#9949=DIRECTION('',(0.0163389960861532,-0.999866509693617,0.));
#9950=DIRECTION('',(-0.389327648343109,-0.921099333533373,0.));
#9951=DIRECTION('center_axis',(0.,0.,1.));
#9952=DIRECTION('ref_axis',(1.,4.16333634234434E-17,0.));
#9953=DIRECTION('center_axis',(0.,0.,1.));
#9954=DIRECTION('ref_axis',(1.,4.16333634234434E-17,0.));
#9955=DIRECTION('',(0.856381288036951,0.516343964330148,0.));
#9956=DIRECTION('',(0.93171690877341,0.363185354751153,0.));
#9957=DIRECTION('',(0.93171690877341,-0.363185354751152,0.));
#9958=DIRECTION('',(0.856381288036949,-0.51634396433015,0.));
#9959=DIRECTION('',(-0.389327648343107,0.921099333533374,0.));
#9960=DIRECTION('',(0.016338996086152,0.999866509693617,0.));
#9961=DIRECTION('',(0.951056516295154,0.309016994374947,0.));
#9962=DIRECTION('center_axis',(0.,0.,1.));
#9963=DIRECTION('ref_axis',(1.,4.16333634234434E-17,0.));
#9964=DIRECTION('',(-0.951056516295154,0.309016994374947,0.));
#9965=DIRECTION('',(-0.016338996086152,0.999866509693617,0.));
#9966=DIRECTION('',(0.389327648343107,0.921099333533374,0.));
#9967=DIRECTION('center_axis',(0.,0.,1.));
#9968=DIRECTION('ref_axis',(1.,4.16333634234434E-17,0.));
#9969=DIRECTION('',(-0.85638128803695,-0.516343964330149,0.));
#9970=DIRECTION('',(-0.93171690877341,0.363185354751153,0.));
#9971=DIRECTION('',(-0.85638128803695,0.51634396433015,0.));
#9972=DIRECTION('center_axis',(0.,0.,-1.));
#9973=DIRECTION('ref_axis',(-1.,0.,0.));
#9974=DIRECTION('center_axis',(0.,0.,-1.));
#9975=DIRECTION('ref_axis',(-1.,0.,0.));
#9976=DIRECTION('center_axis',(0.,0.,-1.));
#9977=DIRECTION('ref_axis',(-1.,0.,0.));
#9978=DIRECTION('center_axis',(0.,0.,-1.));
#9979=DIRECTION('ref_axis',(-1.,0.,0.));
#9980=DIRECTION('center_axis',(0.,0.,-1.));
#9981=DIRECTION('ref_axis',(-1.,0.,0.));
#9982=DIRECTION('',(-0.0117485306275287,0.999930983632418,0.));
#9983=DIRECTION('center_axis',(0.,0.,1.));
#9984=DIRECTION('ref_axis',(1.,0.,0.));
#9985=DIRECTION('',(0.0126181636519251,-0.999920387803976,0.));
#9986=DIRECTION('',(1.,0.,0.));
#9987=DIRECTION('',(0.0122939571952861,0.99992442645256,0.));
#9988=DIRECTION('center_axis',(0.,0.,1.));
#9989=DIRECTION('ref_axis',(-1.,0.,0.));
#9990=DIRECTION('',(0.0122939571951222,-0.999924426452562,0.));
#9991=DIRECTION('',(0.,-1.,0.));
#9992=DIRECTION('',(-1.,0.,0.));
#9993=DIRECTION('',(0.,1.,0.));
#9994=DIRECTION('center_axis',(0.,0.,1.));
#9995=DIRECTION('ref_axis',(-1.,0.,0.));
#9996=DIRECTION('center_axis',(0.,0.,1.));
#9997=DIRECTION('ref_axis',(-1.,0.,0.));
#9998=DIRECTION('center_axis',(0.,0.,1.));
#9999=DIRECTION('ref_axis',(-1.,0.,0.));
#10000=DIRECTION('',(0.,0.,-1.));
#10001=DIRECTION('center_axis',(0.,0.,1.));
#10002=DIRECTION('ref_axis',(-1.,0.,0.));
#10003=DIRECTION('center_axis',(0.,0.,1.));
#10004=DIRECTION('ref_axis',(-1.,0.,0.));
#10005=DIRECTION('center_axis',(0.,0.,1.));
#10006=DIRECTION('ref_axis',(-1.,0.,0.));
#10007=DIRECTION('',(0.,0.,-1.));
#10008=DIRECTION('center_axis',(0.,0.,1.));
#10009=DIRECTION('ref_axis',(-1.,0.,0.));
#10010=DIRECTION('center_axis',(0.,0.,1.));
#10011=DIRECTION('ref_axis',(-1.,0.,0.));
#10012=DIRECTION('center_axis',(0.,0.,1.));
#10013=DIRECTION('ref_axis',(-1.,0.,0.));
#10014=DIRECTION('',(0.,0.,-1.));
#10015=DIRECTION('center_axis',(0.,0.,1.));
#10016=DIRECTION('ref_axis',(-1.,0.,0.));
#10017=DIRECTION('center_axis',(-0.879617386220901,-0.475681883045708,0.));
#10018=DIRECTION('ref_axis',(0.475681883045708,-0.879617386220901,0.));
#10019=DIRECTION('',(0.475681883045708,-0.879617386220901,0.));
#10020=DIRECTION('center_axis',(0.,0.,1.));
#10021=DIRECTION('ref_axis',(-1.,0.,0.));
#10022=DIRECTION('center_axis',(0.,0.,1.));
#10023=DIRECTION('ref_axis',(-1.,0.,0.));
#10024=DIRECTION('center_axis',(0.,0.,1.));
#10025=DIRECTION('ref_axis',(-1.,0.,0.));
#10026=DIRECTION('',(0.,0.,-1.));
#10027=DIRECTION('center_axis',(0.,0.,1.));
#10028=DIRECTION('ref_axis',(-1.,0.,0.));
#10029=DIRECTION('center_axis',(0.,0.,1.));
#10030=DIRECTION('ref_axis',(-1.,0.,0.));
#10031=DIRECTION('center_axis',(0.,0.,1.));
#10032=DIRECTION('ref_axis',(-1.,0.,0.));
#10033=DIRECTION('center_axis',(0.,0.,1.));
#10034=DIRECTION('ref_axis',(-1.,0.,0.));
#10035=DIRECTION('',(0.,0.,-1.));
#10036=DIRECTION('center_axis',(0.,0.,1.));
#10037=DIRECTION('ref_axis',(-1.,0.,0.));
#10038=DIRECTION('center_axis',(0.,0.,-1.));
#10039=DIRECTION('ref_axis',(1.,0.,0.));
#10040=DIRECTION('center_axis',(0.,0.,-1.));
#10041=DIRECTION('ref_axis',(1.,0.,0.));
#10042=DIRECTION('center_axis',(0.,0.,-1.));
#10043=DIRECTION('ref_axis',(1.,0.,0.));
#10044=DIRECTION('center_axis',(0.,0.,-1.));
#10045=DIRECTION('ref_axis',(1.,0.,0.));
#10046=DIRECTION('center_axis',(0.,0.,1.));
#10047=DIRECTION('ref_axis',(1.,0.,0.));
#10048=DIRECTION('',(0.,0.,-1.));
#10049=DIRECTION('center_axis',(0.,0.,-1.));
#10050=DIRECTION('ref_axis',(1.,0.,0.));
#10051=DIRECTION('',(0.,0.,-1.));
#10052=DIRECTION('center_axis',(0.,0.,1.));
#10053=DIRECTION('ref_axis',(-1.,0.,0.));
#10054=DIRECTION('center_axis',(0.,0.,1.));
#10055=DIRECTION('ref_axis',(-1.,0.,0.));
#10056=DIRECTION('center_axis',(0.,0.,-1.));
#10057=DIRECTION('ref_axis',(1.,0.,0.));
#10058=DIRECTION('center_axis',(0.,0.,-1.));
#10059=DIRECTION('ref_axis',(1.,0.,0.));
#10060=DIRECTION('center_axis',(0.,0.,-1.));
#10061=DIRECTION('ref_axis',(1.,0.,0.));
#10062=DIRECTION('center_axis',(0.,0.,-1.));
#10063=DIRECTION('ref_axis',(1.,0.,0.));
#10064=DIRECTION('center_axis',(0.,0.,1.));
#10065=DIRECTION('ref_axis',(1.,0.,0.));
#10066=DIRECTION('',(0.,0.,-1.));
#10067=DIRECTION('center_axis',(0.,0.,-1.));
#10068=DIRECTION('ref_axis',(1.,0.,0.));
#10069=DIRECTION('',(0.,0.,-1.));
#10070=DIRECTION('center_axis',(0.,0.,1.));
#10071=DIRECTION('ref_axis',(-1.,0.,0.));
#10072=DIRECTION('center_axis',(0.,0.,1.));
#10073=DIRECTION('ref_axis',(-1.,0.,0.));
#10074=DIRECTION('center_axis',(-0.707106781186549,0.,0.707106781186546));
#10075=DIRECTION('ref_axis',(0.707106781186546,2.94392336003207E-17,0.707106781186549));
#10076=DIRECTION('',(0.707100101712616,0.00434652919156068,0.707100101712618));
#10077=DIRECTION('',(0.,1.,0.));
#10078=DIRECTION('',(-0.577350269189624,0.577350269189627,-0.577350269189626));
#10079=DIRECTION('center_axis',(-6.16297582203915E-33,0.707106781186547,
0.707106781186548));
#10080=DIRECTION('ref_axis',(1.,4.16333634234434E-17,-4.16333634234433E-17));
#10081=DIRECTION('',(1.,0.,0.));
#10082=DIRECTION('',(0.577350269189624,0.577350269189627,-0.577350269189626));
#10083=DIRECTION('center_axis',(0.707057979245015,0.00830746567570336,0.70710678118655));
#10084=DIRECTION('ref_axis',(0.707131182578317,2.94402495123324E-17,-0.707082378952686));
#10085=DIRECTION('',(-0.707100679549251,-0.00415398367818711,0.707100681233295));
#10086=DIRECTION('',(0.0117485306275287,-0.999930983632418,0.));
#10087=DIRECTION('',(0.70705797924502,0.00830746567570353,-0.707106781186545));
#10088=DIRECTION('center_axis',(0.,0.,-1.));
#10089=DIRECTION('ref_axis',(1.,0.,0.));
#10090=DIRECTION('',(-0.707050486862868,-0.00892238908439797,-0.707106781186553));
#10091=DIRECTION('center_axis',(0.,0.,-1.));
#10092=DIRECTION('ref_axis',(1.,0.,0.));
#10093=DIRECTION('center_axis',(-0.707050486862879,-0.00892238908439792,
0.707106781186542));
#10094=DIRECTION('ref_axis',(0.707134928908571,2.94404054846613E-17,0.707078632344006));
#10095=DIRECTION('',(-0.0126181636519251,0.999920387803976,0.));
#10096=DIRECTION('',(-0.572493449449598,-0.579763421723594,-0.579763421723594));
#10097=DIRECTION('center_axis',(0.707106781186549,0.,0.707106781186546));
#10098=DIRECTION('ref_axis',(0.707106781186546,2.94392336003207E-17,-0.707106781186549));
#10099=DIRECTION('',(0.,-1.,0.));
#10100=DIRECTION('center_axis',(0.,-0.707106781186548,0.707106781186548));
#10101=DIRECTION('ref_axis',(1.,4.16333634234434E-17,4.16333634234434E-17));
#10102=DIRECTION('',(-1.,0.,0.));
#10103=DIRECTION('',(0.572618243063321,-0.579701797354069,-0.579701797354069));
#10104=DIRECTION('center_axis',(0.707053342618674,-0.00869314050040397,
0.707106781186547));
#10105=DIRECTION('ref_axis',(0.707133500975283,2.94403460349958E-17,-0.707080060388101));
#10106=DIRECTION('',(-0.0122939571952861,-0.99992442645256,0.));
#10107=DIRECTION('',(0.707053342618674,-0.00869314050040403,-0.707106781186548));
#10108=DIRECTION('center_axis',(0.,0.,-1.));
#10109=DIRECTION('ref_axis',(-1.,0.,0.));
#10110=DIRECTION('',(-0.707053342618674,-0.00869314050040566,-0.707106781186548));
#10111=DIRECTION('center_axis',(0.,0.,-1.));
#10112=DIRECTION('ref_axis',(-1.,0.,0.));
#10113=DIRECTION('center_axis',(-0.707053342618683,-0.00869314050028813,
0.70710678118654));
#10114=DIRECTION('ref_axis',(0.707133500975275,2.94403460349955E-17,0.707080060388108));
#10115=DIRECTION('',(-0.0122939571951222,0.999924426452562,0.));
#10116=DIRECTION('center_axis',(0.99992442645256,-0.0122939571952861,0.));
#10117=DIRECTION('ref_axis',(0.0122939571952861,0.99992442645256,0.));
#10118=DIRECTION('',(0.,0.,1.));
#10119=DIRECTION('',(0.0122939571952861,0.99992442645256,0.));
#10120=DIRECTION('',(0.,0.,1.));
#10121=DIRECTION('center_axis',(0.,-1.,0.));
#10122=DIRECTION('ref_axis',(1.,0.,0.));
#10123=DIRECTION('',(0.,0.,1.));
#10124=DIRECTION('',(1.,0.,0.));
#10125=DIRECTION('center_axis',(-0.999920387803976,-0.0126181636519251,
0.));
#10126=DIRECTION('ref_axis',(0.0126181636519251,-0.999920387803976,0.));
#10127=DIRECTION('',(0.,0.,1.));
#10128=DIRECTION('',(0.0126181636519251,-0.999920387803976,0.));
#10129=DIRECTION('center_axis',(0.,0.,1.));
#10130=DIRECTION('ref_axis',(0.0121833482916118,-0.999925780257918,0.));
#10131=DIRECTION('',(0.,0.,1.));
#10132=DIRECTION('center_axis',(0.,0.,1.));
#10133=DIRECTION('ref_axis',(-1.,0.,0.));
#10134=DIRECTION('center_axis',(0.999930983632418,0.0117485306275287,0.));
#10135=DIRECTION('ref_axis',(-0.0117485306275287,0.999930983632418,0.));
#10136=DIRECTION('',(0.,0.,1.));
#10137=DIRECTION('',(-0.0117485306275287,0.999930983632418,0.));
#10138=DIRECTION('center_axis',(0.,0.,1.));
#10139=DIRECTION('ref_axis',(-1.,0.,0.));
#10140=DIRECTION('',(0.,0.,-1.));
#10141=DIRECTION('center_axis',(0.,0.,1.));
#10142=DIRECTION('ref_axis',(-1.,0.,0.));
#10143=DIRECTION('',(0.,0.,-1.));
#10144=DIRECTION('center_axis',(0.,0.,1.));
#10145=DIRECTION('ref_axis',(-1.,0.,0.));
#10146=DIRECTION('center_axis',(0.,0.,1.));
#10147=DIRECTION('ref_axis',(-1.,0.,0.));
#10148=DIRECTION('',(0.,0.,1.));
#10149=DIRECTION('center_axis',(-0.999924426452562,-0.0122939571951222,
0.));
#10150=DIRECTION('ref_axis',(0.0122939571951222,-0.999924426452562,0.));
#10151=DIRECTION('',(0.0122939571951222,-0.999924426452562,0.));
#10152=DIRECTION('',(0.,0.,1.));
#10153=DIRECTION('center_axis',(-1.,0.,0.));
#10154=DIRECTION('ref_axis',(0.,-1.,0.));
#10155=DIRECTION('',(0.,-1.,0.));
#10156=DIRECTION('',(0.,0.,1.));
#10157=DIRECTION('center_axis',(0.,1.,0.));
#10158=DIRECTION('ref_axis',(-1.,0.,0.));
#10159=DIRECTION('',(-1.,0.,0.));
#10160=DIRECTION('',(0.,0.,1.));
#10161=DIRECTION('center_axis',(1.,0.,0.));
#10162=DIRECTION('ref_axis',(0.,1.,0.));
#10163=DIRECTION('',(0.,1.,0.));
#10164=DIRECTION('center_axis',(0.,0.,1.));
#10165=DIRECTION('ref_axis',(-1.,0.,0.));
#10166=DIRECTION('center_axis',(0.,0.,-1.));
#10167=DIRECTION('ref_axis',(-1.,-4.16333634234434E-17,0.));
#10168=DIRECTION('center_axis',(0.,0.,-1.));
#10169=DIRECTION('ref_axis',(1.,0.,0.));
#10170=DIRECTION('center_axis',(0.,0.,-1.));
#10171=DIRECTION('ref_axis',(-1.,-4.16333634234434E-17,0.));
#10172=DIRECTION('center_axis',(0.,0.,-1.));
#10173=DIRECTION('ref_axis',(1.,0.,0.));
#10174=DIRECTION('center_axis',(0.,0.,1.));
#10175=DIRECTION('ref_axis',(1.,4.16333634234434E-17,0.));
#10176=DIRECTION('',(-0.93171690877341,-0.363185354751153,0.));
#10177=DIRECTION('',(0.856381288036951,0.516343964330148,0.));
#10178=DIRECTION('center_axis',(0.,0.,1.));
#10179=DIRECTION('ref_axis',(1.,0.,0.));
#10180=DIRECTION('center_axis',(0.,0.,-1.));
#10181=DIRECTION('ref_axis',(-1.,-4.16333634234434E-17,0.));
#10182=DIRECTION('center_axis',(0.,0.,-1.));
#10183=DIRECTION('ref_axis',(1.,0.,0.));
#10184=DIRECTION('center_axis',(0.,0.,-1.));
#10185=DIRECTION('ref_axis',(-1.,-4.16333634234434E-17,0.));
#10186=DIRECTION('center_axis',(0.,0.,-1.));
#10187=DIRECTION('ref_axis',(1.,0.,0.));
#10188=DIRECTION('center_axis',(0.,0.,-1.));
#10189=DIRECTION('ref_axis',(-1.,-4.16333634234434E-17,0.));
#10190=DIRECTION('center_axis',(0.,0.,-1.));
#10191=DIRECTION('ref_axis',(1.,0.,0.));
#10192=DIRECTION('center_axis',(0.,0.,-1.));
#10193=DIRECTION('ref_axis',(-1.,-4.16333634234434E-17,0.));
#10194=DIRECTION('center_axis',(0.,0.,1.));
#10195=DIRECTION('ref_axis',(-1.,-4.16333634234434E-17,0.));
#10196=DIRECTION('',(0.,0.,-1.));
#10197=DIRECTION('center_axis',(0.,0.,1.));
#10198=DIRECTION('ref_axis',(-1.,-4.16333634234434E-17,0.));
#10199=DIRECTION('',(0.,0.,-1.));
#10200=DIRECTION('center_axis',(0.,0.,1.));
#10201=DIRECTION('ref_axis',(-1.,-4.16333634234434E-17,0.));
#10202=DIRECTION('',(0.,0.,-1.));
#10203=DIRECTION('center_axis',(0.,0.,1.));
#10204=DIRECTION('ref_axis',(-1.,-4.16333634234434E-17,0.));
#10205=DIRECTION('',(0.,0.,-1.));
#10206=DIRECTION('center_axis',(0.,0.,1.));
#10207=DIRECTION('ref_axis',(1.,4.16333634234434E-17,0.));
#10208=DIRECTION('',(0.,0.,-1.));
#10209=DIRECTION('center_axis',(0.,0.,1.));
#10210=DIRECTION('ref_axis',(-1.,-4.16333634234434E-17,0.));
#10211=DIRECTION('',(0.,0.,-1.));
#10212=DIRECTION('center_axis',(0.,0.,1.));
#10213=DIRECTION('ref_axis',(-1.,-4.16333634234434E-17,0.));
#10214=DIRECTION('',(0.,0.,-1.));
#10215=DIRECTION('center_axis',(0.,0.,1.));
#10216=DIRECTION('ref_axis',(-1.,-4.16333634234434E-17,0.));
#10217=DIRECTION('',(0.,0.,-1.));
#10218=DIRECTION('center_axis',(0.51634396433015,0.85638128803695,0.));
#10219=DIRECTION('ref_axis',(-0.85638128803695,0.51634396433015,0.));
#10220=DIRECTION('',(0.,0.,1.));
#10221=DIRECTION('',(0.,0.,1.));
#10222=DIRECTION('center_axis',(0.363185354751153,0.93171690877341,0.));
#10223=DIRECTION('ref_axis',(-0.93171690877341,0.363185354751153,0.));
#10224=DIRECTION('center_axis',(-0.516343964330149,0.85638128803695,0.));
#10225=DIRECTION('ref_axis',(-0.85638128803695,-0.516343964330149,0.));
#10226=DIRECTION('',(0.,0.,1.));
#10227=DIRECTION('center_axis',(0.,0.,1.));
#10228=DIRECTION('ref_axis',(1.,4.16333634234434E-17,0.));
#10229=DIRECTION('',(0.,0.,1.));
#10230=DIRECTION('',(0.,0.,-1.));
#10231=DIRECTION('center_axis',(0.921099333533374,-0.389327648343107,0.));
#10232=DIRECTION('ref_axis',(0.389327648343107,0.921099333533374,0.));
#10233=DIRECTION('',(0.,0.,1.));
#10234=DIRECTION('center_axis',(0.999866509693617,0.016338996086152,0.));
#10235=DIRECTION('ref_axis',(-0.016338996086152,0.999866509693617,0.));
#10236=DIRECTION('',(0.,0.,1.));
#10237=DIRECTION('center_axis',(0.309016994374947,0.951056516295154,0.));
#10238=DIRECTION('ref_axis',(-0.951056516295154,0.309016994374947,0.));
#10239=DIRECTION('',(0.,0.,1.));
#10240=DIRECTION('center_axis',(0.,0.,1.));
#10241=DIRECTION('ref_axis',(1.,4.16333634234434E-17,0.));
#10242=DIRECTION('',(0.,0.,1.));
#10243=DIRECTION('',(0.,0.,-1.));
#10244=DIRECTION('center_axis',(0.309016994374947,-0.951056516295154,0.));
#10245=DIRECTION('ref_axis',(0.951056516295154,0.309016994374947,0.));
#10246=DIRECTION('',(0.,0.,1.));
#10247=DIRECTION('center_axis',(0.999866509693617,-0.016338996086152,0.));
#10248=DIRECTION('ref_axis',(0.016338996086152,0.999866509693617,0.));
#10249=DIRECTION('',(0.,0.,1.));
#10250=DIRECTION('center_axis',(0.921099333533374,0.389327648343107,0.));
#10251=DIRECTION('ref_axis',(-0.389327648343107,0.921099333533374,0.));
#10252=DIRECTION('center_axis',(-0.51634396433015,-0.856381288036949,0.));
#10253=DIRECTION('ref_axis',(0.856381288036949,-0.51634396433015,0.));
#10254=DIRECTION('',(0.,0.,1.));
#10255=DIRECTION('center_axis',(-0.363185354751152,-0.93171690877341,0.));
#10256=DIRECTION('ref_axis',(0.93171690877341,-0.363185354751152,0.));
#10257=DIRECTION('',(0.,0.,1.));
#10258=DIRECTION('center_axis',(0.363185354751153,-0.93171690877341,0.));
#10259=DIRECTION('ref_axis',(0.93171690877341,0.363185354751153,0.));
#10260=DIRECTION('',(0.,0.,1.));
#10261=DIRECTION('center_axis',(0.516343964330148,-0.856381288036951,0.));
#10262=DIRECTION('ref_axis',(0.856381288036951,0.516343964330148,0.));
#10263=DIRECTION('',(0.,0.,1.));
#10264=DIRECTION('center_axis',(0.,0.,1.));
#10265=DIRECTION('ref_axis',(1.,4.16333634234434E-17,0.));
#10266=DIRECTION('',(0.,0.,-1.));
#10267=DIRECTION('',(0.,0.,1.));
#10268=DIRECTION('center_axis',(-0.921099333533373,0.389327648343109,0.));
#10269=DIRECTION('ref_axis',(-0.389327648343109,-0.921099333533373,0.));
#10270=DIRECTION('',(0.,0.,1.));
#10271=DIRECTION('center_axis',(-0.999866509693617,-0.0163389960861532,
0.));
#10272=DIRECTION('ref_axis',(0.0163389960861532,-0.999866509693617,0.));
#10273=DIRECTION('',(0.,0.,1.));
#10274=DIRECTION('center_axis',(-0.309016994374948,-0.951056516295154,0.));
#10275=DIRECTION('ref_axis',(0.951056516295153,-0.309016994374948,0.));
#10276=DIRECTION('',(0.,0.,1.));
#10277=DIRECTION('center_axis',(0.,0.,1.));
#10278=DIRECTION('ref_axis',(1.,4.16333634234434E-17,0.));
#10279=DIRECTION('',(0.,0.,-1.));
#10280=DIRECTION('',(0.,0.,1.));
#10281=DIRECTION('center_axis',(-0.309016994374948,0.951056516295154,0.));
#10282=DIRECTION('ref_axis',(-0.951056516295154,-0.309016994374948,0.));
#10283=DIRECTION('',(0.,0.,1.));
#10284=DIRECTION('center_axis',(-0.999866509693617,0.0163389960861525,0.));
#10285=DIRECTION('ref_axis',(-0.0163389960861525,-0.999866509693617,0.));
#10286=DIRECTION('',(0.,0.,1.));
#10287=DIRECTION('center_axis',(-0.921099333533374,-0.389327648343106,0.));
#10288=DIRECTION('ref_axis',(0.389327648343106,-0.921099333533374,0.));
#10289=DIRECTION('',(0.,0.,1.));
#10290=DIRECTION('center_axis',(0.,0.,1.));
#10291=DIRECTION('ref_axis',(1.,4.16333634234434E-17,0.));
#10292=DIRECTION('',(0.,0.,-1.));
#10293=CARTESIAN_POINT('',(0.,0.,0.));
#10294=CARTESIAN_POINT('Origin',(-150.847327452518,-9.84231441106397,-41.));
#10295=CARTESIAN_POINT('',(-173.897109638133,-12.342314411064,-41.));
#10296=CARTESIAN_POINT('Origin',(-175.647109638133,-12.342314411064,-41.));
#10297=CARTESIAN_POINT('',(-176.897109638133,-12.342314411064,-41.));
#10298=CARTESIAN_POINT('Origin',(-175.647109638133,-12.342314411064,-41.));
#10299=CARTESIAN_POINT('Origin',(-150.847327452518,-9.84231441106397,-41.));
#10300=CARTESIAN_POINT('',(-170.687247500226,-28.4487079145551,-41.));
#10301=CARTESIAN_POINT('',(-170.687247500226,-31.2195539431057,-41.));
#10302=CARTESIAN_POINT('',(-170.687247500226,55.7767233889617,-41.));
#10303=CARTESIAN_POINT('',(-159.979984418113,-41.5948514544126,-41.));
#10304=CARTESIAN_POINT('Ctrl Pts',(-170.687247500228,-31.2195539431055,
-41.));
#10305=CARTESIAN_POINT('Ctrl Pts',(-165.823158498758,-31.7902609702847,
-41.));
#10306=CARTESIAN_POINT('Ctrl Pts',(-165.475906909586,-32.3729339455889,
-41.));
#10307=CARTESIAN_POINT('Ctrl Pts',(-159.979984418113,-41.5948514544126,
-41.));
#10308=CARTESIAN_POINT('',(-165.869431941866,-58.3971995658831,-41.));
#10309=CARTESIAN_POINT('Ctrl Pts',(-159.979984418113,-41.5948514544126,
-41.));
#10310=CARTESIAN_POINT('Ctrl Pts',(-154.113391603986,-51.4387434883075,
-41.));
#10311=CARTESIAN_POINT('Ctrl Pts',(-154.113391603986,-51.4387434883075,
-41.));
#10312=CARTESIAN_POINT('Ctrl Pts',(-165.869431941866,-58.3971995658831,
-41.));
#10313=CARTESIAN_POINT('',(-170.687247500226,-61.1757959998359,-41.));
#10314=CARTESIAN_POINT('Ctrl Pts',(-165.869431941866,-58.3971995658831,
-41.));
#10315=CARTESIAN_POINT('Ctrl Pts',(-167.764414573307,-59.5188490405238,
-41.));
#10316=CARTESIAN_POINT('Ctrl Pts',(-169.353940684504,-60.4596973089828,
-41.));
#10317=CARTESIAN_POINT('Ctrl Pts',(-170.687247500226,-61.1757959998359,
-41.));
#10318=CARTESIAN_POINT('',(-170.687247500226,-64.4897921388459,-41.));
#10319=CARTESIAN_POINT('',(-170.687247500226,55.7767233889617,-41.));
#10320=CARTESIAN_POINT('',(-165.155434018333,-61.1721448504087,-41.));
#10321=CARTESIAN_POINT('Ctrl Pts',(-170.687247500238,-64.4897921388533,
-41.));
#10322=CARTESIAN_POINT('Ctrl Pts',(-169.189764911666,-63.5600847120719,
-41.));
#10323=CARTESIAN_POINT('Ctrl Pts',(-167.369079461506,-62.4824122362788,
-41.));
#10324=CARTESIAN_POINT('Ctrl Pts',(-165.155434018333,-61.1721448504087,
-41.));
#10325=CARTESIAN_POINT('',(-148.971533299644,-57.2674768562274,-41.));
#10326=CARTESIAN_POINT('Ctrl Pts',(-165.155434018333,-61.1721448504087,
-41.));
#10327=CARTESIAN_POINT('Ctrl Pts',(-152.685397371808,-53.7910708351092,
-41.));
#10328=CARTESIAN_POINT('Ctrl Pts',(-152.685397371808,-53.7910708351092,
-41.));
#10329=CARTESIAN_POINT('Ctrl Pts',(-148.971533299644,-57.2674768562274,
-41.));
#10330=CARTESIAN_POINT('',(-147.834144714236,-72.3962183049477,-41.));
#10331=CARTESIAN_POINT('Ctrl Pts',(-148.971533299644,-57.2674768562274,
-41.));
#10332=CARTESIAN_POINT('Ctrl Pts',(-145.257670842369,-60.743884492234,-41.));
#10333=CARTESIAN_POINT('Ctrl Pts',(-145.257670842369,-60.743884492234,-41.));
#10334=CARTESIAN_POINT('Ctrl Pts',(-147.834144714236,-72.3962183049477,
-41.));
#10335=CARTESIAN_POINT('',(-152.070823437021,-82.7797264786431,-41.));
#10336=CARTESIAN_POINT('Ctrl Pts',(-147.834144714236,-72.3962183049477,
-41.));
#10337=CARTESIAN_POINT('Ctrl Pts',(-149.180285562929,-78.4842684739132,
-41.));
#10338=CARTESIAN_POINT('Ctrl Pts',(-149.823101811327,-81.3914661668364,
-41.));
#10339=CARTESIAN_POINT('Ctrl Pts',(-152.070823436988,-82.7797264786227,
-41.));
#10340=CARTESIAN_POINT('',(-146.073762718147,-82.7797264786431,-41.));
#10341=CARTESIAN_POINT('',(-170.687247500226,-82.7797264786431,-41.));
#10342=CARTESIAN_POINT('',(-145.116707224408,-72.851616864518,-41.));
#10343=CARTESIAN_POINT('Ctrl Pts',(-146.073762718154,-82.7797264786341,
-41.));
#10344=CARTESIAN_POINT('Ctrl Pts',(-147.012727896796,-81.4265420625211,
-41.));
#10345=CARTESIAN_POINT('Ctrl Pts',(-146.394423802162,-78.6302057997802,
-41.));
#10346=CARTESIAN_POINT('Ctrl Pts',(-145.116707224408,-72.851616864518,-41.));
#10347=CARTESIAN_POINT('',(-136.109033528526,-61.675652553554,-41.));
#10348=CARTESIAN_POINT('Ctrl Pts',(-145.116707224408,-72.851616864518,-41.));
#10349=CARTESIAN_POINT('Ctrl Pts',(-142.640928110639,-61.6546816113747,
-41.));
#10350=CARTESIAN_POINT('Ctrl Pts',(-142.640928110639,-61.6546816113747,
-41.));
#10351=CARTESIAN_POINT('Ctrl Pts',(-136.109033528526,-61.675652553554,-41.));
#10352=CARTESIAN_POINT('',(-129.577138946413,-72.8725886141416,-41.));
#10353=CARTESIAN_POINT('Ctrl Pts',(-136.109033528526,-61.675652553554,-41.));
#10354=CARTESIAN_POINT('Ctrl Pts',(-129.577138946413,-61.6966251106219,
-41.));
#10355=CARTESIAN_POINT('Ctrl Pts',(-129.577138946413,-61.6966251106219,
-41.));
#10356=CARTESIAN_POINT('Ctrl Pts',(-129.577138946413,-72.8725886141416,
-41.));
#10357=CARTESIAN_POINT('',(-130.81313377238,-82.7797264786431,-41.));
#10358=CARTESIAN_POINT('Ctrl Pts',(-129.577138946413,-72.8725886141416,
-41.));
#10359=CARTESIAN_POINT('Ctrl Pts',(-129.577138946413,-78.6369735864741,
-41.));
#10360=CARTESIAN_POINT('Ctrl Pts',(-129.577138946413,-81.4281800853096,
-41.));
#10361=CARTESIAN_POINT('Ctrl Pts',(-130.81313377238,-82.7797264786431,-41.));
#10362=CARTESIAN_POINT('',(-126.008393300271,-82.7797264786431,-41.));
#10363=CARTESIAN_POINT('',(-170.687247500226,-82.7797264786431,-41.));
#10364=CARTESIAN_POINT('',(-126.007380924889,55.7767233889617,-41.));
#10365=CARTESIAN_POINT('',(-126.007327452518,63.0950976565152,-41.));
#10366=CARTESIAN_POINT('',(-130.948526102069,55.7767233889617,-41.));
#10367=CARTESIAN_POINT('',(-125.007327452518,55.7767233889617,-41.));
#10368=CARTESIAN_POINT('',(-129.577138946413,41.3352287050926,-41.));
#10369=CARTESIAN_POINT('Ctrl Pts',(-130.948526102069,55.7767233889617,-41.));
#10370=CARTESIAN_POINT('Ctrl Pts',(-129.577138946413,54.0585074596859,-41.));
#10371=CARTESIAN_POINT('Ctrl Pts',(-129.577138946413,50.1637320934392,-41.));
#10372=CARTESIAN_POINT('Ctrl Pts',(-129.577138946413,41.3352287050926,-41.));
#10373=CARTESIAN_POINT('',(-140.730473017255,26.2126892356916,-41.));
#10374=CARTESIAN_POINT('Ctrl Pts',(-129.577138946413,41.3352287050926,-41.));
#10375=CARTESIAN_POINT('Ctrl Pts',(-129.577138946413,25.5373557802879,-41.));
#10376=CARTESIAN_POINT('Ctrl Pts',(-129.577138946413,25.5373557802879,-41.));
#10377=CARTESIAN_POINT('Ctrl Pts',(-140.730473017255,26.2126892356916,-41.));
#10378=CARTESIAN_POINT('',(-148.588178146242,42.0105621604963,-41.));
#10379=CARTESIAN_POINT('Ctrl Pts',(-140.730473017255,26.2126892356916,-41.));
#10380=CARTESIAN_POINT('Ctrl Pts',(-151.883807088096,26.8880226910952,-41.));
#10381=CARTESIAN_POINT('Ctrl Pts',(-151.883807088096,26.8880226910952,-41.));
#10382=CARTESIAN_POINT('Ctrl Pts',(-148.588178146242,42.0105621604963,-41.));
#10383=CARTESIAN_POINT('',(-144.263851840204,55.7767233889617,-41.));
#10384=CARTESIAN_POINT('Ctrl Pts',(-148.588178146242,42.0105621604963,-41.));
#10385=CARTESIAN_POINT('Ctrl Pts',(-146.767774189308,50.3637944850984,-41.));
#10386=CARTESIAN_POINT('Ctrl Pts',(-145.952905328979,54.1029584648755,-41.));
#10387=CARTESIAN_POINT('Ctrl Pts',(-144.263851840204,55.7767233889618,-41.));
#10388=CARTESIAN_POINT('',(-150.911899794434,55.7767233889617,-41.));
#10389=CARTESIAN_POINT('',(-125.007327452518,55.7767233889617,-41.));
#10390=CARTESIAN_POINT('',(-151.437616622805,41.8582846336408,-41.));
#10391=CARTESIAN_POINT('Ctrl Pts',(-150.911899794434,55.7767233889617,-41.));
#10392=CARTESIAN_POINT('Ctrl Pts',(-148.771367029267,54.0928216289062,-41.));
#10393=CARTESIAN_POINT('Ctrl Pts',(-149.593913592364,50.3184276708427,-41.));
#10394=CARTESIAN_POINT('Ctrl Pts',(-151.437616622805,41.8582846336408,-41.));
#10395=CARTESIAN_POINT('',(-155.806426182945,26.117617519383,-41.));
#10396=CARTESIAN_POINT('Ctrl Pts',(-151.437616622805,41.8582846336408,-41.));
#10397=CARTESIAN_POINT('Ctrl Pts',(-154.766434753298,26.5834417991682,-41.));
#10398=CARTESIAN_POINT('Ctrl Pts',(-154.766434753298,26.5834417991682,-41.));
#10399=CARTESIAN_POINT('Ctrl Pts',(-155.806426182945,26.117617519383,-41.));
#10400=CARTESIAN_POINT('',(-167.235945753613,27.1405008201642,-41.));
#10401=CARTESIAN_POINT('Ctrl Pts',(-155.806426182945,26.117617519383,-41.));
#10402=CARTESIAN_POINT('Ctrl Pts',(-156.84641922748,25.6517932395978,-41.));
#10403=CARTESIAN_POINT('Ctrl Pts',(-156.84641922748,25.6517932395978,-41.));
#10404=CARTESIAN_POINT('Ctrl Pts',(-167.235945753613,27.1405008201642,-41.));
#10405=CARTESIAN_POINT('',(-170.687247500226,27.6634950000067,-41.));
#10406=CARTESIAN_POINT('Ctrl Pts',(-167.235945753613,27.1405008201642,-41.));
#10407=CARTESIAN_POINT('Ctrl Pts',(-168.544201486161,27.3279614443766,-41.));
#10408=CARTESIAN_POINT('Ctrl Pts',(-169.687720831787,27.4918169085621,-41.));
#10409=CARTESIAN_POINT('Ctrl Pts',(-170.687247500226,27.6634950000067,-41.));
#10410=CARTESIAN_POINT('',(-170.687247500226,24.8350941870975,-41.));
#10411=CARTESIAN_POINT('',(-170.687247500226,55.7767233889617,-41.));
#10412=CARTESIAN_POINT('',(-167.696052520632,24.4266613019351,-41.));
#10413=CARTESIAN_POINT('Ctrl Pts',(-170.687247500226,24.8350941870975,-41.));
#10414=CARTESIAN_POINT('Ctrl Pts',(-169.806670544969,24.7290906564626,-41.));
#10415=CARTESIAN_POINT('Ctrl Pts',(-168.814333622462,24.5868992170419,-41.));
#10416=CARTESIAN_POINT('Ctrl Pts',(-167.696052520632,24.4266613019351,-41.));
#10417=CARTESIAN_POINT('',(-155.829320457339,14.9536219546043,-41.));
#10418=CARTESIAN_POINT('Ctrl Pts',(-167.696052520632,24.4266613019351,-41.));
#10419=CARTESIAN_POINT('Ctrl Pts',(-157.766632761517,23.0038799298648,-41.));
#10420=CARTESIAN_POINT('Ctrl Pts',(-157.766632761517,23.0038799298648,-41.));
#10421=CARTESIAN_POINT('Ctrl Pts',(-155.829320457339,14.9536219546043,-41.));
#10422=CARTESIAN_POINT('',(-159.557108098228,2.40172014999823,-41.));
#10423=CARTESIAN_POINT('Ctrl Pts',(-155.829320457339,14.9536219546043,-41.));
#10424=CARTESIAN_POINT('Ctrl Pts',(-153.89200815316,6.90336397934393,-41.));
#10425=CARTESIAN_POINT('Ctrl Pts',(-153.89200815316,6.90336397934393,-41.));
#10426=CARTESIAN_POINT('Ctrl Pts',(-159.557108098228,2.40172014999823,-41.));
#10427=CARTESIAN_POINT('',(-170.687247500226,-2.22978364536343,-41.));
#10428=CARTESIAN_POINT('Ctrl Pts',(-159.557108098228,2.40172014999823,-41.));
#10429=CARTESIAN_POINT('Ctrl Pts',(-164.98853544137,-1.91423978911748,-41.));
#10430=CARTESIAN_POINT('Ctrl Pts',(-165.212571059649,-2.0922645867142,-41.));
#10431=CARTESIAN_POINT('Ctrl Pts',(-170.687247500218,-2.22978364536323,
-41.));
#10432=CARTESIAN_POINT('',(-170.687247500226,-14.7088138985934,-41.));
#10433=CARTESIAN_POINT('',(-170.687247500226,55.7767233889617,-41.));
#10434=CARTESIAN_POINT('',(-165.717947803773,-5.19733170859355,-41.));
#10435=CARTESIAN_POINT('Origin',(-182.594517805109,-2.43397504158324,-41.));
#10436=CARTESIAN_POINT('',(-160.676408317446,-8.18420346450373,-41.));
#10437=CARTESIAN_POINT('Ctrl Pts',(-165.717947803773,-5.19733170859355,
-41.));
#10438=CARTESIAN_POINT('Ctrl Pts',(-164.220687921577,-5.55398948376148,
-41.));
#10439=CARTESIAN_POINT('Ctrl Pts',(-163.105286313803,-6.38173030293687,
-41.));
#10440=CARTESIAN_POINT('Ctrl Pts',(-160.676408317446,-8.18420346450373,
-41.));
#10441=CARTESIAN_POINT('',(-154.69655691262,-18.1067825558937,-41.));
#10442=CARTESIAN_POINT('Ctrl Pts',(-160.676408317446,-8.18420346450373,
-41.));
#10443=CARTESIAN_POINT('Ctrl Pts',(-156.184931826154,-11.5173268877622,
-41.));
#10444=CARTESIAN_POINT('Ctrl Pts',(-156.184931826154,-11.5173268877622,
-41.));
#10445=CARTESIAN_POINT('Ctrl Pts',(-154.69655691262,-18.1067825558937,-41.));
#10446=CARTESIAN_POINT('',(-159.19603033181,-26.8759630571958,-41.));
#10447=CARTESIAN_POINT('Ctrl Pts',(-154.69655691262,-18.1067825558937,-41.));
#10448=CARTESIAN_POINT('Ctrl Pts',(-153.208181999087,-24.6962382240252,
-41.));
#10449=CARTESIAN_POINT('Ctrl Pts',(-153.208181999087,-24.6962382240252,
-41.));
#10450=CARTESIAN_POINT('Ctrl Pts',(-159.19603033181,-26.8759630571958,-41.));
#10451=CARTESIAN_POINT('Ctrl Pts',(-159.19603033181,-26.8759630571958,-41.));
#10452=CARTESIAN_POINT('Ctrl Pts',(-164.944359730956,-28.9684976411632,
-41.));
#10453=CARTESIAN_POINT('Ctrl Pts',(-165.174296218896,-29.0522002301625,
-41.));
#10454=CARTESIAN_POINT('Ctrl Pts',(-170.687247500076,-28.4487079145716,
-41.));
#10455=CARTESIAN_POINT('',(-157.258441881696,0.713670731866713,-41.));
#10456=CARTESIAN_POINT('',(-142.039588846723,1.98500785955225,-41.));
#10457=CARTESIAN_POINT('Ctrl Pts',(-157.258441881696,0.713670731866713,
-41.));
#10458=CARTESIAN_POINT('Ctrl Pts',(-152.04752448515,4.85440635808741,-41.));
#10459=CARTESIAN_POINT('Ctrl Pts',(-152.04752448515,4.85440635808741,-41.));
#10460=CARTESIAN_POINT('Ctrl Pts',(-142.039588846723,1.98500785955225,-41.));
#10461=CARTESIAN_POINT('',(-143.381180084109,-5.02715456517105,-41.));
#10462=CARTESIAN_POINT('Ctrl Pts',(-142.039588846723,1.98500785955225,-41.));
#10463=CARTESIAN_POINT('Ctrl Pts',(-132.031649978518,-0.884390638982904,
-41.));
#10464=CARTESIAN_POINT('Ctrl Pts',(-132.031649978518,-0.884390638982904,
-41.));
#10465=CARTESIAN_POINT('Ctrl Pts',(-143.381180084109,-5.02715456517105,
-41.));
#10466=CARTESIAN_POINT('',(-158.600031504193,-6.29849169285659,-41.));
#10467=CARTESIAN_POINT('Ctrl Pts',(-143.381180084109,-5.02715456517105,
-41.));
#10468=CARTESIAN_POINT('Ctrl Pts',(-154.730706959922,-9.1699184913592,-41.));
#10469=CARTESIAN_POINT('Ctrl Pts',(-154.730706959922,-9.1699184913592,-41.));
#10470=CARTESIAN_POINT('Ctrl Pts',(-158.600031504193,-6.29849169285659,
-41.));
#10471=CARTESIAN_POINT('Ctrl Pts',(-158.600031504193,-6.29849169285659,
-41.));
#10472=CARTESIAN_POINT('Ctrl Pts',(-162.469357663353,-3.42707135390803,
-41.));
#10473=CARTESIAN_POINT('Ctrl Pts',(-162.469357663353,-3.42707135390803,
-41.));
#10474=CARTESIAN_POINT('Ctrl Pts',(-157.258441881696,0.713670731866713,
-41.));
#10475=CARTESIAN_POINT('',(-157.251355750918,-29.096370161688,-41.));
#10476=CARTESIAN_POINT('',(-142.819612294395,-29.1362514483091,-41.));
#10477=CARTESIAN_POINT('Ctrl Pts',(-157.251355750918,-29.096370161688,-41.));
#10478=CARTESIAN_POINT('Ctrl Pts',(-151.520615432619,-27.0102378069517,
-41.));
#10479=CARTESIAN_POINT('Ctrl Pts',(-151.520615432619,-27.0102378069517,
-41.));
#10480=CARTESIAN_POINT('Ctrl Pts',(-142.819612294395,-29.1362514483091,
-41.));
#10481=CARTESIAN_POINT('',(-143.110605514407,-40.3500437151548,-41.));
#10482=CARTESIAN_POINT('Ctrl Pts',(-142.819612294395,-29.1362514483091,
-41.));
#10483=CARTESIAN_POINT('Ctrl Pts',(-134.118609156171,-31.2622650896665,
-41.));
#10484=CARTESIAN_POINT('Ctrl Pts',(-134.118609156171,-31.2622650896665,
-41.));
#10485=CARTESIAN_POINT('Ctrl Pts',(-143.110605514407,-40.3500437151548,
-41.));
#10486=CARTESIAN_POINT('',(-157.542347356041,-40.3101624285337,-41.));
#10487=CARTESIAN_POINT('Ctrl Pts',(-143.110605514407,-40.3500437151548,
-41.));
#10488=CARTESIAN_POINT('Ctrl Pts',(-152.102600257754,-49.4378223406431,
-41.));
#10489=CARTESIAN_POINT('Ctrl Pts',(-152.102600257754,-49.4378223406431,
-41.));
#10490=CARTESIAN_POINT('Ctrl Pts',(-157.542347356041,-40.3101624285337,
-41.));
#10491=CARTESIAN_POINT('Ctrl Pts',(-157.542347356041,-40.3101624285337,
-41.));
#10492=CARTESIAN_POINT('Ctrl Pts',(-162.982096069216,-31.1825025164243,
-41.));
#10493=CARTESIAN_POINT('Ctrl Pts',(-162.982096069216,-31.1825025164243,
-41.));
#10494=CARTESIAN_POINT('Ctrl Pts',(-157.251355750918,-29.096370161688,-41.));
#10495=CARTESIAN_POINT('',(-141.446563028851,23.4993406435692,-41.));
#10496=CARTESIAN_POINT('',(-129.577138946413,12.0275214907372,-41.));
#10497=CARTESIAN_POINT('Ctrl Pts',(-141.446563028851,23.4993406435692,-41.));
#10498=CARTESIAN_POINT('Ctrl Pts',(-129.577138946413,22.7806442019188,-41.));
#10499=CARTESIAN_POINT('Ctrl Pts',(-129.577138946413,22.7806442019188,-41.));
#10500=CARTESIAN_POINT('Ctrl Pts',(-129.577138946413,12.0275214907372,-41.));
#10501=CARTESIAN_POINT('',(-140.388081125775,4.37403516261215,-41.));
#10502=CARTESIAN_POINT('Ctrl Pts',(-129.577138946413,12.0275214907372,-41.));
#10503=CARTESIAN_POINT('Ctrl Pts',(-129.577138946413,1.27440523910956,-41.));
#10504=CARTESIAN_POINT('Ctrl Pts',(-129.577138946413,1.27440523910956,-41.));
#10505=CARTESIAN_POINT('Ctrl Pts',(-140.388081125775,4.37403516261215,-41.));
#10506=CARTESIAN_POINT('',(-153.120760009646,15.4591854108218,-41.));
#10507=CARTESIAN_POINT('Ctrl Pts',(-140.388081125775,4.37403516261215,-41.));
#10508=CARTESIAN_POINT('Ctrl Pts',(-151.199026534914,7.47366508611476,-41.));
#10509=CARTESIAN_POINT('Ctrl Pts',(-151.199026534914,7.47366508611476,-41.));
#10510=CARTESIAN_POINT('Ctrl Pts',(-153.120760009646,15.4591854108218,-41.));
#10511=CARTESIAN_POINT('Ctrl Pts',(-153.120760009646,15.4591854108218,-41.));
#10512=CARTESIAN_POINT('Ctrl Pts',(-153.315985496401,24.2180306256656,-41.));
#10513=CARTESIAN_POINT('Ctrl Pts',(-153.315985496401,24.2180306256656,-41.));
#10514=CARTESIAN_POINT('Ctrl Pts',(-141.446563028851,23.4993406435692,-41.));
#10515=CARTESIAN_POINT('',(-141.461888320803,-7.2558298988299,-41.));
#10516=CARTESIAN_POINT('',(-129.577138946413,-15.81133481216,-41.));
#10517=CARTESIAN_POINT('Ctrl Pts',(-141.461888320803,-7.2558298988299,-41.));
#10518=CARTESIAN_POINT('Ctrl Pts',(-129.577138946413,-2.9177032203631,-41.));
#10519=CARTESIAN_POINT('Ctrl Pts',(-129.577138946413,-2.9177032203631,-41.));
#10520=CARTESIAN_POINT('Ctrl Pts',(-129.577138946413,-15.81133481216,-41.));
#10521=CARTESIAN_POINT('',(-140.927043706138,-26.7660666643735,-41.));
#10522=CARTESIAN_POINT('Ctrl Pts',(-129.577138946413,-15.81133481216,-41.));
#10523=CARTESIAN_POINT('Ctrl Pts',(-131.409113688031,-29.0916869850115,
-41.));
#10524=CARTESIAN_POINT('Ctrl Pts',(-131.409113688031,-29.0916869850115,
-41.));
#10525=CARTESIAN_POINT('Ctrl Pts',(-140.927043706138,-26.7660666643735,
-41.));
#10526=CARTESIAN_POINT('',(-151.895805709719,-18.0172014605161,-41.));
#10527=CARTESIAN_POINT('Ctrl Pts',(-140.927043706138,-26.7660666643735,
-41.));
#10528=CARTESIAN_POINT('Ctrl Pts',(-150.444973724245,-24.4404398841815,
-41.));
#10529=CARTESIAN_POINT('Ctrl Pts',(-150.444973724245,-24.4404398841815,
-41.));
#10530=CARTESIAN_POINT('Ctrl Pts',(-151.895805709719,-18.0172014605161,
-41.));
#10531=CARTESIAN_POINT('Ctrl Pts',(-151.895805709719,-18.0172014605161,
-41.));
#10532=CARTESIAN_POINT('Ctrl Pts',(-153.346634465416,-11.5939630368507,
-41.));
#10533=CARTESIAN_POINT('Ctrl Pts',(-153.346634465416,-11.5939630368507,
-41.));
#10534=CARTESIAN_POINT('Ctrl Pts',(-141.461888320803,-7.2558298988299,-41.));
#10535=CARTESIAN_POINT('',(-140.70841364022,-41.8344879900571,-41.));
#10536=CARTESIAN_POINT('',(-129.577138946413,-45.231108829494,-41.));
#10537=CARTESIAN_POINT('Ctrl Pts',(-140.70841364022,-41.8344879900571,-41.));
#10538=CARTESIAN_POINT('Ctrl Pts',(-130.743576146324,-31.7635038744565,
-41.));
#10539=CARTESIAN_POINT('Ctrl Pts',(-129.577138946413,-31.5172721341408,
-41.));
#10540=CARTESIAN_POINT('Ctrl Pts',(-129.577138946413,-45.231108829494,-41.));
#10541=CARTESIAN_POINT('',(-136.388406010826,-58.9230750897682,-41.));
#10542=CARTESIAN_POINT('Ctrl Pts',(-129.577138946413,-45.231108829494,-41.));
#10543=CARTESIAN_POINT('Ctrl Pts',(-129.577138946413,-58.9449439099587,
-41.));
#10544=CARTESIAN_POINT('Ctrl Pts',(-129.577138946413,-58.9449439099587,
-41.));
#10545=CARTESIAN_POINT('Ctrl Pts',(-136.388406010826,-58.9230750897682,
-41.));
#10546=CARTESIAN_POINT('',(-146.936460489789,-55.403339995062,-41.));
#10547=CARTESIAN_POINT('Ctrl Pts',(-136.388406010826,-58.9230750897682,
-41.));
#10548=CARTESIAN_POINT('Ctrl Pts',(-143.199669845461,-58.9012062695778,
-41.));
#10549=CARTESIAN_POINT('Ctrl Pts',(-143.199669845461,-58.9012062695778,
-41.));
#10550=CARTESIAN_POINT('Ctrl Pts',(-146.936460489789,-55.403339995062,-41.));
#10551=CARTESIAN_POINT('Ctrl Pts',(-146.936460489789,-55.403339995062,-41.));
#10552=CARTESIAN_POINT('Ctrl Pts',(-150.673251134117,-51.9054721056577,
-41.));
#10553=CARTESIAN_POINT('Ctrl Pts',(-150.673251134117,-51.9054721056577,
-41.));
#10554=CARTESIAN_POINT('Ctrl Pts',(-140.70841364022,-41.8344879900571,-41.));
#10555=CARTESIAN_POINT('Origin',(-126.097679106604,-32.2797264786431,-47.5));
#10556=CARTESIAN_POINT('',(-126.007969975267,-24.8423144107303,-44.5013415880006));
#10557=CARTESIAN_POINT('',(-124.093761904324,-24.8423283970668,-45.2674418604651));
#10558=CARTESIAN_POINT('Origin',(-126.097679106604,-24.8423137552623,-47.5));
#10559=CARTESIAN_POINT('',(-126.008429833228,-87.7797264786431,-44.5013278781989));
#10560=CARTESIAN_POINT('',(-126.007878642873,-12.342314411064,-44.5013443846457));
#10561=CARTESIAN_POINT('',(-126.097679106604,-87.7797264786431,-44.5));
#10562=CARTESIAN_POINT('Origin',(-126.097679106604,-87.7797264786431,-47.5));
#10563=CARTESIAN_POINT('',(-126.097679106604,63.0950976565152,-44.5));
#10564=CARTESIAN_POINT('',(-126.097679106604,-32.2797264786431,-44.5));
#10565=CARTESIAN_POINT('',(-126.007327452518,63.0950976565152,-44.5013608843675));
#10566=CARTESIAN_POINT('Origin',(-126.097679106604,63.0950976565152,-47.5));
#10567=CARTESIAN_POINT('',(-126.007787310479,0.157685588602362,-44.5013470582461));
#10568=CARTESIAN_POINT('',(-126.00755738155,31.6263846300579,-44.5013539740484));
#10569=CARTESIAN_POINT('',(-124.093761904324,0.157671603600567,-45.2674418604651));
#10570=CARTESIAN_POINT('Origin',(-126.097679106604,0.157686245404998,-47.5));
#10571=CARTESIAN_POINT('',(-124.093761904324,-32.2797264786431,-45.2674418604651));
#10572=CARTESIAN_POINT('Origin',(-122.507327452518,-32.2797264786431,-43.5));
#10573=CARTESIAN_POINT('',(-120.132327452518,5.2762735213569,-43.5));
#10574=CARTESIAN_POINT('Origin',(-122.507327452518,5.2762735213569,-43.5));
#10575=CARTESIAN_POINT('',(-120.132327452518,-32.2797264786431,-43.5));
#10576=CARTESIAN_POINT('',(-120.132327452518,-32.2797264786431,-43.5));
#10577=CARTESIAN_POINT('Origin',(-122.507327452518,-32.2797264786431,-43.5));
#10578=CARTESIAN_POINT('',(-121.007969975401,-24.8423509436879,-41.6581117960603));
#10579=CARTESIAN_POINT('',(-122.349957453934,-24.8423411383336,-41.1302194862086));
#10580=CARTESIAN_POINT('Origin',(-122.507327452518,-24.8423399884953,-43.5));
#10581=CARTESIAN_POINT('',(-122.349957453934,0.157658862333756,-41.1302194862086));
#10582=CARTESIAN_POINT('',(-122.349957453934,-32.2797264786431,-41.1302194862086));
#10583=CARTESIAN_POINT('',(-121.007787310613,0.157649055644771,-41.6582605062565));
#10584=CARTESIAN_POINT('Origin',(-122.507327452518,0.157660012172056,-43.5));
#10585=CARTESIAN_POINT('',(-121.007878643007,-12.3423509440216,-41.6581861511583));
#10586=CARTESIAN_POINT('',(-122.664697451102,-24.842338838657,-41.1302194862086));
#10587=CARTESIAN_POINT('Origin',(-122.507327452518,-24.8423399884953,-43.5));
#10588=CARTESIAN_POINT('',(-122.664697451102,0.157661162010356,-41.1302194862086));
#10589=CARTESIAN_POINT('Origin',(-122.507327452518,0.157660012172056,-43.5));
#10590=CARTESIAN_POINT('',(-122.664697451102,-32.2797264786431,-41.1302194862086));
#10591=CARTESIAN_POINT('Origin',(-150.847327452518,-9.84231441106397,-44.5));
#10592=CARTESIAN_POINT('',(-180.687327452518,-87.7797264786431,-44.5));
#10593=CARTESIAN_POINT('',(-138.427860376394,-87.7797264786431,-44.5));
#10594=CARTESIAN_POINT('',(-180.687327452518,63.0950976565152,-44.5));
#10595=CARTESIAN_POINT('',(-180.687327452518,-46.3110204448535,-44.5));
#10596=CARTESIAN_POINT('',(-163.267327452518,63.0950976565152,-44.5));
#10597=CARTESIAN_POINT('',(-176.897109638133,-12.342314411064,-44.5));
#10598=CARTESIAN_POINT('Origin',(-175.647109638133,-12.342314411064,-44.5));
#10599=CARTESIAN_POINT('',(-136.109033528526,-61.675652553554,-44.5));
#10600=CARTESIAN_POINT('',(-145.116707224408,-72.851616864518,-44.5));
#10601=CARTESIAN_POINT('Ctrl Pts',(-145.116707224408,-72.851616864518,-44.5));
#10602=CARTESIAN_POINT('Ctrl Pts',(-143.878817667523,-67.2531492379463,
-44.5));
#10603=CARTESIAN_POINT('Ctrl Pts',(-143.259872889081,-64.4539154246605,
-44.5));
#10604=CARTESIAN_POINT('Ctrl Pts',(-142.133913677096,-63.05691988579,-44.5));
#10605=CARTESIAN_POINT('Ctrl Pts',(-141.00795446511,-61.6599243469195,-44.5));
#10606=CARTESIAN_POINT('Ctrl Pts',(-139.374980819582,-61.6651670824644,
-44.5));
#10607=CARTESIAN_POINT('Ctrl Pts',(-136.109033528526,-61.675652553554,-44.5));
#10608=CARTESIAN_POINT('',(-138.584812642296,-84.0485521176613,-44.5));
#10609=CARTESIAN_POINT('Ctrl Pts',(-138.584812642296,-84.0485521176613,
-44.5));
#10610=CARTESIAN_POINT('Ctrl Pts',(-147.592486338178,-84.0485521176613,
-44.5));
#10611=CARTESIAN_POINT('Ctrl Pts',(-147.592486338178,-84.0485521176613,
-44.5));
#10612=CARTESIAN_POINT('Ctrl Pts',(-145.116707224408,-72.851616864518,-44.5));
#10613=CARTESIAN_POINT('',(-129.577138946413,-72.8725886141416,-44.5));
#10614=CARTESIAN_POINT('Ctrl Pts',(-129.577138946413,-72.8725886141416,
-44.5));
#10615=CARTESIAN_POINT('Ctrl Pts',(-129.577138946413,-84.0485521176613,
-44.5));
#10616=CARTESIAN_POINT('Ctrl Pts',(-129.577138946413,-84.0485521176613,
-44.5));
#10617=CARTESIAN_POINT('Ctrl Pts',(-138.584812642296,-84.0485521176613,
-44.5));
#10618=CARTESIAN_POINT('Ctrl Pts',(-136.109033528526,-61.675652553554,-44.5));
#10619=CARTESIAN_POINT('Ctrl Pts',(-129.577138946413,-61.6966251106219,
-44.5));
#10620=CARTESIAN_POINT('Ctrl Pts',(-129.577138946413,-61.6966251106219,
-44.5));
#10621=CARTESIAN_POINT('Ctrl Pts',(-129.577138946413,-72.8725886141416,
-44.5));
#10622=CARTESIAN_POINT('',(-129.577138946413,-45.231108829494,-44.5));
#10623=CARTESIAN_POINT('',(-140.70841364022,-41.8344879900571,-44.5));
#10624=CARTESIAN_POINT('Ctrl Pts',(-140.70841364022,-41.8344879900571,-44.5));
#10625=CARTESIAN_POINT('Ctrl Pts',(-130.743576146324,-31.7635038744565,
-44.5));
#10626=CARTESIAN_POINT('Ctrl Pts',(-129.577138946413,-31.5172721341408,
-44.5));
#10627=CARTESIAN_POINT('Ctrl Pts',(-129.577138946413,-45.231108829494,-44.5));
#10628=CARTESIAN_POINT('',(-146.936460489789,-55.403339995062,-44.5));
#10629=CARTESIAN_POINT('Ctrl Pts',(-146.936460489789,-55.403339995062,-44.5));
#10630=CARTESIAN_POINT('Ctrl Pts',(-150.673251134117,-51.9054721056577,
-44.5));
#10631=CARTESIAN_POINT('Ctrl Pts',(-150.673251134117,-51.9054721056577,
-44.5));
#10632=CARTESIAN_POINT('Ctrl Pts',(-140.70841364022,-41.8344879900571,-44.5));
#10633=CARTESIAN_POINT('',(-136.388406010826,-58.9230750897682,-44.5));
#10634=CARTESIAN_POINT('Ctrl Pts',(-136.388406010826,-58.9230750897682,
-44.5));
#10635=CARTESIAN_POINT('Ctrl Pts',(-139.794037928143,-58.912140679673,-44.5));
#10636=CARTESIAN_POINT('Ctrl Pts',(-141.496853886802,-58.9066734746254,
-44.5));
#10637=CARTESIAN_POINT('Ctrl Pts',(-142.815360696673,-58.4667065877871,
-44.5));
#10638=CARTESIAN_POINT('Ctrl Pts',(-144.133867506543,-58.0267397009489,
-44.5));
#10639=CARTESIAN_POINT('Ctrl Pts',(-145.068065167625,-57.1522731323199,
-44.5));
#10640=CARTESIAN_POINT('Ctrl Pts',(-146.936460489789,-55.403339995062,-44.5));
#10641=CARTESIAN_POINT('Ctrl Pts',(-129.577138946413,-45.231108829494,-44.5));
#10642=CARTESIAN_POINT('Ctrl Pts',(-129.577138946413,-58.9449439099587,
-44.5));
#10643=CARTESIAN_POINT('Ctrl Pts',(-129.577138946413,-58.9449439099587,
-44.5));
#10644=CARTESIAN_POINT('Ctrl Pts',(-136.388406010826,-58.9230750897682,
-44.5));
#10645=CARTESIAN_POINT('',(-129.577138946413,-15.81133481216,-44.5));
#10646=CARTESIAN_POINT('',(-141.461888320803,-7.2558298988299,-44.5));
#10647=CARTESIAN_POINT('Ctrl Pts',(-141.461888320803,-7.2558298988299,-44.5));
#10648=CARTESIAN_POINT('Ctrl Pts',(-129.577138946413,-2.9177032203631,-44.5));
#10649=CARTESIAN_POINT('Ctrl Pts',(-129.577138946413,-2.9177032203631,-44.5));
#10650=CARTESIAN_POINT('Ctrl Pts',(-129.577138946413,-15.81133481216,-44.5));
#10651=CARTESIAN_POINT('',(-151.895805709719,-18.0172014605161,-44.5));
#10652=CARTESIAN_POINT('Ctrl Pts',(-151.895805709719,-18.0172014605161,
-44.5));
#10653=CARTESIAN_POINT('Ctrl Pts',(-153.346634465416,-11.5939630368507,
-44.5));
#10654=CARTESIAN_POINT('Ctrl Pts',(-153.346634465416,-11.5939630368507,
-44.5));
#10655=CARTESIAN_POINT('Ctrl Pts',(-141.461888320803,-7.2558298988299,-44.5));
#10656=CARTESIAN_POINT('',(-140.927043706138,-26.7660666643735,-44.5));
#10657=CARTESIAN_POINT('Ctrl Pts',(-140.927043706138,-26.7660666643735,
-44.5));
#10658=CARTESIAN_POINT('Ctrl Pts',(-150.444973724245,-24.4404398841815,
-44.5));
#10659=CARTESIAN_POINT('Ctrl Pts',(-150.444973724245,-24.4404398841815,
-44.5));
#10660=CARTESIAN_POINT('Ctrl Pts',(-151.895805709719,-18.0172014605161,
-44.5));
#10661=CARTESIAN_POINT('Ctrl Pts',(-129.577138946413,-15.81133481216,-44.5));
#10662=CARTESIAN_POINT('Ctrl Pts',(-131.409113688031,-29.0916869850115,
-44.5));
#10663=CARTESIAN_POINT('Ctrl Pts',(-131.409113688031,-29.0916869850115,
-44.5));
#10664=CARTESIAN_POINT('Ctrl Pts',(-140.927043706138,-26.7660666643735,
-44.5));
#10665=CARTESIAN_POINT('',(-159.19603033181,-26.8759630571958,-44.5));
#10666=CARTESIAN_POINT('',(-154.69655691262,-18.1067825558937,-44.5));
#10667=CARTESIAN_POINT('Ctrl Pts',(-154.69655691262,-18.1067825558937,-44.5));
#10668=CARTESIAN_POINT('Ctrl Pts',(-153.208181999087,-24.6962382240252,
-44.5));
#10669=CARTESIAN_POINT('Ctrl Pts',(-153.208181999087,-24.6962382240252,
-44.5));
#10670=CARTESIAN_POINT('Ctrl Pts',(-159.19603033181,-26.8759630571958,-44.5));
#10671=CARTESIAN_POINT('',(-160.676408317446,-8.18420346450373,-44.5));
#10672=CARTESIAN_POINT('Ctrl Pts',(-160.676408317446,-8.18420346450373,
-44.5));
#10673=CARTESIAN_POINT('Ctrl Pts',(-158.4306700718,-9.85076517613288,-44.5));
#10674=CARTESIAN_POINT('Ctrl Pts',(-157.307800948977,-10.6840460319476,
-44.5));
#10675=CARTESIAN_POINT('Ctrl Pts',(-155.81283809777,-13.1646908047951,-44.5));
#10676=CARTESIAN_POINT('Ctrl Pts',(-155.440744369387,-14.8120547218279,
-44.5));
#10677=CARTESIAN_POINT('Ctrl Pts',(-154.69655691262,-18.1067825558937,-44.5));
#10678=CARTESIAN_POINT('',(-165.717947803773,-5.19733170859355,-44.5));
#10679=CARTESIAN_POINT('Ctrl Pts',(-165.717947803773,-5.19733170859355,
-44.5));
#10680=CARTESIAN_POINT('Ctrl Pts',(-164.220687921577,-5.55398948376148,
-44.5));
#10681=CARTESIAN_POINT('Ctrl Pts',(-163.105286313803,-6.38173030293687,
-44.5));
#10682=CARTESIAN_POINT('Ctrl Pts',(-160.676408317446,-8.18420346450373,
-44.5));
#10683=CARTESIAN_POINT('',(-172.776590254956,-16.4362267783242,-44.5));
#10684=CARTESIAN_POINT('Origin',(-182.594517805109,-2.43397504158324,-44.5));
#10685=CARTESIAN_POINT('',(-177.625448762657,-16.9342828678785,-44.5));
#10686=CARTESIAN_POINT('Origin',(-175.647109638133,-12.342314411064,-44.5));
#10687=CARTESIAN_POINT('',(-171.404674664695,-28.3697866045591,-44.5));
#10688=CARTESIAN_POINT('Ctrl Pts',(-171.404674664695,-28.3697866045591,
-44.5));
#10689=CARTESIAN_POINT('Ctrl Pts',(-177.528564515318,-27.6945703087385,
-44.5));
#10690=CARTESIAN_POINT('Ctrl Pts',(-177.623962647801,-27.6840517698336,
-44.5));
#10691=CARTESIAN_POINT('Ctrl Pts',(-177.625448762657,-16.93428286793,-44.5));
#10692=CARTESIAN_POINT('Ctrl Pts',(-159.19603033181,-26.8759630571958,-44.5));
#10693=CARTESIAN_POINT('Ctrl Pts',(-162.189953690727,-27.9658254737811,
-44.5));
#10694=CARTESIAN_POINT('Ctrl Pts',(-163.686915370186,-28.5107566820737,
-44.5));
#10695=CARTESIAN_POINT('Ctrl Pts',(-166.739076453407,-28.8842125689145,
-44.5));
#10696=CARTESIAN_POINT('Ctrl Pts',(-168.29427585717,-28.7127372474627,-44.5));
#10697=CARTESIAN_POINT('Ctrl Pts',(-171.404674664695,-28.3697866045591,
-44.5));
#10698=CARTESIAN_POINT('',(-129.577138946413,12.0275214907372,-44.5));
#10699=CARTESIAN_POINT('',(-141.446563028851,23.4993406435692,-44.5));
#10700=CARTESIAN_POINT('Ctrl Pts',(-141.446563028851,23.4993406435692,-44.5));
#10701=CARTESIAN_POINT('Ctrl Pts',(-129.577138946413,22.7806442019188,-44.5));
#10702=CARTESIAN_POINT('Ctrl Pts',(-129.577138946413,22.7806442019188,-44.5));
#10703=CARTESIAN_POINT('Ctrl Pts',(-129.577138946413,12.0275214907372,-44.5));
#10704=CARTESIAN_POINT('',(-153.120760009646,15.4591854108218,-44.5));
#10705=CARTESIAN_POINT('Ctrl Pts',(-153.120760009646,15.4591854108218,-44.5));
#10706=CARTESIAN_POINT('Ctrl Pts',(-153.315985496401,24.2180306256656,-44.5));
#10707=CARTESIAN_POINT('Ctrl Pts',(-153.315985496401,24.2180306256656,-44.5));
#10708=CARTESIAN_POINT('Ctrl Pts',(-141.446563028851,23.4993406435692,-44.5));
#10709=CARTESIAN_POINT('',(-140.388081125775,4.37403516261215,-44.5));
#10710=CARTESIAN_POINT('Ctrl Pts',(-140.388081125775,4.37403516261215,-44.5));
#10711=CARTESIAN_POINT('Ctrl Pts',(-145.793553830345,5.92385012436345,-44.5));
#10712=CARTESIAN_POINT('Ctrl Pts',(-148.49629018263,6.69875760523911,-44.5));
#10713=CARTESIAN_POINT('Ctrl Pts',(-150.087875043113,8.08440138626531,-44.5));
#10714=CARTESIAN_POINT('Ctrl Pts',(-151.679459903597,9.47004516729152,-44.5));
#10715=CARTESIAN_POINT('Ctrl Pts',(-152.15989327228,11.4664252484683,-44.5));
#10716=CARTESIAN_POINT('Ctrl Pts',(-153.120760009646,15.4591854108218,-44.5));
#10717=CARTESIAN_POINT('Ctrl Pts',(-129.577138946413,12.0275214907372,-44.5));
#10718=CARTESIAN_POINT('Ctrl Pts',(-129.577138946413,1.27440523910956,-44.5));
#10719=CARTESIAN_POINT('Ctrl Pts',(-129.577138946413,1.27440523910956,-44.5));
#10720=CARTESIAN_POINT('Ctrl Pts',(-140.388081125775,4.37403516261215,-44.5));
#10721=CARTESIAN_POINT('',(-142.819612294395,-29.1362514483091,-44.5));
#10722=CARTESIAN_POINT('',(-157.251355750918,-29.096370161688,-44.5));
#10723=CARTESIAN_POINT('Ctrl Pts',(-157.251355750918,-29.096370161688,-44.5));
#10724=CARTESIAN_POINT('Ctrl Pts',(-154.385985591769,-28.0533039843198,
-44.5));
#10725=CARTESIAN_POINT('Ctrl Pts',(-152.953300512194,-27.5317708956357,
-44.5));
#10726=CARTESIAN_POINT('Ctrl Pts',(-149.345364648063,-27.541741217291,-44.5));
#10727=CARTESIAN_POINT('Ctrl Pts',(-147.170113863507,-28.0732446276304,
-44.5));
#10728=CARTESIAN_POINT('Ctrl Pts',(-142.819612294395,-29.1362514483091,
-44.5));
#10729=CARTESIAN_POINT('',(-157.542347356041,-40.3101624285337,-44.5));
#10730=CARTESIAN_POINT('Ctrl Pts',(-157.542347356041,-40.3101624285337,
-44.5));
#10731=CARTESIAN_POINT('Ctrl Pts',(-160.262221712628,-35.746332472479,-44.5));
#10732=CARTESIAN_POINT('Ctrl Pts',(-161.622158890922,-33.4644174944517,
-44.5));
#10733=CARTESIAN_POINT('Ctrl Pts',(-161.585784940282,-32.0626934610959,
-44.5));
#10734=CARTESIAN_POINT('Ctrl Pts',(-161.549410989641,-30.6609694277402,
-44.5));
#10735=CARTESIAN_POINT('Ctrl Pts',(-160.116725910067,-30.1394363390561,
-44.5));
#10736=CARTESIAN_POINT('Ctrl Pts',(-157.251355750918,-29.096370161688,-44.5));
#10737=CARTESIAN_POINT('',(-143.110605514407,-40.3500437151548,-44.5));
#10738=CARTESIAN_POINT('Ctrl Pts',(-143.110605514407,-40.3500437151548,
-44.5));
#10739=CARTESIAN_POINT('Ctrl Pts',(-152.102600257754,-49.4378223406431,
-44.5));
#10740=CARTESIAN_POINT('Ctrl Pts',(-152.102600257754,-49.4378223406431,
-44.5));
#10741=CARTESIAN_POINT('Ctrl Pts',(-157.542347356041,-40.3101624285337,
-44.5));
#10742=CARTESIAN_POINT('Ctrl Pts',(-142.819612294395,-29.1362514483091,
-44.5));
#10743=CARTESIAN_POINT('Ctrl Pts',(-138.469110725283,-30.1992582689878,
-44.5));
#10744=CARTESIAN_POINT('Ctrl Pts',(-136.293859940727,-30.7307616793271,
-44.5));
#10745=CARTESIAN_POINT('Ctrl Pts',(-136.330234093228,-32.1324857126829,
-44.5));
#10746=CARTESIAN_POINT('Ctrl Pts',(-136.36660824573,-33.5342097460386,-44.5));
#10747=CARTESIAN_POINT('Ctrl Pts',(-138.614607335289,-35.8061544024106,
-44.5));
#10748=CARTESIAN_POINT('Ctrl Pts',(-143.110605514407,-40.3500437151548,
-44.5));
#10749=CARTESIAN_POINT('',(-148.971533299644,-57.2674768562274,-44.5));
#10750=CARTESIAN_POINT('',(-165.155434018333,-61.1721448504087,-44.5));
#10751=CARTESIAN_POINT('Ctrl Pts',(-165.155434018333,-61.1721448504087,
-44.5));
#10752=CARTESIAN_POINT('Ctrl Pts',(-152.685397371808,-53.7910708351092,
-44.5));
#10753=CARTESIAN_POINT('Ctrl Pts',(-152.685397371808,-53.7910708351092,
-44.5));
#10754=CARTESIAN_POINT('Ctrl Pts',(-148.971533299644,-57.2674768562274,
-44.5));
#10755=CARTESIAN_POINT('',(-177.625472279747,-76.300886299129,-44.5));
#10756=CARTESIAN_POINT('Ctrl Pts',(-177.625472279747,-76.300886299129,-44.5));
#10757=CARTESIAN_POINT('Ctrl Pts',(-177.625472279747,-72.4270533898628,
-44.5));
#10758=CARTESIAN_POINT('Ctrl Pts',(-177.625472279747,-70.4901369352298,
-44.5));
#10759=CARTESIAN_POINT('Ctrl Pts',(-176.06671749707,-68.5990442541397,-44.5));
#10760=CARTESIAN_POINT('Ctrl Pts',(-174.507962714393,-66.7079515730497,
-44.5));
#10761=CARTESIAN_POINT('Ctrl Pts',(-171.39045314904,-64.8626826655027,-44.5));
#10762=CARTESIAN_POINT('Ctrl Pts',(-165.155434018333,-61.1721448504087,
-44.5));
#10763=CARTESIAN_POINT('',(-164.018043818036,-84.0485521176613,-44.5));
#10764=CARTESIAN_POINT('Ctrl Pts',(-164.018043818036,-84.0485521176613,
-44.5));
#10765=CARTESIAN_POINT('Ctrl Pts',(-170.821758048891,-84.0485521176613,
-44.5));
#10766=CARTESIAN_POINT('Ctrl Pts',(-174.223615164319,-84.0485521176613,
-44.5));
#10767=CARTESIAN_POINT('Ctrl Pts',(-175.924543722033,-83.0800938903448,
-44.5));
#10768=CARTESIAN_POINT('Ctrl Pts',(-177.625472279747,-82.1116356630282,
-44.5));
#10769=CARTESIAN_POINT('Ctrl Pts',(-177.625472279747,-80.1747192083951,
-44.5));
#10770=CARTESIAN_POINT('Ctrl Pts',(-177.625472279747,-76.300886299129,-44.5));
#10771=CARTESIAN_POINT('',(-147.834144714236,-72.3962183049477,-44.5));
#10772=CARTESIAN_POINT('Ctrl Pts',(-147.834144714236,-72.3962183049477,
-44.5));
#10773=CARTESIAN_POINT('Ctrl Pts',(-150.410615356325,-84.0485521176613,
-44.5));
#10774=CARTESIAN_POINT('Ctrl Pts',(-150.410615356325,-84.0485521176613,
-44.5));
#10775=CARTESIAN_POINT('Ctrl Pts',(-164.018043818036,-84.0485521176613,
-44.5));
#10776=CARTESIAN_POINT('Ctrl Pts',(-148.971533299644,-57.2674768562274,
-44.5));
#10777=CARTESIAN_POINT('Ctrl Pts',(-145.257670842369,-60.743884492234,-44.5));
#10778=CARTESIAN_POINT('Ctrl Pts',(-145.257670842369,-60.743884492234,-44.5));
#10779=CARTESIAN_POINT('Ctrl Pts',(-147.834144714236,-72.3962183049477,
-44.5));
#10780=CARTESIAN_POINT('',(-137.434844075401,57.1331145490054,-44.5));
#10781=CARTESIAN_POINT('',(-148.588178146242,42.0105621604963,-44.5));
#10782=CARTESIAN_POINT('Ctrl Pts',(-148.588178146242,42.0105621604963,-44.5));
#10783=CARTESIAN_POINT('Ctrl Pts',(-145.292549204389,57.1331145490054,-44.5));
#10784=CARTESIAN_POINT('Ctrl Pts',(-145.292549204389,57.1331145490054,-44.5));
#10785=CARTESIAN_POINT('Ctrl Pts',(-137.434844075401,57.1331145490054,-44.5));
#10786=CARTESIAN_POINT('',(-140.730473017255,26.2126892356916,-44.5));
#10787=CARTESIAN_POINT('Ctrl Pts',(-140.730473017255,26.2126892356916,-44.5));
#10788=CARTESIAN_POINT('Ctrl Pts',(-151.883807088096,26.8880226910952,-44.5));
#10789=CARTESIAN_POINT('Ctrl Pts',(-151.883807088096,26.8880226910952,-44.5));
#10790=CARTESIAN_POINT('Ctrl Pts',(-148.588178146242,42.0105621604963,-44.5));
#10791=CARTESIAN_POINT('',(-129.577138946413,41.3352287050926,-44.5));
#10792=CARTESIAN_POINT('Ctrl Pts',(-129.577138946413,41.3352287050926,-44.5));
#10793=CARTESIAN_POINT('Ctrl Pts',(-129.577138946413,33.4362922426903,-44.5));
#10794=CARTESIAN_POINT('Ctrl Pts',(-129.577138946413,29.4868240114891,-44.5));
#10795=CARTESIAN_POINT('Ctrl Pts',(-130.971305705269,27.596506577814,-44.5));
#10796=CARTESIAN_POINT('Ctrl Pts',(-132.365472464124,25.7061891441389,-44.5));
#10797=CARTESIAN_POINT('Ctrl Pts',(-135.153805981834,25.8750225079898,-44.5));
#10798=CARTESIAN_POINT('Ctrl Pts',(-140.730473017255,26.2126892356916,-44.5));
#10799=CARTESIAN_POINT('Ctrl Pts',(-137.434844075401,57.1331145490054,-44.5));
#10800=CARTESIAN_POINT('Ctrl Pts',(-129.577138946413,57.1331145490054,-44.5));
#10801=CARTESIAN_POINT('Ctrl Pts',(-129.577138946413,57.1331145490054,-44.5));
#10802=CARTESIAN_POINT('Ctrl Pts',(-129.577138946413,41.3352287050926,-44.5));
#10803=CARTESIAN_POINT('',(-142.039588846723,1.98500785955225,-44.5));
#10804=CARTESIAN_POINT('',(-157.258441881696,0.713670731866713,-44.5));
#10805=CARTESIAN_POINT('Ctrl Pts',(-157.258441881696,0.713670731866713,
-44.5));
#10806=CARTESIAN_POINT('Ctrl Pts',(-152.04752448515,4.85440635808741,-44.5));
#10807=CARTESIAN_POINT('Ctrl Pts',(-152.04752448515,4.85440635808741,-44.5));
#10808=CARTESIAN_POINT('Ctrl Pts',(-142.039588846723,1.98500785955225,-44.5));
#10809=CARTESIAN_POINT('',(-158.600031504193,-6.29849169285659,-44.5));
#10810=CARTESIAN_POINT('Ctrl Pts',(-158.600031504193,-6.29849169285659,
-44.5));
#10811=CARTESIAN_POINT('Ctrl Pts',(-162.469357663353,-3.42707135390803,
-44.5));
#10812=CARTESIAN_POINT('Ctrl Pts',(-162.469357663353,-3.42707135390803,
-44.5));
#10813=CARTESIAN_POINT('Ctrl Pts',(-157.258441881696,0.713670731866713,
-44.5));
#10814=CARTESIAN_POINT('',(-143.381180084109,-5.02715456517105,-44.5));
#10815=CARTESIAN_POINT('Ctrl Pts',(-143.381180084109,-5.02715456517105,
-44.5));
#10816=CARTESIAN_POINT('Ctrl Pts',(-154.730706959922,-9.1699184913592,-44.5));
#10817=CARTESIAN_POINT('Ctrl Pts',(-154.730706959922,-9.1699184913592,-44.5));
#10818=CARTESIAN_POINT('Ctrl Pts',(-158.600031504193,-6.29849169285659,
-44.5));
#10819=CARTESIAN_POINT('Ctrl Pts',(-142.039588846723,1.98500785955225,-44.5));
#10820=CARTESIAN_POINT('Ctrl Pts',(-132.031649978518,-0.884390638982903,
-44.5));
#10821=CARTESIAN_POINT('Ctrl Pts',(-132.031649978518,-0.884390638982904,
-44.5));
#10822=CARTESIAN_POINT('Ctrl Pts',(-143.381180084109,-5.02715456517105,
-44.5));
#10823=CARTESIAN_POINT('',(-155.829320457339,14.9536219546043,-44.5));
#10824=CARTESIAN_POINT('',(-167.696052520632,24.4266613019351,-44.5));
#10825=CARTESIAN_POINT('Ctrl Pts',(-167.696052520632,24.4266613019351,-44.5));
#10826=CARTESIAN_POINT('Ctrl Pts',(-157.766632761517,23.0038799298648,-44.5));
#10827=CARTESIAN_POINT('Ctrl Pts',(-157.766632761517,23.0038799298648,-44.5));
#10828=CARTESIAN_POINT('Ctrl Pts',(-155.829320457339,14.9536219546043,-44.5));
#10829=CARTESIAN_POINT('',(-177.625472279747,11.7270553347313,-44.5));
#10830=CARTESIAN_POINT('Ctrl Pts',(-177.625472279747,11.7270553347313,-44.5));
#10831=CARTESIAN_POINT('Ctrl Pts',(-177.625472279747,25.8494426740054,-44.5));
#10832=CARTESIAN_POINT('Ctrl Pts',(-177.625472279747,25.8494426740054,-44.5));
#10833=CARTESIAN_POINT('Ctrl Pts',(-167.696052520632,24.4266613019351,-44.5));
#10834=CARTESIAN_POINT('',(-171.423840968966,-2.24763430149917,-44.5));
#10835=CARTESIAN_POINT('Ctrl Pts',(-171.423840968966,-2.24763430149917,
-44.5));
#10836=CARTESIAN_POINT('Ctrl Pts',(-177.625472279747,-2.39533846409683,
-44.5));
#10837=CARTESIAN_POINT('Ctrl Pts',(-177.625472279747,-2.39533846409683,
-44.5));
#10838=CARTESIAN_POINT('Ctrl Pts',(-177.625472279747,11.7270553347313,-44.5));
#10839=CARTESIAN_POINT('',(-159.557108098228,2.40172014999823,-44.5));
#10840=CARTESIAN_POINT('Ctrl Pts',(-159.557108098228,2.40172014999823,-44.5));
#10841=CARTESIAN_POINT('Ctrl Pts',(-162.389658878207,0.15089823532538,-44.5));
#10842=CARTESIAN_POINT('Ctrl Pts',(-163.805934268196,-0.974512722011047,
-44.5));
#10843=CARTESIAN_POINT('Ctrl Pts',(-166.77261748588,-2.1368513348854,-44.5));
#10844=CARTESIAN_POINT('Ctrl Pts',(-168.323025313575,-2.17377899042332,
-44.5));
#10845=CARTESIAN_POINT('Ctrl Pts',(-171.423840968966,-2.24763430149917,
-44.5));
#10846=CARTESIAN_POINT('Ctrl Pts',(-155.829320457339,14.9536219546043,-44.5));
#10847=CARTESIAN_POINT('Ctrl Pts',(-153.89200815316,6.90336397934393,-44.5));
#10848=CARTESIAN_POINT('Ctrl Pts',(-153.89200815316,6.90336397934393,-44.5));
#10849=CARTESIAN_POINT('Ctrl Pts',(-159.557108098228,2.40172014999823,-44.5));
#10850=CARTESIAN_POINT('',(-155.806426182945,26.117617519383,-44.5));
#10851=CARTESIAN_POINT('',(-151.437616622805,41.8582846336408,-44.5));
#10852=CARTESIAN_POINT('Ctrl Pts',(-151.437616622805,41.8582846336408,-44.5));
#10853=CARTESIAN_POINT('Ctrl Pts',(-154.766434753298,26.5834417991682,-44.5));
#10854=CARTESIAN_POINT('Ctrl Pts',(-154.766434753298,26.5834417991682,-44.5));
#10855=CARTESIAN_POINT('Ctrl Pts',(-155.806426182945,26.117617519383,-44.5));
#10856=CARTESIAN_POINT('',(-162.867137000918,57.1331145490054,-44.5));
#10857=CARTESIAN_POINT('Ctrl Pts',(-162.867137000918,57.1331145490054,-44.5));
#10858=CARTESIAN_POINT('Ctrl Pts',(-148.108801722089,57.1331145490054,-44.5));
#10859=CARTESIAN_POINT('Ctrl Pts',(-148.108801722089,57.1331145490054,-44.5));
#10860=CARTESIAN_POINT('Ctrl Pts',(-151.437616622805,41.8582846336408,-44.5));
#10861=CARTESIAN_POINT('',(-177.625472279747,42.8811679344221,-44.5));
#10862=CARTESIAN_POINT('Ctrl Pts',(-177.625472279747,42.8811679344221,-44.5));
#10863=CARTESIAN_POINT('Ctrl Pts',(-177.625472279747,57.1331145490054,-44.5));
#10864=CARTESIAN_POINT('Ctrl Pts',(-177.625472279747,57.1331145490054,-44.5));
#10865=CARTESIAN_POINT('Ctrl Pts',(-162.867137000918,57.1331145490054,-44.5));
#10866=CARTESIAN_POINT('',(-167.235945753613,27.1405008201642,-44.5));
#10867=CARTESIAN_POINT('Ctrl Pts',(-167.235945753613,27.1405008201642,-44.5));
#10868=CARTESIAN_POINT('Ctrl Pts',(-172.43070901668,27.8848610700015,-44.5));
#10869=CARTESIAN_POINT('Ctrl Pts',(-175.028090648213,28.2570411949201,-44.5));
#10870=CARTESIAN_POINT('Ctrl Pts',(-176.32678146398,30.2246245842023,-44.5));
#10871=CARTESIAN_POINT('Ctrl Pts',(-177.625472279747,32.1922079734846,-44.5));
#10872=CARTESIAN_POINT('Ctrl Pts',(-177.625472279747,35.7551946271304,-44.5));
#10873=CARTESIAN_POINT('Ctrl Pts',(-177.625472279747,42.8811679344221,-44.5));
#10874=CARTESIAN_POINT('Ctrl Pts',(-155.806426182945,26.117617519383,-44.5));
#10875=CARTESIAN_POINT('Ctrl Pts',(-156.84641922748,25.6517932395978,-44.5));
#10876=CARTESIAN_POINT('Ctrl Pts',(-156.84641922748,25.6517932395978,-44.5));
#10877=CARTESIAN_POINT('Ctrl Pts',(-167.235945753613,27.1405008201642,-44.5));
#10878=CARTESIAN_POINT('',(-159.979984418113,-41.5948514544126,-44.5));
#10879=CARTESIAN_POINT('',(-171.736025563438,-31.1015966021177,-44.5));
#10880=CARTESIAN_POINT('Ctrl Pts',(-171.736025563438,-31.1015966021177,
-44.5));
#10881=CARTESIAN_POINT('Ctrl Pts',(-165.846578847129,-31.7509626502947,
-44.5));
#10882=CARTESIAN_POINT('Ctrl Pts',(-165.846578847129,-31.7509626502947,
-44.5));
#10883=CARTESIAN_POINT('Ctrl Pts',(-159.979984418113,-41.5948514544126,
-44.5));
#10884=CARTESIAN_POINT('',(-177.625472279747,-47.9039430986997,-44.5));
#10885=CARTESIAN_POINT('Ctrl Pts',(-177.625472279747,-47.9039430986997,
-44.5));
#10886=CARTESIAN_POINT('Ctrl Pts',(-177.625472279747,-30.4522305539406,
-44.5));
#10887=CARTESIAN_POINT('Ctrl Pts',(-177.625472279747,-30.4522305539406,
-44.5));
#10888=CARTESIAN_POINT('Ctrl Pts',(-171.736025563438,-31.1015966021177,
-44.5));
#10889=CARTESIAN_POINT('',(-165.869431941866,-58.3971995658831,-44.5));
#10890=CARTESIAN_POINT('Ctrl Pts',(-165.869431941866,-58.3971995658831,
-44.5));
#10891=CARTESIAN_POINT('Ctrl Pts',(-177.625472279747,-65.3556572583473,
-44.5));
#10892=CARTESIAN_POINT('Ctrl Pts',(-177.625472279747,-65.3556572583473,
-44.5));
#10893=CARTESIAN_POINT('Ctrl Pts',(-177.625472279747,-47.9039430986997,
-44.5));
#10894=CARTESIAN_POINT('Ctrl Pts',(-159.979984418113,-41.5948514544126,
-44.5));
#10895=CARTESIAN_POINT('Ctrl Pts',(-154.113391603986,-51.4387434883075,
-44.5));
#10896=CARTESIAN_POINT('Ctrl Pts',(-154.113391603986,-51.4387434883075,
-44.5));
#10897=CARTESIAN_POINT('Ctrl Pts',(-165.869431941866,-58.3971995658831,
-44.5));
#10898=CARTESIAN_POINT('Origin',(-126.007787310479,0.157685588602362,-43.5));
#10899=CARTESIAN_POINT('',(-126.007787310479,0.157685588602362,-41.1302194862086));
#10900=CARTESIAN_POINT('',(-126.007787310479,0.157685588602359,-42.25));
#10901=CARTESIAN_POINT('',(-126.007787310479,0.157685588602362,-41.1302194862086));
#10902=CARTESIAN_POINT('Ctrl Pts',(-159.979984418113,-41.5948514544126,
-46.));
#10903=CARTESIAN_POINT('Ctrl Pts',(-159.979984418113,-41.5948514544126,
-41.));
#10904=CARTESIAN_POINT('Ctrl Pts',(-165.846578847129,-31.7509626502947,
-46.));
#10905=CARTESIAN_POINT('Ctrl Pts',(-165.846578847129,-31.7509626502947,
-41.));
#10906=CARTESIAN_POINT('Ctrl Pts',(-165.846578847129,-31.7509626502947,
-46.));
#10907=CARTESIAN_POINT('Ctrl Pts',(-165.846578847129,-31.7509626502947,
-41.));
#10908=CARTESIAN_POINT('Ctrl Pts',(-171.736025563438,-31.1015966021177,
-46.));
#10909=CARTESIAN_POINT('Ctrl Pts',(-171.736025563438,-31.1015966021177,
-41.));
#10910=CARTESIAN_POINT('',(-159.979984418113,-41.5948514544126,-43.5));
#10911=CARTESIAN_POINT('',(-171.736025563438,-31.1015966021177,-41.));
#10912=CARTESIAN_POINT('Ctrl Pts',(-171.736025563438,-31.1015966021177,
-41.));
#10913=CARTESIAN_POINT('Ctrl Pts',(-171.363909738524,-31.142625818329,-41.));
#10914=CARTESIAN_POINT('Ctrl Pts',(-171.015305491829,-31.1810626652789,
-41.));
#10915=CARTESIAN_POINT('Ctrl Pts',(-170.687247500226,-31.2195539431057,
-41.));
#10916=CARTESIAN_POINT('',(-171.736025563438,-31.1015966021177,-43.5));
#10917=CARTESIAN_POINT('Ctrl Pts',(-165.869431941866,-58.3971995658831,
-46.));
#10918=CARTESIAN_POINT('Ctrl Pts',(-165.869431941866,-58.3971995658831,
-41.));
#10919=CARTESIAN_POINT('Ctrl Pts',(-154.113391603986,-51.4387434883075,
-46.));
#10920=CARTESIAN_POINT('Ctrl Pts',(-154.113391603986,-51.4387434883075,
-41.));
#10921=CARTESIAN_POINT('Ctrl Pts',(-154.113391603986,-51.4387434883075,
-46.));
#10922=CARTESIAN_POINT('Ctrl Pts',(-154.113391603986,-51.4387434883075,
-41.));
#10923=CARTESIAN_POINT('Ctrl Pts',(-159.979984418113,-41.5948514544126,
-46.));
#10924=CARTESIAN_POINT('Ctrl Pts',(-159.979984418113,-41.5948514544126,
-41.));
#10925=CARTESIAN_POINT('',(-165.869431941866,-58.3971995658831,-43.5));
#10926=CARTESIAN_POINT('Ctrl Pts',(-177.625472279747,-47.9039430986997,
-46.));
#10927=CARTESIAN_POINT('Ctrl Pts',(-177.625472279747,-47.9039430986997,
-41.));
#10928=CARTESIAN_POINT('Ctrl Pts',(-177.625472279747,-65.3556572583473,
-46.));
#10929=CARTESIAN_POINT('Ctrl Pts',(-177.625472279747,-65.3556572583473,
-41.));
#10930=CARTESIAN_POINT('Ctrl Pts',(-177.625472279747,-65.3556572583473,
-46.));
#10931=CARTESIAN_POINT('Ctrl Pts',(-177.625472279747,-65.3556572583473,
-41.));
#10932=CARTESIAN_POINT('Ctrl Pts',(-165.869431941866,-58.3971995658831,
-46.));
#10933=CARTESIAN_POINT('Ctrl Pts',(-165.869431941866,-58.3971995658831,
-41.));
#10934=CARTESIAN_POINT('',(-177.625472279747,-47.9039430986997,-41.));
#10935=CARTESIAN_POINT('',(-177.625472279747,-47.9039430986997,-43.5));
#10936=CARTESIAN_POINT('Ctrl Pts',(-170.687247500226,-61.1757959998359,
-41.));
#10937=CARTESIAN_POINT('Ctrl Pts',(-177.625472279747,-64.902210372636,-41.));
#10938=CARTESIAN_POINT('Ctrl Pts',(-177.625472279747,-62.5425761297596,
-41.));
#10939=CARTESIAN_POINT('Ctrl Pts',(-177.625472279747,-47.9039430986997,
-41.));
#10940=CARTESIAN_POINT('Ctrl Pts',(-171.736025563438,-31.1015966021177,
-46.));
#10941=CARTESIAN_POINT('Ctrl Pts',(-171.736025563438,-31.1015966021177,
-41.));
#10942=CARTESIAN_POINT('Ctrl Pts',(-177.625472279747,-30.4522305539406,
-46.));
#10943=CARTESIAN_POINT('Ctrl Pts',(-177.625472279747,-30.4522305539406,
-41.));
#10944=CARTESIAN_POINT('Ctrl Pts',(-177.625472279747,-30.4522305539406,
-46.));
#10945=CARTESIAN_POINT('Ctrl Pts',(-177.625472279747,-30.4522305539406,
-41.));
#10946=CARTESIAN_POINT('Ctrl Pts',(-177.625472279747,-47.9039430986997,
-46.));
#10947=CARTESIAN_POINT('Ctrl Pts',(-177.625472279747,-47.9039430986997,
-41.));
#10948=CARTESIAN_POINT('Ctrl Pts',(-177.625472279747,-47.9039430986997,
-41.));
#10949=CARTESIAN_POINT('Ctrl Pts',(-177.625472279747,-30.4522305539406,
-41.));
#10950=CARTESIAN_POINT('Ctrl Pts',(-177.625472279747,-30.4522305539406,
-41.));
#10951=CARTESIAN_POINT('Ctrl Pts',(-171.736025563438,-31.1015966021177,
-41.));
#10952=CARTESIAN_POINT('Ctrl Pts',(-155.806426182945,26.117617519383,-46.));
#10953=CARTESIAN_POINT('Ctrl Pts',(-155.806426182945,26.117617519383,-41.));
#10954=CARTESIAN_POINT('Ctrl Pts',(-154.766434753298,26.5834417991682,-46.));
#10955=CARTESIAN_POINT('Ctrl Pts',(-154.766434753298,26.5834417991682,-41.));
#10956=CARTESIAN_POINT('Ctrl Pts',(-154.766434753298,26.5834417991682,-46.));
#10957=CARTESIAN_POINT('Ctrl Pts',(-154.766434753298,26.5834417991682,-41.));
#10958=CARTESIAN_POINT('Ctrl Pts',(-151.437616622805,41.8582846336408,-46.));
#10959=CARTESIAN_POINT('Ctrl Pts',(-151.437616622805,41.8582846336408,-41.));
#10960=CARTESIAN_POINT('',(-155.806426182945,26.117617519383,-43.5));
#10961=CARTESIAN_POINT('',(-151.437616622805,41.8582846336408,-43.5));
#10962=CARTESIAN_POINT('Ctrl Pts',(-167.235945753613,27.1405008201642,-46.));
#10963=CARTESIAN_POINT('Ctrl Pts',(-167.235945753613,27.1405008201642,-41.));
#10964=CARTESIAN_POINT('Ctrl Pts',(-156.84641922748,25.6517932395978,-46.));
#10965=CARTESIAN_POINT('Ctrl Pts',(-156.84641922748,25.6517932395978,-41.));
#10966=CARTESIAN_POINT('Ctrl Pts',(-156.84641922748,25.6517932395978,-46.));
#10967=CARTESIAN_POINT('Ctrl Pts',(-156.84641922748,25.6517932395978,-41.));
#10968=CARTESIAN_POINT('Ctrl Pts',(-155.806426182945,26.117617519383,-46.));
#10969=CARTESIAN_POINT('Ctrl Pts',(-155.806426182945,26.117617519383,-41.));
#10970=CARTESIAN_POINT('',(-167.235945753613,27.1405008201642,-43.5));
#10971=CARTESIAN_POINT('Ctrl Pts',(-177.625472279747,42.8811679344221,-46.));
#10972=CARTESIAN_POINT('Ctrl Pts',(-177.625472279747,42.8811679344221,-41.));
#10973=CARTESIAN_POINT('Ctrl Pts',(-177.625472279747,28.6292213198387,-46.));
#10974=CARTESIAN_POINT('Ctrl Pts',(-177.625472279747,28.6292213198387,-41.));
#10975=CARTESIAN_POINT('Ctrl Pts',(-177.625472279747,28.6292213198387,-46.));
#10976=CARTESIAN_POINT('Ctrl Pts',(-177.625472279747,28.6292213198387,-41.));
#10977=CARTESIAN_POINT('Ctrl Pts',(-167.235945753613,27.1405008201642,-46.));
#10978=CARTESIAN_POINT('Ctrl Pts',(-167.235945753613,27.1405008201642,-41.));
#10979=CARTESIAN_POINT('',(-177.625472279747,42.8811679344221,-41.));
#10980=CARTESIAN_POINT('',(-177.625472279747,42.8811679344221,-43.5));
#10981=CARTESIAN_POINT('Ctrl Pts',(-170.687247500226,27.6634950000067,-41.));
#10982=CARTESIAN_POINT('Ctrl Pts',(-177.625472279747,28.8552002598783,-41.));
#10983=CARTESIAN_POINT('Ctrl Pts',(-177.625472279747,30.4238354258416,-41.));
#10984=CARTESIAN_POINT('Ctrl Pts',(-177.625472279747,42.8811679344221,-41.));
#10985=CARTESIAN_POINT('Ctrl Pts',(-162.867137000918,57.1331145490054,-46.));
#10986=CARTESIAN_POINT('Ctrl Pts',(-162.867137000918,57.1331145490054,-41.));
#10987=CARTESIAN_POINT('Ctrl Pts',(-177.625472279747,57.1331145490054,-46.));
#10988=CARTESIAN_POINT('Ctrl Pts',(-177.625472279747,57.1331145490054,-41.));
#10989=CARTESIAN_POINT('Ctrl Pts',(-177.625472279747,57.1331145490054,-46.));
#10990=CARTESIAN_POINT('Ctrl Pts',(-177.625472279747,57.1331145490054,-41.));
#10991=CARTESIAN_POINT('Ctrl Pts',(-177.625472279747,42.8811679344221,-46.));
#10992=CARTESIAN_POINT('Ctrl Pts',(-177.625472279747,42.8811679344221,-41.));
#10993=CARTESIAN_POINT('',(-162.867137000918,57.1331145490054,-41.));
#10994=CARTESIAN_POINT('',(-162.867137000918,57.1331145490054,-43.5));
#10995=CARTESIAN_POINT('Ctrl Pts',(-177.625472279747,42.8811679344221,-41.));
#10996=CARTESIAN_POINT('Ctrl Pts',(-177.625472279747,57.1331145490054,-41.));
#10997=CARTESIAN_POINT('Ctrl Pts',(-177.625472279747,57.1331145490054,-41.));
#10998=CARTESIAN_POINT('Ctrl Pts',(-162.867137000918,57.1331145490054,-41.));
#10999=CARTESIAN_POINT('Ctrl Pts',(-151.437616622805,41.8582846336408,-46.));
#11000=CARTESIAN_POINT('Ctrl Pts',(-151.437616622805,41.8582846336408,-41.));
#11001=CARTESIAN_POINT('Ctrl Pts',(-148.108801722089,57.1331145490054,-46.));
#11002=CARTESIAN_POINT('Ctrl Pts',(-148.108801722089,57.1331145490054,-41.));
#11003=CARTESIAN_POINT('Ctrl Pts',(-148.108801722089,57.1331145490054,-46.));
#11004=CARTESIAN_POINT('Ctrl Pts',(-148.108801722089,57.1331145490054,-41.));
#11005=CARTESIAN_POINT('Ctrl Pts',(-162.867137000918,57.1331145490054,-46.));
#11006=CARTESIAN_POINT('Ctrl Pts',(-162.867137000918,57.1331145490054,-41.));
#11007=CARTESIAN_POINT('Ctrl Pts',(-162.867137000918,57.1331145490054,-41.));
#11008=CARTESIAN_POINT('Ctrl Pts',(-156.282878169532,57.1331145490054,-41.));
#11009=CARTESIAN_POINT('Ctrl Pts',(-152.63610947776,57.1331145490054,-41.));
#11010=CARTESIAN_POINT('Ctrl Pts',(-150.911899794434,55.7767233889617,-41.));
#11011=CARTESIAN_POINT('Ctrl Pts',(-155.829320457339,14.9536219546043,-46.));
#11012=CARTESIAN_POINT('Ctrl Pts',(-155.829320457339,14.9536219546043,-41.));
#11013=CARTESIAN_POINT('Ctrl Pts',(-157.766632761517,23.0038799298648,-46.));
#11014=CARTESIAN_POINT('Ctrl Pts',(-157.766632761517,23.0038799298648,-41.));
#11015=CARTESIAN_POINT('Ctrl Pts',(-157.766632761517,23.0038799298648,-46.));
#11016=CARTESIAN_POINT('Ctrl Pts',(-157.766632761517,23.0038799298648,-41.));
#11017=CARTESIAN_POINT('Ctrl Pts',(-167.696052520632,24.4266613019351,-46.));
#11018=CARTESIAN_POINT('Ctrl Pts',(-167.696052520632,24.4266613019351,-41.));
#11019=CARTESIAN_POINT('',(-155.829320457339,14.9536219546043,-43.5));
#11020=CARTESIAN_POINT('',(-167.696052520632,24.4266613019351,-43.5));
#11021=CARTESIAN_POINT('Ctrl Pts',(-159.557108098228,2.40172014999823,-46.));
#11022=CARTESIAN_POINT('Ctrl Pts',(-159.557108098228,2.40172014999823,-41.));
#11023=CARTESIAN_POINT('Ctrl Pts',(-153.89200815316,6.90336397934393,-46.));
#11024=CARTESIAN_POINT('Ctrl Pts',(-153.89200815316,6.90336397934393,-41.));
#11025=CARTESIAN_POINT('Ctrl Pts',(-153.89200815316,6.90336397934393,-46.));
#11026=CARTESIAN_POINT('Ctrl Pts',(-153.89200815316,6.90336397934393,-41.));
#11027=CARTESIAN_POINT('Ctrl Pts',(-155.829320457339,14.9536219546043,-46.));
#11028=CARTESIAN_POINT('Ctrl Pts',(-155.829320457339,14.9536219546043,-41.));
#11029=CARTESIAN_POINT('',(-159.557108098228,2.40172014999823,-43.5));
#11030=CARTESIAN_POINT('Ctrl Pts',(-171.423840968966,-2.24763430149917,
-46.));
#11031=CARTESIAN_POINT('Ctrl Pts',(-171.423840968966,-2.24763430149917,
-41.));
#11032=CARTESIAN_POINT('Ctrl Pts',(-165.222209658185,-2.09992367934747,
-46.));
#11033=CARTESIAN_POINT('Ctrl Pts',(-165.222209658185,-2.09992367934747,
-41.));
#11034=CARTESIAN_POINT('Ctrl Pts',(-165.222209658185,-2.09992367934747,
-46.));
#11035=CARTESIAN_POINT('Ctrl Pts',(-165.222209658185,-2.09992367934747,
-41.));
#11036=CARTESIAN_POINT('Ctrl Pts',(-159.557108098228,2.40172014999823,-46.));
#11037=CARTESIAN_POINT('Ctrl Pts',(-159.557108098228,2.40172014999823,-41.));
#11038=CARTESIAN_POINT('',(-171.423840968966,-2.24763430149917,-41.));
#11039=CARTESIAN_POINT('',(-171.423840968966,-2.24763430149917,-43.5));
#11040=CARTESIAN_POINT('Ctrl Pts',(-170.687247500226,-2.22978364536343,
-41.));
#11041=CARTESIAN_POINT('Ctrl Pts',(-170.922782406383,-2.23570007511508,
-41.));
#11042=CARTESIAN_POINT('Ctrl Pts',(-171.168035962792,-2.2415415309493,-41.));
#11043=CARTESIAN_POINT('Ctrl Pts',(-171.423840968966,-2.24763430149917,
-41.));
#11044=CARTESIAN_POINT('Ctrl Pts',(-177.625472279747,11.7270553347313,-46.));
#11045=CARTESIAN_POINT('Ctrl Pts',(-177.625472279747,11.7270553347313,-41.));
#11046=CARTESIAN_POINT('Ctrl Pts',(-177.625472279747,-2.39533846409683,
-46.));
#11047=CARTESIAN_POINT('Ctrl Pts',(-177.625472279747,-2.39533846409683,
-41.));
#11048=CARTESIAN_POINT('Ctrl Pts',(-177.625472279747,-2.39533846409683,
-46.));
#11049=CARTESIAN_POINT('Ctrl Pts',(-177.625472279747,-2.39533846409683,
-41.));
#11050=CARTESIAN_POINT('Ctrl Pts',(-171.423840968966,-2.24763430149917,
-46.));
#11051=CARTESIAN_POINT('Ctrl Pts',(-171.423840968966,-2.24763430149917,
-41.));
#11052=CARTESIAN_POINT('',(-177.625472279747,11.7270553347313,-41.));
#11053=CARTESIAN_POINT('',(-177.625472279747,11.7270553347313,-43.5));
#11054=CARTESIAN_POINT('Ctrl Pts',(-171.423840968966,-2.24763430149917,
-41.));
#11055=CARTESIAN_POINT('Ctrl Pts',(-177.625472279747,-2.39533846409683,
-41.));
#11056=CARTESIAN_POINT('Ctrl Pts',(-177.625472279747,-2.39533846409683,
-41.));
#11057=CARTESIAN_POINT('Ctrl Pts',(-177.625472279747,11.7270553347313,-41.));
#11058=CARTESIAN_POINT('Ctrl Pts',(-167.696052520632,24.4266613019351,-46.));
#11059=CARTESIAN_POINT('Ctrl Pts',(-167.696052520632,24.4266613019351,-41.));
#11060=CARTESIAN_POINT('Ctrl Pts',(-177.625472279747,25.8494426740054,-46.));
#11061=CARTESIAN_POINT('Ctrl Pts',(-177.625472279747,25.8494426740054,-41.));
#11062=CARTESIAN_POINT('Ctrl Pts',(-177.625472279747,25.8494426740054,-46.));
#11063=CARTESIAN_POINT('Ctrl Pts',(-177.625472279747,25.8494426740054,-41.));
#11064=CARTESIAN_POINT('Ctrl Pts',(-177.625472279747,11.7270553347313,-46.));
#11065=CARTESIAN_POINT('Ctrl Pts',(-177.625472279747,11.7270553347313,-41.));
#11066=CARTESIAN_POINT('Ctrl Pts',(-177.625472279747,11.7270553347313,-41.));
#11067=CARTESIAN_POINT('Ctrl Pts',(-177.625472279747,24.2589369589328,-41.));
#11068=CARTESIAN_POINT('Ctrl Pts',(-177.625472279747,25.670315139198,-41.));
#11069=CARTESIAN_POINT('Ctrl Pts',(-170.687247500226,24.8350941870975,-41.));
#11070=CARTESIAN_POINT('Ctrl Pts',(-142.039588846723,1.98500785955225,-46.));
#11071=CARTESIAN_POINT('Ctrl Pts',(-142.039588846723,1.98500785955225,-41.));
#11072=CARTESIAN_POINT('Ctrl Pts',(-152.04752448515,4.85440635808741,-46.));
#11073=CARTESIAN_POINT('Ctrl Pts',(-152.04752448515,4.85440635808741,-41.));
#11074=CARTESIAN_POINT('Ctrl Pts',(-152.04752448515,4.85440635808741,-46.));
#11075=CARTESIAN_POINT('Ctrl Pts',(-152.04752448515,4.85440635808741,-41.));
#11076=CARTESIAN_POINT('Ctrl Pts',(-157.258441881696,0.713670731866713,
-46.));
#11077=CARTESIAN_POINT('Ctrl Pts',(-157.258441881696,0.713670731866713,
-41.));
#11078=CARTESIAN_POINT('',(-142.039588846723,1.98500785955225,-43.5));
#11079=CARTESIAN_POINT('',(-157.258441881696,0.713670731866713,-43.5));
#11080=CARTESIAN_POINT('Ctrl Pts',(-143.381180084109,-5.02715456517105,
-46.));
#11081=CARTESIAN_POINT('Ctrl Pts',(-143.381180084109,-5.02715456517105,
-41.));
#11082=CARTESIAN_POINT('Ctrl Pts',(-132.031649978518,-0.884390638982904,
-46.));
#11083=CARTESIAN_POINT('Ctrl Pts',(-132.031649978518,-0.884390638982904,
-41.));
#11084=CARTESIAN_POINT('Ctrl Pts',(-132.031649978518,-0.884390638982904,
-46.));
#11085=CARTESIAN_POINT('Ctrl Pts',(-132.031649978518,-0.884390638982904,
-41.));
#11086=CARTESIAN_POINT('Ctrl Pts',(-142.039588846723,1.98500785955225,-46.));
#11087=CARTESIAN_POINT('Ctrl Pts',(-142.039588846723,1.98500785955225,-41.));
#11088=CARTESIAN_POINT('',(-143.381180084109,-5.02715456517105,-43.5));
#11089=CARTESIAN_POINT('Ctrl Pts',(-158.600031504193,-6.29849169285659,
-46.));
#11090=CARTESIAN_POINT('Ctrl Pts',(-158.600031504193,-6.29849169285659,
-41.));
#11091=CARTESIAN_POINT('Ctrl Pts',(-154.730706959922,-9.1699184913592,-46.));
#11092=CARTESIAN_POINT('Ctrl Pts',(-154.730706959922,-9.1699184913592,-41.));
#11093=CARTESIAN_POINT('Ctrl Pts',(-154.730706959922,-9.1699184913592,-46.));
#11094=CARTESIAN_POINT('Ctrl Pts',(-154.730706959922,-9.1699184913592,-41.));
#11095=CARTESIAN_POINT('Ctrl Pts',(-143.381180084109,-5.02715456517105,
-46.));
#11096=CARTESIAN_POINT('Ctrl Pts',(-143.381180084109,-5.02715456517105,
-41.));
#11097=CARTESIAN_POINT('',(-158.600031504193,-6.29849169285659,-43.5));
#11098=CARTESIAN_POINT('Ctrl Pts',(-157.258441881696,0.713670731866713,
-46.));
#11099=CARTESIAN_POINT('Ctrl Pts',(-157.258441881696,0.713670731866713,
-41.));
#11100=CARTESIAN_POINT('Ctrl Pts',(-162.469357663353,-3.42707135390803,
-46.));
#11101=CARTESIAN_POINT('Ctrl Pts',(-162.469357663353,-3.42707135390803,
-41.));
#11102=CARTESIAN_POINT('Ctrl Pts',(-162.469357663353,-3.42707135390803,
-46.));
#11103=CARTESIAN_POINT('Ctrl Pts',(-162.469357663353,-3.42707135390803,
-41.));
#11104=CARTESIAN_POINT('Ctrl Pts',(-158.600031504193,-6.29849169285659,
-46.));
#11105=CARTESIAN_POINT('Ctrl Pts',(-158.600031504193,-6.29849169285659,
-41.));
#11106=CARTESIAN_POINT('Ctrl Pts',(-137.434844075401,57.1331145490054,-46.));
#11107=CARTESIAN_POINT('Ctrl Pts',(-137.434844075401,57.1331145490054,-41.));
#11108=CARTESIAN_POINT('Ctrl Pts',(-145.292549204389,57.1331145490054,-46.));
#11109=CARTESIAN_POINT('Ctrl Pts',(-145.292549204389,57.1331145490054,-41.));
#11110=CARTESIAN_POINT('Ctrl Pts',(-145.292549204389,57.1331145490054,-46.));
#11111=CARTESIAN_POINT('Ctrl Pts',(-145.292549204389,57.1331145490054,-41.));
#11112=CARTESIAN_POINT('Ctrl Pts',(-148.588178146242,42.0105621604963,-46.));
#11113=CARTESIAN_POINT('Ctrl Pts',(-148.588178146242,42.0105621604963,-41.));
#11114=CARTESIAN_POINT('',(-137.434844075401,57.1331145490054,-41.));
#11115=CARTESIAN_POINT('',(-137.434844075401,57.1331145490054,-43.5));
#11116=CARTESIAN_POINT('Ctrl Pts',(-144.263851840204,55.7767233889617,-41.));
#11117=CARTESIAN_POINT('Ctrl Pts',(-142.895071082496,57.1331145490054,-41.));
#11118=CARTESIAN_POINT('Ctrl Pts',(-140.95219482542,57.1331145490054,-41.));
#11119=CARTESIAN_POINT('Ctrl Pts',(-137.434844075401,57.1331145490054,-41.));
#11120=CARTESIAN_POINT('',(-148.588178146242,42.0105621604963,-43.5));
#11121=CARTESIAN_POINT('Ctrl Pts',(-129.577138946413,41.3352287050926,-46.));
#11122=CARTESIAN_POINT('Ctrl Pts',(-129.577138946413,41.3352287050926,-41.));
#11123=CARTESIAN_POINT('Ctrl Pts',(-129.577138946413,57.1331145490054,-46.));
#11124=CARTESIAN_POINT('Ctrl Pts',(-129.577138946413,57.1331145490054,-41.));
#11125=CARTESIAN_POINT('Ctrl Pts',(-129.577138946413,57.1331145490054,-46.));
#11126=CARTESIAN_POINT('Ctrl Pts',(-129.577138946413,57.1331145490054,-41.));
#11127=CARTESIAN_POINT('Ctrl Pts',(-137.434844075401,57.1331145490054,-46.));
#11128=CARTESIAN_POINT('Ctrl Pts',(-137.434844075401,57.1331145490054,-41.));
#11129=CARTESIAN_POINT('',(-129.577138946413,41.3352287050926,-43.5));
#11130=CARTESIAN_POINT('Ctrl Pts',(-137.434844075401,57.1331145490054,-41.));
#11131=CARTESIAN_POINT('Ctrl Pts',(-133.968345278786,57.1331145490054,-41.));
#11132=CARTESIAN_POINT('Ctrl Pts',(-132.03112426871,57.1331145490054,-41.));
#11133=CARTESIAN_POINT('Ctrl Pts',(-130.948526102069,55.7767233889617,-41.));
#11134=CARTESIAN_POINT('Ctrl Pts',(-140.730473017255,26.2126892356916,-46.));
#11135=CARTESIAN_POINT('Ctrl Pts',(-140.730473017255,26.2126892356916,-41.));
#11136=CARTESIAN_POINT('Ctrl Pts',(-129.577138946413,25.5373557802879,-46.));
#11137=CARTESIAN_POINT('Ctrl Pts',(-129.577138946413,25.5373557802879,-41.));
#11138=CARTESIAN_POINT('Ctrl Pts',(-129.577138946413,25.5373557802879,-46.));
#11139=CARTESIAN_POINT('Ctrl Pts',(-129.577138946413,25.5373557802879,-41.));
#11140=CARTESIAN_POINT('Ctrl Pts',(-129.577138946413,41.3352287050926,-46.));
#11141=CARTESIAN_POINT('Ctrl Pts',(-129.577138946413,41.3352287050926,-41.));
#11142=CARTESIAN_POINT('',(-140.730473017255,26.2126892356916,-43.5));
#11143=CARTESIAN_POINT('Ctrl Pts',(-148.588178146242,42.0105621604963,-46.));
#11144=CARTESIAN_POINT('Ctrl Pts',(-148.588178146242,42.0105621604963,-41.));
#11145=CARTESIAN_POINT('Ctrl Pts',(-151.883807088096,26.8880226910952,-46.));
#11146=CARTESIAN_POINT('Ctrl Pts',(-151.883807088096,26.8880226910952,-41.));
#11147=CARTESIAN_POINT('Ctrl Pts',(-151.883807088096,26.8880226910952,-46.));
#11148=CARTESIAN_POINT('Ctrl Pts',(-151.883807088096,26.8880226910952,-41.));
#11149=CARTESIAN_POINT('Ctrl Pts',(-140.730473017255,26.2126892356916,-46.));
#11150=CARTESIAN_POINT('Ctrl Pts',(-140.730473017255,26.2126892356916,-41.));
#11151=CARTESIAN_POINT('Ctrl Pts',(-148.971533299644,-57.2674768562274,
-46.));
#11152=CARTESIAN_POINT('Ctrl Pts',(-148.971533299644,-57.2674768562274,
-41.));
#11153=CARTESIAN_POINT('Ctrl Pts',(-152.685397371808,-53.7910708351092,
-46.));
#11154=CARTESIAN_POINT('Ctrl Pts',(-152.685397371808,-53.7910708351092,
-41.));
#11155=CARTESIAN_POINT('Ctrl Pts',(-152.685397371808,-53.7910708351092,
-46.));
#11156=CARTESIAN_POINT('Ctrl Pts',(-152.685397371808,-53.7910708351092,
-41.));
#11157=CARTESIAN_POINT('Ctrl Pts',(-165.155434018333,-61.1721448504087,
-46.));
#11158=CARTESIAN_POINT('Ctrl Pts',(-165.155434018333,-61.1721448504087,
-41.));
#11159=CARTESIAN_POINT('',(-148.971533299644,-57.2674768562274,-43.5));
#11160=CARTESIAN_POINT('',(-165.155434018333,-61.1721448504087,-43.5));
#11161=CARTESIAN_POINT('Ctrl Pts',(-147.834144714236,-72.3962183049477,
-46.));
#11162=CARTESIAN_POINT('Ctrl Pts',(-147.834144714236,-72.3962183049477,
-41.));
#11163=CARTESIAN_POINT('Ctrl Pts',(-145.257670842369,-60.743884492234,-46.));
#11164=CARTESIAN_POINT('Ctrl Pts',(-145.257670842369,-60.743884492234,-41.));
#11165=CARTESIAN_POINT('Ctrl Pts',(-145.257670842369,-60.743884492234,-46.));
#11166=CARTESIAN_POINT('Ctrl Pts',(-145.257670842369,-60.743884492234,-41.));
#11167=CARTESIAN_POINT('Ctrl Pts',(-148.971533299644,-57.2674768562274,
-46.));
#11168=CARTESIAN_POINT('Ctrl Pts',(-148.971533299644,-57.2674768562274,
-41.));
#11169=CARTESIAN_POINT('',(-147.834144714236,-72.3962183049477,-43.5));
#11170=CARTESIAN_POINT('Ctrl Pts',(-164.018043818036,-84.0485521176613,
-46.));
#11171=CARTESIAN_POINT('Ctrl Pts',(-164.018043818036,-84.0485521176613,
-41.));
#11172=CARTESIAN_POINT('Ctrl Pts',(-150.410615356325,-84.0485521176613,
-46.));
#11173=CARTESIAN_POINT('Ctrl Pts',(-150.410615356325,-84.0485521176613,
-41.));
#11174=CARTESIAN_POINT('Ctrl Pts',(-150.410615356325,-84.0485521176613,
-46.));
#11175=CARTESIAN_POINT('Ctrl Pts',(-150.410615356325,-84.0485521176613,
-41.));
#11176=CARTESIAN_POINT('Ctrl Pts',(-147.834144714236,-72.3962183049477,
-46.));
#11177=CARTESIAN_POINT('Ctrl Pts',(-147.834144714236,-72.3962183049477,
-41.));
#11178=CARTESIAN_POINT('',(-164.018043818036,-84.0485521176613,-41.));
#11179=CARTESIAN_POINT('',(-164.018043818036,-84.0485521176613,-43.5));
#11180=CARTESIAN_POINT('Ctrl Pts',(-152.070823437021,-82.7797264786431,
-41.));
#11181=CARTESIAN_POINT('Ctrl Pts',(-154.125169299859,-84.0485521176817,
-41.));
#11182=CARTESIAN_POINT('Ctrl Pts',(-157.520153108764,-84.0485521176613,
-41.));
#11183=CARTESIAN_POINT('Ctrl Pts',(-164.018043818036,-84.0485521176613,
-41.));
#11184=CARTESIAN_POINT('Ctrl Pts',(-177.625472279747,-76.300886299129,-46.));
#11185=CARTESIAN_POINT('Ctrl Pts',(-177.625472279747,-76.300886299129,-41.));
#11186=CARTESIAN_POINT('Ctrl Pts',(-177.625472279747,-84.0485521176613,
-46.));
#11187=CARTESIAN_POINT('Ctrl Pts',(-177.625472279747,-84.0485521176613,
-41.));
#11188=CARTESIAN_POINT('Ctrl Pts',(-177.625472279747,-84.0485521176613,
-46.));
#11189=CARTESIAN_POINT('Ctrl Pts',(-177.625472279747,-84.0485521176613,
-41.));
#11190=CARTESIAN_POINT('Ctrl Pts',(-164.018043818036,-84.0485521176613,
-46.));
#11191=CARTESIAN_POINT('Ctrl Pts',(-164.018043818036,-84.0485521176613,
-41.));
#11192=CARTESIAN_POINT('',(-177.625472279747,-76.300886299129,-41.));
#11193=CARTESIAN_POINT('',(-177.625472279747,-76.300886299129,-43.5));
#11194=CARTESIAN_POINT('Ctrl Pts',(-164.018043818036,-84.0485521176613,
-41.));
#11195=CARTESIAN_POINT('Ctrl Pts',(-177.625472279747,-84.0485521176613,
-41.));
#11196=CARTESIAN_POINT('Ctrl Pts',(-177.625472279747,-84.0485521176613,
-41.));
#11197=CARTESIAN_POINT('Ctrl Pts',(-177.625472279747,-76.300886299129,-41.));
#11198=CARTESIAN_POINT('Ctrl Pts',(-165.155434018333,-61.1721448504087,
-46.));
#11199=CARTESIAN_POINT('Ctrl Pts',(-165.155434018333,-61.1721448504087,
-41.));
#11200=CARTESIAN_POINT('Ctrl Pts',(-177.625472279747,-68.5532204805967,
-46.));
#11201=CARTESIAN_POINT('Ctrl Pts',(-177.625472279747,-68.5532204805967,
-41.));
#11202=CARTESIAN_POINT('Ctrl Pts',(-177.625472279747,-68.5532204805967,
-46.));
#11203=CARTESIAN_POINT('Ctrl Pts',(-177.625472279747,-68.5532204805967,
-41.));
#11204=CARTESIAN_POINT('Ctrl Pts',(-177.625472279747,-76.300886299129,-46.));
#11205=CARTESIAN_POINT('Ctrl Pts',(-177.625472279747,-76.300886299129,-41.));
#11206=CARTESIAN_POINT('Ctrl Pts',(-177.625472279747,-76.300886299129,-41.));
#11207=CARTESIAN_POINT('Ctrl Pts',(-177.625472279747,-69.9285639057642,
-41.));
#11208=CARTESIAN_POINT('Ctrl Pts',(-177.625472279735,-68.7973675026029,
-41.));
#11209=CARTESIAN_POINT('Ctrl Pts',(-170.687247500226,-64.4897921388459,
-41.));
#11210=CARTESIAN_POINT('Ctrl Pts',(-142.819612294395,-29.1362514483091,
-46.));
#11211=CARTESIAN_POINT('Ctrl Pts',(-142.819612294395,-29.1362514483091,
-41.));
#11212=CARTESIAN_POINT('Ctrl Pts',(-151.520615432619,-27.0102378069517,
-46.));
#11213=CARTESIAN_POINT('Ctrl Pts',(-151.520615432619,-27.0102378069517,
-41.));
#11214=CARTESIAN_POINT('Ctrl Pts',(-151.520615432619,-27.0102378069517,
-46.));
#11215=CARTESIAN_POINT('Ctrl Pts',(-151.520615432619,-27.0102378069517,
-41.));
#11216=CARTESIAN_POINT('Ctrl Pts',(-157.251355750918,-29.096370161688,-46.));
#11217=CARTESIAN_POINT('Ctrl Pts',(-157.251355750918,-29.096370161688,-41.));
#11218=CARTESIAN_POINT('',(-142.819612294395,-29.1362514483091,-43.5));
#11219=CARTESIAN_POINT('',(-157.251355750918,-29.096370161688,-43.5));
#11220=CARTESIAN_POINT('Ctrl Pts',(-143.110605514407,-40.3500437151548,
-46.));
#11221=CARTESIAN_POINT('Ctrl Pts',(-143.110605514407,-40.3500437151548,
-41.));
#11222=CARTESIAN_POINT('Ctrl Pts',(-134.118609156171,-31.2622650896665,
-46.));
#11223=CARTESIAN_POINT('Ctrl Pts',(-134.118609156171,-31.2622650896665,
-41.));
#11224=CARTESIAN_POINT('Ctrl Pts',(-134.118609156171,-31.2622650896665,
-46.));
#11225=CARTESIAN_POINT('Ctrl Pts',(-134.118609156171,-31.2622650896665,
-41.));
#11226=CARTESIAN_POINT('Ctrl Pts',(-142.819612294395,-29.1362514483091,
-46.));
#11227=CARTESIAN_POINT('Ctrl Pts',(-142.819612294395,-29.1362514483091,
-41.));
#11228=CARTESIAN_POINT('',(-143.110605514407,-40.3500437151548,-43.5));
#11229=CARTESIAN_POINT('Ctrl Pts',(-157.542347356041,-40.3101624285337,
-46.));
#11230=CARTESIAN_POINT('Ctrl Pts',(-157.542347356041,-40.3101624285337,
-41.));
#11231=CARTESIAN_POINT('Ctrl Pts',(-152.102600257754,-49.4378223406431,
-46.));
#11232=CARTESIAN_POINT('Ctrl Pts',(-152.102600257754,-49.4378223406431,
-41.));
#11233=CARTESIAN_POINT('Ctrl Pts',(-152.102600257754,-49.4378223406431,
-46.));
#11234=CARTESIAN_POINT('Ctrl Pts',(-152.102600257754,-49.4378223406431,
-41.));
#11235=CARTESIAN_POINT('Ctrl Pts',(-143.110605514407,-40.3500437151548,
-46.));
#11236=CARTESIAN_POINT('Ctrl Pts',(-143.110605514407,-40.3500437151548,
-41.));
#11237=CARTESIAN_POINT('',(-157.542347356041,-40.3101624285337,-43.5));
#11238=CARTESIAN_POINT('Ctrl Pts',(-157.251355750918,-29.096370161688,-46.));
#11239=CARTESIAN_POINT('Ctrl Pts',(-157.251355750918,-29.096370161688,-41.));
#11240=CARTESIAN_POINT('Ctrl Pts',(-162.982096069216,-31.1825025164243,
-46.));
#11241=CARTESIAN_POINT('Ctrl Pts',(-162.982096069216,-31.1825025164243,
-41.));
#11242=CARTESIAN_POINT('Ctrl Pts',(-162.982096069216,-31.1825025164243,
-46.));
#11243=CARTESIAN_POINT('Ctrl Pts',(-162.982096069216,-31.1825025164243,
-41.));
#11244=CARTESIAN_POINT('Ctrl Pts',(-157.542347356041,-40.3101624285337,
-46.));
#11245=CARTESIAN_POINT('Ctrl Pts',(-157.542347356041,-40.3101624285337,
-41.));
#11246=CARTESIAN_POINT('Ctrl Pts',(-129.577138946413,12.0275214907372,-46.));
#11247=CARTESIAN_POINT('Ctrl Pts',(-129.577138946413,12.0275214907372,-41.));
#11248=CARTESIAN_POINT('Ctrl Pts',(-129.577138946413,22.7806442019188,-46.));
#11249=CARTESIAN_POINT('Ctrl Pts',(-129.577138946413,22.7806442019188,-41.));
#11250=CARTESIAN_POINT('Ctrl Pts',(-129.577138946413,22.7806442019188,-46.));
#11251=CARTESIAN_POINT('Ctrl Pts',(-129.577138946413,22.7806442019188,-41.));
#11252=CARTESIAN_POINT('Ctrl Pts',(-141.446563028851,23.4993406435692,-46.));
#11253=CARTESIAN_POINT('Ctrl Pts',(-141.446563028851,23.4993406435692,-41.));
#11254=CARTESIAN_POINT('',(-129.577138946413,12.0275214907372,-43.5));
#11255=CARTESIAN_POINT('',(-141.446563028851,23.4993406435692,-43.5));
#11256=CARTESIAN_POINT('Ctrl Pts',(-140.388081125775,4.37403516261215,-46.));
#11257=CARTESIAN_POINT('Ctrl Pts',(-140.388081125775,4.37403516261215,-41.));
#11258=CARTESIAN_POINT('Ctrl Pts',(-129.577138946413,1.27440523910956,-46.));
#11259=CARTESIAN_POINT('Ctrl Pts',(-129.577138946413,1.27440523910956,-41.));
#11260=CARTESIAN_POINT('Ctrl Pts',(-129.577138946413,1.27440523910956,-46.));
#11261=CARTESIAN_POINT('Ctrl Pts',(-129.577138946413,1.27440523910956,-41.));
#11262=CARTESIAN_POINT('Ctrl Pts',(-129.577138946413,12.0275214907372,-46.));
#11263=CARTESIAN_POINT('Ctrl Pts',(-129.577138946413,12.0275214907372,-41.));
#11264=CARTESIAN_POINT('',(-140.388081125775,4.37403516261215,-43.5));
#11265=CARTESIAN_POINT('Ctrl Pts',(-153.120760009646,15.4591854108218,-46.));
#11266=CARTESIAN_POINT('Ctrl Pts',(-153.120760009646,15.4591854108218,-41.));
#11267=CARTESIAN_POINT('Ctrl Pts',(-151.199026534914,7.47366508611476,-46.));
#11268=CARTESIAN_POINT('Ctrl Pts',(-151.199026534914,7.47366508611476,-41.));
#11269=CARTESIAN_POINT('Ctrl Pts',(-151.199026534914,7.47366508611476,-46.));
#11270=CARTESIAN_POINT('Ctrl Pts',(-151.199026534914,7.47366508611476,-41.));
#11271=CARTESIAN_POINT('Ctrl Pts',(-140.388081125775,4.37403516261215,-46.));
#11272=CARTESIAN_POINT('Ctrl Pts',(-140.388081125775,4.37403516261215,-41.));
#11273=CARTESIAN_POINT('',(-153.120760009646,15.4591854108218,-43.5));
#11274=CARTESIAN_POINT('Ctrl Pts',(-141.446563028851,23.4993406435692,-46.));
#11275=CARTESIAN_POINT('Ctrl Pts',(-141.446563028851,23.4993406435692,-41.));
#11276=CARTESIAN_POINT('Ctrl Pts',(-153.315985496401,24.2180306256656,-46.));
#11277=CARTESIAN_POINT('Ctrl Pts',(-153.315985496401,24.2180306256656,-41.));
#11278=CARTESIAN_POINT('Ctrl Pts',(-153.315985496401,24.2180306256656,-46.));
#11279=CARTESIAN_POINT('Ctrl Pts',(-153.315985496401,24.2180306256656,-41.));
#11280=CARTESIAN_POINT('Ctrl Pts',(-153.120760009646,15.4591854108218,-46.));
#11281=CARTESIAN_POINT('Ctrl Pts',(-153.120760009646,15.4591854108218,-41.));
#11282=CARTESIAN_POINT('Ctrl Pts',(-159.19603033181,-26.8759630571958,-46.));
#11283=CARTESIAN_POINT('Ctrl Pts',(-159.19603033181,-26.8759630571958,-41.));
#11284=CARTESIAN_POINT('Ctrl Pts',(-153.208181999087,-24.6962382240252,
-46.));
#11285=CARTESIAN_POINT('Ctrl Pts',(-153.208181999087,-24.6962382240252,
-41.));
#11286=CARTESIAN_POINT('Ctrl Pts',(-153.208181999087,-24.6962382240252,
-46.));
#11287=CARTESIAN_POINT('Ctrl Pts',(-153.208181999087,-24.6962382240252,
-41.));
#11288=CARTESIAN_POINT('Ctrl Pts',(-154.69655691262,-18.1067825558937,-46.));
#11289=CARTESIAN_POINT('Ctrl Pts',(-154.69655691262,-18.1067825558937,-41.));
#11290=CARTESIAN_POINT('',(-159.19603033181,-26.8759630571958,-43.5));
#11291=CARTESIAN_POINT('',(-154.69655691262,-18.1067825558937,-43.5));
#11292=CARTESIAN_POINT('Ctrl Pts',(-171.404674664695,-28.3697866045591,
-46.));
#11293=CARTESIAN_POINT('Ctrl Pts',(-171.404674664695,-28.3697866045591,
-41.));
#11294=CARTESIAN_POINT('Ctrl Pts',(-165.183877049644,-29.0556878903664,
-46.));
#11295=CARTESIAN_POINT('Ctrl Pts',(-165.183877049644,-29.0556878903664,
-41.));
#11296=CARTESIAN_POINT('Ctrl Pts',(-165.183877049644,-29.0556878903664,
-46.));
#11297=CARTESIAN_POINT('Ctrl Pts',(-165.183877049644,-29.0556878903664,
-41.));
#11298=CARTESIAN_POINT('Ctrl Pts',(-159.19603033181,-26.8759630571958,-46.));
#11299=CARTESIAN_POINT('Ctrl Pts',(-159.19603033181,-26.8759630571958,-41.));
#11300=CARTESIAN_POINT('',(-171.404674664695,-28.3697866045591,-41.));
#11301=CARTESIAN_POINT('',(-171.404674664695,-28.3697866045591,-43.5));
#11302=CARTESIAN_POINT('Ctrl Pts',(-170.687247500226,-28.4487079145551,
-41.));
#11303=CARTESIAN_POINT('Ctrl Pts',(-170.916957250179,-28.423562024116,-41.));
#11304=CARTESIAN_POINT('Ctrl Pts',(-171.155839175901,-28.3972230511822,
-41.));
#11305=CARTESIAN_POINT('Ctrl Pts',(-171.404674664695,-28.3697866045591,
-41.));
#11306=CARTESIAN_POINT('Ctrl Pts',(-177.625448762657,-16.93428286793,-46.));
#11307=CARTESIAN_POINT('Ctrl Pts',(-177.625448762657,-16.93428286793,-41.));
#11308=CARTESIAN_POINT('Ctrl Pts',(-177.623962647801,-27.6840517698336,
-46.));
#11309=CARTESIAN_POINT('Ctrl Pts',(-177.623962647801,-27.6840517698336,
-41.));
#11310=CARTESIAN_POINT('Ctrl Pts',(-177.528564515318,-27.6945703087385,
-46.));
#11311=CARTESIAN_POINT('Ctrl Pts',(-177.528564515318,-27.6945703087385,
-41.));
#11312=CARTESIAN_POINT('Ctrl Pts',(-171.404674664695,-28.3697866045591,
-46.));
#11313=CARTESIAN_POINT('Ctrl Pts',(-171.404674664695,-28.3697866045591,
-41.));
#11314=CARTESIAN_POINT('',(-177.625448762657,-16.9342828678785,-41.));
#11315=CARTESIAN_POINT('',(-177.625448762657,-16.9342828678785,-43.5));
#11316=CARTESIAN_POINT('Ctrl Pts',(-171.404674664695,-28.3697866045591,
-41.));
#11317=CARTESIAN_POINT('Ctrl Pts',(-177.528564515318,-27.6945703087385,
-41.));
#11318=CARTESIAN_POINT('Ctrl Pts',(-177.623962647801,-27.6840517698336,
-41.));
#11319=CARTESIAN_POINT('Ctrl Pts',(-177.625448762657,-16.93428286793,-41.));
#11320=CARTESIAN_POINT('Origin',(-175.647109638133,-12.342314411064,-43.5));
#11321=CARTESIAN_POINT('',(-172.776590254956,-16.4362267783242,-41.));
#11322=CARTESIAN_POINT('',(-172.776590254956,-16.4362267783242,-43.5));
#11323=CARTESIAN_POINT('Origin',(-175.647109638133,-12.342314411064,-41.));
#11324=CARTESIAN_POINT('Origin',(-182.594517805109,-2.43397504158324,-43.5));
#11325=CARTESIAN_POINT('',(-165.717947803773,-5.19733170859355,-43.5));
#11326=CARTESIAN_POINT('Origin',(-182.594517805109,-2.43397504158324,-41.));
#11327=CARTESIAN_POINT('Ctrl Pts',(-160.676408317446,-8.18420346450373,
-46.));
#11328=CARTESIAN_POINT('Ctrl Pts',(-160.676408317446,-8.18420346450373,
-41.));
#11329=CARTESIAN_POINT('Ctrl Pts',(-163.105286313803,-6.38173030293687,
-46.));
#11330=CARTESIAN_POINT('Ctrl Pts',(-163.105286313803,-6.38173030293687,
-41.));
#11331=CARTESIAN_POINT('Ctrl Pts',(-164.220687921577,-5.55398948376148,
-46.));
#11332=CARTESIAN_POINT('Ctrl Pts',(-164.220687921577,-5.55398948376148,
-41.));
#11333=CARTESIAN_POINT('Ctrl Pts',(-165.717947803773,-5.19733170859355,
-46.));
#11334=CARTESIAN_POINT('Ctrl Pts',(-165.717947803773,-5.19733170859355,
-41.));
#11335=CARTESIAN_POINT('',(-160.676408317446,-8.18420346450373,-43.5));
#11336=CARTESIAN_POINT('Ctrl Pts',(-154.69655691262,-18.1067825558937,-46.));
#11337=CARTESIAN_POINT('Ctrl Pts',(-154.69655691262,-18.1067825558937,-41.));
#11338=CARTESIAN_POINT('Ctrl Pts',(-156.184931826154,-11.5173268877622,
-46.));
#11339=CARTESIAN_POINT('Ctrl Pts',(-156.184931826154,-11.5173268877622,
-41.));
#11340=CARTESIAN_POINT('Ctrl Pts',(-156.184931826154,-11.5173268877622,
-46.));
#11341=CARTESIAN_POINT('Ctrl Pts',(-156.184931826154,-11.5173268877622,
-41.));
#11342=CARTESIAN_POINT('Ctrl Pts',(-160.676408317446,-8.18420346450373,
-46.));
#11343=CARTESIAN_POINT('Ctrl Pts',(-160.676408317446,-8.18420346450373,
-41.));
#11344=CARTESIAN_POINT('Ctrl Pts',(-129.577138946413,-15.81133481216,-46.));
#11345=CARTESIAN_POINT('Ctrl Pts',(-129.577138946413,-15.81133481216,-41.));
#11346=CARTESIAN_POINT('Ctrl Pts',(-129.577138946413,-2.9177032203631,-46.));
#11347=CARTESIAN_POINT('Ctrl Pts',(-129.577138946413,-2.9177032203631,-41.));
#11348=CARTESIAN_POINT('Ctrl Pts',(-129.577138946413,-2.9177032203631,-46.));
#11349=CARTESIAN_POINT('Ctrl Pts',(-129.577138946413,-2.9177032203631,-41.));
#11350=CARTESIAN_POINT('Ctrl Pts',(-141.461888320803,-7.2558298988299,-46.));
#11351=CARTESIAN_POINT('Ctrl Pts',(-141.461888320803,-7.2558298988299,-41.));
#11352=CARTESIAN_POINT('',(-129.577138946413,-15.81133481216,-43.5));
#11353=CARTESIAN_POINT('',(-141.461888320803,-7.2558298988299,-43.5));
#11354=CARTESIAN_POINT('Ctrl Pts',(-140.927043706138,-26.7660666643735,
-46.));
#11355=CARTESIAN_POINT('Ctrl Pts',(-140.927043706138,-26.7660666643735,
-41.));
#11356=CARTESIAN_POINT('Ctrl Pts',(-131.409113688031,-29.0916869850115,
-46.));
#11357=CARTESIAN_POINT('Ctrl Pts',(-131.409113688031,-29.0916869850115,
-41.));
#11358=CARTESIAN_POINT('Ctrl Pts',(-131.409113688031,-29.0916869850115,
-46.));
#11359=CARTESIAN_POINT('Ctrl Pts',(-131.409113688031,-29.0916869850115,
-41.));
#11360=CARTESIAN_POINT('Ctrl Pts',(-129.577138946413,-15.81133481216,-46.));
#11361=CARTESIAN_POINT('Ctrl Pts',(-129.577138946413,-15.81133481216,-41.));
#11362=CARTESIAN_POINT('',(-140.927043706138,-26.7660666643735,-43.5));
#11363=CARTESIAN_POINT('Ctrl Pts',(-151.895805709719,-18.0172014605161,
-46.));
#11364=CARTESIAN_POINT('Ctrl Pts',(-151.895805709719,-18.0172014605161,
-41.));
#11365=CARTESIAN_POINT('Ctrl Pts',(-150.444973724245,-24.4404398841815,
-46.));
#11366=CARTESIAN_POINT('Ctrl Pts',(-150.444973724245,-24.4404398841815,
-41.));
#11367=CARTESIAN_POINT('Ctrl Pts',(-150.444973724245,-24.4404398841815,
-46.));
#11368=CARTESIAN_POINT('Ctrl Pts',(-150.444973724245,-24.4404398841815,
-41.));
#11369=CARTESIAN_POINT('Ctrl Pts',(-140.927043706138,-26.7660666643735,
-46.));
#11370=CARTESIAN_POINT('Ctrl Pts',(-140.927043706138,-26.7660666643735,
-41.));
#11371=CARTESIAN_POINT('',(-151.895805709719,-18.0172014605161,-43.5));
#11372=CARTESIAN_POINT('Ctrl Pts',(-141.461888320803,-7.2558298988299,-46.));
#11373=CARTESIAN_POINT('Ctrl Pts',(-141.461888320803,-7.2558298988299,-41.));
#11374=CARTESIAN_POINT('Ctrl Pts',(-153.346634465416,-11.5939630368507,
-46.));
#11375=CARTESIAN_POINT('Ctrl Pts',(-153.346634465416,-11.5939630368507,
-41.));
#11376=CARTESIAN_POINT('Ctrl Pts',(-153.346634465416,-11.5939630368507,
-46.));
#11377=CARTESIAN_POINT('Ctrl Pts',(-153.346634465416,-11.5939630368507,
-41.));
#11378=CARTESIAN_POINT('Ctrl Pts',(-151.895805709719,-18.0172014605161,
-46.));
#11379=CARTESIAN_POINT('Ctrl Pts',(-151.895805709719,-18.0172014605161,
-41.));
#11380=CARTESIAN_POINT('Ctrl Pts',(-129.577138946413,-45.231108829494,-46.));
#11381=CARTESIAN_POINT('Ctrl Pts',(-129.577138946413,-45.231108829494,-41.));
#11382=CARTESIAN_POINT('Ctrl Pts',(-129.577138946413,-31.5172721341408,
-46.));
#11383=CARTESIAN_POINT('Ctrl Pts',(-129.577138946413,-31.5172721341408,
-41.));
#11384=CARTESIAN_POINT('Ctrl Pts',(-130.743576146324,-31.7635038744565,
-46.));
#11385=CARTESIAN_POINT('Ctrl Pts',(-130.743576146324,-31.7635038744565,
-41.));
#11386=CARTESIAN_POINT('Ctrl Pts',(-140.70841364022,-41.8344879900571,-46.));
#11387=CARTESIAN_POINT('Ctrl Pts',(-140.70841364022,-41.8344879900571,-41.));
#11388=CARTESIAN_POINT('',(-129.577138946413,-45.231108829494,-43.5));
#11389=CARTESIAN_POINT('',(-140.70841364022,-41.8344879900571,-43.5));
#11390=CARTESIAN_POINT('Ctrl Pts',(-136.388406010826,-58.9230750897682,
-46.));
#11391=CARTESIAN_POINT('Ctrl Pts',(-136.388406010826,-58.9230750897682,
-41.));
#11392=CARTESIAN_POINT('Ctrl Pts',(-129.577138946413,-58.9449439099587,
-46.));
#11393=CARTESIAN_POINT('Ctrl Pts',(-129.577138946413,-58.9449439099587,
-41.));
#11394=CARTESIAN_POINT('Ctrl Pts',(-129.577138946413,-58.9449439099587,
-46.));
#11395=CARTESIAN_POINT('Ctrl Pts',(-129.577138946413,-58.9449439099587,
-41.));
#11396=CARTESIAN_POINT('Ctrl Pts',(-129.577138946413,-45.231108829494,-46.));
#11397=CARTESIAN_POINT('Ctrl Pts',(-129.577138946413,-45.231108829494,-41.));
#11398=CARTESIAN_POINT('',(-136.388406010826,-58.9230750897682,-43.5));
#11399=CARTESIAN_POINT('Ctrl Pts',(-146.936460489789,-55.403339995062,-46.));
#11400=CARTESIAN_POINT('Ctrl Pts',(-146.936460489789,-55.403339995062,-41.));
#11401=CARTESIAN_POINT('Ctrl Pts',(-143.199669845461,-58.9012062695778,
-46.));
#11402=CARTESIAN_POINT('Ctrl Pts',(-143.199669845461,-58.9012062695778,
-41.));
#11403=CARTESIAN_POINT('Ctrl Pts',(-143.199669845461,-58.9012062695778,
-46.));
#11404=CARTESIAN_POINT('Ctrl Pts',(-143.199669845461,-58.9012062695778,
-41.));
#11405=CARTESIAN_POINT('Ctrl Pts',(-136.388406010826,-58.9230750897682,
-46.));
#11406=CARTESIAN_POINT('Ctrl Pts',(-136.388406010826,-58.9230750897682,
-41.));
#11407=CARTESIAN_POINT('',(-146.936460489789,-55.403339995062,-43.5));
#11408=CARTESIAN_POINT('Ctrl Pts',(-140.70841364022,-41.8344879900571,-46.));
#11409=CARTESIAN_POINT('Ctrl Pts',(-140.70841364022,-41.8344879900571,-41.));
#11410=CARTESIAN_POINT('Ctrl Pts',(-150.673251134117,-51.9054721056577,
-46.));
#11411=CARTESIAN_POINT('Ctrl Pts',(-150.673251134117,-51.9054721056577,
-41.));
#11412=CARTESIAN_POINT('Ctrl Pts',(-150.673251134117,-51.9054721056577,
-46.));
#11413=CARTESIAN_POINT('Ctrl Pts',(-150.673251134117,-51.9054721056577,
-41.));
#11414=CARTESIAN_POINT('Ctrl Pts',(-146.936460489789,-55.403339995062,-46.));
#11415=CARTESIAN_POINT('Ctrl Pts',(-146.936460489789,-55.403339995062,-41.));
#11416=CARTESIAN_POINT('Ctrl Pts',(-136.109033528526,-61.675652553554,-46.));
#11417=CARTESIAN_POINT('Ctrl Pts',(-136.109033528526,-61.675652553554,-41.));
#11418=CARTESIAN_POINT('Ctrl Pts',(-142.640928110639,-61.6546816113747,
-46.));
#11419=CARTESIAN_POINT('Ctrl Pts',(-142.640928110639,-61.6546816113747,
-41.));
#11420=CARTESIAN_POINT('Ctrl Pts',(-142.640928110639,-61.6546816113747,
-46.));
#11421=CARTESIAN_POINT('Ctrl Pts',(-142.640928110639,-61.6546816113747,
-41.));
#11422=CARTESIAN_POINT('Ctrl Pts',(-145.116707224408,-72.851616864518,-46.));
#11423=CARTESIAN_POINT('Ctrl Pts',(-145.116707224408,-72.851616864518,-41.));
#11424=CARTESIAN_POINT('',(-136.109033528526,-61.675652553554,-43.5));
#11425=CARTESIAN_POINT('',(-145.116707224408,-72.851616864518,-43.5));
#11426=CARTESIAN_POINT('Ctrl Pts',(-129.577138946413,-72.8725886141416,
-46.));
#11427=CARTESIAN_POINT('Ctrl Pts',(-129.577138946413,-72.8725886141416,
-41.));
#11428=CARTESIAN_POINT('Ctrl Pts',(-129.577138946413,-61.6966251106219,
-46.));
#11429=CARTESIAN_POINT('Ctrl Pts',(-129.577138946413,-61.6966251106219,
-41.));
#11430=CARTESIAN_POINT('Ctrl Pts',(-129.577138946413,-61.6966251106219,
-46.));
#11431=CARTESIAN_POINT('Ctrl Pts',(-129.577138946413,-61.6966251106219,
-41.));
#11432=CARTESIAN_POINT('Ctrl Pts',(-136.109033528526,-61.675652553554,-46.));
#11433=CARTESIAN_POINT('Ctrl Pts',(-136.109033528526,-61.675652553554,-41.));
#11434=CARTESIAN_POINT('',(-129.577138946413,-72.8725886141416,-43.5));
#11435=CARTESIAN_POINT('Ctrl Pts',(-138.584812642296,-84.0485521176613,
-46.));
#11436=CARTESIAN_POINT('Ctrl Pts',(-138.584812642296,-84.0485521176613,
-41.));
#11437=CARTESIAN_POINT('Ctrl Pts',(-129.577138946413,-84.0485521176613,
-46.));
#11438=CARTESIAN_POINT('Ctrl Pts',(-129.577138946413,-84.0485521176613,
-41.));
#11439=CARTESIAN_POINT('Ctrl Pts',(-129.577138946413,-84.0485521176613,
-46.));
#11440=CARTESIAN_POINT('Ctrl Pts',(-129.577138946413,-84.0485521176613,
-41.));
#11441=CARTESIAN_POINT('Ctrl Pts',(-129.577138946413,-72.8725886141416,
-46.));
#11442=CARTESIAN_POINT('Ctrl Pts',(-129.577138946413,-72.8725886141416,
-41.));
#11443=CARTESIAN_POINT('',(-138.584812642296,-84.0485521176613,-41.));
#11444=CARTESIAN_POINT('',(-138.584812642296,-84.0485521176613,-43.5));
#11445=CARTESIAN_POINT('Ctrl Pts',(-130.81313377238,-82.7797264786431,-41.));
#11446=CARTESIAN_POINT('Ctrl Pts',(-131.973480122765,-84.0485521176613,
-41.));
#11447=CARTESIAN_POINT('Ctrl Pts',(-134.223154376928,-84.0485521176613,
-41.));
#11448=CARTESIAN_POINT('Ctrl Pts',(-138.584812642296,-84.0485521176613,
-41.));
#11449=CARTESIAN_POINT('Ctrl Pts',(-145.116707224408,-72.851616864518,-46.));
#11450=CARTESIAN_POINT('Ctrl Pts',(-145.116707224408,-72.851616864518,-41.));
#11451=CARTESIAN_POINT('Ctrl Pts',(-147.592486338178,-84.0485521176613,
-46.));
#11452=CARTESIAN_POINT('Ctrl Pts',(-147.592486338178,-84.0485521176613,
-41.));
#11453=CARTESIAN_POINT('Ctrl Pts',(-147.592486338178,-84.0485521176613,
-46.));
#11454=CARTESIAN_POINT('Ctrl Pts',(-147.592486338178,-84.0485521176613,
-41.));
#11455=CARTESIAN_POINT('Ctrl Pts',(-138.584812642296,-84.0485521176613,
-46.));
#11456=CARTESIAN_POINT('Ctrl Pts',(-138.584812642296,-84.0485521176613,
-41.));
#11457=CARTESIAN_POINT('Ctrl Pts',(-138.584812642296,-84.0485521176613,
-41.));
#11458=CARTESIAN_POINT('Ctrl Pts',(-142.943746091433,-84.0485521176613,
-41.));
#11459=CARTESIAN_POINT('Ctrl Pts',(-145.193333503452,-84.0485521176703,
-41.));
#11460=CARTESIAN_POINT('Ctrl Pts',(-146.073762718147,-82.7797264786431,
-41.));
#11461=CARTESIAN_POINT('Origin',(-175.647109638133,-12.342314411064,-43.5));
#11462=CARTESIAN_POINT('',(-176.897109638133,-12.342314411064,-43.5));
#11463=CARTESIAN_POINT('Origin',(-126.007787310479,0.157685588602362,-43.5));
#11464=CARTESIAN_POINT('',(-121.007787310613,0.15764905564477,-41.1302194862086));
#11465=CARTESIAN_POINT('',(-126.007787310479,0.157685588602362,-41.1302194862086));
#11466=CARTESIAN_POINT('',(-121.007787310613,0.15764905564477,-41.));
#11467=CARTESIAN_POINT('Origin',(-126.007787310479,0.157685588602362,-41.1302194862086));
#11468=CARTESIAN_POINT('',(-121.007969975401,-24.8423509436879,-41.1302194862086));
#11469=CARTESIAN_POINT('',(-126.007969975267,-24.8423144107303,-41.1302194862086));
#11470=CARTESIAN_POINT('',(-121.007787310613,0.15764905564477,-41.1302194862086));
#11471=CARTESIAN_POINT('Origin',(-126.007787310479,0.157685588602362,-41.1302194862086));
#11472=CARTESIAN_POINT('',(-126.007969975267,-24.8423144107303,-41.1302194862086));
#11473=CARTESIAN_POINT('',(-126.007557381499,31.6263916225588,-41.1302194862086));
#11474=CARTESIAN_POINT('',(-126.007969975267,-24.8423144107303,-41.1302194862086));
#11475=CARTESIAN_POINT('Origin',(-126.007969975267,-24.8423144107303,-41.1302194862086));
#11476=CARTESIAN_POINT('',(-121.007969975401,-24.8423509436879,-41.));
#11477=CARTESIAN_POINT('Origin',(-126.007969975267,-24.8423144107303,-41.1302194862086));
#11478=CARTESIAN_POINT('',(-126.007969975267,-24.8423144107303,-41.0651097431043));
#11479=CARTESIAN_POINT('Origin',(-121.007878643007,-12.3423509440216,-42.3151097431043));
#11480=CARTESIAN_POINT('Origin',(-126.007327452518,63.0950976565152,-41.));
#11481=CARTESIAN_POINT('',(-126.007327452518,63.0950976565152,-41.));
#11482=CARTESIAN_POINT('',(-126.007327452518,63.0950976565152,-41.));
#11483=CARTESIAN_POINT('',(-126.007603049671,25.3761212600135,-41.));
#11484=CARTESIAN_POINT('',(-126.008429833228,-87.7797264786431,-41.));
#11485=CARTESIAN_POINT('',(-126.007603049671,25.3761212600135,-41.));
#11486=CARTESIAN_POINT('',(-126.008429833228,-87.7797264786431,-41.));
#11487=CARTESIAN_POINT('Origin',(-180.687327452518,-82.7797264786431,-41.));
#11488=CARTESIAN_POINT('',(-180.687327452518,63.0950976565152,-41.));
#11489=CARTESIAN_POINT('',(-180.687327452518,-87.7797264786431,-41.));
#11490=CARTESIAN_POINT('',(-180.687327452518,-47.5610204448535,-41.));
#11491=CARTESIAN_POINT('',(-180.687327452518,63.0950976565152,-41.));
#11492=CARTESIAN_POINT('',(-180.687327452518,-87.7797264786431,-41.));
#11493=CARTESIAN_POINT('Origin',(-122.507327452518,-32.2797264786431,-43.5));
#11494=CARTESIAN_POINT('',(-121.007327452518,-57.2797264786431,-43.5));
#11495=CARTESIAN_POINT('Origin',(-122.507327452518,-57.2797264786431,-43.5));
#11496=CARTESIAN_POINT('',(-121.007327452518,-32.2797264786431,-43.5));
#11497=CARTESIAN_POINT('',(-121.007327452518,-32.2797264786431,-43.5));
#11498=CARTESIAN_POINT('Origin',(-122.507327452518,-32.2797264786431,-43.5));
#11499=CARTESIAN_POINT('Origin',(-122.507327452518,-57.2797264786431,-43.5));
#11500=CARTESIAN_POINT('Origin',(-122.507327452518,5.2762735213569,-43.5));
#11501=CARTESIAN_POINT('',(-121.007327452518,30.2762735213569,-43.5));
#11502=CARTESIAN_POINT('Origin',(-122.507327452518,30.2762735213569,-43.5));
#11503=CARTESIAN_POINT('',(-121.007327452518,5.2762735213569,-43.5));
#11504=CARTESIAN_POINT('',(-121.007327452518,5.2762735213569,-43.5));
#11505=CARTESIAN_POINT('Origin',(-122.507327452518,5.2762735213569,-43.5));
#11506=CARTESIAN_POINT('Origin',(-122.507327452518,30.2762735213569,-43.5));
#11507=CARTESIAN_POINT('Origin',(-122.507327452518,5.2762735213569,-43.5));
#11508=CARTESIAN_POINT('Origin',(-122.507327452518,-32.2797264786431,-43.5));
#11509=CARTESIAN_POINT('Origin',(-200.013031777634,-12.342314411064,-41.));
#11510=CARTESIAN_POINT('',(-170.687247500226,55.7767233889617,-41.));
#11511=CARTESIAN_POINT('Origin',(-200.013031777634,-12.342314411064,-41.));
#11512=CARTESIAN_POINT('',(-170.687247500226,55.7767233889617,-41.));
#11513=CARTESIAN_POINT('',(-125.007327452518,55.7767233889617,-41.));
#11514=CARTESIAN_POINT('',(-170.687247500226,55.7767233889617,-41.));
#11515=CARTESIAN_POINT('Origin',(-200.013031777634,-12.342314411064,-41.));
#11516=CARTESIAN_POINT('',(-125.007327452518,55.7767233889617,-41.));
#11517=CARTESIAN_POINT('Origin',(-200.013031777634,-12.342314411064,-41.));
#11518=CARTESIAN_POINT('',(-125.007327452518,63.0950976565152,-41.));
#11519=CARTESIAN_POINT('',(-280.01873610275,63.0950976565152,-41.));
#11520=CARTESIAN_POINT('',(-125.007327452518,55.7767233889617,-41.));
#11521=CARTESIAN_POINT('',(-125.007327452518,21.7172044889489,-41.));
#11522=CARTESIAN_POINT('',(-125.007327452518,55.7767233889617,-41.));
#11523=CARTESIAN_POINT('Origin',(-200.013031777634,-12.342314411064,-41.));
#11524=CARTESIAN_POINT('',(-181.33873610275,-87.7797264786431,-41.));
#11525=CARTESIAN_POINT('',(-120.007327452518,-87.7797264786431,-41.));
#11526=CARTESIAN_POINT('',(-181.33873610275,62.5950976565152,-41.));
#11527=CARTESIAN_POINT('',(-181.33873610275,22.6263916227256,-41.));
#11528=CARTESIAN_POINT('',(-274.01763372204,62.5950976565152,-41.));
#11529=CARTESIAN_POINT('',(-237.015351016316,62.5950976565152,-41.));
#11530=CARTESIAN_POINT('',(-274.017666601701,58.0950976565152,-41.));
#11531=CARTESIAN_POINT('',(-274.018458678949,-50.3107500821548,-41.));
#11532=CARTESIAN_POINT('',(-275.01873610275,58.0950976565152,-41.));
#11533=CARTESIAN_POINT('',(-194.087663992567,58.0950976565152,-41.));
#11534=CARTESIAN_POINT('',(-275.01873610275,63.0950976565152,-41.));
#11535=CARTESIAN_POINT('',(-275.01873610275,25.3763916227256,-41.));
#11536=CARTESIAN_POINT('',(-280.01873610275,63.0950976565152,-41.));
#11537=CARTESIAN_POINT('Origin',(-200.013031777634,-12.342314411064,-41.));
#11538=CARTESIAN_POINT('',(-125.007327452518,-82.7797264786431,-41.));
#11539=CARTESIAN_POINT('',(-170.687247500226,-82.7797264786431,-41.));
#11540=CARTESIAN_POINT('',(-125.007327452518,-87.7797264786431,-41.));
#11541=CARTESIAN_POINT('',(-125.007327452518,-50.0610204448535,-41.));
#11542=CARTESIAN_POINT('',(-120.007327452518,-87.7797264786431,-41.));
#11543=CARTESIAN_POINT('Origin',(-200.013031777634,-12.342314411064,-41.));
#11544=CARTESIAN_POINT('',(-170.687247500226,-82.7797264786431,-41.));
#11545=CARTESIAN_POINT('Origin',(-200.013031777634,-12.342314411064,-41.));
#11546=CARTESIAN_POINT('',(-170.687247500226,-82.7797264786431,-41.));
#11547=CARTESIAN_POINT('',(-170.687247500226,55.7767233889617,-41.));
#11548=CARTESIAN_POINT('',(-170.687247500226,-82.7797264786431,-41.));
#11549=CARTESIAN_POINT('Origin',(-200.013031777634,-12.342314411064,-41.));
#11550=CARTESIAN_POINT('',(-170.687247500226,55.7767233889617,-41.));
#11551=CARTESIAN_POINT('Origin',(-200.013031777634,-12.342314411064,-41.));
#11552=CARTESIAN_POINT('',(-170.687247500226,55.7767233889617,-41.));
#11553=CARTESIAN_POINT('Origin',(-249.17873610275,-15.342314411064,-41.));
#11554=CARTESIAN_POINT('',(-185.213897196894,-12.8387994440667,-41.));
#11555=CARTESIAN_POINT('Origin',(-186.963897196894,-12.8387994440667,-41.));
#11556=CARTESIAN_POINT('',(-188.213293997238,-12.842314411064,-41.));
#11557=CARTESIAN_POINT('Origin',(-186.963293997238,-12.842314411064,-41.));
#11558=CARTESIAN_POINT('Origin',(-249.17873610275,-15.342314411064,-41.));
#11559=CARTESIAN_POINT('',(-274.018732449454,-87.7797264786431,-41.));
#11560=CARTESIAN_POINT('',(-120.007327452518,-87.7797264786431,-41.));
#11561=CARTESIAN_POINT('',(-274.01873610275,-88.2797264786431,-41.));
#11562=CARTESIAN_POINT('',(-274.01873610275,-88.2797264786431,-41.));
#11563=CARTESIAN_POINT('',(-181.33873610275,-88.2797264786431,-41.));
#11564=CARTESIAN_POINT('',(-224.33873610275,-88.2797264786431,-41.));
#11565=CARTESIAN_POINT('',(-181.33873610275,21.1263916227256,-41.));
#11566=CARTESIAN_POINT('Origin',(-249.17873610275,-15.342314411064,-41.));
#11567=CARTESIAN_POINT('',(-194.087663992567,-13.8258525591638,-41.));
#11568=CARTESIAN_POINT('',(-194.087663992567,-9.18884135691779,-41.));
#11569=CARTESIAN_POINT('',(-194.087663992567,-81.619001349032,-41.));
#11570=CARTESIAN_POINT('',(-197.734008699258,-8.80962520514426,-41.));
#11571=CARTESIAN_POINT('Origin',(-194.738470650768,2.27362370779335,-41.));
#11572=CARTESIAN_POINT('',(-211.542742057006,6.19790423007711,-41.));
#11573=CARTESIAN_POINT('Ctrl Pts',(-197.734008699258,-8.80962520514426,
-41.));
#11574=CARTESIAN_POINT('Ctrl Pts',(-212.205526924356,-3.76482719082134,
-41.));
#11575=CARTESIAN_POINT('Ctrl Pts',(-212.205526924356,-3.76482719082134,
-41.));
#11576=CARTESIAN_POINT('Ctrl Pts',(-211.542742057006,6.19790423007711,-41.));
#11577=CARTESIAN_POINT('',(-206.771113932006,19.1458761742503,-41.));
#11578=CARTESIAN_POINT('Ctrl Pts',(-211.542742057006,6.19790423007711,-41.));
#11579=CARTESIAN_POINT('Ctrl Pts',(-210.879957189655,16.1606413353831,-41.));
#11580=CARTESIAN_POINT('Ctrl Pts',(-210.879957189655,16.1606413353831,-41.));
#11581=CARTESIAN_POINT('Ctrl Pts',(-206.771113932006,19.1458761742503,-41.));
#11582=CARTESIAN_POINT('',(-194.087663992567,20.7803357050454,-41.));
#11583=CARTESIAN_POINT('Ctrl Pts',(-206.771113932006,19.1458761742503,-41.));
#11584=CARTESIAN_POINT('Ctrl Pts',(-202.827686782568,22.010925796917,-41.));
#11585=CARTESIAN_POINT('Ctrl Pts',(-202.668924852567,22.1262723699377,-41.));
#11586=CARTESIAN_POINT('Ctrl Pts',(-194.08766399257,20.7803357050459,-41.));
#11587=CARTESIAN_POINT('',(-194.087663992567,23.4226231973423,-41.));
#11588=CARTESIAN_POINT('',(-194.087663992567,-81.619001349032,-41.));
#11589=CARTESIAN_POINT('',(-207.633393082396,39.4826172712555,-41.));
#11590=CARTESIAN_POINT('Ctrl Pts',(-194.087663992567,23.4226231973423,-41.));
#11591=CARTESIAN_POINT('Ctrl Pts',(-202.056563621338,24.7158989458439,-41.));
#11592=CARTESIAN_POINT('Ctrl Pts',(-202.341289453715,25.4698158794763,-41.));
#11593=CARTESIAN_POINT('Ctrl Pts',(-207.633393082396,39.4826172712555,-41.));
#11594=CARTESIAN_POINT('',(-198.253438492552,55.0329394148102,-41.));
#11595=CARTESIAN_POINT('Ctrl Pts',(-207.633393082396,39.4826172712555,-41.));
#11596=CARTESIAN_POINT('Ctrl Pts',(-213.244386510944,55.0329394148102,-41.));
#11597=CARTESIAN_POINT('Ctrl Pts',(-213.244386510944,55.0329394148102,-41.));
#11598=CARTESIAN_POINT('Ctrl Pts',(-198.253438492552,55.0329394148102,-41.));
#11599=CARTESIAN_POINT('',(-194.087663992567,55.0148192180711,-41.));
#11600=CARTESIAN_POINT('Ctrl Pts',(-198.253438492552,55.0329394148102,-41.));
#11601=CARTESIAN_POINT('Ctrl Pts',(-196.711728741696,55.0329394148102,-41.));
#11602=CARTESIAN_POINT('Ctrl Pts',(-195.328572602858,55.0329394148102,-41.));
#11603=CARTESIAN_POINT('Ctrl Pts',(-194.087663992567,55.0148192180711,-41.));
#11604=CARTESIAN_POINT('',(-194.087663992567,58.0950976565152,-41.));
#11605=CARTESIAN_POINT('',(-194.087663992567,-81.619001349032,-41.));
#11606=CARTESIAN_POINT('',(-194.087663992567,58.0950976565152,-41.));
#11607=CARTESIAN_POINT('',(-274.018687435552,-81.619001349032,-41.));
#11608=CARTESIAN_POINT('',(-274.01873610275,-88.2797264786431,-41.));
#11609=CARTESIAN_POINT('',(-194.087663992567,-81.619001349032,-41.));
#11610=CARTESIAN_POINT('',(-275.01873610275,-81.619001349032,-41.));
#11611=CARTESIAN_POINT('',(-194.087663992567,-80.1405930903157,-41.));
#11612=CARTESIAN_POINT('',(-194.087663992567,-81.619001349032,-41.));
#11613=CARTESIAN_POINT('',(-199.967639802774,-80.1966605851899,-41.));
#11614=CARTESIAN_POINT('Ctrl Pts',(-194.087663992567,-80.1405930903157,
-41.));
#11615=CARTESIAN_POINT('Ctrl Pts',(-195.771992785541,-80.1966605851899,
-41.));
#11616=CARTESIAN_POINT('Ctrl Pts',(-197.718392526203,-80.1966605851899,
-41.));
#11617=CARTESIAN_POINT('Ctrl Pts',(-199.967639802774,-80.1966605851899,
-41.));
#11618=CARTESIAN_POINT('',(-215.458065343952,-64.9806228176524,-41.));
#11619=CARTESIAN_POINT('Ctrl Pts',(-199.967639802774,-80.1966605851899,
-41.));
#11620=CARTESIAN_POINT('Ctrl Pts',(-216.67278344698,-80.1966605851899,-41.));
#11621=CARTESIAN_POINT('Ctrl Pts',(-216.67278344698,-80.1966605851899,-41.));
#11622=CARTESIAN_POINT('Ctrl Pts',(-215.458065343952,-64.9806228176524,
-41.));
#11623=CARTESIAN_POINT('',(-210.351256127644,-44.2505534033865,-41.));
#11624=CARTESIAN_POINT('Ctrl Pts',(-215.458065343952,-64.9806228176524,
-41.));
#11625=CARTESIAN_POINT('Ctrl Pts',(-214.243341556517,-49.764585050115,-41.));
#11626=CARTESIAN_POINT('Ctrl Pts',(-214.243341556517,-49.764585050115,-41.));
#11627=CARTESIAN_POINT('Ctrl Pts',(-210.351256127644,-44.2505534033865,
-41.));
#11628=CARTESIAN_POINT('',(-194.860830586465,-36.4971380326996,-41.));
#11629=CARTESIAN_POINT('Ctrl Pts',(-210.351256127644,-44.2505534033865,
-41.));
#11630=CARTESIAN_POINT('Ctrl Pts',(-206.459165014362,-38.7365189144542,
-41.));
#11631=CARTESIAN_POINT('Ctrl Pts',(-206.459165014362,-38.7365189144542,
-41.));
#11632=CARTESIAN_POINT('Ctrl Pts',(-194.860830586465,-36.4971380326996,
-41.));
#11633=CARTESIAN_POINT('',(-194.087663992567,-36.3481266688443,-41.));
#11634=CARTESIAN_POINT('Ctrl Pts',(-194.860830586465,-36.4971380326996,
-41.));
#11635=CARTESIAN_POINT('Ctrl Pts',(-194.597159646266,-36.4462290528939,
-41.));
#11636=CARTESIAN_POINT('Ctrl Pts',(-194.339482871096,-36.3964774127109,
-41.));
#11637=CARTESIAN_POINT('Ctrl Pts',(-194.087663992567,-36.3481266688443,
-41.));
#11638=CARTESIAN_POINT('',(-194.087663992567,-33.6917694835368,-41.));
#11639=CARTESIAN_POINT('',(-194.087663992567,-81.619001349032,-41.));
#11640=CARTESIAN_POINT('',(-195.105896764851,-33.8885605648448,-41.));
#11641=CARTESIAN_POINT('Ctrl Pts',(-194.087663992566,-33.6917694835368,
-41.));
#11642=CARTESIAN_POINT('Ctrl Pts',(-194.416956550057,-33.7555413932402,
-41.));
#11643=CARTESIAN_POINT('Ctrl Pts',(-194.756265906653,-33.821054551803,-41.));
#11644=CARTESIAN_POINT('Ctrl Pts',(-195.105896764851,-33.8885605648448,
-41.));
#11645=CARTESIAN_POINT('',(-214.342960798868,-31.3271608374685,-41.));
#11646=CARTESIAN_POINT('Ctrl Pts',(-195.105896764851,-33.8885605648448,
-41.));
#11647=CARTESIAN_POINT('Ctrl Pts',(-206.949297371133,-36.1752556128591,
-41.));
#11648=CARTESIAN_POINT('Ctrl Pts',(-206.949297371133,-36.1752556128591,
-41.));
#11649=CARTESIAN_POINT('Ctrl Pts',(-214.342960798868,-31.3271608374685,
-41.));
#11650=CARTESIAN_POINT('',(-221.417109362507,-17.997924309962,-41.));
#11651=CARTESIAN_POINT('Ctrl Pts',(-214.342960798868,-31.3271608374685,
-41.));
#11652=CARTESIAN_POINT('Ctrl Pts',(-221.736618542194,-26.4790660620779,
-41.));
#11653=CARTESIAN_POINT('Ctrl Pts',(-221.736618542194,-26.4790660620779,
-41.));
#11654=CARTESIAN_POINT('Ctrl Pts',(-221.417109362507,-17.997924309962,-41.));
#11655=CARTESIAN_POINT('',(-217.303189928913,-7.79446391364035,-41.));
#11656=CARTESIAN_POINT('Ctrl Pts',(-221.417109362507,-17.997924309962,-41.));
#11657=CARTESIAN_POINT('Ctrl Pts',(-221.097594498412,-9.51677687343853,
-41.));
#11658=CARTESIAN_POINT('Ctrl Pts',(-221.097594498412,-9.51677687343853,
-41.));
#11659=CARTESIAN_POINT('Ctrl Pts',(-217.303189928913,-7.79446391364035,
-41.));
#11660=CARTESIAN_POINT('',(-198.385640758991,-11.3441035783539,-41.));
#11661=CARTESIAN_POINT('Ctrl Pts',(-217.303189928913,-7.79446391364035,
-41.));
#11662=CARTESIAN_POINT('Ctrl Pts',(-213.508785359414,-6.07215095384218,
-41.));
#11663=CARTESIAN_POINT('Ctrl Pts',(-213.508785359414,-6.07215095384218,
-41.));
#11664=CARTESIAN_POINT('Ctrl Pts',(-198.385640758991,-11.3441035783539,
-41.));
#11665=CARTESIAN_POINT('Origin',(-217.356051015703,-49.160266454949,-41.));
#11666=CARTESIAN_POINT('',(-255.339642774169,-41.3520683081716,-41.));
#11667=CARTESIAN_POINT('',(-241.118404750284,-50.3356264217784,-41.));
#11668=CARTESIAN_POINT('Ctrl Pts',(-255.339642774169,-41.3520683081716,
-41.));
#11669=CARTESIAN_POINT('Ctrl Pts',(-240.61652840751,-44.0563370927582,-41.));
#11670=CARTESIAN_POINT('Ctrl Pts',(-240.61652840751,-44.0563370927582,-41.));
#11671=CARTESIAN_POINT('Ctrl Pts',(-241.118404750284,-50.3356264217784,
-41.));
#11672=CARTESIAN_POINT('',(-255.84151769584,-57.1024872819672,-41.));
#11673=CARTESIAN_POINT('Ctrl Pts',(-241.118404750284,-50.3356264217784,
-41.));
#11674=CARTESIAN_POINT('Ctrl Pts',(-241.620278250853,-56.6149129085948,
-41.));
#11675=CARTESIAN_POINT('Ctrl Pts',(-241.620278250853,-56.6149129085948,
-41.));
#11676=CARTESIAN_POINT('Ctrl Pts',(-255.84151769584,-57.1024872819672,-41.));
#11677=CARTESIAN_POINT('',(-270.062757140827,-48.1189291683604,-41.));
#11678=CARTESIAN_POINT('Ctrl Pts',(-255.84151769584,-57.1024872819672,-41.));
#11679=CARTESIAN_POINT('Ctrl Pts',(-270.062757140827,-57.5900588131358,
-41.));
#11680=CARTESIAN_POINT('Ctrl Pts',(-270.062757140827,-57.5900588131358,
-41.));
#11681=CARTESIAN_POINT('Ctrl Pts',(-270.062757140827,-48.1189291683604,
-41.));
#11682=CARTESIAN_POINT('Ctrl Pts',(-270.062757140827,-48.1189291683604,
-41.));
#11683=CARTESIAN_POINT('Ctrl Pts',(-270.062757140827,-38.6477966813813,
-41.));
#11684=CARTESIAN_POINT('Ctrl Pts',(-270.062757140827,-38.6477966813813,
-41.));
#11685=CARTESIAN_POINT('Ctrl Pts',(-255.339642774169,-41.3520683081716,
-41.));
#11686=CARTESIAN_POINT('',(-265.410624499734,13.3134693871409,-41.));
#11687=CARTESIAN_POINT('',(-249.66203519462,3.78739710117085,-41.));
#11688=CARTESIAN_POINT('Ctrl Pts',(-265.410624499734,13.3134693871409,-41.));
#11689=CARTESIAN_POINT('Ctrl Pts',(-260.758491858641,12.9465977237295,-41.));
#11690=CARTESIAN_POINT('Ctrl Pts',(-260.758491858641,12.9465977237295,-41.));
#11691=CARTESIAN_POINT('Ctrl Pts',(-249.66203519462,3.78739710117085,-41.));
#11692=CARTESIAN_POINT('',(-243.945078724893,-10.6095246436208,-41.));
#11693=CARTESIAN_POINT('Ctrl Pts',(-249.66203519462,3.78739710117085,-41.));
#11694=CARTESIAN_POINT('Ctrl Pts',(-238.5655799517,-5.3718092057953,-41.));
#11695=CARTESIAN_POINT('Ctrl Pts',(-238.5655799517,-5.3718092057953,-41.));
#11696=CARTESIAN_POINT('Ctrl Pts',(-243.945078724893,-10.6095246436208,
-41.));
#11697=CARTESIAN_POINT('',(-259.693668030008,-16.7190008236338,-41.));
#11698=CARTESIAN_POINT('Ctrl Pts',(-243.945078724893,-10.6095246436208,
-41.));
#11699=CARTESIAN_POINT('Ctrl Pts',(-249.324578919188,-15.8472400814463,
-41.));
#11700=CARTESIAN_POINT('Ctrl Pts',(-249.324578919188,-15.8472400814463,
-41.));
#11701=CARTESIAN_POINT('Ctrl Pts',(-259.693668030008,-16.7190008236338,
-41.));
#11702=CARTESIAN_POINT('',(-270.062757140827,-1.95521309983826,-41.));
#11703=CARTESIAN_POINT('Ctrl Pts',(-259.693668030008,-16.7190008236338,
-41.));
#11704=CARTESIAN_POINT('Ctrl Pts',(-270.062757140827,-17.5907672502289,
-41.));
#11705=CARTESIAN_POINT('Ctrl Pts',(-270.062757140827,-17.5907672502289,
-41.));
#11706=CARTESIAN_POINT('Ctrl Pts',(-270.062757140827,-1.95521309983826,
-41.));
#11707=CARTESIAN_POINT('Ctrl Pts',(-270.062757140827,-1.95521309983826,
-41.));
#11708=CARTESIAN_POINT('Ctrl Pts',(-270.062757140827,13.6803353661448,-41.));
#11709=CARTESIAN_POINT('Ctrl Pts',(-270.062757140827,13.6803353661448,-41.));
#11710=CARTESIAN_POINT('Ctrl Pts',(-265.410624499734,13.3134693871409,-41.));
#11711=CARTESIAN_POINT('',(-224.213175644652,38.9180191755524,-41.));
#11712=CARTESIAN_POINT('',(-241.932670552286,39.5767965355784,-41.));
#11713=CARTESIAN_POINT('Ctrl Pts',(-224.213175644652,38.9180191755524,-41.));
#11714=CARTESIAN_POINT('Ctrl Pts',(-232.589911883259,23.4809645368805,-41.));
#11715=CARTESIAN_POINT('Ctrl Pts',(-234.533655254841,24.1206536563466,-41.));
#11716=CARTESIAN_POINT('Ctrl Pts',(-241.932670552286,39.5767965355784,-41.));
#11717=CARTESIAN_POINT('',(-232.592285123412,55.0329394148102,-41.));
#11718=CARTESIAN_POINT('Ctrl Pts',(-241.932670552286,39.5767965355784,-41.));
#11719=CARTESIAN_POINT('Ctrl Pts',(-249.331687270832,55.0329394148102,-41.));
#11720=CARTESIAN_POINT('Ctrl Pts',(-249.331687270832,55.0329394148102,-41.));
#11721=CARTESIAN_POINT('Ctrl Pts',(-232.592285123412,55.0329394148102,-41.));
#11722=CARTESIAN_POINT('Ctrl Pts',(-232.592285123412,55.0329394148102,-41.));
#11723=CARTESIAN_POINT('Ctrl Pts',(-215.836442248249,54.3550851830393,-41.));
#11724=CARTESIAN_POINT('Ctrl Pts',(-215.836442248249,54.3550851830393,-41.));
#11725=CARTESIAN_POINT('Ctrl Pts',(-224.213175644652,38.9180191755524,-41.));
#11726=CARTESIAN_POINT('',(-244.746526187865,39.4153707299144,-41.));
#11727=CARTESIAN_POINT('',(-248.845794060993,19.6668180199534,-41.));
#11728=CARTESIAN_POINT('Ctrl Pts',(-244.746526187865,39.4153707299144,-41.));
#11729=CARTESIAN_POINT('Ctrl Pts',(-237.270234211954,23.7978020450185,-41.));
#11730=CARTESIAN_POINT('Ctrl Pts',(-237.270234211954,23.7978020450185,-41.));
#11731=CARTESIAN_POINT('Ctrl Pts',(-248.845794060993,19.6668180199534,-41.));
#11732=CARTESIAN_POINT('',(-265.242056235981,15.9160071719716,-41.));
#11733=CARTESIAN_POINT('Ctrl Pts',(-248.845794060993,19.6668180199534,-41.));
#11734=CARTESIAN_POINT('Ctrl Pts',(-260.421354620584,15.5358453637034,-41.));
#11735=CARTESIAN_POINT('Ctrl Pts',(-260.421354620584,15.5358453637034,-41.));
#11736=CARTESIAN_POINT('Ctrl Pts',(-265.242056235981,15.9160071719716,-41.));
#11737=CARTESIAN_POINT('',(-270.062757140827,35.6645485131175,-41.));
#11738=CARTESIAN_POINT('Ctrl Pts',(-265.242056235981,15.9160071719716,-41.));
#11739=CARTESIAN_POINT('Ctrl Pts',(-270.062757140827,16.2961689802399,-41.));
#11740=CARTESIAN_POINT('Ctrl Pts',(-270.062757140827,16.2961689802399,-41.));
#11741=CARTESIAN_POINT('Ctrl Pts',(-270.062757140827,35.6645485131175,-41.));
#11742=CARTESIAN_POINT('',(-261.142789073404,55.0329394148102,-41.));
#11743=CARTESIAN_POINT('Ctrl Pts',(-270.062757140827,35.6645485131175,-41.));
#11744=CARTESIAN_POINT('Ctrl Pts',(-270.062757140827,55.0329394148102,-41.));
#11745=CARTESIAN_POINT('Ctrl Pts',(-270.062757140827,55.0329394148102,-41.));
#11746=CARTESIAN_POINT('Ctrl Pts',(-261.142789073404,55.0329394148102,-41.));
#11747=CARTESIAN_POINT('Ctrl Pts',(-261.142789073404,55.0329394148102,-41.));
#11748=CARTESIAN_POINT('Ctrl Pts',(-252.22282100598,55.0329394148102,-41.));
#11749=CARTESIAN_POINT('Ctrl Pts',(-252.22282100598,55.0329394148102,-41.));
#11750=CARTESIAN_POINT('Ctrl Pts',(-244.746526187865,39.4153707299144,-41.));
#11751=CARTESIAN_POINT('',(-241.489391924763,-11.8581786597341,-41.));
#11752=CARTESIAN_POINT('',(-228.73241607434,-7.76155119391379,-41.));
#11753=CARTESIAN_POINT('Ctrl Pts',(-241.489391924763,-11.8581786597341,
-41.));
#11754=CARTESIAN_POINT('Ctrl Pts',(-235.963297965209,-6.47772774827577,
-41.));
#11755=CARTESIAN_POINT('Ctrl Pts',(-233.755763976765,-5.95622883063254,
-41.));
#11756=CARTESIAN_POINT('Ctrl Pts',(-228.73241607434,-7.76155119391379,-41.));
#11757=CARTESIAN_POINT('',(-224.025809045124,-17.9745272884776,-41.));
#11758=CARTESIAN_POINT('Ctrl Pts',(-228.73241607434,-7.76155119391379,-41.));
#11759=CARTESIAN_POINT('Ctrl Pts',(-223.709065329711,-9.56687355719504,
-41.));
#11760=CARTESIAN_POINT('Ctrl Pts',(-223.709065329711,-9.56687355719504,
-41.));
#11761=CARTESIAN_POINT('Ctrl Pts',(-224.025809045124,-17.9745272884776,
-41.));
#11762=CARTESIAN_POINT('',(-229.891046128051,-29.4608163591156,-41.));
#11763=CARTESIAN_POINT('Ctrl Pts',(-224.025809045124,-17.9745272884776,
-41.));
#11764=CARTESIAN_POINT('Ctrl Pts',(-224.342555602741,-26.3821810197602,
-41.));
#11765=CARTESIAN_POINT('Ctrl Pts',(-224.342555602741,-26.3821810197602,
-41.));
#11766=CARTESIAN_POINT('Ctrl Pts',(-229.891046128051,-29.4608163591156,
-41.));
#11767=CARTESIAN_POINT('',(-241.227514111042,-24.8890349504242,-41.));
#11768=CARTESIAN_POINT('Ctrl Pts',(-229.891046128051,-29.4608163591156,
-41.));
#11769=CARTESIAN_POINT('Ctrl Pts',(-235.439539495564,-32.5394460140635,
-41.));
#11770=CARTESIAN_POINT('Ctrl Pts',(-235.439539495564,-32.5394460140635,
-41.));
#11771=CARTESIAN_POINT('Ctrl Pts',(-241.227514111042,-24.8890349504242,
-41.));
#11772=CARTESIAN_POINT('Ctrl Pts',(-241.227514111042,-24.8890349504242,
-41.));
#11773=CARTESIAN_POINT('Ctrl Pts',(-247.015488726521,-17.2386238867849,
-41.));
#11774=CARTESIAN_POINT('Ctrl Pts',(-247.015488726521,-17.2386238867849,
-41.));
#11775=CARTESIAN_POINT('Ctrl Pts',(-241.489391924763,-11.8581786597341,
-41.));
#11776=CARTESIAN_POINT('',(-238.537666668415,-50.7774441565603,-41.));
#11777=CARTESIAN_POINT('',(-227.446034645303,-47.1122888037771,-41.));
#11778=CARTESIAN_POINT('Ctrl Pts',(-238.537666668415,-50.7774441565603,
-41.));
#11779=CARTESIAN_POINT('Ctrl Pts',(-237.993702972126,-43.9715399431,-41.));
#11780=CARTESIAN_POINT('Ctrl Pts',(-237.993702972126,-43.9715399431,-41.));
#11781=CARTESIAN_POINT('Ctrl Pts',(-227.446034645303,-47.1122888037771,
-41.));
#11782=CARTESIAN_POINT('',(-218.093589745808,-65.2248505459239,-41.));
#11783=CARTESIAN_POINT('Ctrl Pts',(-227.446034645303,-47.1122888037771,
-41.));
#11784=CARTESIAN_POINT('Ctrl Pts',(-216.898369160684,-50.2530405066579,
-41.));
#11785=CARTESIAN_POINT('Ctrl Pts',(-216.898369160684,-50.2530405066579,
-41.));
#11786=CARTESIAN_POINT('Ctrl Pts',(-218.093589745808,-65.2248505459239,
-41.));
#11787=CARTESIAN_POINT('',(-222.778439705118,-80.1966605851899,-41.));
#11788=CARTESIAN_POINT('Ctrl Pts',(-218.093589745808,-65.2248505459239,
-41.));
#11789=CARTESIAN_POINT('Ctrl Pts',(-219.288816015339,-80.1966605851899,
-41.));
#11790=CARTESIAN_POINT('Ctrl Pts',(-219.288816015339,-80.1966605851899,
-41.));
#11791=CARTESIAN_POINT('Ctrl Pts',(-222.778439705118,-80.1966605851899,
-41.));
#11792=CARTESIAN_POINT('',(-232.674845458698,-68.8900030565033,-41.));
#11793=CARTESIAN_POINT('Ctrl Pts',(-222.778439705118,-80.1966605851899,
-41.));
#11794=CARTESIAN_POINT('Ctrl Pts',(-226.268060552692,-80.1966605851899,
-41.));
#11795=CARTESIAN_POINT('Ctrl Pts',(-226.268060552692,-80.1966605851899,
-41.));
#11796=CARTESIAN_POINT('Ctrl Pts',(-232.674845458698,-68.8900030565033,
-41.));
#11797=CARTESIAN_POINT('Ctrl Pts',(-232.674845458698,-68.8900030565033,
-41.));
#11798=CARTESIAN_POINT('Ctrl Pts',(-239.081633206908,-57.5833455278168,
-41.));
#11799=CARTESIAN_POINT('Ctrl Pts',(-239.081633206908,-57.5833455278168,
-41.));
#11800=CARTESIAN_POINT('Ctrl Pts',(-238.537666668415,-50.7774441565603,
-41.));
#11801=CARTESIAN_POINT('',(-235.865267514769,-38.3379396257172,-41.));
#11802=CARTESIAN_POINT('',(-228.927612945271,-31.9085051978201,-41.));
#11803=CARTESIAN_POINT('Ctrl Pts',(-235.865267514769,-38.3379396257172,
-41.));
#11804=CARTESIAN_POINT('Ctrl Pts',(-234.731736962605,-35.1289750322113,
-41.));
#11805=CARTESIAN_POINT('Ctrl Pts',(-234.731736962605,-35.1289750322113,
-41.));
#11806=CARTESIAN_POINT('Ctrl Pts',(-228.927612945271,-31.9085051978201,
-41.));
#11807=CARTESIAN_POINT('',(-216.094275605996,-33.297154803126,-41.));
#11808=CARTESIAN_POINT('Ctrl Pts',(-228.927612945271,-31.9085051978201,
-41.));
#11809=CARTESIAN_POINT('Ctrl Pts',(-223.123488927937,-28.688032521225,-41.));
#11810=CARTESIAN_POINT('Ctrl Pts',(-223.123488927937,-28.688032521225,-41.));
#11811=CARTESIAN_POINT('Ctrl Pts',(-216.094275605996,-33.297154803126,-41.));
#11812=CARTESIAN_POINT('',(-212.55249179252,-42.8470220191091,-41.));
#11813=CARTESIAN_POINT('Ctrl Pts',(-216.094275605996,-33.297154803126,-41.));
#11814=CARTESIAN_POINT('Ctrl Pts',(-209.065062284056,-37.9062770850271,
-41.));
#11815=CARTESIAN_POINT('Ctrl Pts',(-209.065062284056,-37.9062770850271,
-41.));
#11816=CARTESIAN_POINT('Ctrl Pts',(-212.55249179252,-42.8470220191091,-41.));
#11817=CARTESIAN_POINT('',(-226.519362526163,-44.667337007309,-41.));
#11818=CARTESIAN_POINT('Ctrl Pts',(-212.55249179252,-42.8470220191091,-41.));
#11819=CARTESIAN_POINT('Ctrl Pts',(-216.039921300983,-47.7877697953949,
-41.));
#11820=CARTESIAN_POINT('Ctrl Pts',(-216.039921300983,-47.7877697953949,
-41.));
#11821=CARTESIAN_POINT('Ctrl Pts',(-226.519362526163,-44.667337007309,-41.));
#11822=CARTESIAN_POINT('Ctrl Pts',(-226.519362526163,-44.667337007309,-41.));
#11823=CARTESIAN_POINT('Ctrl Pts',(-236.998798066934,-41.5469013770193,
-41.));
#11824=CARTESIAN_POINT('Ctrl Pts',(-236.998798066934,-41.5469013770193,
-41.));
#11825=CARTESIAN_POINT('Ctrl Pts',(-235.865267514769,-38.3379396257172,
-41.));
#11826=CARTESIAN_POINT('',(-231.762620261351,8.5093378197581,-41.));
#11827=CARTESIAN_POINT('',(-222.352859480508,18.297819411555,-41.));
#11828=CARTESIAN_POINT('Ctrl Pts',(-231.762620261351,8.5093378197581,-41.));
#11829=CARTESIAN_POINT('Ctrl Pts',(-231.193596854369,20.7156935326487,-41.));
#11830=CARTESIAN_POINT('Ctrl Pts',(-231.193596854369,20.7156935326487,-41.));
#11831=CARTESIAN_POINT('Ctrl Pts',(-222.352859480508,18.297819411555,-41.));
#11832=CARTESIAN_POINT('',(-214.166886274942,6.03783699781799,-41.));
#11833=CARTESIAN_POINT('Ctrl Pts',(-222.352859480508,18.297819411555,-41.));
#11834=CARTESIAN_POINT('Ctrl Pts',(-213.512127791055,15.8799339216461,-41.));
#11835=CARTESIAN_POINT('Ctrl Pts',(-213.512127791055,15.8799339216461,-41.));
#11836=CARTESIAN_POINT('Ctrl Pts',(-214.166886274942,6.03783699781799,-41.));
#11837=CARTESIAN_POINT('',(-218.624445198282,-5.53039280768332,-41.));
#11838=CARTESIAN_POINT('Ctrl Pts',(-214.166886274942,6.03783699781799,-41.));
#11839=CARTESIAN_POINT('Ctrl Pts',(-214.821650443236,-3.80426561041769,
-41.));
#11840=CARTESIAN_POINT('Ctrl Pts',(-214.821650443236,-3.80426561041769,
-41.));
#11841=CARTESIAN_POINT('Ctrl Pts',(-218.624445198282,-5.53039280768332,
-41.));
#11842=CARTESIAN_POINT('',(-227.379441810831,-5.47676610683697,-41.));
#11843=CARTESIAN_POINT('Ctrl Pts',(-218.624445198282,-5.53039280768332,
-41.));
#11844=CARTESIAN_POINT('Ctrl Pts',(-222.427239953327,-7.25651432054139,
-41.));
#11845=CARTESIAN_POINT('Ctrl Pts',(-222.427239953327,-7.25651432054139,
-41.));
#11846=CARTESIAN_POINT('Ctrl Pts',(-227.379441810831,-5.47676610683697,
-41.));
#11847=CARTESIAN_POINT('Ctrl Pts',(-227.379441810831,-5.47676610683697,
-41.));
#11848=CARTESIAN_POINT('Ctrl Pts',(-232.331643668334,-3.69701220872499,
-41.));
#11849=CARTESIAN_POINT('Ctrl Pts',(-232.331643668334,-3.69701220872499,
-41.));
#11850=CARTESIAN_POINT('Ctrl Pts',(-231.762620261351,8.5093378197581,-41.));
#11851=CARTESIAN_POINT('',(-222.296350785033,36.9828535749664,-41.));
#11852=CARTESIAN_POINT('',(-209.650544893106,37.4428244652659,-41.));
#11853=CARTESIAN_POINT('Ctrl Pts',(-222.296350785033,36.9828535749664,-41.));
#11854=CARTESIAN_POINT('Ctrl Pts',(-214.737555317911,50.9125624942373,-41.));
#11855=CARTESIAN_POINT('Ctrl Pts',(-214.737555317911,50.9125624942373,-41.));
#11856=CARTESIAN_POINT('Ctrl Pts',(-209.650544893106,37.4428244652659,-41.));
#11857=CARTESIAN_POINT('',(-208.481927335326,21.1262328148753,-41.));
#11858=CARTESIAN_POINT('Ctrl Pts',(-209.650544893106,37.4428244652659,-41.));
#11859=CARTESIAN_POINT('Ctrl Pts',(-204.563534468301,23.9730864362946,-41.));
#11860=CARTESIAN_POINT('Ctrl Pts',(-204.563534468301,23.9730864362946,-41.));
#11861=CARTESIAN_POINT('Ctrl Pts',(-208.481927335326,21.1262328148753,-41.));
#11862=CARTESIAN_POINT('',(-221.127727542845,20.6662505557607,-41.));
#11863=CARTESIAN_POINT('Ctrl Pts',(-208.481927335326,21.1262328148753,-41.));
#11864=CARTESIAN_POINT('Ctrl Pts',(-212.400314517943,18.2793678246409,-41.));
#11865=CARTESIAN_POINT('Ctrl Pts',(-212.400314517943,18.2793678246409,-41.));
#11866=CARTESIAN_POINT('Ctrl Pts',(-221.127727542845,20.6662505557607,-41.));
#11867=CARTESIAN_POINT('Ctrl Pts',(-221.127727542845,20.6662505557607,-41.));
#11868=CARTESIAN_POINT('Ctrl Pts',(-229.855140567748,23.0531332868805,-41.));
#11869=CARTESIAN_POINT('Ctrl Pts',(-229.855140567748,23.0531332868805,-41.));
#11870=CARTESIAN_POINT('Ctrl Pts',(-222.296350785033,36.9828535749664,-41.));
#11871=CARTESIAN_POINT('',(-246.548645387491,17.7177938337555,-41.));
#11872=CARTESIAN_POINT('',(-234.360252402465,8.78673690829975,-41.));
#11873=CARTESIAN_POINT('Ctrl Pts',(-246.548645387491,17.7177938337555,-41.));
#11874=CARTESIAN_POINT('Ctrl Pts',(-235.452437416299,21.6776999291331,-41.));
#11875=CARTESIAN_POINT('Ctrl Pts',(-233.784899407673,21.1289158552399,-41.));
#11876=CARTESIAN_POINT('Ctrl Pts',(-234.360252402465,8.78673690829975,-41.));
#11877=CARTESIAN_POINT('',(-246.964312005329,4.94197417229715,-41.));
#11878=CARTESIAN_POINT('Ctrl Pts',(-234.360252402465,8.78673690829975,-41.));
#11879=CARTESIAN_POINT('Ctrl Pts',(-236.283767809773,-3.87392802496848,
-41.));
#11880=CARTESIAN_POINT('Ctrl Pts',(-236.283767809773,-3.87392802496848,
-41.));
#11881=CARTESIAN_POINT('Ctrl Pts',(-246.964312005329,4.94197417229715,-41.));
#11882=CARTESIAN_POINT('Ctrl Pts',(-246.964312005329,4.94197417229715,-41.));
#11883=CARTESIAN_POINT('Ctrl Pts',(-257.644854779784,13.7578763695628,-41.));
#11884=CARTESIAN_POINT('Ctrl Pts',(-257.644854779784,13.7578763695628,-41.));
#11885=CARTESIAN_POINT('Ctrl Pts',(-246.548645387491,17.7177938337555,-41.));
#11886=CARTESIAN_POINT('',(-259.709494841735,-19.3372673641612,-41.));
#11887=CARTESIAN_POINT('',(-243.307924851195,-26.461347763738,-41.));
#11888=CARTESIAN_POINT('Ctrl Pts',(-259.709494841735,-19.3372673641612,
-41.));
#11889=CARTESIAN_POINT('Ctrl Pts',(-249.356232542642,-18.4668367733409,
-41.));
#11890=CARTESIAN_POINT('Ctrl Pts',(-249.356232542642,-18.4668367733409,
-41.));
#11891=CARTESIAN_POINT('Ctrl Pts',(-243.307924851195,-26.461347763738,-41.));
#11892=CARTESIAN_POINT('',(-238.514448705769,-38.0082326188813,-41.));
#11893=CARTESIAN_POINT('Ctrl Pts',(-243.307924851195,-26.461347763738,-41.));
#11894=CARTESIAN_POINT('Ctrl Pts',(-237.259615738646,-34.4558644385427,
-41.));
#11895=CARTESIAN_POINT('Ctrl Pts',(-237.259615738646,-34.4558644385427,
-41.));
#11896=CARTESIAN_POINT('Ctrl Pts',(-238.514448705769,-38.0082326188813,
-41.));
#11897=CARTESIAN_POINT('',(-254.916019406859,-38.7785210018565,-41.));
#11898=CARTESIAN_POINT('Ctrl Pts',(-238.514448705769,-38.0082326188813,
-41.));
#11899=CARTESIAN_POINT('Ctrl Pts',(-239.769281672891,-41.5606007992198,
-41.));
#11900=CARTESIAN_POINT('Ctrl Pts',(-239.769281672891,-41.5606007992198,
-41.));
#11901=CARTESIAN_POINT('Ctrl Pts',(-254.916019406859,-38.7785210018565,
-41.));
#11902=CARTESIAN_POINT('',(-270.062757140827,-28.1020724219411,-41.));
#11903=CARTESIAN_POINT('Ctrl Pts',(-254.916019406859,-38.7785210018565,
-41.));
#11904=CARTESIAN_POINT('Ctrl Pts',(-270.062757140827,-35.9964412044932,
-41.));
#11905=CARTESIAN_POINT('Ctrl Pts',(-270.062757140827,-35.9964412044932,
-41.));
#11906=CARTESIAN_POINT('Ctrl Pts',(-270.062757140827,-28.1020724219411,
-41.));
#11907=CARTESIAN_POINT('Ctrl Pts',(-270.062757140827,-28.1020724219411,
-41.));
#11908=CARTESIAN_POINT('Ctrl Pts',(-270.062757140827,-20.2076979549815,
-41.));
#11909=CARTESIAN_POINT('Ctrl Pts',(-270.062757140827,-20.2076979549815,
-41.));
#11910=CARTESIAN_POINT('Ctrl Pts',(-259.709494841735,-19.3372673641612,
-41.));
#11911=CARTESIAN_POINT('',(-255.610446528848,-59.7038299201101,-41.));
#11912=CARTESIAN_POINT('',(-235.211739705118,-69.7024967444509,-41.));
#11913=CARTESIAN_POINT('Ctrl Pts',(-255.610446528848,-59.7038299201101,
-41.));
#11914=CARTESIAN_POINT('Ctrl Pts',(-241.158135916869,-59.208332903712,-41.));
#11915=CARTESIAN_POINT('Ctrl Pts',(-241.158135916869,-59.208332903712,-41.));
#11916=CARTESIAN_POINT('Ctrl Pts',(-235.211739705118,-69.7024967444509,
-41.));
#11917=CARTESIAN_POINT('',(-249.664050317097,-80.1966605851899,-41.));
#11918=CARTESIAN_POINT('Ctrl Pts',(-235.211739705118,-69.7024967444509,
-41.));
#11919=CARTESIAN_POINT('Ctrl Pts',(-229.265343493366,-80.1966605851899,
-41.));
#11920=CARTESIAN_POINT('Ctrl Pts',(-229.265343493366,-80.1966605851899,
-41.));
#11921=CARTESIAN_POINT('Ctrl Pts',(-249.664050317097,-80.1966605851899,
-41.));
#11922=CARTESIAN_POINT('',(-270.062757140827,-70.1979930502981,-41.));
#11923=CARTESIAN_POINT('Ctrl Pts',(-249.664050317097,-80.1966605851899,
-41.));
#11924=CARTESIAN_POINT('Ctrl Pts',(-270.062757140827,-80.1966605851899,
-41.));
#11925=CARTESIAN_POINT('Ctrl Pts',(-270.062757140827,-80.1966605851899,
-41.));
#11926=CARTESIAN_POINT('Ctrl Pts',(-270.062757140827,-70.1979930502981,
-41.));
#11927=CARTESIAN_POINT('Ctrl Pts',(-270.062757140827,-70.1979930502981,
-41.));
#11928=CARTESIAN_POINT('Ctrl Pts',(-270.062757140827,-60.1993255154063,
-41.));
#11929=CARTESIAN_POINT('Ctrl Pts',(-270.062757140827,-60.1993255154063,
-41.));
#11930=CARTESIAN_POINT('Ctrl Pts',(-255.610446528848,-59.7038299201101,
-41.));
#11931=CARTESIAN_POINT('Origin',(-273.928384448664,7.09509765651517,-47.5));
#11932=CARTESIAN_POINT('',(-274.018093580001,-0.342314411397617,-44.5013415880006));
#11933=CARTESIAN_POINT('',(-275.932301650945,-0.342300425061161,-45.2674418604651));
#11934=CARTESIAN_POINT('Origin',(-273.928384448664,-0.342315066865595,-47.5));
#11935=CARTESIAN_POINT('',(-274.01763372204,62.5950976565152,-44.5013278781989));
#11936=CARTESIAN_POINT('',(-274.018184912395,-12.842314411064,-44.5013443846457));
#11937=CARTESIAN_POINT('',(-273.928384448664,62.5950976565152,-44.5));
#11938=CARTESIAN_POINT('Origin',(-273.928384448664,62.5950976565152,-47.5));
#11939=CARTESIAN_POINT('',(-273.928384448664,-88.2797264786431,-44.5));
#11940=CARTESIAN_POINT('',(-273.928384448664,7.09509765651517,-44.5));
#11941=CARTESIAN_POINT('',(-274.01873610275,-88.2797264786431,-44.5013608843675));
#11942=CARTESIAN_POINT('Origin',(-273.928384448664,-88.2797264786431,-47.5));
#11943=CARTESIAN_POINT('',(-274.018276244789,-25.3423144107303,-44.5013470582461));
#11944=CARTESIAN_POINT('',(-274.018506173718,-56.8110134521858,-44.5013539740484));
#11945=CARTESIAN_POINT('',(-275.932301650945,-25.3423004257285,-45.2674418604651));
#11946=CARTESIAN_POINT('Origin',(-273.928384448664,-25.3423150675329,-47.5));
#11947=CARTESIAN_POINT('',(-275.932301650945,7.09509765651517,-45.2674418604651));
#11948=CARTESIAN_POINT('Origin',(-277.51873610275,7.09509765651517,-43.5));
#11949=CARTESIAN_POINT('',(-279.89373610275,-30.4609023434848,-43.5));
#11950=CARTESIAN_POINT('Origin',(-277.51873610275,-30.4609023434848,-43.5));
#11951=CARTESIAN_POINT('',(-279.89373610275,7.09509765651517,-43.5));
#11952=CARTESIAN_POINT('',(-279.89373610275,7.09509765651517,-43.5));
#11953=CARTESIAN_POINT('Origin',(-277.51873610275,7.09509765651517,-43.5));
#11954=CARTESIAN_POINT('',(-279.018093579867,-0.342277878440025,-41.6581117960603));
#11955=CARTESIAN_POINT('',(-277.676106101334,-0.342287683794353,-41.1302194862086));
#11956=CARTESIAN_POINT('Origin',(-277.51873610275,-0.342288833632649,-43.5));
#11957=CARTESIAN_POINT('',(-277.676106101334,-25.3422876844617,-41.1302194862086));
#11958=CARTESIAN_POINT('',(-277.676106101334,7.09509765651517,-41.1302194862086));
#11959=CARTESIAN_POINT('',(-279.018276244655,-25.3422778777727,-41.6582605062565));
#11960=CARTESIAN_POINT('Origin',(-277.51873610275,-25.3422888343,-43.5));
#11961=CARTESIAN_POINT('',(-279.018184912261,-12.8422778781064,-41.6581861511583));
#11962=CARTESIAN_POINT('',(-277.361366104166,-0.342289983470949,-41.1302194862086));
#11963=CARTESIAN_POINT('Origin',(-277.51873610275,-0.34228883363265,-43.5));
#11964=CARTESIAN_POINT('',(-277.361366104166,-25.3422899841383,-41.1302194862086));
#11965=CARTESIAN_POINT('Origin',(-277.51873610275,-25.3422888343,-43.5));
#11966=CARTESIAN_POINT('',(-277.361366104166,7.09509765651517,-41.1302194862086));
#11967=CARTESIAN_POINT('Origin',(-249.17873610275,-15.342314411064,-44.5));
#11968=CARTESIAN_POINT('',(-181.33873610275,62.5950976565152,-44.5));
#11969=CARTESIAN_POINT('',(-261.598203178874,62.5950976565152,-44.5));
#11970=CARTESIAN_POINT('',(-181.33873610275,-88.2797264786431,-44.5));
#11971=CARTESIAN_POINT('',(-181.33873610275,21.1263916227256,-44.5));
#11972=CARTESIAN_POINT('',(-236.75873610275,-88.2797264786431,-44.5));
#11973=CARTESIAN_POINT('',(-188.213293997238,-12.842314411064,-44.5));
#11974=CARTESIAN_POINT('Origin',(-186.963293997238,-12.842314411064,-44.5));
#11975=CARTESIAN_POINT('',(-235.211739705118,-69.7024967444509,-44.5));
#11976=CARTESIAN_POINT('',(-255.610446528848,-59.7038299201101,-44.5));
#11977=CARTESIAN_POINT('Ctrl Pts',(-255.610446528848,-59.7038299201101,
-44.5));
#11978=CARTESIAN_POINT('Ctrl Pts',(-241.158135916869,-59.208332903712,-44.5));
#11979=CARTESIAN_POINT('Ctrl Pts',(-241.158135916869,-59.208332903712,-44.5));
#11980=CARTESIAN_POINT('Ctrl Pts',(-235.211739705118,-69.7024967444509,
-44.5));
#11981=CARTESIAN_POINT('',(-270.062757140827,-70.1979930502981,-44.5));
#11982=CARTESIAN_POINT('Ctrl Pts',(-270.062757140827,-70.1979930502981,
-44.5));
#11983=CARTESIAN_POINT('Ctrl Pts',(-270.062757140827,-60.1993255154063,
-44.5));
#11984=CARTESIAN_POINT('Ctrl Pts',(-270.062757140827,-60.1993255154063,
-44.5));
#11985=CARTESIAN_POINT('Ctrl Pts',(-255.610446528848,-59.7038299201101,
-44.5));
#11986=CARTESIAN_POINT('',(-249.664050317097,-80.1966605851899,-44.5));
#11987=CARTESIAN_POINT('Ctrl Pts',(-249.664050317097,-80.1966605851899,
-44.5));
#11988=CARTESIAN_POINT('Ctrl Pts',(-270.062757140827,-80.1966605851899,
-44.5));
#11989=CARTESIAN_POINT('Ctrl Pts',(-270.062757140827,-80.1966605851899,
-44.5));
#11990=CARTESIAN_POINT('Ctrl Pts',(-270.062757140827,-70.1979930502981,
-44.5));
#11991=CARTESIAN_POINT('Ctrl Pts',(-235.211739705118,-69.7024967444509,
-44.5));
#11992=CARTESIAN_POINT('Ctrl Pts',(-229.265343493366,-80.1966605851899,
-44.5));
#11993=CARTESIAN_POINT('Ctrl Pts',(-229.265343493366,-80.1966605851899,
-44.5));
#11994=CARTESIAN_POINT('Ctrl Pts',(-249.664050317097,-80.1966605851899,
-44.5));
#11995=CARTESIAN_POINT('',(-243.307924851195,-26.461347763738,-44.5));
#11996=CARTESIAN_POINT('',(-259.709494841735,-19.3372673641612,-44.5));
#11997=CARTESIAN_POINT('Ctrl Pts',(-259.709494841735,-19.3372673641612,
-44.5));
#11998=CARTESIAN_POINT('Ctrl Pts',(-249.356232542642,-18.4668367733409,
-44.5));
#11999=CARTESIAN_POINT('Ctrl Pts',(-249.356232542642,-18.4668367733409,
-44.5));
#12000=CARTESIAN_POINT('Ctrl Pts',(-243.307924851195,-26.461347763738,-44.5));
#12001=CARTESIAN_POINT('',(-270.062757140827,-28.1020724219411,-44.5));
#12002=CARTESIAN_POINT('Ctrl Pts',(-270.062757140827,-28.1020724219411,
-44.5));
#12003=CARTESIAN_POINT('Ctrl Pts',(-270.062757140827,-20.2076979549815,
-44.5));
#12004=CARTESIAN_POINT('Ctrl Pts',(-270.062757140827,-20.2076979549815,
-44.5));
#12005=CARTESIAN_POINT('Ctrl Pts',(-259.709494841735,-19.3372673641612,
-44.5));
#12006=CARTESIAN_POINT('',(-254.916019406859,-38.7785210018565,-44.5));
#12007=CARTESIAN_POINT('Ctrl Pts',(-254.916019406859,-38.7785210018565,
-44.5));
#12008=CARTESIAN_POINT('Ctrl Pts',(-270.062757140827,-35.9964412044932,
-44.5));
#12009=CARTESIAN_POINT('Ctrl Pts',(-270.062757140827,-35.9964412044932,
-44.5));
#12010=CARTESIAN_POINT('Ctrl Pts',(-270.062757140827,-28.1020724219411,
-44.5));
#12011=CARTESIAN_POINT('',(-238.514448705769,-38.0082326188813,-44.5));
#12012=CARTESIAN_POINT('Ctrl Pts',(-238.514448705769,-38.0082326188813,
-44.5));
#12013=CARTESIAN_POINT('Ctrl Pts',(-239.769281672891,-41.5606007992198,
-44.5));
#12014=CARTESIAN_POINT('Ctrl Pts',(-239.769281672891,-41.5606007992198,
-44.5));
#12015=CARTESIAN_POINT('Ctrl Pts',(-254.916019406859,-38.7785210018565,
-44.5));
#12016=CARTESIAN_POINT('Ctrl Pts',(-243.307924851195,-26.461347763738,-44.5));
#12017=CARTESIAN_POINT('Ctrl Pts',(-237.259615738646,-34.4558644385427,
-44.5));
#12018=CARTESIAN_POINT('Ctrl Pts',(-237.259615738646,-34.4558644385427,
-44.5));
#12019=CARTESIAN_POINT('Ctrl Pts',(-238.514448705769,-38.0082326188813,
-44.5));
#12020=CARTESIAN_POINT('',(-234.360252402465,8.78673690829975,-44.5));
#12021=CARTESIAN_POINT('',(-246.548645387491,17.7177938337555,-44.5));
#12022=CARTESIAN_POINT('Ctrl Pts',(-246.548645387491,17.7177938337555,-44.5));
#12023=CARTESIAN_POINT('Ctrl Pts',(-235.452437416299,21.6776999291331,-44.5));
#12024=CARTESIAN_POINT('Ctrl Pts',(-233.784899407673,21.1289158552399,-44.5));
#12025=CARTESIAN_POINT('Ctrl Pts',(-234.360252402465,8.78673690829975,-44.5));
#12026=CARTESIAN_POINT('',(-246.964312005329,4.94197417229715,-44.5));
#12027=CARTESIAN_POINT('Ctrl Pts',(-246.964312005329,4.94197417229715,-44.5));
#12028=CARTESIAN_POINT('Ctrl Pts',(-257.644854779784,13.7578763695628,-44.5));
#12029=CARTESIAN_POINT('Ctrl Pts',(-257.644854779784,13.7578763695628,-44.5));
#12030=CARTESIAN_POINT('Ctrl Pts',(-246.548645387491,17.7177938337555,-44.5));
#12031=CARTESIAN_POINT('Ctrl Pts',(-234.360252402465,8.78673690829975,-44.5));
#12032=CARTESIAN_POINT('Ctrl Pts',(-236.283767809773,-3.87392802496847,
-44.5));
#12033=CARTESIAN_POINT('Ctrl Pts',(-236.283767809773,-3.87392802496848,
-44.5));
#12034=CARTESIAN_POINT('Ctrl Pts',(-246.964312005329,4.94197417229715,-44.5));
#12035=CARTESIAN_POINT('',(-207.633393082396,39.4826172712555,-44.5));
#12036=CARTESIAN_POINT('',(-192.651432112344,23.1942430199534,-44.5));
#12037=CARTESIAN_POINT('Ctrl Pts',(-192.651432112344,23.1942430199534,-44.5));
#12038=CARTESIAN_POINT('Ctrl Pts',(-202.040373750528,24.6730302758128,-44.5));
#12039=CARTESIAN_POINT('Ctrl Pts',(-202.040373750528,24.6730302758128,-44.5));
#12040=CARTESIAN_POINT('Ctrl Pts',(-207.633393082396,39.4826172712555,-44.5));
#12041=CARTESIAN_POINT('',(-183.262490474161,38.3741919050446,-44.5));
#12042=CARTESIAN_POINT('Ctrl Pts',(-183.262490474161,38.3741919050446,-44.5));
#12043=CARTESIAN_POINT('Ctrl Pts',(-183.262490474161,21.7154443952789,-44.5));
#12044=CARTESIAN_POINT('Ctrl Pts',(-183.262490474161,21.7154443952789,-44.5));
#12045=CARTESIAN_POINT('Ctrl Pts',(-192.651432112344,23.1942430199534,-44.5));
#12046=CARTESIAN_POINT('',(-198.253438492552,55.0329394148102,-44.5));
#12047=CARTESIAN_POINT('Ctrl Pts',(-198.253438492552,55.0329394148102,-44.5));
#12048=CARTESIAN_POINT('Ctrl Pts',(-183.262490474161,55.0329394148102,-44.5));
#12049=CARTESIAN_POINT('Ctrl Pts',(-183.262490474161,55.0329394148102,-44.5));
#12050=CARTESIAN_POINT('Ctrl Pts',(-183.262490474161,38.3741919050446,-44.5));
#12051=CARTESIAN_POINT('Ctrl Pts',(-207.633393082396,39.4826172712555,-44.5));
#12052=CARTESIAN_POINT('Ctrl Pts',(-210.43888979667,47.2577783430328,-44.5));
#12053=CARTESIAN_POINT('Ctrl Pts',(-211.841638153807,51.1453588789215,-44.5));
#12054=CARTESIAN_POINT('Ctrl Pts',(-210.669143830077,53.0891491468659,-44.5));
#12055=CARTESIAN_POINT('Ctrl Pts',(-209.496649506346,55.0329394148102,-44.5));
#12056=CARTESIAN_POINT('Ctrl Pts',(-205.748912501748,55.0329394148102,-44.5));
#12057=CARTESIAN_POINT('Ctrl Pts',(-198.253438492552,55.0329394148102,-44.5));
#12058=CARTESIAN_POINT('',(-211.542742057006,6.19790423007711,-44.5));
#12059=CARTESIAN_POINT('',(-197.734008699258,-8.80962520514427,-44.5));
#12060=CARTESIAN_POINT('Ctrl Pts',(-197.734008699258,-8.80962520514426,
-44.5));
#12061=CARTESIAN_POINT('Ctrl Pts',(-212.205526924356,-3.76482719082135,
-44.5));
#12062=CARTESIAN_POINT('Ctrl Pts',(-212.205526924356,-3.76482719082134,
-44.5));
#12063=CARTESIAN_POINT('Ctrl Pts',(-211.542742057006,6.19790423007711,-44.5));
#12064=CARTESIAN_POINT('',(-183.262490474161,2.6105712588857,-44.5));
#12065=CARTESIAN_POINT('Origin',(-194.738470650768,2.27362370779335,-44.5));
#12066=CARTESIAN_POINT('',(-192.962380574258,20.6033355329742,-44.5));
#12067=CARTESIAN_POINT('Ctrl Pts',(-192.962380574258,20.6033355329742,-44.5));
#12068=CARTESIAN_POINT('Ctrl Pts',(-183.262490474161,19.075560052831,-44.5));
#12069=CARTESIAN_POINT('Ctrl Pts',(-183.262490474161,19.075560052831,-44.5));
#12070=CARTESIAN_POINT('Ctrl Pts',(-183.262490474161,2.6105712588857,-44.5));
#12071=CARTESIAN_POINT('',(-206.771113932006,19.1458761742503,-44.5));
#12072=CARTESIAN_POINT('Ctrl Pts',(-206.771113932006,19.1458761742503,-44.5));
#12073=CARTESIAN_POINT('Ctrl Pts',(-202.662264989948,22.1311110131175,-44.5));
#12074=CARTESIAN_POINT('Ctrl Pts',(-202.662264989948,22.1311110131175,-44.5));
#12075=CARTESIAN_POINT('Ctrl Pts',(-192.962380574258,20.6033355329742,-44.5));
#12076=CARTESIAN_POINT('Ctrl Pts',(-211.542742057006,6.19790423007711,-44.5));
#12077=CARTESIAN_POINT('Ctrl Pts',(-211.211349623331,11.1792727827301,-44.5));
#12078=CARTESIAN_POINT('Ctrl Pts',(-211.045653406493,13.6699570590566,-44.5));
#12079=CARTESIAN_POINT('Ctrl Pts',(-210.449199890868,15.2884535520782,-44.5));
#12080=CARTESIAN_POINT('Ctrl Pts',(-209.852746375243,16.9069500450999,-44.5));
#12081=CARTESIAN_POINT('Ctrl Pts',(-208.825535560831,17.6532587548167,-44.5));
#12082=CARTESIAN_POINT('Ctrl Pts',(-206.771113932006,19.1458761742503,-44.5));
#12083=CARTESIAN_POINT('',(-209.650544893106,37.4428244652659,-44.5));
#12084=CARTESIAN_POINT('',(-222.296350785033,36.9828535749664,-44.5));
#12085=CARTESIAN_POINT('Ctrl Pts',(-222.296350785033,36.9828535749664,-44.5));
#12086=CARTESIAN_POINT('Ctrl Pts',(-214.737555317911,50.9125624942373,-44.5));
#12087=CARTESIAN_POINT('Ctrl Pts',(-214.737555317911,50.9125624942373,-44.5));
#12088=CARTESIAN_POINT('Ctrl Pts',(-209.650544893106,37.4428244652659,-44.5));
#12089=CARTESIAN_POINT('',(-221.127727542845,20.6662505557607,-44.5));
#12090=CARTESIAN_POINT('Ctrl Pts',(-221.127727542845,20.6662505557607,-44.5));
#12091=CARTESIAN_POINT('Ctrl Pts',(-229.855140567748,23.0531332868805,-44.5));
#12092=CARTESIAN_POINT('Ctrl Pts',(-229.855140567748,23.0531332868805,-44.5));
#12093=CARTESIAN_POINT('Ctrl Pts',(-222.296350785033,36.9828535749664,-44.5));
#12094=CARTESIAN_POINT('',(-208.481927335326,21.1262328148753,-44.5));
#12095=CARTESIAN_POINT('Ctrl Pts',(-208.481927335326,21.1262328148753,-44.5));
#12096=CARTESIAN_POINT('Ctrl Pts',(-212.400314517943,18.2793678246409,-44.5));
#12097=CARTESIAN_POINT('Ctrl Pts',(-212.400314517943,18.2793678246409,-44.5));
#12098=CARTESIAN_POINT('Ctrl Pts',(-221.127727542845,20.6662505557607,-44.5));
#12099=CARTESIAN_POINT('Ctrl Pts',(-209.650544893106,37.4428244652659,-44.5));
#12100=CARTESIAN_POINT('Ctrl Pts',(-204.563534468301,23.9730864362946,-44.5));
#12101=CARTESIAN_POINT('Ctrl Pts',(-204.563534468301,23.9730864362946,-44.5));
#12102=CARTESIAN_POINT('Ctrl Pts',(-208.481927335326,21.1262328148753,-44.5));
#12103=CARTESIAN_POINT('',(-222.352859480508,18.297819411555,-44.5));
#12104=CARTESIAN_POINT('',(-231.762620261351,8.5093378197581,-44.5));
#12105=CARTESIAN_POINT('Ctrl Pts',(-231.762620261351,8.5093378197581,-44.5));
#12106=CARTESIAN_POINT('Ctrl Pts',(-231.193596854369,20.7156935326487,-44.5));
#12107=CARTESIAN_POINT('Ctrl Pts',(-231.193596854369,20.7156935326487,-44.5));
#12108=CARTESIAN_POINT('Ctrl Pts',(-222.352859480508,18.297819411555,-44.5));
#12109=CARTESIAN_POINT('',(-227.379441810831,-5.47676610683697,-44.5));
#12110=CARTESIAN_POINT('Ctrl Pts',(-227.379441810831,-5.47676610683697,
-44.5));
#12111=CARTESIAN_POINT('Ctrl Pts',(-232.331643668334,-3.69701220872499,
-44.5));
#12112=CARTESIAN_POINT('Ctrl Pts',(-232.331643668334,-3.69701220872499,
-44.5));
#12113=CARTESIAN_POINT('Ctrl Pts',(-231.762620261351,8.5093378197581,-44.5));
#12114=CARTESIAN_POINT('',(-218.624445198282,-5.53039280768332,-44.5));
#12115=CARTESIAN_POINT('Ctrl Pts',(-218.624445198282,-5.53039280768332,
-44.5));
#12116=CARTESIAN_POINT('Ctrl Pts',(-222.427239953327,-7.25651432054139,
-44.5));
#12117=CARTESIAN_POINT('Ctrl Pts',(-222.427239953327,-7.25651432054139,
-44.5));
#12118=CARTESIAN_POINT('Ctrl Pts',(-227.379441810831,-5.47676610683697,
-44.5));
#12119=CARTESIAN_POINT('',(-214.166886274942,6.03783699781799,-44.5));
#12120=CARTESIAN_POINT('Ctrl Pts',(-214.166886274942,6.03783699781799,-44.5));
#12121=CARTESIAN_POINT('Ctrl Pts',(-214.821650443236,-3.80426561041769,
-44.5));
#12122=CARTESIAN_POINT('Ctrl Pts',(-214.821650443236,-3.80426561041769,
-44.5));
#12123=CARTESIAN_POINT('Ctrl Pts',(-218.624445198282,-5.53039280768332,
-44.5));
#12124=CARTESIAN_POINT('Ctrl Pts',(-222.352859480508,18.297819411555,-44.5));
#12125=CARTESIAN_POINT('Ctrl Pts',(-213.512127791055,15.8799339216461,-44.5));
#12126=CARTESIAN_POINT('Ctrl Pts',(-213.512127791055,15.8799339216461,-44.5));
#12127=CARTESIAN_POINT('Ctrl Pts',(-214.166886274942,6.03783699781799,-44.5));
#12128=CARTESIAN_POINT('',(-228.927612945271,-31.9085051978201,-44.5));
#12129=CARTESIAN_POINT('',(-235.865267514769,-38.3379396257172,-44.5));
#12130=CARTESIAN_POINT('Ctrl Pts',(-235.865267514769,-38.3379396257172,
-44.5));
#12131=CARTESIAN_POINT('Ctrl Pts',(-234.731736962605,-35.1289750322113,
-44.5));
#12132=CARTESIAN_POINT('Ctrl Pts',(-234.731736962605,-35.1289750322113,
-44.5));
#12133=CARTESIAN_POINT('Ctrl Pts',(-228.927612945271,-31.9085051978201,
-44.5));
#12134=CARTESIAN_POINT('',(-226.519362526163,-44.667337007309,-44.5));
#12135=CARTESIAN_POINT('Ctrl Pts',(-226.519362526163,-44.667337007309,-44.5));
#12136=CARTESIAN_POINT('Ctrl Pts',(-236.998798066934,-41.5469013770193,
-44.5));
#12137=CARTESIAN_POINT('Ctrl Pts',(-236.998798066934,-41.5469013770193,
-44.5));
#12138=CARTESIAN_POINT('Ctrl Pts',(-235.865267514769,-38.3379396257172,
-44.5));
#12139=CARTESIAN_POINT('',(-212.55249179252,-42.8470220191091,-44.5));
#12140=CARTESIAN_POINT('Ctrl Pts',(-212.55249179252,-42.8470220191091,-44.5));
#12141=CARTESIAN_POINT('Ctrl Pts',(-216.039921300983,-47.7877697953949,
-44.5));
#12142=CARTESIAN_POINT('Ctrl Pts',(-216.039921300983,-47.7877697953949,
-44.5));
#12143=CARTESIAN_POINT('Ctrl Pts',(-226.519362526163,-44.667337007309,-44.5));
#12144=CARTESIAN_POINT('',(-216.094275605996,-33.297154803126,-44.5));
#12145=CARTESIAN_POINT('Ctrl Pts',(-216.094275605996,-33.297154803126,-44.5));
#12146=CARTESIAN_POINT('Ctrl Pts',(-209.065062284056,-37.9062770850271,
-44.5));
#12147=CARTESIAN_POINT('Ctrl Pts',(-209.065062284056,-37.9062770850271,
-44.5));
#12148=CARTESIAN_POINT('Ctrl Pts',(-212.55249179252,-42.8470220191091,-44.5));
#12149=CARTESIAN_POINT('Ctrl Pts',(-228.927612945271,-31.9085051978201,
-44.5));
#12150=CARTESIAN_POINT('Ctrl Pts',(-223.123488927937,-28.688032521225,-44.5));
#12151=CARTESIAN_POINT('Ctrl Pts',(-223.123488927937,-28.688032521225,-44.5));
#12152=CARTESIAN_POINT('Ctrl Pts',(-216.094275605996,-33.297154803126,-44.5));
#12153=CARTESIAN_POINT('',(-227.446034645303,-47.1122888037771,-44.5));
#12154=CARTESIAN_POINT('',(-238.537666668415,-50.7774441565603,-44.5));
#12155=CARTESIAN_POINT('Ctrl Pts',(-238.537666668415,-50.7774441565603,
-44.5));
#12156=CARTESIAN_POINT('Ctrl Pts',(-237.993702972126,-43.9715399431,-44.5));
#12157=CARTESIAN_POINT('Ctrl Pts',(-237.993702972126,-43.9715399431,-44.5));
#12158=CARTESIAN_POINT('Ctrl Pts',(-227.446034645303,-47.1122888037771,
-44.5));
#12159=CARTESIAN_POINT('',(-232.674845458698,-68.8900030565033,-44.5));
#12160=CARTESIAN_POINT('Ctrl Pts',(-232.674845458698,-68.8900030565033,
-44.5));
#12161=CARTESIAN_POINT('Ctrl Pts',(-235.878239332803,-63.2366742921597,
-44.5));
#12162=CARTESIAN_POINT('Ctrl Pts',(-237.479936269856,-60.4100099099884,
-44.5));
#12163=CARTESIAN_POINT('Ctrl Pts',(-238.945641572285,-55.8818701850027,
-44.5));
#12164=CARTESIAN_POINT('Ctrl Pts',(-238.809649937662,-54.1803948421886,
-44.5));
#12165=CARTESIAN_POINT('Ctrl Pts',(-238.537666668415,-50.7774441565603,
-44.5));
#12166=CARTESIAN_POINT('',(-222.778439705118,-80.1966605851899,-44.5));
#12167=CARTESIAN_POINT('Ctrl Pts',(-222.778439705118,-80.1966605851899,
-44.5));
#12168=CARTESIAN_POINT('Ctrl Pts',(-226.268060552692,-80.1966605851899,
-44.5));
#12169=CARTESIAN_POINT('Ctrl Pts',(-226.268060552692,-80.1966605851899,
-44.5));
#12170=CARTESIAN_POINT('Ctrl Pts',(-232.674845458698,-68.8900030565033,
-44.5));
#12171=CARTESIAN_POINT('',(-218.093589745808,-65.2248505459239,-44.5));
#12172=CARTESIAN_POINT('Ctrl Pts',(-218.093589745808,-65.2248505459239,
-44.5));
#12173=CARTESIAN_POINT('Ctrl Pts',(-219.288816015339,-80.1966605851899,
-44.5));
#12174=CARTESIAN_POINT('Ctrl Pts',(-219.288816015339,-80.1966605851899,
-44.5));
#12175=CARTESIAN_POINT('Ctrl Pts',(-222.778439705118,-80.1966605851899,
-44.5));
#12176=CARTESIAN_POINT('Ctrl Pts',(-227.446034645303,-47.1122888037771,
-44.5));
#12177=CARTESIAN_POINT('Ctrl Pts',(-216.898369160684,-50.2530405066579,
-44.5));
#12178=CARTESIAN_POINT('Ctrl Pts',(-216.898369160684,-50.2530405066579,
-44.5));
#12179=CARTESIAN_POINT('Ctrl Pts',(-218.093589745808,-65.2248505459239,
-44.5));
#12180=CARTESIAN_POINT('',(-228.73241607434,-7.76155119391379,-44.5));
#12181=CARTESIAN_POINT('',(-241.489391924763,-11.8581786597341,-44.5));
#12182=CARTESIAN_POINT('Ctrl Pts',(-241.489391924763,-11.8581786597341,
-44.5));
#12183=CARTESIAN_POINT('Ctrl Pts',(-235.963297965209,-6.47772774827577,
-44.5));
#12184=CARTESIAN_POINT('Ctrl Pts',(-233.755763976765,-5.95622883063254,
-44.5));
#12185=CARTESIAN_POINT('Ctrl Pts',(-228.73241607434,-7.76155119391379,-44.5));
#12186=CARTESIAN_POINT('',(-241.227514111042,-24.8890349504242,-44.5));
#12187=CARTESIAN_POINT('Ctrl Pts',(-241.227514111042,-24.8890349504242,
-44.5));
#12188=CARTESIAN_POINT('Ctrl Pts',(-244.121501418781,-21.0638294186045,
-44.5));
#12189=CARTESIAN_POINT('Ctrl Pts',(-245.568495072651,-19.1512266526947,
-44.5));
#12190=CARTESIAN_POINT('Ctrl Pts',(-245.601229799366,-17.5223696163585,
-44.5));
#12191=CARTESIAN_POINT('Ctrl Pts',(-245.633964526081,-15.8935125800222,
-44.5));
#12192=CARTESIAN_POINT('Ctrl Pts',(-244.252440325642,-14.5484012732595,
-44.5));
#12193=CARTESIAN_POINT('Ctrl Pts',(-241.489391924763,-11.8581786597341,
-44.5));
#12194=CARTESIAN_POINT('',(-229.891046128051,-29.4608163591156,-44.5));
#12195=CARTESIAN_POINT('Ctrl Pts',(-229.891046128051,-29.4608163591156,
-44.5));
#12196=CARTESIAN_POINT('Ctrl Pts',(-235.439539495564,-32.5394460140635,
-44.5));
#12197=CARTESIAN_POINT('Ctrl Pts',(-235.439539495564,-32.5394460140635,
-44.5));
#12198=CARTESIAN_POINT('Ctrl Pts',(-241.227514111042,-24.8890349504242,
-44.5));
#12199=CARTESIAN_POINT('',(-224.025809045124,-17.9745272884776,-44.5));
#12200=CARTESIAN_POINT('Ctrl Pts',(-224.025809045124,-17.9745272884776,
-44.5));
#12201=CARTESIAN_POINT('Ctrl Pts',(-224.342555602741,-26.3821810197602,
-44.5));
#12202=CARTESIAN_POINT('Ctrl Pts',(-224.342555602741,-26.3821810197602,
-44.5));
#12203=CARTESIAN_POINT('Ctrl Pts',(-229.891046128051,-29.4608163591156,
-44.5));
#12204=CARTESIAN_POINT('Ctrl Pts',(-228.73241607434,-7.76155119391379,-44.5));
#12205=CARTESIAN_POINT('Ctrl Pts',(-226.220740702025,-8.66421237555441,
-44.5));
#12206=CARTESIAN_POINT('Ctrl Pts',(-224.964903015868,-9.11554296637473,
-44.5));
#12207=CARTESIAN_POINT('Ctrl Pts',(-224.376577137216,-10.3921649781952,
-44.5));
#12208=CARTESIAN_POINT('Ctrl Pts',(-223.788251258564,-11.6687869900157,
-44.5));
#12209=CARTESIAN_POINT('Ctrl Pts',(-223.867437187417,-13.7707004228363,
-44.5));
#12210=CARTESIAN_POINT('Ctrl Pts',(-224.025809045124,-17.9745272884776,
-44.5));
#12211=CARTESIAN_POINT('',(-248.845794060993,19.6668180199534,-44.5));
#12212=CARTESIAN_POINT('',(-244.746526187865,39.4153707299144,-44.5));
#12213=CARTESIAN_POINT('Ctrl Pts',(-244.746526187865,39.4153707299144,-44.5));
#12214=CARTESIAN_POINT('Ctrl Pts',(-237.270234211954,23.7978020450185,-44.5));
#12215=CARTESIAN_POINT('Ctrl Pts',(-237.270234211954,23.7978020450185,-44.5));
#12216=CARTESIAN_POINT('Ctrl Pts',(-248.845794060993,19.6668180199534,-44.5));
#12217=CARTESIAN_POINT('',(-261.142789073404,55.0329394148102,-44.5));
#12218=CARTESIAN_POINT('Ctrl Pts',(-261.142789073404,55.0329394148102,-44.5));
#12219=CARTESIAN_POINT('Ctrl Pts',(-252.22282100598,55.0329394148102,-44.5));
#12220=CARTESIAN_POINT('Ctrl Pts',(-252.22282100598,55.0329394148102,-44.5));
#12221=CARTESIAN_POINT('Ctrl Pts',(-244.746526187865,39.4153707299144,-44.5));
#12222=CARTESIAN_POINT('',(-270.062757140827,35.6645485131175,-44.5));
#12223=CARTESIAN_POINT('Ctrl Pts',(-270.062757140827,35.6645485131175,-44.5));
#12224=CARTESIAN_POINT('Ctrl Pts',(-270.062757140827,55.0329394148102,-44.5));
#12225=CARTESIAN_POINT('Ctrl Pts',(-270.062757140827,55.0329394148102,-44.5));
#12226=CARTESIAN_POINT('Ctrl Pts',(-261.142789073404,55.0329394148102,-44.5));
#12227=CARTESIAN_POINT('',(-265.242056235981,15.9160071719716,-44.5));
#12228=CARTESIAN_POINT('Ctrl Pts',(-265.242056235981,15.9160071719716,-44.5));
#12229=CARTESIAN_POINT('Ctrl Pts',(-270.062757140827,16.2961689802399,-44.5));
#12230=CARTESIAN_POINT('Ctrl Pts',(-270.062757140827,16.2961689802399,-44.5));
#12231=CARTESIAN_POINT('Ctrl Pts',(-270.062757140827,35.6645485131175,-44.5));
#12232=CARTESIAN_POINT('Ctrl Pts',(-248.845794060993,19.6668180199534,-44.5));
#12233=CARTESIAN_POINT('Ctrl Pts',(-254.633574340788,17.6013316918285,-44.5));
#12234=CARTESIAN_POINT('Ctrl Pts',(-257.527464480686,16.5685885277659,-44.5));
#12235=CARTESIAN_POINT('Ctrl Pts',(-261.626530024433,15.6308858157705,-44.5));
#12236=CARTESIAN_POINT('Ctrl Pts',(-262.831705428283,15.7259262678375,-44.5));
#12237=CARTESIAN_POINT('Ctrl Pts',(-265.242056235981,15.9160071719716,-44.5));
#12238=CARTESIAN_POINT('',(-210.351256127644,-44.2505534033865,-44.5));
#12239=CARTESIAN_POINT('',(-215.458065343952,-64.9806228176524,-44.5));
#12240=CARTESIAN_POINT('Ctrl Pts',(-215.458065343952,-64.9806228176524,
-44.5));
#12241=CARTESIAN_POINT('Ctrl Pts',(-214.850703450235,-57.3726039338837,
-44.5));
#12242=CARTESIAN_POINT('Ctrl Pts',(-214.547022503376,-53.5685944919993,
-44.5));
#12243=CARTESIAN_POINT('Ctrl Pts',(-213.270320199299,-48.3860771384328,
-44.5));
#12244=CARTESIAN_POINT('Ctrl Pts',(-212.29729884208,-47.0075692267507,-44.5));
#12245=CARTESIAN_POINT('Ctrl Pts',(-210.351256127644,-44.2505534033865,
-44.5));
#12246=CARTESIAN_POINT('',(-199.967639802774,-80.1966605851899,-44.5));
#12247=CARTESIAN_POINT('Ctrl Pts',(-199.967639802774,-80.1966605851899,
-44.5));
#12248=CARTESIAN_POINT('Ctrl Pts',(-216.67278344698,-80.1966605851899,-44.5));
#12249=CARTESIAN_POINT('Ctrl Pts',(-216.67278344698,-80.1966605851899,-44.5));
#12250=CARTESIAN_POINT('Ctrl Pts',(-215.458065343952,-64.9806228176524,
-44.5));
#12251=CARTESIAN_POINT('',(-183.262490474161,-57.2272088680674,-44.5));
#12252=CARTESIAN_POINT('Ctrl Pts',(-183.262490474161,-57.2272088680674,
-44.5));
#12253=CARTESIAN_POINT('Ctrl Pts',(-183.262490474161,-80.1966605851899,
-44.5));
#12254=CARTESIAN_POINT('Ctrl Pts',(-183.262490474161,-80.1966605851899,
-44.5));
#12255=CARTESIAN_POINT('Ctrl Pts',(-199.967639802774,-80.1966605851899,
-44.5));
#12256=CARTESIAN_POINT('',(-194.860830586465,-36.4971380326996,-44.5));
#12257=CARTESIAN_POINT('Ctrl Pts',(-194.860830586465,-36.4971380326996,
-44.5));
#12258=CARTESIAN_POINT('Ctrl Pts',(-183.262490474161,-34.2577571509451,
-44.5));
#12259=CARTESIAN_POINT('Ctrl Pts',(-183.262490474161,-34.2577571509451,
-44.5));
#12260=CARTESIAN_POINT('Ctrl Pts',(-183.262490474161,-57.2272088680674,
-44.5));
#12261=CARTESIAN_POINT('Ctrl Pts',(-210.351256127644,-44.2505534033865,
-44.5));
#12262=CARTESIAN_POINT('Ctrl Pts',(-208.405210571003,-41.4935361589203,
-44.5));
#12263=CARTESIAN_POINT('Ctrl Pts',(-207.432187792683,-40.1150275366872,
-44.5));
#12264=CARTESIAN_POINT('Ctrl Pts',(-205.495884600035,-39.1458506153514,
-44.5));
#12265=CARTESIAN_POINT('Ctrl Pts',(-203.559581407388,-38.1766736940155,
-44.5));
#12266=CARTESIAN_POINT('Ctrl Pts',(-200.659997800414,-37.6168284735769,
-44.5));
#12267=CARTESIAN_POINT('Ctrl Pts',(-194.860830586465,-36.4971380326996,
-44.5));
#12268=CARTESIAN_POINT('',(-195.105896764851,-33.8885605648448,-44.5));
#12269=CARTESIAN_POINT('',(-183.262490474161,-24.1089637020518,-44.5));
#12270=CARTESIAN_POINT('Ctrl Pts',(-183.262490474161,-24.1089637020518,
-44.5));
#12271=CARTESIAN_POINT('Ctrl Pts',(-183.262490474161,-31.6018598324229,
-44.5));
#12272=CARTESIAN_POINT('Ctrl Pts',(-183.262490474161,-31.6018598324229,
-44.5));
#12273=CARTESIAN_POINT('Ctrl Pts',(-195.105896764851,-33.8885605648448,
-44.5));
#12274=CARTESIAN_POINT('',(-198.385640758991,-11.3441035783539,-44.5));
#12275=CARTESIAN_POINT('Origin',(-217.356051015703,-49.160266454949,-44.5));
#12276=CARTESIAN_POINT('',(-217.303189928913,-7.79446391364035,-44.5));
#12277=CARTESIAN_POINT('Ctrl Pts',(-217.303189928913,-7.79446391364035,
-44.5));
#12278=CARTESIAN_POINT('Ctrl Pts',(-213.508785359414,-6.07215095384218,
-44.5));
#12279=CARTESIAN_POINT('Ctrl Pts',(-213.508785359414,-6.07215095384218,
-44.5));
#12280=CARTESIAN_POINT('Ctrl Pts',(-198.385640758991,-11.3441035783539,
-44.5));
#12281=CARTESIAN_POINT('',(-221.417109362507,-17.997924309962,-44.5));
#12282=CARTESIAN_POINT('Ctrl Pts',(-221.417109362507,-17.997924309962,-44.5));
#12283=CARTESIAN_POINT('Ctrl Pts',(-221.097594498412,-9.51677687343853,
-44.5));
#12284=CARTESIAN_POINT('Ctrl Pts',(-221.097594498412,-9.51677687343853,
-44.5));
#12285=CARTESIAN_POINT('Ctrl Pts',(-217.303189928913,-7.79446391364035,
-44.5));
#12286=CARTESIAN_POINT('',(-214.342960798868,-31.3271608374685,-44.5));
#12287=CARTESIAN_POINT('Ctrl Pts',(-214.342960798868,-31.3271608374685,
-44.5));
#12288=CARTESIAN_POINT('Ctrl Pts',(-221.736618542194,-26.4790660620779,
-44.5));
#12289=CARTESIAN_POINT('Ctrl Pts',(-221.736618542194,-26.4790660620779,
-44.5));
#12290=CARTESIAN_POINT('Ctrl Pts',(-221.417109362507,-17.997924309962,-44.5));
#12291=CARTESIAN_POINT('Ctrl Pts',(-195.105896764851,-33.8885605648448,
-44.5));
#12292=CARTESIAN_POINT('Ctrl Pts',(-206.949297371133,-36.1752556128591,
-44.5));
#12293=CARTESIAN_POINT('Ctrl Pts',(-206.949297371133,-36.1752556128591,
-44.5));
#12294=CARTESIAN_POINT('Ctrl Pts',(-214.342960798868,-31.3271608374685,
-44.5));
#12295=CARTESIAN_POINT('',(-241.932670552286,39.5767965355784,-44.5));
#12296=CARTESIAN_POINT('',(-224.213175644652,38.9180191755524,-44.5));
#12297=CARTESIAN_POINT('Ctrl Pts',(-224.213175644652,38.9180191755524,-44.5));
#12298=CARTESIAN_POINT('Ctrl Pts',(-232.589911883259,23.4809645368805,-44.5));
#12299=CARTESIAN_POINT('Ctrl Pts',(-234.533655254841,24.1206536563466,-44.5));
#12300=CARTESIAN_POINT('Ctrl Pts',(-241.932670552286,39.5767965355784,-44.5));
#12301=CARTESIAN_POINT('',(-232.592285123412,55.0329394148102,-44.5));
#12302=CARTESIAN_POINT('Ctrl Pts',(-232.592285123412,55.0329394148102,-44.5));
#12303=CARTESIAN_POINT('Ctrl Pts',(-215.836442248249,54.3550851830393,-44.5));
#12304=CARTESIAN_POINT('Ctrl Pts',(-215.836442248249,54.3550851830393,-44.5));
#12305=CARTESIAN_POINT('Ctrl Pts',(-224.213175644652,38.9180191755524,-44.5));
#12306=CARTESIAN_POINT('Ctrl Pts',(-241.932670552286,39.5767965355784,-44.5));
#12307=CARTESIAN_POINT('Ctrl Pts',(-249.331687270832,55.0329394148102,-44.5));
#12308=CARTESIAN_POINT('Ctrl Pts',(-249.331687270832,55.0329394148102,-44.5));
#12309=CARTESIAN_POINT('Ctrl Pts',(-232.592285123412,55.0329394148102,-44.5));
#12310=CARTESIAN_POINT('',(-249.66203519462,3.78739710117085,-44.5));
#12311=CARTESIAN_POINT('',(-265.410624499734,13.3134693871409,-44.5));
#12312=CARTESIAN_POINT('Ctrl Pts',(-265.410624499734,13.3134693871409,-44.5));
#12313=CARTESIAN_POINT('Ctrl Pts',(-260.758491858641,12.9465977237295,-44.5));
#12314=CARTESIAN_POINT('Ctrl Pts',(-260.758491858641,12.9465977237295,-44.5));
#12315=CARTESIAN_POINT('Ctrl Pts',(-249.66203519462,3.78739710117085,-44.5));
#12316=CARTESIAN_POINT('',(-270.062757140827,-1.95521309983826,-44.5));
#12317=CARTESIAN_POINT('Ctrl Pts',(-270.062757140827,-1.95521309983826,
-44.5));
#12318=CARTESIAN_POINT('Ctrl Pts',(-270.062757140827,13.6803353661448,-44.5));
#12319=CARTESIAN_POINT('Ctrl Pts',(-270.062757140827,13.6803353661448,-44.5));
#12320=CARTESIAN_POINT('Ctrl Pts',(-265.410624499734,13.3134693871409,-44.5));
#12321=CARTESIAN_POINT('',(-259.693668030008,-16.7190008236338,-44.5));
#12322=CARTESIAN_POINT('Ctrl Pts',(-259.693668030008,-16.7190008236338,
-44.5));
#12323=CARTESIAN_POINT('Ctrl Pts',(-264.878212585417,-17.1548840369314,
-44.5));
#12324=CARTESIAN_POINT('Ctrl Pts',(-267.470484863122,-17.3728256435801,
-44.5));
#12325=CARTESIAN_POINT('Ctrl Pts',(-268.766621001975,-15.5273521781057,
-44.5));
#12326=CARTESIAN_POINT('Ctrl Pts',(-270.062757140827,-13.6818787126312,
-44.5));
#12327=CARTESIAN_POINT('Ctrl Pts',(-270.062757140827,-9.77299017503358,
-44.5));
#12328=CARTESIAN_POINT('Ctrl Pts',(-270.062757140827,-1.95521309983826,
-44.5));
#12329=CARTESIAN_POINT('',(-243.945078724893,-10.6095246436208,-44.5));
#12330=CARTESIAN_POINT('Ctrl Pts',(-243.945078724893,-10.6095246436208,
-44.5));
#12331=CARTESIAN_POINT('Ctrl Pts',(-249.324578919188,-15.8472400814463,
-44.5));
#12332=CARTESIAN_POINT('Ctrl Pts',(-249.324578919188,-15.8472400814463,
-44.5));
#12333=CARTESIAN_POINT('Ctrl Pts',(-259.693668030008,-16.7190008236338,
-44.5));
#12334=CARTESIAN_POINT('Ctrl Pts',(-249.66203519462,3.78739710117084,-44.5));
#12335=CARTESIAN_POINT('Ctrl Pts',(-238.5655799517,-5.3718092057953,-44.5));
#12336=CARTESIAN_POINT('Ctrl Pts',(-238.5655799517,-5.3718092057953,-44.5));
#12337=CARTESIAN_POINT('Ctrl Pts',(-243.945078724893,-10.6095246436208,
-44.5));
#12338=CARTESIAN_POINT('',(-241.118404750284,-50.3356264217784,-44.5));
#12339=CARTESIAN_POINT('',(-255.339642774169,-41.3520683081716,-44.5));
#12340=CARTESIAN_POINT('Ctrl Pts',(-255.339642774169,-41.3520683081716,
-44.5));
#12341=CARTESIAN_POINT('Ctrl Pts',(-240.61652840751,-44.0563370927582,-44.5));
#12342=CARTESIAN_POINT('Ctrl Pts',(-240.61652840751,-44.0563370927582,-44.5));
#12343=CARTESIAN_POINT('Ctrl Pts',(-241.118404750284,-50.3356264217784,
-44.5));
#12344=CARTESIAN_POINT('',(-270.062757140827,-48.1189291683604,-44.5));
#12345=CARTESIAN_POINT('Ctrl Pts',(-270.062757140827,-48.1189291683604,
-44.5));
#12346=CARTESIAN_POINT('Ctrl Pts',(-270.062757140827,-38.6477966813813,
-44.5));
#12347=CARTESIAN_POINT('Ctrl Pts',(-270.062757140827,-38.6477966813813,
-44.5));
#12348=CARTESIAN_POINT('Ctrl Pts',(-255.339642774169,-41.3520683081716,
-44.5));
#12349=CARTESIAN_POINT('',(-255.84151769584,-57.1024872819672,-44.5));
#12350=CARTESIAN_POINT('Ctrl Pts',(-255.84151769584,-57.1024872819672,-44.5));
#12351=CARTESIAN_POINT('Ctrl Pts',(-262.952137418334,-57.3462730475515,
-44.5));
#12352=CARTESIAN_POINT('Ctrl Pts',(-266.507447279581,-57.4681659303437,
-44.5));
#12353=CARTESIAN_POINT('Ctrl Pts',(-268.285102210204,-56.3452211661428,
-44.5));
#12354=CARTESIAN_POINT('Ctrl Pts',(-270.062757140827,-55.222276401942,-44.5));
#12355=CARTESIAN_POINT('Ctrl Pts',(-270.062757140827,-52.8544939907481,
-44.5));
#12356=CARTESIAN_POINT('Ctrl Pts',(-270.062757140827,-48.1189291683604,
-44.5));
#12357=CARTESIAN_POINT('Ctrl Pts',(-241.118404750284,-50.3356264217784,
-44.5));
#12358=CARTESIAN_POINT('Ctrl Pts',(-241.620278250853,-56.6149129085948,
-44.5));
#12359=CARTESIAN_POINT('Ctrl Pts',(-241.620278250853,-56.6149129085948,
-44.5));
#12360=CARTESIAN_POINT('Ctrl Pts',(-255.84151769584,-57.1024872819672,-44.5));
#12361=CARTESIAN_POINT('Origin',(-274.018276244789,-25.3423144107303,-43.5));
#12362=CARTESIAN_POINT('',(-274.018276244789,-25.3423144107303,-41.1302194862086));
#12363=CARTESIAN_POINT('',(-274.018276244789,-25.3423144107303,-42.25));
#12364=CARTESIAN_POINT('',(-274.018276244789,-25.3423144107303,-41.1302194862086));
#12365=CARTESIAN_POINT('Ctrl Pts',(-241.118404750284,-50.3356264217784,
-46.));
#12366=CARTESIAN_POINT('Ctrl Pts',(-241.118404750284,-50.3356264217784,
-41.));
#12367=CARTESIAN_POINT('Ctrl Pts',(-240.61652840751,-44.0563370927582,-46.));
#12368=CARTESIAN_POINT('Ctrl Pts',(-240.61652840751,-44.0563370927582,-41.));
#12369=CARTESIAN_POINT('Ctrl Pts',(-240.61652840751,-44.0563370927582,-46.));
#12370=CARTESIAN_POINT('Ctrl Pts',(-240.61652840751,-44.0563370927582,-41.));
#12371=CARTESIAN_POINT('Ctrl Pts',(-255.339642774169,-41.3520683081716,
-46.));
#12372=CARTESIAN_POINT('Ctrl Pts',(-255.339642774169,-41.3520683081716,
-41.));
#12373=CARTESIAN_POINT('',(-241.118404750284,-50.3356264217784,-43.5));
#12374=CARTESIAN_POINT('',(-255.339642774169,-41.3520683081716,-43.5));
#12375=CARTESIAN_POINT('Ctrl Pts',(-255.84151769584,-57.1024872819672,-46.));
#12376=CARTESIAN_POINT('Ctrl Pts',(-255.84151769584,-57.1024872819672,-41.));
#12377=CARTESIAN_POINT('Ctrl Pts',(-241.620278250853,-56.6149129085948,
-46.));
#12378=CARTESIAN_POINT('Ctrl Pts',(-241.620278250853,-56.6149129085948,
-41.));
#12379=CARTESIAN_POINT('Ctrl Pts',(-241.620278250853,-56.6149129085948,
-46.));
#12380=CARTESIAN_POINT('Ctrl Pts',(-241.620278250853,-56.6149129085948,
-41.));
#12381=CARTESIAN_POINT('Ctrl Pts',(-241.118404750284,-50.3356264217784,
-46.));
#12382=CARTESIAN_POINT('Ctrl Pts',(-241.118404750284,-50.3356264217784,
-41.));
#12383=CARTESIAN_POINT('',(-255.84151769584,-57.1024872819672,-43.5));
#12384=CARTESIAN_POINT('Ctrl Pts',(-270.062757140827,-48.1189291683604,
-46.));
#12385=CARTESIAN_POINT('Ctrl Pts',(-270.062757140827,-48.1189291683604,
-41.));
#12386=CARTESIAN_POINT('Ctrl Pts',(-270.062757140827,-57.5900588131358,
-46.));
#12387=CARTESIAN_POINT('Ctrl Pts',(-270.062757140827,-57.5900588131358,
-41.));
#12388=CARTESIAN_POINT('Ctrl Pts',(-270.062757140827,-57.5900588131358,
-46.));
#12389=CARTESIAN_POINT('Ctrl Pts',(-270.062757140827,-57.5900588131358,
-41.));
#12390=CARTESIAN_POINT('Ctrl Pts',(-255.84151769584,-57.1024872819672,-46.));
#12391=CARTESIAN_POINT('Ctrl Pts',(-255.84151769584,-57.1024872819672,-41.));
#12392=CARTESIAN_POINT('',(-270.062757140827,-48.1189291683604,-43.5));
#12393=CARTESIAN_POINT('Ctrl Pts',(-255.339642774169,-41.3520683081716,
-46.));
#12394=CARTESIAN_POINT('Ctrl Pts',(-255.339642774169,-41.3520683081716,
-41.));
#12395=CARTESIAN_POINT('Ctrl Pts',(-270.062757140827,-38.6477966813813,
-46.));
#12396=CARTESIAN_POINT('Ctrl Pts',(-270.062757140827,-38.6477966813813,
-41.));
#12397=CARTESIAN_POINT('Ctrl Pts',(-270.062757140827,-38.6477966813813,
-46.));
#12398=CARTESIAN_POINT('Ctrl Pts',(-270.062757140827,-38.6477966813813,
-41.));
#12399=CARTESIAN_POINT('Ctrl Pts',(-270.062757140827,-48.1189291683604,
-46.));
#12400=CARTESIAN_POINT('Ctrl Pts',(-270.062757140827,-48.1189291683604,
-41.));
#12401=CARTESIAN_POINT('Ctrl Pts',(-249.66203519462,3.78739710117085,-46.));
#12402=CARTESIAN_POINT('Ctrl Pts',(-249.66203519462,3.78739710117085,-41.));
#12403=CARTESIAN_POINT('Ctrl Pts',(-260.758491858641,12.9465977237295,-46.));
#12404=CARTESIAN_POINT('Ctrl Pts',(-260.758491858641,12.9465977237295,-41.));
#12405=CARTESIAN_POINT('Ctrl Pts',(-260.758491858641,12.9465977237295,-46.));
#12406=CARTESIAN_POINT('Ctrl Pts',(-260.758491858641,12.9465977237295,-41.));
#12407=CARTESIAN_POINT('Ctrl Pts',(-265.410624499734,13.3134693871409,-46.));
#12408=CARTESIAN_POINT('Ctrl Pts',(-265.410624499734,13.3134693871409,-41.));
#12409=CARTESIAN_POINT('',(-249.66203519462,3.78739710117085,-43.5));
#12410=CARTESIAN_POINT('',(-265.410624499734,13.3134693871409,-43.5));
#12411=CARTESIAN_POINT('Ctrl Pts',(-243.945078724893,-10.6095246436208,
-46.));
#12412=CARTESIAN_POINT('Ctrl Pts',(-243.945078724893,-10.6095246436208,
-41.));
#12413=CARTESIAN_POINT('Ctrl Pts',(-238.5655799517,-5.3718092057953,-46.));
#12414=CARTESIAN_POINT('Ctrl Pts',(-238.5655799517,-5.3718092057953,-41.));
#12415=CARTESIAN_POINT('Ctrl Pts',(-238.5655799517,-5.3718092057953,-46.));
#12416=CARTESIAN_POINT('Ctrl Pts',(-238.5655799517,-5.3718092057953,-41.));
#12417=CARTESIAN_POINT('Ctrl Pts',(-249.66203519462,3.78739710117085,-46.));
#12418=CARTESIAN_POINT('Ctrl Pts',(-249.66203519462,3.78739710117085,-41.));
#12419=CARTESIAN_POINT('',(-243.945078724893,-10.6095246436208,-43.5));
#12420=CARTESIAN_POINT('Ctrl Pts',(-259.693668030008,-16.7190008236338,
-46.));
#12421=CARTESIAN_POINT('Ctrl Pts',(-259.693668030008,-16.7190008236338,
-41.));
#12422=CARTESIAN_POINT('Ctrl Pts',(-249.324578919188,-15.8472400814463,
-46.));
#12423=CARTESIAN_POINT('Ctrl Pts',(-249.324578919188,-15.8472400814463,
-41.));
#12424=CARTESIAN_POINT('Ctrl Pts',(-249.324578919188,-15.8472400814463,
-46.));
#12425=CARTESIAN_POINT('Ctrl Pts',(-249.324578919188,-15.8472400814463,
-41.));
#12426=CARTESIAN_POINT('Ctrl Pts',(-243.945078724893,-10.6095246436208,
-46.));
#12427=CARTESIAN_POINT('Ctrl Pts',(-243.945078724893,-10.6095246436208,
-41.));
#12428=CARTESIAN_POINT('',(-259.693668030008,-16.7190008236338,-43.5));
#12429=CARTESIAN_POINT('Ctrl Pts',(-270.062757140827,-1.95521309983826,
-46.));
#12430=CARTESIAN_POINT('Ctrl Pts',(-270.062757140827,-1.95521309983826,
-41.));
#12431=CARTESIAN_POINT('Ctrl Pts',(-270.062757140827,-17.5907672502289,
-46.));
#12432=CARTESIAN_POINT('Ctrl Pts',(-270.062757140827,-17.5907672502289,
-41.));
#12433=CARTESIAN_POINT('Ctrl Pts',(-270.062757140827,-17.5907672502289,
-46.));
#12434=CARTESIAN_POINT('Ctrl Pts',(-270.062757140827,-17.5907672502289,
-41.));
#12435=CARTESIAN_POINT('Ctrl Pts',(-259.693668030008,-16.7190008236338,
-46.));
#12436=CARTESIAN_POINT('Ctrl Pts',(-259.693668030008,-16.7190008236338,
-41.));
#12437=CARTESIAN_POINT('',(-270.062757140827,-1.95521309983826,-43.5));
#12438=CARTESIAN_POINT('Ctrl Pts',(-265.410624499734,13.3134693871409,-46.));
#12439=CARTESIAN_POINT('Ctrl Pts',(-265.410624499734,13.3134693871409,-41.));
#12440=CARTESIAN_POINT('Ctrl Pts',(-270.062757140827,13.6803353661448,-46.));
#12441=CARTESIAN_POINT('Ctrl Pts',(-270.062757140827,13.6803353661448,-41.));
#12442=CARTESIAN_POINT('Ctrl Pts',(-270.062757140827,13.6803353661448,-46.));
#12443=CARTESIAN_POINT('Ctrl Pts',(-270.062757140827,13.6803353661448,-41.));
#12444=CARTESIAN_POINT('Ctrl Pts',(-270.062757140827,-1.95521309983826,
-46.));
#12445=CARTESIAN_POINT('Ctrl Pts',(-270.062757140827,-1.95521309983826,
-41.));
#12446=CARTESIAN_POINT('Ctrl Pts',(-241.932670552286,39.5767965355784,-46.));
#12447=CARTESIAN_POINT('Ctrl Pts',(-241.932670552286,39.5767965355784,-41.));
#12448=CARTESIAN_POINT('Ctrl Pts',(-234.533655254841,24.1206536563466,-46.));
#12449=CARTESIAN_POINT('Ctrl Pts',(-234.533655254841,24.1206536563466,-41.));
#12450=CARTESIAN_POINT('Ctrl Pts',(-232.589911883259,23.4809645368805,-46.));
#12451=CARTESIAN_POINT('Ctrl Pts',(-232.589911883259,23.4809645368805,-41.));
#12452=CARTESIAN_POINT('Ctrl Pts',(-224.213175644652,38.9180191755524,-46.));
#12453=CARTESIAN_POINT('Ctrl Pts',(-224.213175644652,38.9180191755524,-41.));
#12454=CARTESIAN_POINT('',(-241.932670552286,39.5767965355784,-43.5));
#12455=CARTESIAN_POINT('',(-224.213175644652,38.9180191755524,-43.5));
#12456=CARTESIAN_POINT('Ctrl Pts',(-232.592285123412,55.0329394148102,-46.));
#12457=CARTESIAN_POINT('Ctrl Pts',(-232.592285123412,55.0329394148102,-41.));
#12458=CARTESIAN_POINT('Ctrl Pts',(-249.331687270832,55.0329394148102,-46.));
#12459=CARTESIAN_POINT('Ctrl Pts',(-249.331687270832,55.0329394148102,-41.));
#12460=CARTESIAN_POINT('Ctrl Pts',(-249.331687270832,55.0329394148102,-46.));
#12461=CARTESIAN_POINT('Ctrl Pts',(-249.331687270832,55.0329394148102,-41.));
#12462=CARTESIAN_POINT('Ctrl Pts',(-241.932670552286,39.5767965355784,-46.));
#12463=CARTESIAN_POINT('Ctrl Pts',(-241.932670552286,39.5767965355784,-41.));
#12464=CARTESIAN_POINT('',(-232.592285123412,55.0329394148102,-43.5));
#12465=CARTESIAN_POINT('Ctrl Pts',(-224.213175644652,38.9180191755524,-46.));
#12466=CARTESIAN_POINT('Ctrl Pts',(-224.213175644652,38.9180191755524,-41.));
#12467=CARTESIAN_POINT('Ctrl Pts',(-215.836442248249,54.3550851830393,-46.));
#12468=CARTESIAN_POINT('Ctrl Pts',(-215.836442248249,54.3550851830393,-41.));
#12469=CARTESIAN_POINT('Ctrl Pts',(-215.836442248249,54.3550851830393,-46.));
#12470=CARTESIAN_POINT('Ctrl Pts',(-215.836442248249,54.3550851830393,-41.));
#12471=CARTESIAN_POINT('Ctrl Pts',(-232.592285123412,55.0329394148102,-46.));
#12472=CARTESIAN_POINT('Ctrl Pts',(-232.592285123412,55.0329394148102,-41.));
#12473=CARTESIAN_POINT('Ctrl Pts',(-195.105896764851,-33.8885605648448,
-46.));
#12474=CARTESIAN_POINT('Ctrl Pts',(-195.105896764851,-33.8885605648448,
-41.));
#12475=CARTESIAN_POINT('Ctrl Pts',(-183.262490474161,-31.6018598324229,
-46.));
#12476=CARTESIAN_POINT('Ctrl Pts',(-183.262490474161,-31.6018598324229,
-41.));
#12477=CARTESIAN_POINT('Ctrl Pts',(-183.262490474161,-31.6018598324229,
-46.));
#12478=CARTESIAN_POINT('Ctrl Pts',(-183.262490474161,-31.6018598324229,
-41.));
#12479=CARTESIAN_POINT('Ctrl Pts',(-183.262490474161,-24.1089637020518,
-46.));
#12480=CARTESIAN_POINT('Ctrl Pts',(-183.262490474161,-24.1089637020518,
-41.));
#12481=CARTESIAN_POINT('',(-195.105896764851,-33.8885605648448,-43.5));
#12482=CARTESIAN_POINT('',(-183.262490474161,-24.1089637020518,-41.));
#12483=CARTESIAN_POINT('Ctrl Pts',(-183.262490474161,-24.1089637020518,
-41.));
#12484=CARTESIAN_POINT('Ctrl Pts',(-183.262490474161,-31.3806609948461,
-41.));
#12485=CARTESIAN_POINT('Ctrl Pts',(-183.262490474161,-31.5953297905147,
-41.));
#12486=CARTESIAN_POINT('Ctrl Pts',(-194.087663992567,-33.6917694835368,
-41.));
#12487=CARTESIAN_POINT('',(-183.262490474161,-24.1089637020518,-43.5));
#12488=CARTESIAN_POINT('Ctrl Pts',(-214.342960798868,-31.3271608374685,
-46.));
#12489=CARTESIAN_POINT('Ctrl Pts',(-214.342960798868,-31.3271608374685,
-41.));
#12490=CARTESIAN_POINT('Ctrl Pts',(-206.949297371133,-36.1752556128591,
-46.));
#12491=CARTESIAN_POINT('Ctrl Pts',(-206.949297371133,-36.1752556128591,
-41.));
#12492=CARTESIAN_POINT('Ctrl Pts',(-206.949297371133,-36.1752556128591,
-46.));
#12493=CARTESIAN_POINT('Ctrl Pts',(-206.949297371133,-36.1752556128591,
-41.));
#12494=CARTESIAN_POINT('Ctrl Pts',(-195.105896764851,-33.8885605648448,
-46.));
#12495=CARTESIAN_POINT('Ctrl Pts',(-195.105896764851,-33.8885605648448,
-41.));
#12496=CARTESIAN_POINT('',(-214.342960798868,-31.3271608374685,-43.5));
#12497=CARTESIAN_POINT('Ctrl Pts',(-221.417109362507,-17.997924309962,-46.));
#12498=CARTESIAN_POINT('Ctrl Pts',(-221.417109362507,-17.997924309962,-41.));
#12499=CARTESIAN_POINT('Ctrl Pts',(-221.736618542194,-26.4790660620779,
-46.));
#12500=CARTESIAN_POINT('Ctrl Pts',(-221.736618542194,-26.4790660620779,
-41.));
#12501=CARTESIAN_POINT('Ctrl Pts',(-221.736618542194,-26.4790660620779,
-46.));
#12502=CARTESIAN_POINT('Ctrl Pts',(-221.736618542194,-26.4790660620779,
-41.));
#12503=CARTESIAN_POINT('Ctrl Pts',(-214.342960798868,-31.3271608374685,
-46.));
#12504=CARTESIAN_POINT('Ctrl Pts',(-214.342960798868,-31.3271608374685,
-41.));
#12505=CARTESIAN_POINT('',(-221.417109362507,-17.997924309962,-43.5));
#12506=CARTESIAN_POINT('Ctrl Pts',(-217.303189928913,-7.79446391364035,
-46.));
#12507=CARTESIAN_POINT('Ctrl Pts',(-217.303189928913,-7.79446391364035,
-41.));
#12508=CARTESIAN_POINT('Ctrl Pts',(-221.097594498412,-9.51677687343853,
-46.));
#12509=CARTESIAN_POINT('Ctrl Pts',(-221.097594498412,-9.51677687343853,
-41.));
#12510=CARTESIAN_POINT('Ctrl Pts',(-221.097594498412,-9.51677687343853,
-46.));
#12511=CARTESIAN_POINT('Ctrl Pts',(-221.097594498412,-9.51677687343853,
-41.));
#12512=CARTESIAN_POINT('Ctrl Pts',(-221.417109362507,-17.997924309962,-46.));
#12513=CARTESIAN_POINT('Ctrl Pts',(-221.417109362507,-17.997924309962,-41.));
#12514=CARTESIAN_POINT('',(-217.303189928913,-7.79446391364035,-43.5));
#12515=CARTESIAN_POINT('Ctrl Pts',(-198.385640758991,-11.3441035783539,
-46.));
#12516=CARTESIAN_POINT('Ctrl Pts',(-198.385640758991,-11.3441035783539,
-41.));
#12517=CARTESIAN_POINT('Ctrl Pts',(-213.508785359414,-6.07215095384218,
-46.));
#12518=CARTESIAN_POINT('Ctrl Pts',(-213.508785359414,-6.07215095384218,
-41.));
#12519=CARTESIAN_POINT('Ctrl Pts',(-213.508785359414,-6.07215095384218,
-46.));
#12520=CARTESIAN_POINT('Ctrl Pts',(-213.508785359414,-6.07215095384218,
-41.));
#12521=CARTESIAN_POINT('Ctrl Pts',(-217.303189928913,-7.79446391364035,
-46.));
#12522=CARTESIAN_POINT('Ctrl Pts',(-217.303189928913,-7.79446391364035,
-41.));
#12523=CARTESIAN_POINT('',(-198.385640758991,-11.3441035783539,-43.5));
#12524=CARTESIAN_POINT('Origin',(-217.356051015703,-49.160266454949,-43.5));
#12525=CARTESIAN_POINT('Origin',(-217.356051015703,-49.160266454949,-41.));
#12526=CARTESIAN_POINT('Ctrl Pts',(-210.351256127644,-44.2505534033865,
-46.));
#12527=CARTESIAN_POINT('Ctrl Pts',(-210.351256127644,-44.2505534033865,
-41.));
#12528=CARTESIAN_POINT('Ctrl Pts',(-214.243341556517,-49.764585050115,-46.));
#12529=CARTESIAN_POINT('Ctrl Pts',(-214.243341556517,-49.764585050115,-41.));
#12530=CARTESIAN_POINT('Ctrl Pts',(-214.243341556517,-49.764585050115,-46.));
#12531=CARTESIAN_POINT('Ctrl Pts',(-214.243341556517,-49.764585050115,-41.));
#12532=CARTESIAN_POINT('Ctrl Pts',(-215.458065343952,-64.9806228176524,
-46.));
#12533=CARTESIAN_POINT('Ctrl Pts',(-215.458065343952,-64.9806228176524,
-41.));
#12534=CARTESIAN_POINT('',(-210.351256127644,-44.2505534033865,-43.5));
#12535=CARTESIAN_POINT('',(-215.458065343952,-64.9806228176524,-43.5));
#12536=CARTESIAN_POINT('Ctrl Pts',(-194.860830586465,-36.4971380326996,
-46.));
#12537=CARTESIAN_POINT('Ctrl Pts',(-194.860830586465,-36.4971380326996,
-41.));
#12538=CARTESIAN_POINT('Ctrl Pts',(-206.459165014362,-38.7365189144542,
-46.));
#12539=CARTESIAN_POINT('Ctrl Pts',(-206.459165014362,-38.7365189144542,
-41.));
#12540=CARTESIAN_POINT('Ctrl Pts',(-206.459165014362,-38.7365189144542,
-46.));
#12541=CARTESIAN_POINT('Ctrl Pts',(-206.459165014362,-38.7365189144542,
-41.));
#12542=CARTESIAN_POINT('Ctrl Pts',(-210.351256127644,-44.2505534033865,
-46.));
#12543=CARTESIAN_POINT('Ctrl Pts',(-210.351256127644,-44.2505534033865,
-41.));
#12544=CARTESIAN_POINT('',(-194.860830586465,-36.4971380326996,-43.5));
#12545=CARTESIAN_POINT('Ctrl Pts',(-183.262490474161,-57.2272088680674,
-46.));
#12546=CARTESIAN_POINT('Ctrl Pts',(-183.262490474161,-57.2272088680674,
-41.));
#12547=CARTESIAN_POINT('Ctrl Pts',(-183.262490474161,-34.2577571509451,
-46.));
#12548=CARTESIAN_POINT('Ctrl Pts',(-183.262490474161,-34.2577571509451,
-41.));
#12549=CARTESIAN_POINT('Ctrl Pts',(-183.262490474161,-34.2577571509451,
-46.));
#12550=CARTESIAN_POINT('Ctrl Pts',(-183.262490474161,-34.2577571509451,
-41.));
#12551=CARTESIAN_POINT('Ctrl Pts',(-194.860830586465,-36.4971380326996,
-46.));
#12552=CARTESIAN_POINT('Ctrl Pts',(-194.860830586465,-36.4971380326996,
-41.));
#12553=CARTESIAN_POINT('',(-183.262490474161,-57.2272088680674,-41.));
#12554=CARTESIAN_POINT('',(-183.262490474161,-57.2272088680674,-43.5));
#12555=CARTESIAN_POINT('Ctrl Pts',(-194.087663992567,-36.3481266688443,
-41.));
#12556=CARTESIAN_POINT('Ctrl Pts',(-183.262490474161,-34.2696280465133,
-41.));
#12557=CARTESIAN_POINT('Ctrl Pts',(-183.262490474161,-34.7799333305948,
-41.));
#12558=CARTESIAN_POINT('Ctrl Pts',(-183.262490474161,-57.2272088680674,
-41.));
#12559=CARTESIAN_POINT('Ctrl Pts',(-199.967639802774,-80.1966605851899,
-46.));
#12560=CARTESIAN_POINT('Ctrl Pts',(-199.967639802774,-80.1966605851899,
-41.));
#12561=CARTESIAN_POINT('Ctrl Pts',(-183.262490474161,-80.1966605851899,
-46.));
#12562=CARTESIAN_POINT('Ctrl Pts',(-183.262490474161,-80.1966605851899,
-41.));
#12563=CARTESIAN_POINT('Ctrl Pts',(-183.262490474161,-80.1966605851899,
-46.));
#12564=CARTESIAN_POINT('Ctrl Pts',(-183.262490474161,-80.1966605851899,
-41.));
#12565=CARTESIAN_POINT('Ctrl Pts',(-183.262490474161,-57.2272088680674,
-46.));
#12566=CARTESIAN_POINT('Ctrl Pts',(-183.262490474161,-57.2272088680674,
-41.));
#12567=CARTESIAN_POINT('',(-199.967639802774,-80.1966605851899,-43.5));
#12568=CARTESIAN_POINT('Ctrl Pts',(-183.262490474161,-57.2272088680674,
-41.));
#12569=CARTESIAN_POINT('Ctrl Pts',(-183.262490474161,-77.1039628964259,
-41.));
#12570=CARTESIAN_POINT('Ctrl Pts',(-183.26249047416,-79.7802475548799,-41.));
#12571=CARTESIAN_POINT('Ctrl Pts',(-194.087663992567,-80.1405930903157,
-41.));
#12572=CARTESIAN_POINT('Ctrl Pts',(-215.458065343952,-64.9806228176524,
-46.));
#12573=CARTESIAN_POINT('Ctrl Pts',(-215.458065343952,-64.9806228176524,
-41.));
#12574=CARTESIAN_POINT('Ctrl Pts',(-216.67278344698,-80.1966605851899,-46.));
#12575=CARTESIAN_POINT('Ctrl Pts',(-216.67278344698,-80.1966605851899,-41.));
#12576=CARTESIAN_POINT('Ctrl Pts',(-216.67278344698,-80.1966605851899,-46.));
#12577=CARTESIAN_POINT('Ctrl Pts',(-216.67278344698,-80.1966605851899,-41.));
#12578=CARTESIAN_POINT('Ctrl Pts',(-199.967639802774,-80.1966605851899,
-46.));
#12579=CARTESIAN_POINT('Ctrl Pts',(-199.967639802774,-80.1966605851899,
-41.));
#12580=CARTESIAN_POINT('Ctrl Pts',(-248.845794060993,19.6668180199534,-46.));
#12581=CARTESIAN_POINT('Ctrl Pts',(-248.845794060993,19.6668180199534,-41.));
#12582=CARTESIAN_POINT('Ctrl Pts',(-237.270234211954,23.7978020450185,-46.));
#12583=CARTESIAN_POINT('Ctrl Pts',(-237.270234211954,23.7978020450185,-41.));
#12584=CARTESIAN_POINT('Ctrl Pts',(-237.270234211954,23.7978020450185,-46.));
#12585=CARTESIAN_POINT('Ctrl Pts',(-237.270234211954,23.7978020450185,-41.));
#12586=CARTESIAN_POINT('Ctrl Pts',(-244.746526187865,39.4153707299144,-46.));
#12587=CARTESIAN_POINT('Ctrl Pts',(-244.746526187865,39.4153707299144,-41.));
#12588=CARTESIAN_POINT('',(-248.845794060993,19.6668180199534,-43.5));
#12589=CARTESIAN_POINT('',(-244.746526187865,39.4153707299144,-43.5));
#12590=CARTESIAN_POINT('Ctrl Pts',(-265.242056235981,15.9160071719716,-46.));
#12591=CARTESIAN_POINT('Ctrl Pts',(-265.242056235981,15.9160071719716,-41.));
#12592=CARTESIAN_POINT('Ctrl Pts',(-260.421354620584,15.5358453637034,-46.));
#12593=CARTESIAN_POINT('Ctrl Pts',(-260.421354620584,15.5358453637034,-41.));
#12594=CARTESIAN_POINT('Ctrl Pts',(-260.421354620584,15.5358453637034,-46.));
#12595=CARTESIAN_POINT('Ctrl Pts',(-260.421354620584,15.5358453637034,-41.));
#12596=CARTESIAN_POINT('Ctrl Pts',(-248.845794060993,19.6668180199534,-46.));
#12597=CARTESIAN_POINT('Ctrl Pts',(-248.845794060993,19.6668180199534,-41.));
#12598=CARTESIAN_POINT('',(-265.242056235981,15.9160071719716,-43.5));
#12599=CARTESIAN_POINT('Ctrl Pts',(-270.062757140827,35.6645485131175,-46.));
#12600=CARTESIAN_POINT('Ctrl Pts',(-270.062757140827,35.6645485131175,-41.));
#12601=CARTESIAN_POINT('Ctrl Pts',(-270.062757140827,16.2961689802399,-46.));
#12602=CARTESIAN_POINT('Ctrl Pts',(-270.062757140827,16.2961689802399,-41.));
#12603=CARTESIAN_POINT('Ctrl Pts',(-270.062757140827,16.2961689802399,-46.));
#12604=CARTESIAN_POINT('Ctrl Pts',(-270.062757140827,16.2961689802399,-41.));
#12605=CARTESIAN_POINT('Ctrl Pts',(-265.242056235981,15.9160071719716,-46.));
#12606=CARTESIAN_POINT('Ctrl Pts',(-265.242056235981,15.9160071719716,-41.));
#12607=CARTESIAN_POINT('',(-270.062757140827,35.6645485131175,-43.5));
#12608=CARTESIAN_POINT('Ctrl Pts',(-261.142789073404,55.0329394148102,-46.));
#12609=CARTESIAN_POINT('Ctrl Pts',(-261.142789073404,55.0329394148102,-41.));
#12610=CARTESIAN_POINT('Ctrl Pts',(-270.062757140827,55.0329394148102,-46.));
#12611=CARTESIAN_POINT('Ctrl Pts',(-270.062757140827,55.0329394148102,-41.));
#12612=CARTESIAN_POINT('Ctrl Pts',(-270.062757140827,55.0329394148102,-46.));
#12613=CARTESIAN_POINT('Ctrl Pts',(-270.062757140827,55.0329394148102,-41.));
#12614=CARTESIAN_POINT('Ctrl Pts',(-270.062757140827,35.6645485131175,-46.));
#12615=CARTESIAN_POINT('Ctrl Pts',(-270.062757140827,35.6645485131175,-41.));
#12616=CARTESIAN_POINT('',(-261.142789073404,55.0329394148102,-43.5));
#12617=CARTESIAN_POINT('Ctrl Pts',(-244.746526187865,39.4153707299144,-46.));
#12618=CARTESIAN_POINT('Ctrl Pts',(-244.746526187865,39.4153707299144,-41.));
#12619=CARTESIAN_POINT('Ctrl Pts',(-252.22282100598,55.0329394148102,-46.));
#12620=CARTESIAN_POINT('Ctrl Pts',(-252.22282100598,55.0329394148102,-41.));
#12621=CARTESIAN_POINT('Ctrl Pts',(-252.22282100598,55.0329394148102,-46.));
#12622=CARTESIAN_POINT('Ctrl Pts',(-252.22282100598,55.0329394148102,-41.));
#12623=CARTESIAN_POINT('Ctrl Pts',(-261.142789073404,55.0329394148102,-46.));
#12624=CARTESIAN_POINT('Ctrl Pts',(-261.142789073404,55.0329394148102,-41.));
#12625=CARTESIAN_POINT('Ctrl Pts',(-228.73241607434,-7.76155119391379,-46.));
#12626=CARTESIAN_POINT('Ctrl Pts',(-228.73241607434,-7.76155119391379,-41.));
#12627=CARTESIAN_POINT('Ctrl Pts',(-233.755763976765,-5.95622883063254,
-46.));
#12628=CARTESIAN_POINT('Ctrl Pts',(-233.755763976765,-5.95622883063254,
-41.));
#12629=CARTESIAN_POINT('Ctrl Pts',(-235.963297965209,-6.47772774827577,
-46.));
#12630=CARTESIAN_POINT('Ctrl Pts',(-235.963297965209,-6.47772774827577,
-41.));
#12631=CARTESIAN_POINT('Ctrl Pts',(-241.489391924763,-11.8581786597341,
-46.));
#12632=CARTESIAN_POINT('Ctrl Pts',(-241.489391924763,-11.8581786597341,
-41.));
#12633=CARTESIAN_POINT('',(-228.73241607434,-7.76155119391379,-43.5));
#12634=CARTESIAN_POINT('',(-241.489391924763,-11.8581786597341,-43.5));
#12635=CARTESIAN_POINT('Ctrl Pts',(-224.025809045124,-17.9745272884776,
-46.));
#12636=CARTESIAN_POINT('Ctrl Pts',(-224.025809045124,-17.9745272884776,
-41.));
#12637=CARTESIAN_POINT('Ctrl Pts',(-223.709065329711,-9.56687355719504,
-46.));
#12638=CARTESIAN_POINT('Ctrl Pts',(-223.709065329711,-9.56687355719504,
-41.));
#12639=CARTESIAN_POINT('Ctrl Pts',(-223.709065329711,-9.56687355719504,
-46.));
#12640=CARTESIAN_POINT('Ctrl Pts',(-223.709065329711,-9.56687355719504,
-41.));
#12641=CARTESIAN_POINT('Ctrl Pts',(-228.73241607434,-7.76155119391379,-46.));
#12642=CARTESIAN_POINT('Ctrl Pts',(-228.73241607434,-7.76155119391379,-41.));
#12643=CARTESIAN_POINT('',(-224.025809045124,-17.9745272884776,-43.5));
#12644=CARTESIAN_POINT('Ctrl Pts',(-229.891046128051,-29.4608163591156,
-46.));
#12645=CARTESIAN_POINT('Ctrl Pts',(-229.891046128051,-29.4608163591156,
-41.));
#12646=CARTESIAN_POINT('Ctrl Pts',(-224.342555602741,-26.3821810197602,
-46.));
#12647=CARTESIAN_POINT('Ctrl Pts',(-224.342555602741,-26.3821810197602,
-41.));
#12648=CARTESIAN_POINT('Ctrl Pts',(-224.342555602741,-26.3821810197602,
-46.));
#12649=CARTESIAN_POINT('Ctrl Pts',(-224.342555602741,-26.3821810197602,
-41.));
#12650=CARTESIAN_POINT('Ctrl Pts',(-224.025809045124,-17.9745272884776,
-46.));
#12651=CARTESIAN_POINT('Ctrl Pts',(-224.025809045124,-17.9745272884776,
-41.));
#12652=CARTESIAN_POINT('',(-229.891046128051,-29.4608163591156,-43.5));
#12653=CARTESIAN_POINT('Ctrl Pts',(-241.227514111042,-24.8890349504242,
-46.));
#12654=CARTESIAN_POINT('Ctrl Pts',(-241.227514111042,-24.8890349504242,
-41.));
#12655=CARTESIAN_POINT('Ctrl Pts',(-235.439539495564,-32.5394460140635,
-46.));
#12656=CARTESIAN_POINT('Ctrl Pts',(-235.439539495564,-32.5394460140635,
-41.));
#12657=CARTESIAN_POINT('Ctrl Pts',(-235.439539495564,-32.5394460140635,
-46.));
#12658=CARTESIAN_POINT('Ctrl Pts',(-235.439539495564,-32.5394460140635,
-41.));
#12659=CARTESIAN_POINT('Ctrl Pts',(-229.891046128051,-29.4608163591156,
-46.));
#12660=CARTESIAN_POINT('Ctrl Pts',(-229.891046128051,-29.4608163591156,
-41.));
#12661=CARTESIAN_POINT('',(-241.227514111042,-24.8890349504242,-43.5));
#12662=CARTESIAN_POINT('Ctrl Pts',(-241.489391924763,-11.8581786597341,
-46.));
#12663=CARTESIAN_POINT('Ctrl Pts',(-241.489391924763,-11.8581786597341,
-41.));
#12664=CARTESIAN_POINT('Ctrl Pts',(-247.015488726521,-17.2386238867849,
-46.));
#12665=CARTESIAN_POINT('Ctrl Pts',(-247.015488726521,-17.2386238867849,
-41.));
#12666=CARTESIAN_POINT('Ctrl Pts',(-247.015488726521,-17.2386238867849,
-46.));
#12667=CARTESIAN_POINT('Ctrl Pts',(-247.015488726521,-17.2386238867849,
-41.));
#12668=CARTESIAN_POINT('Ctrl Pts',(-241.227514111042,-24.8890349504242,
-46.));
#12669=CARTESIAN_POINT('Ctrl Pts',(-241.227514111042,-24.8890349504242,
-41.));
#12670=CARTESIAN_POINT('Ctrl Pts',(-227.446034645303,-47.1122888037771,
-46.));
#12671=CARTESIAN_POINT('Ctrl Pts',(-227.446034645303,-47.1122888037771,
-41.));
#12672=CARTESIAN_POINT('Ctrl Pts',(-237.993702972126,-43.9715399431,-46.));
#12673=CARTESIAN_POINT('Ctrl Pts',(-237.993702972126,-43.9715399431,-41.));
#12674=CARTESIAN_POINT('Ctrl Pts',(-237.993702972126,-43.9715399431,-46.));
#12675=CARTESIAN_POINT('Ctrl Pts',(-237.993702972126,-43.9715399431,-41.));
#12676=CARTESIAN_POINT('Ctrl Pts',(-238.537666668415,-50.7774441565603,
-46.));
#12677=CARTESIAN_POINT('Ctrl Pts',(-238.537666668415,-50.7774441565603,
-41.));
#12678=CARTESIAN_POINT('',(-227.446034645303,-47.1122888037771,-43.5));
#12679=CARTESIAN_POINT('',(-238.537666668415,-50.7774441565603,-43.5));
#12680=CARTESIAN_POINT('Ctrl Pts',(-218.093589745808,-65.2248505459239,
-46.));
#12681=CARTESIAN_POINT('Ctrl Pts',(-218.093589745808,-65.2248505459239,
-41.));
#12682=CARTESIAN_POINT('Ctrl Pts',(-216.898369160684,-50.2530405066579,
-46.));
#12683=CARTESIAN_POINT('Ctrl Pts',(-216.898369160684,-50.2530405066579,
-41.));
#12684=CARTESIAN_POINT('Ctrl Pts',(-216.898369160684,-50.2530405066579,
-46.));
#12685=CARTESIAN_POINT('Ctrl Pts',(-216.898369160684,-50.2530405066579,
-41.));
#12686=CARTESIAN_POINT('Ctrl Pts',(-227.446034645303,-47.1122888037771,
-46.));
#12687=CARTESIAN_POINT('Ctrl Pts',(-227.446034645303,-47.1122888037771,
-41.));
#12688=CARTESIAN_POINT('',(-218.093589745808,-65.2248505459239,-43.5));
#12689=CARTESIAN_POINT('Ctrl Pts',(-222.778439705118,-80.1966605851899,
-46.));
#12690=CARTESIAN_POINT('Ctrl Pts',(-222.778439705118,-80.1966605851899,
-41.));
#12691=CARTESIAN_POINT('Ctrl Pts',(-219.288816015339,-80.1966605851899,
-46.));
#12692=CARTESIAN_POINT('Ctrl Pts',(-219.288816015339,-80.1966605851899,
-41.));
#12693=CARTESIAN_POINT('Ctrl Pts',(-219.288816015339,-80.1966605851899,
-46.));
#12694=CARTESIAN_POINT('Ctrl Pts',(-219.288816015339,-80.1966605851899,
-41.));
#12695=CARTESIAN_POINT('Ctrl Pts',(-218.093589745808,-65.2248505459239,
-46.));
#12696=CARTESIAN_POINT('Ctrl Pts',(-218.093589745808,-65.2248505459239,
-41.));
#12697=CARTESIAN_POINT('',(-222.778439705118,-80.1966605851899,-43.5));
#12698=CARTESIAN_POINT('Ctrl Pts',(-232.674845458698,-68.8900030565033,
-46.));
#12699=CARTESIAN_POINT('Ctrl Pts',(-232.674845458698,-68.8900030565033,
-41.));
#12700=CARTESIAN_POINT('Ctrl Pts',(-226.268060552692,-80.1966605851899,
-46.));
#12701=CARTESIAN_POINT('Ctrl Pts',(-226.268060552692,-80.1966605851899,
-41.));
#12702=CARTESIAN_POINT('Ctrl Pts',(-226.268060552692,-80.1966605851899,
-46.));
#12703=CARTESIAN_POINT('Ctrl Pts',(-226.268060552692,-80.1966605851899,
-41.));
#12704=CARTESIAN_POINT('Ctrl Pts',(-222.778439705118,-80.1966605851899,
-46.));
#12705=CARTESIAN_POINT('Ctrl Pts',(-222.778439705118,-80.1966605851899,
-41.));
#12706=CARTESIAN_POINT('',(-232.674845458698,-68.8900030565033,-43.5));
#12707=CARTESIAN_POINT('Ctrl Pts',(-238.537666668415,-50.7774441565603,
-46.));
#12708=CARTESIAN_POINT('Ctrl Pts',(-238.537666668415,-50.7774441565603,
-41.));
#12709=CARTESIAN_POINT('Ctrl Pts',(-239.081633206908,-57.5833455278168,
-46.));
#12710=CARTESIAN_POINT('Ctrl Pts',(-239.081633206908,-57.5833455278168,
-41.));
#12711=CARTESIAN_POINT('Ctrl Pts',(-239.081633206908,-57.5833455278168,
-46.));
#12712=CARTESIAN_POINT('Ctrl Pts',(-239.081633206908,-57.5833455278168,
-41.));
#12713=CARTESIAN_POINT('Ctrl Pts',(-232.674845458698,-68.8900030565033,
-46.));
#12714=CARTESIAN_POINT('Ctrl Pts',(-232.674845458698,-68.8900030565033,
-41.));
#12715=CARTESIAN_POINT('Ctrl Pts',(-228.927612945271,-31.9085051978201,
-46.));
#12716=CARTESIAN_POINT('Ctrl Pts',(-228.927612945271,-31.9085051978201,
-41.));
#12717=CARTESIAN_POINT('Ctrl Pts',(-234.731736962605,-35.1289750322113,
-46.));
#12718=CARTESIAN_POINT('Ctrl Pts',(-234.731736962605,-35.1289750322113,
-41.));
#12719=CARTESIAN_POINT('Ctrl Pts',(-234.731736962605,-35.1289750322113,
-46.));
#12720=CARTESIAN_POINT('Ctrl Pts',(-234.731736962605,-35.1289750322113,
-41.));
#12721=CARTESIAN_POINT('Ctrl Pts',(-235.865267514769,-38.3379396257172,
-46.));
#12722=CARTESIAN_POINT('Ctrl Pts',(-235.865267514769,-38.3379396257172,
-41.));
#12723=CARTESIAN_POINT('',(-228.927612945271,-31.9085051978201,-43.5));
#12724=CARTESIAN_POINT('',(-235.865267514769,-38.3379396257172,-43.5));
#12725=CARTESIAN_POINT('Ctrl Pts',(-216.094275605996,-33.297154803126,-46.));
#12726=CARTESIAN_POINT('Ctrl Pts',(-216.094275605996,-33.297154803126,-41.));
#12727=CARTESIAN_POINT('Ctrl Pts',(-223.123488927937,-28.688032521225,-46.));
#12728=CARTESIAN_POINT('Ctrl Pts',(-223.123488927937,-28.688032521225,-41.));
#12729=CARTESIAN_POINT('Ctrl Pts',(-223.123488927937,-28.688032521225,-46.));
#12730=CARTESIAN_POINT('Ctrl Pts',(-223.123488927937,-28.688032521225,-41.));
#12731=CARTESIAN_POINT('Ctrl Pts',(-228.927612945271,-31.9085051978201,
-46.));
#12732=CARTESIAN_POINT('Ctrl Pts',(-228.927612945271,-31.9085051978201,
-41.));
#12733=CARTESIAN_POINT('',(-216.094275605996,-33.297154803126,-43.5));
#12734=CARTESIAN_POINT('Ctrl Pts',(-212.55249179252,-42.8470220191091,-46.));
#12735=CARTESIAN_POINT('Ctrl Pts',(-212.55249179252,-42.8470220191091,-41.));
#12736=CARTESIAN_POINT('Ctrl Pts',(-209.065062284056,-37.9062770850271,
-46.));
#12737=CARTESIAN_POINT('Ctrl Pts',(-209.065062284056,-37.9062770850271,
-41.));
#12738=CARTESIAN_POINT('Ctrl Pts',(-209.065062284056,-37.9062770850271,
-46.));
#12739=CARTESIAN_POINT('Ctrl Pts',(-209.065062284056,-37.9062770850271,
-41.));
#12740=CARTESIAN_POINT('Ctrl Pts',(-216.094275605996,-33.297154803126,-46.));
#12741=CARTESIAN_POINT('Ctrl Pts',(-216.094275605996,-33.297154803126,-41.));
#12742=CARTESIAN_POINT('',(-212.55249179252,-42.8470220191091,-43.5));
#12743=CARTESIAN_POINT('Ctrl Pts',(-226.519362526163,-44.667337007309,-46.));
#12744=CARTESIAN_POINT('Ctrl Pts',(-226.519362526163,-44.667337007309,-41.));
#12745=CARTESIAN_POINT('Ctrl Pts',(-216.039921300983,-47.7877697953949,
-46.));
#12746=CARTESIAN_POINT('Ctrl Pts',(-216.039921300983,-47.7877697953949,
-41.));
#12747=CARTESIAN_POINT('Ctrl Pts',(-216.039921300983,-47.7877697953949,
-46.));
#12748=CARTESIAN_POINT('Ctrl Pts',(-216.039921300983,-47.7877697953949,
-41.));
#12749=CARTESIAN_POINT('Ctrl Pts',(-212.55249179252,-42.8470220191091,-46.));
#12750=CARTESIAN_POINT('Ctrl Pts',(-212.55249179252,-42.8470220191091,-41.));
#12751=CARTESIAN_POINT('',(-226.519362526163,-44.667337007309,-43.5));
#12752=CARTESIAN_POINT('Ctrl Pts',(-235.865267514769,-38.3379396257172,
-46.));
#12753=CARTESIAN_POINT('Ctrl Pts',(-235.865267514769,-38.3379396257172,
-41.));
#12754=CARTESIAN_POINT('Ctrl Pts',(-236.998798066934,-41.5469013770193,
-46.));
#12755=CARTESIAN_POINT('Ctrl Pts',(-236.998798066934,-41.5469013770193,
-41.));
#12756=CARTESIAN_POINT('Ctrl Pts',(-236.998798066934,-41.5469013770193,
-46.));
#12757=CARTESIAN_POINT('Ctrl Pts',(-236.998798066934,-41.5469013770193,
-41.));
#12758=CARTESIAN_POINT('Ctrl Pts',(-226.519362526163,-44.667337007309,-46.));
#12759=CARTESIAN_POINT('Ctrl Pts',(-226.519362526163,-44.667337007309,-41.));
#12760=CARTESIAN_POINT('Ctrl Pts',(-222.352859480508,18.297819411555,-46.));
#12761=CARTESIAN_POINT('Ctrl Pts',(-222.352859480508,18.297819411555,-41.));
#12762=CARTESIAN_POINT('Ctrl Pts',(-231.193596854369,20.7156935326487,-46.));
#12763=CARTESIAN_POINT('Ctrl Pts',(-231.193596854369,20.7156935326487,-41.));
#12764=CARTESIAN_POINT('Ctrl Pts',(-231.193596854369,20.7156935326487,-46.));
#12765=CARTESIAN_POINT('Ctrl Pts',(-231.193596854369,20.7156935326487,-41.));
#12766=CARTESIAN_POINT('Ctrl Pts',(-231.762620261351,8.5093378197581,-46.));
#12767=CARTESIAN_POINT('Ctrl Pts',(-231.762620261351,8.5093378197581,-41.));
#12768=CARTESIAN_POINT('',(-222.352859480508,18.297819411555,-43.5));
#12769=CARTESIAN_POINT('',(-231.762620261351,8.5093378197581,-43.5));
#12770=CARTESIAN_POINT('Ctrl Pts',(-214.166886274942,6.03783699781799,-46.));
#12771=CARTESIAN_POINT('Ctrl Pts',(-214.166886274942,6.03783699781799,-41.));
#12772=CARTESIAN_POINT('Ctrl Pts',(-213.512127791055,15.8799339216461,-46.));
#12773=CARTESIAN_POINT('Ctrl Pts',(-213.512127791055,15.8799339216461,-41.));
#12774=CARTESIAN_POINT('Ctrl Pts',(-213.512127791055,15.8799339216461,-46.));
#12775=CARTESIAN_POINT('Ctrl Pts',(-213.512127791055,15.8799339216461,-41.));
#12776=CARTESIAN_POINT('Ctrl Pts',(-222.352859480508,18.297819411555,-46.));
#12777=CARTESIAN_POINT('Ctrl Pts',(-222.352859480508,18.297819411555,-41.));
#12778=CARTESIAN_POINT('',(-214.166886274942,6.03783699781799,-43.5));
#12779=CARTESIAN_POINT('Ctrl Pts',(-218.624445198282,-5.53039280768332,
-46.));
#12780=CARTESIAN_POINT('Ctrl Pts',(-218.624445198282,-5.53039280768332,
-41.));
#12781=CARTESIAN_POINT('Ctrl Pts',(-214.821650443236,-3.80426561041769,
-46.));
#12782=CARTESIAN_POINT('Ctrl Pts',(-214.821650443236,-3.80426561041769,
-41.));
#12783=CARTESIAN_POINT('Ctrl Pts',(-214.821650443236,-3.80426561041769,
-46.));
#12784=CARTESIAN_POINT('Ctrl Pts',(-214.821650443236,-3.80426561041769,
-41.));
#12785=CARTESIAN_POINT('Ctrl Pts',(-214.166886274942,6.03783699781799,-46.));
#12786=CARTESIAN_POINT('Ctrl Pts',(-214.166886274942,6.03783699781799,-41.));
#12787=CARTESIAN_POINT('',(-218.624445198282,-5.53039280768332,-43.5));
#12788=CARTESIAN_POINT('Ctrl Pts',(-227.379441810831,-5.47676610683697,
-46.));
#12789=CARTESIAN_POINT('Ctrl Pts',(-227.379441810831,-5.47676610683697,
-41.));
#12790=CARTESIAN_POINT('Ctrl Pts',(-222.427239953327,-7.25651432054139,
-46.));
#12791=CARTESIAN_POINT('Ctrl Pts',(-222.427239953327,-7.25651432054139,
-41.));
#12792=CARTESIAN_POINT('Ctrl Pts',(-222.427239953327,-7.25651432054139,
-46.));
#12793=CARTESIAN_POINT('Ctrl Pts',(-222.427239953327,-7.25651432054139,
-41.));
#12794=CARTESIAN_POINT('Ctrl Pts',(-218.624445198282,-5.53039280768332,
-46.));
#12795=CARTESIAN_POINT('Ctrl Pts',(-218.624445198282,-5.53039280768332,
-41.));
#12796=CARTESIAN_POINT('',(-227.379441810831,-5.47676610683697,-43.5));
#12797=CARTESIAN_POINT('Ctrl Pts',(-231.762620261351,8.5093378197581,-46.));
#12798=CARTESIAN_POINT('Ctrl Pts',(-231.762620261351,8.5093378197581,-41.));
#12799=CARTESIAN_POINT('Ctrl Pts',(-232.331643668334,-3.69701220872499,
-46.));
#12800=CARTESIAN_POINT('Ctrl Pts',(-232.331643668334,-3.69701220872499,
-41.));
#12801=CARTESIAN_POINT('Ctrl Pts',(-232.331643668334,-3.69701220872499,
-46.));
#12802=CARTESIAN_POINT('Ctrl Pts',(-232.331643668334,-3.69701220872499,
-41.));
#12803=CARTESIAN_POINT('Ctrl Pts',(-227.379441810831,-5.47676610683697,
-46.));
#12804=CARTESIAN_POINT('Ctrl Pts',(-227.379441810831,-5.47676610683697,
-41.));
#12805=CARTESIAN_POINT('Ctrl Pts',(-209.650544893106,37.4428244652659,-46.));
#12806=CARTESIAN_POINT('Ctrl Pts',(-209.650544893106,37.4428244652659,-41.));
#12807=CARTESIAN_POINT('Ctrl Pts',(-214.737555317911,50.9125624942373,-46.));
#12808=CARTESIAN_POINT('Ctrl Pts',(-214.737555317911,50.9125624942373,-41.));
#12809=CARTESIAN_POINT('Ctrl Pts',(-214.737555317911,50.9125624942373,-46.));
#12810=CARTESIAN_POINT('Ctrl Pts',(-214.737555317911,50.9125624942373,-41.));
#12811=CARTESIAN_POINT('Ctrl Pts',(-222.296350785033,36.9828535749664,-46.));
#12812=CARTESIAN_POINT('Ctrl Pts',(-222.296350785033,36.9828535749664,-41.));
#12813=CARTESIAN_POINT('',(-209.650544893106,37.4428244652659,-43.5));
#12814=CARTESIAN_POINT('',(-222.296350785033,36.9828535749664,-43.5));
#12815=CARTESIAN_POINT('Ctrl Pts',(-208.481927335326,21.1262328148753,-46.));
#12816=CARTESIAN_POINT('Ctrl Pts',(-208.481927335326,21.1262328148753,-41.));
#12817=CARTESIAN_POINT('Ctrl Pts',(-204.563534468301,23.9730864362946,-46.));
#12818=CARTESIAN_POINT('Ctrl Pts',(-204.563534468301,23.9730864362946,-41.));
#12819=CARTESIAN_POINT('Ctrl Pts',(-204.563534468301,23.9730864362946,-46.));
#12820=CARTESIAN_POINT('Ctrl Pts',(-204.563534468301,23.9730864362946,-41.));
#12821=CARTESIAN_POINT('Ctrl Pts',(-209.650544893106,37.4428244652659,-46.));
#12822=CARTESIAN_POINT('Ctrl Pts',(-209.650544893106,37.4428244652659,-41.));
#12823=CARTESIAN_POINT('',(-208.481927335326,21.1262328148753,-43.5));
#12824=CARTESIAN_POINT('Ctrl Pts',(-221.127727542845,20.6662505557607,-46.));
#12825=CARTESIAN_POINT('Ctrl Pts',(-221.127727542845,20.6662505557607,-41.));
#12826=CARTESIAN_POINT('Ctrl Pts',(-212.400314517943,18.2793678246409,-46.));
#12827=CARTESIAN_POINT('Ctrl Pts',(-212.400314517943,18.2793678246409,-41.));
#12828=CARTESIAN_POINT('Ctrl Pts',(-212.400314517943,18.2793678246409,-46.));
#12829=CARTESIAN_POINT('Ctrl Pts',(-212.400314517943,18.2793678246409,-41.));
#12830=CARTESIAN_POINT('Ctrl Pts',(-208.481927335326,21.1262328148753,-46.));
#12831=CARTESIAN_POINT('Ctrl Pts',(-208.481927335326,21.1262328148753,-41.));
#12832=CARTESIAN_POINT('',(-221.127727542845,20.6662505557607,-43.5));
#12833=CARTESIAN_POINT('Ctrl Pts',(-222.296350785033,36.9828535749664,-46.));
#12834=CARTESIAN_POINT('Ctrl Pts',(-222.296350785033,36.9828535749664,-41.));
#12835=CARTESIAN_POINT('Ctrl Pts',(-229.855140567748,23.0531332868805,-46.));
#12836=CARTESIAN_POINT('Ctrl Pts',(-229.855140567748,23.0531332868805,-41.));
#12837=CARTESIAN_POINT('Ctrl Pts',(-229.855140567748,23.0531332868805,-46.));
#12838=CARTESIAN_POINT('Ctrl Pts',(-229.855140567748,23.0531332868805,-41.));
#12839=CARTESIAN_POINT('Ctrl Pts',(-221.127727542845,20.6662505557607,-46.));
#12840=CARTESIAN_POINT('Ctrl Pts',(-221.127727542845,20.6662505557607,-41.));
#12841=CARTESIAN_POINT('Ctrl Pts',(-211.542742057006,6.19790423007711,-46.));
#12842=CARTESIAN_POINT('Ctrl Pts',(-211.542742057006,6.19790423007711,-41.));
#12843=CARTESIAN_POINT('Ctrl Pts',(-212.205526924356,-3.76482719082134,
-46.));
#12844=CARTESIAN_POINT('Ctrl Pts',(-212.205526924356,-3.76482719082134,
-41.));
#12845=CARTESIAN_POINT('Ctrl Pts',(-212.205526924356,-3.76482719082135,
-46.));
#12846=CARTESIAN_POINT('Ctrl Pts',(-212.205526924356,-3.76482719082135,
-41.));
#12847=CARTESIAN_POINT('Ctrl Pts',(-197.734008699258,-8.80962520514426,
-46.));
#12848=CARTESIAN_POINT('Ctrl Pts',(-197.734008699258,-8.80962520514426,
-41.));
#12849=CARTESIAN_POINT('',(-211.542742057006,6.19790423007711,-43.5));
#12850=CARTESIAN_POINT('',(-197.734008699258,-8.80962520514427,-43.5));
#12851=CARTESIAN_POINT('Ctrl Pts',(-206.771113932006,19.1458761742503,-46.));
#12852=CARTESIAN_POINT('Ctrl Pts',(-206.771113932006,19.1458761742503,-41.));
#12853=CARTESIAN_POINT('Ctrl Pts',(-210.879957189655,16.1606413353831,-46.));
#12854=CARTESIAN_POINT('Ctrl Pts',(-210.879957189655,16.1606413353831,-41.));
#12855=CARTESIAN_POINT('Ctrl Pts',(-210.879957189655,16.1606413353831,-46.));
#12856=CARTESIAN_POINT('Ctrl Pts',(-210.879957189655,16.1606413353831,-41.));
#12857=CARTESIAN_POINT('Ctrl Pts',(-211.542742057006,6.19790423007711,-46.));
#12858=CARTESIAN_POINT('Ctrl Pts',(-211.542742057006,6.19790423007711,-41.));
#12859=CARTESIAN_POINT('',(-206.771113932006,19.1458761742503,-43.5));
#12860=CARTESIAN_POINT('Ctrl Pts',(-192.962380574258,20.6033355329742,-46.));
#12861=CARTESIAN_POINT('Ctrl Pts',(-192.962380574258,20.6033355329742,-41.));
#12862=CARTESIAN_POINT('Ctrl Pts',(-202.662264989948,22.1311110131175,-46.));
#12863=CARTESIAN_POINT('Ctrl Pts',(-202.662264989948,22.1311110131175,-41.));
#12864=CARTESIAN_POINT('Ctrl Pts',(-202.662264989948,22.1311110131175,-46.));
#12865=CARTESIAN_POINT('Ctrl Pts',(-202.662264989948,22.1311110131175,-41.));
#12866=CARTESIAN_POINT('Ctrl Pts',(-206.771113932006,19.1458761742503,-46.));
#12867=CARTESIAN_POINT('Ctrl Pts',(-206.771113932006,19.1458761742503,-41.));
#12868=CARTESIAN_POINT('',(-192.962380574258,20.6033355329742,-41.));
#12869=CARTESIAN_POINT('',(-192.962380574258,20.6033355329742,-43.5));
#12870=CARTESIAN_POINT('Ctrl Pts',(-194.087663992567,20.7803357050454,-41.));
#12871=CARTESIAN_POINT('Ctrl Pts',(-193.727690928375,20.7238753604209,-41.));
#12872=CARTESIAN_POINT('Ctrl Pts',(-193.352896821235,20.6648436006131,-41.));
#12873=CARTESIAN_POINT('Ctrl Pts',(-192.962380574258,20.6033355329742,-41.));
#12874=CARTESIAN_POINT('Ctrl Pts',(-183.262490474161,2.6105712588857,-46.));
#12875=CARTESIAN_POINT('Ctrl Pts',(-183.262490474161,2.6105712588857,-41.));
#12876=CARTESIAN_POINT('Ctrl Pts',(-183.262490474161,19.075560052831,-46.));
#12877=CARTESIAN_POINT('Ctrl Pts',(-183.262490474161,19.075560052831,-41.));
#12878=CARTESIAN_POINT('Ctrl Pts',(-183.262490474161,19.075560052831,-46.));
#12879=CARTESIAN_POINT('Ctrl Pts',(-183.262490474161,19.075560052831,-41.));
#12880=CARTESIAN_POINT('Ctrl Pts',(-192.962380574258,20.6033355329742,-46.));
#12881=CARTESIAN_POINT('Ctrl Pts',(-192.962380574258,20.6033355329742,-41.));
#12882=CARTESIAN_POINT('',(-183.262490474161,2.6105712588857,-41.));
#12883=CARTESIAN_POINT('',(-183.262490474161,2.6105712588857,-43.5));
#12884=CARTESIAN_POINT('Ctrl Pts',(-192.962380574258,20.6033355329742,-41.));
#12885=CARTESIAN_POINT('Ctrl Pts',(-183.262490474161,19.075560052831,-41.));
#12886=CARTESIAN_POINT('Ctrl Pts',(-183.262490474161,19.075560052831,-41.));
#12887=CARTESIAN_POINT('Ctrl Pts',(-183.262490474161,2.6105712588857,-41.));
#12888=CARTESIAN_POINT('Origin',(-194.738470650768,2.27362370779335,-43.5));
#12889=CARTESIAN_POINT('Origin',(-194.738470650768,2.27362370779335,-41.));
#12890=CARTESIAN_POINT('Ctrl Pts',(-207.633393082396,39.4826172712555,-46.));
#12891=CARTESIAN_POINT('Ctrl Pts',(-207.633393082396,39.4826172712555,-41.));
#12892=CARTESIAN_POINT('Ctrl Pts',(-202.040373750528,24.6730302758128,-46.));
#12893=CARTESIAN_POINT('Ctrl Pts',(-202.040373750528,24.6730302758128,-41.));
#12894=CARTESIAN_POINT('Ctrl Pts',(-202.040373750528,24.6730302758128,-46.));
#12895=CARTESIAN_POINT('Ctrl Pts',(-202.040373750528,24.6730302758128,-41.));
#12896=CARTESIAN_POINT('Ctrl Pts',(-192.651432112344,23.1942430199534,-46.));
#12897=CARTESIAN_POINT('Ctrl Pts',(-192.651432112344,23.1942430199534,-41.));
#12898=CARTESIAN_POINT('',(-207.633393082396,39.4826172712555,-43.5));
#12899=CARTESIAN_POINT('',(-192.651432112344,23.1942430199534,-41.));
#12900=CARTESIAN_POINT('Ctrl Pts',(-192.651432112344,23.1942430199534,-41.));
#12901=CARTESIAN_POINT('Ctrl Pts',(-193.156576079778,23.2738047522767,-41.));
#12902=CARTESIAN_POINT('Ctrl Pts',(-193.634542284514,23.3490859031808,-41.));
#12903=CARTESIAN_POINT('Ctrl Pts',(-194.087663992567,23.4226231973423,-41.));
#12904=CARTESIAN_POINT('',(-192.651432112344,23.1942430199534,-43.5));
#12905=CARTESIAN_POINT('Ctrl Pts',(-198.253438492552,55.0329394148102,-46.));
#12906=CARTESIAN_POINT('Ctrl Pts',(-198.253438492552,55.0329394148102,-41.));
#12907=CARTESIAN_POINT('Ctrl Pts',(-213.244386510944,55.0329394148102,-46.));
#12908=CARTESIAN_POINT('Ctrl Pts',(-213.244386510944,55.0329394148102,-41.));
#12909=CARTESIAN_POINT('Ctrl Pts',(-213.244386510944,55.0329394148102,-46.));
#12910=CARTESIAN_POINT('Ctrl Pts',(-213.244386510944,55.0329394148102,-41.));
#12911=CARTESIAN_POINT('Ctrl Pts',(-207.633393082396,39.4826172712555,-46.));
#12912=CARTESIAN_POINT('Ctrl Pts',(-207.633393082396,39.4826172712555,-41.));
#12913=CARTESIAN_POINT('',(-198.253438492552,55.0329394148102,-43.5));
#12914=CARTESIAN_POINT('Ctrl Pts',(-183.262490474161,38.3741919050446,-46.));
#12915=CARTESIAN_POINT('Ctrl Pts',(-183.262490474161,38.3741919050446,-41.));
#12916=CARTESIAN_POINT('Ctrl Pts',(-183.262490474161,55.0329394148102,-46.));
#12917=CARTESIAN_POINT('Ctrl Pts',(-183.262490474161,55.0329394148102,-41.));
#12918=CARTESIAN_POINT('Ctrl Pts',(-183.262490474161,55.0329394148102,-46.));
#12919=CARTESIAN_POINT('Ctrl Pts',(-183.262490474161,55.0329394148102,-41.));
#12920=CARTESIAN_POINT('Ctrl Pts',(-198.253438492552,55.0329394148102,-46.));
#12921=CARTESIAN_POINT('Ctrl Pts',(-198.253438492552,55.0329394148102,-41.));
#12922=CARTESIAN_POINT('',(-183.262490474161,38.3741919050446,-41.));
#12923=CARTESIAN_POINT('',(-183.262490474161,38.3741919050446,-43.5));
#12924=CARTESIAN_POINT('Ctrl Pts',(-194.087663992567,55.0148192180711,-41.));
#12925=CARTESIAN_POINT('Ctrl Pts',(-183.26249047416,54.8567461156191,-41.));
#12926=CARTESIAN_POINT('Ctrl Pts',(-183.262490474161,53.3197086410562,-41.));
#12927=CARTESIAN_POINT('Ctrl Pts',(-183.262490474161,38.3741919050446,-41.));
#12928=CARTESIAN_POINT('Ctrl Pts',(-192.651432112344,23.1942430199534,-46.));
#12929=CARTESIAN_POINT('Ctrl Pts',(-192.651432112344,23.1942430199534,-41.));
#12930=CARTESIAN_POINT('Ctrl Pts',(-183.262490474161,21.7154443952789,-46.));
#12931=CARTESIAN_POINT('Ctrl Pts',(-183.262490474161,21.7154443952789,-41.));
#12932=CARTESIAN_POINT('Ctrl Pts',(-183.262490474161,21.7154443952789,-46.));
#12933=CARTESIAN_POINT('Ctrl Pts',(-183.262490474161,21.7154443952789,-41.));
#12934=CARTESIAN_POINT('Ctrl Pts',(-183.262490474161,38.3741919050446,-46.));
#12935=CARTESIAN_POINT('Ctrl Pts',(-183.262490474161,38.3741919050446,-41.));
#12936=CARTESIAN_POINT('Ctrl Pts',(-183.262490474161,38.3741919050446,-41.));
#12937=CARTESIAN_POINT('Ctrl Pts',(-183.262490474161,21.7154443952789,-41.));
#12938=CARTESIAN_POINT('Ctrl Pts',(-183.262490474161,21.7154443952789,-41.));
#12939=CARTESIAN_POINT('Ctrl Pts',(-192.651432112344,23.1942430199534,-41.));
#12940=CARTESIAN_POINT('Ctrl Pts',(-234.360252402465,8.78673690829975,-46.));
#12941=CARTESIAN_POINT('Ctrl Pts',(-234.360252402465,8.78673690829975,-41.));
#12942=CARTESIAN_POINT('Ctrl Pts',(-233.784899407673,21.1289158552399,-46.));
#12943=CARTESIAN_POINT('Ctrl Pts',(-233.784899407673,21.1289158552399,-41.));
#12944=CARTESIAN_POINT('Ctrl Pts',(-235.452437416299,21.6776999291331,-46.));
#12945=CARTESIAN_POINT('Ctrl Pts',(-235.452437416299,21.6776999291331,-41.));
#12946=CARTESIAN_POINT('Ctrl Pts',(-246.548645387491,17.7177938337555,-46.));
#12947=CARTESIAN_POINT('Ctrl Pts',(-246.548645387491,17.7177938337555,-41.));
#12948=CARTESIAN_POINT('',(-234.360252402465,8.78673690829975,-43.5));
#12949=CARTESIAN_POINT('',(-246.548645387491,17.7177938337555,-43.5));
#12950=CARTESIAN_POINT('Ctrl Pts',(-246.964312005329,4.94197417229715,-46.));
#12951=CARTESIAN_POINT('Ctrl Pts',(-246.964312005329,4.94197417229715,-41.));
#12952=CARTESIAN_POINT('Ctrl Pts',(-236.283767809773,-3.87392802496848,
-46.));
#12953=CARTESIAN_POINT('Ctrl Pts',(-236.283767809773,-3.87392802496848,
-41.));
#12954=CARTESIAN_POINT('Ctrl Pts',(-236.283767809773,-3.87392802496848,
-46.));
#12955=CARTESIAN_POINT('Ctrl Pts',(-236.283767809773,-3.87392802496848,
-41.));
#12956=CARTESIAN_POINT('Ctrl Pts',(-234.360252402465,8.78673690829975,-46.));
#12957=CARTESIAN_POINT('Ctrl Pts',(-234.360252402465,8.78673690829975,-41.));
#12958=CARTESIAN_POINT('',(-246.964312005329,4.94197417229715,-43.5));
#12959=CARTESIAN_POINT('Ctrl Pts',(-246.548645387491,17.7177938337555,-46.));
#12960=CARTESIAN_POINT('Ctrl Pts',(-246.548645387491,17.7177938337555,-41.));
#12961=CARTESIAN_POINT('Ctrl Pts',(-257.644854779784,13.7578763695628,-46.));
#12962=CARTESIAN_POINT('Ctrl Pts',(-257.644854779784,13.7578763695628,-41.));
#12963=CARTESIAN_POINT('Ctrl Pts',(-257.644854779784,13.7578763695628,-46.));
#12964=CARTESIAN_POINT('Ctrl Pts',(-257.644854779784,13.7578763695628,-41.));
#12965=CARTESIAN_POINT('Ctrl Pts',(-246.964312005329,4.94197417229715,-46.));
#12966=CARTESIAN_POINT('Ctrl Pts',(-246.964312005329,4.94197417229715,-41.));
#12967=CARTESIAN_POINT('Ctrl Pts',(-243.307924851195,-26.461347763738,-46.));
#12968=CARTESIAN_POINT('Ctrl Pts',(-243.307924851195,-26.461347763738,-41.));
#12969=CARTESIAN_POINT('Ctrl Pts',(-249.356232542642,-18.4668367733409,
-46.));
#12970=CARTESIAN_POINT('Ctrl Pts',(-249.356232542642,-18.4668367733409,
-41.));
#12971=CARTESIAN_POINT('Ctrl Pts',(-249.356232542642,-18.4668367733409,
-46.));
#12972=CARTESIAN_POINT('Ctrl Pts',(-249.356232542642,-18.4668367733409,
-41.));
#12973=CARTESIAN_POINT('Ctrl Pts',(-259.709494841735,-19.3372673641612,
-46.));
#12974=CARTESIAN_POINT('Ctrl Pts',(-259.709494841735,-19.3372673641612,
-41.));
#12975=CARTESIAN_POINT('',(-243.307924851195,-26.461347763738,-43.5));
#12976=CARTESIAN_POINT('',(-259.709494841735,-19.3372673641612,-43.5));
#12977=CARTESIAN_POINT('Ctrl Pts',(-238.514448705769,-38.0082326188813,
-46.));
#12978=CARTESIAN_POINT('Ctrl Pts',(-238.514448705769,-38.0082326188813,
-41.));
#12979=CARTESIAN_POINT('Ctrl Pts',(-237.259615738646,-34.4558644385427,
-46.));
#12980=CARTESIAN_POINT('Ctrl Pts',(-237.259615738646,-34.4558644385427,
-41.));
#12981=CARTESIAN_POINT('Ctrl Pts',(-237.259615738646,-34.4558644385427,
-46.));
#12982=CARTESIAN_POINT('Ctrl Pts',(-237.259615738646,-34.4558644385427,
-41.));
#12983=CARTESIAN_POINT('Ctrl Pts',(-243.307924851195,-26.461347763738,-46.));
#12984=CARTESIAN_POINT('Ctrl Pts',(-243.307924851195,-26.461347763738,-41.));
#12985=CARTESIAN_POINT('',(-238.514448705769,-38.0082326188813,-43.5));
#12986=CARTESIAN_POINT('Ctrl Pts',(-254.916019406859,-38.7785210018565,
-46.));
#12987=CARTESIAN_POINT('Ctrl Pts',(-254.916019406859,-38.7785210018565,
-41.));
#12988=CARTESIAN_POINT('Ctrl Pts',(-239.769281672891,-41.5606007992198,
-46.));
#12989=CARTESIAN_POINT('Ctrl Pts',(-239.769281672891,-41.5606007992198,
-41.));
#12990=CARTESIAN_POINT('Ctrl Pts',(-239.769281672891,-41.5606007992198,
-46.));
#12991=CARTESIAN_POINT('Ctrl Pts',(-239.769281672891,-41.5606007992198,
-41.));
#12992=CARTESIAN_POINT('Ctrl Pts',(-238.514448705769,-38.0082326188813,
-46.));
#12993=CARTESIAN_POINT('Ctrl Pts',(-238.514448705769,-38.0082326188813,
-41.));
#12994=CARTESIAN_POINT('',(-254.916019406859,-38.7785210018565,-43.5));
#12995=CARTESIAN_POINT('Ctrl Pts',(-270.062757140827,-28.1020724219411,
-46.));
#12996=CARTESIAN_POINT('Ctrl Pts',(-270.062757140827,-28.1020724219411,
-41.));
#12997=CARTESIAN_POINT('Ctrl Pts',(-270.062757140827,-35.9964412044932,
-46.));
#12998=CARTESIAN_POINT('Ctrl Pts',(-270.062757140827,-35.9964412044932,
-41.));
#12999=CARTESIAN_POINT('Ctrl Pts',(-270.062757140827,-35.9964412044932,
-46.));
#13000=CARTESIAN_POINT('Ctrl Pts',(-270.062757140827,-35.9964412044932,
-41.));
#13001=CARTESIAN_POINT('Ctrl Pts',(-254.916019406859,-38.7785210018565,
-46.));
#13002=CARTESIAN_POINT('Ctrl Pts',(-254.916019406859,-38.7785210018565,
-41.));
#13003=CARTESIAN_POINT('',(-270.062757140827,-28.1020724219411,-43.5));
#13004=CARTESIAN_POINT('Ctrl Pts',(-259.709494841735,-19.3372673641612,
-46.));
#13005=CARTESIAN_POINT('Ctrl Pts',(-259.709494841735,-19.3372673641612,
-41.));
#13006=CARTESIAN_POINT('Ctrl Pts',(-270.062757140827,-20.2076979549815,
-46.));
#13007=CARTESIAN_POINT('Ctrl Pts',(-270.062757140827,-20.2076979549815,
-41.));
#13008=CARTESIAN_POINT('Ctrl Pts',(-270.062757140827,-20.2076979549815,
-46.));
#13009=CARTESIAN_POINT('Ctrl Pts',(-270.062757140827,-20.2076979549815,
-41.));
#13010=CARTESIAN_POINT('Ctrl Pts',(-270.062757140827,-28.1020724219411,
-46.));
#13011=CARTESIAN_POINT('Ctrl Pts',(-270.062757140827,-28.1020724219411,
-41.));
#13012=CARTESIAN_POINT('Ctrl Pts',(-235.211739705118,-69.7024967444509,
-46.));
#13013=CARTESIAN_POINT('Ctrl Pts',(-235.211739705118,-69.7024967444509,
-41.));
#13014=CARTESIAN_POINT('Ctrl Pts',(-241.158135916869,-59.208332903712,-46.));
#13015=CARTESIAN_POINT('Ctrl Pts',(-241.158135916869,-59.208332903712,-41.));
#13016=CARTESIAN_POINT('Ctrl Pts',(-241.158135916869,-59.208332903712,-46.));
#13017=CARTESIAN_POINT('Ctrl Pts',(-241.158135916869,-59.208332903712,-41.));
#13018=CARTESIAN_POINT('Ctrl Pts',(-255.610446528848,-59.7038299201101,
-46.));
#13019=CARTESIAN_POINT('Ctrl Pts',(-255.610446528848,-59.7038299201101,
-41.));
#13020=CARTESIAN_POINT('',(-235.211739705118,-69.7024967444509,-43.5));
#13021=CARTESIAN_POINT('',(-255.610446528848,-59.7038299201101,-43.5));
#13022=CARTESIAN_POINT('Ctrl Pts',(-249.664050317097,-80.1966605851899,
-46.));
#13023=CARTESIAN_POINT('Ctrl Pts',(-249.664050317097,-80.1966605851899,
-41.));
#13024=CARTESIAN_POINT('Ctrl Pts',(-229.265343493366,-80.1966605851899,
-46.));
#13025=CARTESIAN_POINT('Ctrl Pts',(-229.265343493366,-80.1966605851899,
-41.));
#13026=CARTESIAN_POINT('Ctrl Pts',(-229.265343493366,-80.1966605851899,
-46.));
#13027=CARTESIAN_POINT('Ctrl Pts',(-229.265343493366,-80.1966605851899,
-41.));
#13028=CARTESIAN_POINT('Ctrl Pts',(-235.211739705118,-69.7024967444509,
-46.));
#13029=CARTESIAN_POINT('Ctrl Pts',(-235.211739705118,-69.7024967444509,
-41.));
#13030=CARTESIAN_POINT('',(-249.664050317097,-80.1966605851899,-43.5));
#13031=CARTESIAN_POINT('Ctrl Pts',(-270.062757140827,-70.1979930502981,
-46.));
#13032=CARTESIAN_POINT('Ctrl Pts',(-270.062757140827,-70.1979930502981,
-41.));
#13033=CARTESIAN_POINT('Ctrl Pts',(-270.062757140827,-80.1966605851899,
-46.));
#13034=CARTESIAN_POINT('Ctrl Pts',(-270.062757140827,-80.1966605851899,
-41.));
#13035=CARTESIAN_POINT('Ctrl Pts',(-270.062757140827,-80.1966605851899,
-46.));
#13036=CARTESIAN_POINT('Ctrl Pts',(-270.062757140827,-80.1966605851899,
-41.));
#13037=CARTESIAN_POINT('Ctrl Pts',(-249.664050317097,-80.1966605851899,
-46.));
#13038=CARTESIAN_POINT('Ctrl Pts',(-249.664050317097,-80.1966605851899,
-41.));
#13039=CARTESIAN_POINT('',(-270.062757140827,-70.1979930502981,-43.5));
#13040=CARTESIAN_POINT('Ctrl Pts',(-255.610446528848,-59.7038299201101,
-46.));
#13041=CARTESIAN_POINT('Ctrl Pts',(-255.610446528848,-59.7038299201101,
-41.));
#13042=CARTESIAN_POINT('Ctrl Pts',(-270.062757140827,-60.1993255154063,
-46.));
#13043=CARTESIAN_POINT('Ctrl Pts',(-270.062757140827,-60.1993255154063,
-41.));
#13044=CARTESIAN_POINT('Ctrl Pts',(-270.062757140827,-60.1993255154063,
-46.));
#13045=CARTESIAN_POINT('Ctrl Pts',(-270.062757140827,-60.1993255154063,
-41.));
#13046=CARTESIAN_POINT('Ctrl Pts',(-270.062757140827,-70.1979930502981,
-46.));
#13047=CARTESIAN_POINT('Ctrl Pts',(-270.062757140827,-70.1979930502981,
-41.));
#13048=CARTESIAN_POINT('Origin',(-186.963293997238,-12.842314411064,-43.5));
#13049=CARTESIAN_POINT('',(-188.213293997238,-12.842314411064,-43.5));
#13050=CARTESIAN_POINT('Origin',(-274.018276244789,-25.3423144107303,-43.5));
#13051=CARTESIAN_POINT('',(-279.018276244655,-25.3422778777727,-41.1302194862086));
#13052=CARTESIAN_POINT('',(-274.018276244789,-25.3423144107303,-41.1302194862086));
#13053=CARTESIAN_POINT('',(-279.018276244655,-25.3422778777727,-41.));
#13054=CARTESIAN_POINT('Origin',(-274.018276244789,-25.3423144107303,-41.1302194862086));
#13055=CARTESIAN_POINT('',(-279.018093579867,-0.342277878440025,-41.1302194862086));
#13056=CARTESIAN_POINT('',(-274.018093580001,-0.342314411397617,-41.1302194862086));
#13057=CARTESIAN_POINT('',(-279.018276244655,-25.3422778777727,-41.1302194862086));
#13058=CARTESIAN_POINT('Origin',(-274.018276244789,-25.3423144107303,-41.1302194862086));
#13059=CARTESIAN_POINT('',(-274.018093580001,-0.342314411397617,-41.1302194862086));
#13060=CARTESIAN_POINT('',(-274.018506173769,-56.8110204446867,-41.1302194862086));
#13061=CARTESIAN_POINT('',(-274.018093580001,-0.342314411397617,-41.1302194862086));
#13062=CARTESIAN_POINT('Origin',(-274.018093580001,-0.342314411397617,-41.1302194862086));
#13063=CARTESIAN_POINT('',(-279.018093579867,-0.342277878440025,-41.));
#13064=CARTESIAN_POINT('Origin',(-274.018093580001,-0.342314411397617,-41.1302194862086));
#13065=CARTESIAN_POINT('',(-274.018093580001,-0.342314411397613,-41.0651097431043));
#13066=CARTESIAN_POINT('Origin',(-279.018184912261,-12.8422778781064,-42.3151097431043));
#13067=CARTESIAN_POINT('Origin',(-274.01873610275,-88.2797264786431,-41.));
#13068=CARTESIAN_POINT('',(-274.01873610275,-88.2797264786431,-41.));
#13069=CARTESIAN_POINT('',(-274.018458678949,-50.3107500821548,-41.));
#13070=CARTESIAN_POINT('',(-274.01763372204,62.5950976565152,-41.));
#13071=CARTESIAN_POINT('Origin',(-224.33873610275,-88.2797264786431,-41.));
#13072=CARTESIAN_POINT('',(-181.33873610275,-88.2797264786431,-41.));
#13073=CARTESIAN_POINT('Origin',(-181.33873610275,57.5950976565152,-41.));
#13074=CARTESIAN_POINT('',(-181.33873610275,62.5950976565152,-41.));
#13075=CARTESIAN_POINT('Origin',(-274.017670254997,62.5950976565152,-41.));
#13076=CARTESIAN_POINT('Origin',(-277.51873610275,7.09509765651517,-43.5));
#13077=CARTESIAN_POINT('',(-279.01873610275,32.0950976565152,-43.5));
#13078=CARTESIAN_POINT('Origin',(-277.51873610275,32.0950976565152,-43.5));
#13079=CARTESIAN_POINT('',(-279.01873610275,7.09509765651517,-43.5));
#13080=CARTESIAN_POINT('',(-279.01873610275,7.09509765651517,-43.5));
#13081=CARTESIAN_POINT('Origin',(-277.51873610275,7.09509765651517,-43.5));
#13082=CARTESIAN_POINT('Origin',(-277.51873610275,32.0950976565152,-43.5));
#13083=CARTESIAN_POINT('Origin',(-277.51873610275,-30.4609023434848,-43.5));
#13084=CARTESIAN_POINT('',(-279.01873610275,-55.4609023434848,-43.5));
#13085=CARTESIAN_POINT('Origin',(-277.51873610275,-55.4609023434848,-43.5));
#13086=CARTESIAN_POINT('',(-279.01873610275,-30.4609023434848,-43.5));
#13087=CARTESIAN_POINT('',(-279.01873610275,-30.4609023434848,-43.5));
#13088=CARTESIAN_POINT('Origin',(-277.51873610275,-30.4609023434848,-43.5));
#13089=CARTESIAN_POINT('Origin',(-277.51873610275,-55.4609023434848,-43.5));
#13090=CARTESIAN_POINT('Origin',(-277.51873610275,-30.4609023434848,-43.5));
#13091=CARTESIAN_POINT('Origin',(-277.51873610275,7.09509765651517,-43.5));
#13092=CARTESIAN_POINT('Origin',(-200.013031777634,-12.342314411064,-41.));
#13093=CARTESIAN_POINT('',(-194.087663992567,-81.619001349032,-41.));
#13094=CARTESIAN_POINT('Origin',(-200.013031777634,-12.342314411064,-41.));
#13095=CARTESIAN_POINT('',(-275.01873610275,-87.7797264786431,-41.));
#13096=CARTESIAN_POINT('',(-120.007327452518,-87.7797264786431,-41.));
#13097=CARTESIAN_POINT('',(-275.01873610275,-81.619001349032,-41.));
#13098=CARTESIAN_POINT('',(-275.01873610275,-46.980657880048,-41.));
#13099=CARTESIAN_POINT('',(-275.01873610275,-81.619001349032,-41.));
#13100=CARTESIAN_POINT('Origin',(-200.013031777634,-12.342314411064,-41.));
#13101=CARTESIAN_POINT('',(-194.087663992567,-81.619001349032,-41.));
#13102=CARTESIAN_POINT('Origin',(-200.013031777634,-12.342314411064,-41.));
#13103=CARTESIAN_POINT('',(-194.087663992567,-81.619001349032,-41.));
#13104=CARTESIAN_POINT('Origin',(-140.089584781572,8.9003411015592,5.));
#13105=CARTESIAN_POINT('',(-141.839584781572,8.9003411015592,5.));
#13106=CARTESIAN_POINT('Origin',(-140.089584781572,8.9003411015592,5.));
#13107=CARTESIAN_POINT('',(-140.262302754548,10.1383509972429,5.));
#13108=CARTESIAN_POINT('',(-139.916930056108,7.6623223836978,5.));
#13109=CARTESIAN_POINT('Origin',(-140.089648029085,8.90033227938155,5.));
#13110=CARTESIAN_POINT('Origin',(-140.089584781572,8.9003411015592,5.));
#13111=CARTESIAN_POINT('Origin',(-140.089584781572,8.9003411015592,7.));
#13112=CARTESIAN_POINT('',(-141.839584781572,8.9003411015592,9.));
#13113=CARTESIAN_POINT('Origin',(-140.089584781572,8.9003411015592,9.));
#13114=CARTESIAN_POINT('',(-141.839584781572,8.9003411015592,7.));
#13115=CARTESIAN_POINT('Origin',(-140.089584781572,8.9003411015592,4.));
#13116=CARTESIAN_POINT('',(-139.916930056108,7.6623223836978,-0.999999999999999));
#13117=CARTESIAN_POINT('',(-139.916930056108,7.6623223836978,4.));
#13118=CARTESIAN_POINT('',(-140.262302754548,10.1383509972429,-0.999999999999999));
#13119=CARTESIAN_POINT('',(-140.262302754548,10.1383509972429,4.));
#13120=CARTESIAN_POINT('',(-138.839648029116,8.9003411015592,-1.00003800295862));
#13121=CARTESIAN_POINT('Ctrl Pts',(-138.839648029116,8.9003411015592,-1.00003800295862));
#13122=CARTESIAN_POINT('Ctrl Pts',(-138.839649136792,9.05728597624573,-1.00003866851778));
#13123=CARTESIAN_POINT('Ctrl Pts',(-138.871014229092,9.22469227639373,-1.00003842485502));
#13124=CARTESIAN_POINT('Ctrl Pts',(-138.998571646646,9.53265345871233,-1.00003585265926));
#13125=CARTESIAN_POINT('Ctrl Pts',(-139.0947639719,9.67320834088305,-1.00003352412809));
#13126=CARTESIAN_POINT('Ctrl Pts',(-139.316713376031,9.89517141206202,-1.00002771739054));
#13127=CARTESIAN_POINT('Ctrl Pts',(-139.457266055241,9.99137399736624,-1.00002385208663));
#13128=CARTESIAN_POINT('Ctrl Pts',(-139.765227434621,10.118950459581,-1.00001503012401));
#13129=CARTESIAN_POINT('Ctrl Pts',(-139.932636134789,10.1503243364922,-1.00001007346856));
#13130=CARTESIAN_POINT('Ctrl Pts',(-140.146157605529,10.1503351402538,-1.00000358191365));
#13131=CARTESIAN_POINT('Ctrl Pts',(-140.204118381684,10.1464654197297,-1.00000180335277));
#13132=CARTESIAN_POINT('Ctrl Pts',(-140.262302754548,10.1383509972429,-0.999999999999997));
#13133=CARTESIAN_POINT('Ctrl Pts',(-139.916930056108,7.6623223836978,-1.));
#13134=CARTESIAN_POINT('Ctrl Pts',(-139.813673596472,7.676727960315,-1.00000320032923));
#13135=CARTESIAN_POINT('Ctrl Pts',(-139.70974019234,7.70469973693826,-1.00000647879088));
#13136=CARTESIAN_POINT('Ctrl Pts',(-139.457258700538,7.80929450852398,-1.0000145984834));
#13137=CARTESIAN_POINT('Ctrl Pts',(-139.316704922597,7.90549938524006,-1.00001927973877));
#13138=CARTESIAN_POINT('Ctrl Pts',(-139.09475564631,8.12746675950407,-1.00002696905685));
#13139=CARTESIAN_POINT('Ctrl Pts',(-138.998564355977,8.26802345464386,-1.00003048969982));
#13140=CARTESIAN_POINT('Ctrl Pts',(-138.871009993539,8.57598775594406,-1.00003567387094));
#13141=CARTESIAN_POINT('Ctrl Pts',(-138.839648029087,8.74338653990661,-1.0000373373247));
#13142=CARTESIAN_POINT('Ctrl Pts',(-138.839648029085,8.90033227936502,-1.0000380029212));
#13143=CARTESIAN_POINT('Origin',(-201.089637731079,-69.0996870876771,5.));
#13144=CARTESIAN_POINT('',(-202.839637731079,-69.0996870876771,5.));
#13145=CARTESIAN_POINT('Origin',(-201.089637731079,-69.0996870876771,5.));
#13146=CARTESIAN_POINT('',(-199.985966818521,-68.5128220974323,5.));
#13147=CARTESIAN_POINT('',(-202.193318941641,-69.686532710862,5.));
#13148=CARTESIAN_POINT('Origin',(-201.089648029084,-69.0996677206172,5.));
#13149=CARTESIAN_POINT('Origin',(-201.089637731079,-69.0996870876771,5.));
#13150=CARTESIAN_POINT('Origin',(-201.089637731079,-69.0996870876771,7.));
#13151=CARTESIAN_POINT('',(-202.839637731079,-69.0996870876771,9.));
#13152=CARTESIAN_POINT('Origin',(-201.089637731079,-69.0996870876771,9.));
#13153=CARTESIAN_POINT('',(-202.839637731079,-69.0996870876771,7.));
#13154=CARTESIAN_POINT('Origin',(-201.089637731079,-69.0996870876771,4.));
#13155=CARTESIAN_POINT('',(-202.193318941641,-69.686532710862,-0.999999999999999));
#13156=CARTESIAN_POINT('',(-202.193318941641,-69.686532710862,4.));
#13157=CARTESIAN_POINT('',(-199.985966818521,-68.5128220974323,-0.999999999999999));
#13158=CARTESIAN_POINT('',(-199.985966818521,-68.5128220974323,4.));
#13159=CARTESIAN_POINT('',(-199.839648029084,-69.0996677205907,-1.00000618757566));
#13160=CARTESIAN_POINT('Ctrl Pts',(-199.839648029084,-69.0996677205641,
-1.00000618757566));
#13161=CARTESIAN_POINT('Ctrl Pts',(-199.839648029091,-68.9427207943478,
-1.00000472646262));
#13162=CARTESIAN_POINT('Ctrl Pts',(-199.871012569376,-68.7753135914568,
-1.00000301271337));
#13163=CARTESIAN_POINT('Ctrl Pts',(-199.950112586682,-68.5843405402958,
-1.00000084328616));
#13164=CARTESIAN_POINT('Ctrl Pts',(-199.967220377691,-68.5480785493709,
-1.00000042101812));
#13165=CARTESIAN_POINT('Ctrl Pts',(-199.985966818521,-68.5128220974323,
-1.00000000000001));
#13166=CARTESIAN_POINT('Ctrl Pts',(-202.193318941641,-69.686532710862,-1.));
#13167=CARTESIAN_POINT('Ctrl Pts',(-202.134022793566,-69.7980463212243,
-1.00000133166231));
#13168=CARTESIAN_POINT('Ctrl Pts',(-202.057844203739,-69.8992413288503,
-1.00000265083738));
#13169=CARTESIAN_POINT('Ctrl Pts',(-201.862533691436,-70.0945452862115,
-1.00000543585127));
#13170=CARTESIAN_POINT('Ctrl Pts',(-201.721974111767,-70.1907421884108,
-1.00000702720076));
#13171=CARTESIAN_POINT('Ctrl Pts',(-201.414001633486,-70.3183040521054,
-1.00000973927574));
#13172=CARTESIAN_POINT('Ctrl Pts',(-201.246588734876,-70.3496690136006,
-1.00001086000081));
#13173=CARTESIAN_POINT('Ctrl Pts',(-200.932687736708,-70.3496664275573,
-1.00001241385238));
#13174=CARTESIAN_POINT('Ctrl Pts',(-200.765276362616,-70.3182991078434,
-1.00001295055558));
#13175=CARTESIAN_POINT('Ctrl Pts',(-200.457307525178,-70.1907336778625,
-1.00001328747476));
#13176=CARTESIAN_POINT('Ctrl Pts',(-200.316750061831,-70.0945355675954,
-1.00001308769067));
#13177=CARTESIAN_POINT('Ctrl Pts',(-200.094787667974,-69.8725754511665,
-1.00001212007495));
#13178=CARTESIAN_POINT('Ctrl Pts',(-199.998587848017,-69.732018354921,-1.00001128774368));
#13179=CARTESIAN_POINT('Ctrl Pts',(-199.871019244516,-69.4240494846497,
-1.00000905215167));
#13180=CARTESIAN_POINT('Ctrl Pts',(-199.839650460972,-69.2566377106238,
-1.00000764889138));
#13181=CARTESIAN_POINT('Ctrl Pts',(-199.839648029234,-69.0996870876771,
-1.00000618775596));
#13182=CARTESIAN_POINT('Ctrl Pts',(-199.839648029134,-69.0996806319905,
-1.00000618769586));
#13183=CARTESIAN_POINT('Ctrl Pts',(-199.839648029084,-69.0996741762861,
-1.00000618763575));
#13184=CARTESIAN_POINT('Ctrl Pts',(-199.839648029084,-69.0996677205641,
-1.00000618757565));
#13185=CARTESIAN_POINT('Origin',(-262.44255198658,-46.0962094791957,5.));
#13186=CARTESIAN_POINT('',(-264.19255198658,-46.0962094791957,5.));
#13187=CARTESIAN_POINT('Origin',(-262.44255198658,-46.0962094791957,5.));
#13188=CARTESIAN_POINT('',(-261.194114747883,-46.0337237925566,5.));
#13189=CARTESIAN_POINT('',(-263.691773572786,-46.127422663175,5.));
#13190=CARTESIAN_POINT('Origin',(-262.442554954141,-46.0961501603745,5.));
#13191=CARTESIAN_POINT('Origin',(-262.44255198658,-46.0962094791957,5.));
#13192=CARTESIAN_POINT('Origin',(-262.44255198658,-46.0962094791957,7.));
#13193=CARTESIAN_POINT('',(-264.19255198658,-46.0962094791957,9.));
#13194=CARTESIAN_POINT('Origin',(-262.44255198658,-46.0962094791957,9.));
#13195=CARTESIAN_POINT('',(-264.19255198658,-46.0962094791957,7.));
#13196=CARTESIAN_POINT('Origin',(-262.44255198658,-46.0962094791957,4.));
#13197=CARTESIAN_POINT('',(-263.690992192838,-46.1586358470136,-0.999999999999999));
#13198=CARTESIAN_POINT('',(-263.690992192838,-46.1586358470136,4.));
#13199=CARTESIAN_POINT('',(-261.193329912478,-46.0651645030257,-1.0000008976171));
#13200=CARTESIAN_POINT('',(-261.194114747883,-46.0337237925566,4.));
#13201=CARTESIAN_POINT('Ctrl Pts',(-263.690992192838,-46.1586358470136,
-1.));
#13202=CARTESIAN_POINT('Ctrl Pts',(-263.684067626525,-46.2969857141956,
-1.00000395476851));
#13203=CARTESIAN_POINT('Ctrl Pts',(-263.652782942313,-46.4408243856634,
-1.00000810082673));
#13204=CARTESIAN_POINT('Ctrl Pts',(-263.533595658232,-46.728534297764,-1.00001647470225));
#13205=CARTESIAN_POINT('Ctrl Pts',(-263.437391772258,-46.8690881148335,
-1.00002061977678));
#13206=CARTESIAN_POINT('Ctrl Pts',(-263.215425854212,-47.0910383916801,
-1.00002726527931));
#13207=CARTESIAN_POINT('Ctrl Pts',(-263.074869515953,-47.1872305356013,
-1.00003020870702));
#13208=CARTESIAN_POINT('Ctrl Pts',(-262.76690554082,-47.3147866062456,-1.00003428530199));
#13209=CARTESIAN_POINT('Ctrl Pts',(-262.599497903946,-47.3461505329682,
-1.00003541846676));
#13210=CARTESIAN_POINT('Ctrl Pts',(-262.2856063601,-47.3461497877744,-1.00003586622438));
#13211=CARTESIAN_POINT('Ctrl Pts',(-262.118199162537,-47.3147851815069,
-1.00003521066698));
#13212=CARTESIAN_POINT('Ctrl Pts',(-261.810236236555,-47.1872280831956,
-1.00003201267732));
#13213=CARTESIAN_POINT('Ctrl Pts',(-261.669680508135,-47.091035591152,-1.0000294702471));
#13214=CARTESIAN_POINT('Ctrl Pts',(-261.447716037541,-46.8690852713038,
-1.00002345799779));
#13215=CARTESIAN_POINT('Ctrl Pts',(-261.351512922341,-46.7285318238218,
-1.00001958738827));
#13216=CARTESIAN_POINT('Ctrl Pts',(-261.223936105369,-46.420568693811,-1.00001098797586));
#13217=CARTESIAN_POINT('Ctrl Pts',(-261.192562403597,-46.2531590112823,
-1.00000625917551));
#13218=CARTESIAN_POINT('Ctrl Pts',(-261.192554955548,-46.0962094791957,
-1.00000178393618));
#13219=CARTESIAN_POINT('Origin',(-213.442596515994,11.9039270187391,5.));
#13220=CARTESIAN_POINT('',(-215.192596515994,11.9039270187391,5.));
#13221=CARTESIAN_POINT('Origin',(-213.442596515994,11.9039270187391,5.));
#13222=CARTESIAN_POINT('',(-214.543141585126,11.3112208935722,5.));
#13223=CARTESIAN_POINT('',(-212.192554954142,11.9038498396246,5.));
#13224=CARTESIAN_POINT('Origin',(-213.442554954142,11.9038498396246,5.));
#13225=CARTESIAN_POINT('',(-212.34200988501,12.4965559647915,5.));
#13226=CARTESIAN_POINT('Origin',(-213.442596515994,11.9039270187391,5.));
#13227=CARTESIAN_POINT('Origin',(-213.442554954142,11.9038498396246,5.));
#13228=CARTESIAN_POINT('Origin',(-213.442596515994,11.9039270187391,7.));
#13229=CARTESIAN_POINT('',(-215.192596515994,11.9039270187391,9.));
#13230=CARTESIAN_POINT('Origin',(-213.442596515994,11.9039270187391,9.));
#13231=CARTESIAN_POINT('',(-215.192596515994,11.9039270187391,7.));
#13232=CARTESIAN_POINT('Origin',(-213.442596515994,11.9039270187391,4.));
#13233=CARTESIAN_POINT('',(-212.34200988501,12.4965559647915,-0.999999999999999));
#13234=CARTESIAN_POINT('',(-212.34200988501,12.4965559647915,4.));
#13235=CARTESIAN_POINT('',(-214.543141585126,11.3112208935722,-0.999999999999999));
#13236=CARTESIAN_POINT('',(-214.543141585126,11.3112208935722,4.));
#13237=CARTESIAN_POINT('Ctrl Pts',(-212.34200988501,12.4965559647915,-1.));
#13238=CARTESIAN_POINT('Ctrl Pts',(-212.400839991277,12.6057925335045,-1.00000522790552));
#13239=CARTESIAN_POINT('Ctrl Pts',(-212.475859572459,12.7049325391218,-1.00001040473292));
#13240=CARTESIAN_POINT('Ctrl Pts',(-212.669715669947,12.8987625956799,-1.00002146879505));
#13241=CARTESIAN_POINT('Ctrl Pts',(-212.810274861369,12.9949501564523,-1.00002784561884));
#13242=CARTESIAN_POINT('Ctrl Pts',(-213.118242436606,13.1224963872613,-1.00003873062319));
#13243=CARTESIAN_POINT('Ctrl Pts',(-213.285650820419,13.1538550572967,-1.00004323879684));
#13244=CARTESIAN_POINT('Ctrl Pts',(-213.599538137584,13.153844620706,-1.0000495097332));
#13245=CARTESIAN_POINT('Ctrl Pts',(-213.766940368724,13.1224764335008,-1.00005169056717));
#13246=CARTESIAN_POINT('Ctrl Pts',(-214.074893250361,12.9949158099633,-1.00005311065673));
#13247=CARTESIAN_POINT('Ctrl Pts',(-214.215443900857,12.8987233736309,-1.00005234991089));
#13248=CARTESIAN_POINT('Ctrl Pts',(-214.437399088309,12.6767771300215,-1.0000485499353));
#13249=CARTESIAN_POINT('Ctrl Pts',(-214.533598238951,12.5362279211277,-1.00004525736399));
#13250=CARTESIAN_POINT('Ctrl Pts',(-214.661171325553,12.2282749105128,-1.00003638079216));
#13251=CARTESIAN_POINT('Ctrl Pts',(-214.692545261514,12.060871108792,-1.00003079679858));
#13252=CARTESIAN_POINT('Ctrl Pts',(-214.692564642471,11.7469753634497,-1.000019151545));
#13253=CARTESIAN_POINT('Ctrl Pts',(-214.661208380061,11.5795601362248,-1.00001231399055));
#13254=CARTESIAN_POINT('Ctrl Pts',(-214.581268714443,11.3865335214189,-1.00000355575338));
#13255=CARTESIAN_POINT('Ctrl Pts',(-214.563112382596,11.3483091810274,-1.00000177492521));
#13256=CARTESIAN_POINT('Ctrl Pts',(-214.543141585126,11.3112208935722,-0.999999999999998));
#13257=CARTESIAN_POINT('Origin',(-262.442554954141,11.9038498396246,5.));
#13258=CARTESIAN_POINT('',(-264.192554954141,11.9038498396246,5.));
#13259=CARTESIAN_POINT('Origin',(-262.442554954141,11.9038498396246,5.));
#13260=CARTESIAN_POINT('',(-261.192554954141,11.9038498396246,5.));
#13261=CARTESIAN_POINT('Origin',(-262.442554954141,11.9038498396246,5.));
#13262=CARTESIAN_POINT('Origin',(-262.442554954141,11.9038498396246,7.));
#13263=CARTESIAN_POINT('',(-264.192554954141,11.9038498396246,9.));
#13264=CARTESIAN_POINT('Origin',(-262.442554954141,11.9038498396246,9.));
#13265=CARTESIAN_POINT('',(-264.192554954141,11.9038498396246,7.));
#13266=CARTESIAN_POINT('Origin',(-213.442583063254,-46.0962482115852,5.));
#13267=CARTESIAN_POINT('',(-215.192583063254,-46.0962482115852,5.));
#13268=CARTESIAN_POINT('Origin',(-213.442583063254,-46.0962482115852,5.));
#13269=CARTESIAN_POINT('',(-212.240970397716,-46.4406709199214,5.));
#13270=CARTESIAN_POINT('',(-212.192554954142,-46.0961501603745,5.));
#13271=CARTESIAN_POINT('Origin',(-213.442554954142,-46.0961501603745,5.));
#13272=CARTESIAN_POINT('',(-214.64416761968,-45.7517274520383,5.));
#13273=CARTESIAN_POINT('Origin',(-213.442583063254,-46.0962482115852,5.));
#13274=CARTESIAN_POINT('Origin',(-213.442554954142,-46.0961501603745,5.));
#13275=CARTESIAN_POINT('Origin',(-213.442583063254,-46.0962482115852,7.));
#13276=CARTESIAN_POINT('',(-215.192583063254,-46.0962482115852,9.));
#13277=CARTESIAN_POINT('Origin',(-213.442583063254,-46.0962482115852,9.));
#13278=CARTESIAN_POINT('',(-215.192583063254,-46.0962482115852,7.));
#13279=CARTESIAN_POINT('Origin',(-213.442583063254,-46.0962482115852,4.));
#13280=CARTESIAN_POINT('',(-214.64416761968,-45.7517274520383,-0.999999999999999));
#13281=CARTESIAN_POINT('',(-214.64416761968,-45.7517274520383,4.));
#13282=CARTESIAN_POINT('',(-212.240970397716,-46.4406709199214,-0.999999999999999));
#13283=CARTESIAN_POINT('',(-212.240970397716,-46.4406709199214,4.));
#13284=CARTESIAN_POINT('Ctrl Pts',(-214.64416761968,-45.7517274520383,-1.));
#13285=CARTESIAN_POINT('Ctrl Pts',(-214.676923100948,-45.8660038925999,
-1.00000582867048));
#13286=CARTESIAN_POINT('Ctrl Pts',(-214.692563765379,-45.9838696538809,
-1.00001159533322));
#13287=CARTESIAN_POINT('Ctrl Pts',(-214.692542639405,-46.2531928702622,
-1.00002428909904));
#13288=CARTESIAN_POINT('Ctrl Pts',(-214.661165682648,-46.4205967159169,
-1.00003175552288));
#13289=CARTESIAN_POINT('Ctrl Pts',(-214.533586604102,-46.7285484635169,
-1.00004454676808));
#13290=CARTESIAN_POINT('Ctrl Pts',(-214.437384482313,-46.8690963654616,
-1.00004987158015));
#13291=CARTESIAN_POINT('Ctrl Pts',(-214.21542586324,-47.0910374214543,-1.00005733361402));
#13292=CARTESIAN_POINT('Ctrl Pts',(-214.074875130422,-47.1872263582994,
-1.00005996833084));
#13293=CARTESIAN_POINT('Ctrl Pts',(-213.766923636105,-47.3147809630261,
-1.00006181943937));
#13294=CARTESIAN_POINT('Ctrl Pts',(-213.599522874605,-47.3461466309074,
-1.00006103582892));
#13295=CARTESIAN_POINT('Ctrl Pts',(-213.285640496579,-47.3461536892715,
-1.00005679473592));
#13296=CARTESIAN_POINT('Ctrl Pts',(-213.11823557394,-47.314794457946,-1.00005305449247));
#13297=CARTESIAN_POINT('Ctrl Pts',(-212.810274142174,-47.1872495871892,
-1.00004288129578));
#13298=CARTESIAN_POINT('Ctrl Pts',(-212.669717633046,-47.0910639477595,
-1.00003644835185));
#13299=CARTESIAN_POINT('Ctrl Pts',(-212.447745303712,-46.869123299276,-1.00002298806337));
#13300=CARTESIAN_POINT('Ctrl Pts',(-212.351535881015,-46.7285718967182,
-1.00001506341223));
#13301=CARTESIAN_POINT('Ctrl Pts',(-212.269612209593,-46.5308325526006,
-1.0000046365172));
#13302=CARTESIAN_POINT('Ctrl Pts',(-212.253974543678,-46.4860254610493,
-1.00000231336273));
#13303=CARTESIAN_POINT('Ctrl Pts',(-212.240970397716,-46.4406709199214,
-0.999999999999993));
#13304=CARTESIAN_POINT('Origin',(-201.089688430716,8.9003018809082,5.));
#13305=CARTESIAN_POINT('',(-202.839688430716,8.9003018809082,5.));
#13306=CARTESIAN_POINT('Origin',(-201.089688430716,8.9003018809082,5.));
#13307=CARTESIAN_POINT('',(-200.338130379071,7.90147231836649,5.));
#13308=CARTESIAN_POINT('',(-199.839648029084,8.90033227938159,5.));
#13309=CARTESIAN_POINT('Origin',(-201.089648029084,8.90033227938159,5.));
#13310=CARTESIAN_POINT('',(-201.841206080729,9.8991618419233,5.));
#13311=CARTESIAN_POINT('Origin',(-201.089688430716,8.9003018809082,5.));
#13312=CARTESIAN_POINT('Origin',(-201.089648029084,8.90033227938159,5.));
#13313=CARTESIAN_POINT('Origin',(-201.089688430716,8.9003018809082,7.));
#13314=CARTESIAN_POINT('',(-202.839688430716,8.9003018809082,9.));
#13315=CARTESIAN_POINT('Origin',(-201.089688430716,8.9003018809082,9.));
#13316=CARTESIAN_POINT('',(-202.839688430716,8.9003018809082,7.));
#13317=CARTESIAN_POINT('Origin',(-201.089688430716,8.9003018809082,4.));
#13318=CARTESIAN_POINT('',(-201.841206080729,9.8991618419233,-0.999999999999999));
#13319=CARTESIAN_POINT('',(-201.841206080729,9.8991618419233,4.));
#13320=CARTESIAN_POINT('',(-200.338130379071,7.90147231836649,-0.999999999999999));
#13321=CARTESIAN_POINT('',(-200.338130379071,7.90147231836649,4.));
#13322=CARTESIAN_POINT('Ctrl Pts',(-201.841206080729,9.8991618419233,-0.999999999999983));
#13323=CARTESIAN_POINT('Ctrl Pts',(-201.888751418037,9.86338688850573,-1.0000014461096));
#13324=CARTESIAN_POINT('Ctrl Pts',(-201.933066138462,9.82468436584252,-1.00000287226117));
#13325=CARTESIAN_POINT('Ctrl Pts',(-202.08454251582,9.67319585455795,-1.00000802763234));
#13326=CARTESIAN_POINT('Ctrl Pts',(-202.180735507373,9.53263551953782,-1.00001194970671));
#13327=CARTESIAN_POINT('Ctrl Pts',(-202.308290172231,9.22466328273794,-1.00001892718905));
#13328=CARTESIAN_POINT('Ctrl Pts',(-202.339651845534,9.05725138095805,-1.00002198259496));
#13329=CARTESIAN_POINT('Ctrl Pts',(-202.339644211967,8.74335536057132,-1.00002656930527));
#13330=CARTESIAN_POINT('Ctrl Pts',(-202.30827557759,8.57594795894746,-1.00002840636746));
#13331=CARTESIAN_POINT('Ctrl Pts',(-202.180710385615,8.267986469336,-1.00003042904791));
#13332=CARTESIAN_POINT('Ctrl Pts',(-202.084513828016,8.12743238134848,-1.00003061466506));
#13333=CARTESIAN_POINT('Ctrl Pts',(-201.86255869601,7.90547473739208,-1.00002954740921));
#13334=CARTESIAN_POINT('Ctrl Pts',(-201.722005012919,7.80927629403632,-1.00002822338935));
#13335=CARTESIAN_POINT('Ctrl Pts',(-201.414043487088,7.68170760172715,-1.00002410650716));
#13336=CARTESIAN_POINT('Ctrl Pts',(-201.24663564435,7.6503373527734,-1.00002131364688));
#13337=CARTESIAN_POINT('Ctrl Pts',(-200.932737256846,7.65032720716761,-1.0000152175519));
#13338=CARTESIAN_POINT('Ctrl Pts',(-200.76532343307,7.68168820431719,-1.00001150795192));
#13339=CARTESIAN_POINT('Ctrl Pts',(-200.51352956617,7.78597396440606,-1.0000050940552));
#13340=CARTESIAN_POINT('Ctrl Pts',(-200.420880005572,7.83921353608019,-1.00000251678496));
#13341=CARTESIAN_POINT('Ctrl Pts',(-200.338130379071,7.90147231836648,-1.00000000000002));
#13342=CARTESIAN_POINT('Origin',(-140.089683696032,-69.0996515612276,5.));
#13343=CARTESIAN_POINT('',(-141.839683696032,-69.0996515612276,5.));
#13344=CARTESIAN_POINT('Origin',(-140.089683696032,-69.0996515612276,5.));
#13345=CARTESIAN_POINT('',(-140.605520680265,-70.2382525473931,5.));
#13346=CARTESIAN_POINT('',(-139.573811044852,-67.9610667344517,5.));
#13347=CARTESIAN_POINT('Origin',(-140.089648029085,-69.0996677206172,5.));
#13348=CARTESIAN_POINT('Origin',(-140.089683696032,-69.0996515612276,5.));
#13349=CARTESIAN_POINT('Origin',(-140.089683696032,-69.0996515612276,7.));
#13350=CARTESIAN_POINT('',(-141.839683696032,-69.0996515612276,9.));
#13351=CARTESIAN_POINT('Origin',(-140.089683696032,-69.0996515612276,9.));
#13352=CARTESIAN_POINT('',(-141.839683696032,-69.0996515612276,7.));
#13353=CARTESIAN_POINT('Origin',(-140.089683696032,-69.0996515612276,4.));
#13354=CARTESIAN_POINT('',(-139.573811044852,-67.9610667344517,-0.999999999999999));
#13355=CARTESIAN_POINT('',(-139.573811044852,-67.9610667344517,4.));
#13356=CARTESIAN_POINT('',(-140.605520680265,-70.2382525473931,-0.999999999999999));
#13357=CARTESIAN_POINT('',(-140.605520680265,-70.2382525473931,4.));
#13358=CARTESIAN_POINT('',(-141.339648029085,-69.0996677206357,-1.00002143080113));
#13359=CARTESIAN_POINT('Ctrl Pts',(-141.339648029085,-69.0996677206542,
-1.00002143080113));
#13360=CARTESIAN_POINT('Ctrl Pts',(-141.33964802908,-69.2566124146757,-1.0000202116776));
#13361=CARTESIAN_POINT('Ctrl Pts',(-141.308284343304,-69.4240176154946,
-1.00001837356507));
#13362=CARTESIAN_POINT('Ctrl Pts',(-141.180728564786,-69.7319829046609,
-1.00001379440133));
#13363=CARTESIAN_POINT('Ctrl Pts',(-141.084534123153,-69.8725420714619,
-1.00001105331841));
#13364=CARTESIAN_POINT('Ctrl Pts',(-140.871647258071,-70.0854414195002,
-1.00000574965639));
#13365=CARTESIAN_POINT('Ctrl Pts',(-140.744892368721,-70.1751056998921,
-1.00000287998607));
#13366=CARTESIAN_POINT('Ctrl Pts',(-140.605520680265,-70.2382525473931,
-0.999999999999999));
#13367=CARTESIAN_POINT('Ctrl Pts',(-139.573811044852,-67.9610667344517,
-0.999999999999996));
#13368=CARTESIAN_POINT('Ctrl Pts',(-139.586224104287,-67.9554430653857,
-1.00000025650066));
#13369=CARTESIAN_POINT('Ctrl Pts',(-139.598733136176,-67.9500206506471,
-1.00000051308361));
#13370=CARTESIAN_POINT('Ctrl Pts',(-139.765315914127,-67.8810254499009,
-1.00000390502674));
#13371=CARTESIAN_POINT('Ctrl Pts',(-139.932731069402,-67.8496632427093,
-1.00000701894234));
#13372=CARTESIAN_POINT('Ctrl Pts',(-140.246632826534,-67.8496721994432,
-1.00001240069101));
#13373=CARTESIAN_POINT('Ctrl Pts',(-140.414042701659,-67.8810425742995,
-1.00001502725778));
#13374=CARTESIAN_POINT('Ctrl Pts',(-140.722007633124,-68.0086129639654,
-1.00001931639953));
#13375=CARTESIAN_POINT('Ctrl Pts',(-140.862562689462,-68.1048129787753,
-1.0000209789731));
#13376=CARTESIAN_POINT('Ctrl Pts',(-141.084518873086,-68.3267740610985,
-1.00002306029216));
#13377=CARTESIAN_POINT('Ctrl Pts',(-141.18071521038,-68.4673299070554,-1.00002361778053));
#13378=CARTESIAN_POINT('Ctrl Pts',(-141.308278773855,-68.7752947678917,
-1.00002341265407));
#13379=CARTESIAN_POINT('Ctrl Pts',(-141.339646000036,-68.9427037827713,
-1.00002265003935));
#13380=CARTESIAN_POINT('Ctrl Pts',(-141.33964802905,-69.0996569476908,-1.00002143088481));
#13381=CARTESIAN_POINT('Ctrl Pts',(-141.339648029085,-69.0996623341663,
-1.00002143084298));
#13382=CARTESIAN_POINT('Ctrl Pts',(-141.339648029085,-69.0996677206542,
-1.00002143080114));
#13383=CARTESIAN_POINT('Origin',(-210.887735732515,-16.2028151539008,-5.));
#13384=CARTESIAN_POINT('',(-212.637735732515,-16.2028151539008,-5.));
#13385=CARTESIAN_POINT('Origin',(-210.887735732515,-16.2028151539008,-5.));
#13386=CARTESIAN_POINT('',(-209.637735732515,-16.2028151539008,-5.));
#13387=CARTESIAN_POINT('Origin',(-210.887735732515,-16.2028151539008,-5.));
#13388=CARTESIAN_POINT('Origin',(-210.887735732515,-16.2028151539008,-3.));
#13389=CARTESIAN_POINT('',(-212.637735732515,-16.2028151539008,-0.999999999999999));
#13390=CARTESIAN_POINT('Origin',(-210.887735732515,-16.2028151539008,-0.999999999999999));
#13391=CARTESIAN_POINT('',(-212.637735732515,-16.2028151539008,-3.));
#13392=CARTESIAN_POINT('Origin',(-190.891281202567,-16.2020046377592,-5.));
#13393=CARTESIAN_POINT('',(-192.641281202567,-16.2020046377592,-5.));
#13394=CARTESIAN_POINT('Origin',(-190.891281202567,-16.2020046377592,-5.));
#13395=CARTESIAN_POINT('',(-189.641281202567,-16.2020046377592,-5.));
#13396=CARTESIAN_POINT('Origin',(-190.891281202567,-16.2020046377592,-5.));
#13397=CARTESIAN_POINT('Origin',(-190.891281202567,-16.2020046377592,-3.));
#13398=CARTESIAN_POINT('',(-192.641281202567,-16.2020046377592,-0.999999999999999));
#13399=CARTESIAN_POINT('Origin',(-190.891281202567,-16.2020046377592,-0.999999999999999));
#13400=CARTESIAN_POINT('',(-192.641281202567,-16.2020046377592,-3.));
#13401=CARTESIAN_POINT('Origin',(-281.01873610275,-48.8941918147624,-12.));
#13402=CARTESIAN_POINT('',(-281.01873610275,-88.7279156785578,-11.));
#13403=CARTESIAN_POINT('',(-280.01873610275,-88.7898126661138,-12.));
#13404=CARTESIAN_POINT('Ctrl Pts',(-281.01873610275,-88.7279156785579,-11.));
#13405=CARTESIAN_POINT('Ctrl Pts',(-280.893038525109,-88.7314883096062,
-11.));
#13406=CARTESIAN_POINT('Ctrl Pts',(-280.75904048366,-88.7370409327554,-11.0251431733043));
#13407=CARTESIAN_POINT('Ctrl Pts',(-280.512628361531,-88.7503512212213,
-11.1272786244701));
#13408=CARTESIAN_POINT('Ctrl Pts',(-280.400208001648,-88.7580194242369,
-11.2042673921306));
#13409=CARTESIAN_POINT('Ctrl Pts',(-280.222773126255,-88.7714655454256,
-11.381796608351));
#13410=CARTESIAN_POINT('Ctrl Pts',(-280.145869378687,-88.778128073381,-11.4941630787684));
#13411=CARTESIAN_POINT('Ctrl Pts',(-280.043848883301,-88.7873476164908,
-11.7404576921969));
#13412=CARTESIAN_POINT('Ctrl Pts',(-280.01873610275,-88.7898126661138,-11.8743909124527));
#13413=CARTESIAN_POINT('Ctrl Pts',(-280.01873610275,-88.7898126661138,-12.));
#13414=CARTESIAN_POINT('',(-281.01873610275,68.0950976565152,-11.));
#13415=CARTESIAN_POINT('',(-281.01873610275,-48.8941918147624,-11.));
#13416=CARTESIAN_POINT('',(-280.01873610275,65.0950976565152,-12.));
#13417=CARTESIAN_POINT('Ctrl Pts',(-281.01873610275,68.0950976565152,-11.));
#13418=CARTESIAN_POINT('Ctrl Pts',(-280.780386508223,67.5621317607435,-11.));
#13419=CARTESIAN_POINT('Ctrl Pts',(-280.498194442582,66.9297513798864,-11.1063280977947));
#13420=CARTESIAN_POINT('Ctrl Pts',(-280.157374431126,65.9783153904354,-11.4471481092512));
#13421=CARTESIAN_POINT('Ctrl Pts',(-280.01873610275,65.4812765351163,-11.7103658410491));
#13422=CARTESIAN_POINT('Ctrl Pts',(-280.01873610275,65.0950976565152,-12.));
#13423=CARTESIAN_POINT('',(-280.01873610275,-48.8941918147624,-12.));
#13424=CARTESIAN_POINT('Origin',(-280.01873610275,-87.7797264786431,-11.));
#13425=CARTESIAN_POINT('',(-280.01873610275,63.0950976565152,-16.));
#13426=CARTESIAN_POINT('Origin',(-280.01873610275,68.0950976565152,-16.));
#13427=CARTESIAN_POINT('',(-280.01873610275,63.0950976565152,-43.5));
#13428=CARTESIAN_POINT('',(-280.01873610275,63.0950976565152,-11.));
#13429=CARTESIAN_POINT('',(-280.01873610275,58.0950976565152,-43.5));
#13430=CARTESIAN_POINT('',(-280.01873610275,-81.619001349032,-43.5));
#13431=CARTESIAN_POINT('',(-280.01873610275,58.0950976565152,-41.));
#13432=CARTESIAN_POINT('',(-280.01873610275,58.0950976565152,-41.));
#13433=CARTESIAN_POINT('',(-280.01873610275,-81.619001349032,-41.));
#13434=CARTESIAN_POINT('',(-280.01873610275,-87.7797264786431,-41.));
#13435=CARTESIAN_POINT('',(-280.01873610275,-81.619001349032,-43.5));
#13436=CARTESIAN_POINT('',(-280.01873610275,-81.619001349032,-41.));
#13437=CARTESIAN_POINT('',(-280.01873610275,-87.7797264786431,-43.5));
#13438=CARTESIAN_POINT('',(-280.01873610275,-81.619001349032,-43.5));
#13439=CARTESIAN_POINT('',(-280.01873610275,-87.7797264786431,-16.));
#13440=CARTESIAN_POINT('',(-280.01873610275,-87.7797264786431,-11.));
#13441=CARTESIAN_POINT('',(-280.01873610275,-88.7898126661138,-12.986598637986));
#13442=CARTESIAN_POINT('Origin',(-280.01873610275,-92.7797264786431,-16.));
#13443=CARTESIAN_POINT('',(-280.01873610275,-88.7898126661138,-11.));
#13444=CARTESIAN_POINT('Origin',(-119.007327452518,26.5432202528167,-12.));
#13445=CARTESIAN_POINT('',(-120.007327452518,-88.7544891512476,-12.));
#13446=CARTESIAN_POINT('',(-119.007327452518,-88.7218647425992,-11.));
#13447=CARTESIAN_POINT('Ctrl Pts',(-120.007327452518,-88.7544891512476,
-12.));
#13448=CARTESIAN_POINT('Ctrl Pts',(-120.007327452518,-88.7544891512476,
-11.8743980086311));
#13449=CARTESIAN_POINT('Ctrl Pts',(-119.982218298087,-88.7527641267327,
-11.7404490250406));
#13450=CARTESIAN_POINT('Ctrl Pts',(-119.880152275834,-88.7465422783672,
-11.4940793510843));
#13451=CARTESIAN_POINT('Ctrl Pts',(-119.803197412608,-88.7421364072594,
-11.3816555417317));
#13452=CARTESIAN_POINT('Ctrl Pts',(-119.625665807256,-88.7338908047516,
-11.2041256483682));
#13453=CARTESIAN_POINT('Ctrl Pts',(-119.51324263714,-88.7295156393886,-11.1271722086412));
#13454=CARTESIAN_POINT('Ctrl Pts',(-119.266874851376,-88.7234109879647,
-11.0251083772454));
#13455=CARTESIAN_POINT('Ctrl Pts',(-119.132927185692,-88.721771244609,-11.));
#13456=CARTESIAN_POINT('Ctrl Pts',(-119.007327452518,-88.7218647425992,
-11.));
#13457=CARTESIAN_POINT('',(-120.007327452518,65.0950976565151,-12.));
#13458=CARTESIAN_POINT('',(-120.007327452518,26.5432202528167,-12.));
#13459=CARTESIAN_POINT('',(-119.007327452518,68.0950976565151,-11.));
#13460=CARTESIAN_POINT('Ctrl Pts',(-120.007327452518,65.0950976565152,-12.));
#13461=CARTESIAN_POINT('Ctrl Pts',(-120.007327452518,65.531123514852,-11.6729806062474));
#13462=CARTESIAN_POINT('Ctrl Pts',(-119.858423978713,66.0262715401997,-11.4157156927623));
#13463=CARTESIAN_POINT('Ctrl Pts',(-119.472148066221,67.0600704068717,-11.0781760453374));
#13464=CARTESIAN_POINT('Ctrl Pts',(-119.229835966598,67.5975534934597,-11.));
#13465=CARTESIAN_POINT('Ctrl Pts',(-119.007327452518,68.0950976565152,-11.));
#13466=CARTESIAN_POINT('',(-119.007327452518,26.5432202528167,-11.));
#13467=CARTESIAN_POINT('Origin',(-120.007327452518,63.0950976565152,-11.));
#13468=CARTESIAN_POINT('',(-120.007327452518,-88.7544891512476,-13.0339480014434));
#13469=CARTESIAN_POINT('',(-120.007327452518,-88.7544891512476,-11.));
#13470=CARTESIAN_POINT('',(-120.007327452518,-87.7797264786431,-16.));
#13471=CARTESIAN_POINT('Origin',(-120.007327452518,-92.7797264786431,-16.));
#13472=CARTESIAN_POINT('',(-120.007327452518,-87.7797264786431,-43.5));
#13473=CARTESIAN_POINT('',(-120.007327452518,-87.7797264786431,-11.));
#13474=CARTESIAN_POINT('',(-120.007327452518,-82.7797264786431,-43.5));
#13475=CARTESIAN_POINT('',(-120.007327452518,-82.7797264786431,-43.5));
#13476=CARTESIAN_POINT('',(-120.007327452518,-82.7797264786431,-41.));
#13477=CARTESIAN_POINT('',(-120.007327452518,-82.7797264786431,-41.));
#13478=CARTESIAN_POINT('',(-120.007327452518,55.7767233889617,-41.));
#13479=CARTESIAN_POINT('',(-120.007327452518,63.0950976565152,-41.));
#13480=CARTESIAN_POINT('',(-120.007327452518,55.7767233889617,-43.5));
#13481=CARTESIAN_POINT('',(-120.007327452518,55.7767233889617,-41.));
#13482=CARTESIAN_POINT('',(-120.007327452518,63.0950976565152,-43.5));
#13483=CARTESIAN_POINT('',(-120.007327452518,-82.7797264786431,-43.5));
#13484=CARTESIAN_POINT('',(-120.007327452518,63.0950976565152,-16.));
#13485=CARTESIAN_POINT('',(-120.007327452518,63.0950976565152,-11.));
#13486=CARTESIAN_POINT('Origin',(-120.007327452518,68.0950976565151,-16.));
#13487=CARTESIAN_POINT('Ctrl Pts',(-200.23169707,65.923077867798,-11.4964092062643));
#13488=CARTESIAN_POINT('Ctrl Pts',(-200.23169707,65.923077867798,-11.4964092062643));
#13489=CARTESIAN_POINT('Ctrl Pts',(-200.23169707,65.923077867798,-11.4964092062643));
#13490=CARTESIAN_POINT('Ctrl Pts',(-200.23169707,65.923077867798,-11.4964092062643));
#13491=CARTESIAN_POINT('Ctrl Pts',(-201.962324597102,66.5976803854235,-11.171057706781));
#13492=CARTESIAN_POINT('Ctrl Pts',(-200.808872990621,66.5976803854235,-11.171057706781));
#13493=CARTESIAN_POINT('Ctrl Pts',(-199.654521149379,66.5976803854235,-11.171057706781));
#13494=CARTESIAN_POINT('Ctrl Pts',(-198.501069542897,66.5976803854235,-11.171057706781));
#13495=CARTESIAN_POINT('Ctrl Pts',(-203.882285811418,67.3460856018188,-10.9997449653373));
#13496=CARTESIAN_POINT('Ctrl Pts',(-201.448617412803,67.3460856018188,-10.9997449653373));
#13497=CARTESIAN_POINT('Ctrl Pts',(-199.014776727196,67.3460856018188,-10.9997449653373));
#13498=CARTESIAN_POINT('Ctrl Pts',(-196.581108328582,67.3460856018188,-10.9997449653373));
#13499=CARTESIAN_POINT('Ctrl Pts',(-207.05223984786,68.5817408426213,-11.000137136746));
#13500=CARTESIAN_POINT('Ctrl Pts',(-202.505200959279,68.5817408426213,-11.000137136746));
#13501=CARTESIAN_POINT('Ctrl Pts',(-197.958193180721,68.5817408426213,-11.000137136746));
#13502=CARTESIAN_POINT('Ctrl Pts',(-193.411154292139,68.5817408426213,-11.000137136746));
#13503=CARTESIAN_POINT('Ctrl Pts',(-208.300512042061,69.068320162378,-11.));
#13504=CARTESIAN_POINT('Ctrl Pts',(-202.921345302755,69.0683201623781,-11.));
#13505=CARTESIAN_POINT('Ctrl Pts',(-197.542048837245,69.068320162378,-11.));
#13506=CARTESIAN_POINT('Ctrl Pts',(-192.162882097938,69.0683201623781,-11.));
#13507=CARTESIAN_POINT('Ctrl Pts',(-209.548866157734,69.5549314153095,-11.));
#13508=CARTESIAN_POINT('Ctrl Pts',(-203.337420099245,69.5549314153095,-11.));
#13509=CARTESIAN_POINT('Ctrl Pts',(-197.125974040755,69.5549314153095,-11.));
#13510=CARTESIAN_POINT('Ctrl Pts',(-190.914527982266,69.5549314153095,-11.));
#13511=CARTESIAN_POINT('',(-200.23169707,65.923077867798,-11.4964092062643));
#13512=CARTESIAN_POINT('',(-205.803803810716,68.0950976565152,-11.));
#13513=CARTESIAN_POINT('Origin',(-205.803803810716,68.0950976565152,-16.));
#13514=CARTESIAN_POINT('',(-209.548866157734,69.5549314153095,-11.));
#13515=CARTESIAN_POINT('',(-200.23169707,65.923077867798,-11.));
#13516=CARTESIAN_POINT('',(-190.914527982266,69.5549314153095,-11.));
#13517=CARTESIAN_POINT('',(-209.548866157734,69.5549314153095,-11.));
#13518=CARTESIAN_POINT('',(-194.659590329284,68.0950976565152,-11.));
#13519=CARTESIAN_POINT('',(-200.23169707,65.923077867798,-11.));
#13520=CARTESIAN_POINT('Origin',(-194.659590329284,68.0950976565152,-16.));
#13521=CARTESIAN_POINT('Origin',(-209.548866157734,69.5549314153095,-11.));
#13522=CARTESIAN_POINT('',(-209.548866157734,69.5549314153095,-6.));
#13523=CARTESIAN_POINT('',(-209.548866157734,69.5549314153095,-11.));
#13524=CARTESIAN_POINT('',(-190.914527982266,69.5549314153095,-6.));
#13525=CARTESIAN_POINT('',(-209.548866157734,69.5549314153095,-6.));
#13526=CARTESIAN_POINT('',(-190.914527982266,69.5549314153095,-11.));
#13527=CARTESIAN_POINT('Origin',(-136.096614488558,90.923077867798,-11.));
#13528=CARTESIAN_POINT('',(-136.096614488558,90.923077867798,-6.));
#13529=CARTESIAN_POINT('',(-200.23169707,65.923077867798,-6.));
#13530=CARTESIAN_POINT('',(-136.096614488558,90.923077867798,-11.));
#13531=CARTESIAN_POINT('',(-136.096614488558,90.923077867798,-11.));
#13532=CARTESIAN_POINT('',(-200.23169707,65.923077867798,-11.));
#13533=CARTESIAN_POINT('Origin',(-287.01045990642,20.4595444474877,-6.));
#13534=CARTESIAN_POINT('',(-288.26045990642,20.4595444474877,-6.));
#13535=CARTESIAN_POINT('Origin',(-287.01045990642,20.4595444474877,-6.));
#13536=CARTESIAN_POINT('',(-288.26045990642,20.4595444474877,-11.));
#13537=CARTESIAN_POINT('',(-288.26045990642,20.4595444474877,-6.));
#13538=CARTESIAN_POINT('Origin',(-287.01045990642,20.4595444474877,-11.));
#13539=CARTESIAN_POINT('Origin',(-287.010835994962,-40.4768653993884,-6.));
#13540=CARTESIAN_POINT('',(-288.260835994962,-40.4768653993884,-6.));
#13541=CARTESIAN_POINT('Origin',(-287.010835994962,-40.4768653993884,-6.));
#13542=CARTESIAN_POINT('',(-288.260835994962,-40.4768653993884,-11.));
#13543=CARTESIAN_POINT('',(-288.260835994962,-40.4768653993884,-6.));
#13544=CARTESIAN_POINT('Origin',(-287.010835994962,-40.4768653993884,-11.));
#13545=CARTESIAN_POINT('Origin',(-286.444900505596,-72.4718605864781,-6.));
#13546=CARTESIAN_POINT('',(-287.694900505596,-72.4718605864781,-6.));
#13547=CARTESIAN_POINT('Origin',(-286.444900505596,-72.4718605864781,-6.));
#13548=CARTESIAN_POINT('',(-287.694900505596,-72.4718605864781,-11.));
#13549=CARTESIAN_POINT('',(-287.694900505596,-72.4718605864781,-6.));
#13550=CARTESIAN_POINT('Origin',(-286.444900505596,-72.4718605864781,-11.));
#13551=CARTESIAN_POINT('Origin',(-113.46081014738,-40.4767205003696,-6.));
#13552=CARTESIAN_POINT('',(-114.71081014738,-40.4767205003696,-6.));
#13553=CARTESIAN_POINT('Origin',(-113.46081014738,-40.4767205003696,-6.));
#13554=CARTESIAN_POINT('',(-114.71081014738,-40.4767205003696,-11.));
#13555=CARTESIAN_POINT('',(-114.71081014738,-40.4767205003696,-6.));
#13556=CARTESIAN_POINT('Origin',(-113.46081014738,-40.4767205003696,-11.));
#13557=CARTESIAN_POINT('Origin',(-113.458210307874,20.459451620157,-6.));
#13558=CARTESIAN_POINT('',(-114.708210307874,20.459451620157,-6.));
#13559=CARTESIAN_POINT('Origin',(-113.458210307874,20.459451620157,-6.));
#13560=CARTESIAN_POINT('',(-114.708210307874,20.459451620157,-11.));
#13561=CARTESIAN_POINT('',(-114.708210307874,20.459451620157,-6.));
#13562=CARTESIAN_POINT('Origin',(-113.458210307874,20.459451620157,-11.));
#13563=CARTESIAN_POINT('Origin',(-114.018493634403,52.4545462847148,-6.));
#13564=CARTESIAN_POINT('',(-115.268493634403,52.4545462847148,-6.));
#13565=CARTESIAN_POINT('Origin',(-114.018493634403,52.4545462847148,-6.));
#13566=CARTESIAN_POINT('',(-115.268493634403,52.4545462847148,-11.));
#13567=CARTESIAN_POINT('',(-115.268493634403,52.4545462847148,-6.));
#13568=CARTESIAN_POINT('Origin',(-114.018493634403,52.4545462847148,-11.));
#13569=CARTESIAN_POINT('Origin',(-150.14957794977,80.9809293238504,-6.));
#13570=CARTESIAN_POINT('',(-151.39957794977,80.9809293238504,-6.));
#13571=CARTESIAN_POINT('Origin',(-150.14957794977,80.9809293238504,-6.));
#13572=CARTESIAN_POINT('',(-151.39957794977,80.9809293238504,-11.));
#13573=CARTESIAN_POINT('',(-151.39957794977,80.9809293238504,-6.));
#13574=CARTESIAN_POINT('Origin',(-150.14957794977,80.9809293238504,-11.));
#13575=CARTESIAN_POINT('Origin',(-114.018493634403,-72.471860586478,-6.));
#13576=CARTESIAN_POINT('',(-115.268493634403,-72.471860586478,-6.));
#13577=CARTESIAN_POINT('Origin',(-114.018493634403,-72.471860586478,-6.));
#13578=CARTESIAN_POINT('',(-115.268493634403,-72.471860586478,-11.));
#13579=CARTESIAN_POINT('',(-115.268493634403,-72.471860586478,-6.));
#13580=CARTESIAN_POINT('Origin',(-114.018493634403,-72.471860586478,-11.));
#13581=CARTESIAN_POINT('Origin',(-150.14957794977,-100.998243625614,-6.));
#13582=CARTESIAN_POINT('',(-151.39957794977,-100.998243625614,-6.));
#13583=CARTESIAN_POINT('Origin',(-150.14957794977,-100.998243625614,-6.));
#13584=CARTESIAN_POINT('',(-151.39957794977,-100.998243625614,-11.));
#13585=CARTESIAN_POINT('',(-151.39957794977,-100.998243625614,-6.));
#13586=CARTESIAN_POINT('Origin',(-150.14957794977,-100.998243625614,-11.));
#13587=CARTESIAN_POINT('Origin',(-250.313816190229,-100.998243625614,-6.));
#13588=CARTESIAN_POINT('',(-251.563816190229,-100.998243625614,-6.));
#13589=CARTESIAN_POINT('Origin',(-250.313816190229,-100.998243625614,-6.));
#13590=CARTESIAN_POINT('',(-251.563816190229,-100.998243625614,-11.));
#13591=CARTESIAN_POINT('',(-251.563816190229,-100.998243625614,-6.));
#13592=CARTESIAN_POINT('Origin',(-250.313816190229,-100.998243625614,-11.));
#13593=CARTESIAN_POINT('Origin',(-286.444900505596,52.4545462847148,-6.));
#13594=CARTESIAN_POINT('',(-287.694900505596,52.4545462847148,-6.));
#13595=CARTESIAN_POINT('Origin',(-286.444900505596,52.4545462847148,-6.));
#13596=CARTESIAN_POINT('',(-287.694900505596,52.4545462847148,-11.));
#13597=CARTESIAN_POINT('',(-287.694900505596,52.4545462847148,-6.));
#13598=CARTESIAN_POINT('Origin',(-286.444900505596,52.4545462847148,-11.));
#13599=CARTESIAN_POINT('Origin',(-250.313816190229,80.9809293238505,-6.));
#13600=CARTESIAN_POINT('',(-251.563816190229,80.9809293238505,-6.));
#13601=CARTESIAN_POINT('Origin',(-250.313816190229,80.9809293238505,-6.));
#13602=CARTESIAN_POINT('',(-251.563816190229,80.9809293238505,-11.));
#13603=CARTESIAN_POINT('',(-251.563816190229,80.9809293238505,-6.));
#13604=CARTESIAN_POINT('Origin',(-250.313816190229,80.9809293238505,-11.));
#13605=CARTESIAN_POINT('Origin',(-225.021847624304,64.2073582438362,-6.));
#13606=CARTESIAN_POINT('',(-220.021847624304,64.2073582438362,-6.));
#13607=CARTESIAN_POINT('Origin',(-225.021847624304,64.2073582438362,-6.));
#13608=CARTESIAN_POINT('',(-220.021847624304,64.207358243906,-12.8558813221845));
#13609=CARTESIAN_POINT('',(-220.021847624304,64.2073582438362,-6.));
#13610=CARTESIAN_POINT('',(-220.033489496401,63.866355035956,-13.3320914841272));
#13611=CARTESIAN_POINT('Ctrl Pts',(-220.033489496401,63.866355035956,-13.3320914841272));
#13612=CARTESIAN_POINT('Ctrl Pts',(-220.026348904647,63.9708110295944,-13.1665245204762));
#13613=CARTESIAN_POINT('Ctrl Pts',(-220.021847624301,64.0848696910747,-13.0073398463358));
#13614=CARTESIAN_POINT('Ctrl Pts',(-220.021847624304,64.2073582439758,-12.8558813221845));
#13615=CARTESIAN_POINT('',(-230.010205752207,63.866355035956,-13.3320914841272));
#13616=CARTESIAN_POINT('Origin',(-225.021847624304,64.2073582438362,-13.3320914841272));
#13617=CARTESIAN_POINT('',(-228.165966301947,68.0950976565152,-11.));
#13618=CARTESIAN_POINT('Ctrl Pts',(-228.165966301947,68.0950976565152,-11.));
#13619=CARTESIAN_POINT('Ctrl Pts',(-228.452452934885,67.8634082663833,-11.));
#13620=CARTESIAN_POINT('Ctrl Pts',(-228.709672414985,67.6023294936874,-11.0164278456454));
#13621=CARTESIAN_POINT('Ctrl Pts',(-229.158034202696,67.0401422989853,-11.1040676992595));
#13622=CARTESIAN_POINT('Ctrl Pts',(-229.368051661663,66.7076244278956,-11.1828538378722));
#13623=CARTESIAN_POINT('Ctrl Pts',(-229.692561066027,66.0308865941454,-11.4317385761282));
#13624=CARTESIAN_POINT('Ctrl Pts',(-229.807852544543,65.6875110761302,-11.6030878851269));
#13625=CARTESIAN_POINT('Ctrl Pts',(-229.962812248422,65.0482714750919,-12.015319262238));
#13626=CARTESIAN_POINT('Ctrl Pts',(-230.002673439284,64.7290833971433,-12.2794373242863));
#13627=CARTESIAN_POINT('Ctrl Pts',(-230.02641160239,64.2304290756684,-12.8120531325504));
#13628=CARTESIAN_POINT('Ctrl Pts',(-230.02178346185,64.0357193136712,-13.0636422718272));
#13629=CARTESIAN_POINT('Ctrl Pts',(-230.010205752207,63.866355035956,-13.3320914841272));
#13630=CARTESIAN_POINT('',(-221.877728946661,68.0950976565152,-11.));
#13631=CARTESIAN_POINT('Origin',(-225.021847624304,64.2073582438362,-11.));
#13632=CARTESIAN_POINT('Ctrl Pts',(-220.021847624304,64.2073582439758,-12.8558813221845));
#13633=CARTESIAN_POINT('Ctrl Pts',(-220.021847624306,64.2834718446504,-12.7617659672965));
#13634=CARTESIAN_POINT('Ctrl Pts',(-220.023586758406,64.362835029621,-12.6706295027002));
#13635=CARTESIAN_POINT('Ctrl Pts',(-220.041021809324,64.7290833971433,-12.2794373242863));
#13636=CARTESIAN_POINT('Ctrl Pts',(-220.080883000186,65.0482714750919,-12.015319262238));
#13637=CARTESIAN_POINT('Ctrl Pts',(-220.235842704065,65.6875110761302,-11.6030878851269));
#13638=CARTESIAN_POINT('Ctrl Pts',(-220.351134182581,66.0308865941454,-11.4317385761282));
#13639=CARTESIAN_POINT('Ctrl Pts',(-220.675643586946,66.7076244278956,-11.1828538378722));
#13640=CARTESIAN_POINT('Ctrl Pts',(-220.885661045913,67.0401422989853,-11.1040676992595));
#13641=CARTESIAN_POINT('Ctrl Pts',(-221.334022833623,67.6023294936874,-11.0164278456454));
#13642=CARTESIAN_POINT('Ctrl Pts',(-221.591242313723,67.8634082663833,-11.));
#13643=CARTESIAN_POINT('Ctrl Pts',(-221.877728946661,68.0950976565151,-11.));
#13644=CARTESIAN_POINT('Origin',(-200.691432907118,63.0950976565152,-13.3320914841272));
#13645=CARTESIAN_POINT('',(-200.691432907118,63.866355035956,-13.3320914841272));
#13646=CARTESIAN_POINT('',(-288.875216586375,63.866355035956,-13.3320914841272));
#13647=CARTESIAN_POINT('',(-200.691432907118,58.0950976565152,-13.3320914841272));
#13648=CARTESIAN_POINT('',(-200.691432907118,63.0950976565152,-13.3320914841272));
#13649=CARTESIAN_POINT('',(-270.753994046173,58.0950976565152,-13.3320914841272));
#13650=CARTESIAN_POINT('',(-197.389548449842,58.0950976565152,-13.3320914841272));
#13651=CARTESIAN_POINT('',(-270.753994046173,63.866355035956,-13.3320914841272));
#13652=CARTESIAN_POINT('',(-270.753994046173,63.0950976565152,-13.3320914841272));
#13653=CARTESIAN_POINT('',(-288.875216586375,63.866355035956,-13.3320914841272));
#13654=CARTESIAN_POINT('Origin',(-288.875216586375,68.0950976565152,-16.));
#13655=CARTESIAN_POINT('',(-288.875216586375,68.0950976565152,-11.));
#13656=CARTESIAN_POINT('',(-288.875216586375,68.0950976565152,-11.));
#13657=CARTESIAN_POINT('',(-200.691432907118,63.0950976565152,-16.));
#13658=CARTESIAN_POINT('',(-288.875216586375,63.0950976565152,-16.));
#13659=CARTESIAN_POINT('Origin',(-200.691432907118,68.0950976565152,-16.));
#13660=CARTESIAN_POINT('Origin',(-208.869512261259,-92.7797264786431,-16.));
#13661=CARTESIAN_POINT('',(-195.513062757686,-87.7797264786431,-16.));
#13662=CARTESIAN_POINT('',(-182.686046241398,-92.7797264786431,-11.));
#13663=CARTESIAN_POINT('Origin',(-182.686046241398,-92.7797264786431,-16.));
#13664=CARTESIAN_POINT('',(-208.869512261259,-87.7797264786431,-16.));
#13665=CARTESIAN_POINT('',(-129.278596029904,-92.7797264786431,-11.));
#13666=CARTESIAN_POINT('Ctrl Pts',(-129.278596029904,-92.7797264786431,
-11.));
#13667=CARTESIAN_POINT('Ctrl Pts',(-128.975476654415,-92.4955007691131,
-11.));
#13668=CARTESIAN_POINT('Ctrl Pts',(-128.661292501634,-92.2245541166264,
-11.024076870055));
#13669=CARTESIAN_POINT('Ctrl Pts',(-127.469660557074,-91.2799237937777,
-11.1796521611395));
#13670=CARTESIAN_POINT('Ctrl Pts',(-126.528953624778,-90.6904039016168,
-11.423011802195));
#13671=CARTESIAN_POINT('Ctrl Pts',(-124.534223487022,-89.7289138889403,
-11.9991673516664));
#13672=CARTESIAN_POINT('Ctrl Pts',(-123.483991755717,-89.3584592219894,
-12.334988052254));
#13673=CARTESIAN_POINT('Ctrl Pts',(-121.618850184083,-88.9274829453322,
-12.8015353872336));
#13674=CARTESIAN_POINT('Ctrl Pts',(-120.821807502384,-88.8082985606668,
-12.960923103881));
#13675=CARTESIAN_POINT('Ctrl Pts',(-120.007327452518,-88.7544891512476,
-13.0339480014434));
#13676=CARTESIAN_POINT('',(-208.869512261259,-92.7797264786431,-11.));
#13677=CARTESIAN_POINT('Origin',(-119.018493634403,-103.721860586478,-11.));
#13678=CARTESIAN_POINT('',(-105.202003575818,-97.8819459928391,-11.));
#13679=CARTESIAN_POINT('Origin',(-119.018493634403,-103.721860586478,-11.));
#13680=CARTESIAN_POINT('',(-105.202003575818,-97.8819459928391,-6.));
#13681=CARTESIAN_POINT('',(-105.202003575818,-97.8819459928391,-11.));
#13682=CARTESIAN_POINT('',(-126.763653096885,-116.567579908522,-6.));
#13683=CARTESIAN_POINT('Origin',(-119.018493634403,-103.721860586478,-6.));
#13684=CARTESIAN_POINT('',(-126.763653096885,-116.567579908522,-11.));
#13685=CARTESIAN_POINT('',(-126.763653096885,-116.567579908522,-11.));
#13686=CARTESIAN_POINT('',(-134.018493634403,-103.721860586478,-11.));
#13687=CARTESIAN_POINT('Origin',(-119.018493634403,-103.721860586478,-11.));
#13688=CARTESIAN_POINT('',(-134.018493634403,-103.721860586478,-14.));
#13689=CARTESIAN_POINT('',(-134.018493634403,-103.721860586478,-11.));
#13690=CARTESIAN_POINT('Origin',(-119.018493634403,-103.721860586478,-14.));
#13691=CARTESIAN_POINT('Origin',(-119.018493634403,-103.721860586478,-11.));
#13692=CARTESIAN_POINT('Origin',(-297.73169707,-10.0086571508817,-11.));
#13693=CARTESIAN_POINT('',(-126.763653100463,96.5502656046014,-11.));
#13694=CARTESIAN_POINT('',(-117.430691710153,102.17745334274,-11.));
#13695=CARTESIAN_POINT('',(-134.018493634403,83.7045462847148,-11.));
#13696=CARTESIAN_POINT('Origin',(-119.018493634403,83.7045462847148,-11.));
#13697=CARTESIAN_POINT('',(-105.202003835309,77.8646310771527,-11.));
#13698=CARTESIAN_POINT('Origin',(-119.018493634403,83.7045462847148,-11.));
#13699=CARTESIAN_POINT('',(-109.444950039147,67.8263639846273,-11.));
#13700=CARTESIAN_POINT('',(-109.444950039147,67.8263639846273,-11.));
#13701=CARTESIAN_POINT('',(-108.461187238751,7.62490041789257,-11.));
#13702=CARTESIAN_POINT('',(-109.444950039147,67.8263639846273,-11.));
#13703=CARTESIAN_POINT('',(-98.0964390925684,4.25718959870421,-11.));
#13704=CARTESIAN_POINT('',(-87.7316970699998,0.889480769198781,-11.));
#13705=CARTESIAN_POINT('',(-117.73169707,-10.0086571508816,-11.));
#13706=CARTESIAN_POINT('Origin',(-102.73169707,-10.0086571508816,-11.));
#13707=CARTESIAN_POINT('',(-98.0964420907098,-24.2745048746227,-11.));
#13708=CARTESIAN_POINT('Origin',(-102.73169707,-10.0086571508816,-11.));
#13709=CARTESIAN_POINT('',(-108.461187238751,-27.6422147196559,-11.));
#13710=CARTESIAN_POINT('',(-108.461187238751,-27.6422147196559,-11.));
#13711=CARTESIAN_POINT('',(-109.444950039147,-87.8436782863906,-11.));
#13712=CARTESIAN_POINT('',(-108.461187238751,-27.6422147196559,-11.));
#13713=CARTESIAN_POINT('',(-100.959057223659,-107.920213436272,-11.));
#13714=CARTESIAN_POINT('Origin',(-297.73169707,-10.0086571508817,-11.));
#13715=CARTESIAN_POINT('',(-136.096614488558,-110.940392169561,-11.));
#13716=CARTESIAN_POINT('',(-136.096614488558,-110.940392169561,-11.));
#13717=CARTESIAN_POINT('',(-200.23169707,-85.9403921695613,-11.));
#13718=CARTESIAN_POINT('Origin',(-208.869512261259,-92.7797264786431,-16.));
#13719=CARTESIAN_POINT('',(-204.950331382313,-87.7797264786431,-16.));
#13720=CARTESIAN_POINT('',(-217.777347898602,-92.7797264786431,-11.));
#13721=CARTESIAN_POINT('Origin',(-217.777347898602,-92.7797264786431,-16.));
#13722=CARTESIAN_POINT('',(-271.184798110096,-92.7797264786431,-11.));
#13723=CARTESIAN_POINT('',(-208.869512261259,-92.7797264786431,-11.));
#13724=CARTESIAN_POINT('Ctrl Pts',(-280.01873610275,-88.7898126661138,-12.9865986379859));
#13725=CARTESIAN_POINT('Ctrl Pts',(-279.355782184137,-88.853131594937,-12.9027607955098));
#13726=CARTESIAN_POINT('Ctrl Pts',(-278.70500618406,-88.959725789673,-12.766631347466));
#13727=CARTESIAN_POINT('Ctrl Pts',(-276.979402384282,-89.3584592219894,
-12.334988052254));
#13728=CARTESIAN_POINT('Ctrl Pts',(-275.929170652977,-89.7289138889403,
-11.9991673516664));
#13729=CARTESIAN_POINT('Ctrl Pts',(-273.934440515222,-90.6904039016168,
-11.423011802195));
#13730=CARTESIAN_POINT('Ctrl Pts',(-272.993733582925,-91.2799237937777,
-11.1796521611395));
#13731=CARTESIAN_POINT('Ctrl Pts',(-271.802101638365,-92.2245541166264,
-11.024076870055));
#13732=CARTESIAN_POINT('Ctrl Pts',(-271.487917485584,-92.4955007691131,
-11.));
#13733=CARTESIAN_POINT('Ctrl Pts',(-271.184798110096,-92.7797264786431,
-11.));
#13734=CARTESIAN_POINT('',(-208.869512261259,-87.7797264786431,-16.));
#13735=CARTESIAN_POINT('Origin',(-120.007327452518,-87.7797264786431,-11.));
#13736=CARTESIAN_POINT('',(-195.513062757686,-87.7797264786431,-11.));
#13737=CARTESIAN_POINT('',(-195.513062757686,-87.7797264786431,-11.));
#13738=CARTESIAN_POINT('',(-204.950331382313,-87.7797264786431,-11.));
#13739=CARTESIAN_POINT('',(-120.007327452518,-87.7797264786431,-11.));
#13740=CARTESIAN_POINT('',(-204.950331382313,-87.7797264786431,-11.));
#13741=CARTESIAN_POINT('',(-275.01873610275,-87.7797264786431,-43.5));
#13742=CARTESIAN_POINT('Origin',(-277.51873610275,-87.7797264786431,-43.5));
#13743=CARTESIAN_POINT('',(-275.01873610275,-87.7797264786431,-41.));
#13744=CARTESIAN_POINT('',(-125.007327452518,-87.7797264786431,-43.5));
#13745=CARTESIAN_POINT('',(-125.007327452518,-87.7797264786431,-41.));
#13746=CARTESIAN_POINT('Origin',(-122.507327452518,-87.7797264786431,-43.5));
#13747=CARTESIAN_POINT('',(-172.69485627972,-87.7797264786431,-40.3157500621221));
#13748=CARTESIAN_POINT('',(-126.393927568697,-87.7797264786431,-40.3157500621221));
#13749=CARTESIAN_POINT('',(-123.700627510608,-87.7797264786431,-40.3157500621221));
#13750=CARTESIAN_POINT('',(-172.69485627972,-87.7797264786431,-31.3016901149406));
#13751=CARTESIAN_POINT('',(-172.69485627972,-87.7797264786431,-25.157875031061));
#13752=CARTESIAN_POINT('',(-126.393927568697,-87.7797264786431,-31.3016901149406));
#13753=CARTESIAN_POINT('',(-145.851091866119,-87.7797264786431,-31.3016901149406));
#13754=CARTESIAN_POINT('',(-126.393927568697,-87.7797264786431,-21.6508450574703));
#13755=CARTESIAN_POINT('Origin',(-297.73169707,-10.0086571508817,-11.));
#13756=CARTESIAN_POINT('',(-295.261390439095,-97.8819456968983,-11.));
#13757=CARTESIAN_POINT('Origin',(-281.444900505596,-103.721860586478,-11.));
#13758=CARTESIAN_POINT('',(-291.018444100853,-87.8436782863906,-11.));
#13759=CARTESIAN_POINT('',(-291.018444100853,-87.8436782863906,-11.));
#13760=CARTESIAN_POINT('',(-292.002206901248,-27.6422147196559,-11.));
#13761=CARTESIAN_POINT('',(-291.018444100853,-87.8436782863906,-11.));
#13762=CARTESIAN_POINT('',(-302.367088821333,-24.2744604346919,-11.));
#13763=CARTESIAN_POINT('',(-312.73169707,-20.9067950709621,-11.));
#13764=CARTESIAN_POINT('',(-302.36695162542,4.25719071058305,-11.));
#13765=CARTESIAN_POINT('Origin',(-297.73169707,-10.0086571508817,-11.));
#13766=CARTESIAN_POINT('',(-292.002206901248,7.62490041789251,-11.));
#13767=CARTESIAN_POINT('',(-292.002206901248,7.62490041789251,-11.));
#13768=CARTESIAN_POINT('',(-291.018444100853,67.8263639846273,-11.));
#13769=CARTESIAN_POINT('',(-292.002206901248,7.62490041789251,-11.));
#13770=CARTESIAN_POINT('',(-295.261390509202,77.8646315609997,-11.));
#13771=CARTESIAN_POINT('',(-299.504336916341,87.9028991345091,-11.));
#13772=CARTESIAN_POINT('',(-273.699741204608,96.5502657041288,-11.));
#13773=CARTESIAN_POINT('Origin',(-281.444900505596,83.7045462847148,-11.));
#13774=CARTESIAN_POINT('',(-264.366779651441,90.923077867798,-11.));
#13775=CARTESIAN_POINT('',(-264.366779651441,90.923077867798,-11.));
#13776=CARTESIAN_POINT('',(-200.23169707,65.923077867798,-11.));
#13777=CARTESIAN_POINT('',(-288.875216586375,68.0950976565152,-11.));
#13778=CARTESIAN_POINT('Origin',(-288.875216586375,68.0950976565152,-16.));
#13779=CARTESIAN_POINT('',(-270.753994046173,63.0950976565152,-16.));
#13780=CARTESIAN_POINT('Origin',(-270.753994046173,68.0950976565152,-16.));
#13781=CARTESIAN_POINT('',(-288.875216586375,63.0950976565152,-16.));
#13782=CARTESIAN_POINT('Origin',(-280.01873610275,63.0950976565152,-11.));
#13783=CARTESIAN_POINT('',(-270.753994046173,63.0950976565152,-38.0999994277954));
#13784=CARTESIAN_POINT('',(-270.753994046173,63.0950976565152,-12.1660457420636));
#13785=CARTESIAN_POINT('',(-200.691432907118,63.0950976565152,-38.0999994277954));
#13786=CARTESIAN_POINT('',(-275.386365074461,63.0950976565152,-38.0999994277954));
#13787=CARTESIAN_POINT('',(-200.691432907118,63.0950976565152,-24.5499997138977));
#13788=CARTESIAN_POINT('',(-125.007327452518,63.0950976565152,-43.5));
#13789=CARTESIAN_POINT('Origin',(-122.507327452518,63.0950976565152,-43.5));
#13790=CARTESIAN_POINT('',(-125.007327452518,63.0950976565152,-41.));
#13791=CARTESIAN_POINT('',(-275.01873610275,63.0950976565152,-43.4999997237491));
#13792=CARTESIAN_POINT('',(-275.01873610275,63.0950976565152,-41.));
#13793=CARTESIAN_POINT('Origin',(-277.51873610275,63.0950976565152,-43.5));
#13794=CARTESIAN_POINT('Origin',(-123.700627510608,-86.7797264786431,-40.3157500621221));
#13795=CARTESIAN_POINT('',(-127.393927568697,-86.7797264786431,-39.3157500621221));
#13796=CARTESIAN_POINT('Origin',(-126.393927568697,-86.7797264786431,-40.3157500621221));
#13797=CARTESIAN_POINT('',(-171.69485627972,-86.7797264786431,-39.3157500621221));
#13798=CARTESIAN_POINT('',(-123.700627510608,-86.7797264786431,-39.3157500621221));
#13799=CARTESIAN_POINT('Origin',(-172.69485627972,-86.7797264786431,-40.3157500621221));
#13800=CARTESIAN_POINT('Origin',(-126.393927568697,-86.7797264786431,-21.6508450574703));
#13801=CARTESIAN_POINT('',(-127.393927568697,-86.7797264786431,-32.3016901149406));
#13802=CARTESIAN_POINT('Origin',(-126.393927568697,-86.7797264786431,-31.3016901149406));
#13803=CARTESIAN_POINT('',(-127.393927568697,-86.7797264786431,-21.6508450574703));
#13804=CARTESIAN_POINT('Origin',(-172.69485627972,-86.7797264786431,-25.157875031061));
#13805=CARTESIAN_POINT('',(-171.69485627972,-86.7797264786431,-32.3016901149406));
#13806=CARTESIAN_POINT('',(-171.69485627972,-86.7797264786431,-25.157875031061));
#13807=CARTESIAN_POINT('Origin',(-172.69485627972,-86.7797264786431,-31.3016901149406));
#13808=CARTESIAN_POINT('Origin',(-145.851091866119,-86.7797264786431,-31.3016901149406));
#13809=CARTESIAN_POINT('',(-145.851091866119,-86.7797264786431,-32.3016901149406));
#13810=CARTESIAN_POINT('Origin',(-171.69485627972,-87.7797264786431,-39.3157500621221));
#13811=CARTESIAN_POINT('',(-171.69485627972,-67.7797264786431,-39.3157500621221));
#13812=CARTESIAN_POINT('',(-171.69485627972,-87.7797264786431,-39.3157500621221));
#13813=CARTESIAN_POINT('',(-171.69485627972,-67.7797264786431,-32.3016901149406));
#13814=CARTESIAN_POINT('',(-171.69485627972,-67.7797264786431,-39.3157500621221));
#13815=CARTESIAN_POINT('',(-171.69485627972,-87.7797264786431,-32.3016901149406));
#13816=CARTESIAN_POINT('Origin',(-127.393927568697,-87.7797264786431,-39.3157500621221));
#13817=CARTESIAN_POINT('',(-127.393927568697,-82.7797264786431,-39.3157500621221));
#13818=CARTESIAN_POINT('',(-127.393927568697,-87.7797264786431,-39.3157500621221));
#13819=CARTESIAN_POINT('',(-170.687247500226,-82.7797264786431,-39.3157500621221));
#13820=CARTESIAN_POINT('',(-149.040587534462,-82.7797264786431,-39.3157500621221));
#13821=CARTESIAN_POINT('',(-170.687247500226,-67.7797264786431,-39.3157500621221));
#13822=CARTESIAN_POINT('',(-170.687247500226,-16.0015015448407,-39.3157500621221));
#13823=CARTESIAN_POINT('',(-127.393927568697,-67.7797264786431,-39.3157500621221));
#13824=CARTESIAN_POINT('Origin',(-149.544391924209,-67.7797264786431,-35.8087200885314));
#13825=CARTESIAN_POINT('',(-170.687247500226,-67.7797264786431,-32.3016901149406));
#13826=CARTESIAN_POINT('',(-170.687247500226,-67.7797264786431,-23.4043600442657));
#13827=CARTESIAN_POINT('',(-171.69485627972,-67.7797264786431,-32.3016901149406));
#13828=CARTESIAN_POINT('Origin',(-127.393927568697,-87.7797264786431,-32.3016901149406));
#13829=CARTESIAN_POINT('',(-127.393927568697,-82.7797264786431,-32.3016901149406));
#13830=CARTESIAN_POINT('',(-127.393927568697,-87.7797264786431,-32.3016901149406));
#13831=CARTESIAN_POINT('',(-127.393927568697,-82.7797264786431,-21.6508450574703));
#13832=CARTESIAN_POINT('Origin',(-171.69485627972,-87.7797264786431,-32.3016901149406));
#13833=CARTESIAN_POINT('',(-170.687247500226,-82.7797264786431,-32.3016901149406));
#13834=CARTESIAN_POINT('',(-170.687247500226,-16.0015015448407,-32.3016901149406));
#13835=CARTESIAN_POINT('',(-171.191051889973,-82.7797264786431,-32.3016901149406));
#13836=CARTESIAN_POINT('Origin',(-170.687247500226,55.7767233889617,-11.));
#13837=CARTESIAN_POINT('',(-170.687247500226,-82.7797264786431,-11.));
#13838=CARTESIAN_POINT('',(-170.687247500226,55.7767233889617,-11.));
#13839=CARTESIAN_POINT('',(-170.687247500226,55.7767233889617,-11.));
#13840=CARTESIAN_POINT('',(-170.687247500226,-82.7797264786431,-11.));
#13841=CARTESIAN_POINT('',(-170.687247500226,22.88403311904,-11.));
#13842=CARTESIAN_POINT('',(-170.687247500226,-82.7797264786431,-11.));
#13843=CARTESIAN_POINT('Origin',(-270.753994046173,63.0950976565152,-13.3320914841272));
#13844=CARTESIAN_POINT('',(-270.753994046173,58.0950976565152,-38.0999994277954));
#13845=CARTESIAN_POINT('',(-270.753994046173,58.0950976565152,-12.1660457420636));
#13846=CARTESIAN_POINT('',(-270.753994046173,63.0950976565152,-38.0999994277954));
#13847=CARTESIAN_POINT('Origin',(-200.691432907118,63.0950976565152,-38.0999994277954));
#13848=CARTESIAN_POINT('',(-200.691432907118,58.0950976565152,-38.0999994277954));
#13849=CARTESIAN_POINT('',(-200.691432907118,63.0950976565152,-38.0999994277954));
#13850=CARTESIAN_POINT('',(-200.691432907118,58.0950976565152,-24.5499997138977));
#13851=CARTESIAN_POINT('Origin',(-270.753994046173,63.0950976565152,-38.0999994277954));
#13852=CARTESIAN_POINT('',(-232.42082901937,58.0950976565152,-38.0999994277954));
#13853=CARTESIAN_POINT('Origin',(-200.013031777634,-12.342314411064,-11.));
#13854=CARTESIAN_POINT('',(-192.241281202567,-16.2020046377592,-11.));
#13855=CARTESIAN_POINT('Origin',(-190.891281202567,-16.2020046377592,-11.));
#13856=CARTESIAN_POINT('Origin',(-186.963897196894,-12.8387994440667,-30.6244621131078));
#13857=CARTESIAN_POINT('',(-185.713897196894,-12.8387994440667,-31.));
#13858=CARTESIAN_POINT('Origin',(-186.963897196894,-12.8387994440667,-31.));
#13859=CARTESIAN_POINT('',(-186.963897196894,-12.8387994440667,-30.2489242262155));
#13860=CARTESIAN_POINT('',(-186.338897196894,-12.8387994440667,-30.6244621131078));
#13861=CARTESIAN_POINT('Origin',(-186.963897196894,-12.8387994440667,-37.));
#13862=CARTESIAN_POINT('',(-185.213897196894,-12.8387994440667,-37.));
#13863=CARTESIAN_POINT('Origin',(-186.963897196894,-12.8387994440667,-37.));
#13864=CARTESIAN_POINT('',(-185.713897196894,-12.8387994440667,-37.));
#13865=CARTESIAN_POINT('Origin',(-186.963897196894,-12.8387994440667,-37.));
#13866=CARTESIAN_POINT('Origin',(-186.963897196894,-12.8387994440667,-39.));
#13867=CARTESIAN_POINT('',(-185.213897196894,-12.8387994440667,-39.));
#13868=CARTESIAN_POINT('Origin',(-186.963897196894,-12.8387994440667,-36.));
#13869=CARTESIAN_POINT('',(-185.713897196894,-12.8387994440667,-36.));
#13870=CARTESIAN_POINT('Origin',(-277.51873610275,-81.619001349032,-43.5));
#13871=CARTESIAN_POINT('',(-275.01873610275,-81.619001349032,-43.4999997237491));
#13872=CARTESIAN_POINT('Origin',(-277.51873610275,-81.619001349032,-43.5));
#13873=CARTESIAN_POINT('',(-275.01873610275,-81.619001349032,-43.5));
#13874=CARTESIAN_POINT('Origin',(-277.51873610275,-81.619001349032,-43.5));
#13875=CARTESIAN_POINT('',(-275.01873610275,58.0950976565152,-43.4999997237491));
#13876=CARTESIAN_POINT('Origin',(-277.51873610275,58.0950976565152,-43.5));
#13877=CARTESIAN_POINT('',(-275.01873610275,-81.619001349032,-43.5));
#13878=CARTESIAN_POINT('Origin',(-275.01873610275,63.0950976565152,-41.));
#13879=CARTESIAN_POINT('',(-275.01873610275,58.0950976565152,-11.));
#13880=CARTESIAN_POINT('',(-275.01873610275,58.0950976565152,-11.));
#13881=CARTESIAN_POINT('',(-275.01873610275,-81.619001349032,-11.));
#13882=CARTESIAN_POINT('',(-275.01873610275,26.5432202528167,-11.));
#13883=CARTESIAN_POINT('',(-275.01873610275,-81.619001349032,-11.));
#13884=CARTESIAN_POINT('',(-275.01873610275,-31.619001349032,-43.4999997237491));
#13885=CARTESIAN_POINT('',(-275.01873610275,-81.619001349032,-43.4999997237491));
#13886=CARTESIAN_POINT('',(-275.01873610275,-31.619001349032,-41.));
#13887=CARTESIAN_POINT('',(-275.01873610275,-31.619001349032,-41.));
#13888=CARTESIAN_POINT('',(-275.01873610275,8.09509765651516,-41.));
#13889=CARTESIAN_POINT('',(-275.01873610275,58.0950976565152,-41.));
#13890=CARTESIAN_POINT('',(-275.01873610275,8.09509765651516,-43.4999997237491));
#13891=CARTESIAN_POINT('',(-275.01873610275,8.09509765651516,-41.6249999309373));
#13892=CARTESIAN_POINT('',(-275.01873610275,58.0950976565152,-43.4999997237491));
#13893=CARTESIAN_POINT('Origin',(-280.01873610275,-81.619001349032,-41.));
#13894=CARTESIAN_POINT('',(-277.51873610275,-81.619001349032,-41.));
#13895=CARTESIAN_POINT('',(-240.015883940192,-81.619001349032,-41.));
#13896=CARTESIAN_POINT('Origin',(-277.51873610275,-81.619001349032,-43.5));
#13897=CARTESIAN_POINT('Origin',(-277.51873610275,58.0950976565152,-43.5));
#13898=CARTESIAN_POINT('',(-277.51873610275,58.0950976565152,-41.));
#13899=CARTESIAN_POINT('Origin',(-277.51873610275,58.0950976565152,-43.5));
#13900=CARTESIAN_POINT('',(-277.51873610275,8.09509765651516,-41.));
#13901=CARTESIAN_POINT('Origin',(-277.51873610275,8.09509765651516,-43.5));
#13902=CARTESIAN_POINT('',(-277.51873610275,58.0950976565152,-41.));
#13903=CARTESIAN_POINT('Origin',(-276.26873610275,8.09509765651516,-42.2499998618746));
#13904=CARTESIAN_POINT('',(-238.140883940192,8.09509765651516,-41.));
#13905=CARTESIAN_POINT('Origin',(-275.01873610275,58.0950976565152,-41.));
#13906=CARTESIAN_POINT('',(-237.515883940192,58.0950976565152,-41.));
#13907=CARTESIAN_POINT('Origin',(-277.51873610275,-81.619001349032,-43.5));
#13908=CARTESIAN_POINT('',(-277.51873610275,-31.619001349032,-41.));
#13909=CARTESIAN_POINT('',(-277.51873610275,-81.619001349032,-41.));
#13910=CARTESIAN_POINT('Origin',(-277.51873610275,-31.619001349032,-43.5));
#13911=CARTESIAN_POINT('Origin',(-276.26873610275,-31.619001349032,-42.2499998618746));
#13912=CARTESIAN_POINT('',(-238.140883940192,-31.619001349032,-41.));
#13913=CARTESIAN_POINT('Origin',(-200.013031777634,-12.342314411064,-41.));
#13914=CARTESIAN_POINT('Origin',(-175.647109638133,-12.342314411064,-30.5268222625158));
#13915=CARTESIAN_POINT('',(-174.072109638133,-12.342314411064,-31.));
#13916=CARTESIAN_POINT('Origin',(-175.647109638133,-12.342314411064,-31.));
#13917=CARTESIAN_POINT('',(-175.647109638133,-12.342314411064,-30.0536445250316));
#13918=CARTESIAN_POINT('',(-174.859609638133,-12.342314411064,-30.5268222625158));
#13919=CARTESIAN_POINT('Origin',(-175.647109638133,-12.342314411064,-37.));
#13920=CARTESIAN_POINT('',(-173.897109638133,-12.342314411064,-37.));
#13921=CARTESIAN_POINT('Origin',(-175.647109638133,-12.342314411064,-37.));
#13922=CARTESIAN_POINT('',(-174.072109638133,-12.342314411064,-37.));
#13923=CARTESIAN_POINT('Origin',(-175.647109638133,-12.342314411064,-37.));
#13924=CARTESIAN_POINT('Origin',(-175.647109638133,-12.342314411064,-39.));
#13925=CARTESIAN_POINT('',(-173.897109638133,-12.342314411064,-39.));
#13926=CARTESIAN_POINT('Origin',(-175.647109638133,-12.342314411064,-36.));
#13927=CARTESIAN_POINT('',(-174.072109638133,-12.342314411064,-36.));
#13928=CARTESIAN_POINT('Origin',(-122.507327452518,55.7767233889617,-43.5));
#13929=CARTESIAN_POINT('',(-125.007327452518,5.77672338896175,-43.5));
#13930=CARTESIAN_POINT('',(-122.507327452518,5.77672338896175,-41.));
#13931=CARTESIAN_POINT('Origin',(-122.507327452518,5.77672338896175,-43.5));
#13932=CARTESIAN_POINT('',(-125.007327452518,-82.7797264786431,-43.5));
#13933=CARTESIAN_POINT('',(-122.507327452518,55.7767233889617,-41.));
#13934=CARTESIAN_POINT('Origin',(-122.507327452518,55.7767233889617,-43.5));
#13935=CARTESIAN_POINT('',(-122.507327452518,55.7767233889617,-41.));
#13936=CARTESIAN_POINT('Origin',(-122.507327452518,-82.7797264786431,-43.5));
#13937=CARTESIAN_POINT('',(-122.507327452518,-32.7797264786431,-41.));
#13938=CARTESIAN_POINT('',(-125.007327452518,-32.7797264786431,-43.5));
#13939=CARTESIAN_POINT('Origin',(-122.507327452518,-32.7797264786431,-43.5));
#13940=CARTESIAN_POINT('',(-122.507327452518,-82.7797264786431,-41.));
#13941=CARTESIAN_POINT('',(-122.507327452518,-82.7797264786431,-41.));
#13942=CARTESIAN_POINT('Origin',(-122.507327452518,-82.7797264786431,-43.5));
#13943=CARTESIAN_POINT('',(-125.007327452518,-82.7797264786431,-43.5));
#13944=CARTESIAN_POINT('Origin',(-125.007327452518,-82.7797264786431,-11.));
#13945=CARTESIAN_POINT('',(-125.007327452518,5.77672338896175,-41.));
#13946=CARTESIAN_POINT('',(-125.007327452518,5.77672338896175,-43.5));
#13947=CARTESIAN_POINT('',(-125.007327452518,-32.7797264786431,-41.));
#13948=CARTESIAN_POINT('',(-125.007327452518,-82.7797264786431,-41.));
#13949=CARTESIAN_POINT('',(-125.007327452518,-32.7797264786431,-46.));
#13950=CARTESIAN_POINT('',(-125.007327452518,-82.7797264786431,-11.));
#13951=CARTESIAN_POINT('',(-125.007327452518,-82.7797264786431,-11.));
#13952=CARTESIAN_POINT('',(-125.007327452518,55.7767233889617,-11.));
#13953=CARTESIAN_POINT('',(-125.007327452518,-46.3941918147624,-11.));
#13954=CARTESIAN_POINT('',(-125.007327452518,55.7767233889617,-11.));
#13955=CARTESIAN_POINT('Origin',(-122.507327452518,55.7767233889617,-43.5));
#13956=CARTESIAN_POINT('',(-120.757327452518,5.77672338896175,-43.5));
#13957=CARTESIAN_POINT('Origin',(-122.507327452518,5.77672338896175,-43.5));
#13958=CARTESIAN_POINT('',(-120.757327452518,55.7767233889617,-43.5));
#13959=CARTESIAN_POINT('',(-120.757327452518,55.7767233889617,-43.5));
#13960=CARTESIAN_POINT('Origin',(-122.507327452518,55.7767233889617,-43.5));
#13961=CARTESIAN_POINT('Origin',(-122.507327452518,5.77672338896175,-43.5));
#13962=CARTESIAN_POINT('',(-161.260179615076,5.77672338896175,-41.));
#13963=CARTESIAN_POINT('Origin',(-200.013031777634,-12.342314411064,-41.));
#13964=CARTESIAN_POINT('',(-160.010179615076,55.7767233889617,-41.));
#13965=CARTESIAN_POINT('',(-162.510179615076,-82.7797264786431,-41.));
#13966=CARTESIAN_POINT('',(-161.260179615076,-32.7797264786431,-41.));
#13967=CARTESIAN_POINT('Origin',(-120.007327452518,55.7767233889617,-41.));
#13968=CARTESIAN_POINT('Origin',(-120.007327452518,55.7767233889617,-41.));
#13969=CARTESIAN_POINT('Origin',(-122.507327452518,-82.7797264786431,-43.5));
#13970=CARTESIAN_POINT('',(-120.757327452518,-32.7797264786431,-43.5));
#13971=CARTESIAN_POINT('Origin',(-122.507327452518,-32.7797264786431,-43.5));
#13972=CARTESIAN_POINT('',(-120.757327452518,-82.7797264786431,-43.5));
#13973=CARTESIAN_POINT('',(-120.757327452518,-82.7797264786431,-43.5));
#13974=CARTESIAN_POINT('Origin',(-122.507327452518,-82.7797264786431,-43.5));
#13975=CARTESIAN_POINT('Origin',(-122.507327452518,-32.7797264786431,-43.5));
#13976=CARTESIAN_POINT('Origin',(-125.007327452518,-82.7797264786431,-41.));
#13977=CARTESIAN_POINT('Origin',(-125.007327452518,-82.7797264786431,-41.));
#13978=CARTESIAN_POINT('Origin',(-200.013031777634,-12.342314411064,-41.));
#13979=CARTESIAN_POINT('',(-194.087663992567,-81.619001349032,-41.));
#13980=CARTESIAN_POINT('Origin',(-194.087663992567,-81.619001349032,-11.));
#13981=CARTESIAN_POINT('',(-194.087663992567,58.0950976565152,-11.));
#13982=CARTESIAN_POINT('',(-194.087663992567,-81.619001349032,-11.));
#13983=CARTESIAN_POINT('',(-194.087663992567,-45.8138292499569,-11.));
#13984=CARTESIAN_POINT('',(-194.087663992567,58.0950976565152,-11.));
#13985=CARTESIAN_POINT('',(-194.087663992567,-81.619001349032,-11.));
#13986=CARTESIAN_POINT('Origin',(-275.01873610275,-81.619001349032,-11.));
#13987=CARTESIAN_POINT('',(-286.375216586375,-81.619001349032,-11.));
#13988=CARTESIAN_POINT('Origin',(-194.087663992567,58.0950976565152,-11.));
#13989=CARTESIAN_POINT('',(-245.909680531283,58.0950976565152,-11.));
#13990=CARTESIAN_POINT('Origin',(-170.687247500226,-82.7797264786431,-11.));
#13991=CARTESIAN_POINT('',(-234.209472285113,-82.7797264786431,-11.));
#13992=CARTESIAN_POINT('Origin',(-125.007327452518,55.7767233889617,-11.));
#13993=CARTESIAN_POINT('',(-211.369512261259,55.7767233889618,-11.));
#13994=CARTESIAN_POINT('Origin',(-200.013031777634,-12.342314411064,-11.));
#13995=CARTESIAN_POINT('',(-200.23169707,-85.9403921695613,-11.));
#13996=CARTESIAN_POINT('',(-200.23169707,-85.9403921695613,-11.));
#13997=CARTESIAN_POINT('',(-200.23169707,-85.9403921695613,-11.));
#13998=CARTESIAN_POINT('Origin',(-297.73169707,-10.0086571508817,-11.));
#13999=CARTESIAN_POINT('',(-212.237735732515,-16.2028151539008,-11.));
#14000=CARTESIAN_POINT('Origin',(-210.887735732515,-16.2028151539008,-11.));
#14001=CARTESIAN_POINT('',(-261.192554954141,11.9038498396246,-11.));
#14002=CARTESIAN_POINT('Origin',(-262.442554954141,11.9038498396246,-11.));
#14003=CARTESIAN_POINT('',(-212.192554954142,11.9038498396246,-11.));
#14004=CARTESIAN_POINT('Origin',(-213.442554954142,11.9038498396246,-11.));
#14005=CARTESIAN_POINT('',(-199.839648029084,-69.0996677206172,-11.));
#14006=CARTESIAN_POINT('Origin',(-201.089648029084,-69.0996677206172,-11.));
#14007=CARTESIAN_POINT('',(-212.192554954142,-46.0961501603745,-11.));
#14008=CARTESIAN_POINT('Origin',(-213.442554954142,-46.0961501603745,-11.));
#14009=CARTESIAN_POINT('',(-199.839648029084,8.90033227938159,-11.));
#14010=CARTESIAN_POINT('Origin',(-201.089648029084,8.90033227938159,-11.));
#14011=CARTESIAN_POINT('',(-261.192554954141,-46.0961501603745,-11.));
#14012=CARTESIAN_POINT('Origin',(-262.442554954141,-46.0961501603745,-11.));
#14013=CARTESIAN_POINT('Origin',(-297.73169707,-10.0086571508817,-11.));
#14014=CARTESIAN_POINT('',(-138.839648029085,8.90033227938155,-11.));
#14015=CARTESIAN_POINT('Origin',(-140.089648029085,8.90033227938155,-11.));
#14016=CARTESIAN_POINT('',(-141.339648029085,-69.0996677206172,-11.));
#14017=CARTESIAN_POINT('Origin',(-140.089648029085,-69.0996677206172,-11.));
#14018=CARTESIAN_POINT('Origin',(-119.018493634403,83.7045462847148,0.));
#14019=CARTESIAN_POINT('',(-124.518493634403,83.7045462847148,-14.));
#14020=CARTESIAN_POINT('Origin',(-119.018493634403,83.7045462847148,-14.));
#14021=CARTESIAN_POINT('',(-124.518493634403,83.7045462847148,-10.));
#14022=CARTESIAN_POINT('',(-124.518493634403,83.7045462847148,0.));
#14023=CARTESIAN_POINT('Origin',(-119.018493634403,83.7045462847148,-10.));
#14024=CARTESIAN_POINT('Origin',(-281.444900505596,-103.721860586478,0.));
#14025=CARTESIAN_POINT('',(-286.944900505596,-103.721860586478,-14.));
#14026=CARTESIAN_POINT('Origin',(-281.444900505596,-103.721860586478,-14.));
#14027=CARTESIAN_POINT('',(-286.944900505596,-103.721860586478,-10.));
#14028=CARTESIAN_POINT('',(-286.944900505596,-103.721860586478,0.));
#14029=CARTESIAN_POINT('Origin',(-281.444900505596,-103.721860586478,-10.));
#14030=CARTESIAN_POINT('Origin',(-281.444900505596,83.7045462847148,0.));
#14031=CARTESIAN_POINT('',(-286.944900505596,83.7045462847148,-14.));
#14032=CARTESIAN_POINT('Origin',(-281.444900505596,83.7045462847148,-14.));
#14033=CARTESIAN_POINT('',(-286.944900505596,83.7045462847148,-10.));
#14034=CARTESIAN_POINT('',(-286.944900505596,83.7045462847148,0.));
#14035=CARTESIAN_POINT('Origin',(-281.444900505596,83.7045462847148,-10.));
#14036=CARTESIAN_POINT('Origin',(-102.73169707,-10.0086571508816,0.));
#14037=CARTESIAN_POINT('',(-108.23169707,-10.0086571508816,-14.));
#14038=CARTESIAN_POINT('Origin',(-102.73169707,-10.0086571508816,-14.));
#14039=CARTESIAN_POINT('',(-108.23169707,-10.0086571508816,-10.));
#14040=CARTESIAN_POINT('',(-108.23169707,-10.0086571508816,0.));
#14041=CARTESIAN_POINT('Origin',(-102.73169707,-10.0086571508816,-10.));
#14042=CARTESIAN_POINT('Origin',(-119.018493634403,-103.721860586478,0.));
#14043=CARTESIAN_POINT('',(-124.518493634403,-103.721860586478,-14.));
#14044=CARTESIAN_POINT('Origin',(-119.018493634403,-103.721860586478,-14.));
#14045=CARTESIAN_POINT('',(-124.518493634403,-103.721860586478,-10.));
#14046=CARTESIAN_POINT('',(-124.518493634403,-103.721860586478,0.));
#14047=CARTESIAN_POINT('Origin',(-119.018493634403,-103.721860586478,-10.));
#14048=CARTESIAN_POINT('Origin',(-297.73169707,-10.0086571508817,0.));
#14049=CARTESIAN_POINT('',(-303.23169707,-10.0086571508817,-14.));
#14050=CARTESIAN_POINT('Origin',(-297.73169707,-10.0086571508817,-14.));
#14051=CARTESIAN_POINT('',(-303.23169707,-10.0086571508817,-10.));
#14052=CARTESIAN_POINT('',(-303.23169707,-10.0086571508817,0.));
#14053=CARTESIAN_POINT('Origin',(-297.73169707,-10.0086571508817,-10.));
#14054=CARTESIAN_POINT('Origin',(-281.444900505596,-103.721860586478,-6.));
#14055=CARTESIAN_POINT('',(-288.994900505596,-103.721860586478,-6.));
#14056=CARTESIAN_POINT('Origin',(-281.444900505596,-103.721860586478,-6.));
#14057=CARTESIAN_POINT('',(-288.994900505596,-103.721860586478,-10.));
#14058=CARTESIAN_POINT('',(-288.994900505596,-103.721860586478,-6.));
#14059=CARTESIAN_POINT('Origin',(-281.444900505596,-103.721860586478,-10.));
#14060=CARTESIAN_POINT('Origin',(-200.23169707,-10.0086571508816,-10.));
#14061=CARTESIAN_POINT('Origin',(-119.018493634403,83.7045462847148,-6.));
#14062=CARTESIAN_POINT('',(-126.568493634403,83.7045462847148,-6.));
#14063=CARTESIAN_POINT('Origin',(-119.018493634403,83.7045462847148,-6.));
#14064=CARTESIAN_POINT('',(-126.568493634403,83.7045462847148,-10.));
#14065=CARTESIAN_POINT('',(-126.568493634403,83.7045462847148,-6.));
#14066=CARTESIAN_POINT('Origin',(-119.018493634403,83.7045462847148,-10.));
#14067=CARTESIAN_POINT('Origin',(-200.23169707,-10.0086571508816,-10.));
#14068=CARTESIAN_POINT('Origin',(-119.018493634403,-103.721860586478,-6.));
#14069=CARTESIAN_POINT('',(-126.568493634403,-103.721860586478,-6.));
#14070=CARTESIAN_POINT('Origin',(-119.018493634403,-103.721860586478,-6.));
#14071=CARTESIAN_POINT('',(-126.568493634403,-103.721860586478,-10.));
#14072=CARTESIAN_POINT('',(-126.568493634403,-103.721860586478,-6.));
#14073=CARTESIAN_POINT('Origin',(-119.018493634403,-103.721860586478,-10.));
#14074=CARTESIAN_POINT('Origin',(-200.23169707,-10.0086571508816,-10.));
#14075=CARTESIAN_POINT('Origin',(-297.73169707,-10.0086571508817,-6.));
#14076=CARTESIAN_POINT('',(-305.28169707,-10.0086571508817,-6.));
#14077=CARTESIAN_POINT('Origin',(-297.73169707,-10.0086571508817,-6.));
#14078=CARTESIAN_POINT('',(-305.28169707,-10.0086571508817,-10.));
#14079=CARTESIAN_POINT('',(-305.28169707,-10.0086571508817,-6.));
#14080=CARTESIAN_POINT('Origin',(-297.73169707,-10.0086571508817,-10.));
#14081=CARTESIAN_POINT('Origin',(-200.23169707,-10.0086571508816,-10.));
#14082=CARTESIAN_POINT('Origin',(-281.444900505596,83.7045462847148,-6.));
#14083=CARTESIAN_POINT('',(-288.994900505596,83.7045462847148,-6.));
#14084=CARTESIAN_POINT('Origin',(-281.444900505596,83.7045462847148,-6.));
#14085=CARTESIAN_POINT('',(-288.994900505596,83.7045462847148,-10.));
#14086=CARTESIAN_POINT('',(-288.994900505596,83.7045462847148,-6.));
#14087=CARTESIAN_POINT('Origin',(-281.444900505596,83.7045462847148,-10.));
#14088=CARTESIAN_POINT('Origin',(-200.23169707,-10.0086571508816,-10.));
#14089=CARTESIAN_POINT('Origin',(-102.73169707,-10.0086571508816,-6.));
#14090=CARTESIAN_POINT('',(-110.28169707,-10.0086571508816,-6.));
#14091=CARTESIAN_POINT('Origin',(-102.73169707,-10.0086571508816,-6.));
#14092=CARTESIAN_POINT('',(-110.28169707,-10.0086571508816,-10.));
#14093=CARTESIAN_POINT('',(-110.28169707,-10.0086571508816,-6.));
#14094=CARTESIAN_POINT('Origin',(-102.73169707,-10.0086571508816,-10.));
#14095=CARTESIAN_POINT('Origin',(-200.23169707,-10.0086571508816,-10.));
#14096=CARTESIAN_POINT('Origin',(-213.442554954142,8.15384983962456,-6.));
#14097=CARTESIAN_POINT('',(-202.040889085276,5.27298607960687,-6.));
#14098=CARTESIAN_POINT('',(-213.442554954142,8.15384983962456,-6.));
#14099=CARTESIAN_POINT('',(-250.901119295732,17.6185212091524,-6.));
#14100=CARTESIAN_POINT('',(-202.040889085276,5.27298607960687,4.));
#14101=CARTESIAN_POINT('',(-202.040889085203,5.27298607958862,-6.));
#14102=CARTESIAN_POINT('',(-213.442554954142,8.15384983962456,4.));
#14103=CARTESIAN_POINT('',(-201.97562010874,5.25649453957085,4.));
#14104=CARTESIAN_POINT('',(-213.442554954142,8.15384983962456,-6.));
#14105=CARTESIAN_POINT('Origin',(-200.640301503554,12.6503322793816,-6.));
#14106=CARTESIAN_POINT('',(-212.556582874485,15.5476875794353,-6.));
#14107=CARTESIAN_POINT('',(-200.640301503554,12.6503322793816,-6.));
#14108=CARTESIAN_POINT('',(-243.875334696461,23.1626094462377,-6.));
#14109=CARTESIAN_POINT('',(-212.556582874485,15.5476875794353,4.));
#14110=CARTESIAN_POINT('',(-212.556582874485,15.5476875794353,-6.));
#14111=CARTESIAN_POINT('',(-200.640301503554,12.6503322793816,4.));
#14112=CARTESIAN_POINT('',(-212.556582874485,15.5476875794353,4.));
#14113=CARTESIAN_POINT('',(-200.640301503554,12.6503322793816,-6.));
#14114=CARTESIAN_POINT('Origin',(-201.089648029084,12.6503322793816,-6.));
#14115=CARTESIAN_POINT('',(-201.089648029084,12.6503322793816,-6.));
#14116=CARTESIAN_POINT('',(-249.410672549542,12.6503322793816,-6.));
#14117=CARTESIAN_POINT('',(-201.089648029084,12.6503322793816,4.));
#14118=CARTESIAN_POINT('',(-201.089648029084,12.6503322793816,4.));
#14119=CARTESIAN_POINT('',(-201.089648029084,12.6503322793816,-6.));
#14120=CARTESIAN_POINT('Origin',(-207.041428228848,10.4103368295211,4.));
#14121=CARTESIAN_POINT('',(-209.692554954142,11.9038498396246,4.));
#14122=CARTESIAN_POINT('Origin',(-213.442554954142,11.9038498396246,4.));
#14123=CARTESIAN_POINT('Origin',(-213.442554954142,11.9038498396246,4.));
#14124=CARTESIAN_POINT('Origin',(-201.089648029084,8.90033227938159,4.));
#14125=CARTESIAN_POINT('Origin',(-262.442554954141,8.1538498396246,-6.));
#14126=CARTESIAN_POINT('',(-262.442554954141,8.1538498396246,-6.));
#14127=CARTESIAN_POINT('',(-280.08712601207,8.15384983962462,-6.));
#14128=CARTESIAN_POINT('',(-262.442554954141,8.1538498396246,4.));
#14129=CARTESIAN_POINT('',(-213.442554954142,8.15384983962456,4.));
#14130=CARTESIAN_POINT('',(-262.442554954141,8.1538498396246,-6.));
#14131=CARTESIAN_POINT('Origin',(-213.442554954142,15.6538498396246,-6.));
#14132=CARTESIAN_POINT('',(-262.442554954141,15.6538498396246,-6.));
#14133=CARTESIAN_POINT('',(-213.442554954142,15.6538498396246,-6.));
#14134=CARTESIAN_POINT('',(-255.587126012071,15.6538498396246,-6.));
#14135=CARTESIAN_POINT('',(-262.442554954141,15.6538498396246,4.));
#14136=CARTESIAN_POINT('',(-262.442554954141,15.6538498396246,-6.));
#14137=CARTESIAN_POINT('',(-213.442554954142,15.6538498396246,4.));
#14138=CARTESIAN_POINT('',(-262.442554954141,15.6538498396246,4.));
#14139=CARTESIAN_POINT('',(-213.442554954142,15.6538498396246,-6.));
#14140=CARTESIAN_POINT('Origin',(-237.942554954141,11.9038498396246,4.));
#14141=CARTESIAN_POINT('Origin',(-213.442554954142,11.9038498396246,4.));
#14142=CARTESIAN_POINT('',(-258.692554954141,11.9038498396246,4.));
#14143=CARTESIAN_POINT('Origin',(-262.442554954141,11.9038498396246,4.));
#14144=CARTESIAN_POINT('Origin',(-262.442554954141,11.9038498396246,4.));
#14145=CARTESIAN_POINT('Origin',(-140.089648029085,12.6503322793815,-6.));
#14146=CARTESIAN_POINT('',(-140.089648029085,12.6503322793815,-6.));
#14147=CARTESIAN_POINT('',(-218.910672549542,12.6503322793816,-6.));
#14148=CARTESIAN_POINT('',(-200.640301503554,12.6503322793816,-6.));
#14149=CARTESIAN_POINT('',(-140.089648029085,12.6503322793815,4.));
#14150=CARTESIAN_POINT('',(-201.089648029084,12.6503322793816,4.));
#14151=CARTESIAN_POINT('',(-140.089648029085,12.6503322793815,-6.));
#14152=CARTESIAN_POINT('Origin',(-136.339648029085,-69.0996677206172,-6.));
#14153=CARTESIAN_POINT('',(-136.339648029085,8.90033227938155,-6.));
#14154=CARTESIAN_POINT('',(-136.339648029085,-69.0996677206172,-6.));
#14155=CARTESIAN_POINT('',(-136.339648029085,-39.5541624357495,-6.));
#14156=CARTESIAN_POINT('',(-136.339648029085,8.90033227938152,4.));
#14157=CARTESIAN_POINT('',(-136.339648029085,8.90033227938155,-6.));
#14158=CARTESIAN_POINT('',(-136.339648029085,-69.0996677206172,4.));
#14159=CARTESIAN_POINT('',(-136.339648029085,-69.0996677206172,4.));
#14160=CARTESIAN_POINT('',(-136.339648029085,-69.0996677206172,-6.));
#14161=CARTESIAN_POINT('Origin',(-201.089648029084,-72.8496677206172,-6.));
#14162=CARTESIAN_POINT('',(-140.089648029085,-72.8496677206172,-6.));
#14163=CARTESIAN_POINT('',(-201.089648029084,-72.8496677206172,-6.));
#14164=CARTESIAN_POINT('',(-249.410672549542,-72.8496677206172,-6.));
#14165=CARTESIAN_POINT('',(-140.089648029085,-72.8496677206172,4.));
#14166=CARTESIAN_POINT('',(-140.089648029085,-72.8496677206172,-6.));
#14167=CARTESIAN_POINT('',(-201.089648029084,-72.8496677206172,4.));
#14168=CARTESIAN_POINT('',(-140.089648029085,-72.8496677206172,4.));
#14169=CARTESIAN_POINT('',(-201.089648029084,-72.8496677206172,-6.));
#14170=CARTESIAN_POINT('Origin',(-215.677818676453,-49.8461501603745,-6.));
#14171=CARTESIAN_POINT('',(-204.679450490438,-70.1840192726795,-6.));
#14172=CARTESIAN_POINT('',(-215.677818676453,-49.8461501603745,-6.));
#14173=CARTESIAN_POINT('',(-233.295480867667,-17.2680711535912,-6.));
#14174=CARTESIAN_POINT('',(-204.679450490438,-70.1840192726795,4.));
#14175=CARTESIAN_POINT('',(-204.679450490438,-70.1840192726796,-6.));
#14176=CARTESIAN_POINT('',(-215.677818676453,-49.8461501603745,4.));
#14177=CARTESIAN_POINT('',(-203.962322457076,-71.5101120014005,4.));
#14178=CARTESIAN_POINT('',(-215.677818676453,-49.8461501603745,-6.));
#14179=CARTESIAN_POINT('Origin',(-262.442554954141,-49.8461501603745,-6.));
#14180=CARTESIAN_POINT('',(-262.442554954141,-49.8461501603745,-6.));
#14181=CARTESIAN_POINT('',(-280.08712601207,-49.8461501603745,-6.));
#14182=CARTESIAN_POINT('',(-262.442554954141,-49.8461501603745,4.));
#14183=CARTESIAN_POINT('',(-213.442554954142,-49.8461501603745,4.));
#14184=CARTESIAN_POINT('',(-262.442554954141,-49.8461501603745,-6.));
#14185=CARTESIAN_POINT('Origin',(-213.442554954142,-42.3461501603745,-6.));
#14186=CARTESIAN_POINT('',(-262.442554954141,-42.3461501603745,-6.));
#14187=CARTESIAN_POINT('',(-213.442554954142,-42.3461501603745,-6.));
#14188=CARTESIAN_POINT('',(-255.587126012071,-42.3461501603745,-6.));
#14189=CARTESIAN_POINT('',(-262.442554954141,-42.3461501603745,4.));
#14190=CARTESIAN_POINT('',(-262.442554954141,-42.3461501603745,-6.));
#14191=CARTESIAN_POINT('',(-213.442554954142,-42.3461501603745,4.));
#14192=CARTESIAN_POINT('',(-213.442554954142,-42.3461501603745,4.));
#14193=CARTESIAN_POINT('',(-213.442554954142,-42.3461501603745,-6.));
#14194=CARTESIAN_POINT('Origin',(-213.442554954142,-46.0961501603745,-6.));
#14195=CARTESIAN_POINT('',(-216.746333988679,-47.8702820864033,-6.));
#14196=CARTESIAN_POINT('',(-216.746333988678,-47.8702820864036,4.));
#14197=CARTESIAN_POINT('',(-216.746333988679,-47.8702820864033,-6.));
#14198=CARTESIAN_POINT('',(-216.735877982652,-47.8896170348618,4.));
#14199=CARTESIAN_POINT('Origin',(-213.442554954142,-46.0961501603745,4.));
#14200=CARTESIAN_POINT('',(-216.735877982816,-47.889617034558,-6.));
#14201=CARTESIAN_POINT('',(-216.735877982816,-47.889617034558,-6.));
#14202=CARTESIAN_POINT('Origin',(-213.442554954142,-46.0961501603745,-6.));
#14203=CARTESIAN_POINT('Origin',(-198.846911695953,-65.3496677206172,-6.));
#14204=CARTESIAN_POINT('',(-210.138775919605,-44.3220182343456,-6.));
#14205=CARTESIAN_POINT('',(-198.846911695953,-65.3496677206172,-6.));
#14206=CARTESIAN_POINT('',(-221.446616340556,-23.2646179584535,-6.));
#14207=CARTESIAN_POINT('',(-210.138775919605,-44.3220182343456,4.));
#14208=CARTESIAN_POINT('',(-210.138775919605,-44.3220182343457,-6.));
#14209=CARTESIAN_POINT('',(-198.846911695953,-65.3496677206172,4.));
#14210=CARTESIAN_POINT('',(-197.785868994547,-67.3255357945884,4.));
#14211=CARTESIAN_POINT('',(-198.846911695953,-65.3496677206172,-6.));
#14212=CARTESIAN_POINT('Origin',(-143.839648029085,-65.3496677206172,-6.));
#14213=CARTESIAN_POINT('',(-143.839648029085,-65.3496677206172,-6.));
#14214=CARTESIAN_POINT('',(-220.785672549542,-65.3496677206172,-6.));
#14215=CARTESIAN_POINT('',(-143.839648029085,-65.3496677206172,4.));
#14216=CARTESIAN_POINT('',(-201.089648029084,-65.3496677206172,4.));
#14217=CARTESIAN_POINT('',(-143.839648029085,-65.3496677206172,-6.));
#14218=CARTESIAN_POINT('Origin',(-143.839648029085,5.15033227938155,-6.));
#14219=CARTESIAN_POINT('',(-143.839648029085,5.15033227938155,-6.));
#14220=CARTESIAN_POINT('',(-143.839648029085,-2.4291624357501,-6.));
#14221=CARTESIAN_POINT('',(-143.839648029085,5.15033227938155,4.));
#14222=CARTESIAN_POINT('',(-143.839648029085,8.90033227938155,4.));
#14223=CARTESIAN_POINT('',(-143.839648029085,5.15033227938155,-6.));
#14224=CARTESIAN_POINT('Origin',(-201.089648029084,5.15033227938158,-6.));
#14225=CARTESIAN_POINT('',(-201.089648029084,5.15033227938158,-6.));
#14226=CARTESIAN_POINT('',(-249.410672549542,5.15033227938161,-6.));
#14227=CARTESIAN_POINT('',(-201.089648029084,5.15033227938158,4.));
#14228=CARTESIAN_POINT('',(-201.089648029084,5.15033227938158,4.));
#14229=CARTESIAN_POINT('',(-201.089648029084,5.15033227938158,-6.));
#14230=CARTESIAN_POINT('Origin',(-200.640301503554,12.6503322793816,-6.));
#14231=CARTESIAN_POINT('',(-200.203675949427,12.5441700191923,-6.));
#14232=CARTESIAN_POINT('',(-243.875334696461,23.1626094462377,-6.));
#14233=CARTESIAN_POINT('',(-200.203675949427,12.5441700191923,4.));
#14234=CARTESIAN_POINT('',(-200.203675949427,12.5441700191923,-6.));
#14235=CARTESIAN_POINT('',(-212.556582874485,15.5476875794353,4.));
#14236=CARTESIAN_POINT('Origin',(-199.391101491613,-30.0996677206178,4.));
#14237=CARTESIAN_POINT('',(-197.339648029084,8.90033227938159,4.));
#14238=CARTESIAN_POINT('Origin',(-201.089648029084,8.90033227938159,4.));
#14239=CARTESIAN_POINT('Origin',(-201.089648029084,8.90033227938159,4.));
#14240=CARTESIAN_POINT('Origin',(-213.442554954142,-46.0961501603745,4.));
#14241=CARTESIAN_POINT('Origin',(-213.442554954142,-46.0961501603745,4.));
#14242=CARTESIAN_POINT('',(-258.692554954141,-46.0961501603745,4.));
#14243=CARTESIAN_POINT('Origin',(-262.442554954141,-46.0961501603745,4.));
#14244=CARTESIAN_POINT('Origin',(-262.442554954141,-46.0961501603745,4.));
#14245=CARTESIAN_POINT('',(-197.339648029084,-69.0996677206172,4.));
#14246=CARTESIAN_POINT('Origin',(-201.089648029084,-69.0996677206172,4.));
#14247=CARTESIAN_POINT('Origin',(-201.089648029084,-69.0996677206172,4.));
#14248=CARTESIAN_POINT('Origin',(-140.089648029085,-69.0996677206172,4.));
#14249=CARTESIAN_POINT('Origin',(-140.089648029085,8.90033227938155,4.));
#14250=CARTESIAN_POINT('Origin',(-262.442554954141,-46.0961501603745,-6.));
#14251=CARTESIAN_POINT('',(-258.692554954141,-46.0961501603745,9.));
#14252=CARTESIAN_POINT('Origin',(-262.442554954141,-46.0961501603745,9.));
#14253=CARTESIAN_POINT('',(-258.692554954141,-46.0961501603745,-6.));
#14254=CARTESIAN_POINT('Origin',(-262.442554954141,-46.0961501603745,-6.));
#14255=CARTESIAN_POINT('Origin',(-213.442554954142,11.9038498396246,-6.));
#14256=CARTESIAN_POINT('',(-209.692554954142,11.9038498396246,9.));
#14257=CARTESIAN_POINT('Origin',(-213.442554954142,11.9038498396246,9.));
#14258=CARTESIAN_POINT('',(-209.692554954142,11.9038498396246,-6.));
#14259=CARTESIAN_POINT('Origin',(-213.442554954142,11.9038498396246,-6.));
#14260=CARTESIAN_POINT('Origin',(-213.442554954142,-46.0961501603745,-6.));
#14261=CARTESIAN_POINT('',(-216.746333988679,-47.8702820864033,9.));
#14262=CARTESIAN_POINT('',(-216.746333988679,-47.8702820864033,-6.));
#14263=CARTESIAN_POINT('',(-216.735877982816,-47.889617034558,9.));
#14264=CARTESIAN_POINT('Origin',(-213.442554954142,-46.0961501603745,9.));
#14265=CARTESIAN_POINT('',(-216.735877982816,-47.889617034558,-6.));
#14266=CARTESIAN_POINT('Origin',(-213.442554954142,-46.0961501603745,-6.));
#14267=CARTESIAN_POINT('Origin',(-297.73169707,-10.0086571508817,-6.));
#14268=CARTESIAN_POINT('',(-233.82973852378,-16.2801371166056,-6.));
#14269=CARTESIAN_POINT('Origin',(-297.73169707,-10.0086571508817,-6.));
#14270=CARTESIAN_POINT('Origin',(-201.089648029084,8.90033227938159,-6.));
#14271=CARTESIAN_POINT('Origin',(-297.73169707,-10.0086571508817,-6.));
#14272=CARTESIAN_POINT('',(-273.699741204608,96.5502657041288,-6.));
#14273=CARTESIAN_POINT('',(-296.444900505596,83.7045462847148,-6.));
#14274=CARTESIAN_POINT('Origin',(-281.444900505596,83.7045462847148,-6.));
#14275=CARTESIAN_POINT('',(-295.261390509202,77.8646315609997,-6.));
#14276=CARTESIAN_POINT('Origin',(-281.444900505596,83.7045462847148,-6.));
#14277=CARTESIAN_POINT('',(-291.018444100853,67.8263639846274,-6.));
#14278=CARTESIAN_POINT('',(-299.504336916341,87.9028991345091,-6.));
#14279=CARTESIAN_POINT('',(-292.002206901248,7.62490041789251,-6.));
#14280=CARTESIAN_POINT('',(-292.002206901248,7.62490041789251,-6.));
#14281=CARTESIAN_POINT('',(-302.36695162542,4.25719071058305,-6.));
#14282=CARTESIAN_POINT('',(-292.002206901248,7.62490041789251,-6.));
#14283=CARTESIAN_POINT('',(-312.73169707,-10.0086571508817,-6.));
#14284=CARTESIAN_POINT('Origin',(-297.73169707,-10.0086571508817,-6.));
#14285=CARTESIAN_POINT('',(-302.367088821333,-24.2744604346919,-6.));
#14286=CARTESIAN_POINT('Origin',(-297.73169707,-10.0086571508817,-6.));
#14287=CARTESIAN_POINT('',(-292.002206901248,-27.6422147196559,-6.));
#14288=CARTESIAN_POINT('',(-312.73169707,-20.9067950709621,-6.));
#14289=CARTESIAN_POINT('',(-291.018444100853,-87.8436782863906,-6.));
#14290=CARTESIAN_POINT('',(-291.018444100853,-87.8436782863906,-6.));
#14291=CARTESIAN_POINT('',(-295.261390439095,-97.8819456968983,-6.));
#14292=CARTESIAN_POINT('',(-291.018444100853,-87.8436782863906,-6.));
#14293=CARTESIAN_POINT('',(-296.444900505596,-103.721860586478,-6.));
#14294=CARTESIAN_POINT('Origin',(-281.444900505596,-103.721860586478,-6.));
#14295=CARTESIAN_POINT('',(-273.699767286406,-116.567595731573,-6.));
#14296=CARTESIAN_POINT('Origin',(-281.444900505596,-103.721860586478,-6.));
#14297=CARTESIAN_POINT('',(-264.366779651441,-110.940392169561,-6.));
#14298=CARTESIAN_POINT('',(-283.032702429847,-122.194767644503,-6.));
#14299=CARTESIAN_POINT('',(-200.23169707,-85.9403921695613,-6.));
#14300=CARTESIAN_POINT('',(-200.23169707,-85.9403921695613,-6.));
#14301=CARTESIAN_POINT('',(-136.096614488558,-110.940392169561,-6.));
#14302=CARTESIAN_POINT('',(-200.23169707,-85.9403921695613,-6.));
#14303=CARTESIAN_POINT('',(-136.096614488558,-110.940392169561,-6.));
#14304=CARTESIAN_POINT('',(-109.444950039147,-87.8436782863906,-6.));
#14305=CARTESIAN_POINT('',(-100.959057223659,-107.920213436272,-6.));
#14306=CARTESIAN_POINT('',(-108.461187238751,-27.6422147196559,-6.));
#14307=CARTESIAN_POINT('',(-108.461187238751,-27.6422147196559,-6.));
#14308=CARTESIAN_POINT('',(-98.0964420907098,-24.2745048746227,-6.));
#14309=CARTESIAN_POINT('',(-108.461187238751,-27.6422147196559,-6.));
#14310=CARTESIAN_POINT('',(-98.0964390925684,4.25718959870421,-6.));
#14311=CARTESIAN_POINT('Origin',(-102.73169707,-10.0086571508816,-6.));
#14312=CARTESIAN_POINT('',(-108.461187238751,7.62490041789257,-6.));
#14313=CARTESIAN_POINT('',(-87.7316970699998,0.889480769198781,-6.));
#14314=CARTESIAN_POINT('',(-109.444950039147,67.8263639846273,-6.));
#14315=CARTESIAN_POINT('',(-109.444950039147,67.8263639846273,-6.));
#14316=CARTESIAN_POINT('',(-105.202003835309,77.8646310771527,-6.));
#14317=CARTESIAN_POINT('',(-109.444950039147,67.8263639846273,-6.));
#14318=CARTESIAN_POINT('',(-126.763653100463,96.5502656046014,-6.));
#14319=CARTESIAN_POINT('Origin',(-119.018493634403,83.7045462847148,-6.));
#14320=CARTESIAN_POINT('',(-117.430691710153,102.17745334274,-6.));
#14321=CARTESIAN_POINT('',(-264.366779651441,90.923077867798,-6.));
#14322=CARTESIAN_POINT('',(-200.23169707,65.923077867798,-6.));
#14323=CARTESIAN_POINT('',(-264.366779651441,90.923077867798,-6.));
#14324=CARTESIAN_POINT('Origin',(-201.089648029084,8.90033227938159,-6.));
#14325=CARTESIAN_POINT('Origin',(-262.442554954141,11.9038498396246,-6.));
#14326=CARTESIAN_POINT('Origin',(-140.089648029085,8.90033227938155,-6.));
#14327=CARTESIAN_POINT('Origin',(-140.089648029085,-69.0996677206172,-6.));
#14328=CARTESIAN_POINT('Origin',(-201.089648029084,-69.0996677206172,-6.));
#14329=CARTESIAN_POINT('',(-186.391591776221,-16.1491362499353,-6.));
#14330=CARTESIAN_POINT('',(-186.459466840354,-10.3722113054851,-6.));
#14331=CARTESIAN_POINT('',(-186.435344114589,-12.4253243003447,-6.));
#14332=CARTESIAN_POINT('',(-195.390922947685,-16.2587863741928,-6.));
#14333=CARTESIAN_POINT('Origin',(-190.891281202567,-16.2020046377592,-6.));
#14334=CARTESIAN_POINT('',(-195.439820025638,-12.3839606469535,-6.));
#14335=CARTESIAN_POINT('',(-195.475408111049,-9.56379971491501,-6.));
#14336=CARTESIAN_POINT('',(-206.340443243647,-12.3839606469535,-6.));
#14337=CARTESIAN_POINT('',(-253.023850849719,-12.3839606469535,-6.));
#14338=CARTESIAN_POINT('',(-206.388075813479,-16.2581379612796,-6.));
#14339=CARTESIAN_POINT('',(-206.356566192527,-13.6953146849777,-6.));
#14340=CARTESIAN_POINT('',(-215.387395651552,-16.2581379612796,-6.));
#14341=CARTESIAN_POINT('Origin',(-210.887735732515,-16.2028151539008,-6.));
#14342=CARTESIAN_POINT('',(-215.459466835591,-10.3962546041486,-6.));
#14343=CARTESIAN_POINT('',(-215.467991007442,-9.70294472821149,-6.));
#14344=CARTESIAN_POINT('',(-215.459466835591,-4.38396064695352,-6.));
#14345=CARTESIAN_POINT('',(-215.459466835591,-8.19630889891759,-6.));
#14346=CARTESIAN_POINT('',(-186.459466835591,-4.38396064695352,-6.));
#14347=CARTESIAN_POINT('',(-243.095581952795,-4.38396064695352,-6.));
#14348=CARTESIAN_POINT('',(-186.459466835591,-10.1963088989176,-6.));
#14349=CARTESIAN_POINT('Origin',(-262.442554954141,-46.0961501603745,9.));
#14350=CARTESIAN_POINT('Origin',(-140.089648029085,8.90033227938155,-6.));
#14351=CARTESIAN_POINT('',(-136.339648029085,8.90033227938155,9.));
#14352=CARTESIAN_POINT('Origin',(-140.089648029085,8.90033227938155,9.));
#14353=CARTESIAN_POINT('',(-136.339648029085,8.90033227938155,-6.));
#14354=CARTESIAN_POINT('Origin',(-140.089648029085,8.90033227938155,9.));
#14355=CARTESIAN_POINT('Origin',(-201.089648029084,8.90033227938159,-6.));
#14356=CARTESIAN_POINT('',(-197.339648029084,8.90033227938159,9.));
#14357=CARTESIAN_POINT('Origin',(-201.089648029084,8.90033227938159,9.));
#14358=CARTESIAN_POINT('',(-197.339648029084,8.90033227938159,-6.));
#14359=CARTESIAN_POINT('Origin',(-201.089648029084,8.90033227938159,9.));
#14360=CARTESIAN_POINT('Origin',(-140.089648029085,-69.0996677206172,-6.));
#14361=CARTESIAN_POINT('',(-136.339648029085,-69.0996677206172,9.));
#14362=CARTESIAN_POINT('Origin',(-140.089648029085,-69.0996677206172,9.));
#14363=CARTESIAN_POINT('',(-136.339648029085,-69.0996677206172,-6.));
#14364=CARTESIAN_POINT('Origin',(-140.089648029085,-69.0996677206172,9.));
#14365=CARTESIAN_POINT('Origin',(-216.746333988679,-47.8702820864033,-6.));
#14366=CARTESIAN_POINT('',(-203.962322457076,-71.5101120014005,9.));
#14367=CARTESIAN_POINT('Origin',(-213.442554954142,-46.0961501603745,9.));
#14368=CARTESIAN_POINT('Origin',(-262.442554954141,11.9038498396246,-6.));
#14369=CARTESIAN_POINT('',(-258.692554954141,11.9038498396246,9.));
#14370=CARTESIAN_POINT('Origin',(-262.442554954141,11.9038498396246,9.));
#14371=CARTESIAN_POINT('',(-258.692554954141,11.9038498396246,-6.));
#14372=CARTESIAN_POINT('Origin',(-262.442554954141,11.9038498396246,9.));
#14373=CARTESIAN_POINT('Origin',(-213.442554954142,11.9038498396246,9.));
#14374=CARTESIAN_POINT('Origin',(-201.089648029084,-69.0996677206172,-6.));
#14375=CARTESIAN_POINT('',(-197.339648029084,-69.0996677206172,9.));
#14376=CARTESIAN_POINT('Origin',(-201.089648029084,-69.0996677206172,9.));
#14377=CARTESIAN_POINT('',(-197.339648029084,-69.0996677206172,-6.));
#14378=CARTESIAN_POINT('Origin',(-201.089648029084,-69.0996677206172,9.));
#14379=CARTESIAN_POINT('Origin',(-190.891281202567,-16.2020046377592,-10.));
#14380=CARTESIAN_POINT('',(-192.641281202567,-16.2020046377592,-10.));
#14381=CARTESIAN_POINT('Origin',(-190.891281202567,-16.2020046377592,-10.));
#14382=CARTESIAN_POINT('',(-192.241281202567,-16.2020046377592,-10.));
#14383=CARTESIAN_POINT('Origin',(-190.891281202567,-16.2020046377592,-10.));
#14384=CARTESIAN_POINT('Origin',(-190.891281202567,-16.2020046377592,-8.));
#14385=CARTESIAN_POINT('',(-192.641281202567,-16.2020046377592,-6.));
#14386=CARTESIAN_POINT('Origin',(-190.891281202567,-16.2020046377592,-6.));
#14387=CARTESIAN_POINT('',(-192.641281202567,-16.2020046377592,-8.));
#14388=CARTESIAN_POINT('Origin',(-190.891281202567,-16.2020046377592,-8.5));
#14389=CARTESIAN_POINT('',(-192.241281202567,-16.2020046377592,-8.5));
#14390=CARTESIAN_POINT('Origin',(-190.891281202567,-16.2020046377592,-6.));
#14391=CARTESIAN_POINT('',(-189.641281202567,-16.2020046377592,-6.));
#14392=CARTESIAN_POINT('Origin',(-190.891281202567,-16.2020046377592,-6.));
#14393=CARTESIAN_POINT('Origin',(-210.887735732515,-16.2028151539008,-10.));
#14394=CARTESIAN_POINT('',(-212.637735732515,-16.2028151539008,-10.));
#14395=CARTESIAN_POINT('Origin',(-210.887735732515,-16.2028151539008,-10.));
#14396=CARTESIAN_POINT('',(-212.237735732515,-16.2028151539008,-10.));
#14397=CARTESIAN_POINT('Origin',(-210.887735732515,-16.2028151539008,-10.));
#14398=CARTESIAN_POINT('Origin',(-210.887735732515,-16.2028151539008,-8.));
#14399=CARTESIAN_POINT('',(-212.637735732515,-16.2028151539008,-6.));
#14400=CARTESIAN_POINT('Origin',(-210.887735732515,-16.2028151539008,-6.));
#14401=CARTESIAN_POINT('',(-212.637735732515,-16.2028151539008,-8.));
#14402=CARTESIAN_POINT('Origin',(-210.887735732515,-16.2028151539008,-8.5));
#14403=CARTESIAN_POINT('',(-212.237735732515,-16.2028151539008,-8.5));
#14404=CARTESIAN_POINT('Origin',(-210.887735732515,-16.2028151539008,-6.));
#14405=CARTESIAN_POINT('',(-209.637735732515,-16.2028151539008,-6.));
#14406=CARTESIAN_POINT('Origin',(-210.887735732515,-16.2028151539008,-6.));
#14407=CARTESIAN_POINT('Origin',(-214.459466835591,-8.19630889891759,-5.));
#14408=CARTESIAN_POINT('',(-213.459466835591,-10.3839606469535,-4.));
#14409=CARTESIAN_POINT('',(-215.459466835591,-10.3962546041486,-6.));
#14410=CARTESIAN_POINT('',(-213.459466835591,-6.38396064695352,-4.));
#14411=CARTESIAN_POINT('',(-213.459466835591,-8.19630889891759,-4.));
#14412=CARTESIAN_POINT('',(-213.459466835591,-6.38396064695352,-4.));
#14413=CARTESIAN_POINT('Origin',(-243.095581952795,-5.38396064695352,-5.));
#14414=CARTESIAN_POINT('',(-188.459466835591,-6.38396064695352,-4.));
#14415=CARTESIAN_POINT('',(-243.095581952795,-6.38396064695352,-4.));
#14416=CARTESIAN_POINT('',(-188.459466835591,-6.38396064695352,-4.));
#14417=CARTESIAN_POINT('Origin',(-187.435275098222,-12.4370728309723,-5.));
#14418=CARTESIAN_POINT('',(-188.459466835591,-10.3839606469535,-4.));
#14419=CARTESIAN_POINT('',(-186.459466840354,-10.3722113054851,-6.));
#14420=CARTESIAN_POINT('',(-188.391453743486,-16.1726333111904,-4.));
#14421=CARTESIAN_POINT('',(-188.435206081854,-12.4488213615998,-4.));
#14422=CARTESIAN_POINT('',(-188.391453743486,-16.1726333111904,-4.));
#14423=CARTESIAN_POINT('Origin',(-190.891281202567,-16.2020046377592,-5.));
#14424=CARTESIAN_POINT('',(-193.391082172077,-16.233550046889,-4.));
#14425=CARTESIAN_POINT('',(-193.391082172077,-16.233550046889,-4.));
#14426=CARTESIAN_POINT('Origin',(-190.891281202567,-16.2020046377592,-4.));
#14427=CARTESIAN_POINT('Origin',(-194.475487723245,-9.55118155126308,-5.));
#14428=CARTESIAN_POINT('',(-193.464899125152,-10.3839606469535,-4.));
#14429=CARTESIAN_POINT('',(-193.475567335441,-9.53856338761116,-4.));
#14430=CARTESIAN_POINT('',(-193.464899125152,-10.3839606469535,-4.));
#14431=CARTESIAN_POINT('Origin',(-187.459466835591,-10.1963088989176,-5.));
#14432=CARTESIAN_POINT('',(-188.459466835591,-10.1963088989176,-4.));
#14433=CARTESIAN_POINT('Origin',(-253.023850849719,-11.3839606469535,-5.));
#14434=CARTESIAN_POINT('',(-208.316004629439,-10.3839606469535,-4.));
#14435=CARTESIAN_POINT('',(-253.023850849719,-10.3839606469535,-4.));
#14436=CARTESIAN_POINT('',(-208.316004629439,-10.3839606469535,-4.));
#14437=CARTESIAN_POINT('Origin',(-207.35649061898,-13.6830207277824,-5.));
#14438=CARTESIAN_POINT('',(-208.387924666384,-16.233550046889,-4.));
#14439=CARTESIAN_POINT('',(-208.356415045432,-13.6707267705871,-4.));
#14440=CARTESIAN_POINT('',(-208.387924666384,-16.233550046889,-4.));
#14441=CARTESIAN_POINT('Origin',(-210.887735732515,-16.2028151539008,-5.));
#14442=CARTESIAN_POINT('',(-213.387546798647,-16.233550046889,-4.));
#14443=CARTESIAN_POINT('',(-213.387546798647,-16.233550046889,-4.));
#14444=CARTESIAN_POINT('Origin',(-210.887735732515,-16.2028151539008,-4.));
#14445=CARTESIAN_POINT('Origin',(-214.46806658099,-9.69065077101637,-5.));
#14446=CARTESIAN_POINT('',(-213.468142154537,-9.67835681382124,-4.));
#14447=CARTESIAN_POINT('Origin',(-208.387924666384,-16.233550046889,-6.));
#14448=CARTESIAN_POINT('',(-208.316004629439,-10.3839606469535,-0.999999999999999));
#14449=CARTESIAN_POINT('',(-208.316004629439,-10.3839606469535,-6.));
#14450=CARTESIAN_POINT('',(-208.387924666384,-16.233550046889,-0.999999999999999));
#14451=CARTESIAN_POINT('',(-208.387924666384,-16.233550046889,-0.999999999999999));
#14452=CARTESIAN_POINT('',(-208.387924666384,-16.233550046889,-6.));
#14453=CARTESIAN_POINT('Origin',(-208.316004629439,-10.3839606469535,-6.));
#14454=CARTESIAN_POINT('',(-193.464899125152,-10.3839606469535,-0.999999999999999));
#14455=CARTESIAN_POINT('',(-193.464899125152,-10.3839606469535,-6.));
#14456=CARTESIAN_POINT('',(-208.316004629439,-10.3839606469535,-0.999999999999999));
#14457=CARTESIAN_POINT('Origin',(-193.464899125152,-10.3839606469535,-6.));
#14458=CARTESIAN_POINT('',(-193.391082172077,-16.233550046889,-0.999999999999999));
#14459=CARTESIAN_POINT('',(-193.391082172077,-16.233550046889,-6.));
#14460=CARTESIAN_POINT('',(-193.391082172077,-16.233550046889,-0.999999999999999));
#14461=CARTESIAN_POINT('Origin',(-190.891281202567,-16.2020046377592,-6.));
#14462=CARTESIAN_POINT('',(-188.391453743486,-16.1726333111904,-0.999999999999999));
#14463=CARTESIAN_POINT('',(-188.391453743486,-16.1726333111904,-6.));
#14464=CARTESIAN_POINT('Origin',(-190.891281202567,-16.2020046377592,-0.999999999999999));
#14465=CARTESIAN_POINT('Origin',(-188.391453743486,-16.1726333111904,-6.));
#14466=CARTESIAN_POINT('',(-188.459466835591,-10.3839606469535,-0.999999999999999));
#14467=CARTESIAN_POINT('',(-188.459466835591,-10.3839606469535,-6.));
#14468=CARTESIAN_POINT('',(-188.459466835591,-10.3839606469535,-0.999999999999999));
#14469=CARTESIAN_POINT('Origin',(-190.891281202567,-16.2020046377592,-6.));
#14470=CARTESIAN_POINT('',(-189.641281202567,-16.2020046377592,-6.));
#14471=CARTESIAN_POINT('Origin',(-210.887735732515,-16.2028151539008,-6.));
#14472=CARTESIAN_POINT('',(-209.637735732515,-16.2028151539008,-6.));
#14473=CARTESIAN_POINT('Origin',(-210.887735732515,-16.2028151539008,-6.));
#14474=CARTESIAN_POINT('',(-213.387546798647,-16.233550046889,-0.999999999999999));
#14475=CARTESIAN_POINT('Origin',(-210.887735732515,-16.2028151539008,-0.999999999999999));
#14476=CARTESIAN_POINT('',(-213.387546798647,-16.233550046889,-6.));
#14477=CARTESIAN_POINT('Origin',(-213.459466835591,-10.3839606469535,-6.));
#14478=CARTESIAN_POINT('',(-213.459466835591,-10.3839606469535,-0.999999999999999));
#14479=CARTESIAN_POINT('',(-213.459466835591,-10.3839606469535,-0.999999999999999));
#14480=CARTESIAN_POINT('',(-213.459466835591,-10.3839606469535,-6.));
#14481=CARTESIAN_POINT('Origin',(-213.459466835591,-6.38396064695352,-6.));
#14482=CARTESIAN_POINT('',(-213.459466835591,-6.38396064695352,-0.999999999999999));
#14483=CARTESIAN_POINT('',(-213.459466835591,-10.3839606469535,-0.999999999999999));
#14484=CARTESIAN_POINT('',(-213.459466835591,-6.38396064695352,-6.));
#14485=CARTESIAN_POINT('Origin',(-188.459466835591,-6.38396064695352,-6.));
#14486=CARTESIAN_POINT('',(-188.459466835591,-6.38396064695352,-0.999999999999999));
#14487=CARTESIAN_POINT('',(-213.459466835591,-6.38396064695352,-0.999999999999999));
#14488=CARTESIAN_POINT('',(-188.459466835591,-6.38396064695352,-6.));
#14489=CARTESIAN_POINT('Origin',(-188.459466835591,-10.3839606469535,-6.));
#14490=CARTESIAN_POINT('',(-188.459466835591,-6.38396064695352,-0.999999999999999));
#14491=CARTESIAN_POINT('Origin',(-190.891281202567,-16.2020046377592,-0.999999999999999));
#14492=CARTESIAN_POINT('Origin',(-200.23169707,-10.0086571508816,-14.));
#14493=CARTESIAN_POINT('',(-312.73169707,-10.0086571508817,-14.));
#14494=CARTESIAN_POINT('Origin',(-297.73169707,-10.0086571508817,-14.));
#14495=CARTESIAN_POINT('Origin',(-200.23169707,-10.0086571508816,-14.));
#14496=CARTESIAN_POINT('',(-134.018493634403,83.7045462847148,-14.));
#14497=CARTESIAN_POINT('Origin',(-119.018493634403,83.7045462847148,-14.));
#14498=CARTESIAN_POINT('Origin',(-297.73169707,-10.0086571508817,-11.));
#14499=CARTESIAN_POINT('',(-264.366779651441,-110.940392169561,-11.));
#14500=CARTESIAN_POINT('',(-200.23169707,-85.9403921695613,-11.));
#14501=CARTESIAN_POINT('',(-273.699767286406,-116.567595731573,-11.));
#14502=CARTESIAN_POINT('',(-283.032702429847,-122.194767644503,-11.));
#14503=CARTESIAN_POINT('Origin',(-281.444900505596,-103.721860586478,-11.));
#14504=CARTESIAN_POINT('Origin',(-200.23169707,-10.0086571508816,-14.));
#14505=CARTESIAN_POINT('',(-117.73169707,-10.0086571508816,-14.));
#14506=CARTESIAN_POINT('Origin',(-102.73169707,-10.0086571508816,-14.));
#14507=CARTESIAN_POINT('Origin',(-200.23169707,-10.0086571508816,-14.));
#14508=CARTESIAN_POINT('',(-296.444900505596,-103.721860586478,-14.));
#14509=CARTESIAN_POINT('Origin',(-281.444900505596,-103.721860586478,-14.));
#14510=CARTESIAN_POINT('Origin',(-200.23169707,-10.0086571508816,-14.));
#14511=CARTESIAN_POINT('',(-296.444900505596,83.7045462847148,-14.));
#14512=CARTESIAN_POINT('Origin',(-281.444900505596,83.7045462847148,-14.));
#14513=CARTESIAN_POINT('Origin',(-200.23169707,-10.0086571508816,-14.));
#14514=CARTESIAN_POINT('Origin',(-262.442554954141,-46.0961501603745,-11.));
#14515=CARTESIAN_POINT('',(-261.192554954141,-46.0961501603745,-11.));
#14516=CARTESIAN_POINT('Origin',(-201.089648029084,8.90033227938159,-11.));
#14517=CARTESIAN_POINT('',(-199.839648029084,8.90033227938159,-11.));
#14518=CARTESIAN_POINT('Origin',(-213.442554954142,-46.0961501603745,-11.));
#14519=CARTESIAN_POINT('',(-212.192554954142,-46.0961501603745,-11.));
#14520=CARTESIAN_POINT('Origin',(-201.089648029084,-69.0996677206172,-11.));
#14521=CARTESIAN_POINT('',(-199.839648029084,-69.0996677206172,-11.));
#14522=CARTESIAN_POINT('Origin',(-140.089648029085,-69.0996677206172,-11.));
#14523=CARTESIAN_POINT('',(-141.339648029085,-69.0996677206172,-11.));
#14524=CARTESIAN_POINT('Origin',(-213.442554954142,11.9038498396246,-11.));
#14525=CARTESIAN_POINT('',(-212.192554954142,11.9038498396246,-11.));
#14526=CARTESIAN_POINT('Origin',(-140.089648029085,8.90033227938155,-11.));
#14527=CARTESIAN_POINT('',(-138.839648029085,8.90033227938155,-11.));
#14528=CARTESIAN_POINT('Origin',(-262.442554954141,11.9038498396246,-11.));
#14529=CARTESIAN_POINT('',(-261.192554954141,11.9038498396246,-11.));
#14530=CARTESIAN_POINT('Origin',(-264.366779651441,90.923077867798,-11.));
#14531=CARTESIAN_POINT('',(-273.699741204608,96.5502657041288,-11.));
#14532=CARTESIAN_POINT('',(-264.366779651441,90.923077867798,-11.));
#14533=CARTESIAN_POINT('Origin',(-200.23169707,65.923077867798,-11.));
#14534=CARTESIAN_POINT('Origin',(-126.763653100463,96.5502656046014,-11.));
#14535=CARTESIAN_POINT('',(-126.763653100463,96.5502656046014,-11.));
#14536=CARTESIAN_POINT('Origin',(-119.018493634403,83.7045462847148,-11.));
#14537=CARTESIAN_POINT('',(-105.202003835309,77.8646310771527,-11.));
#14538=CARTESIAN_POINT('',(-134.018493634403,83.7045462847148,-11.));
#14539=CARTESIAN_POINT('Origin',(-109.444950039147,67.8263639846273,-11.));
#14540=CARTESIAN_POINT('',(-109.444950039147,67.8263639846273,-11.));
#14541=CARTESIAN_POINT('Origin',(-108.461187238751,7.62490041789257,-11.));
#14542=CARTESIAN_POINT('',(-108.461187238751,7.62490041789257,-11.));
#14543=CARTESIAN_POINT('Origin',(-98.0964390925684,4.25718959870421,-11.));
#14544=CARTESIAN_POINT('',(-98.0964390925684,4.25718959870421,-11.));
#14545=CARTESIAN_POINT('Origin',(-102.73169707,-10.0086571508816,-11.));
#14546=CARTESIAN_POINT('',(-98.0964420907098,-24.2745048746227,-11.));
#14547=CARTESIAN_POINT('',(-117.73169707,-10.0086571508816,-11.));
#14548=CARTESIAN_POINT('Origin',(-108.461187238751,-27.6422147196559,-11.));
#14549=CARTESIAN_POINT('',(-108.461187238751,-27.6422147196559,-11.));
#14550=CARTESIAN_POINT('Origin',(-109.444950039147,-87.8436782863906,-11.));
#14551=CARTESIAN_POINT('',(-109.444950039147,-87.8436782863906,-11.));
#14552=CARTESIAN_POINT('Origin',(-105.202003575818,-97.8819459928391,-11.));
#14553=CARTESIAN_POINT('Origin',(-136.096614488558,-110.940392169561,-11.));
#14554=CARTESIAN_POINT('',(-136.096614488558,-110.940392169561,-11.));
#14555=CARTESIAN_POINT('Origin',(-200.23169707,-85.9403921695613,-11.));
#14556=CARTESIAN_POINT('',(-200.23169707,-85.9403921695613,-11.));
#14557=CARTESIAN_POINT('Origin',(-264.366779651441,-110.940392169561,-11.));
#14558=CARTESIAN_POINT('',(-264.366779651441,-110.940392169561,-11.));
#14559=CARTESIAN_POINT('Origin',(-273.699767286406,-116.567595731573,-11.));
#14560=CARTESIAN_POINT('',(-273.699767286406,-116.567595731573,-11.));
#14561=CARTESIAN_POINT('Origin',(-281.444900505596,-103.721860586478,-11.));
#14562=CARTESIAN_POINT('',(-296.444900505596,-103.721860586478,-11.));
#14563=CARTESIAN_POINT('',(-295.261390439095,-97.8819456968983,-11.));
#14564=CARTESIAN_POINT('Origin',(-291.018444100853,-87.8436782863906,-11.));
#14565=CARTESIAN_POINT('',(-291.018444100853,-87.8436782863906,-11.));
#14566=CARTESIAN_POINT('Origin',(-292.002206901248,-27.6422147196559,-11.));
#14567=CARTESIAN_POINT('',(-292.002206901248,-27.6422147196559,-11.));
#14568=CARTESIAN_POINT('Origin',(-302.367088821333,-24.2744604346919,-11.));
#14569=CARTESIAN_POINT('',(-302.367088821333,-24.2744604346919,-11.));
#14570=CARTESIAN_POINT('Origin',(-297.73169707,-10.0086571508817,-11.));
#14571=CARTESIAN_POINT('',(-312.73169707,-10.0086571508817,-11.));
#14572=CARTESIAN_POINT('',(-302.36695162542,4.25719071058305,-11.));
#14573=CARTESIAN_POINT('Origin',(-292.002206901248,7.62490041789251,-11.));
#14574=CARTESIAN_POINT('',(-292.002206901248,7.62490041789251,-11.));
#14575=CARTESIAN_POINT('Origin',(-291.018444100853,67.8263639846273,-11.));
#14576=CARTESIAN_POINT('',(-291.018444100853,67.8263639846273,-11.));
#14577=CARTESIAN_POINT('Origin',(-295.261390509202,77.8646315609997,-11.));
#14578=CARTESIAN_POINT('',(-295.261390509202,77.8646315609997,-11.));
#14579=CARTESIAN_POINT('Origin',(-281.444900505596,83.7045462847148,-11.));
#14580=CARTESIAN_POINT('',(-296.444900505596,83.7045462847148,-11.));
#14581=UNCERTAINTY_MEASURE_WITH_UNIT(LENGTH_MEASURE(0.01),#14585,
'DISTANCE_ACCURACY_VALUE',
'Maximum model space distance between geometric entities at asserted c
onnectivities');
#14582=UNCERTAINTY_MEASURE_WITH_UNIT(LENGTH_MEASURE(0.01),#14585,
'DISTANCE_ACCURACY_VALUE',
'Maximum model space distance between geometric entities at asserted c
onnectivities');
#14583=(
GEOMETRIC_REPRESENTATION_CONTEXT(3)
GLOBAL_UNCERTAINTY_ASSIGNED_CONTEXT((#14581))
GLOBAL_UNIT_ASSIGNED_CONTEXT((#14585,#14587,#14588))
REPRESENTATION_CONTEXT('','3D')
);
#14584=(
GEOMETRIC_REPRESENTATION_CONTEXT(3)
GLOBAL_UNCERTAINTY_ASSIGNED_CONTEXT((#14582))
GLOBAL_UNIT_ASSIGNED_CONTEXT((#14585,#14587,#14588))
REPRESENTATION_CONTEXT('','3D')
);
#14585=(
LENGTH_UNIT()
NAMED_UNIT(*)
SI_UNIT(.MILLI.,.METRE.)
);
#14586=(
LENGTH_UNIT()
NAMED_UNIT(*)
SI_UNIT($,.METRE.)
);
#14587=(
NAMED_UNIT(*)
PLANE_ANGLE_UNIT()
SI_UNIT($,.RADIAN.)
);
#14588=(
NAMED_UNIT(*)
SI_UNIT($,.STERADIAN.)
SOLID_ANGLE_UNIT()
);
#14589=SHAPE_DEFINITION_REPRESENTATION(#14590,#14591);
#14590=PRODUCT_DEFINITION_SHAPE('',$,#14593);
#14591=SHAPE_REPRESENTATION('',(#7998),#14583);
#14592=PRODUCT_DEFINITION_CONTEXT('part definition',#14597,'design');
#14593=PRODUCT_DEFINITION('base_hinge','base_hinge',#14594,#14592);
#14594=PRODUCT_DEFINITION_FORMATION('',$,#14599);
#14595=PRODUCT_RELATED_PRODUCT_CATEGORY('base_hinge','base_hinge',(#14599));
#14596=APPLICATION_PROTOCOL_DEFINITION('international standard',
'automotive_design',2009,#14597);
#14597=APPLICATION_CONTEXT(
'Core Data for Automotive Mechanical Design Process');
#14598=PRODUCT_CONTEXT('part definition',#14597,'mechanical');
#14599=PRODUCT('base_hinge','base_hinge',$,(#14598));
#14600=PRESENTATION_STYLE_ASSIGNMENT((#14602));
#14601=PRESENTATION_STYLE_ASSIGNMENT((#14603));
#14602=SURFACE_STYLE_USAGE(.BOTH.,#14604);
#14603=SURFACE_STYLE_USAGE(.BOTH.,#14605);
#14604=SURFACE_SIDE_STYLE('',(#14606));
#14605=SURFACE_SIDE_STYLE('',(#14607));
#14606=SURFACE_STYLE_FILL_AREA(#14608);
#14607=SURFACE_STYLE_FILL_AREA(#14609);
#14608=FILL_AREA_STYLE('Steel - Satin',(#14610));
#14609=FILL_AREA_STYLE('Nylon 12 (with Formlabs Fuse 1 3D Printer)',(#14611));
#14610=FILL_AREA_STYLE_COLOUR('Steel - Satin',#14612);
#14611=FILL_AREA_STYLE_COLOUR(
'Nylon 12 (with Formlabs Fuse 1 3D Printer)',#14613);
#14612=COLOUR_RGB('Steel - Satin',0.627450980392157,0.627450980392157,0.627450980392157);
#14613=COLOUR_RGB('Nylon 12 (with Formlabs Fuse 1 3D Printer)',0.247058823529412,
0.247058823529412,0.247058823529412);
ENDSEC;
END-ISO-10303-21;
