ISO-10303-21;
HEADER;
/* Generated by software containing ST-Developer
 * from STEP Tools, Inc. (www.steptools.com) 
 */

FILE_DESCRIPTION(
/* description */ (''),
/* implementation_level */ '2;1');

FILE_NAME(
/* name */ 'left_mount.step',
/* time_stamp */ '2026-06-11T18:39:22-06:00',
/* author */ (''),
/* organization */ (''),
/* preprocessor_version */ 'ST-DEVELOPER v20.1',
/* originating_system */ 'Autodesk Translation Framework v15.8.0.0',
/* authorisation */ '');

FILE_SCHEMA (('AUTOMOTIVE_DESIGN { 1 0 10303 214 3 1 1 }'));
ENDSEC;

DATA;
#10=MECHANICAL_DESIGN_GEOMETRIC_PRESENTATION_REPRESENTATION('',(#13),#5255);
#11=SHAPE_REPRESENTATION_RELATIONSHIP('SRR','None',#5262,#12);
#12=ADVANCED_BREP_SHAPE_REPRESENTATION('',(#14),#5254);
#13=STYLED_ITEM('',(#5272),#14);
#14=MANIFOLD_SOLID_BREP('Body1',#2976);
#15=B_SPLINE_SURFACE_WITH_KNOTS('',3,3,((#4568,#4569,#4570,#4571),(#4572,
#4573,#4574,#4575),(#4576,#4577,#4578,#4579),(#4580,#4581,#4582,#4583)),
 .UNSPECIFIED.,.F.,.F.,.F.,(4,4),(4,4),(0.,1.),(0.,1.),.UNSPECIFIED.);
#16=B_SPLINE_SURFACE_WITH_KNOTS('',3,3,((#4601,#4602,#4603,#4604),(#4605,
#4606,#4607,#4608),(#4609,#4610,#4611,#4612),(#4613,#4614,#4615,#4616)),
 .UNSPECIFIED.,.F.,.F.,.F.,(4,4),(4,4),(0.,1.),(0.,1.),.UNSPECIFIED.);
#17=B_SPLINE_SURFACE_WITH_KNOTS('',3,3,((#4637,#4638,#4639,#4640),(#4641,
#4642,#4643,#4644),(#4645,#4646,#4647,#4648),(#4649,#4650,#4651,#4652)),
 .UNSPECIFIED.,.F.,.F.,.F.,(4,4),(4,4),(0.,1.),(0.597747918680056,1.),
 .UNSPECIFIED.);
#18=B_SPLINE_SURFACE_WITH_KNOTS('',3,3,((#4669,#4670,#4671,#4672),(#4673,
#4674,#4675,#4676),(#4677,#4678,#4679,#4680),(#4681,#4682,#4683,#4684)),
 .UNSPECIFIED.,.F.,.F.,.F.,(4,4),(4,4),(0.,1.),(0.597747918680055,1.),
 .UNSPECIFIED.);
#19=B_SPLINE_SURFACE_WITH_KNOTS('',3,3,((#4853,#4854,#4855,#4856),(#4857,
#4858,#4859,#4860),(#4861,#4862,#4863,#4864),(#4865,#4866,#4867,#4868)),
 .UNSPECIFIED.,.F.,.F.,.F.,(4,4),(4,4),(0.,1.),(0.595479121564898,1.),
 .UNSPECIFIED.);
#20=B_SPLINE_SURFACE_WITH_KNOTS('',3,3,((#4887,#4888,#4889,#4890),(#4891,
#4892,#4893,#4894),(#4895,#4896,#4897,#4898),(#4899,#4900,#4901,#4902)),
 .UNSPECIFIED.,.F.,.F.,.F.,(4,4),(4,4),(0.,1.),(0.595479121564896,1.),
 .UNSPECIFIED.);
#21=B_SPLINE_SURFACE_WITH_KNOTS('',3,3,((#4915,#4916,#4917,#4918),(#4919,
#4920,#4921,#4922),(#4923,#4924,#4925,#4926),(#4927,#4928,#4929,#4930)),
 .UNSPECIFIED.,.F.,.F.,.F.,(4,4),(4,4),(0.,1.),(0.,1.),.UNSPECIFIED.);
#22=B_SPLINE_SURFACE_WITH_KNOTS('',3,3,((#4941,#4942,#4943,#4944),(#4945,
#4946,#4947,#4948),(#4949,#4950,#4951,#4952),(#4953,#4954,#4955,#4956)),
 .UNSPECIFIED.,.F.,.F.,.F.,(4,4),(4,4),(0.,1.),(0.,1.),.UNSPECIFIED.);
#23=B_SPLINE_CURVE_WITH_KNOTS('',3,(#4202,#4203,#4204,#4205,#4206,#4207,
#4208,#4209,#4210,#4211,#4212,#4213,#4214,#4215,#4216,#4217,#4218,#4219,
#4220,#4221),.UNSPECIFIED.,.F.,.F.,(4,2,2,2,2,2,2,2,2,4),(0.,0.185276229363113,
0.370552458726226,0.601336498011413,0.832120537296601,1.10266477723306,
1.37320901716952,1.56686867159485,1.66369849880752,1.76052832602018),
 .UNSPECIFIED.);
#24=B_SPLINE_CURVE_WITH_KNOTS('',3,(#4222,#4223,#4224,#4225,#4226,#4227,
#4228,#4229,#4230,#4231,#4232,#4233,#4234,#4235,#4236,#4237,#4238,#4239,
#4240,#4241),.UNSPECIFIED.,.F.,.F.,(4,2,2,2,2,2,2,2,2,4),(1.76052832602018,
1.85735815323285,1.95418798044552,2.14784763487085,2.41839187480731,2.68893611474377,
2.91972015402895,3.15050419331414,3.33578042267725,3.52105665204037),
 .UNSPECIFIED.);
#25=B_SPLINE_CURVE_WITH_KNOTS('',3,(#4245,#4246,#4247,#4248,#4249,#4250,
#4251,#4252,#4253,#4254,#4255,#4256,#4257,#4258,#4259,#4260,#4261,#4262),
 .UNSPECIFIED.,.F.,.F.,(4,2,2,2,2,2,2,2,4),(0.,0.186656956828493,0.373313913656986,
0.584687862327075,0.796061810997165,1.02392429091613,1.25178677083509,1.44090727724767,
1.63002778366025),.UNSPECIFIED.);
#26=B_SPLINE_CURVE_WITH_KNOTS('',3,(#4263,#4264,#4265,#4266,#4267,#4268,
#4269,#4270,#4271,#4272,#4273,#4274,#4275,#4276,#4277,#4278,#4279,#4280),
 .UNSPECIFIED.,.F.,.F.,(4,2,2,2,2,2,2,2,4),(1.63002778366025,1.81914829007283,
2.00826879648542,2.23613127640438,2.46399375632334,2.67536770499343,2.88674165366352,
3.07339861049201,3.2600555673205),.UNSPECIFIED.);
#27=B_SPLINE_CURVE_WITH_KNOTS('',3,(#4284,#4285,#4286,#4287,#4288,#4289,
#4290,#4291,#4292,#4293,#4294,#4295,#4296,#4297,#4298,#4299,#4300,#4301,
#4302,#4303),.UNSPECIFIED.,.F.,.F.,(4,2,2,2,2,2,2,2,2,4),(0.,0.0968298272126665,
0.193659654425333,0.387319308850666,0.657863548787124,0.928407788723582,
1.15919182800877,1.38997586729396,1.57525209665707,1.76052832602018),
 .UNSPECIFIED.);
#28=B_SPLINE_CURVE_WITH_KNOTS('',3,(#4304,#4305,#4306,#4307,#4308,#4309,
#4310,#4311,#4312,#4313,#4314,#4315,#4316,#4317,#4318,#4319,#4320,#4321,
#4322,#4323),.UNSPECIFIED.,.F.,.F.,(4,2,2,2,2,2,2,2,2,4),(1.76052832602018,
1.9458045553833,2.13108078474641,2.3618648240316,2.59264886331678,2.86319310325324,
3.1337373431897,3.32739699761503,3.4242268248277,3.52105665204036),
 .UNSPECIFIED.);
#29=B_SPLINE_CURVE_WITH_KNOTS('',3,(#4327,#4328,#4329,#4330,#4331,#4332,
#4333,#4334,#4335,#4336,#4337,#4338,#4339,#4340,#4341,#4342,#4343,#4344),
 .UNSPECIFIED.,.F.,.F.,(4,2,2,2,2,2,2,2,4),(0.,0.189120506412582,0.378241012825164,
0.606103492744126,0.833965972663087,1.04533992133318,1.25671387000327,1.44337082683176,
1.63002778366025),.UNSPECIFIED.);
#30=B_SPLINE_CURVE_WITH_KNOTS('',3,(#4345,#4346,#4347,#4348,#4349,#4350,
#4351,#4352,#4353,#4354,#4355,#4356,#4357,#4358,#4359,#4360,#4361,#4362),
 .UNSPECIFIED.,.F.,.F.,(4,2,2,2,2,2,2,2,4),(1.63002778366025,1.81668474048875,
2.00334169731724,2.21471564598733,2.42608959465742,2.65395207457638,2.88181455449534,
3.07093506090792,3.2600555673205),.UNSPECIFIED.);
#31=B_SPLINE_CURVE_WITH_KNOTS('',3,(#4586,#4587,#4588,#4589),
 .UNSPECIFIED.,.F.,.F.,(4,4),(0.,1.),.UNSPECIFIED.);
#32=B_SPLINE_CURVE_WITH_KNOTS('',3,(#4618,#4619,#4620,#4621),
 .UNSPECIFIED.,.F.,.F.,(4,4),(0.,1.),.UNSPECIFIED.);
#33=B_SPLINE_CURVE_WITH_KNOTS('',3,(#4654,#4655,#4656,#4657,#4658,#4659),
 .UNSPECIFIED.,.F.,.F.,(4,2,4),(0.,0.38477957143647,0.883197490093639),
 .UNSPECIFIED.);
#34=B_SPLINE_CURVE_WITH_KNOTS('',3,(#4685,#4686,#4687,#4688,#4689,#4690),
 .UNSPECIFIED.,.F.,.F.,(4,2,4),(0.,0.616428107743217,1.18267265386822),
 .UNSPECIFIED.);
#35=B_SPLINE_CURVE_WITH_KNOTS('',3,(#4871,#4872,#4873,#4874,#4875,#4876),
 .UNSPECIFIED.,.F.,.F.,(4,2,4),(0.,0.400722165048625,0.875896191623252),
 .UNSPECIFIED.);
#36=B_SPLINE_CURVE_WITH_KNOTS('',3,(#4903,#4904,#4905,#4906,#4907,#4908),
 .UNSPECIFIED.,.F.,.F.,(4,2,4),(0.,0.602253170096354,1.15228119614074),
 .UNSPECIFIED.);
#37=B_SPLINE_CURVE_WITH_KNOTS('',3,(#4932,#4933,#4934,#4935),
 .UNSPECIFIED.,.F.,.F.,(4,4),(-1.,0.),.UNSPECIFIED.);
#38=B_SPLINE_CURVE_WITH_KNOTS('',3,(#4957,#4958,#4959,#4960),
 .UNSPECIFIED.,.F.,.F.,(4,4),(-1.,0.),.UNSPECIFIED.);
#39=CONICAL_SURFACE('',#3000,0.625,1.02974425867665);
#40=CONICAL_SURFACE('',#3008,0.625,1.02974425867665);
#41=CONICAL_SURFACE('',#3016,0.625,1.02974425867665);
#42=CONICAL_SURFACE('',#3024,0.625,1.02974425867665);
#43=CONICAL_SURFACE('',#3034,0.625,1.02974425867665);
#44=CONICAL_SURFACE('',#3042,0.625,1.02974425867665);
#45=CONICAL_SURFACE('',#3050,0.625,1.02974425867665);
#46=CONICAL_SURFACE('',#3058,0.625,1.02974425867665);
#47=CONICAL_SURFACE('',#3066,0.625,1.02974425867665);
#48=CONICAL_SURFACE('',#3074,0.625,1.02974425867665);
#49=CONICAL_SURFACE('',#3274,0.625,1.02974425867665);
#50=CONICAL_SURFACE('',#3277,0.625,1.02974425867665);
#51=LINE('',#4125,#311);
#52=LINE('',#4134,#312);
#53=LINE('',#4139,#313);
#54=LINE('',#4148,#314);
#55=LINE('',#4150,#315);
#56=LINE('',#4155,#316);
#57=LINE('',#4164,#317);
#58=LINE('',#4166,#318);
#59=LINE('',#4171,#319);
#60=LINE('',#4180,#320);
#61=LINE('',#4182,#321);
#62=LINE('',#4187,#322);
#63=LINE('',#4196,#323);
#64=LINE('',#4198,#324);
#65=LINE('',#4243,#325);
#66=LINE('',#4325,#326);
#67=LINE('',#4367,#327);
#68=LINE('',#4376,#328);
#69=LINE('',#4378,#329);
#70=LINE('',#4383,#330);
#71=LINE('',#4392,#331);
#72=LINE('',#4394,#332);
#73=LINE('',#4399,#333);
#74=LINE('',#4408,#334);
#75=LINE('',#4410,#335);
#76=LINE('',#4415,#336);
#77=LINE('',#4424,#337);
#78=LINE('',#4426,#338);
#79=LINE('',#4431,#339);
#80=LINE('',#4440,#340);
#81=LINE('',#4442,#341);
#82=LINE('',#4447,#342);
#83=LINE('',#4456,#343);
#84=LINE('',#4458,#344);
#85=LINE('',#4464,#345);
#86=LINE('',#4466,#346);
#87=LINE('',#4470,#347);
#88=LINE('',#4472,#348);
#89=LINE('',#4474,#349);
#90=LINE('',#4478,#350);
#91=LINE('',#4479,#351);
#92=LINE('',#4490,#352);
#93=LINE('',#4492,#353);
#94=LINE('',#4494,#354);
#95=LINE('',#4495,#355);
#96=LINE('',#4498,#356);
#97=LINE('',#4500,#357);
#98=LINE('',#4501,#358);
#99=LINE('',#4504,#359);
#100=LINE('',#4508,#360);
#101=LINE('',#4512,#361);
#102=LINE('',#4516,#362);
#103=LINE('',#4521,#363);
#104=LINE('',#4522,#364);
#105=LINE('',#4523,#365);
#106=LINE('',#4526,#366);
#107=LINE('',#4527,#367);
#108=LINE('',#4530,#368);
#109=LINE('',#4531,#369);
#110=LINE('',#4533,#370);
#111=LINE('',#4536,#371);
#112=LINE('',#4538,#372);
#113=LINE('',#4539,#373);
#114=LINE('',#4542,#374);
#115=LINE('',#4543,#375);
#116=LINE('',#4547,#376);
#117=LINE('',#4550,#377);
#118=LINE('',#4551,#378);
#119=LINE('',#4554,#379);
#120=LINE('',#4555,#380);
#121=LINE('',#4558,#381);
#122=LINE('',#4559,#382);
#123=LINE('',#4563,#383);
#124=LINE('',#4565,#384);
#125=LINE('',#4591,#385);
#126=LINE('',#4593,#386);
#127=LINE('',#4594,#387);
#128=LINE('',#4597,#388);
#129=LINE('',#4599,#389);
#130=LINE('',#4600,#390);
#131=LINE('',#4623,#391);
#132=LINE('',#4624,#392);
#133=LINE('',#4626,#393);
#134=LINE('',#4627,#394);
#135=LINE('',#4631,#395);
#136=LINE('',#4633,#396);
#137=LINE('',#4635,#397);
#138=LINE('',#4636,#398);
#139=LINE('',#4661,#399);
#140=LINE('',#4662,#400);
#141=LINE('',#4665,#401);
#142=LINE('',#4667,#402);
#143=LINE('',#4668,#403);
#144=LINE('',#4691,#404);
#145=LINE('',#4693,#405);
#146=LINE('',#4694,#406);
#147=LINE('',#4699,#407);
#148=LINE('',#4705,#408);
#149=LINE('',#4711,#409);
#150=LINE('',#4717,#410);
#151=LINE('',#4722,#411);
#152=LINE('',#4724,#412);
#153=LINE('',#4726,#413);
#154=LINE('',#4727,#414);
#155=LINE('',#4730,#415);
#156=LINE('',#4732,#416);
#157=LINE('',#4733,#417);
#158=LINE('',#4736,#418);
#159=LINE('',#4738,#419);
#160=LINE('',#4739,#420);
#161=LINE('',#4741,#421);
#162=LINE('',#4742,#422);
#163=LINE('',#4746,#423);
#164=LINE('',#4748,#424);
#165=LINE('',#4750,#425);
#166=LINE('',#4751,#426);
#167=LINE('',#4755,#427);
#168=LINE('',#4757,#428);
#169=LINE('',#4759,#429);
#170=LINE('',#4760,#430);
#171=LINE('',#4766,#431);
#172=LINE('',#4769,#432);
#173=LINE('',#4771,#433);
#174=LINE('',#4772,#434);
#175=LINE('',#4775,#435);
#176=LINE('',#4777,#436);
#177=LINE('',#4778,#437);
#178=LINE('',#4781,#438);
#179=LINE('',#4783,#439);
#180=LINE('',#4784,#440);
#181=LINE('',#4790,#441);
#182=LINE('',#4792,#442);
#183=LINE('',#4793,#443);
#184=LINE('',#4796,#444);
#185=LINE('',#4798,#445);
#186=LINE('',#4799,#446);
#187=LINE('',#4801,#447);
#188=LINE('',#4802,#448);
#189=LINE('',#4804,#449);
#190=LINE('',#4805,#450);
#191=LINE('',#4809,#451);
#192=LINE('',#4811,#452);
#193=LINE('',#4813,#453);
#194=LINE('',#4814,#454);
#195=LINE('',#4820,#455);
#196=LINE('',#4823,#456);
#197=LINE('',#4825,#457);
#198=LINE('',#4826,#458);
#199=LINE('',#4831,#459);
#200=LINE('',#4837,#460);
#201=LINE('',#4841,#461);
#202=LINE('',#4845,#462);
#203=LINE('',#4849,#463);
#204=LINE('',#4877,#464);
#205=LINE('',#4878,#465);
#206=LINE('',#4881,#466);
#207=LINE('',#4882,#467);
#208=LINE('',#4885,#468);
#209=LINE('',#4886,#469);
#210=LINE('',#4912,#470);
#211=LINE('',#4913,#471);
#212=LINE('',#4914,#472);
#213=LINE('',#4936,#473);
#214=LINE('',#4939,#474);
#215=LINE('',#4940,#475);
#216=LINE('',#4966,#476);
#217=LINE('',#4969,#477);
#218=LINE('',#4972,#478);
#219=LINE('',#4976,#479);
#220=LINE('',#4982,#480);
#221=LINE('',#4983,#481);
#222=LINE('',#4985,#482);
#223=LINE('',#4986,#483);
#224=LINE('',#4991,#484);
#225=LINE('',#4992,#485);
#226=LINE('',#4995,#486);
#227=LINE('',#4997,#487);
#228=LINE('',#4998,#488);
#229=LINE('',#5001,#489);
#230=LINE('',#5003,#490);
#231=LINE('',#5007,#491);
#232=LINE('',#5009,#492);
#233=LINE('',#5011,#493);
#234=LINE('',#5014,#494);
#235=LINE('',#5025,#495);
#236=LINE('',#5027,#496);
#237=LINE('',#5029,#497);
#238=LINE('',#5030,#498);
#239=LINE('',#5033,#499);
#240=LINE('',#5037,#500);
#241=LINE('',#5041,#501);
#242=LINE('',#5045,#502);
#243=LINE('',#5050,#503);
#244=LINE('',#5051,#504);
#245=LINE('',#5052,#505);
#246=LINE('',#5055,#506);
#247=LINE('',#5056,#507);
#248=LINE('',#5059,#508);
#249=LINE('',#5060,#509);
#250=LINE('',#5062,#510);
#251=LINE('',#5065,#511);
#252=LINE('',#5066,#512);
#253=LINE('',#5070,#513);
#254=LINE('',#5073,#514);
#255=LINE('',#5074,#515);
#256=LINE('',#5077,#516);
#257=LINE('',#5078,#517);
#258=LINE('',#5081,#518);
#259=LINE('',#5082,#519);
#260=LINE('',#5086,#520);
#261=LINE('',#5089,#521);
#262=LINE('',#5090,#522);
#263=LINE('',#5092,#523);
#264=LINE('',#5096,#524);
#265=LINE('',#5099,#525);
#266=LINE('',#5104,#526);
#267=LINE('',#5107,#527);
#268=LINE('',#5118,#528);
#269=LINE('',#5129,#529);
#270=LINE('',#5133,#530);
#271=LINE('',#5139,#531);
#272=LINE('',#5143,#532);
#273=LINE('',#5145,#533);
#274=LINE('',#5149,#534);
#275=LINE('',#5151,#535);
#276=LINE('',#5157,#536);
#277=LINE('',#5159,#537);
#278=LINE('',#5165,#538);
#279=LINE('',#5166,#539);
#280=LINE('',#5175,#540);
#281=LINE('',#5187,#541);
#282=LINE('',#5192,#542);
#283=LINE('',#5193,#543);
#284=LINE('',#5195,#544);
#285=LINE('',#5197,#545);
#286=LINE('',#5199,#546);
#287=LINE('',#5200,#547);
#288=LINE('',#5202,#548);
#289=LINE('',#5203,#549);
#290=LINE('',#5205,#550);
#291=LINE('',#5207,#551);
#292=LINE('',#5209,#552);
#293=LINE('',#5210,#553);
#294=LINE('',#5212,#554);
#295=LINE('',#5214,#555);
#296=LINE('',#5216,#556);
#297=LINE('',#5218,#557);
#298=LINE('',#5220,#558);
#299=LINE('',#5222,#559);
#300=LINE('',#5225,#560);
#301=LINE('',#5227,#561);
#302=LINE('',#5229,#562);
#303=LINE('',#5230,#563);
#304=LINE('',#5232,#564);
#305=LINE('',#5233,#565);
#306=LINE('',#5236,#566);
#307=LINE('',#5240,#567);
#308=LINE('',#5244,#568);
#309=LINE('',#5247,#569);
#310=LINE('',#5251,#570);
#311=VECTOR('',#3290,1.75);
#312=VECTOR('',#3301,1.75);
#313=VECTOR('',#3306,0.625);
#314=VECTOR('',#3317,1.75);
#315=VECTOR('',#3320,1.25);
#316=VECTOR('',#3325,0.625);
#317=VECTOR('',#3336,1.75);
#318=VECTOR('',#3339,1.25);
#319=VECTOR('',#3344,0.625);
#320=VECTOR('',#3355,1.75);
#321=VECTOR('',#3358,1.25);
#322=VECTOR('',#3363,0.625);
#323=VECTOR('',#3374,1.75);
#324=VECTOR('',#3377,1.25);
#325=VECTOR('',#3380,5.);
#326=VECTOR('',#3383,5.);
#327=VECTOR('',#3388,0.625);
#328=VECTOR('',#3399,1.75);
#329=VECTOR('',#3402,1.25);
#330=VECTOR('',#3407,0.625);
#331=VECTOR('',#3418,1.75);
#332=VECTOR('',#3421,1.25);
#333=VECTOR('',#3426,0.625);
#334=VECTOR('',#3437,1.75);
#335=VECTOR('',#3440,1.25);
#336=VECTOR('',#3445,0.625);
#337=VECTOR('',#3456,1.75);
#338=VECTOR('',#3459,1.25);
#339=VECTOR('',#3464,0.625);
#340=VECTOR('',#3475,1.75);
#341=VECTOR('',#3478,1.25);
#342=VECTOR('',#3483,0.625);
#343=VECTOR('',#3494,1.75);
#344=VECTOR('',#3497,1.25);
#345=VECTOR('',#3502,10.);
#346=VECTOR('',#3503,10.);
#347=VECTOR('',#3506,10.);
#348=VECTOR('',#3507,10.);
#349=VECTOR('',#3508,10.);
#350=VECTOR('',#3511,10.);
#351=VECTOR('',#3512,10.);
#352=VECTOR('',#3521,10.);
#353=VECTOR('',#3522,10.);
#354=VECTOR('',#3523,10.);
#355=VECTOR('',#3524,10.);
#356=VECTOR('',#3527,10.);
#357=VECTOR('',#3528,10.);
#358=VECTOR('',#3529,10.);
#359=VECTOR('',#3532,1.99999999999999);
#360=VECTOR('',#3537,1.99999999999999);
#361=VECTOR('',#3542,2.00000000000001);
#362=VECTOR('',#3547,2.00000000000001);
#363=VECTOR('',#3552,10.);
#364=VECTOR('',#3553,10.);
#365=VECTOR('',#3554,10.);
#366=VECTOR('',#3557,10.);
#367=VECTOR('',#3558,10.);
#368=VECTOR('',#3561,10.);
#369=VECTOR('',#3562,10.);
#370=VECTOR('',#3565,10.);
#371=VECTOR('',#3568,10.);
#372=VECTOR('',#3569,10.);
#373=VECTOR('',#3570,10.);
#374=VECTOR('',#3573,10.);
#375=VECTOR('',#3574,10.);
#376=VECTOR('',#3579,10.);
#377=VECTOR('',#3582,10.);
#378=VECTOR('',#3583,10.);
#379=VECTOR('',#3586,10.);
#380=VECTOR('',#3587,10.);
#381=VECTOR('',#3590,10.);
#382=VECTOR('',#3591,10.);
#383=VECTOR('',#3596,10.);
#384=VECTOR('',#3599,10.);
#385=VECTOR('',#3604,10.);
#386=VECTOR('',#3605,10.);
#387=VECTOR('',#3606,10.);
#388=VECTOR('',#3609,10.);
#389=VECTOR('',#3610,10.);
#390=VECTOR('',#3611,47.3239975147466);
#391=VECTOR('',#3612,10.);
#392=VECTOR('',#3613,10.);
#393=VECTOR('',#3616,10.);
#394=VECTOR('',#3617,10.);
#395=VECTOR('',#3620,10.);
#396=VECTOR('',#3621,10.);
#397=VECTOR('',#3622,10.);
#398=VECTOR('',#3623,10.);
#399=VECTOR('',#3624,10.);
#400=VECTOR('',#3625,10.);
#401=VECTOR('',#3628,10.);
#402=VECTOR('',#3629,40.5052180827491);
#403=VECTOR('',#3630,10.);
#404=VECTOR('',#3631,10.);
#405=VECTOR('',#3634,10.);
#406=VECTOR('',#3635,10.);
#407=VECTOR('',#3640,1.99999999999999);
#408=VECTOR('',#3647,1.99999999999999);
#409=VECTOR('',#3654,2.00000000000001);
#410=VECTOR('',#3661,2.00000000000001);
#411=VECTOR('',#3666,10.);
#412=VECTOR('',#3667,10.);
#413=VECTOR('',#3668,10.);
#414=VECTOR('',#3669,10.);
#415=VECTOR('',#3672,10.);
#416=VECTOR('',#3673,10.);
#417=VECTOR('',#3674,10.);
#418=VECTOR('',#3677,10.);
#419=VECTOR('',#3678,10.);
#420=VECTOR('',#3679,10.);
#421=VECTOR('',#3682,10.);
#422=VECTOR('',#3683,10.);
#423=VECTOR('',#3686,10.);
#424=VECTOR('',#3687,10.);
#425=VECTOR('',#3688,10.);
#426=VECTOR('',#3689,10.);
#427=VECTOR('',#3692,10.);
#428=VECTOR('',#3693,10.);
#429=VECTOR('',#3694,10.);
#430=VECTOR('',#3695,10.);
#431=VECTOR('',#3702,10.);
#432=VECTOR('',#3705,10.);
#433=VECTOR('',#3706,10.);
#434=VECTOR('',#3707,10.);
#435=VECTOR('',#3710,10.);
#436=VECTOR('',#3711,10.);
#437=VECTOR('',#3712,10.);
#438=VECTOR('',#3715,10.);
#439=VECTOR('',#3716,10.);
#440=VECTOR('',#3717,10.);
#441=VECTOR('',#3724,10.);
#442=VECTOR('',#3727,10.);
#443=VECTOR('',#3728,10.);
#444=VECTOR('',#3731,10.);
#445=VECTOR('',#3732,10.);
#446=VECTOR('',#3733,10.);
#447=VECTOR('',#3736,10.);
#448=VECTOR('',#3737,10.);
#449=VECTOR('',#3740,10.);
#450=VECTOR('',#3741,10.);
#451=VECTOR('',#3744,10.);
#452=VECTOR('',#3745,10.);
#453=VECTOR('',#3746,10.);
#454=VECTOR('',#3747,10.);
#455=VECTOR('',#3754,10.);
#456=VECTOR('',#3757,10.);
#457=VECTOR('',#3758,10.);
#458=VECTOR('',#3759,10.);
#459=VECTOR('',#3764,10.);
#460=VECTOR('',#3771,10.);
#461=VECTOR('',#3774,10.);
#462=VECTOR('',#3777,10.);
#463=VECTOR('',#3780,10.);
#464=VECTOR('',#3785,40.6242090048094);
#465=VECTOR('',#3786,10.);
#466=VECTOR('',#3789,10.);
#467=VECTOR('',#3790,38.8078566312054);
#468=VECTOR('',#3793,10.);
#469=VECTOR('',#3794,53.3034563419325);
#470=VECTOR('',#3797,10.);
#471=VECTOR('',#3798,47.4258832928928);
#472=VECTOR('',#3799,45.879600948327);
#473=VECTOR('',#3800,10.);
#474=VECTOR('',#3803,10.);
#475=VECTOR('',#3804,63.727679238182);
#476=VECTOR('',#3809,10.);
#477=VECTOR('',#3812,10.);
#478=VECTOR('',#3813,10.);
#479=VECTOR('',#3816,10.);
#480=VECTOR('',#3823,10.);
#481=VECTOR('',#3824,10.);
#482=VECTOR('',#3827,10.);
#483=VECTOR('',#3828,10.);
#484=VECTOR('',#3833,10.);
#485=VECTOR('',#3834,10.);
#486=VECTOR('',#3837,10.);
#487=VECTOR('',#3838,10.);
#488=VECTOR('',#3839,10.);
#489=VECTOR('',#3842,10.);
#490=VECTOR('',#3843,10.);
#491=VECTOR('',#3846,10.);
#492=VECTOR('',#3847,10.);
#493=VECTOR('',#3848,10.);
#494=VECTOR('',#3851,10.);
#495=VECTOR('',#3860,10.);
#496=VECTOR('',#3861,10.);
#497=VECTOR('',#3862,10.);
#498=VECTOR('',#3863,10.);
#499=VECTOR('',#3866,1.99999999999999);
#500=VECTOR('',#3871,1.99999999999999);
#501=VECTOR('',#3876,2.00000000000001);
#502=VECTOR('',#3881,2.00000000000001);
#503=VECTOR('',#3886,10.);
#504=VECTOR('',#3887,10.);
#505=VECTOR('',#3888,10.);
#506=VECTOR('',#3891,10.);
#507=VECTOR('',#3892,10.);
#508=VECTOR('',#3895,10.);
#509=VECTOR('',#3896,10.);
#510=VECTOR('',#3899,10.);
#511=VECTOR('',#3902,10.);
#512=VECTOR('',#3903,10.);
#513=VECTOR('',#3908,10.);
#514=VECTOR('',#3911,10.);
#515=VECTOR('',#3912,10.);
#516=VECTOR('',#3915,10.);
#517=VECTOR('',#3916,10.);
#518=VECTOR('',#3919,10.);
#519=VECTOR('',#3920,10.);
#520=VECTOR('',#3925,10.);
#521=VECTOR('',#3928,10.);
#522=VECTOR('',#3929,10.);
#523=VECTOR('',#3932,10.);
#524=VECTOR('',#3937,10.);
#525=VECTOR('',#3940,10.);
#526=VECTOR('',#3945,10.);
#527=VECTOR('',#3948,10.);
#528=VECTOR('',#3961,5.50000000000001);
#529=VECTOR('',#3972,10.);
#530=VECTOR('',#3975,10.);
#531=VECTOR('',#3980,10.);
#532=VECTOR('',#3983,10.);
#533=VECTOR('',#3984,10.);
#534=VECTOR('',#3987,10.);
#535=VECTOR('',#3988,10.);
#536=VECTOR('',#3993,10.);
#537=VECTOR('',#3994,10.);
#538=VECTOR('',#3999,10.);
#539=VECTOR('',#4000,10.);
#540=VECTOR('',#4011,5.50000000000001);
#541=VECTOR('',#4026,5.50000000000001);
#542=VECTOR('',#4033,10.);
#543=VECTOR('',#4034,10.);
#544=VECTOR('',#4037,7.54999999999999);
#545=VECTOR('',#4040,7.54999999999999);
#546=VECTOR('',#4043,10.);
#547=VECTOR('',#4044,10.);
#548=VECTOR('',#4047,15.);
#549=VECTOR('',#4048,10.);
#550=VECTOR('',#4051,10.);
#551=VECTOR('',#4054,10.);
#552=VECTOR('',#4057,15.);
#553=VECTOR('',#4058,10.);
#554=VECTOR('',#4061,10.);
#555=VECTOR('',#4064,10.);
#556=VECTOR('',#4067,10.);
#557=VECTOR('',#4070,10.);
#558=VECTOR('',#4073,10.);
#559=VECTOR('',#4076,10.);
#560=VECTOR('',#4081,10.);
#561=VECTOR('',#4084,7.54999999999999);
#562=VECTOR('',#4087,10.);
#563=VECTOR('',#4088,10.);
#564=VECTOR('',#4091,15.);
#565=VECTOR('',#4092,10.);
#566=VECTOR('',#4097,10.);
#567=VECTOR('',#4102,1.25);
#568=VECTOR('',#4107,0.625);
#569=VECTOR('',#4110,1.25);
#570=VECTOR('',#4115,0.625);
#571=CYLINDRICAL_SURFACE('',#2993,1.75);
#572=CYLINDRICAL_SURFACE('',#2998,1.75);
#573=CYLINDRICAL_SURFACE('',#3005,1.75);
#574=CYLINDRICAL_SURFACE('',#3007,1.25);
#575=CYLINDRICAL_SURFACE('',#3013,1.75);
#576=CYLINDRICAL_SURFACE('',#3015,1.25);
#577=CYLINDRICAL_SURFACE('',#3021,1.75);
#578=CYLINDRICAL_SURFACE('',#3023,1.25);
#579=CYLINDRICAL_SURFACE('',#3029,1.75);
#580=CYLINDRICAL_SURFACE('',#3031,1.25);
#581=CYLINDRICAL_SURFACE('',#3032,5.);
#582=CYLINDRICAL_SURFACE('',#3033,5.);
#583=CYLINDRICAL_SURFACE('',#3039,1.75);
#584=CYLINDRICAL_SURFACE('',#3041,1.25);
#585=CYLINDRICAL_SURFACE('',#3047,1.75);
#586=CYLINDRICAL_SURFACE('',#3049,1.25);
#587=CYLINDRICAL_SURFACE('',#3055,1.75);
#588=CYLINDRICAL_SURFACE('',#3057,1.25);
#589=CYLINDRICAL_SURFACE('',#3063,1.75);
#590=CYLINDRICAL_SURFACE('',#3065,1.25);
#591=CYLINDRICAL_SURFACE('',#3071,1.75);
#592=CYLINDRICAL_SURFACE('',#3073,1.25);
#593=CYLINDRICAL_SURFACE('',#3079,1.75);
#594=CYLINDRICAL_SURFACE('',#3081,1.25);
#595=CYLINDRICAL_SURFACE('',#3091,1.99999999999999);
#596=CYLINDRICAL_SURFACE('',#3093,1.99999999999999);
#597=CYLINDRICAL_SURFACE('',#3095,2.00000000000001);
#598=CYLINDRICAL_SURFACE('',#3097,2.00000000000001);
#599=CYLINDRICAL_SURFACE('',#3105,3.00000000000004);
#600=CYLINDRICAL_SURFACE('',#3110,3.00000000000004);
#601=CYLINDRICAL_SURFACE('',#3120,1.99999999999999);
#602=CYLINDRICAL_SURFACE('',#3123,1.99999999999999);
#603=CYLINDRICAL_SURFACE('',#3126,2.00000000000001);
#604=CYLINDRICAL_SURFACE('',#3129,2.00000000000001);
#605=CYLINDRICAL_SURFACE('',#3138,3.00000000000004);
#606=CYLINDRICAL_SURFACE('',#3144,3.00000000000004);
#607=CYLINDRICAL_SURFACE('',#3152,27.5);
#608=CYLINDRICAL_SURFACE('',#3170,27.5);
#609=CYLINDRICAL_SURFACE('',#3175,27.5);
#610=CYLINDRICAL_SURFACE('',#3188,1.99999999999999);
#611=CYLINDRICAL_SURFACE('',#3190,1.99999999999999);
#612=CYLINDRICAL_SURFACE('',#3192,2.00000000000001);
#613=CYLINDRICAL_SURFACE('',#3194,2.00000000000001);
#614=CYLINDRICAL_SURFACE('',#3201,3.00000000000004);
#615=CYLINDRICAL_SURFACE('',#3206,3.00000000000004);
#616=CYLINDRICAL_SURFACE('',#3220,5.50000000000001);
#617=CYLINDRICAL_SURFACE('',#3239,5.50000000000001);
#618=CYLINDRICAL_SURFACE('',#3246,5.50000000000001);
#619=CYLINDRICAL_SURFACE('',#3251,7.54999999999999);
#620=CYLINDRICAL_SURFACE('',#3252,7.54999999999999);
#621=CYLINDRICAL_SURFACE('',#3253,26.2643476962221);
#622=CYLINDRICAL_SURFACE('',#3254,15.);
#623=CYLINDRICAL_SURFACE('',#3257,15.);
#624=CYLINDRICAL_SURFACE('',#3260,35.);
#625=CYLINDRICAL_SURFACE('',#3263,25.);
#626=CYLINDRICAL_SURFACE('',#3265,27.5000000000002);
#627=CYLINDRICAL_SURFACE('',#3266,7.54999999999999);
#628=CYLINDRICAL_SURFACE('',#3268,15.);
#629=CYLINDRICAL_SURFACE('',#3271,35.);
#630=CYLINDRICAL_SURFACE('',#3272,1.25);
#631=CYLINDRICAL_SURFACE('',#3275,1.25);
#632=FACE_BOUND('',#873,.T.);
#633=FACE_BOUND('',#876,.T.);
#634=FACE_BOUND('',#880,.T.);
#635=FACE_BOUND('',#885,.T.);
#636=FACE_BOUND('',#890,.T.);
#637=FACE_BOUND('',#895,.T.);
#638=FACE_BOUND('',#902,.T.);
#639=FACE_BOUND('',#907,.T.);
#640=FACE_BOUND('',#912,.T.);
#641=FACE_BOUND('',#917,.T.);
#642=FACE_BOUND('',#922,.T.);
#643=FACE_BOUND('',#927,.T.);
#644=FACE_BOUND('',#931,.T.);
#645=FACE_BOUND('',#932,.T.);
#646=FACE_BOUND('',#933,.T.);
#647=FACE_BOUND('',#934,.T.);
#648=FACE_BOUND('',#935,.T.);
#649=FACE_BOUND('',#954,.T.);
#650=FACE_BOUND('',#955,.T.);
#651=FACE_BOUND('',#956,.T.);
#652=FACE_BOUND('',#957,.T.);
#653=FACE_BOUND('',#958,.T.);
#654=FACE_BOUND('',#986,.T.);
#655=FACE_BOUND('',#987,.T.);
#656=FACE_BOUND('',#988,.T.);
#657=FACE_BOUND('',#989,.T.);
#658=FACE_BOUND('',#990,.T.);
#659=FACE_BOUND('',#992,.T.);
#660=FACE_BOUND('',#993,.T.);
#661=FACE_BOUND('',#994,.T.);
#662=FACE_BOUND('',#995,.T.);
#663=FACE_BOUND('',#996,.T.);
#664=FACE_BOUND('',#998,.T.);
#665=FACE_BOUND('',#999,.T.);
#666=FACE_BOUND('',#1001,.T.);
#667=FACE_BOUND('',#1002,.T.);
#668=FACE_BOUND('',#1004,.T.);
#669=FACE_BOUND('',#1006,.T.);
#670=FACE_BOUND('',#1007,.T.);
#671=FACE_BOUND('',#1008,.T.);
#672=FACE_BOUND('',#1010,.T.);
#673=FACE_BOUND('',#1020,.T.);
#674=FACE_BOUND('',#1021,.T.);
#675=FACE_BOUND('',#1023,.T.);
#676=FACE_BOUND('',#1025,.T.);
#677=FACE_BOUND('',#1027,.T.);
#678=FACE_BOUND('',#1028,.T.);
#679=FACE_BOUND('',#1029,.T.);
#680=FACE_BOUND('',#1032,.T.);
#681=FACE_BOUND('',#1033,.T.);
#682=FACE_BOUND('',#1034,.T.);
#683=FACE_BOUND('',#1035,.T.);
#684=FACE_BOUND('',#1036,.T.);
#685=FACE_BOUND('',#1054,.T.);
#686=FACE_BOUND('',#1055,.T.);
#687=FACE_BOUND('',#1056,.T.);
#688=FACE_BOUND('',#1057,.T.);
#689=FACE_BOUND('',#1058,.T.);
#690=FACE_BOUND('',#1060,.T.);
#691=FACE_BOUND('',#1062,.T.);
#692=FACE_BOUND('',#1064,.T.);
#693=FACE_BOUND('',#1067,.T.);
#694=FACE_BOUND('',#1069,.T.);
#695=FACE_BOUND('',#1070,.T.);
#696=FACE_BOUND('',#1072,.T.);
#697=FACE_BOUND('',#1075,.T.);
#698=FACE_BOUND('',#1077,.T.);
#699=FACE_BOUND('',#1080,.T.);
#700=FACE_BOUND('',#1091,.T.);
#701=FACE_BOUND('',#1092,.T.);
#702=FACE_BOUND('',#1094,.T.);
#703=FACE_BOUND('',#1100,.T.);
#704=FACE_BOUND('',#1107,.T.);
#705=FACE_OUTER_BOUND('',#872,.T.);
#706=FACE_OUTER_BOUND('',#874,.T.);
#707=FACE_OUTER_BOUND('',#875,.T.);
#708=FACE_OUTER_BOUND('',#877,.T.);
#709=FACE_OUTER_BOUND('',#878,.T.);
#710=FACE_OUTER_BOUND('',#879,.T.);
#711=FACE_OUTER_BOUND('',#881,.T.);
#712=FACE_OUTER_BOUND('',#882,.T.);
#713=FACE_OUTER_BOUND('',#883,.T.);
#714=FACE_OUTER_BOUND('',#884,.T.);
#715=FACE_OUTER_BOUND('',#886,.T.);
#716=FACE_OUTER_BOUND('',#887,.T.);
#717=FACE_OUTER_BOUND('',#888,.T.);
#718=FACE_OUTER_BOUND('',#889,.T.);
#719=FACE_OUTER_BOUND('',#891,.T.);
#720=FACE_OUTER_BOUND('',#892,.T.);
#721=FACE_OUTER_BOUND('',#893,.T.);
#722=FACE_OUTER_BOUND('',#894,.T.);
#723=FACE_OUTER_BOUND('',#896,.T.);
#724=FACE_OUTER_BOUND('',#897,.T.);
#725=FACE_OUTER_BOUND('',#898,.T.);
#726=FACE_OUTER_BOUND('',#899,.T.);
#727=FACE_OUTER_BOUND('',#900,.T.);
#728=FACE_OUTER_BOUND('',#901,.T.);
#729=FACE_OUTER_BOUND('',#903,.T.);
#730=FACE_OUTER_BOUND('',#904,.T.);
#731=FACE_OUTER_BOUND('',#905,.T.);
#732=FACE_OUTER_BOUND('',#906,.T.);
#733=FACE_OUTER_BOUND('',#908,.T.);
#734=FACE_OUTER_BOUND('',#909,.T.);
#735=FACE_OUTER_BOUND('',#910,.T.);
#736=FACE_OUTER_BOUND('',#911,.T.);
#737=FACE_OUTER_BOUND('',#913,.T.);
#738=FACE_OUTER_BOUND('',#914,.T.);
#739=FACE_OUTER_BOUND('',#915,.T.);
#740=FACE_OUTER_BOUND('',#916,.T.);
#741=FACE_OUTER_BOUND('',#918,.T.);
#742=FACE_OUTER_BOUND('',#919,.T.);
#743=FACE_OUTER_BOUND('',#920,.T.);
#744=FACE_OUTER_BOUND('',#921,.T.);
#745=FACE_OUTER_BOUND('',#923,.T.);
#746=FACE_OUTER_BOUND('',#924,.T.);
#747=FACE_OUTER_BOUND('',#925,.T.);
#748=FACE_OUTER_BOUND('',#926,.T.);
#749=FACE_OUTER_BOUND('',#928,.T.);
#750=FACE_OUTER_BOUND('',#929,.T.);
#751=FACE_OUTER_BOUND('',#930,.T.);
#752=FACE_OUTER_BOUND('',#936,.T.);
#753=FACE_OUTER_BOUND('',#937,.T.);
#754=FACE_OUTER_BOUND('',#938,.T.);
#755=FACE_OUTER_BOUND('',#939,.T.);
#756=FACE_OUTER_BOUND('',#940,.T.);
#757=FACE_OUTER_BOUND('',#941,.T.);
#758=FACE_OUTER_BOUND('',#942,.T.);
#759=FACE_OUTER_BOUND('',#943,.T.);
#760=FACE_OUTER_BOUND('',#944,.T.);
#761=FACE_OUTER_BOUND('',#945,.T.);
#762=FACE_OUTER_BOUND('',#946,.T.);
#763=FACE_OUTER_BOUND('',#947,.T.);
#764=FACE_OUTER_BOUND('',#948,.T.);
#765=FACE_OUTER_BOUND('',#949,.T.);
#766=FACE_OUTER_BOUND('',#950,.T.);
#767=FACE_OUTER_BOUND('',#951,.T.);
#768=FACE_OUTER_BOUND('',#952,.T.);
#769=FACE_OUTER_BOUND('',#953,.T.);
#770=FACE_OUTER_BOUND('',#959,.T.);
#771=FACE_OUTER_BOUND('',#960,.T.);
#772=FACE_OUTER_BOUND('',#961,.T.);
#773=FACE_OUTER_BOUND('',#962,.T.);
#774=FACE_OUTER_BOUND('',#963,.T.);
#775=FACE_OUTER_BOUND('',#964,.T.);
#776=FACE_OUTER_BOUND('',#965,.T.);
#777=FACE_OUTER_BOUND('',#966,.T.);
#778=FACE_OUTER_BOUND('',#967,.T.);
#779=FACE_OUTER_BOUND('',#968,.T.);
#780=FACE_OUTER_BOUND('',#969,.T.);
#781=FACE_OUTER_BOUND('',#970,.T.);
#782=FACE_OUTER_BOUND('',#971,.T.);
#783=FACE_OUTER_BOUND('',#972,.T.);
#784=FACE_OUTER_BOUND('',#973,.T.);
#785=FACE_OUTER_BOUND('',#974,.T.);
#786=FACE_OUTER_BOUND('',#975,.T.);
#787=FACE_OUTER_BOUND('',#976,.T.);
#788=FACE_OUTER_BOUND('',#977,.T.);
#789=FACE_OUTER_BOUND('',#978,.T.);
#790=FACE_OUTER_BOUND('',#979,.T.);
#791=FACE_OUTER_BOUND('',#980,.T.);
#792=FACE_OUTER_BOUND('',#981,.T.);
#793=FACE_OUTER_BOUND('',#982,.T.);
#794=FACE_OUTER_BOUND('',#983,.T.);
#795=FACE_OUTER_BOUND('',#984,.T.);
#796=FACE_OUTER_BOUND('',#985,.T.);
#797=FACE_OUTER_BOUND('',#991,.T.);
#798=FACE_OUTER_BOUND('',#997,.T.);
#799=FACE_OUTER_BOUND('',#1000,.T.);
#800=FACE_OUTER_BOUND('',#1003,.T.);
#801=FACE_OUTER_BOUND('',#1005,.T.);
#802=FACE_OUTER_BOUND('',#1009,.T.);
#803=FACE_OUTER_BOUND('',#1011,.T.);
#804=FACE_OUTER_BOUND('',#1012,.T.);
#805=FACE_OUTER_BOUND('',#1013,.T.);
#806=FACE_OUTER_BOUND('',#1014,.T.);
#807=FACE_OUTER_BOUND('',#1015,.T.);
#808=FACE_OUTER_BOUND('',#1016,.T.);
#809=FACE_OUTER_BOUND('',#1017,.T.);
#810=FACE_OUTER_BOUND('',#1018,.T.);
#811=FACE_OUTER_BOUND('',#1019,.T.);
#812=FACE_OUTER_BOUND('',#1022,.T.);
#813=FACE_OUTER_BOUND('',#1024,.T.);
#814=FACE_OUTER_BOUND('',#1026,.T.);
#815=FACE_OUTER_BOUND('',#1030,.T.);
#816=FACE_OUTER_BOUND('',#1031,.T.);
#817=FACE_OUTER_BOUND('',#1037,.T.);
#818=FACE_OUTER_BOUND('',#1038,.T.);
#819=FACE_OUTER_BOUND('',#1039,.T.);
#820=FACE_OUTER_BOUND('',#1040,.T.);
#821=FACE_OUTER_BOUND('',#1041,.T.);
#822=FACE_OUTER_BOUND('',#1042,.T.);
#823=FACE_OUTER_BOUND('',#1043,.T.);
#824=FACE_OUTER_BOUND('',#1044,.T.);
#825=FACE_OUTER_BOUND('',#1045,.T.);
#826=FACE_OUTER_BOUND('',#1046,.T.);
#827=FACE_OUTER_BOUND('',#1047,.T.);
#828=FACE_OUTER_BOUND('',#1048,.T.);
#829=FACE_OUTER_BOUND('',#1049,.T.);
#830=FACE_OUTER_BOUND('',#1050,.T.);
#831=FACE_OUTER_BOUND('',#1051,.T.);
#832=FACE_OUTER_BOUND('',#1052,.T.);
#833=FACE_OUTER_BOUND('',#1053,.T.);
#834=FACE_OUTER_BOUND('',#1059,.T.);
#835=FACE_OUTER_BOUND('',#1061,.T.);
#836=FACE_OUTER_BOUND('',#1063,.T.);
#837=FACE_OUTER_BOUND('',#1065,.T.);
#838=FACE_OUTER_BOUND('',#1066,.T.);
#839=FACE_OUTER_BOUND('',#1068,.T.);
#840=FACE_OUTER_BOUND('',#1071,.T.);
#841=FACE_OUTER_BOUND('',#1073,.T.);
#842=FACE_OUTER_BOUND('',#1074,.T.);
#843=FACE_OUTER_BOUND('',#1076,.T.);
#844=FACE_OUTER_BOUND('',#1078,.T.);
#845=FACE_OUTER_BOUND('',#1079,.T.);
#846=FACE_OUTER_BOUND('',#1081,.T.);
#847=FACE_OUTER_BOUND('',#1082,.T.);
#848=FACE_OUTER_BOUND('',#1083,.T.);
#849=FACE_OUTER_BOUND('',#1084,.T.);
#850=FACE_OUTER_BOUND('',#1085,.T.);
#851=FACE_OUTER_BOUND('',#1086,.T.);
#852=FACE_OUTER_BOUND('',#1087,.T.);
#853=FACE_OUTER_BOUND('',#1088,.T.);
#854=FACE_OUTER_BOUND('',#1089,.T.);
#855=FACE_OUTER_BOUND('',#1090,.T.);
#856=FACE_OUTER_BOUND('',#1093,.T.);
#857=FACE_OUTER_BOUND('',#1095,.T.);
#858=FACE_OUTER_BOUND('',#1096,.T.);
#859=FACE_OUTER_BOUND('',#1097,.T.);
#860=FACE_OUTER_BOUND('',#1098,.T.);
#861=FACE_OUTER_BOUND('',#1099,.T.);
#862=FACE_OUTER_BOUND('',#1101,.T.);
#863=FACE_OUTER_BOUND('',#1102,.T.);
#864=FACE_OUTER_BOUND('',#1103,.T.);
#865=FACE_OUTER_BOUND('',#1104,.T.);
#866=FACE_OUTER_BOUND('',#1105,.T.);
#867=FACE_OUTER_BOUND('',#1106,.T.);
#868=FACE_OUTER_BOUND('',#1108,.T.);
#869=FACE_OUTER_BOUND('',#1109,.T.);
#870=FACE_OUTER_BOUND('',#1110,.T.);
#871=FACE_OUTER_BOUND('',#1111,.T.);
#872=EDGE_LOOP('',(#1913));
#873=EDGE_LOOP('',(#1914));
#874=EDGE_LOOP('',(#1915,#1916,#1917,#1918));
#875=EDGE_LOOP('',(#1919));
#876=EDGE_LOOP('',(#1920));
#877=EDGE_LOOP('',(#1921,#1922,#1923,#1924));
#878=EDGE_LOOP('',(#1925,#1926,#1927));
#879=EDGE_LOOP('',(#1928));
#880=EDGE_LOOP('',(#1929));
#881=EDGE_LOOP('',(#1930,#1931,#1932,#1933));
#882=EDGE_LOOP('',(#1934,#1935,#1936,#1937));
#883=EDGE_LOOP('',(#1938,#1939,#1940));
#884=EDGE_LOOP('',(#1941));
#885=EDGE_LOOP('',(#1942));
#886=EDGE_LOOP('',(#1943,#1944,#1945,#1946));
#887=EDGE_LOOP('',(#1947,#1948,#1949,#1950));
#888=EDGE_LOOP('',(#1951,#1952,#1953));
#889=EDGE_LOOP('',(#1954));
#890=EDGE_LOOP('',(#1955));
#891=EDGE_LOOP('',(#1956,#1957,#1958,#1959));
#892=EDGE_LOOP('',(#1960,#1961,#1962,#1963));
#893=EDGE_LOOP('',(#1964,#1965,#1966));
#894=EDGE_LOOP('',(#1967));
#895=EDGE_LOOP('',(#1968));
#896=EDGE_LOOP('',(#1969,#1970,#1971,#1972));
#897=EDGE_LOOP('',(#1973,#1974,#1975,#1976));
#898=EDGE_LOOP('',(#1977,#1978,#1979,#1980,#1981,#1982));
#899=EDGE_LOOP('',(#1983,#1984,#1985,#1986,#1987,#1988));
#900=EDGE_LOOP('',(#1989,#1990,#1991));
#901=EDGE_LOOP('',(#1992));
#902=EDGE_LOOP('',(#1993));
#903=EDGE_LOOP('',(#1994,#1995,#1996,#1997));
#904=EDGE_LOOP('',(#1998,#1999,#2000,#2001));
#905=EDGE_LOOP('',(#2002,#2003,#2004));
#906=EDGE_LOOP('',(#2005));
#907=EDGE_LOOP('',(#2006));
#908=EDGE_LOOP('',(#2007,#2008,#2009,#2010));
#909=EDGE_LOOP('',(#2011,#2012,#2013,#2014));
#910=EDGE_LOOP('',(#2015,#2016,#2017));
#911=EDGE_LOOP('',(#2018));
#912=EDGE_LOOP('',(#2019));
#913=EDGE_LOOP('',(#2020,#2021,#2022,#2023));
#914=EDGE_LOOP('',(#2024,#2025,#2026,#2027));
#915=EDGE_LOOP('',(#2028,#2029,#2030));
#916=EDGE_LOOP('',(#2031));
#917=EDGE_LOOP('',(#2032));
#918=EDGE_LOOP('',(#2033,#2034,#2035,#2036));
#919=EDGE_LOOP('',(#2037,#2038,#2039,#2040));
#920=EDGE_LOOP('',(#2041,#2042,#2043));
#921=EDGE_LOOP('',(#2044));
#922=EDGE_LOOP('',(#2045));
#923=EDGE_LOOP('',(#2046,#2047,#2048,#2049));
#924=EDGE_LOOP('',(#2050,#2051,#2052,#2053));
#925=EDGE_LOOP('',(#2054,#2055,#2056));
#926=EDGE_LOOP('',(#2057));
#927=EDGE_LOOP('',(#2058));
#928=EDGE_LOOP('',(#2059,#2060,#2061,#2062));
#929=EDGE_LOOP('',(#2063,#2064,#2065,#2066));
#930=EDGE_LOOP('',(#2067,#2068,#2069,#2070,#2071,#2072,#2073,#2074,#2075,
#2076));
#931=EDGE_LOOP('',(#2077));
#932=EDGE_LOOP('',(#2078));
#933=EDGE_LOOP('',(#2079));
#934=EDGE_LOOP('',(#2080));
#935=EDGE_LOOP('',(#2081,#2082,#2083,#2084));
#936=EDGE_LOOP('',(#2085,#2086,#2087,#2088));
#937=EDGE_LOOP('',(#2089,#2090,#2091,#2092));
#938=EDGE_LOOP('',(#2093,#2094,#2095,#2096));
#939=EDGE_LOOP('',(#2097,#2098,#2099,#2100));
#940=EDGE_LOOP('',(#2101,#2102,#2103,#2104));
#941=EDGE_LOOP('',(#2105,#2106,#2107,#2108));
#942=EDGE_LOOP('',(#2109,#2110,#2111,#2112));
#943=EDGE_LOOP('',(#2113,#2114,#2115,#2116));
#944=EDGE_LOOP('',(#2117,#2118,#2119,#2120));
#945=EDGE_LOOP('',(#2121,#2122,#2123,#2124));
#946=EDGE_LOOP('',(#2125,#2126,#2127,#2128));
#947=EDGE_LOOP('',(#2129,#2130,#2131,#2132));
#948=EDGE_LOOP('',(#2133,#2134,#2135,#2136));
#949=EDGE_LOOP('',(#2137,#2138,#2139,#2140));
#950=EDGE_LOOP('',(#2141,#2142,#2143,#2144));
#951=EDGE_LOOP('',(#2145,#2146,#2147,#2148));
#952=EDGE_LOOP('',(#2149,#2150,#2151,#2152));
#953=EDGE_LOOP('',(#2153,#2154,#2155,#2156,#2157,#2158,#2159,#2160,#2161,
#2162));
#954=EDGE_LOOP('',(#2163,#2164,#2165,#2166));
#955=EDGE_LOOP('',(#2167));
#956=EDGE_LOOP('',(#2168));
#957=EDGE_LOOP('',(#2169));
#958=EDGE_LOOP('',(#2170));
#959=EDGE_LOOP('',(#2171,#2172,#2173,#2174));
#960=EDGE_LOOP('',(#2175,#2176,#2177,#2178));
#961=EDGE_LOOP('',(#2179,#2180,#2181,#2182));
#962=EDGE_LOOP('',(#2183,#2184,#2185,#2186));
#963=EDGE_LOOP('',(#2187,#2188,#2189,#2190));
#964=EDGE_LOOP('',(#2191,#2192,#2193,#2194));
#965=EDGE_LOOP('',(#2195,#2196,#2197,#2198));
#966=EDGE_LOOP('',(#2199,#2200,#2201,#2202));
#967=EDGE_LOOP('',(#2203,#2204,#2205,#2206));
#968=EDGE_LOOP('',(#2207,#2208,#2209,#2210));
#969=EDGE_LOOP('',(#2211,#2212,#2213,#2214));
#970=EDGE_LOOP('',(#2215,#2216,#2217,#2218));
#971=EDGE_LOOP('',(#2219,#2220,#2221,#2222));
#972=EDGE_LOOP('',(#2223,#2224,#2225,#2226));
#973=EDGE_LOOP('',(#2227,#2228,#2229,#2230));
#974=EDGE_LOOP('',(#2231,#2232,#2233,#2234));
#975=EDGE_LOOP('',(#2235,#2236,#2237,#2238));
#976=EDGE_LOOP('',(#2239,#2240,#2241,#2242));
#977=EDGE_LOOP('',(#2243,#2244,#2245,#2246));
#978=EDGE_LOOP('',(#2247,#2248,#2249,#2250));
#979=EDGE_LOOP('',(#2251,#2252,#2253,#2254));
#980=EDGE_LOOP('',(#2255,#2256,#2257,#2258));
#981=EDGE_LOOP('',(#2259,#2260,#2261,#2262));
#982=EDGE_LOOP('',(#2263,#2264,#2265,#2266));
#983=EDGE_LOOP('',(#2267,#2268,#2269,#2270));
#984=EDGE_LOOP('',(#2271,#2272,#2273,#2274));
#985=EDGE_LOOP('',(#2275,#2276,#2277,#2278,#2279,#2280,#2281,#2282,#2283,
#2284,#2285,#2286,#2287,#2288));
#986=EDGE_LOOP('',(#2289,#2290,#2291,#2292));
#987=EDGE_LOOP('',(#2293));
#988=EDGE_LOOP('',(#2294));
#989=EDGE_LOOP('',(#2295));
#990=EDGE_LOOP('',(#2296));
#991=EDGE_LOOP('',(#2297,#2298,#2299,#2300,#2301,#2302,#2303,#2304,#2305,
#2306,#2307,#2308,#2309,#2310));
#992=EDGE_LOOP('',(#2311,#2312,#2313,#2314));
#993=EDGE_LOOP('',(#2315));
#994=EDGE_LOOP('',(#2316));
#995=EDGE_LOOP('',(#2317));
#996=EDGE_LOOP('',(#2318));
#997=EDGE_LOOP('',(#2319,#2320,#2321,#2322));
#998=EDGE_LOOP('',(#2323));
#999=EDGE_LOOP('',(#2324));
#1000=EDGE_LOOP('',(#2325,#2326,#2327,#2328));
#1001=EDGE_LOOP('',(#2329,#2330));
#1002=EDGE_LOOP('',(#2331,#2332,#2333,#2334));
#1003=EDGE_LOOP('',(#2335,#2336,#2337,#2338));
#1004=EDGE_LOOP('',(#2339,#2340,#2341,#2342));
#1005=EDGE_LOOP('',(#2343,#2344,#2345,#2346,#2347,#2348));
#1006=EDGE_LOOP('',(#2349));
#1007=EDGE_LOOP('',(#2350));
#1008=EDGE_LOOP('',(#2351));
#1009=EDGE_LOOP('',(#2352,#2353,#2354,#2355,#2356,#2357,#2358,#2359,#2360));
#1010=EDGE_LOOP('',(#2361));
#1011=EDGE_LOOP('',(#2362,#2363,#2364,#2365));
#1012=EDGE_LOOP('',(#2366,#2367,#2368,#2369));
#1013=EDGE_LOOP('',(#2370,#2371,#2372,#2373));
#1014=EDGE_LOOP('',(#2374,#2375,#2376,#2377));
#1015=EDGE_LOOP('',(#2378,#2379,#2380,#2381));
#1016=EDGE_LOOP('',(#2382,#2383,#2384,#2385));
#1017=EDGE_LOOP('',(#2386,#2387,#2388,#2389));
#1018=EDGE_LOOP('',(#2390,#2391,#2392,#2393));
#1019=EDGE_LOOP('',(#2394,#2395,#2396,#2397));
#1020=EDGE_LOOP('',(#2398,#2399));
#1021=EDGE_LOOP('',(#2400,#2401,#2402,#2403));
#1022=EDGE_LOOP('',(#2404,#2405,#2406,#2407));
#1023=EDGE_LOOP('',(#2408,#2409,#2410,#2411));
#1024=EDGE_LOOP('',(#2412,#2413,#2414,#2415));
#1025=EDGE_LOOP('',(#2416,#2417,#2418,#2419));
#1026=EDGE_LOOP('',(#2420,#2421,#2422,#2423,#2424,#2425));
#1027=EDGE_LOOP('',(#2426));
#1028=EDGE_LOOP('',(#2427));
#1029=EDGE_LOOP('',(#2428));
#1030=EDGE_LOOP('',(#2429,#2430,#2431,#2432));
#1031=EDGE_LOOP('',(#2433,#2434,#2435,#2436,#2437,#2438,#2439,#2440,#2441,
#2442));
#1032=EDGE_LOOP('',(#2443));
#1033=EDGE_LOOP('',(#2444));
#1034=EDGE_LOOP('',(#2445));
#1035=EDGE_LOOP('',(#2446));
#1036=EDGE_LOOP('',(#2447,#2448,#2449,#2450));
#1037=EDGE_LOOP('',(#2451,#2452,#2453,#2454));
#1038=EDGE_LOOP('',(#2455,#2456,#2457,#2458));
#1039=EDGE_LOOP('',(#2459,#2460,#2461,#2462));
#1040=EDGE_LOOP('',(#2463,#2464,#2465,#2466));
#1041=EDGE_LOOP('',(#2467,#2468,#2469,#2470));
#1042=EDGE_LOOP('',(#2471,#2472,#2473,#2474));
#1043=EDGE_LOOP('',(#2475,#2476,#2477,#2478));
#1044=EDGE_LOOP('',(#2479,#2480,#2481,#2482));
#1045=EDGE_LOOP('',(#2483,#2484,#2485,#2486));
#1046=EDGE_LOOP('',(#2487,#2488,#2489,#2490));
#1047=EDGE_LOOP('',(#2491,#2492,#2493,#2494));
#1048=EDGE_LOOP('',(#2495,#2496,#2497,#2498));
#1049=EDGE_LOOP('',(#2499,#2500,#2501,#2502));
#1050=EDGE_LOOP('',(#2503,#2504,#2505,#2506));
#1051=EDGE_LOOP('',(#2507,#2508,#2509,#2510));
#1052=EDGE_LOOP('',(#2511,#2512,#2513,#2514));
#1053=EDGE_LOOP('',(#2515,#2516,#2517,#2518,#2519,#2520,#2521,#2522,#2523,
#2524));
#1054=EDGE_LOOP('',(#2525,#2526,#2527,#2528));
#1055=EDGE_LOOP('',(#2529));
#1056=EDGE_LOOP('',(#2530));
#1057=EDGE_LOOP('',(#2531));
#1058=EDGE_LOOP('',(#2532));
#1059=EDGE_LOOP('',(#2533,#2534,#2535,#2536,#2537,#2538));
#1060=EDGE_LOOP('',(#2539));
#1061=EDGE_LOOP('',(#2540,#2541,#2542,#2543,#2544));
#1062=EDGE_LOOP('',(#2545));
#1063=EDGE_LOOP('',(#2546));
#1064=EDGE_LOOP('',(#2547));
#1065=EDGE_LOOP('',(#2548,#2549,#2550,#2551));
#1066=EDGE_LOOP('',(#2552));
#1067=EDGE_LOOP('',(#2553));
#1068=EDGE_LOOP('',(#2554,#2555,#2556,#2557,#2558,#2559,#2560,#2561,#2562,
#2563,#2564,#2565,#2566,#2567,#2568,#2569,#2570,#2571,#2572,#2573,#2574,
#2575));
#1069=EDGE_LOOP('',(#2576));
#1070=EDGE_LOOP('',(#2577));
#1071=EDGE_LOOP('',(#2578));
#1072=EDGE_LOOP('',(#2579));
#1073=EDGE_LOOP('',(#2580,#2581,#2582,#2583));
#1074=EDGE_LOOP('',(#2584));
#1075=EDGE_LOOP('',(#2585));
#1076=EDGE_LOOP('',(#2586));
#1077=EDGE_LOOP('',(#2587));
#1078=EDGE_LOOP('',(#2588,#2589,#2590,#2591));
#1079=EDGE_LOOP('',(#2592));
#1080=EDGE_LOOP('',(#2593));
#1081=EDGE_LOOP('',(#2594,#2595,#2596,#2597));
#1082=EDGE_LOOP('',(#2598,#2599,#2600,#2601));
#1083=EDGE_LOOP('',(#2602,#2603,#2604,#2605));
#1084=EDGE_LOOP('',(#2606,#2607,#2608,#2609));
#1085=EDGE_LOOP('',(#2610,#2611,#2612,#2613,#2614,#2615,#2616,#2617));
#1086=EDGE_LOOP('',(#2618,#2619,#2620,#2621));
#1087=EDGE_LOOP('',(#2622,#2623,#2624,#2625));
#1088=EDGE_LOOP('',(#2626,#2627,#2628,#2629,#2630,#2631,#2632,#2633));
#1089=EDGE_LOOP('',(#2634,#2635,#2636,#2637));
#1090=EDGE_LOOP('',(#2638,#2639,#2640,#2641,#2642));
#1091=EDGE_LOOP('',(#2643));
#1092=EDGE_LOOP('',(#2644));
#1093=EDGE_LOOP('',(#2645,#2646,#2647,#2648));
#1094=EDGE_LOOP('',(#2649,#2650));
#1095=EDGE_LOOP('',(#2651,#2652,#2653,#2654,#2655));
#1096=EDGE_LOOP('',(#2656,#2657,#2658,#2659));
#1097=EDGE_LOOP('',(#2660,#2661,#2662,#2663));
#1098=EDGE_LOOP('',(#2664,#2665,#2666,#2667));
#1099=EDGE_LOOP('',(#2668,#2669,#2670,#2671,#2672,#2673));
#1100=EDGE_LOOP('',(#2674,#2675,#2676,#2677));
#1101=EDGE_LOOP('',(#2678,#2679,#2680,#2681));
#1102=EDGE_LOOP('',(#2682,#2683,#2684,#2685));
#1103=EDGE_LOOP('',(#2686,#2687,#2688,#2689,#2690,#2691,#2692,#2693));
#1104=EDGE_LOOP('',(#2694,#2695,#2696,#2697));
#1105=EDGE_LOOP('',(#2698,#2699,#2700,#2701));
#1106=EDGE_LOOP('',(#2702,#2703,#2704,#2705,#2706));
#1107=EDGE_LOOP('',(#2707,#2708));
#1108=EDGE_LOOP('',(#2709,#2710,#2711,#2712));
#1109=EDGE_LOOP('',(#2713,#2714,#2715));
#1110=EDGE_LOOP('',(#2716,#2717,#2718,#2719));
#1111=EDGE_LOOP('',(#2720,#2721,#2722));
#1112=CIRCLE('',#2991,1.75);
#1113=CIRCLE('',#2992,1.25);
#1114=CIRCLE('',#2994,1.75);
#1115=CIRCLE('',#2996,1.75);
#1116=CIRCLE('',#2997,1.25);
#1117=CIRCLE('',#2999,1.75);
#1118=CIRCLE('',#3001,1.25);
#1119=CIRCLE('',#3003,1.75);
#1120=CIRCLE('',#3004,1.25);
#1121=CIRCLE('',#3006,1.75);
#1122=CIRCLE('',#3009,1.25);
#1123=CIRCLE('',#3011,1.75);
#1124=CIRCLE('',#3012,1.25);
#1125=CIRCLE('',#3014,1.75);
#1126=CIRCLE('',#3017,1.25);
#1127=CIRCLE('',#3019,1.75);
#1128=CIRCLE('',#3020,1.25);
#1129=CIRCLE('',#3022,1.75);
#1130=CIRCLE('',#3025,1.25);
#1131=CIRCLE('',#3027,1.75);
#1132=CIRCLE('',#3028,1.25);
#1133=CIRCLE('',#3030,1.75);
#1134=CIRCLE('',#3035,1.25);
#1135=CIRCLE('',#3037,1.75);
#1136=CIRCLE('',#3038,1.25);
#1137=CIRCLE('',#3040,1.75);
#1138=CIRCLE('',#3043,1.25);
#1139=CIRCLE('',#3045,1.75);
#1140=CIRCLE('',#3046,1.25);
#1141=CIRCLE('',#3048,1.75);
#1142=CIRCLE('',#3051,1.25);
#1143=CIRCLE('',#3053,1.75);
#1144=CIRCLE('',#3054,1.25);
#1145=CIRCLE('',#3056,1.75);
#1146=CIRCLE('',#3059,1.25);
#1147=CIRCLE('',#3061,1.75);
#1148=CIRCLE('',#3062,1.25);
#1149=CIRCLE('',#3064,1.75);
#1150=CIRCLE('',#3067,1.25);
#1151=CIRCLE('',#3069,1.75);
#1152=CIRCLE('',#3070,1.25);
#1153=CIRCLE('',#3072,1.75);
#1154=CIRCLE('',#3075,1.25);
#1155=CIRCLE('',#3077,1.75);
#1156=CIRCLE('',#3078,1.25);
#1157=CIRCLE('',#3080,1.75);
#1158=CIRCLE('',#3083,27.5);
#1159=CIRCLE('',#3084,3.00000000000004);
#1160=CIRCLE('',#3085,3.00000000000004);
#1161=CIRCLE('',#3086,1.99999999999999);
#1162=CIRCLE('',#3087,1.99999999999999);
#1163=CIRCLE('',#3088,2.00000000000001);
#1164=CIRCLE('',#3089,2.00000000000001);
#1165=CIRCLE('',#3092,1.99999999999999);
#1166=CIRCLE('',#3094,1.99999999999999);
#1167=CIRCLE('',#3096,2.00000000000001);
#1168=CIRCLE('',#3098,2.00000000000001);
#1169=CIRCLE('',#3106,3.00000000000004);
#1170=CIRCLE('',#3111,3.00000000000004);
#1171=CIRCLE('',#3114,27.5);
#1172=CIRCLE('',#3121,1.99999999999999);
#1173=CIRCLE('',#3122,1.99999999999999);
#1174=CIRCLE('',#3124,1.99999999999999);
#1175=CIRCLE('',#3125,1.99999999999999);
#1176=CIRCLE('',#3127,2.00000000000001);
#1177=CIRCLE('',#3128,2.00000000000001);
#1178=CIRCLE('',#3130,2.00000000000001);
#1179=CIRCLE('',#3131,2.00000000000001);
#1180=CIRCLE('',#3139,3.00000000000004);
#1181=CIRCLE('',#3140,3.00000000000004);
#1182=CIRCLE('',#3145,3.00000000000004);
#1183=CIRCLE('',#3146,3.00000000000004);
#1184=CIRCLE('',#3153,27.5);
#1185=CIRCLE('',#3154,27.5);
#1186=CIRCLE('',#3157,27.5);
#1187=CIRCLE('',#3158,35.);
#1188=CIRCLE('',#3160,27.5);
#1189=CIRCLE('',#3161,15.);
#1190=CIRCLE('',#3162,27.5);
#1191=CIRCLE('',#3163,25.);
#1192=CIRCLE('',#3164,26.2643476962221);
#1193=CIRCLE('',#3165,7.54999999999999);
#1194=CIRCLE('',#3171,27.5);
#1195=CIRCLE('',#3172,27.5);
#1196=CIRCLE('',#3173,27.5);
#1197=CIRCLE('',#3174,27.5);
#1198=CIRCLE('',#3176,27.5);
#1199=CIRCLE('',#3179,35.);
#1200=CIRCLE('',#3182,3.00000000000004);
#1201=CIRCLE('',#3183,3.00000000000004);
#1202=CIRCLE('',#3184,1.99999999999999);
#1203=CIRCLE('',#3185,1.99999999999999);
#1204=CIRCLE('',#3186,2.00000000000001);
#1205=CIRCLE('',#3187,2.00000000000001);
#1206=CIRCLE('',#3189,1.99999999999999);
#1207=CIRCLE('',#3191,1.99999999999999);
#1208=CIRCLE('',#3193,2.00000000000001);
#1209=CIRCLE('',#3195,2.00000000000001);
#1210=CIRCLE('',#3202,3.00000000000004);
#1211=CIRCLE('',#3207,3.00000000000004);
#1212=CIRCLE('',#3212,15.);
#1213=CIRCLE('',#3213,7.54999999999999);
#1214=CIRCLE('',#3215,15.);
#1215=CIRCLE('',#3216,7.54999999999999);
#1216=CIRCLE('',#3218,7.54999999999999);
#1217=CIRCLE('',#3219,5.50000000000001);
#1218=CIRCLE('',#3221,5.50000000000001);
#1219=CIRCLE('',#3223,15.);
#1220=CIRCLE('',#3225,15.);
#1221=CIRCLE('',#3226,15.);
#1222=CIRCLE('',#3227,35.);
#1223=CIRCLE('',#3228,27.5000000000002);
#1224=CIRCLE('',#3229,26.2643476962221);
#1225=CIRCLE('',#3230,25.);
#1226=CIRCLE('',#3231,35.);
#1227=CIRCLE('',#3232,15.);
#1228=CIRCLE('',#3233,15.);
#1229=CIRCLE('',#3234,15.);
#1230=CIRCLE('',#3235,15.);
#1231=CIRCLE('',#3237,7.54999999999999);
#1232=CIRCLE('',#3238,5.50000000000001);
#1233=CIRCLE('',#3240,5.50000000000001);
#1234=CIRCLE('',#3242,15.);
#1235=CIRCLE('',#3244,7.54999999999999);
#1236=CIRCLE('',#3245,5.50000000000001);
#1237=CIRCLE('',#3247,5.50000000000001);
#1238=CIRCLE('',#3249,15.);
#1239=CIRCLE('',#3273,1.25);
#1240=CIRCLE('',#3276,1.25);
#1241=VERTEX_POINT('',#4118);
#1242=VERTEX_POINT('',#4120);
#1243=VERTEX_POINT('',#4123);
#1244=VERTEX_POINT('',#4127);
#1245=VERTEX_POINT('',#4129);
#1246=VERTEX_POINT('',#4132);
#1247=VERTEX_POINT('',#4136);
#1248=VERTEX_POINT('',#4138);
#1249=VERTEX_POINT('',#4141);
#1250=VERTEX_POINT('',#4143);
#1251=VERTEX_POINT('',#4146);
#1252=VERTEX_POINT('',#4152);
#1253=VERTEX_POINT('',#4154);
#1254=VERTEX_POINT('',#4157);
#1255=VERTEX_POINT('',#4159);
#1256=VERTEX_POINT('',#4162);
#1257=VERTEX_POINT('',#4168);
#1258=VERTEX_POINT('',#4170);
#1259=VERTEX_POINT('',#4173);
#1260=VERTEX_POINT('',#4175);
#1261=VERTEX_POINT('',#4178);
#1262=VERTEX_POINT('',#4184);
#1263=VERTEX_POINT('',#4186);
#1264=VERTEX_POINT('',#4189);
#1265=VERTEX_POINT('',#4191);
#1266=VERTEX_POINT('',#4194);
#1267=VERTEX_POINT('',#4200);
#1268=VERTEX_POINT('',#4201);
#1269=VERTEX_POINT('',#4242);
#1270=VERTEX_POINT('',#4244);
#1271=VERTEX_POINT('',#4282);
#1272=VERTEX_POINT('',#4283);
#1273=VERTEX_POINT('',#4324);
#1274=VERTEX_POINT('',#4326);
#1275=VERTEX_POINT('',#4364);
#1276=VERTEX_POINT('',#4366);
#1277=VERTEX_POINT('',#4369);
#1278=VERTEX_POINT('',#4371);
#1279=VERTEX_POINT('',#4374);
#1280=VERTEX_POINT('',#4380);
#1281=VERTEX_POINT('',#4382);
#1282=VERTEX_POINT('',#4385);
#1283=VERTEX_POINT('',#4387);
#1284=VERTEX_POINT('',#4390);
#1285=VERTEX_POINT('',#4396);
#1286=VERTEX_POINT('',#4398);
#1287=VERTEX_POINT('',#4401);
#1288=VERTEX_POINT('',#4403);
#1289=VERTEX_POINT('',#4406);
#1290=VERTEX_POINT('',#4412);
#1291=VERTEX_POINT('',#4414);
#1292=VERTEX_POINT('',#4417);
#1293=VERTEX_POINT('',#4419);
#1294=VERTEX_POINT('',#4422);
#1295=VERTEX_POINT('',#4428);
#1296=VERTEX_POINT('',#4430);
#1297=VERTEX_POINT('',#4433);
#1298=VERTEX_POINT('',#4435);
#1299=VERTEX_POINT('',#4438);
#1300=VERTEX_POINT('',#4444);
#1301=VERTEX_POINT('',#4446);
#1302=VERTEX_POINT('',#4449);
#1303=VERTEX_POINT('',#4451);
#1304=VERTEX_POINT('',#4454);
#1305=VERTEX_POINT('',#4460);
#1306=VERTEX_POINT('',#4461);
#1307=VERTEX_POINT('',#4463);
#1308=VERTEX_POINT('',#4465);
#1309=VERTEX_POINT('',#4467);
#1310=VERTEX_POINT('',#4469);
#1311=VERTEX_POINT('',#4471);
#1312=VERTEX_POINT('',#4473);
#1313=VERTEX_POINT('',#4475);
#1314=VERTEX_POINT('',#4477);
#1315=VERTEX_POINT('',#4480);
#1316=VERTEX_POINT('',#4482);
#1317=VERTEX_POINT('',#4484);
#1318=VERTEX_POINT('',#4486);
#1319=VERTEX_POINT('',#4488);
#1320=VERTEX_POINT('',#4489);
#1321=VERTEX_POINT('',#4491);
#1322=VERTEX_POINT('',#4493);
#1323=VERTEX_POINT('',#4497);
#1324=VERTEX_POINT('',#4499);
#1325=VERTEX_POINT('',#4503);
#1326=VERTEX_POINT('',#4507);
#1327=VERTEX_POINT('',#4511);
#1328=VERTEX_POINT('',#4515);
#1329=VERTEX_POINT('',#4519);
#1330=VERTEX_POINT('',#4520);
#1331=VERTEX_POINT('',#4525);
#1332=VERTEX_POINT('',#4529);
#1333=VERTEX_POINT('',#4535);
#1334=VERTEX_POINT('',#4537);
#1335=VERTEX_POINT('',#4541);
#1336=VERTEX_POINT('',#4545);
#1337=VERTEX_POINT('',#4549);
#1338=VERTEX_POINT('',#4553);
#1339=VERTEX_POINT('',#4557);
#1340=VERTEX_POINT('',#4561);
#1341=VERTEX_POINT('',#4584);
#1342=VERTEX_POINT('',#4585);
#1343=VERTEX_POINT('',#4590);
#1344=VERTEX_POINT('',#4592);
#1345=VERTEX_POINT('',#4596);
#1346=VERTEX_POINT('',#4598);
#1347=VERTEX_POINT('',#4617);
#1348=VERTEX_POINT('',#4622);
#1349=VERTEX_POINT('',#4629);
#1350=VERTEX_POINT('',#4630);
#1351=VERTEX_POINT('',#4632);
#1352=VERTEX_POINT('',#4634);
#1353=VERTEX_POINT('',#4653);
#1354=VERTEX_POINT('',#4660);
#1355=VERTEX_POINT('',#4664);
#1356=VERTEX_POINT('',#4666);
#1357=VERTEX_POINT('',#4696);
#1358=VERTEX_POINT('',#4698);
#1359=VERTEX_POINT('',#4702);
#1360=VERTEX_POINT('',#4704);
#1361=VERTEX_POINT('',#4708);
#1362=VERTEX_POINT('',#4710);
#1363=VERTEX_POINT('',#4714);
#1364=VERTEX_POINT('',#4716);
#1365=VERTEX_POINT('',#4720);
#1366=VERTEX_POINT('',#4721);
#1367=VERTEX_POINT('',#4723);
#1368=VERTEX_POINT('',#4725);
#1369=VERTEX_POINT('',#4729);
#1370=VERTEX_POINT('',#4731);
#1371=VERTEX_POINT('',#4735);
#1372=VERTEX_POINT('',#4737);
#1373=VERTEX_POINT('',#4744);
#1374=VERTEX_POINT('',#4745);
#1375=VERTEX_POINT('',#4747);
#1376=VERTEX_POINT('',#4749);
#1377=VERTEX_POINT('',#4753);
#1378=VERTEX_POINT('',#4754);
#1379=VERTEX_POINT('',#4756);
#1380=VERTEX_POINT('',#4758);
#1381=VERTEX_POINT('',#4762);
#1382=VERTEX_POINT('',#4764);
#1383=VERTEX_POINT('',#4768);
#1384=VERTEX_POINT('',#4770);
#1385=VERTEX_POINT('',#4774);
#1386=VERTEX_POINT('',#4776);
#1387=VERTEX_POINT('',#4780);
#1388=VERTEX_POINT('',#4782);
#1389=VERTEX_POINT('',#4786);
#1390=VERTEX_POINT('',#4788);
#1391=VERTEX_POINT('',#4795);
#1392=VERTEX_POINT('',#4797);
#1393=VERTEX_POINT('',#4807);
#1394=VERTEX_POINT('',#4808);
#1395=VERTEX_POINT('',#4810);
#1396=VERTEX_POINT('',#4812);
#1397=VERTEX_POINT('',#4816);
#1398=VERTEX_POINT('',#4818);
#1399=VERTEX_POINT('',#4822);
#1400=VERTEX_POINT('',#4824);
#1401=VERTEX_POINT('',#4828);
#1402=VERTEX_POINT('',#4830);
#1403=VERTEX_POINT('',#4834);
#1404=VERTEX_POINT('',#4836);
#1405=VERTEX_POINT('',#4838);
#1406=VERTEX_POINT('',#4840);
#1407=VERTEX_POINT('',#4842);
#1408=VERTEX_POINT('',#4844);
#1409=VERTEX_POINT('',#4846);
#1410=VERTEX_POINT('',#4848);
#1411=VERTEX_POINT('',#4851);
#1412=VERTEX_POINT('',#4869);
#1413=VERTEX_POINT('',#4870);
#1414=VERTEX_POINT('',#4880);
#1415=VERTEX_POINT('',#4884);
#1416=VERTEX_POINT('',#4910);
#1417=VERTEX_POINT('',#4911);
#1418=VERTEX_POINT('',#4931);
#1419=VERTEX_POINT('',#4938);
#1420=VERTEX_POINT('',#4962);
#1421=VERTEX_POINT('',#4963);
#1422=VERTEX_POINT('',#4965);
#1423=VERTEX_POINT('',#4967);
#1424=VERTEX_POINT('',#4970);
#1425=VERTEX_POINT('',#4971);
#1426=VERTEX_POINT('',#4973);
#1427=VERTEX_POINT('',#4975);
#1428=VERTEX_POINT('',#4979);
#1429=VERTEX_POINT('',#4980);
#1430=VERTEX_POINT('',#4988);
#1431=VERTEX_POINT('',#4989);
#1432=VERTEX_POINT('',#4994);
#1433=VERTEX_POINT('',#4996);
#1434=VERTEX_POINT('',#5000);
#1435=VERTEX_POINT('',#5002);
#1436=VERTEX_POINT('',#5004);
#1437=VERTEX_POINT('',#5006);
#1438=VERTEX_POINT('',#5008);
#1439=VERTEX_POINT('',#5010);
#1440=VERTEX_POINT('',#5012);
#1441=VERTEX_POINT('',#5015);
#1442=VERTEX_POINT('',#5017);
#1443=VERTEX_POINT('',#5019);
#1444=VERTEX_POINT('',#5021);
#1445=VERTEX_POINT('',#5023);
#1446=VERTEX_POINT('',#5024);
#1447=VERTEX_POINT('',#5026);
#1448=VERTEX_POINT('',#5028);
#1449=VERTEX_POINT('',#5032);
#1450=VERTEX_POINT('',#5036);
#1451=VERTEX_POINT('',#5040);
#1452=VERTEX_POINT('',#5044);
#1453=VERTEX_POINT('',#5048);
#1454=VERTEX_POINT('',#5049);
#1455=VERTEX_POINT('',#5054);
#1456=VERTEX_POINT('',#5058);
#1457=VERTEX_POINT('',#5064);
#1458=VERTEX_POINT('',#5068);
#1459=VERTEX_POINT('',#5072);
#1460=VERTEX_POINT('',#5076);
#1461=VERTEX_POINT('',#5080);
#1462=VERTEX_POINT('',#5084);
#1463=VERTEX_POINT('',#5088);
#1464=VERTEX_POINT('',#5095);
#1465=VERTEX_POINT('',#5097);
#1466=VERTEX_POINT('',#5100);
#1467=VERTEX_POINT('',#5103);
#1468=VERTEX_POINT('',#5105);
#1469=VERTEX_POINT('',#5108);
#1470=VERTEX_POINT('',#5111);
#1471=VERTEX_POINT('',#5113);
#1472=VERTEX_POINT('',#5116);
#1473=VERTEX_POINT('',#5120);
#1474=VERTEX_POINT('',#5123);
#1475=VERTEX_POINT('',#5124);
#1476=VERTEX_POINT('',#5126);
#1477=VERTEX_POINT('',#5128);
#1478=VERTEX_POINT('',#5130);
#1479=VERTEX_POINT('',#5132);
#1480=VERTEX_POINT('',#5134);
#1481=VERTEX_POINT('',#5136);
#1482=VERTEX_POINT('',#5138);
#1483=VERTEX_POINT('',#5140);
#1484=VERTEX_POINT('',#5142);
#1485=VERTEX_POINT('',#5144);
#1486=VERTEX_POINT('',#5146);
#1487=VERTEX_POINT('',#5148);
#1488=VERTEX_POINT('',#5150);
#1489=VERTEX_POINT('',#5152);
#1490=VERTEX_POINT('',#5154);
#1491=VERTEX_POINT('',#5156);
#1492=VERTEX_POINT('',#5158);
#1493=VERTEX_POINT('',#5160);
#1494=VERTEX_POINT('',#5162);
#1495=VERTEX_POINT('',#5164);
#1496=VERTEX_POINT('',#5168);
#1497=VERTEX_POINT('',#5170);
#1498=VERTEX_POINT('',#5173);
#1499=VERTEX_POINT('',#5177);
#1500=VERTEX_POINT('',#5180);
#1501=VERTEX_POINT('',#5182);
#1502=VERTEX_POINT('',#5185);
#1503=VERTEX_POINT('',#5189);
#1504=VERTEX_POINT('',#5239);
#1505=VERTEX_POINT('',#5243);
#1506=VERTEX_POINT('',#5246);
#1507=VERTEX_POINT('',#5250);
#1508=EDGE_CURVE('',#1241,#1241,#1112,.T.);
#1509=EDGE_CURVE('',#1242,#1242,#1113,.T.);
#1510=EDGE_CURVE('',#1243,#1243,#1114,.T.);
#1511=EDGE_CURVE('',#1243,#1241,#51,.T.);
#1512=EDGE_CURVE('',#1244,#1244,#1115,.T.);
#1513=EDGE_CURVE('',#1245,#1245,#1116,.T.);
#1514=EDGE_CURVE('',#1246,#1246,#1117,.T.);
#1515=EDGE_CURVE('',#1246,#1244,#52,.T.);
#1516=EDGE_CURVE('',#1247,#1247,#1118,.T.);
#1517=EDGE_CURVE('',#1247,#1248,#53,.T.);
#1518=EDGE_CURVE('',#1249,#1249,#1119,.T.);
#1519=EDGE_CURVE('',#1250,#1250,#1120,.T.);
#1520=EDGE_CURVE('',#1251,#1251,#1121,.T.);
#1521=EDGE_CURVE('',#1251,#1249,#54,.T.);
#1522=EDGE_CURVE('',#1250,#1247,#55,.T.);
#1523=EDGE_CURVE('',#1252,#1252,#1122,.T.);
#1524=EDGE_CURVE('',#1252,#1253,#56,.T.);
#1525=EDGE_CURVE('',#1254,#1254,#1123,.T.);
#1526=EDGE_CURVE('',#1255,#1255,#1124,.T.);
#1527=EDGE_CURVE('',#1256,#1256,#1125,.T.);
#1528=EDGE_CURVE('',#1256,#1254,#57,.T.);
#1529=EDGE_CURVE('',#1255,#1252,#58,.T.);
#1530=EDGE_CURVE('',#1257,#1257,#1126,.T.);
#1531=EDGE_CURVE('',#1257,#1258,#59,.T.);
#1532=EDGE_CURVE('',#1259,#1259,#1127,.T.);
#1533=EDGE_CURVE('',#1260,#1260,#1128,.T.);
#1534=EDGE_CURVE('',#1261,#1261,#1129,.T.);
#1535=EDGE_CURVE('',#1261,#1259,#60,.T.);
#1536=EDGE_CURVE('',#1260,#1257,#61,.T.);
#1537=EDGE_CURVE('',#1262,#1262,#1130,.T.);
#1538=EDGE_CURVE('',#1262,#1263,#62,.T.);
#1539=EDGE_CURVE('',#1264,#1264,#1131,.T.);
#1540=EDGE_CURVE('',#1265,#1265,#1132,.T.);
#1541=EDGE_CURVE('',#1266,#1266,#1133,.T.);
#1542=EDGE_CURVE('',#1266,#1264,#63,.T.);
#1543=EDGE_CURVE('',#1265,#1262,#64,.T.);
#1544=EDGE_CURVE('',#1267,#1268,#23,.T.);
#1545=EDGE_CURVE('',#1268,#1267,#24,.T.);
#1546=EDGE_CURVE('',#1268,#1269,#65,.T.);
#1547=EDGE_CURVE('',#1270,#1269,#25,.T.);
#1548=EDGE_CURVE('',#1269,#1270,#26,.T.);
#1549=EDGE_CURVE('',#1271,#1272,#27,.T.);
#1550=EDGE_CURVE('',#1272,#1271,#28,.T.);
#1551=EDGE_CURVE('',#1272,#1273,#66,.T.);
#1552=EDGE_CURVE('',#1274,#1273,#29,.T.);
#1553=EDGE_CURVE('',#1273,#1274,#30,.T.);
#1554=EDGE_CURVE('',#1275,#1275,#1134,.T.);
#1555=EDGE_CURVE('',#1275,#1276,#67,.T.);
#1556=EDGE_CURVE('',#1277,#1277,#1135,.T.);
#1557=EDGE_CURVE('',#1278,#1278,#1136,.T.);
#1558=EDGE_CURVE('',#1279,#1279,#1137,.T.);
#1559=EDGE_CURVE('',#1279,#1277,#68,.T.);
#1560=EDGE_CURVE('',#1278,#1275,#69,.T.);
#1561=EDGE_CURVE('',#1280,#1280,#1138,.T.);
#1562=EDGE_CURVE('',#1280,#1281,#70,.T.);
#1563=EDGE_CURVE('',#1282,#1282,#1139,.T.);
#1564=EDGE_CURVE('',#1283,#1283,#1140,.T.);
#1565=EDGE_CURVE('',#1284,#1284,#1141,.T.);
#1566=EDGE_CURVE('',#1284,#1282,#71,.T.);
#1567=EDGE_CURVE('',#1283,#1280,#72,.T.);
#1568=EDGE_CURVE('',#1285,#1285,#1142,.T.);
#1569=EDGE_CURVE('',#1285,#1286,#73,.T.);
#1570=EDGE_CURVE('',#1287,#1287,#1143,.T.);
#1571=EDGE_CURVE('',#1288,#1288,#1144,.T.);
#1572=EDGE_CURVE('',#1289,#1289,#1145,.T.);
#1573=EDGE_CURVE('',#1289,#1287,#74,.T.);
#1574=EDGE_CURVE('',#1288,#1285,#75,.T.);
#1575=EDGE_CURVE('',#1290,#1290,#1146,.T.);
#1576=EDGE_CURVE('',#1290,#1291,#76,.T.);
#1577=EDGE_CURVE('',#1292,#1292,#1147,.T.);
#1578=EDGE_CURVE('',#1293,#1293,#1148,.T.);
#1579=EDGE_CURVE('',#1294,#1294,#1149,.T.);
#1580=EDGE_CURVE('',#1294,#1292,#77,.T.);
#1581=EDGE_CURVE('',#1293,#1290,#78,.T.);
#1582=EDGE_CURVE('',#1295,#1295,#1150,.T.);
#1583=EDGE_CURVE('',#1295,#1296,#79,.T.);
#1584=EDGE_CURVE('',#1297,#1297,#1151,.T.);
#1585=EDGE_CURVE('',#1298,#1298,#1152,.T.);
#1586=EDGE_CURVE('',#1299,#1299,#1153,.T.);
#1587=EDGE_CURVE('',#1299,#1297,#80,.T.);
#1588=EDGE_CURVE('',#1298,#1295,#81,.T.);
#1589=EDGE_CURVE('',#1300,#1300,#1154,.T.);
#1590=EDGE_CURVE('',#1300,#1301,#82,.T.);
#1591=EDGE_CURVE('',#1302,#1302,#1155,.T.);
#1592=EDGE_CURVE('',#1303,#1303,#1156,.T.);
#1593=EDGE_CURVE('',#1304,#1304,#1157,.T.);
#1594=EDGE_CURVE('',#1304,#1302,#83,.T.);
#1595=EDGE_CURVE('',#1303,#1300,#84,.T.);
#1596=EDGE_CURVE('',#1305,#1306,#1158,.T.);
#1597=EDGE_CURVE('',#1305,#1307,#85,.T.);
#1598=EDGE_CURVE('',#1307,#1308,#86,.T.);
#1599=EDGE_CURVE('',#1308,#1309,#1159,.T.);
#1600=EDGE_CURVE('',#1309,#1310,#87,.T.);
#1601=EDGE_CURVE('',#1310,#1311,#88,.T.);
#1602=EDGE_CURVE('',#1311,#1312,#89,.T.);
#1603=EDGE_CURVE('',#1312,#1313,#1160,.T.);
#1604=EDGE_CURVE('',#1313,#1314,#90,.T.);
#1605=EDGE_CURVE('',#1314,#1306,#91,.T.);
#1606=EDGE_CURVE('',#1315,#1315,#1161,.T.);
#1607=EDGE_CURVE('',#1316,#1316,#1162,.T.);
#1608=EDGE_CURVE('',#1317,#1317,#1163,.T.);
#1609=EDGE_CURVE('',#1318,#1318,#1164,.T.);
#1610=EDGE_CURVE('',#1319,#1320,#92,.T.);
#1611=EDGE_CURVE('',#1320,#1321,#93,.T.);
#1612=EDGE_CURVE('',#1321,#1322,#94,.T.);
#1613=EDGE_CURVE('',#1322,#1319,#95,.T.);
#1614=EDGE_CURVE('',#1323,#1305,#96,.T.);
#1615=EDGE_CURVE('',#1324,#1323,#97,.T.);
#1616=EDGE_CURVE('',#1324,#1307,#98,.T.);
#1617=EDGE_CURVE('',#1315,#1325,#99,.T.);
#1618=EDGE_CURVE('',#1325,#1325,#1165,.T.);
#1619=EDGE_CURVE('',#1316,#1326,#100,.T.);
#1620=EDGE_CURVE('',#1326,#1326,#1166,.T.);
#1621=EDGE_CURVE('',#1317,#1327,#101,.T.);
#1622=EDGE_CURVE('',#1327,#1327,#1167,.T.);
#1623=EDGE_CURVE('',#1318,#1328,#102,.T.);
#1624=EDGE_CURVE('',#1328,#1328,#1168,.T.);
#1625=EDGE_CURVE('',#1329,#1330,#103,.T.);
#1626=EDGE_CURVE('',#1329,#1319,#104,.T.);
#1627=EDGE_CURVE('',#1330,#1322,#105,.T.);
#1628=EDGE_CURVE('',#1330,#1331,#106,.T.);
#1629=EDGE_CURVE('',#1331,#1321,#107,.T.);
#1630=EDGE_CURVE('',#1331,#1332,#108,.T.);
#1631=EDGE_CURVE('',#1332,#1320,#109,.T.);
#1632=EDGE_CURVE('',#1332,#1329,#110,.T.);
#1633=EDGE_CURVE('',#1306,#1333,#111,.T.);
#1634=EDGE_CURVE('',#1334,#1314,#112,.T.);
#1635=EDGE_CURVE('',#1333,#1334,#113,.T.);
#1636=EDGE_CURVE('',#1334,#1335,#114,.T.);
#1637=EDGE_CURVE('',#1335,#1313,#115,.T.);
#1638=EDGE_CURVE('',#1335,#1336,#1169,.T.);
#1639=EDGE_CURVE('',#1336,#1312,#116,.T.);
#1640=EDGE_CURVE('',#1336,#1337,#117,.T.);
#1641=EDGE_CURVE('',#1337,#1311,#118,.T.);
#1642=EDGE_CURVE('',#1337,#1338,#119,.T.);
#1643=EDGE_CURVE('',#1338,#1310,#120,.T.);
#1644=EDGE_CURVE('',#1338,#1339,#121,.T.);
#1645=EDGE_CURVE('',#1339,#1309,#122,.T.);
#1646=EDGE_CURVE('',#1339,#1340,#1170,.T.);
#1647=EDGE_CURVE('',#1340,#1308,#123,.T.);
#1648=EDGE_CURVE('',#1340,#1324,#124,.T.);
#1649=EDGE_CURVE('',#1333,#1323,#1171,.T.);
#1650=EDGE_CURVE('',#1341,#1342,#31,.T.);
#1651=EDGE_CURVE('',#1341,#1343,#125,.T.);
#1652=EDGE_CURVE('',#1344,#1343,#126,.T.);
#1653=EDGE_CURVE('',#1342,#1344,#127,.T.);
#1654=EDGE_CURVE('',#1342,#1345,#128,.T.);
#1655=EDGE_CURVE('',#1346,#1344,#129,.T.);
#1656=EDGE_CURVE('',#1345,#1346,#130,.T.);
#1657=EDGE_CURVE('',#1345,#1347,#32,.T.);
#1658=EDGE_CURVE('',#1348,#1346,#131,.T.);
#1659=EDGE_CURVE('',#1347,#1348,#132,.T.);
#1660=EDGE_CURVE('',#1347,#1341,#133,.T.);
#1661=EDGE_CURVE('',#1348,#1343,#134,.T.);
#1662=EDGE_CURVE('',#1349,#1350,#135,.T.);
#1663=EDGE_CURVE('',#1349,#1351,#136,.T.);
#1664=EDGE_CURVE('',#1352,#1351,#137,.T.);
#1665=EDGE_CURVE('',#1350,#1352,#138,.T.);
#1666=EDGE_CURVE('',#1353,#1349,#33,.T.);
#1667=EDGE_CURVE('',#1353,#1354,#139,.T.);
#1668=EDGE_CURVE('',#1351,#1354,#140,.T.);
#1669=EDGE_CURVE('',#1355,#1353,#141,.T.);
#1670=EDGE_CURVE('',#1355,#1356,#142,.T.);
#1671=EDGE_CURVE('',#1354,#1356,#143,.T.);
#1672=EDGE_CURVE('',#1350,#1355,#34,.T.);
#1673=EDGE_CURVE('',#1356,#1352,#144,.T.);
#1674=EDGE_CURVE('',#1354,#1344,#145,.T.);
#1675=EDGE_CURVE('',#1346,#1356,#146,.T.);
#1676=EDGE_CURVE('',#1357,#1357,#1172,.T.);
#1677=EDGE_CURVE('',#1357,#1358,#147,.T.);
#1678=EDGE_CURVE('',#1358,#1358,#1173,.T.);
#1679=EDGE_CURVE('',#1359,#1359,#1174,.T.);
#1680=EDGE_CURVE('',#1359,#1360,#148,.T.);
#1681=EDGE_CURVE('',#1360,#1360,#1175,.T.);
#1682=EDGE_CURVE('',#1361,#1361,#1176,.T.);
#1683=EDGE_CURVE('',#1361,#1362,#149,.T.);
#1684=EDGE_CURVE('',#1362,#1362,#1177,.T.);
#1685=EDGE_CURVE('',#1363,#1363,#1178,.T.);
#1686=EDGE_CURVE('',#1363,#1364,#150,.T.);
#1687=EDGE_CURVE('',#1364,#1364,#1179,.T.);
#1688=EDGE_CURVE('',#1365,#1366,#151,.T.);
#1689=EDGE_CURVE('',#1365,#1367,#152,.T.);
#1690=EDGE_CURVE('',#1368,#1367,#153,.T.);
#1691=EDGE_CURVE('',#1366,#1368,#154,.T.);
#1692=EDGE_CURVE('',#1366,#1369,#155,.T.);
#1693=EDGE_CURVE('',#1370,#1368,#156,.T.);
#1694=EDGE_CURVE('',#1369,#1370,#157,.T.);
#1695=EDGE_CURVE('',#1369,#1371,#158,.T.);
#1696=EDGE_CURVE('',#1372,#1370,#159,.T.);
#1697=EDGE_CURVE('',#1371,#1372,#160,.T.);
#1698=EDGE_CURVE('',#1371,#1365,#161,.T.);
#1699=EDGE_CURVE('',#1367,#1372,#162,.T.);
#1700=EDGE_CURVE('',#1373,#1374,#163,.T.);
#1701=EDGE_CURVE('',#1375,#1373,#164,.T.);
#1702=EDGE_CURVE('',#1375,#1376,#165,.T.);
#1703=EDGE_CURVE('',#1374,#1376,#166,.T.);
#1704=EDGE_CURVE('',#1377,#1378,#167,.T.);
#1705=EDGE_CURVE('',#1377,#1379,#168,.T.);
#1706=EDGE_CURVE('',#1380,#1379,#169,.T.);
#1707=EDGE_CURVE('',#1378,#1380,#170,.T.);
#1708=EDGE_CURVE('',#1378,#1381,#1180,.T.);
#1709=EDGE_CURVE('',#1382,#1380,#1181,.T.);
#1710=EDGE_CURVE('',#1381,#1382,#171,.T.);
#1711=EDGE_CURVE('',#1381,#1383,#172,.T.);
#1712=EDGE_CURVE('',#1384,#1382,#173,.T.);
#1713=EDGE_CURVE('',#1383,#1384,#174,.T.);
#1714=EDGE_CURVE('',#1383,#1385,#175,.T.);
#1715=EDGE_CURVE('',#1386,#1384,#176,.T.);
#1716=EDGE_CURVE('',#1385,#1386,#177,.T.);
#1717=EDGE_CURVE('',#1385,#1387,#178,.T.);
#1718=EDGE_CURVE('',#1388,#1386,#179,.T.);
#1719=EDGE_CURVE('',#1387,#1388,#180,.T.);
#1720=EDGE_CURVE('',#1387,#1389,#1182,.T.);
#1721=EDGE_CURVE('',#1390,#1388,#1183,.T.);
#1722=EDGE_CURVE('',#1389,#1390,#181,.T.);
#1723=EDGE_CURVE('',#1389,#1348,#182,.T.);
#1724=EDGE_CURVE('',#1343,#1390,#183,.T.);
#1725=EDGE_CURVE('',#1352,#1391,#184,.T.);
#1726=EDGE_CURVE('',#1392,#1351,#185,.T.);
#1727=EDGE_CURVE('',#1391,#1392,#186,.T.);
#1728=EDGE_CURVE('',#1374,#1391,#187,.T.);
#1729=EDGE_CURVE('',#1376,#1377,#188,.T.);
#1730=EDGE_CURVE('',#1379,#1375,#189,.T.);
#1731=EDGE_CURVE('',#1392,#1373,#190,.T.);
#1732=EDGE_CURVE('',#1393,#1394,#191,.T.);
#1733=EDGE_CURVE('',#1394,#1395,#192,.T.);
#1734=EDGE_CURVE('',#1396,#1395,#193,.T.);
#1735=EDGE_CURVE('',#1393,#1396,#194,.T.);
#1736=EDGE_CURVE('',#1393,#1397,#1184,.T.);
#1737=EDGE_CURVE('',#1398,#1396,#1185,.T.);
#1738=EDGE_CURVE('',#1397,#1398,#195,.T.);
#1739=EDGE_CURVE('',#1399,#1397,#196,.T.);
#1740=EDGE_CURVE('',#1400,#1398,#197,.T.);
#1741=EDGE_CURVE('',#1399,#1400,#198,.T.);
#1742=EDGE_CURVE('',#1399,#1401,#1186,.T.);
#1743=EDGE_CURVE('',#1402,#1401,#199,.T.);
#1744=EDGE_CURVE('',#1394,#1402,#1187,.T.);
#1745=EDGE_CURVE('',#1403,#1400,#1188,.T.);
#1746=EDGE_CURVE('',#1400,#1404,#200,.T.);
#1747=EDGE_CURVE('',#1405,#1404,#1189,.T.);
#1748=EDGE_CURVE('',#1406,#1405,#201,.T.);
#1749=EDGE_CURVE('',#1406,#1407,#1190,.T.);
#1750=EDGE_CURVE('',#1407,#1408,#202,.T.);
#1751=EDGE_CURVE('',#1409,#1408,#1191,.T.);
#1752=EDGE_CURVE('',#1410,#1409,#203,.T.);
#1753=EDGE_CURVE('',#1403,#1410,#1192,.T.);
#1754=EDGE_CURVE('',#1411,#1411,#1193,.T.);
#1755=EDGE_CURVE('',#1412,#1413,#35,.T.);
#1756=EDGE_CURVE('',#1412,#1374,#204,.T.);
#1757=EDGE_CURVE('',#1413,#1391,#205,.T.);
#1758=EDGE_CURVE('',#1414,#1412,#206,.T.);
#1759=EDGE_CURVE('',#1414,#1373,#207,.T.);
#1760=EDGE_CURVE('',#1413,#1415,#208,.T.);
#1761=EDGE_CURVE('',#1415,#1392,#209,.T.);
#1762=EDGE_CURVE('',#1415,#1414,#36,.T.);
#1763=EDGE_CURVE('',#1416,#1417,#210,.T.);
#1764=EDGE_CURVE('',#1416,#1376,#211,.T.);
#1765=EDGE_CURVE('',#1417,#1375,#212,.T.);
#1766=EDGE_CURVE('',#1418,#1416,#37,.T.);
#1767=EDGE_CURVE('',#1418,#1377,#213,.T.);
#1768=EDGE_CURVE('',#1419,#1418,#214,.T.);
#1769=EDGE_CURVE('',#1419,#1379,#215,.T.);
#1770=EDGE_CURVE('',#1417,#1419,#38,.T.);
#1771=EDGE_CURVE('',#1420,#1421,#1194,.T.);
#1772=EDGE_CURVE('',#1420,#1422,#216,.T.);
#1773=EDGE_CURVE('',#1423,#1422,#1195,.T.);
#1774=EDGE_CURVE('',#1421,#1423,#217,.T.);
#1775=EDGE_CURVE('',#1424,#1425,#218,.T.);
#1776=EDGE_CURVE('',#1426,#1424,#1196,.T.);
#1777=EDGE_CURVE('',#1427,#1426,#219,.T.);
#1778=EDGE_CURVE('',#1425,#1427,#1197,.T.);
#1779=EDGE_CURVE('',#1428,#1429,#1198,.T.);
#1780=EDGE_CURVE('',#1428,#1407,#220,.T.);
#1781=EDGE_CURVE('',#1429,#1406,#221,.T.);
#1782=EDGE_CURVE('',#1420,#1429,#222,.T.);
#1783=EDGE_CURVE('',#1422,#1406,#223,.T.);
#1784=EDGE_CURVE('',#1430,#1431,#1199,.T.);
#1785=EDGE_CURVE('',#1430,#1428,#224,.T.);
#1786=EDGE_CURVE('',#1431,#1421,#225,.T.);
#1787=EDGE_CURVE('',#1432,#1426,#226,.T.);
#1788=EDGE_CURVE('',#1433,#1432,#227,.T.);
#1789=EDGE_CURVE('',#1427,#1433,#228,.T.);
#1790=EDGE_CURVE('',#1424,#1434,#229,.T.);
#1791=EDGE_CURVE('',#1434,#1435,#230,.T.);
#1792=EDGE_CURVE('',#1435,#1436,#1200,.T.);
#1793=EDGE_CURVE('',#1436,#1437,#231,.T.);
#1794=EDGE_CURVE('',#1437,#1438,#232,.T.);
#1795=EDGE_CURVE('',#1438,#1439,#233,.T.);
#1796=EDGE_CURVE('',#1439,#1440,#1201,.T.);
#1797=EDGE_CURVE('',#1440,#1432,#234,.T.);
#1798=EDGE_CURVE('',#1441,#1441,#1202,.T.);
#1799=EDGE_CURVE('',#1442,#1442,#1203,.T.);
#1800=EDGE_CURVE('',#1443,#1443,#1204,.T.);
#1801=EDGE_CURVE('',#1444,#1444,#1205,.T.);
#1802=EDGE_CURVE('',#1445,#1446,#235,.T.);
#1803=EDGE_CURVE('',#1446,#1447,#236,.T.);
#1804=EDGE_CURVE('',#1447,#1448,#237,.T.);
#1805=EDGE_CURVE('',#1448,#1445,#238,.T.);
#1806=EDGE_CURVE('',#1441,#1449,#239,.T.);
#1807=EDGE_CURVE('',#1449,#1449,#1206,.T.);
#1808=EDGE_CURVE('',#1442,#1450,#240,.T.);
#1809=EDGE_CURVE('',#1450,#1450,#1207,.T.);
#1810=EDGE_CURVE('',#1443,#1451,#241,.T.);
#1811=EDGE_CURVE('',#1451,#1451,#1208,.T.);
#1812=EDGE_CURVE('',#1444,#1452,#242,.T.);
#1813=EDGE_CURVE('',#1452,#1452,#1209,.T.);
#1814=EDGE_CURVE('',#1453,#1454,#243,.T.);
#1815=EDGE_CURVE('',#1453,#1445,#244,.T.);
#1816=EDGE_CURVE('',#1454,#1448,#245,.T.);
#1817=EDGE_CURVE('',#1454,#1455,#246,.T.);
#1818=EDGE_CURVE('',#1455,#1447,#247,.T.);
#1819=EDGE_CURVE('',#1455,#1456,#248,.T.);
#1820=EDGE_CURVE('',#1456,#1446,#249,.T.);
#1821=EDGE_CURVE('',#1456,#1453,#250,.T.);
#1822=EDGE_CURVE('',#1433,#1457,#251,.T.);
#1823=EDGE_CURVE('',#1457,#1440,#252,.T.);
#1824=EDGE_CURVE('',#1457,#1458,#1210,.T.);
#1825=EDGE_CURVE('',#1458,#1439,#253,.T.);
#1826=EDGE_CURVE('',#1458,#1459,#254,.T.);
#1827=EDGE_CURVE('',#1459,#1438,#255,.T.);
#1828=EDGE_CURVE('',#1459,#1460,#256,.T.);
#1829=EDGE_CURVE('',#1460,#1437,#257,.T.);
#1830=EDGE_CURVE('',#1460,#1461,#258,.T.);
#1831=EDGE_CURVE('',#1461,#1436,#259,.T.);
#1832=EDGE_CURVE('',#1461,#1462,#1211,.T.);
#1833=EDGE_CURVE('',#1462,#1435,#260,.T.);
#1834=EDGE_CURVE('',#1462,#1463,#261,.T.);
#1835=EDGE_CURVE('',#1463,#1434,#262,.T.);
#1836=EDGE_CURVE('',#1463,#1425,#263,.T.);
#1837=EDGE_CURVE('',#1395,#1464,#264,.T.);
#1838=EDGE_CURVE('',#1465,#1464,#1212,.T.);
#1839=EDGE_CURVE('',#1400,#1465,#265,.T.);
#1840=EDGE_CURVE('',#1466,#1466,#1213,.T.);
#1841=EDGE_CURVE('',#1406,#1467,#266,.T.);
#1842=EDGE_CURVE('',#1468,#1467,#1214,.T.);
#1843=EDGE_CURVE('',#1423,#1468,#267,.T.);
#1844=EDGE_CURVE('',#1469,#1469,#1215,.T.);
#1845=EDGE_CURVE('',#1470,#1470,#1216,.T.);
#1846=EDGE_CURVE('',#1471,#1471,#1217,.T.);
#1847=EDGE_CURVE('',#1472,#1472,#1218,.T.);
#1848=EDGE_CURVE('',#1472,#1471,#268,.T.);
#1849=EDGE_CURVE('',#1473,#1473,#1219,.T.);
#1850=EDGE_CURVE('',#1474,#1475,#1220,.T.);
#1851=EDGE_CURVE('',#1475,#1476,#1221,.T.);
#1852=EDGE_CURVE('',#1476,#1477,#269,.T.);
#1853=EDGE_CURVE('',#1477,#1478,#1222,.T.);
#1854=EDGE_CURVE('',#1478,#1479,#270,.T.);
#1855=EDGE_CURVE('',#1479,#1480,#1223,.T.);
#1856=EDGE_CURVE('',#1480,#1481,#1224,.T.);
#1857=EDGE_CURVE('',#1481,#1482,#271,.T.);
#1858=EDGE_CURVE('',#1482,#1483,#1225,.T.);
#1859=EDGE_CURVE('',#1483,#1484,#272,.T.);
#1860=EDGE_CURVE('',#1484,#1485,#273,.T.);
#1861=EDGE_CURVE('',#1485,#1486,#1226,.T.);
#1862=EDGE_CURVE('',#1486,#1487,#274,.T.);
#1863=EDGE_CURVE('',#1487,#1488,#275,.T.);
#1864=EDGE_CURVE('',#1488,#1489,#1227,.T.);
#1865=EDGE_CURVE('',#1489,#1490,#1228,.T.);
#1866=EDGE_CURVE('',#1490,#1491,#276,.T.);
#1867=EDGE_CURVE('',#1491,#1492,#277,.T.);
#1868=EDGE_CURVE('',#1492,#1493,#1229,.T.);
#1869=EDGE_CURVE('',#1493,#1494,#1230,.T.);
#1870=EDGE_CURVE('',#1494,#1495,#278,.T.);
#1871=EDGE_CURVE('',#1495,#1474,#279,.T.);
#1872=EDGE_CURVE('',#1496,#1496,#1231,.T.);
#1873=EDGE_CURVE('',#1497,#1497,#1232,.T.);
#1874=EDGE_CURVE('',#1498,#1498,#1233,.T.);
#1875=EDGE_CURVE('',#1498,#1497,#280,.T.);
#1876=EDGE_CURVE('',#1499,#1499,#1234,.T.);
#1877=EDGE_CURVE('',#1500,#1500,#1235,.T.);
#1878=EDGE_CURVE('',#1501,#1501,#1236,.T.);
#1879=EDGE_CURVE('',#1502,#1502,#1237,.T.);
#1880=EDGE_CURVE('',#1502,#1501,#281,.T.);
#1881=EDGE_CURVE('',#1503,#1503,#1238,.T.);
#1882=EDGE_CURVE('',#1400,#1495,#282,.T.);
#1883=EDGE_CURVE('',#1404,#1494,#283,.T.);
#1884=EDGE_CURVE('',#1500,#1411,#284,.T.);
#1885=EDGE_CURVE('',#1496,#1469,#285,.T.);
#1886=EDGE_CURVE('',#1403,#1480,#286,.T.);
#1887=EDGE_CURVE('',#1410,#1481,#287,.T.);
#1888=EDGE_CURVE('',#1503,#1493,#288,.T.);
#1889=EDGE_CURVE('',#1405,#1492,#289,.T.);
#1890=EDGE_CURVE('',#1406,#1491,#290,.T.);
#1891=EDGE_CURVE('',#1467,#1490,#291,.T.);
#1892=EDGE_CURVE('',#1499,#1489,#292,.T.);
#1893=EDGE_CURVE('',#1468,#1488,#293,.T.);
#1894=EDGE_CURVE('',#1423,#1487,#294,.T.);
#1895=EDGE_CURVE('',#1431,#1486,#295,.T.);
#1896=EDGE_CURVE('',#1430,#1485,#296,.T.);
#1897=EDGE_CURVE('',#1407,#1484,#297,.T.);
#1898=EDGE_CURVE('',#1408,#1483,#298,.T.);
#1899=EDGE_CURVE('',#1409,#1482,#299,.T.);
#1900=EDGE_CURVE('',#1401,#1479,#300,.T.);
#1901=EDGE_CURVE('',#1470,#1466,#301,.T.);
#1902=EDGE_CURVE('',#1395,#1477,#302,.T.);
#1903=EDGE_CURVE('',#1464,#1476,#303,.T.);
#1904=EDGE_CURVE('',#1473,#1475,#304,.T.);
#1905=EDGE_CURVE('',#1465,#1474,#305,.T.);
#1906=EDGE_CURVE('',#1402,#1478,#306,.T.);
#1907=EDGE_CURVE('',#1245,#1504,#307,.T.);
#1908=EDGE_CURVE('',#1504,#1504,#1239,.T.);
#1909=EDGE_CURVE('',#1504,#1505,#308,.T.);
#1910=EDGE_CURVE('',#1242,#1506,#309,.T.);
#1911=EDGE_CURVE('',#1506,#1506,#1240,.T.);
#1912=EDGE_CURVE('',#1506,#1507,#310,.T.);
#1913=ORIENTED_EDGE('',*,*,#1508,.F.);
#1914=ORIENTED_EDGE('',*,*,#1509,.T.);
#1915=ORIENTED_EDGE('',*,*,#1510,.F.);
#1916=ORIENTED_EDGE('',*,*,#1511,.T.);
#1917=ORIENTED_EDGE('',*,*,#1508,.T.);
#1918=ORIENTED_EDGE('',*,*,#1511,.F.);
#1919=ORIENTED_EDGE('',*,*,#1512,.F.);
#1920=ORIENTED_EDGE('',*,*,#1513,.T.);
#1921=ORIENTED_EDGE('',*,*,#1514,.F.);
#1922=ORIENTED_EDGE('',*,*,#1515,.T.);
#1923=ORIENTED_EDGE('',*,*,#1512,.T.);
#1924=ORIENTED_EDGE('',*,*,#1515,.F.);
#1925=ORIENTED_EDGE('',*,*,#1516,.F.);
#1926=ORIENTED_EDGE('',*,*,#1517,.T.);
#1927=ORIENTED_EDGE('',*,*,#1517,.F.);
#1928=ORIENTED_EDGE('',*,*,#1518,.F.);
#1929=ORIENTED_EDGE('',*,*,#1519,.T.);
#1930=ORIENTED_EDGE('',*,*,#1520,.F.);
#1931=ORIENTED_EDGE('',*,*,#1521,.T.);
#1932=ORIENTED_EDGE('',*,*,#1518,.T.);
#1933=ORIENTED_EDGE('',*,*,#1521,.F.);
#1934=ORIENTED_EDGE('',*,*,#1519,.F.);
#1935=ORIENTED_EDGE('',*,*,#1522,.T.);
#1936=ORIENTED_EDGE('',*,*,#1516,.T.);
#1937=ORIENTED_EDGE('',*,*,#1522,.F.);
#1938=ORIENTED_EDGE('',*,*,#1523,.F.);
#1939=ORIENTED_EDGE('',*,*,#1524,.T.);
#1940=ORIENTED_EDGE('',*,*,#1524,.F.);
#1941=ORIENTED_EDGE('',*,*,#1525,.F.);
#1942=ORIENTED_EDGE('',*,*,#1526,.T.);
#1943=ORIENTED_EDGE('',*,*,#1527,.F.);
#1944=ORIENTED_EDGE('',*,*,#1528,.T.);
#1945=ORIENTED_EDGE('',*,*,#1525,.T.);
#1946=ORIENTED_EDGE('',*,*,#1528,.F.);
#1947=ORIENTED_EDGE('',*,*,#1526,.F.);
#1948=ORIENTED_EDGE('',*,*,#1529,.T.);
#1949=ORIENTED_EDGE('',*,*,#1523,.T.);
#1950=ORIENTED_EDGE('',*,*,#1529,.F.);
#1951=ORIENTED_EDGE('',*,*,#1530,.F.);
#1952=ORIENTED_EDGE('',*,*,#1531,.T.);
#1953=ORIENTED_EDGE('',*,*,#1531,.F.);
#1954=ORIENTED_EDGE('',*,*,#1532,.F.);
#1955=ORIENTED_EDGE('',*,*,#1533,.T.);
#1956=ORIENTED_EDGE('',*,*,#1534,.F.);
#1957=ORIENTED_EDGE('',*,*,#1535,.T.);
#1958=ORIENTED_EDGE('',*,*,#1532,.T.);
#1959=ORIENTED_EDGE('',*,*,#1535,.F.);
#1960=ORIENTED_EDGE('',*,*,#1533,.F.);
#1961=ORIENTED_EDGE('',*,*,#1536,.T.);
#1962=ORIENTED_EDGE('',*,*,#1530,.T.);
#1963=ORIENTED_EDGE('',*,*,#1536,.F.);
#1964=ORIENTED_EDGE('',*,*,#1537,.F.);
#1965=ORIENTED_EDGE('',*,*,#1538,.T.);
#1966=ORIENTED_EDGE('',*,*,#1538,.F.);
#1967=ORIENTED_EDGE('',*,*,#1539,.F.);
#1968=ORIENTED_EDGE('',*,*,#1540,.T.);
#1969=ORIENTED_EDGE('',*,*,#1541,.F.);
#1970=ORIENTED_EDGE('',*,*,#1542,.T.);
#1971=ORIENTED_EDGE('',*,*,#1539,.T.);
#1972=ORIENTED_EDGE('',*,*,#1542,.F.);
#1973=ORIENTED_EDGE('',*,*,#1540,.F.);
#1974=ORIENTED_EDGE('',*,*,#1543,.T.);
#1975=ORIENTED_EDGE('',*,*,#1537,.T.);
#1976=ORIENTED_EDGE('',*,*,#1543,.F.);
#1977=ORIENTED_EDGE('',*,*,#1544,.F.);
#1978=ORIENTED_EDGE('',*,*,#1545,.F.);
#1979=ORIENTED_EDGE('',*,*,#1546,.T.);
#1980=ORIENTED_EDGE('',*,*,#1547,.F.);
#1981=ORIENTED_EDGE('',*,*,#1548,.F.);
#1982=ORIENTED_EDGE('',*,*,#1546,.F.);
#1983=ORIENTED_EDGE('',*,*,#1549,.F.);
#1984=ORIENTED_EDGE('',*,*,#1550,.F.);
#1985=ORIENTED_EDGE('',*,*,#1551,.T.);
#1986=ORIENTED_EDGE('',*,*,#1552,.F.);
#1987=ORIENTED_EDGE('',*,*,#1553,.F.);
#1988=ORIENTED_EDGE('',*,*,#1551,.F.);
#1989=ORIENTED_EDGE('',*,*,#1554,.F.);
#1990=ORIENTED_EDGE('',*,*,#1555,.T.);
#1991=ORIENTED_EDGE('',*,*,#1555,.F.);
#1992=ORIENTED_EDGE('',*,*,#1556,.F.);
#1993=ORIENTED_EDGE('',*,*,#1557,.T.);
#1994=ORIENTED_EDGE('',*,*,#1558,.F.);
#1995=ORIENTED_EDGE('',*,*,#1559,.T.);
#1996=ORIENTED_EDGE('',*,*,#1556,.T.);
#1997=ORIENTED_EDGE('',*,*,#1559,.F.);
#1998=ORIENTED_EDGE('',*,*,#1557,.F.);
#1999=ORIENTED_EDGE('',*,*,#1560,.T.);
#2000=ORIENTED_EDGE('',*,*,#1554,.T.);
#2001=ORIENTED_EDGE('',*,*,#1560,.F.);
#2002=ORIENTED_EDGE('',*,*,#1561,.F.);
#2003=ORIENTED_EDGE('',*,*,#1562,.T.);
#2004=ORIENTED_EDGE('',*,*,#1562,.F.);
#2005=ORIENTED_EDGE('',*,*,#1563,.F.);
#2006=ORIENTED_EDGE('',*,*,#1564,.T.);
#2007=ORIENTED_EDGE('',*,*,#1565,.F.);
#2008=ORIENTED_EDGE('',*,*,#1566,.T.);
#2009=ORIENTED_EDGE('',*,*,#1563,.T.);
#2010=ORIENTED_EDGE('',*,*,#1566,.F.);
#2011=ORIENTED_EDGE('',*,*,#1564,.F.);
#2012=ORIENTED_EDGE('',*,*,#1567,.T.);
#2013=ORIENTED_EDGE('',*,*,#1561,.T.);
#2014=ORIENTED_EDGE('',*,*,#1567,.F.);
#2015=ORIENTED_EDGE('',*,*,#1568,.F.);
#2016=ORIENTED_EDGE('',*,*,#1569,.T.);
#2017=ORIENTED_EDGE('',*,*,#1569,.F.);
#2018=ORIENTED_EDGE('',*,*,#1570,.F.);
#2019=ORIENTED_EDGE('',*,*,#1571,.T.);
#2020=ORIENTED_EDGE('',*,*,#1572,.F.);
#2021=ORIENTED_EDGE('',*,*,#1573,.T.);
#2022=ORIENTED_EDGE('',*,*,#1570,.T.);
#2023=ORIENTED_EDGE('',*,*,#1573,.F.);
#2024=ORIENTED_EDGE('',*,*,#1571,.F.);
#2025=ORIENTED_EDGE('',*,*,#1574,.T.);
#2026=ORIENTED_EDGE('',*,*,#1568,.T.);
#2027=ORIENTED_EDGE('',*,*,#1574,.F.);
#2028=ORIENTED_EDGE('',*,*,#1575,.F.);
#2029=ORIENTED_EDGE('',*,*,#1576,.T.);
#2030=ORIENTED_EDGE('',*,*,#1576,.F.);
#2031=ORIENTED_EDGE('',*,*,#1577,.F.);
#2032=ORIENTED_EDGE('',*,*,#1578,.T.);
#2033=ORIENTED_EDGE('',*,*,#1579,.F.);
#2034=ORIENTED_EDGE('',*,*,#1580,.T.);
#2035=ORIENTED_EDGE('',*,*,#1577,.T.);
#2036=ORIENTED_EDGE('',*,*,#1580,.F.);
#2037=ORIENTED_EDGE('',*,*,#1578,.F.);
#2038=ORIENTED_EDGE('',*,*,#1581,.T.);
#2039=ORIENTED_EDGE('',*,*,#1575,.T.);
#2040=ORIENTED_EDGE('',*,*,#1581,.F.);
#2041=ORIENTED_EDGE('',*,*,#1582,.F.);
#2042=ORIENTED_EDGE('',*,*,#1583,.T.);
#2043=ORIENTED_EDGE('',*,*,#1583,.F.);
#2044=ORIENTED_EDGE('',*,*,#1584,.F.);
#2045=ORIENTED_EDGE('',*,*,#1585,.T.);
#2046=ORIENTED_EDGE('',*,*,#1586,.F.);
#2047=ORIENTED_EDGE('',*,*,#1587,.T.);
#2048=ORIENTED_EDGE('',*,*,#1584,.T.);
#2049=ORIENTED_EDGE('',*,*,#1587,.F.);
#2050=ORIENTED_EDGE('',*,*,#1585,.F.);
#2051=ORIENTED_EDGE('',*,*,#1588,.T.);
#2052=ORIENTED_EDGE('',*,*,#1582,.T.);
#2053=ORIENTED_EDGE('',*,*,#1588,.F.);
#2054=ORIENTED_EDGE('',*,*,#1589,.F.);
#2055=ORIENTED_EDGE('',*,*,#1590,.T.);
#2056=ORIENTED_EDGE('',*,*,#1590,.F.);
#2057=ORIENTED_EDGE('',*,*,#1591,.F.);
#2058=ORIENTED_EDGE('',*,*,#1592,.T.);
#2059=ORIENTED_EDGE('',*,*,#1593,.F.);
#2060=ORIENTED_EDGE('',*,*,#1594,.T.);
#2061=ORIENTED_EDGE('',*,*,#1591,.T.);
#2062=ORIENTED_EDGE('',*,*,#1594,.F.);
#2063=ORIENTED_EDGE('',*,*,#1592,.F.);
#2064=ORIENTED_EDGE('',*,*,#1595,.T.);
#2065=ORIENTED_EDGE('',*,*,#1589,.T.);
#2066=ORIENTED_EDGE('',*,*,#1595,.F.);
#2067=ORIENTED_EDGE('',*,*,#1596,.F.);
#2068=ORIENTED_EDGE('',*,*,#1597,.T.);
#2069=ORIENTED_EDGE('',*,*,#1598,.T.);
#2070=ORIENTED_EDGE('',*,*,#1599,.T.);
#2071=ORIENTED_EDGE('',*,*,#1600,.T.);
#2072=ORIENTED_EDGE('',*,*,#1601,.T.);
#2073=ORIENTED_EDGE('',*,*,#1602,.T.);
#2074=ORIENTED_EDGE('',*,*,#1603,.T.);
#2075=ORIENTED_EDGE('',*,*,#1604,.T.);
#2076=ORIENTED_EDGE('',*,*,#1605,.T.);
#2077=ORIENTED_EDGE('',*,*,#1606,.T.);
#2078=ORIENTED_EDGE('',*,*,#1607,.T.);
#2079=ORIENTED_EDGE('',*,*,#1608,.T.);
#2080=ORIENTED_EDGE('',*,*,#1609,.T.);
#2081=ORIENTED_EDGE('',*,*,#1610,.T.);
#2082=ORIENTED_EDGE('',*,*,#1611,.T.);
#2083=ORIENTED_EDGE('',*,*,#1612,.T.);
#2084=ORIENTED_EDGE('',*,*,#1613,.T.);
#2085=ORIENTED_EDGE('',*,*,#1614,.F.);
#2086=ORIENTED_EDGE('',*,*,#1615,.F.);
#2087=ORIENTED_EDGE('',*,*,#1616,.T.);
#2088=ORIENTED_EDGE('',*,*,#1597,.F.);
#2089=ORIENTED_EDGE('',*,*,#1606,.F.);
#2090=ORIENTED_EDGE('',*,*,#1617,.T.);
#2091=ORIENTED_EDGE('',*,*,#1618,.F.);
#2092=ORIENTED_EDGE('',*,*,#1617,.F.);
#2093=ORIENTED_EDGE('',*,*,#1607,.F.);
#2094=ORIENTED_EDGE('',*,*,#1619,.T.);
#2095=ORIENTED_EDGE('',*,*,#1620,.F.);
#2096=ORIENTED_EDGE('',*,*,#1619,.F.);
#2097=ORIENTED_EDGE('',*,*,#1608,.F.);
#2098=ORIENTED_EDGE('',*,*,#1621,.T.);
#2099=ORIENTED_EDGE('',*,*,#1622,.F.);
#2100=ORIENTED_EDGE('',*,*,#1621,.F.);
#2101=ORIENTED_EDGE('',*,*,#1609,.F.);
#2102=ORIENTED_EDGE('',*,*,#1623,.T.);
#2103=ORIENTED_EDGE('',*,*,#1624,.F.);
#2104=ORIENTED_EDGE('',*,*,#1623,.F.);
#2105=ORIENTED_EDGE('',*,*,#1625,.F.);
#2106=ORIENTED_EDGE('',*,*,#1626,.T.);
#2107=ORIENTED_EDGE('',*,*,#1613,.F.);
#2108=ORIENTED_EDGE('',*,*,#1627,.F.);
#2109=ORIENTED_EDGE('',*,*,#1628,.F.);
#2110=ORIENTED_EDGE('',*,*,#1627,.T.);
#2111=ORIENTED_EDGE('',*,*,#1612,.F.);
#2112=ORIENTED_EDGE('',*,*,#1629,.F.);
#2113=ORIENTED_EDGE('',*,*,#1630,.F.);
#2114=ORIENTED_EDGE('',*,*,#1629,.T.);
#2115=ORIENTED_EDGE('',*,*,#1611,.F.);
#2116=ORIENTED_EDGE('',*,*,#1631,.F.);
#2117=ORIENTED_EDGE('',*,*,#1632,.F.);
#2118=ORIENTED_EDGE('',*,*,#1631,.T.);
#2119=ORIENTED_EDGE('',*,*,#1610,.F.);
#2120=ORIENTED_EDGE('',*,*,#1626,.F.);
#2121=ORIENTED_EDGE('',*,*,#1633,.F.);
#2122=ORIENTED_EDGE('',*,*,#1605,.F.);
#2123=ORIENTED_EDGE('',*,*,#1634,.F.);
#2124=ORIENTED_EDGE('',*,*,#1635,.F.);
#2125=ORIENTED_EDGE('',*,*,#1636,.F.);
#2126=ORIENTED_EDGE('',*,*,#1634,.T.);
#2127=ORIENTED_EDGE('',*,*,#1604,.F.);
#2128=ORIENTED_EDGE('',*,*,#1637,.F.);
#2129=ORIENTED_EDGE('',*,*,#1638,.F.);
#2130=ORIENTED_EDGE('',*,*,#1637,.T.);
#2131=ORIENTED_EDGE('',*,*,#1603,.F.);
#2132=ORIENTED_EDGE('',*,*,#1639,.F.);
#2133=ORIENTED_EDGE('',*,*,#1640,.F.);
#2134=ORIENTED_EDGE('',*,*,#1639,.T.);
#2135=ORIENTED_EDGE('',*,*,#1602,.F.);
#2136=ORIENTED_EDGE('',*,*,#1641,.F.);
#2137=ORIENTED_EDGE('',*,*,#1642,.F.);
#2138=ORIENTED_EDGE('',*,*,#1641,.T.);
#2139=ORIENTED_EDGE('',*,*,#1601,.F.);
#2140=ORIENTED_EDGE('',*,*,#1643,.F.);
#2141=ORIENTED_EDGE('',*,*,#1644,.F.);
#2142=ORIENTED_EDGE('',*,*,#1643,.T.);
#2143=ORIENTED_EDGE('',*,*,#1600,.F.);
#2144=ORIENTED_EDGE('',*,*,#1645,.F.);
#2145=ORIENTED_EDGE('',*,*,#1646,.F.);
#2146=ORIENTED_EDGE('',*,*,#1645,.T.);
#2147=ORIENTED_EDGE('',*,*,#1599,.F.);
#2148=ORIENTED_EDGE('',*,*,#1647,.F.);
#2149=ORIENTED_EDGE('',*,*,#1648,.F.);
#2150=ORIENTED_EDGE('',*,*,#1647,.T.);
#2151=ORIENTED_EDGE('',*,*,#1598,.F.);
#2152=ORIENTED_EDGE('',*,*,#1616,.F.);
#2153=ORIENTED_EDGE('',*,*,#1649,.F.);
#2154=ORIENTED_EDGE('',*,*,#1635,.T.);
#2155=ORIENTED_EDGE('',*,*,#1636,.T.);
#2156=ORIENTED_EDGE('',*,*,#1638,.T.);
#2157=ORIENTED_EDGE('',*,*,#1640,.T.);
#2158=ORIENTED_EDGE('',*,*,#1642,.T.);
#2159=ORIENTED_EDGE('',*,*,#1644,.T.);
#2160=ORIENTED_EDGE('',*,*,#1646,.T.);
#2161=ORIENTED_EDGE('',*,*,#1648,.T.);
#2162=ORIENTED_EDGE('',*,*,#1615,.T.);
#2163=ORIENTED_EDGE('',*,*,#1632,.T.);
#2164=ORIENTED_EDGE('',*,*,#1625,.T.);
#2165=ORIENTED_EDGE('',*,*,#1628,.T.);
#2166=ORIENTED_EDGE('',*,*,#1630,.T.);
#2167=ORIENTED_EDGE('',*,*,#1624,.T.);
#2168=ORIENTED_EDGE('',*,*,#1622,.T.);
#2169=ORIENTED_EDGE('',*,*,#1620,.T.);
#2170=ORIENTED_EDGE('',*,*,#1618,.T.);
#2171=ORIENTED_EDGE('',*,*,#1650,.F.);
#2172=ORIENTED_EDGE('',*,*,#1651,.T.);
#2173=ORIENTED_EDGE('',*,*,#1652,.F.);
#2174=ORIENTED_EDGE('',*,*,#1653,.F.);
#2175=ORIENTED_EDGE('',*,*,#1654,.F.);
#2176=ORIENTED_EDGE('',*,*,#1653,.T.);
#2177=ORIENTED_EDGE('',*,*,#1655,.F.);
#2178=ORIENTED_EDGE('',*,*,#1656,.F.);
#2179=ORIENTED_EDGE('',*,*,#1657,.F.);
#2180=ORIENTED_EDGE('',*,*,#1656,.T.);
#2181=ORIENTED_EDGE('',*,*,#1658,.F.);
#2182=ORIENTED_EDGE('',*,*,#1659,.F.);
#2183=ORIENTED_EDGE('',*,*,#1660,.F.);
#2184=ORIENTED_EDGE('',*,*,#1659,.T.);
#2185=ORIENTED_EDGE('',*,*,#1661,.T.);
#2186=ORIENTED_EDGE('',*,*,#1651,.F.);
#2187=ORIENTED_EDGE('',*,*,#1662,.F.);
#2188=ORIENTED_EDGE('',*,*,#1663,.T.);
#2189=ORIENTED_EDGE('',*,*,#1664,.F.);
#2190=ORIENTED_EDGE('',*,*,#1665,.F.);
#2191=ORIENTED_EDGE('',*,*,#1666,.F.);
#2192=ORIENTED_EDGE('',*,*,#1667,.T.);
#2193=ORIENTED_EDGE('',*,*,#1668,.F.);
#2194=ORIENTED_EDGE('',*,*,#1663,.F.);
#2195=ORIENTED_EDGE('',*,*,#1669,.F.);
#2196=ORIENTED_EDGE('',*,*,#1670,.T.);
#2197=ORIENTED_EDGE('',*,*,#1671,.F.);
#2198=ORIENTED_EDGE('',*,*,#1667,.F.);
#2199=ORIENTED_EDGE('',*,*,#1672,.F.);
#2200=ORIENTED_EDGE('',*,*,#1665,.T.);
#2201=ORIENTED_EDGE('',*,*,#1673,.F.);
#2202=ORIENTED_EDGE('',*,*,#1670,.F.);
#2203=ORIENTED_EDGE('',*,*,#1655,.T.);
#2204=ORIENTED_EDGE('',*,*,#1674,.F.);
#2205=ORIENTED_EDGE('',*,*,#1671,.T.);
#2206=ORIENTED_EDGE('',*,*,#1675,.F.);
#2207=ORIENTED_EDGE('',*,*,#1676,.F.);
#2208=ORIENTED_EDGE('',*,*,#1677,.T.);
#2209=ORIENTED_EDGE('',*,*,#1678,.F.);
#2210=ORIENTED_EDGE('',*,*,#1677,.F.);
#2211=ORIENTED_EDGE('',*,*,#1679,.F.);
#2212=ORIENTED_EDGE('',*,*,#1680,.T.);
#2213=ORIENTED_EDGE('',*,*,#1681,.F.);
#2214=ORIENTED_EDGE('',*,*,#1680,.F.);
#2215=ORIENTED_EDGE('',*,*,#1682,.F.);
#2216=ORIENTED_EDGE('',*,*,#1683,.T.);
#2217=ORIENTED_EDGE('',*,*,#1684,.F.);
#2218=ORIENTED_EDGE('',*,*,#1683,.F.);
#2219=ORIENTED_EDGE('',*,*,#1685,.F.);
#2220=ORIENTED_EDGE('',*,*,#1686,.T.);
#2221=ORIENTED_EDGE('',*,*,#1687,.F.);
#2222=ORIENTED_EDGE('',*,*,#1686,.F.);
#2223=ORIENTED_EDGE('',*,*,#1688,.F.);
#2224=ORIENTED_EDGE('',*,*,#1689,.T.);
#2225=ORIENTED_EDGE('',*,*,#1690,.F.);
#2226=ORIENTED_EDGE('',*,*,#1691,.F.);
#2227=ORIENTED_EDGE('',*,*,#1692,.F.);
#2228=ORIENTED_EDGE('',*,*,#1691,.T.);
#2229=ORIENTED_EDGE('',*,*,#1693,.F.);
#2230=ORIENTED_EDGE('',*,*,#1694,.F.);
#2231=ORIENTED_EDGE('',*,*,#1695,.F.);
#2232=ORIENTED_EDGE('',*,*,#1694,.T.);
#2233=ORIENTED_EDGE('',*,*,#1696,.F.);
#2234=ORIENTED_EDGE('',*,*,#1697,.F.);
#2235=ORIENTED_EDGE('',*,*,#1698,.F.);
#2236=ORIENTED_EDGE('',*,*,#1697,.T.);
#2237=ORIENTED_EDGE('',*,*,#1699,.F.);
#2238=ORIENTED_EDGE('',*,*,#1689,.F.);
#2239=ORIENTED_EDGE('',*,*,#1700,.F.);
#2240=ORIENTED_EDGE('',*,*,#1701,.F.);
#2241=ORIENTED_EDGE('',*,*,#1702,.T.);
#2242=ORIENTED_EDGE('',*,*,#1703,.F.);
#2243=ORIENTED_EDGE('',*,*,#1704,.F.);
#2244=ORIENTED_EDGE('',*,*,#1705,.T.);
#2245=ORIENTED_EDGE('',*,*,#1706,.F.);
#2246=ORIENTED_EDGE('',*,*,#1707,.F.);
#2247=ORIENTED_EDGE('',*,*,#1708,.F.);
#2248=ORIENTED_EDGE('',*,*,#1707,.T.);
#2249=ORIENTED_EDGE('',*,*,#1709,.F.);
#2250=ORIENTED_EDGE('',*,*,#1710,.F.);
#2251=ORIENTED_EDGE('',*,*,#1711,.F.);
#2252=ORIENTED_EDGE('',*,*,#1710,.T.);
#2253=ORIENTED_EDGE('',*,*,#1712,.F.);
#2254=ORIENTED_EDGE('',*,*,#1713,.F.);
#2255=ORIENTED_EDGE('',*,*,#1714,.F.);
#2256=ORIENTED_EDGE('',*,*,#1713,.T.);
#2257=ORIENTED_EDGE('',*,*,#1715,.F.);
#2258=ORIENTED_EDGE('',*,*,#1716,.F.);
#2259=ORIENTED_EDGE('',*,*,#1717,.F.);
#2260=ORIENTED_EDGE('',*,*,#1716,.T.);
#2261=ORIENTED_EDGE('',*,*,#1718,.F.);
#2262=ORIENTED_EDGE('',*,*,#1719,.F.);
#2263=ORIENTED_EDGE('',*,*,#1720,.F.);
#2264=ORIENTED_EDGE('',*,*,#1719,.T.);
#2265=ORIENTED_EDGE('',*,*,#1721,.F.);
#2266=ORIENTED_EDGE('',*,*,#1722,.F.);
#2267=ORIENTED_EDGE('',*,*,#1723,.F.);
#2268=ORIENTED_EDGE('',*,*,#1722,.T.);
#2269=ORIENTED_EDGE('',*,*,#1724,.F.);
#2270=ORIENTED_EDGE('',*,*,#1661,.F.);
#2271=ORIENTED_EDGE('',*,*,#1725,.F.);
#2272=ORIENTED_EDGE('',*,*,#1664,.T.);
#2273=ORIENTED_EDGE('',*,*,#1726,.F.);
#2274=ORIENTED_EDGE('',*,*,#1727,.F.);
#2275=ORIENTED_EDGE('',*,*,#1725,.T.);
#2276=ORIENTED_EDGE('',*,*,#1728,.F.);
#2277=ORIENTED_EDGE('',*,*,#1703,.T.);
#2278=ORIENTED_EDGE('',*,*,#1729,.T.);
#2279=ORIENTED_EDGE('',*,*,#1704,.T.);
#2280=ORIENTED_EDGE('',*,*,#1708,.T.);
#2281=ORIENTED_EDGE('',*,*,#1711,.T.);
#2282=ORIENTED_EDGE('',*,*,#1714,.T.);
#2283=ORIENTED_EDGE('',*,*,#1717,.T.);
#2284=ORIENTED_EDGE('',*,*,#1720,.T.);
#2285=ORIENTED_EDGE('',*,*,#1723,.T.);
#2286=ORIENTED_EDGE('',*,*,#1658,.T.);
#2287=ORIENTED_EDGE('',*,*,#1675,.T.);
#2288=ORIENTED_EDGE('',*,*,#1673,.T.);
#2289=ORIENTED_EDGE('',*,*,#1698,.T.);
#2290=ORIENTED_EDGE('',*,*,#1688,.T.);
#2291=ORIENTED_EDGE('',*,*,#1692,.T.);
#2292=ORIENTED_EDGE('',*,*,#1695,.T.);
#2293=ORIENTED_EDGE('',*,*,#1687,.T.);
#2294=ORIENTED_EDGE('',*,*,#1684,.T.);
#2295=ORIENTED_EDGE('',*,*,#1681,.T.);
#2296=ORIENTED_EDGE('',*,*,#1678,.T.);
#2297=ORIENTED_EDGE('',*,*,#1726,.T.);
#2298=ORIENTED_EDGE('',*,*,#1668,.T.);
#2299=ORIENTED_EDGE('',*,*,#1674,.T.);
#2300=ORIENTED_EDGE('',*,*,#1652,.T.);
#2301=ORIENTED_EDGE('',*,*,#1724,.T.);
#2302=ORIENTED_EDGE('',*,*,#1721,.T.);
#2303=ORIENTED_EDGE('',*,*,#1718,.T.);
#2304=ORIENTED_EDGE('',*,*,#1715,.T.);
#2305=ORIENTED_EDGE('',*,*,#1712,.T.);
#2306=ORIENTED_EDGE('',*,*,#1709,.T.);
#2307=ORIENTED_EDGE('',*,*,#1706,.T.);
#2308=ORIENTED_EDGE('',*,*,#1730,.T.);
#2309=ORIENTED_EDGE('',*,*,#1701,.T.);
#2310=ORIENTED_EDGE('',*,*,#1731,.F.);
#2311=ORIENTED_EDGE('',*,*,#1699,.T.);
#2312=ORIENTED_EDGE('',*,*,#1696,.T.);
#2313=ORIENTED_EDGE('',*,*,#1693,.T.);
#2314=ORIENTED_EDGE('',*,*,#1690,.T.);
#2315=ORIENTED_EDGE('',*,*,#1685,.T.);
#2316=ORIENTED_EDGE('',*,*,#1682,.T.);
#2317=ORIENTED_EDGE('',*,*,#1679,.T.);
#2318=ORIENTED_EDGE('',*,*,#1676,.T.);
#2319=ORIENTED_EDGE('',*,*,#1732,.T.);
#2320=ORIENTED_EDGE('',*,*,#1733,.T.);
#2321=ORIENTED_EDGE('',*,*,#1734,.F.);
#2322=ORIENTED_EDGE('',*,*,#1735,.F.);
#2323=ORIENTED_EDGE('',*,*,#1534,.T.);
#2324=ORIENTED_EDGE('',*,*,#1541,.T.);
#2325=ORIENTED_EDGE('',*,*,#1736,.F.);
#2326=ORIENTED_EDGE('',*,*,#1735,.T.);
#2327=ORIENTED_EDGE('',*,*,#1737,.F.);
#2328=ORIENTED_EDGE('',*,*,#1738,.F.);
#2329=ORIENTED_EDGE('',*,*,#1549,.T.);
#2330=ORIENTED_EDGE('',*,*,#1550,.T.);
#2331=ORIENTED_EDGE('',*,*,#1614,.T.);
#2332=ORIENTED_EDGE('',*,*,#1596,.T.);
#2333=ORIENTED_EDGE('',*,*,#1633,.T.);
#2334=ORIENTED_EDGE('',*,*,#1649,.T.);
#2335=ORIENTED_EDGE('',*,*,#1739,.T.);
#2336=ORIENTED_EDGE('',*,*,#1738,.T.);
#2337=ORIENTED_EDGE('',*,*,#1740,.F.);
#2338=ORIENTED_EDGE('',*,*,#1741,.F.);
#2339=ORIENTED_EDGE('',*,*,#1650,.T.);
#2340=ORIENTED_EDGE('',*,*,#1654,.T.);
#2341=ORIENTED_EDGE('',*,*,#1657,.T.);
#2342=ORIENTED_EDGE('',*,*,#1660,.T.);
#2343=ORIENTED_EDGE('',*,*,#1739,.F.);
#2344=ORIENTED_EDGE('',*,*,#1742,.T.);
#2345=ORIENTED_EDGE('',*,*,#1743,.F.);
#2346=ORIENTED_EDGE('',*,*,#1744,.F.);
#2347=ORIENTED_EDGE('',*,*,#1732,.F.);
#2348=ORIENTED_EDGE('',*,*,#1736,.T.);
#2349=ORIENTED_EDGE('',*,*,#1558,.T.);
#2350=ORIENTED_EDGE('',*,*,#1586,.T.);
#2351=ORIENTED_EDGE('',*,*,#1593,.T.);
#2352=ORIENTED_EDGE('',*,*,#1745,.T.);
#2353=ORIENTED_EDGE('',*,*,#1746,.T.);
#2354=ORIENTED_EDGE('',*,*,#1747,.F.);
#2355=ORIENTED_EDGE('',*,*,#1748,.F.);
#2356=ORIENTED_EDGE('',*,*,#1749,.T.);
#2357=ORIENTED_EDGE('',*,*,#1750,.T.);
#2358=ORIENTED_EDGE('',*,*,#1751,.F.);
#2359=ORIENTED_EDGE('',*,*,#1752,.F.);
#2360=ORIENTED_EDGE('',*,*,#1753,.F.);
#2361=ORIENTED_EDGE('',*,*,#1754,.F.);
#2362=ORIENTED_EDGE('',*,*,#1755,.F.);
#2363=ORIENTED_EDGE('',*,*,#1756,.T.);
#2364=ORIENTED_EDGE('',*,*,#1728,.T.);
#2365=ORIENTED_EDGE('',*,*,#1757,.F.);
#2366=ORIENTED_EDGE('',*,*,#1758,.F.);
#2367=ORIENTED_EDGE('',*,*,#1759,.T.);
#2368=ORIENTED_EDGE('',*,*,#1700,.T.);
#2369=ORIENTED_EDGE('',*,*,#1756,.F.);
#2370=ORIENTED_EDGE('',*,*,#1760,.F.);
#2371=ORIENTED_EDGE('',*,*,#1757,.T.);
#2372=ORIENTED_EDGE('',*,*,#1727,.T.);
#2373=ORIENTED_EDGE('',*,*,#1761,.F.);
#2374=ORIENTED_EDGE('',*,*,#1762,.F.);
#2375=ORIENTED_EDGE('',*,*,#1761,.T.);
#2376=ORIENTED_EDGE('',*,*,#1731,.T.);
#2377=ORIENTED_EDGE('',*,*,#1759,.F.);
#2378=ORIENTED_EDGE('',*,*,#1763,.F.);
#2379=ORIENTED_EDGE('',*,*,#1764,.T.);
#2380=ORIENTED_EDGE('',*,*,#1702,.F.);
#2381=ORIENTED_EDGE('',*,*,#1765,.F.);
#2382=ORIENTED_EDGE('',*,*,#1766,.F.);
#2383=ORIENTED_EDGE('',*,*,#1767,.T.);
#2384=ORIENTED_EDGE('',*,*,#1729,.F.);
#2385=ORIENTED_EDGE('',*,*,#1764,.F.);
#2386=ORIENTED_EDGE('',*,*,#1768,.F.);
#2387=ORIENTED_EDGE('',*,*,#1769,.T.);
#2388=ORIENTED_EDGE('',*,*,#1705,.F.);
#2389=ORIENTED_EDGE('',*,*,#1767,.F.);
#2390=ORIENTED_EDGE('',*,*,#1770,.F.);
#2391=ORIENTED_EDGE('',*,*,#1765,.T.);
#2392=ORIENTED_EDGE('',*,*,#1730,.F.);
#2393=ORIENTED_EDGE('',*,*,#1769,.F.);
#2394=ORIENTED_EDGE('',*,*,#1771,.F.);
#2395=ORIENTED_EDGE('',*,*,#1772,.T.);
#2396=ORIENTED_EDGE('',*,*,#1773,.F.);
#2397=ORIENTED_EDGE('',*,*,#1774,.F.);
#2398=ORIENTED_EDGE('',*,*,#1544,.T.);
#2399=ORIENTED_EDGE('',*,*,#1545,.T.);
#2400=ORIENTED_EDGE('',*,*,#1775,.F.);
#2401=ORIENTED_EDGE('',*,*,#1776,.F.);
#2402=ORIENTED_EDGE('',*,*,#1777,.F.);
#2403=ORIENTED_EDGE('',*,*,#1778,.F.);
#2404=ORIENTED_EDGE('',*,*,#1779,.F.);
#2405=ORIENTED_EDGE('',*,*,#1780,.T.);
#2406=ORIENTED_EDGE('',*,*,#1749,.F.);
#2407=ORIENTED_EDGE('',*,*,#1781,.F.);
#2408=ORIENTED_EDGE('',*,*,#1758,.T.);
#2409=ORIENTED_EDGE('',*,*,#1755,.T.);
#2410=ORIENTED_EDGE('',*,*,#1760,.T.);
#2411=ORIENTED_EDGE('',*,*,#1762,.T.);
#2412=ORIENTED_EDGE('',*,*,#1782,.T.);
#2413=ORIENTED_EDGE('',*,*,#1781,.T.);
#2414=ORIENTED_EDGE('',*,*,#1783,.F.);
#2415=ORIENTED_EDGE('',*,*,#1772,.F.);
#2416=ORIENTED_EDGE('',*,*,#1763,.T.);
#2417=ORIENTED_EDGE('',*,*,#1770,.T.);
#2418=ORIENTED_EDGE('',*,*,#1768,.T.);
#2419=ORIENTED_EDGE('',*,*,#1766,.T.);
#2420=ORIENTED_EDGE('',*,*,#1784,.F.);
#2421=ORIENTED_EDGE('',*,*,#1785,.T.);
#2422=ORIENTED_EDGE('',*,*,#1779,.T.);
#2423=ORIENTED_EDGE('',*,*,#1782,.F.);
#2424=ORIENTED_EDGE('',*,*,#1771,.T.);
#2425=ORIENTED_EDGE('',*,*,#1786,.F.);
#2426=ORIENTED_EDGE('',*,*,#1565,.T.);
#2427=ORIENTED_EDGE('',*,*,#1572,.T.);
#2428=ORIENTED_EDGE('',*,*,#1579,.T.);
#2429=ORIENTED_EDGE('',*,*,#1777,.T.);
#2430=ORIENTED_EDGE('',*,*,#1787,.F.);
#2431=ORIENTED_EDGE('',*,*,#1788,.F.);
#2432=ORIENTED_EDGE('',*,*,#1789,.F.);
#2433=ORIENTED_EDGE('',*,*,#1776,.T.);
#2434=ORIENTED_EDGE('',*,*,#1790,.T.);
#2435=ORIENTED_EDGE('',*,*,#1791,.T.);
#2436=ORIENTED_EDGE('',*,*,#1792,.T.);
#2437=ORIENTED_EDGE('',*,*,#1793,.T.);
#2438=ORIENTED_EDGE('',*,*,#1794,.T.);
#2439=ORIENTED_EDGE('',*,*,#1795,.T.);
#2440=ORIENTED_EDGE('',*,*,#1796,.T.);
#2441=ORIENTED_EDGE('',*,*,#1797,.T.);
#2442=ORIENTED_EDGE('',*,*,#1787,.T.);
#2443=ORIENTED_EDGE('',*,*,#1798,.T.);
#2444=ORIENTED_EDGE('',*,*,#1799,.T.);
#2445=ORIENTED_EDGE('',*,*,#1800,.T.);
#2446=ORIENTED_EDGE('',*,*,#1801,.T.);
#2447=ORIENTED_EDGE('',*,*,#1802,.T.);
#2448=ORIENTED_EDGE('',*,*,#1803,.T.);
#2449=ORIENTED_EDGE('',*,*,#1804,.T.);
#2450=ORIENTED_EDGE('',*,*,#1805,.T.);
#2451=ORIENTED_EDGE('',*,*,#1798,.F.);
#2452=ORIENTED_EDGE('',*,*,#1806,.T.);
#2453=ORIENTED_EDGE('',*,*,#1807,.F.);
#2454=ORIENTED_EDGE('',*,*,#1806,.F.);
#2455=ORIENTED_EDGE('',*,*,#1799,.F.);
#2456=ORIENTED_EDGE('',*,*,#1808,.T.);
#2457=ORIENTED_EDGE('',*,*,#1809,.F.);
#2458=ORIENTED_EDGE('',*,*,#1808,.F.);
#2459=ORIENTED_EDGE('',*,*,#1800,.F.);
#2460=ORIENTED_EDGE('',*,*,#1810,.T.);
#2461=ORIENTED_EDGE('',*,*,#1811,.F.);
#2462=ORIENTED_EDGE('',*,*,#1810,.F.);
#2463=ORIENTED_EDGE('',*,*,#1801,.F.);
#2464=ORIENTED_EDGE('',*,*,#1812,.T.);
#2465=ORIENTED_EDGE('',*,*,#1813,.F.);
#2466=ORIENTED_EDGE('',*,*,#1812,.F.);
#2467=ORIENTED_EDGE('',*,*,#1814,.F.);
#2468=ORIENTED_EDGE('',*,*,#1815,.T.);
#2469=ORIENTED_EDGE('',*,*,#1805,.F.);
#2470=ORIENTED_EDGE('',*,*,#1816,.F.);
#2471=ORIENTED_EDGE('',*,*,#1817,.F.);
#2472=ORIENTED_EDGE('',*,*,#1816,.T.);
#2473=ORIENTED_EDGE('',*,*,#1804,.F.);
#2474=ORIENTED_EDGE('',*,*,#1818,.F.);
#2475=ORIENTED_EDGE('',*,*,#1819,.F.);
#2476=ORIENTED_EDGE('',*,*,#1818,.T.);
#2477=ORIENTED_EDGE('',*,*,#1803,.F.);
#2478=ORIENTED_EDGE('',*,*,#1820,.F.);
#2479=ORIENTED_EDGE('',*,*,#1821,.F.);
#2480=ORIENTED_EDGE('',*,*,#1820,.T.);
#2481=ORIENTED_EDGE('',*,*,#1802,.F.);
#2482=ORIENTED_EDGE('',*,*,#1815,.F.);
#2483=ORIENTED_EDGE('',*,*,#1822,.F.);
#2484=ORIENTED_EDGE('',*,*,#1788,.T.);
#2485=ORIENTED_EDGE('',*,*,#1797,.F.);
#2486=ORIENTED_EDGE('',*,*,#1823,.F.);
#2487=ORIENTED_EDGE('',*,*,#1824,.F.);
#2488=ORIENTED_EDGE('',*,*,#1823,.T.);
#2489=ORIENTED_EDGE('',*,*,#1796,.F.);
#2490=ORIENTED_EDGE('',*,*,#1825,.F.);
#2491=ORIENTED_EDGE('',*,*,#1826,.F.);
#2492=ORIENTED_EDGE('',*,*,#1825,.T.);
#2493=ORIENTED_EDGE('',*,*,#1795,.F.);
#2494=ORIENTED_EDGE('',*,*,#1827,.F.);
#2495=ORIENTED_EDGE('',*,*,#1828,.F.);
#2496=ORIENTED_EDGE('',*,*,#1827,.T.);
#2497=ORIENTED_EDGE('',*,*,#1794,.F.);
#2498=ORIENTED_EDGE('',*,*,#1829,.F.);
#2499=ORIENTED_EDGE('',*,*,#1830,.F.);
#2500=ORIENTED_EDGE('',*,*,#1829,.T.);
#2501=ORIENTED_EDGE('',*,*,#1793,.F.);
#2502=ORIENTED_EDGE('',*,*,#1831,.F.);
#2503=ORIENTED_EDGE('',*,*,#1832,.F.);
#2504=ORIENTED_EDGE('',*,*,#1831,.T.);
#2505=ORIENTED_EDGE('',*,*,#1792,.F.);
#2506=ORIENTED_EDGE('',*,*,#1833,.F.);
#2507=ORIENTED_EDGE('',*,*,#1834,.F.);
#2508=ORIENTED_EDGE('',*,*,#1833,.T.);
#2509=ORIENTED_EDGE('',*,*,#1791,.F.);
#2510=ORIENTED_EDGE('',*,*,#1835,.F.);
#2511=ORIENTED_EDGE('',*,*,#1775,.T.);
#2512=ORIENTED_EDGE('',*,*,#1836,.F.);
#2513=ORIENTED_EDGE('',*,*,#1835,.T.);
#2514=ORIENTED_EDGE('',*,*,#1790,.F.);
#2515=ORIENTED_EDGE('',*,*,#1778,.T.);
#2516=ORIENTED_EDGE('',*,*,#1789,.T.);
#2517=ORIENTED_EDGE('',*,*,#1822,.T.);
#2518=ORIENTED_EDGE('',*,*,#1824,.T.);
#2519=ORIENTED_EDGE('',*,*,#1826,.T.);
#2520=ORIENTED_EDGE('',*,*,#1828,.T.);
#2521=ORIENTED_EDGE('',*,*,#1830,.T.);
#2522=ORIENTED_EDGE('',*,*,#1832,.T.);
#2523=ORIENTED_EDGE('',*,*,#1834,.T.);
#2524=ORIENTED_EDGE('',*,*,#1836,.T.);
#2525=ORIENTED_EDGE('',*,*,#1821,.T.);
#2526=ORIENTED_EDGE('',*,*,#1814,.T.);
#2527=ORIENTED_EDGE('',*,*,#1817,.T.);
#2528=ORIENTED_EDGE('',*,*,#1819,.T.);
#2529=ORIENTED_EDGE('',*,*,#1813,.T.);
#2530=ORIENTED_EDGE('',*,*,#1811,.T.);
#2531=ORIENTED_EDGE('',*,*,#1809,.T.);
#2532=ORIENTED_EDGE('',*,*,#1807,.T.);
#2533=ORIENTED_EDGE('',*,*,#1734,.T.);
#2534=ORIENTED_EDGE('',*,*,#1837,.T.);
#2535=ORIENTED_EDGE('',*,*,#1838,.F.);
#2536=ORIENTED_EDGE('',*,*,#1839,.F.);
#2537=ORIENTED_EDGE('',*,*,#1740,.T.);
#2538=ORIENTED_EDGE('',*,*,#1737,.T.);
#2539=ORIENTED_EDGE('',*,*,#1840,.F.);
#2540=ORIENTED_EDGE('',*,*,#1773,.T.);
#2541=ORIENTED_EDGE('',*,*,#1783,.T.);
#2542=ORIENTED_EDGE('',*,*,#1841,.T.);
#2543=ORIENTED_EDGE('',*,*,#1842,.F.);
#2544=ORIENTED_EDGE('',*,*,#1843,.F.);
#2545=ORIENTED_EDGE('',*,*,#1844,.F.);
#2546=ORIENTED_EDGE('',*,*,#1845,.T.);
#2547=ORIENTED_EDGE('',*,*,#1846,.T.);
#2548=ORIENTED_EDGE('',*,*,#1847,.F.);
#2549=ORIENTED_EDGE('',*,*,#1848,.T.);
#2550=ORIENTED_EDGE('',*,*,#1846,.F.);
#2551=ORIENTED_EDGE('',*,*,#1848,.F.);
#2552=ORIENTED_EDGE('',*,*,#1849,.T.);
#2553=ORIENTED_EDGE('',*,*,#1847,.T.);
#2554=ORIENTED_EDGE('',*,*,#1850,.T.);
#2555=ORIENTED_EDGE('',*,*,#1851,.T.);
#2556=ORIENTED_EDGE('',*,*,#1852,.T.);
#2557=ORIENTED_EDGE('',*,*,#1853,.T.);
#2558=ORIENTED_EDGE('',*,*,#1854,.T.);
#2559=ORIENTED_EDGE('',*,*,#1855,.T.);
#2560=ORIENTED_EDGE('',*,*,#1856,.T.);
#2561=ORIENTED_EDGE('',*,*,#1857,.T.);
#2562=ORIENTED_EDGE('',*,*,#1858,.T.);
#2563=ORIENTED_EDGE('',*,*,#1859,.T.);
#2564=ORIENTED_EDGE('',*,*,#1860,.T.);
#2565=ORIENTED_EDGE('',*,*,#1861,.T.);
#2566=ORIENTED_EDGE('',*,*,#1862,.T.);
#2567=ORIENTED_EDGE('',*,*,#1863,.T.);
#2568=ORIENTED_EDGE('',*,*,#1864,.T.);
#2569=ORIENTED_EDGE('',*,*,#1865,.T.);
#2570=ORIENTED_EDGE('',*,*,#1866,.T.);
#2571=ORIENTED_EDGE('',*,*,#1867,.T.);
#2572=ORIENTED_EDGE('',*,*,#1868,.T.);
#2573=ORIENTED_EDGE('',*,*,#1869,.T.);
#2574=ORIENTED_EDGE('',*,*,#1870,.T.);
#2575=ORIENTED_EDGE('',*,*,#1871,.T.);
#2576=ORIENTED_EDGE('',*,*,#1510,.T.);
#2577=ORIENTED_EDGE('',*,*,#1514,.T.);
#2578=ORIENTED_EDGE('',*,*,#1872,.T.);
#2579=ORIENTED_EDGE('',*,*,#1873,.T.);
#2580=ORIENTED_EDGE('',*,*,#1874,.F.);
#2581=ORIENTED_EDGE('',*,*,#1875,.T.);
#2582=ORIENTED_EDGE('',*,*,#1873,.F.);
#2583=ORIENTED_EDGE('',*,*,#1875,.F.);
#2584=ORIENTED_EDGE('',*,*,#1876,.T.);
#2585=ORIENTED_EDGE('',*,*,#1874,.T.);
#2586=ORIENTED_EDGE('',*,*,#1877,.T.);
#2587=ORIENTED_EDGE('',*,*,#1878,.T.);
#2588=ORIENTED_EDGE('',*,*,#1879,.F.);
#2589=ORIENTED_EDGE('',*,*,#1880,.T.);
#2590=ORIENTED_EDGE('',*,*,#1878,.F.);
#2591=ORIENTED_EDGE('',*,*,#1880,.F.);
#2592=ORIENTED_EDGE('',*,*,#1881,.T.);
#2593=ORIENTED_EDGE('',*,*,#1879,.T.);
#2594=ORIENTED_EDGE('',*,*,#1882,.T.);
#2595=ORIENTED_EDGE('',*,*,#1870,.F.);
#2596=ORIENTED_EDGE('',*,*,#1883,.F.);
#2597=ORIENTED_EDGE('',*,*,#1746,.F.);
#2598=ORIENTED_EDGE('',*,*,#1877,.F.);
#2599=ORIENTED_EDGE('',*,*,#1884,.T.);
#2600=ORIENTED_EDGE('',*,*,#1754,.T.);
#2601=ORIENTED_EDGE('',*,*,#1884,.F.);
#2602=ORIENTED_EDGE('',*,*,#1872,.F.);
#2603=ORIENTED_EDGE('',*,*,#1885,.T.);
#2604=ORIENTED_EDGE('',*,*,#1844,.T.);
#2605=ORIENTED_EDGE('',*,*,#1885,.F.);
#2606=ORIENTED_EDGE('',*,*,#1886,.F.);
#2607=ORIENTED_EDGE('',*,*,#1753,.T.);
#2608=ORIENTED_EDGE('',*,*,#1887,.T.);
#2609=ORIENTED_EDGE('',*,*,#1856,.F.);
#2610=ORIENTED_EDGE('',*,*,#1881,.F.);
#2611=ORIENTED_EDGE('',*,*,#1888,.T.);
#2612=ORIENTED_EDGE('',*,*,#1868,.F.);
#2613=ORIENTED_EDGE('',*,*,#1889,.F.);
#2614=ORIENTED_EDGE('',*,*,#1747,.T.);
#2615=ORIENTED_EDGE('',*,*,#1883,.T.);
#2616=ORIENTED_EDGE('',*,*,#1869,.F.);
#2617=ORIENTED_EDGE('',*,*,#1888,.F.);
#2618=ORIENTED_EDGE('',*,*,#1748,.T.);
#2619=ORIENTED_EDGE('',*,*,#1889,.T.);
#2620=ORIENTED_EDGE('',*,*,#1867,.F.);
#2621=ORIENTED_EDGE('',*,*,#1890,.F.);
#2622=ORIENTED_EDGE('',*,*,#1841,.F.);
#2623=ORIENTED_EDGE('',*,*,#1890,.T.);
#2624=ORIENTED_EDGE('',*,*,#1866,.F.);
#2625=ORIENTED_EDGE('',*,*,#1891,.F.);
#2626=ORIENTED_EDGE('',*,*,#1876,.F.);
#2627=ORIENTED_EDGE('',*,*,#1892,.T.);
#2628=ORIENTED_EDGE('',*,*,#1864,.F.);
#2629=ORIENTED_EDGE('',*,*,#1893,.F.);
#2630=ORIENTED_EDGE('',*,*,#1842,.T.);
#2631=ORIENTED_EDGE('',*,*,#1891,.T.);
#2632=ORIENTED_EDGE('',*,*,#1865,.F.);
#2633=ORIENTED_EDGE('',*,*,#1892,.F.);
#2634=ORIENTED_EDGE('',*,*,#1843,.T.);
#2635=ORIENTED_EDGE('',*,*,#1893,.T.);
#2636=ORIENTED_EDGE('',*,*,#1863,.F.);
#2637=ORIENTED_EDGE('',*,*,#1894,.F.);
#2638=ORIENTED_EDGE('',*,*,#1894,.T.);
#2639=ORIENTED_EDGE('',*,*,#1862,.F.);
#2640=ORIENTED_EDGE('',*,*,#1895,.F.);
#2641=ORIENTED_EDGE('',*,*,#1786,.T.);
#2642=ORIENTED_EDGE('',*,*,#1774,.T.);
#2643=ORIENTED_EDGE('',*,*,#1520,.T.);
#2644=ORIENTED_EDGE('',*,*,#1527,.T.);
#2645=ORIENTED_EDGE('',*,*,#1895,.T.);
#2646=ORIENTED_EDGE('',*,*,#1861,.F.);
#2647=ORIENTED_EDGE('',*,*,#1896,.F.);
#2648=ORIENTED_EDGE('',*,*,#1784,.T.);
#2649=ORIENTED_EDGE('',*,*,#1547,.T.);
#2650=ORIENTED_EDGE('',*,*,#1548,.T.);
#2651=ORIENTED_EDGE('',*,*,#1896,.T.);
#2652=ORIENTED_EDGE('',*,*,#1860,.F.);
#2653=ORIENTED_EDGE('',*,*,#1897,.F.);
#2654=ORIENTED_EDGE('',*,*,#1780,.F.);
#2655=ORIENTED_EDGE('',*,*,#1785,.F.);
#2656=ORIENTED_EDGE('',*,*,#1750,.F.);
#2657=ORIENTED_EDGE('',*,*,#1897,.T.);
#2658=ORIENTED_EDGE('',*,*,#1859,.F.);
#2659=ORIENTED_EDGE('',*,*,#1898,.F.);
#2660=ORIENTED_EDGE('',*,*,#1751,.T.);
#2661=ORIENTED_EDGE('',*,*,#1898,.T.);
#2662=ORIENTED_EDGE('',*,*,#1858,.F.);
#2663=ORIENTED_EDGE('',*,*,#1899,.F.);
#2664=ORIENTED_EDGE('',*,*,#1752,.T.);
#2665=ORIENTED_EDGE('',*,*,#1899,.T.);
#2666=ORIENTED_EDGE('',*,*,#1857,.F.);
#2667=ORIENTED_EDGE('',*,*,#1887,.F.);
#2668=ORIENTED_EDGE('',*,*,#1886,.T.);
#2669=ORIENTED_EDGE('',*,*,#1855,.F.);
#2670=ORIENTED_EDGE('',*,*,#1900,.F.);
#2671=ORIENTED_EDGE('',*,*,#1742,.F.);
#2672=ORIENTED_EDGE('',*,*,#1741,.T.);
#2673=ORIENTED_EDGE('',*,*,#1745,.F.);
#2674=ORIENTED_EDGE('',*,*,#1666,.T.);
#2675=ORIENTED_EDGE('',*,*,#1662,.T.);
#2676=ORIENTED_EDGE('',*,*,#1672,.T.);
#2677=ORIENTED_EDGE('',*,*,#1669,.T.);
#2678=ORIENTED_EDGE('',*,*,#1845,.F.);
#2679=ORIENTED_EDGE('',*,*,#1901,.T.);
#2680=ORIENTED_EDGE('',*,*,#1840,.T.);
#2681=ORIENTED_EDGE('',*,*,#1901,.F.);
#2682=ORIENTED_EDGE('',*,*,#1837,.F.);
#2683=ORIENTED_EDGE('',*,*,#1902,.T.);
#2684=ORIENTED_EDGE('',*,*,#1852,.F.);
#2685=ORIENTED_EDGE('',*,*,#1903,.F.);
#2686=ORIENTED_EDGE('',*,*,#1849,.F.);
#2687=ORIENTED_EDGE('',*,*,#1904,.T.);
#2688=ORIENTED_EDGE('',*,*,#1850,.F.);
#2689=ORIENTED_EDGE('',*,*,#1905,.F.);
#2690=ORIENTED_EDGE('',*,*,#1838,.T.);
#2691=ORIENTED_EDGE('',*,*,#1903,.T.);
#2692=ORIENTED_EDGE('',*,*,#1851,.F.);
#2693=ORIENTED_EDGE('',*,*,#1904,.F.);
#2694=ORIENTED_EDGE('',*,*,#1839,.T.);
#2695=ORIENTED_EDGE('',*,*,#1905,.T.);
#2696=ORIENTED_EDGE('',*,*,#1871,.F.);
#2697=ORIENTED_EDGE('',*,*,#1882,.F.);
#2698=ORIENTED_EDGE('',*,*,#1900,.T.);
#2699=ORIENTED_EDGE('',*,*,#1854,.F.);
#2700=ORIENTED_EDGE('',*,*,#1906,.F.);
#2701=ORIENTED_EDGE('',*,*,#1743,.T.);
#2702=ORIENTED_EDGE('',*,*,#1906,.T.);
#2703=ORIENTED_EDGE('',*,*,#1853,.F.);
#2704=ORIENTED_EDGE('',*,*,#1902,.F.);
#2705=ORIENTED_EDGE('',*,*,#1733,.F.);
#2706=ORIENTED_EDGE('',*,*,#1744,.T.);
#2707=ORIENTED_EDGE('',*,*,#1552,.T.);
#2708=ORIENTED_EDGE('',*,*,#1553,.T.);
#2709=ORIENTED_EDGE('',*,*,#1513,.F.);
#2710=ORIENTED_EDGE('',*,*,#1907,.T.);
#2711=ORIENTED_EDGE('',*,*,#1908,.T.);
#2712=ORIENTED_EDGE('',*,*,#1907,.F.);
#2713=ORIENTED_EDGE('',*,*,#1908,.F.);
#2714=ORIENTED_EDGE('',*,*,#1909,.T.);
#2715=ORIENTED_EDGE('',*,*,#1909,.F.);
#2716=ORIENTED_EDGE('',*,*,#1509,.F.);
#2717=ORIENTED_EDGE('',*,*,#1910,.T.);
#2718=ORIENTED_EDGE('',*,*,#1911,.T.);
#2719=ORIENTED_EDGE('',*,*,#1910,.F.);
#2720=ORIENTED_EDGE('',*,*,#1911,.F.);
#2721=ORIENTED_EDGE('',*,*,#1912,.T.);
#2722=ORIENTED_EDGE('',*,*,#1912,.F.);
#2723=PLANE('',#2990);
#2724=PLANE('',#2995);
#2725=PLANE('',#3002);
#2726=PLANE('',#3010);
#2727=PLANE('',#3018);
#2728=PLANE('',#3026);
#2729=PLANE('',#3036);
#2730=PLANE('',#3044);
#2731=PLANE('',#3052);
#2732=PLANE('',#3060);
#2733=PLANE('',#3068);
#2734=PLANE('',#3076);
#2735=PLANE('',#3082);
#2736=PLANE('',#3090);
#2737=PLANE('',#3099);
#2738=PLANE('',#3100);
#2739=PLANE('',#3101);
#2740=PLANE('',#3102);
#2741=PLANE('',#3103);
#2742=PLANE('',#3104);
#2743=PLANE('',#3107);
#2744=PLANE('',#3108);
#2745=PLANE('',#3109);
#2746=PLANE('',#3112);
#2747=PLANE('',#3113);
#2748=PLANE('',#3115);
#2749=PLANE('',#3116);
#2750=PLANE('',#3117);
#2751=PLANE('',#3118);
#2752=PLANE('',#3119);
#2753=PLANE('',#3132);
#2754=PLANE('',#3133);
#2755=PLANE('',#3134);
#2756=PLANE('',#3135);
#2757=PLANE('',#3136);
#2758=PLANE('',#3137);
#2759=PLANE('',#3141);
#2760=PLANE('',#3142);
#2761=PLANE('',#3143);
#2762=PLANE('',#3147);
#2763=PLANE('',#3148);
#2764=PLANE('',#3149);
#2765=PLANE('',#3150);
#2766=PLANE('',#3151);
#2767=PLANE('',#3155);
#2768=PLANE('',#3156);
#2769=PLANE('',#3159);
#2770=PLANE('',#3166);
#2771=PLANE('',#3167);
#2772=PLANE('',#3168);
#2773=PLANE('',#3169);
#2774=PLANE('',#3177);
#2775=PLANE('',#3178);
#2776=PLANE('',#3180);
#2777=PLANE('',#3181);
#2778=PLANE('',#3196);
#2779=PLANE('',#3197);
#2780=PLANE('',#3198);
#2781=PLANE('',#3199);
#2782=PLANE('',#3200);
#2783=PLANE('',#3203);
#2784=PLANE('',#3204);
#2785=PLANE('',#3205);
#2786=PLANE('',#3208);
#2787=PLANE('',#3209);
#2788=PLANE('',#3210);
#2789=PLANE('',#3211);
#2790=PLANE('',#3214);
#2791=PLANE('',#3217);
#2792=PLANE('',#3222);
#2793=PLANE('',#3224);
#2794=PLANE('',#3236);
#2795=PLANE('',#3241);
#2796=PLANE('',#3243);
#2797=PLANE('',#3248);
#2798=PLANE('',#3250);
#2799=PLANE('',#3255);
#2800=PLANE('',#3256);
#2801=PLANE('',#3258);
#2802=PLANE('',#3259);
#2803=PLANE('',#3261);
#2804=PLANE('',#3262);
#2805=PLANE('',#3264);
#2806=PLANE('',#3267);
#2807=PLANE('',#3269);
#2808=PLANE('',#3270);
#2809=ADVANCED_FACE('',(#705,#632),#2723,.F.);
#2810=ADVANCED_FACE('',(#706),#571,.F.);
#2811=ADVANCED_FACE('',(#707,#633),#2724,.F.);
#2812=ADVANCED_FACE('',(#708),#572,.F.);
#2813=ADVANCED_FACE('',(#709),#39,.F.);
#2814=ADVANCED_FACE('',(#710,#634),#2725,.F.);
#2815=ADVANCED_FACE('',(#711),#573,.F.);
#2816=ADVANCED_FACE('',(#712),#574,.F.);
#2817=ADVANCED_FACE('',(#713),#40,.F.);
#2818=ADVANCED_FACE('',(#714,#635),#2726,.F.);
#2819=ADVANCED_FACE('',(#715),#575,.F.);
#2820=ADVANCED_FACE('',(#716),#576,.F.);
#2821=ADVANCED_FACE('',(#717),#41,.F.);
#2822=ADVANCED_FACE('',(#718,#636),#2727,.F.);
#2823=ADVANCED_FACE('',(#719),#577,.F.);
#2824=ADVANCED_FACE('',(#720),#578,.F.);
#2825=ADVANCED_FACE('',(#721),#42,.F.);
#2826=ADVANCED_FACE('',(#722,#637),#2728,.F.);
#2827=ADVANCED_FACE('',(#723),#579,.F.);
#2828=ADVANCED_FACE('',(#724),#580,.F.);
#2829=ADVANCED_FACE('',(#725),#581,.F.);
#2830=ADVANCED_FACE('',(#726),#582,.F.);
#2831=ADVANCED_FACE('',(#727),#43,.F.);
#2832=ADVANCED_FACE('',(#728,#638),#2729,.F.);
#2833=ADVANCED_FACE('',(#729),#583,.F.);
#2834=ADVANCED_FACE('',(#730),#584,.F.);
#2835=ADVANCED_FACE('',(#731),#44,.F.);
#2836=ADVANCED_FACE('',(#732,#639),#2730,.F.);
#2837=ADVANCED_FACE('',(#733),#585,.F.);
#2838=ADVANCED_FACE('',(#734),#586,.F.);
#2839=ADVANCED_FACE('',(#735),#45,.F.);
#2840=ADVANCED_FACE('',(#736,#640),#2731,.F.);
#2841=ADVANCED_FACE('',(#737),#587,.F.);
#2842=ADVANCED_FACE('',(#738),#588,.F.);
#2843=ADVANCED_FACE('',(#739),#46,.F.);
#2844=ADVANCED_FACE('',(#740,#641),#2732,.F.);
#2845=ADVANCED_FACE('',(#741),#589,.F.);
#2846=ADVANCED_FACE('',(#742),#590,.F.);
#2847=ADVANCED_FACE('',(#743),#47,.F.);
#2848=ADVANCED_FACE('',(#744,#642),#2733,.F.);
#2849=ADVANCED_FACE('',(#745),#591,.F.);
#2850=ADVANCED_FACE('',(#746),#592,.F.);
#2851=ADVANCED_FACE('',(#747),#48,.F.);
#2852=ADVANCED_FACE('',(#748,#643),#2734,.F.);
#2853=ADVANCED_FACE('',(#749),#593,.F.);
#2854=ADVANCED_FACE('',(#750),#594,.F.);
#2855=ADVANCED_FACE('',(#751,#644,#645,#646,#647,#648),#2735,.T.);
#2856=ADVANCED_FACE('',(#752),#2736,.T.);
#2857=ADVANCED_FACE('',(#753),#595,.F.);
#2858=ADVANCED_FACE('',(#754),#596,.F.);
#2859=ADVANCED_FACE('',(#755),#597,.F.);
#2860=ADVANCED_FACE('',(#756),#598,.F.);
#2861=ADVANCED_FACE('',(#757),#2737,.T.);
#2862=ADVANCED_FACE('',(#758),#2738,.T.);
#2863=ADVANCED_FACE('',(#759),#2739,.T.);
#2864=ADVANCED_FACE('',(#760),#2740,.T.);
#2865=ADVANCED_FACE('',(#761),#2741,.T.);
#2866=ADVANCED_FACE('',(#762),#2742,.T.);
#2867=ADVANCED_FACE('',(#763),#599,.T.);
#2868=ADVANCED_FACE('',(#764),#2743,.T.);
#2869=ADVANCED_FACE('',(#765),#2744,.T.);
#2870=ADVANCED_FACE('',(#766),#2745,.T.);
#2871=ADVANCED_FACE('',(#767),#600,.T.);
#2872=ADVANCED_FACE('',(#768),#2746,.T.);
#2873=ADVANCED_FACE('',(#769,#649,#650,#651,#652,#653),#2747,.F.);
#2874=ADVANCED_FACE('',(#770),#15,.F.);
#2875=ADVANCED_FACE('',(#771),#2748,.F.);
#2876=ADVANCED_FACE('',(#772),#16,.F.);
#2877=ADVANCED_FACE('',(#773),#2749,.F.);
#2878=ADVANCED_FACE('',(#774),#2750,.T.);
#2879=ADVANCED_FACE('',(#775),#17,.T.);
#2880=ADVANCED_FACE('',(#776),#2751,.T.);
#2881=ADVANCED_FACE('',(#777),#18,.T.);
#2882=ADVANCED_FACE('',(#778),#2752,.T.);
#2883=ADVANCED_FACE('',(#779),#601,.F.);
#2884=ADVANCED_FACE('',(#780),#602,.F.);
#2885=ADVANCED_FACE('',(#781),#603,.F.);
#2886=ADVANCED_FACE('',(#782),#604,.F.);
#2887=ADVANCED_FACE('',(#783),#2753,.T.);
#2888=ADVANCED_FACE('',(#784),#2754,.T.);
#2889=ADVANCED_FACE('',(#785),#2755,.T.);
#2890=ADVANCED_FACE('',(#786),#2756,.T.);
#2891=ADVANCED_FACE('',(#787),#2757,.T.);
#2892=ADVANCED_FACE('',(#788),#2758,.T.);
#2893=ADVANCED_FACE('',(#789),#605,.T.);
#2894=ADVANCED_FACE('',(#790),#2759,.T.);
#2895=ADVANCED_FACE('',(#791),#2760,.T.);
#2896=ADVANCED_FACE('',(#792),#2761,.T.);
#2897=ADVANCED_FACE('',(#793),#606,.T.);
#2898=ADVANCED_FACE('',(#794),#2762,.T.);
#2899=ADVANCED_FACE('',(#795),#2763,.T.);
#2900=ADVANCED_FACE('',(#796,#654,#655,#656,#657,#658),#2764,.F.);
#2901=ADVANCED_FACE('',(#797,#659,#660,#661,#662,#663),#2765,.T.);
#2902=ADVANCED_FACE('',(#798,#664,#665),#2766,.T.);
#2903=ADVANCED_FACE('',(#799,#666,#667),#607,.F.);
#2904=ADVANCED_FACE('',(#800,#668),#2767,.T.);
#2905=ADVANCED_FACE('',(#801,#669,#670,#671),#2768,.F.);
#2906=ADVANCED_FACE('',(#802,#672),#2769,.F.);
#2907=ADVANCED_FACE('',(#803),#19,.F.);
#2908=ADVANCED_FACE('',(#804),#2770,.F.);
#2909=ADVANCED_FACE('',(#805),#2771,.F.);
#2910=ADVANCED_FACE('',(#806),#20,.F.);
#2911=ADVANCED_FACE('',(#807),#2772,.T.);
#2912=ADVANCED_FACE('',(#808),#21,.T.);
#2913=ADVANCED_FACE('',(#809),#2773,.T.);
#2914=ADVANCED_FACE('',(#810),#22,.T.);
#2915=ADVANCED_FACE('',(#811,#673,#674),#608,.F.);
#2916=ADVANCED_FACE('',(#812,#675),#609,.F.);
#2917=ADVANCED_FACE('',(#813,#676),#2774,.T.);
#2918=ADVANCED_FACE('',(#814,#677,#678,#679),#2775,.F.);
#2919=ADVANCED_FACE('',(#815),#2776,.T.);
#2920=ADVANCED_FACE('',(#816,#680,#681,#682,#683,#684),#2777,.T.);
#2921=ADVANCED_FACE('',(#817),#610,.F.);
#2922=ADVANCED_FACE('',(#818),#611,.F.);
#2923=ADVANCED_FACE('',(#819),#612,.F.);
#2924=ADVANCED_FACE('',(#820),#613,.F.);
#2925=ADVANCED_FACE('',(#821),#2778,.T.);
#2926=ADVANCED_FACE('',(#822),#2779,.T.);
#2927=ADVANCED_FACE('',(#823),#2780,.T.);
#2928=ADVANCED_FACE('',(#824),#2781,.T.);
#2929=ADVANCED_FACE('',(#825),#2782,.T.);
#2930=ADVANCED_FACE('',(#826),#614,.T.);
#2931=ADVANCED_FACE('',(#827),#2783,.T.);
#2932=ADVANCED_FACE('',(#828),#2784,.T.);
#2933=ADVANCED_FACE('',(#829),#2785,.T.);
#2934=ADVANCED_FACE('',(#830),#615,.T.);
#2935=ADVANCED_FACE('',(#831),#2786,.T.);
#2936=ADVANCED_FACE('',(#832),#2787,.T.);
#2937=ADVANCED_FACE('',(#833,#685,#686,#687,#688,#689),#2788,.F.);
#2938=ADVANCED_FACE('',(#834,#690),#2789,.F.);
#2939=ADVANCED_FACE('',(#835,#691),#2790,.F.);
#2940=ADVANCED_FACE('',(#836,#692),#2791,.F.);
#2941=ADVANCED_FACE('',(#837),#616,.F.);
#2942=ADVANCED_FACE('',(#838,#693),#2792,.T.);
#2943=ADVANCED_FACE('',(#839,#694,#695),#2793,.T.);
#2944=ADVANCED_FACE('',(#840,#696),#2794,.F.);
#2945=ADVANCED_FACE('',(#841),#617,.F.);
#2946=ADVANCED_FACE('',(#842,#697),#2795,.T.);
#2947=ADVANCED_FACE('',(#843,#698),#2796,.F.);
#2948=ADVANCED_FACE('',(#844),#618,.F.);
#2949=ADVANCED_FACE('',(#845,#699),#2797,.T.);
#2950=ADVANCED_FACE('',(#846),#2798,.T.);
#2951=ADVANCED_FACE('',(#847),#619,.F.);
#2952=ADVANCED_FACE('',(#848),#620,.F.);
#2953=ADVANCED_FACE('',(#849),#621,.T.);
#2954=ADVANCED_FACE('',(#850),#622,.T.);
#2955=ADVANCED_FACE('',(#851),#2799,.T.);
#2956=ADVANCED_FACE('',(#852),#2800,.T.);
#2957=ADVANCED_FACE('',(#853),#623,.T.);
#2958=ADVANCED_FACE('',(#854),#2801,.T.);
#2959=ADVANCED_FACE('',(#855,#700,#701),#2802,.T.);
#2960=ADVANCED_FACE('',(#856,#702),#624,.T.);
#2961=ADVANCED_FACE('',(#857),#2803,.T.);
#2962=ADVANCED_FACE('',(#858),#2804,.T.);
#2963=ADVANCED_FACE('',(#859),#625,.T.);
#2964=ADVANCED_FACE('',(#860),#2805,.T.);
#2965=ADVANCED_FACE('',(#861,#703),#626,.F.);
#2966=ADVANCED_FACE('',(#862),#627,.F.);
#2967=ADVANCED_FACE('',(#863),#2806,.T.);
#2968=ADVANCED_FACE('',(#864),#628,.T.);
#2969=ADVANCED_FACE('',(#865),#2807,.T.);
#2970=ADVANCED_FACE('',(#866),#2808,.T.);
#2971=ADVANCED_FACE('',(#867,#704),#629,.T.);
#2972=ADVANCED_FACE('',(#868),#630,.F.);
#2973=ADVANCED_FACE('',(#869),#49,.F.);
#2974=ADVANCED_FACE('',(#870),#631,.F.);
#2975=ADVANCED_FACE('',(#871),#50,.F.);
#2976=CLOSED_SHELL('',(#2809,#2810,#2811,#2812,#2813,#2814,#2815,#2816,
#2817,#2818,#2819,#2820,#2821,#2822,#2823,#2824,#2825,#2826,#2827,#2828,
#2829,#2830,#2831,#2832,#2833,#2834,#2835,#2836,#2837,#2838,#2839,#2840,
#2841,#2842,#2843,#2844,#2845,#2846,#2847,#2848,#2849,#2850,#2851,#2852,
#2853,#2854,#2855,#2856,#2857,#2858,#2859,#2860,#2861,#2862,#2863,#2864,
#2865,#2866,#2867,#2868,#2869,#2870,#2871,#2872,#2873,#2874,#2875,#2876,
#2877,#2878,#2879,#2880,#2881,#2882,#2883,#2884,#2885,#2886,#2887,#2888,
#2889,#2890,#2891,#2892,#2893,#2894,#2895,#2896,#2897,#2898,#2899,#2900,
#2901,#2902,#2903,#2904,#2905,#2906,#2907,#2908,#2909,#2910,#2911,#2912,
#2913,#2914,#2915,#2916,#2917,#2918,#2919,#2920,#2921,#2922,#2923,#2924,
#2925,#2926,#2927,#2928,#2929,#2930,#2931,#2932,#2933,#2934,#2935,#2936,
#2937,#2938,#2939,#2940,#2941,#2942,#2943,#2944,#2945,#2946,#2947,#2948,
#2949,#2950,#2951,#2952,#2953,#2954,#2955,#2956,#2957,#2958,#2959,#2960,
#2961,#2962,#2963,#2964,#2965,#2966,#2967,#2968,#2969,#2970,#2971,#2972,
#2973,#2974,#2975));
#2977=DERIVED_UNIT_ELEMENT(#2979,1.);
#2978=DERIVED_UNIT_ELEMENT(#5257,-3.);
#2979=(
MASS_UNIT()
NAMED_UNIT(*)
SI_UNIT(.KILO.,.GRAM.)
);
#2980=DERIVED_UNIT((#2977,#2978));
#2981=MEASURE_REPRESENTATION_ITEM('density measure',
POSITIVE_RATIO_MEASURE(7850.),#2980);
#2982=PROPERTY_DEFINITION_REPRESENTATION(#2987,#2984);
#2983=PROPERTY_DEFINITION_REPRESENTATION(#2988,#2985);
#2984=REPRESENTATION('material name',(#2986),#5254);
#2985=REPRESENTATION('density',(#2981),#5254);
#2986=DESCRIPTIVE_REPRESENTATION_ITEM('Steel','Steel');
#2987=PROPERTY_DEFINITION('material property','material name',#5264);
#2988=PROPERTY_DEFINITION('material property','density of part',#5264);
#2989=AXIS2_PLACEMENT_3D('',#4116,#3278,#3279);
#2990=AXIS2_PLACEMENT_3D('',#4117,#3280,#3281);
#2991=AXIS2_PLACEMENT_3D('',#4119,#3282,#3283);
#2992=AXIS2_PLACEMENT_3D('',#4121,#3284,#3285);
#2993=AXIS2_PLACEMENT_3D('',#4122,#3286,#3287);
#2994=AXIS2_PLACEMENT_3D('',#4124,#3288,#3289);
#2995=AXIS2_PLACEMENT_3D('',#4126,#3291,#3292);
#2996=AXIS2_PLACEMENT_3D('',#4128,#3293,#3294);
#2997=AXIS2_PLACEMENT_3D('',#4130,#3295,#3296);
#2998=AXIS2_PLACEMENT_3D('',#4131,#3297,#3298);
#2999=AXIS2_PLACEMENT_3D('',#4133,#3299,#3300);
#3000=AXIS2_PLACEMENT_3D('',#4135,#3302,#3303);
#3001=AXIS2_PLACEMENT_3D('',#4137,#3304,#3305);
#3002=AXIS2_PLACEMENT_3D('',#4140,#3307,#3308);
#3003=AXIS2_PLACEMENT_3D('',#4142,#3309,#3310);
#3004=AXIS2_PLACEMENT_3D('',#4144,#3311,#3312);
#3005=AXIS2_PLACEMENT_3D('',#4145,#3313,#3314);
#3006=AXIS2_PLACEMENT_3D('',#4147,#3315,#3316);
#3007=AXIS2_PLACEMENT_3D('',#4149,#3318,#3319);
#3008=AXIS2_PLACEMENT_3D('',#4151,#3321,#3322);
#3009=AXIS2_PLACEMENT_3D('',#4153,#3323,#3324);
#3010=AXIS2_PLACEMENT_3D('',#4156,#3326,#3327);
#3011=AXIS2_PLACEMENT_3D('',#4158,#3328,#3329);
#3012=AXIS2_PLACEMENT_3D('',#4160,#3330,#3331);
#3013=AXIS2_PLACEMENT_3D('',#4161,#3332,#3333);
#3014=AXIS2_PLACEMENT_3D('',#4163,#3334,#3335);
#3015=AXIS2_PLACEMENT_3D('',#4165,#3337,#3338);
#3016=AXIS2_PLACEMENT_3D('',#4167,#3340,#3341);
#3017=AXIS2_PLACEMENT_3D('',#4169,#3342,#3343);
#3018=AXIS2_PLACEMENT_3D('',#4172,#3345,#3346);
#3019=AXIS2_PLACEMENT_3D('',#4174,#3347,#3348);
#3020=AXIS2_PLACEMENT_3D('',#4176,#3349,#3350);
#3021=AXIS2_PLACEMENT_3D('',#4177,#3351,#3352);
#3022=AXIS2_PLACEMENT_3D('',#4179,#3353,#3354);
#3023=AXIS2_PLACEMENT_3D('',#4181,#3356,#3357);
#3024=AXIS2_PLACEMENT_3D('',#4183,#3359,#3360);
#3025=AXIS2_PLACEMENT_3D('',#4185,#3361,#3362);
#3026=AXIS2_PLACEMENT_3D('',#4188,#3364,#3365);
#3027=AXIS2_PLACEMENT_3D('',#4190,#3366,#3367);
#3028=AXIS2_PLACEMENT_3D('',#4192,#3368,#3369);
#3029=AXIS2_PLACEMENT_3D('',#4193,#3370,#3371);
#3030=AXIS2_PLACEMENT_3D('',#4195,#3372,#3373);
#3031=AXIS2_PLACEMENT_3D('',#4197,#3375,#3376);
#3032=AXIS2_PLACEMENT_3D('',#4199,#3378,#3379);
#3033=AXIS2_PLACEMENT_3D('',#4281,#3381,#3382);
#3034=AXIS2_PLACEMENT_3D('',#4363,#3384,#3385);
#3035=AXIS2_PLACEMENT_3D('',#4365,#3386,#3387);
#3036=AXIS2_PLACEMENT_3D('',#4368,#3389,#3390);
#3037=AXIS2_PLACEMENT_3D('',#4370,#3391,#3392);
#3038=AXIS2_PLACEMENT_3D('',#4372,#3393,#3394);
#3039=AXIS2_PLACEMENT_3D('',#4373,#3395,#3396);
#3040=AXIS2_PLACEMENT_3D('',#4375,#3397,#3398);
#3041=AXIS2_PLACEMENT_3D('',#4377,#3400,#3401);
#3042=AXIS2_PLACEMENT_3D('',#4379,#3403,#3404);
#3043=AXIS2_PLACEMENT_3D('',#4381,#3405,#3406);
#3044=AXIS2_PLACEMENT_3D('',#4384,#3408,#3409);
#3045=AXIS2_PLACEMENT_3D('',#4386,#3410,#3411);
#3046=AXIS2_PLACEMENT_3D('',#4388,#3412,#3413);
#3047=AXIS2_PLACEMENT_3D('',#4389,#3414,#3415);
#3048=AXIS2_PLACEMENT_3D('',#4391,#3416,#3417);
#3049=AXIS2_PLACEMENT_3D('',#4393,#3419,#3420);
#3050=AXIS2_PLACEMENT_3D('',#4395,#3422,#3423);
#3051=AXIS2_PLACEMENT_3D('',#4397,#3424,#3425);
#3052=AXIS2_PLACEMENT_3D('',#4400,#3427,#3428);
#3053=AXIS2_PLACEMENT_3D('',#4402,#3429,#3430);
#3054=AXIS2_PLACEMENT_3D('',#4404,#3431,#3432);
#3055=AXIS2_PLACEMENT_3D('',#4405,#3433,#3434);
#3056=AXIS2_PLACEMENT_3D('',#4407,#3435,#3436);
#3057=AXIS2_PLACEMENT_3D('',#4409,#3438,#3439);
#3058=AXIS2_PLACEMENT_3D('',#4411,#3441,#3442);
#3059=AXIS2_PLACEMENT_3D('',#4413,#3443,#3444);
#3060=AXIS2_PLACEMENT_3D('',#4416,#3446,#3447);
#3061=AXIS2_PLACEMENT_3D('',#4418,#3448,#3449);
#3062=AXIS2_PLACEMENT_3D('',#4420,#3450,#3451);
#3063=AXIS2_PLACEMENT_3D('',#4421,#3452,#3453);
#3064=AXIS2_PLACEMENT_3D('',#4423,#3454,#3455);
#3065=AXIS2_PLACEMENT_3D('',#4425,#3457,#3458);
#3066=AXIS2_PLACEMENT_3D('',#4427,#3460,#3461);
#3067=AXIS2_PLACEMENT_3D('',#4429,#3462,#3463);
#3068=AXIS2_PLACEMENT_3D('',#4432,#3465,#3466);
#3069=AXIS2_PLACEMENT_3D('',#4434,#3467,#3468);
#3070=AXIS2_PLACEMENT_3D('',#4436,#3469,#3470);
#3071=AXIS2_PLACEMENT_3D('',#4437,#3471,#3472);
#3072=AXIS2_PLACEMENT_3D('',#4439,#3473,#3474);
#3073=AXIS2_PLACEMENT_3D('',#4441,#3476,#3477);
#3074=AXIS2_PLACEMENT_3D('',#4443,#3479,#3480);
#3075=AXIS2_PLACEMENT_3D('',#4445,#3481,#3482);
#3076=AXIS2_PLACEMENT_3D('',#4448,#3484,#3485);
#3077=AXIS2_PLACEMENT_3D('',#4450,#3486,#3487);
#3078=AXIS2_PLACEMENT_3D('',#4452,#3488,#3489);
#3079=AXIS2_PLACEMENT_3D('',#4453,#3490,#3491);
#3080=AXIS2_PLACEMENT_3D('',#4455,#3492,#3493);
#3081=AXIS2_PLACEMENT_3D('',#4457,#3495,#3496);
#3082=AXIS2_PLACEMENT_3D('',#4459,#3498,#3499);
#3083=AXIS2_PLACEMENT_3D('',#4462,#3500,#3501);
#3084=AXIS2_PLACEMENT_3D('',#4468,#3504,#3505);
#3085=AXIS2_PLACEMENT_3D('',#4476,#3509,#3510);
#3086=AXIS2_PLACEMENT_3D('',#4481,#3513,#3514);
#3087=AXIS2_PLACEMENT_3D('',#4483,#3515,#3516);
#3088=AXIS2_PLACEMENT_3D('',#4485,#3517,#3518);
#3089=AXIS2_PLACEMENT_3D('',#4487,#3519,#3520);
#3090=AXIS2_PLACEMENT_3D('',#4496,#3525,#3526);
#3091=AXIS2_PLACEMENT_3D('',#4502,#3530,#3531);
#3092=AXIS2_PLACEMENT_3D('',#4505,#3533,#3534);
#3093=AXIS2_PLACEMENT_3D('',#4506,#3535,#3536);
#3094=AXIS2_PLACEMENT_3D('',#4509,#3538,#3539);
#3095=AXIS2_PLACEMENT_3D('',#4510,#3540,#3541);
#3096=AXIS2_PLACEMENT_3D('',#4513,#3543,#3544);
#3097=AXIS2_PLACEMENT_3D('',#4514,#3545,#3546);
#3098=AXIS2_PLACEMENT_3D('',#4517,#3548,#3549);
#3099=AXIS2_PLACEMENT_3D('',#4518,#3550,#3551);
#3100=AXIS2_PLACEMENT_3D('',#4524,#3555,#3556);
#3101=AXIS2_PLACEMENT_3D('',#4528,#3559,#3560);
#3102=AXIS2_PLACEMENT_3D('',#4532,#3563,#3564);
#3103=AXIS2_PLACEMENT_3D('',#4534,#3566,#3567);
#3104=AXIS2_PLACEMENT_3D('',#4540,#3571,#3572);
#3105=AXIS2_PLACEMENT_3D('',#4544,#3575,#3576);
#3106=AXIS2_PLACEMENT_3D('',#4546,#3577,#3578);
#3107=AXIS2_PLACEMENT_3D('',#4548,#3580,#3581);
#3108=AXIS2_PLACEMENT_3D('',#4552,#3584,#3585);
#3109=AXIS2_PLACEMENT_3D('',#4556,#3588,#3589);
#3110=AXIS2_PLACEMENT_3D('',#4560,#3592,#3593);
#3111=AXIS2_PLACEMENT_3D('',#4562,#3594,#3595);
#3112=AXIS2_PLACEMENT_3D('',#4564,#3597,#3598);
#3113=AXIS2_PLACEMENT_3D('',#4566,#3600,#3601);
#3114=AXIS2_PLACEMENT_3D('',#4567,#3602,#3603);
#3115=AXIS2_PLACEMENT_3D('',#4595,#3607,#3608);
#3116=AXIS2_PLACEMENT_3D('',#4625,#3614,#3615);
#3117=AXIS2_PLACEMENT_3D('',#4628,#3618,#3619);
#3118=AXIS2_PLACEMENT_3D('',#4663,#3626,#3627);
#3119=AXIS2_PLACEMENT_3D('',#4692,#3632,#3633);
#3120=AXIS2_PLACEMENT_3D('',#4695,#3636,#3637);
#3121=AXIS2_PLACEMENT_3D('',#4697,#3638,#3639);
#3122=AXIS2_PLACEMENT_3D('',#4700,#3641,#3642);
#3123=AXIS2_PLACEMENT_3D('',#4701,#3643,#3644);
#3124=AXIS2_PLACEMENT_3D('',#4703,#3645,#3646);
#3125=AXIS2_PLACEMENT_3D('',#4706,#3648,#3649);
#3126=AXIS2_PLACEMENT_3D('',#4707,#3650,#3651);
#3127=AXIS2_PLACEMENT_3D('',#4709,#3652,#3653);
#3128=AXIS2_PLACEMENT_3D('',#4712,#3655,#3656);
#3129=AXIS2_PLACEMENT_3D('',#4713,#3657,#3658);
#3130=AXIS2_PLACEMENT_3D('',#4715,#3659,#3660);
#3131=AXIS2_PLACEMENT_3D('',#4718,#3662,#3663);
#3132=AXIS2_PLACEMENT_3D('',#4719,#3664,#3665);
#3133=AXIS2_PLACEMENT_3D('',#4728,#3670,#3671);
#3134=AXIS2_PLACEMENT_3D('',#4734,#3675,#3676);
#3135=AXIS2_PLACEMENT_3D('',#4740,#3680,#3681);
#3136=AXIS2_PLACEMENT_3D('',#4743,#3684,#3685);
#3137=AXIS2_PLACEMENT_3D('',#4752,#3690,#3691);
#3138=AXIS2_PLACEMENT_3D('',#4761,#3696,#3697);
#3139=AXIS2_PLACEMENT_3D('',#4763,#3698,#3699);
#3140=AXIS2_PLACEMENT_3D('',#4765,#3700,#3701);
#3141=AXIS2_PLACEMENT_3D('',#4767,#3703,#3704);
#3142=AXIS2_PLACEMENT_3D('',#4773,#3708,#3709);
#3143=AXIS2_PLACEMENT_3D('',#4779,#3713,#3714);
#3144=AXIS2_PLACEMENT_3D('',#4785,#3718,#3719);
#3145=AXIS2_PLACEMENT_3D('',#4787,#3720,#3721);
#3146=AXIS2_PLACEMENT_3D('',#4789,#3722,#3723);
#3147=AXIS2_PLACEMENT_3D('',#4791,#3725,#3726);
#3148=AXIS2_PLACEMENT_3D('',#4794,#3729,#3730);
#3149=AXIS2_PLACEMENT_3D('',#4800,#3734,#3735);
#3150=AXIS2_PLACEMENT_3D('',#4803,#3738,#3739);
#3151=AXIS2_PLACEMENT_3D('',#4806,#3742,#3743);
#3152=AXIS2_PLACEMENT_3D('',#4815,#3748,#3749);
#3153=AXIS2_PLACEMENT_3D('',#4817,#3750,#3751);
#3154=AXIS2_PLACEMENT_3D('',#4819,#3752,#3753);
#3155=AXIS2_PLACEMENT_3D('',#4821,#3755,#3756);
#3156=AXIS2_PLACEMENT_3D('',#4827,#3760,#3761);
#3157=AXIS2_PLACEMENT_3D('',#4829,#3762,#3763);
#3158=AXIS2_PLACEMENT_3D('',#4832,#3765,#3766);
#3159=AXIS2_PLACEMENT_3D('',#4833,#3767,#3768);
#3160=AXIS2_PLACEMENT_3D('',#4835,#3769,#3770);
#3161=AXIS2_PLACEMENT_3D('',#4839,#3772,#3773);
#3162=AXIS2_PLACEMENT_3D('',#4843,#3775,#3776);
#3163=AXIS2_PLACEMENT_3D('',#4847,#3778,#3779);
#3164=AXIS2_PLACEMENT_3D('',#4850,#3781,#3782);
#3165=AXIS2_PLACEMENT_3D('',#4852,#3783,#3784);
#3166=AXIS2_PLACEMENT_3D('',#4879,#3787,#3788);
#3167=AXIS2_PLACEMENT_3D('',#4883,#3791,#3792);
#3168=AXIS2_PLACEMENT_3D('',#4909,#3795,#3796);
#3169=AXIS2_PLACEMENT_3D('',#4937,#3801,#3802);
#3170=AXIS2_PLACEMENT_3D('',#4961,#3805,#3806);
#3171=AXIS2_PLACEMENT_3D('',#4964,#3807,#3808);
#3172=AXIS2_PLACEMENT_3D('',#4968,#3810,#3811);
#3173=AXIS2_PLACEMENT_3D('',#4974,#3814,#3815);
#3174=AXIS2_PLACEMENT_3D('',#4977,#3817,#3818);
#3175=AXIS2_PLACEMENT_3D('',#4978,#3819,#3820);
#3176=AXIS2_PLACEMENT_3D('',#4981,#3821,#3822);
#3177=AXIS2_PLACEMENT_3D('',#4984,#3825,#3826);
#3178=AXIS2_PLACEMENT_3D('',#4987,#3829,#3830);
#3179=AXIS2_PLACEMENT_3D('',#4990,#3831,#3832);
#3180=AXIS2_PLACEMENT_3D('',#4993,#3835,#3836);
#3181=AXIS2_PLACEMENT_3D('',#4999,#3840,#3841);
#3182=AXIS2_PLACEMENT_3D('',#5005,#3844,#3845);
#3183=AXIS2_PLACEMENT_3D('',#5013,#3849,#3850);
#3184=AXIS2_PLACEMENT_3D('',#5016,#3852,#3853);
#3185=AXIS2_PLACEMENT_3D('',#5018,#3854,#3855);
#3186=AXIS2_PLACEMENT_3D('',#5020,#3856,#3857);
#3187=AXIS2_PLACEMENT_3D('',#5022,#3858,#3859);
#3188=AXIS2_PLACEMENT_3D('',#5031,#3864,#3865);
#3189=AXIS2_PLACEMENT_3D('',#5034,#3867,#3868);
#3190=AXIS2_PLACEMENT_3D('',#5035,#3869,#3870);
#3191=AXIS2_PLACEMENT_3D('',#5038,#3872,#3873);
#3192=AXIS2_PLACEMENT_3D('',#5039,#3874,#3875);
#3193=AXIS2_PLACEMENT_3D('',#5042,#3877,#3878);
#3194=AXIS2_PLACEMENT_3D('',#5043,#3879,#3880);
#3195=AXIS2_PLACEMENT_3D('',#5046,#3882,#3883);
#3196=AXIS2_PLACEMENT_3D('',#5047,#3884,#3885);
#3197=AXIS2_PLACEMENT_3D('',#5053,#3889,#3890);
#3198=AXIS2_PLACEMENT_3D('',#5057,#3893,#3894);
#3199=AXIS2_PLACEMENT_3D('',#5061,#3897,#3898);
#3200=AXIS2_PLACEMENT_3D('',#5063,#3900,#3901);
#3201=AXIS2_PLACEMENT_3D('',#5067,#3904,#3905);
#3202=AXIS2_PLACEMENT_3D('',#5069,#3906,#3907);
#3203=AXIS2_PLACEMENT_3D('',#5071,#3909,#3910);
#3204=AXIS2_PLACEMENT_3D('',#5075,#3913,#3914);
#3205=AXIS2_PLACEMENT_3D('',#5079,#3917,#3918);
#3206=AXIS2_PLACEMENT_3D('',#5083,#3921,#3922);
#3207=AXIS2_PLACEMENT_3D('',#5085,#3923,#3924);
#3208=AXIS2_PLACEMENT_3D('',#5087,#3926,#3927);
#3209=AXIS2_PLACEMENT_3D('',#5091,#3930,#3931);
#3210=AXIS2_PLACEMENT_3D('',#5093,#3933,#3934);
#3211=AXIS2_PLACEMENT_3D('',#5094,#3935,#3936);
#3212=AXIS2_PLACEMENT_3D('',#5098,#3938,#3939);
#3213=AXIS2_PLACEMENT_3D('',#5101,#3941,#3942);
#3214=AXIS2_PLACEMENT_3D('',#5102,#3943,#3944);
#3215=AXIS2_PLACEMENT_3D('',#5106,#3946,#3947);
#3216=AXIS2_PLACEMENT_3D('',#5109,#3949,#3950);
#3217=AXIS2_PLACEMENT_3D('',#5110,#3951,#3952);
#3218=AXIS2_PLACEMENT_3D('',#5112,#3953,#3954);
#3219=AXIS2_PLACEMENT_3D('',#5114,#3955,#3956);
#3220=AXIS2_PLACEMENT_3D('',#5115,#3957,#3958);
#3221=AXIS2_PLACEMENT_3D('',#5117,#3959,#3960);
#3222=AXIS2_PLACEMENT_3D('',#5119,#3962,#3963);
#3223=AXIS2_PLACEMENT_3D('',#5121,#3964,#3965);
#3224=AXIS2_PLACEMENT_3D('',#5122,#3966,#3967);
#3225=AXIS2_PLACEMENT_3D('',#5125,#3968,#3969);
#3226=AXIS2_PLACEMENT_3D('',#5127,#3970,#3971);
#3227=AXIS2_PLACEMENT_3D('',#5131,#3973,#3974);
#3228=AXIS2_PLACEMENT_3D('',#5135,#3976,#3977);
#3229=AXIS2_PLACEMENT_3D('',#5137,#3978,#3979);
#3230=AXIS2_PLACEMENT_3D('',#5141,#3981,#3982);
#3231=AXIS2_PLACEMENT_3D('',#5147,#3985,#3986);
#3232=AXIS2_PLACEMENT_3D('',#5153,#3989,#3990);
#3233=AXIS2_PLACEMENT_3D('',#5155,#3991,#3992);
#3234=AXIS2_PLACEMENT_3D('',#5161,#3995,#3996);
#3235=AXIS2_PLACEMENT_3D('',#5163,#3997,#3998);
#3236=AXIS2_PLACEMENT_3D('',#5167,#4001,#4002);
#3237=AXIS2_PLACEMENT_3D('',#5169,#4003,#4004);
#3238=AXIS2_PLACEMENT_3D('',#5171,#4005,#4006);
#3239=AXIS2_PLACEMENT_3D('',#5172,#4007,#4008);
#3240=AXIS2_PLACEMENT_3D('',#5174,#4009,#4010);
#3241=AXIS2_PLACEMENT_3D('',#5176,#4012,#4013);
#3242=AXIS2_PLACEMENT_3D('',#5178,#4014,#4015);
#3243=AXIS2_PLACEMENT_3D('',#5179,#4016,#4017);
#3244=AXIS2_PLACEMENT_3D('',#5181,#4018,#4019);
#3245=AXIS2_PLACEMENT_3D('',#5183,#4020,#4021);
#3246=AXIS2_PLACEMENT_3D('',#5184,#4022,#4023);
#3247=AXIS2_PLACEMENT_3D('',#5186,#4024,#4025);
#3248=AXIS2_PLACEMENT_3D('',#5188,#4027,#4028);
#3249=AXIS2_PLACEMENT_3D('',#5190,#4029,#4030);
#3250=AXIS2_PLACEMENT_3D('',#5191,#4031,#4032);
#3251=AXIS2_PLACEMENT_3D('',#5194,#4035,#4036);
#3252=AXIS2_PLACEMENT_3D('',#5196,#4038,#4039);
#3253=AXIS2_PLACEMENT_3D('',#5198,#4041,#4042);
#3254=AXIS2_PLACEMENT_3D('',#5201,#4045,#4046);
#3255=AXIS2_PLACEMENT_3D('',#5204,#4049,#4050);
#3256=AXIS2_PLACEMENT_3D('',#5206,#4052,#4053);
#3257=AXIS2_PLACEMENT_3D('',#5208,#4055,#4056);
#3258=AXIS2_PLACEMENT_3D('',#5211,#4059,#4060);
#3259=AXIS2_PLACEMENT_3D('',#5213,#4062,#4063);
#3260=AXIS2_PLACEMENT_3D('',#5215,#4065,#4066);
#3261=AXIS2_PLACEMENT_3D('',#5217,#4068,#4069);
#3262=AXIS2_PLACEMENT_3D('',#5219,#4071,#4072);
#3263=AXIS2_PLACEMENT_3D('',#5221,#4074,#4075);
#3264=AXIS2_PLACEMENT_3D('',#5223,#4077,#4078);
#3265=AXIS2_PLACEMENT_3D('',#5224,#4079,#4080);
#3266=AXIS2_PLACEMENT_3D('',#5226,#4082,#4083);
#3267=AXIS2_PLACEMENT_3D('',#5228,#4085,#4086);
#3268=AXIS2_PLACEMENT_3D('',#5231,#4089,#4090);
#3269=AXIS2_PLACEMENT_3D('',#5234,#4093,#4094);
#3270=AXIS2_PLACEMENT_3D('',#5235,#4095,#4096);
#3271=AXIS2_PLACEMENT_3D('',#5237,#4098,#4099);
#3272=AXIS2_PLACEMENT_3D('',#5238,#4100,#4101);
#3273=AXIS2_PLACEMENT_3D('',#5241,#4103,#4104);
#3274=AXIS2_PLACEMENT_3D('',#5242,#4105,#4106);
#3275=AXIS2_PLACEMENT_3D('',#5245,#4108,#4109);
#3276=AXIS2_PLACEMENT_3D('',#5248,#4111,#4112);
#3277=AXIS2_PLACEMENT_3D('',#5249,#4113,#4114);
#3278=DIRECTION('axis',(0.,0.,1.));
#3279=DIRECTION('refdir',(1.,0.,0.));
#3280=DIRECTION('center_axis',(0.,0.,-1.));
#3281=DIRECTION('ref_axis',(1.,0.,0.));
#3282=DIRECTION('center_axis',(0.,0.,-1.));
#3283=DIRECTION('ref_axis',(1.,0.,0.));
#3284=DIRECTION('center_axis',(0.,0.,-1.));
#3285=DIRECTION('ref_axis',(1.,0.,0.));
#3286=DIRECTION('center_axis',(0.,0.,-1.));
#3287=DIRECTION('ref_axis',(1.,0.,0.));
#3288=DIRECTION('center_axis',(0.,0.,-1.));
#3289=DIRECTION('ref_axis',(1.,0.,0.));
#3290=DIRECTION('',(0.,0.,-1.));
#3291=DIRECTION('center_axis',(0.,0.,-1.));
#3292=DIRECTION('ref_axis',(1.,0.,0.));
#3293=DIRECTION('center_axis',(0.,0.,-1.));
#3294=DIRECTION('ref_axis',(1.,0.,0.));
#3295=DIRECTION('center_axis',(0.,0.,-1.));
#3296=DIRECTION('ref_axis',(1.,0.,0.));
#3297=DIRECTION('center_axis',(0.,0.,-1.));
#3298=DIRECTION('ref_axis',(1.,0.,0.));
#3299=DIRECTION('center_axis',(0.,0.,-1.));
#3300=DIRECTION('ref_axis',(1.,0.,0.));
#3301=DIRECTION('',(0.,0.,-1.));
#3302=DIRECTION('center_axis',(0.363185354751153,0.93171690877341,0.));
#3303=DIRECTION('ref_axis',(0.,0.,1.));
#3304=DIRECTION('center_axis',(-0.363185354751153,-0.93171690877341,0.));
#3305=DIRECTION('ref_axis',(0.,0.,1.));
#3306=DIRECTION('',(-0.187054285946559,-0.479869683055804,0.857167300702112));
#3307=DIRECTION('center_axis',(-0.363185354751153,-0.93171690877341,0.));
#3308=DIRECTION('ref_axis',(0.,0.,1.));
#3309=DIRECTION('center_axis',(-0.363185354751153,-0.93171690877341,0.));
#3310=DIRECTION('ref_axis',(0.,0.,1.));
#3311=DIRECTION('center_axis',(-0.363185354751153,-0.93171690877341,0.));
#3312=DIRECTION('ref_axis',(0.,0.,1.));
#3313=DIRECTION('center_axis',(-0.363185354751153,-0.93171690877341,0.));
#3314=DIRECTION('ref_axis',(0.,0.,1.));
#3315=DIRECTION('center_axis',(-0.363185354751153,-0.93171690877341,0.));
#3316=DIRECTION('ref_axis',(0.,0.,1.));
#3317=DIRECTION('',(-0.363185354751153,-0.93171690877341,0.));
#3318=DIRECTION('center_axis',(-0.363185354751153,-0.93171690877341,0.));
#3319=DIRECTION('ref_axis',(0.,0.,1.));
#3320=DIRECTION('',(-0.363185354751153,-0.93171690877341,0.));
#3321=DIRECTION('center_axis',(0.363185354751153,0.93171690877341,0.));
#3322=DIRECTION('ref_axis',(0.,0.,1.));
#3323=DIRECTION('center_axis',(-0.363185354751153,-0.93171690877341,0.));
#3324=DIRECTION('ref_axis',(0.,0.,1.));
#3325=DIRECTION('',(-0.187054285946559,-0.479869683055804,0.857167300702112));
#3326=DIRECTION('center_axis',(-0.363185354751153,-0.93171690877341,0.));
#3327=DIRECTION('ref_axis',(0.,0.,1.));
#3328=DIRECTION('center_axis',(-0.363185354751153,-0.93171690877341,0.));
#3329=DIRECTION('ref_axis',(0.,0.,1.));
#3330=DIRECTION('center_axis',(-0.363185354751153,-0.93171690877341,0.));
#3331=DIRECTION('ref_axis',(0.,0.,1.));
#3332=DIRECTION('center_axis',(-0.363185354751153,-0.93171690877341,0.));
#3333=DIRECTION('ref_axis',(0.,0.,1.));
#3334=DIRECTION('center_axis',(-0.363185354751153,-0.93171690877341,0.));
#3335=DIRECTION('ref_axis',(0.,0.,1.));
#3336=DIRECTION('',(-0.363185354751153,-0.93171690877341,0.));
#3337=DIRECTION('center_axis',(-0.363185354751153,-0.93171690877341,0.));
#3338=DIRECTION('ref_axis',(0.,0.,1.));
#3339=DIRECTION('',(-0.363185354751153,-0.93171690877341,0.));
#3340=DIRECTION('center_axis',(0.363185354751153,-0.93171690877341,0.));
#3341=DIRECTION('ref_axis',(0.,0.,-1.));
#3342=DIRECTION('center_axis',(-0.363185354751153,0.93171690877341,0.));
#3343=DIRECTION('ref_axis',(0.,0.,-1.));
#3344=DIRECTION('',(-0.187054285946559,0.479869683055804,-0.857167300702112));
#3345=DIRECTION('center_axis',(-0.363185354751153,0.93171690877341,0.));
#3346=DIRECTION('ref_axis',(0.,0.,-1.));
#3347=DIRECTION('center_axis',(-0.363185354751153,0.93171690877341,0.));
#3348=DIRECTION('ref_axis',(0.,0.,-1.));
#3349=DIRECTION('center_axis',(-0.363185354751153,0.93171690877341,0.));
#3350=DIRECTION('ref_axis',(0.,0.,-1.));
#3351=DIRECTION('center_axis',(-0.363185354751153,0.93171690877341,0.));
#3352=DIRECTION('ref_axis',(0.,0.,-1.));
#3353=DIRECTION('center_axis',(-0.363185354751153,0.93171690877341,0.));
#3354=DIRECTION('ref_axis',(0.,0.,-1.));
#3355=DIRECTION('',(-0.363185354751153,0.93171690877341,0.));
#3356=DIRECTION('center_axis',(-0.363185354751153,0.93171690877341,0.));
#3357=DIRECTION('ref_axis',(0.,0.,-1.));
#3358=DIRECTION('',(-0.363185354751153,0.93171690877341,0.));
#3359=DIRECTION('center_axis',(0.363185354751153,-0.93171690877341,0.));
#3360=DIRECTION('ref_axis',(0.,0.,-1.));
#3361=DIRECTION('center_axis',(-0.363185354751153,0.93171690877341,0.));
#3362=DIRECTION('ref_axis',(0.,0.,-1.));
#3363=DIRECTION('',(-0.187054285946559,0.479869683055804,-0.857167300702112));
#3364=DIRECTION('center_axis',(-0.363185354751153,0.93171690877341,0.));
#3365=DIRECTION('ref_axis',(0.,0.,-1.));
#3366=DIRECTION('center_axis',(-0.363185354751153,0.93171690877341,0.));
#3367=DIRECTION('ref_axis',(0.,0.,-1.));
#3368=DIRECTION('center_axis',(-0.363185354751153,0.93171690877341,0.));
#3369=DIRECTION('ref_axis',(0.,0.,-1.));
#3370=DIRECTION('center_axis',(-0.363185354751153,0.93171690877341,0.));
#3371=DIRECTION('ref_axis',(0.,0.,-1.));
#3372=DIRECTION('center_axis',(-0.363185354751153,0.93171690877341,0.));
#3373=DIRECTION('ref_axis',(0.,0.,-1.));
#3374=DIRECTION('',(-0.363185354751153,0.93171690877341,0.));
#3375=DIRECTION('center_axis',(-0.363185354751153,0.93171690877341,0.));
#3376=DIRECTION('ref_axis',(0.,0.,-1.));
#3377=DIRECTION('',(-0.363185354751153,0.93171690877341,0.));
#3378=DIRECTION('center_axis',(1.,0.,0.));
#3379=DIRECTION('ref_axis',(0.,1.,0.));
#3380=DIRECTION('',(1.,0.,0.));
#3381=DIRECTION('center_axis',(1.,0.,0.));
#3382=DIRECTION('ref_axis',(0.,1.,0.));
#3383=DIRECTION('',(1.,0.,0.));
#3384=DIRECTION('center_axis',(0.,0.,-1.));
#3385=DIRECTION('ref_axis',(-1.,0.,0.));
#3386=DIRECTION('center_axis',(0.,0.,1.));
#3387=DIRECTION('ref_axis',(-1.,0.,0.));
#3388=DIRECTION('',(-0.857167300702112,-1.04972719113862E-16,0.515038074910054));
#3389=DIRECTION('center_axis',(0.,0.,1.));
#3390=DIRECTION('ref_axis',(-1.,0.,0.));
#3391=DIRECTION('center_axis',(0.,0.,1.));
#3392=DIRECTION('ref_axis',(-1.,0.,0.));
#3393=DIRECTION('center_axis',(0.,0.,1.));
#3394=DIRECTION('ref_axis',(-1.,0.,0.));
#3395=DIRECTION('center_axis',(0.,0.,1.));
#3396=DIRECTION('ref_axis',(-1.,0.,0.));
#3397=DIRECTION('center_axis',(0.,0.,1.));
#3398=DIRECTION('ref_axis',(-1.,0.,0.));
#3399=DIRECTION('',(0.,0.,1.));
#3400=DIRECTION('center_axis',(0.,0.,1.));
#3401=DIRECTION('ref_axis',(-1.,0.,0.));
#3402=DIRECTION('',(0.,0.,1.));
#3403=DIRECTION('center_axis',(0.,0.,-1.));
#3404=DIRECTION('ref_axis',(-1.,0.,0.));
#3405=DIRECTION('center_axis',(0.,0.,1.));
#3406=DIRECTION('ref_axis',(-1.,0.,0.));
#3407=DIRECTION('',(-0.857167300702112,-1.04972719113862E-16,0.515038074910054));
#3408=DIRECTION('center_axis',(0.,0.,1.));
#3409=DIRECTION('ref_axis',(-1.,0.,0.));
#3410=DIRECTION('center_axis',(0.,0.,1.));
#3411=DIRECTION('ref_axis',(-1.,0.,0.));
#3412=DIRECTION('center_axis',(0.,0.,1.));
#3413=DIRECTION('ref_axis',(-1.,0.,0.));
#3414=DIRECTION('center_axis',(0.,0.,1.));
#3415=DIRECTION('ref_axis',(-1.,0.,0.));
#3416=DIRECTION('center_axis',(0.,0.,1.));
#3417=DIRECTION('ref_axis',(-1.,0.,0.));
#3418=DIRECTION('',(0.,0.,1.));
#3419=DIRECTION('center_axis',(0.,0.,1.));
#3420=DIRECTION('ref_axis',(-1.,0.,0.));
#3421=DIRECTION('',(0.,0.,1.));
#3422=DIRECTION('center_axis',(0.,0.,-1.));
#3423=DIRECTION('ref_axis',(-1.,0.,0.));
#3424=DIRECTION('center_axis',(0.,0.,1.));
#3425=DIRECTION('ref_axis',(-1.,0.,0.));
#3426=DIRECTION('',(-0.857167300702112,-1.04972719113862E-16,0.515038074910054));
#3427=DIRECTION('center_axis',(0.,0.,1.));
#3428=DIRECTION('ref_axis',(-1.,0.,0.));
#3429=DIRECTION('center_axis',(0.,0.,1.));
#3430=DIRECTION('ref_axis',(-1.,0.,0.));
#3431=DIRECTION('center_axis',(0.,0.,1.));
#3432=DIRECTION('ref_axis',(-1.,0.,0.));
#3433=DIRECTION('center_axis',(0.,0.,1.));
#3434=DIRECTION('ref_axis',(-1.,0.,0.));
#3435=DIRECTION('center_axis',(0.,0.,1.));
#3436=DIRECTION('ref_axis',(-1.,0.,0.));
#3437=DIRECTION('',(0.,0.,1.));
#3438=DIRECTION('center_axis',(0.,0.,1.));
#3439=DIRECTION('ref_axis',(-1.,0.,0.));
#3440=DIRECTION('',(0.,0.,1.));
#3441=DIRECTION('center_axis',(0.,0.,-1.));
#3442=DIRECTION('ref_axis',(-1.,0.,0.));
#3443=DIRECTION('center_axis',(0.,0.,1.));
#3444=DIRECTION('ref_axis',(-1.,0.,0.));
#3445=DIRECTION('',(-0.857167300702112,-1.04972719113862E-16,0.515038074910054));
#3446=DIRECTION('center_axis',(0.,0.,1.));
#3447=DIRECTION('ref_axis',(-1.,0.,0.));
#3448=DIRECTION('center_axis',(0.,0.,1.));
#3449=DIRECTION('ref_axis',(-1.,0.,0.));
#3450=DIRECTION('center_axis',(0.,0.,1.));
#3451=DIRECTION('ref_axis',(-1.,0.,0.));
#3452=DIRECTION('center_axis',(0.,0.,1.));
#3453=DIRECTION('ref_axis',(-1.,0.,0.));
#3454=DIRECTION('center_axis',(0.,0.,1.));
#3455=DIRECTION('ref_axis',(-1.,0.,0.));
#3456=DIRECTION('',(0.,0.,1.));
#3457=DIRECTION('center_axis',(0.,0.,1.));
#3458=DIRECTION('ref_axis',(-1.,0.,0.));
#3459=DIRECTION('',(0.,0.,1.));
#3460=DIRECTION('center_axis',(0.,0.,-1.));
#3461=DIRECTION('ref_axis',(-1.,0.,0.));
#3462=DIRECTION('center_axis',(0.,0.,1.));
#3463=DIRECTION('ref_axis',(-1.,0.,0.));
#3464=DIRECTION('',(-0.857167300702112,-1.04972719113862E-16,0.515038074910054));
#3465=DIRECTION('center_axis',(0.,0.,1.));
#3466=DIRECTION('ref_axis',(-1.,0.,0.));
#3467=DIRECTION('center_axis',(0.,0.,1.));
#3468=DIRECTION('ref_axis',(-1.,0.,0.));
#3469=DIRECTION('center_axis',(0.,0.,1.));
#3470=DIRECTION('ref_axis',(-1.,0.,0.));
#3471=DIRECTION('center_axis',(0.,0.,1.));
#3472=DIRECTION('ref_axis',(-1.,0.,0.));
#3473=DIRECTION('center_axis',(0.,0.,1.));
#3474=DIRECTION('ref_axis',(-1.,0.,0.));
#3475=DIRECTION('',(0.,0.,1.));
#3476=DIRECTION('center_axis',(0.,0.,1.));
#3477=DIRECTION('ref_axis',(-1.,0.,0.));
#3478=DIRECTION('',(0.,0.,1.));
#3479=DIRECTION('center_axis',(0.,0.,-1.));
#3480=DIRECTION('ref_axis',(-1.,0.,0.));
#3481=DIRECTION('center_axis',(0.,0.,1.));
#3482=DIRECTION('ref_axis',(-1.,0.,0.));
#3483=DIRECTION('',(-0.857167300702112,-1.04972719113862E-16,0.515038074910054));
#3484=DIRECTION('center_axis',(0.,0.,1.));
#3485=DIRECTION('ref_axis',(-1.,0.,0.));
#3486=DIRECTION('center_axis',(0.,0.,1.));
#3487=DIRECTION('ref_axis',(-1.,0.,0.));
#3488=DIRECTION('center_axis',(0.,0.,1.));
#3489=DIRECTION('ref_axis',(-1.,0.,0.));
#3490=DIRECTION('center_axis',(0.,0.,1.));
#3491=DIRECTION('ref_axis',(-1.,0.,0.));
#3492=DIRECTION('center_axis',(0.,0.,1.));
#3493=DIRECTION('ref_axis',(-1.,0.,0.));
#3494=DIRECTION('',(0.,0.,1.));
#3495=DIRECTION('center_axis',(0.,0.,1.));
#3496=DIRECTION('ref_axis',(-1.,0.,0.));
#3497=DIRECTION('',(0.,0.,1.));
#3498=DIRECTION('center_axis',(6.20356264873789E-15,-7.58199071209853E-15,
-1.));
#3499=DIRECTION('ref_axis',(1.,-1.22464679914735E-16,6.20356264873789E-15));
#3500=DIRECTION('center_axis',(-6.20356264873789E-15,7.58199071209853E-15,
1.));
#3501=DIRECTION('ref_axis',(-1.,0.,0.));
#3502=DIRECTION('',(-0.683273773680803,-0.730162276620749,1.29735193839482E-15));
#3503=DIRECTION('',(-0.973539302622231,-0.228519640840388,-4.3067782604417E-15));
#3504=DIRECTION('center_axis',(6.20356264873789E-15,-7.58199071209853E-15,
-1.));
#3505=DIRECTION('ref_axis',(-0.683273773680805,-0.730162276620746,2.3662134342785E-16));
#3506=DIRECTION('',(-0.973539302622231,-0.228519640840388,-4.3067782604417E-15));
#3507=DIRECTION('',(-0.730162276620743,0.683273773680809,-9.71018283263027E-15));
#3508=DIRECTION('',(0.163496986386654,0.986543833512978,-6.46570238484402E-15));
#3509=DIRECTION('center_axis',(6.20356264873789E-15,-7.58199071209853E-15,
-1.));
#3510=DIRECTION('ref_axis',(-0.730162276620746,0.683273773680805,-7.13286021309101E-15));
#3511=DIRECTION('',(0.163496986386654,0.986543833512978,-6.46570238484402E-15));
#3512=DIRECTION('',(0.683273773680814,0.730162276620738,-1.29735193839467E-15));
#3513=DIRECTION('center_axis',(-6.20356264873789E-15,7.58199071209853E-15,
1.));
#3514=DIRECTION('ref_axis',(1.,2.29345335386251E-8,5.04646817801231E-15));
#3515=DIRECTION('center_axis',(-6.20356264873789E-15,7.58199071209853E-15,
1.));
#3516=DIRECTION('ref_axis',(1.,2.29345335386251E-8,5.04646817801231E-15));
#3517=DIRECTION('center_axis',(-6.20356264873789E-15,7.58199071209853E-15,
1.));
#3518=DIRECTION('ref_axis',(1.,2.29345335386251E-8,5.0464681780123E-15));
#3519=DIRECTION('center_axis',(-6.20356264873789E-15,7.58199071209853E-15,
1.));
#3520=DIRECTION('ref_axis',(1.,2.29345335386251E-8,5.0464681780123E-15));
#3521=DIRECTION('',(0.683273773680802,0.730162276620749,-1.29735193839483E-15));
#3522=DIRECTION('',(-0.730162276620748,0.683273773680804,-9.71018283263026E-15));
#3523=DIRECTION('',(-0.683273773680804,-0.730162276620748,1.29735193839481E-15));
#3524=DIRECTION('',(0.730162276620747,-0.683273773680804,9.71018283263026E-15));
#3525=DIRECTION('center_axis',(0.730162276620749,-0.683273773680803,8.74603842608483E-15));
#3526=DIRECTION('ref_axis',(-0.683273773680803,-0.730162276620749,1.29735193839482E-15));
#3527=DIRECTION('',(0.,0.,-1.));
#3528=DIRECTION('',(0.683273773680803,0.730162276620749,-1.29735193839482E-15));
#3529=DIRECTION('',(5.32907051820075E-15,-7.105427357601E-15,-1.));
#3530=DIRECTION('center_axis',(5.32907051820075E-15,-7.105427357601E-15,
-1.));
#3531=DIRECTION('ref_axis',(1.,2.29345335386251E-8,5.32907035524109E-15));
#3532=DIRECTION('',(-5.32907051820075E-15,7.105427357601E-15,1.));
#3533=DIRECTION('center_axis',(6.20356264873789E-15,-7.58199071209853E-15,
-1.));
#3534=DIRECTION('ref_axis',(1.,2.29345335386251E-8,5.04646817801231E-15));
#3535=DIRECTION('center_axis',(5.32907051820075E-15,-7.105427357601E-15,
-1.));
#3536=DIRECTION('ref_axis',(1.,2.29345335386251E-8,5.32907035524109E-15));
#3537=DIRECTION('',(-5.32907051820075E-15,7.105427357601E-15,1.));
#3538=DIRECTION('center_axis',(6.20356264873789E-15,-7.58199071209853E-15,
-1.));
#3539=DIRECTION('ref_axis',(1.,2.29345335386251E-8,5.04646817801231E-15));
#3540=DIRECTION('center_axis',(5.32907051820075E-15,-7.105427357601E-15,
-1.));
#3541=DIRECTION('ref_axis',(1.,2.29345335386251E-8,5.32907035524109E-15));
#3542=DIRECTION('',(-5.32907051820075E-15,7.105427357601E-15,1.));
#3543=DIRECTION('center_axis',(6.20356264873789E-15,-7.58199071209853E-15,
-1.));
#3544=DIRECTION('ref_axis',(1.,2.29345335386251E-8,5.0464681780123E-15));
#3545=DIRECTION('center_axis',(5.32907051820075E-15,-7.105427357601E-15,
-1.));
#3546=DIRECTION('ref_axis',(1.,2.29345335386251E-8,5.32907035524109E-15));
#3547=DIRECTION('',(-5.32907051820075E-15,7.105427357601E-15,1.));
#3548=DIRECTION('center_axis',(6.20356264873789E-15,-7.58199071209853E-15,
-1.));
#3549=DIRECTION('ref_axis',(1.,2.29345335386251E-8,5.0464681780123E-15));
#3550=DIRECTION('center_axis',(0.683273773680804,0.730162276620747,-1.54690089260714E-15));
#3551=DIRECTION('ref_axis',(0.730162276620747,-0.683273773680804,9.71018283263026E-15));
#3552=DIRECTION('',(-0.730162276620747,0.683273773680804,-9.71018283263026E-15));
#3553=DIRECTION('',(5.32907051820075E-15,-7.105427357601E-15,-1.));
#3554=DIRECTION('',(5.32907051820075E-15,-7.105427357601E-15,-1.));
#3555=DIRECTION('center_axis',(0.730162276620748,-0.683273773680804,8.74603842608483E-15));
#3556=DIRECTION('ref_axis',(-0.683273773680804,-0.730162276620748,1.29735193839481E-15));
#3557=DIRECTION('',(0.683273773680804,0.730162276620748,-1.29735193839481E-15));
#3558=DIRECTION('',(5.32907051820075E-15,-7.105427357601E-15,-1.));
#3559=DIRECTION('center_axis',(-0.683273773680804,-0.730162276620748,1.54690089260715E-15));
#3560=DIRECTION('ref_axis',(-0.730162276620748,0.683273773680804,-9.71018283263026E-15));
#3561=DIRECTION('',(0.730162276620748,-0.683273773680804,9.71018283263026E-15));
#3562=DIRECTION('',(5.32907051820075E-15,-7.105427357601E-15,-1.));
#3563=DIRECTION('center_axis',(-0.730162276620749,0.683273773680802,-8.74603842608483E-15));
#3564=DIRECTION('ref_axis',(0.683273773680802,0.730162276620749,-1.29735193839483E-15));
#3565=DIRECTION('',(-0.683273773680802,-0.730162276620749,1.29735193839483E-15));
#3566=DIRECTION('center_axis',(-0.730162276620738,0.683273773680814,-8.74603842608485E-15));
#3567=DIRECTION('ref_axis',(0.683273773680814,0.730162276620738,-1.29735193839467E-15));
#3568=DIRECTION('',(0.,0.,1.));
#3569=DIRECTION('',(5.32907051820075E-15,-7.105427357601E-15,-1.));
#3570=DIRECTION('',(-0.683273773680814,-0.730162276620738,1.29735193839467E-15));
#3571=DIRECTION('center_axis',(-0.986543833512978,0.163496986386654,-6.41907761804381E-15));
#3572=DIRECTION('ref_axis',(0.163496986386654,0.986543833512978,-6.46570238484402E-15));
#3573=DIRECTION('',(-0.163496986386654,-0.986543833512978,6.46570238484402E-15));
#3574=DIRECTION('',(5.32907051820075E-15,-7.105427357601E-15,-1.));
#3575=DIRECTION('center_axis',(5.32907051820075E-15,-7.105427357601E-15,
-1.));
#3576=DIRECTION('ref_axis',(-0.730162276620746,0.683273773680805,-8.74603842608483E-15));
#3577=DIRECTION('center_axis',(-6.20356264873789E-15,7.58199071209853E-15,
1.));
#3578=DIRECTION('ref_axis',(-0.730162276620746,0.683273773680805,-7.13286021309101E-15));
#3579=DIRECTION('',(5.32907051820075E-15,-7.105427357601E-15,-1.));
#3580=DIRECTION('center_axis',(-0.986543833512978,0.163496986386654,-6.41907761804381E-15));
#3581=DIRECTION('ref_axis',(0.163496986386654,0.986543833512978,-6.46570238484402E-15));
#3582=DIRECTION('',(-0.163496986386654,-0.986543833512978,6.46570238484402E-15));
#3583=DIRECTION('',(5.32907051820075E-15,-7.105427357601E-15,-1.));
#3584=DIRECTION('center_axis',(-0.683273773680809,-0.730162276620743,1.54690089260709E-15));
#3585=DIRECTION('ref_axis',(-0.730162276620743,0.683273773680809,-9.71018283263027E-15));
#3586=DIRECTION('',(0.730162276620743,-0.683273773680809,9.71018283263027E-15));
#3587=DIRECTION('',(5.32907051820075E-15,-7.105427357601E-15,-1.));
#3588=DIRECTION('center_axis',(0.228519640840388,-0.973539302622231,8.13521007538414E-15));
#3589=DIRECTION('ref_axis',(-0.973539302622231,-0.228519640840388,-4.3067782604417E-15));
#3590=DIRECTION('',(0.973539302622231,0.228519640840388,4.3067782604417E-15));
#3591=DIRECTION('',(5.32907051820075E-15,-7.105427357601E-15,-1.));
#3592=DIRECTION('center_axis',(5.32907051820075E-15,-7.105427357601E-15,
-1.));
#3593=DIRECTION('ref_axis',(-0.683273773680805,-0.730162276620746,1.54690089260713E-15));
#3594=DIRECTION('center_axis',(-6.20356264873789E-15,7.58199071209853E-15,
1.));
#3595=DIRECTION('ref_axis',(-0.683273773680805,-0.730162276620746,2.3662134342785E-16));
#3596=DIRECTION('',(5.32907051820075E-15,-7.105427357601E-15,-1.));
#3597=DIRECTION('center_axis',(0.228519640840388,-0.973539302622231,8.13521007538414E-15));
#3598=DIRECTION('ref_axis',(-0.973539302622231,-0.228519640840388,-4.3067782604417E-15));
#3599=DIRECTION('',(0.973539302622231,0.228519640840388,4.3067782604417E-15));
#3600=DIRECTION('center_axis',(6.20356264873789E-15,-7.58199071209853E-15,
-1.));
#3601=DIRECTION('ref_axis',(1.,-1.22464679914735E-16,6.20356264873789E-15));
#3602=DIRECTION('center_axis',(6.20356264873789E-15,-7.58199071209853E-15,
-1.));
#3603=DIRECTION('ref_axis',(-1.,0.,0.));
#3604=DIRECTION('',(-0.576971022971013,0.780342135244273,-0.241185801021106));
#3605=DIRECTION('',(-1.,-5.99180286091616E-16,2.09174299880235E-18));
#3606=DIRECTION('',(-0.534729057743512,0.775686355587658,-0.335224570340352));
#3607=DIRECTION('center_axis',(-0.823325401829321,-0.567569628065656,0.));
#3608=DIRECTION('ref_axis',(0.,0.,1.));
#3609=DIRECTION('',(0.,0.,1.));
#3610=DIRECTION('',(6.41651003610676E-15,-9.30789006773342E-15,-1.));
#3611=DIRECTION('',(-0.517218228441496,0.750284872036503,-0.411774106715088));
#3612=DIRECTION('',(1.,5.99180286091616E-16,-2.09174299880235E-18));
#3613=DIRECTION('',(-0.56695525245274,0.76679599957857,-0.300974478563467));
#3614=DIRECTION('center_axis',(0.804079396265849,0.594521929369092,0.));
#3615=DIRECTION('ref_axis',(0.,0.,-1.));
#3616=DIRECTION('',(0.,0.,-1.));
#3617=DIRECTION('',(-2.5164069721114E-16,-9.30789006773343E-15,-1.));
#3618=DIRECTION('center_axis',(0.975095700378016,-0.221784524041481,0.));
#3619=DIRECTION('ref_axis',(0.,0.,-1.));
#3620=DIRECTION('',(0.,0.,1.));
#3621=DIRECTION('',(0.212350243499793,0.933617033495741,-0.288559541260017));
#3622=DIRECTION('',(-2.5164069721114E-16,-9.30789006773343E-15,-1.));
#3623=DIRECTION('',(0.207131899040071,0.910674110549442,-0.357447955337608));
#3624=DIRECTION('',(-0.0123266219975787,0.917876673737971,-0.396674257039511));
#3625=DIRECTION('',(-1.,-5.99180286091616E-16,2.09174299880235E-18));
#3626=DIRECTION('center_axis',(-0.999909836501381,-0.0134282861073467,0.));
#3627=DIRECTION('ref_axis',(0.,0.,1.));
#3628=DIRECTION('',(0.,0.,-1.));
#3629=DIRECTION('',(-0.0117721661533318,0.876590254299344,-0.481093485895901));
#3630=DIRECTION('',(-1.2500028134795E-16,9.30789006773342E-15,1.));
#3631=DIRECTION('',(1.,5.99180286091616E-16,-2.09174299880235E-18));
#3632=DIRECTION('center_axis',(5.99180286091605E-16,-1.,9.30789006773342E-15));
#3633=DIRECTION('ref_axis',(-1.,-5.99180286091616E-16,2.09174299880235E-18));
#3634=DIRECTION('',(-1.,-5.99180286091616E-16,2.09174299880235E-18));
#3635=DIRECTION('',(1.,5.99180286091616E-16,-2.09174299880235E-18));
#3636=DIRECTION('center_axis',(-2.5164069721114E-16,-9.30789006773343E-15,
-1.));
#3637=DIRECTION('ref_axis',(0.683273790426734,-0.730162260950183,6.62433056352291E-15));
#3638=DIRECTION('center_axis',(2.09174299879533E-18,1.02720344742789E-14,
1.));
#3639=DIRECTION('ref_axis',(0.683273790426734,-0.730162260950183,6.34172838629412E-15));
#3640=DIRECTION('',(2.5164069721114E-16,9.30789006773343E-15,1.));
#3641=DIRECTION('center_axis',(-2.09174299879533E-18,-1.02720344742789E-14,
-1.));
#3642=DIRECTION('ref_axis',(0.683273790426734,-0.730162260950183,6.34172838629412E-15));
#3643=DIRECTION('center_axis',(-2.5164069721114E-16,-9.30789006773343E-15,
-1.));
#3644=DIRECTION('ref_axis',(0.683273790426734,-0.730162260950183,6.62433056352291E-15));
#3645=DIRECTION('center_axis',(2.09174299879533E-18,1.02720344742789E-14,
1.));
#3646=DIRECTION('ref_axis',(0.683273790426734,-0.730162260950183,6.34172838629412E-15));
#3647=DIRECTION('',(2.5164069721114E-16,9.30789006773343E-15,1.));
#3648=DIRECTION('center_axis',(-2.09174299879533E-18,-1.02720344742789E-14,
-1.));
#3649=DIRECTION('ref_axis',(0.683273790426734,-0.730162260950183,6.34172838629412E-15));
#3650=DIRECTION('center_axis',(-2.5164069721114E-16,-9.30789006773343E-15,
-1.));
#3651=DIRECTION('ref_axis',(0.683273790426734,-0.730162260950183,6.62433056352291E-15));
#3652=DIRECTION('center_axis',(2.09174299879533E-18,1.02720344742789E-14,
1.));
#3653=DIRECTION('ref_axis',(0.683273790426734,-0.730162260950183,6.34172838629412E-15));
#3654=DIRECTION('',(2.5164069721114E-16,9.30789006773343E-15,1.));
#3655=DIRECTION('center_axis',(-2.09174299879533E-18,-1.02720344742789E-14,
-1.));
#3656=DIRECTION('ref_axis',(0.683273790426734,-0.730162260950183,6.34172838629412E-15));
#3657=DIRECTION('center_axis',(-2.5164069721114E-16,-9.30789006773343E-15,
-1.));
#3658=DIRECTION('ref_axis',(0.683273790426734,-0.730162260950183,6.62433056352291E-15));
#3659=DIRECTION('center_axis',(2.09174299879533E-18,1.02720344742789E-14,
1.));
#3660=DIRECTION('ref_axis',(0.683273790426734,-0.730162260950183,6.34172838629412E-15));
#3661=DIRECTION('',(2.5164069721114E-16,9.30789006773343E-15,1.));
#3662=DIRECTION('center_axis',(-2.09174299879533E-18,-1.02720344742789E-14,
-1.));
#3663=DIRECTION('ref_axis',(0.683273790426734,-0.730162260950183,6.34172838629412E-15));
#3664=DIRECTION('center_axis',(1.,-1.39922115823367E-15,-2.51640697211127E-16));
#3665=DIRECTION('ref_axis',(-1.39922115823368E-15,-1.,1.02720344742789E-14));
#3666=DIRECTION('',(1.39922115823368E-15,1.,-1.02720344742789E-14));
#3667=DIRECTION('',(-2.5164069721114E-16,-9.30789006773343E-15,-1.));
#3668=DIRECTION('',(-1.39922115823368E-15,-1.,1.02720344742789E-14));
#3669=DIRECTION('',(-2.5164069721114E-16,-9.30789006773343E-15,-1.));
#3670=DIRECTION('center_axis',(-4.55531587302294E-16,-1.,9.30789006773342E-15));
#3671=DIRECTION('ref_axis',(-1.,4.55531587302283E-16,2.09174299879072E-18));
#3672=DIRECTION('',(1.,-4.55531587302283E-16,-2.09174299879072E-18));
#3673=DIRECTION('',(-1.,4.55531587302283E-16,2.09174299879072E-18));
#3674=DIRECTION('',(-2.5164069721114E-16,-9.30789006773343E-15,-1.));
#3675=DIRECTION('center_axis',(-1.,7.33087343458572E-16,2.51640697211132E-16));
#3676=DIRECTION('ref_axis',(7.33087343458584E-16,1.,-1.02720344742789E-14));
#3677=DIRECTION('',(-7.33087343458584E-16,-1.,1.02720344742789E-14));
#3678=DIRECTION('',(7.33087343458584E-16,1.,-1.02720344742789E-14));
#3679=DIRECTION('',(-2.5164069721114E-16,-9.30789006773343E-15,-1.));
#3680=DIRECTION('center_axis',(-1.54286985702299E-15,1.,-9.30789006773342E-15));
#3681=DIRECTION('ref_axis',(1.,1.542869857023E-15,-2.09174299881162E-18));
#3682=DIRECTION('',(-1.,-1.542869857023E-15,2.09174299881162E-18));
#3683=DIRECTION('',(1.,1.542869857023E-15,-2.09174299881162E-18));
#3684=DIRECTION('center_axis',(1.49439420586606E-14,1.,-9.30789006773343E-15));
#3685=DIRECTION('ref_axis',(1.,-1.49439420586606E-14,-2.09174299864221E-18));
#3686=DIRECTION('',(1.37261797508456E-28,9.30789006773343E-15,1.));
#3687=DIRECTION('',(1.,-1.49439420586606E-14,-2.09174299864221E-18));
#3688=DIRECTION('',(1.38839519318898E-28,9.30789006773343E-15,1.));
#3689=DIRECTION('',(-1.,1.49439420586606E-14,2.09174299864221E-18));
#3690=DIRECTION('center_axis',(-0.554700196225227,0.832050294337845,-7.60504752640063E-15));
#3691=DIRECTION('ref_axis',(0.832050294337845,0.554700196225227,-5.69963997389261E-15));
#3692=DIRECTION('',(-0.832050294337845,-0.554700196225227,5.69963997389261E-15));
#3693=DIRECTION('',(-1.38839519318898E-28,-9.30789006773343E-15,-1.));
#3694=DIRECTION('',(0.832050294337845,0.554700196225227,-5.69963997389261E-15));
#3695=DIRECTION('',(-2.5164069721114E-16,-9.30789006773343E-15,-1.));
#3696=DIRECTION('center_axis',(-2.5164069721114E-16,-9.30789006773343E-15,
-1.));
#3697=DIRECTION('ref_axis',(2.80550365609217E-15,1.,-9.30789006773342E-15));
#3698=DIRECTION('center_axis',(2.09174299879533E-18,1.02720344742789E-14,
1.));
#3699=DIRECTION('ref_axis',(2.80550365609217E-15,1.,-7.6947118547396E-15));
#3700=DIRECTION('center_axis',(-2.09174299879533E-18,-1.02720344742789E-14,
-1.));
#3701=DIRECTION('ref_axis',(2.80550365609217E-15,1.,-7.6947118547396E-15));
#3702=DIRECTION('',(-2.5164069721114E-16,-9.30789006773343E-15,-1.));
#3703=DIRECTION('center_axis',(-0.554700196225227,0.832050294337845,-7.60504752640063E-15));
#3704=DIRECTION('ref_axis',(0.832050294337845,0.554700196225227,-5.69963997389261E-15));
#3705=DIRECTION('',(-0.832050294337845,-0.554700196225227,5.69963997389261E-15));
#3706=DIRECTION('',(0.832050294337845,0.554700196225227,-5.69963997389261E-15));
#3707=DIRECTION('',(-2.5164069721114E-16,-9.30789006773343E-15,-1.));
#3708=DIRECTION('center_axis',(-1.,7.61647009613454E-15,2.51640697211069E-16));
#3709=DIRECTION('ref_axis',(7.61647009613455E-15,1.,-1.02720344742789E-14));
#3710=DIRECTION('',(-7.61647009613455E-15,-1.,1.02720344742789E-14));
#3711=DIRECTION('',(7.61647009613455E-15,1.,-1.02720344742789E-14));
#3712=DIRECTION('',(-2.5164069721114E-16,-9.30789006773343E-15,-1.));
#3713=DIRECTION('center_axis',(-0.554700196225231,-0.832050294337843,7.88421781464315E-15));
#3714=DIRECTION('ref_axis',(-0.832050294337843,0.55470019622523,-5.69615910313699E-15));
#3715=DIRECTION('',(0.832050294337843,-0.55470019622523,5.69615910313699E-15));
#3716=DIRECTION('',(-0.832050294337843,0.55470019622523,-5.69615910313699E-15));
#3717=DIRECTION('',(-2.5164069721114E-16,-9.30789006773343E-15,-1.));
#3718=DIRECTION('center_axis',(-2.5164069721114E-16,-9.30789006773343E-15,
-1.));
#3719=DIRECTION('ref_axis',(-1.,2.80550365609216E-15,2.51640697211113E-16));
#3720=DIRECTION('center_axis',(2.09174299879533E-18,1.02720344742789E-14,
1.));
#3721=DIRECTION('ref_axis',(-1.,2.80550365609216E-15,-1.05863885196817E-15));
#3722=DIRECTION('center_axis',(-2.09174299879533E-18,-1.02720344742789E-14,
-1.));
#3723=DIRECTION('ref_axis',(-1.,2.80550365609216E-15,-1.05863885196817E-15));
#3724=DIRECTION('',(-2.5164069721114E-16,-9.30789006773343E-15,-1.));
#3725=DIRECTION('center_axis',(-0.554700196225231,-0.832050294337843,7.88421781464315E-15));
#3726=DIRECTION('ref_axis',(-0.832050294337843,0.55470019622523,-5.69615910313699E-15));
#3727=DIRECTION('',(0.832050294337843,-0.55470019622523,5.69615910313699E-15));
#3728=DIRECTION('',(-0.832050294337843,0.55470019622523,-5.69615910313699E-15));
#3729=DIRECTION('center_axis',(1.,-3.73068950994649E-15,-2.51640697211105E-16));
#3730=DIRECTION('ref_axis',(-3.73068950994651E-15,-1.,1.02720344742789E-14));
#3731=DIRECTION('',(3.73068950994651E-15,1.,-1.02720344742789E-14));
#3732=DIRECTION('',(-3.73068950994651E-15,-1.,1.02720344742789E-14));
#3733=DIRECTION('',(-1.37261797508456E-28,-9.30789006773343E-15,-1.));
#3734=DIRECTION('center_axis',(-2.09174299879533E-18,-1.02720344742789E-14,
-1.));
#3735=DIRECTION('ref_axis',(0.683273773680803,-0.730162276620749,7.4988228441339E-15));
#3736=DIRECTION('',(1.,-1.49429080220643E-14,0.));
#3737=DIRECTION('',(-1.,1.49429080220641E-14,0.));
#3738=DIRECTION('center_axis',(-2.09174299879533E-18,-1.02720344742789E-14,
-1.));
#3739=DIRECTION('ref_axis',(0.683273773680803,-0.730162276620749,7.4988228441339E-15));
#3740=DIRECTION('',(1.,-1.49429080220641E-14,0.));
#3741=DIRECTION('',(-1.,1.49359691281604E-14,1.57772181044202E-30));
#3742=DIRECTION('center_axis',(0.363185354751153,-0.93171690877341,0.));
#3743=DIRECTION('ref_axis',(0.93171690877341,0.363185354751153,0.));
#3744=DIRECTION('',(0.93171690877341,0.363185354751153,0.));
#3745=DIRECTION('',(0.,0.,1.));
#3746=DIRECTION('',(0.93171690877341,0.363185354751153,0.));
#3747=DIRECTION('',(0.,0.,1.));
#3748=DIRECTION('center_axis',(0.,0.,1.));
#3749=DIRECTION('ref_axis',(0.615764882760892,0.787929951936379,0.));
#3750=DIRECTION('center_axis',(0.,0.,1.));
#3751=DIRECTION('ref_axis',(-1.,0.,0.));
#3752=DIRECTION('center_axis',(0.,0.,-1.));
#3753=DIRECTION('ref_axis',(-1.,0.,0.));
#3754=DIRECTION('',(0.,0.,1.));
#3755=DIRECTION('center_axis',(-0.999866509693617,-0.0163389960861532,0.));
#3756=DIRECTION('ref_axis',(0.0163389960861532,-0.999866509693617,0.));
#3757=DIRECTION('',(0.0163389960861532,-0.999866509693617,0.));
#3758=DIRECTION('',(0.0163389960861532,-0.999866509693617,0.));
#3759=DIRECTION('',(0.,0.,1.));
#3760=DIRECTION('center_axis',(0.,0.,1.));
#3761=DIRECTION('ref_axis',(-1.,0.,0.));
#3762=DIRECTION('center_axis',(0.,0.,1.));
#3763=DIRECTION('ref_axis',(-1.,0.,0.));
#3764=DIRECTION('',(0.,1.,0.));
#3765=DIRECTION('center_axis',(0.,0.,1.));
#3766=DIRECTION('ref_axis',(-1.,0.,0.));
#3767=DIRECTION('center_axis',(0.,0.,1.));
#3768=DIRECTION('ref_axis',(-1.,0.,0.));
#3769=DIRECTION('center_axis',(0.,0.,-1.));
#3770=DIRECTION('ref_axis',(-1.,0.,0.));
#3771=DIRECTION('',(-0.712058540735639,0.702120099815859,0.));
#3772=DIRECTION('center_axis',(0.,0.,1.));
#3773=DIRECTION('ref_axis',(-1.,0.,0.));
#3774=DIRECTION('',(-0.712058245493248,-0.702120399237251,0.));
#3775=DIRECTION('center_axis',(0.,0.,-1.));
#3776=DIRECTION('ref_axis',(-1.,0.,0.));
#3777=DIRECTION('',(0.486746836013481,-0.873543082870482,0.));
#3778=DIRECTION('center_axis',(0.,0.,1.));
#3779=DIRECTION('ref_axis',(-1.,0.,0.));
#3780=DIRECTION('',(0.486751041315394,0.873540739621444,0.));
#3781=DIRECTION('center_axis',(0.,0.,1.));
#3782=DIRECTION('ref_axis',(0.204090437220139,-0.978952038373327,0.));
#3783=DIRECTION('center_axis',(0.,0.,-1.));
#3784=DIRECTION('ref_axis',(-1.,0.,0.));
#3785=DIRECTION('',(-0.0117376847212065,-0.877362620742019,-0.479684332120699));
#3786=DIRECTION('',(0.206663381819212,-0.911097448466568,-0.356639434180737));
#3787=DIRECTION('center_axis',(0.999910521574002,-0.0133771762942528,0.));
#3788=DIRECTION('ref_axis',(0.,0.,-1.));
#3789=DIRECTION('',(0.,0.,1.));
#3790=DIRECTION('',(-0.0122870521265393,-0.918426462371831,-0.395400887157836));
#3791=DIRECTION('center_axis',(-0.975226273685728,-0.221209663245189,0.));
#3792=DIRECTION('ref_axis',(0.,0.,1.));
#3793=DIRECTION('',(0.,0.,-1.));
#3794=DIRECTION('',(0.211845503443722,-0.933943381539827,-0.287873657614984));
#3795=DIRECTION('center_axis',(0.824334985240024,-0.566102315937084,0.));
#3796=DIRECTION('ref_axis',(0.,0.,-1.));
#3797=DIRECTION('',(0.,0.,-1.));
#3798=DIRECTION('',(-0.516107080308507,-0.751533972660283,-0.410889485863146));
#3799=DIRECTION('',(-0.533501461464639,-0.776862957421397,-0.334454983520315));
#3800=DIRECTION('',(-0.566045150997295,-0.767657372103008,-0.300491341120428));
#3801=DIRECTION('center_axis',(-0.804854071048608,0.593472766280376,0.));
#3802=DIRECTION('ref_axis',(0.,0.,1.));
#3803=DIRECTION('',(0.,0.,1.));
#3804=DIRECTION('',(-0.576011913422379,-0.781174065317563,-0.240784873425889));
#3805=DIRECTION('center_axis',(0.,0.,1.));
#3806=DIRECTION('ref_axis',(0.61576488276089,-0.787929951936381,0.));
#3807=DIRECTION('center_axis',(0.,0.,1.));
#3808=DIRECTION('ref_axis',(-1.,0.,0.));
#3809=DIRECTION('',(0.,0.,1.));
#3810=DIRECTION('center_axis',(0.,0.,-1.));
#3811=DIRECTION('ref_axis',(-1.,0.,0.));
#3812=DIRECTION('',(0.,0.,1.));
#3813=DIRECTION('',(0.,0.,1.));
#3814=DIRECTION('center_axis',(-6.20642111500265E-15,-5.93131750123015E-15,
-1.));
#3815=DIRECTION('ref_axis',(-1.,0.,0.));
#3816=DIRECTION('',(0.,0.,-1.));
#3817=DIRECTION('center_axis',(6.20642111500265E-15,5.93131750123015E-15,
1.));
#3818=DIRECTION('ref_axis',(-1.,0.,0.));
#3819=DIRECTION('center_axis',(0.,0.,1.));
#3820=DIRECTION('ref_axis',(-1.,0.,0.));
#3821=DIRECTION('center_axis',(0.,0.,1.));
#3822=DIRECTION('ref_axis',(-1.,0.,0.));
#3823=DIRECTION('',(0.,0.,1.));
#3824=DIRECTION('',(0.,0.,1.));
#3825=DIRECTION('center_axis',(-0.999866509693617,0.0163389960861526,0.));
#3826=DIRECTION('ref_axis',(-0.0163389960861526,-0.999866509693617,0.));
#3827=DIRECTION('',(-0.0163389960861526,-0.999866509693617,0.));
#3828=DIRECTION('',(-0.0163389960861526,-0.999866509693617,0.));
#3829=DIRECTION('center_axis',(0.,0.,1.));
#3830=DIRECTION('ref_axis',(-1.,0.,0.));
#3831=DIRECTION('center_axis',(0.,0.,1.));
#3832=DIRECTION('ref_axis',(-1.,0.,0.));
#3833=DIRECTION('',(0.,-1.,0.));
#3834=DIRECTION('',(-0.93171690877341,0.363185354751153,0.));
#3835=DIRECTION('center_axis',(0.730162276620762,0.683273773680788,-7.6202638564165E-15));
#3836=DIRECTION('ref_axis',(0.683273773680788,-0.730162276620762,9.01395137587899E-17));
#3837=DIRECTION('',(0.683273773680788,-0.730162276620762,9.01395137587899E-17));
#3838=DIRECTION('',(-5.67294949579104E-15,-5.0903316816606E-15,-1.));
#3839=DIRECTION('',(-0.683273773680788,0.730162276620762,-9.01395137587899E-17));
#3840=DIRECTION('center_axis',(-6.20642111500265E-15,-5.93131750123015E-15,
-1.));
#3841=DIRECTION('ref_axis',(-0.0662739003999941,-0.99780146829205,6.32960104644988E-15));
#3842=DIRECTION('',(-0.6832737736808,0.730162276620752,-9.0139513758656E-17));
#3843=DIRECTION('',(-0.163496986386646,0.986543833512979,-4.83677355689684E-15));
#3844=DIRECTION('center_axis',(-6.20642111500265E-15,-5.93131750123015E-15,
-1.));
#3845=DIRECTION('ref_axis',(-0.683273773680797,0.730162276620754,-1.15087010872562E-15));
#3846=DIRECTION('',(-0.163496986386646,0.986543833512979,-4.83677355689684E-15));
#3847=DIRECTION('',(0.730162276620757,0.683273773680794,-8.58440826296193E-15));
#3848=DIRECTION('',(0.973539302622229,-0.228519640840397,-4.68677233898808E-15));
#3849=DIRECTION('center_axis',(-6.20642111500265E-15,-5.93131750123015E-15,
-1.));
#3850=DIRECTION('ref_axis',(0.730162276620754,0.683273773680797,-6.00708564342267E-15));
#3851=DIRECTION('',(0.973539302622229,-0.228519640840397,-4.68677233898808E-15));
#3852=DIRECTION('center_axis',(6.20642111500265E-15,5.93131750123015E-15,
1.));
#3853=DIRECTION('ref_axis',(-0.0662738775158827,-0.997801469812011,5.17250661660066E-15));
#3854=DIRECTION('center_axis',(6.20642111500265E-15,5.93131750123015E-15,
1.));
#3855=DIRECTION('ref_axis',(-0.0662738775158827,-0.997801469812011,5.17250661660066E-15));
#3856=DIRECTION('center_axis',(6.20642111500265E-15,5.93131750123015E-15,
1.));
#3857=DIRECTION('ref_axis',(-0.0662738775158827,-0.997801469812011,5.17250661660066E-15));
#3858=DIRECTION('center_axis',(6.20642111500265E-15,5.93131750123015E-15,
1.));
#3859=DIRECTION('ref_axis',(-0.0662738775158827,-0.997801469812011,5.17250661660066E-15));
#3860=DIRECTION('',(0.6832737736808,-0.730162276620751,9.01395137586485E-17));
#3861=DIRECTION('',(0.730162276620753,0.683273773680799,-8.58440826296193E-15));
#3862=DIRECTION('',(-0.683273773680799,0.730162276620752,-9.01395137586658E-17));
#3863=DIRECTION('',(-0.730162276620753,-0.683273773680798,8.58440826296193E-15));
#3864=DIRECTION('center_axis',(-5.67294949579104E-15,-5.0903316816606E-15,
-1.));
#3865=DIRECTION('ref_axis',(-0.0662738775158827,-0.997801469812011,5.45510879382944E-15));
#3866=DIRECTION('',(5.67294949579104E-15,5.0903316816606E-15,1.));
#3867=DIRECTION('center_axis',(-6.20642111500265E-15,-5.93131750123015E-15,
-1.));
#3868=DIRECTION('ref_axis',(-0.0662738775158827,-0.997801469812011,5.17250661660066E-15));
#3869=DIRECTION('center_axis',(-5.67294949579104E-15,-5.0903316816606E-15,
-1.));
#3870=DIRECTION('ref_axis',(-0.0662738775158827,-0.997801469812011,5.45510879382944E-15));
#3871=DIRECTION('',(5.67294949579104E-15,5.0903316816606E-15,1.));
#3872=DIRECTION('center_axis',(-6.20642111500265E-15,-5.93131750123015E-15,
-1.));
#3873=DIRECTION('ref_axis',(-0.0662738775158827,-0.997801469812011,5.17250661660066E-15));
#3874=DIRECTION('center_axis',(-5.67294949579104E-15,-5.0903316816606E-15,
-1.));
#3875=DIRECTION('ref_axis',(-0.0662738775158827,-0.997801469812011,5.45510879382944E-15));
#3876=DIRECTION('',(5.67294949579104E-15,5.0903316816606E-15,1.));
#3877=DIRECTION('center_axis',(-6.20642111500265E-15,-5.93131750123015E-15,
-1.));
#3878=DIRECTION('ref_axis',(-0.0662738775158827,-0.997801469812011,5.17250661660066E-15));
#3879=DIRECTION('center_axis',(-5.67294949579104E-15,-5.0903316816606E-15,
-1.));
#3880=DIRECTION('ref_axis',(-0.0662738775158827,-0.997801469812011,5.45510879382944E-15));
#3881=DIRECTION('',(5.67294949579104E-15,5.0903316816606E-15,1.));
#3882=DIRECTION('center_axis',(-6.20642111500265E-15,-5.93131750123015E-15,
-1.));
#3883=DIRECTION('ref_axis',(-0.0662738775158827,-0.997801469812011,5.17250661660066E-15));
#3884=DIRECTION('center_axis',(0.683273773680798,-0.730162276620753,-1.59409440453672E-16));
#3885=DIRECTION('ref_axis',(-0.730162276620753,-0.683273773680798,8.58440826296193E-15));
#3886=DIRECTION('',(0.730162276620753,0.683273773680798,-8.58440826296193E-15));
#3887=DIRECTION('',(-5.67294949579104E-15,-5.0903316816606E-15,-1.));
#3888=DIRECTION('',(-5.67294949579104E-15,-5.0903316816606E-15,-1.));
#3889=DIRECTION('center_axis',(-0.730162276620753,-0.683273773680799,7.6202638564165E-15));
#3890=DIRECTION('ref_axis',(-0.683273773680799,0.730162276620752,-9.01395137586658E-17));
#3891=DIRECTION('',(0.683273773680799,-0.730162276620752,9.01395137586658E-17));
#3892=DIRECTION('',(-5.67294949579104E-15,-5.0903316816606E-15,-1.));
#3893=DIRECTION('center_axis',(-0.683273773680799,0.730162276620753,1.59409440453676E-16));
#3894=DIRECTION('ref_axis',(0.730162276620753,0.683273773680799,-8.58440826296193E-15));
#3895=DIRECTION('',(-0.730162276620753,-0.683273773680799,8.58440826296193E-15));
#3896=DIRECTION('',(-5.67294949579104E-15,-5.0903316816606E-15,-1.));
#3897=DIRECTION('center_axis',(0.730162276620751,0.683273773680801,-7.6202638564165E-15));
#3898=DIRECTION('ref_axis',(0.6832737736808,-0.730162276620751,9.01395137586485E-17));
#3899=DIRECTION('',(-0.6832737736808,0.730162276620751,-9.01395137586485E-17));
#3900=DIRECTION('center_axis',(0.228519640840397,0.973539302622229,-6.25201833676358E-15));
#3901=DIRECTION('ref_axis',(0.973539302622229,-0.228519640840397,-4.68677233898808E-15));
#3902=DIRECTION('',(-0.973539302622229,0.228519640840397,4.68677233898808E-15));
#3903=DIRECTION('',(-5.67294949579104E-15,-5.0903316816606E-15,-1.));
#3904=DIRECTION('center_axis',(-5.67294949579104E-15,-5.0903316816606E-15,
-1.));
#3905=DIRECTION('ref_axis',(0.730162276620754,0.683273773680797,-7.6202638564165E-15));
#3906=DIRECTION('center_axis',(6.20642111500265E-15,5.93131750123015E-15,
1.));
#3907=DIRECTION('ref_axis',(0.730162276620754,0.683273773680797,-6.00708564342267E-15));
#3908=DIRECTION('',(-5.67294949579104E-15,-5.0903316816606E-15,-1.));
#3909=DIRECTION('center_axis',(0.228519640840397,0.973539302622229,-6.25201833676358E-15));
#3910=DIRECTION('ref_axis',(0.973539302622229,-0.228519640840397,-4.68677233898808E-15));
#3911=DIRECTION('',(-0.973539302622229,0.228519640840397,4.68677233898808E-15));
#3912=DIRECTION('',(-5.67294949579104E-15,-5.0903316816606E-15,-1.));
#3913=DIRECTION('center_axis',(-0.683273773680794,0.730162276620757,1.59409440453625E-16));
#3914=DIRECTION('ref_axis',(0.730162276620757,0.683273773680794,-8.58440826296193E-15));
#3915=DIRECTION('',(-0.730162276620757,-0.683273773680794,8.58440826296193E-15));
#3916=DIRECTION('',(-5.67294949579104E-15,-5.0903316816606E-15,-1.));
#3917=DIRECTION('center_axis',(-0.986543833512979,-0.163496986386646,6.42886723256319E-15));
#3918=DIRECTION('ref_axis',(-0.163496986386646,0.986543833512979,-4.83677355689684E-15));
#3919=DIRECTION('',(0.163496986386646,-0.986543833512979,4.83677355689684E-15));
#3920=DIRECTION('',(-5.67294949579104E-15,-5.0903316816606E-15,-1.));
#3921=DIRECTION('center_axis',(-5.67294949579104E-15,-5.0903316816606E-15,
-1.));
#3922=DIRECTION('ref_axis',(-0.683273773680797,0.730162276620754,1.59409440453661E-16));
#3923=DIRECTION('center_axis',(6.20642111500265E-15,5.93131750123015E-15,
1.));
#3924=DIRECTION('ref_axis',(-0.683273773680797,0.730162276620754,-1.15087010872562E-15));
#3925=DIRECTION('',(-5.67294949579104E-15,-5.0903316816606E-15,-1.));
#3926=DIRECTION('center_axis',(-0.986543833512979,-0.163496986386646,6.42886723256319E-15));
#3927=DIRECTION('ref_axis',(-0.163496986386646,0.986543833512979,-4.83677355689684E-15));
#3928=DIRECTION('',(0.163496986386646,-0.986543833512979,4.83677355689684E-15));
#3929=DIRECTION('',(-5.67294949579104E-15,-5.0903316816606E-15,-1.));
#3930=DIRECTION('center_axis',(-0.730162276620752,-0.6832737736808,7.6202638564165E-15));
#3931=DIRECTION('ref_axis',(-0.6832737736808,0.730162276620752,-9.0139513758656E-17));
#3932=DIRECTION('',(0.6832737736808,-0.730162276620752,9.0139513758656E-17));
#3933=DIRECTION('center_axis',(-6.20642111500265E-15,-5.93131750123015E-15,
-1.));
#3934=DIRECTION('ref_axis',(-0.0662739003999941,-0.99780146829205,6.32960104644988E-15));
#3935=DIRECTION('center_axis',(0.,0.,1.));
#3936=DIRECTION('ref_axis',(-1.,0.,0.));
#3937=DIRECTION('',(-0.906339066400305,-0.422551176446857,0.));
#3938=DIRECTION('center_axis',(0.,0.,1.));
#3939=DIRECTION('ref_axis',(-1.,0.,0.));
#3940=DIRECTION('',(-0.0690866895407659,-0.997610660191789,0.));
#3941=DIRECTION('center_axis',(0.,0.,-1.));
#3942=DIRECTION('ref_axis',(-1.,0.,0.));
#3943=DIRECTION('center_axis',(0.,0.,1.));
#3944=DIRECTION('ref_axis',(-1.,0.,0.));
#3945=DIRECTION('',(-0.0690866895407658,0.997610660191789,0.));
#3946=DIRECTION('center_axis',(0.,0.,1.));
#3947=DIRECTION('ref_axis',(-1.,0.,0.));
#3948=DIRECTION('',(-0.896409513281842,0.443226786755733,0.));
#3949=DIRECTION('center_axis',(0.,0.,-1.));
#3950=DIRECTION('ref_axis',(-1.,0.,0.));
#3951=DIRECTION('center_axis',(0.,0.,1.));
#3952=DIRECTION('ref_axis',(1.,0.,0.));
#3953=DIRECTION('center_axis',(0.,0.,-1.));
#3954=DIRECTION('ref_axis',(-1.,0.,0.));
#3955=DIRECTION('center_axis',(0.,0.,1.));
#3956=DIRECTION('ref_axis',(-1.,0.,0.));
#3957=DIRECTION('center_axis',(0.,0.,1.));
#3958=DIRECTION('ref_axis',(-1.,0.,0.));
#3959=DIRECTION('center_axis',(0.,0.,-1.));
#3960=DIRECTION('ref_axis',(-1.,0.,0.));
#3961=DIRECTION('',(0.,0.,-1.));
#3962=DIRECTION('center_axis',(0.,0.,1.));
#3963=DIRECTION('ref_axis',(1.,0.,0.));
#3964=DIRECTION('center_axis',(0.,0.,1.));
#3965=DIRECTION('ref_axis',(-1.,0.,0.));
#3966=DIRECTION('center_axis',(0.,0.,1.));
#3967=DIRECTION('ref_axis',(-1.,0.,0.));
#3968=DIRECTION('center_axis',(0.,0.,-1.));
#3969=DIRECTION('ref_axis',(-1.,0.,0.));
#3970=DIRECTION('center_axis',(0.,0.,-1.));
#3971=DIRECTION('ref_axis',(-1.,0.,0.));
#3972=DIRECTION('',(0.906339066400305,0.422551176446857,0.));
#3973=DIRECTION('center_axis',(0.,0.,1.));
#3974=DIRECTION('ref_axis',(0.99997787053881,-0.00665270115562677,0.));
#3975=DIRECTION('',(-9.72364579790091E-16,1.,0.));
#3976=DIRECTION('center_axis',(0.,0.,-1.));
#3977=DIRECTION('ref_axis',(0.213830023189405,-0.976870882554505,0.));
#3978=DIRECTION('center_axis',(0.,0.,1.));
#3979=DIRECTION('ref_axis',(0.204090437220139,-0.978952038373327,0.));
#3980=DIRECTION('',(0.486751041315394,0.873540739621444,0.));
#3981=DIRECTION('center_axis',(0.,0.,1.));
#3982=DIRECTION('ref_axis',(-1.,0.,0.));
#3983=DIRECTION('',(-0.486746836013481,0.873543082870482,0.));
#3984=DIRECTION('',(9.72364579790091E-16,1.,0.));
#3985=DIRECTION('center_axis',(0.,0.,1.));
#3986=DIRECTION('ref_axis',(-0.000703001240608054,-0.999999752894597,0.));
#3987=DIRECTION('',(-0.93171690877341,0.363185354751153,0.));
#3988=DIRECTION('',(-0.896409513281842,0.443226786755733,0.));
#3989=DIRECTION('center_axis',(0.,0.,-1.));
#3990=DIRECTION('ref_axis',(-1.,0.,0.));
#3991=DIRECTION('center_axis',(0.,0.,-1.));
#3992=DIRECTION('ref_axis',(-1.,0.,0.));
#3993=DIRECTION('',(0.0690866895407658,-0.997610660191789,0.));
#3994=DIRECTION('',(-0.712058245493248,-0.702120399237251,0.));
#3995=DIRECTION('center_axis',(0.,0.,-1.));
#3996=DIRECTION('ref_axis',(-1.,0.,0.));
#3997=DIRECTION('center_axis',(0.,0.,-1.));
#3998=DIRECTION('ref_axis',(-1.,0.,0.));
#3999=DIRECTION('',(0.712058540735639,-0.702120099815859,0.));
#4000=DIRECTION('',(-0.0690866895407659,-0.997610660191789,0.));
#4001=DIRECTION('center_axis',(0.,0.,1.));
#4002=DIRECTION('ref_axis',(1.,0.,0.));
#4003=DIRECTION('center_axis',(0.,0.,-1.));
#4004=DIRECTION('ref_axis',(-1.,0.,0.));
#4005=DIRECTION('center_axis',(0.,0.,1.));
#4006=DIRECTION('ref_axis',(-1.,0.,0.));
#4007=DIRECTION('center_axis',(0.,0.,1.));
#4008=DIRECTION('ref_axis',(-1.,0.,0.));
#4009=DIRECTION('center_axis',(0.,0.,-1.));
#4010=DIRECTION('ref_axis',(-1.,0.,0.));
#4011=DIRECTION('',(0.,0.,-1.));
#4012=DIRECTION('center_axis',(0.,0.,1.));
#4013=DIRECTION('ref_axis',(1.,0.,0.));
#4014=DIRECTION('center_axis',(0.,0.,1.));
#4015=DIRECTION('ref_axis',(-1.,0.,0.));
#4016=DIRECTION('center_axis',(0.,0.,1.));
#4017=DIRECTION('ref_axis',(1.,0.,0.));
#4018=DIRECTION('center_axis',(0.,0.,-1.));
#4019=DIRECTION('ref_axis',(-1.,0.,0.));
#4020=DIRECTION('center_axis',(0.,0.,1.));
#4021=DIRECTION('ref_axis',(-1.,0.,0.));
#4022=DIRECTION('center_axis',(0.,0.,1.));
#4023=DIRECTION('ref_axis',(-1.,0.,0.));
#4024=DIRECTION('center_axis',(0.,0.,-1.));
#4025=DIRECTION('ref_axis',(-1.,0.,0.));
#4026=DIRECTION('',(0.,0.,-1.));
#4027=DIRECTION('center_axis',(0.,0.,1.));
#4028=DIRECTION('ref_axis',(1.,0.,0.));
#4029=DIRECTION('center_axis',(0.,0.,1.));
#4030=DIRECTION('ref_axis',(-1.,0.,0.));
#4031=DIRECTION('center_axis',(-0.702120099815859,-0.712058540735639,0.));
#4032=DIRECTION('ref_axis',(0.712058540735639,-0.702120099815859,0.));
#4033=DIRECTION('',(0.,0.,1.));
#4034=DIRECTION('',(0.,0.,1.));
#4035=DIRECTION('center_axis',(0.,0.,1.));
#4036=DIRECTION('ref_axis',(-1.,0.,0.));
#4037=DIRECTION('',(0.,0.,-1.));
#4038=DIRECTION('center_axis',(0.,0.,1.));
#4039=DIRECTION('ref_axis',(-1.,0.,0.));
#4040=DIRECTION('',(0.,0.,-1.));
#4041=DIRECTION('center_axis',(0.,0.,1.));
#4042=DIRECTION('ref_axis',(0.204090437220139,-0.978952038373327,0.));
#4043=DIRECTION('',(0.,0.,1.));
#4044=DIRECTION('',(0.,0.,1.));
#4045=DIRECTION('center_axis',(0.,0.,1.));
#4046=DIRECTION('ref_axis',(-1.,0.,0.));
#4047=DIRECTION('',(0.,0.,-1.));
#4048=DIRECTION('',(0.,0.,1.));
#4049=DIRECTION('center_axis',(-0.702120399237251,0.712058245493248,0.));
#4050=DIRECTION('ref_axis',(-0.712058245493248,-0.702120399237251,0.));
#4051=DIRECTION('',(0.,0.,1.));
#4052=DIRECTION('center_axis',(-0.997610660191789,-0.0690866895407658,0.));
#4053=DIRECTION('ref_axis',(0.0690866895407658,-0.997610660191789,0.));
#4054=DIRECTION('',(0.,0.,1.));
#4055=DIRECTION('center_axis',(0.,0.,1.));
#4056=DIRECTION('ref_axis',(-1.,0.,0.));
#4057=DIRECTION('',(0.,0.,-1.));
#4058=DIRECTION('',(0.,0.,1.));
#4059=DIRECTION('center_axis',(0.443226786755732,0.896409513281842,0.));
#4060=DIRECTION('ref_axis',(-0.896409513281842,0.443226786755733,0.));
#4061=DIRECTION('',(0.,0.,1.));
#4062=DIRECTION('center_axis',(0.363185354751153,0.93171690877341,0.));
#4063=DIRECTION('ref_axis',(-0.93171690877341,0.363185354751153,0.));
#4064=DIRECTION('',(0.,0.,1.));
#4065=DIRECTION('center_axis',(0.,0.,1.));
#4066=DIRECTION('ref_axis',(-0.000703001240608054,-0.999999752894597,0.));
#4067=DIRECTION('',(0.,0.,1.));
#4068=DIRECTION('center_axis',(1.,-9.72364579790091E-16,0.));
#4069=DIRECTION('ref_axis',(9.72364579790091E-16,1.,0.));
#4070=DIRECTION('',(0.,0.,1.));
#4071=DIRECTION('center_axis',(0.873543082870482,0.486746836013481,0.));
#4072=DIRECTION('ref_axis',(-0.486746836013481,0.873543082870482,0.));
#4073=DIRECTION('',(0.,0.,1.));
#4074=DIRECTION('center_axis',(0.,0.,1.));
#4075=DIRECTION('ref_axis',(0.999999999997103,-2.4070407268575E-6,0.));
#4076=DIRECTION('',(0.,0.,1.));
#4077=DIRECTION('center_axis',(0.873540739621444,-0.486751041315394,0.));
#4078=DIRECTION('ref_axis',(0.486751041315394,0.873540739621444,0.));
#4079=DIRECTION('center_axis',(0.,0.,1.));
#4080=DIRECTION('ref_axis',(0.213830023189405,-0.976870882554505,0.));
#4081=DIRECTION('',(0.,0.,1.));
#4082=DIRECTION('center_axis',(0.,0.,1.));
#4083=DIRECTION('ref_axis',(-1.,0.,0.));
#4084=DIRECTION('',(0.,0.,-1.));
#4085=DIRECTION('center_axis',(0.422551176446857,-0.906339066400306,0.));
#4086=DIRECTION('ref_axis',(0.906339066400305,0.422551176446857,0.));
#4087=DIRECTION('',(0.,0.,1.));
#4088=DIRECTION('',(0.,0.,1.));
#4089=DIRECTION('center_axis',(0.,0.,1.));
#4090=DIRECTION('ref_axis',(-1.,0.,0.));
#4091=DIRECTION('',(0.,0.,-1.));
#4092=DIRECTION('',(0.,0.,1.));
#4093=DIRECTION('center_axis',(-0.997610660191789,0.0690866895407659,0.));
#4094=DIRECTION('ref_axis',(-0.0690866895407659,-0.997610660191789,0.));
#4095=DIRECTION('center_axis',(1.,9.72364579790091E-16,0.));
#4096=DIRECTION('ref_axis',(-9.72364579790091E-16,1.,0.));
#4097=DIRECTION('',(0.,0.,1.));
#4098=DIRECTION('center_axis',(0.,0.,1.));
#4099=DIRECTION('ref_axis',(0.99997787053881,-0.00665270115562677,0.));
#4100=DIRECTION('center_axis',(0.,0.,-1.));
#4101=DIRECTION('ref_axis',(1.,0.,0.));
#4102=DIRECTION('',(0.,0.,-1.));
#4103=DIRECTION('center_axis',(0.,0.,-1.));
#4104=DIRECTION('ref_axis',(1.,0.,0.));
#4105=DIRECTION('center_axis',(0.,0.,1.));
#4106=DIRECTION('ref_axis',(1.,0.,0.));
#4107=DIRECTION('',(0.857167300702112,-1.04972719113862E-16,-0.515038074910054));
#4108=DIRECTION('center_axis',(0.,0.,-1.));
#4109=DIRECTION('ref_axis',(1.,0.,0.));
#4110=DIRECTION('',(0.,0.,-1.));
#4111=DIRECTION('center_axis',(0.,0.,-1.));
#4112=DIRECTION('ref_axis',(1.,0.,0.));
#4113=DIRECTION('center_axis',(0.,0.,1.));
#4114=DIRECTION('ref_axis',(1.,0.,0.));
#4115=DIRECTION('',(0.857167300702112,-1.04972719113862E-16,-0.515038074910054));
#4116=CARTESIAN_POINT('',(0.,0.,0.));
#4117=CARTESIAN_POINT('Origin',(-260.23169707,-82.5086571508817,56.));
#4118=CARTESIAN_POINT('',(-261.98169707,-82.5086571508817,56.));
#4119=CARTESIAN_POINT('Origin',(-260.23169707,-82.5086571508817,56.));
#4120=CARTESIAN_POINT('',(-261.48169707,-82.5086571508817,56.));
#4121=CARTESIAN_POINT('Origin',(-260.23169707,-82.5086571508817,56.));
#4122=CARTESIAN_POINT('Origin',(-260.23169707,-82.5086571508817,58.));
#4123=CARTESIAN_POINT('',(-261.98169707,-82.5086571508817,60.));
#4124=CARTESIAN_POINT('Origin',(-260.23169707,-82.5086571508817,60.));
#4125=CARTESIAN_POINT('',(-261.98169707,-82.5086571508817,58.));
#4126=CARTESIAN_POINT('Origin',(-260.23169707,62.4913428491184,56.));
#4127=CARTESIAN_POINT('',(-261.98169707,62.4913428491184,56.));
#4128=CARTESIAN_POINT('Origin',(-260.23169707,62.4913428491184,56.));
#4129=CARTESIAN_POINT('',(-261.48169707,62.4913428491184,56.));
#4130=CARTESIAN_POINT('Origin',(-260.23169707,62.4913428491184,56.));
#4131=CARTESIAN_POINT('Origin',(-260.23169707,62.4913428491184,58.));
#4132=CARTESIAN_POINT('',(-261.98169707,62.4913428491184,60.));
#4133=CARTESIAN_POINT('Origin',(-260.23169707,62.4913428491184,60.));
#4134=CARTESIAN_POINT('',(-261.98169707,62.4913428491184,58.));
#4135=CARTESIAN_POINT('Origin',(-252.242794305375,80.4276240301355,44.));
#4136=CARTESIAN_POINT('',(-252.106404444702,80.7775190292381,42.75));
#4137=CARTESIAN_POINT('Origin',(-252.106404444702,80.7775190292381,44.));
#4138=CARTESIAN_POINT('',(-252.379184166049,80.077729031033,44.));
#4139=CARTESIAN_POINT('',(-252.242794305375,80.4276240301355,43.375));
#4140=CARTESIAN_POINT('Origin',(-251.743219089951,81.7092359380115,44.));
#4141=CARTESIAN_POINT('',(-251.743219089951,81.7092359380115,42.25));
#4142=CARTESIAN_POINT('Origin',(-251.743219089951,81.7092359380115,44.));
#4143=CARTESIAN_POINT('',(-251.743219089951,81.7092359380115,42.75));
#4144=CARTESIAN_POINT('Origin',(-251.743219089951,81.7092359380115,44.));
#4145=CARTESIAN_POINT('Origin',(-251.016848380449,83.5726697555583,44.));
#4146=CARTESIAN_POINT('',(-250.290477670946,85.4361035731051,42.25));
#4147=CARTESIAN_POINT('Origin',(-250.290477670946,85.4361035731051,44.));
#4148=CARTESIAN_POINT('',(-251.016848380449,83.5726697555583,42.25));
#4149=CARTESIAN_POINT('Origin',(-251.198441057824,83.1068113011716,44.));
#4150=CARTESIAN_POINT('',(-251.198441057824,83.1068113011716,42.75));
#4151=CARTESIAN_POINT('Origin',(-252.242794305375,80.4276240301355,14.));
#4152=CARTESIAN_POINT('',(-252.106404444702,80.7775190292381,12.75));
#4153=CARTESIAN_POINT('Origin',(-252.106404444702,80.7775190292381,14.));
#4154=CARTESIAN_POINT('',(-252.379184166049,80.077729031033,14.));
#4155=CARTESIAN_POINT('',(-252.242794305375,80.4276240301355,13.375));
#4156=CARTESIAN_POINT('Origin',(-251.743219089951,81.7092359380115,14.));
#4157=CARTESIAN_POINT('',(-251.743219089951,81.7092359380115,12.25));
#4158=CARTESIAN_POINT('Origin',(-251.743219089951,81.7092359380115,14.));
#4159=CARTESIAN_POINT('',(-251.743219089951,81.7092359380115,12.75));
#4160=CARTESIAN_POINT('Origin',(-251.743219089951,81.7092359380115,14.));
#4161=CARTESIAN_POINT('Origin',(-251.016848380449,83.5726697555583,14.));
#4162=CARTESIAN_POINT('',(-250.290477670946,85.4361035731051,12.25));
#4163=CARTESIAN_POINT('Origin',(-250.290477670946,85.4361035731051,14.));
#4164=CARTESIAN_POINT('',(-251.016848380449,83.5726697555583,12.25));
#4165=CARTESIAN_POINT('Origin',(-251.198441057824,83.1068113011716,14.));
#4166=CARTESIAN_POINT('',(-251.198441057824,83.1068113011716,12.75));
#4167=CARTESIAN_POINT('Origin',(-252.242794305375,-100.444938331899,14.));
#4168=CARTESIAN_POINT('',(-252.106404444702,-100.794833331001,15.25));
#4169=CARTESIAN_POINT('Origin',(-252.106404444702,-100.794833331001,14.));
#4170=CARTESIAN_POINT('',(-252.379184166049,-100.095043332796,14.));
#4171=CARTESIAN_POINT('',(-252.242794305375,-100.444938331899,14.625));
#4172=CARTESIAN_POINT('Origin',(-251.743219089951,-101.726550239775,14.));
#4173=CARTESIAN_POINT('',(-251.743219089951,-101.726550239775,15.75));
#4174=CARTESIAN_POINT('Origin',(-251.743219089951,-101.726550239775,14.));
#4175=CARTESIAN_POINT('',(-251.743219089951,-101.726550239775,15.25));
#4176=CARTESIAN_POINT('Origin',(-251.743219089951,-101.726550239775,14.));
#4177=CARTESIAN_POINT('Origin',(-251.016848380449,-103.589984057322,14.));
#4178=CARTESIAN_POINT('',(-250.290477670946,-105.453417874868,15.75));
#4179=CARTESIAN_POINT('Origin',(-250.290477670946,-105.453417874868,14.));
#4180=CARTESIAN_POINT('',(-251.016848380449,-103.589984057322,15.75));
#4181=CARTESIAN_POINT('Origin',(-251.198441057824,-103.124125602935,14.));
#4182=CARTESIAN_POINT('',(-251.198441057824,-103.124125602935,15.25));
#4183=CARTESIAN_POINT('Origin',(-252.242794305375,-100.444938331899,44.));
#4184=CARTESIAN_POINT('',(-252.106404444702,-100.794833331001,45.25));
#4185=CARTESIAN_POINT('Origin',(-252.106404444702,-100.794833331001,44.));
#4186=CARTESIAN_POINT('',(-252.379184166049,-100.095043332796,44.));
#4187=CARTESIAN_POINT('',(-252.242794305375,-100.444938331899,44.625));
#4188=CARTESIAN_POINT('Origin',(-251.743219089951,-101.726550239775,44.));
#4189=CARTESIAN_POINT('',(-251.743219089951,-101.726550239775,45.75));
#4190=CARTESIAN_POINT('Origin',(-251.743219089951,-101.726550239775,44.));
#4191=CARTESIAN_POINT('',(-251.743219089951,-101.726550239775,45.25));
#4192=CARTESIAN_POINT('Origin',(-251.743219089951,-101.726550239775,44.));
#4193=CARTESIAN_POINT('Origin',(-251.016848380449,-103.589984057322,44.));
#4194=CARTESIAN_POINT('',(-250.290477670946,-105.453417874868,45.75));
#4195=CARTESIAN_POINT('Origin',(-250.290477670946,-105.453417874868,44.));
#4196=CARTESIAN_POINT('',(-251.016848380449,-103.589984057322,45.75));
#4197=CARTESIAN_POINT('Origin',(-251.198441057824,-103.124125602935,44.));
#4198=CARTESIAN_POINT('',(-251.198441057824,-103.124125602935,45.25));
#4199=CARTESIAN_POINT('Origin',(-281.469505549018,66.3822244630673,42.3223304703363));
#4200=CARTESIAN_POINT('',(-256.86014130556,71.3822244630673,42.3223304703363));
#4201=CARTESIAN_POINT('',(-265.383644375057,61.3822244630673,42.3223304703363));
#4202=CARTESIAN_POINT('Ctrl Pts',(-256.86014130556,71.3822244630673,42.3223304703363));
#4203=CARTESIAN_POINT('Ctrl Pts',(-256.86014130556,71.3822244630673,42.9399179015467));
#4204=CARTESIAN_POINT('Ctrl Pts',(-256.920196311258,71.260201200564,43.5938695050021));
#4205=CARTESIAN_POINT('Ctrl Pts',(-257.169161840323,70.7812589072842,44.7840291101794));
#4206=CARTESIAN_POINT('Ctrl Pts',(-257.359483333103,70.4249414046322,45.3201835271783));
#4207=CARTESIAN_POINT('Ctrl Pts',(-257.865276919393,69.5422804060373,46.2627778432027));
#4208=CARTESIAN_POINT('Ctrl Pts',(-258.237770447691,68.9303044448486,46.6798636366093));
#4209=CARTESIAN_POINT('Ctrl Pts',(-259.105531901319,67.6483411668113,47.2088171895965));
#4210=CARTESIAN_POINT('Ctrl Pts',(-259.601790445466,66.9797044373042,47.3223304703363));
#4211=CARTESIAN_POINT('Ctrl Pts',(-260.654417086795,65.6818087583771,47.3223304703363));
#4212=CARTESIAN_POINT('Ctrl Pts',(-261.301472310637,64.9604871707133,47.1692926131339));
#4213=CARTESIAN_POINT('Ctrl Pts',(-262.600088221064,63.6553443304158,46.5742129498488));
#4214=CARTESIAN_POINT('Ctrl Pts',(-263.25149529338,63.0702104168918,46.1347183367537));
#4215=CARTESIAN_POINT('Ctrl Pts',(-264.206096927347,62.2722558890538,45.214780888311));
#4216=CARTESIAN_POINT('Ctrl Pts',(-264.609326755881,61.9571236708095,44.7270755772177));
#4217=CARTESIAN_POINT('Ctrl Pts',(-265.052775898638,61.6232762949887,43.8854972439086));
#4218=CARTESIAN_POINT('Ctrl Pts',(-265.173942073094,61.5343772065406,43.5865143782344));
#4219=CARTESIAN_POINT('Ctrl Pts',(-265.339494448875,61.4138221817917,42.9663512190711));
#4220=CARTESIAN_POINT('Ctrl Pts',(-265.383644375057,61.3822244630673,42.6450965610452));
#4221=CARTESIAN_POINT('Ctrl Pts',(-265.383644375057,61.3822244630673,42.3223304703363));
#4222=CARTESIAN_POINT('Ctrl Pts',(-265.383644375057,61.3822244630673,42.3223304703363));
#4223=CARTESIAN_POINT('Ctrl Pts',(-265.383644375057,61.3822244630673,41.9995643796274));
#4224=CARTESIAN_POINT('Ctrl Pts',(-265.339494448875,61.4138221817917,41.6783097216015));
#4225=CARTESIAN_POINT('Ctrl Pts',(-265.173942073094,61.5343772065406,41.0581465624382));
#4226=CARTESIAN_POINT('Ctrl Pts',(-265.052775898638,61.6232762949887,40.759163696764));
#4227=CARTESIAN_POINT('Ctrl Pts',(-264.60932675588,61.9571236708095,39.9175853634549));
#4228=CARTESIAN_POINT('Ctrl Pts',(-264.206096927347,62.2722558890538,39.4298800523617));
#4229=CARTESIAN_POINT('Ctrl Pts',(-263.25149529338,63.0702104168918,38.509942603919));
#4230=CARTESIAN_POINT('Ctrl Pts',(-262.600088221064,63.6553443304158,38.0704479908238));
#4231=CARTESIAN_POINT('Ctrl Pts',(-261.301472310637,64.9604871707133,37.4753683275387));
#4232=CARTESIAN_POINT('Ctrl Pts',(-260.654417086795,65.6818087583771,37.3223304703363));
#4233=CARTESIAN_POINT('Ctrl Pts',(-259.601790445466,66.9797044373042,37.3223304703363));
#4234=CARTESIAN_POINT('Ctrl Pts',(-259.105531901319,67.6483411668113,37.4358437510762));
#4235=CARTESIAN_POINT('Ctrl Pts',(-258.237770447691,68.9303044448486,37.9647973040633));
#4236=CARTESIAN_POINT('Ctrl Pts',(-257.865276919393,69.5422804060373,38.38188309747));
#4237=CARTESIAN_POINT('Ctrl Pts',(-257.359483333103,70.4249414046322,39.3244774134943));
#4238=CARTESIAN_POINT('Ctrl Pts',(-257.169161840323,70.7812589072842,39.8606318304933));
#4239=CARTESIAN_POINT('Ctrl Pts',(-256.920196311258,71.260201200564,41.0507914356705));
#4240=CARTESIAN_POINT('Ctrl Pts',(-256.86014130556,71.3822244630673,41.7047430391259));
#4241=CARTESIAN_POINT('Ctrl Pts',(-256.86014130556,71.3822244630673,42.3223304703363));
#4242=CARTESIAN_POINT('',(-254.487268033682,61.3822244630673,42.3223304703363));
#4243=CARTESIAN_POINT('',(-281.469505549018,61.3822244630673,42.3223304703363));
#4244=CARTESIAN_POINT('',(-248.68577376321,71.3822244630673,42.3223304703363));
#4245=CARTESIAN_POINT('Ctrl Pts',(-248.68577376321,71.3822244630673,42.3223304703363));
#4246=CARTESIAN_POINT('Ctrl Pts',(-248.68577376321,71.3822244630673,41.7001406142413));
#4247=CARTESIAN_POINT('Ctrl Pts',(-248.731469107092,71.2586154198316,41.0392456532435));
#4248=CARTESIAN_POINT('Ctrl Pts',(-248.923067950809,70.766223429144,39.8311367501524));
#4249=CARTESIAN_POINT('Ctrl Pts',(-249.070043616856,70.3977422502832,39.2839701118081));
#4250=CARTESIAN_POINT('Ctrl Pts',(-249.446120718008,69.5151969520445,38.3674562779965));
#4251=CARTESIAN_POINT('Ctrl Pts',(-249.710416671941,68.9256604840869,37.9638367174304));
#4252=CARTESIAN_POINT('Ctrl Pts',(-250.328627789179,67.6648921932022,37.4417263189335));
#4253=CARTESIAN_POINT('Ctrl Pts',(-250.683407743324,66.9944596370649,37.3223304703363));
#4254=CARTESIAN_POINT('Ctrl Pts',(-251.40803581683,65.7222309968978,37.3223304703363));
#4255=CARTESIAN_POINT('Ctrl Pts',(-251.834389510735,65.0283776376826,37.459431545272));
#4256=CARTESIAN_POINT('Ctrl Pts',(-252.676016959171,63.7562888131257,38.0112808753203));
#4257=CARTESIAN_POINT('Ctrl Pts',(-253.090642012445,63.1773240517975,38.4253366904695));
#4258=CARTESIAN_POINT('Ctrl Pts',(-253.721801615269,62.3349959398231,39.3331159867536));
#4259=CARTESIAN_POINT('Ctrl Pts',(-253.997109093347,61.985603075935,39.8577954990735));
#4260=CARTESIAN_POINT('Ctrl Pts',(-254.381280797631,61.5087304974241,41.0365372764584));
#4261=CARTESIAN_POINT('Ctrl Pts',(-254.487268033682,61.3822244630673,41.6919287822944));
#4262=CARTESIAN_POINT('Ctrl Pts',(-254.487268033682,61.3822244630673,42.3223304703363));
#4263=CARTESIAN_POINT('Ctrl Pts',(-254.487268033682,61.3822244630673,42.3223304703363));
#4264=CARTESIAN_POINT('Ctrl Pts',(-254.487268033682,61.3822244630673,42.9527321583783));
#4265=CARTESIAN_POINT('Ctrl Pts',(-254.381280797631,61.5087304974241,43.6081236642143));
#4266=CARTESIAN_POINT('Ctrl Pts',(-253.997109093347,61.985603075935,44.7868654415992));
#4267=CARTESIAN_POINT('Ctrl Pts',(-253.721801615269,62.3349959398231,45.3115449539191));
#4268=CARTESIAN_POINT('Ctrl Pts',(-253.090642012445,63.1773240517975,46.2193242502032));
#4269=CARTESIAN_POINT('Ctrl Pts',(-252.676016959171,63.7562888131257,46.6333800653524));
#4270=CARTESIAN_POINT('Ctrl Pts',(-251.834389510735,65.0283776376826,47.1852293954007));
#4271=CARTESIAN_POINT('Ctrl Pts',(-251.40803581683,65.7222309968978,47.3223304703363));
#4272=CARTESIAN_POINT('Ctrl Pts',(-250.683407743324,66.9944596370649,47.3223304703363));
#4273=CARTESIAN_POINT('Ctrl Pts',(-250.328627789179,67.6648921932022,47.2029346217391));
#4274=CARTESIAN_POINT('Ctrl Pts',(-249.710416671941,68.9256604840869,46.6808242232423));
#4275=CARTESIAN_POINT('Ctrl Pts',(-249.446120718008,69.5151969520445,46.2772046626762));
#4276=CARTESIAN_POINT('Ctrl Pts',(-249.070043616856,70.3977422502832,45.3606908288646));
#4277=CARTESIAN_POINT('Ctrl Pts',(-248.923067950809,70.766223429144,44.8135241905202));
#4278=CARTESIAN_POINT('Ctrl Pts',(-248.731469107092,71.2586154198316,43.6054152874291));
#4279=CARTESIAN_POINT('Ctrl Pts',(-248.68577376321,71.3822244630673,42.9445203264313));
#4280=CARTESIAN_POINT('Ctrl Pts',(-248.68577376321,71.3822244630673,42.3223304703363));
#4281=CARTESIAN_POINT('Origin',(-281.469505549017,-86.3995387648306,42.3223304703363));
#4282=CARTESIAN_POINT('',(-265.383644375057,-81.3995387648306,42.3223304703363));
#4283=CARTESIAN_POINT('',(-256.86014130556,-91.3995387648306,42.3223304703363));
#4284=CARTESIAN_POINT('Ctrl Pts',(-265.383644375057,-81.3995387648306,42.3223304703363));
#4285=CARTESIAN_POINT('Ctrl Pts',(-265.383644375057,-81.3995387648306,42.6450965610452));
#4286=CARTESIAN_POINT('Ctrl Pts',(-265.339494448875,-81.431136483555,42.9663512190712));
#4287=CARTESIAN_POINT('Ctrl Pts',(-265.173942073094,-81.5516915083039,43.5865143782344));
#4288=CARTESIAN_POINT('Ctrl Pts',(-265.052775898638,-81.640590596752,43.8854972439086));
#4289=CARTESIAN_POINT('Ctrl Pts',(-264.609326755881,-81.9744379725728,44.7270755772177));
#4290=CARTESIAN_POINT('Ctrl Pts',(-264.206096927347,-82.289570190817,45.214780888311));
#4291=CARTESIAN_POINT('Ctrl Pts',(-263.25149529338,-83.0875247186551,46.1347183367537));
#4292=CARTESIAN_POINT('Ctrl Pts',(-262.600088221064,-83.6726586321791,46.5742129498488));
#4293=CARTESIAN_POINT('Ctrl Pts',(-261.301472310637,-84.9778014724766,47.1692926131339));
#4294=CARTESIAN_POINT('Ctrl Pts',(-260.654417086795,-85.6991230601404,47.3223304703363));
#4295=CARTESIAN_POINT('Ctrl Pts',(-259.601790445466,-86.9970187390675,47.3223304703363));
#4296=CARTESIAN_POINT('Ctrl Pts',(-259.105531901319,-87.6656554685746,47.2088171895965));
#4297=CARTESIAN_POINT('Ctrl Pts',(-258.237770447691,-88.9476187466118,46.6798636366093));
#4298=CARTESIAN_POINT('Ctrl Pts',(-257.865276919393,-89.5595947078006,46.2627778432027));
#4299=CARTESIAN_POINT('Ctrl Pts',(-257.359483333103,-90.4422557063955,45.3201835271783));
#4300=CARTESIAN_POINT('Ctrl Pts',(-257.169161840323,-90.7985732090475,44.7840291101794));
#4301=CARTESIAN_POINT('Ctrl Pts',(-256.920196311258,-91.2775155023273,43.5938695050021));
#4302=CARTESIAN_POINT('Ctrl Pts',(-256.86014130556,-91.3995387648306,42.9399179015467));
#4303=CARTESIAN_POINT('Ctrl Pts',(-256.86014130556,-91.3995387648306,42.3223304703363));
#4304=CARTESIAN_POINT('Ctrl Pts',(-256.86014130556,-91.3995387648306,42.3223304703363));
#4305=CARTESIAN_POINT('Ctrl Pts',(-256.86014130556,-91.3995387648306,41.7047430391259));
#4306=CARTESIAN_POINT('Ctrl Pts',(-256.920196311258,-91.2775155023273,41.0507914356705));
#4307=CARTESIAN_POINT('Ctrl Pts',(-257.169161840323,-90.7985732090475,39.8606318304933));
#4308=CARTESIAN_POINT('Ctrl Pts',(-257.359483333103,-90.4422557063955,39.3244774134943));
#4309=CARTESIAN_POINT('Ctrl Pts',(-257.865276919393,-89.5595947078006,38.38188309747));
#4310=CARTESIAN_POINT('Ctrl Pts',(-258.237770447691,-88.9476187466118,37.9647973040633));
#4311=CARTESIAN_POINT('Ctrl Pts',(-259.105531901319,-87.6656554685746,37.4358437510762));
#4312=CARTESIAN_POINT('Ctrl Pts',(-259.601790445466,-86.9970187390675,37.3223304703363));
#4313=CARTESIAN_POINT('Ctrl Pts',(-260.654417086795,-85.6991230601404,37.3223304703363));
#4314=CARTESIAN_POINT('Ctrl Pts',(-261.301472310637,-84.9778014724766,37.4753683275387));
#4315=CARTESIAN_POINT('Ctrl Pts',(-262.600088221064,-83.6726586321791,38.0704479908238));
#4316=CARTESIAN_POINT('Ctrl Pts',(-263.25149529338,-83.0875247186551,38.5099426039189));
#4317=CARTESIAN_POINT('Ctrl Pts',(-264.206096927347,-82.289570190817,39.4298800523617));
#4318=CARTESIAN_POINT('Ctrl Pts',(-264.609326755881,-81.9744379725728,39.9175853634549));
#4319=CARTESIAN_POINT('Ctrl Pts',(-265.052775898638,-81.640590596752,40.759163696764));
#4320=CARTESIAN_POINT('Ctrl Pts',(-265.173942073094,-81.5516915083039,41.0581465624383));
#4321=CARTESIAN_POINT('Ctrl Pts',(-265.339494448875,-81.431136483555,41.6783097216015));
#4322=CARTESIAN_POINT('Ctrl Pts',(-265.383644375057,-81.3995387648306,41.9995643796274));
#4323=CARTESIAN_POINT('Ctrl Pts',(-265.383644375057,-81.3995387648306,42.3223304703363));
#4324=CARTESIAN_POINT('',(-248.68577376321,-91.3995387648306,42.3223304703363));
#4325=CARTESIAN_POINT('',(-281.469505549017,-91.3995387648306,42.3223304703363));
#4326=CARTESIAN_POINT('',(-254.487268033682,-81.3995387648306,42.3223304703363));
#4327=CARTESIAN_POINT('Ctrl Pts',(-254.487268033682,-81.3995387648306,42.3223304703363));
#4328=CARTESIAN_POINT('Ctrl Pts',(-254.487268033682,-81.3995387648306,41.6919287822944));
#4329=CARTESIAN_POINT('Ctrl Pts',(-254.381280797631,-81.5260447991874,41.0365372764584));
#4330=CARTESIAN_POINT('Ctrl Pts',(-253.997109093347,-82.0029173776983,39.8577954990735));
#4331=CARTESIAN_POINT('Ctrl Pts',(-253.72180161527,-82.3523102415864,39.3331159867536));
#4332=CARTESIAN_POINT('Ctrl Pts',(-253.090642012445,-83.1946383535608,38.4253366904695));
#4333=CARTESIAN_POINT('Ctrl Pts',(-252.676016959171,-83.773603114889,38.0112808753203));
#4334=CARTESIAN_POINT('Ctrl Pts',(-251.834389510735,-85.0456919394459,37.459431545272));
#4335=CARTESIAN_POINT('Ctrl Pts',(-251.40803581683,-85.7395452986611,37.3223304703363));
#4336=CARTESIAN_POINT('Ctrl Pts',(-250.683407743324,-87.0117739388282,37.3223304703363));
#4337=CARTESIAN_POINT('Ctrl Pts',(-250.328627789179,-87.6822064949654,37.4417263189335));
#4338=CARTESIAN_POINT('Ctrl Pts',(-249.710416671941,-88.9429747858501,37.9638367174303));
#4339=CARTESIAN_POINT('Ctrl Pts',(-249.446120718008,-89.5325112538078,38.3674562779965));
#4340=CARTESIAN_POINT('Ctrl Pts',(-249.070043616856,-90.4150565520465,39.2839701118081));
#4341=CARTESIAN_POINT('Ctrl Pts',(-248.923067950809,-90.7835377309073,39.8311367501524));
#4342=CARTESIAN_POINT('Ctrl Pts',(-248.731469107092,-91.2759297215949,41.0392456532435));
#4343=CARTESIAN_POINT('Ctrl Pts',(-248.68577376321,-91.3995387648306,41.7001406142413));
#4344=CARTESIAN_POINT('Ctrl Pts',(-248.68577376321,-91.3995387648306,42.3223304703363));
#4345=CARTESIAN_POINT('Ctrl Pts',(-248.68577376321,-91.3995387648306,42.3223304703363));
#4346=CARTESIAN_POINT('Ctrl Pts',(-248.68577376321,-91.3995387648306,42.9445203264313));
#4347=CARTESIAN_POINT('Ctrl Pts',(-248.731469107092,-91.2759297215949,43.6054152874291));
#4348=CARTESIAN_POINT('Ctrl Pts',(-248.923067950809,-90.7835377309073,44.8135241905202));
#4349=CARTESIAN_POINT('Ctrl Pts',(-249.070043616856,-90.4150565520465,45.3606908288646));
#4350=CARTESIAN_POINT('Ctrl Pts',(-249.446120718008,-89.5325112538078,46.2772046626762));
#4351=CARTESIAN_POINT('Ctrl Pts',(-249.710416671941,-88.9429747858501,46.6808242232423));
#4352=CARTESIAN_POINT('Ctrl Pts',(-250.328627789179,-87.6822064949654,47.2029346217391));
#4353=CARTESIAN_POINT('Ctrl Pts',(-250.683407743324,-87.0117739388282,47.3223304703363));
#4354=CARTESIAN_POINT('Ctrl Pts',(-251.40803581683,-85.7395452986611,47.3223304703363));
#4355=CARTESIAN_POINT('Ctrl Pts',(-251.834389510735,-85.0456919394459,47.1852293954007));
#4356=CARTESIAN_POINT('Ctrl Pts',(-252.676016959171,-83.773603114889,46.6333800653524));
#4357=CARTESIAN_POINT('Ctrl Pts',(-253.090642012445,-83.1946383535608,46.2193242502032));
#4358=CARTESIAN_POINT('Ctrl Pts',(-253.721801615269,-82.3523102415864,45.3115449539191));
#4359=CARTESIAN_POINT('Ctrl Pts',(-253.997109093347,-82.0029173776983,44.7868654415992));
#4360=CARTESIAN_POINT('Ctrl Pts',(-254.381280797631,-81.5260447991874,43.6081236642142));
#4361=CARTESIAN_POINT('Ctrl Pts',(-254.487268033682,-81.3995387648306,42.9527321583783));
#4362=CARTESIAN_POINT('Ctrl Pts',(-254.487268033682,-81.3995387648306,42.3223304703363));
#4363=CARTESIAN_POINT('Origin',(-286.444900505596,-72.4718605864781,9.37553788689223));
#4364=CARTESIAN_POINT('',(-285.194900505596,-72.4718605864781,9.));
#4365=CARTESIAN_POINT('Origin',(-286.444900505596,-72.4718605864781,9.));
#4366=CARTESIAN_POINT('',(-286.444900505596,-72.4718605864781,9.75107577378445));
#4367=CARTESIAN_POINT('',(-285.819900505596,-72.4718605864781,9.37553788689223));
#4368=CARTESIAN_POINT('Origin',(-286.444900505596,-72.4718605864781,-2.));
#4369=CARTESIAN_POINT('',(-284.694900505596,-72.4718605864781,-2.));
#4370=CARTESIAN_POINT('Origin',(-286.444900505596,-72.4718605864781,-2.));
#4371=CARTESIAN_POINT('',(-285.194900505596,-72.4718605864781,-2.));
#4372=CARTESIAN_POINT('Origin',(-286.444900505596,-72.4718605864781,-2.));
#4373=CARTESIAN_POINT('Origin',(-286.444900505596,-72.4718605864781,-4.));
#4374=CARTESIAN_POINT('',(-284.694900505596,-72.4718605864781,-6.));
#4375=CARTESIAN_POINT('Origin',(-286.444900505596,-72.4718605864781,-6.));
#4376=CARTESIAN_POINT('',(-284.694900505596,-72.4718605864781,-4.));
#4377=CARTESIAN_POINT('Origin',(-286.444900505596,-72.4718605864781,1.5));
#4378=CARTESIAN_POINT('',(-285.194900505596,-72.4718605864781,1.5));
#4379=CARTESIAN_POINT('Origin',(-287.01045990642,20.4595444474877,9.37553788689223));
#4380=CARTESIAN_POINT('',(-285.76045990642,20.4595444474877,9.));
#4381=CARTESIAN_POINT('Origin',(-287.01045990642,20.4595444474877,9.));
#4382=CARTESIAN_POINT('',(-287.01045990642,20.4595444474877,9.75107577378445));
#4383=CARTESIAN_POINT('',(-286.38545990642,20.4595444474877,9.37553788689223));
#4384=CARTESIAN_POINT('Origin',(-287.01045990642,20.4595444474877,-2.));
#4385=CARTESIAN_POINT('',(-285.26045990642,20.4595444474877,-2.));
#4386=CARTESIAN_POINT('Origin',(-287.01045990642,20.4595444474877,-2.));
#4387=CARTESIAN_POINT('',(-285.76045990642,20.4595444474877,-2.));
#4388=CARTESIAN_POINT('Origin',(-287.01045990642,20.4595444474877,-2.));
#4389=CARTESIAN_POINT('Origin',(-287.01045990642,20.4595444474877,-4.));
#4390=CARTESIAN_POINT('',(-285.26045990642,20.4595444474877,-6.));
#4391=CARTESIAN_POINT('Origin',(-287.01045990642,20.4595444474877,-6.));
#4392=CARTESIAN_POINT('',(-285.26045990642,20.4595444474877,-4.));
#4393=CARTESIAN_POINT('Origin',(-287.01045990642,20.4595444474877,1.5));
#4394=CARTESIAN_POINT('',(-285.76045990642,20.4595444474877,1.5));
#4395=CARTESIAN_POINT('Origin',(-250.313816190229,80.9809293238505,9.37553788689223));
#4396=CARTESIAN_POINT('',(-249.063816190229,80.9809293238505,9.));
#4397=CARTESIAN_POINT('Origin',(-250.313816190229,80.9809293238505,9.));
#4398=CARTESIAN_POINT('',(-250.313816190229,80.9809293238505,9.75107577378445));
#4399=CARTESIAN_POINT('',(-249.688816190229,80.9809293238505,9.37553788689223));
#4400=CARTESIAN_POINT('Origin',(-250.313816190229,80.9809293238505,-2.));
#4401=CARTESIAN_POINT('',(-248.563816190229,80.9809293238505,-2.));
#4402=CARTESIAN_POINT('Origin',(-250.313816190229,80.9809293238505,-2.));
#4403=CARTESIAN_POINT('',(-249.063816190229,80.9809293238505,-2.));
#4404=CARTESIAN_POINT('Origin',(-250.313816190229,80.9809293238505,-2.));
#4405=CARTESIAN_POINT('Origin',(-250.313816190229,80.9809293238505,-4.));
#4406=CARTESIAN_POINT('',(-248.563816190229,80.9809293238505,-6.));
#4407=CARTESIAN_POINT('Origin',(-250.313816190229,80.9809293238505,-6.));
#4408=CARTESIAN_POINT('',(-248.563816190229,80.9809293238505,-4.));
#4409=CARTESIAN_POINT('Origin',(-250.313816190229,80.9809293238505,1.5));
#4410=CARTESIAN_POINT('',(-249.063816190229,80.9809293238505,1.5));
#4411=CARTESIAN_POINT('Origin',(-286.444900505596,52.4545462847148,9.37553788689223));
#4412=CARTESIAN_POINT('',(-285.194900505596,52.4545462847148,9.));
#4413=CARTESIAN_POINT('Origin',(-286.444900505596,52.4545462847148,9.));
#4414=CARTESIAN_POINT('',(-286.444900505596,52.4545462847148,9.75107577378445));
#4415=CARTESIAN_POINT('',(-285.819900505596,52.4545462847148,9.37553788689223));
#4416=CARTESIAN_POINT('Origin',(-286.444900505596,52.4545462847148,-2.));
#4417=CARTESIAN_POINT('',(-284.694900505596,52.4545462847148,-2.));
#4418=CARTESIAN_POINT('Origin',(-286.444900505596,52.4545462847148,-2.));
#4419=CARTESIAN_POINT('',(-285.194900505596,52.4545462847148,-2.));
#4420=CARTESIAN_POINT('Origin',(-286.444900505596,52.4545462847148,-2.));
#4421=CARTESIAN_POINT('Origin',(-286.444900505596,52.4545462847148,-4.));
#4422=CARTESIAN_POINT('',(-284.694900505596,52.4545462847148,-6.));
#4423=CARTESIAN_POINT('Origin',(-286.444900505596,52.4545462847148,-6.));
#4424=CARTESIAN_POINT('',(-284.694900505596,52.4545462847148,-4.));
#4425=CARTESIAN_POINT('Origin',(-286.444900505596,52.4545462847148,1.5));
#4426=CARTESIAN_POINT('',(-285.194900505596,52.4545462847148,1.5));
#4427=CARTESIAN_POINT('Origin',(-287.010835994962,-40.4768653993884,9.37553788689223));
#4428=CARTESIAN_POINT('',(-285.760835994962,-40.4768653993884,9.));
#4429=CARTESIAN_POINT('Origin',(-287.010835994962,-40.4768653993884,9.));
#4430=CARTESIAN_POINT('',(-287.010835994962,-40.4768653993884,9.75107577378445));
#4431=CARTESIAN_POINT('',(-286.385835994962,-40.4768653993884,9.37553788689223));
#4432=CARTESIAN_POINT('Origin',(-287.010835994962,-40.4768653993884,-2.));
#4433=CARTESIAN_POINT('',(-285.260835994962,-40.4768653993884,-2.));
#4434=CARTESIAN_POINT('Origin',(-287.010835994962,-40.4768653993884,-2.));
#4435=CARTESIAN_POINT('',(-285.760835994962,-40.4768653993884,-2.));
#4436=CARTESIAN_POINT('Origin',(-287.010835994962,-40.4768653993884,-2.));
#4437=CARTESIAN_POINT('Origin',(-287.010835994962,-40.4768653993884,-4.));
#4438=CARTESIAN_POINT('',(-285.260835994962,-40.4768653993884,-6.));
#4439=CARTESIAN_POINT('Origin',(-287.010835994962,-40.4768653993884,-6.));
#4440=CARTESIAN_POINT('',(-285.260835994962,-40.4768653993884,-4.));
#4441=CARTESIAN_POINT('Origin',(-287.010835994962,-40.4768653993884,1.5));
#4442=CARTESIAN_POINT('',(-285.760835994962,-40.4768653993884,1.5));
#4443=CARTESIAN_POINT('Origin',(-250.313816190229,-100.998243625614,9.37553788689223));
#4444=CARTESIAN_POINT('',(-249.063816190229,-100.998243625614,9.));
#4445=CARTESIAN_POINT('Origin',(-250.313816190229,-100.998243625614,9.));
#4446=CARTESIAN_POINT('',(-250.313816190229,-100.998243625614,9.75107577378445));
#4447=CARTESIAN_POINT('',(-249.688816190229,-100.998243625614,9.37553788689223));
#4448=CARTESIAN_POINT('Origin',(-250.313816190229,-100.998243625614,-2.));
#4449=CARTESIAN_POINT('',(-248.563816190229,-100.998243625614,-2.));
#4450=CARTESIAN_POINT('Origin',(-250.313816190229,-100.998243625614,-2.));
#4451=CARTESIAN_POINT('',(-249.063816190229,-100.998243625614,-2.));
#4452=CARTESIAN_POINT('Origin',(-250.313816190229,-100.998243625614,-2.));
#4453=CARTESIAN_POINT('Origin',(-250.313816190229,-100.998243625614,-4.));
#4454=CARTESIAN_POINT('',(-248.563816190229,-100.998243625614,-6.));
#4455=CARTESIAN_POINT('Origin',(-250.313816190229,-100.998243625614,-6.));
#4456=CARTESIAN_POINT('',(-248.563816190229,-100.998243625614,-4.));
#4457=CARTESIAN_POINT('Origin',(-250.313816190229,-100.998243625614,1.5));
#4458=CARTESIAN_POINT('',(-249.063816190229,-100.998243625614,1.5));
#4459=CARTESIAN_POINT('Origin',(-286.600774348386,-109.361584673281,5.29999999999993));
#4460=CARTESIAN_POINT('',(-255.610565253057,-94.2965159211944,5.3));
#4461=CARTESIAN_POINT('',(-273.918203561269,-77.2719299039933,5.29999999999976));
#4462=CARTESIAN_POINT('Origin',(-281.444900505596,-103.721860586478,5.29999999999993));
#4463=CARTESIAN_POINT('',(-293.135445499215,-134.396477380063,5.30000000000008));
#4464=CARTESIAN_POINT('',(-268.966513504078,-108.568993450751,5.30000000000003));
#4465=CARTESIAN_POINT('',(-298.636057593727,-135.687640352996,5.30000000000005));
#4466=CARTESIAN_POINT('',(-287.253942206886,-133.015907518791,5.3000000000001));
#4467=CARTESIAN_POINT('',(-301.108393337532,-136.267973653037,5.30000000000004));
#4468=CARTESIAN_POINT('Origin',(-300.493348924745,-133.331697036249,5.29999999999998));
#4469=CARTESIAN_POINT('',(-301.910810184925,-136.456325586315,5.30000000000004));
#4470=CARTESIAN_POINT('',(-291.240416126044,-133.951655655278,5.30000000000008));
#4471=CARTESIAN_POINT('',(-312.863244334236,-126.207218981103,5.29999999999989));
#4472=CARTESIAN_POINT('',(-304.588430344757,-133.95065295754,5.3));
#4473=CARTESIAN_POINT('',(-312.72848579288,-125.394083455325,5.29999999999989));
#4474=CARTESIAN_POINT('',(-311.153655153255,-115.891526309255,5.29999999999982));
#4475=CARTESIAN_POINT('',(-312.31327970684,-122.88872226872,5.29999999999987));
#4476=CARTESIAN_POINT('Origin',(-309.839426065491,-124.585792733134,5.29999999999989));
#4477=CARTESIAN_POINT('',(-311.389502414734,-117.314633038043,5.29999999999983));
#4478=CARTESIAN_POINT('',(-310.878672839556,-114.232277953064,5.29999999999981));
#4479=CARTESIAN_POINT('',(-303.619140987936,-109.011043747628,5.29999999999982));
#4480=CARTESIAN_POINT('',(-277.678420854703,-90.1295056460502,5.29999999999987));
#4481=CARTESIAN_POINT('Origin',(-275.678420854703,-90.1295056001811,5.29999999999989));
#4482=CARTESIAN_POINT('',(-270.376798088495,-96.9622433828582,5.29999999999994));
#4483=CARTESIAN_POINT('Origin',(-268.376798088495,-96.9622433369892,5.29999999999996));
#4484=CARTESIAN_POINT('',(-303.173939225174,-132.010032660654,5.29999999999996));
#4485=CARTESIAN_POINT('Origin',(-301.173939225174,-132.010032614785,5.29999999999997));
#4486=CARTESIAN_POINT('',(-310.475561991381,-125.177294923846,5.29999999999989));
#4487=CARTESIAN_POINT('Origin',(-308.475561991381,-125.177294877977,5.2999999999999));
#4488=CARTESIAN_POINT('',(-294.778310621612,-132.859111389282,5.30000000000006));
#4489=CARTESIAN_POINT('',(-267.105722787539,-103.287539186141,5.3));
#4490=CARTESIAN_POINT('',(-287.007949194814,-124.555522098867,5.30000000000004));
#4491=CARTESIAN_POINT('',(-282.074049458265,-89.2804268256847,5.2999999999998));
#4492=CARTESIAN_POINT('',(-270.787316077725,-99.8423651185556,5.29999999999995));
#4493=CARTESIAN_POINT('',(-309.746637292337,-118.851999028825,5.29999999999986));
#4494=CARTESIAN_POINT('',(-288.139981948503,-95.7626236368402,5.29999999999981));
#4495=CARTESIAN_POINT('',(-305.94406724716,-122.410381141468,5.2999999999999));
#4496=CARTESIAN_POINT('Origin',(-260.338304362537,-99.3486881022673,15.3));
#4497=CARTESIAN_POINT('',(-255.610565253057,-94.2965159211943,15.3));
#4498=CARTESIAN_POINT('',(-255.610565253057,-94.2965159211945,-6.));
#4499=CARTESIAN_POINT('',(-293.135445499215,-134.396477380063,15.3000000000001));
#4500=CARTESIAN_POINT('',(-268.966513504078,-108.568993450751,15.3));
#4501=CARTESIAN_POINT('',(-293.135445499215,-134.396477380063,15.3000000000001));
#4502=CARTESIAN_POINT('Origin',(-275.678420854703,-90.129505600181,15.2999999999999));
#4503=CARTESIAN_POINT('',(-277.678420854703,-90.1295056460501,15.2999999999999));
#4504=CARTESIAN_POINT('',(-277.678420854703,-90.1295056460501,15.2999999999999));
#4505=CARTESIAN_POINT('Origin',(-275.678420854703,-90.129505600181,15.2999999999999));
#4506=CARTESIAN_POINT('Origin',(-268.376798088495,-96.9622433369891,15.3));
#4507=CARTESIAN_POINT('',(-270.376798088495,-96.9622433828582,15.2999999999999));
#4508=CARTESIAN_POINT('',(-270.376798088495,-96.9622433828582,15.2999999999999));
#4509=CARTESIAN_POINT('Origin',(-268.376798088495,-96.9622433369891,15.3));
#4510=CARTESIAN_POINT('Origin',(-301.173939225174,-132.010032614785,15.3));
#4511=CARTESIAN_POINT('',(-303.173939225174,-132.010032660654,15.3));
#4512=CARTESIAN_POINT('',(-303.173939225174,-132.010032660654,15.3));
#4513=CARTESIAN_POINT('Origin',(-301.173939225174,-132.010032614785,15.3));
#4514=CARTESIAN_POINT('Origin',(-308.475561991381,-125.177294877977,15.2999999999999));
#4515=CARTESIAN_POINT('',(-310.475561991382,-125.177294923846,15.2999999999999));
#4516=CARTESIAN_POINT('',(-310.475561991381,-125.177294923846,15.2999999999999));
#4517=CARTESIAN_POINT('Origin',(-308.475561991381,-125.177294877977,15.2999999999999));
#4518=CARTESIAN_POINT('Origin',(-309.746637292337,-118.851999028825,15.2999999999999));
#4519=CARTESIAN_POINT('',(-294.778310621612,-132.859111389282,15.3000000000001));
#4520=CARTESIAN_POINT('',(-309.746637292337,-118.851999028825,15.2999999999999));
#4521=CARTESIAN_POINT('',(-305.94406724716,-122.410381141468,15.2999999999999));
#4522=CARTESIAN_POINT('',(-294.778310621612,-132.859111389282,15.3000000000001));
#4523=CARTESIAN_POINT('',(-309.746637292337,-118.851999028825,15.2999999999999));
#4524=CARTESIAN_POINT('Origin',(-282.074049458265,-89.2804268256846,15.2999999999998));
#4525=CARTESIAN_POINT('',(-282.074049458265,-89.2804268256846,15.2999999999998));
#4526=CARTESIAN_POINT('',(-288.139981948503,-95.7626236368402,15.2999999999998));
#4527=CARTESIAN_POINT('',(-282.074049458265,-89.2804268256846,15.2999999999998));
#4528=CARTESIAN_POINT('Origin',(-267.105722787539,-103.287539186141,15.3));
#4529=CARTESIAN_POINT('',(-267.105722787539,-103.287539186141,15.3));
#4530=CARTESIAN_POINT('',(-270.787316077725,-99.8423651185556,15.3));
#4531=CARTESIAN_POINT('',(-267.105722787539,-103.287539186141,15.3));
#4532=CARTESIAN_POINT('Origin',(-294.778310621612,-132.859111389282,15.3000000000001));
#4533=CARTESIAN_POINT('',(-287.007949194814,-124.555522098867,15.3));
#4534=CARTESIAN_POINT('Origin',(-311.389502414735,-117.314633038043,15.2999999999998));
#4535=CARTESIAN_POINT('',(-273.918203561269,-77.2719299039932,15.2999999999998));
#4536=CARTESIAN_POINT('',(-273.918203561269,-77.2719299039933,-6.));
#4537=CARTESIAN_POINT('',(-311.389502414734,-117.314633038043,15.2999999999998));
#4538=CARTESIAN_POINT('',(-311.389502414734,-117.314633038043,15.2999999999998));
#4539=CARTESIAN_POINT('',(-303.619140987936,-109.011043747628,15.2999999999998));
#4540=CARTESIAN_POINT('Origin',(-312.31327970684,-122.88872226872,15.2999999999999));
#4541=CARTESIAN_POINT('',(-312.31327970684,-122.88872226872,15.2999999999999));
#4542=CARTESIAN_POINT('',(-310.878672839556,-114.232277953064,15.2999999999998));
#4543=CARTESIAN_POINT('',(-312.31327970684,-122.88872226872,15.2999999999999));
#4544=CARTESIAN_POINT('Origin',(-309.839426065491,-124.585792733134,15.2999999999999));
#4545=CARTESIAN_POINT('',(-312.72848579288,-125.394083455325,15.2999999999999));
#4546=CARTESIAN_POINT('Origin',(-309.839426065491,-124.585792733134,15.2999999999999));
#4547=CARTESIAN_POINT('',(-312.72848579288,-125.394083455325,15.2999999999999));
#4548=CARTESIAN_POINT('Origin',(-312.863244334236,-126.207218981103,15.2999999999999));
#4549=CARTESIAN_POINT('',(-312.863244334236,-126.207218981103,15.2999999999999));
#4550=CARTESIAN_POINT('',(-311.153655153255,-115.891526309255,15.2999999999998));
#4551=CARTESIAN_POINT('',(-312.863244334236,-126.207218981103,15.2999999999999));
#4552=CARTESIAN_POINT('Origin',(-301.910810184925,-136.456325586315,15.3));
#4553=CARTESIAN_POINT('',(-301.910810184925,-136.456325586315,15.3));
#4554=CARTESIAN_POINT('',(-304.588430344757,-133.95065295754,15.3));
#4555=CARTESIAN_POINT('',(-301.910810184925,-136.456325586315,15.3));
#4556=CARTESIAN_POINT('Origin',(-301.108393337532,-136.267973653037,15.3));
#4557=CARTESIAN_POINT('',(-301.108393337532,-136.267973653037,15.3));
#4558=CARTESIAN_POINT('',(-291.240416126044,-133.951655655278,15.3000000000001));
#4559=CARTESIAN_POINT('',(-301.108393337532,-136.267973653037,15.3));
#4560=CARTESIAN_POINT('Origin',(-300.493348924745,-133.331697036249,15.3));
#4561=CARTESIAN_POINT('',(-298.636057593727,-135.687640352996,15.3000000000001));
#4562=CARTESIAN_POINT('Origin',(-300.493348924745,-133.331697036249,15.3));
#4563=CARTESIAN_POINT('',(-298.636057593727,-135.687640352996,15.3000000000001));
#4564=CARTESIAN_POINT('Origin',(-293.135445499215,-134.396477380063,15.3000000000001));
#4565=CARTESIAN_POINT('',(-287.253942206886,-133.015907518791,15.3000000000001));
#4566=CARTESIAN_POINT('Origin',(-286.600774348387,-109.361584673281,15.2999999999999));
#4567=CARTESIAN_POINT('Origin',(-281.444900505596,-103.721860586478,15.2999999999999));
#4568=CARTESIAN_POINT('Ctrl Pts',(-291.273700685776,-72.2232258854146,20.6446609406726));
#4569=CARTESIAN_POINT('Ctrl Pts',(-303.509668171094,-55.6743168169743,15.5297738809757));
#4570=CARTESIAN_POINT('Ctrl Pts',(-315.745635656412,-39.125407748534,10.4148868212787));
#4571=CARTESIAN_POINT('Ctrl Pts',(-327.981603141729,-22.5764986800936,5.29999976158177));
#4572=CARTESIAN_POINT('Ctrl Pts',(-291.350723451978,-67.5098099568434,20.6446609406726));
#4573=CARTESIAN_POINT('Ctrl Pts',(-302.227683348562,-52.5320395312602,15.5297738809757));
#4574=CARTESIAN_POINT('Ctrl Pts',(-313.104643245146,-37.5542691056769,10.4148868212787));
#4575=CARTESIAN_POINT('Ctrl Pts',(-323.981603141729,-22.5764986800936,5.29999976158177));
#4576=CARTESIAN_POINT('Ctrl Pts',(-291.42774621818,-62.7963940282722,20.6446609406726));
#4577=CARTESIAN_POINT('Ctrl Pts',(-300.94569852603,-49.389762245546,15.5297738809757));
#4578=CARTESIAN_POINT('Ctrl Pts',(-310.46365083388,-35.9831304628198,10.4148868212787));
#4579=CARTESIAN_POINT('Ctrl Pts',(-319.981603141729,-22.5764986800936,5.29999976158177));
#4580=CARTESIAN_POINT('Ctrl Pts',(-291.504768984382,-58.082978099701,20.6446609406726));
#4581=CARTESIAN_POINT('Ctrl Pts',(-299.663713703498,-46.2474849598319,15.5297738809757));
#4582=CARTESIAN_POINT('Ctrl Pts',(-307.822658422614,-34.4119918199628,10.4148868212787));
#4583=CARTESIAN_POINT('Ctrl Pts',(-315.981603141729,-22.5764986800936,5.29999976158177));
#4584=CARTESIAN_POINT('',(-291.273700685776,-72.2232258854146,20.6446609406726));
#4585=CARTESIAN_POINT('',(-291.504768984382,-58.082978099701,20.6446609406726));
#4586=CARTESIAN_POINT('Ctrl Pts',(-291.273700685776,-72.2232258854146,20.6446609406726));
#4587=CARTESIAN_POINT('Ctrl Pts',(-291.350723451978,-67.5098099568434,20.6446609406726));
#4588=CARTESIAN_POINT('Ctrl Pts',(-291.42774621818,-62.7963940282722,20.6446609406726));
#4589=CARTESIAN_POINT('Ctrl Pts',(-291.504768984382,-58.082978099701,20.6446609406726));
#4590=CARTESIAN_POINT('',(-327.981603141729,-22.5764986800937,5.30000000000015));
#4591=CARTESIAN_POINT('',(-291.273700685776,-72.2232258854146,20.6446609406726));
#4592=CARTESIAN_POINT('',(-315.981603141729,-22.5764986800937,5.29999976158177));
#4593=CARTESIAN_POINT('',(-292.609351306364,-22.5764986800937,5.30000000000015));
#4594=CARTESIAN_POINT('',(-291.504768984382,-58.082978099701,20.6446609406726));
#4595=CARTESIAN_POINT('Origin',(-291.504768984382,-58.082978099701,20.6446609406726));
#4596=CARTESIAN_POINT('',(-291.504768984382,-58.082978099701,34.7867965644036));
#4597=CARTESIAN_POINT('',(-291.504768984382,-58.0829780997011,7.32233047033631));
#4598=CARTESIAN_POINT('',(-315.981603141729,-22.5764986800935,15.2999997615818));
#4599=CARTESIAN_POINT('',(-315.981603141729,-22.5764986800936,17.972330470336));
#4600=CARTESIAN_POINT('',(-291.504768984382,-58.082978099701,34.7867965644036));
#4601=CARTESIAN_POINT('Ctrl Pts',(-291.504768984382,-58.082978099701,34.7867965644036));
#4602=CARTESIAN_POINT('Ctrl Pts',(-299.663713703498,-46.2474849598318,28.2911976301296));
#4603=CARTESIAN_POINT('Ctrl Pts',(-307.822658422614,-34.4119918199627,21.7955986958557));
#4604=CARTESIAN_POINT('Ctrl Pts',(-315.981603141729,-22.5764986800935,15.2999997615818));
#4605=CARTESIAN_POINT('Ctrl Pts',(-291.42774621818,-62.7963940282722,34.7867965644036));
#4606=CARTESIAN_POINT('Ctrl Pts',(-300.94569852603,-49.389762245546,28.2911976301297));
#4607=CARTESIAN_POINT('Ctrl Pts',(-310.46365083388,-35.9831304628197,21.7955986958557));
#4608=CARTESIAN_POINT('Ctrl Pts',(-319.981603141729,-22.5764986800936,15.2999997615818));
#4609=CARTESIAN_POINT('Ctrl Pts',(-291.350723451978,-67.5098099568434,34.7867965644036));
#4610=CARTESIAN_POINT('Ctrl Pts',(-302.227683348562,-52.5320395312601,28.2911976301296));
#4611=CARTESIAN_POINT('Ctrl Pts',(-313.104643245146,-37.5542691056769,21.7955986958557));
#4612=CARTESIAN_POINT('Ctrl Pts',(-323.981603141729,-22.5764986800935,15.2999997615818));
#4613=CARTESIAN_POINT('Ctrl Pts',(-291.273700685776,-72.2232258854146,34.7867965644036));
#4614=CARTESIAN_POINT('Ctrl Pts',(-303.509668171094,-55.6743168169743,28.2911976301296));
#4615=CARTESIAN_POINT('Ctrl Pts',(-315.745635656412,-39.1254077485339,21.7955986958557));
#4616=CARTESIAN_POINT('Ctrl Pts',(-327.981603141729,-22.5764986800936,15.2999997615818));
#4617=CARTESIAN_POINT('',(-291.273700685776,-72.2232258854146,34.7867965644036));
#4618=CARTESIAN_POINT('Ctrl Pts',(-291.504768984382,-58.082978099701,34.7867965644036));
#4619=CARTESIAN_POINT('Ctrl Pts',(-291.42774621818,-62.7963940282722,34.7867965644036));
#4620=CARTESIAN_POINT('Ctrl Pts',(-291.350723451978,-67.5098099568434,34.7867965644036));
#4621=CARTESIAN_POINT('Ctrl Pts',(-291.273700685776,-72.2232258854146,34.7867965644036));
#4622=CARTESIAN_POINT('',(-327.981603141729,-22.5764986800936,15.3000000000001));
#4623=CARTESIAN_POINT('',(-292.609351306364,-22.5764986800936,15.3000000000001));
#4624=CARTESIAN_POINT('',(-291.273700685776,-72.2232258854146,34.7867965644036));
#4625=CARTESIAN_POINT('Origin',(-291.273700685776,-72.2232258854146,34.7867965644036));
#4626=CARTESIAN_POINT('',(-291.273700685776,-72.2232258854147,14.3933982822018));
#4627=CARTESIAN_POINT('',(-327.981603141729,-22.5764986800936,15.3000000000001));
#4628=CARTESIAN_POINT('Origin',(-291.273700685776,-72.2232258854146,34.7867965644036));
#4629=CARTESIAN_POINT('',(-282.300324540276,-32.7709668282601,8.45087551606706));
#4630=CARTESIAN_POINT('',(-282.300324540276,-32.7709668282601,19.3014224112708));
#4631=CARTESIAN_POINT('',(-282.300324540276,-32.7709668282601,-6.));
#4632=CARTESIAN_POINT('',(-279.981603141729,-22.5764986800936,5.30000000000015));
#4633=CARTESIAN_POINT('',(-291.273700685776,-72.2232258854146,20.6446609406726));
#4634=CARTESIAN_POINT('',(-279.981603141729,-22.5764986800936,15.3000000000001));
#4635=CARTESIAN_POINT('',(-279.981603141729,-22.5764986800936,15.3000000000001));
#4636=CARTESIAN_POINT('',(-291.273700685776,-72.2232258854146,34.7867965644036));
#4637=CARTESIAN_POINT('Ctrl Pts',(-284.52387288129,-42.5469980291575,11.4724218005345));
#4638=CARTESIAN_POINT('Ctrl Pts',(-283.009782968103,-35.8901649128029,9.41494786702305));
#4639=CARTESIAN_POINT('Ctrl Pts',(-281.495693054916,-29.2333317964483,7.3574739335116));
#4640=CARTESIAN_POINT('Ctrl Pts',(-279.981603141729,-22.5764986800936,5.30000000000015));
#4641=CARTESIAN_POINT('Ctrl Pts',(-286.945847124024,-40.6510166617631,11.4724218005345));
#4642=CARTESIAN_POINT('Ctrl Pts',(-285.957765796592,-34.62617733454,9.41494786702305));
#4643=CARTESIAN_POINT('Ctrl Pts',(-284.969684469161,-28.6013380073168,7.35747393351159));
#4644=CARTESIAN_POINT('Ctrl Pts',(-283.981603141729,-22.5764986800936,5.30000000000015));
#4645=CARTESIAN_POINT('Ctrl Pts',(-289.367821366758,-38.7550352943688,11.4724218005345));
#4646=CARTESIAN_POINT('Ctrl Pts',(-288.905748625082,-33.3621897562771,9.41494786702305));
#4647=CARTESIAN_POINT('Ctrl Pts',(-288.443675883406,-27.9693442181854,7.3574739335116));
#4648=CARTESIAN_POINT('Ctrl Pts',(-287.981603141729,-22.5764986800936,5.30000000000015));
#4649=CARTESIAN_POINT('Ctrl Pts',(-291.789795609492,-36.8590539269744,11.4724218005345));
#4650=CARTESIAN_POINT('Ctrl Pts',(-291.853731453571,-32.0982021780142,9.41494786702305));
#4651=CARTESIAN_POINT('Ctrl Pts',(-291.91766729765,-27.3373504290539,7.3574739335116));
#4652=CARTESIAN_POINT('Ctrl Pts',(-291.981603141729,-22.5764986800936,5.30000000000015));
#4653=CARTESIAN_POINT('',(-291.789795609492,-36.8590539269744,11.4724218005345));
#4654=CARTESIAN_POINT('Ctrl Pts',(-291.789795609492,-36.8590539269744,11.4724218005345));
#4655=CARTESIAN_POINT('Ctrl Pts',(-290.638593322372,-36.6042967772674,10.9675543087108));
#4656=CARTESIAN_POINT('Ctrl Pts',(-289.292057833676,-36.2295717899722,10.5030820025095));
#4657=CARTESIAN_POINT('Ctrl Pts',(-285.897708931263,-34.9169836379659,9.45064243092099));
#4658=CARTESIAN_POINT('Ctrl Pts',(-284.042441153807,-33.9520091229419,8.94499614168264));
#4659=CARTESIAN_POINT('Ctrl Pts',(-282.300324540276,-32.7709668282601,8.45087551606707));
#4660=CARTESIAN_POINT('',(-291.981603141729,-22.5764986800937,5.30000000000015));
#4661=CARTESIAN_POINT('',(-291.504768984382,-58.082978099701,20.6446609406726));
#4662=CARTESIAN_POINT('',(-292.609351306364,-22.5764986800937,5.30000000000015));
#4663=CARTESIAN_POINT('Origin',(-291.504768984382,-58.082978099701,20.6446609406726));
#4664=CARTESIAN_POINT('',(-291.789795609492,-36.8590539269745,23.1386044762898));
#4665=CARTESIAN_POINT('',(-291.789795609492,-36.8590539269744,-6.));
#4666=CARTESIAN_POINT('',(-291.981603141729,-22.5764986800936,15.3000000000001));
#4667=CARTESIAN_POINT('',(-291.504768984382,-58.082978099701,34.7867965644036));
#4668=CARTESIAN_POINT('',(-291.981603141729,-22.5764986800935,17.9723304703362));
#4669=CARTESIAN_POINT('Ctrl Pts',(-291.789795609492,-36.8590539269745,23.1386044762898));
#4670=CARTESIAN_POINT('Ctrl Pts',(-291.853731453571,-32.0982021780142,20.5257363175266));
#4671=CARTESIAN_POINT('Ctrl Pts',(-291.91766729765,-27.3373504290539,17.9128681587634));
#4672=CARTESIAN_POINT('Ctrl Pts',(-291.981603141729,-22.5764986800936,15.3000000000001));
#4673=CARTESIAN_POINT('Ctrl Pts',(-289.367821366758,-38.7550352943688,23.1386044762898));
#4674=CARTESIAN_POINT('Ctrl Pts',(-288.905748625082,-33.3621897562771,20.5257363175266));
#4675=CARTESIAN_POINT('Ctrl Pts',(-288.443675883406,-27.9693442181853,17.9128681587634));
#4676=CARTESIAN_POINT('Ctrl Pts',(-287.981603141729,-22.5764986800936,15.3000000000001));
#4677=CARTESIAN_POINT('Ctrl Pts',(-286.945847124024,-40.6510166617632,23.1386044762898));
#4678=CARTESIAN_POINT('Ctrl Pts',(-285.957765796593,-34.62617733454,20.5257363175266));
#4679=CARTESIAN_POINT('Ctrl Pts',(-284.969684469161,-28.6013380073168,17.9128681587634));
#4680=CARTESIAN_POINT('Ctrl Pts',(-283.981603141729,-22.5764986800936,15.3000000000001));
#4681=CARTESIAN_POINT('Ctrl Pts',(-284.52387288129,-42.5469980291575,23.1386044762898));
#4682=CARTESIAN_POINT('Ctrl Pts',(-283.009782968103,-35.8901649128029,20.5257363175266));
#4683=CARTESIAN_POINT('Ctrl Pts',(-281.495693054916,-29.2333317964482,17.9128681587634));
#4684=CARTESIAN_POINT('Ctrl Pts',(-279.981603141729,-22.5764986800936,15.3000000000001));
#4685=CARTESIAN_POINT('Ctrl Pts',(-282.300324540276,-32.7709668282601,19.3014224112708));
#4686=CARTESIAN_POINT('Ctrl Pts',(-283.930195142025,-33.8759135927717,19.8884953221262));
#4687=CARTESIAN_POINT('Ctrl Pts',(-285.655761998857,-34.7893155897628,20.4889645950978));
#4688=CARTESIAN_POINT('Ctrl Pts',(-289.058582134134,-36.1642449016231,21.8060926257704));
#4689=CARTESIAN_POINT('Ctrl Pts',(-290.5410301375,-36.5827063763689,22.4431162207359));
#4690=CARTESIAN_POINT('Ctrl Pts',(-291.789795609492,-36.8590539269745,23.1386044762898));
#4691=CARTESIAN_POINT('',(-292.609351306364,-22.5764986800936,15.3000000000001));
#4692=CARTESIAN_POINT('Origin',(-279.981603141729,-22.5764986800936,15.3000000000001));
#4693=CARTESIAN_POINT('',(-292.609351306364,-22.5764986800937,5.30000000000015));
#4694=CARTESIAN_POINT('',(-292.609351306364,-22.5764986800936,15.3000000000001));
#4695=CARTESIAN_POINT('Origin',(-283.731603141729,-5.07649868009363,15.3));
#4696=CARTESIAN_POINT('',(-285.098150722583,-3.61617415819335,5.3));
#4697=CARTESIAN_POINT('Origin',(-283.731603141729,-5.07649868009374,5.3));
#4698=CARTESIAN_POINT('',(-285.098150722583,-3.61617415819328,15.3));
#4699=CARTESIAN_POINT('',(-285.098150722583,-3.61617415819327,15.3));
#4700=CARTESIAN_POINT('Origin',(-283.731603141729,-5.07649868009363,15.3));
#4701=CARTESIAN_POINT('Origin',(-283.731603141729,-15.0764986800937,15.3000000000001));
#4702=CARTESIAN_POINT('',(-285.098150722583,-13.6161741581934,5.30000000000007));
#4703=CARTESIAN_POINT('Origin',(-283.731603141729,-15.0764986800938,5.30000000000008));
#4704=CARTESIAN_POINT('',(-285.098150722583,-13.6161741581933,15.3000000000001));
#4705=CARTESIAN_POINT('',(-285.098150722583,-13.6161741581933,15.3000000000001));
#4706=CARTESIAN_POINT('Origin',(-283.731603141729,-15.0764986800937,15.3000000000001));
#4707=CARTESIAN_POINT('Origin',(-331.731603141729,-15.0764986800936,15.3));
#4708=CARTESIAN_POINT('',(-333.098150722583,-13.6161741581933,5.30000000000002));
#4709=CARTESIAN_POINT('Origin',(-331.731603141729,-15.0764986800937,5.30000000000003));
#4710=CARTESIAN_POINT('',(-333.098150722583,-13.6161741581932,15.3));
#4711=CARTESIAN_POINT('',(-333.098150722583,-13.6161741581932,15.3));
#4712=CARTESIAN_POINT('Origin',(-331.731603141729,-15.0764986800936,15.3));
#4713=CARTESIAN_POINT('Origin',(-331.731603141729,-5.07649868009352,15.3));
#4714=CARTESIAN_POINT('',(-333.098150722583,-3.61617415819325,5.29999999999994));
#4715=CARTESIAN_POINT('Origin',(-331.731603141729,-5.07649868009363,5.29999999999995));
#4716=CARTESIAN_POINT('',(-333.098150722583,-3.61617415819314,15.2999999999999));
#4717=CARTESIAN_POINT('',(-333.098150722583,-3.61617415819315,15.2999999999999));
#4718=CARTESIAN_POINT('Origin',(-331.731603141729,-5.07649868009352,15.3));
#4719=CARTESIAN_POINT('Origin',(-327.981603141729,0.173501319906428,15.2999999999999));
#4720=CARTESIAN_POINT('',(-327.981603141729,-20.3264986800936,15.3000000000001));
#4721=CARTESIAN_POINT('',(-327.981603141729,0.173501319906428,15.2999999999999));
#4722=CARTESIAN_POINT('',(-327.981603141729,-5.03434105559357,15.3));
#4723=CARTESIAN_POINT('',(-327.981603141729,-20.3264986800937,5.30000000000013));
#4724=CARTESIAN_POINT('',(-327.981603141729,-20.3264986800936,15.3000000000001));
#4725=CARTESIAN_POINT('',(-327.981603141729,0.173501319906357,5.29999999999992));
#4726=CARTESIAN_POINT('',(-327.981603141729,-5.03434105559368,5.29999999999997));
#4727=CARTESIAN_POINT('',(-327.981603141729,0.173501319906428,15.2999999999999));
#4728=CARTESIAN_POINT('Origin',(-287.481603141729,0.173501319906428,15.2999999999999));
#4729=CARTESIAN_POINT('',(-287.481603141729,0.173501319906393,15.2999999999999));
#4730=CARTESIAN_POINT('',(-296.359351306364,0.173501319906428,15.2999999999999));
#4731=CARTESIAN_POINT('',(-287.481603141729,0.173501319906286,5.29999999999992));
#4732=CARTESIAN_POINT('',(-296.359351306364,0.173501319906322,5.29999999999992));
#4733=CARTESIAN_POINT('',(-287.481603141729,0.173501319906393,15.2999999999999));
#4734=CARTESIAN_POINT('Origin',(-287.481603141729,-20.3264986800935,15.3000000000001));
#4735=CARTESIAN_POINT('',(-287.481603141729,-20.3264986800935,15.3000000000001));
#4736=CARTESIAN_POINT('',(-287.481603141729,-15.2843410555936,15.3000000000001));
#4737=CARTESIAN_POINT('',(-287.481603141729,-20.3264986800937,5.30000000000013));
#4738=CARTESIAN_POINT('',(-287.481603141729,-15.2843410555937,5.30000000000008));
#4739=CARTESIAN_POINT('',(-287.481603141729,-20.3264986800935,15.3000000000001));
#4740=CARTESIAN_POINT('Origin',(-327.981603141729,-20.3264986800935,15.3000000000001));
#4741=CARTESIAN_POINT('',(-316.609351306364,-20.3264986800935,15.3000000000001));
#4742=CARTESIAN_POINT('',(-316.609351306364,-20.3264986800937,5.30000000000013));
#4743=CARTESIAN_POINT('Origin',(-327.981603141729,2.42350131990712,15.2999999999999));
#4744=CARTESIAN_POINT('',(-291.981603141729,2.42350131990652,5.2999999999999));
#4745=CARTESIAN_POINT('',(-291.981603141729,2.42350131990654,15.2999999999999));
#4746=CARTESIAN_POINT('',(-291.981603141729,2.42350131990651,5.29999976158125));
#4747=CARTESIAN_POINT('',(-315.981603141729,2.4235013199068,5.29999976158129));
#4748=CARTESIAN_POINT('',(-316.609351306364,2.4235013199068,5.29999999999989));
#4749=CARTESIAN_POINT('',(-315.981603141729,2.42350131990694,15.2999997615813));
#4750=CARTESIAN_POINT('',(-315.981603141729,2.42350131990683,5.29999976158129));
#4751=CARTESIAN_POINT('',(-316.609351306364,2.42350131990694,15.2999999999999));
#4752=CARTESIAN_POINT('Origin',(-332.682785620905,-0.710620332877561,15.2999999999999));
#4753=CARTESIAN_POINT('',(-327.981603141729,2.4235013199071,15.2999997615813));
#4754=CARTESIAN_POINT('',(-332.682785620905,-0.710620332877561,15.2999999999999));
#4755=CARTESIAN_POINT('',(-325.381947283988,4.15660522506755,15.2999999999999));
#4756=CARTESIAN_POINT('',(-327.981603141729,2.42350131990698,5.29999976158129));
#4757=CARTESIAN_POINT('',(-327.981603141729,2.42350131990701,5.29999976158129));
#4758=CARTESIAN_POINT('',(-332.682785620905,-0.710620332877703,5.29999999999992));
#4759=CARTESIAN_POINT('',(-325.381947283988,4.15660522506744,5.29999999999988));
#4760=CARTESIAN_POINT('',(-332.682785620905,-0.710620332877561,15.2999999999999));
#4761=CARTESIAN_POINT('Origin',(-332.231603141729,-3.67649868009355,15.2999999999999));
#4762=CARTESIAN_POINT('',(-334.795805277938,-2.11930010423256,15.2999999999999));
#4763=CARTESIAN_POINT('Origin',(-332.231603141729,-3.67649868009355,15.2999999999999));
#4764=CARTESIAN_POINT('',(-334.795805277938,-2.11930010423266,5.29999999999994));
#4765=CARTESIAN_POINT('Origin',(-332.231603141729,-3.67649868009366,5.29999999999994));
#4766=CARTESIAN_POINT('',(-334.795805277938,-2.11930010423256,15.2999999999999));
#4767=CARTESIAN_POINT('Origin',(-335.481603141729,-2.57649868009349,15.2999999999999));
#4768=CARTESIAN_POINT('',(-335.481603141729,-2.57649868009352,15.2999999999999));
#4769=CARTESIAN_POINT('',(-326.7813560444,3.22366605145955,15.2999999999999));
#4770=CARTESIAN_POINT('',(-335.481603141729,-2.57649868009359,5.29999999999994));
#4771=CARTESIAN_POINT('',(-326.7813560444,3.22366605145952,5.29999999999989));
#4772=CARTESIAN_POINT('',(-335.481603141729,-2.57649868009352,15.2999999999999));
#4773=CARTESIAN_POINT('Origin',(-335.481603141729,-17.5764986800936,15.3000000000001));
#4774=CARTESIAN_POINT('',(-335.481603141729,-17.5764986800936,15.3000000000001));
#4775=CARTESIAN_POINT('',(-335.481603141729,-13.9093410555935,15.3000000000001));
#4776=CARTESIAN_POINT('',(-335.481603141729,-17.5764986800937,5.3000000000001));
#4777=CARTESIAN_POINT('',(-335.481603141729,-13.9093410555936,5.30000000000006));
#4778=CARTESIAN_POINT('',(-335.481603141729,-17.5764986800936,15.3000000000001));
#4779=CARTESIAN_POINT('Origin',(-334.795805277938,-18.0336972559546,15.3000000000001));
#4780=CARTESIAN_POINT('',(-334.795805277938,-18.0336972559546,15.3000000000001));
#4781=CARTESIAN_POINT('',(-326.361987227427,-23.6562426229618,15.3000000000002));
#4782=CARTESIAN_POINT('',(-334.795805277938,-18.0336972559546,5.3000000000001));
#4783=CARTESIAN_POINT('',(-326.361987227427,-23.6562426229618,5.30000000000016));
#4784=CARTESIAN_POINT('',(-334.795805277938,-18.0336972559546,15.3000000000001));
#4785=CARTESIAN_POINT('Origin',(-332.231603141729,-16.4764986800936,15.3));
#4786=CARTESIAN_POINT('',(-332.682785620905,-19.4423770273096,15.3000000000001));
#4787=CARTESIAN_POINT('Origin',(-332.231603141729,-16.4764986800936,15.3));
#4788=CARTESIAN_POINT('',(-332.682785620905,-19.4423770273097,5.30000000000012));
#4789=CARTESIAN_POINT('Origin',(-332.231603141729,-16.4764986800936,5.30000000000004));
#4790=CARTESIAN_POINT('',(-332.682785620905,-19.4423770273096,15.3000000000001));
#4791=CARTESIAN_POINT('Origin',(-327.981603141729,-22.5764986800936,15.3000000000001));
#4792=CARTESIAN_POINT('',(-322.954886159323,-25.9276433350313,15.3000000000002));
#4793=CARTESIAN_POINT('',(-322.954886159323,-25.9276433350314,5.30000000000018));
#4794=CARTESIAN_POINT('Origin',(-279.981603141729,2.42350131990637,15.2999999999999));
#4795=CARTESIAN_POINT('',(-279.981603141729,2.42350131990641,15.2999999999999));
#4796=CARTESIAN_POINT('',(-279.981603141729,-3.90934105559364,15.3));
#4797=CARTESIAN_POINT('',(-279.981603141729,2.42350131990634,5.2999999999999));
#4798=CARTESIAN_POINT('',(-279.981603141729,-3.90934105559371,5.29999999999996));
#4799=CARTESIAN_POINT('',(-279.981603141729,2.42350131990641,15.2999999999999));
#4800=CARTESIAN_POINT('Origin',(-305.237099470999,-10.2421834310936,15.3));
#4801=CARTESIAN_POINT('',(-327.981603141729,2.42350131990708,15.2999999999999));
#4802=CARTESIAN_POINT('',(-327.981603141729,2.42350131990712,15.2999997615813));
#4803=CARTESIAN_POINT('Origin',(-305.237099470999,-10.2421834310936,5.30000000000002));
#4804=CARTESIAN_POINT('',(-303.981603141729,2.42350131990662,5.29999976158129));
#4805=CARTESIAN_POINT('',(-279.981603141729,2.42350131990634,5.2999999999999));
#4806=CARTESIAN_POINT('Origin',(-254.135280305155,-106.952130622812,-6.));
#4807=CARTESIAN_POINT('',(-254.135280305155,-106.952130622812,-6.));
#4808=CARTESIAN_POINT('',(-246.445675036738,-103.954705126925,-6.));
#4809=CARTESIAN_POINT('',(-264.366779651441,-110.940392169561,-6.));
#4810=CARTESIAN_POINT('',(-246.445675036738,-103.954705126925,56.));
#4811=CARTESIAN_POINT('',(-246.445675036738,-103.954705126925,-6.));
#4812=CARTESIAN_POINT('',(-254.135280305155,-106.952130622812,56.));
#4813=CARTESIAN_POINT('',(-256.319132983826,-107.80340132785,56.));
#4814=CARTESIAN_POINT('',(-254.135280305155,-106.952130622812,-6.));
#4815=CARTESIAN_POINT('Origin',(-281.444900505596,-103.721860586478,-6.));
#4816=CARTESIAN_POINT('',(-291.179262665294,-78.0023700521801,-6.));
#4817=CARTESIAN_POINT('Origin',(-281.444900505596,-103.721860586478,-6.));
#4818=CARTESIAN_POINT('',(-291.179262665294,-78.0023700521801,56.));
#4819=CARTESIAN_POINT('Origin',(-281.444900505596,-103.721860586478,56.));
#4820=CARTESIAN_POINT('',(-291.179262665294,-78.0023700521801,-6.));
#4821=CARTESIAN_POINT('Origin',(-291.851371432291,-36.8726064211305,-6.));
#4822=CARTESIAN_POINT('',(-291.851371432291,-36.8726064211305,-6.));
#4823=CARTESIAN_POINT('',(-292.002206901248,-27.6422147196559,-6.));
#4824=CARTESIAN_POINT('',(-291.851371432291,-36.8726064211305,56.));
#4825=CARTESIAN_POINT('',(-291.533503570202,-56.3245622289035,56.));
#4826=CARTESIAN_POINT('',(-291.851371432291,-36.8726064211305,-6.));
#4827=CARTESIAN_POINT('Origin',(-269.148135968944,-69.568575962089,-6.));
#4828=CARTESIAN_POINT('',(-281.469505549017,-32.185021301366,-6.));
#4829=CARTESIAN_POINT('Origin',(-297.73169707,-10.0086571508817,-6.));
#4830=CARTESIAN_POINT('',(-281.469505549017,-68.7218692351672,-6.));
#4831=CARTESIAN_POINT('',(-281.469505549017,-71.931666216613,-6.));
#4832=CARTESIAN_POINT('Origin',(-281.444900505596,-103.721860586478,-6.));
#4833=CARTESIAN_POINT('Origin',(-271.444900505596,-75.4534409439221,56.));
#4834=CARTESIAN_POINT('',(-281.475977602368,-32.1897658830811,55.9999999999999));
#4835=CARTESIAN_POINT('Origin',(-297.73169707,-10.0086571508817,56.));
#4836=CARTESIAN_POINT('',(-308.263498567238,-20.6895352619162,56.));
#4837=CARTESIAN_POINT('',(-291.851332975678,-36.8726307296505,56.));
#4838=CARTESIAN_POINT('',(-308.263503058559,0.672216531517196,56.));
#4839=CARTESIAN_POINT('Origin',(-297.73169707,-10.0086571508815,56.));
#4840=CARTESIAN_POINT('',(-291.851371432291,16.8552921193672,56.));
#4841=CARTESIAN_POINT('',(-291.851371432291,16.8552921193672,56.));
#4842=CARTESIAN_POINT('',(-281.469505549018,12.1677069996027,56.));
#4843=CARTESIAN_POINT('Origin',(-297.73169707,-10.0086571508817,56.));
#4844=CARTESIAN_POINT('',(-275.893119998238,2.16001374945558,56.));
#4845=CARTESIAN_POINT('',(-281.469505549018,12.1677069996027,56.));
#4846=CARTESIAN_POINT('',(-275.893178579464,-22.1774331837665,56.));
#4847=CARTESIAN_POINT('Origin',(-297.73169707,-10.0086571508815,56.));
#4848=CARTESIAN_POINT('',(-281.469518291145,-32.1849308625764,56.));
#4849=CARTESIAN_POINT('',(-281.469518291145,-32.1849308625764,56.));
#4850=CARTESIAN_POINT('Origin',(-297.211635180301,-11.1610940158881,56.));
#4851=CARTESIAN_POINT('',(-290.18169707,-10.0086571508815,56.));
#4852=CARTESIAN_POINT('Origin',(-297.73169707,-10.0086571508815,56.));
#4853=CARTESIAN_POINT('Ctrl Pts',(-291.788713769531,16.8415001948463,23.1828160641186));
#4854=CARTESIAN_POINT('Ctrl Pts',(-291.853010226931,12.0355005698664,20.5552107094124));
#4855=CARTESIAN_POINT('Ctrl Pts',(-291.91730668433,7.22950094488647,17.9276053547061));
#4856=CARTESIAN_POINT('Ctrl Pts',(-291.981603141729,2.42350131990654,15.2999999999999));
#4857=CARTESIAN_POINT('Ctrl Pts',(-289.375639966228,18.7481753467019,23.1828160641186));
#4858=CARTESIAN_POINT('Ctrl Pts',(-288.910961024729,13.3066173377701,20.5552107094124));
#4859=CARTESIAN_POINT('Ctrl Pts',(-288.446282083229,7.8650593288383,17.9276053547061));
#4860=CARTESIAN_POINT('Ctrl Pts',(-287.981603141729,2.42350131990648,15.2999999999999));
#4861=CARTESIAN_POINT('Ctrl Pts',(-286.962566162925,20.6548504985575,23.1828160641186));
#4862=CARTESIAN_POINT('Ctrl Pts',(-285.968911822526,14.5777341056738,20.5552107094124));
#4863=CARTESIAN_POINT('Ctrl Pts',(-284.975257482128,8.50061771279012,17.9276053547061));
#4864=CARTESIAN_POINT('Ctrl Pts',(-283.981603141729,2.42350131990642,15.2999999999999));
#4865=CARTESIAN_POINT('Ctrl Pts',(-284.549492359622,22.5615256504131,23.1828160641186));
#4866=CARTESIAN_POINT('Ctrl Pts',(-283.026862620324,15.8488508735775,20.5552107094124));
#4867=CARTESIAN_POINT('Ctrl Pts',(-281.504232881027,9.13617609674194,17.9276053547061));
#4868=CARTESIAN_POINT('Ctrl Pts',(-279.981603141729,2.42350131990636,15.2999999999999));
#4869=CARTESIAN_POINT('',(-291.788713769531,16.8415001948463,23.1828160641186));
#4870=CARTESIAN_POINT('',(-282.32921884211,12.7732142480919,19.3512853689289));
#4871=CARTESIAN_POINT('Ctrl Pts',(-291.788713769531,16.8415001948463,23.1828160641186));
#4872=CARTESIAN_POINT('Ctrl Pts',(-290.643907686337,16.588110117943,22.5429603630775));
#4873=CARTESIAN_POINT('Ctrl Pts',(-289.300611951038,16.2147760181839,21.9525303826511));
#4874=CARTESIAN_POINT('Ctrl Pts',(-286.075545940378,14.9693676217362,20.680191865568));
#4875=CARTESIAN_POINT('Ctrl Pts',(-284.206624963984,14.0425000943097,20.0271034576912));
#4876=CARTESIAN_POINT('Ctrl Pts',(-282.32921884211,12.773214248092,19.3512853689289));
#4877=CARTESIAN_POINT('',(-291.504768984382,38.0656637979377,34.7867965644036));
#4878=CARTESIAN_POINT('',(-291.273700685776,52.2059115836513,34.7867965644036));
#4879=CARTESIAN_POINT('Origin',(-291.504768984382,38.0656637979377,20.6446609406726));
#4880=CARTESIAN_POINT('',(-291.788713769531,16.8415001948463,11.5072357230096));
#4881=CARTESIAN_POINT('',(-291.788713769531,16.8415001948463,-6.));
#4882=CARTESIAN_POINT('',(-291.504768984382,38.0656637979377,20.6446609406726));
#4883=CARTESIAN_POINT('Origin',(-291.273700685776,52.2059115836513,34.7867965644036));
#4884=CARTESIAN_POINT('',(-282.32921884211,12.7732142480919,8.49013954677801));
#4885=CARTESIAN_POINT('',(-282.32921884211,12.7732142480919,-6.));
#4886=CARTESIAN_POINT('',(-291.273700685776,52.2059115836513,20.6446609406726));
#4887=CARTESIAN_POINT('Ctrl Pts',(-284.549492359622,22.5615256504132,11.5072357230097));
#4888=CARTESIAN_POINT('Ctrl Pts',(-283.026862620324,15.8488508735776,9.43815714867307));
#4889=CARTESIAN_POINT('Ctrl Pts',(-281.504232881027,9.13617609674195,7.36907857433649));
#4890=CARTESIAN_POINT('Ctrl Pts',(-279.981603141729,2.42350131990634,5.2999999999999));
#4891=CARTESIAN_POINT('Ctrl Pts',(-286.962566162925,20.6548504985576,11.5072357230097));
#4892=CARTESIAN_POINT('Ctrl Pts',(-285.968911822527,14.5777341056739,9.43815714867308));
#4893=CARTESIAN_POINT('Ctrl Pts',(-284.975257482128,8.50061771279011,7.36907857433649));
#4894=CARTESIAN_POINT('Ctrl Pts',(-283.981603141729,2.4235013199064,5.2999999999999));
#4895=CARTESIAN_POINT('Ctrl Pts',(-289.375639966228,18.748175346702,11.5072357230097));
#4896=CARTESIAN_POINT('Ctrl Pts',(-288.910961024729,13.3066173377701,9.43815714867307));
#4897=CARTESIAN_POINT('Ctrl Pts',(-288.446282083229,7.8650593288383,7.36907857433649));
#4898=CARTESIAN_POINT('Ctrl Pts',(-287.981603141729,2.42350131990646,5.2999999999999));
#4899=CARTESIAN_POINT('Ctrl Pts',(-291.788713769531,16.8415001948464,11.5072357230097));
#4900=CARTESIAN_POINT('Ctrl Pts',(-291.853010226931,12.0355005698664,9.43815714867307));
#4901=CARTESIAN_POINT('Ctrl Pts',(-291.91730668433,7.22950094488647,7.36907857433649));
#4902=CARTESIAN_POINT('Ctrl Pts',(-291.981603141729,2.42350131990652,5.2999999999999));
#4903=CARTESIAN_POINT('Ctrl Pts',(-282.32921884211,12.773214248092,8.49013954677801));
#4904=CARTESIAN_POINT('Ctrl Pts',(-283.948263710558,13.8678259636765,8.94907045946858));
#4905=CARTESIAN_POINT('Ctrl Pts',(-285.666943648886,14.7776844877522,9.42009435741505));
#4906=CARTESIAN_POINT('Ctrl Pts',(-289.066581411721,16.1490895118718,10.4581853674122));
#4907=CARTESIAN_POINT('Ctrl Pts',(-290.542283034338,16.5656166330085,10.9586618618589));
#4908=CARTESIAN_POINT('Ctrl Pts',(-291.788713769531,16.8415001948463,11.5072357230097));
#4909=CARTESIAN_POINT('Origin',(-291.504768984382,38.0656637979377,20.6446609406726));
#4910=CARTESIAN_POINT('',(-291.504768984382,38.0656637979377,34.7867965644036));
#4911=CARTESIAN_POINT('',(-291.504768984382,38.0656637979377,20.6446609406726));
#4912=CARTESIAN_POINT('',(-291.504768984382,38.0656637979377,7.32233047033631));
#4913=CARTESIAN_POINT('',(-291.504768984382,38.0656637979377,34.7867965644036));
#4914=CARTESIAN_POINT('',(-291.504768984382,38.0656637979377,20.6446609406726));
#4915=CARTESIAN_POINT('Ctrl Pts',(-291.504768984382,38.0656637979377,34.7867965644036));
#4916=CARTESIAN_POINT('Ctrl Pts',(-299.663713703498,26.1849429719274,28.2911976301295));
#4917=CARTESIAN_POINT('Ctrl Pts',(-307.822658422614,14.3042221459172,21.7955986958554));
#4918=CARTESIAN_POINT('Ctrl Pts',(-315.981603141729,2.42350131990694,15.2999997615813));
#4919=CARTESIAN_POINT('Ctrl Pts',(-291.42774621818,42.7790797265089,34.7867965644036));
#4920=CARTESIAN_POINT('Ctrl Pts',(-300.94569852603,29.3272202576416,28.2911976301295));
#4921=CARTESIAN_POINT('Ctrl Pts',(-310.46365083388,15.8753607887743,21.7955986958554));
#4922=CARTESIAN_POINT('Ctrl Pts',(-319.981603141729,2.423501319907,15.2999997615813));
#4923=CARTESIAN_POINT('Ctrl Pts',(-291.350723451978,47.4924956550801,34.7867965644036));
#4924=CARTESIAN_POINT('Ctrl Pts',(-302.227683348562,32.4694975433557,28.2911976301295));
#4925=CARTESIAN_POINT('Ctrl Pts',(-313.104643245146,17.4464994316314,21.7955986958554));
#4926=CARTESIAN_POINT('Ctrl Pts',(-323.981603141729,2.42350131990706,15.2999997615813));
#4927=CARTESIAN_POINT('Ctrl Pts',(-291.273700685776,52.2059115836513,34.7867965644036));
#4928=CARTESIAN_POINT('Ctrl Pts',(-303.509668171094,35.6117748290699,28.2911976301295));
#4929=CARTESIAN_POINT('Ctrl Pts',(-315.745635656412,19.0176380744885,21.7955986958554));
#4930=CARTESIAN_POINT('Ctrl Pts',(-327.981603141729,2.42350131990712,15.2999997615813));
#4931=CARTESIAN_POINT('',(-291.273700685776,52.2059115836513,34.7867965644036));
#4932=CARTESIAN_POINT('Ctrl Pts',(-291.273700685776,52.2059115836513,34.7867965644036));
#4933=CARTESIAN_POINT('Ctrl Pts',(-291.350723451978,47.4924956550801,34.7867965644036));
#4934=CARTESIAN_POINT('Ctrl Pts',(-291.42774621818,42.7790797265089,34.7867965644036));
#4935=CARTESIAN_POINT('Ctrl Pts',(-291.504768984382,38.0656637979377,34.7867965644036));
#4936=CARTESIAN_POINT('',(-291.273700685776,52.2059115836513,34.7867965644036));
#4937=CARTESIAN_POINT('Origin',(-291.273700685776,52.2059115836513,34.7867965644036));
#4938=CARTESIAN_POINT('',(-291.273700685776,52.2059115836513,20.6446609406726));
#4939=CARTESIAN_POINT('',(-291.273700685776,52.2059115836513,14.3933982822018));
#4940=CARTESIAN_POINT('',(-291.273700685776,52.2059115836513,20.6446609406726));
#4941=CARTESIAN_POINT('Ctrl Pts',(-291.273700685776,52.2059115836513,20.6446609406726));
#4942=CARTESIAN_POINT('Ctrl Pts',(-303.509668171094,35.6117748290699,15.5297738809755));
#4943=CARTESIAN_POINT('Ctrl Pts',(-315.745635656412,19.0176380744884,10.4148868212784));
#4944=CARTESIAN_POINT('Ctrl Pts',(-327.981603141729,2.42350131990698,5.29999976158129));
#4945=CARTESIAN_POINT('Ctrl Pts',(-291.350723451978,47.4924956550801,20.6446609406726));
#4946=CARTESIAN_POINT('Ctrl Pts',(-302.227683348562,32.4694975433557,15.5297738809755));
#4947=CARTESIAN_POINT('Ctrl Pts',(-313.104643245146,17.4464994316313,10.4148868212784));
#4948=CARTESIAN_POINT('Ctrl Pts',(-323.981603141729,2.42350131990692,5.29999976158129));
#4949=CARTESIAN_POINT('Ctrl Pts',(-291.42774621818,42.7790797265089,20.6446609406726));
#4950=CARTESIAN_POINT('Ctrl Pts',(-300.94569852603,29.3272202576415,15.5297738809755));
#4951=CARTESIAN_POINT('Ctrl Pts',(-310.46365083388,15.8753607887742,10.4148868212784));
#4952=CARTESIAN_POINT('Ctrl Pts',(-319.981603141729,2.42350131990686,5.29999976158129));
#4953=CARTESIAN_POINT('Ctrl Pts',(-291.504768984382,38.0656637979377,20.6446609406726));
#4954=CARTESIAN_POINT('Ctrl Pts',(-299.663713703498,26.1849429719274,15.5297738809755));
#4955=CARTESIAN_POINT('Ctrl Pts',(-307.822658422614,14.3042221459171,10.4148868212784));
#4956=CARTESIAN_POINT('Ctrl Pts',(-315.981603141729,2.4235013199068,5.29999976158129));
#4957=CARTESIAN_POINT('Ctrl Pts',(-291.504768984382,38.0656637979377,20.6446609406726));
#4958=CARTESIAN_POINT('Ctrl Pts',(-291.42774621818,42.7790797265089,20.6446609406726));
#4959=CARTESIAN_POINT('Ctrl Pts',(-291.350723451978,47.4924956550801,20.6446609406726));
#4960=CARTESIAN_POINT('Ctrl Pts',(-291.273700685776,52.2059115836513,20.6446609406726));
#4961=CARTESIAN_POINT('Origin',(-281.444900505596,83.7045462847148,-6.));
#4962=CARTESIAN_POINT('',(-291.179262665294,57.9850557504168,-6.));
#4963=CARTESIAN_POINT('',(-254.135280305155,86.9348163210486,-6.));
#4964=CARTESIAN_POINT('Origin',(-281.444900505596,83.7045462847148,-6.));
#4965=CARTESIAN_POINT('',(-291.179262665294,57.9850557504168,56.));
#4966=CARTESIAN_POINT('',(-291.179262665294,57.9850557504168,-6.));
#4967=CARTESIAN_POINT('',(-254.135280305155,86.9348163210486,56.));
#4968=CARTESIAN_POINT('Origin',(-281.444900505596,83.7045462847148,56.));
#4969=CARTESIAN_POINT('',(-254.135280305155,86.9348163210486,-6.));
#4970=CARTESIAN_POINT('',(-273.908479409508,57.2573846777968,5.30000000000014));
#4971=CARTESIAN_POINT('',(-273.908479409508,57.2573846777968,15.3000000000001));
#4972=CARTESIAN_POINT('',(-273.908479409508,57.2573846777967,-6.));
#4973=CARTESIAN_POINT('',(-255.6071120675,74.288671995613,5.29999999999992));
#4974=CARTESIAN_POINT('Origin',(-281.444900505596,83.7045462847148,5.30000000000003));
#4975=CARTESIAN_POINT('',(-255.6071120675,74.2886719956131,15.2999999999999));
#4976=CARTESIAN_POINT('',(-255.6071120675,74.288671995613,-6.));
#4977=CARTESIAN_POINT('Origin',(-281.444900505596,83.7045462847148,15.3));
#4978=CARTESIAN_POINT('Origin',(-297.73169707,-10.0086571508817,-6.));
#4979=CARTESIAN_POINT('',(-281.469505549018,12.1677069996027,-6.));
#4980=CARTESIAN_POINT('',(-291.851371432291,16.8552921193672,-6.));
#4981=CARTESIAN_POINT('Origin',(-297.73169707,-10.0086571508817,-6.));
#4982=CARTESIAN_POINT('',(-281.469505549018,12.1677069996027,-6.));
#4983=CARTESIAN_POINT('',(-291.851371432291,16.8552921193672,-6.));
#4984=CARTESIAN_POINT('Origin',(-291.179262665294,57.9850557504168,-6.));
#4985=CARTESIAN_POINT('',(-291.018444100853,67.8263639846274,-6.));
#4986=CARTESIAN_POINT('',(-292.266608511496,-8.55518272810004,56.));
#4987=CARTESIAN_POINT('Origin',(-269.148135968944,49.5512616603256,-6.));
#4988=CARTESIAN_POINT('',(-281.469505549018,48.7045549334039,-6.));
#4989=CARTESIAN_POINT('',(-246.445675036738,83.9373908251617,-6.));
#4990=CARTESIAN_POINT('Origin',(-281.444900505596,83.7045462847148,-6.));
#4991=CARTESIAN_POINT('',(-281.469505549018,20.9839407869307,-6.));
#4992=CARTESIAN_POINT('',(-200.23169707,65.923077867798,-6.));
#4993=CARTESIAN_POINT('Origin',(-293.036374848376,114.286454402946,15.2999999999999));
#4994=CARTESIAN_POINT('',(-293.036374848377,114.286454402945,5.29999999999992));
#4995=CARTESIAN_POINT('',(-285.266013421578,105.982865112531,5.29999999999992));
#4996=CARTESIAN_POINT('',(-293.036374848376,114.286454402946,15.2999999999999));
#4997=CARTESIAN_POINT('',(-293.036374848376,114.286454402946,15.2999999999999));
#4998=CARTESIAN_POINT('',(-285.266013421578,105.982865112531,15.2999999999999));
#4999=CARTESIAN_POINT('Origin',(-286.743657207531,89.025145606049,5.30000000000003));
#5000=CARTESIAN_POINT('',(-311.290431763895,97.2046100609255,5.30000000000013));
#5001=CARTESIAN_POINT('',(-287.121499768758,71.3771261316128,5.30000000000014));
#5002=CARTESIAN_POINT('',(-312.214209056001,102.778699291603,5.30000000000011));
#5003=CARTESIAN_POINT('',(-310.302687292636,91.2445416905938,5.30000000000017));
#5004=CARTESIAN_POINT('',(-312.629415142041,105.284060478208,5.3000000000001));
#5005=CARTESIAN_POINT('Origin',(-309.740355414652,104.475769756017,5.30000000000004));
#5006=CARTESIAN_POINT('',(-312.764173683398,106.097196003985,5.3000000000001));
#5007=CARTESIAN_POINT('',(-310.972178981709,95.2842668992348,5.30000000000015));
#5008=CARTESIAN_POINT('',(-301.811739534086,116.346302609197,5.29999999999996));
#5009=CARTESIAN_POINT('',(-310.086553523565,108.60286863276,5.30000000000006));
#5010=CARTESIAN_POINT('',(-301.009322686693,116.15795067592,5.29999999999996));
#5011=CARTESIAN_POINT('',(-291.632027382772,113.956810825546,5.29999999999992));
#5012=CARTESIAN_POINT('',(-298.536986942888,115.577617375878,5.29999999999994));
#5013=CARTESIAN_POINT('Origin',(-300.394278273906,113.221674059131,5.29999999999996));
#5014=CARTESIAN_POINT('',(-289.994651087173,113.572468208887,5.29999999999991));
#5015=CARTESIAN_POINT('',(-268.145179682625,78.8478232994952,5.30000000000002));
#5016=CARTESIAN_POINT('Origin',(-268.277727437657,76.852220359871,5.30000000000002));
#5017=CARTESIAN_POINT('',(-275.446802448833,72.0150855626871,5.30000000000008));
#5018=CARTESIAN_POINT('Origin',(-275.579350203864,70.0194826230631,5.30000000000009));
#5019=CARTESIAN_POINT('',(-308.243943585511,107.062874840483,5.30000000000002));
#5020=CARTESIAN_POINT('Origin',(-308.376491340543,105.067271900859,5.30000000000003));
#5021=CARTESIAN_POINT('',(-300.942320819303,113.895612577291,5.29999999999996));
#5022=CARTESIAN_POINT('Origin',(-301.074868574335,111.900009637667,5.29999999999997));
#5023=CARTESIAN_POINT('',(-309.647566641499,98.7419760517073,5.30000000000012));
#5024=CARTESIAN_POINT('',(-281.974978807426,69.1704038485668,5.30000000000012));
#5025=CARTESIAN_POINT('',(-301.8772052147,90.4383867612926,5.30000000000012));
#5026=CARTESIAN_POINT('',(-267.006652136701,83.1775162090231,5.29999999999994));
#5027=CARTESIAN_POINT('',(-278.293385517241,72.6155779161523,5.30000000000008));
#5028=CARTESIAN_POINT('',(-294.679239970773,112.749088412164,5.29999999999994));
#5029=CARTESIAN_POINT('',(-273.072584626939,89.6597130201787,5.29999999999994));
#5030=CARTESIAN_POINT('',(-298.48181001595,109.190706299521,5.29999999999999));
#5031=CARTESIAN_POINT('Origin',(-268.277727437657,76.8522203598711,15.3));
#5032=CARTESIAN_POINT('',(-268.145179682625,78.8478232994952,15.3));
#5033=CARTESIAN_POINT('',(-268.145179682625,78.8478232994951,15.3));
#5034=CARTESIAN_POINT('Origin',(-268.277727437657,76.8522203598711,15.3));
#5035=CARTESIAN_POINT('Origin',(-275.579350203864,70.0194826230631,15.3000000000001));
#5036=CARTESIAN_POINT('',(-275.446802448833,72.0150855626871,15.3000000000001));
#5037=CARTESIAN_POINT('',(-275.446802448833,72.0150855626871,15.3000000000001));
#5038=CARTESIAN_POINT('Origin',(-275.579350203864,70.0194826230631,15.3000000000001));
#5039=CARTESIAN_POINT('Origin',(-308.376491340543,105.067271900859,15.3));
#5040=CARTESIAN_POINT('',(-308.243943585511,107.062874840483,15.3));
#5041=CARTESIAN_POINT('',(-308.243943585511,107.062874840483,15.3));
#5042=CARTESIAN_POINT('Origin',(-308.376491340543,105.067271900859,15.3));
#5043=CARTESIAN_POINT('Origin',(-301.074868574335,111.900009637667,15.3));
#5044=CARTESIAN_POINT('',(-300.942320819303,113.895612577291,15.3));
#5045=CARTESIAN_POINT('',(-300.942320819303,113.895612577291,15.3));
#5046=CARTESIAN_POINT('Origin',(-301.074868574335,111.900009637667,15.3));
#5047=CARTESIAN_POINT('Origin',(-294.679239970773,112.749088412164,15.2999999999999));
#5048=CARTESIAN_POINT('',(-309.647566641499,98.7419760517074,15.3000000000001));
#5049=CARTESIAN_POINT('',(-294.679239970773,112.749088412164,15.2999999999999));
#5050=CARTESIAN_POINT('',(-298.48181001595,109.190706299521,15.3));
#5051=CARTESIAN_POINT('',(-309.647566641499,98.7419760517074,15.3000000000001));
#5052=CARTESIAN_POINT('',(-294.679239970773,112.749088412164,15.2999999999999));
#5053=CARTESIAN_POINT('Origin',(-267.006652136701,83.1775162090232,15.2999999999999));
#5054=CARTESIAN_POINT('',(-267.006652136701,83.1775162090232,15.2999999999999));
#5055=CARTESIAN_POINT('',(-273.072584626939,89.6597130201788,15.2999999999999));
#5056=CARTESIAN_POINT('',(-267.006652136701,83.1775162090232,15.2999999999999));
#5057=CARTESIAN_POINT('Origin',(-281.974978807426,69.1704038485668,15.3000000000001));
#5058=CARTESIAN_POINT('',(-281.974978807426,69.1704038485668,15.3000000000001));
#5059=CARTESIAN_POINT('',(-278.293385517241,72.6155779161523,15.3000000000001));
#5060=CARTESIAN_POINT('',(-281.974978807426,69.1704038485668,15.3000000000001));
#5061=CARTESIAN_POINT('Origin',(-309.647566641499,98.7419760517074,15.3000000000001));
#5062=CARTESIAN_POINT('',(-301.8772052147,90.4383867612927,15.3000000000001));
#5063=CARTESIAN_POINT('Origin',(-298.536986942888,115.577617375878,15.3));
#5064=CARTESIAN_POINT('',(-298.536986942888,115.577617375878,15.2999999999999));
#5065=CARTESIAN_POINT('',(-289.994651087173,113.572468208887,15.2999999999999));
#5066=CARTESIAN_POINT('',(-298.536986942888,115.577617375878,15.2999999999999));
#5067=CARTESIAN_POINT('Origin',(-300.394278273906,113.221674059131,15.3));
#5068=CARTESIAN_POINT('',(-301.009322686693,116.15795067592,15.3));
#5069=CARTESIAN_POINT('Origin',(-300.394278273906,113.221674059131,15.3));
#5070=CARTESIAN_POINT('',(-301.009322686693,116.15795067592,15.3));
#5071=CARTESIAN_POINT('Origin',(-301.811739534086,116.346302609197,15.3));
#5072=CARTESIAN_POINT('',(-301.811739534086,116.346302609197,15.3));
#5073=CARTESIAN_POINT('',(-291.632027382772,113.956810825546,15.2999999999999));
#5074=CARTESIAN_POINT('',(-301.811739534086,116.346302609197,15.3));
#5075=CARTESIAN_POINT('Origin',(-312.764173683398,106.097196003985,15.3000000000001));
#5076=CARTESIAN_POINT('',(-312.764173683398,106.097196003985,15.3000000000001));
#5077=CARTESIAN_POINT('',(-310.086553523565,108.60286863276,15.3000000000001));
#5078=CARTESIAN_POINT('',(-312.764173683398,106.097196003985,15.3000000000001));
#5079=CARTESIAN_POINT('Origin',(-312.629415142041,105.284060478208,15.3000000000001));
#5080=CARTESIAN_POINT('',(-312.629415142041,105.284060478208,15.3000000000001));
#5081=CARTESIAN_POINT('',(-310.972178981709,95.2842668992349,15.3000000000001));
#5082=CARTESIAN_POINT('',(-312.629415142041,105.284060478208,15.3000000000001));
#5083=CARTESIAN_POINT('Origin',(-309.740355414652,104.475769756017,15.3));
#5084=CARTESIAN_POINT('',(-312.214209056001,102.778699291603,15.3000000000001));
#5085=CARTESIAN_POINT('Origin',(-309.740355414652,104.475769756017,15.3));
#5086=CARTESIAN_POINT('',(-312.214209056001,102.778699291603,15.3000000000001));
#5087=CARTESIAN_POINT('Origin',(-311.290431763895,97.2046100609255,15.3000000000001));
#5088=CARTESIAN_POINT('',(-311.290431763895,97.2046100609256,15.3000000000001));
#5089=CARTESIAN_POINT('',(-310.302687292636,91.2445416905938,15.3000000000002));
#5090=CARTESIAN_POINT('',(-311.290431763895,97.2046100609256,15.3000000000001));
#5091=CARTESIAN_POINT('Origin',(-278.493290627217,62.1568207831294,15.3000000000001));
#5092=CARTESIAN_POINT('',(-287.121499768758,71.3771261316128,15.3000000000001));
#5093=CARTESIAN_POINT('Origin',(-286.743657207531,89.0251456060491,15.3));
#5094=CARTESIAN_POINT('Origin',(-271.444900505596,-75.4534409439221,56.));
#5095=CARTESIAN_POINT('',(-275.106632858893,-117.316946582483,56.));
#5096=CARTESIAN_POINT('',(-246.445675036738,-103.954705126925,56.));
#5097=CARTESIAN_POINT('',(-296.409060408473,-102.685560243367,56.));
#5098=CARTESIAN_POINT('Origin',(-281.444900505596,-103.721860586478,56.));
#5099=CARTESIAN_POINT('',(-291.851371432291,-36.8726064211305,56.));
#5100=CARTESIAN_POINT('',(-273.894900505596,-103.721860586478,56.));
#5101=CARTESIAN_POINT('Origin',(-281.444900505596,-103.721860586478,56.));
#5102=CARTESIAN_POINT('Origin',(-271.444900505596,-75.4534409439221,56.));
#5103=CARTESIAN_POINT('',(-296.409060408473,82.6682459416033,56.));
#5104=CARTESIAN_POINT('',(-291.851371432291,16.8552921193672,56.));
#5105=CARTESIAN_POINT('',(-274.79649870426,97.1506889839424,56.));
#5106=CARTESIAN_POINT('Origin',(-281.444900505596,83.7045462847148,56.));
#5107=CARTESIAN_POINT('',(-254.135280305155,86.9348163210486,56.));
#5108=CARTESIAN_POINT('',(-273.894900505596,83.7045462847148,56.));
#5109=CARTESIAN_POINT('Origin',(-281.444900505596,83.7045462847148,56.));
#5110=CARTESIAN_POINT('Origin',(-200.23169707,-10.0086571508817,60.));
#5111=CARTESIAN_POINT('',(-273.894900505596,-103.721860586478,60.));
#5112=CARTESIAN_POINT('Origin',(-281.444900505596,-103.721860586478,60.));
#5113=CARTESIAN_POINT('',(-275.944900505596,-103.721860586478,60.));
#5114=CARTESIAN_POINT('Origin',(-281.444900505596,-103.721860586478,60.));
#5115=CARTESIAN_POINT('Origin',(-281.444900505596,-103.721860586478,60.));
#5116=CARTESIAN_POINT('',(-275.944900505596,-103.721860586478,63.));
#5117=CARTESIAN_POINT('Origin',(-281.444900505596,-103.721860586478,63.));
#5118=CARTESIAN_POINT('',(-275.944900505596,-103.721860586478,60.));
#5119=CARTESIAN_POINT('Origin',(-200.23169707,-10.0086571508817,63.));
#5120=CARTESIAN_POINT('',(-266.444900505596,-103.721860586478,63.));
#5121=CARTESIAN_POINT('Origin',(-281.444900505596,-103.721860586478,63.));
#5122=CARTESIAN_POINT('Origin',(-271.444900505596,-75.4534409439221,60.));
#5123=CARTESIAN_POINT('',(-296.409060408473,-102.685560243367,60.));
#5124=CARTESIAN_POINT('',(-266.444900505596,-103.721860586478,60.));
#5125=CARTESIAN_POINT('Origin',(-281.444900505596,-103.721860586478,60.));
#5126=CARTESIAN_POINT('',(-275.106632858893,-117.316946582483,60.));
#5127=CARTESIAN_POINT('Origin',(-281.444900505596,-103.721860586478,60.));
#5128=CARTESIAN_POINT('',(-246.445675036738,-103.954705126925,60.));
#5129=CARTESIAN_POINT('',(-246.445675036738,-103.954705126925,60.));
#5130=CARTESIAN_POINT('',(-281.469505549017,-68.7218692351672,60.));
#5131=CARTESIAN_POINT('Origin',(-281.444900505596,-103.721860586478,60.));
#5132=CARTESIAN_POINT('',(-281.469505549017,-32.185021301366,60.));
#5133=CARTESIAN_POINT('',(-281.469505549017,-68.7218692351672,60.));
#5134=CARTESIAN_POINT('',(-281.475977602368,-32.1897658830811,60.));
#5135=CARTESIAN_POINT('Origin',(-297.73169707,-10.0086571508814,60.));
#5136=CARTESIAN_POINT('',(-281.469518291145,-32.1849308625764,60.));
#5137=CARTESIAN_POINT('Origin',(-297.211635180301,-11.1610940158881,60.));
#5138=CARTESIAN_POINT('',(-275.893178579464,-22.1774331837665,60.));
#5139=CARTESIAN_POINT('',(-281.469518291145,-32.1849308625764,60.));
#5140=CARTESIAN_POINT('',(-275.893119998238,2.16001374945558,60.));
#5141=CARTESIAN_POINT('Origin',(-297.73169707,-10.0086571508815,60.));
#5142=CARTESIAN_POINT('',(-281.469505549018,12.1677069996027,60.));
#5143=CARTESIAN_POINT('',(-281.469505549018,12.1677069996027,60.));
#5144=CARTESIAN_POINT('',(-281.469505549018,48.7045549334039,60.));
#5145=CARTESIAN_POINT('',(-281.469505549018,12.1677069996027,60.));
#5146=CARTESIAN_POINT('',(-246.445675036738,83.9373908251617,60.));
#5147=CARTESIAN_POINT('Origin',(-281.444900505596,83.7045462847148,60.));
#5148=CARTESIAN_POINT('',(-254.135280305155,86.9348163210486,60.));
#5149=CARTESIAN_POINT('',(-246.445675036738,83.9373908251617,60.));
#5150=CARTESIAN_POINT('',(-274.79649870426,97.1506889839424,60.));
#5151=CARTESIAN_POINT('',(-254.135280305155,86.9348163210486,60.));
#5152=CARTESIAN_POINT('',(-266.444900505596,83.7045462847148,60.));
#5153=CARTESIAN_POINT('Origin',(-281.444900505596,83.7045462847148,60.));
#5154=CARTESIAN_POINT('',(-296.409060408473,82.6682459416033,60.));
#5155=CARTESIAN_POINT('Origin',(-281.444900505596,83.7045462847148,60.));
#5156=CARTESIAN_POINT('',(-291.851371432291,16.8552921193672,60.));
#5157=CARTESIAN_POINT('',(-291.851371432291,16.8552921193672,60.));
#5158=CARTESIAN_POINT('',(-308.263503058559,0.672216531517194,60.));
#5159=CARTESIAN_POINT('',(-291.851371432291,16.8552921193672,60.));
#5160=CARTESIAN_POINT('',(-282.73169707,-10.0086571508815,60.));
#5161=CARTESIAN_POINT('Origin',(-297.73169707,-10.0086571508815,60.));
#5162=CARTESIAN_POINT('',(-308.263498567238,-20.6895352619162,60.));
#5163=CARTESIAN_POINT('Origin',(-297.73169707,-10.0086571508815,60.));
#5164=CARTESIAN_POINT('',(-291.851371432291,-36.8726064211305,60.));
#5165=CARTESIAN_POINT('',(-291.851332975678,-36.8726307296505,60.));
#5166=CARTESIAN_POINT('',(-291.851371432291,-36.8726064211305,60.));
#5167=CARTESIAN_POINT('Origin',(-200.23169707,-10.0086571508817,60.));
#5168=CARTESIAN_POINT('',(-273.894900505596,83.7045462847148,60.));
#5169=CARTESIAN_POINT('Origin',(-281.444900505596,83.7045462847148,60.));
#5170=CARTESIAN_POINT('',(-275.944900505596,83.7045462847148,60.));
#5171=CARTESIAN_POINT('Origin',(-281.444900505596,83.7045462847148,60.));
#5172=CARTESIAN_POINT('Origin',(-281.444900505596,83.7045462847148,60.));
#5173=CARTESIAN_POINT('',(-275.944900505596,83.7045462847148,63.));
#5174=CARTESIAN_POINT('Origin',(-281.444900505596,83.7045462847148,63.));
#5175=CARTESIAN_POINT('',(-275.944900505596,83.7045462847148,60.));
#5176=CARTESIAN_POINT('Origin',(-200.23169707,-10.0086571508817,63.));
#5177=CARTESIAN_POINT('',(-266.444900505596,83.7045462847148,63.));
#5178=CARTESIAN_POINT('Origin',(-281.444900505596,83.7045462847148,63.));
#5179=CARTESIAN_POINT('Origin',(-200.23169707,-10.0086571508817,60.));
#5180=CARTESIAN_POINT('',(-290.18169707,-10.0086571508815,60.));
#5181=CARTESIAN_POINT('Origin',(-297.73169707,-10.0086571508815,60.));
#5182=CARTESIAN_POINT('',(-292.23169707,-10.0086571508815,60.));
#5183=CARTESIAN_POINT('Origin',(-297.73169707,-10.0086571508815,60.));
#5184=CARTESIAN_POINT('Origin',(-297.73169707,-10.0086571508815,60.));
#5185=CARTESIAN_POINT('',(-292.23169707,-10.0086571508815,63.));
#5186=CARTESIAN_POINT('Origin',(-297.73169707,-10.0086571508815,63.));
#5187=CARTESIAN_POINT('',(-292.23169707,-10.0086571508815,60.));
#5188=CARTESIAN_POINT('Origin',(-200.23169707,-10.0086571508817,63.));
#5189=CARTESIAN_POINT('',(-282.73169707,-10.0086571508815,63.));
#5190=CARTESIAN_POINT('Origin',(-297.73169707,-10.0086571508815,63.));
#5191=CARTESIAN_POINT('Origin',(-308.263498567238,-20.6895352619162,56.));
#5192=CARTESIAN_POINT('',(-291.851371432291,-36.8726064211305,56.));
#5193=CARTESIAN_POINT('',(-308.263498567238,-20.6895352619162,56.));
#5194=CARTESIAN_POINT('Origin',(-297.73169707,-10.0086571508815,56.));
#5195=CARTESIAN_POINT('',(-290.18169707,-10.0086571508815,56.));
#5196=CARTESIAN_POINT('Origin',(-281.444900505596,83.7045462847148,56.));
#5197=CARTESIAN_POINT('',(-273.894900505596,83.7045462847148,56.));
#5198=CARTESIAN_POINT('Origin',(-297.211635180301,-11.1610940158881,56.));
#5199=CARTESIAN_POINT('',(-281.475977602368,-32.1897658830811,55.9999999999999));
#5200=CARTESIAN_POINT('',(-281.469518291145,-32.1849308625764,56.));
#5201=CARTESIAN_POINT('Origin',(-297.73169707,-10.0086571508815,56.));
#5202=CARTESIAN_POINT('',(-282.73169707,-10.0086571508815,56.));
#5203=CARTESIAN_POINT('',(-308.263503058559,0.672216531517196,56.));
#5204=CARTESIAN_POINT('Origin',(-291.851371432291,16.8552921193672,56.));
#5205=CARTESIAN_POINT('',(-291.851371432291,16.8552921193672,56.));
#5206=CARTESIAN_POINT('Origin',(-296.409060408473,82.6682459416033,56.));
#5207=CARTESIAN_POINT('',(-296.409060408473,82.6682459416033,56.));
#5208=CARTESIAN_POINT('Origin',(-281.444900505596,83.7045462847148,56.));
#5209=CARTESIAN_POINT('',(-266.444900505596,83.7045462847148,56.));
#5210=CARTESIAN_POINT('',(-274.79649870426,97.1506889839424,56.));
#5211=CARTESIAN_POINT('Origin',(-254.135280305155,86.9348163210486,56.));
#5212=CARTESIAN_POINT('',(-254.135280305155,86.9348163210486,56.));
#5213=CARTESIAN_POINT('Origin',(-246.445675036738,83.9373908251617,56.));
#5214=CARTESIAN_POINT('',(-246.445675036738,83.9373908251617,56.));
#5215=CARTESIAN_POINT('Origin',(-281.444900505596,83.7045462847148,56.));
#5216=CARTESIAN_POINT('',(-281.469505549018,48.7045549334039,56.));
#5217=CARTESIAN_POINT('Origin',(-281.469505549018,12.1677069996027,56.));
#5218=CARTESIAN_POINT('',(-281.469505549018,12.1677069996027,56.));
#5219=CARTESIAN_POINT('Origin',(-275.893119998238,2.16001374945558,56.));
#5220=CARTESIAN_POINT('',(-275.893119998238,2.16001374945558,56.));
#5221=CARTESIAN_POINT('Origin',(-297.73169707,-10.0086571508815,56.));
#5222=CARTESIAN_POINT('',(-275.893178579464,-22.1774331837665,56.));
#5223=CARTESIAN_POINT('Origin',(-281.469518291145,-32.1849308625764,56.));
#5224=CARTESIAN_POINT('Origin',(-297.73169707,-10.0086571508814,56.));
#5225=CARTESIAN_POINT('',(-281.469505549017,-32.185021301366,56.));
#5226=CARTESIAN_POINT('Origin',(-281.444900505596,-103.721860586478,56.));
#5227=CARTESIAN_POINT('',(-273.894900505596,-103.721860586478,56.));
#5228=CARTESIAN_POINT('Origin',(-275.106632858893,-117.316946582483,56.));
#5229=CARTESIAN_POINT('',(-246.445675036738,-103.954705126925,56.));
#5230=CARTESIAN_POINT('',(-275.106632858893,-117.316946582483,56.));
#5231=CARTESIAN_POINT('Origin',(-281.444900505596,-103.721860586478,56.));
#5232=CARTESIAN_POINT('',(-266.444900505596,-103.721860586478,56.));
#5233=CARTESIAN_POINT('',(-296.409060408473,-102.685560243367,56.));
#5234=CARTESIAN_POINT('Origin',(-291.851371432291,-36.8726064211305,56.));
#5235=CARTESIAN_POINT('Origin',(-281.469505549017,-68.7218692351672,56.));
#5236=CARTESIAN_POINT('',(-281.469505549017,-68.7218692351672,56.));
#5237=CARTESIAN_POINT('Origin',(-281.444900505596,-103.721860586478,56.));
#5238=CARTESIAN_POINT('Origin',(-260.23169707,62.4913428491184,55.));
#5239=CARTESIAN_POINT('',(-261.48169707,62.4913428491184,50.));
#5240=CARTESIAN_POINT('',(-261.48169707,62.4913428491184,55.));
#5241=CARTESIAN_POINT('Origin',(-260.23169707,62.4913428491184,50.));
#5242=CARTESIAN_POINT('Origin',(-260.23169707,62.4913428491184,49.6244621131078));
#5243=CARTESIAN_POINT('',(-260.23169707,62.4913428491184,49.2489242262155));
#5244=CARTESIAN_POINT('',(-260.85669707,62.4913428491184,49.6244621131078));
#5245=CARTESIAN_POINT('Origin',(-260.23169707,-82.5086571508817,55.));
#5246=CARTESIAN_POINT('',(-261.48169707,-82.5086571508817,50.));
#5247=CARTESIAN_POINT('',(-261.48169707,-82.5086571508817,55.));
#5248=CARTESIAN_POINT('Origin',(-260.23169707,-82.5086571508817,50.));
#5249=CARTESIAN_POINT('Origin',(-260.23169707,-82.5086571508817,49.6244621131078));
#5250=CARTESIAN_POINT('',(-260.23169707,-82.5086571508817,49.2489242262155));
#5251=CARTESIAN_POINT('',(-260.85669707,-82.5086571508817,49.6244621131078));
#5252=UNCERTAINTY_MEASURE_WITH_UNIT(LENGTH_MEASURE(0.01),#5256,
'DISTANCE_ACCURACY_VALUE',
'Maximum model space distance between geometric entities at asserted c
onnectivities');
#5253=UNCERTAINTY_MEASURE_WITH_UNIT(LENGTH_MEASURE(0.01),#5256,
'DISTANCE_ACCURACY_VALUE',
'Maximum model space distance between geometric entities at asserted c
onnectivities');
#5254=(
GEOMETRIC_REPRESENTATION_CONTEXT(3)
GLOBAL_UNCERTAINTY_ASSIGNED_CONTEXT((#5252))
GLOBAL_UNIT_ASSIGNED_CONTEXT((#5256,#5258,#5259))
REPRESENTATION_CONTEXT('','3D')
);
#5255=(
GEOMETRIC_REPRESENTATION_CONTEXT(3)
GLOBAL_UNCERTAINTY_ASSIGNED_CONTEXT((#5253))
GLOBAL_UNIT_ASSIGNED_CONTEXT((#5256,#5258,#5259))
REPRESENTATION_CONTEXT('','3D')
);
#5256=(
LENGTH_UNIT()
NAMED_UNIT(*)
SI_UNIT(.MILLI.,.METRE.)
);
#5257=(
LENGTH_UNIT()
NAMED_UNIT(*)
SI_UNIT($,.METRE.)
);
#5258=(
NAMED_UNIT(*)
PLANE_ANGLE_UNIT()
SI_UNIT($,.RADIAN.)
);
#5259=(
NAMED_UNIT(*)
SI_UNIT($,.STERADIAN.)
SOLID_ANGLE_UNIT()
);
#5260=SHAPE_DEFINITION_REPRESENTATION(#5261,#5262);
#5261=PRODUCT_DEFINITION_SHAPE('',$,#5264);
#5262=SHAPE_REPRESENTATION('',(#2989),#5254);
#5263=PRODUCT_DEFINITION_CONTEXT('part definition',#5268,'design');
#5264=PRODUCT_DEFINITION('left_mount','left_mount',#5265,#5263);
#5265=PRODUCT_DEFINITION_FORMATION('',$,#5270);
#5266=PRODUCT_RELATED_PRODUCT_CATEGORY('left_mount','left_mount',(#5270));
#5267=APPLICATION_PROTOCOL_DEFINITION('international standard',
'automotive_design',2009,#5268);
#5268=APPLICATION_CONTEXT(
'Core Data for Automotive Mechanical Design Process');
#5269=PRODUCT_CONTEXT('part definition',#5268,'mechanical');
#5270=PRODUCT('left_mount','left_mount',$,(#5269));
#5271=PRESENTATION_STYLE_ASSIGNMENT((#5273));
#5272=PRESENTATION_STYLE_ASSIGNMENT((#5274));
#5273=SURFACE_STYLE_USAGE(.BOTH.,#5275);
#5274=SURFACE_STYLE_USAGE(.BOTH.,#5276);
#5275=SURFACE_SIDE_STYLE('',(#5277));
#5276=SURFACE_SIDE_STYLE('',(#5278));
#5277=SURFACE_STYLE_FILL_AREA(#5279);
#5278=SURFACE_STYLE_FILL_AREA(#5280);
#5279=FILL_AREA_STYLE('Steel - Satin',(#5281));
#5280=FILL_AREA_STYLE('Nylon 12 (with Formlabs Fuse 1 3D Printer)',(#5282));
#5281=FILL_AREA_STYLE_COLOUR('Steel - Satin',#5283);
#5282=FILL_AREA_STYLE_COLOUR(
'Nylon 12 (with Formlabs Fuse 1 3D Printer)',#5284);
#5283=COLOUR_RGB('Steel - Satin',0.627450980392157,0.627450980392157,0.627450980392157);
#5284=COLOUR_RGB('Nylon 12 (with Formlabs Fuse 1 3D Printer)',0.247058823529412,
0.247058823529412,0.247058823529412);
ENDSEC;
END-ISO-10303-21;
