ISO-10303-21;
HEADER;
/* Generated by software containing ST-Developer
 * from STEP Tools, Inc. (www.steptools.com) 
 */

FILE_DESCRIPTION(
/* description */ (''),
/* implementation_level */ '2;1');

FILE_NAME(
/* name */ 'right_mount.step',
/* time_stamp */ '2026-06-11T18:39:30-06:00',
/* author */ (''),
/* organization */ (''),
/* preprocessor_version */ 'ST-DEVELOPER v20.1',
/* originating_system */ 'Autodesk Translation Framework v15.8.0.0',
/* authorisation */ '');

FILE_SCHEMA (('AUTOMOTIVE_DESIGN { 1 0 10303 214 3 1 1 }'));
ENDSEC;

DATA;
#10=MECHANICAL_DESIGN_GEOMETRIC_PRESENTATION_REPRESENTATION('',(#13),#5226);
#11=SHAPE_REPRESENTATION_RELATIONSHIP('SRR','None',#5233,#12);
#12=ADVANCED_BREP_SHAPE_REPRESENTATION('',(#14),#5225);
#13=STYLED_ITEM('',(#5243),#14);
#14=MANIFOLD_SOLID_BREP('Body1',#2966);
#15=B_SPLINE_SURFACE_WITH_KNOTS('',3,3,((#4610,#4611,#4612,#4613),(#4614,
#4615,#4616,#4617),(#4618,#4619,#4620,#4621),(#4622,#4623,#4624,#4625)),
 .UNSPECIFIED.,.F.,.F.,.F.,(4,4),(4,4),(0.,1.),(0.597747907381175,1.),
 .UNSPECIFIED.);
#16=B_SPLINE_SURFACE_WITH_KNOTS('',3,3,((#4642,#4643,#4644,#4645),(#4646,
#4647,#4648,#4649),(#4650,#4651,#4652,#4653),(#4654,#4655,#4656,#4657)),
 .UNSPECIFIED.,.F.,.F.,.F.,(4,4),(4,4),(0.,1.),(0.597747907381173,1.),
 .UNSPECIFIED.);
#17=B_SPLINE_SURFACE_WITH_KNOTS('',3,3,((#4680,#4681,#4682,#4683),(#4684,
#4685,#4686,#4687),(#4688,#4689,#4690,#4691),(#4692,#4693,#4694,#4695)),
 .UNSPECIFIED.,.F.,.F.,.F.,(4,4),(4,4),(0.,1.),(0.,1.),.UNSPECIFIED.);
#18=B_SPLINE_SURFACE_WITH_KNOTS('',3,3,((#4710,#4711,#4712,#4713),(#4714,
#4715,#4716,#4717),(#4718,#4719,#4720,#4721),(#4722,#4723,#4724,#4725)),
 .UNSPECIFIED.,.F.,.F.,.F.,(4,4),(4,4),(0.,1.),(0.,1.),.UNSPECIFIED.);
#19=B_SPLINE_SURFACE_WITH_KNOTS('',3,3,((#4979,#4980,#4981,#4982),(#4983,
#4984,#4985,#4986),(#4987,#4988,#4989,#4990),(#4991,#4992,#4993,#4994)),
 .UNSPECIFIED.,.F.,.F.,.F.,(4,4),(4,4),(0.,1.),(0.,0.404520867221837),
 .UNSPECIFIED.);
#20=B_SPLINE_SURFACE_WITH_KNOTS('',3,3,((#5003,#5004,#5005,#5006),(#5007,
#5008,#5009,#5010),(#5011,#5012,#5013,#5014),(#5015,#5016,#5017,#5018)),
 .UNSPECIFIED.,.F.,.F.,.F.,(4,4),(4,4),(0.,1.),(0.,0.404520867221835),
 .UNSPECIFIED.);
#21=B_SPLINE_SURFACE_WITH_KNOTS('',3,3,((#5174,#5175,#5176,#5177),(#5178,
#5179,#5180,#5181),(#5182,#5183,#5184,#5185),(#5186,#5187,#5188,#5189)),
 .UNSPECIFIED.,.F.,.F.,.F.,(4,4),(4,4),(0.,1.),(0.,1.),.UNSPECIFIED.);
#22=B_SPLINE_SURFACE_WITH_KNOTS('',3,3,((#5193,#5194,#5195,#5196),(#5197,
#5198,#5199,#5200),(#5201,#5202,#5203,#5204),(#5205,#5206,#5207,#5208)),
 .UNSPECIFIED.,.F.,.F.,.F.,(4,4),(4,4),(0.,1.),(0.,1.),.UNSPECIFIED.);
#23=B_SPLINE_CURVE_WITH_KNOTS('',3,(#4183,#4184,#4185,#4186,#4187,#4188,
#4189,#4190,#4191,#4192,#4193,#4194,#4195,#4196,#4197,#4198,#4199,#4200,
#4201,#4202),.UNSPECIFIED.,.F.,.F.,(4,2,2,2,2,2,2,2,2,4),(0.,0.0968298272126667,
0.193659654425333,0.387319308850667,0.657863548787121,0.928407788723574,
1.15919182800876,1.38997586729395,1.57525209665706,1.76052832602017),
 .UNSPECIFIED.);
#24=B_SPLINE_CURVE_WITH_KNOTS('',3,(#4203,#4204,#4205,#4206,#4207,#4208,
#4209,#4210,#4211,#4212,#4213,#4214,#4215,#4216,#4217,#4218,#4219,#4220,
#4221,#4222),.UNSPECIFIED.,.F.,.F.,(4,2,2,2,2,2,2,2,2,4),(1.76052832602017,
1.94580455538328,2.1310807847464,2.36186482403158,2.59264886331677,2.86319310325322,
3.13373734318967,3.32739699761501,3.42422682482767,3.52105665204034),
 .UNSPECIFIED.);
#25=B_SPLINE_CURVE_WITH_KNOTS('',3,(#4226,#4227,#4228,#4229,#4230,#4231,
#4232,#4233,#4234,#4235,#4236,#4237,#4238,#4239,#4240,#4241,#4242,#4243),
 .UNSPECIFIED.,.F.,.F.,(4,2,2,2,2,2,2,2,4),(0.,0.189120506412582,0.378241012825164,
0.606103492744124,0.833965972663083,1.04533992133317,1.25671387000326,1.44337082683175,
1.63002778366025),.UNSPECIFIED.);
#26=B_SPLINE_CURVE_WITH_KNOTS('',3,(#4244,#4245,#4246,#4247,#4248,#4249,
#4250,#4251,#4252,#4253,#4254,#4255,#4256,#4257,#4258,#4259,#4260,#4261),
 .UNSPECIFIED.,.F.,.F.,(4,2,2,2,2,2,2,2,4),(1.63002778366025,1.81668474048874,
2.00334169731723,2.21471564598732,2.42608959465741,2.65395207457637,2.88181455449533,
3.07093506090791,3.26005556732049),.UNSPECIFIED.);
#27=B_SPLINE_CURVE_WITH_KNOTS('',3,(#4265,#4266,#4267,#4268,#4269,#4270,
#4271,#4272,#4273,#4274,#4275,#4276,#4277,#4278,#4279,#4280,#4281,#4282,
#4283,#4284),.UNSPECIFIED.,.F.,.F.,(4,2,2,2,2,2,2,2,2,4),(0.,0.185276229363113,
0.370552458726226,0.601336498011411,0.832120537296596,1.10266477723305,
1.3732090171695,1.56686867159484,1.6636984988075,1.76052832602017),
 .UNSPECIFIED.);
#28=B_SPLINE_CURVE_WITH_KNOTS('',3,(#4285,#4286,#4287,#4288,#4289,#4290,
#4291,#4292,#4293,#4294,#4295,#4296,#4297,#4298,#4299,#4300,#4301,#4302,
#4303,#4304),.UNSPECIFIED.,.F.,.F.,(4,2,2,2,2,2,2,2,2,4),(1.76052832602017,
1.85735815323284,1.9541879804455,2.14784763487084,2.41839187480729,2.68893611474374,
2.91972015402893,3.15050419331411,3.33578042267723,3.52105665204034),
 .UNSPECIFIED.);
#29=B_SPLINE_CURVE_WITH_KNOTS('',3,(#4308,#4309,#4310,#4311,#4312,#4313,
#4314,#4315,#4316,#4317,#4318,#4319,#4320,#4321,#4322,#4323,#4324,#4325),
 .UNSPECIFIED.,.F.,.F.,(4,2,2,2,2,2,2,2,4),(0.,0.186656956828493,0.373313913656986,
0.584687862327075,0.796061810997163,1.02392429091612,1.25178677083508,1.44090727724766,
1.63002778366025),.UNSPECIFIED.);
#30=B_SPLINE_CURVE_WITH_KNOTS('',3,(#4326,#4327,#4328,#4329,#4330,#4331,
#4332,#4333,#4334,#4335,#4336,#4337,#4338,#4339,#4340,#4341,#4342,#4343),
 .UNSPECIFIED.,.F.,.F.,(4,2,2,2,2,2,2,2,4),(1.63002778366025,1.81914829007283,
2.00826879648541,2.23613127640437,2.46399375632333,2.67536770499342,2.88674165366351,
3.073398610492,3.26005556732049),.UNSPECIFIED.);
#31=B_SPLINE_CURVE_WITH_KNOTS('',3,(#4627,#4628,#4629,#4630,#4631,#4632),
 .UNSPECIFIED.,.F.,.F.,(4,2,4),(0.,0.38477956545395,0.883197474830763),
 .UNSPECIFIED.);
#32=B_SPLINE_CURVE_WITH_KNOTS('',3,(#4658,#4659,#4660,#4661,#4662,#4663),
 .UNSPECIFIED.,.F.,.F.,(4,2,4),(0.,0.616428098031376,1.18267263545072),
 .UNSPECIFIED.);
#33=B_SPLINE_CURVE_WITH_KNOTS('',3,(#4698,#4699,#4700,#4701),
 .UNSPECIFIED.,.F.,.F.,(4,4),(0.,1.),.UNSPECIFIED.);
#34=B_SPLINE_CURVE_WITH_KNOTS('',3,(#4727,#4728,#4729,#4730),
 .UNSPECIFIED.,.F.,.F.,(4,4),(0.,1.),.UNSPECIFIED.);
#35=B_SPLINE_CURVE_WITH_KNOTS('',3,(#4996,#4997,#4998,#4999,#5000,#5001),
 .UNSPECIFIED.,.F.,.F.,(4,2,4),(0.,0.602253179674554,1.15228121439862),
 .UNSPECIFIED.);
#36=B_SPLINE_CURVE_WITH_KNOTS('',3,(#5020,#5021,#5022,#5023,#5024,#5025),
 .UNSPECIFIED.,.F.,.F.,(4,2,4),(0.,0.400722170728187,0.875896206179453),
 .UNSPECIFIED.);
#37=CONICAL_SURFACE('',#2990,0.625,1.02974425867665);
#38=CONICAL_SURFACE('',#2998,0.625,1.02974425867665);
#39=CONICAL_SURFACE('',#3006,0.625,1.02974425867665);
#40=CONICAL_SURFACE('',#3014,0.625,1.02974425867665);
#41=CONICAL_SURFACE('',#3024,0.625,1.02974425867665);
#42=CONICAL_SURFACE('',#3032,0.625,1.02974425867665);
#43=CONICAL_SURFACE('',#3040,0.625,1.02974425867665);
#44=CONICAL_SURFACE('',#3048,0.625,1.02974425867665);
#45=CONICAL_SURFACE('',#3056,0.625,1.02974425867665);
#46=CONICAL_SURFACE('',#3064,0.625,1.02974425867665);
#47=CONICAL_SURFACE('',#3258,0.625,1.02974425867665);
#48=CONICAL_SURFACE('',#3263,0.625,1.02974425867665);
#49=LINE('',#4106,#312);
#50=LINE('',#4115,#313);
#51=LINE('',#4120,#314);
#52=LINE('',#4129,#315);
#53=LINE('',#4131,#316);
#54=LINE('',#4136,#317);
#55=LINE('',#4145,#318);
#56=LINE('',#4147,#319);
#57=LINE('',#4152,#320);
#58=LINE('',#4161,#321);
#59=LINE('',#4163,#322);
#60=LINE('',#4168,#323);
#61=LINE('',#4177,#324);
#62=LINE('',#4179,#325);
#63=LINE('',#4224,#326);
#64=LINE('',#4306,#327);
#65=LINE('',#4348,#328);
#66=LINE('',#4357,#329);
#67=LINE('',#4359,#330);
#68=LINE('',#4364,#331);
#69=LINE('',#4373,#332);
#70=LINE('',#4375,#333);
#71=LINE('',#4380,#334);
#72=LINE('',#4389,#335);
#73=LINE('',#4391,#336);
#74=LINE('',#4396,#337);
#75=LINE('',#4405,#338);
#76=LINE('',#4407,#339);
#77=LINE('',#4412,#340);
#78=LINE('',#4421,#341);
#79=LINE('',#4423,#342);
#80=LINE('',#4428,#343);
#81=LINE('',#4437,#344);
#82=LINE('',#4439,#345);
#83=LINE('',#4443,#346);
#84=LINE('',#4445,#347);
#85=LINE('',#4451,#348);
#86=LINE('',#4458,#349);
#87=LINE('',#4462,#350);
#88=LINE('',#4467,#351);
#89=LINE('',#4472,#352);
#90=LINE('',#4474,#353);
#91=LINE('',#4479,#354);
#92=LINE('',#4483,#355);
#93=LINE('',#4487,#356);
#94=LINE('',#4489,#357);
#95=LINE('',#4501,#358);
#96=LINE('',#4513,#359);
#97=LINE('',#4525,#360);
#98=LINE('',#4531,#361);
#99=LINE('',#4533,#362);
#100=LINE('',#4534,#363);
#101=LINE('',#4536,#364);
#102=LINE('',#4539,#365);
#103=LINE('',#4541,#366);
#104=LINE('',#4542,#367);
#105=LINE('',#4544,#368);
#106=LINE('',#4551,#369);
#107=LINE('',#4553,#370);
#108=LINE('',#4556,#371);
#109=LINE('',#4558,#372);
#110=LINE('',#4562,#373);
#111=LINE('',#4564,#374);
#112=LINE('',#4568,#375);
#113=LINE('',#4570,#376);
#114=LINE('',#4574,#377);
#115=LINE('',#4575,#378);
#116=LINE('',#4577,#379);
#117=LINE('',#4579,#380);
#118=LINE('',#4581,#381);
#119=LINE('',#4583,#382);
#120=LINE('',#4584,#383);
#121=LINE('',#4586,#384);
#122=LINE('',#4588,#385);
#123=LINE('',#4590,#386);
#124=LINE('',#4591,#387);
#125=LINE('',#4593,#388);
#126=LINE('',#4595,#389);
#127=LINE('',#4596,#390);
#128=LINE('',#4598,#391);
#129=LINE('',#4600,#392);
#130=LINE('',#4604,#393);
#131=LINE('',#4606,#394);
#132=LINE('',#4608,#395);
#133=LINE('',#4609,#396);
#134=LINE('',#4634,#397);
#135=LINE('',#4635,#398);
#136=LINE('',#4638,#399);
#137=LINE('',#4640,#400);
#138=LINE('',#4641,#401);
#139=LINE('',#4664,#402);
#140=LINE('',#4667,#403);
#141=LINE('',#4669,#404);
#142=LINE('',#4670,#405);
#143=LINE('',#4674,#406);
#144=LINE('',#4676,#407);
#145=LINE('',#4678,#408);
#146=LINE('',#4679,#409);
#147=LINE('',#4703,#410);
#148=LINE('',#4704,#411);
#149=LINE('',#4705,#412);
#150=LINE('',#4708,#413);
#151=LINE('',#4709,#414);
#152=LINE('',#4732,#415);
#153=LINE('',#4733,#416);
#154=LINE('',#4735,#417);
#155=LINE('',#4736,#418);
#156=LINE('',#4741,#419);
#157=LINE('',#4747,#420);
#158=LINE('',#4753,#421);
#159=LINE('',#4759,#422);
#160=LINE('',#4764,#423);
#161=LINE('',#4766,#424);
#162=LINE('',#4768,#425);
#163=LINE('',#4769,#426);
#164=LINE('',#4772,#427);
#165=LINE('',#4774,#428);
#166=LINE('',#4775,#429);
#167=LINE('',#4778,#430);
#168=LINE('',#4780,#431);
#169=LINE('',#4781,#432);
#170=LINE('',#4783,#433);
#171=LINE('',#4784,#434);
#172=LINE('',#4788,#435);
#173=LINE('',#4790,#436);
#174=LINE('',#4792,#437);
#175=LINE('',#4793,#438);
#176=LINE('',#4799,#439);
#177=LINE('',#4802,#440);
#178=LINE('',#4804,#441);
#179=LINE('',#4805,#442);
#180=LINE('',#4808,#443);
#181=LINE('',#4810,#444);
#182=LINE('',#4811,#445);
#183=LINE('',#4814,#446);
#184=LINE('',#4816,#447);
#185=LINE('',#4817,#448);
#186=LINE('',#4823,#449);
#187=LINE('',#4825,#450);
#188=LINE('',#4826,#451);
#189=LINE('',#4829,#452);
#190=LINE('',#4831,#453);
#191=LINE('',#4832,#454);
#192=LINE('',#4834,#455);
#193=LINE('',#4835,#456);
#194=LINE('',#4837,#457);
#195=LINE('',#4838,#458);
#196=LINE('',#4843,#459);
#197=LINE('',#4844,#460);
#198=LINE('',#4849,#461);
#199=LINE('',#4852,#462);
#200=LINE('',#4855,#463);
#201=LINE('',#4856,#464);
#202=LINE('',#4860,#465);
#203=LINE('',#4863,#466);
#204=LINE('',#4864,#467);
#205=LINE('',#4868,#468);
#206=LINE('',#4870,#469);
#207=LINE('',#4876,#470);
#208=LINE('',#4882,#471);
#209=LINE('',#4888,#472);
#210=LINE('',#4894,#473);
#211=LINE('',#4899,#474);
#212=LINE('',#4901,#475);
#213=LINE('',#4903,#476);
#214=LINE('',#4904,#477);
#215=LINE('',#4907,#478);
#216=LINE('',#4909,#479);
#217=LINE('',#4910,#480);
#218=LINE('',#4913,#481);
#219=LINE('',#4915,#482);
#220=LINE('',#4916,#483);
#221=LINE('',#4918,#484);
#222=LINE('',#4919,#485);
#223=LINE('',#4922,#486);
#224=LINE('',#4924,#487);
#225=LINE('',#4925,#488);
#226=LINE('',#4928,#489);
#227=LINE('',#4930,#490);
#228=LINE('',#4931,#491);
#229=LINE('',#4937,#492);
#230=LINE('',#4940,#493);
#231=LINE('',#4942,#494);
#232=LINE('',#4943,#495);
#233=LINE('',#4946,#496);
#234=LINE('',#4948,#497);
#235=LINE('',#4949,#498);
#236=LINE('',#4952,#499);
#237=LINE('',#4954,#500);
#238=LINE('',#4955,#501);
#239=LINE('',#4961,#502);
#240=LINE('',#4964,#503);
#241=LINE('',#4966,#504);
#242=LINE('',#4967,#505);
#243=LINE('',#4969,#506);
#244=LINE('',#4970,#507);
#245=LINE('',#4976,#508);
#246=LINE('',#4977,#509);
#247=LINE('',#4978,#510);
#248=LINE('',#5002,#511);
#249=LINE('',#5026,#512);
#250=LINE('',#5028,#513);
#251=LINE('',#5033,#514);
#252=LINE('',#5034,#515);
#253=LINE('',#5037,#516);
#254=LINE('',#5041,#517);
#255=LINE('',#5045,#518);
#256=LINE('',#5046,#519);
#257=LINE('',#5049,#520);
#258=LINE('',#5051,#521);
#259=LINE('',#5053,#522);
#260=LINE('',#5054,#523);
#261=LINE('',#5058,#524);
#262=LINE('',#5061,#525);
#263=LINE('',#5062,#526);
#264=LINE('',#5066,#527);
#265=LINE('',#5068,#528);
#266=LINE('',#5072,#529);
#267=LINE('',#5074,#530);
#268=LINE('',#5075,#531);
#269=LINE('',#5078,#532);
#270=LINE('',#5080,#533);
#271=LINE('',#5084,#534);
#272=LINE('',#5086,#535);
#273=LINE('',#5088,#536);
#274=LINE('',#5091,#537);
#275=LINE('',#5102,#538);
#276=LINE('',#5104,#539);
#277=LINE('',#5106,#540);
#278=LINE('',#5107,#541);
#279=LINE('',#5110,#542);
#280=LINE('',#5114,#543);
#281=LINE('',#5118,#544);
#282=LINE('',#5122,#545);
#283=LINE('',#5127,#546);
#284=LINE('',#5128,#547);
#285=LINE('',#5129,#548);
#286=LINE('',#5132,#549);
#287=LINE('',#5133,#550);
#288=LINE('',#5136,#551);
#289=LINE('',#5137,#552);
#290=LINE('',#5139,#553);
#291=LINE('',#5142,#554);
#292=LINE('',#5143,#555);
#293=LINE('',#5147,#556);
#294=LINE('',#5150,#557);
#295=LINE('',#5151,#558);
#296=LINE('',#5154,#559);
#297=LINE('',#5155,#560);
#298=LINE('',#5158,#561);
#299=LINE('',#5159,#562);
#300=LINE('',#5163,#563);
#301=LINE('',#5166,#564);
#302=LINE('',#5167,#565);
#303=LINE('',#5169,#566);
#304=LINE('',#5172,#567);
#305=LINE('',#5173,#568);
#306=LINE('',#5190,#569);
#307=LINE('',#5192,#570);
#308=LINE('',#5213,#571);
#309=LINE('',#5215,#572);
#310=LINE('',#5218,#573);
#311=LINE('',#5222,#574);
#312=VECTOR('',#3276,1.75);
#313=VECTOR('',#3287,1.75);
#314=VECTOR('',#3292,0.625);
#315=VECTOR('',#3303,1.75);
#316=VECTOR('',#3306,1.25);
#317=VECTOR('',#3311,0.625);
#318=VECTOR('',#3322,1.75);
#319=VECTOR('',#3325,1.25);
#320=VECTOR('',#3330,0.625);
#321=VECTOR('',#3341,1.75);
#322=VECTOR('',#3344,1.25);
#323=VECTOR('',#3349,0.625);
#324=VECTOR('',#3360,1.75);
#325=VECTOR('',#3363,1.25);
#326=VECTOR('',#3366,5.);
#327=VECTOR('',#3369,5.);
#328=VECTOR('',#3374,0.625);
#329=VECTOR('',#3385,1.75);
#330=VECTOR('',#3388,1.25);
#331=VECTOR('',#3393,0.625);
#332=VECTOR('',#3404,1.75);
#333=VECTOR('',#3407,1.25);
#334=VECTOR('',#3412,0.625);
#335=VECTOR('',#3423,1.75);
#336=VECTOR('',#3426,1.25);
#337=VECTOR('',#3431,0.625);
#338=VECTOR('',#3442,1.75);
#339=VECTOR('',#3445,1.25);
#340=VECTOR('',#3450,0.625);
#341=VECTOR('',#3461,1.75);
#342=VECTOR('',#3464,1.25);
#343=VECTOR('',#3469,0.625);
#344=VECTOR('',#3480,1.75);
#345=VECTOR('',#3483,1.25);
#346=VECTOR('',#3486,10.);
#347=VECTOR('',#3487,10.);
#348=VECTOR('',#3492,10.);
#349=VECTOR('',#3499,10.);
#350=VECTOR('',#3502,10.);
#351=VECTOR('',#3507,10.);
#352=VECTOR('',#3512,10.);
#353=VECTOR('',#3513,10.);
#354=VECTOR('',#3518,10.);
#355=VECTOR('',#3521,10.);
#356=VECTOR('',#3524,10.);
#357=VECTOR('',#3525,10.);
#358=VECTOR('',#3540,5.50000000000001);
#359=VECTOR('',#3555,5.50000000000001);
#360=VECTOR('',#3570,5.50000000000001);
#361=VECTOR('',#3577,10.);
#362=VECTOR('',#3578,10.);
#363=VECTOR('',#3579,10.);
#364=VECTOR('',#3582,7.54999999999999);
#365=VECTOR('',#3585,10.);
#366=VECTOR('',#3586,10.);
#367=VECTOR('',#3587,10.);
#368=VECTOR('',#3590,15.);
#369=VECTOR('',#3597,10.);
#370=VECTOR('',#3598,10.);
#371=VECTOR('',#3601,10.);
#372=VECTOR('',#3602,10.);
#373=VECTOR('',#3605,10.);
#374=VECTOR('',#3606,10.);
#375=VECTOR('',#3609,10.);
#376=VECTOR('',#3610,10.);
#377=VECTOR('',#3613,10.);
#378=VECTOR('',#3614,10.);
#379=VECTOR('',#3617,7.54999999999999);
#380=VECTOR('',#3620,7.55000000000001);
#381=VECTOR('',#3623,10.);
#382=VECTOR('',#3626,15.);
#383=VECTOR('',#3627,10.);
#384=VECTOR('',#3630,10.);
#385=VECTOR('',#3633,10.);
#386=VECTOR('',#3636,15.);
#387=VECTOR('',#3637,10.);
#388=VECTOR('',#3640,10.);
#389=VECTOR('',#3643,10.);
#390=VECTOR('',#3644,10.);
#391=VECTOR('',#3647,10.);
#392=VECTOR('',#3650,10.);
#393=VECTOR('',#3653,10.);
#394=VECTOR('',#3654,10.);
#395=VECTOR('',#3655,10.);
#396=VECTOR('',#3656,10.);
#397=VECTOR('',#3657,10.);
#398=VECTOR('',#3658,10.);
#399=VECTOR('',#3661,10.);
#400=VECTOR('',#3662,40.5052186728284);
#401=VECTOR('',#3663,10.);
#402=VECTOR('',#3664,10.);
#403=VECTOR('',#3667,10.);
#404=VECTOR('',#3668,10.);
#405=VECTOR('',#3669,10.);
#406=VECTOR('',#3672,10.);
#407=VECTOR('',#3673,10.);
#408=VECTOR('',#3674,10.);
#409=VECTOR('',#3675,10.);
#410=VECTOR('',#3676,10.);
#411=VECTOR('',#3677,10.);
#412=VECTOR('',#3678,10.);
#413=VECTOR('',#3681,10.);
#414=VECTOR('',#3682,47.3239979216287);
#415=VECTOR('',#3683,10.);
#416=VECTOR('',#3684,10.);
#417=VECTOR('',#3687,10.);
#418=VECTOR('',#3688,10.);
#419=VECTOR('',#3693,1.99999999999999);
#420=VECTOR('',#3700,1.99999999999999);
#421=VECTOR('',#3707,2.00000000000001);
#422=VECTOR('',#3714,2.00000000000001);
#423=VECTOR('',#3719,10.);
#424=VECTOR('',#3720,10.);
#425=VECTOR('',#3721,10.);
#426=VECTOR('',#3722,10.);
#427=VECTOR('',#3725,10.);
#428=VECTOR('',#3726,10.);
#429=VECTOR('',#3727,10.);
#430=VECTOR('',#3730,10.);
#431=VECTOR('',#3731,10.);
#432=VECTOR('',#3732,10.);
#433=VECTOR('',#3735,10.);
#434=VECTOR('',#3736,10.);
#435=VECTOR('',#3739,10.);
#436=VECTOR('',#3740,10.);
#437=VECTOR('',#3741,10.);
#438=VECTOR('',#3742,10.);
#439=VECTOR('',#3749,10.);
#440=VECTOR('',#3752,10.);
#441=VECTOR('',#3753,10.);
#442=VECTOR('',#3754,10.);
#443=VECTOR('',#3757,10.);
#444=VECTOR('',#3758,10.);
#445=VECTOR('',#3759,10.);
#446=VECTOR('',#3762,10.);
#447=VECTOR('',#3763,10.);
#448=VECTOR('',#3764,10.);
#449=VECTOR('',#3771,10.);
#450=VECTOR('',#3774,10.);
#451=VECTOR('',#3775,10.);
#452=VECTOR('',#3778,10.);
#453=VECTOR('',#3779,10.);
#454=VECTOR('',#3780,10.);
#455=VECTOR('',#3783,10.);
#456=VECTOR('',#3784,10.);
#457=VECTOR('',#3787,10.);
#458=VECTOR('',#3788,10.);
#459=VECTOR('',#3793,10.);
#460=VECTOR('',#3794,10.);
#461=VECTOR('',#3797,10.);
#462=VECTOR('',#3800,10.);
#463=VECTOR('',#3803,10.);
#464=VECTOR('',#3804,10.);
#465=VECTOR('',#3809,10.);
#466=VECTOR('',#3812,10.);
#467=VECTOR('',#3813,10.);
#468=VECTOR('',#3818,10.);
#469=VECTOR('',#3821,10.);
#470=VECTOR('',#3828,1.99999999999999);
#471=VECTOR('',#3835,1.99999999999999);
#472=VECTOR('',#3842,2.00000000000001);
#473=VECTOR('',#3849,2.00000000000001);
#474=VECTOR('',#3854,10.);
#475=VECTOR('',#3855,10.);
#476=VECTOR('',#3856,10.);
#477=VECTOR('',#3857,10.);
#478=VECTOR('',#3860,10.);
#479=VECTOR('',#3861,10.);
#480=VECTOR('',#3862,10.);
#481=VECTOR('',#3865,10.);
#482=VECTOR('',#3866,10.);
#483=VECTOR('',#3867,10.);
#484=VECTOR('',#3870,10.);
#485=VECTOR('',#3871,10.);
#486=VECTOR('',#3874,10.);
#487=VECTOR('',#3875,10.);
#488=VECTOR('',#3876,10.);
#489=VECTOR('',#3879,10.);
#490=VECTOR('',#3880,10.);
#491=VECTOR('',#3881,10.);
#492=VECTOR('',#3888,10.);
#493=VECTOR('',#3891,10.);
#494=VECTOR('',#3892,10.);
#495=VECTOR('',#3893,10.);
#496=VECTOR('',#3896,10.);
#497=VECTOR('',#3897,10.);
#498=VECTOR('',#3898,10.);
#499=VECTOR('',#3901,10.);
#500=VECTOR('',#3902,10.);
#501=VECTOR('',#3903,10.);
#502=VECTOR('',#3910,10.);
#503=VECTOR('',#3913,10.);
#504=VECTOR('',#3914,10.);
#505=VECTOR('',#3915,10.);
#506=VECTOR('',#3918,10.);
#507=VECTOR('',#3919,10.);
#508=VECTOR('',#3926,10.);
#509=VECTOR('',#3927,10.);
#510=VECTOR('',#3928,40.6242084142102);
#511=VECTOR('',#3929,10.);
#512=VECTOR('',#3930,10.);
#513=VECTOR('',#3933,10.);
#514=VECTOR('',#3938,10.);
#515=VECTOR('',#3939,10.);
#516=VECTOR('',#3940,10.);
#517=VECTOR('',#3943,10.);
#518=VECTOR('',#3948,10.);
#519=VECTOR('',#3949,10.);
#520=VECTOR('',#3950,10.);
#521=VECTOR('',#3951,10.);
#522=VECTOR('',#3952,10.);
#523=VECTOR('',#3953,10.);
#524=VECTOR('',#3958,10.);
#525=VECTOR('',#3961,10.);
#526=VECTOR('',#3962,10.);
#527=VECTOR('',#3967,10.);
#528=VECTOR('',#3970,10.);
#529=VECTOR('',#3975,10.);
#530=VECTOR('',#3976,10.);
#531=VECTOR('',#3977,10.);
#532=VECTOR('',#3980,10.);
#533=VECTOR('',#3981,10.);
#534=VECTOR('',#3984,10.);
#535=VECTOR('',#3985,10.);
#536=VECTOR('',#3986,10.);
#537=VECTOR('',#3989,10.);
#538=VECTOR('',#3998,10.);
#539=VECTOR('',#3999,10.);
#540=VECTOR('',#4000,10.);
#541=VECTOR('',#4001,10.);
#542=VECTOR('',#4004,1.99999999999999);
#543=VECTOR('',#4009,1.99999999999999);
#544=VECTOR('',#4014,2.00000000000001);
#545=VECTOR('',#4019,2.00000000000001);
#546=VECTOR('',#4024,10.);
#547=VECTOR('',#4025,10.);
#548=VECTOR('',#4026,10.);
#549=VECTOR('',#4029,10.);
#550=VECTOR('',#4030,10.);
#551=VECTOR('',#4033,10.);
#552=VECTOR('',#4034,10.);
#553=VECTOR('',#4037,10.);
#554=VECTOR('',#4040,10.);
#555=VECTOR('',#4041,10.);
#556=VECTOR('',#4046,10.);
#557=VECTOR('',#4049,10.);
#558=VECTOR('',#4050,10.);
#559=VECTOR('',#4053,10.);
#560=VECTOR('',#4054,10.);
#561=VECTOR('',#4057,10.);
#562=VECTOR('',#4058,10.);
#563=VECTOR('',#4063,10.);
#564=VECTOR('',#4066,10.);
#565=VECTOR('',#4067,10.);
#566=VECTOR('',#4070,10.);
#567=VECTOR('',#4075,47.4258827869956);
#568=VECTOR('',#4076,45.8796004253795);
#569=VECTOR('',#4077,10.);
#570=VECTOR('',#4080,63.7276787123325);
#571=VECTOR('',#4085,0.625);
#572=VECTOR('',#4088,1.25);
#573=VECTOR('',#4091,1.25);
#574=VECTOR('',#4096,0.625);
#575=CYLINDRICAL_SURFACE('',#2983,1.75);
#576=CYLINDRICAL_SURFACE('',#2988,1.75);
#577=CYLINDRICAL_SURFACE('',#2995,1.75);
#578=CYLINDRICAL_SURFACE('',#2997,1.25);
#579=CYLINDRICAL_SURFACE('',#3003,1.75);
#580=CYLINDRICAL_SURFACE('',#3005,1.25);
#581=CYLINDRICAL_SURFACE('',#3011,1.75);
#582=CYLINDRICAL_SURFACE('',#3013,1.25);
#583=CYLINDRICAL_SURFACE('',#3019,1.75);
#584=CYLINDRICAL_SURFACE('',#3021,1.25);
#585=CYLINDRICAL_SURFACE('',#3022,5.);
#586=CYLINDRICAL_SURFACE('',#3023,5.);
#587=CYLINDRICAL_SURFACE('',#3029,1.75);
#588=CYLINDRICAL_SURFACE('',#3031,1.25);
#589=CYLINDRICAL_SURFACE('',#3037,1.75);
#590=CYLINDRICAL_SURFACE('',#3039,1.25);
#591=CYLINDRICAL_SURFACE('',#3045,1.75);
#592=CYLINDRICAL_SURFACE('',#3047,1.25);
#593=CYLINDRICAL_SURFACE('',#3053,1.75);
#594=CYLINDRICAL_SURFACE('',#3055,1.25);
#595=CYLINDRICAL_SURFACE('',#3061,1.75);
#596=CYLINDRICAL_SURFACE('',#3063,1.25);
#597=CYLINDRICAL_SURFACE('',#3069,1.75);
#598=CYLINDRICAL_SURFACE('',#3071,1.25);
#599=CYLINDRICAL_SURFACE('',#3092,5.50000000000001);
#600=CYLINDRICAL_SURFACE('',#3099,5.50000000000001);
#601=CYLINDRICAL_SURFACE('',#3106,5.50000000000001);
#602=CYLINDRICAL_SURFACE('',#3111,7.54999999999999);
#603=CYLINDRICAL_SURFACE('',#3113,15.);
#604=CYLINDRICAL_SURFACE('',#3121,7.54999999999999);
#605=CYLINDRICAL_SURFACE('',#3122,7.55000000000001);
#606=CYLINDRICAL_SURFACE('',#3124,15.);
#607=CYLINDRICAL_SURFACE('',#3127,15.);
#608=CYLINDRICAL_SURFACE('',#3130,25.);
#609=CYLINDRICAL_SURFACE('',#3138,1.99999999999999);
#610=CYLINDRICAL_SURFACE('',#3141,1.99999999999999);
#611=CYLINDRICAL_SURFACE('',#3144,2.00000000000001);
#612=CYLINDRICAL_SURFACE('',#3147,2.00000000000001);
#613=CYLINDRICAL_SURFACE('',#3155,3.00000000000004);
#614=CYLINDRICAL_SURFACE('',#3161,3.00000000000004);
#615=CYLINDRICAL_SURFACE('',#3168,27.5);
#616=CYLINDRICAL_SURFACE('',#3173,27.5);
#617=CYLINDRICAL_SURFACE('',#3176,35.);
#618=CYLINDRICAL_SURFACE('',#3180,1.99999999999999);
#619=CYLINDRICAL_SURFACE('',#3183,1.99999999999999);
#620=CYLINDRICAL_SURFACE('',#3186,2.00000000000001);
#621=CYLINDRICAL_SURFACE('',#3189,2.00000000000001);
#622=CYLINDRICAL_SURFACE('',#3198,3.00000000000004);
#623=CYLINDRICAL_SURFACE('',#3204,3.00000000000004);
#624=CYLINDRICAL_SURFACE('',#3213,27.5);
#625=CYLINDRICAL_SURFACE('',#3218,27.5);
#626=CYLINDRICAL_SURFACE('',#3221,35.);
#627=CYLINDRICAL_SURFACE('',#3233,1.99999999999999);
#628=CYLINDRICAL_SURFACE('',#3235,1.99999999999999);
#629=CYLINDRICAL_SURFACE('',#3237,2.00000000000001);
#630=CYLINDRICAL_SURFACE('',#3239,2.00000000000001);
#631=CYLINDRICAL_SURFACE('',#3246,3.00000000000004);
#632=CYLINDRICAL_SURFACE('',#3251,3.00000000000004);
#633=CYLINDRICAL_SURFACE('',#3260,1.25);
#634=CYLINDRICAL_SURFACE('',#3261,1.25);
#635=FACE_BOUND('',#875,.T.);
#636=FACE_BOUND('',#878,.T.);
#637=FACE_BOUND('',#882,.T.);
#638=FACE_BOUND('',#887,.T.);
#639=FACE_BOUND('',#892,.T.);
#640=FACE_BOUND('',#897,.T.);
#641=FACE_BOUND('',#904,.T.);
#642=FACE_BOUND('',#909,.T.);
#643=FACE_BOUND('',#914,.T.);
#644=FACE_BOUND('',#919,.T.);
#645=FACE_BOUND('',#924,.T.);
#646=FACE_BOUND('',#929,.T.);
#647=FACE_BOUND('',#933,.T.);
#648=FACE_BOUND('',#935,.T.);
#649=FACE_BOUND('',#937,.T.);
#650=FACE_BOUND('',#939,.T.);
#651=FACE_BOUND('',#942,.T.);
#652=FACE_BOUND('',#944,.T.);
#653=FACE_BOUND('',#947,.T.);
#654=FACE_BOUND('',#949,.T.);
#655=FACE_BOUND('',#952,.T.);
#656=FACE_BOUND('',#958,.T.);
#657=FACE_BOUND('',#959,.T.);
#658=FACE_BOUND('',#998,.T.);
#659=FACE_BOUND('',#999,.T.);
#660=FACE_BOUND('',#1000,.T.);
#661=FACE_BOUND('',#1001,.T.);
#662=FACE_BOUND('',#1002,.T.);
#663=FACE_BOUND('',#1004,.T.);
#664=FACE_BOUND('',#1005,.T.);
#665=FACE_BOUND('',#1006,.T.);
#666=FACE_BOUND('',#1007,.T.);
#667=FACE_BOUND('',#1008,.T.);
#668=FACE_BOUND('',#1010,.T.);
#669=FACE_BOUND('',#1011,.T.);
#670=FACE_BOUND('',#1013,.T.);
#671=FACE_BOUND('',#1015,.T.);
#672=FACE_BOUND('',#1018,.T.);
#673=FACE_BOUND('',#1020,.T.);
#674=FACE_BOUND('',#1021,.T.);
#675=FACE_BOUND('',#1023,.T.);
#676=FACE_BOUND('',#1024,.T.);
#677=FACE_BOUND('',#1025,.T.);
#678=FACE_BOUND('',#1044,.T.);
#679=FACE_BOUND('',#1045,.T.);
#680=FACE_BOUND('',#1046,.T.);
#681=FACE_BOUND('',#1047,.T.);
#682=FACE_BOUND('',#1048,.T.);
#683=FACE_BOUND('',#1050,.T.);
#684=FACE_BOUND('',#1051,.T.);
#685=FACE_BOUND('',#1052,.T.);
#686=FACE_BOUND('',#1053,.T.);
#687=FACE_BOUND('',#1054,.T.);
#688=FACE_BOUND('',#1060,.T.);
#689=FACE_BOUND('',#1061,.T.);
#690=FACE_BOUND('',#1063,.T.);
#691=FACE_BOUND('',#1065,.T.);
#692=FACE_BOUND('',#1067,.T.);
#693=FACE_BOUND('',#1068,.T.);
#694=FACE_BOUND('',#1070,.T.);
#695=FACE_BOUND('',#1073,.T.);
#696=FACE_BOUND('',#1074,.T.);
#697=FACE_BOUND('',#1075,.T.);
#698=FACE_BOUND('',#1078,.T.);
#699=FACE_BOUND('',#1079,.T.);
#700=FACE_BOUND('',#1080,.T.);
#701=FACE_BOUND('',#1081,.T.);
#702=FACE_BOUND('',#1082,.T.);
#703=FACE_BOUND('',#1100,.T.);
#704=FACE_BOUND('',#1101,.T.);
#705=FACE_BOUND('',#1102,.T.);
#706=FACE_BOUND('',#1103,.T.);
#707=FACE_BOUND('',#1104,.T.);
#708=FACE_OUTER_BOUND('',#874,.T.);
#709=FACE_OUTER_BOUND('',#876,.T.);
#710=FACE_OUTER_BOUND('',#877,.T.);
#711=FACE_OUTER_BOUND('',#879,.T.);
#712=FACE_OUTER_BOUND('',#880,.T.);
#713=FACE_OUTER_BOUND('',#881,.T.);
#714=FACE_OUTER_BOUND('',#883,.T.);
#715=FACE_OUTER_BOUND('',#884,.T.);
#716=FACE_OUTER_BOUND('',#885,.T.);
#717=FACE_OUTER_BOUND('',#886,.T.);
#718=FACE_OUTER_BOUND('',#888,.T.);
#719=FACE_OUTER_BOUND('',#889,.T.);
#720=FACE_OUTER_BOUND('',#890,.T.);
#721=FACE_OUTER_BOUND('',#891,.T.);
#722=FACE_OUTER_BOUND('',#893,.T.);
#723=FACE_OUTER_BOUND('',#894,.T.);
#724=FACE_OUTER_BOUND('',#895,.T.);
#725=FACE_OUTER_BOUND('',#896,.T.);
#726=FACE_OUTER_BOUND('',#898,.T.);
#727=FACE_OUTER_BOUND('',#899,.T.);
#728=FACE_OUTER_BOUND('',#900,.T.);
#729=FACE_OUTER_BOUND('',#901,.T.);
#730=FACE_OUTER_BOUND('',#902,.T.);
#731=FACE_OUTER_BOUND('',#903,.T.);
#732=FACE_OUTER_BOUND('',#905,.T.);
#733=FACE_OUTER_BOUND('',#906,.T.);
#734=FACE_OUTER_BOUND('',#907,.T.);
#735=FACE_OUTER_BOUND('',#908,.T.);
#736=FACE_OUTER_BOUND('',#910,.T.);
#737=FACE_OUTER_BOUND('',#911,.T.);
#738=FACE_OUTER_BOUND('',#912,.T.);
#739=FACE_OUTER_BOUND('',#913,.T.);
#740=FACE_OUTER_BOUND('',#915,.T.);
#741=FACE_OUTER_BOUND('',#916,.T.);
#742=FACE_OUTER_BOUND('',#917,.T.);
#743=FACE_OUTER_BOUND('',#918,.T.);
#744=FACE_OUTER_BOUND('',#920,.T.);
#745=FACE_OUTER_BOUND('',#921,.T.);
#746=FACE_OUTER_BOUND('',#922,.T.);
#747=FACE_OUTER_BOUND('',#923,.T.);
#748=FACE_OUTER_BOUND('',#925,.T.);
#749=FACE_OUTER_BOUND('',#926,.T.);
#750=FACE_OUTER_BOUND('',#927,.T.);
#751=FACE_OUTER_BOUND('',#928,.T.);
#752=FACE_OUTER_BOUND('',#930,.T.);
#753=FACE_OUTER_BOUND('',#931,.T.);
#754=FACE_OUTER_BOUND('',#932,.T.);
#755=FACE_OUTER_BOUND('',#934,.T.);
#756=FACE_OUTER_BOUND('',#936,.T.);
#757=FACE_OUTER_BOUND('',#938,.T.);
#758=FACE_OUTER_BOUND('',#940,.T.);
#759=FACE_OUTER_BOUND('',#941,.T.);
#760=FACE_OUTER_BOUND('',#943,.T.);
#761=FACE_OUTER_BOUND('',#945,.T.);
#762=FACE_OUTER_BOUND('',#946,.T.);
#763=FACE_OUTER_BOUND('',#948,.T.);
#764=FACE_OUTER_BOUND('',#950,.T.);
#765=FACE_OUTER_BOUND('',#951,.T.);
#766=FACE_OUTER_BOUND('',#953,.T.);
#767=FACE_OUTER_BOUND('',#954,.T.);
#768=FACE_OUTER_BOUND('',#955,.T.);
#769=FACE_OUTER_BOUND('',#956,.T.);
#770=FACE_OUTER_BOUND('',#957,.T.);
#771=FACE_OUTER_BOUND('',#960,.T.);
#772=FACE_OUTER_BOUND('',#961,.T.);
#773=FACE_OUTER_BOUND('',#962,.T.);
#774=FACE_OUTER_BOUND('',#963,.T.);
#775=FACE_OUTER_BOUND('',#964,.T.);
#776=FACE_OUTER_BOUND('',#965,.T.);
#777=FACE_OUTER_BOUND('',#966,.T.);
#778=FACE_OUTER_BOUND('',#967,.T.);
#779=FACE_OUTER_BOUND('',#968,.T.);
#780=FACE_OUTER_BOUND('',#969,.T.);
#781=FACE_OUTER_BOUND('',#970,.T.);
#782=FACE_OUTER_BOUND('',#971,.T.);
#783=FACE_OUTER_BOUND('',#972,.T.);
#784=FACE_OUTER_BOUND('',#973,.T.);
#785=FACE_OUTER_BOUND('',#974,.T.);
#786=FACE_OUTER_BOUND('',#975,.T.);
#787=FACE_OUTER_BOUND('',#976,.T.);
#788=FACE_OUTER_BOUND('',#977,.T.);
#789=FACE_OUTER_BOUND('',#978,.T.);
#790=FACE_OUTER_BOUND('',#979,.T.);
#791=FACE_OUTER_BOUND('',#980,.T.);
#792=FACE_OUTER_BOUND('',#981,.T.);
#793=FACE_OUTER_BOUND('',#982,.T.);
#794=FACE_OUTER_BOUND('',#983,.T.);
#795=FACE_OUTER_BOUND('',#984,.T.);
#796=FACE_OUTER_BOUND('',#985,.T.);
#797=FACE_OUTER_BOUND('',#986,.T.);
#798=FACE_OUTER_BOUND('',#987,.T.);
#799=FACE_OUTER_BOUND('',#988,.T.);
#800=FACE_OUTER_BOUND('',#989,.T.);
#801=FACE_OUTER_BOUND('',#990,.T.);
#802=FACE_OUTER_BOUND('',#991,.T.);
#803=FACE_OUTER_BOUND('',#992,.T.);
#804=FACE_OUTER_BOUND('',#993,.T.);
#805=FACE_OUTER_BOUND('',#994,.T.);
#806=FACE_OUTER_BOUND('',#995,.T.);
#807=FACE_OUTER_BOUND('',#996,.T.);
#808=FACE_OUTER_BOUND('',#997,.T.);
#809=FACE_OUTER_BOUND('',#1003,.T.);
#810=FACE_OUTER_BOUND('',#1009,.T.);
#811=FACE_OUTER_BOUND('',#1012,.T.);
#812=FACE_OUTER_BOUND('',#1014,.T.);
#813=FACE_OUTER_BOUND('',#1016,.T.);
#814=FACE_OUTER_BOUND('',#1017,.T.);
#815=FACE_OUTER_BOUND('',#1019,.T.);
#816=FACE_OUTER_BOUND('',#1022,.T.);
#817=FACE_OUTER_BOUND('',#1026,.T.);
#818=FACE_OUTER_BOUND('',#1027,.T.);
#819=FACE_OUTER_BOUND('',#1028,.T.);
#820=FACE_OUTER_BOUND('',#1029,.T.);
#821=FACE_OUTER_BOUND('',#1030,.T.);
#822=FACE_OUTER_BOUND('',#1031,.T.);
#823=FACE_OUTER_BOUND('',#1032,.T.);
#824=FACE_OUTER_BOUND('',#1033,.T.);
#825=FACE_OUTER_BOUND('',#1034,.T.);
#826=FACE_OUTER_BOUND('',#1035,.T.);
#827=FACE_OUTER_BOUND('',#1036,.T.);
#828=FACE_OUTER_BOUND('',#1037,.T.);
#829=FACE_OUTER_BOUND('',#1038,.T.);
#830=FACE_OUTER_BOUND('',#1039,.T.);
#831=FACE_OUTER_BOUND('',#1040,.T.);
#832=FACE_OUTER_BOUND('',#1041,.T.);
#833=FACE_OUTER_BOUND('',#1042,.T.);
#834=FACE_OUTER_BOUND('',#1043,.T.);
#835=FACE_OUTER_BOUND('',#1049,.T.);
#836=FACE_OUTER_BOUND('',#1055,.T.);
#837=FACE_OUTER_BOUND('',#1056,.T.);
#838=FACE_OUTER_BOUND('',#1057,.T.);
#839=FACE_OUTER_BOUND('',#1058,.T.);
#840=FACE_OUTER_BOUND('',#1059,.T.);
#841=FACE_OUTER_BOUND('',#1062,.T.);
#842=FACE_OUTER_BOUND('',#1064,.T.);
#843=FACE_OUTER_BOUND('',#1066,.T.);
#844=FACE_OUTER_BOUND('',#1069,.T.);
#845=FACE_OUTER_BOUND('',#1071,.T.);
#846=FACE_OUTER_BOUND('',#1072,.T.);
#847=FACE_OUTER_BOUND('',#1076,.T.);
#848=FACE_OUTER_BOUND('',#1077,.T.);
#849=FACE_OUTER_BOUND('',#1083,.T.);
#850=FACE_OUTER_BOUND('',#1084,.T.);
#851=FACE_OUTER_BOUND('',#1085,.T.);
#852=FACE_OUTER_BOUND('',#1086,.T.);
#853=FACE_OUTER_BOUND('',#1087,.T.);
#854=FACE_OUTER_BOUND('',#1088,.T.);
#855=FACE_OUTER_BOUND('',#1089,.T.);
#856=FACE_OUTER_BOUND('',#1090,.T.);
#857=FACE_OUTER_BOUND('',#1091,.T.);
#858=FACE_OUTER_BOUND('',#1092,.T.);
#859=FACE_OUTER_BOUND('',#1093,.T.);
#860=FACE_OUTER_BOUND('',#1094,.T.);
#861=FACE_OUTER_BOUND('',#1095,.T.);
#862=FACE_OUTER_BOUND('',#1096,.T.);
#863=FACE_OUTER_BOUND('',#1097,.T.);
#864=FACE_OUTER_BOUND('',#1098,.T.);
#865=FACE_OUTER_BOUND('',#1099,.T.);
#866=FACE_OUTER_BOUND('',#1105,.T.);
#867=FACE_OUTER_BOUND('',#1106,.T.);
#868=FACE_OUTER_BOUND('',#1107,.T.);
#869=FACE_OUTER_BOUND('',#1108,.T.);
#870=FACE_OUTER_BOUND('',#1109,.T.);
#871=FACE_OUTER_BOUND('',#1110,.T.);
#872=FACE_OUTER_BOUND('',#1111,.T.);
#873=FACE_OUTER_BOUND('',#1112,.T.);
#874=EDGE_LOOP('',(#1908));
#875=EDGE_LOOP('',(#1909));
#876=EDGE_LOOP('',(#1910,#1911,#1912,#1913));
#877=EDGE_LOOP('',(#1914));
#878=EDGE_LOOP('',(#1915));
#879=EDGE_LOOP('',(#1916,#1917,#1918,#1919));
#880=EDGE_LOOP('',(#1920,#1921,#1922));
#881=EDGE_LOOP('',(#1923));
#882=EDGE_LOOP('',(#1924));
#883=EDGE_LOOP('',(#1925,#1926,#1927,#1928));
#884=EDGE_LOOP('',(#1929,#1930,#1931,#1932));
#885=EDGE_LOOP('',(#1933,#1934,#1935));
#886=EDGE_LOOP('',(#1936));
#887=EDGE_LOOP('',(#1937));
#888=EDGE_LOOP('',(#1938,#1939,#1940,#1941));
#889=EDGE_LOOP('',(#1942,#1943,#1944,#1945));
#890=EDGE_LOOP('',(#1946,#1947,#1948));
#891=EDGE_LOOP('',(#1949));
#892=EDGE_LOOP('',(#1950));
#893=EDGE_LOOP('',(#1951,#1952,#1953,#1954));
#894=EDGE_LOOP('',(#1955,#1956,#1957,#1958));
#895=EDGE_LOOP('',(#1959,#1960,#1961));
#896=EDGE_LOOP('',(#1962));
#897=EDGE_LOOP('',(#1963));
#898=EDGE_LOOP('',(#1964,#1965,#1966,#1967));
#899=EDGE_LOOP('',(#1968,#1969,#1970,#1971));
#900=EDGE_LOOP('',(#1972,#1973,#1974,#1975,#1976,#1977));
#901=EDGE_LOOP('',(#1978,#1979,#1980,#1981,#1982,#1983));
#902=EDGE_LOOP('',(#1984,#1985,#1986));
#903=EDGE_LOOP('',(#1987));
#904=EDGE_LOOP('',(#1988));
#905=EDGE_LOOP('',(#1989,#1990,#1991,#1992));
#906=EDGE_LOOP('',(#1993,#1994,#1995,#1996));
#907=EDGE_LOOP('',(#1997,#1998,#1999));
#908=EDGE_LOOP('',(#2000));
#909=EDGE_LOOP('',(#2001));
#910=EDGE_LOOP('',(#2002,#2003,#2004,#2005));
#911=EDGE_LOOP('',(#2006,#2007,#2008,#2009));
#912=EDGE_LOOP('',(#2010,#2011,#2012));
#913=EDGE_LOOP('',(#2013));
#914=EDGE_LOOP('',(#2014));
#915=EDGE_LOOP('',(#2015,#2016,#2017,#2018));
#916=EDGE_LOOP('',(#2019,#2020,#2021,#2022));
#917=EDGE_LOOP('',(#2023,#2024,#2025));
#918=EDGE_LOOP('',(#2026));
#919=EDGE_LOOP('',(#2027));
#920=EDGE_LOOP('',(#2028,#2029,#2030,#2031));
#921=EDGE_LOOP('',(#2032,#2033,#2034,#2035));
#922=EDGE_LOOP('',(#2036,#2037,#2038));
#923=EDGE_LOOP('',(#2039));
#924=EDGE_LOOP('',(#2040));
#925=EDGE_LOOP('',(#2041,#2042,#2043,#2044));
#926=EDGE_LOOP('',(#2045,#2046,#2047,#2048));
#927=EDGE_LOOP('',(#2049,#2050,#2051));
#928=EDGE_LOOP('',(#2052));
#929=EDGE_LOOP('',(#2053));
#930=EDGE_LOOP('',(#2054,#2055,#2056,#2057));
#931=EDGE_LOOP('',(#2058,#2059,#2060,#2061));
#932=EDGE_LOOP('',(#2062,#2063,#2064,#2065,#2066,#2067));
#933=EDGE_LOOP('',(#2068));
#934=EDGE_LOOP('',(#2069,#2070,#2071,#2072,#2073,#2074));
#935=EDGE_LOOP('',(#2075));
#936=EDGE_LOOP('',(#2076,#2077,#2078,#2079,#2080,#2081,#2082,#2083,#2084,
#2085,#2086));
#937=EDGE_LOOP('',(#2087));
#938=EDGE_LOOP('',(#2088));
#939=EDGE_LOOP('',(#2089));
#940=EDGE_LOOP('',(#2090,#2091,#2092,#2093));
#941=EDGE_LOOP('',(#2094));
#942=EDGE_LOOP('',(#2095));
#943=EDGE_LOOP('',(#2096));
#944=EDGE_LOOP('',(#2097));
#945=EDGE_LOOP('',(#2098,#2099,#2100,#2101));
#946=EDGE_LOOP('',(#2102));
#947=EDGE_LOOP('',(#2103));
#948=EDGE_LOOP('',(#2104));
#949=EDGE_LOOP('',(#2105));
#950=EDGE_LOOP('',(#2106,#2107,#2108,#2109));
#951=EDGE_LOOP('',(#2110));
#952=EDGE_LOOP('',(#2111));
#953=EDGE_LOOP('',(#2112,#2113,#2114,#2115));
#954=EDGE_LOOP('',(#2116,#2117,#2118,#2119));
#955=EDGE_LOOP('',(#2120,#2121,#2122,#2123));
#956=EDGE_LOOP('',(#2124,#2125,#2126,#2127,#2128,#2129,#2130,#2131));
#957=EDGE_LOOP('',(#2132,#2133,#2134,#2135,#2136,#2137,#2138,#2139,#2140,
#2141,#2142,#2143,#2144,#2145,#2146,#2147,#2148,#2149));
#958=EDGE_LOOP('',(#2150));
#959=EDGE_LOOP('',(#2151));
#960=EDGE_LOOP('',(#2152,#2153,#2154,#2155));
#961=EDGE_LOOP('',(#2156,#2157,#2158,#2159));
#962=EDGE_LOOP('',(#2160,#2161,#2162,#2163));
#963=EDGE_LOOP('',(#2164,#2165,#2166,#2167,#2168,#2169,#2170,#2171));
#964=EDGE_LOOP('',(#2172,#2173,#2174,#2175));
#965=EDGE_LOOP('',(#2176,#2177,#2178,#2179));
#966=EDGE_LOOP('',(#2180,#2181,#2182,#2183,#2184,#2185,#2186,#2187));
#967=EDGE_LOOP('',(#2188,#2189,#2190,#2191));
#968=EDGE_LOOP('',(#2192,#2193,#2194,#2195));
#969=EDGE_LOOP('',(#2196,#2197,#2198,#2199));
#970=EDGE_LOOP('',(#2200,#2201,#2202,#2203));
#971=EDGE_LOOP('',(#2204,#2205,#2206,#2207));
#972=EDGE_LOOP('',(#2208,#2209,#2210,#2211));
#973=EDGE_LOOP('',(#2212,#2213,#2214,#2215));
#974=EDGE_LOOP('',(#2216,#2217,#2218,#2219));
#975=EDGE_LOOP('',(#2220,#2221,#2222,#2223));
#976=EDGE_LOOP('',(#2224,#2225,#2226,#2227));
#977=EDGE_LOOP('',(#2228,#2229,#2230,#2231));
#978=EDGE_LOOP('',(#2232,#2233,#2234,#2235));
#979=EDGE_LOOP('',(#2236,#2237,#2238,#2239));
#980=EDGE_LOOP('',(#2240,#2241,#2242,#2243));
#981=EDGE_LOOP('',(#2244,#2245,#2246,#2247));
#982=EDGE_LOOP('',(#2248,#2249,#2250,#2251));
#983=EDGE_LOOP('',(#2252,#2253,#2254,#2255));
#984=EDGE_LOOP('',(#2256,#2257,#2258,#2259));
#985=EDGE_LOOP('',(#2260,#2261,#2262,#2263));
#986=EDGE_LOOP('',(#2264,#2265,#2266,#2267));
#987=EDGE_LOOP('',(#2268,#2269,#2270,#2271));
#988=EDGE_LOOP('',(#2272,#2273,#2274,#2275));
#989=EDGE_LOOP('',(#2276,#2277,#2278,#2279));
#990=EDGE_LOOP('',(#2280,#2281,#2282,#2283));
#991=EDGE_LOOP('',(#2284,#2285,#2286,#2287));
#992=EDGE_LOOP('',(#2288,#2289,#2290,#2291));
#993=EDGE_LOOP('',(#2292,#2293,#2294,#2295));
#994=EDGE_LOOP('',(#2296,#2297,#2298,#2299));
#995=EDGE_LOOP('',(#2300,#2301,#2302,#2303));
#996=EDGE_LOOP('',(#2304,#2305,#2306,#2307));
#997=EDGE_LOOP('',(#2308,#2309,#2310,#2311,#2312,#2313,#2314,#2315,#2316,
#2317,#2318,#2319,#2320,#2321));
#998=EDGE_LOOP('',(#2322,#2323,#2324,#2325));
#999=EDGE_LOOP('',(#2326));
#1000=EDGE_LOOP('',(#2327));
#1001=EDGE_LOOP('',(#2328));
#1002=EDGE_LOOP('',(#2329));
#1003=EDGE_LOOP('',(#2330,#2331,#2332,#2333,#2334,#2335,#2336,#2337,#2338,
#2339,#2340,#2341,#2342,#2343));
#1004=EDGE_LOOP('',(#2344,#2345,#2346,#2347));
#1005=EDGE_LOOP('',(#2348));
#1006=EDGE_LOOP('',(#2349));
#1007=EDGE_LOOP('',(#2350));
#1008=EDGE_LOOP('',(#2351));
#1009=EDGE_LOOP('',(#2352,#2353,#2354,#2355));
#1010=EDGE_LOOP('',(#2356,#2357));
#1011=EDGE_LOOP('',(#2358,#2359,#2360,#2361));
#1012=EDGE_LOOP('',(#2362,#2363,#2364,#2365,#2366));
#1013=EDGE_LOOP('',(#2367,#2368,#2369,#2370));
#1014=EDGE_LOOP('',(#2371,#2372,#2373,#2374));
#1015=EDGE_LOOP('',(#2375,#2376,#2377,#2378));
#1016=EDGE_LOOP('',(#2379,#2380,#2381,#2382,#2383,#2384));
#1017=EDGE_LOOP('',(#2385,#2386,#2387,#2388));
#1018=EDGE_LOOP('',(#2389,#2390));
#1019=EDGE_LOOP('',(#2391,#2392,#2393,#2394,#2395));
#1020=EDGE_LOOP('',(#2396));
#1021=EDGE_LOOP('',(#2397));
#1022=EDGE_LOOP('',(#2398,#2399,#2400,#2401,#2402,#2403));
#1023=EDGE_LOOP('',(#2404));
#1024=EDGE_LOOP('',(#2405));
#1025=EDGE_LOOP('',(#2406));
#1026=EDGE_LOOP('',(#2407,#2408,#2409,#2410));
#1027=EDGE_LOOP('',(#2411,#2412,#2413,#2414));
#1028=EDGE_LOOP('',(#2415,#2416,#2417,#2418));
#1029=EDGE_LOOP('',(#2419,#2420,#2421,#2422));
#1030=EDGE_LOOP('',(#2423,#2424,#2425,#2426));
#1031=EDGE_LOOP('',(#2427,#2428,#2429,#2430));
#1032=EDGE_LOOP('',(#2431,#2432,#2433,#2434));
#1033=EDGE_LOOP('',(#2435,#2436,#2437,#2438));
#1034=EDGE_LOOP('',(#2439,#2440,#2441,#2442));
#1035=EDGE_LOOP('',(#2443,#2444,#2445,#2446));
#1036=EDGE_LOOP('',(#2447,#2448,#2449,#2450));
#1037=EDGE_LOOP('',(#2451,#2452,#2453,#2454));
#1038=EDGE_LOOP('',(#2455,#2456,#2457,#2458));
#1039=EDGE_LOOP('',(#2459,#2460,#2461,#2462));
#1040=EDGE_LOOP('',(#2463,#2464,#2465,#2466));
#1041=EDGE_LOOP('',(#2467,#2468,#2469,#2470));
#1042=EDGE_LOOP('',(#2471,#2472,#2473,#2474));
#1043=EDGE_LOOP('',(#2475,#2476,#2477,#2478,#2479,#2480,#2481,#2482,#2483,
#2484));
#1044=EDGE_LOOP('',(#2485,#2486,#2487,#2488));
#1045=EDGE_LOOP('',(#2489));
#1046=EDGE_LOOP('',(#2490));
#1047=EDGE_LOOP('',(#2491));
#1048=EDGE_LOOP('',(#2492));
#1049=EDGE_LOOP('',(#2493,#2494,#2495,#2496,#2497,#2498,#2499,#2500,#2501,
#2502));
#1050=EDGE_LOOP('',(#2503,#2504,#2505,#2506));
#1051=EDGE_LOOP('',(#2507));
#1052=EDGE_LOOP('',(#2508));
#1053=EDGE_LOOP('',(#2509));
#1054=EDGE_LOOP('',(#2510));
#1055=EDGE_LOOP('',(#2511,#2512,#2513,#2514));
#1056=EDGE_LOOP('',(#2515,#2516,#2517,#2518));
#1057=EDGE_LOOP('',(#2519,#2520,#2521,#2522));
#1058=EDGE_LOOP('',(#2523,#2524,#2525,#2526));
#1059=EDGE_LOOP('',(#2527,#2528,#2529,#2530));
#1060=EDGE_LOOP('',(#2531,#2532));
#1061=EDGE_LOOP('',(#2533,#2534,#2535,#2536));
#1062=EDGE_LOOP('',(#2537,#2538,#2539,#2540));
#1063=EDGE_LOOP('',(#2541,#2542,#2543,#2544));
#1064=EDGE_LOOP('',(#2545,#2546,#2547,#2548));
#1065=EDGE_LOOP('',(#2549,#2550,#2551,#2552));
#1066=EDGE_LOOP('',(#2553,#2554,#2555,#2556,#2557));
#1067=EDGE_LOOP('',(#2558));
#1068=EDGE_LOOP('',(#2559));
#1069=EDGE_LOOP('',(#2560,#2561,#2562,#2563));
#1070=EDGE_LOOP('',(#2564,#2565));
#1071=EDGE_LOOP('',(#2566,#2567,#2568,#2569,#2570));
#1072=EDGE_LOOP('',(#2571,#2572,#2573,#2574,#2575,#2576));
#1073=EDGE_LOOP('',(#2577));
#1074=EDGE_LOOP('',(#2578));
#1075=EDGE_LOOP('',(#2579));
#1076=EDGE_LOOP('',(#2580,#2581,#2582,#2583));
#1077=EDGE_LOOP('',(#2584,#2585,#2586,#2587,#2588,#2589,#2590,#2591,#2592,
#2593));
#1078=EDGE_LOOP('',(#2594));
#1079=EDGE_LOOP('',(#2595));
#1080=EDGE_LOOP('',(#2596));
#1081=EDGE_LOOP('',(#2597));
#1082=EDGE_LOOP('',(#2598,#2599,#2600,#2601));
#1083=EDGE_LOOP('',(#2602,#2603,#2604,#2605));
#1084=EDGE_LOOP('',(#2606,#2607,#2608,#2609));
#1085=EDGE_LOOP('',(#2610,#2611,#2612,#2613));
#1086=EDGE_LOOP('',(#2614,#2615,#2616,#2617));
#1087=EDGE_LOOP('',(#2618,#2619,#2620,#2621));
#1088=EDGE_LOOP('',(#2622,#2623,#2624,#2625));
#1089=EDGE_LOOP('',(#2626,#2627,#2628,#2629));
#1090=EDGE_LOOP('',(#2630,#2631,#2632,#2633));
#1091=EDGE_LOOP('',(#2634,#2635,#2636,#2637));
#1092=EDGE_LOOP('',(#2638,#2639,#2640,#2641));
#1093=EDGE_LOOP('',(#2642,#2643,#2644,#2645));
#1094=EDGE_LOOP('',(#2646,#2647,#2648,#2649));
#1095=EDGE_LOOP('',(#2650,#2651,#2652,#2653));
#1096=EDGE_LOOP('',(#2654,#2655,#2656,#2657));
#1097=EDGE_LOOP('',(#2658,#2659,#2660,#2661));
#1098=EDGE_LOOP('',(#2662,#2663,#2664,#2665));
#1099=EDGE_LOOP('',(#2666,#2667,#2668,#2669,#2670,#2671,#2672,#2673,#2674,
#2675));
#1100=EDGE_LOOP('',(#2676,#2677,#2678,#2679));
#1101=EDGE_LOOP('',(#2680));
#1102=EDGE_LOOP('',(#2681));
#1103=EDGE_LOOP('',(#2682));
#1104=EDGE_LOOP('',(#2683));
#1105=EDGE_LOOP('',(#2684,#2685,#2686,#2687));
#1106=EDGE_LOOP('',(#2688,#2689,#2690,#2691));
#1107=EDGE_LOOP('',(#2692,#2693,#2694,#2695));
#1108=EDGE_LOOP('',(#2696,#2697,#2698,#2699));
#1109=EDGE_LOOP('',(#2700,#2701,#2702));
#1110=EDGE_LOOP('',(#2703,#2704,#2705,#2706));
#1111=EDGE_LOOP('',(#2707,#2708,#2709,#2710));
#1112=EDGE_LOOP('',(#2711,#2712,#2713));
#1113=CIRCLE('',#2981,1.75);
#1114=CIRCLE('',#2982,1.25);
#1115=CIRCLE('',#2984,1.75);
#1116=CIRCLE('',#2986,1.75);
#1117=CIRCLE('',#2987,1.25);
#1118=CIRCLE('',#2989,1.75);
#1119=CIRCLE('',#2991,1.25);
#1120=CIRCLE('',#2993,1.75);
#1121=CIRCLE('',#2994,1.25);
#1122=CIRCLE('',#2996,1.75);
#1123=CIRCLE('',#2999,1.25);
#1124=CIRCLE('',#3001,1.75);
#1125=CIRCLE('',#3002,1.25);
#1126=CIRCLE('',#3004,1.75);
#1127=CIRCLE('',#3007,1.25);
#1128=CIRCLE('',#3009,1.75);
#1129=CIRCLE('',#3010,1.25);
#1130=CIRCLE('',#3012,1.75);
#1131=CIRCLE('',#3015,1.25);
#1132=CIRCLE('',#3017,1.75);
#1133=CIRCLE('',#3018,1.25);
#1134=CIRCLE('',#3020,1.75);
#1135=CIRCLE('',#3025,1.25);
#1136=CIRCLE('',#3027,1.75);
#1137=CIRCLE('',#3028,1.25);
#1138=CIRCLE('',#3030,1.75);
#1139=CIRCLE('',#3033,1.25);
#1140=CIRCLE('',#3035,1.75);
#1141=CIRCLE('',#3036,1.25);
#1142=CIRCLE('',#3038,1.75);
#1143=CIRCLE('',#3041,1.25);
#1144=CIRCLE('',#3043,1.75);
#1145=CIRCLE('',#3044,1.25);
#1146=CIRCLE('',#3046,1.75);
#1147=CIRCLE('',#3049,1.25);
#1148=CIRCLE('',#3051,1.75);
#1149=CIRCLE('',#3052,1.25);
#1150=CIRCLE('',#3054,1.75);
#1151=CIRCLE('',#3057,1.25);
#1152=CIRCLE('',#3059,1.75);
#1153=CIRCLE('',#3060,1.25);
#1154=CIRCLE('',#3062,1.75);
#1155=CIRCLE('',#3065,1.25);
#1156=CIRCLE('',#3067,1.75);
#1157=CIRCLE('',#3068,1.25);
#1158=CIRCLE('',#3070,1.75);
#1159=CIRCLE('',#3073,15.);
#1160=CIRCLE('',#3074,15.);
#1161=CIRCLE('',#3075,27.5);
#1162=CIRCLE('',#3076,7.55000000000001);
#1163=CIRCLE('',#3078,27.5);
#1164=CIRCLE('',#3079,15.);
#1165=CIRCLE('',#3080,15.);
#1166=CIRCLE('',#3081,7.54999999999999);
#1167=CIRCLE('',#3083,15.);
#1168=CIRCLE('',#3084,15.);
#1169=CIRCLE('',#3085,27.5);
#1170=CIRCLE('',#3086,25.);
#1171=CIRCLE('',#3087,27.5);
#1172=CIRCLE('',#3088,7.54999999999999);
#1173=CIRCLE('',#3090,7.55000000000001);
#1174=CIRCLE('',#3091,5.50000000000001);
#1175=CIRCLE('',#3093,5.50000000000001);
#1176=CIRCLE('',#3095,15.);
#1177=CIRCLE('',#3097,7.54999999999999);
#1178=CIRCLE('',#3098,5.50000000000001);
#1179=CIRCLE('',#3100,5.50000000000001);
#1180=CIRCLE('',#3102,15.);
#1181=CIRCLE('',#3104,7.54999999999999);
#1182=CIRCLE('',#3105,5.50000000000001);
#1183=CIRCLE('',#3107,5.50000000000001);
#1184=CIRCLE('',#3109,15.);
#1185=CIRCLE('',#3114,15.);
#1186=CIRCLE('',#3116,15.);
#1187=CIRCLE('',#3117,15.);
#1188=CIRCLE('',#3118,35.);
#1189=CIRCLE('',#3119,25.);
#1190=CIRCLE('',#3120,35.);
#1191=CIRCLE('',#3139,1.99999999999999);
#1192=CIRCLE('',#3140,1.99999999999999);
#1193=CIRCLE('',#3142,1.99999999999999);
#1194=CIRCLE('',#3143,1.99999999999999);
#1195=CIRCLE('',#3145,2.00000000000001);
#1196=CIRCLE('',#3146,2.00000000000001);
#1197=CIRCLE('',#3148,2.00000000000001);
#1198=CIRCLE('',#3149,2.00000000000001);
#1199=CIRCLE('',#3156,3.00000000000004);
#1200=CIRCLE('',#3157,3.00000000000004);
#1201=CIRCLE('',#3162,3.00000000000004);
#1202=CIRCLE('',#3163,3.00000000000004);
#1203=CIRCLE('',#3169,27.5);
#1204=CIRCLE('',#3170,27.5);
#1205=CIRCLE('',#3171,27.5);
#1206=CIRCLE('',#3174,27.5);
#1207=CIRCLE('',#3177,35.);
#1208=CIRCLE('',#3181,1.99999999999999);
#1209=CIRCLE('',#3182,1.99999999999999);
#1210=CIRCLE('',#3184,1.99999999999999);
#1211=CIRCLE('',#3185,1.99999999999999);
#1212=CIRCLE('',#3187,2.00000000000001);
#1213=CIRCLE('',#3188,2.00000000000001);
#1214=CIRCLE('',#3190,2.00000000000001);
#1215=CIRCLE('',#3191,2.00000000000001);
#1216=CIRCLE('',#3199,3.00000000000004);
#1217=CIRCLE('',#3200,3.00000000000004);
#1218=CIRCLE('',#3205,3.00000000000004);
#1219=CIRCLE('',#3206,3.00000000000004);
#1220=CIRCLE('',#3214,27.5);
#1221=CIRCLE('',#3215,27.5);
#1222=CIRCLE('',#3216,27.5);
#1223=CIRCLE('',#3219,27.5);
#1224=CIRCLE('',#3222,35.);
#1225=CIRCLE('',#3227,3.00000000000004);
#1226=CIRCLE('',#3228,3.00000000000004);
#1227=CIRCLE('',#3229,1.99999999999999);
#1228=CIRCLE('',#3230,1.99999999999999);
#1229=CIRCLE('',#3231,2.00000000000001);
#1230=CIRCLE('',#3232,2.00000000000001);
#1231=CIRCLE('',#3234,1.99999999999999);
#1232=CIRCLE('',#3236,1.99999999999999);
#1233=CIRCLE('',#3238,2.00000000000001);
#1234=CIRCLE('',#3240,2.00000000000001);
#1235=CIRCLE('',#3247,3.00000000000004);
#1236=CIRCLE('',#3252,3.00000000000004);
#1237=CIRCLE('',#3259,1.25);
#1238=CIRCLE('',#3262,1.25);
#1239=VERTEX_POINT('',#4099);
#1240=VERTEX_POINT('',#4101);
#1241=VERTEX_POINT('',#4104);
#1242=VERTEX_POINT('',#4108);
#1243=VERTEX_POINT('',#4110);
#1244=VERTEX_POINT('',#4113);
#1245=VERTEX_POINT('',#4117);
#1246=VERTEX_POINT('',#4119);
#1247=VERTEX_POINT('',#4122);
#1248=VERTEX_POINT('',#4124);
#1249=VERTEX_POINT('',#4127);
#1250=VERTEX_POINT('',#4133);
#1251=VERTEX_POINT('',#4135);
#1252=VERTEX_POINT('',#4138);
#1253=VERTEX_POINT('',#4140);
#1254=VERTEX_POINT('',#4143);
#1255=VERTEX_POINT('',#4149);
#1256=VERTEX_POINT('',#4151);
#1257=VERTEX_POINT('',#4154);
#1258=VERTEX_POINT('',#4156);
#1259=VERTEX_POINT('',#4159);
#1260=VERTEX_POINT('',#4165);
#1261=VERTEX_POINT('',#4167);
#1262=VERTEX_POINT('',#4170);
#1263=VERTEX_POINT('',#4172);
#1264=VERTEX_POINT('',#4175);
#1265=VERTEX_POINT('',#4181);
#1266=VERTEX_POINT('',#4182);
#1267=VERTEX_POINT('',#4223);
#1268=VERTEX_POINT('',#4225);
#1269=VERTEX_POINT('',#4263);
#1270=VERTEX_POINT('',#4264);
#1271=VERTEX_POINT('',#4305);
#1272=VERTEX_POINT('',#4307);
#1273=VERTEX_POINT('',#4345);
#1274=VERTEX_POINT('',#4347);
#1275=VERTEX_POINT('',#4350);
#1276=VERTEX_POINT('',#4352);
#1277=VERTEX_POINT('',#4355);
#1278=VERTEX_POINT('',#4361);
#1279=VERTEX_POINT('',#4363);
#1280=VERTEX_POINT('',#4366);
#1281=VERTEX_POINT('',#4368);
#1282=VERTEX_POINT('',#4371);
#1283=VERTEX_POINT('',#4377);
#1284=VERTEX_POINT('',#4379);
#1285=VERTEX_POINT('',#4382);
#1286=VERTEX_POINT('',#4384);
#1287=VERTEX_POINT('',#4387);
#1288=VERTEX_POINT('',#4393);
#1289=VERTEX_POINT('',#4395);
#1290=VERTEX_POINT('',#4398);
#1291=VERTEX_POINT('',#4400);
#1292=VERTEX_POINT('',#4403);
#1293=VERTEX_POINT('',#4409);
#1294=VERTEX_POINT('',#4411);
#1295=VERTEX_POINT('',#4414);
#1296=VERTEX_POINT('',#4416);
#1297=VERTEX_POINT('',#4419);
#1298=VERTEX_POINT('',#4425);
#1299=VERTEX_POINT('',#4427);
#1300=VERTEX_POINT('',#4430);
#1301=VERTEX_POINT('',#4432);
#1302=VERTEX_POINT('',#4435);
#1303=VERTEX_POINT('',#4441);
#1304=VERTEX_POINT('',#4442);
#1305=VERTEX_POINT('',#4444);
#1306=VERTEX_POINT('',#4446);
#1307=VERTEX_POINT('',#4448);
#1308=VERTEX_POINT('',#4450);
#1309=VERTEX_POINT('',#4453);
#1310=VERTEX_POINT('',#4456);
#1311=VERTEX_POINT('',#4457);
#1312=VERTEX_POINT('',#4459);
#1313=VERTEX_POINT('',#4461);
#1314=VERTEX_POINT('',#4463);
#1315=VERTEX_POINT('',#4465);
#1316=VERTEX_POINT('',#4468);
#1317=VERTEX_POINT('',#4471);
#1318=VERTEX_POINT('',#4473);
#1319=VERTEX_POINT('',#4475);
#1320=VERTEX_POINT('',#4477);
#1321=VERTEX_POINT('',#4480);
#1322=VERTEX_POINT('',#4482);
#1323=VERTEX_POINT('',#4484);
#1324=VERTEX_POINT('',#4486);
#1325=VERTEX_POINT('',#4488);
#1326=VERTEX_POINT('',#4491);
#1327=VERTEX_POINT('',#4494);
#1328=VERTEX_POINT('',#4496);
#1329=VERTEX_POINT('',#4499);
#1330=VERTEX_POINT('',#4503);
#1331=VERTEX_POINT('',#4506);
#1332=VERTEX_POINT('',#4508);
#1333=VERTEX_POINT('',#4511);
#1334=VERTEX_POINT('',#4515);
#1335=VERTEX_POINT('',#4518);
#1336=VERTEX_POINT('',#4520);
#1337=VERTEX_POINT('',#4523);
#1338=VERTEX_POINT('',#4527);
#1339=VERTEX_POINT('',#4530);
#1340=VERTEX_POINT('',#4532);
#1341=VERTEX_POINT('',#4538);
#1342=VERTEX_POINT('',#4540);
#1343=VERTEX_POINT('',#4547);
#1344=VERTEX_POINT('',#4548);
#1345=VERTEX_POINT('',#4550);
#1346=VERTEX_POINT('',#4552);
#1347=VERTEX_POINT('',#4554);
#1348=VERTEX_POINT('',#4557);
#1349=VERTEX_POINT('',#4559);
#1350=VERTEX_POINT('',#4561);
#1351=VERTEX_POINT('',#4563);
#1352=VERTEX_POINT('',#4565);
#1353=VERTEX_POINT('',#4567);
#1354=VERTEX_POINT('',#4569);
#1355=VERTEX_POINT('',#4571);
#1356=VERTEX_POINT('',#4573);
#1357=VERTEX_POINT('',#4602);
#1358=VERTEX_POINT('',#4603);
#1359=VERTEX_POINT('',#4605);
#1360=VERTEX_POINT('',#4607);
#1361=VERTEX_POINT('',#4626);
#1362=VERTEX_POINT('',#4633);
#1363=VERTEX_POINT('',#4637);
#1364=VERTEX_POINT('',#4639);
#1365=VERTEX_POINT('',#4666);
#1366=VERTEX_POINT('',#4668);
#1367=VERTEX_POINT('',#4672);
#1368=VERTEX_POINT('',#4673);
#1369=VERTEX_POINT('',#4675);
#1370=VERTEX_POINT('',#4677);
#1371=VERTEX_POINT('',#4696);
#1372=VERTEX_POINT('',#4697);
#1373=VERTEX_POINT('',#4702);
#1374=VERTEX_POINT('',#4707);
#1375=VERTEX_POINT('',#4726);
#1376=VERTEX_POINT('',#4731);
#1377=VERTEX_POINT('',#4738);
#1378=VERTEX_POINT('',#4740);
#1379=VERTEX_POINT('',#4744);
#1380=VERTEX_POINT('',#4746);
#1381=VERTEX_POINT('',#4750);
#1382=VERTEX_POINT('',#4752);
#1383=VERTEX_POINT('',#4756);
#1384=VERTEX_POINT('',#4758);
#1385=VERTEX_POINT('',#4762);
#1386=VERTEX_POINT('',#4763);
#1387=VERTEX_POINT('',#4765);
#1388=VERTEX_POINT('',#4767);
#1389=VERTEX_POINT('',#4771);
#1390=VERTEX_POINT('',#4773);
#1391=VERTEX_POINT('',#4777);
#1392=VERTEX_POINT('',#4779);
#1393=VERTEX_POINT('',#4786);
#1394=VERTEX_POINT('',#4787);
#1395=VERTEX_POINT('',#4789);
#1396=VERTEX_POINT('',#4791);
#1397=VERTEX_POINT('',#4795);
#1398=VERTEX_POINT('',#4797);
#1399=VERTEX_POINT('',#4801);
#1400=VERTEX_POINT('',#4803);
#1401=VERTEX_POINT('',#4807);
#1402=VERTEX_POINT('',#4809);
#1403=VERTEX_POINT('',#4813);
#1404=VERTEX_POINT('',#4815);
#1405=VERTEX_POINT('',#4819);
#1406=VERTEX_POINT('',#4821);
#1407=VERTEX_POINT('',#4828);
#1408=VERTEX_POINT('',#4830);
#1409=VERTEX_POINT('',#4840);
#1410=VERTEX_POINT('',#4841);
#1411=VERTEX_POINT('',#4845);
#1412=VERTEX_POINT('',#4846);
#1413=VERTEX_POINT('',#4848);
#1414=VERTEX_POINT('',#4850);
#1415=VERTEX_POINT('',#4854);
#1416=VERTEX_POINT('',#4858);
#1417=VERTEX_POINT('',#4862);
#1418=VERTEX_POINT('',#4866);
#1419=VERTEX_POINT('',#4873);
#1420=VERTEX_POINT('',#4875);
#1421=VERTEX_POINT('',#4879);
#1422=VERTEX_POINT('',#4881);
#1423=VERTEX_POINT('',#4885);
#1424=VERTEX_POINT('',#4887);
#1425=VERTEX_POINT('',#4891);
#1426=VERTEX_POINT('',#4893);
#1427=VERTEX_POINT('',#4897);
#1428=VERTEX_POINT('',#4898);
#1429=VERTEX_POINT('',#4900);
#1430=VERTEX_POINT('',#4902);
#1431=VERTEX_POINT('',#4906);
#1432=VERTEX_POINT('',#4908);
#1433=VERTEX_POINT('',#4912);
#1434=VERTEX_POINT('',#4914);
#1435=VERTEX_POINT('',#4921);
#1436=VERTEX_POINT('',#4923);
#1437=VERTEX_POINT('',#4927);
#1438=VERTEX_POINT('',#4929);
#1439=VERTEX_POINT('',#4933);
#1440=VERTEX_POINT('',#4935);
#1441=VERTEX_POINT('',#4939);
#1442=VERTEX_POINT('',#4941);
#1443=VERTEX_POINT('',#4945);
#1444=VERTEX_POINT('',#4947);
#1445=VERTEX_POINT('',#4951);
#1446=VERTEX_POINT('',#4953);
#1447=VERTEX_POINT('',#4957);
#1448=VERTEX_POINT('',#4959);
#1449=VERTEX_POINT('',#4963);
#1450=VERTEX_POINT('',#4965);
#1451=VERTEX_POINT('',#4974);
#1452=VERTEX_POINT('',#4975);
#1453=VERTEX_POINT('',#4995);
#1454=VERTEX_POINT('',#5019);
#1455=VERTEX_POINT('',#5030);
#1456=VERTEX_POINT('',#5031);
#1457=VERTEX_POINT('',#5035);
#1458=VERTEX_POINT('',#5036);
#1459=VERTEX_POINT('',#5038);
#1460=VERTEX_POINT('',#5040);
#1461=VERTEX_POINT('',#5044);
#1462=VERTEX_POINT('',#5047);
#1463=VERTEX_POINT('',#5048);
#1464=VERTEX_POINT('',#5050);
#1465=VERTEX_POINT('',#5052);
#1466=VERTEX_POINT('',#5056);
#1467=VERTEX_POINT('',#5060);
#1468=VERTEX_POINT('',#5064);
#1469=VERTEX_POINT('',#5071);
#1470=VERTEX_POINT('',#5073);
#1471=VERTEX_POINT('',#5077);
#1472=VERTEX_POINT('',#5079);
#1473=VERTEX_POINT('',#5081);
#1474=VERTEX_POINT('',#5083);
#1475=VERTEX_POINT('',#5085);
#1476=VERTEX_POINT('',#5087);
#1477=VERTEX_POINT('',#5089);
#1478=VERTEX_POINT('',#5092);
#1479=VERTEX_POINT('',#5094);
#1480=VERTEX_POINT('',#5096);
#1481=VERTEX_POINT('',#5098);
#1482=VERTEX_POINT('',#5100);
#1483=VERTEX_POINT('',#5101);
#1484=VERTEX_POINT('',#5103);
#1485=VERTEX_POINT('',#5105);
#1486=VERTEX_POINT('',#5109);
#1487=VERTEX_POINT('',#5113);
#1488=VERTEX_POINT('',#5117);
#1489=VERTEX_POINT('',#5121);
#1490=VERTEX_POINT('',#5125);
#1491=VERTEX_POINT('',#5126);
#1492=VERTEX_POINT('',#5131);
#1493=VERTEX_POINT('',#5135);
#1494=VERTEX_POINT('',#5141);
#1495=VERTEX_POINT('',#5145);
#1496=VERTEX_POINT('',#5149);
#1497=VERTEX_POINT('',#5153);
#1498=VERTEX_POINT('',#5157);
#1499=VERTEX_POINT('',#5161);
#1500=VERTEX_POINT('',#5165);
#1501=VERTEX_POINT('',#5210);
#1502=VERTEX_POINT('',#5212);
#1503=VERTEX_POINT('',#5217);
#1504=VERTEX_POINT('',#5221);
#1505=EDGE_CURVE('',#1239,#1239,#1113,.T.);
#1506=EDGE_CURVE('',#1240,#1240,#1114,.T.);
#1507=EDGE_CURVE('',#1241,#1241,#1115,.T.);
#1508=EDGE_CURVE('',#1241,#1239,#49,.T.);
#1509=EDGE_CURVE('',#1242,#1242,#1116,.T.);
#1510=EDGE_CURVE('',#1243,#1243,#1117,.T.);
#1511=EDGE_CURVE('',#1244,#1244,#1118,.T.);
#1512=EDGE_CURVE('',#1244,#1242,#50,.T.);
#1513=EDGE_CURVE('',#1245,#1245,#1119,.T.);
#1514=EDGE_CURVE('',#1245,#1246,#51,.T.);
#1515=EDGE_CURVE('',#1247,#1247,#1120,.T.);
#1516=EDGE_CURVE('',#1248,#1248,#1121,.T.);
#1517=EDGE_CURVE('',#1249,#1249,#1122,.T.);
#1518=EDGE_CURVE('',#1249,#1247,#52,.T.);
#1519=EDGE_CURVE('',#1248,#1245,#53,.T.);
#1520=EDGE_CURVE('',#1250,#1250,#1123,.T.);
#1521=EDGE_CURVE('',#1250,#1251,#54,.T.);
#1522=EDGE_CURVE('',#1252,#1252,#1124,.T.);
#1523=EDGE_CURVE('',#1253,#1253,#1125,.T.);
#1524=EDGE_CURVE('',#1254,#1254,#1126,.T.);
#1525=EDGE_CURVE('',#1254,#1252,#55,.T.);
#1526=EDGE_CURVE('',#1253,#1250,#56,.T.);
#1527=EDGE_CURVE('',#1255,#1255,#1127,.T.);
#1528=EDGE_CURVE('',#1255,#1256,#57,.T.);
#1529=EDGE_CURVE('',#1257,#1257,#1128,.T.);
#1530=EDGE_CURVE('',#1258,#1258,#1129,.T.);
#1531=EDGE_CURVE('',#1259,#1259,#1130,.T.);
#1532=EDGE_CURVE('',#1259,#1257,#58,.T.);
#1533=EDGE_CURVE('',#1258,#1255,#59,.T.);
#1534=EDGE_CURVE('',#1260,#1260,#1131,.T.);
#1535=EDGE_CURVE('',#1260,#1261,#60,.T.);
#1536=EDGE_CURVE('',#1262,#1262,#1132,.T.);
#1537=EDGE_CURVE('',#1263,#1263,#1133,.T.);
#1538=EDGE_CURVE('',#1264,#1264,#1134,.T.);
#1539=EDGE_CURVE('',#1264,#1262,#61,.T.);
#1540=EDGE_CURVE('',#1263,#1260,#62,.T.);
#1541=EDGE_CURVE('',#1265,#1266,#23,.T.);
#1542=EDGE_CURVE('',#1266,#1265,#24,.T.);
#1543=EDGE_CURVE('',#1266,#1267,#63,.T.);
#1544=EDGE_CURVE('',#1268,#1267,#25,.T.);
#1545=EDGE_CURVE('',#1267,#1268,#26,.T.);
#1546=EDGE_CURVE('',#1269,#1270,#27,.T.);
#1547=EDGE_CURVE('',#1270,#1269,#28,.T.);
#1548=EDGE_CURVE('',#1270,#1271,#64,.T.);
#1549=EDGE_CURVE('',#1272,#1271,#29,.T.);
#1550=EDGE_CURVE('',#1271,#1272,#30,.T.);
#1551=EDGE_CURVE('',#1273,#1273,#1135,.T.);
#1552=EDGE_CURVE('',#1273,#1274,#65,.T.);
#1553=EDGE_CURVE('',#1275,#1275,#1136,.T.);
#1554=EDGE_CURVE('',#1276,#1276,#1137,.T.);
#1555=EDGE_CURVE('',#1277,#1277,#1138,.T.);
#1556=EDGE_CURVE('',#1277,#1275,#66,.T.);
#1557=EDGE_CURVE('',#1276,#1273,#67,.T.);
#1558=EDGE_CURVE('',#1278,#1278,#1139,.T.);
#1559=EDGE_CURVE('',#1278,#1279,#68,.T.);
#1560=EDGE_CURVE('',#1280,#1280,#1140,.T.);
#1561=EDGE_CURVE('',#1281,#1281,#1141,.T.);
#1562=EDGE_CURVE('',#1282,#1282,#1142,.T.);
#1563=EDGE_CURVE('',#1282,#1280,#69,.T.);
#1564=EDGE_CURVE('',#1281,#1278,#70,.T.);
#1565=EDGE_CURVE('',#1283,#1283,#1143,.T.);
#1566=EDGE_CURVE('',#1283,#1284,#71,.T.);
#1567=EDGE_CURVE('',#1285,#1285,#1144,.T.);
#1568=EDGE_CURVE('',#1286,#1286,#1145,.T.);
#1569=EDGE_CURVE('',#1287,#1287,#1146,.T.);
#1570=EDGE_CURVE('',#1287,#1285,#72,.T.);
#1571=EDGE_CURVE('',#1286,#1283,#73,.T.);
#1572=EDGE_CURVE('',#1288,#1288,#1147,.T.);
#1573=EDGE_CURVE('',#1288,#1289,#74,.T.);
#1574=EDGE_CURVE('',#1290,#1290,#1148,.T.);
#1575=EDGE_CURVE('',#1291,#1291,#1149,.T.);
#1576=EDGE_CURVE('',#1292,#1292,#1150,.T.);
#1577=EDGE_CURVE('',#1292,#1290,#75,.T.);
#1578=EDGE_CURVE('',#1291,#1288,#76,.T.);
#1579=EDGE_CURVE('',#1293,#1293,#1151,.T.);
#1580=EDGE_CURVE('',#1293,#1294,#77,.T.);
#1581=EDGE_CURVE('',#1295,#1295,#1152,.T.);
#1582=EDGE_CURVE('',#1296,#1296,#1153,.T.);
#1583=EDGE_CURVE('',#1297,#1297,#1154,.T.);
#1584=EDGE_CURVE('',#1297,#1295,#78,.T.);
#1585=EDGE_CURVE('',#1296,#1293,#79,.T.);
#1586=EDGE_CURVE('',#1298,#1298,#1155,.T.);
#1587=EDGE_CURVE('',#1298,#1299,#80,.T.);
#1588=EDGE_CURVE('',#1300,#1300,#1156,.T.);
#1589=EDGE_CURVE('',#1301,#1301,#1157,.T.);
#1590=EDGE_CURVE('',#1302,#1302,#1158,.T.);
#1591=EDGE_CURVE('',#1302,#1300,#81,.T.);
#1592=EDGE_CURVE('',#1301,#1298,#82,.T.);
#1593=EDGE_CURVE('',#1303,#1304,#83,.T.);
#1594=EDGE_CURVE('',#1304,#1305,#84,.T.);
#1595=EDGE_CURVE('',#1306,#1305,#1159,.T.);
#1596=EDGE_CURVE('',#1307,#1306,#1160,.T.);
#1597=EDGE_CURVE('',#1308,#1307,#85,.T.);
#1598=EDGE_CURVE('',#1308,#1303,#1161,.T.);
#1599=EDGE_CURVE('',#1309,#1309,#1162,.T.);
#1600=EDGE_CURVE('',#1310,#1311,#86,.T.);
#1601=EDGE_CURVE('',#1311,#1312,#1163,.T.);
#1602=EDGE_CURVE('',#1312,#1313,#87,.T.);
#1603=EDGE_CURVE('',#1314,#1313,#1164,.T.);
#1604=EDGE_CURVE('',#1315,#1314,#1165,.T.);
#1605=EDGE_CURVE('',#1310,#1315,#88,.T.);
#1606=EDGE_CURVE('',#1316,#1316,#1166,.T.);
#1607=EDGE_CURVE('',#1317,#1310,#89,.T.);
#1608=EDGE_CURVE('',#1310,#1318,#90,.T.);
#1609=EDGE_CURVE('',#1319,#1318,#1167,.T.);
#1610=EDGE_CURVE('',#1320,#1319,#1168,.T.);
#1611=EDGE_CURVE('',#1304,#1320,#91,.T.);
#1612=EDGE_CURVE('',#1304,#1321,#1169,.T.);
#1613=EDGE_CURVE('',#1321,#1322,#92,.T.);
#1614=EDGE_CURVE('',#1323,#1322,#1170,.T.);
#1615=EDGE_CURVE('',#1324,#1323,#93,.T.);
#1616=EDGE_CURVE('',#1324,#1325,#94,.T.);
#1617=EDGE_CURVE('',#1325,#1317,#1171,.T.);
#1618=EDGE_CURVE('',#1326,#1326,#1172,.T.);
#1619=EDGE_CURVE('',#1327,#1327,#1173,.T.);
#1620=EDGE_CURVE('',#1328,#1328,#1174,.T.);
#1621=EDGE_CURVE('',#1329,#1329,#1175,.T.);
#1622=EDGE_CURVE('',#1329,#1328,#95,.T.);
#1623=EDGE_CURVE('',#1330,#1330,#1176,.T.);
#1624=EDGE_CURVE('',#1331,#1331,#1177,.T.);
#1625=EDGE_CURVE('',#1332,#1332,#1178,.T.);
#1626=EDGE_CURVE('',#1333,#1333,#1179,.T.);
#1627=EDGE_CURVE('',#1333,#1332,#96,.T.);
#1628=EDGE_CURVE('',#1334,#1334,#1180,.T.);
#1629=EDGE_CURVE('',#1335,#1335,#1181,.T.);
#1630=EDGE_CURVE('',#1336,#1336,#1182,.T.);
#1631=EDGE_CURVE('',#1337,#1337,#1183,.T.);
#1632=EDGE_CURVE('',#1337,#1336,#97,.T.);
#1633=EDGE_CURVE('',#1338,#1338,#1184,.T.);
#1634=EDGE_CURVE('',#1310,#1339,#98,.T.);
#1635=EDGE_CURVE('',#1315,#1340,#99,.T.);
#1636=EDGE_CURVE('',#1339,#1340,#100,.T.);
#1637=EDGE_CURVE('',#1335,#1316,#101,.T.);
#1638=EDGE_CURVE('',#1312,#1341,#102,.T.);
#1639=EDGE_CURVE('',#1342,#1341,#103,.T.);
#1640=EDGE_CURVE('',#1313,#1342,#104,.T.);
#1641=EDGE_CURVE('',#1338,#1314,#105,.T.);
#1642=EDGE_CURVE('',#1340,#1342,#1185,.T.);
#1643=EDGE_CURVE('',#1343,#1344,#1186,.T.);
#1644=EDGE_CURVE('',#1344,#1345,#106,.T.);
#1645=EDGE_CURVE('',#1345,#1346,#107,.T.);
#1646=EDGE_CURVE('',#1346,#1347,#1187,.T.);
#1647=EDGE_CURVE('',#1347,#1339,#108,.T.);
#1648=EDGE_CURVE('',#1341,#1348,#109,.T.);
#1649=EDGE_CURVE('',#1348,#1349,#1188,.T.);
#1650=EDGE_CURVE('',#1349,#1350,#110,.T.);
#1651=EDGE_CURVE('',#1350,#1351,#111,.T.);
#1652=EDGE_CURVE('',#1351,#1352,#1189,.T.);
#1653=EDGE_CURVE('',#1352,#1353,#112,.T.);
#1654=EDGE_CURVE('',#1353,#1354,#113,.T.);
#1655=EDGE_CURVE('',#1354,#1355,#1190,.T.);
#1656=EDGE_CURVE('',#1355,#1356,#114,.T.);
#1657=EDGE_CURVE('',#1356,#1343,#115,.T.);
#1658=EDGE_CURVE('',#1331,#1326,#116,.T.);
#1659=EDGE_CURVE('',#1327,#1309,#117,.T.);
#1660=EDGE_CURVE('',#1318,#1347,#118,.T.);
#1661=EDGE_CURVE('',#1334,#1319,#119,.T.);
#1662=EDGE_CURVE('',#1320,#1346,#120,.T.);
#1663=EDGE_CURVE('',#1304,#1345,#121,.T.);
#1664=EDGE_CURVE('',#1305,#1344,#122,.T.);
#1665=EDGE_CURVE('',#1330,#1306,#123,.T.);
#1666=EDGE_CURVE('',#1307,#1343,#124,.T.);
#1667=EDGE_CURVE('',#1308,#1356,#125,.T.);
#1668=EDGE_CURVE('',#1321,#1353,#126,.T.);
#1669=EDGE_CURVE('',#1322,#1352,#127,.T.);
#1670=EDGE_CURVE('',#1323,#1351,#128,.T.);
#1671=EDGE_CURVE('',#1324,#1350,#129,.T.);
#1672=EDGE_CURVE('',#1357,#1358,#130,.T.);
#1673=EDGE_CURVE('',#1357,#1359,#131,.T.);
#1674=EDGE_CURVE('',#1360,#1359,#132,.T.);
#1675=EDGE_CURVE('',#1358,#1360,#133,.T.);
#1676=EDGE_CURVE('',#1361,#1357,#31,.T.);
#1677=EDGE_CURVE('',#1361,#1362,#134,.T.);
#1678=EDGE_CURVE('',#1359,#1362,#135,.T.);
#1679=EDGE_CURVE('',#1363,#1361,#136,.T.);
#1680=EDGE_CURVE('',#1363,#1364,#137,.T.);
#1681=EDGE_CURVE('',#1362,#1364,#138,.T.);
#1682=EDGE_CURVE('',#1358,#1363,#32,.T.);
#1683=EDGE_CURVE('',#1364,#1360,#139,.T.);
#1684=EDGE_CURVE('',#1365,#1364,#140,.T.);
#1685=EDGE_CURVE('',#1365,#1366,#141,.T.);
#1686=EDGE_CURVE('',#1362,#1366,#142,.T.);
#1687=EDGE_CURVE('',#1367,#1368,#143,.T.);
#1688=EDGE_CURVE('',#1369,#1367,#144,.T.);
#1689=EDGE_CURVE('',#1369,#1370,#145,.T.);
#1690=EDGE_CURVE('',#1368,#1370,#146,.T.);
#1691=EDGE_CURVE('',#1371,#1372,#33,.T.);
#1692=EDGE_CURVE('',#1371,#1373,#147,.T.);
#1693=EDGE_CURVE('',#1366,#1373,#148,.T.);
#1694=EDGE_CURVE('',#1372,#1366,#149,.T.);
#1695=EDGE_CURVE('',#1372,#1374,#150,.T.);
#1696=EDGE_CURVE('',#1374,#1365,#151,.T.);
#1697=EDGE_CURVE('',#1374,#1375,#34,.T.);
#1698=EDGE_CURVE('',#1376,#1365,#152,.T.);
#1699=EDGE_CURVE('',#1375,#1376,#153,.T.);
#1700=EDGE_CURVE('',#1375,#1371,#154,.T.);
#1701=EDGE_CURVE('',#1376,#1373,#155,.T.);
#1702=EDGE_CURVE('',#1377,#1377,#1191,.T.);
#1703=EDGE_CURVE('',#1377,#1378,#156,.T.);
#1704=EDGE_CURVE('',#1378,#1378,#1192,.T.);
#1705=EDGE_CURVE('',#1379,#1379,#1193,.T.);
#1706=EDGE_CURVE('',#1379,#1380,#157,.T.);
#1707=EDGE_CURVE('',#1380,#1380,#1194,.T.);
#1708=EDGE_CURVE('',#1381,#1381,#1195,.T.);
#1709=EDGE_CURVE('',#1381,#1382,#158,.T.);
#1710=EDGE_CURVE('',#1382,#1382,#1196,.T.);
#1711=EDGE_CURVE('',#1383,#1383,#1197,.T.);
#1712=EDGE_CURVE('',#1383,#1384,#159,.T.);
#1713=EDGE_CURVE('',#1384,#1384,#1198,.T.);
#1714=EDGE_CURVE('',#1385,#1386,#160,.T.);
#1715=EDGE_CURVE('',#1385,#1387,#161,.T.);
#1716=EDGE_CURVE('',#1388,#1387,#162,.T.);
#1717=EDGE_CURVE('',#1386,#1388,#163,.T.);
#1718=EDGE_CURVE('',#1386,#1389,#164,.T.);
#1719=EDGE_CURVE('',#1390,#1388,#165,.T.);
#1720=EDGE_CURVE('',#1389,#1390,#166,.T.);
#1721=EDGE_CURVE('',#1389,#1391,#167,.T.);
#1722=EDGE_CURVE('',#1392,#1390,#168,.T.);
#1723=EDGE_CURVE('',#1391,#1392,#169,.T.);
#1724=EDGE_CURVE('',#1391,#1385,#170,.T.);
#1725=EDGE_CURVE('',#1387,#1392,#171,.T.);
#1726=EDGE_CURVE('',#1393,#1394,#172,.T.);
#1727=EDGE_CURVE('',#1393,#1395,#173,.T.);
#1728=EDGE_CURVE('',#1396,#1395,#174,.T.);
#1729=EDGE_CURVE('',#1394,#1396,#175,.T.);
#1730=EDGE_CURVE('',#1394,#1397,#1199,.T.);
#1731=EDGE_CURVE('',#1398,#1396,#1200,.T.);
#1732=EDGE_CURVE('',#1397,#1398,#176,.T.);
#1733=EDGE_CURVE('',#1397,#1399,#177,.T.);
#1734=EDGE_CURVE('',#1400,#1398,#178,.T.);
#1735=EDGE_CURVE('',#1399,#1400,#179,.T.);
#1736=EDGE_CURVE('',#1399,#1401,#180,.T.);
#1737=EDGE_CURVE('',#1402,#1400,#181,.T.);
#1738=EDGE_CURVE('',#1401,#1402,#182,.T.);
#1739=EDGE_CURVE('',#1401,#1403,#183,.T.);
#1740=EDGE_CURVE('',#1404,#1402,#184,.T.);
#1741=EDGE_CURVE('',#1403,#1404,#185,.T.);
#1742=EDGE_CURVE('',#1403,#1405,#1201,.T.);
#1743=EDGE_CURVE('',#1406,#1404,#1202,.T.);
#1744=EDGE_CURVE('',#1405,#1406,#186,.T.);
#1745=EDGE_CURVE('',#1405,#1376,#187,.T.);
#1746=EDGE_CURVE('',#1373,#1406,#188,.T.);
#1747=EDGE_CURVE('',#1360,#1407,#189,.T.);
#1748=EDGE_CURVE('',#1408,#1359,#190,.T.);
#1749=EDGE_CURVE('',#1407,#1408,#191,.T.);
#1750=EDGE_CURVE('',#1368,#1407,#192,.T.);
#1751=EDGE_CURVE('',#1370,#1393,#193,.T.);
#1752=EDGE_CURVE('',#1395,#1369,#194,.T.);
#1753=EDGE_CURVE('',#1408,#1367,#195,.T.);
#1754=EDGE_CURVE('',#1409,#1410,#1203,.T.);
#1755=EDGE_CURVE('',#1409,#1312,#196,.T.);
#1756=EDGE_CURVE('',#1410,#1311,#197,.T.);
#1757=EDGE_CURVE('',#1411,#1412,#1204,.T.);
#1758=EDGE_CURVE('',#1412,#1413,#198,.T.);
#1759=EDGE_CURVE('',#1413,#1414,#1205,.T.);
#1760=EDGE_CURVE('',#1414,#1411,#199,.T.);
#1761=EDGE_CURVE('',#1415,#1410,#200,.T.);
#1762=EDGE_CURVE('',#1415,#1317,#201,.T.);
#1763=EDGE_CURVE('',#1415,#1416,#1206,.T.);
#1764=EDGE_CURVE('',#1416,#1325,#202,.T.);
#1765=EDGE_CURVE('',#1417,#1416,#203,.T.);
#1766=EDGE_CURVE('',#1417,#1349,#204,.T.);
#1767=EDGE_CURVE('',#1418,#1417,#1207,.T.);
#1768=EDGE_CURVE('',#1418,#1348,#205,.T.);
#1769=EDGE_CURVE('',#1409,#1418,#206,.T.);
#1770=EDGE_CURVE('',#1419,#1419,#1208,.T.);
#1771=EDGE_CURVE('',#1419,#1420,#207,.T.);
#1772=EDGE_CURVE('',#1420,#1420,#1209,.T.);
#1773=EDGE_CURVE('',#1421,#1421,#1210,.T.);
#1774=EDGE_CURVE('',#1421,#1422,#208,.T.);
#1775=EDGE_CURVE('',#1422,#1422,#1211,.T.);
#1776=EDGE_CURVE('',#1423,#1423,#1212,.T.);
#1777=EDGE_CURVE('',#1423,#1424,#209,.T.);
#1778=EDGE_CURVE('',#1424,#1424,#1213,.T.);
#1779=EDGE_CURVE('',#1425,#1425,#1214,.T.);
#1780=EDGE_CURVE('',#1425,#1426,#210,.T.);
#1781=EDGE_CURVE('',#1426,#1426,#1215,.T.);
#1782=EDGE_CURVE('',#1427,#1428,#211,.T.);
#1783=EDGE_CURVE('',#1427,#1429,#212,.T.);
#1784=EDGE_CURVE('',#1430,#1429,#213,.T.);
#1785=EDGE_CURVE('',#1428,#1430,#214,.T.);
#1786=EDGE_CURVE('',#1428,#1431,#215,.T.);
#1787=EDGE_CURVE('',#1432,#1430,#216,.T.);
#1788=EDGE_CURVE('',#1431,#1432,#217,.T.);
#1789=EDGE_CURVE('',#1431,#1433,#218,.T.);
#1790=EDGE_CURVE('',#1434,#1432,#219,.T.);
#1791=EDGE_CURVE('',#1433,#1434,#220,.T.);
#1792=EDGE_CURVE('',#1433,#1427,#221,.T.);
#1793=EDGE_CURVE('',#1429,#1434,#222,.T.);
#1794=EDGE_CURVE('',#1413,#1435,#223,.T.);
#1795=EDGE_CURVE('',#1436,#1412,#224,.T.);
#1796=EDGE_CURVE('',#1435,#1436,#225,.T.);
#1797=EDGE_CURVE('',#1435,#1437,#226,.T.);
#1798=EDGE_CURVE('',#1438,#1436,#227,.T.);
#1799=EDGE_CURVE('',#1437,#1438,#228,.T.);
#1800=EDGE_CURVE('',#1437,#1439,#1216,.T.);
#1801=EDGE_CURVE('',#1440,#1438,#1217,.T.);
#1802=EDGE_CURVE('',#1439,#1440,#229,.T.);
#1803=EDGE_CURVE('',#1439,#1441,#230,.T.);
#1804=EDGE_CURVE('',#1442,#1440,#231,.T.);
#1805=EDGE_CURVE('',#1441,#1442,#232,.T.);
#1806=EDGE_CURVE('',#1441,#1443,#233,.T.);
#1807=EDGE_CURVE('',#1444,#1442,#234,.T.);
#1808=EDGE_CURVE('',#1443,#1444,#235,.T.);
#1809=EDGE_CURVE('',#1443,#1445,#236,.T.);
#1810=EDGE_CURVE('',#1446,#1444,#237,.T.);
#1811=EDGE_CURVE('',#1445,#1446,#238,.T.);
#1812=EDGE_CURVE('',#1445,#1447,#1218,.T.);
#1813=EDGE_CURVE('',#1448,#1446,#1219,.T.);
#1814=EDGE_CURVE('',#1447,#1448,#239,.T.);
#1815=EDGE_CURVE('',#1447,#1449,#240,.T.);
#1816=EDGE_CURVE('',#1450,#1448,#241,.T.);
#1817=EDGE_CURVE('',#1449,#1450,#242,.T.);
#1818=EDGE_CURVE('',#1449,#1414,#243,.T.);
#1819=EDGE_CURVE('',#1450,#1411,#244,.T.);
#1820=EDGE_CURVE('',#1451,#1452,#245,.T.);
#1821=EDGE_CURVE('',#1367,#1451,#246,.T.);
#1822=EDGE_CURVE('',#1368,#1452,#247,.T.);
#1823=EDGE_CURVE('',#1453,#1451,#35,.T.);
#1824=EDGE_CURVE('',#1408,#1453,#248,.T.);
#1825=EDGE_CURVE('',#1452,#1454,#36,.T.);
#1826=EDGE_CURVE('',#1407,#1454,#249,.T.);
#1827=EDGE_CURVE('',#1454,#1453,#250,.T.);
#1828=EDGE_CURVE('',#1455,#1456,#1220,.T.);
#1829=EDGE_CURVE('',#1455,#1303,#251,.T.);
#1830=EDGE_CURVE('',#1456,#1308,#252,.T.);
#1831=EDGE_CURVE('',#1457,#1458,#253,.T.);
#1832=EDGE_CURVE('',#1459,#1457,#1221,.T.);
#1833=EDGE_CURVE('',#1460,#1459,#254,.T.);
#1834=EDGE_CURVE('',#1458,#1460,#1222,.T.);
#1835=EDGE_CURVE('',#1455,#1461,#255,.T.);
#1836=EDGE_CURVE('',#1461,#1304,#256,.T.);
#1837=EDGE_CURVE('',#1462,#1463,#257,.T.);
#1838=EDGE_CURVE('',#1464,#1462,#258,.T.);
#1839=EDGE_CURVE('',#1465,#1464,#259,.T.);
#1840=EDGE_CURVE('',#1463,#1465,#260,.T.);
#1841=EDGE_CURVE('',#1466,#1461,#1223,.T.);
#1842=EDGE_CURVE('',#1466,#1321,#261,.T.);
#1843=EDGE_CURVE('',#1467,#1456,#262,.T.);
#1844=EDGE_CURVE('',#1467,#1355,#263,.T.);
#1845=EDGE_CURVE('',#1468,#1467,#1224,.T.);
#1846=EDGE_CURVE('',#1468,#1354,#264,.T.);
#1847=EDGE_CURVE('',#1468,#1466,#265,.T.);
#1848=EDGE_CURVE('',#1469,#1459,#266,.T.);
#1849=EDGE_CURVE('',#1470,#1469,#267,.T.);
#1850=EDGE_CURVE('',#1460,#1470,#268,.T.);
#1851=EDGE_CURVE('',#1457,#1471,#269,.T.);
#1852=EDGE_CURVE('',#1471,#1472,#270,.T.);
#1853=EDGE_CURVE('',#1472,#1473,#1225,.T.);
#1854=EDGE_CURVE('',#1473,#1474,#271,.T.);
#1855=EDGE_CURVE('',#1474,#1475,#272,.T.);
#1856=EDGE_CURVE('',#1475,#1476,#273,.T.);
#1857=EDGE_CURVE('',#1476,#1477,#1226,.T.);
#1858=EDGE_CURVE('',#1477,#1469,#274,.T.);
#1859=EDGE_CURVE('',#1478,#1478,#1227,.T.);
#1860=EDGE_CURVE('',#1479,#1479,#1228,.T.);
#1861=EDGE_CURVE('',#1480,#1480,#1229,.T.);
#1862=EDGE_CURVE('',#1481,#1481,#1230,.T.);
#1863=EDGE_CURVE('',#1482,#1483,#275,.T.);
#1864=EDGE_CURVE('',#1483,#1484,#276,.T.);
#1865=EDGE_CURVE('',#1484,#1485,#277,.T.);
#1866=EDGE_CURVE('',#1485,#1482,#278,.T.);
#1867=EDGE_CURVE('',#1478,#1486,#279,.T.);
#1868=EDGE_CURVE('',#1486,#1486,#1231,.T.);
#1869=EDGE_CURVE('',#1479,#1487,#280,.T.);
#1870=EDGE_CURVE('',#1487,#1487,#1232,.T.);
#1871=EDGE_CURVE('',#1480,#1488,#281,.T.);
#1872=EDGE_CURVE('',#1488,#1488,#1233,.T.);
#1873=EDGE_CURVE('',#1481,#1489,#282,.T.);
#1874=EDGE_CURVE('',#1489,#1489,#1234,.T.);
#1875=EDGE_CURVE('',#1490,#1491,#283,.T.);
#1876=EDGE_CURVE('',#1490,#1482,#284,.T.);
#1877=EDGE_CURVE('',#1491,#1485,#285,.T.);
#1878=EDGE_CURVE('',#1491,#1492,#286,.T.);
#1879=EDGE_CURVE('',#1492,#1484,#287,.T.);
#1880=EDGE_CURVE('',#1492,#1493,#288,.T.);
#1881=EDGE_CURVE('',#1493,#1483,#289,.T.);
#1882=EDGE_CURVE('',#1493,#1490,#290,.T.);
#1883=EDGE_CURVE('',#1470,#1494,#291,.T.);
#1884=EDGE_CURVE('',#1494,#1477,#292,.T.);
#1885=EDGE_CURVE('',#1494,#1495,#1235,.T.);
#1886=EDGE_CURVE('',#1495,#1476,#293,.T.);
#1887=EDGE_CURVE('',#1495,#1496,#294,.T.);
#1888=EDGE_CURVE('',#1496,#1475,#295,.T.);
#1889=EDGE_CURVE('',#1496,#1497,#296,.T.);
#1890=EDGE_CURVE('',#1497,#1474,#297,.T.);
#1891=EDGE_CURVE('',#1497,#1498,#298,.T.);
#1892=EDGE_CURVE('',#1498,#1473,#299,.T.);
#1893=EDGE_CURVE('',#1498,#1499,#1236,.T.);
#1894=EDGE_CURVE('',#1499,#1472,#300,.T.);
#1895=EDGE_CURVE('',#1499,#1500,#301,.T.);
#1896=EDGE_CURVE('',#1500,#1471,#302,.T.);
#1897=EDGE_CURVE('',#1500,#1458,#303,.T.);
#1898=EDGE_CURVE('',#1463,#1370,#304,.T.);
#1899=EDGE_CURVE('',#1462,#1369,#305,.T.);
#1900=EDGE_CURVE('',#1465,#1393,#306,.T.);
#1901=EDGE_CURVE('',#1464,#1395,#307,.T.);
#1902=EDGE_CURVE('',#1501,#1501,#1237,.T.);
#1903=EDGE_CURVE('',#1501,#1502,#308,.T.);
#1904=EDGE_CURVE('',#1243,#1501,#309,.T.);
#1905=EDGE_CURVE('',#1240,#1503,#310,.T.);
#1906=EDGE_CURVE('',#1503,#1503,#1238,.T.);
#1907=EDGE_CURVE('',#1503,#1504,#311,.T.);
#1908=ORIENTED_EDGE('',*,*,#1505,.F.);
#1909=ORIENTED_EDGE('',*,*,#1506,.T.);
#1910=ORIENTED_EDGE('',*,*,#1507,.F.);
#1911=ORIENTED_EDGE('',*,*,#1508,.T.);
#1912=ORIENTED_EDGE('',*,*,#1505,.T.);
#1913=ORIENTED_EDGE('',*,*,#1508,.F.);
#1914=ORIENTED_EDGE('',*,*,#1509,.F.);
#1915=ORIENTED_EDGE('',*,*,#1510,.T.);
#1916=ORIENTED_EDGE('',*,*,#1511,.F.);
#1917=ORIENTED_EDGE('',*,*,#1512,.T.);
#1918=ORIENTED_EDGE('',*,*,#1509,.T.);
#1919=ORIENTED_EDGE('',*,*,#1512,.F.);
#1920=ORIENTED_EDGE('',*,*,#1513,.F.);
#1921=ORIENTED_EDGE('',*,*,#1514,.T.);
#1922=ORIENTED_EDGE('',*,*,#1514,.F.);
#1923=ORIENTED_EDGE('',*,*,#1515,.F.);
#1924=ORIENTED_EDGE('',*,*,#1516,.T.);
#1925=ORIENTED_EDGE('',*,*,#1517,.F.);
#1926=ORIENTED_EDGE('',*,*,#1518,.T.);
#1927=ORIENTED_EDGE('',*,*,#1515,.T.);
#1928=ORIENTED_EDGE('',*,*,#1518,.F.);
#1929=ORIENTED_EDGE('',*,*,#1516,.F.);
#1930=ORIENTED_EDGE('',*,*,#1519,.T.);
#1931=ORIENTED_EDGE('',*,*,#1513,.T.);
#1932=ORIENTED_EDGE('',*,*,#1519,.F.);
#1933=ORIENTED_EDGE('',*,*,#1520,.F.);
#1934=ORIENTED_EDGE('',*,*,#1521,.T.);
#1935=ORIENTED_EDGE('',*,*,#1521,.F.);
#1936=ORIENTED_EDGE('',*,*,#1522,.F.);
#1937=ORIENTED_EDGE('',*,*,#1523,.T.);
#1938=ORIENTED_EDGE('',*,*,#1524,.F.);
#1939=ORIENTED_EDGE('',*,*,#1525,.T.);
#1940=ORIENTED_EDGE('',*,*,#1522,.T.);
#1941=ORIENTED_EDGE('',*,*,#1525,.F.);
#1942=ORIENTED_EDGE('',*,*,#1523,.F.);
#1943=ORIENTED_EDGE('',*,*,#1526,.T.);
#1944=ORIENTED_EDGE('',*,*,#1520,.T.);
#1945=ORIENTED_EDGE('',*,*,#1526,.F.);
#1946=ORIENTED_EDGE('',*,*,#1527,.F.);
#1947=ORIENTED_EDGE('',*,*,#1528,.T.);
#1948=ORIENTED_EDGE('',*,*,#1528,.F.);
#1949=ORIENTED_EDGE('',*,*,#1529,.F.);
#1950=ORIENTED_EDGE('',*,*,#1530,.T.);
#1951=ORIENTED_EDGE('',*,*,#1531,.F.);
#1952=ORIENTED_EDGE('',*,*,#1532,.T.);
#1953=ORIENTED_EDGE('',*,*,#1529,.T.);
#1954=ORIENTED_EDGE('',*,*,#1532,.F.);
#1955=ORIENTED_EDGE('',*,*,#1530,.F.);
#1956=ORIENTED_EDGE('',*,*,#1533,.T.);
#1957=ORIENTED_EDGE('',*,*,#1527,.T.);
#1958=ORIENTED_EDGE('',*,*,#1533,.F.);
#1959=ORIENTED_EDGE('',*,*,#1534,.F.);
#1960=ORIENTED_EDGE('',*,*,#1535,.T.);
#1961=ORIENTED_EDGE('',*,*,#1535,.F.);
#1962=ORIENTED_EDGE('',*,*,#1536,.F.);
#1963=ORIENTED_EDGE('',*,*,#1537,.T.);
#1964=ORIENTED_EDGE('',*,*,#1538,.F.);
#1965=ORIENTED_EDGE('',*,*,#1539,.T.);
#1966=ORIENTED_EDGE('',*,*,#1536,.T.);
#1967=ORIENTED_EDGE('',*,*,#1539,.F.);
#1968=ORIENTED_EDGE('',*,*,#1537,.F.);
#1969=ORIENTED_EDGE('',*,*,#1540,.T.);
#1970=ORIENTED_EDGE('',*,*,#1534,.T.);
#1971=ORIENTED_EDGE('',*,*,#1540,.F.);
#1972=ORIENTED_EDGE('',*,*,#1541,.F.);
#1973=ORIENTED_EDGE('',*,*,#1542,.F.);
#1974=ORIENTED_EDGE('',*,*,#1543,.T.);
#1975=ORIENTED_EDGE('',*,*,#1544,.F.);
#1976=ORIENTED_EDGE('',*,*,#1545,.F.);
#1977=ORIENTED_EDGE('',*,*,#1543,.F.);
#1978=ORIENTED_EDGE('',*,*,#1546,.F.);
#1979=ORIENTED_EDGE('',*,*,#1547,.F.);
#1980=ORIENTED_EDGE('',*,*,#1548,.T.);
#1981=ORIENTED_EDGE('',*,*,#1549,.F.);
#1982=ORIENTED_EDGE('',*,*,#1550,.F.);
#1983=ORIENTED_EDGE('',*,*,#1548,.F.);
#1984=ORIENTED_EDGE('',*,*,#1551,.F.);
#1985=ORIENTED_EDGE('',*,*,#1552,.T.);
#1986=ORIENTED_EDGE('',*,*,#1552,.F.);
#1987=ORIENTED_EDGE('',*,*,#1553,.F.);
#1988=ORIENTED_EDGE('',*,*,#1554,.T.);
#1989=ORIENTED_EDGE('',*,*,#1555,.F.);
#1990=ORIENTED_EDGE('',*,*,#1556,.T.);
#1991=ORIENTED_EDGE('',*,*,#1553,.T.);
#1992=ORIENTED_EDGE('',*,*,#1556,.F.);
#1993=ORIENTED_EDGE('',*,*,#1554,.F.);
#1994=ORIENTED_EDGE('',*,*,#1557,.T.);
#1995=ORIENTED_EDGE('',*,*,#1551,.T.);
#1996=ORIENTED_EDGE('',*,*,#1557,.F.);
#1997=ORIENTED_EDGE('',*,*,#1558,.F.);
#1998=ORIENTED_EDGE('',*,*,#1559,.T.);
#1999=ORIENTED_EDGE('',*,*,#1559,.F.);
#2000=ORIENTED_EDGE('',*,*,#1560,.F.);
#2001=ORIENTED_EDGE('',*,*,#1561,.T.);
#2002=ORIENTED_EDGE('',*,*,#1562,.F.);
#2003=ORIENTED_EDGE('',*,*,#1563,.T.);
#2004=ORIENTED_EDGE('',*,*,#1560,.T.);
#2005=ORIENTED_EDGE('',*,*,#1563,.F.);
#2006=ORIENTED_EDGE('',*,*,#1561,.F.);
#2007=ORIENTED_EDGE('',*,*,#1564,.T.);
#2008=ORIENTED_EDGE('',*,*,#1558,.T.);
#2009=ORIENTED_EDGE('',*,*,#1564,.F.);
#2010=ORIENTED_EDGE('',*,*,#1565,.F.);
#2011=ORIENTED_EDGE('',*,*,#1566,.T.);
#2012=ORIENTED_EDGE('',*,*,#1566,.F.);
#2013=ORIENTED_EDGE('',*,*,#1567,.F.);
#2014=ORIENTED_EDGE('',*,*,#1568,.T.);
#2015=ORIENTED_EDGE('',*,*,#1569,.F.);
#2016=ORIENTED_EDGE('',*,*,#1570,.T.);
#2017=ORIENTED_EDGE('',*,*,#1567,.T.);
#2018=ORIENTED_EDGE('',*,*,#1570,.F.);
#2019=ORIENTED_EDGE('',*,*,#1568,.F.);
#2020=ORIENTED_EDGE('',*,*,#1571,.T.);
#2021=ORIENTED_EDGE('',*,*,#1565,.T.);
#2022=ORIENTED_EDGE('',*,*,#1571,.F.);
#2023=ORIENTED_EDGE('',*,*,#1572,.F.);
#2024=ORIENTED_EDGE('',*,*,#1573,.T.);
#2025=ORIENTED_EDGE('',*,*,#1573,.F.);
#2026=ORIENTED_EDGE('',*,*,#1574,.F.);
#2027=ORIENTED_EDGE('',*,*,#1575,.T.);
#2028=ORIENTED_EDGE('',*,*,#1576,.F.);
#2029=ORIENTED_EDGE('',*,*,#1577,.T.);
#2030=ORIENTED_EDGE('',*,*,#1574,.T.);
#2031=ORIENTED_EDGE('',*,*,#1577,.F.);
#2032=ORIENTED_EDGE('',*,*,#1575,.F.);
#2033=ORIENTED_EDGE('',*,*,#1578,.T.);
#2034=ORIENTED_EDGE('',*,*,#1572,.T.);
#2035=ORIENTED_EDGE('',*,*,#1578,.F.);
#2036=ORIENTED_EDGE('',*,*,#1579,.F.);
#2037=ORIENTED_EDGE('',*,*,#1580,.T.);
#2038=ORIENTED_EDGE('',*,*,#1580,.F.);
#2039=ORIENTED_EDGE('',*,*,#1581,.F.);
#2040=ORIENTED_EDGE('',*,*,#1582,.T.);
#2041=ORIENTED_EDGE('',*,*,#1583,.F.);
#2042=ORIENTED_EDGE('',*,*,#1584,.T.);
#2043=ORIENTED_EDGE('',*,*,#1581,.T.);
#2044=ORIENTED_EDGE('',*,*,#1584,.F.);
#2045=ORIENTED_EDGE('',*,*,#1582,.F.);
#2046=ORIENTED_EDGE('',*,*,#1585,.T.);
#2047=ORIENTED_EDGE('',*,*,#1579,.T.);
#2048=ORIENTED_EDGE('',*,*,#1585,.F.);
#2049=ORIENTED_EDGE('',*,*,#1586,.F.);
#2050=ORIENTED_EDGE('',*,*,#1587,.T.);
#2051=ORIENTED_EDGE('',*,*,#1587,.F.);
#2052=ORIENTED_EDGE('',*,*,#1588,.F.);
#2053=ORIENTED_EDGE('',*,*,#1589,.T.);
#2054=ORIENTED_EDGE('',*,*,#1590,.F.);
#2055=ORIENTED_EDGE('',*,*,#1591,.T.);
#2056=ORIENTED_EDGE('',*,*,#1588,.T.);
#2057=ORIENTED_EDGE('',*,*,#1591,.F.);
#2058=ORIENTED_EDGE('',*,*,#1589,.F.);
#2059=ORIENTED_EDGE('',*,*,#1592,.T.);
#2060=ORIENTED_EDGE('',*,*,#1586,.T.);
#2061=ORIENTED_EDGE('',*,*,#1592,.F.);
#2062=ORIENTED_EDGE('',*,*,#1593,.T.);
#2063=ORIENTED_EDGE('',*,*,#1594,.T.);
#2064=ORIENTED_EDGE('',*,*,#1595,.F.);
#2065=ORIENTED_EDGE('',*,*,#1596,.F.);
#2066=ORIENTED_EDGE('',*,*,#1597,.F.);
#2067=ORIENTED_EDGE('',*,*,#1598,.T.);
#2068=ORIENTED_EDGE('',*,*,#1599,.F.);
#2069=ORIENTED_EDGE('',*,*,#1600,.T.);
#2070=ORIENTED_EDGE('',*,*,#1601,.T.);
#2071=ORIENTED_EDGE('',*,*,#1602,.T.);
#2072=ORIENTED_EDGE('',*,*,#1603,.F.);
#2073=ORIENTED_EDGE('',*,*,#1604,.F.);
#2074=ORIENTED_EDGE('',*,*,#1605,.F.);
#2075=ORIENTED_EDGE('',*,*,#1606,.F.);
#2076=ORIENTED_EDGE('',*,*,#1607,.T.);
#2077=ORIENTED_EDGE('',*,*,#1608,.T.);
#2078=ORIENTED_EDGE('',*,*,#1609,.F.);
#2079=ORIENTED_EDGE('',*,*,#1610,.F.);
#2080=ORIENTED_EDGE('',*,*,#1611,.F.);
#2081=ORIENTED_EDGE('',*,*,#1612,.T.);
#2082=ORIENTED_EDGE('',*,*,#1613,.T.);
#2083=ORIENTED_EDGE('',*,*,#1614,.F.);
#2084=ORIENTED_EDGE('',*,*,#1615,.F.);
#2085=ORIENTED_EDGE('',*,*,#1616,.T.);
#2086=ORIENTED_EDGE('',*,*,#1617,.T.);
#2087=ORIENTED_EDGE('',*,*,#1618,.F.);
#2088=ORIENTED_EDGE('',*,*,#1619,.T.);
#2089=ORIENTED_EDGE('',*,*,#1620,.T.);
#2090=ORIENTED_EDGE('',*,*,#1621,.F.);
#2091=ORIENTED_EDGE('',*,*,#1622,.T.);
#2092=ORIENTED_EDGE('',*,*,#1620,.F.);
#2093=ORIENTED_EDGE('',*,*,#1622,.F.);
#2094=ORIENTED_EDGE('',*,*,#1623,.T.);
#2095=ORIENTED_EDGE('',*,*,#1621,.T.);
#2096=ORIENTED_EDGE('',*,*,#1624,.T.);
#2097=ORIENTED_EDGE('',*,*,#1625,.T.);
#2098=ORIENTED_EDGE('',*,*,#1626,.F.);
#2099=ORIENTED_EDGE('',*,*,#1627,.T.);
#2100=ORIENTED_EDGE('',*,*,#1625,.F.);
#2101=ORIENTED_EDGE('',*,*,#1627,.F.);
#2102=ORIENTED_EDGE('',*,*,#1628,.T.);
#2103=ORIENTED_EDGE('',*,*,#1626,.T.);
#2104=ORIENTED_EDGE('',*,*,#1629,.T.);
#2105=ORIENTED_EDGE('',*,*,#1630,.T.);
#2106=ORIENTED_EDGE('',*,*,#1631,.F.);
#2107=ORIENTED_EDGE('',*,*,#1632,.T.);
#2108=ORIENTED_EDGE('',*,*,#1630,.F.);
#2109=ORIENTED_EDGE('',*,*,#1632,.F.);
#2110=ORIENTED_EDGE('',*,*,#1633,.T.);
#2111=ORIENTED_EDGE('',*,*,#1631,.T.);
#2112=ORIENTED_EDGE('',*,*,#1634,.F.);
#2113=ORIENTED_EDGE('',*,*,#1605,.T.);
#2114=ORIENTED_EDGE('',*,*,#1635,.T.);
#2115=ORIENTED_EDGE('',*,*,#1636,.F.);
#2116=ORIENTED_EDGE('',*,*,#1629,.F.);
#2117=ORIENTED_EDGE('',*,*,#1637,.T.);
#2118=ORIENTED_EDGE('',*,*,#1606,.T.);
#2119=ORIENTED_EDGE('',*,*,#1637,.F.);
#2120=ORIENTED_EDGE('',*,*,#1602,.F.);
#2121=ORIENTED_EDGE('',*,*,#1638,.T.);
#2122=ORIENTED_EDGE('',*,*,#1639,.F.);
#2123=ORIENTED_EDGE('',*,*,#1640,.F.);
#2124=ORIENTED_EDGE('',*,*,#1633,.F.);
#2125=ORIENTED_EDGE('',*,*,#1641,.T.);
#2126=ORIENTED_EDGE('',*,*,#1603,.T.);
#2127=ORIENTED_EDGE('',*,*,#1640,.T.);
#2128=ORIENTED_EDGE('',*,*,#1642,.F.);
#2129=ORIENTED_EDGE('',*,*,#1635,.F.);
#2130=ORIENTED_EDGE('',*,*,#1604,.T.);
#2131=ORIENTED_EDGE('',*,*,#1641,.F.);
#2132=ORIENTED_EDGE('',*,*,#1643,.T.);
#2133=ORIENTED_EDGE('',*,*,#1644,.T.);
#2134=ORIENTED_EDGE('',*,*,#1645,.T.);
#2135=ORIENTED_EDGE('',*,*,#1646,.T.);
#2136=ORIENTED_EDGE('',*,*,#1647,.T.);
#2137=ORIENTED_EDGE('',*,*,#1636,.T.);
#2138=ORIENTED_EDGE('',*,*,#1642,.T.);
#2139=ORIENTED_EDGE('',*,*,#1639,.T.);
#2140=ORIENTED_EDGE('',*,*,#1648,.T.);
#2141=ORIENTED_EDGE('',*,*,#1649,.T.);
#2142=ORIENTED_EDGE('',*,*,#1650,.T.);
#2143=ORIENTED_EDGE('',*,*,#1651,.T.);
#2144=ORIENTED_EDGE('',*,*,#1652,.T.);
#2145=ORIENTED_EDGE('',*,*,#1653,.T.);
#2146=ORIENTED_EDGE('',*,*,#1654,.T.);
#2147=ORIENTED_EDGE('',*,*,#1655,.T.);
#2148=ORIENTED_EDGE('',*,*,#1656,.T.);
#2149=ORIENTED_EDGE('',*,*,#1657,.T.);
#2150=ORIENTED_EDGE('',*,*,#1507,.T.);
#2151=ORIENTED_EDGE('',*,*,#1511,.T.);
#2152=ORIENTED_EDGE('',*,*,#1624,.F.);
#2153=ORIENTED_EDGE('',*,*,#1658,.T.);
#2154=ORIENTED_EDGE('',*,*,#1618,.T.);
#2155=ORIENTED_EDGE('',*,*,#1658,.F.);
#2156=ORIENTED_EDGE('',*,*,#1619,.F.);
#2157=ORIENTED_EDGE('',*,*,#1659,.T.);
#2158=ORIENTED_EDGE('',*,*,#1599,.T.);
#2159=ORIENTED_EDGE('',*,*,#1659,.F.);
#2160=ORIENTED_EDGE('',*,*,#1608,.F.);
#2161=ORIENTED_EDGE('',*,*,#1634,.T.);
#2162=ORIENTED_EDGE('',*,*,#1647,.F.);
#2163=ORIENTED_EDGE('',*,*,#1660,.F.);
#2164=ORIENTED_EDGE('',*,*,#1628,.F.);
#2165=ORIENTED_EDGE('',*,*,#1661,.T.);
#2166=ORIENTED_EDGE('',*,*,#1609,.T.);
#2167=ORIENTED_EDGE('',*,*,#1660,.T.);
#2168=ORIENTED_EDGE('',*,*,#1646,.F.);
#2169=ORIENTED_EDGE('',*,*,#1662,.F.);
#2170=ORIENTED_EDGE('',*,*,#1610,.T.);
#2171=ORIENTED_EDGE('',*,*,#1661,.F.);
#2172=ORIENTED_EDGE('',*,*,#1611,.T.);
#2173=ORIENTED_EDGE('',*,*,#1662,.T.);
#2174=ORIENTED_EDGE('',*,*,#1645,.F.);
#2175=ORIENTED_EDGE('',*,*,#1663,.F.);
#2176=ORIENTED_EDGE('',*,*,#1594,.F.);
#2177=ORIENTED_EDGE('',*,*,#1663,.T.);
#2178=ORIENTED_EDGE('',*,*,#1644,.F.);
#2179=ORIENTED_EDGE('',*,*,#1664,.F.);
#2180=ORIENTED_EDGE('',*,*,#1623,.F.);
#2181=ORIENTED_EDGE('',*,*,#1665,.T.);
#2182=ORIENTED_EDGE('',*,*,#1595,.T.);
#2183=ORIENTED_EDGE('',*,*,#1664,.T.);
#2184=ORIENTED_EDGE('',*,*,#1643,.F.);
#2185=ORIENTED_EDGE('',*,*,#1666,.F.);
#2186=ORIENTED_EDGE('',*,*,#1596,.T.);
#2187=ORIENTED_EDGE('',*,*,#1665,.F.);
#2188=ORIENTED_EDGE('',*,*,#1597,.T.);
#2189=ORIENTED_EDGE('',*,*,#1666,.T.);
#2190=ORIENTED_EDGE('',*,*,#1657,.F.);
#2191=ORIENTED_EDGE('',*,*,#1667,.F.);
#2192=ORIENTED_EDGE('',*,*,#1613,.F.);
#2193=ORIENTED_EDGE('',*,*,#1668,.T.);
#2194=ORIENTED_EDGE('',*,*,#1653,.F.);
#2195=ORIENTED_EDGE('',*,*,#1669,.F.);
#2196=ORIENTED_EDGE('',*,*,#1614,.T.);
#2197=ORIENTED_EDGE('',*,*,#1669,.T.);
#2198=ORIENTED_EDGE('',*,*,#1652,.F.);
#2199=ORIENTED_EDGE('',*,*,#1670,.F.);
#2200=ORIENTED_EDGE('',*,*,#1615,.T.);
#2201=ORIENTED_EDGE('',*,*,#1670,.T.);
#2202=ORIENTED_EDGE('',*,*,#1651,.F.);
#2203=ORIENTED_EDGE('',*,*,#1671,.F.);
#2204=ORIENTED_EDGE('',*,*,#1672,.F.);
#2205=ORIENTED_EDGE('',*,*,#1673,.T.);
#2206=ORIENTED_EDGE('',*,*,#1674,.F.);
#2207=ORIENTED_EDGE('',*,*,#1675,.F.);
#2208=ORIENTED_EDGE('',*,*,#1676,.F.);
#2209=ORIENTED_EDGE('',*,*,#1677,.T.);
#2210=ORIENTED_EDGE('',*,*,#1678,.F.);
#2211=ORIENTED_EDGE('',*,*,#1673,.F.);
#2212=ORIENTED_EDGE('',*,*,#1679,.F.);
#2213=ORIENTED_EDGE('',*,*,#1680,.T.);
#2214=ORIENTED_EDGE('',*,*,#1681,.F.);
#2215=ORIENTED_EDGE('',*,*,#1677,.F.);
#2216=ORIENTED_EDGE('',*,*,#1682,.F.);
#2217=ORIENTED_EDGE('',*,*,#1675,.T.);
#2218=ORIENTED_EDGE('',*,*,#1683,.F.);
#2219=ORIENTED_EDGE('',*,*,#1680,.F.);
#2220=ORIENTED_EDGE('',*,*,#1681,.T.);
#2221=ORIENTED_EDGE('',*,*,#1684,.F.);
#2222=ORIENTED_EDGE('',*,*,#1685,.T.);
#2223=ORIENTED_EDGE('',*,*,#1686,.F.);
#2224=ORIENTED_EDGE('',*,*,#1687,.F.);
#2225=ORIENTED_EDGE('',*,*,#1688,.F.);
#2226=ORIENTED_EDGE('',*,*,#1689,.T.);
#2227=ORIENTED_EDGE('',*,*,#1690,.F.);
#2228=ORIENTED_EDGE('',*,*,#1691,.F.);
#2229=ORIENTED_EDGE('',*,*,#1692,.T.);
#2230=ORIENTED_EDGE('',*,*,#1693,.F.);
#2231=ORIENTED_EDGE('',*,*,#1694,.F.);
#2232=ORIENTED_EDGE('',*,*,#1695,.F.);
#2233=ORIENTED_EDGE('',*,*,#1694,.T.);
#2234=ORIENTED_EDGE('',*,*,#1685,.F.);
#2235=ORIENTED_EDGE('',*,*,#1696,.F.);
#2236=ORIENTED_EDGE('',*,*,#1697,.F.);
#2237=ORIENTED_EDGE('',*,*,#1696,.T.);
#2238=ORIENTED_EDGE('',*,*,#1698,.F.);
#2239=ORIENTED_EDGE('',*,*,#1699,.F.);
#2240=ORIENTED_EDGE('',*,*,#1700,.F.);
#2241=ORIENTED_EDGE('',*,*,#1699,.T.);
#2242=ORIENTED_EDGE('',*,*,#1701,.T.);
#2243=ORIENTED_EDGE('',*,*,#1692,.F.);
#2244=ORIENTED_EDGE('',*,*,#1702,.F.);
#2245=ORIENTED_EDGE('',*,*,#1703,.T.);
#2246=ORIENTED_EDGE('',*,*,#1704,.F.);
#2247=ORIENTED_EDGE('',*,*,#1703,.F.);
#2248=ORIENTED_EDGE('',*,*,#1705,.F.);
#2249=ORIENTED_EDGE('',*,*,#1706,.T.);
#2250=ORIENTED_EDGE('',*,*,#1707,.F.);
#2251=ORIENTED_EDGE('',*,*,#1706,.F.);
#2252=ORIENTED_EDGE('',*,*,#1708,.F.);
#2253=ORIENTED_EDGE('',*,*,#1709,.T.);
#2254=ORIENTED_EDGE('',*,*,#1710,.F.);
#2255=ORIENTED_EDGE('',*,*,#1709,.F.);
#2256=ORIENTED_EDGE('',*,*,#1711,.F.);
#2257=ORIENTED_EDGE('',*,*,#1712,.T.);
#2258=ORIENTED_EDGE('',*,*,#1713,.F.);
#2259=ORIENTED_EDGE('',*,*,#1712,.F.);
#2260=ORIENTED_EDGE('',*,*,#1714,.F.);
#2261=ORIENTED_EDGE('',*,*,#1715,.T.);
#2262=ORIENTED_EDGE('',*,*,#1716,.F.);
#2263=ORIENTED_EDGE('',*,*,#1717,.F.);
#2264=ORIENTED_EDGE('',*,*,#1718,.F.);
#2265=ORIENTED_EDGE('',*,*,#1717,.T.);
#2266=ORIENTED_EDGE('',*,*,#1719,.F.);
#2267=ORIENTED_EDGE('',*,*,#1720,.F.);
#2268=ORIENTED_EDGE('',*,*,#1721,.F.);
#2269=ORIENTED_EDGE('',*,*,#1720,.T.);
#2270=ORIENTED_EDGE('',*,*,#1722,.F.);
#2271=ORIENTED_EDGE('',*,*,#1723,.F.);
#2272=ORIENTED_EDGE('',*,*,#1724,.F.);
#2273=ORIENTED_EDGE('',*,*,#1723,.T.);
#2274=ORIENTED_EDGE('',*,*,#1725,.F.);
#2275=ORIENTED_EDGE('',*,*,#1715,.F.);
#2276=ORIENTED_EDGE('',*,*,#1726,.F.);
#2277=ORIENTED_EDGE('',*,*,#1727,.T.);
#2278=ORIENTED_EDGE('',*,*,#1728,.F.);
#2279=ORIENTED_EDGE('',*,*,#1729,.F.);
#2280=ORIENTED_EDGE('',*,*,#1730,.F.);
#2281=ORIENTED_EDGE('',*,*,#1729,.T.);
#2282=ORIENTED_EDGE('',*,*,#1731,.F.);
#2283=ORIENTED_EDGE('',*,*,#1732,.F.);
#2284=ORIENTED_EDGE('',*,*,#1733,.F.);
#2285=ORIENTED_EDGE('',*,*,#1732,.T.);
#2286=ORIENTED_EDGE('',*,*,#1734,.F.);
#2287=ORIENTED_EDGE('',*,*,#1735,.F.);
#2288=ORIENTED_EDGE('',*,*,#1736,.F.);
#2289=ORIENTED_EDGE('',*,*,#1735,.T.);
#2290=ORIENTED_EDGE('',*,*,#1737,.F.);
#2291=ORIENTED_EDGE('',*,*,#1738,.F.);
#2292=ORIENTED_EDGE('',*,*,#1739,.F.);
#2293=ORIENTED_EDGE('',*,*,#1738,.T.);
#2294=ORIENTED_EDGE('',*,*,#1740,.F.);
#2295=ORIENTED_EDGE('',*,*,#1741,.F.);
#2296=ORIENTED_EDGE('',*,*,#1742,.F.);
#2297=ORIENTED_EDGE('',*,*,#1741,.T.);
#2298=ORIENTED_EDGE('',*,*,#1743,.F.);
#2299=ORIENTED_EDGE('',*,*,#1744,.F.);
#2300=ORIENTED_EDGE('',*,*,#1745,.F.);
#2301=ORIENTED_EDGE('',*,*,#1744,.T.);
#2302=ORIENTED_EDGE('',*,*,#1746,.F.);
#2303=ORIENTED_EDGE('',*,*,#1701,.F.);
#2304=ORIENTED_EDGE('',*,*,#1747,.F.);
#2305=ORIENTED_EDGE('',*,*,#1674,.T.);
#2306=ORIENTED_EDGE('',*,*,#1748,.F.);
#2307=ORIENTED_EDGE('',*,*,#1749,.F.);
#2308=ORIENTED_EDGE('',*,*,#1747,.T.);
#2309=ORIENTED_EDGE('',*,*,#1750,.F.);
#2310=ORIENTED_EDGE('',*,*,#1690,.T.);
#2311=ORIENTED_EDGE('',*,*,#1751,.T.);
#2312=ORIENTED_EDGE('',*,*,#1726,.T.);
#2313=ORIENTED_EDGE('',*,*,#1730,.T.);
#2314=ORIENTED_EDGE('',*,*,#1733,.T.);
#2315=ORIENTED_EDGE('',*,*,#1736,.T.);
#2316=ORIENTED_EDGE('',*,*,#1739,.T.);
#2317=ORIENTED_EDGE('',*,*,#1742,.T.);
#2318=ORIENTED_EDGE('',*,*,#1745,.T.);
#2319=ORIENTED_EDGE('',*,*,#1698,.T.);
#2320=ORIENTED_EDGE('',*,*,#1684,.T.);
#2321=ORIENTED_EDGE('',*,*,#1683,.T.);
#2322=ORIENTED_EDGE('',*,*,#1724,.T.);
#2323=ORIENTED_EDGE('',*,*,#1714,.T.);
#2324=ORIENTED_EDGE('',*,*,#1718,.T.);
#2325=ORIENTED_EDGE('',*,*,#1721,.T.);
#2326=ORIENTED_EDGE('',*,*,#1713,.T.);
#2327=ORIENTED_EDGE('',*,*,#1710,.T.);
#2328=ORIENTED_EDGE('',*,*,#1707,.T.);
#2329=ORIENTED_EDGE('',*,*,#1704,.T.);
#2330=ORIENTED_EDGE('',*,*,#1748,.T.);
#2331=ORIENTED_EDGE('',*,*,#1678,.T.);
#2332=ORIENTED_EDGE('',*,*,#1686,.T.);
#2333=ORIENTED_EDGE('',*,*,#1693,.T.);
#2334=ORIENTED_EDGE('',*,*,#1746,.T.);
#2335=ORIENTED_EDGE('',*,*,#1743,.T.);
#2336=ORIENTED_EDGE('',*,*,#1740,.T.);
#2337=ORIENTED_EDGE('',*,*,#1737,.T.);
#2338=ORIENTED_EDGE('',*,*,#1734,.T.);
#2339=ORIENTED_EDGE('',*,*,#1731,.T.);
#2340=ORIENTED_EDGE('',*,*,#1728,.T.);
#2341=ORIENTED_EDGE('',*,*,#1752,.T.);
#2342=ORIENTED_EDGE('',*,*,#1688,.T.);
#2343=ORIENTED_EDGE('',*,*,#1753,.F.);
#2344=ORIENTED_EDGE('',*,*,#1725,.T.);
#2345=ORIENTED_EDGE('',*,*,#1722,.T.);
#2346=ORIENTED_EDGE('',*,*,#1719,.T.);
#2347=ORIENTED_EDGE('',*,*,#1716,.T.);
#2348=ORIENTED_EDGE('',*,*,#1711,.T.);
#2349=ORIENTED_EDGE('',*,*,#1708,.T.);
#2350=ORIENTED_EDGE('',*,*,#1705,.T.);
#2351=ORIENTED_EDGE('',*,*,#1702,.T.);
#2352=ORIENTED_EDGE('',*,*,#1754,.F.);
#2353=ORIENTED_EDGE('',*,*,#1755,.T.);
#2354=ORIENTED_EDGE('',*,*,#1601,.F.);
#2355=ORIENTED_EDGE('',*,*,#1756,.F.);
#2356=ORIENTED_EDGE('',*,*,#1541,.T.);
#2357=ORIENTED_EDGE('',*,*,#1542,.T.);
#2358=ORIENTED_EDGE('',*,*,#1757,.T.);
#2359=ORIENTED_EDGE('',*,*,#1758,.T.);
#2360=ORIENTED_EDGE('',*,*,#1759,.T.);
#2361=ORIENTED_EDGE('',*,*,#1760,.T.);
#2362=ORIENTED_EDGE('',*,*,#1761,.T.);
#2363=ORIENTED_EDGE('',*,*,#1756,.T.);
#2364=ORIENTED_EDGE('',*,*,#1600,.F.);
#2365=ORIENTED_EDGE('',*,*,#1607,.F.);
#2366=ORIENTED_EDGE('',*,*,#1762,.F.);
#2367=ORIENTED_EDGE('',*,*,#1691,.T.);
#2368=ORIENTED_EDGE('',*,*,#1695,.T.);
#2369=ORIENTED_EDGE('',*,*,#1697,.T.);
#2370=ORIENTED_EDGE('',*,*,#1700,.T.);
#2371=ORIENTED_EDGE('',*,*,#1763,.F.);
#2372=ORIENTED_EDGE('',*,*,#1762,.T.);
#2373=ORIENTED_EDGE('',*,*,#1617,.F.);
#2374=ORIENTED_EDGE('',*,*,#1764,.F.);
#2375=ORIENTED_EDGE('',*,*,#1676,.T.);
#2376=ORIENTED_EDGE('',*,*,#1672,.T.);
#2377=ORIENTED_EDGE('',*,*,#1682,.T.);
#2378=ORIENTED_EDGE('',*,*,#1679,.T.);
#2379=ORIENTED_EDGE('',*,*,#1765,.T.);
#2380=ORIENTED_EDGE('',*,*,#1764,.T.);
#2381=ORIENTED_EDGE('',*,*,#1616,.F.);
#2382=ORIENTED_EDGE('',*,*,#1671,.T.);
#2383=ORIENTED_EDGE('',*,*,#1650,.F.);
#2384=ORIENTED_EDGE('',*,*,#1766,.F.);
#2385=ORIENTED_EDGE('',*,*,#1767,.T.);
#2386=ORIENTED_EDGE('',*,*,#1766,.T.);
#2387=ORIENTED_EDGE('',*,*,#1649,.F.);
#2388=ORIENTED_EDGE('',*,*,#1768,.F.);
#2389=ORIENTED_EDGE('',*,*,#1544,.T.);
#2390=ORIENTED_EDGE('',*,*,#1545,.T.);
#2391=ORIENTED_EDGE('',*,*,#1769,.T.);
#2392=ORIENTED_EDGE('',*,*,#1768,.T.);
#2393=ORIENTED_EDGE('',*,*,#1648,.F.);
#2394=ORIENTED_EDGE('',*,*,#1638,.F.);
#2395=ORIENTED_EDGE('',*,*,#1755,.F.);
#2396=ORIENTED_EDGE('',*,*,#1517,.T.);
#2397=ORIENTED_EDGE('',*,*,#1524,.T.);
#2398=ORIENTED_EDGE('',*,*,#1769,.F.);
#2399=ORIENTED_EDGE('',*,*,#1754,.T.);
#2400=ORIENTED_EDGE('',*,*,#1761,.F.);
#2401=ORIENTED_EDGE('',*,*,#1763,.T.);
#2402=ORIENTED_EDGE('',*,*,#1765,.F.);
#2403=ORIENTED_EDGE('',*,*,#1767,.F.);
#2404=ORIENTED_EDGE('',*,*,#1555,.T.);
#2405=ORIENTED_EDGE('',*,*,#1583,.T.);
#2406=ORIENTED_EDGE('',*,*,#1590,.T.);
#2407=ORIENTED_EDGE('',*,*,#1770,.F.);
#2408=ORIENTED_EDGE('',*,*,#1771,.T.);
#2409=ORIENTED_EDGE('',*,*,#1772,.F.);
#2410=ORIENTED_EDGE('',*,*,#1771,.F.);
#2411=ORIENTED_EDGE('',*,*,#1773,.F.);
#2412=ORIENTED_EDGE('',*,*,#1774,.T.);
#2413=ORIENTED_EDGE('',*,*,#1775,.F.);
#2414=ORIENTED_EDGE('',*,*,#1774,.F.);
#2415=ORIENTED_EDGE('',*,*,#1776,.F.);
#2416=ORIENTED_EDGE('',*,*,#1777,.T.);
#2417=ORIENTED_EDGE('',*,*,#1778,.F.);
#2418=ORIENTED_EDGE('',*,*,#1777,.F.);
#2419=ORIENTED_EDGE('',*,*,#1779,.F.);
#2420=ORIENTED_EDGE('',*,*,#1780,.T.);
#2421=ORIENTED_EDGE('',*,*,#1781,.F.);
#2422=ORIENTED_EDGE('',*,*,#1780,.F.);
#2423=ORIENTED_EDGE('',*,*,#1782,.F.);
#2424=ORIENTED_EDGE('',*,*,#1783,.T.);
#2425=ORIENTED_EDGE('',*,*,#1784,.F.);
#2426=ORIENTED_EDGE('',*,*,#1785,.F.);
#2427=ORIENTED_EDGE('',*,*,#1786,.F.);
#2428=ORIENTED_EDGE('',*,*,#1785,.T.);
#2429=ORIENTED_EDGE('',*,*,#1787,.F.);
#2430=ORIENTED_EDGE('',*,*,#1788,.F.);
#2431=ORIENTED_EDGE('',*,*,#1789,.F.);
#2432=ORIENTED_EDGE('',*,*,#1788,.T.);
#2433=ORIENTED_EDGE('',*,*,#1790,.F.);
#2434=ORIENTED_EDGE('',*,*,#1791,.F.);
#2435=ORIENTED_EDGE('',*,*,#1792,.F.);
#2436=ORIENTED_EDGE('',*,*,#1791,.T.);
#2437=ORIENTED_EDGE('',*,*,#1793,.F.);
#2438=ORIENTED_EDGE('',*,*,#1783,.F.);
#2439=ORIENTED_EDGE('',*,*,#1794,.F.);
#2440=ORIENTED_EDGE('',*,*,#1758,.F.);
#2441=ORIENTED_EDGE('',*,*,#1795,.F.);
#2442=ORIENTED_EDGE('',*,*,#1796,.F.);
#2443=ORIENTED_EDGE('',*,*,#1797,.F.);
#2444=ORIENTED_EDGE('',*,*,#1796,.T.);
#2445=ORIENTED_EDGE('',*,*,#1798,.F.);
#2446=ORIENTED_EDGE('',*,*,#1799,.F.);
#2447=ORIENTED_EDGE('',*,*,#1800,.F.);
#2448=ORIENTED_EDGE('',*,*,#1799,.T.);
#2449=ORIENTED_EDGE('',*,*,#1801,.F.);
#2450=ORIENTED_EDGE('',*,*,#1802,.F.);
#2451=ORIENTED_EDGE('',*,*,#1803,.F.);
#2452=ORIENTED_EDGE('',*,*,#1802,.T.);
#2453=ORIENTED_EDGE('',*,*,#1804,.F.);
#2454=ORIENTED_EDGE('',*,*,#1805,.F.);
#2455=ORIENTED_EDGE('',*,*,#1806,.F.);
#2456=ORIENTED_EDGE('',*,*,#1805,.T.);
#2457=ORIENTED_EDGE('',*,*,#1807,.F.);
#2458=ORIENTED_EDGE('',*,*,#1808,.F.);
#2459=ORIENTED_EDGE('',*,*,#1809,.F.);
#2460=ORIENTED_EDGE('',*,*,#1808,.T.);
#2461=ORIENTED_EDGE('',*,*,#1810,.F.);
#2462=ORIENTED_EDGE('',*,*,#1811,.F.);
#2463=ORIENTED_EDGE('',*,*,#1812,.F.);
#2464=ORIENTED_EDGE('',*,*,#1811,.T.);
#2465=ORIENTED_EDGE('',*,*,#1813,.F.);
#2466=ORIENTED_EDGE('',*,*,#1814,.F.);
#2467=ORIENTED_EDGE('',*,*,#1815,.F.);
#2468=ORIENTED_EDGE('',*,*,#1814,.T.);
#2469=ORIENTED_EDGE('',*,*,#1816,.F.);
#2470=ORIENTED_EDGE('',*,*,#1817,.F.);
#2471=ORIENTED_EDGE('',*,*,#1818,.F.);
#2472=ORIENTED_EDGE('',*,*,#1817,.T.);
#2473=ORIENTED_EDGE('',*,*,#1819,.T.);
#2474=ORIENTED_EDGE('',*,*,#1760,.F.);
#2475=ORIENTED_EDGE('',*,*,#1794,.T.);
#2476=ORIENTED_EDGE('',*,*,#1797,.T.);
#2477=ORIENTED_EDGE('',*,*,#1800,.T.);
#2478=ORIENTED_EDGE('',*,*,#1803,.T.);
#2479=ORIENTED_EDGE('',*,*,#1806,.T.);
#2480=ORIENTED_EDGE('',*,*,#1809,.T.);
#2481=ORIENTED_EDGE('',*,*,#1812,.T.);
#2482=ORIENTED_EDGE('',*,*,#1815,.T.);
#2483=ORIENTED_EDGE('',*,*,#1818,.T.);
#2484=ORIENTED_EDGE('',*,*,#1759,.F.);
#2485=ORIENTED_EDGE('',*,*,#1792,.T.);
#2486=ORIENTED_EDGE('',*,*,#1782,.T.);
#2487=ORIENTED_EDGE('',*,*,#1786,.T.);
#2488=ORIENTED_EDGE('',*,*,#1789,.T.);
#2489=ORIENTED_EDGE('',*,*,#1781,.T.);
#2490=ORIENTED_EDGE('',*,*,#1778,.T.);
#2491=ORIENTED_EDGE('',*,*,#1775,.T.);
#2492=ORIENTED_EDGE('',*,*,#1772,.T.);
#2493=ORIENTED_EDGE('',*,*,#1819,.F.);
#2494=ORIENTED_EDGE('',*,*,#1816,.T.);
#2495=ORIENTED_EDGE('',*,*,#1813,.T.);
#2496=ORIENTED_EDGE('',*,*,#1810,.T.);
#2497=ORIENTED_EDGE('',*,*,#1807,.T.);
#2498=ORIENTED_EDGE('',*,*,#1804,.T.);
#2499=ORIENTED_EDGE('',*,*,#1801,.T.);
#2500=ORIENTED_EDGE('',*,*,#1798,.T.);
#2501=ORIENTED_EDGE('',*,*,#1795,.T.);
#2502=ORIENTED_EDGE('',*,*,#1757,.F.);
#2503=ORIENTED_EDGE('',*,*,#1793,.T.);
#2504=ORIENTED_EDGE('',*,*,#1790,.T.);
#2505=ORIENTED_EDGE('',*,*,#1787,.T.);
#2506=ORIENTED_EDGE('',*,*,#1784,.T.);
#2507=ORIENTED_EDGE('',*,*,#1779,.T.);
#2508=ORIENTED_EDGE('',*,*,#1776,.T.);
#2509=ORIENTED_EDGE('',*,*,#1773,.T.);
#2510=ORIENTED_EDGE('',*,*,#1770,.T.);
#2511=ORIENTED_EDGE('',*,*,#1820,.F.);
#2512=ORIENTED_EDGE('',*,*,#1821,.F.);
#2513=ORIENTED_EDGE('',*,*,#1687,.T.);
#2514=ORIENTED_EDGE('',*,*,#1822,.T.);
#2515=ORIENTED_EDGE('',*,*,#1823,.F.);
#2516=ORIENTED_EDGE('',*,*,#1824,.F.);
#2517=ORIENTED_EDGE('',*,*,#1753,.T.);
#2518=ORIENTED_EDGE('',*,*,#1821,.T.);
#2519=ORIENTED_EDGE('',*,*,#1825,.F.);
#2520=ORIENTED_EDGE('',*,*,#1822,.F.);
#2521=ORIENTED_EDGE('',*,*,#1750,.T.);
#2522=ORIENTED_EDGE('',*,*,#1826,.T.);
#2523=ORIENTED_EDGE('',*,*,#1827,.F.);
#2524=ORIENTED_EDGE('',*,*,#1826,.F.);
#2525=ORIENTED_EDGE('',*,*,#1749,.T.);
#2526=ORIENTED_EDGE('',*,*,#1824,.T.);
#2527=ORIENTED_EDGE('',*,*,#1828,.F.);
#2528=ORIENTED_EDGE('',*,*,#1829,.T.);
#2529=ORIENTED_EDGE('',*,*,#1598,.F.);
#2530=ORIENTED_EDGE('',*,*,#1830,.F.);
#2531=ORIENTED_EDGE('',*,*,#1546,.T.);
#2532=ORIENTED_EDGE('',*,*,#1547,.T.);
#2533=ORIENTED_EDGE('',*,*,#1831,.F.);
#2534=ORIENTED_EDGE('',*,*,#1832,.F.);
#2535=ORIENTED_EDGE('',*,*,#1833,.F.);
#2536=ORIENTED_EDGE('',*,*,#1834,.F.);
#2537=ORIENTED_EDGE('',*,*,#1835,.T.);
#2538=ORIENTED_EDGE('',*,*,#1836,.T.);
#2539=ORIENTED_EDGE('',*,*,#1593,.F.);
#2540=ORIENTED_EDGE('',*,*,#1829,.F.);
#2541=ORIENTED_EDGE('',*,*,#1837,.F.);
#2542=ORIENTED_EDGE('',*,*,#1838,.F.);
#2543=ORIENTED_EDGE('',*,*,#1839,.F.);
#2544=ORIENTED_EDGE('',*,*,#1840,.F.);
#2545=ORIENTED_EDGE('',*,*,#1841,.F.);
#2546=ORIENTED_EDGE('',*,*,#1842,.T.);
#2547=ORIENTED_EDGE('',*,*,#1612,.F.);
#2548=ORIENTED_EDGE('',*,*,#1836,.F.);
#2549=ORIENTED_EDGE('',*,*,#1823,.T.);
#2550=ORIENTED_EDGE('',*,*,#1820,.T.);
#2551=ORIENTED_EDGE('',*,*,#1825,.T.);
#2552=ORIENTED_EDGE('',*,*,#1827,.T.);
#2553=ORIENTED_EDGE('',*,*,#1843,.T.);
#2554=ORIENTED_EDGE('',*,*,#1830,.T.);
#2555=ORIENTED_EDGE('',*,*,#1667,.T.);
#2556=ORIENTED_EDGE('',*,*,#1656,.F.);
#2557=ORIENTED_EDGE('',*,*,#1844,.F.);
#2558=ORIENTED_EDGE('',*,*,#1531,.T.);
#2559=ORIENTED_EDGE('',*,*,#1538,.T.);
#2560=ORIENTED_EDGE('',*,*,#1845,.T.);
#2561=ORIENTED_EDGE('',*,*,#1844,.T.);
#2562=ORIENTED_EDGE('',*,*,#1655,.F.);
#2563=ORIENTED_EDGE('',*,*,#1846,.F.);
#2564=ORIENTED_EDGE('',*,*,#1549,.T.);
#2565=ORIENTED_EDGE('',*,*,#1550,.T.);
#2566=ORIENTED_EDGE('',*,*,#1847,.F.);
#2567=ORIENTED_EDGE('',*,*,#1846,.T.);
#2568=ORIENTED_EDGE('',*,*,#1654,.F.);
#2569=ORIENTED_EDGE('',*,*,#1668,.F.);
#2570=ORIENTED_EDGE('',*,*,#1842,.F.);
#2571=ORIENTED_EDGE('',*,*,#1847,.T.);
#2572=ORIENTED_EDGE('',*,*,#1841,.T.);
#2573=ORIENTED_EDGE('',*,*,#1835,.F.);
#2574=ORIENTED_EDGE('',*,*,#1828,.T.);
#2575=ORIENTED_EDGE('',*,*,#1843,.F.);
#2576=ORIENTED_EDGE('',*,*,#1845,.F.);
#2577=ORIENTED_EDGE('',*,*,#1562,.T.);
#2578=ORIENTED_EDGE('',*,*,#1569,.T.);
#2579=ORIENTED_EDGE('',*,*,#1576,.T.);
#2580=ORIENTED_EDGE('',*,*,#1833,.T.);
#2581=ORIENTED_EDGE('',*,*,#1848,.F.);
#2582=ORIENTED_EDGE('',*,*,#1849,.F.);
#2583=ORIENTED_EDGE('',*,*,#1850,.F.);
#2584=ORIENTED_EDGE('',*,*,#1832,.T.);
#2585=ORIENTED_EDGE('',*,*,#1851,.T.);
#2586=ORIENTED_EDGE('',*,*,#1852,.T.);
#2587=ORIENTED_EDGE('',*,*,#1853,.T.);
#2588=ORIENTED_EDGE('',*,*,#1854,.T.);
#2589=ORIENTED_EDGE('',*,*,#1855,.T.);
#2590=ORIENTED_EDGE('',*,*,#1856,.T.);
#2591=ORIENTED_EDGE('',*,*,#1857,.T.);
#2592=ORIENTED_EDGE('',*,*,#1858,.T.);
#2593=ORIENTED_EDGE('',*,*,#1848,.T.);
#2594=ORIENTED_EDGE('',*,*,#1859,.T.);
#2595=ORIENTED_EDGE('',*,*,#1860,.T.);
#2596=ORIENTED_EDGE('',*,*,#1861,.T.);
#2597=ORIENTED_EDGE('',*,*,#1862,.T.);
#2598=ORIENTED_EDGE('',*,*,#1863,.T.);
#2599=ORIENTED_EDGE('',*,*,#1864,.T.);
#2600=ORIENTED_EDGE('',*,*,#1865,.T.);
#2601=ORIENTED_EDGE('',*,*,#1866,.T.);
#2602=ORIENTED_EDGE('',*,*,#1859,.F.);
#2603=ORIENTED_EDGE('',*,*,#1867,.T.);
#2604=ORIENTED_EDGE('',*,*,#1868,.F.);
#2605=ORIENTED_EDGE('',*,*,#1867,.F.);
#2606=ORIENTED_EDGE('',*,*,#1860,.F.);
#2607=ORIENTED_EDGE('',*,*,#1869,.T.);
#2608=ORIENTED_EDGE('',*,*,#1870,.F.);
#2609=ORIENTED_EDGE('',*,*,#1869,.F.);
#2610=ORIENTED_EDGE('',*,*,#1861,.F.);
#2611=ORIENTED_EDGE('',*,*,#1871,.T.);
#2612=ORIENTED_EDGE('',*,*,#1872,.F.);
#2613=ORIENTED_EDGE('',*,*,#1871,.F.);
#2614=ORIENTED_EDGE('',*,*,#1862,.F.);
#2615=ORIENTED_EDGE('',*,*,#1873,.T.);
#2616=ORIENTED_EDGE('',*,*,#1874,.F.);
#2617=ORIENTED_EDGE('',*,*,#1873,.F.);
#2618=ORIENTED_EDGE('',*,*,#1875,.F.);
#2619=ORIENTED_EDGE('',*,*,#1876,.T.);
#2620=ORIENTED_EDGE('',*,*,#1866,.F.);
#2621=ORIENTED_EDGE('',*,*,#1877,.F.);
#2622=ORIENTED_EDGE('',*,*,#1878,.F.);
#2623=ORIENTED_EDGE('',*,*,#1877,.T.);
#2624=ORIENTED_EDGE('',*,*,#1865,.F.);
#2625=ORIENTED_EDGE('',*,*,#1879,.F.);
#2626=ORIENTED_EDGE('',*,*,#1880,.F.);
#2627=ORIENTED_EDGE('',*,*,#1879,.T.);
#2628=ORIENTED_EDGE('',*,*,#1864,.F.);
#2629=ORIENTED_EDGE('',*,*,#1881,.F.);
#2630=ORIENTED_EDGE('',*,*,#1882,.F.);
#2631=ORIENTED_EDGE('',*,*,#1881,.T.);
#2632=ORIENTED_EDGE('',*,*,#1863,.F.);
#2633=ORIENTED_EDGE('',*,*,#1876,.F.);
#2634=ORIENTED_EDGE('',*,*,#1883,.F.);
#2635=ORIENTED_EDGE('',*,*,#1849,.T.);
#2636=ORIENTED_EDGE('',*,*,#1858,.F.);
#2637=ORIENTED_EDGE('',*,*,#1884,.F.);
#2638=ORIENTED_EDGE('',*,*,#1885,.F.);
#2639=ORIENTED_EDGE('',*,*,#1884,.T.);
#2640=ORIENTED_EDGE('',*,*,#1857,.F.);
#2641=ORIENTED_EDGE('',*,*,#1886,.F.);
#2642=ORIENTED_EDGE('',*,*,#1887,.F.);
#2643=ORIENTED_EDGE('',*,*,#1886,.T.);
#2644=ORIENTED_EDGE('',*,*,#1856,.F.);
#2645=ORIENTED_EDGE('',*,*,#1888,.F.);
#2646=ORIENTED_EDGE('',*,*,#1889,.F.);
#2647=ORIENTED_EDGE('',*,*,#1888,.T.);
#2648=ORIENTED_EDGE('',*,*,#1855,.F.);
#2649=ORIENTED_EDGE('',*,*,#1890,.F.);
#2650=ORIENTED_EDGE('',*,*,#1891,.F.);
#2651=ORIENTED_EDGE('',*,*,#1890,.T.);
#2652=ORIENTED_EDGE('',*,*,#1854,.F.);
#2653=ORIENTED_EDGE('',*,*,#1892,.F.);
#2654=ORIENTED_EDGE('',*,*,#1893,.F.);
#2655=ORIENTED_EDGE('',*,*,#1892,.T.);
#2656=ORIENTED_EDGE('',*,*,#1853,.F.);
#2657=ORIENTED_EDGE('',*,*,#1894,.F.);
#2658=ORIENTED_EDGE('',*,*,#1895,.F.);
#2659=ORIENTED_EDGE('',*,*,#1894,.T.);
#2660=ORIENTED_EDGE('',*,*,#1852,.F.);
#2661=ORIENTED_EDGE('',*,*,#1896,.F.);
#2662=ORIENTED_EDGE('',*,*,#1831,.T.);
#2663=ORIENTED_EDGE('',*,*,#1897,.F.);
#2664=ORIENTED_EDGE('',*,*,#1896,.T.);
#2665=ORIENTED_EDGE('',*,*,#1851,.F.);
#2666=ORIENTED_EDGE('',*,*,#1834,.T.);
#2667=ORIENTED_EDGE('',*,*,#1850,.T.);
#2668=ORIENTED_EDGE('',*,*,#1883,.T.);
#2669=ORIENTED_EDGE('',*,*,#1885,.T.);
#2670=ORIENTED_EDGE('',*,*,#1887,.T.);
#2671=ORIENTED_EDGE('',*,*,#1889,.T.);
#2672=ORIENTED_EDGE('',*,*,#1891,.T.);
#2673=ORIENTED_EDGE('',*,*,#1893,.T.);
#2674=ORIENTED_EDGE('',*,*,#1895,.T.);
#2675=ORIENTED_EDGE('',*,*,#1897,.T.);
#2676=ORIENTED_EDGE('',*,*,#1882,.T.);
#2677=ORIENTED_EDGE('',*,*,#1875,.T.);
#2678=ORIENTED_EDGE('',*,*,#1878,.T.);
#2679=ORIENTED_EDGE('',*,*,#1880,.T.);
#2680=ORIENTED_EDGE('',*,*,#1874,.T.);
#2681=ORIENTED_EDGE('',*,*,#1872,.T.);
#2682=ORIENTED_EDGE('',*,*,#1870,.T.);
#2683=ORIENTED_EDGE('',*,*,#1868,.T.);
#2684=ORIENTED_EDGE('',*,*,#1837,.T.);
#2685=ORIENTED_EDGE('',*,*,#1898,.T.);
#2686=ORIENTED_EDGE('',*,*,#1689,.F.);
#2687=ORIENTED_EDGE('',*,*,#1899,.F.);
#2688=ORIENTED_EDGE('',*,*,#1840,.T.);
#2689=ORIENTED_EDGE('',*,*,#1900,.T.);
#2690=ORIENTED_EDGE('',*,*,#1751,.F.);
#2691=ORIENTED_EDGE('',*,*,#1898,.F.);
#2692=ORIENTED_EDGE('',*,*,#1839,.T.);
#2693=ORIENTED_EDGE('',*,*,#1901,.T.);
#2694=ORIENTED_EDGE('',*,*,#1727,.F.);
#2695=ORIENTED_EDGE('',*,*,#1900,.F.);
#2696=ORIENTED_EDGE('',*,*,#1838,.T.);
#2697=ORIENTED_EDGE('',*,*,#1899,.T.);
#2698=ORIENTED_EDGE('',*,*,#1752,.F.);
#2699=ORIENTED_EDGE('',*,*,#1901,.F.);
#2700=ORIENTED_EDGE('',*,*,#1902,.F.);
#2701=ORIENTED_EDGE('',*,*,#1903,.T.);
#2702=ORIENTED_EDGE('',*,*,#1903,.F.);
#2703=ORIENTED_EDGE('',*,*,#1510,.F.);
#2704=ORIENTED_EDGE('',*,*,#1904,.T.);
#2705=ORIENTED_EDGE('',*,*,#1902,.T.);
#2706=ORIENTED_EDGE('',*,*,#1904,.F.);
#2707=ORIENTED_EDGE('',*,*,#1506,.F.);
#2708=ORIENTED_EDGE('',*,*,#1905,.T.);
#2709=ORIENTED_EDGE('',*,*,#1906,.T.);
#2710=ORIENTED_EDGE('',*,*,#1905,.F.);
#2711=ORIENTED_EDGE('',*,*,#1906,.F.);
#2712=ORIENTED_EDGE('',*,*,#1907,.T.);
#2713=ORIENTED_EDGE('',*,*,#1907,.F.);
#2714=PLANE('',#2980);
#2715=PLANE('',#2985);
#2716=PLANE('',#2992);
#2717=PLANE('',#3000);
#2718=PLANE('',#3008);
#2719=PLANE('',#3016);
#2720=PLANE('',#3026);
#2721=PLANE('',#3034);
#2722=PLANE('',#3042);
#2723=PLANE('',#3050);
#2724=PLANE('',#3058);
#2725=PLANE('',#3066);
#2726=PLANE('',#3072);
#2727=PLANE('',#3077);
#2728=PLANE('',#3082);
#2729=PLANE('',#3089);
#2730=PLANE('',#3094);
#2731=PLANE('',#3096);
#2732=PLANE('',#3101);
#2733=PLANE('',#3103);
#2734=PLANE('',#3108);
#2735=PLANE('',#3110);
#2736=PLANE('',#3112);
#2737=PLANE('',#3115);
#2738=PLANE('',#3123);
#2739=PLANE('',#3125);
#2740=PLANE('',#3126);
#2741=PLANE('',#3128);
#2742=PLANE('',#3129);
#2743=PLANE('',#3131);
#2744=PLANE('',#3132);
#2745=PLANE('',#3133);
#2746=PLANE('',#3134);
#2747=PLANE('',#3135);
#2748=PLANE('',#3136);
#2749=PLANE('',#3137);
#2750=PLANE('',#3150);
#2751=PLANE('',#3151);
#2752=PLANE('',#3152);
#2753=PLANE('',#3153);
#2754=PLANE('',#3154);
#2755=PLANE('',#3158);
#2756=PLANE('',#3159);
#2757=PLANE('',#3160);
#2758=PLANE('',#3164);
#2759=PLANE('',#3165);
#2760=PLANE('',#3166);
#2761=PLANE('',#3167);
#2762=PLANE('',#3172);
#2763=PLANE('',#3175);
#2764=PLANE('',#3178);
#2765=PLANE('',#3179);
#2766=PLANE('',#3192);
#2767=PLANE('',#3193);
#2768=PLANE('',#3194);
#2769=PLANE('',#3195);
#2770=PLANE('',#3196);
#2771=PLANE('',#3197);
#2772=PLANE('',#3201);
#2773=PLANE('',#3202);
#2774=PLANE('',#3203);
#2775=PLANE('',#3207);
#2776=PLANE('',#3208);
#2777=PLANE('',#3209);
#2778=PLANE('',#3210);
#2779=PLANE('',#3211);
#2780=PLANE('',#3212);
#2781=PLANE('',#3217);
#2782=PLANE('',#3220);
#2783=PLANE('',#3223);
#2784=PLANE('',#3224);
#2785=PLANE('',#3225);
#2786=PLANE('',#3226);
#2787=PLANE('',#3241);
#2788=PLANE('',#3242);
#2789=PLANE('',#3243);
#2790=PLANE('',#3244);
#2791=PLANE('',#3245);
#2792=PLANE('',#3248);
#2793=PLANE('',#3249);
#2794=PLANE('',#3250);
#2795=PLANE('',#3253);
#2796=PLANE('',#3254);
#2797=PLANE('',#3255);
#2798=PLANE('',#3256);
#2799=PLANE('',#3257);
#2800=ADVANCED_FACE('',(#708,#635),#2714,.F.);
#2801=ADVANCED_FACE('',(#709),#575,.F.);
#2802=ADVANCED_FACE('',(#710,#636),#2715,.F.);
#2803=ADVANCED_FACE('',(#711),#576,.F.);
#2804=ADVANCED_FACE('',(#712),#37,.F.);
#2805=ADVANCED_FACE('',(#713,#637),#2716,.F.);
#2806=ADVANCED_FACE('',(#714),#577,.F.);
#2807=ADVANCED_FACE('',(#715),#578,.F.);
#2808=ADVANCED_FACE('',(#716),#38,.F.);
#2809=ADVANCED_FACE('',(#717,#638),#2717,.F.);
#2810=ADVANCED_FACE('',(#718),#579,.F.);
#2811=ADVANCED_FACE('',(#719),#580,.F.);
#2812=ADVANCED_FACE('',(#720),#39,.F.);
#2813=ADVANCED_FACE('',(#721,#639),#2718,.F.);
#2814=ADVANCED_FACE('',(#722),#581,.F.);
#2815=ADVANCED_FACE('',(#723),#582,.F.);
#2816=ADVANCED_FACE('',(#724),#40,.F.);
#2817=ADVANCED_FACE('',(#725,#640),#2719,.F.);
#2818=ADVANCED_FACE('',(#726),#583,.F.);
#2819=ADVANCED_FACE('',(#727),#584,.F.);
#2820=ADVANCED_FACE('',(#728),#585,.F.);
#2821=ADVANCED_FACE('',(#729),#586,.F.);
#2822=ADVANCED_FACE('',(#730),#41,.F.);
#2823=ADVANCED_FACE('',(#731,#641),#2720,.F.);
#2824=ADVANCED_FACE('',(#732),#587,.F.);
#2825=ADVANCED_FACE('',(#733),#588,.F.);
#2826=ADVANCED_FACE('',(#734),#42,.F.);
#2827=ADVANCED_FACE('',(#735,#642),#2721,.F.);
#2828=ADVANCED_FACE('',(#736),#589,.F.);
#2829=ADVANCED_FACE('',(#737),#590,.F.);
#2830=ADVANCED_FACE('',(#738),#43,.F.);
#2831=ADVANCED_FACE('',(#739,#643),#2722,.F.);
#2832=ADVANCED_FACE('',(#740),#591,.F.);
#2833=ADVANCED_FACE('',(#741),#592,.F.);
#2834=ADVANCED_FACE('',(#742),#44,.F.);
#2835=ADVANCED_FACE('',(#743,#644),#2723,.F.);
#2836=ADVANCED_FACE('',(#744),#593,.F.);
#2837=ADVANCED_FACE('',(#745),#594,.F.);
#2838=ADVANCED_FACE('',(#746),#45,.F.);
#2839=ADVANCED_FACE('',(#747,#645),#2724,.F.);
#2840=ADVANCED_FACE('',(#748),#595,.F.);
#2841=ADVANCED_FACE('',(#749),#596,.F.);
#2842=ADVANCED_FACE('',(#750),#46,.F.);
#2843=ADVANCED_FACE('',(#751,#646),#2725,.F.);
#2844=ADVANCED_FACE('',(#752),#597,.F.);
#2845=ADVANCED_FACE('',(#753),#598,.F.);
#2846=ADVANCED_FACE('',(#754,#647),#2726,.F.);
#2847=ADVANCED_FACE('',(#755,#648),#2727,.F.);
#2848=ADVANCED_FACE('',(#756,#649),#2728,.F.);
#2849=ADVANCED_FACE('',(#757,#650),#2729,.F.);
#2850=ADVANCED_FACE('',(#758),#599,.F.);
#2851=ADVANCED_FACE('',(#759,#651),#2730,.T.);
#2852=ADVANCED_FACE('',(#760,#652),#2731,.F.);
#2853=ADVANCED_FACE('',(#761),#600,.F.);
#2854=ADVANCED_FACE('',(#762,#653),#2732,.T.);
#2855=ADVANCED_FACE('',(#763,#654),#2733,.F.);
#2856=ADVANCED_FACE('',(#764),#601,.F.);
#2857=ADVANCED_FACE('',(#765,#655),#2734,.T.);
#2858=ADVANCED_FACE('',(#766),#2735,.T.);
#2859=ADVANCED_FACE('',(#767),#602,.F.);
#2860=ADVANCED_FACE('',(#768),#2736,.T.);
#2861=ADVANCED_FACE('',(#769),#603,.T.);
#2862=ADVANCED_FACE('',(#770,#656,#657),#2737,.T.);
#2863=ADVANCED_FACE('',(#771),#604,.F.);
#2864=ADVANCED_FACE('',(#772),#605,.F.);
#2865=ADVANCED_FACE('',(#773),#2738,.T.);
#2866=ADVANCED_FACE('',(#774),#606,.T.);
#2867=ADVANCED_FACE('',(#775),#2739,.T.);
#2868=ADVANCED_FACE('',(#776),#2740,.T.);
#2869=ADVANCED_FACE('',(#777),#607,.T.);
#2870=ADVANCED_FACE('',(#778),#2741,.T.);
#2871=ADVANCED_FACE('',(#779),#2742,.T.);
#2872=ADVANCED_FACE('',(#780),#608,.T.);
#2873=ADVANCED_FACE('',(#781),#2743,.T.);
#2874=ADVANCED_FACE('',(#782),#2744,.T.);
#2875=ADVANCED_FACE('',(#783),#15,.T.);
#2876=ADVANCED_FACE('',(#784),#2745,.T.);
#2877=ADVANCED_FACE('',(#785),#16,.T.);
#2878=ADVANCED_FACE('',(#786),#2746,.T.);
#2879=ADVANCED_FACE('',(#787),#2747,.T.);
#2880=ADVANCED_FACE('',(#788),#17,.F.);
#2881=ADVANCED_FACE('',(#789),#2748,.F.);
#2882=ADVANCED_FACE('',(#790),#18,.F.);
#2883=ADVANCED_FACE('',(#791),#2749,.F.);
#2884=ADVANCED_FACE('',(#792),#609,.F.);
#2885=ADVANCED_FACE('',(#793),#610,.F.);
#2886=ADVANCED_FACE('',(#794),#611,.F.);
#2887=ADVANCED_FACE('',(#795),#612,.F.);
#2888=ADVANCED_FACE('',(#796),#2750,.T.);
#2889=ADVANCED_FACE('',(#797),#2751,.T.);
#2890=ADVANCED_FACE('',(#798),#2752,.T.);
#2891=ADVANCED_FACE('',(#799),#2753,.T.);
#2892=ADVANCED_FACE('',(#800),#2754,.T.);
#2893=ADVANCED_FACE('',(#801),#613,.T.);
#2894=ADVANCED_FACE('',(#802),#2755,.T.);
#2895=ADVANCED_FACE('',(#803),#2756,.T.);
#2896=ADVANCED_FACE('',(#804),#2757,.T.);
#2897=ADVANCED_FACE('',(#805),#614,.T.);
#2898=ADVANCED_FACE('',(#806),#2758,.T.);
#2899=ADVANCED_FACE('',(#807),#2759,.T.);
#2900=ADVANCED_FACE('',(#808,#658,#659,#660,#661,#662),#2760,.F.);
#2901=ADVANCED_FACE('',(#809,#663,#664,#665,#666,#667),#2761,.T.);
#2902=ADVANCED_FACE('',(#810,#668,#669),#615,.F.);
#2903=ADVANCED_FACE('',(#811,#670),#2762,.T.);
#2904=ADVANCED_FACE('',(#812,#671),#616,.F.);
#2905=ADVANCED_FACE('',(#813),#2763,.T.);
#2906=ADVANCED_FACE('',(#814,#672),#617,.T.);
#2907=ADVANCED_FACE('',(#815,#673,#674),#2764,.T.);
#2908=ADVANCED_FACE('',(#816,#675,#676,#677),#2765,.F.);
#2909=ADVANCED_FACE('',(#817),#618,.F.);
#2910=ADVANCED_FACE('',(#818),#619,.F.);
#2911=ADVANCED_FACE('',(#819),#620,.F.);
#2912=ADVANCED_FACE('',(#820),#621,.F.);
#2913=ADVANCED_FACE('',(#821),#2766,.T.);
#2914=ADVANCED_FACE('',(#822),#2767,.T.);
#2915=ADVANCED_FACE('',(#823),#2768,.T.);
#2916=ADVANCED_FACE('',(#824),#2769,.T.);
#2917=ADVANCED_FACE('',(#825),#2770,.T.);
#2918=ADVANCED_FACE('',(#826),#2771,.T.);
#2919=ADVANCED_FACE('',(#827),#622,.T.);
#2920=ADVANCED_FACE('',(#828),#2772,.T.);
#2921=ADVANCED_FACE('',(#829),#2773,.T.);
#2922=ADVANCED_FACE('',(#830),#2774,.T.);
#2923=ADVANCED_FACE('',(#831),#623,.T.);
#2924=ADVANCED_FACE('',(#832),#2775,.T.);
#2925=ADVANCED_FACE('',(#833),#2776,.T.);
#2926=ADVANCED_FACE('',(#834,#678,#679,#680,#681,#682),#2777,.F.);
#2927=ADVANCED_FACE('',(#835,#683,#684,#685,#686,#687),#2778,.T.);
#2928=ADVANCED_FACE('',(#836),#2779,.T.);
#2929=ADVANCED_FACE('',(#837),#19,.T.);
#2930=ADVANCED_FACE('',(#838),#20,.T.);
#2931=ADVANCED_FACE('',(#839),#2780,.T.);
#2932=ADVANCED_FACE('',(#840,#688,#689),#624,.F.);
#2933=ADVANCED_FACE('',(#841,#690),#2781,.T.);
#2934=ADVANCED_FACE('',(#842,#691),#625,.F.);
#2935=ADVANCED_FACE('',(#843,#692,#693),#2782,.T.);
#2936=ADVANCED_FACE('',(#844,#694),#626,.T.);
#2937=ADVANCED_FACE('',(#845),#2783,.T.);
#2938=ADVANCED_FACE('',(#846,#695,#696,#697),#2784,.F.);
#2939=ADVANCED_FACE('',(#847),#2785,.T.);
#2940=ADVANCED_FACE('',(#848,#698,#699,#700,#701,#702),#2786,.T.);
#2941=ADVANCED_FACE('',(#849),#627,.F.);
#2942=ADVANCED_FACE('',(#850),#628,.F.);
#2943=ADVANCED_FACE('',(#851),#629,.F.);
#2944=ADVANCED_FACE('',(#852),#630,.F.);
#2945=ADVANCED_FACE('',(#853),#2787,.T.);
#2946=ADVANCED_FACE('',(#854),#2788,.T.);
#2947=ADVANCED_FACE('',(#855),#2789,.T.);
#2948=ADVANCED_FACE('',(#856),#2790,.T.);
#2949=ADVANCED_FACE('',(#857),#2791,.T.);
#2950=ADVANCED_FACE('',(#858),#631,.T.);
#2951=ADVANCED_FACE('',(#859),#2792,.T.);
#2952=ADVANCED_FACE('',(#860),#2793,.T.);
#2953=ADVANCED_FACE('',(#861),#2794,.T.);
#2954=ADVANCED_FACE('',(#862),#632,.T.);
#2955=ADVANCED_FACE('',(#863),#2795,.T.);
#2956=ADVANCED_FACE('',(#864),#2796,.T.);
#2957=ADVANCED_FACE('',(#865,#703,#704,#705,#706,#707),#2797,.F.);
#2958=ADVANCED_FACE('',(#866),#2798,.T.);
#2959=ADVANCED_FACE('',(#867),#21,.T.);
#2960=ADVANCED_FACE('',(#868),#2799,.T.);
#2961=ADVANCED_FACE('',(#869),#22,.T.);
#2962=ADVANCED_FACE('',(#870),#47,.F.);
#2963=ADVANCED_FACE('',(#871),#633,.F.);
#2964=ADVANCED_FACE('',(#872),#634,.F.);
#2965=ADVANCED_FACE('',(#873),#48,.F.);
#2966=CLOSED_SHELL('',(#2800,#2801,#2802,#2803,#2804,#2805,#2806,#2807,
#2808,#2809,#2810,#2811,#2812,#2813,#2814,#2815,#2816,#2817,#2818,#2819,
#2820,#2821,#2822,#2823,#2824,#2825,#2826,#2827,#2828,#2829,#2830,#2831,
#2832,#2833,#2834,#2835,#2836,#2837,#2838,#2839,#2840,#2841,#2842,#2843,
#2844,#2845,#2846,#2847,#2848,#2849,#2850,#2851,#2852,#2853,#2854,#2855,
#2856,#2857,#2858,#2859,#2860,#2861,#2862,#2863,#2864,#2865,#2866,#2867,
#2868,#2869,#2870,#2871,#2872,#2873,#2874,#2875,#2876,#2877,#2878,#2879,
#2880,#2881,#2882,#2883,#2884,#2885,#2886,#2887,#2888,#2889,#2890,#2891,
#2892,#2893,#2894,#2895,#2896,#2897,#2898,#2899,#2900,#2901,#2902,#2903,
#2904,#2905,#2906,#2907,#2908,#2909,#2910,#2911,#2912,#2913,#2914,#2915,
#2916,#2917,#2918,#2919,#2920,#2921,#2922,#2923,#2924,#2925,#2926,#2927,
#2928,#2929,#2930,#2931,#2932,#2933,#2934,#2935,#2936,#2937,#2938,#2939,
#2940,#2941,#2942,#2943,#2944,#2945,#2946,#2947,#2948,#2949,#2950,#2951,
#2952,#2953,#2954,#2955,#2956,#2957,#2958,#2959,#2960,#2961,#2962,#2963,
#2964,#2965));
#2967=DERIVED_UNIT_ELEMENT(#2969,1.);
#2968=DERIVED_UNIT_ELEMENT(#5228,-3.);
#2969=(
MASS_UNIT()
NAMED_UNIT(*)
SI_UNIT(.KILO.,.GRAM.)
);
#2970=DERIVED_UNIT((#2967,#2968));
#2971=MEASURE_REPRESENTATION_ITEM('density measure',
POSITIVE_RATIO_MEASURE(7850.),#2970);
#2972=PROPERTY_DEFINITION_REPRESENTATION(#2977,#2974);
#2973=PROPERTY_DEFINITION_REPRESENTATION(#2978,#2975);
#2974=REPRESENTATION('material name',(#2976),#5225);
#2975=REPRESENTATION('density',(#2971),#5225);
#2976=DESCRIPTIVE_REPRESENTATION_ITEM('Steel','Steel');
#2977=PROPERTY_DEFINITION('material property','material name',#5235);
#2978=PROPERTY_DEFINITION('material property','density of part',#5235);
#2979=AXIS2_PLACEMENT_3D('',#4097,#3264,#3265);
#2980=AXIS2_PLACEMENT_3D('',#4098,#3266,#3267);
#2981=AXIS2_PLACEMENT_3D('',#4100,#3268,#3269);
#2982=AXIS2_PLACEMENT_3D('',#4102,#3270,#3271);
#2983=AXIS2_PLACEMENT_3D('',#4103,#3272,#3273);
#2984=AXIS2_PLACEMENT_3D('',#4105,#3274,#3275);
#2985=AXIS2_PLACEMENT_3D('',#4107,#3277,#3278);
#2986=AXIS2_PLACEMENT_3D('',#4109,#3279,#3280);
#2987=AXIS2_PLACEMENT_3D('',#4111,#3281,#3282);
#2988=AXIS2_PLACEMENT_3D('',#4112,#3283,#3284);
#2989=AXIS2_PLACEMENT_3D('',#4114,#3285,#3286);
#2990=AXIS2_PLACEMENT_3D('',#4116,#3288,#3289);
#2991=AXIS2_PLACEMENT_3D('',#4118,#3290,#3291);
#2992=AXIS2_PLACEMENT_3D('',#4121,#3293,#3294);
#2993=AXIS2_PLACEMENT_3D('',#4123,#3295,#3296);
#2994=AXIS2_PLACEMENT_3D('',#4125,#3297,#3298);
#2995=AXIS2_PLACEMENT_3D('',#4126,#3299,#3300);
#2996=AXIS2_PLACEMENT_3D('',#4128,#3301,#3302);
#2997=AXIS2_PLACEMENT_3D('',#4130,#3304,#3305);
#2998=AXIS2_PLACEMENT_3D('',#4132,#3307,#3308);
#2999=AXIS2_PLACEMENT_3D('',#4134,#3309,#3310);
#3000=AXIS2_PLACEMENT_3D('',#4137,#3312,#3313);
#3001=AXIS2_PLACEMENT_3D('',#4139,#3314,#3315);
#3002=AXIS2_PLACEMENT_3D('',#4141,#3316,#3317);
#3003=AXIS2_PLACEMENT_3D('',#4142,#3318,#3319);
#3004=AXIS2_PLACEMENT_3D('',#4144,#3320,#3321);
#3005=AXIS2_PLACEMENT_3D('',#4146,#3323,#3324);
#3006=AXIS2_PLACEMENT_3D('',#4148,#3326,#3327);
#3007=AXIS2_PLACEMENT_3D('',#4150,#3328,#3329);
#3008=AXIS2_PLACEMENT_3D('',#4153,#3331,#3332);
#3009=AXIS2_PLACEMENT_3D('',#4155,#3333,#3334);
#3010=AXIS2_PLACEMENT_3D('',#4157,#3335,#3336);
#3011=AXIS2_PLACEMENT_3D('',#4158,#3337,#3338);
#3012=AXIS2_PLACEMENT_3D('',#4160,#3339,#3340);
#3013=AXIS2_PLACEMENT_3D('',#4162,#3342,#3343);
#3014=AXIS2_PLACEMENT_3D('',#4164,#3345,#3346);
#3015=AXIS2_PLACEMENT_3D('',#4166,#3347,#3348);
#3016=AXIS2_PLACEMENT_3D('',#4169,#3350,#3351);
#3017=AXIS2_PLACEMENT_3D('',#4171,#3352,#3353);
#3018=AXIS2_PLACEMENT_3D('',#4173,#3354,#3355);
#3019=AXIS2_PLACEMENT_3D('',#4174,#3356,#3357);
#3020=AXIS2_PLACEMENT_3D('',#4176,#3358,#3359);
#3021=AXIS2_PLACEMENT_3D('',#4178,#3361,#3362);
#3022=AXIS2_PLACEMENT_3D('',#4180,#3364,#3365);
#3023=AXIS2_PLACEMENT_3D('',#4262,#3367,#3368);
#3024=AXIS2_PLACEMENT_3D('',#4344,#3370,#3371);
#3025=AXIS2_PLACEMENT_3D('',#4346,#3372,#3373);
#3026=AXIS2_PLACEMENT_3D('',#4349,#3375,#3376);
#3027=AXIS2_PLACEMENT_3D('',#4351,#3377,#3378);
#3028=AXIS2_PLACEMENT_3D('',#4353,#3379,#3380);
#3029=AXIS2_PLACEMENT_3D('',#4354,#3381,#3382);
#3030=AXIS2_PLACEMENT_3D('',#4356,#3383,#3384);
#3031=AXIS2_PLACEMENT_3D('',#4358,#3386,#3387);
#3032=AXIS2_PLACEMENT_3D('',#4360,#3389,#3390);
#3033=AXIS2_PLACEMENT_3D('',#4362,#3391,#3392);
#3034=AXIS2_PLACEMENT_3D('',#4365,#3394,#3395);
#3035=AXIS2_PLACEMENT_3D('',#4367,#3396,#3397);
#3036=AXIS2_PLACEMENT_3D('',#4369,#3398,#3399);
#3037=AXIS2_PLACEMENT_3D('',#4370,#3400,#3401);
#3038=AXIS2_PLACEMENT_3D('',#4372,#3402,#3403);
#3039=AXIS2_PLACEMENT_3D('',#4374,#3405,#3406);
#3040=AXIS2_PLACEMENT_3D('',#4376,#3408,#3409);
#3041=AXIS2_PLACEMENT_3D('',#4378,#3410,#3411);
#3042=AXIS2_PLACEMENT_3D('',#4381,#3413,#3414);
#3043=AXIS2_PLACEMENT_3D('',#4383,#3415,#3416);
#3044=AXIS2_PLACEMENT_3D('',#4385,#3417,#3418);
#3045=AXIS2_PLACEMENT_3D('',#4386,#3419,#3420);
#3046=AXIS2_PLACEMENT_3D('',#4388,#3421,#3422);
#3047=AXIS2_PLACEMENT_3D('',#4390,#3424,#3425);
#3048=AXIS2_PLACEMENT_3D('',#4392,#3427,#3428);
#3049=AXIS2_PLACEMENT_3D('',#4394,#3429,#3430);
#3050=AXIS2_PLACEMENT_3D('',#4397,#3432,#3433);
#3051=AXIS2_PLACEMENT_3D('',#4399,#3434,#3435);
#3052=AXIS2_PLACEMENT_3D('',#4401,#3436,#3437);
#3053=AXIS2_PLACEMENT_3D('',#4402,#3438,#3439);
#3054=AXIS2_PLACEMENT_3D('',#4404,#3440,#3441);
#3055=AXIS2_PLACEMENT_3D('',#4406,#3443,#3444);
#3056=AXIS2_PLACEMENT_3D('',#4408,#3446,#3447);
#3057=AXIS2_PLACEMENT_3D('',#4410,#3448,#3449);
#3058=AXIS2_PLACEMENT_3D('',#4413,#3451,#3452);
#3059=AXIS2_PLACEMENT_3D('',#4415,#3453,#3454);
#3060=AXIS2_PLACEMENT_3D('',#4417,#3455,#3456);
#3061=AXIS2_PLACEMENT_3D('',#4418,#3457,#3458);
#3062=AXIS2_PLACEMENT_3D('',#4420,#3459,#3460);
#3063=AXIS2_PLACEMENT_3D('',#4422,#3462,#3463);
#3064=AXIS2_PLACEMENT_3D('',#4424,#3465,#3466);
#3065=AXIS2_PLACEMENT_3D('',#4426,#3467,#3468);
#3066=AXIS2_PLACEMENT_3D('',#4429,#3470,#3471);
#3067=AXIS2_PLACEMENT_3D('',#4431,#3472,#3473);
#3068=AXIS2_PLACEMENT_3D('',#4433,#3474,#3475);
#3069=AXIS2_PLACEMENT_3D('',#4434,#3476,#3477);
#3070=AXIS2_PLACEMENT_3D('',#4436,#3478,#3479);
#3071=AXIS2_PLACEMENT_3D('',#4438,#3481,#3482);
#3072=AXIS2_PLACEMENT_3D('',#4440,#3484,#3485);
#3073=AXIS2_PLACEMENT_3D('',#4447,#3488,#3489);
#3074=AXIS2_PLACEMENT_3D('',#4449,#3490,#3491);
#3075=AXIS2_PLACEMENT_3D('',#4452,#3493,#3494);
#3076=AXIS2_PLACEMENT_3D('',#4454,#3495,#3496);
#3077=AXIS2_PLACEMENT_3D('',#4455,#3497,#3498);
#3078=AXIS2_PLACEMENT_3D('',#4460,#3500,#3501);
#3079=AXIS2_PLACEMENT_3D('',#4464,#3503,#3504);
#3080=AXIS2_PLACEMENT_3D('',#4466,#3505,#3506);
#3081=AXIS2_PLACEMENT_3D('',#4469,#3508,#3509);
#3082=AXIS2_PLACEMENT_3D('',#4470,#3510,#3511);
#3083=AXIS2_PLACEMENT_3D('',#4476,#3514,#3515);
#3084=AXIS2_PLACEMENT_3D('',#4478,#3516,#3517);
#3085=AXIS2_PLACEMENT_3D('',#4481,#3519,#3520);
#3086=AXIS2_PLACEMENT_3D('',#4485,#3522,#3523);
#3087=AXIS2_PLACEMENT_3D('',#4490,#3526,#3527);
#3088=AXIS2_PLACEMENT_3D('',#4492,#3528,#3529);
#3089=AXIS2_PLACEMENT_3D('',#4493,#3530,#3531);
#3090=AXIS2_PLACEMENT_3D('',#4495,#3532,#3533);
#3091=AXIS2_PLACEMENT_3D('',#4497,#3534,#3535);
#3092=AXIS2_PLACEMENT_3D('',#4498,#3536,#3537);
#3093=AXIS2_PLACEMENT_3D('',#4500,#3538,#3539);
#3094=AXIS2_PLACEMENT_3D('',#4502,#3541,#3542);
#3095=AXIS2_PLACEMENT_3D('',#4504,#3543,#3544);
#3096=AXIS2_PLACEMENT_3D('',#4505,#3545,#3546);
#3097=AXIS2_PLACEMENT_3D('',#4507,#3547,#3548);
#3098=AXIS2_PLACEMENT_3D('',#4509,#3549,#3550);
#3099=AXIS2_PLACEMENT_3D('',#4510,#3551,#3552);
#3100=AXIS2_PLACEMENT_3D('',#4512,#3553,#3554);
#3101=AXIS2_PLACEMENT_3D('',#4514,#3556,#3557);
#3102=AXIS2_PLACEMENT_3D('',#4516,#3558,#3559);
#3103=AXIS2_PLACEMENT_3D('',#4517,#3560,#3561);
#3104=AXIS2_PLACEMENT_3D('',#4519,#3562,#3563);
#3105=AXIS2_PLACEMENT_3D('',#4521,#3564,#3565);
#3106=AXIS2_PLACEMENT_3D('',#4522,#3566,#3567);
#3107=AXIS2_PLACEMENT_3D('',#4524,#3568,#3569);
#3108=AXIS2_PLACEMENT_3D('',#4526,#3571,#3572);
#3109=AXIS2_PLACEMENT_3D('',#4528,#3573,#3574);
#3110=AXIS2_PLACEMENT_3D('',#4529,#3575,#3576);
#3111=AXIS2_PLACEMENT_3D('',#4535,#3580,#3581);
#3112=AXIS2_PLACEMENT_3D('',#4537,#3583,#3584);
#3113=AXIS2_PLACEMENT_3D('',#4543,#3588,#3589);
#3114=AXIS2_PLACEMENT_3D('',#4545,#3591,#3592);
#3115=AXIS2_PLACEMENT_3D('',#4546,#3593,#3594);
#3116=AXIS2_PLACEMENT_3D('',#4549,#3595,#3596);
#3117=AXIS2_PLACEMENT_3D('',#4555,#3599,#3600);
#3118=AXIS2_PLACEMENT_3D('',#4560,#3603,#3604);
#3119=AXIS2_PLACEMENT_3D('',#4566,#3607,#3608);
#3120=AXIS2_PLACEMENT_3D('',#4572,#3611,#3612);
#3121=AXIS2_PLACEMENT_3D('',#4576,#3615,#3616);
#3122=AXIS2_PLACEMENT_3D('',#4578,#3618,#3619);
#3123=AXIS2_PLACEMENT_3D('',#4580,#3621,#3622);
#3124=AXIS2_PLACEMENT_3D('',#4582,#3624,#3625);
#3125=AXIS2_PLACEMENT_3D('',#4585,#3628,#3629);
#3126=AXIS2_PLACEMENT_3D('',#4587,#3631,#3632);
#3127=AXIS2_PLACEMENT_3D('',#4589,#3634,#3635);
#3128=AXIS2_PLACEMENT_3D('',#4592,#3638,#3639);
#3129=AXIS2_PLACEMENT_3D('',#4594,#3641,#3642);
#3130=AXIS2_PLACEMENT_3D('',#4597,#3645,#3646);
#3131=AXIS2_PLACEMENT_3D('',#4599,#3648,#3649);
#3132=AXIS2_PLACEMENT_3D('',#4601,#3651,#3652);
#3133=AXIS2_PLACEMENT_3D('',#4636,#3659,#3660);
#3134=AXIS2_PLACEMENT_3D('',#4665,#3665,#3666);
#3135=AXIS2_PLACEMENT_3D('',#4671,#3670,#3671);
#3136=AXIS2_PLACEMENT_3D('',#4706,#3679,#3680);
#3137=AXIS2_PLACEMENT_3D('',#4734,#3685,#3686);
#3138=AXIS2_PLACEMENT_3D('',#4737,#3689,#3690);
#3139=AXIS2_PLACEMENT_3D('',#4739,#3691,#3692);
#3140=AXIS2_PLACEMENT_3D('',#4742,#3694,#3695);
#3141=AXIS2_PLACEMENT_3D('',#4743,#3696,#3697);
#3142=AXIS2_PLACEMENT_3D('',#4745,#3698,#3699);
#3143=AXIS2_PLACEMENT_3D('',#4748,#3701,#3702);
#3144=AXIS2_PLACEMENT_3D('',#4749,#3703,#3704);
#3145=AXIS2_PLACEMENT_3D('',#4751,#3705,#3706);
#3146=AXIS2_PLACEMENT_3D('',#4754,#3708,#3709);
#3147=AXIS2_PLACEMENT_3D('',#4755,#3710,#3711);
#3148=AXIS2_PLACEMENT_3D('',#4757,#3712,#3713);
#3149=AXIS2_PLACEMENT_3D('',#4760,#3715,#3716);
#3150=AXIS2_PLACEMENT_3D('',#4761,#3717,#3718);
#3151=AXIS2_PLACEMENT_3D('',#4770,#3723,#3724);
#3152=AXIS2_PLACEMENT_3D('',#4776,#3728,#3729);
#3153=AXIS2_PLACEMENT_3D('',#4782,#3733,#3734);
#3154=AXIS2_PLACEMENT_3D('',#4785,#3737,#3738);
#3155=AXIS2_PLACEMENT_3D('',#4794,#3743,#3744);
#3156=AXIS2_PLACEMENT_3D('',#4796,#3745,#3746);
#3157=AXIS2_PLACEMENT_3D('',#4798,#3747,#3748);
#3158=AXIS2_PLACEMENT_3D('',#4800,#3750,#3751);
#3159=AXIS2_PLACEMENT_3D('',#4806,#3755,#3756);
#3160=AXIS2_PLACEMENT_3D('',#4812,#3760,#3761);
#3161=AXIS2_PLACEMENT_3D('',#4818,#3765,#3766);
#3162=AXIS2_PLACEMENT_3D('',#4820,#3767,#3768);
#3163=AXIS2_PLACEMENT_3D('',#4822,#3769,#3770);
#3164=AXIS2_PLACEMENT_3D('',#4824,#3772,#3773);
#3165=AXIS2_PLACEMENT_3D('',#4827,#3776,#3777);
#3166=AXIS2_PLACEMENT_3D('',#4833,#3781,#3782);
#3167=AXIS2_PLACEMENT_3D('',#4836,#3785,#3786);
#3168=AXIS2_PLACEMENT_3D('',#4839,#3789,#3790);
#3169=AXIS2_PLACEMENT_3D('',#4842,#3791,#3792);
#3170=AXIS2_PLACEMENT_3D('',#4847,#3795,#3796);
#3171=AXIS2_PLACEMENT_3D('',#4851,#3798,#3799);
#3172=AXIS2_PLACEMENT_3D('',#4853,#3801,#3802);
#3173=AXIS2_PLACEMENT_3D('',#4857,#3805,#3806);
#3174=AXIS2_PLACEMENT_3D('',#4859,#3807,#3808);
#3175=AXIS2_PLACEMENT_3D('',#4861,#3810,#3811);
#3176=AXIS2_PLACEMENT_3D('',#4865,#3814,#3815);
#3177=AXIS2_PLACEMENT_3D('',#4867,#3816,#3817);
#3178=AXIS2_PLACEMENT_3D('',#4869,#3819,#3820);
#3179=AXIS2_PLACEMENT_3D('',#4871,#3822,#3823);
#3180=AXIS2_PLACEMENT_3D('',#4872,#3824,#3825);
#3181=AXIS2_PLACEMENT_3D('',#4874,#3826,#3827);
#3182=AXIS2_PLACEMENT_3D('',#4877,#3829,#3830);
#3183=AXIS2_PLACEMENT_3D('',#4878,#3831,#3832);
#3184=AXIS2_PLACEMENT_3D('',#4880,#3833,#3834);
#3185=AXIS2_PLACEMENT_3D('',#4883,#3836,#3837);
#3186=AXIS2_PLACEMENT_3D('',#4884,#3838,#3839);
#3187=AXIS2_PLACEMENT_3D('',#4886,#3840,#3841);
#3188=AXIS2_PLACEMENT_3D('',#4889,#3843,#3844);
#3189=AXIS2_PLACEMENT_3D('',#4890,#3845,#3846);
#3190=AXIS2_PLACEMENT_3D('',#4892,#3847,#3848);
#3191=AXIS2_PLACEMENT_3D('',#4895,#3850,#3851);
#3192=AXIS2_PLACEMENT_3D('',#4896,#3852,#3853);
#3193=AXIS2_PLACEMENT_3D('',#4905,#3858,#3859);
#3194=AXIS2_PLACEMENT_3D('',#4911,#3863,#3864);
#3195=AXIS2_PLACEMENT_3D('',#4917,#3868,#3869);
#3196=AXIS2_PLACEMENT_3D('',#4920,#3872,#3873);
#3197=AXIS2_PLACEMENT_3D('',#4926,#3877,#3878);
#3198=AXIS2_PLACEMENT_3D('',#4932,#3882,#3883);
#3199=AXIS2_PLACEMENT_3D('',#4934,#3884,#3885);
#3200=AXIS2_PLACEMENT_3D('',#4936,#3886,#3887);
#3201=AXIS2_PLACEMENT_3D('',#4938,#3889,#3890);
#3202=AXIS2_PLACEMENT_3D('',#4944,#3894,#3895);
#3203=AXIS2_PLACEMENT_3D('',#4950,#3899,#3900);
#3204=AXIS2_PLACEMENT_3D('',#4956,#3904,#3905);
#3205=AXIS2_PLACEMENT_3D('',#4958,#3906,#3907);
#3206=AXIS2_PLACEMENT_3D('',#4960,#3908,#3909);
#3207=AXIS2_PLACEMENT_3D('',#4962,#3911,#3912);
#3208=AXIS2_PLACEMENT_3D('',#4968,#3916,#3917);
#3209=AXIS2_PLACEMENT_3D('',#4971,#3920,#3921);
#3210=AXIS2_PLACEMENT_3D('',#4972,#3922,#3923);
#3211=AXIS2_PLACEMENT_3D('',#4973,#3924,#3925);
#3212=AXIS2_PLACEMENT_3D('',#5027,#3931,#3932);
#3213=AXIS2_PLACEMENT_3D('',#5029,#3934,#3935);
#3214=AXIS2_PLACEMENT_3D('',#5032,#3936,#3937);
#3215=AXIS2_PLACEMENT_3D('',#5039,#3941,#3942);
#3216=AXIS2_PLACEMENT_3D('',#5042,#3944,#3945);
#3217=AXIS2_PLACEMENT_3D('',#5043,#3946,#3947);
#3218=AXIS2_PLACEMENT_3D('',#5055,#3954,#3955);
#3219=AXIS2_PLACEMENT_3D('',#5057,#3956,#3957);
#3220=AXIS2_PLACEMENT_3D('',#5059,#3959,#3960);
#3221=AXIS2_PLACEMENT_3D('',#5063,#3963,#3964);
#3222=AXIS2_PLACEMENT_3D('',#5065,#3965,#3966);
#3223=AXIS2_PLACEMENT_3D('',#5067,#3968,#3969);
#3224=AXIS2_PLACEMENT_3D('',#5069,#3971,#3972);
#3225=AXIS2_PLACEMENT_3D('',#5070,#3973,#3974);
#3226=AXIS2_PLACEMENT_3D('',#5076,#3978,#3979);
#3227=AXIS2_PLACEMENT_3D('',#5082,#3982,#3983);
#3228=AXIS2_PLACEMENT_3D('',#5090,#3987,#3988);
#3229=AXIS2_PLACEMENT_3D('',#5093,#3990,#3991);
#3230=AXIS2_PLACEMENT_3D('',#5095,#3992,#3993);
#3231=AXIS2_PLACEMENT_3D('',#5097,#3994,#3995);
#3232=AXIS2_PLACEMENT_3D('',#5099,#3996,#3997);
#3233=AXIS2_PLACEMENT_3D('',#5108,#4002,#4003);
#3234=AXIS2_PLACEMENT_3D('',#5111,#4005,#4006);
#3235=AXIS2_PLACEMENT_3D('',#5112,#4007,#4008);
#3236=AXIS2_PLACEMENT_3D('',#5115,#4010,#4011);
#3237=AXIS2_PLACEMENT_3D('',#5116,#4012,#4013);
#3238=AXIS2_PLACEMENT_3D('',#5119,#4015,#4016);
#3239=AXIS2_PLACEMENT_3D('',#5120,#4017,#4018);
#3240=AXIS2_PLACEMENT_3D('',#5123,#4020,#4021);
#3241=AXIS2_PLACEMENT_3D('',#5124,#4022,#4023);
#3242=AXIS2_PLACEMENT_3D('',#5130,#4027,#4028);
#3243=AXIS2_PLACEMENT_3D('',#5134,#4031,#4032);
#3244=AXIS2_PLACEMENT_3D('',#5138,#4035,#4036);
#3245=AXIS2_PLACEMENT_3D('',#5140,#4038,#4039);
#3246=AXIS2_PLACEMENT_3D('',#5144,#4042,#4043);
#3247=AXIS2_PLACEMENT_3D('',#5146,#4044,#4045);
#3248=AXIS2_PLACEMENT_3D('',#5148,#4047,#4048);
#3249=AXIS2_PLACEMENT_3D('',#5152,#4051,#4052);
#3250=AXIS2_PLACEMENT_3D('',#5156,#4055,#4056);
#3251=AXIS2_PLACEMENT_3D('',#5160,#4059,#4060);
#3252=AXIS2_PLACEMENT_3D('',#5162,#4061,#4062);
#3253=AXIS2_PLACEMENT_3D('',#5164,#4064,#4065);
#3254=AXIS2_PLACEMENT_3D('',#5168,#4068,#4069);
#3255=AXIS2_PLACEMENT_3D('',#5170,#4071,#4072);
#3256=AXIS2_PLACEMENT_3D('',#5171,#4073,#4074);
#3257=AXIS2_PLACEMENT_3D('',#5191,#4078,#4079);
#3258=AXIS2_PLACEMENT_3D('',#5209,#4081,#4082);
#3259=AXIS2_PLACEMENT_3D('',#5211,#4083,#4084);
#3260=AXIS2_PLACEMENT_3D('',#5214,#4086,#4087);
#3261=AXIS2_PLACEMENT_3D('',#5216,#4089,#4090);
#3262=AXIS2_PLACEMENT_3D('',#5219,#4092,#4093);
#3263=AXIS2_PLACEMENT_3D('',#5220,#4094,#4095);
#3264=DIRECTION('axis',(0.,0.,1.));
#3265=DIRECTION('refdir',(1.,0.,0.));
#3266=DIRECTION('center_axis',(0.,0.,-1.));
#3267=DIRECTION('ref_axis',(1.,0.,0.));
#3268=DIRECTION('center_axis',(0.,0.,-1.));
#3269=DIRECTION('ref_axis',(1.,0.,0.));
#3270=DIRECTION('center_axis',(0.,0.,-1.));
#3271=DIRECTION('ref_axis',(1.,0.,0.));
#3272=DIRECTION('center_axis',(0.,0.,-1.));
#3273=DIRECTION('ref_axis',(1.,0.,0.));
#3274=DIRECTION('center_axis',(0.,0.,-1.));
#3275=DIRECTION('ref_axis',(1.,0.,0.));
#3276=DIRECTION('',(0.,0.,-1.));
#3277=DIRECTION('center_axis',(0.,0.,-1.));
#3278=DIRECTION('ref_axis',(1.,0.,0.));
#3279=DIRECTION('center_axis',(0.,0.,-1.));
#3280=DIRECTION('ref_axis',(1.,0.,0.));
#3281=DIRECTION('center_axis',(0.,0.,-1.));
#3282=DIRECTION('ref_axis',(1.,0.,0.));
#3283=DIRECTION('center_axis',(0.,0.,-1.));
#3284=DIRECTION('ref_axis',(1.,0.,0.));
#3285=DIRECTION('center_axis',(0.,0.,-1.));
#3286=DIRECTION('ref_axis',(1.,0.,0.));
#3287=DIRECTION('',(0.,0.,-1.));
#3288=DIRECTION('center_axis',(-0.363185354751152,0.93171690877341,0.));
#3289=DIRECTION('ref_axis',(0.,0.,1.));
#3290=DIRECTION('center_axis',(0.363185354751152,-0.93171690877341,0.));
#3291=DIRECTION('ref_axis',(0.,0.,1.));
#3292=DIRECTION('',(0.187054285946559,-0.479869683055804,0.857167300702112));
#3293=DIRECTION('center_axis',(0.363185354751152,-0.93171690877341,0.));
#3294=DIRECTION('ref_axis',(0.,0.,1.));
#3295=DIRECTION('center_axis',(0.363185354751152,-0.93171690877341,0.));
#3296=DIRECTION('ref_axis',(0.,0.,1.));
#3297=DIRECTION('center_axis',(0.363185354751152,-0.93171690877341,0.));
#3298=DIRECTION('ref_axis',(0.,0.,1.));
#3299=DIRECTION('center_axis',(0.363185354751152,-0.93171690877341,0.));
#3300=DIRECTION('ref_axis',(0.,0.,1.));
#3301=DIRECTION('center_axis',(0.363185354751152,-0.93171690877341,0.));
#3302=DIRECTION('ref_axis',(0.,0.,1.));
#3303=DIRECTION('',(0.363185354751152,-0.93171690877341,0.));
#3304=DIRECTION('center_axis',(0.363185354751152,-0.93171690877341,0.));
#3305=DIRECTION('ref_axis',(0.,0.,1.));
#3306=DIRECTION('',(0.363185354751152,-0.93171690877341,0.));
#3307=DIRECTION('center_axis',(-0.363185354751152,0.93171690877341,0.));
#3308=DIRECTION('ref_axis',(0.,0.,1.));
#3309=DIRECTION('center_axis',(0.363185354751152,-0.93171690877341,0.));
#3310=DIRECTION('ref_axis',(0.,0.,1.));
#3311=DIRECTION('',(0.187054285946559,-0.479869683055804,0.857167300702112));
#3312=DIRECTION('center_axis',(0.363185354751152,-0.93171690877341,0.));
#3313=DIRECTION('ref_axis',(0.,0.,1.));
#3314=DIRECTION('center_axis',(0.363185354751152,-0.93171690877341,0.));
#3315=DIRECTION('ref_axis',(0.,0.,1.));
#3316=DIRECTION('center_axis',(0.363185354751152,-0.93171690877341,0.));
#3317=DIRECTION('ref_axis',(0.,0.,1.));
#3318=DIRECTION('center_axis',(0.363185354751152,-0.93171690877341,0.));
#3319=DIRECTION('ref_axis',(0.,0.,1.));
#3320=DIRECTION('center_axis',(0.363185354751152,-0.93171690877341,0.));
#3321=DIRECTION('ref_axis',(0.,0.,1.));
#3322=DIRECTION('',(0.363185354751152,-0.93171690877341,0.));
#3323=DIRECTION('center_axis',(0.363185354751152,-0.93171690877341,0.));
#3324=DIRECTION('ref_axis',(0.,0.,1.));
#3325=DIRECTION('',(0.363185354751152,-0.93171690877341,0.));
#3326=DIRECTION('center_axis',(-0.363185354751152,-0.931716908773411,0.));
#3327=DIRECTION('ref_axis',(0.,0.,-1.));
#3328=DIRECTION('center_axis',(0.363185354751152,0.931716908773411,0.));
#3329=DIRECTION('ref_axis',(0.,0.,-1.));
#3330=DIRECTION('',(0.187054285946558,0.479869683055804,-0.857167300702112));
#3331=DIRECTION('center_axis',(0.363185354751152,0.931716908773411,0.));
#3332=DIRECTION('ref_axis',(0.,0.,-1.));
#3333=DIRECTION('center_axis',(0.363185354751152,0.931716908773411,0.));
#3334=DIRECTION('ref_axis',(0.,0.,-1.));
#3335=DIRECTION('center_axis',(0.363185354751152,0.931716908773411,0.));
#3336=DIRECTION('ref_axis',(0.,0.,-1.));
#3337=DIRECTION('center_axis',(0.363185354751152,0.931716908773411,0.));
#3338=DIRECTION('ref_axis',(0.,0.,-1.));
#3339=DIRECTION('center_axis',(0.363185354751152,0.931716908773411,0.));
#3340=DIRECTION('ref_axis',(0.,0.,-1.));
#3341=DIRECTION('',(0.363185354751152,0.931716908773411,0.));
#3342=DIRECTION('center_axis',(0.363185354751152,0.931716908773411,0.));
#3343=DIRECTION('ref_axis',(0.,0.,-1.));
#3344=DIRECTION('',(0.363185354751152,0.93171690877341,0.));
#3345=DIRECTION('center_axis',(-0.363185354751152,-0.931716908773411,0.));
#3346=DIRECTION('ref_axis',(0.,0.,-1.));
#3347=DIRECTION('center_axis',(0.363185354751152,0.931716908773411,0.));
#3348=DIRECTION('ref_axis',(0.,0.,-1.));
#3349=DIRECTION('',(0.187054285946558,0.479869683055804,-0.857167300702112));
#3350=DIRECTION('center_axis',(0.363185354751152,0.931716908773411,0.));
#3351=DIRECTION('ref_axis',(0.,0.,-1.));
#3352=DIRECTION('center_axis',(0.363185354751152,0.931716908773411,0.));
#3353=DIRECTION('ref_axis',(0.,0.,-1.));
#3354=DIRECTION('center_axis',(0.363185354751152,0.931716908773411,0.));
#3355=DIRECTION('ref_axis',(0.,0.,-1.));
#3356=DIRECTION('center_axis',(0.363185354751152,0.931716908773411,0.));
#3357=DIRECTION('ref_axis',(0.,0.,-1.));
#3358=DIRECTION('center_axis',(0.363185354751152,0.931716908773411,0.));
#3359=DIRECTION('ref_axis',(0.,0.,-1.));
#3360=DIRECTION('',(0.363185354751152,0.931716908773411,0.));
#3361=DIRECTION('center_axis',(0.363185354751152,0.931716908773411,0.));
#3362=DIRECTION('ref_axis',(0.,0.,-1.));
#3363=DIRECTION('',(0.363185354751152,0.93171690877341,0.));
#3364=DIRECTION('center_axis',(-1.,0.,0.));
#3365=DIRECTION('ref_axis',(0.,-1.,0.));
#3366=DIRECTION('',(-1.,0.,0.));
#3367=DIRECTION('center_axis',(-1.,0.,0.));
#3368=DIRECTION('ref_axis',(0.,-1.,0.));
#3369=DIRECTION('',(-1.,0.,0.));
#3370=DIRECTION('center_axis',(0.,0.,-1.));
#3371=DIRECTION('ref_axis',(-1.,0.,0.));
#3372=DIRECTION('center_axis',(0.,0.,1.));
#3373=DIRECTION('ref_axis',(-1.,0.,0.));
#3374=DIRECTION('',(-0.857167300702112,-1.04972719113862E-16,0.515038074910054));
#3375=DIRECTION('center_axis',(0.,0.,1.));
#3376=DIRECTION('ref_axis',(-1.,0.,0.));
#3377=DIRECTION('center_axis',(0.,0.,1.));
#3378=DIRECTION('ref_axis',(-1.,0.,0.));
#3379=DIRECTION('center_axis',(0.,0.,1.));
#3380=DIRECTION('ref_axis',(-1.,0.,0.));
#3381=DIRECTION('center_axis',(0.,0.,1.));
#3382=DIRECTION('ref_axis',(-1.,0.,0.));
#3383=DIRECTION('center_axis',(0.,0.,1.));
#3384=DIRECTION('ref_axis',(-1.,0.,0.));
#3385=DIRECTION('',(0.,0.,1.));
#3386=DIRECTION('center_axis',(0.,0.,1.));
#3387=DIRECTION('ref_axis',(-1.,0.,0.));
#3388=DIRECTION('',(0.,0.,1.));
#3389=DIRECTION('center_axis',(0.,0.,-1.));
#3390=DIRECTION('ref_axis',(-1.,0.,0.));
#3391=DIRECTION('center_axis',(0.,0.,1.));
#3392=DIRECTION('ref_axis',(-1.,0.,0.));
#3393=DIRECTION('',(-0.857167300702112,-1.04972719113862E-16,0.515038074910054));
#3394=DIRECTION('center_axis',(0.,0.,1.));
#3395=DIRECTION('ref_axis',(-1.,0.,0.));
#3396=DIRECTION('center_axis',(0.,0.,1.));
#3397=DIRECTION('ref_axis',(-1.,0.,0.));
#3398=DIRECTION('center_axis',(0.,0.,1.));
#3399=DIRECTION('ref_axis',(-1.,0.,0.));
#3400=DIRECTION('center_axis',(0.,0.,1.));
#3401=DIRECTION('ref_axis',(-1.,0.,0.));
#3402=DIRECTION('center_axis',(0.,0.,1.));
#3403=DIRECTION('ref_axis',(-1.,0.,0.));
#3404=DIRECTION('',(0.,0.,1.));
#3405=DIRECTION('center_axis',(0.,0.,1.));
#3406=DIRECTION('ref_axis',(-1.,0.,0.));
#3407=DIRECTION('',(0.,0.,1.));
#3408=DIRECTION('center_axis',(0.,0.,-1.));
#3409=DIRECTION('ref_axis',(-1.,0.,0.));
#3410=DIRECTION('center_axis',(0.,0.,1.));
#3411=DIRECTION('ref_axis',(-1.,0.,0.));
#3412=DIRECTION('',(-0.857167300702112,-1.04972719113862E-16,0.515038074910054));
#3413=DIRECTION('center_axis',(0.,0.,1.));
#3414=DIRECTION('ref_axis',(-1.,0.,0.));
#3415=DIRECTION('center_axis',(0.,0.,1.));
#3416=DIRECTION('ref_axis',(-1.,0.,0.));
#3417=DIRECTION('center_axis',(0.,0.,1.));
#3418=DIRECTION('ref_axis',(-1.,0.,0.));
#3419=DIRECTION('center_axis',(0.,0.,1.));
#3420=DIRECTION('ref_axis',(-1.,0.,0.));
#3421=DIRECTION('center_axis',(0.,0.,1.));
#3422=DIRECTION('ref_axis',(-1.,0.,0.));
#3423=DIRECTION('',(0.,0.,1.));
#3424=DIRECTION('center_axis',(0.,0.,1.));
#3425=DIRECTION('ref_axis',(-1.,0.,0.));
#3426=DIRECTION('',(0.,0.,1.));
#3427=DIRECTION('center_axis',(0.,0.,-1.));
#3428=DIRECTION('ref_axis',(-1.,0.,0.));
#3429=DIRECTION('center_axis',(0.,0.,1.));
#3430=DIRECTION('ref_axis',(-1.,0.,0.));
#3431=DIRECTION('',(-0.857167300702112,-1.04972719113862E-16,0.515038074910054));
#3432=DIRECTION('center_axis',(0.,0.,1.));
#3433=DIRECTION('ref_axis',(-1.,0.,0.));
#3434=DIRECTION('center_axis',(0.,0.,1.));
#3435=DIRECTION('ref_axis',(-1.,0.,0.));
#3436=DIRECTION('center_axis',(0.,0.,1.));
#3437=DIRECTION('ref_axis',(-1.,0.,0.));
#3438=DIRECTION('center_axis',(0.,0.,1.));
#3439=DIRECTION('ref_axis',(-1.,0.,0.));
#3440=DIRECTION('center_axis',(0.,0.,1.));
#3441=DIRECTION('ref_axis',(-1.,0.,0.));
#3442=DIRECTION('',(0.,0.,1.));
#3443=DIRECTION('center_axis',(0.,0.,1.));
#3444=DIRECTION('ref_axis',(-1.,0.,0.));
#3445=DIRECTION('',(0.,0.,1.));
#3446=DIRECTION('center_axis',(0.,0.,-1.));
#3447=DIRECTION('ref_axis',(-1.,0.,0.));
#3448=DIRECTION('center_axis',(0.,0.,1.));
#3449=DIRECTION('ref_axis',(-1.,0.,0.));
#3450=DIRECTION('',(-0.857167300702112,-1.04972719113862E-16,0.515038074910054));
#3451=DIRECTION('center_axis',(0.,0.,1.));
#3452=DIRECTION('ref_axis',(-1.,0.,0.));
#3453=DIRECTION('center_axis',(0.,0.,1.));
#3454=DIRECTION('ref_axis',(-1.,0.,0.));
#3455=DIRECTION('center_axis',(0.,0.,1.));
#3456=DIRECTION('ref_axis',(-1.,0.,0.));
#3457=DIRECTION('center_axis',(0.,0.,1.));
#3458=DIRECTION('ref_axis',(-1.,0.,0.));
#3459=DIRECTION('center_axis',(0.,0.,1.));
#3460=DIRECTION('ref_axis',(-1.,0.,0.));
#3461=DIRECTION('',(0.,0.,1.));
#3462=DIRECTION('center_axis',(0.,0.,1.));
#3463=DIRECTION('ref_axis',(-1.,0.,0.));
#3464=DIRECTION('',(0.,0.,1.));
#3465=DIRECTION('center_axis',(0.,0.,-1.));
#3466=DIRECTION('ref_axis',(-1.,0.,0.));
#3467=DIRECTION('center_axis',(0.,0.,1.));
#3468=DIRECTION('ref_axis',(-1.,0.,0.));
#3469=DIRECTION('',(-0.857167300702112,-1.04972719113862E-16,0.515038074910054));
#3470=DIRECTION('center_axis',(0.,0.,1.));
#3471=DIRECTION('ref_axis',(-1.,0.,0.));
#3472=DIRECTION('center_axis',(0.,0.,1.));
#3473=DIRECTION('ref_axis',(-1.,0.,0.));
#3474=DIRECTION('center_axis',(0.,0.,1.));
#3475=DIRECTION('ref_axis',(-1.,0.,0.));
#3476=DIRECTION('center_axis',(0.,0.,1.));
#3477=DIRECTION('ref_axis',(-1.,0.,0.));
#3478=DIRECTION('center_axis',(0.,0.,1.));
#3479=DIRECTION('ref_axis',(-1.,0.,0.));
#3480=DIRECTION('',(0.,0.,1.));
#3481=DIRECTION('center_axis',(0.,0.,1.));
#3482=DIRECTION('ref_axis',(-1.,0.,0.));
#3483=DIRECTION('',(0.,0.,1.));
#3484=DIRECTION('center_axis',(0.,0.,1.));
#3485=DIRECTION('ref_axis',(-1.,0.,0.));
#3486=DIRECTION('',(0.016338996086152,0.999866509693617,0.));
#3487=DIRECTION('',(0.0690866895407661,-0.997610660191789,0.));
#3488=DIRECTION('center_axis',(0.,0.,1.));
#3489=DIRECTION('ref_axis',(-1.,0.,0.));
#3490=DIRECTION('center_axis',(0.,0.,1.));
#3491=DIRECTION('ref_axis',(-1.,0.,0.));
#3492=DIRECTION('',(0.896409513281842,-0.443226786755732,0.));
#3493=DIRECTION('center_axis',(0.,0.,-1.));
#3494=DIRECTION('ref_axis',(-1.,0.,0.));
#3495=DIRECTION('center_axis',(0.,0.,-1.));
#3496=DIRECTION('ref_axis',(-1.,0.,0.));
#3497=DIRECTION('center_axis',(0.,0.,1.));
#3498=DIRECTION('ref_axis',(-1.,0.,0.));
#3499=DIRECTION('',(-0.016338996086152,0.999866509693617,0.));
#3500=DIRECTION('center_axis',(0.,0.,-1.));
#3501=DIRECTION('ref_axis',(-1.,0.,0.));
#3502=DIRECTION('',(0.896409513281842,0.443226786755732,0.));
#3503=DIRECTION('center_axis',(0.,0.,1.));
#3504=DIRECTION('ref_axis',(-1.,0.,0.));
#3505=DIRECTION('center_axis',(0.,0.,1.));
#3506=DIRECTION('ref_axis',(-1.,0.,0.));
#3507=DIRECTION('',(0.0690866895407664,0.997610660191789,0.));
#3508=DIRECTION('center_axis',(0.,0.,-1.));
#3509=DIRECTION('ref_axis',(-1.,0.,0.));
#3510=DIRECTION('center_axis',(0.,0.,1.));
#3511=DIRECTION('ref_axis',(-1.,0.,0.));
#3512=DIRECTION('',(-0.016338996086152,0.999866509693617,0.));
#3513=DIRECTION('',(0.712054976222894,-0.702123714765577,0.));
#3514=DIRECTION('center_axis',(0.,0.,1.));
#3515=DIRECTION('ref_axis',(-1.,0.,0.));
#3516=DIRECTION('center_axis',(0.,0.,1.));
#3517=DIRECTION('ref_axis',(-1.,0.,0.));
#3518=DIRECTION('',(0.712058245493246,0.702120399237253,0.));
#3519=DIRECTION('center_axis',(0.,0.,-1.));
#3520=DIRECTION('ref_axis',(-1.,0.,0.));
#3521=DIRECTION('',(-0.486746836013467,0.87354308287049,0.));
#3522=DIRECTION('center_axis',(0.,0.,1.));
#3523=DIRECTION('ref_axis',(-1.,0.,0.));
#3524=DIRECTION('',(-0.486744791499252,-0.873544222090874,0.));
#3525=DIRECTION('',(0.,-1.,0.));
#3526=DIRECTION('center_axis',(0.,0.,-1.));
#3527=DIRECTION('ref_axis',(-1.,0.,0.));
#3528=DIRECTION('center_axis',(0.,0.,-1.));
#3529=DIRECTION('ref_axis',(-1.,0.,0.));
#3530=DIRECTION('center_axis',(0.,0.,1.));
#3531=DIRECTION('ref_axis',(1.,0.,0.));
#3532=DIRECTION('center_axis',(0.,0.,-1.));
#3533=DIRECTION('ref_axis',(-1.,0.,0.));
#3534=DIRECTION('center_axis',(0.,0.,1.));
#3535=DIRECTION('ref_axis',(-1.,0.,0.));
#3536=DIRECTION('center_axis',(0.,0.,1.));
#3537=DIRECTION('ref_axis',(-1.,0.,0.));
#3538=DIRECTION('center_axis',(0.,0.,-1.));
#3539=DIRECTION('ref_axis',(-1.,0.,0.));
#3540=DIRECTION('',(0.,0.,-1.));
#3541=DIRECTION('center_axis',(0.,0.,1.));
#3542=DIRECTION('ref_axis',(1.,0.,0.));
#3543=DIRECTION('center_axis',(0.,0.,1.));
#3544=DIRECTION('ref_axis',(-1.,0.,0.));
#3545=DIRECTION('center_axis',(0.,0.,1.));
#3546=DIRECTION('ref_axis',(1.,0.,0.));
#3547=DIRECTION('center_axis',(0.,0.,-1.));
#3548=DIRECTION('ref_axis',(-1.,0.,0.));
#3549=DIRECTION('center_axis',(0.,0.,1.));
#3550=DIRECTION('ref_axis',(-1.,0.,0.));
#3551=DIRECTION('center_axis',(0.,0.,1.));
#3552=DIRECTION('ref_axis',(-1.,0.,0.));
#3553=DIRECTION('center_axis',(0.,0.,-1.));
#3554=DIRECTION('ref_axis',(-1.,0.,0.));
#3555=DIRECTION('',(0.,0.,-1.));
#3556=DIRECTION('center_axis',(0.,0.,1.));
#3557=DIRECTION('ref_axis',(1.,0.,0.));
#3558=DIRECTION('center_axis',(0.,0.,1.));
#3559=DIRECTION('ref_axis',(-1.,0.,0.));
#3560=DIRECTION('center_axis',(0.,0.,1.));
#3561=DIRECTION('ref_axis',(1.,0.,0.));
#3562=DIRECTION('center_axis',(0.,0.,-1.));
#3563=DIRECTION('ref_axis',(-1.,0.,0.));
#3564=DIRECTION('center_axis',(0.,0.,1.));
#3565=DIRECTION('ref_axis',(-1.,0.,0.));
#3566=DIRECTION('center_axis',(0.,0.,1.));
#3567=DIRECTION('ref_axis',(-1.,0.,0.));
#3568=DIRECTION('center_axis',(0.,0.,-1.));
#3569=DIRECTION('ref_axis',(-1.,0.,0.));
#3570=DIRECTION('',(0.,0.,-1.));
#3571=DIRECTION('center_axis',(0.,0.,1.));
#3572=DIRECTION('ref_axis',(1.,0.,0.));
#3573=DIRECTION('center_axis',(0.,0.,1.));
#3574=DIRECTION('ref_axis',(-1.,0.,0.));
#3575=DIRECTION('center_axis',(0.997610660191789,-0.0690866895407665,0.));
#3576=DIRECTION('ref_axis',(0.0690866895407665,0.997610660191789,0.));
#3577=DIRECTION('',(0.,0.,1.));
#3578=DIRECTION('',(0.,0.,1.));
#3579=DIRECTION('',(0.0690866895407664,0.997610660191789,0.));
#3580=DIRECTION('center_axis',(0.,0.,1.));
#3581=DIRECTION('ref_axis',(-1.,0.,0.));
#3582=DIRECTION('',(0.,0.,-1.));
#3583=DIRECTION('center_axis',(-0.443226786755732,0.896409513281842,0.));
#3584=DIRECTION('ref_axis',(-0.896409513281842,-0.443226786755732,0.));
#3585=DIRECTION('',(0.,0.,1.));
#3586=DIRECTION('',(-0.896409513281842,-0.443226786755732,0.));
#3587=DIRECTION('',(0.,0.,1.));
#3588=DIRECTION('center_axis',(0.,0.,1.));
#3589=DIRECTION('ref_axis',(-1.,0.,0.));
#3590=DIRECTION('',(0.,0.,-1.));
#3591=DIRECTION('center_axis',(0.,0.,-1.));
#3592=DIRECTION('ref_axis',(-1.,0.,0.));
#3593=DIRECTION('center_axis',(0.,0.,1.));
#3594=DIRECTION('ref_axis',(-1.,0.,0.));
#3595=DIRECTION('center_axis',(0.,0.,-1.));
#3596=DIRECTION('ref_axis',(-1.,0.,0.));
#3597=DIRECTION('',(-0.0690866895407661,0.997610660191789,0.));
#3598=DIRECTION('',(0.712058245493246,0.702120399237253,0.));
#3599=DIRECTION('center_axis',(0.,0.,-1.));
#3600=DIRECTION('ref_axis',(-1.,0.,0.));
#3601=DIRECTION('',(-0.712054976222894,0.702123714765577,0.));
#3602=DIRECTION('',(-0.931716908773411,-0.363185354751152,0.));
#3603=DIRECTION('center_axis',(0.,0.,1.));
#3604=DIRECTION('ref_axis',(-0.99997787053881,0.00665270115562627,0.));
#3605=DIRECTION('',(-4.86182289895047E-16,-1.,0.));
#3606=DIRECTION('',(-0.486744791499252,-0.873544222090874,0.));
#3607=DIRECTION('center_axis',(0.,0.,1.));
#3608=DIRECTION('ref_axis',(-1.,0.,0.));
#3609=DIRECTION('',(0.486746836013467,-0.87354308287049,0.));
#3610=DIRECTION('',(0.,-1.,0.));
#3611=DIRECTION('center_axis',(0.,0.,1.));
#3612=DIRECTION('ref_axis',(0.000703001240608054,0.999999752894597,0.));
#3613=DIRECTION('',(0.931716908773411,-0.36318535475115,0.));
#3614=DIRECTION('',(0.896409513281842,-0.443226786755732,0.));
#3615=DIRECTION('center_axis',(0.,0.,1.));
#3616=DIRECTION('ref_axis',(-1.,0.,0.));
#3617=DIRECTION('',(0.,0.,-1.));
#3618=DIRECTION('center_axis',(0.,0.,1.));
#3619=DIRECTION('ref_axis',(-1.,0.,0.));
#3620=DIRECTION('',(0.,0.,-1.));
#3621=DIRECTION('center_axis',(0.702123714765577,0.712054976222894,0.));
#3622=DIRECTION('ref_axis',(-0.712054976222894,0.702123714765577,0.));
#3623=DIRECTION('',(0.,0.,1.));
#3624=DIRECTION('center_axis',(0.,0.,1.));
#3625=DIRECTION('ref_axis',(-1.,0.,0.));
#3626=DIRECTION('',(0.,0.,-1.));
#3627=DIRECTION('',(0.,0.,1.));
#3628=DIRECTION('center_axis',(0.702120399237253,-0.712058245493246,0.));
#3629=DIRECTION('ref_axis',(0.712058245493246,0.702120399237253,0.));
#3630=DIRECTION('',(0.,0.,1.));
#3631=DIRECTION('center_axis',(0.997610660191789,0.0690866895407661,0.));
#3632=DIRECTION('ref_axis',(-0.0690866895407661,0.997610660191789,0.));
#3633=DIRECTION('',(0.,0.,1.));
#3634=DIRECTION('center_axis',(0.,0.,1.));
#3635=DIRECTION('ref_axis',(-1.,0.,0.));
#3636=DIRECTION('',(0.,0.,-1.));
#3637=DIRECTION('',(0.,0.,1.));
#3638=DIRECTION('center_axis',(-0.443226786755732,-0.896409513281842,0.));
#3639=DIRECTION('ref_axis',(0.896409513281842,-0.443226786755732,0.));
#3640=DIRECTION('',(0.,0.,1.));
#3641=DIRECTION('center_axis',(-0.87354308287049,-0.486746836013467,0.));
#3642=DIRECTION('ref_axis',(0.486746836013467,-0.87354308287049,0.));
#3643=DIRECTION('',(0.,0.,1.));
#3644=DIRECTION('',(0.,0.,1.));
#3645=DIRECTION('center_axis',(0.,0.,1.));
#3646=DIRECTION('ref_axis',(-1.,0.,0.));
#3647=DIRECTION('',(0.,0.,1.));
#3648=DIRECTION('center_axis',(-0.873544222090874,0.486744791499252,0.));
#3649=DIRECTION('ref_axis',(-0.486744791499252,-0.873544222090874,0.));
#3650=DIRECTION('',(0.,0.,1.));
#3651=DIRECTION('center_axis',(-0.975095701028345,0.221784521182249,0.));
#3652=DIRECTION('ref_axis',(0.,0.,1.));
#3653=DIRECTION('',(0.,0.,1.));
#3654=DIRECTION('',(-0.212350240990138,-0.933617035120613,-0.288559537849689));
#3655=DIRECTION('',(2.51640697211139E-16,9.30789006773343E-15,-1.));
#3656=DIRECTION('',(-0.207131896710925,-0.910674112656858,-0.357447951318201));
#3657=DIRECTION('',(0.0123266218006972,-0.917876676478773,-0.396674250703603));
#3658=DIRECTION('',(1.,7.21644966006351E-16,2.09174299880235E-18));
#3659=DIRECTION('center_axis',(0.9999098365048,0.0134282858528182,0.));
#3660=DIRECTION('ref_axis',(0.,0.,-1.));
#3661=DIRECTION('',(0.,0.,-1.));
#3662=DIRECTION('',(0.0117721659818391,-0.876590258148112,-0.481093478887338));
#3663=DIRECTION('',(1.25000278978185E-16,-9.30789006773342E-15,1.));
#3664=DIRECTION('',(-1.,-7.21644966006351E-16,-2.09174299880235E-18));
#3665=DIRECTION('center_axis',(-7.2164496600634E-16,1.,9.30789006773342E-15));
#3666=DIRECTION('ref_axis',(1.,7.21644966006351E-16,2.09174299880235E-18));
#3667=DIRECTION('',(-1.,-7.21644966006351E-16,-2.09174299880235E-18));
#3668=DIRECTION('',(-6.4165099144588E-15,9.30789006773342E-15,-1.));
#3669=DIRECTION('',(1.,7.21644966006351E-16,2.09174299880235E-18));
#3670=DIRECTION('center_axis',(-1.48214773787458E-14,-1.,-9.30789006773343E-15));
#3671=DIRECTION('ref_axis',(-1.,1.48214773787458E-14,-2.09174299864221E-18));
#3672=DIRECTION('',(-1.37956682082764E-28,-9.30789006773343E-15,1.));
#3673=DIRECTION('',(-1.,1.48214773787458E-14,-2.09174299864221E-18));
#3674=DIRECTION('',(-1.37261797508456E-28,-9.30789006773343E-15,1.));
#3675=DIRECTION('',(1.,-1.48214773787458E-14,2.09174299864221E-18));
#3676=DIRECTION('',(0.576971018728767,-0.780342140087261,-0.241185795500322));
#3677=DIRECTION('',(1.,7.21644966006351E-16,2.09174299880235E-18));
#3678=DIRECTION('',(0.534729052577421,-0.775686362799561,-0.33522456189313));
#3679=DIRECTION('center_axis',(0.823325406857558,0.567569620771616,0.));
#3680=DIRECTION('ref_axis',(0.,0.,-1.));
#3681=DIRECTION('',(0.,0.,1.));
#3682=DIRECTION('',(0.517218223994565,-0.750284879810053,-0.411774098136736));
#3683=DIRECTION('',(-1.,-7.21644966006351E-16,-2.09174299880235E-18));
#3684=DIRECTION('',(0.566955248561172,-0.766796004712173,-0.300974472815201));
#3685=DIRECTION('center_axis',(-0.80407940011937,-0.59452192415728,0.));
#3686=DIRECTION('ref_axis',(0.,0.,1.));
#3687=DIRECTION('',(0.,0.,-1.));
#3688=DIRECTION('',(2.51640697211139E-16,9.30789006773343E-15,-1.));
#3689=DIRECTION('center_axis',(2.51640697211139E-16,9.30789006773343E-15,
-1.));
#3690=DIRECTION('ref_axis',(-0.683273790426735,0.730162260950183,6.62433056352291E-15));
#3691=DIRECTION('center_axis',(-2.09174299879407E-18,-1.02720344742789E-14,
1.));
#3692=DIRECTION('ref_axis',(-0.683273790426735,0.730162260950183,6.34172838629413E-15));
#3693=DIRECTION('',(-2.51640697211139E-16,-9.30789006773343E-15,1.));
#3694=DIRECTION('center_axis',(2.09174299879407E-18,1.02720344742789E-14,
-1.));
#3695=DIRECTION('ref_axis',(-0.683273790426735,0.730162260950183,6.34172838629413E-15));
#3696=DIRECTION('center_axis',(2.51640697211139E-16,9.30789006773343E-15,
-1.));
#3697=DIRECTION('ref_axis',(-0.683273790426735,0.730162260950183,6.62433056352291E-15));
#3698=DIRECTION('center_axis',(-2.09174299879407E-18,-1.02720344742789E-14,
1.));
#3699=DIRECTION('ref_axis',(-0.683273790426735,0.730162260950183,6.34172838629413E-15));
#3700=DIRECTION('',(-2.51640697211139E-16,-9.30789006773343E-15,1.));
#3701=DIRECTION('center_axis',(2.09174299879407E-18,1.02720344742789E-14,
-1.));
#3702=DIRECTION('ref_axis',(-0.683273790426735,0.730162260950183,6.34172838629413E-15));
#3703=DIRECTION('center_axis',(2.51640697211139E-16,9.30789006773343E-15,
-1.));
#3704=DIRECTION('ref_axis',(-0.683273790426735,0.730162260950183,6.62433056352291E-15));
#3705=DIRECTION('center_axis',(-2.09174299879407E-18,-1.02720344742789E-14,
1.));
#3706=DIRECTION('ref_axis',(-0.683273790426735,0.730162260950183,6.34172838629412E-15));
#3707=DIRECTION('',(-2.51640697211139E-16,-9.30789006773343E-15,1.));
#3708=DIRECTION('center_axis',(2.09174299879407E-18,1.02720344742789E-14,
-1.));
#3709=DIRECTION('ref_axis',(-0.683273790426735,0.730162260950183,6.34172838629412E-15));
#3710=DIRECTION('center_axis',(2.51640697211139E-16,9.30789006773343E-15,
-1.));
#3711=DIRECTION('ref_axis',(-0.683273790426735,0.730162260950183,6.62433056352291E-15));
#3712=DIRECTION('center_axis',(-2.09174299879407E-18,-1.02720344742789E-14,
1.));
#3713=DIRECTION('ref_axis',(-0.683273790426735,0.730162260950183,6.34172838629412E-15));
#3714=DIRECTION('',(-2.51640697211139E-16,-9.30789006773343E-15,1.));
#3715=DIRECTION('center_axis',(2.09174299879407E-18,1.02720344742789E-14,
-1.));
#3716=DIRECTION('ref_axis',(-0.683273790426735,0.730162260950183,6.34172838629412E-15));
#3717=DIRECTION('center_axis',(-1.,1.27675647831893E-15,-2.51640697211127E-16));
#3718=DIRECTION('ref_axis',(1.27675647831894E-15,1.,1.02720344742789E-14));
#3719=DIRECTION('',(-1.27675647831894E-15,-1.,-1.02720344742789E-14));
#3720=DIRECTION('',(2.51640697211139E-16,9.30789006773343E-15,-1.));
#3721=DIRECTION('',(1.27675647831894E-15,1.,1.02720344742789E-14));
#3722=DIRECTION('',(2.51640697211139E-16,9.30789006773343E-15,-1.));
#3723=DIRECTION('center_axis',(3.33066907387558E-16,1.,9.30789006773342E-15));
#3724=DIRECTION('ref_axis',(1.,-3.33066907387548E-16,2.09174299879072E-18));
#3725=DIRECTION('',(-1.,3.33066907387548E-16,-2.09174299879072E-18));
#3726=DIRECTION('',(1.,-3.33066907387548E-16,2.09174299879072E-18));
#3727=DIRECTION('',(2.51640697211139E-16,9.30789006773343E-15,-1.));
#3728=DIRECTION('center_axis',(1.,-6.10622663543837E-16,2.51640697211132E-16));
#3729=DIRECTION('ref_axis',(-6.10622663543849E-16,-1.,-1.02720344742789E-14));
#3730=DIRECTION('',(6.10622663543849E-16,1.,1.02720344742789E-14));
#3731=DIRECTION('',(-6.10622663543849E-16,-1.,-1.02720344742789E-14));
#3732=DIRECTION('',(2.51640697211139E-16,9.30789006773343E-15,-1.));
#3733=DIRECTION('center_axis',(1.66533453693772E-15,-1.,-9.30789006773342E-15));
#3734=DIRECTION('ref_axis',(-1.,-1.66533453693773E-15,-2.09174299881162E-18));
#3735=DIRECTION('',(1.,1.66533453693773E-15,2.09174299881162E-18));
#3736=DIRECTION('',(-1.,-1.66533453693773E-15,-2.09174299881162E-18));
#3737=DIRECTION('center_axis',(0.554700196225228,-0.832050294337845,-7.60504752640063E-15));
#3738=DIRECTION('ref_axis',(-0.832050294337845,-0.554700196225228,-5.69963997389261E-15));
#3739=DIRECTION('',(0.832050294337845,0.554700196225228,5.69963997389261E-15));
#3740=DIRECTION('',(1.37261797508456E-28,9.30789006773343E-15,-1.));
#3741=DIRECTION('',(-0.832050294337845,-0.554700196225228,-5.69963997389261E-15));
#3742=DIRECTION('',(2.51640697211139E-16,9.30789006773343E-15,-1.));
#3743=DIRECTION('center_axis',(2.51640697211139E-16,9.30789006773343E-15,
-1.));
#3744=DIRECTION('ref_axis',(-2.68303897617743E-15,-1.,-9.30789006773342E-15));
#3745=DIRECTION('center_axis',(-2.09174299879407E-18,-1.02720344742789E-14,
1.));
#3746=DIRECTION('ref_axis',(-2.68303897617743E-15,-1.,-7.6947118547396E-15));
#3747=DIRECTION('center_axis',(2.09174299879407E-18,1.02720344742789E-14,
-1.));
#3748=DIRECTION('ref_axis',(-2.68303897617743E-15,-1.,-7.6947118547396E-15));
#3749=DIRECTION('',(2.51640697211139E-16,9.30789006773343E-15,-1.));
#3750=DIRECTION('center_axis',(0.554700196225228,-0.832050294337845,-7.60504752640063E-15));
#3751=DIRECTION('ref_axis',(-0.832050294337845,-0.554700196225228,-5.69963997389261E-15));
#3752=DIRECTION('',(0.832050294337845,0.554700196225228,5.69963997389261E-15));
#3753=DIRECTION('',(-0.832050294337845,-0.554700196225228,-5.69963997389261E-15));
#3754=DIRECTION('',(2.51640697211139E-16,9.30789006773343E-15,-1.));
#3755=DIRECTION('center_axis',(1.,-7.49400541621981E-15,2.51640697211069E-16));
#3756=DIRECTION('ref_axis',(-7.49400541621982E-15,-1.,-1.02720344742789E-14));
#3757=DIRECTION('',(7.49400541621982E-15,1.,1.02720344742789E-14));
#3758=DIRECTION('',(-7.49400541621982E-15,-1.,-1.02720344742789E-14));
#3759=DIRECTION('',(2.51640697211139E-16,9.30789006773343E-15,-1.));
#3760=DIRECTION('center_axis',(0.55470019622523,0.832050294337843,7.88421781464315E-15));
#3761=DIRECTION('ref_axis',(0.832050294337843,-0.55470019622523,-5.69615910313699E-15));
#3762=DIRECTION('',(-0.832050294337843,0.55470019622523,5.69615910313699E-15));
#3763=DIRECTION('',(0.832050294337843,-0.55470019622523,-5.69615910313699E-15));
#3764=DIRECTION('',(2.51640697211139E-16,9.30789006773343E-15,-1.));
#3765=DIRECTION('center_axis',(2.51640697211139E-16,9.30789006773343E-15,
-1.));
#3766=DIRECTION('ref_axis',(1.,-2.68303897617742E-15,2.51640697211113E-16));
#3767=DIRECTION('center_axis',(-2.09174299879407E-18,-1.02720344742789E-14,
1.));
#3768=DIRECTION('ref_axis',(1.,-2.68303897617742E-15,-1.05863885196817E-15));
#3769=DIRECTION('center_axis',(2.09174299879407E-18,1.02720344742789E-14,
-1.));
#3770=DIRECTION('ref_axis',(1.,-2.68303897617742E-15,-1.05863885196817E-15));
#3771=DIRECTION('',(2.51640697211139E-16,9.30789006773343E-15,-1.));
#3772=DIRECTION('center_axis',(0.55470019622523,0.832050294337843,7.88421781464315E-15));
#3773=DIRECTION('ref_axis',(0.832050294337843,-0.55470019622523,-5.69615910313699E-15));
#3774=DIRECTION('',(-0.832050294337843,0.55470019622523,5.69615910313699E-15));
#3775=DIRECTION('',(0.832050294337843,-0.55470019622523,-5.69615910313699E-15));
#3776=DIRECTION('center_axis',(-1.,3.60822483003176E-15,-2.51640697211105E-16));
#3777=DIRECTION('ref_axis',(3.60822483003177E-15,1.,1.02720344742789E-14));
#3778=DIRECTION('',(-3.60822483003177E-15,-1.,-1.02720344742789E-14));
#3779=DIRECTION('',(3.60822483003177E-15,1.,1.02720344742789E-14));
#3780=DIRECTION('',(5.32907051820089E-15,9.30789006773335E-15,-1.));
#3781=DIRECTION('center_axis',(2.09174299879407E-18,1.02720344742789E-14,
-1.));
#3782=DIRECTION('ref_axis',(-0.683273773680803,0.730162276620748,7.4988228441339E-15));
#3783=DIRECTION('',(-1.,1.48214773787458E-14,1.07584072520722E-56));
#3784=DIRECTION('',(1.,-1.48180079317938E-14,0.));
#3785=DIRECTION('center_axis',(2.09174299879407E-18,1.02720344742789E-14,
-1.));
#3786=DIRECTION('ref_axis',(-0.683273773680803,0.730162276620748,7.4988228441339E-15));
#3787=DIRECTION('',(-1.,1.48180079317938E-14,0.));
#3788=DIRECTION('',(1.,-1.48214773787458E-14,-1.13552675711885E-56));
#3789=DIRECTION('center_axis',(0.,0.,1.));
#3790=DIRECTION('ref_axis',(-1.,0.,0.));
#3791=DIRECTION('center_axis',(0.,0.,1.));
#3792=DIRECTION('ref_axis',(-1.,0.,0.));
#3793=DIRECTION('',(0.,0.,1.));
#3794=DIRECTION('',(0.,0.,1.));
#3795=DIRECTION('center_axis',(4.76062216317537E-15,-9.01645778640563E-15,
1.));
#3796=DIRECTION('ref_axis',(-1.,0.,0.));
#3797=DIRECTION('',(0.,0.,1.));
#3798=DIRECTION('center_axis',(-4.79304788202405E-15,9.04680123743215E-15,
-1.));
#3799=DIRECTION('ref_axis',(-1.,0.,0.));
#3800=DIRECTION('',(0.,0.,-1.));
#3801=DIRECTION('center_axis',(0.999866509693617,0.016338996086152,0.));
#3802=DIRECTION('ref_axis',(-0.016338996086152,0.999866509693617,0.));
#3803=DIRECTION('',(-0.016338996086152,0.999866509693617,0.));
#3804=DIRECTION('',(0.,0.,1.));
#3805=DIRECTION('center_axis',(0.,0.,1.));
#3806=DIRECTION('ref_axis',(-1.,0.,0.));
#3807=DIRECTION('center_axis',(0.,0.,1.));
#3808=DIRECTION('ref_axis',(-1.,0.,0.));
#3809=DIRECTION('',(0.,0.,1.));
#3810=DIRECTION('center_axis',(-1.,0.,0.));
#3811=DIRECTION('ref_axis',(0.,-1.,0.));
#3812=DIRECTION('',(0.,-1.,0.));
#3813=DIRECTION('',(0.,0.,1.));
#3814=DIRECTION('center_axis',(0.,0.,1.));
#3815=DIRECTION('ref_axis',(-1.,0.,0.));
#3816=DIRECTION('center_axis',(0.,0.,1.));
#3817=DIRECTION('ref_axis',(-1.,0.,0.));
#3818=DIRECTION('',(0.,0.,1.));
#3819=DIRECTION('center_axis',(-0.363185354751152,0.93171690877341,0.));
#3820=DIRECTION('ref_axis',(-0.93171690877341,-0.363185354751152,0.));
#3821=DIRECTION('',(-0.93171690877341,-0.363185354751153,0.));
#3822=DIRECTION('center_axis',(0.,0.,1.));
#3823=DIRECTION('ref_axis',(-1.,0.,0.));
#3824=DIRECTION('center_axis',(-5.32907051820075E-15,7.105427357601E-15,
-1.));
#3825=DIRECTION('ref_axis',(-1.,-2.29345336610898E-8,5.32907035524109E-15));
#3826=DIRECTION('center_axis',(6.20356264873789E-15,-7.58199071209853E-15,
1.));
#3827=DIRECTION('ref_axis',(-1.,-2.29345336610898E-8,5.04646817801231E-15));
#3828=DIRECTION('',(5.32907051820075E-15,-7.105427357601E-15,1.));
#3829=DIRECTION('center_axis',(-6.20356264873789E-15,7.58199071209853E-15,
-1.));
#3830=DIRECTION('ref_axis',(-1.,-2.29345336610898E-8,5.04646817801231E-15));
#3831=DIRECTION('center_axis',(-5.32907051820075E-15,7.105427357601E-15,
-1.));
#3832=DIRECTION('ref_axis',(-1.,-2.29345336610898E-8,5.32907035524109E-15));
#3833=DIRECTION('center_axis',(6.20356264873789E-15,-7.58199071209853E-15,
1.));
#3834=DIRECTION('ref_axis',(-1.,-2.29345336610898E-8,5.04646817801231E-15));
#3835=DIRECTION('',(5.32907051820075E-15,-7.105427357601E-15,1.));
#3836=DIRECTION('center_axis',(-6.20356264873789E-15,7.58199071209853E-15,
-1.));
#3837=DIRECTION('ref_axis',(-1.,-2.29345336610898E-8,5.04646817801231E-15));
#3838=DIRECTION('center_axis',(-5.32907051820075E-15,7.105427357601E-15,
-1.));
#3839=DIRECTION('ref_axis',(-1.,-2.29345336610898E-8,5.32907035524109E-15));
#3840=DIRECTION('center_axis',(6.20356264873789E-15,-7.58199071209853E-15,
1.));
#3841=DIRECTION('ref_axis',(-1.,-2.29345336610898E-8,5.0464681780123E-15));
#3842=DIRECTION('',(5.32907051820075E-15,-7.105427357601E-15,1.));
#3843=DIRECTION('center_axis',(-6.20356264873789E-15,7.58199071209853E-15,
-1.));
#3844=DIRECTION('ref_axis',(-1.,-2.29345336610898E-8,5.0464681780123E-15));
#3845=DIRECTION('center_axis',(-5.32907051820075E-15,7.105427357601E-15,
-1.));
#3846=DIRECTION('ref_axis',(-1.,-2.29345336610898E-8,5.32907035524109E-15));
#3847=DIRECTION('center_axis',(6.20356264873789E-15,-7.58199071209853E-15,
1.));
#3848=DIRECTION('ref_axis',(-1.,-2.29345336610898E-8,5.0464681780123E-15));
#3849=DIRECTION('',(5.32907051820075E-15,-7.105427357601E-15,1.));
#3850=DIRECTION('center_axis',(-6.20356264873789E-15,7.58199071209853E-15,
-1.));
#3851=DIRECTION('ref_axis',(-1.,-2.29345336610898E-8,5.0464681780123E-15));
#3852=DIRECTION('center_axis',(-0.683273773680804,-0.730162276620748,-1.54690089260714E-15));
#3853=DIRECTION('ref_axis',(-0.730162276620748,0.683273773680804,9.71018283263026E-15));
#3854=DIRECTION('',(0.730162276620748,-0.683273773680804,-9.71018283263026E-15));
#3855=DIRECTION('',(-5.32907051820075E-15,7.105427357601E-15,-1.));
#3856=DIRECTION('',(-0.730162276620748,0.683273773680804,9.71018283263026E-15));
#3857=DIRECTION('',(-5.32907051820075E-15,7.105427357601E-15,-1.));
#3858=DIRECTION('center_axis',(-0.730162276620748,0.683273773680804,8.74603842608483E-15));
#3859=DIRECTION('ref_axis',(0.683273773680804,0.730162276620748,1.29735193839481E-15));
#3860=DIRECTION('',(-0.683273773680804,-0.730162276620748,-1.29735193839481E-15));
#3861=DIRECTION('',(0.683273773680804,0.730162276620748,1.29735193839481E-15));
#3862=DIRECTION('',(-5.32907051820075E-15,7.105427357601E-15,-1.));
#3863=DIRECTION('center_axis',(0.683273773680804,0.730162276620748,1.54690089260715E-15));
#3864=DIRECTION('ref_axis',(0.730162276620748,-0.683273773680804,-9.71018283263026E-15));
#3865=DIRECTION('',(-0.730162276620748,0.683273773680804,9.71018283263026E-15));
#3866=DIRECTION('',(0.730162276620748,-0.683273773680804,-9.71018283263026E-15));
#3867=DIRECTION('',(-5.32907051820075E-15,7.105427357601E-15,-1.));
#3868=DIRECTION('center_axis',(0.73016227662075,-0.683273773680802,-8.74603842608483E-15));
#3869=DIRECTION('ref_axis',(-0.683273773680802,-0.73016227662075,-1.29735193839483E-15));
#3870=DIRECTION('',(0.683273773680802,0.73016227662075,1.29735193839483E-15));
#3871=DIRECTION('',(-0.683273773680802,-0.73016227662075,-1.29735193839483E-15));
#3872=DIRECTION('center_axis',(0.730162276620738,-0.683273773680814,-8.74603842608485E-15));
#3873=DIRECTION('ref_axis',(-0.683273773680814,-0.730162276620738,-1.29735193839467E-15));
#3874=DIRECTION('',(0.683273773680814,0.730162276620738,1.29735193839467E-15));
#3875=DIRECTION('',(-0.683273773680814,-0.730162276620738,-1.29735193839467E-15));
#3876=DIRECTION('',(-5.32907051820075E-15,7.105427357601E-15,-1.));
#3877=DIRECTION('center_axis',(0.986543833512978,-0.163496986386654,-6.41907761804381E-15));
#3878=DIRECTION('ref_axis',(-0.163496986386654,-0.986543833512978,-6.46570238484402E-15));
#3879=DIRECTION('',(0.163496986386654,0.986543833512978,6.46570238484402E-15));
#3880=DIRECTION('',(-0.163496986386654,-0.986543833512978,-6.46570238484402E-15));
#3881=DIRECTION('',(-5.32907051820075E-15,7.105427357601E-15,-1.));
#3882=DIRECTION('center_axis',(-5.32907051820075E-15,7.105427357601E-15,
-1.));
#3883=DIRECTION('ref_axis',(0.730162276620747,-0.683273773680805,-8.74603842608483E-15));
#3884=DIRECTION('center_axis',(6.20356264873789E-15,-7.58199071209853E-15,
1.));
#3885=DIRECTION('ref_axis',(0.730162276620747,-0.683273773680805,-7.13286021309101E-15));
#3886=DIRECTION('center_axis',(-6.20356264873789E-15,7.58199071209853E-15,
-1.));
#3887=DIRECTION('ref_axis',(0.730162276620747,-0.683273773680805,-7.13286021309101E-15));
#3888=DIRECTION('',(-5.32907051820075E-15,7.105427357601E-15,-1.));
#3889=DIRECTION('center_axis',(0.986543833512978,-0.163496986386654,-6.41907761804381E-15));
#3890=DIRECTION('ref_axis',(-0.163496986386654,-0.986543833512978,-6.46570238484402E-15));
#3891=DIRECTION('',(0.163496986386654,0.986543833512978,6.46570238484402E-15));
#3892=DIRECTION('',(-0.163496986386654,-0.986543833512978,-6.46570238484402E-15));
#3893=DIRECTION('',(-5.32907051820075E-15,7.105427357601E-15,-1.));
#3894=DIRECTION('center_axis',(0.683273773680809,0.730162276620743,1.54690089260709E-15));
#3895=DIRECTION('ref_axis',(0.730162276620743,-0.683273773680809,-9.71018283263027E-15));
#3896=DIRECTION('',(-0.730162276620743,0.683273773680809,9.71018283263027E-15));
#3897=DIRECTION('',(0.730162276620743,-0.683273773680809,-9.71018283263027E-15));
#3898=DIRECTION('',(-5.32907051820075E-15,7.105427357601E-15,-1.));
#3899=DIRECTION('center_axis',(-0.228519640840388,0.973539302622231,8.13521007538414E-15));
#3900=DIRECTION('ref_axis',(0.973539302622231,0.228519640840388,-4.3067782604417E-15));
#3901=DIRECTION('',(-0.973539302622231,-0.228519640840388,4.3067782604417E-15));
#3902=DIRECTION('',(0.973539302622231,0.228519640840388,-4.3067782604417E-15));
#3903=DIRECTION('',(-5.32907051820075E-15,7.105427357601E-15,-1.));
#3904=DIRECTION('center_axis',(-5.32907051820075E-15,7.105427357601E-15,
-1.));
#3905=DIRECTION('ref_axis',(0.683273773680805,0.730162276620747,1.54690089260713E-15));
#3906=DIRECTION('center_axis',(6.20356264873789E-15,-7.58199071209853E-15,
1.));
#3907=DIRECTION('ref_axis',(0.683273773680805,0.730162276620747,2.3662134342785E-16));
#3908=DIRECTION('center_axis',(-6.20356264873789E-15,7.58199071209853E-15,
-1.));
#3909=DIRECTION('ref_axis',(0.683273773680805,0.730162276620747,2.3662134342785E-16));
#3910=DIRECTION('',(-5.32907051820075E-15,7.105427357601E-15,-1.));
#3911=DIRECTION('center_axis',(-0.228519640840388,0.973539302622231,8.13521007538414E-15));
#3912=DIRECTION('ref_axis',(0.973539302622231,0.228519640840388,-4.3067782604417E-15));
#3913=DIRECTION('',(-0.973539302622231,-0.228519640840388,4.3067782604417E-15));
#3914=DIRECTION('',(0.973539302622231,0.228519640840388,-4.3067782604417E-15));
#3915=DIRECTION('',(-5.32907051820075E-15,7.105427357601E-15,-1.));
#3916=DIRECTION('center_axis',(-0.730162276620749,0.683273773680803,8.74603842608483E-15));
#3917=DIRECTION('ref_axis',(0.683273773680803,0.730162276620749,1.29735193839482E-15));
#3918=DIRECTION('',(-0.683273773680806,-0.730162276620746,-3.33066907387547E-15));
#3919=DIRECTION('',(-0.683273773680806,-0.730162276620746,-3.33066907387547E-15));
#3920=DIRECTION('center_axis',(-6.20356264873789E-15,7.58199071209853E-15,
-1.));
#3921=DIRECTION('ref_axis',(-1.,0.,6.20356264873789E-15));
#3922=DIRECTION('center_axis',(-6.20356264873789E-15,7.58199071209853E-15,
-1.));
#3923=DIRECTION('ref_axis',(-1.,0.,6.20356264873789E-15));
#3924=DIRECTION('center_axis',(0.999910521570623,-0.0133771765468531,0.));
#3925=DIRECTION('ref_axis',(0.,0.,-1.));
#3926=DIRECTION('',(0.,0.,1.));
#3927=DIRECTION('',(-0.0122870523222809,-0.918426459657339,0.395400893456901));
#3928=DIRECTION('',(-0.0117376848918498,-0.877362616926973,0.479684339094402));
#3929=DIRECTION('',(0.211845505942325,-0.933943379926516,0.287873661010305));
#3930=DIRECTION('',(0.206663384138903,-0.911097446373422,0.35663943818384));
#3931=DIRECTION('center_axis',(-0.975226273040444,-0.221209666089991,0.));
#3932=DIRECTION('ref_axis',(0.,0.,1.));
#3933=DIRECTION('',(0.,0.,-1.));
#3934=DIRECTION('center_axis',(0.,0.,1.));
#3935=DIRECTION('ref_axis',(-1.,0.,0.));
#3936=DIRECTION('center_axis',(0.,0.,1.));
#3937=DIRECTION('ref_axis',(-1.,0.,0.));
#3938=DIRECTION('',(0.,0.,1.));
#3939=DIRECTION('',(0.,0.,1.));
#3940=DIRECTION('',(0.,0.,1.));
#3941=DIRECTION('center_axis',(6.20642111500265E-15,5.93131750123015E-15,
-1.));
#3942=DIRECTION('ref_axis',(-1.,0.,0.));
#3943=DIRECTION('',(0.,0.,-1.));
#3944=DIRECTION('center_axis',(-6.20642111500265E-15,-5.93131750123015E-15,
1.));
#3945=DIRECTION('ref_axis',(-1.,0.,0.));
#3946=DIRECTION('center_axis',(0.999866509693617,-0.016338996086152,0.));
#3947=DIRECTION('ref_axis',(0.016338996086152,0.999866509693617,0.));
#3948=DIRECTION('',(0.016338996086152,0.999866509693617,0.));
#3949=DIRECTION('',(0.,0.,1.));
#3950=DIRECTION('',(0.,0.,1.));
#3951=DIRECTION('',(0.016338996086152,0.999866509693617,0.));
#3952=DIRECTION('',(0.,0.,-1.));
#3953=DIRECTION('',(-0.016338996086152,-0.999866509693617,0.));
#3954=DIRECTION('center_axis',(0.,0.,1.));
#3955=DIRECTION('ref_axis',(-1.,0.,0.));
#3956=DIRECTION('center_axis',(0.,0.,1.));
#3957=DIRECTION('ref_axis',(-1.,0.,0.));
#3958=DIRECTION('',(0.,0.,1.));
#3959=DIRECTION('center_axis',(-0.363185354751152,-0.931716908773411,0.));
#3960=DIRECTION('ref_axis',(0.93171690877341,-0.363185354751152,0.));
#3961=DIRECTION('',(0.93171690877341,-0.363185354751152,0.));
#3962=DIRECTION('',(0.,0.,1.));
#3963=DIRECTION('center_axis',(0.,0.,1.));
#3964=DIRECTION('ref_axis',(-1.,0.,0.));
#3965=DIRECTION('center_axis',(0.,0.,1.));
#3966=DIRECTION('ref_axis',(-1.,0.,0.));
#3967=DIRECTION('',(0.,0.,1.));
#3968=DIRECTION('center_axis',(-1.,0.,0.));
#3969=DIRECTION('ref_axis',(0.,-1.,0.));
#3970=DIRECTION('',(0.,1.,0.));
#3971=DIRECTION('center_axis',(0.,0.,1.));
#3972=DIRECTION('ref_axis',(-1.,0.,0.));
#3973=DIRECTION('center_axis',(-0.730162276620762,-0.683273773680789,-7.6202638564165E-15));
#3974=DIRECTION('ref_axis',(-0.683273773680789,0.730162276620762,9.01395137587899E-17));
#3975=DIRECTION('',(-0.683273773680789,0.730162276620762,9.01395137587899E-17));
#3976=DIRECTION('',(5.67294949579103E-15,5.0903316816606E-15,-1.));
#3977=DIRECTION('',(0.683273773680789,-0.730162276620762,-9.01395137587899E-17));
#3978=DIRECTION('center_axis',(6.20642111500265E-15,5.93131750123015E-15,
-1.));
#3979=DIRECTION('ref_axis',(0.066273900399994,0.99780146829205,6.32960104644988E-15));
#3980=DIRECTION('',(0.6832737736808,-0.730162276620752,-9.0139513758656E-17));
#3981=DIRECTION('',(0.163496986386646,-0.986543833512979,-4.83677355689684E-15));
#3982=DIRECTION('center_axis',(6.20642111500265E-15,5.93131750123015E-15,
-1.));
#3983=DIRECTION('ref_axis',(0.683273773680797,-0.730162276620754,-1.15087010872562E-15));
#3984=DIRECTION('',(0.163496986386646,-0.986543833512979,-4.83677355689684E-15));
#3985=DIRECTION('',(-0.730162276620757,-0.683273773680794,-8.58440826296193E-15));
#3986=DIRECTION('',(-0.973539302622229,0.228519640840396,-4.68677233898808E-15));
#3987=DIRECTION('center_axis',(6.20642111500265E-15,5.93131750123015E-15,
-1.));
#3988=DIRECTION('ref_axis',(-0.730162276620754,-0.683273773680797,-6.00708564342267E-15));
#3989=DIRECTION('',(-0.973539302622229,0.228519640840396,-4.68677233898808E-15));
#3990=DIRECTION('center_axis',(-6.20642111500265E-15,-5.93131750123015E-15,
1.));
#3991=DIRECTION('ref_axis',(0.0662738775158826,0.997801469812011,5.17250661660066E-15));
#3992=DIRECTION('center_axis',(-6.20642111500265E-15,-5.93131750123015E-15,
1.));
#3993=DIRECTION('ref_axis',(0.0662738775158826,0.997801469812011,5.17250661660066E-15));
#3994=DIRECTION('center_axis',(-6.20642111500265E-15,-5.93131750123015E-15,
1.));
#3995=DIRECTION('ref_axis',(0.0662738775158826,0.997801469812011,5.17250661660066E-15));
#3996=DIRECTION('center_axis',(-6.20642111500265E-15,-5.93131750123015E-15,
1.));
#3997=DIRECTION('ref_axis',(0.0662738775158826,0.997801469812011,5.17250661660066E-15));
#3998=DIRECTION('',(-0.683273773680801,0.730162276620751,9.01395137586485E-17));
#3999=DIRECTION('',(-0.730162276620753,-0.683273773680799,-8.58440826296193E-15));
#4000=DIRECTION('',(0.683273773680799,-0.730162276620752,-9.01395137586658E-17));
#4001=DIRECTION('',(0.730162276620753,0.683273773680798,8.58440826296193E-15));
#4002=DIRECTION('center_axis',(5.67294949579103E-15,5.0903316816606E-15,
-1.));
#4003=DIRECTION('ref_axis',(0.0662738775158826,0.997801469812011,5.45510879382944E-15));
#4004=DIRECTION('',(-5.67294949579103E-15,-5.0903316816606E-15,1.));
#4005=DIRECTION('center_axis',(6.20642111500265E-15,5.93131750123015E-15,
-1.));
#4006=DIRECTION('ref_axis',(0.0662738775158826,0.997801469812011,5.17250661660066E-15));
#4007=DIRECTION('center_axis',(5.67294949579103E-15,5.0903316816606E-15,
-1.));
#4008=DIRECTION('ref_axis',(0.0662738775158826,0.997801469812011,5.45510879382944E-15));
#4009=DIRECTION('',(-5.67294949579103E-15,-5.0903316816606E-15,1.));
#4010=DIRECTION('center_axis',(6.20642111500265E-15,5.93131750123015E-15,
-1.));
#4011=DIRECTION('ref_axis',(0.0662738775158826,0.997801469812011,5.17250661660066E-15));
#4012=DIRECTION('center_axis',(5.67294949579103E-15,5.0903316816606E-15,
-1.));
#4013=DIRECTION('ref_axis',(0.0662738775158826,0.997801469812011,5.45510879382944E-15));
#4014=DIRECTION('',(-5.67294949579103E-15,-5.0903316816606E-15,1.));
#4015=DIRECTION('center_axis',(6.20642111500265E-15,5.93131750123015E-15,
-1.));
#4016=DIRECTION('ref_axis',(0.0662738775158826,0.997801469812011,5.17250661660066E-15));
#4017=DIRECTION('center_axis',(5.67294949579103E-15,5.0903316816606E-15,
-1.));
#4018=DIRECTION('ref_axis',(0.0662738775158826,0.997801469812011,5.45510879382944E-15));
#4019=DIRECTION('',(-5.67294949579103E-15,-5.0903316816606E-15,1.));
#4020=DIRECTION('center_axis',(6.20642111500265E-15,5.93131750123015E-15,
-1.));
#4021=DIRECTION('ref_axis',(0.0662738775158826,0.997801469812011,5.17250661660066E-15));
#4022=DIRECTION('center_axis',(-0.683273773680798,0.730162276620753,-1.59409440453672E-16));
#4023=DIRECTION('ref_axis',(0.730162276620753,0.683273773680798,8.58440826296193E-15));
#4024=DIRECTION('',(-0.730162276620753,-0.683273773680798,-8.58440826296193E-15));
#4025=DIRECTION('',(5.67294949579103E-15,5.0903316816606E-15,-1.));
#4026=DIRECTION('',(5.67294949579103E-15,5.0903316816606E-15,-1.));
#4027=DIRECTION('center_axis',(0.730162276620752,0.683273773680799,7.6202638564165E-15));
#4028=DIRECTION('ref_axis',(0.683273773680799,-0.730162276620752,-9.01395137586658E-17));
#4029=DIRECTION('',(-0.683273773680799,0.730162276620752,9.01395137586658E-17));
#4030=DIRECTION('',(5.67294949579103E-15,5.0903316816606E-15,-1.));
#4031=DIRECTION('center_axis',(0.683273773680799,-0.730162276620753,1.59409440453676E-16));
#4032=DIRECTION('ref_axis',(-0.730162276620753,-0.683273773680799,-8.58440826296193E-15));
#4033=DIRECTION('',(0.730162276620753,0.683273773680799,8.58440826296193E-15));
#4034=DIRECTION('',(5.67294949579103E-15,5.0903316816606E-15,-1.));
#4035=DIRECTION('center_axis',(-0.730162276620751,-0.683273773680801,-7.6202638564165E-15));
#4036=DIRECTION('ref_axis',(-0.683273773680801,0.730162276620751,9.01395137586485E-17));
#4037=DIRECTION('',(0.683273773680801,-0.730162276620751,-9.01395137586485E-17));
#4038=DIRECTION('center_axis',(-0.228519640840396,-0.973539302622229,-6.25201833676358E-15));
#4039=DIRECTION('ref_axis',(-0.973539302622229,0.228519640840396,-4.68677233898808E-15));
#4040=DIRECTION('',(0.973539302622229,-0.228519640840396,4.68677233898808E-15));
#4041=DIRECTION('',(5.67294949579103E-15,5.0903316816606E-15,-1.));
#4042=DIRECTION('center_axis',(5.67294949579103E-15,5.0903316816606E-15,
-1.));
#4043=DIRECTION('ref_axis',(-0.730162276620754,-0.683273773680797,-7.6202638564165E-15));
#4044=DIRECTION('center_axis',(-6.20642111500265E-15,-5.93131750123015E-15,
1.));
#4045=DIRECTION('ref_axis',(-0.730162276620754,-0.683273773680797,-6.00708564342267E-15));
#4046=DIRECTION('',(5.67294949579103E-15,5.0903316816606E-15,-1.));
#4047=DIRECTION('center_axis',(-0.228519640840396,-0.973539302622229,-6.25201833676358E-15));
#4048=DIRECTION('ref_axis',(-0.973539302622229,0.228519640840396,-4.68677233898808E-15));
#4049=DIRECTION('',(0.973539302622229,-0.228519640840396,4.68677233898808E-15));
#4050=DIRECTION('',(5.67294949579103E-15,5.0903316816606E-15,-1.));
#4051=DIRECTION('center_axis',(0.683273773680794,-0.730162276620757,1.59409440453625E-16));
#4052=DIRECTION('ref_axis',(-0.730162276620757,-0.683273773680794,-8.58440826296193E-15));
#4053=DIRECTION('',(0.730162276620757,0.683273773680794,8.58440826296193E-15));
#4054=DIRECTION('',(5.67294949579103E-15,5.0903316816606E-15,-1.));
#4055=DIRECTION('center_axis',(0.986543833512979,0.163496986386646,6.42886723256319E-15));
#4056=DIRECTION('ref_axis',(0.163496986386646,-0.986543833512979,-4.83677355689684E-15));
#4057=DIRECTION('',(-0.163496986386646,0.986543833512979,4.83677355689684E-15));
#4058=DIRECTION('',(5.67294949579103E-15,5.0903316816606E-15,-1.));
#4059=DIRECTION('center_axis',(5.67294949579103E-15,5.0903316816606E-15,
-1.));
#4060=DIRECTION('ref_axis',(0.683273773680797,-0.730162276620754,1.59409440453661E-16));
#4061=DIRECTION('center_axis',(-6.20642111500265E-15,-5.93131750123015E-15,
1.));
#4062=DIRECTION('ref_axis',(0.683273773680797,-0.730162276620754,-1.15087010872562E-15));
#4063=DIRECTION('',(5.67294949579103E-15,5.0903316816606E-15,-1.));
#4064=DIRECTION('center_axis',(0.986543833512979,0.163496986386646,6.42886723256319E-15));
#4065=DIRECTION('ref_axis',(0.163496986386646,-0.986543833512979,-4.83677355689684E-15));
#4066=DIRECTION('',(-0.163496986386646,0.986543833512979,4.83677355689684E-15));
#4067=DIRECTION('',(5.67294949579103E-15,5.0903316816606E-15,-1.));
#4068=DIRECTION('center_axis',(0.730162276620752,0.6832737736808,7.6202638564165E-15));
#4069=DIRECTION('ref_axis',(0.6832737736808,-0.730162276620752,-9.0139513758656E-17));
#4070=DIRECTION('',(-0.6832737736808,0.730162276620752,9.0139513758656E-17));
#4071=DIRECTION('center_axis',(6.20642111500265E-15,5.93131750123015E-15,
-1.));
#4072=DIRECTION('ref_axis',(0.066273900399994,0.99780146829205,6.32960104644988E-15));
#4073=DIRECTION('center_axis',(-0.824334980250682,0.566102323202358,0.));
#4074=DIRECTION('ref_axis',(0.,0.,1.));
#4075=DIRECTION('',(0.516107085813878,0.751533966483194,-0.410889490246154));
#4076=DIRECTION('',(0.533501467545626,0.77686295160412,-0.334454987332523));
#4077=DIRECTION('',(0.566045155507784,0.767657367839842,-0.300491343514874));
#4078=DIRECTION('center_axis',(0.804854067215452,-0.593472771478814,0.));
#4079=DIRECTION('ref_axis',(0.,0.,-1.));
#4080=DIRECTION('',(0.576011918175347,0.781174061200468,-0.240784875412731));
#4081=DIRECTION('center_axis',(0.,0.,1.));
#4082=DIRECTION('ref_axis',(1.,0.,0.));
#4083=DIRECTION('center_axis',(0.,0.,-1.));
#4084=DIRECTION('ref_axis',(1.,0.,0.));
#4085=DIRECTION('',(0.857167300702112,-1.04972719113862E-16,-0.515038074910054));
#4086=DIRECTION('center_axis',(0.,0.,-1.));
#4087=DIRECTION('ref_axis',(1.,0.,0.));
#4088=DIRECTION('',(0.,0.,-1.));
#4089=DIRECTION('center_axis',(0.,0.,-1.));
#4090=DIRECTION('ref_axis',(1.,0.,0.));
#4091=DIRECTION('',(0.,0.,-1.));
#4092=DIRECTION('center_axis',(0.,0.,-1.));
#4093=DIRECTION('ref_axis',(1.,0.,0.));
#4094=DIRECTION('center_axis',(0.,0.,1.));
#4095=DIRECTION('ref_axis',(1.,0.,0.));
#4096=DIRECTION('',(0.857167300702112,-1.04972719113862E-16,-0.515038074910054));
#4097=CARTESIAN_POINT('',(0.,0.,0.));
#4098=CARTESIAN_POINT('Origin',(-140.23169707,-82.5086571508817,56.));
#4099=CARTESIAN_POINT('',(-141.98169707,-82.5086571508817,56.));
#4100=CARTESIAN_POINT('Origin',(-140.23169707,-82.5086571508817,56.));
#4101=CARTESIAN_POINT('',(-141.48169707,-82.5086571508817,56.));
#4102=CARTESIAN_POINT('Origin',(-140.23169707,-82.5086571508817,56.));
#4103=CARTESIAN_POINT('Origin',(-140.23169707,-82.5086571508817,58.));
#4104=CARTESIAN_POINT('',(-141.98169707,-82.5086571508817,60.));
#4105=CARTESIAN_POINT('Origin',(-140.23169707,-82.5086571508817,60.));
#4106=CARTESIAN_POINT('',(-141.98169707,-82.5086571508817,58.));
#4107=CARTESIAN_POINT('Origin',(-140.23169707,62.4913428491183,56.));
#4108=CARTESIAN_POINT('',(-141.98169707,62.4913428491183,56.));
#4109=CARTESIAN_POINT('Origin',(-140.23169707,62.4913428491183,56.));
#4110=CARTESIAN_POINT('',(-141.48169707,62.4913428491183,56.));
#4111=CARTESIAN_POINT('Origin',(-140.23169707,62.4913428491183,56.));
#4112=CARTESIAN_POINT('Origin',(-140.23169707,62.4913428491183,58.));
#4113=CARTESIAN_POINT('',(-141.98169707,62.4913428491183,60.));
#4114=CARTESIAN_POINT('Origin',(-140.23169707,62.4913428491183,60.));
#4115=CARTESIAN_POINT('',(-141.98169707,62.4913428491183,58.));
#4116=CARTESIAN_POINT('Origin',(-148.220599834624,80.4276240301355,44.));
#4117=CARTESIAN_POINT('',(-148.356989695298,80.7775190292381,42.75));
#4118=CARTESIAN_POINT('Origin',(-148.356989695298,80.7775190292381,44.));
#4119=CARTESIAN_POINT('',(-148.084209973951,80.077729031033,44.));
#4120=CARTESIAN_POINT('',(-148.220599834624,80.4276240301355,43.375));
#4121=CARTESIAN_POINT('Origin',(-148.720175050049,81.7092359380115,44.));
#4122=CARTESIAN_POINT('',(-148.720175050049,81.7092359380115,42.25));
#4123=CARTESIAN_POINT('Origin',(-148.720175050049,81.7092359380115,44.));
#4124=CARTESIAN_POINT('',(-148.720175050049,81.7092359380115,42.75));
#4125=CARTESIAN_POINT('Origin',(-148.720175050049,81.7092359380115,44.));
#4126=CARTESIAN_POINT('Origin',(-149.446545759551,83.5726697555583,44.));
#4127=CARTESIAN_POINT('',(-150.172916469053,85.4361035731051,42.25));
#4128=CARTESIAN_POINT('Origin',(-150.172916469053,85.4361035731051,44.));
#4129=CARTESIAN_POINT('',(-149.446545759551,83.5726697555583,42.25));
#4130=CARTESIAN_POINT('Origin',(-149.264953082175,83.1068113011716,44.));
#4131=CARTESIAN_POINT('',(-149.264953082175,83.1068113011716,42.75));
#4132=CARTESIAN_POINT('Origin',(-148.220599834624,80.4276240301355,14.));
#4133=CARTESIAN_POINT('',(-148.356989695298,80.7775190292381,12.75));
#4134=CARTESIAN_POINT('Origin',(-148.356989695298,80.7775190292381,14.));
#4135=CARTESIAN_POINT('',(-148.084209973951,80.077729031033,14.));
#4136=CARTESIAN_POINT('',(-148.220599834624,80.4276240301355,13.375));
#4137=CARTESIAN_POINT('Origin',(-148.720175050049,81.7092359380115,14.));
#4138=CARTESIAN_POINT('',(-148.720175050049,81.7092359380115,12.25));
#4139=CARTESIAN_POINT('Origin',(-148.720175050049,81.7092359380115,14.));
#4140=CARTESIAN_POINT('',(-148.720175050049,81.7092359380115,12.75));
#4141=CARTESIAN_POINT('Origin',(-148.720175050049,81.7092359380115,14.));
#4142=CARTESIAN_POINT('Origin',(-149.446545759551,83.5726697555583,14.));
#4143=CARTESIAN_POINT('',(-150.172916469053,85.4361035731051,12.25));
#4144=CARTESIAN_POINT('Origin',(-150.172916469053,85.4361035731051,14.));
#4145=CARTESIAN_POINT('',(-149.446545759551,83.5726697555583,12.25));
#4146=CARTESIAN_POINT('Origin',(-149.264953082175,83.1068113011716,14.));
#4147=CARTESIAN_POINT('',(-149.264953082175,83.1068113011716,12.75));
#4148=CARTESIAN_POINT('Origin',(-148.220599834624,-100.444938331899,44.));
#4149=CARTESIAN_POINT('',(-148.356989695298,-100.794833331001,45.25));
#4150=CARTESIAN_POINT('Origin',(-148.356989695298,-100.794833331001,44.));
#4151=CARTESIAN_POINT('',(-148.084209973951,-100.095043332796,44.));
#4152=CARTESIAN_POINT('',(-148.220599834624,-100.444938331899,44.625));
#4153=CARTESIAN_POINT('Origin',(-148.720175050049,-101.726550239775,44.));
#4154=CARTESIAN_POINT('',(-148.720175050049,-101.726550239775,45.75));
#4155=CARTESIAN_POINT('Origin',(-148.720175050049,-101.726550239775,44.));
#4156=CARTESIAN_POINT('',(-148.720175050049,-101.726550239775,45.25));
#4157=CARTESIAN_POINT('Origin',(-148.720175050049,-101.726550239775,44.));
#4158=CARTESIAN_POINT('Origin',(-149.446545759551,-103.589984057322,44.));
#4159=CARTESIAN_POINT('',(-150.172916469053,-105.453417874868,45.75));
#4160=CARTESIAN_POINT('Origin',(-150.172916469053,-105.453417874868,44.));
#4161=CARTESIAN_POINT('',(-149.446545759551,-103.589984057322,45.75));
#4162=CARTESIAN_POINT('Origin',(-149.264953082176,-103.124125602935,44.));
#4163=CARTESIAN_POINT('',(-149.264953082176,-103.124125602935,45.25));
#4164=CARTESIAN_POINT('Origin',(-148.220599834624,-100.444938331899,14.));
#4165=CARTESIAN_POINT('',(-148.356989695298,-100.794833331001,15.25));
#4166=CARTESIAN_POINT('Origin',(-148.356989695298,-100.794833331001,14.));
#4167=CARTESIAN_POINT('',(-148.084209973951,-100.095043332796,14.));
#4168=CARTESIAN_POINT('',(-148.220599834624,-100.444938331899,14.625));
#4169=CARTESIAN_POINT('Origin',(-148.720175050049,-101.726550239775,14.));
#4170=CARTESIAN_POINT('',(-148.720175050049,-101.726550239775,15.75));
#4171=CARTESIAN_POINT('Origin',(-148.720175050049,-101.726550239775,14.));
#4172=CARTESIAN_POINT('',(-148.720175050049,-101.726550239775,15.25));
#4173=CARTESIAN_POINT('Origin',(-148.720175050049,-101.726550239775,14.));
#4174=CARTESIAN_POINT('Origin',(-149.446545759551,-103.589984057322,14.));
#4175=CARTESIAN_POINT('',(-150.172916469053,-105.453417874868,15.75));
#4176=CARTESIAN_POINT('Origin',(-150.172916469053,-105.453417874868,14.));
#4177=CARTESIAN_POINT('',(-149.446545759551,-103.589984057322,15.75));
#4178=CARTESIAN_POINT('Origin',(-149.264953082176,-103.124125602935,14.));
#4179=CARTESIAN_POINT('',(-149.264953082176,-103.124125602935,15.25));
#4180=CARTESIAN_POINT('Origin',(-118.993888590982,66.3822244630675,42.3223304703363));
#4181=CARTESIAN_POINT('',(-135.079749764944,61.3822244630675,42.3223304703363));
#4182=CARTESIAN_POINT('',(-143.603252834439,71.3822244630675,42.3223304703363));
#4183=CARTESIAN_POINT('Ctrl Pts',(-135.079749764944,61.3822244630675,42.3223304703363));
#4184=CARTESIAN_POINT('Ctrl Pts',(-135.079749764944,61.3822244630675,42.6450965610452));
#4185=CARTESIAN_POINT('Ctrl Pts',(-135.123899691125,61.4138221817919,42.9663512190712));
#4186=CARTESIAN_POINT('Ctrl Pts',(-135.289452066906,61.5343772065408,43.5865143782344));
#4187=CARTESIAN_POINT('Ctrl Pts',(-135.410618241362,61.6232762949889,43.8854972439086));
#4188=CARTESIAN_POINT('Ctrl Pts',(-135.854067384119,61.9571236708098,44.7270755772177));
#4189=CARTESIAN_POINT('Ctrl Pts',(-136.257297212653,62.272255889054,45.214780888311));
#4190=CARTESIAN_POINT('Ctrl Pts',(-137.21189884662,63.070210416892,46.1347183367537));
#4191=CARTESIAN_POINT('Ctrl Pts',(-137.863305918936,63.6553443304161,46.5742129498488));
#4192=CARTESIAN_POINT('Ctrl Pts',(-139.161921829363,64.9604871707135,47.1692926131339));
#4193=CARTESIAN_POINT('Ctrl Pts',(-139.808977053205,65.6818087583773,47.3223304703363));
#4194=CARTESIAN_POINT('Ctrl Pts',(-140.861603694534,66.9797044373045,47.3223304703363));
#4195=CARTESIAN_POINT('Ctrl Pts',(-141.357862238681,67.6483411668116,47.2088171895965));
#4196=CARTESIAN_POINT('Ctrl Pts',(-142.225623692309,68.9303044448488,46.6798636366093));
#4197=CARTESIAN_POINT('Ctrl Pts',(-142.598117220607,69.5422804060375,46.2627778432027));
#4198=CARTESIAN_POINT('Ctrl Pts',(-143.103910806897,70.4249414046324,45.3201835271783));
#4199=CARTESIAN_POINT('Ctrl Pts',(-143.294232299677,70.7812589072844,44.7840291101793));
#4200=CARTESIAN_POINT('Ctrl Pts',(-143.543197828741,71.2602012005643,43.5938695050021));
#4201=CARTESIAN_POINT('Ctrl Pts',(-143.603252834439,71.3822244630675,42.9399179015467));
#4202=CARTESIAN_POINT('Ctrl Pts',(-143.603252834439,71.3822244630675,42.3223304703363));
#4203=CARTESIAN_POINT('Ctrl Pts',(-143.603252834439,71.3822244630675,42.3223304703363));
#4204=CARTESIAN_POINT('Ctrl Pts',(-143.603252834439,71.3822244630675,41.704743039126));
#4205=CARTESIAN_POINT('Ctrl Pts',(-143.543197828741,71.2602012005643,41.0507914356705));
#4206=CARTESIAN_POINT('Ctrl Pts',(-143.294232299677,70.7812589072844,39.8606318304933));
#4207=CARTESIAN_POINT('Ctrl Pts',(-143.103910806897,70.4249414046324,39.3244774134943));
#4208=CARTESIAN_POINT('Ctrl Pts',(-142.598117220607,69.5422804060375,38.38188309747));
#4209=CARTESIAN_POINT('Ctrl Pts',(-142.225623692309,68.9303044448488,37.9647973040633));
#4210=CARTESIAN_POINT('Ctrl Pts',(-141.357862238681,67.6483411668116,37.4358437510762));
#4211=CARTESIAN_POINT('Ctrl Pts',(-140.861603694534,66.9797044373045,37.3223304703363));
#4212=CARTESIAN_POINT('Ctrl Pts',(-139.808977053205,65.6818087583773,37.3223304703363));
#4213=CARTESIAN_POINT('Ctrl Pts',(-139.161921829363,64.9604871707135,37.4753683275387));
#4214=CARTESIAN_POINT('Ctrl Pts',(-137.863305918936,63.6553443304161,38.0704479908238));
#4215=CARTESIAN_POINT('Ctrl Pts',(-137.21189884662,63.070210416892,38.5099426039189));
#4216=CARTESIAN_POINT('Ctrl Pts',(-136.257297212653,62.272255889054,39.4298800523617));
#4217=CARTESIAN_POINT('Ctrl Pts',(-135.854067384119,61.9571236708098,39.9175853634549));
#4218=CARTESIAN_POINT('Ctrl Pts',(-135.410618241362,61.6232762949889,40.759163696764));
#4219=CARTESIAN_POINT('Ctrl Pts',(-135.289452066906,61.5343772065409,41.0581465624383));
#4220=CARTESIAN_POINT('Ctrl Pts',(-135.123899691125,61.4138221817919,41.6783097216015));
#4221=CARTESIAN_POINT('Ctrl Pts',(-135.079749764944,61.3822244630675,41.9995643796274));
#4222=CARTESIAN_POINT('Ctrl Pts',(-135.079749764944,61.3822244630675,42.3223304703363));
#4223=CARTESIAN_POINT('',(-151.77762037679,71.3822244630675,42.3223304703363));
#4224=CARTESIAN_POINT('',(-118.993888590982,71.3822244630675,42.3223304703363));
#4225=CARTESIAN_POINT('',(-145.976126106318,61.3822244630675,42.3223304703363));
#4226=CARTESIAN_POINT('Ctrl Pts',(-145.976126106318,61.3822244630675,42.3223304703363));
#4227=CARTESIAN_POINT('Ctrl Pts',(-145.976126106318,61.3822244630675,41.6919287822944));
#4228=CARTESIAN_POINT('Ctrl Pts',(-146.082113342369,61.5087304974243,41.0365372764584));
#4229=CARTESIAN_POINT('Ctrl Pts',(-146.466285046653,61.9856030759352,39.8577954990735));
#4230=CARTESIAN_POINT('Ctrl Pts',(-146.74159252473,62.3349959398234,39.3331159867536));
#4231=CARTESIAN_POINT('Ctrl Pts',(-147.372752127555,63.1773240517978,38.4253366904695));
#4232=CARTESIAN_POINT('Ctrl Pts',(-147.787377180829,63.7562888131259,38.0112808753203));
#4233=CARTESIAN_POINT('Ctrl Pts',(-148.629004629265,65.0283776376829,37.4594315452719));
#4234=CARTESIAN_POINT('Ctrl Pts',(-149.05535832317,65.722230996898,37.3223304703363));
#4235=CARTESIAN_POINT('Ctrl Pts',(-149.779986396676,66.9944596370651,37.3223304703363));
#4236=CARTESIAN_POINT('Ctrl Pts',(-150.134766350821,67.6648921932024,37.4417263189335));
#4237=CARTESIAN_POINT('Ctrl Pts',(-150.752977468059,68.9256604840871,37.9638367174303));
#4238=CARTESIAN_POINT('Ctrl Pts',(-151.017273421991,69.5151969520447,38.3674562779965));
#4239=CARTESIAN_POINT('Ctrl Pts',(-151.393350523144,70.3977422502834,39.2839701118081));
#4240=CARTESIAN_POINT('Ctrl Pts',(-151.540326189191,70.7662234291442,39.8311367501524));
#4241=CARTESIAN_POINT('Ctrl Pts',(-151.731925032907,71.2586154198318,41.0392456532435));
#4242=CARTESIAN_POINT('Ctrl Pts',(-151.77762037679,71.3822244630675,41.7001406142413));
#4243=CARTESIAN_POINT('Ctrl Pts',(-151.77762037679,71.3822244630675,42.3223304703363));
#4244=CARTESIAN_POINT('Ctrl Pts',(-151.77762037679,71.3822244630675,42.3223304703363));
#4245=CARTESIAN_POINT('Ctrl Pts',(-151.77762037679,71.3822244630675,42.9445203264313));
#4246=CARTESIAN_POINT('Ctrl Pts',(-151.731925032907,71.2586154198318,43.6054152874291));
#4247=CARTESIAN_POINT('Ctrl Pts',(-151.540326189191,70.7662234291443,44.8135241905202));
#4248=CARTESIAN_POINT('Ctrl Pts',(-151.393350523144,70.3977422502834,45.3606908288646));
#4249=CARTESIAN_POINT('Ctrl Pts',(-151.017273421991,69.5151969520447,46.2772046626762));
#4250=CARTESIAN_POINT('Ctrl Pts',(-150.752977468059,68.9256604840871,46.6808242232423));
#4251=CARTESIAN_POINT('Ctrl Pts',(-150.134766350821,67.6648921932024,47.2029346217391));
#4252=CARTESIAN_POINT('Ctrl Pts',(-149.779986396676,66.9944596370651,47.3223304703363));
#4253=CARTESIAN_POINT('Ctrl Pts',(-149.05535832317,65.722230996898,47.3223304703363));
#4254=CARTESIAN_POINT('Ctrl Pts',(-148.629004629265,65.0283776376829,47.1852293954007));
#4255=CARTESIAN_POINT('Ctrl Pts',(-147.787377180829,63.7562888131259,46.6333800653524));
#4256=CARTESIAN_POINT('Ctrl Pts',(-147.372752127555,63.1773240517978,46.2193242502032));
#4257=CARTESIAN_POINT('Ctrl Pts',(-146.74159252473,62.3349959398234,45.3115449539191));
#4258=CARTESIAN_POINT('Ctrl Pts',(-146.466285046653,61.9856030759352,44.7868654415992));
#4259=CARTESIAN_POINT('Ctrl Pts',(-146.082113342369,61.5087304974243,43.6081236642143));
#4260=CARTESIAN_POINT('Ctrl Pts',(-145.976126106318,61.3822244630675,42.9527321583783));
#4261=CARTESIAN_POINT('Ctrl Pts',(-145.976126106318,61.3822244630675,42.3223304703363));
#4262=CARTESIAN_POINT('Origin',(-118.993888590982,-86.3995387648309,42.3223304703363));
#4263=CARTESIAN_POINT('',(-143.603252834439,-91.3995387648309,42.3223304703363));
#4264=CARTESIAN_POINT('',(-135.079749764944,-81.3995387648309,42.3223304703363));
#4265=CARTESIAN_POINT('Ctrl Pts',(-143.603252834439,-91.3995387648309,42.3223304703363));
#4266=CARTESIAN_POINT('Ctrl Pts',(-143.603252834439,-91.3995387648309,42.9399179015467));
#4267=CARTESIAN_POINT('Ctrl Pts',(-143.543197828741,-91.2775155023276,43.5938695050021));
#4268=CARTESIAN_POINT('Ctrl Pts',(-143.294232299677,-90.7985732090478,44.7840291101794));
#4269=CARTESIAN_POINT('Ctrl Pts',(-143.103910806897,-90.4422557063958,45.3201835271784));
#4270=CARTESIAN_POINT('Ctrl Pts',(-142.598117220607,-89.5595947078008,46.2627778432027));
#4271=CARTESIAN_POINT('Ctrl Pts',(-142.225623692309,-88.9476187466121,46.6798636366093));
#4272=CARTESIAN_POINT('Ctrl Pts',(-141.357862238681,-87.6656554685749,47.2088171895965));
#4273=CARTESIAN_POINT('Ctrl Pts',(-140.861603694534,-86.9970187390678,47.3223304703363));
#4274=CARTESIAN_POINT('Ctrl Pts',(-139.808977053205,-85.6991230601406,47.3223304703363));
#4275=CARTESIAN_POINT('Ctrl Pts',(-139.161921829363,-84.9778014724769,47.1692926131339));
#4276=CARTESIAN_POINT('Ctrl Pts',(-137.863305918936,-83.6726586321794,46.5742129498488));
#4277=CARTESIAN_POINT('Ctrl Pts',(-137.21189884662,-83.0875247186553,46.1347183367537));
#4278=CARTESIAN_POINT('Ctrl Pts',(-136.257297212653,-82.2895701908173,45.214780888311));
#4279=CARTESIAN_POINT('Ctrl Pts',(-135.854067384119,-81.9744379725731,44.7270755772177));
#4280=CARTESIAN_POINT('Ctrl Pts',(-135.410618241362,-81.6405905967522,43.8854972439086));
#4281=CARTESIAN_POINT('Ctrl Pts',(-135.289452066906,-81.5516915083042,43.5865143782343));
#4282=CARTESIAN_POINT('Ctrl Pts',(-135.123899691125,-81.4311364835552,42.9663512190711));
#4283=CARTESIAN_POINT('Ctrl Pts',(-135.079749764944,-81.3995387648309,42.6450965610452));
#4284=CARTESIAN_POINT('Ctrl Pts',(-135.079749764944,-81.3995387648309,42.3223304703363));
#4285=CARTESIAN_POINT('Ctrl Pts',(-135.079749764944,-81.3995387648309,42.3223304703363));
#4286=CARTESIAN_POINT('Ctrl Pts',(-135.079749764944,-81.3995387648309,41.9995643796274));
#4287=CARTESIAN_POINT('Ctrl Pts',(-135.123899691125,-81.4311364835552,41.6783097216015));
#4288=CARTESIAN_POINT('Ctrl Pts',(-135.289452066906,-81.5516915083041,41.0581465624382));
#4289=CARTESIAN_POINT('Ctrl Pts',(-135.410618241362,-81.6405905967522,40.759163696764));
#4290=CARTESIAN_POINT('Ctrl Pts',(-135.854067384119,-81.9744379725731,39.9175853634549));
#4291=CARTESIAN_POINT('Ctrl Pts',(-136.257297212653,-82.2895701908173,39.4298800523617));
#4292=CARTESIAN_POINT('Ctrl Pts',(-137.21189884662,-83.0875247186553,38.5099426039189));
#4293=CARTESIAN_POINT('Ctrl Pts',(-137.863305918936,-83.6726586321794,38.0704479908238));
#4294=CARTESIAN_POINT('Ctrl Pts',(-139.161921829363,-84.9778014724769,37.4753683275387));
#4295=CARTESIAN_POINT('Ctrl Pts',(-139.808977053205,-85.6991230601406,37.3223304703363));
#4296=CARTESIAN_POINT('Ctrl Pts',(-140.861603694534,-86.9970187390678,37.3223304703363));
#4297=CARTESIAN_POINT('Ctrl Pts',(-141.357862238681,-87.6656554685749,37.4358437510762));
#4298=CARTESIAN_POINT('Ctrl Pts',(-142.225623692309,-88.9476187466121,37.9647973040633));
#4299=CARTESIAN_POINT('Ctrl Pts',(-142.598117220607,-89.5595947078008,38.38188309747));
#4300=CARTESIAN_POINT('Ctrl Pts',(-143.103910806897,-90.4422557063958,39.3244774134943));
#4301=CARTESIAN_POINT('Ctrl Pts',(-143.294232299677,-90.7985732090477,39.8606318304933));
#4302=CARTESIAN_POINT('Ctrl Pts',(-143.543197828741,-91.2775155023276,41.0507914356705));
#4303=CARTESIAN_POINT('Ctrl Pts',(-143.603252834439,-91.3995387648309,41.7047430391259));
#4304=CARTESIAN_POINT('Ctrl Pts',(-143.603252834439,-91.3995387648309,42.3223304703363));
#4305=CARTESIAN_POINT('',(-145.976126106318,-81.3995387648309,42.3223304703363));
#4306=CARTESIAN_POINT('',(-118.993888590982,-81.3995387648309,42.3223304703363));
#4307=CARTESIAN_POINT('',(-151.77762037679,-91.3995387648309,42.3223304703363));
#4308=CARTESIAN_POINT('Ctrl Pts',(-151.77762037679,-91.3995387648309,42.3223304703363));
#4309=CARTESIAN_POINT('Ctrl Pts',(-151.77762037679,-91.3995387648309,41.7001406142413));
#4310=CARTESIAN_POINT('Ctrl Pts',(-151.731925032907,-91.2759297215951,41.0392456532435));
#4311=CARTESIAN_POINT('Ctrl Pts',(-151.540326189191,-90.7835377309076,39.8311367501524));
#4312=CARTESIAN_POINT('Ctrl Pts',(-151.393350523144,-90.4150565520467,39.2839701118081));
#4313=CARTESIAN_POINT('Ctrl Pts',(-151.017273421991,-89.5325112538081,38.3674562779965));
#4314=CARTESIAN_POINT('Ctrl Pts',(-150.752977468059,-88.9429747858504,37.9638367174303));
#4315=CARTESIAN_POINT('Ctrl Pts',(-150.134766350821,-87.6822064949657,37.4417263189335));
#4316=CARTESIAN_POINT('Ctrl Pts',(-149.779986396676,-87.0117739388284,37.3223304703363));
#4317=CARTESIAN_POINT('Ctrl Pts',(-149.05535832317,-85.7395452986614,37.3223304703363));
#4318=CARTESIAN_POINT('Ctrl Pts',(-148.629004629265,-85.0456919394462,37.4594315452719));
#4319=CARTESIAN_POINT('Ctrl Pts',(-147.787377180829,-83.7736031148892,38.0112808753203));
#4320=CARTESIAN_POINT('Ctrl Pts',(-147.372752127555,-83.1946383535611,38.4253366904695));
#4321=CARTESIAN_POINT('Ctrl Pts',(-146.74159252473,-82.3523102415867,39.3331159867536));
#4322=CARTESIAN_POINT('Ctrl Pts',(-146.466285046653,-82.0029173776985,39.8577954990735));
#4323=CARTESIAN_POINT('Ctrl Pts',(-146.082113342369,-81.5260447991876,41.0365372764584));
#4324=CARTESIAN_POINT('Ctrl Pts',(-145.976126106318,-81.3995387648309,41.6919287822944));
#4325=CARTESIAN_POINT('Ctrl Pts',(-145.976126106318,-81.3995387648309,42.3223304703363));
#4326=CARTESIAN_POINT('Ctrl Pts',(-145.976126106318,-81.3995387648309,42.3223304703363));
#4327=CARTESIAN_POINT('Ctrl Pts',(-145.976126106318,-81.3995387648309,42.9527321583783));
#4328=CARTESIAN_POINT('Ctrl Pts',(-146.082113342369,-81.5260447991876,43.6081236642143));
#4329=CARTESIAN_POINT('Ctrl Pts',(-146.466285046653,-82.0029173776985,44.7868654415992));
#4330=CARTESIAN_POINT('Ctrl Pts',(-146.74159252473,-82.3523102415867,45.3115449539191));
#4331=CARTESIAN_POINT('Ctrl Pts',(-147.372752127555,-83.1946383535611,46.2193242502032));
#4332=CARTESIAN_POINT('Ctrl Pts',(-147.787377180829,-83.7736031148892,46.6333800653524));
#4333=CARTESIAN_POINT('Ctrl Pts',(-148.629004629265,-85.0456919394462,47.1852293954007));
#4334=CARTESIAN_POINT('Ctrl Pts',(-149.05535832317,-85.7395452986614,47.3223304703363));
#4335=CARTESIAN_POINT('Ctrl Pts',(-149.779986396676,-87.0117739388284,47.3223304703363));
#4336=CARTESIAN_POINT('Ctrl Pts',(-150.134766350821,-87.6822064949657,47.2029346217391));
#4337=CARTESIAN_POINT('Ctrl Pts',(-150.752977468059,-88.9429747858504,46.6808242232423));
#4338=CARTESIAN_POINT('Ctrl Pts',(-151.017273421991,-89.5325112538081,46.2772046626762));
#4339=CARTESIAN_POINT('Ctrl Pts',(-151.393350523144,-90.4150565520467,45.3606908288646));
#4340=CARTESIAN_POINT('Ctrl Pts',(-151.540326189191,-90.7835377309076,44.8135241905202));
#4341=CARTESIAN_POINT('Ctrl Pts',(-151.731925032907,-91.2759297215951,43.6054152874291));
#4342=CARTESIAN_POINT('Ctrl Pts',(-151.77762037679,-91.3995387648309,42.9445203264313));
#4343=CARTESIAN_POINT('Ctrl Pts',(-151.77762037679,-91.3995387648309,42.3223304703363));
#4344=CARTESIAN_POINT('Origin',(-114.018493634403,52.4545462847148,9.37553788689223));
#4345=CARTESIAN_POINT('',(-112.768493634403,52.4545462847148,9.));
#4346=CARTESIAN_POINT('Origin',(-114.018493634403,52.4545462847148,9.));
#4347=CARTESIAN_POINT('',(-114.018493634403,52.4545462847148,9.75107577378445));
#4348=CARTESIAN_POINT('',(-113.393493634403,52.4545462847148,9.37553788689223));
#4349=CARTESIAN_POINT('Origin',(-114.018493634403,52.4545462847148,-2.));
#4350=CARTESIAN_POINT('',(-112.268493634403,52.4545462847148,-2.));
#4351=CARTESIAN_POINT('Origin',(-114.018493634403,52.4545462847148,-2.));
#4352=CARTESIAN_POINT('',(-112.768493634403,52.4545462847148,-2.));
#4353=CARTESIAN_POINT('Origin',(-114.018493634403,52.4545462847148,-2.));
#4354=CARTESIAN_POINT('Origin',(-114.018493634403,52.4545462847148,-4.));
#4355=CARTESIAN_POINT('',(-112.268493634403,52.4545462847148,-6.));
#4356=CARTESIAN_POINT('Origin',(-114.018493634403,52.4545462847148,-6.));
#4357=CARTESIAN_POINT('',(-112.268493634403,52.4545462847148,-4.));
#4358=CARTESIAN_POINT('Origin',(-114.018493634403,52.4545462847148,1.5));
#4359=CARTESIAN_POINT('',(-112.768493634403,52.4545462847148,1.5));
#4360=CARTESIAN_POINT('Origin',(-113.46081014738,-40.4767205003696,9.37553788689223));
#4361=CARTESIAN_POINT('',(-112.21081014738,-40.4767205003696,9.));
#4362=CARTESIAN_POINT('Origin',(-113.46081014738,-40.4767205003696,9.));
#4363=CARTESIAN_POINT('',(-113.46081014738,-40.4767205003696,9.75107577378445));
#4364=CARTESIAN_POINT('',(-112.83581014738,-40.4767205003696,9.37553788689223));
#4365=CARTESIAN_POINT('Origin',(-113.46081014738,-40.4767205003696,-2.));
#4366=CARTESIAN_POINT('',(-111.71081014738,-40.4767205003696,-2.));
#4367=CARTESIAN_POINT('Origin',(-113.46081014738,-40.4767205003696,-2.));
#4368=CARTESIAN_POINT('',(-112.21081014738,-40.4767205003696,-2.));
#4369=CARTESIAN_POINT('Origin',(-113.46081014738,-40.4767205003696,-2.));
#4370=CARTESIAN_POINT('Origin',(-113.46081014738,-40.4767205003696,-4.));
#4371=CARTESIAN_POINT('',(-111.71081014738,-40.4767205003696,-6.));
#4372=CARTESIAN_POINT('Origin',(-113.46081014738,-40.4767205003696,-6.));
#4373=CARTESIAN_POINT('',(-111.71081014738,-40.4767205003696,-4.));
#4374=CARTESIAN_POINT('Origin',(-113.46081014738,-40.4767205003696,1.5));
#4375=CARTESIAN_POINT('',(-112.21081014738,-40.4767205003696,1.5));
#4376=CARTESIAN_POINT('Origin',(-150.14957794977,-100.998243625614,9.37553788689223));
#4377=CARTESIAN_POINT('',(-148.89957794977,-100.998243625614,9.));
#4378=CARTESIAN_POINT('Origin',(-150.14957794977,-100.998243625614,9.));
#4379=CARTESIAN_POINT('',(-150.14957794977,-100.998243625614,9.75107577378445));
#4380=CARTESIAN_POINT('',(-149.52457794977,-100.998243625614,9.37553788689223));
#4381=CARTESIAN_POINT('Origin',(-150.14957794977,-100.998243625614,-2.));
#4382=CARTESIAN_POINT('',(-148.39957794977,-100.998243625614,-2.));
#4383=CARTESIAN_POINT('Origin',(-150.14957794977,-100.998243625614,-2.));
#4384=CARTESIAN_POINT('',(-148.89957794977,-100.998243625614,-2.));
#4385=CARTESIAN_POINT('Origin',(-150.14957794977,-100.998243625614,-2.));
#4386=CARTESIAN_POINT('Origin',(-150.14957794977,-100.998243625614,-4.));
#4387=CARTESIAN_POINT('',(-148.39957794977,-100.998243625614,-6.));
#4388=CARTESIAN_POINT('Origin',(-150.14957794977,-100.998243625614,-6.));
#4389=CARTESIAN_POINT('',(-148.39957794977,-100.998243625614,-4.));
#4390=CARTESIAN_POINT('Origin',(-150.14957794977,-100.998243625614,1.5));
#4391=CARTESIAN_POINT('',(-148.89957794977,-100.998243625614,1.5));
#4392=CARTESIAN_POINT('Origin',(-114.018493634403,-72.471860586478,9.37553788689223));
#4393=CARTESIAN_POINT('',(-112.768493634403,-72.471860586478,9.));
#4394=CARTESIAN_POINT('Origin',(-114.018493634403,-72.471860586478,9.));
#4395=CARTESIAN_POINT('',(-114.018493634403,-72.471860586478,9.75107577378445));
#4396=CARTESIAN_POINT('',(-113.393493634403,-72.471860586478,9.37553788689223));
#4397=CARTESIAN_POINT('Origin',(-114.018493634403,-72.471860586478,-2.));
#4398=CARTESIAN_POINT('',(-112.268493634403,-72.471860586478,-2.));
#4399=CARTESIAN_POINT('Origin',(-114.018493634403,-72.471860586478,-2.));
#4400=CARTESIAN_POINT('',(-112.768493634403,-72.471860586478,-2.));
#4401=CARTESIAN_POINT('Origin',(-114.018493634403,-72.471860586478,-2.));
#4402=CARTESIAN_POINT('Origin',(-114.018493634403,-72.471860586478,-4.));
#4403=CARTESIAN_POINT('',(-112.268493634403,-72.471860586478,-6.));
#4404=CARTESIAN_POINT('Origin',(-114.018493634403,-72.471860586478,-6.));
#4405=CARTESIAN_POINT('',(-112.268493634403,-72.471860586478,-4.));
#4406=CARTESIAN_POINT('Origin',(-114.018493634403,-72.471860586478,1.5));
#4407=CARTESIAN_POINT('',(-112.768493634403,-72.471860586478,1.5));
#4408=CARTESIAN_POINT('Origin',(-113.458210307874,20.459451620157,9.37553788689223));
#4409=CARTESIAN_POINT('',(-112.208210307874,20.459451620157,9.));
#4410=CARTESIAN_POINT('Origin',(-113.458210307874,20.459451620157,9.));
#4411=CARTESIAN_POINT('',(-113.458210307874,20.459451620157,9.75107577378445));
#4412=CARTESIAN_POINT('',(-112.833210307874,20.459451620157,9.37553788689223));
#4413=CARTESIAN_POINT('Origin',(-113.458210307874,20.459451620157,-2.));
#4414=CARTESIAN_POINT('',(-111.708210307874,20.459451620157,-2.));
#4415=CARTESIAN_POINT('Origin',(-113.458210307874,20.459451620157,-2.));
#4416=CARTESIAN_POINT('',(-112.208210307874,20.459451620157,-2.));
#4417=CARTESIAN_POINT('Origin',(-113.458210307874,20.459451620157,-2.));
#4418=CARTESIAN_POINT('Origin',(-113.458210307874,20.459451620157,-4.));
#4419=CARTESIAN_POINT('',(-111.708210307874,20.459451620157,-6.));
#4420=CARTESIAN_POINT('Origin',(-113.458210307874,20.459451620157,-6.));
#4421=CARTESIAN_POINT('',(-111.708210307874,20.459451620157,-4.));
#4422=CARTESIAN_POINT('Origin',(-113.458210307874,20.459451620157,1.5));
#4423=CARTESIAN_POINT('',(-112.208210307874,20.459451620157,1.5));
#4424=CARTESIAN_POINT('Origin',(-150.14957794977,80.9809293238504,9.37553788689223));
#4425=CARTESIAN_POINT('',(-148.89957794977,80.9809293238504,9.));
#4426=CARTESIAN_POINT('Origin',(-150.14957794977,80.9809293238504,9.));
#4427=CARTESIAN_POINT('',(-150.14957794977,80.9809293238504,9.75107577378445));
#4428=CARTESIAN_POINT('',(-149.52457794977,80.9809293238504,9.37553788689223));
#4429=CARTESIAN_POINT('Origin',(-150.14957794977,80.9809293238504,-2.));
#4430=CARTESIAN_POINT('',(-148.39957794977,80.9809293238504,-2.));
#4431=CARTESIAN_POINT('Origin',(-150.14957794977,80.9809293238504,-2.));
#4432=CARTESIAN_POINT('',(-148.89957794977,80.9809293238504,-2.));
#4433=CARTESIAN_POINT('Origin',(-150.14957794977,80.9809293238504,-2.));
#4434=CARTESIAN_POINT('Origin',(-150.14957794977,80.9809293238504,-4.));
#4435=CARTESIAN_POINT('',(-148.39957794977,80.9809293238504,-6.));
#4436=CARTESIAN_POINT('Origin',(-150.14957794977,80.9809293238504,-6.));
#4437=CARTESIAN_POINT('',(-148.39957794977,80.9809293238504,-4.));
#4438=CARTESIAN_POINT('Origin',(-150.14957794977,80.9809293238504,1.5));
#4439=CARTESIAN_POINT('',(-148.89957794977,80.9809293238504,1.5));
#4440=CARTESIAN_POINT('Origin',(-120.875095352202,-50.9332117467985,56.));
#4441=CARTESIAN_POINT('',(-109.284131474706,-78.0023700521801,56.));
#4442=CARTESIAN_POINT('',(-108.612022707708,-36.8726064211306,56.));
#4443=CARTESIAN_POINT('',(-109.444950039147,-87.8436782863906,56.));
#4444=CARTESIAN_POINT('',(-104.054333731527,-102.685560243367,56.));
#4445=CARTESIAN_POINT('',(-108.612022707708,-36.8726064211306,56.));
#4446=CARTESIAN_POINT('',(-104.018493634403,-103.721860586478,56.));
#4447=CARTESIAN_POINT('Origin',(-119.018493634403,-103.721860586478,56.));
#4448=CARTESIAN_POINT('',(-125.666895435739,-117.168003285706,56.));
#4449=CARTESIAN_POINT('Origin',(-119.018493634403,-103.721860586478,56.));
#4450=CARTESIAN_POINT('',(-146.328113834845,-106.952130622812,56.));
#4451=CARTESIAN_POINT('',(-146.328113834845,-106.952130622812,56.));
#4452=CARTESIAN_POINT('Origin',(-119.018493634403,-103.721860586478,56.));
#4453=CARTESIAN_POINT('',(-111.468493634403,-103.721860586478,56.));
#4454=CARTESIAN_POINT('Origin',(-119.018493634403,-103.721860586478,56.));
#4455=CARTESIAN_POINT('Origin',(-120.875095352202,-50.9332117467985,56.));
#4456=CARTESIAN_POINT('',(-108.612016878554,16.855437092881,56.));
#4457=CARTESIAN_POINT('',(-109.284131474706,57.9850557504167,56.));
#4458=CARTESIAN_POINT('',(-108.461187238751,7.62490041789257,56.));
#4459=CARTESIAN_POINT('',(-146.328113834845,86.9348163210485,56.));
#4460=CARTESIAN_POINT('Origin',(-119.018493634403,83.7045462847148,56.));
#4461=CARTESIAN_POINT('',(-125.666895435739,97.1506889839424,56.));
#4462=CARTESIAN_POINT('',(-146.328113834845,86.9348163210485,56.));
#4463=CARTESIAN_POINT('',(-104.018493634403,83.7045462847148,56.));
#4464=CARTESIAN_POINT('Origin',(-119.018493634403,83.7045462847148,56.));
#4465=CARTESIAN_POINT('',(-104.054333731527,82.6682459416033,56.));
#4466=CARTESIAN_POINT('Origin',(-119.018493634403,83.7045462847148,56.));
#4467=CARTESIAN_POINT('',(-108.612022707708,16.8552921193673,56.));
#4468=CARTESIAN_POINT('',(-111.468493634403,83.7045462847148,56.));
#4469=CARTESIAN_POINT('Origin',(-119.018493634403,83.7045462847148,56.));
#4470=CARTESIAN_POINT('Origin',(-120.875095352202,-50.9332117467985,56.));
#4471=CARTESIAN_POINT('',(-108.612022707708,16.8552921193673,56.));
#4472=CARTESIAN_POINT('',(-108.461187238751,7.62490041789257,56.));
#4473=CARTESIAN_POINT('',(-92.1998413485162,0.672167492461777,56.));
#4474=CARTESIAN_POINT('',(-108.612016878554,16.855437092881,56.));
#4475=CARTESIAN_POINT('',(-87.7316970699998,-10.0086571508816,56.));
#4476=CARTESIAN_POINT('Origin',(-102.73169707,-10.0086571508816,56.));
#4477=CARTESIAN_POINT('',(-92.199891081441,-20.6895308332803,56.));
#4478=CARTESIAN_POINT('Origin',(-102.73169707,-10.0086571508816,56.));
#4479=CARTESIAN_POINT('',(-108.612022707708,-36.8726064211306,56.));
#4480=CARTESIAN_POINT('',(-118.993888590982,-32.1850213013661,56.));
#4481=CARTESIAN_POINT('Origin',(-102.73169707,-10.0086571508816,56.));
#4482=CARTESIAN_POINT('',(-124.570274141762,-22.1773280512183,56.));
#4483=CARTESIAN_POINT('',(-118.993888590982,-32.1850213013661,56.));
#4484=CARTESIAN_POINT('',(-124.570302622272,2.15996263659968,56.));
#4485=CARTESIAN_POINT('Origin',(-102.73169707,-10.0086571508816,56.));
#4486=CARTESIAN_POINT('',(-118.993888590982,12.1677620873451,56.));
#4487=CARTESIAN_POINT('',(-118.993888590982,12.1677620873451,56.));
#4488=CARTESIAN_POINT('',(-118.993888590982,12.1677069996028,56.));
#4489=CARTESIAN_POINT('',(-118.993888590982,51.9143519148497,56.));
#4490=CARTESIAN_POINT('Origin',(-102.73169707,-10.0086571508816,56.));
#4491=CARTESIAN_POINT('',(-95.1816970699998,-10.0086571508816,56.));
#4492=CARTESIAN_POINT('Origin',(-102.73169707,-10.0086571508816,56.));
#4493=CARTESIAN_POINT('Origin',(-200.23169707,-10.0086571508817,60.));
#4494=CARTESIAN_POINT('',(-111.468493634403,-103.721860586478,60.));
#4495=CARTESIAN_POINT('Origin',(-119.018493634403,-103.721860586478,60.));
#4496=CARTESIAN_POINT('',(-113.518493634403,-103.721860586478,60.));
#4497=CARTESIAN_POINT('Origin',(-119.018493634403,-103.721860586478,60.));
#4498=CARTESIAN_POINT('Origin',(-119.018493634403,-103.721860586478,60.));
#4499=CARTESIAN_POINT('',(-113.518493634403,-103.721860586478,63.));
#4500=CARTESIAN_POINT('Origin',(-119.018493634403,-103.721860586478,63.));
#4501=CARTESIAN_POINT('',(-113.518493634403,-103.721860586478,60.));
#4502=CARTESIAN_POINT('Origin',(-200.23169707,-10.0086571508817,63.));
#4503=CARTESIAN_POINT('',(-104.018493634403,-103.721860586478,63.));
#4504=CARTESIAN_POINT('Origin',(-119.018493634403,-103.721860586478,63.));
#4505=CARTESIAN_POINT('Origin',(-200.23169707,-10.0086571508817,60.));
#4506=CARTESIAN_POINT('',(-95.1816970699998,-10.0086571508816,60.));
#4507=CARTESIAN_POINT('Origin',(-102.73169707,-10.0086571508816,60.));
#4508=CARTESIAN_POINT('',(-97.2316970699998,-10.0086571508816,60.));
#4509=CARTESIAN_POINT('Origin',(-102.73169707,-10.0086571508816,60.));
#4510=CARTESIAN_POINT('Origin',(-102.73169707,-10.0086571508816,60.));
#4511=CARTESIAN_POINT('',(-97.2316970699998,-10.0086571508816,63.));
#4512=CARTESIAN_POINT('Origin',(-102.73169707,-10.0086571508816,63.));
#4513=CARTESIAN_POINT('',(-97.2316970699998,-10.0086571508816,60.));
#4514=CARTESIAN_POINT('Origin',(-200.23169707,-10.0086571508817,63.));
#4515=CARTESIAN_POINT('',(-87.7316970699998,-10.0086571508816,63.));
#4516=CARTESIAN_POINT('Origin',(-102.73169707,-10.0086571508816,63.));
#4517=CARTESIAN_POINT('Origin',(-200.23169707,-10.0086571508817,60.));
#4518=CARTESIAN_POINT('',(-111.468493634403,83.7045462847148,60.));
#4519=CARTESIAN_POINT('Origin',(-119.018493634403,83.7045462847148,60.));
#4520=CARTESIAN_POINT('',(-113.518493634403,83.7045462847148,60.));
#4521=CARTESIAN_POINT('Origin',(-119.018493634403,83.7045462847148,60.));
#4522=CARTESIAN_POINT('Origin',(-119.018493634403,83.7045462847148,60.));
#4523=CARTESIAN_POINT('',(-113.518493634403,83.7045462847148,63.));
#4524=CARTESIAN_POINT('Origin',(-119.018493634403,83.7045462847148,63.));
#4525=CARTESIAN_POINT('',(-113.518493634403,83.7045462847148,60.));
#4526=CARTESIAN_POINT('Origin',(-200.23169707,-10.0086571508817,63.));
#4527=CARTESIAN_POINT('',(-104.018493634403,83.7045462847148,63.));
#4528=CARTESIAN_POINT('Origin',(-119.018493634403,83.7045462847148,63.));
#4529=CARTESIAN_POINT('Origin',(-108.612022707708,16.8552921193673,56.));
#4530=CARTESIAN_POINT('',(-108.612016878554,16.855437092881,60.));
#4531=CARTESIAN_POINT('',(-108.612016878554,16.855437092881,56.));
#4532=CARTESIAN_POINT('',(-104.054333731527,82.6682459416033,60.));
#4533=CARTESIAN_POINT('',(-104.054333731527,82.6682459416033,56.));
#4534=CARTESIAN_POINT('',(-108.612022707708,16.8552921193673,60.));
#4535=CARTESIAN_POINT('Origin',(-119.018493634403,83.7045462847148,56.));
#4536=CARTESIAN_POINT('',(-111.468493634403,83.7045462847148,56.));
#4537=CARTESIAN_POINT('Origin',(-125.666895435739,97.1506889839424,56.));
#4538=CARTESIAN_POINT('',(-146.328113834845,86.9348163210485,60.));
#4539=CARTESIAN_POINT('',(-146.328113834845,86.9348163210485,56.));
#4540=CARTESIAN_POINT('',(-125.666895435739,97.1506889839424,60.));
#4541=CARTESIAN_POINT('',(-146.328113834845,86.9348163210485,60.));
#4542=CARTESIAN_POINT('',(-125.666895435739,97.1506889839424,56.));
#4543=CARTESIAN_POINT('Origin',(-119.018493634403,83.7045462847148,56.));
#4544=CARTESIAN_POINT('',(-104.018493634403,83.7045462847148,56.));
#4545=CARTESIAN_POINT('Origin',(-119.018493634403,83.7045462847148,60.));
#4546=CARTESIAN_POINT('Origin',(-120.875095352202,-50.9332117467985,60.));
#4547=CARTESIAN_POINT('',(-125.666895435739,-117.168003285706,60.));
#4548=CARTESIAN_POINT('',(-104.054333731527,-102.685560243367,60.));
#4549=CARTESIAN_POINT('Origin',(-119.018493634403,-103.721860586478,60.));
#4550=CARTESIAN_POINT('',(-108.612022707708,-36.8726064211306,60.));
#4551=CARTESIAN_POINT('',(-108.612022707708,-36.8726064211306,60.));
#4552=CARTESIAN_POINT('',(-92.199891081441,-20.6895308332803,60.));
#4553=CARTESIAN_POINT('',(-108.612022707708,-36.8726064211306,60.));
#4554=CARTESIAN_POINT('',(-92.1998413485162,0.672167492461782,60.));
#4555=CARTESIAN_POINT('Origin',(-102.73169707,-10.0086571508816,60.));
#4556=CARTESIAN_POINT('',(-108.612016878554,16.855437092881,60.));
#4557=CARTESIAN_POINT('',(-154.017719103262,83.9373908251617,60.));
#4558=CARTESIAN_POINT('',(-146.328113834845,86.9348163210485,60.));
#4559=CARTESIAN_POINT('',(-118.993888590982,48.7045549334038,60.));
#4560=CARTESIAN_POINT('Origin',(-119.018493634403,83.7045462847148,60.));
#4561=CARTESIAN_POINT('',(-118.993888590982,12.1677620873451,60.));
#4562=CARTESIAN_POINT('',(-118.993888590982,48.7045549334038,60.));
#4563=CARTESIAN_POINT('',(-124.570302622272,2.15996263659969,60.));
#4564=CARTESIAN_POINT('',(-118.993888590982,12.1677620873451,60.));
#4565=CARTESIAN_POINT('',(-124.570274141762,-22.1773280512183,60.));
#4566=CARTESIAN_POINT('Origin',(-102.73169707,-10.0086571508816,60.));
#4567=CARTESIAN_POINT('',(-118.993888590982,-32.1850213013661,60.));
#4568=CARTESIAN_POINT('',(-118.993888590982,-32.1850213013661,60.));
#4569=CARTESIAN_POINT('',(-118.993888590982,-68.7218692351672,60.));
#4570=CARTESIAN_POINT('',(-118.993888590982,-32.1850213013661,60.));
#4571=CARTESIAN_POINT('',(-154.017719103262,-103.954705126925,60.));
#4572=CARTESIAN_POINT('Origin',(-119.018493634403,-103.721860586478,60.));
#4573=CARTESIAN_POINT('',(-146.328113834845,-106.952130622812,60.));
#4574=CARTESIAN_POINT('',(-154.017719103262,-103.954705126925,60.));
#4575=CARTESIAN_POINT('',(-146.328113834845,-106.952130622812,60.));
#4576=CARTESIAN_POINT('Origin',(-102.73169707,-10.0086571508816,56.));
#4577=CARTESIAN_POINT('',(-95.1816970699998,-10.0086571508816,56.));
#4578=CARTESIAN_POINT('Origin',(-119.018493634403,-103.721860586478,56.));
#4579=CARTESIAN_POINT('',(-111.468493634403,-103.721860586478,56.));
#4580=CARTESIAN_POINT('Origin',(-92.1998413485162,0.672167492461777,56.));
#4581=CARTESIAN_POINT('',(-92.1998413485162,0.672167492461777,56.));
#4582=CARTESIAN_POINT('Origin',(-102.73169707,-10.0086571508816,56.));
#4583=CARTESIAN_POINT('',(-87.7316970699998,-10.0086571508816,56.));
#4584=CARTESIAN_POINT('',(-92.199891081441,-20.6895308332803,56.));
#4585=CARTESIAN_POINT('Origin',(-108.612022707708,-36.8726064211306,56.));
#4586=CARTESIAN_POINT('',(-108.612022707708,-36.8726064211306,56.));
#4587=CARTESIAN_POINT('Origin',(-104.054333731527,-102.685560243367,56.));
#4588=CARTESIAN_POINT('',(-104.054333731527,-102.685560243367,56.));
#4589=CARTESIAN_POINT('Origin',(-119.018493634403,-103.721860586478,56.));
#4590=CARTESIAN_POINT('',(-104.018493634403,-103.721860586478,56.));
#4591=CARTESIAN_POINT('',(-125.666895435739,-117.168003285706,56.));
#4592=CARTESIAN_POINT('Origin',(-146.328113834845,-106.952130622812,56.));
#4593=CARTESIAN_POINT('',(-146.328113834845,-106.952130622812,56.));
#4594=CARTESIAN_POINT('Origin',(-124.570274141762,-22.1773280512183,56.));
#4595=CARTESIAN_POINT('',(-118.993888590982,-32.1850213013661,56.));
#4596=CARTESIAN_POINT('',(-124.570274141762,-22.1773280512183,56.));
#4597=CARTESIAN_POINT('Origin',(-102.73169707,-10.0086571508816,56.));
#4598=CARTESIAN_POINT('',(-124.570302622272,2.15996263659968,56.));
#4599=CARTESIAN_POINT('Origin',(-118.993888590982,12.1677620873451,56.));
#4600=CARTESIAN_POINT('',(-118.993888590982,12.1677620873451,56.));
#4601=CARTESIAN_POINT('Origin',(-109.189693454223,52.2059115836514,34.7867965644036));
#4602=CARTESIAN_POINT('',(-118.163069455874,12.7536526240178,8.45087571154237));
#4603=CARTESIAN_POINT('',(-118.163069455874,12.7536526240178,19.3014226595127));
#4604=CARTESIAN_POINT('',(-118.163069455874,12.7536526240178,-6.));
#4605=CARTESIAN_POINT('',(-120.48179099827,2.55918370517739,5.30000000000016));
#4606=CARTESIAN_POINT('',(-109.189693454223,52.2059115836514,20.6446609406726));
#4607=CARTESIAN_POINT('',(-120.48179099827,2.55918370517732,15.3000000000002));
#4608=CARTESIAN_POINT('',(-120.48179099827,2.55918370517732,15.3000000000002));
#4609=CARTESIAN_POINT('',(-109.189693454223,52.2059115836514,34.7867965644036));
#4610=CARTESIAN_POINT('Ctrl Pts',(-115.939521131121,22.5296838859709,11.472421973912));
#4611=CARTESIAN_POINT('Ctrl Pts',(-117.453611086838,15.8728504923731,9.41494798260806));
#4612=CARTESIAN_POINT('Ctrl Pts',(-118.967701042554,9.21601709877525,7.35747399130411));
#4613=CARTESIAN_POINT('Ctrl Pts',(-120.48179099827,2.5591837051774,5.30000000000016));
#4614=CARTESIAN_POINT('Ctrl Pts',(-113.517546932713,20.6337024653203,11.472421973912));
#4615=CARTESIAN_POINT('Ctrl Pts',(-114.505628287899,14.608862878606,9.41494798260806));
#4616=CARTESIAN_POINT('Ctrl Pts',(-115.493709643084,8.58402329189168,7.35747399130411));
#4617=CARTESIAN_POINT('Ctrl Pts',(-116.48179099827,2.55918370517741,5.30000000000016));
#4618=CARTESIAN_POINT('Ctrl Pts',(-111.095572734304,18.7377210446696,11.472421973912));
#4619=CARTESIAN_POINT('Ctrl Pts',(-111.557645488959,13.3448752648389,9.41494798260807));
#4620=CARTESIAN_POINT('Ctrl Pts',(-112.019718243615,7.95202948500814,7.35747399130411));
#4621=CARTESIAN_POINT('Ctrl Pts',(-112.48179099827,2.55918370517741,5.30000000000016));
#4622=CARTESIAN_POINT('Ctrl Pts',(-108.673598535895,16.8417396240189,11.472421973912));
#4623=CARTESIAN_POINT('Ctrl Pts',(-108.60966269002,12.0808876510717,9.41494798260806));
#4624=CARTESIAN_POINT('Ctrl Pts',(-108.545726844145,7.32003567812458,7.35747399130411));
#4625=CARTESIAN_POINT('Ctrl Pts',(-108.48179099827,2.55918370517741,5.30000000000016));
#4626=CARTESIAN_POINT('',(-108.673598535895,16.8417396240189,11.472421973912));
#4627=CARTESIAN_POINT('Ctrl Pts',(-108.673598535895,16.8417396240189,11.472421973912));
#4628=CARTESIAN_POINT('Ctrl Pts',(-109.824800801915,16.5869824787391,10.9675544824015));
#4629=CARTESIAN_POINT('Ctrl Pts',(-111.17133626869,16.2122574988371,10.5030821771033));
#4630=CARTESIAN_POINT('Ctrl Pts',(-114.565685115678,14.899669377272,9.45064261255741));
#4631=CARTESIAN_POINT('Ctrl Pts',(-116.420952864726,13.9346948874554,8.94499632927631));
#4632=CARTESIAN_POINT('Ctrl Pts',(-118.163069455874,12.7536526240178,8.45087571154237));
#4633=CARTESIAN_POINT('',(-108.48179099827,2.55918370517742,5.30000000000016));
#4634=CARTESIAN_POINT('',(-108.958625155617,38.0656637979377,20.6446609406726));
#4635=CARTESIAN_POINT('',(-107.854042833635,2.55918370517746,5.30000000000016));
#4636=CARTESIAN_POINT('Origin',(-108.958625155617,38.0656637979377,20.6446609406726));
#4637=CARTESIAN_POINT('',(-108.673598535895,16.8417396240189,23.1386046964688));
#4638=CARTESIAN_POINT('',(-108.673598535895,16.8417396240189,-6.));
#4639=CARTESIAN_POINT('',(-108.48179099827,2.55918370517731,15.3000000000002));
#4640=CARTESIAN_POINT('',(-108.958625155617,38.0656637979377,34.7867965644036));
#4641=CARTESIAN_POINT('',(-108.48179099827,2.5591837051773,17.9723304703362));
#4642=CARTESIAN_POINT('Ctrl Pts',(-108.673598535895,16.8417396240189,23.1386046964688));
#4643=CARTESIAN_POINT('Ctrl Pts',(-108.60966269002,12.0808876510717,20.5257364643126));
#4644=CARTESIAN_POINT('Ctrl Pts',(-108.545726844145,7.32003567812451,17.9128682321564));
#4645=CARTESIAN_POINT('Ctrl Pts',(-108.48179099827,2.55918370517731,15.3000000000002));
#4646=CARTESIAN_POINT('Ctrl Pts',(-111.095572734304,18.7377210446696,23.1386046964688));
#4647=CARTESIAN_POINT('Ctrl Pts',(-111.557645488959,13.3448752648388,20.5257364643126));
#4648=CARTESIAN_POINT('Ctrl Pts',(-112.019718243615,7.95202948500806,17.9128682321564));
#4649=CARTESIAN_POINT('Ctrl Pts',(-112.48179099827,2.5591837051773,15.3000000000002));
#4650=CARTESIAN_POINT('Ctrl Pts',(-113.517546932713,20.6337024653203,23.1386046964688));
#4651=CARTESIAN_POINT('Ctrl Pts',(-114.505628287898,14.6088628786059,20.5257364643126));
#4652=CARTESIAN_POINT('Ctrl Pts',(-115.493709643084,8.58402329189164,17.9128682321564));
#4653=CARTESIAN_POINT('Ctrl Pts',(-116.48179099827,2.5591837051773,15.3000000000002));
#4654=CARTESIAN_POINT('Ctrl Pts',(-115.939521131121,22.529683885971,23.1386046964688));
#4655=CARTESIAN_POINT('Ctrl Pts',(-117.453611086838,15.8728504923731,20.5257364643126));
#4656=CARTESIAN_POINT('Ctrl Pts',(-118.967701042554,9.21601709877518,17.9128682321564));
#4657=CARTESIAN_POINT('Ctrl Pts',(-120.48179099827,2.5591837051773,15.3000000000002));
#4658=CARTESIAN_POINT('Ctrl Pts',(-118.163069455874,12.7536526240178,19.3014226595127));
#4659=CARTESIAN_POINT('Ctrl Pts',(-116.533198872978,13.8585993607141,19.888495561756));
#4660=CARTESIAN_POINT('Ctrl Pts',(-114.80763204011,14.7720013346412,20.4889648282568));
#4661=CARTESIAN_POINT('Ctrl Pts',(-111.404811960085,16.1469306130128,21.806092849575));
#4662=CARTESIAN_POINT('Ctrl Pts',(-109.922363983158,16.565392078623,22.4431164423711));
#4663=CARTESIAN_POINT('Ctrl Pts',(-108.673598535895,16.8417396240189,23.1386046964688));
#4664=CARTESIAN_POINT('',(-107.854042833635,2.55918370517739,15.3000000000002));
#4665=CARTESIAN_POINT('Origin',(-120.48179099827,2.55918370517732,15.3000000000002));
#4666=CARTESIAN_POINT('',(-84.4817909982701,2.55918370517734,15.3000000000002));
#4667=CARTESIAN_POINT('',(-107.854042833635,2.55918370517739,15.3000000000002));
#4668=CARTESIAN_POINT('',(-84.4817909982701,2.55918370517744,5.30000000000016));
#4669=CARTESIAN_POINT('',(-84.48179099827,2.55918370517732,17.972330470336));
#4670=CARTESIAN_POINT('',(-107.854042833635,2.55918370517746,5.30000000000016));
#4671=CARTESIAN_POINT('Origin',(-72.4817909982701,-22.4408162948234,15.2999999999999));
#4672=CARTESIAN_POINT('',(-108.481790998271,-22.4408162948227,5.29999999999991));
#4673=CARTESIAN_POINT('',(-108.481790998271,-22.4408162948228,15.2999999999999));
#4674=CARTESIAN_POINT('',(-108.481790998271,-22.4408162948227,5.29999976158112));
#4675=CARTESIAN_POINT('',(-84.4817909982705,-22.4408162948231,5.29999976158112));
#4676=CARTESIAN_POINT('',(-83.8540428336352,-22.440816294823,5.2999999999999));
#4677=CARTESIAN_POINT('',(-84.4817909982705,-22.4408162948232,15.2999997615811));
#4678=CARTESIAN_POINT('',(-84.4817909982705,-22.4408162948231,5.29999976158112));
#4679=CARTESIAN_POINT('',(-83.8540428336353,-22.4408162948232,15.2999999999999));
#4680=CARTESIAN_POINT('Ctrl Pts',(-109.189693454223,52.2059115836514,20.6446609406726));
#4681=CARTESIAN_POINT('Ctrl Pts',(-96.9537259689056,35.6570022908267,15.5297739604485));
#4682=CARTESIAN_POINT('Ctrl Pts',(-84.7177584835879,19.1080929980021,10.4148869802243));
#4683=CARTESIAN_POINT('Ctrl Pts',(-72.4817909982701,2.55918370517746,5.30000000000015));
#4684=CARTESIAN_POINT('Ctrl Pts',(-109.112670688021,47.4924956550802,20.6446609406726));
#4685=CARTESIAN_POINT('Ctrl Pts',(-98.2357107914376,32.5147250051126,15.5297739604485));
#4686=CARTESIAN_POINT('Ctrl Pts',(-87.3587508948538,17.536954355145,10.4148869802243));
#4687=CARTESIAN_POINT('Ctrl Pts',(-76.4817909982701,2.55918370517745,5.30000000000015));
#4688=CARTESIAN_POINT('Ctrl Pts',(-109.035647921819,42.7790797265089,20.6446609406726));
#4689=CARTESIAN_POINT('Ctrl Pts',(-99.5176956139696,29.3724477193984,15.5297739604485));
#4690=CARTESIAN_POINT('Ctrl Pts',(-89.9997433061199,15.965815712288,10.4148869802243));
#4691=CARTESIAN_POINT('Ctrl Pts',(-80.4817909982701,2.55918370517745,5.30000000000015));
#4692=CARTESIAN_POINT('Ctrl Pts',(-108.958625155617,38.0656637979377,20.6446609406726));
#4693=CARTESIAN_POINT('Ctrl Pts',(-100.799680436502,26.2301704336843,15.5297739604485));
#4694=CARTESIAN_POINT('Ctrl Pts',(-92.6407357173859,14.3946770694309,10.4148869802243));
#4695=CARTESIAN_POINT('Ctrl Pts',(-84.4817909982701,2.55918370517745,5.30000000000015));
#4696=CARTESIAN_POINT('',(-109.189693454223,52.2059115836514,20.6446609406726));
#4697=CARTESIAN_POINT('',(-108.958625155617,38.0656637979377,20.6446609406726));
#4698=CARTESIAN_POINT('Ctrl Pts',(-109.189693454223,52.2059115836514,20.6446609406726));
#4699=CARTESIAN_POINT('Ctrl Pts',(-109.112670688021,47.4924956550802,20.6446609406726));
#4700=CARTESIAN_POINT('Ctrl Pts',(-109.035647921819,42.7790797265089,20.6446609406726));
#4701=CARTESIAN_POINT('Ctrl Pts',(-108.958625155617,38.0656637979377,20.6446609406726));
#4702=CARTESIAN_POINT('',(-72.4817909982701,2.55918370517746,5.30000000000016));
#4703=CARTESIAN_POINT('',(-109.189693454223,52.2059115836514,20.6446609406726));
#4704=CARTESIAN_POINT('',(-107.854042833635,2.55918370517746,5.30000000000016));
#4705=CARTESIAN_POINT('',(-108.958625155617,38.0656637979377,20.6446609406726));
#4706=CARTESIAN_POINT('Origin',(-108.958625155617,38.0656637979377,20.6446609406726));
#4707=CARTESIAN_POINT('',(-108.958625155617,38.0656637979377,34.7867965644036));
#4708=CARTESIAN_POINT('',(-108.958625155617,38.0656637979377,7.32233047033631));
#4709=CARTESIAN_POINT('',(-108.958625155617,38.0656637979377,34.7867965644036));
#4710=CARTESIAN_POINT('Ctrl Pts',(-108.958625155617,38.0656637979377,34.7867965644036));
#4711=CARTESIAN_POINT('Ctrl Pts',(-100.799680436502,26.2301704336843,28.2911977096024));
#4712=CARTESIAN_POINT('Ctrl Pts',(-92.6407357173859,14.3946770694308,21.7955988548013));
#4713=CARTESIAN_POINT('Ctrl Pts',(-84.4817909982701,2.55918370517734,15.3000000000002));
#4714=CARTESIAN_POINT('Ctrl Pts',(-109.035647921819,42.7790797265089,34.7867965644036));
#4715=CARTESIAN_POINT('Ctrl Pts',(-99.5176956139696,29.3724477193984,28.2911977096024));
#4716=CARTESIAN_POINT('Ctrl Pts',(-89.9997433061199,15.9658157122879,21.7955988548013));
#4717=CARTESIAN_POINT('Ctrl Pts',(-80.4817909982701,2.55918370517734,15.3000000000002));
#4718=CARTESIAN_POINT('Ctrl Pts',(-109.112670688021,47.4924956550802,34.7867965644036));
#4719=CARTESIAN_POINT('Ctrl Pts',(-98.2357107914376,32.5147250051126,28.2911977096024));
#4720=CARTESIAN_POINT('Ctrl Pts',(-87.3587508948538,17.5369543551449,21.7955988548013));
#4721=CARTESIAN_POINT('Ctrl Pts',(-76.4817909982701,2.55918370517735,15.3000000000002));
#4722=CARTESIAN_POINT('Ctrl Pts',(-109.189693454223,52.2059115836514,34.7867965644036));
#4723=CARTESIAN_POINT('Ctrl Pts',(-96.9537259689056,35.6570022908267,28.2911977096024));
#4724=CARTESIAN_POINT('Ctrl Pts',(-84.7177584835878,19.108092998002,21.7955988548013));
#4725=CARTESIAN_POINT('Ctrl Pts',(-72.4817909982701,2.55918370517735,15.3000000000002));
#4726=CARTESIAN_POINT('',(-109.189693454223,52.2059115836514,34.7867965644036));
#4727=CARTESIAN_POINT('Ctrl Pts',(-108.958625155617,38.0656637979377,34.7867965644036));
#4728=CARTESIAN_POINT('Ctrl Pts',(-109.035647921819,42.7790797265089,34.7867965644036));
#4729=CARTESIAN_POINT('Ctrl Pts',(-109.112670688021,47.4924956550802,34.7867965644036));
#4730=CARTESIAN_POINT('Ctrl Pts',(-109.189693454223,52.2059115836514,34.7867965644036));
#4731=CARTESIAN_POINT('',(-72.4817909982701,2.55918370517739,15.3000000000002));
#4732=CARTESIAN_POINT('',(-107.854042833635,2.55918370517739,15.3000000000002));
#4733=CARTESIAN_POINT('',(-109.189693454223,52.2059115836514,34.7867965644036));
#4734=CARTESIAN_POINT('Origin',(-109.189693454223,52.2059115836514,34.7867965644036));
#4735=CARTESIAN_POINT('',(-109.189693454223,52.2059115836514,14.3933982822018));
#4736=CARTESIAN_POINT('',(-72.4817909982701,2.55918370517739,15.3000000000002));
#4737=CARTESIAN_POINT('Origin',(-116.73179099827,-14.9408162948226,15.3));
#4738=CARTESIAN_POINT('',(-115.365243417417,-16.4011408167229,5.30000000000001));
#4739=CARTESIAN_POINT('Origin',(-116.73179099827,-14.9408162948225,5.30000000000002));
#4740=CARTESIAN_POINT('',(-115.365243417417,-16.401140816723,15.3));
#4741=CARTESIAN_POINT('',(-115.365243417417,-16.401140816723,15.3));
#4742=CARTESIAN_POINT('Origin',(-116.73179099827,-14.9408162948226,15.3));
#4743=CARTESIAN_POINT('Origin',(-116.73179099827,-4.94081629482254,15.3000000000001));
#4744=CARTESIAN_POINT('',(-115.365243417417,-6.40114081672281,5.30000000000008));
#4745=CARTESIAN_POINT('Origin',(-116.73179099827,-4.94081629482247,5.3000000000001));
#4746=CARTESIAN_POINT('',(-115.365243417417,-6.40114081672292,15.3000000000001));
#4747=CARTESIAN_POINT('',(-115.365243417417,-6.4011408167229,15.3000000000001));
#4748=CARTESIAN_POINT('Origin',(-116.73179099827,-4.94081629482254,15.3000000000001));
#4749=CARTESIAN_POINT('Origin',(-68.7317909982701,-4.94081629482268,15.3));
#4750=CARTESIAN_POINT('',(-67.3652434174166,-6.40114081672296,5.30000000000003));
#4751=CARTESIAN_POINT('Origin',(-68.7317909982701,-4.94081629482257,5.30000000000004));
#4752=CARTESIAN_POINT('',(-67.3652434174166,-6.40114081672306,15.3));
#4753=CARTESIAN_POINT('',(-67.3652434174167,-6.40114081672305,15.3));
#4754=CARTESIAN_POINT('Origin',(-68.7317909982701,-4.94081629482268,15.3));
#4755=CARTESIAN_POINT('Origin',(-68.7317909982701,-14.9408162948227,15.3));
#4756=CARTESIAN_POINT('',(-67.3652434174167,-16.401140816723,5.29999999999995));
#4757=CARTESIAN_POINT('Origin',(-68.7317909982701,-14.9408162948226,5.29999999999996));
#4758=CARTESIAN_POINT('',(-67.3652434174167,-16.4011408167231,15.3));
#4759=CARTESIAN_POINT('',(-67.3652434174167,-16.4011408167231,15.2999999999999));
#4760=CARTESIAN_POINT('Origin',(-68.7317909982701,-14.9408162948227,15.3));
#4761=CARTESIAN_POINT('Origin',(-72.4817909982702,-20.1908162948227,15.2999999999999));
#4762=CARTESIAN_POINT('',(-72.4817909982701,0.309183705177376,15.3000000000001));
#4763=CARTESIAN_POINT('',(-72.4817909982701,-20.1908162948227,15.2999999999999));
#4764=CARTESIAN_POINT('',(-72.4817909982702,-14.9829739193227,15.3));
#4765=CARTESIAN_POINT('',(-72.4817909982701,0.309183705177447,5.30000000000014));
#4766=CARTESIAN_POINT('',(-72.4817909982701,0.309183705177376,15.3000000000001));
#4767=CARTESIAN_POINT('',(-72.4817909982701,-20.1908162948226,5.29999999999993));
#4768=CARTESIAN_POINT('',(-72.4817909982702,-14.9829739193226,5.29999999999998));
#4769=CARTESIAN_POINT('',(-72.4817909982701,-20.1908162948227,15.2999999999999));
#4770=CARTESIAN_POINT('Origin',(-112.98179099827,-20.1908162948227,15.2999999999999));
#4771=CARTESIAN_POINT('',(-112.98179099827,-20.1908162948226,15.2999999999999));
#4772=CARTESIAN_POINT('',(-104.104042833635,-20.1908162948227,15.2999999999999));
#4773=CARTESIAN_POINT('',(-112.98179099827,-20.1908162948225,5.29999999999993));
#4774=CARTESIAN_POINT('',(-104.104042833635,-20.1908162948226,5.29999999999993));
#4775=CARTESIAN_POINT('',(-112.98179099827,-20.1908162948226,15.2999999999999));
#4776=CARTESIAN_POINT('Origin',(-112.98179099827,0.309183705177305,15.3000000000001));
#4777=CARTESIAN_POINT('',(-112.98179099827,0.309183705177305,15.3000000000001));
#4778=CARTESIAN_POINT('',(-112.98179099827,-4.73297391932264,15.3000000000001));
#4779=CARTESIAN_POINT('',(-112.98179099827,0.309183705177447,5.30000000000014));
#4780=CARTESIAN_POINT('',(-112.98179099827,-4.73297391932257,5.30000000000009));
#4781=CARTESIAN_POINT('',(-112.98179099827,0.309183705177305,15.3000000000001));
#4782=CARTESIAN_POINT('Origin',(-72.4817909982701,0.309183705177305,15.3000000000001));
#4783=CARTESIAN_POINT('',(-83.8540428336352,0.309183705177305,15.3000000000001));
#4784=CARTESIAN_POINT('',(-83.8540428336352,0.309183705177447,5.30000000000014));
#4785=CARTESIAN_POINT('Origin',(-67.780608519094,-19.3066946420387,15.2999999999999));
#4786=CARTESIAN_POINT('',(-72.4817909982705,-22.4408162948234,15.2999997615811));
#4787=CARTESIAN_POINT('',(-67.780608519094,-19.3066946420387,15.2999999999999));
#4788=CARTESIAN_POINT('',(-75.0814468560117,-24.1739201999838,15.2999999999999));
#4789=CARTESIAN_POINT('',(-72.4817909982705,-22.4408162948233,5.29999976158112));
#4790=CARTESIAN_POINT('',(-72.4817909982705,-22.4408162948233,5.29999976158112));
#4791=CARTESIAN_POINT('',(-67.780608519094,-19.3066946420385,5.29999999999994));
#4792=CARTESIAN_POINT('',(-75.0814468560117,-24.1739201999837,5.29999999999989));
#4793=CARTESIAN_POINT('',(-67.780608519094,-19.3066946420387,15.2999999999999));
#4794=CARTESIAN_POINT('Origin',(-68.2317909982702,-16.3408162948227,15.3));
#4795=CARTESIAN_POINT('',(-65.6675888620615,-17.8980148706837,15.3));
#4796=CARTESIAN_POINT('Origin',(-68.2317909982702,-16.3408162948227,15.3));
#4797=CARTESIAN_POINT('',(-65.6675888620616,-17.8980148706836,5.29999999999995));
#4798=CARTESIAN_POINT('Origin',(-68.2317909982702,-16.3408162948226,5.29999999999995));
#4799=CARTESIAN_POINT('',(-65.6675888620615,-17.8980148706837,15.3));
#4800=CARTESIAN_POINT('Origin',(-64.9817909982702,-17.4408162948228,15.3));
#4801=CARTESIAN_POINT('',(-64.9817909982702,-17.4408162948227,15.3));
#4802=CARTESIAN_POINT('',(-73.6820380955998,-23.2409810263758,15.2999999999999));
#4803=CARTESIAN_POINT('',(-64.9817909982702,-17.4408162948226,5.29999999999995));
#4804=CARTESIAN_POINT('',(-73.6820380955998,-23.2409810263758,5.2999999999999));
#4805=CARTESIAN_POINT('',(-64.9817909982702,-17.4408162948227,15.3));
#4806=CARTESIAN_POINT('Origin',(-64.98179099827,-2.44081629482261,15.3000000000001));
#4807=CARTESIAN_POINT('',(-64.9817909982702,-2.44081629482265,15.3000000000001));
#4808=CARTESIAN_POINT('',(-64.9817909982701,-6.10797391932274,15.3000000000001));
#4809=CARTESIAN_POINT('',(-64.9817909982701,-2.44081629482254,5.30000000000011));
#4810=CARTESIAN_POINT('',(-64.9817909982701,-6.10797391932264,5.30000000000007));
#4811=CARTESIAN_POINT('',(-64.9817909982702,-2.44081629482265,15.3000000000001));
#4812=CARTESIAN_POINT('Origin',(-65.6675888620616,-1.98361771896168,15.3000000000001));
#4813=CARTESIAN_POINT('',(-65.6675888620616,-1.98361771896168,15.3000000000001));
#4814=CARTESIAN_POINT('',(-74.1014069125724,3.63892764804552,15.3000000000002));
#4815=CARTESIAN_POINT('',(-65.6675888620615,-1.98361771896161,5.30000000000011));
#4816=CARTESIAN_POINT('',(-74.1014069125724,3.6389276480456,5.30000000000018));
#4817=CARTESIAN_POINT('',(-65.6675888620616,-1.98361771896168,15.3000000000001));
#4818=CARTESIAN_POINT('Origin',(-68.2317909982702,-3.54081629482264,15.3000000000001));
#4819=CARTESIAN_POINT('',(-67.780608519094,-0.574937947606684,15.3000000000001));
#4820=CARTESIAN_POINT('Origin',(-68.2317909982702,-3.54081629482264,15.3000000000001));
#4821=CARTESIAN_POINT('',(-67.780608519094,-0.574937947606542,5.30000000000013));
#4822=CARTESIAN_POINT('Origin',(-68.2317909982701,-3.5408162948226,5.30000000000005));
#4823=CARTESIAN_POINT('',(-67.780608519094,-0.574937947606684,15.3000000000001));
#4824=CARTESIAN_POINT('Origin',(-72.4817909982701,2.55918370517732,15.3000000000002));
#4825=CARTESIAN_POINT('',(-77.5085079806767,5.91032836011506,15.3000000000002));
#4826=CARTESIAN_POINT('',(-77.5085079806767,5.91032836011513,5.30000000000019));
#4827=CARTESIAN_POINT('Origin',(-120.48179099827,-22.4408162948226,15.2999999999999));
#4828=CARTESIAN_POINT('',(-120.48179099827,-22.4408162948226,15.2999999999999));
#4829=CARTESIAN_POINT('',(-120.48179099827,-16.1079739193226,15.3));
#4830=CARTESIAN_POINT('',(-120.48179099827,-22.4408162948225,5.29999999999991));
#4831=CARTESIAN_POINT('',(-120.48179099827,-16.1079739193225,5.29999999999997));
#4832=CARTESIAN_POINT('',(-120.48179099827,-22.4408162948226,15.2999999999999));
#4833=CARTESIAN_POINT('Origin',(-95.2262946690003,-9.77513154382267,15.3));
#4834=CARTESIAN_POINT('',(-72.4817909982701,-22.4408162948233,15.2999999999999));
#4835=CARTESIAN_POINT('',(-72.4817909982705,-22.4408162948234,15.2999997615811));
#4836=CARTESIAN_POINT('Origin',(-95.2262946690003,-9.7751315438226,5.30000000000003));
#4837=CARTESIAN_POINT('',(-96.4817909982705,-22.4408162948229,5.29999976158112));
#4838=CARTESIAN_POINT('',(-120.48179099827,-22.4408162948225,5.29999999999991));
#4839=CARTESIAN_POINT('Origin',(-119.018493634403,83.7045462847148,-6.));
#4840=CARTESIAN_POINT('',(-146.328113834845,86.9348163210485,-6.));
#4841=CARTESIAN_POINT('',(-109.284131474706,57.9850557504167,-6.));
#4842=CARTESIAN_POINT('Origin',(-119.018493634403,83.7045462847148,-6.));
#4843=CARTESIAN_POINT('',(-146.328113834845,86.9348163210485,-6.));
#4844=CARTESIAN_POINT('',(-109.284131474706,57.9850557504167,-6.));
#4845=CARTESIAN_POINT('',(-144.891718375823,74.3864863213957,5.30000000000001));
#4846=CARTESIAN_POINT('',(-126.655002587778,57.2861108464638,5.29999999999977));
#4847=CARTESIAN_POINT('Origin',(-119.018493634403,83.7045462847148,5.30000000000004));
#4848=CARTESIAN_POINT('',(-126.655002587777,57.2861108464637,15.2999999999998));
#4849=CARTESIAN_POINT('',(-126.655002587778,57.2861108464638,-6.));
#4850=CARTESIAN_POINT('',(-144.891718375823,74.3864863213956,15.3));
#4851=CARTESIAN_POINT('Origin',(-119.018493634403,83.7045462847148,15.2999999999998));
#4852=CARTESIAN_POINT('',(-144.891718375823,74.3864863213958,-6.));
#4853=CARTESIAN_POINT('Origin',(-108.612022707708,16.8552921193673,-6.));
#4854=CARTESIAN_POINT('',(-108.612022707708,16.8552921193673,-6.));
#4855=CARTESIAN_POINT('',(-108.461187238751,7.62490041789257,-6.));
#4856=CARTESIAN_POINT('',(-108.612022707708,16.8552921193673,-6.));
#4857=CARTESIAN_POINT('Origin',(-102.73169707,-10.0086571508816,-6.));
#4858=CARTESIAN_POINT('',(-118.993888590982,12.1677069996028,-6.));
#4859=CARTESIAN_POINT('Origin',(-102.73169707,-10.0086571508816,-6.));
#4860=CARTESIAN_POINT('',(-118.993888590982,12.1677069996028,-6.));
#4861=CARTESIAN_POINT('Origin',(-118.993888590982,48.7045549334039,-6.));
#4862=CARTESIAN_POINT('',(-118.993888590982,48.7045549334039,-6.));
#4863=CARTESIAN_POINT('',(-118.993888590982,51.9143519148497,-6.));
#4864=CARTESIAN_POINT('',(-118.993888590982,48.7045549334039,-6.));
#4865=CARTESIAN_POINT('Origin',(-119.018493634403,83.7045462847148,-6.));
#4866=CARTESIAN_POINT('',(-154.017719103262,83.9373908251617,-6.));
#4867=CARTESIAN_POINT('Origin',(-119.018493634403,83.7045462847148,-6.));
#4868=CARTESIAN_POINT('',(-154.017719103262,83.9373908251617,-6.));
#4869=CARTESIAN_POINT('Origin',(-146.328113834845,86.9348163210485,-6.));
#4870=CARTESIAN_POINT('',(-136.096614488558,90.923077867798,-6.));
#4871=CARTESIAN_POINT('Origin',(-131.315258171056,49.5512616603257,-6.));
#4872=CARTESIAN_POINT('Origin',(-124.884043936135,70.1551650083346,15.2999999999999));
#4873=CARTESIAN_POINT('',(-122.884043936135,70.1551650542038,5.2999999999999));
#4874=CARTESIAN_POINT('Origin',(-124.884043936135,70.1551650083347,5.29999999999991));
#4875=CARTESIAN_POINT('',(-122.884043936135,70.1551650542037,15.2999999999999));
#4876=CARTESIAN_POINT('',(-122.884043936135,70.1551650542037,15.2999999999999));
#4877=CARTESIAN_POINT('Origin',(-124.884043936135,70.1551650083346,15.2999999999999));
#4878=CARTESIAN_POINT('Origin',(-132.185666702343,76.9879027451427,15.3));
#4879=CARTESIAN_POINT('',(-130.185666702343,76.9879027910118,5.29999999999997));
#4880=CARTESIAN_POINT('Origin',(-132.185666702343,76.9879027451428,5.29999999999998));
#4881=CARTESIAN_POINT('',(-130.185666702343,76.9879027910118,15.3));
#4882=CARTESIAN_POINT('',(-130.185666702343,76.9879027910118,15.3));
#4883=CARTESIAN_POINT('Origin',(-132.185666702343,76.9879027451427,15.3));
#4884=CARTESIAN_POINT('Origin',(-99.3885255656642,112.035692022939,15.3));
#4885=CARTESIAN_POINT('',(-97.3885255656643,112.035692068808,5.29999999999998));
#4886=CARTESIAN_POINT('Origin',(-99.3885255656643,112.035692022939,5.29999999999999));
#4887=CARTESIAN_POINT('',(-97.3885255656642,112.035692068808,15.3));
#4888=CARTESIAN_POINT('',(-97.3885255656642,112.035692068808,15.3));
#4889=CARTESIAN_POINT('Origin',(-99.3885255656642,112.035692022939,15.3));
#4890=CARTESIAN_POINT('Origin',(-92.0869027994567,105.202954286131,15.2999999999999));
#4891=CARTESIAN_POINT('',(-90.0869027994568,105.202954332,5.29999999999991));
#4892=CARTESIAN_POINT('Origin',(-92.0869027994568,105.202954286131,5.29999999999992));
#4893=CARTESIAN_POINT('',(-90.0869027994567,105.202954332,15.2999999999999));
#4894=CARTESIAN_POINT('',(-90.0869027994567,105.202954332,15.2999999999999));
#4895=CARTESIAN_POINT('Origin',(-92.0869027994567,105.202954286131,15.2999999999999));
#4896=CARTESIAN_POINT('Origin',(-90.8158274985008,98.8776584369785,15.2999999999999));
#4897=CARTESIAN_POINT('',(-105.784154169226,112.884770797435,15.3000000000001));
#4898=CARTESIAN_POINT('',(-90.8158274985008,98.8776584369785,15.2999999999999));
#4899=CARTESIAN_POINT('',(-94.6183975436779,102.436040549621,15.2999999999999));
#4900=CARTESIAN_POINT('',(-105.784154169226,112.884770797435,5.30000000000008));
#4901=CARTESIAN_POINT('',(-105.784154169226,112.884770797435,15.3000000000001));
#4902=CARTESIAN_POINT('',(-90.8158274985009,98.8776584369786,5.29999999999988));
#4903=CARTESIAN_POINT('',(-94.618397543678,102.436040549621,5.29999999999993));
#4904=CARTESIAN_POINT('',(-90.8158274985008,98.8776584369785,15.2999999999999));
#4905=CARTESIAN_POINT('Origin',(-118.488415332573,69.3060862338382,15.2999999999998));
#4906=CARTESIAN_POINT('',(-118.488415332573,69.3060862338382,15.2999999999998));
#4907=CARTESIAN_POINT('',(-112.422482842335,75.7882830449937,15.2999999999998));
#4908=CARTESIAN_POINT('',(-118.488415332573,69.3060862338383,5.29999999999982));
#4909=CARTESIAN_POINT('',(-112.422482842336,75.7882830449938,5.29999999999984));
#4910=CARTESIAN_POINT('',(-118.488415332573,69.3060862338382,15.2999999999998));
#4911=CARTESIAN_POINT('Origin',(-133.456742003299,83.3131985942946,15.3));
#4912=CARTESIAN_POINT('',(-133.456742003299,83.3131985942946,15.3));
#4913=CARTESIAN_POINT('',(-129.775148713113,79.8680245267091,15.3));
#4914=CARTESIAN_POINT('',(-133.456742003299,83.3131985942947,5.30000000000002));
#4915=CARTESIAN_POINT('',(-129.775148713113,79.8680245267092,5.29999999999998));
#4916=CARTESIAN_POINT('',(-133.456742003299,83.3131985942946,15.3));
#4917=CARTESIAN_POINT('Origin',(-105.784154169226,112.884770797435,15.3000000000001));
#4918=CARTESIAN_POINT('',(-113.554515596024,104.58118150702,15.3000000000001));
#4919=CARTESIAN_POINT('',(-113.554515596025,104.58118150702,5.30000000000006));
#4920=CARTESIAN_POINT('Origin',(-89.1729623761037,97.3402924461963,15.2999999999999));
#4921=CARTESIAN_POINT('',(-89.1729623761041,97.3402924461967,15.2999999999999));
#4922=CARTESIAN_POINT('',(-96.9433238029022,89.0367031557817,15.2999999999998));
#4923=CARTESIAN_POINT('',(-89.1729623761042,97.3402924461968,5.29999999999986));
#4924=CARTESIAN_POINT('',(-96.9433238029022,89.0367031557818,5.29999999999984));
#4925=CARTESIAN_POINT('',(-89.1729623761041,97.3402924461967,15.2999999999999));
#4926=CARTESIAN_POINT('Origin',(-88.2491850839986,102.914381676874,15.2999999999999));
#4927=CARTESIAN_POINT('',(-88.2491850839986,102.914381676874,15.2999999999999));
#4928=CARTESIAN_POINT('',(-89.6837919512819,94.2579373612173,15.2999999999998));
#4929=CARTESIAN_POINT('',(-88.2491850839986,102.914381676874,5.29999999999989));
#4930=CARTESIAN_POINT('',(-89.683791951282,94.2579373612173,5.29999999999984));
#4931=CARTESIAN_POINT('',(-88.2491850839986,102.914381676874,15.2999999999999));
#4932=CARTESIAN_POINT('Origin',(-90.7230387253473,104.611452141288,15.2999999999999));
#4933=CARTESIAN_POINT('',(-87.8339789979584,105.419742863479,15.2999999999999));
#4934=CARTESIAN_POINT('Origin',(-90.7230387253473,104.611452141288,15.2999999999999));
#4935=CARTESIAN_POINT('',(-87.8339789979585,105.419742863479,5.29999999999991));
#4936=CARTESIAN_POINT('Origin',(-90.7230387253474,104.611452141288,5.29999999999991));
#4937=CARTESIAN_POINT('',(-87.8339789979584,105.419742863479,15.2999999999999));
#4938=CARTESIAN_POINT('Origin',(-87.6992204566018,106.232878389256,15.2999999999999));
#4939=CARTESIAN_POINT('',(-87.6992204566018,106.232878389256,15.2999999999999));
#4940=CARTESIAN_POINT('',(-89.4088096375835,95.9171857174084,15.2999999999998));
#4941=CARTESIAN_POINT('',(-87.6992204566019,106.232878389256,5.29999999999991));
#4942=CARTESIAN_POINT('',(-89.4088096375836,95.9171857174085,5.29999999999985));
#4943=CARTESIAN_POINT('',(-87.6992204566018,106.232878389256,15.2999999999999));
#4944=CARTESIAN_POINT('Origin',(-98.6516546059131,116.481984994468,15.3000000000001));
#4945=CARTESIAN_POINT('',(-98.6516546059131,116.481984994468,15.3000000000001));
#4946=CARTESIAN_POINT('',(-95.9740344460809,113.976312365694,15.3));
#4947=CARTESIAN_POINT('',(-98.6516546059132,116.481984994469,5.30000000000006));
#4948=CARTESIAN_POINT('',(-95.974034446081,113.976312365694,5.30000000000002));
#4949=CARTESIAN_POINT('',(-98.6516546059131,116.481984994468,15.3000000000001));
#4950=CARTESIAN_POINT('Origin',(-99.4540714533065,116.293633061191,15.3000000000001));
#4951=CARTESIAN_POINT('',(-99.4540714533065,116.293633061191,15.3000000000001));
#4952=CARTESIAN_POINT('',(-109.322048664794,113.977315063431,15.3000000000001));
#4953=CARTESIAN_POINT('',(-99.4540714533066,116.293633061191,5.30000000000006));
#4954=CARTESIAN_POINT('',(-109.322048664794,113.977315063431,5.30000000000011));
#4955=CARTESIAN_POINT('',(-99.4540714533065,116.293633061191,15.3000000000001));
#4956=CARTESIAN_POINT('Origin',(-100.069115866093,113.357356444402,15.3));
#4957=CARTESIAN_POINT('',(-101.926407197111,115.713299761149,15.3000000000001));
#4958=CARTESIAN_POINT('Origin',(-100.069115866093,113.357356444402,15.3));
#4959=CARTESIAN_POINT('',(-101.926407197111,115.713299761149,5.30000000000007));
#4960=CARTESIAN_POINT('Origin',(-100.069115866093,113.357356444402,5.3));
#4961=CARTESIAN_POINT('',(-101.926407197111,115.713299761149,15.3000000000001));
#4962=CARTESIAN_POINT('Origin',(-107.427019291623,114.422136788217,15.3000000000001));
#4963=CARTESIAN_POINT('',(-107.427019291623,114.422136788217,15.3000000000001));
#4964=CARTESIAN_POINT('',(-113.308522583952,113.041566926944,15.3000000000001));
#4965=CARTESIAN_POINT('',(-107.427019291623,114.422136788217,5.3000000000001));
#4966=CARTESIAN_POINT('',(-113.308522583952,113.041566926944,5.30000000000013));
#4967=CARTESIAN_POINT('',(-107.427019291623,114.422136788217,15.3000000000001));
#4968=CARTESIAN_POINT('Origin',(-140.224160428301,79.3743475104209,15.3));
#4969=CARTESIAN_POINT('',(-140.224160428301,79.3743475104209,15.3));
#4970=CARTESIAN_POINT('',(-140.224160428301,79.374347510421,5.30000000000003));
#4971=CARTESIAN_POINT('Origin',(-113.961690442452,89.3872440814346,15.2999999999999));
#4972=CARTESIAN_POINT('Origin',(-113.961690442452,89.3872440814347,5.29999999999995));
#4973=CARTESIAN_POINT('Origin',(-108.481790998271,-22.4408162948227,5.29999999999991));
#4974=CARTESIAN_POINT('',(-108.674680365121,-36.8588144977931,11.5072355509459));
#4975=CARTESIAN_POINT('',(-108.674680365121,-36.8588144977931,23.182815845608));
#4976=CARTESIAN_POINT('',(-108.674680365121,-36.8588144977931,-6.));
#4977=CARTESIAN_POINT('',(-108.481790998271,-22.4408162948227,5.29999999999991));
#4978=CARTESIAN_POINT('',(-108.481790998271,-22.4408162948228,15.2999999999999));
#4979=CARTESIAN_POINT('Ctrl Pts',(-120.48179099827,-22.4408162948225,5.29999999999991));
#4980=CARTESIAN_POINT('Ctrl Pts',(-118.95916130118,-29.1534907948156,7.3690785169819));
#4981=CARTESIAN_POINT('Ctrl Pts',(-117.436531604089,-35.8661652948086,9.43815703396389));
#4982=CARTESIAN_POINT('Ctrl Pts',(-115.913901906999,-42.5788397948016,11.5072355509459));
#4983=CARTESIAN_POINT('Ctrl Pts',(-116.48179099827,-22.4408162948226,5.29999999999991));
#4984=CARTESIAN_POINT('Ctrl Pts',(-115.488136685416,-28.5179324284813,7.3690785169819));
#4985=CARTESIAN_POINT('Ctrl Pts',(-114.494482372561,-34.59504856214,9.43815703396389));
#4986=CARTESIAN_POINT('Ctrl Pts',(-113.500828059706,-40.6721646957988,11.5072355509459));
#4987=CARTESIAN_POINT('Ctrl Pts',(-112.48179099827,-22.4408162948227,5.29999999999991));
#4988=CARTESIAN_POINT('Ctrl Pts',(-112.017112069652,-27.8823740621471,7.3690785169819));
#4989=CARTESIAN_POINT('Ctrl Pts',(-111.552433141033,-33.3239318294715,9.43815703396389));
#4990=CARTESIAN_POINT('Ctrl Pts',(-111.087754212414,-38.7654895967959,11.5072355509459));
#4991=CARTESIAN_POINT('Ctrl Pts',(-108.481790998271,-22.4408162948227,5.29999999999991));
#4992=CARTESIAN_POINT('Ctrl Pts',(-108.546087453888,-27.2468156958129,7.3690785169819));
#4993=CARTESIAN_POINT('Ctrl Pts',(-108.610383909505,-32.052815096803,9.43815703396389));
#4994=CARTESIAN_POINT('Ctrl Pts',(-108.674680365121,-36.8588144977931,11.5072355509459));
#4995=CARTESIAN_POINT('',(-118.134175440743,-32.7905284532741,8.49013935265611));
#4996=CARTESIAN_POINT('Ctrl Pts',(-118.134175440743,-32.7905284532741,8.49013935265611));
#4997=CARTESIAN_POINT('Ctrl Pts',(-116.515130553305,-33.8851401964901,8.94907027210895));
#4998=CARTESIAN_POINT('Ctrl Pts',(-114.796450591027,-34.7949987434317,9.42009417518193));
#4999=CARTESIAN_POINT('Ctrl Pts',(-111.396812773724,-36.1664038005806,10.4581851923921));
#5000=CARTESIAN_POINT('Ctrl Pts',(-109.921111124917,-36.5829309307703,10.9586616885695));
#5001=CARTESIAN_POINT('Ctrl Pts',(-108.674680365121,-36.8588144977931,11.5072355509459));
#5002=CARTESIAN_POINT('',(-120.48179099827,-22.4408162948225,5.29999999999991));
#5003=CARTESIAN_POINT('Ctrl Pts',(-108.481790998271,-22.4408162948228,15.2999999999999));
#5004=CARTESIAN_POINT('Ctrl Pts',(-108.546087453888,-27.2468156958129,17.9276052818693));
#5005=CARTESIAN_POINT('Ctrl Pts',(-108.610383909505,-32.052815096803,20.5552105637386));
#5006=CARTESIAN_POINT('Ctrl Pts',(-108.674680365121,-36.8588144977931,23.182815845608));
#5007=CARTESIAN_POINT('Ctrl Pts',(-112.48179099827,-22.4408162948228,15.2999999999999));
#5008=CARTESIAN_POINT('Ctrl Pts',(-112.017112069652,-27.8823740621471,17.9276052818693));
#5009=CARTESIAN_POINT('Ctrl Pts',(-111.552433141033,-33.3239318294715,20.5552105637386));
#5010=CARTESIAN_POINT('Ctrl Pts',(-111.087754212414,-38.7654895967959,23.182815845608));
#5011=CARTESIAN_POINT('Ctrl Pts',(-116.48179099827,-22.4408162948227,15.2999999999999));
#5012=CARTESIAN_POINT('Ctrl Pts',(-115.488136685416,-28.5179324284814,17.9276052818693));
#5013=CARTESIAN_POINT('Ctrl Pts',(-114.494482372561,-34.59504856214,20.5552105637386));
#5014=CARTESIAN_POINT('Ctrl Pts',(-113.500828059706,-40.6721646957987,23.182815845608));
#5015=CARTESIAN_POINT('Ctrl Pts',(-120.48179099827,-22.4408162948226,15.2999999999999));
#5016=CARTESIAN_POINT('Ctrl Pts',(-118.95916130118,-29.1534907948156,17.9276052818693));
#5017=CARTESIAN_POINT('Ctrl Pts',(-117.436531604089,-35.8661652948086,20.5552105637386));
#5018=CARTESIAN_POINT('Ctrl Pts',(-115.913901906999,-42.5788397948015,23.182815845608));
#5019=CARTESIAN_POINT('',(-118.134175440744,-32.7905284532741,19.3512851224057));
#5020=CARTESIAN_POINT('Ctrl Pts',(-108.674680365121,-36.8588144977931,23.182815845608));
#5021=CARTESIAN_POINT('Ctrl Pts',(-109.819486469179,-36.6054244165112,22.5429601441062));
#5022=CARTESIAN_POINT('Ctrl Pts',(-111.162782226266,-36.2320903094266,21.9525301624834));
#5023=CARTESIAN_POINT('Ctrl Pts',(-114.387848291753,-34.9866818833147,20.6801916359335));
#5024=CARTESIAN_POINT('Ctrl Pts',(-116.256769297093,-34.0598143313681,20.0271032210385));
#5025=CARTESIAN_POINT('Ctrl Pts',(-118.134175440744,-32.7905284532741,19.3512851224057));
#5026=CARTESIAN_POINT('',(-120.48179099827,-22.4408162948226,15.2999999999999));
#5027=CARTESIAN_POINT('Origin',(-120.48179099827,-22.4408162948226,15.2999999999999));
#5028=CARTESIAN_POINT('',(-118.134175440744,-32.7905284532741,-6.));
#5029=CARTESIAN_POINT('Origin',(-119.018493634403,-103.721860586478,-6.));
#5030=CARTESIAN_POINT('',(-109.284131474706,-78.0023700521801,-6.));
#5031=CARTESIAN_POINT('',(-146.328113834845,-106.952130622812,-6.));
#5032=CARTESIAN_POINT('Origin',(-119.018493634403,-103.721860586478,-6.));
#5033=CARTESIAN_POINT('',(-109.284131474706,-78.0023700521801,-6.));
#5034=CARTESIAN_POINT('',(-146.328113834845,-106.952130622812,-6.));
#5035=CARTESIAN_POINT('',(-126.601348027897,-77.2879747721095,5.30000000000016));
#5036=CARTESIAN_POINT('',(-126.601348027897,-77.2879747721096,15.3000000000002));
#5037=CARTESIAN_POINT('',(-126.601348027897,-77.2879747721095,-6.));
#5038=CARTESIAN_POINT('',(-144.872746070889,-94.3512879812175,5.29999999999994));
#5039=CARTESIAN_POINT('Origin',(-119.018493634403,-103.721860586478,5.30000000000006));
#5040=CARTESIAN_POINT('',(-144.872746070889,-94.3512879812176,15.2999999999999));
#5041=CARTESIAN_POINT('',(-144.872746070889,-94.3512879812174,-6.));
#5042=CARTESIAN_POINT('Origin',(-119.018493634403,-103.721860586478,15.3000000000001));
#5043=CARTESIAN_POINT('Origin',(-109.284131474706,-78.0023700521801,-6.));
#5044=CARTESIAN_POINT('',(-108.612022707708,-36.8726064211306,-6.));
#5045=CARTESIAN_POINT('',(-109.444950039147,-87.8436782863906,-6.));
#5046=CARTESIAN_POINT('',(-108.612022707708,-36.8726064211306,-6.));
#5047=CARTESIAN_POINT('',(-108.958625155617,-58.082978099701,20.6446609406726));
#5048=CARTESIAN_POINT('',(-108.958625155617,-58.082978099701,34.7867965644036));
#5049=CARTESIAN_POINT('',(-108.958625155617,-58.082978099701,20.6446609406726));
#5050=CARTESIAN_POINT('',(-109.189693454223,-72.2232258854146,20.6446609406726));
#5051=CARTESIAN_POINT('',(-109.189693454223,-72.2232258854146,20.6446609406726));
#5052=CARTESIAN_POINT('',(-109.189693454223,-72.2232258854146,34.7867965644036));
#5053=CARTESIAN_POINT('',(-109.189693454223,-72.2232258854146,34.7867965644036));
#5054=CARTESIAN_POINT('',(-108.958625155617,-58.082978099701,34.7867965644036));
#5055=CARTESIAN_POINT('Origin',(-102.73169707,-10.0086571508816,-6.));
#5056=CARTESIAN_POINT('',(-118.993888590982,-32.1850213013661,-6.));
#5057=CARTESIAN_POINT('Origin',(-102.73169707,-10.0086571508816,-6.));
#5058=CARTESIAN_POINT('',(-118.993888590982,-32.1850213013661,-6.));
#5059=CARTESIAN_POINT('Origin',(-154.017719103262,-103.954705126925,-6.));
#5060=CARTESIAN_POINT('',(-154.017719103262,-103.954705126925,-6.));
#5061=CARTESIAN_POINT('',(-200.23169707,-85.9403921695613,-6.));
#5062=CARTESIAN_POINT('',(-154.017719103262,-103.954705126925,-6.));
#5063=CARTESIAN_POINT('Origin',(-119.018493634403,-103.721860586478,-6.));
#5064=CARTESIAN_POINT('',(-118.993888590982,-68.7218692351672,-6.));
#5065=CARTESIAN_POINT('Origin',(-119.018493634403,-103.721860586478,-6.));
#5066=CARTESIAN_POINT('',(-118.993888590982,-68.7218692351672,-6.));
#5067=CARTESIAN_POINT('Origin',(-118.993888590982,-32.1850213013661,-6.));
#5068=CARTESIAN_POINT('',(-118.993888590982,-71.931666216613,-6.));
#5069=CARTESIAN_POINT('Origin',(-131.315258171056,-69.568575962089,-6.));
#5070=CARTESIAN_POINT('Origin',(-107.526089942462,-134.260794994792,15.2999999999999));
#5071=CARTESIAN_POINT('',(-107.526089942462,-134.260794994792,5.29999999999994));
#5072=CARTESIAN_POINT('',(-115.29645136926,-125.957205704377,5.29999999999994));
#5073=CARTESIAN_POINT('',(-107.526089942462,-134.260794994792,15.2999999999999));
#5074=CARTESIAN_POINT('',(-107.526089942462,-134.260794994792,15.2999999999999));
#5075=CARTESIAN_POINT('',(-115.29645136926,-125.957205704378,15.2999999999999));
#5076=CARTESIAN_POINT('Origin',(-113.818807583307,-108.999486197895,5.30000000000006));
#5077=CARTESIAN_POINT('',(-89.2720330269428,-117.178950652772,5.30000000000015));
#5078=CARTESIAN_POINT('',(-113.44096502208,-91.3514667234592,5.30000000000016));
#5079=CARTESIAN_POINT('',(-88.3482557348373,-122.753039883449,5.30000000000014));
#5080=CARTESIAN_POINT('',(-90.2597774982024,-111.21888228244,5.30000000000019));
#5081=CARTESIAN_POINT('',(-87.9330496487972,-125.258401070054,5.30000000000012));
#5082=CARTESIAN_POINT('Origin',(-90.8221093761861,-124.450110347863,5.30000000000006));
#5083=CARTESIAN_POINT('',(-87.7982911074406,-126.071536595832,5.30000000000012));
#5084=CARTESIAN_POINT('',(-89.5902858091295,-115.258607491081,5.30000000000017));
#5085=CARTESIAN_POINT('',(-98.750725256752,-136.320643201044,5.29999999999998));
#5086=CARTESIAN_POINT('',(-90.4759112672727,-128.577209224606,5.30000000000008));
#5087=CARTESIAN_POINT('',(-99.5531421041454,-136.132291267766,5.29999999999998));
#5088=CARTESIAN_POINT('',(-108.930437408066,-133.931151417393,5.29999999999994));
#5089=CARTESIAN_POINT('',(-102.02547784795,-135.551957967724,5.29999999999997));
#5090=CARTESIAN_POINT('Origin',(-100.168186516932,-133.196014650977,5.29999999999998));
#5091=CARTESIAN_POINT('',(-110.567813703665,-133.546808800733,5.29999999999993));
#5092=CARTESIAN_POINT('',(-132.417285108213,-98.8221638913416,5.30000000000004));
#5093=CARTESIAN_POINT('Origin',(-132.284737353181,-96.8265609517175,5.30000000000005));
#5094=CARTESIAN_POINT('',(-125.115662342006,-91.9894261545335,5.3000000000001));
#5095=CARTESIAN_POINT('Origin',(-124.983114586974,-89.9938232149095,5.30000000000011));
#5096=CARTESIAN_POINT('',(-92.3185212053273,-127.03721543233,5.30000000000004));
#5097=CARTESIAN_POINT('Origin',(-92.1859734502955,-125.041612492706,5.30000000000006));
#5098=CARTESIAN_POINT('',(-99.6201439715348,-133.869953169138,5.29999999999998));
#5099=CARTESIAN_POINT('Origin',(-99.4875962165031,-131.874350229514,5.29999999999999));
#5100=CARTESIAN_POINT('',(-90.9148981493395,-118.716316643554,5.30000000000014));
#5101=CARTESIAN_POINT('',(-118.587485983412,-89.1447444404132,5.30000000000014));
#5102=CARTESIAN_POINT('',(-98.6852595761378,-110.412727353139,5.30000000000014));
#5103=CARTESIAN_POINT('',(-133.555812654137,-103.15185680087,5.29999999999997));
#5104=CARTESIAN_POINT('',(-122.269079273598,-92.5899185079987,5.3000000000001));
#5105=CARTESIAN_POINT('',(-105.883224820065,-132.72342900401,5.29999999999997));
#5106=CARTESIAN_POINT('',(-127.489880163899,-109.634053612025,5.29999999999997));
#5107=CARTESIAN_POINT('',(-102.080654774888,-129.165046891367,5.30000000000001));
#5108=CARTESIAN_POINT('Origin',(-132.284737353181,-96.8265609517175,15.3));
#5109=CARTESIAN_POINT('',(-132.417285108213,-98.8221638913416,15.3));
#5110=CARTESIAN_POINT('',(-132.417285108213,-98.8221638913416,15.3));
#5111=CARTESIAN_POINT('Origin',(-132.284737353181,-96.8265609517175,15.3));
#5112=CARTESIAN_POINT('Origin',(-124.983114586974,-89.9938232149095,15.3000000000001));
#5113=CARTESIAN_POINT('',(-125.115662342006,-91.9894261545336,15.3000000000001));
#5114=CARTESIAN_POINT('',(-125.115662342006,-91.9894261545335,15.3000000000001));
#5115=CARTESIAN_POINT('Origin',(-124.983114586974,-89.9938232149095,15.3000000000001));
#5116=CARTESIAN_POINT('Origin',(-92.1859734502956,-125.041612492706,15.3000000000001));
#5117=CARTESIAN_POINT('',(-92.3185212053274,-127.03721543233,15.3));
#5118=CARTESIAN_POINT('',(-92.3185212053273,-127.03721543233,15.3));
#5119=CARTESIAN_POINT('Origin',(-92.1859734502956,-125.041612492706,15.3000000000001));
#5120=CARTESIAN_POINT('Origin',(-99.4875962165031,-131.874350229514,15.3));
#5121=CARTESIAN_POINT('',(-99.6201439715349,-133.869953169138,15.3));
#5122=CARTESIAN_POINT('',(-99.6201439715349,-133.869953169138,15.3));
#5123=CARTESIAN_POINT('Origin',(-99.4875962165031,-131.874350229514,15.3));
#5124=CARTESIAN_POINT('Origin',(-105.883224820065,-132.72342900401,15.3));
#5125=CARTESIAN_POINT('',(-90.9148981493396,-118.716316643554,15.3000000000001));
#5126=CARTESIAN_POINT('',(-105.883224820065,-132.72342900401,15.3));
#5127=CARTESIAN_POINT('',(-102.080654774888,-129.165046891367,15.3));
#5128=CARTESIAN_POINT('',(-90.9148981493396,-118.716316643554,15.3000000000001));
#5129=CARTESIAN_POINT('',(-105.883224820065,-132.72342900401,15.3));
#5130=CARTESIAN_POINT('Origin',(-133.555812654137,-103.15185680087,15.3));
#5131=CARTESIAN_POINT('',(-133.555812654137,-103.15185680087,15.3));
#5132=CARTESIAN_POINT('',(-127.4898801639,-109.634053612025,15.3));
#5133=CARTESIAN_POINT('',(-133.555812654137,-103.15185680087,15.3));
#5134=CARTESIAN_POINT('Origin',(-118.587485983412,-89.1447444404133,15.3000000000001));
#5135=CARTESIAN_POINT('',(-118.587485983412,-89.1447444404133,15.3000000000001));
#5136=CARTESIAN_POINT('',(-122.269079273598,-92.5899185079988,15.3000000000001));
#5137=CARTESIAN_POINT('',(-118.587485983412,-89.1447444404133,15.3000000000001));
#5138=CARTESIAN_POINT('Origin',(-90.9148981493396,-118.716316643554,15.3000000000001));
#5139=CARTESIAN_POINT('',(-98.6852595761379,-110.412727353139,15.3000000000001));
#5140=CARTESIAN_POINT('Origin',(-102.02547784795,-135.551957967724,15.3));
#5141=CARTESIAN_POINT('',(-102.02547784795,-135.551957967724,15.3));
#5142=CARTESIAN_POINT('',(-110.567813703665,-133.546808800733,15.2999999999999));
#5143=CARTESIAN_POINT('',(-102.02547784795,-135.551957967724,15.3));
#5144=CARTESIAN_POINT('Origin',(-100.168186516932,-133.196014650977,15.3));
#5145=CARTESIAN_POINT('',(-99.5531421041454,-136.132291267766,15.3));
#5146=CARTESIAN_POINT('Origin',(-100.168186516932,-133.196014650977,15.3));
#5147=CARTESIAN_POINT('',(-99.5531421041454,-136.132291267766,15.3));
#5148=CARTESIAN_POINT('Origin',(-98.750725256752,-136.320643201044,15.3));
#5149=CARTESIAN_POINT('',(-98.750725256752,-136.320643201044,15.3));
#5150=CARTESIAN_POINT('',(-108.930437408066,-133.931151417393,15.2999999999999));
#5151=CARTESIAN_POINT('',(-98.750725256752,-136.320643201044,15.3));
#5152=CARTESIAN_POINT('Origin',(-87.7982911074406,-126.071536595832,15.3000000000001));
#5153=CARTESIAN_POINT('',(-87.7982911074407,-126.071536595832,15.3000000000001));
#5154=CARTESIAN_POINT('',(-90.4759112672728,-128.577209224606,15.3000000000001));
#5155=CARTESIAN_POINT('',(-87.7982911074407,-126.071536595832,15.3000000000001));
#5156=CARTESIAN_POINT('Origin',(-87.9330496487973,-125.258401070054,15.3000000000001));
#5157=CARTESIAN_POINT('',(-87.9330496487972,-125.258401070054,15.3000000000001));
#5158=CARTESIAN_POINT('',(-89.5902858091295,-115.258607491081,15.3000000000002));
#5159=CARTESIAN_POINT('',(-87.9330496487972,-125.258401070054,15.3000000000001));
#5160=CARTESIAN_POINT('Origin',(-90.8221093761861,-124.450110347863,15.3000000000001));
#5161=CARTESIAN_POINT('',(-88.3482557348373,-122.753039883449,15.3000000000001));
#5162=CARTESIAN_POINT('Origin',(-90.8221093761861,-124.450110347863,15.3000000000001));
#5163=CARTESIAN_POINT('',(-88.3482557348373,-122.753039883449,15.3000000000001));
#5164=CARTESIAN_POINT('Origin',(-89.2720330269429,-117.178950652772,15.3000000000002));
#5165=CARTESIAN_POINT('',(-89.2720330269428,-117.178950652772,15.3000000000002));
#5166=CARTESIAN_POINT('',(-90.2597774982024,-111.21888228244,15.3000000000002));
#5167=CARTESIAN_POINT('',(-89.2720330269428,-117.178950652772,15.3000000000002));
#5168=CARTESIAN_POINT('Origin',(-122.069174163621,-82.1311613749759,15.3000000000002));
#5169=CARTESIAN_POINT('',(-113.44096502208,-91.3514667234592,15.3000000000002));
#5170=CARTESIAN_POINT('Origin',(-113.818807583307,-108.999486197895,15.3000000000001));
#5171=CARTESIAN_POINT('Origin',(-108.958625155617,-58.082978099701,20.6446609406726));
#5172=CARTESIAN_POINT('',(-108.958625155617,-58.082978099701,34.7867965644036));
#5173=CARTESIAN_POINT('',(-108.958625155617,-58.082978099701,20.6446609406726));
#5174=CARTESIAN_POINT('Ctrl Pts',(-108.958625155617,-58.082978099701,34.7867965644036));
#5175=CARTESIAN_POINT('Ctrl Pts',(-100.799680436502,-46.2022574980751,28.2911976301294));
#5176=CARTESIAN_POINT('Ctrl Pts',(-92.6407357173861,-34.3215368964491,21.7955986958553));
#5177=CARTESIAN_POINT('Ctrl Pts',(-84.4817909982705,-22.4408162948232,15.2999997615811));
#5178=CARTESIAN_POINT('Ctrl Pts',(-109.035647921819,-62.7963940282722,34.7867965644036));
#5179=CARTESIAN_POINT('Ctrl Pts',(-99.5176956139697,-49.3445347837892,28.2911976301294));
#5180=CARTESIAN_POINT('Ctrl Pts',(-89.9997433061201,-35.8926755393062,21.7955986958553));
#5181=CARTESIAN_POINT('Ctrl Pts',(-80.4817909982705,-22.4408162948232,15.2999997615811));
#5182=CARTESIAN_POINT('Ctrl Pts',(-109.112670688021,-67.5098099568434,34.7867965644036));
#5183=CARTESIAN_POINT('Ctrl Pts',(-98.2357107914377,-52.4868120695034,28.2911976301294));
#5184=CARTESIAN_POINT('Ctrl Pts',(-87.3587508948541,-37.4638141821634,21.7955986958553));
#5185=CARTESIAN_POINT('Ctrl Pts',(-76.4817909982705,-22.4408162948233,15.2999997615811));
#5186=CARTESIAN_POINT('Ctrl Pts',(-109.189693454223,-72.2232258854146,34.7867965644036));
#5187=CARTESIAN_POINT('Ctrl Pts',(-96.9537259689057,-55.6290893552175,28.2911976301294));
#5188=CARTESIAN_POINT('Ctrl Pts',(-84.7177584835881,-39.0349528250205,21.7955986958553));
#5189=CARTESIAN_POINT('Ctrl Pts',(-72.4817909982705,-22.4408162948234,15.2999997615811));
#5190=CARTESIAN_POINT('',(-109.189693454223,-72.2232258854146,34.7867965644036));
#5191=CARTESIAN_POINT('Origin',(-109.189693454223,-72.2232258854146,34.7867965644036));
#5192=CARTESIAN_POINT('',(-109.189693454223,-72.2232258854146,20.6446609406726));
#5193=CARTESIAN_POINT('Ctrl Pts',(-109.189693454223,-72.2232258854146,20.6446609406726));
#5194=CARTESIAN_POINT('Ctrl Pts',(-96.9537259689057,-55.6290893552175,15.5297738809755));
#5195=CARTESIAN_POINT('Ctrl Pts',(-84.7177584835881,-39.0349528250204,10.4148868212783));
#5196=CARTESIAN_POINT('Ctrl Pts',(-72.4817909982705,-22.4408162948233,5.29999976158112));
#5197=CARTESIAN_POINT('Ctrl Pts',(-109.112670688021,-67.5098099568434,20.6446609406726));
#5198=CARTESIAN_POINT('Ctrl Pts',(-98.2357107914378,-52.4868120695034,15.5297738809755));
#5199=CARTESIAN_POINT('Ctrl Pts',(-87.3587508948541,-37.4638141821633,10.4148868212783));
#5200=CARTESIAN_POINT('Ctrl Pts',(-76.4817909982705,-22.4408162948232,5.29999976158112));
#5201=CARTESIAN_POINT('Ctrl Pts',(-109.035647921819,-62.7963940282722,20.6446609406726));
#5202=CARTESIAN_POINT('Ctrl Pts',(-99.5176956139697,-49.3445347837892,15.5297738809755));
#5203=CARTESIAN_POINT('Ctrl Pts',(-89.9997433061201,-35.8926755393062,10.4148868212783));
#5204=CARTESIAN_POINT('Ctrl Pts',(-80.4817909982705,-22.4408162948232,5.29999976158112));
#5205=CARTESIAN_POINT('Ctrl Pts',(-108.958625155617,-58.082978099701,20.6446609406726));
#5206=CARTESIAN_POINT('Ctrl Pts',(-100.799680436502,-46.202257498075,15.5297738809755));
#5207=CARTESIAN_POINT('Ctrl Pts',(-92.6407357173861,-34.3215368964491,10.4148868212783));
#5208=CARTESIAN_POINT('Ctrl Pts',(-84.4817909982705,-22.4408162948231,5.29999976158112));
#5209=CARTESIAN_POINT('Origin',(-140.23169707,62.4913428491183,49.6244621131078));
#5210=CARTESIAN_POINT('',(-141.48169707,62.4913428491183,50.));
#5211=CARTESIAN_POINT('Origin',(-140.23169707,62.4913428491183,50.));
#5212=CARTESIAN_POINT('',(-140.23169707,62.4913428491183,49.2489242262155));
#5213=CARTESIAN_POINT('',(-140.85669707,62.4913428491183,49.6244621131078));
#5214=CARTESIAN_POINT('Origin',(-140.23169707,62.4913428491183,55.));
#5215=CARTESIAN_POINT('',(-141.48169707,62.4913428491183,55.));
#5216=CARTESIAN_POINT('Origin',(-140.23169707,-82.5086571508817,55.));
#5217=CARTESIAN_POINT('',(-141.48169707,-82.5086571508817,50.));
#5218=CARTESIAN_POINT('',(-141.48169707,-82.5086571508817,55.));
#5219=CARTESIAN_POINT('Origin',(-140.23169707,-82.5086571508817,50.));
#5220=CARTESIAN_POINT('Origin',(-140.23169707,-82.5086571508817,49.6244621131078));
#5221=CARTESIAN_POINT('',(-140.23169707,-82.5086571508817,49.2489242262155));
#5222=CARTESIAN_POINT('',(-140.85669707,-82.5086571508817,49.6244621131078));
#5223=UNCERTAINTY_MEASURE_WITH_UNIT(LENGTH_MEASURE(0.01),#5227,
'DISTANCE_ACCURACY_VALUE',
'Maximum model space distance between geometric entities at asserted c
onnectivities');
#5224=UNCERTAINTY_MEASURE_WITH_UNIT(LENGTH_MEASURE(0.01),#5227,
'DISTANCE_ACCURACY_VALUE',
'Maximum model space distance between geometric entities at asserted c
onnectivities');
#5225=(
GEOMETRIC_REPRESENTATION_CONTEXT(3)
GLOBAL_UNCERTAINTY_ASSIGNED_CONTEXT((#5223))
GLOBAL_UNIT_ASSIGNED_CONTEXT((#5227,#5229,#5230))
REPRESENTATION_CONTEXT('','3D')
);
#5226=(
GEOMETRIC_REPRESENTATION_CONTEXT(3)
GLOBAL_UNCERTAINTY_ASSIGNED_CONTEXT((#5224))
GLOBAL_UNIT_ASSIGNED_CONTEXT((#5227,#5229,#5230))
REPRESENTATION_CONTEXT('','3D')
);
#5227=(
LENGTH_UNIT()
NAMED_UNIT(*)
SI_UNIT(.MILLI.,.METRE.)
);
#5228=(
LENGTH_UNIT()
NAMED_UNIT(*)
SI_UNIT($,.METRE.)
);
#5229=(
NAMED_UNIT(*)
PLANE_ANGLE_UNIT()
SI_UNIT($,.RADIAN.)
);
#5230=(
NAMED_UNIT(*)
SI_UNIT($,.STERADIAN.)
SOLID_ANGLE_UNIT()
);
#5231=SHAPE_DEFINITION_REPRESENTATION(#5232,#5233);
#5232=PRODUCT_DEFINITION_SHAPE('',$,#5235);
#5233=SHAPE_REPRESENTATION('',(#2979),#5225);
#5234=PRODUCT_DEFINITION_CONTEXT('part definition',#5239,'design');
#5235=PRODUCT_DEFINITION('right_mount','right_mount',#5236,#5234);
#5236=PRODUCT_DEFINITION_FORMATION('',$,#5241);
#5237=PRODUCT_RELATED_PRODUCT_CATEGORY('right_mount','right_mount',(#5241));
#5238=APPLICATION_PROTOCOL_DEFINITION('international standard',
'automotive_design',2009,#5239);
#5239=APPLICATION_CONTEXT(
'Core Data for Automotive Mechanical Design Process');
#5240=PRODUCT_CONTEXT('part definition',#5239,'mechanical');
#5241=PRODUCT('right_mount','right_mount',$,(#5240));
#5242=PRESENTATION_STYLE_ASSIGNMENT((#5244));
#5243=PRESENTATION_STYLE_ASSIGNMENT((#5245));
#5244=SURFACE_STYLE_USAGE(.BOTH.,#5246);
#5245=SURFACE_STYLE_USAGE(.BOTH.,#5247);
#5246=SURFACE_SIDE_STYLE('',(#5248));
#5247=SURFACE_SIDE_STYLE('',(#5249));
#5248=SURFACE_STYLE_FILL_AREA(#5250);
#5249=SURFACE_STYLE_FILL_AREA(#5251);
#5250=FILL_AREA_STYLE('Steel - Satin',(#5252));
#5251=FILL_AREA_STYLE('Nylon 12 (with Formlabs Fuse 1 3D Printer)',(#5253));
#5252=FILL_AREA_STYLE_COLOUR('Steel - Satin',#5254);
#5253=FILL_AREA_STYLE_COLOUR(
'Nylon 12 (with Formlabs Fuse 1 3D Printer)',#5255);
#5254=COLOUR_RGB('Steel - Satin',0.627450980392157,0.627450980392157,0.627450980392157);
#5255=COLOUR_RGB('Nylon 12 (with Formlabs Fuse 1 3D Printer)',0.247058823529412,
0.247058823529412,0.247058823529412);
ENDSEC;
END-ISO-10303-21;
