ISO-10303-21;
HEADER;
/* Generated by software containing ST-Developer
 * from STEP Tools, Inc. (www.steptools.com) 
 */

FILE_DESCRIPTION(
/* description */ (''),
/* implementation_level */ '2;1');

FILE_NAME(
/* name */ 'top_enclosure.step',
/* time_stamp */ '2026-06-11T18:39:59-06:00',
/* author */ (''),
/* organization */ (''),
/* preprocessor_version */ 'ST-DEVELOPER v20.1',
/* originating_system */ 'Autodesk Translation Framework v15.8.0.0',
/* authorisation */ '');

FILE_SCHEMA (('AUTOMOTIVE_DESIGN { 1 0 10303 214 3 1 1 }'));
ENDSEC;

DATA;
#10=MECHANICAL_DESIGN_GEOMETRIC_PRESENTATION_REPRESENTATION('',(#13),#10243);
#11=SHAPE_REPRESENTATION_RELATIONSHIP('SRR','None',#10250,#12);
#12=ADVANCED_BREP_SHAPE_REPRESENTATION('',(#14),#10242);
#13=STYLED_ITEM('',(#10260),#14);
#14=MANIFOLD_SOLID_BREP('Body1',#5421);
#15=B_SPLINE_SURFACE_WITH_KNOTS('',3,3,((#6455,#6456,#6457,#6458),(#6459,
#6460,#6461,#6462),(#6463,#6464,#6465,#6466),(#6467,#6468,#6469,#6470),
(#6471,#6472,#6473,#6474),(#6475,#6476,#6477,#6478),(#6479,#6480,#6481,
#6482),(#6483,#6484,#6485,#6486),(#6487,#6488,#6489,#6490),(#6491,#6492,
#6493,#6494),(#6495,#6496,#6497,#6498),(#6499,#6500,#6501,#6502)),
 .UNSPECIFIED.,.F.,.F.,.F.,(4,2,1,2,1,1,1,4),(4,4),(0.,0.172369048915575,
0.226520382693519,0.307747383360434,0.37697264502439,0.446197906688347,
0.58464843001626,1.),(0.,1.),.UNSPECIFIED.);
#16=B_SPLINE_SURFACE_WITH_KNOTS('',3,3,((#6549,#6550,#6551,#6552),(#6553,
#6554,#6555,#6556),(#6557,#6558,#6559,#6560),(#6561,#6562,#6563,#6564)),
 .UNSPECIFIED.,.F.,.F.,.F.,(4,4),(4,4),(0.,1.),(0.,1.),.UNSPECIFIED.);
#17=B_SPLINE_SURFACE_WITH_KNOTS('',3,3,((#6576,#6577,#6578,#6579),(#6580,
#6581,#6582,#6583),(#6584,#6585,#6586,#6587),(#6588,#6589,#6590,#6591),
(#6592,#6593,#6594,#6595)),.UNSPECIFIED.,.F.,.F.,.F.,(4,1,4),(4,4),(0.,
0.00222218241833404,1.),(0.,1.),.UNSPECIFIED.);
#18=B_SPLINE_SURFACE_WITH_KNOTS('',3,3,((#6604,#6605,#6606,#6607),(#6608,
#6609,#6610,#6611),(#6612,#6613,#6614,#6615),(#6616,#6617,#6618,#6619)),
 .UNSPECIFIED.,.F.,.F.,.F.,(4,4),(4,4),(0.,1.),(0.,1.),.UNSPECIFIED.);
#19=B_SPLINE_SURFACE_WITH_KNOTS('',3,3,((#6631,#6632,#6633,#6634),(#6635,
#6636,#6637,#6638),(#6639,#6640,#6641,#6642),(#6643,#6644,#6645,#6646)),
 .UNSPECIFIED.,.F.,.F.,.F.,(4,4),(4,4),(0.,1.),(0.,1.),.UNSPECIFIED.);
#20=B_SPLINE_SURFACE_WITH_KNOTS('',3,3,((#6653,#6654,#6655,#6656),(#6657,
#6658,#6659,#6660),(#6661,#6662,#6663,#6664),(#6665,#6666,#6667,#6668),
(#6669,#6670,#6671,#6672),(#6673,#6674,#6675,#6676),(#6677,#6678,#6679,
#6680),(#6681,#6682,#6683,#6684),(#6685,#6686,#6687,#6688)),
 .UNSPECIFIED.,.F.,.F.,.F.,(4,2,1,2,4),(4,4),(0.,0.100892177187634,0.25909949412345,
0.496410469527176,1.),(0.,1.),.UNSPECIFIED.);
#21=B_SPLINE_SURFACE_WITH_KNOTS('',3,3,((#6692,#6693,#6694,#6695),(#6696,
#6697,#6698,#6699),(#6700,#6701,#6702,#6703),(#6704,#6705,#6706,#6707)),
 .UNSPECIFIED.,.F.,.F.,.F.,(4,4),(4,4),(0.,1.),(0.,1.),.UNSPECIFIED.);
#22=B_SPLINE_SURFACE_WITH_KNOTS('',3,3,((#6738,#6739,#6740,#6741),(#6742,
#6743,#6744,#6745),(#6746,#6747,#6748,#6749),(#6750,#6751,#6752,#6753)),
 .UNSPECIFIED.,.F.,.F.,.F.,(4,4),(4,4),(0.,1.),(0.,1.),.UNSPECIFIED.);
#23=B_SPLINE_SURFACE_WITH_KNOTS('',3,3,((#6769,#6770,#6771,#6772),(#6773,
#6774,#6775,#6776),(#6777,#6778,#6779,#6780),(#6781,#6782,#6783,#6784)),
 .UNSPECIFIED.,.F.,.F.,.F.,(4,4),(4,4),(0.,1.),(0.,1.),.UNSPECIFIED.);
#24=B_SPLINE_SURFACE_WITH_KNOTS('',3,3,((#6798,#6799,#6800,#6801),(#6802,
#6803,#6804,#6805),(#6806,#6807,#6808,#6809),(#6810,#6811,#6812,#6813)),
 .UNSPECIFIED.,.F.,.F.,.F.,(4,4),(4,4),(0.,1.),(0.,1.),.UNSPECIFIED.);
#25=B_SPLINE_SURFACE_WITH_KNOTS('',3,3,((#6827,#6828,#6829,#6830),(#6831,
#6832,#6833,#6834),(#6835,#6836,#6837,#6838),(#6839,#6840,#6841,#6842),
(#6843,#6844,#6845,#6846),(#6847,#6848,#6849,#6850),(#6851,#6852,#6853,
#6854),(#6855,#6856,#6857,#6858),(#6859,#6860,#6861,#6862),(#6863,#6864,
#6865,#6866),(#6867,#6868,#6869,#6870),(#6871,#6872,#6873,#6874)),
 .UNSPECIFIED.,.F.,.F.,.F.,(4,2,1,1,2,1,1,4),(4,4),(0.,0.168780902058892,
0.22180498625634,0.248317028355064,0.301341112552511,0.441072890042009,
0.580804667531507,1.),(0.,1.),.UNSPECIFIED.);
#26=B_SPLINE_SURFACE_WITH_KNOTS('',3,3,((#6910,#6911,#6912,#6913),(#6914,
#6915,#6916,#6917),(#6918,#6919,#6920,#6921),(#6922,#6923,#6924,#6925),
(#6926,#6927,#6928,#6929),(#6930,#6931,#6932,#6933),(#6934,#6935,#6936,
#6937),(#6938,#6939,#6940,#6941)),.UNSPECIFIED.,.F.,.F.,.F.,(4,1,1,2,4),
(4,4),(0.,0.0879801692976885,0.263940507893065,0.439900846488442,1.),(0.,
1.),.UNSPECIFIED.);
#27=B_SPLINE_SURFACE_WITH_KNOTS('',3,3,((#6945,#6946,#6947,#6948),(#6949,
#6950,#6951,#6952),(#6953,#6954,#6955,#6956),(#6957,#6958,#6959,#6960),
(#6961,#6962,#6963,#6964)),.UNSPECIFIED.,.F.,.F.,.F.,(4,1,4),(4,4),(0.,
0.00222057971976259,1.),(0.,1.),.UNSPECIFIED.);
#28=B_SPLINE_SURFACE_WITH_KNOTS('',3,3,((#6971,#6972,#6973,#6974),(#6975,
#6976,#6977,#6978),(#6979,#6980,#6981,#6982),(#6983,#6984,#6985,#6986)),
 .UNSPECIFIED.,.F.,.F.,.F.,(4,4),(4,4),(0.,1.),(0.,1.),.UNSPECIFIED.);
#29=B_SPLINE_SURFACE_WITH_KNOTS('',3,3,((#7003,#7004,#7005,#7006),(#7007,
#7008,#7009,#7010),(#7011,#7012,#7013,#7014),(#7015,#7016,#7017,#7018)),
 .UNSPECIFIED.,.F.,.F.,.F.,(4,4),(4,4),(0.727565804990855,1.),(0.,0.133932838182698),
 .UNSPECIFIED.);
#30=B_SPLINE_SURFACE_WITH_KNOTS('',3,3,((#7055,#7056,#7057,#7058),(#7059,
#7060,#7061,#7062),(#7063,#7064,#7065,#7066),(#7067,#7068,#7069,#7070)),
 .UNSPECIFIED.,.F.,.F.,.F.,(4,4),(4,4),(0.,1.),(0.,1.),.UNSPECIFIED.);
#31=B_SPLINE_SURFACE_WITH_KNOTS('',3,3,((#7079,#7080,#7081,#7082),(#7083,
#7084,#7085,#7086),(#7087,#7088,#7089,#7090),(#7091,#7092,#7093,#7094)),
 .UNSPECIFIED.,.F.,.F.,.F.,(4,4),(4,4),(0.,1.),(0.,1.),.UNSPECIFIED.);
#32=B_SPLINE_SURFACE_WITH_KNOTS('',3,3,((#7099,#7100,#7101,#7102),(#7103,
#7104,#7105,#7106),(#7107,#7108,#7109,#7110),(#7111,#7112,#7113,#7114)),
 .UNSPECIFIED.,.F.,.F.,.F.,(4,4),(4,4),(0.,1.),(0.,1.),.UNSPECIFIED.);
#33=B_SPLINE_SURFACE_WITH_KNOTS('',3,3,((#7118,#7119,#7120,#7121),(#7122,
#7123,#7124,#7125),(#7126,#7127,#7128,#7129),(#7130,#7131,#7132,#7133)),
 .UNSPECIFIED.,.F.,.F.,.F.,(4,4),(4,4),(0.,1.),(0.,1.),.UNSPECIFIED.);
#34=B_SPLINE_SURFACE_WITH_KNOTS('',3,3,((#7137,#7138,#7139,#7140),(#7141,
#7142,#7143,#7144),(#7145,#7146,#7147,#7148),(#7149,#7150,#7151,#7152)),
 .UNSPECIFIED.,.F.,.F.,.F.,(4,4),(4,4),(0.,1.),(0.,1.),.UNSPECIFIED.);
#35=B_SPLINE_SURFACE_WITH_KNOTS('',3,3,((#7156,#7157,#7158,#7159),(#7160,
#7161,#7162,#7163),(#7164,#7165,#7166,#7167),(#7168,#7169,#7170,#7171)),
 .UNSPECIFIED.,.F.,.F.,.F.,(4,4),(4,4),(0.,1.),(0.,1.),.UNSPECIFIED.);
#36=B_SPLINE_SURFACE_WITH_KNOTS('',3,3,((#7187,#7188,#7189,#7190),(#7191,
#7192,#7193,#7194),(#7195,#7196,#7197,#7198),(#7199,#7200,#7201,#7202)),
 .UNSPECIFIED.,.F.,.F.,.F.,(4,4),(4,4),(0.,1.),(0.,1.),.UNSPECIFIED.);
#37=B_SPLINE_SURFACE_WITH_KNOTS('',3,3,((#7208,#7209,#7210,#7211),(#7212,
#7213,#7214,#7215),(#7216,#7217,#7218,#7219),(#7220,#7221,#7222,#7223)),
 .UNSPECIFIED.,.F.,.F.,.F.,(4,4),(4,4),(0.,1.),(0.,1.),.UNSPECIFIED.);
#38=B_SPLINE_SURFACE_WITH_KNOTS('',3,3,((#7227,#7228,#7229,#7230),(#7231,
#7232,#7233,#7234),(#7235,#7236,#7237,#7238),(#7239,#7240,#7241,#7242)),
 .UNSPECIFIED.,.F.,.F.,.F.,(4,4),(4,4),(0.,1.),(0.,1.),.UNSPECIFIED.);
#39=B_SPLINE_SURFACE_WITH_KNOTS('',3,3,((#7246,#7247,#7248,#7249),(#7250,
#7251,#7252,#7253),(#7254,#7255,#7256,#7257),(#7258,#7259,#7260,#7261)),
 .UNSPECIFIED.,.F.,.F.,.F.,(4,4),(4,4),(0.,1.),(0.,1.),.UNSPECIFIED.);
#40=B_SPLINE_SURFACE_WITH_KNOTS('',3,3,((#7265,#7266,#7267,#7268),(#7269,
#7270,#7271,#7272),(#7273,#7274,#7275,#7276),(#7277,#7278,#7279,#7280)),
 .UNSPECIFIED.,.F.,.F.,.F.,(4,4),(4,4),(0.,1.),(0.,1.),.UNSPECIFIED.);
#41=B_SPLINE_SURFACE_WITH_KNOTS('',3,3,((#7284,#7285,#7286,#7287),(#7288,
#7289,#7290,#7291),(#7292,#7293,#7294,#7295),(#7296,#7297,#7298,#7299)),
 .UNSPECIFIED.,.F.,.F.,.F.,(4,4),(4,4),(0.,1.),(0.,1.),.UNSPECIFIED.);
#42=B_SPLINE_SURFACE_WITH_KNOTS('',3,3,((#7391,#7392,#7393,#7394),(#7395,
#7396,#7397,#7398),(#7399,#7400,#7401,#7402),(#7403,#7404,#7405,#7406)),
 .UNSPECIFIED.,.F.,.F.,.F.,(4,4),(4,4),(0.,1.),(0.,1.),.UNSPECIFIED.);
#43=B_SPLINE_SURFACE_WITH_KNOTS('',3,3,((#7417,#7418,#7419,#7420),(#7421,
#7422,#7423,#7424),(#7425,#7426,#7427,#7428),(#7429,#7430,#7431,#7432)),
 .UNSPECIFIED.,.F.,.F.,.F.,(4,4),(4,4),(0.,0.261457511538848),(0.,0.128703546733321),
 .UNSPECIFIED.);
#44=B_SPLINE_SURFACE_WITH_KNOTS('',3,3,((#7499,#7500,#7501,#7502),(#7503,
#7504,#7505,#7506),(#7507,#7508,#7509,#7510),(#7511,#7512,#7513,#7514)),
 .UNSPECIFIED.,.F.,.F.,.F.,(4,4),(4,4),(0.,1.),(0.,1.),.UNSPECIFIED.);
#45=B_SPLINE_SURFACE_WITH_KNOTS('',3,3,((#7525,#7526,#7527,#7528),(#7529,
#7530,#7531,#7532),(#7533,#7534,#7535,#7536),(#7537,#7538,#7539,#7540)),
 .UNSPECIFIED.,.F.,.F.,.F.,(4,4),(4,4),(0.,1.),(0.,1.),.UNSPECIFIED.);
#46=B_SPLINE_SURFACE_WITH_KNOTS('',3,3,((#7546,#7547,#7548,#7549),(#7550,
#7551,#7552,#7553),(#7554,#7555,#7556,#7557),(#7558,#7559,#7560,#7561)),
 .UNSPECIFIED.,.F.,.F.,.F.,(4,4),(4,4),(0.,1.),(0.,1.),.UNSPECIFIED.);
#47=B_SPLINE_SURFACE_WITH_KNOTS('',3,3,((#7566,#7567,#7568,#7569),(#7570,
#7571,#7572,#7573),(#7574,#7575,#7576,#7577),(#7578,#7579,#7580,#7581)),
 .UNSPECIFIED.,.F.,.F.,.F.,(4,4),(4,4),(0.,1.),(0.,1.),.UNSPECIFIED.);
#48=B_SPLINE_SURFACE_WITH_KNOTS('',3,3,((#7583,#7584,#7585,#7586),(#7587,
#7588,#7589,#7590),(#7591,#7592,#7593,#7594),(#7595,#7596,#7597,#7598)),
 .UNSPECIFIED.,.F.,.F.,.F.,(4,4),(4,4),(0.,1.),(0.,1.),.UNSPECIFIED.);
#49=B_SPLINE_SURFACE_WITH_KNOTS('',3,3,((#7600,#7601,#7602,#7603),(#7604,
#7605,#7606,#7607),(#7608,#7609,#7610,#7611),(#7612,#7613,#7614,#7615)),
 .UNSPECIFIED.,.F.,.F.,.F.,(4,4),(4,4),(0.,1.),(0.,1.),.UNSPECIFIED.);
#50=B_SPLINE_SURFACE_WITH_KNOTS('',3,3,((#7621,#7622,#7623,#7624),(#7625,
#7626,#7627,#7628),(#7629,#7630,#7631,#7632),(#7633,#7634,#7635,#7636)),
 .UNSPECIFIED.,.F.,.F.,.F.,(4,4),(4,4),(0.,1.),(0.,1.),.UNSPECIFIED.);
#51=B_SPLINE_SURFACE_WITH_KNOTS('',3,3,((#7641,#7642,#7643,#7644),(#7645,
#7646,#7647,#7648),(#7649,#7650,#7651,#7652),(#7653,#7654,#7655,#7656)),
 .UNSPECIFIED.,.F.,.F.,.F.,(4,4),(4,4),(0.,1.),(0.,1.),.UNSPECIFIED.);
#52=B_SPLINE_SURFACE_WITH_KNOTS('',3,3,((#7660,#7661,#7662,#7663),(#7664,
#7665,#7666,#7667),(#7668,#7669,#7670,#7671),(#7672,#7673,#7674,#7675)),
 .UNSPECIFIED.,.F.,.F.,.F.,(4,4),(4,4),(0.,1.),(0.,1.),.UNSPECIFIED.);
#53=B_SPLINE_SURFACE_WITH_KNOTS('',3,3,((#7677,#7678,#7679,#7680),(#7681,
#7682,#7683,#7684),(#7685,#7686,#7687,#7688),(#7689,#7690,#7691,#7692),
(#7693,#7694,#7695,#7696)),.UNSPECIFIED.,.F.,.F.,.F.,(4,1,4),(4,4),(0.,
0.571428571428571,1.),(0.,1.),.UNSPECIFIED.);
#54=B_SPLINE_SURFACE_WITH_KNOTS('',3,3,((#7708,#7709,#7710,#7711),(#7712,
#7713,#7714,#7715),(#7716,#7717,#7718,#7719),(#7720,#7721,#7722,#7723),
(#7724,#7725,#7726,#7727)),.UNSPECIFIED.,.F.,.F.,.F.,(4,1,4),(4,4),(0.,
0.571428571428571,1.),(0.,1.),.UNSPECIFIED.);
#55=B_SPLINE_SURFACE_WITH_KNOTS('',3,3,((#7741,#7742,#7743,#7744),(#7745,
#7746,#7747,#7748),(#7749,#7750,#7751,#7752),(#7753,#7754,#7755,#7756),
(#7757,#7758,#7759,#7760)),.UNSPECIFIED.,.F.,.F.,.F.,(4,1,4),(4,4),(0.,
0.571428571428571,1.),(0.,1.),.UNSPECIFIED.);
#56=B_SPLINE_SURFACE_WITH_KNOTS('',3,3,((#7763,#7764,#7765,#7766),(#7767,
#7768,#7769,#7770),(#7771,#7772,#7773,#7774),(#7775,#7776,#7777,#7778),
(#7779,#7780,#7781,#7782)),.UNSPECIFIED.,.F.,.F.,.F.,(4,1,4),(4,4),(0.,
0.571428571428571,1.),(0.,1.),.UNSPECIFIED.);
#57=B_SPLINE_SURFACE_WITH_KNOTS('',3,3,((#7802,#7803,#7804,#7805),(#7806,
#7807,#7808,#7809),(#7810,#7811,#7812,#7813),(#7814,#7815,#7816,#7817),
(#7818,#7819,#7820,#7821)),.UNSPECIFIED.,.F.,.F.,.F.,(4,1,4),(4,4),(0.,
0.571428571428571,1.),(0.,1.),.UNSPECIFIED.);
#58=B_SPLINE_SURFACE_WITH_KNOTS('',3,3,((#7830,#7831,#7832,#7833),(#7834,
#7835,#7836,#7837),(#7838,#7839,#7840,#7841),(#7842,#7843,#7844,#7845),
(#7846,#7847,#7848,#7849)),.UNSPECIFIED.,.F.,.F.,.F.,(4,1,4),(4,4),(0.,
0.571428571428571,1.),(0.,1.),.UNSPECIFIED.);
#59=B_SPLINE_SURFACE_WITH_KNOTS('',3,3,((#7857,#7858,#7859,#7860),(#7861,
#7862,#7863,#7864),(#7865,#7866,#7867,#7868),(#7869,#7870,#7871,#7872),
(#7873,#7874,#7875,#7876)),.UNSPECIFIED.,.F.,.F.,.F.,(4,1,4),(4,4),(0.,
0.571428571428571,1.),(0.,1.),.UNSPECIFIED.);
#60=B_SPLINE_SURFACE_WITH_KNOTS('',3,3,((#7878,#7879,#7880,#7881),(#7882,
#7883,#7884,#7885),(#7886,#7887,#7888,#7889),(#7890,#7891,#7892,#7893),
(#7894,#7895,#7896,#7897)),.UNSPECIFIED.,.F.,.F.,.F.,(4,1,4),(4,4),(0.,
0.571428571428571,1.),(0.,1.),.UNSPECIFIED.);
#61=B_SPLINE_SURFACE_WITH_KNOTS('',2,1,((#7900,#7901),(#7902,#7903),(#7904,
#7905)),.UNSPECIFIED.,.F.,.F.,.F.,(3,3),(2,2),(-1.,0.),(0.,0.75),
 .UNSPECIFIED.);
#62=B_SPLINE_SURFACE_WITH_KNOTS('',2,1,((#7918,#7919),(#7920,#7921),(#7922,
#7923)),.UNSPECIFIED.,.F.,.F.,.F.,(3,3),(2,2),(-1.,0.),(0.,0.75),
 .UNSPECIFIED.);
#63=B_SPLINE_SURFACE_WITH_KNOTS('',2,1,((#7933,#7934),(#7935,#7936),(#7937,
#7938)),.UNSPECIFIED.,.F.,.F.,.F.,(3,3),(2,2),(-1.,0.),(0.,0.75),
 .UNSPECIFIED.);
#64=B_SPLINE_SURFACE_WITH_KNOTS('',2,1,((#7948,#7949),(#7950,#7951),(#7952,
#7953)),.UNSPECIFIED.,.F.,.F.,.F.,(3,3),(2,2),(-1.,0.),(0.,0.75),
 .UNSPECIFIED.);
#65=B_SPLINE_SURFACE_WITH_KNOTS('',2,1,((#7963,#7964),(#7965,#7966),(#7967,
#7968)),.UNSPECIFIED.,.F.,.F.,.F.,(3,3),(2,2),(-1.,0.),(0.,0.75),
 .UNSPECIFIED.);
#66=B_SPLINE_SURFACE_WITH_KNOTS('',2,1,((#7975,#7976),(#7977,#7978),(#7979,
#7980)),.UNSPECIFIED.,.F.,.F.,.F.,(3,3),(2,2),(-1.,0.),(0.,0.75),
 .UNSPECIFIED.);
#67=B_SPLINE_SURFACE_WITH_KNOTS('',2,1,((#7993,#7994),(#7995,#7996),(#7997,
#7998)),.UNSPECIFIED.,.F.,.F.,.F.,(3,3),(2,2),(-1.,0.),(0.,0.75),
 .UNSPECIFIED.);
#68=B_SPLINE_SURFACE_WITH_KNOTS('',2,1,((#8008,#8009),(#8010,#8011),(#8012,
#8013)),.UNSPECIFIED.,.F.,.F.,.F.,(3,3),(2,2),(-1.,0.),(0.,0.75),
 .UNSPECIFIED.);
#69=B_SPLINE_SURFACE_WITH_KNOTS('',2,1,((#8023,#8024),(#8025,#8026),(#8027,
#8028)),.UNSPECIFIED.,.F.,.F.,.F.,(3,3),(2,2),(-1.,0.),(0.,0.75),
 .UNSPECIFIED.);
#70=B_SPLINE_SURFACE_WITH_KNOTS('',2,1,((#8038,#8039),(#8040,#8041),(#8042,
#8043)),.UNSPECIFIED.,.F.,.F.,.F.,(3,3),(2,2),(-1.,0.),(0.,0.75),
 .UNSPECIFIED.);
#71=B_SPLINE_SURFACE_WITH_KNOTS('',2,1,((#8050,#8051),(#8052,#8053),(#8054,
#8055)),.UNSPECIFIED.,.F.,.F.,.F.,(3,3),(2,2),(-0.268309418597851,0.),(0.,
0.75),.UNSPECIFIED.);
#72=B_SPLINE_SURFACE_WITH_KNOTS('',2,1,((#8074,#8075),(#8076,#8077),(#8078,
#8079)),.UNSPECIFIED.,.F.,.F.,.F.,(3,3),(2,2),(-1.,-0.589798702131199),
(0.,0.75),.UNSPECIFIED.);
#73=B_SPLINE_SURFACE_WITH_KNOTS('',2,1,((#8089,#8090),(#8091,#8092),(#8093,
#8094)),.UNSPECIFIED.,.F.,.F.,.F.,(3,3),(2,2),(-1.,0.),(0.,0.75),
 .UNSPECIFIED.);
#74=B_SPLINE_SURFACE_WITH_KNOTS('',2,1,((#8104,#8105),(#8106,#8107),(#8108,
#8109)),.UNSPECIFIED.,.F.,.F.,.F.,(3,3),(2,2),(-1.,0.),(0.,0.75),
 .UNSPECIFIED.);
#75=B_SPLINE_SURFACE_WITH_KNOTS('',2,1,((#8119,#8120),(#8121,#8122),(#8123,
#8124)),.UNSPECIFIED.,.F.,.F.,.F.,(3,3),(2,2),(-1.,0.),(0.,0.75),
 .UNSPECIFIED.);
#76=B_SPLINE_SURFACE_WITH_KNOTS('',2,1,((#8131,#8132),(#8133,#8134),(#8135,
#8136)),.UNSPECIFIED.,.F.,.F.,.F.,(3,3),(2,2),(-0.346279630310411,0.),(0.,
0.75),.UNSPECIFIED.);
#77=B_SPLINE_SURFACE_WITH_KNOTS('',2,1,((#8155,#8156),(#8157,#8158),(#8159,
#8160)),.UNSPECIFIED.,.F.,.F.,.F.,(3,3),(2,2),(-1.,-0.580215142517074),
(0.,0.75),.UNSPECIFIED.);
#78=B_SPLINE_SURFACE_WITH_KNOTS('',2,1,((#8170,#8171),(#8172,#8173),(#8174,
#8175)),.UNSPECIFIED.,.F.,.F.,.F.,(3,3),(2,2),(-1.,0.),(0.,0.75),
 .UNSPECIFIED.);
#79=B_SPLINE_SURFACE_WITH_KNOTS('',2,1,((#8185,#8186),(#8187,#8188),(#8189,
#8190)),.UNSPECIFIED.,.F.,.F.,.F.,(3,3),(2,2),(-1.,0.),(0.,0.75),
 .UNSPECIFIED.);
#80=B_SPLINE_SURFACE_WITH_KNOTS('',2,1,((#8200,#8201),(#8202,#8203),(#8204,
#8205)),.UNSPECIFIED.,.F.,.F.,.F.,(3,3),(2,2),(-1.,0.),(0.,0.75),
 .UNSPECIFIED.);
#81=B_SPLINE_SURFACE_WITH_KNOTS('',2,1,((#8212,#8213),(#8214,#8215),(#8216,
#8217)),.UNSPECIFIED.,.F.,.F.,.F.,(3,3),(2,2),(-1.,0.),(0.,0.75),
 .UNSPECIFIED.);
#82=B_SPLINE_SURFACE_WITH_KNOTS('',2,1,((#8230,#8231),(#8232,#8233),(#8234,
#8235)),.UNSPECIFIED.,.F.,.F.,.F.,(3,3),(2,2),(-1.,0.),(0.,0.75),
 .UNSPECIFIED.);
#83=B_SPLINE_SURFACE_WITH_KNOTS('',2,1,((#8245,#8246),(#8247,#8248),(#8249,
#8250)),.UNSPECIFIED.,.F.,.F.,.F.,(3,3),(2,2),(-1.,0.),(0.,0.75),
 .UNSPECIFIED.);
#84=B_SPLINE_SURFACE_WITH_KNOTS('',2,1,((#8260,#8261),(#8262,#8263),(#8264,
#8265)),.UNSPECIFIED.,.F.,.F.,.F.,(3,3),(2,2),(-1.,0.),(0.,0.75),
 .UNSPECIFIED.);
#85=B_SPLINE_SURFACE_WITH_KNOTS('',2,1,((#8275,#8276),(#8277,#8278),(#8279,
#8280)),.UNSPECIFIED.,.F.,.F.,.F.,(3,3),(2,2),(-1.,0.),(0.,0.75),
 .UNSPECIFIED.);
#86=B_SPLINE_SURFACE_WITH_KNOTS('',2,1,((#8290,#8291),(#8292,#8293),(#8294,
#8295)),.UNSPECIFIED.,.F.,.F.,.F.,(3,3),(2,2),(-1.,0.),(0.,0.75),
 .UNSPECIFIED.);
#87=B_SPLINE_SURFACE_WITH_KNOTS('',2,1,((#8302,#8303),(#8304,#8305),(#8306,
#8307)),.UNSPECIFIED.,.F.,.F.,.F.,(3,3),(2,2),(-1.,0.),(0.,0.75),
 .UNSPECIFIED.);
#88=B_SPLINE_SURFACE_WITH_KNOTS('',2,1,((#8320,#8321),(#8322,#8323),(#8324,
#8325)),.UNSPECIFIED.,.F.,.F.,.F.,(3,3),(2,2),(-1.,0.),(0.,0.75),
 .UNSPECIFIED.);
#89=B_SPLINE_SURFACE_WITH_KNOTS('',2,1,((#8335,#8336),(#8337,#8338),(#8339,
#8340)),.UNSPECIFIED.,.F.,.F.,.F.,(3,3),(2,2),(-1.,0.),(0.,0.75),
 .UNSPECIFIED.);
#90=B_SPLINE_SURFACE_WITH_KNOTS('',2,1,((#8350,#8351),(#8352,#8353),(#8354,
#8355)),.UNSPECIFIED.,.F.,.F.,.F.,(3,3),(2,2),(-1.,0.),(0.,0.75),
 .UNSPECIFIED.);
#91=B_SPLINE_SURFACE_WITH_KNOTS('',2,1,((#8365,#8366),(#8367,#8368),(#8369,
#8370)),.UNSPECIFIED.,.F.,.F.,.F.,(3,3),(2,2),(-1.,0.),(0.,0.75),
 .UNSPECIFIED.);
#92=B_SPLINE_SURFACE_WITH_KNOTS('',2,1,((#8380,#8381),(#8382,#8383),(#8384,
#8385)),.UNSPECIFIED.,.F.,.F.,.F.,(3,3),(2,2),(-1.,0.),(0.,0.75),
 .UNSPECIFIED.);
#93=B_SPLINE_SURFACE_WITH_KNOTS('',2,1,((#8395,#8396),(#8397,#8398),(#8399,
#8400)),.UNSPECIFIED.,.F.,.F.,.F.,(3,3),(2,2),(-1.,0.),(0.,0.75),
 .UNSPECIFIED.);
#94=B_SPLINE_SURFACE_WITH_KNOTS('',2,1,((#8410,#8411),(#8412,#8413),(#8414,
#8415)),.UNSPECIFIED.,.F.,.F.,.F.,(3,3),(2,2),(-1.,0.),(0.,0.75),
 .UNSPECIFIED.);
#95=B_SPLINE_SURFACE_WITH_KNOTS('',2,1,((#8422,#8423),(#8424,#8425),(#8426,
#8427)),.UNSPECIFIED.,.F.,.F.,.F.,(3,3),(2,2),(-1.,-0.620099937634824),
(0.,0.75),.UNSPECIFIED.);
#96=B_SPLINE_SURFACE_WITH_KNOTS('',2,1,((#8440,#8441),(#8442,#8443),(#8444,
#8445)),.UNSPECIFIED.,.F.,.F.,.F.,(3,3),(2,2),(-1.,0.),(0.,0.75),
 .UNSPECIFIED.);
#97=B_SPLINE_SURFACE_WITH_KNOTS('',2,1,((#8455,#8456),(#8457,#8458),(#8459,
#8460)),.UNSPECIFIED.,.F.,.F.,.F.,(3,3),(2,2),(-1.,0.),(0.,0.75),
 .UNSPECIFIED.);
#98=B_SPLINE_SURFACE_WITH_KNOTS('',2,1,((#8470,#8471),(#8472,#8473),(#8474,
#8475)),.UNSPECIFIED.,.F.,.F.,.F.,(3,3),(2,2),(-0.395197942969559,0.),(0.,
0.75),.UNSPECIFIED.);
#99=B_SPLINE_SURFACE_WITH_KNOTS('',2,1,((#8488,#8489),(#8490,#8491),(#8492,
#8493)),.UNSPECIFIED.,.F.,.F.,.F.,(3,3),(2,2),(-1.,0.),(0.,0.75),
 .UNSPECIFIED.);
#100=B_SPLINE_SURFACE_WITH_KNOTS('',2,1,((#8506,#8507),(#8508,#8509),(#8510,
#8511)),.UNSPECIFIED.,.F.,.F.,.F.,(3,3),(2,2),(-1.,0.),(0.,0.75),
 .UNSPECIFIED.);
#101=B_SPLINE_SURFACE_WITH_KNOTS('',2,1,((#8521,#8522),(#8523,#8524),(#8525,
#8526)),.UNSPECIFIED.,.F.,.F.,.F.,(3,3),(2,2),(-1.,0.),(0.,0.75),
 .UNSPECIFIED.);
#102=B_SPLINE_SURFACE_WITH_KNOTS('',2,1,((#8536,#8537),(#8538,#8539),(#8540,
#8541)),.UNSPECIFIED.,.F.,.F.,.F.,(3,3),(2,2),(-1.,0.),(0.,0.75),
 .UNSPECIFIED.);
#103=B_SPLINE_SURFACE_WITH_KNOTS('',2,1,((#8548,#8549),(#8550,#8551),(#8552,
#8553)),.UNSPECIFIED.,.F.,.F.,.F.,(3,3),(2,2),(-1.,0.),(0.,0.75),
 .UNSPECIFIED.);
#104=B_SPLINE_SURFACE_WITH_KNOTS('',2,1,((#8566,#8567),(#8568,#8569),(#8570,
#8571)),.UNSPECIFIED.,.F.,.F.,.F.,(3,3),(2,2),(-0.966512387053243,0.),(0.,
0.75),.UNSPECIFIED.);
#105=B_SPLINE_SURFACE_WITH_KNOTS('',2,1,((#8587,#8588),(#8589,#8590),(#8591,
#8592)),.UNSPECIFIED.,.F.,.F.,.F.,(3,3),(2,2),(-1.,-0.444603573207777),
(0.,0.75),.UNSPECIFIED.);
#106=B_SPLINE_SURFACE_WITH_KNOTS('',2,1,((#8602,#8603),(#8604,#8605),(#8606,
#8607)),.UNSPECIFIED.,.F.,.F.,.F.,(3,3),(2,2),(-1.,0.),(0.,0.75),
 .UNSPECIFIED.);
#107=B_SPLINE_SURFACE_WITH_KNOTS('',2,1,((#8614,#8615),(#8616,#8617),(#8618,
#8619)),.UNSPECIFIED.,.F.,.F.,.F.,(3,3),(2,2),(-1.,0.),(0.,0.75),
 .UNSPECIFIED.);
#108=B_SPLINE_SURFACE_WITH_KNOTS('',2,1,((#8632,#8633),(#8634,#8635),(#8636,
#8637)),.UNSPECIFIED.,.F.,.F.,.F.,(3,3),(2,2),(-1.,0.),(0.,0.75),
 .UNSPECIFIED.);
#109=B_SPLINE_SURFACE_WITH_KNOTS('',2,1,((#8647,#8648),(#8649,#8650),(#8651,
#8652)),.UNSPECIFIED.,.F.,.F.,.F.,(3,3),(2,2),(-1.,0.),(0.,0.75),
 .UNSPECIFIED.);
#110=B_SPLINE_SURFACE_WITH_KNOTS('',2,1,((#8662,#8663),(#8664,#8665),(#8666,
#8667)),.UNSPECIFIED.,.F.,.F.,.F.,(3,3),(2,2),(-1.,0.),(0.,0.75),
 .UNSPECIFIED.);
#111=B_SPLINE_SURFACE_WITH_KNOTS('',2,1,((#8683,#8684),(#8685,#8686),(#8687,
#8688)),.UNSPECIFIED.,.F.,.F.,.F.,(3,3),(2,2),(-1.,-0.753464225614863),
(0.,0.75),.UNSPECIFIED.);
#112=B_SPLINE_SURFACE_WITH_KNOTS('',2,1,((#8698,#8699),(#8700,#8701),(#8702,
#8703)),.UNSPECIFIED.,.F.,.F.,.F.,(3,3),(2,2),(-1.,0.),(0.,0.75),
 .UNSPECIFIED.);
#113=B_SPLINE_SURFACE_WITH_KNOTS('',2,1,((#8713,#8714),(#8715,#8716),(#8717,
#8718)),.UNSPECIFIED.,.F.,.F.,.F.,(3,3),(2,2),(-1.,0.),(0.,0.75),
 .UNSPECIFIED.);
#114=B_SPLINE_SURFACE_WITH_KNOTS('',2,1,((#8728,#8729),(#8730,#8731),(#8732,
#8733)),.UNSPECIFIED.,.F.,.F.,.F.,(3,3),(2,2),(-1.,0.),(0.,0.75),
 .UNSPECIFIED.);
#115=B_SPLINE_SURFACE_WITH_KNOTS('',2,1,((#8743,#8744),(#8745,#8746),(#8747,
#8748)),.UNSPECIFIED.,.F.,.F.,.F.,(3,3),(2,2),(-0.682306600335289,0.),(0.,
0.75),.UNSPECIFIED.);
#116=B_SPLINE_SURFACE_WITH_KNOTS('',2,1,((#8755,#8756),(#8757,#8758),(#8759,
#8760)),.UNSPECIFIED.,.F.,.F.,.F.,(3,3),(2,2),(-1.,-0.42697774159718),(0.,
0.75),.UNSPECIFIED.);
#117=B_SPLINE_SURFACE_WITH_KNOTS('',2,1,((#8773,#8774),(#8775,#8776),(#8777,
#8778)),.UNSPECIFIED.,.F.,.F.,.F.,(3,3),(2,2),(-1.,0.),(0.,0.75),
 .UNSPECIFIED.);
#118=B_SPLINE_SURFACE_WITH_KNOTS('',2,1,((#8788,#8789),(#8790,#8791),(#8792,
#8793)),.UNSPECIFIED.,.F.,.F.,.F.,(3,3),(2,2),(-1.,0.),(0.,0.75),
 .UNSPECIFIED.);
#119=B_SPLINE_SURFACE_WITH_KNOTS('',2,1,((#8803,#8804),(#8805,#8806),(#8807,
#8808)),.UNSPECIFIED.,.F.,.F.,.F.,(3,3),(2,2),(-1.,0.),(0.,0.75),
 .UNSPECIFIED.);
#120=B_SPLINE_SURFACE_WITH_KNOTS('',2,1,((#8818,#8819),(#8820,#8821),(#8822,
#8823)),.UNSPECIFIED.,.F.,.F.,.F.,(3,3),(2,2),(-1.,0.),(0.,0.75),
 .UNSPECIFIED.);
#121=B_SPLINE_SURFACE_WITH_KNOTS('',2,1,((#8833,#8834),(#8835,#8836),(#8837,
#8838)),.UNSPECIFIED.,.F.,.F.,.F.,(3,3),(2,2),(-0.134126081403435,0.),(0.,
0.75),.UNSPECIFIED.);
#122=B_SPLINE_SURFACE_WITH_KNOTS('',2,1,((#8851,#8852),(#8853,#8854),(#8855,
#8856)),.UNSPECIFIED.,.F.,.F.,.F.,(3,3),(2,2),(-1.,-0.732172080916877),
(0.,0.75),.UNSPECIFIED.);
#123=B_SPLINE_SURFACE_WITH_KNOTS('',2,1,((#8869,#8870),(#8871,#8872),(#8873,
#8874)),.UNSPECIFIED.,.F.,.F.,.F.,(3,3),(2,2),(-1.,0.),(0.,0.75),
 .UNSPECIFIED.);
#124=B_SPLINE_SURFACE_WITH_KNOTS('',2,1,((#8884,#8885),(#8886,#8887),(#8888,
#8889)),.UNSPECIFIED.,.F.,.F.,.F.,(3,3),(2,2),(-1.,0.),(0.,0.75),
 .UNSPECIFIED.);
#125=B_SPLINE_SURFACE_WITH_KNOTS('',2,1,((#8899,#8900),(#8901,#8902),(#8903,
#8904)),.UNSPECIFIED.,.F.,.F.,.F.,(3,3),(2,2),(-1.,0.),(0.,0.75),
 .UNSPECIFIED.);
#126=B_SPLINE_SURFACE_WITH_KNOTS('',2,1,((#8914,#8915),(#8916,#8917),(#8918,
#8919)),.UNSPECIFIED.,.F.,.F.,.F.,(3,3),(2,2),(-1.,0.),(0.,0.75),
 .UNSPECIFIED.);
#127=B_SPLINE_SURFACE_WITH_KNOTS('',2,1,((#8929,#8930),(#8931,#8932),(#8933,
#8934)),.UNSPECIFIED.,.F.,.F.,.F.,(3,3),(2,2),(-0.417693838398832,0.),(0.,
0.75),.UNSPECIFIED.);
#128=B_SPLINE_SURFACE_WITH_KNOTS('',2,1,((#8947,#8948),(#8949,#8950),(#8951,
#8952)),.UNSPECIFIED.,.F.,.F.,.F.,(3,3),(2,2),(-1.,0.),(0.,0.75),
 .UNSPECIFIED.);
#129=B_SPLINE_SURFACE_WITH_KNOTS('',2,1,((#8965,#8966),(#8967,#8968),(#8969,
#8970)),.UNSPECIFIED.,.F.,.F.,.F.,(3,3),(2,2),(-1.,0.),(0.,0.75),
 .UNSPECIFIED.);
#130=B_SPLINE_SURFACE_WITH_KNOTS('',2,1,((#8980,#8981),(#8982,#8983),(#8984,
#8985)),.UNSPECIFIED.,.F.,.F.,.F.,(3,3),(2,2),(-0.378765230354931,0.),(0.,
0.75),.UNSPECIFIED.);
#131=B_SPLINE_SURFACE_WITH_KNOTS('',2,1,((#9001,#9002),(#9003,#9004),(#9005,
#9006)),.UNSPECIFIED.,.F.,.F.,.F.,(3,3),(2,2),(-1.,-0.155760690275444),
(0.,0.75),.UNSPECIFIED.);
#132=B_SPLINE_SURFACE_WITH_KNOTS('',2,1,((#9016,#9017),(#9018,#9019),(#9020,
#9021)),.UNSPECIFIED.,.F.,.F.,.F.,(3,3),(2,2),(-1.,0.),(0.,0.75),
 .UNSPECIFIED.);
#133=B_SPLINE_SURFACE_WITH_KNOTS('',2,1,((#9028,#9029),(#9030,#9031),(#9032,
#9033)),.UNSPECIFIED.,.F.,.F.,.F.,(3,3),(2,2),(-1.,0.),(0.,0.75),
 .UNSPECIFIED.);
#134=B_SPLINE_SURFACE_WITH_KNOTS('',2,1,((#9046,#9047),(#9048,#9049),(#9050,
#9051)),.UNSPECIFIED.,.F.,.F.,.F.,(3,3),(2,2),(-1.,0.),(0.,0.75),
 .UNSPECIFIED.);
#135=B_SPLINE_SURFACE_WITH_KNOTS('',2,1,((#9061,#9062),(#9063,#9064),(#9065,
#9066)),.UNSPECIFIED.,.F.,.F.,.F.,(3,3),(2,2),(-1.,0.),(0.,0.75),
 .UNSPECIFIED.);
#136=B_SPLINE_SURFACE_WITH_KNOTS('',2,1,((#9076,#9077),(#9078,#9079),(#9080,
#9081)),.UNSPECIFIED.,.F.,.F.,.F.,(3,3),(2,2),(-0.39669584483227,0.),(0.,
0.75),.UNSPECIFIED.);
#137=B_SPLINE_SURFACE_WITH_KNOTS('',2,1,((#9097,#9098),(#9099,#9100),(#9101,
#9102)),.UNSPECIFIED.,.F.,.F.,.F.,(3,3),(2,2),(-1.,-0.616146555655589),
(0.,0.75),.UNSPECIFIED.);
#138=B_SPLINE_SURFACE_WITH_KNOTS('',2,1,((#9112,#9113),(#9114,#9115),(#9116,
#9117)),.UNSPECIFIED.,.F.,.F.,.F.,(3,3),(2,2),(-1.,0.),(0.,0.75),
 .UNSPECIFIED.);
#139=B_SPLINE_SURFACE_WITH_KNOTS('',2,1,((#9124,#9125),(#9126,#9127),(#9128,
#9129)),.UNSPECIFIED.,.F.,.F.,.F.,(3,3),(2,2),(-1.,0.),(0.,0.75),
 .UNSPECIFIED.);
#140=B_SPLINE_SURFACE_WITH_KNOTS('',2,1,((#9142,#9143),(#9144,#9145),(#9146,
#9147)),.UNSPECIFIED.,.F.,.F.,.F.,(3,3),(2,2),(-1.,0.),(0.,0.75),
 .UNSPECIFIED.);
#141=B_SPLINE_SURFACE_WITH_KNOTS('',2,1,((#9157,#9158),(#9159,#9160),(#9161,
#9162)),.UNSPECIFIED.,.F.,.F.,.F.,(3,3),(2,2),(-1.,0.),(0.,0.75),
 .UNSPECIFIED.);
#142=B_SPLINE_SURFACE_WITH_KNOTS('',2,1,((#9172,#9173),(#9174,#9175),(#9176,
#9177)),.UNSPECIFIED.,.F.,.F.,.F.,(3,3),(2,2),(-1.,0.),(0.,0.75),
 .UNSPECIFIED.);
#143=B_SPLINE_SURFACE_WITH_KNOTS('',2,1,((#9187,#9188),(#9189,#9190),(#9191,
#9192)),.UNSPECIFIED.,.F.,.F.,.F.,(3,3),(2,2),(-1.,0.),(0.,0.75),
 .UNSPECIFIED.);
#144=B_SPLINE_SURFACE_WITH_KNOTS('',2,1,((#9202,#9203),(#9204,#9205),(#9206,
#9207)),.UNSPECIFIED.,.F.,.F.,.F.,(3,3),(2,2),(-1.,0.),(0.,0.75),
 .UNSPECIFIED.);
#145=B_SPLINE_SURFACE_WITH_KNOTS('',2,1,((#9214,#9215),(#9216,#9217),(#9218,
#9219)),.UNSPECIFIED.,.F.,.F.,.F.,(3,3),(2,2),(-0.365025678667403,0.),(0.,
0.75),.UNSPECIFIED.);
#146=B_SPLINE_SURFACE_WITH_KNOTS('',2,1,((#9238,#9239),(#9240,#9241),(#9242,
#9243)),.UNSPECIFIED.,.F.,.F.,.F.,(3,3),(2,2),(-1.,-0.0286235245515995),
(0.,0.75),.UNSPECIFIED.);
#147=B_SPLINE_SURFACE_WITH_KNOTS('',2,1,((#9253,#9254),(#9255,#9256),(#9257,
#9258)),.UNSPECIFIED.,.F.,.F.,.F.,(3,3),(2,2),(-1.,0.),(0.,0.75),
 .UNSPECIFIED.);
#148=B_SPLINE_SURFACE_WITH_KNOTS('',2,1,((#9268,#9269),(#9270,#9271),(#9272,
#9273)),.UNSPECIFIED.,.F.,.F.,.F.,(3,3),(2,2),(-1.,0.),(0.,0.75),
 .UNSPECIFIED.);
#149=B_SPLINE_SURFACE_WITH_KNOTS('',2,1,((#9295,#9296),(#9297,#9298),(#9299,
#9300)),.UNSPECIFIED.,.F.,.F.,.F.,(3,3),(2,2),(-1.,-0.663239379236091),
(0.,0.75),.UNSPECIFIED.);
#150=B_SPLINE_SURFACE_WITH_KNOTS('',2,1,((#9310,#9311),(#9312,#9313),(#9314,
#9315)),.UNSPECIFIED.,.F.,.F.,.F.,(3,3),(2,2),(-1.,0.),(0.,0.75),
 .UNSPECIFIED.);
#151=B_SPLINE_SURFACE_WITH_KNOTS('',2,1,((#9325,#9326),(#9327,#9328),(#9329,
#9330)),.UNSPECIFIED.,.F.,.F.,.F.,(3,3),(2,2),(-0.454323763474307,0.),(0.,
0.75),.UNSPECIFIED.);
#152=B_SPLINE_SURFACE_WITH_KNOTS('',2,1,((#9337,#9338),(#9339,#9340),(#9341,
#9342)),.UNSPECIFIED.,.F.,.F.,.F.,(3,3),(2,2),(-1.,0.),(0.,0.75),
 .UNSPECIFIED.);
#153=B_SPLINE_SURFACE_WITH_KNOTS('',2,1,((#9355,#9356),(#9357,#9358),(#9359,
#9360)),.UNSPECIFIED.,.F.,.F.,.F.,(3,3),(2,2),(-1.,0.),(0.,0.75),
 .UNSPECIFIED.);
#154=B_SPLINE_SURFACE_WITH_KNOTS('',2,1,((#9370,#9371),(#9372,#9373),(#9374,
#9375)),.UNSPECIFIED.,.F.,.F.,.F.,(3,3),(2,2),(-1.,0.),(0.,0.75),
 .UNSPECIFIED.);
#155=B_SPLINE_SURFACE_WITH_KNOTS('',2,1,((#9385,#9386),(#9387,#9388),(#9389,
#9390)),.UNSPECIFIED.,.F.,.F.,.F.,(3,3),(2,2),(-1.,0.),(0.,0.75),
 .UNSPECIFIED.);
#156=B_SPLINE_SURFACE_WITH_KNOTS('',2,1,((#9400,#9401),(#9402,#9403),(#9404,
#9405)),.UNSPECIFIED.,.F.,.F.,.F.,(3,3),(2,2),(-1.,0.),(0.,0.75),
 .UNSPECIFIED.);
#157=B_SPLINE_SURFACE_WITH_KNOTS('',2,1,((#9415,#9416),(#9417,#9418),(#9419,
#9420)),.UNSPECIFIED.,.F.,.F.,.F.,(3,3),(2,2),(-1.,0.),(0.,0.75),
 .UNSPECIFIED.);
#158=B_SPLINE_SURFACE_WITH_KNOTS('',2,1,((#9430,#9431),(#9432,#9433),(#9434,
#9435)),.UNSPECIFIED.,.F.,.F.,.F.,(3,3),(2,2),(-1.,0.),(0.,0.75),
 .UNSPECIFIED.);
#159=B_SPLINE_SURFACE_WITH_KNOTS('',2,1,((#9445,#9446),(#9447,#9448),(#9449,
#9450)),.UNSPECIFIED.,.F.,.F.,.F.,(3,3),(2,2),(-1.,0.),(0.,0.75),
 .UNSPECIFIED.);
#160=B_SPLINE_SURFACE_WITH_KNOTS('',2,1,((#9466,#9467),(#9468,#9469),(#9470,
#9471)),.UNSPECIFIED.,.F.,.F.,.F.,(3,3),(2,2),(-1.,-0.488291978391442),
(0.,0.75),.UNSPECIFIED.);
#161=B_SPLINE_SURFACE_WITH_KNOTS('',2,1,((#9481,#9482),(#9483,#9484),(#9485,
#9486)),.UNSPECIFIED.,.F.,.F.,.F.,(3,3),(2,2),(-1.,0.),(0.,0.75),
 .UNSPECIFIED.);
#162=B_SPLINE_SURFACE_WITH_KNOTS('',2,1,((#9496,#9497),(#9498,#9499),(#9500,
#9501)),.UNSPECIFIED.,.F.,.F.,.F.,(3,3),(2,2),(-1.,0.),(0.,0.75),
 .UNSPECIFIED.);
#163=B_SPLINE_SURFACE_WITH_KNOTS('',2,1,((#9511,#9512),(#9513,#9514),(#9515,
#9516)),.UNSPECIFIED.,.F.,.F.,.F.,(3,3),(2,2),(-1.,0.),(0.,0.75),
 .UNSPECIFIED.);
#164=B_SPLINE_SURFACE_WITH_KNOTS('',2,1,((#9526,#9527),(#9528,#9529),(#9530,
#9531)),.UNSPECIFIED.,.F.,.F.,.F.,(3,3),(2,2),(-1.,0.),(0.,0.75),
 .UNSPECIFIED.);
#165=B_SPLINE_SURFACE_WITH_KNOTS('',2,1,((#9541,#9542),(#9543,#9544),(#9545,
#9546)),.UNSPECIFIED.,.F.,.F.,.F.,(3,3),(2,2),(-0.324074736053246,0.),(0.,
0.75),.UNSPECIFIED.);
#166=B_SPLINE_SURFACE_WITH_KNOTS('',2,1,((#9553,#9554),(#9555,#9556),(#9557,
#9558)),.UNSPECIFIED.,.F.,.F.,.F.,(3,3),(2,2),(-1.,0.),(0.,0.75),
 .UNSPECIFIED.);
#167=B_SPLINE_SURFACE_WITH_KNOTS('',2,1,((#9571,#9572),(#9573,#9574),(#9575,
#9576)),.UNSPECIFIED.,.F.,.F.,.F.,(3,3),(2,2),(-1.,0.),(0.,0.75),
 .UNSPECIFIED.);
#168=B_SPLINE_SURFACE_WITH_KNOTS('',2,1,((#9586,#9587),(#9588,#9589),(#9590,
#9591)),.UNSPECIFIED.,.F.,.F.,.F.,(3,3),(2,2),(-1.,0.),(0.,0.75),
 .UNSPECIFIED.);
#169=B_SPLINE_SURFACE_WITH_KNOTS('',2,1,((#9601,#9602),(#9603,#9604),(#9605,
#9606)),.UNSPECIFIED.,.F.,.F.,.F.,(3,3),(2,2),(-1.,0.),(0.,0.75),
 .UNSPECIFIED.);
#170=B_SPLINE_SURFACE_WITH_KNOTS('',2,1,((#9616,#9617),(#9618,#9619),(#9620,
#9621)),.UNSPECIFIED.,.F.,.F.,.F.,(3,3),(2,2),(-1.,0.),(0.,0.75),
 .UNSPECIFIED.);
#171=B_SPLINE_SURFACE_WITH_KNOTS('',2,1,((#9631,#9632),(#9633,#9634),(#9635,
#9636)),.UNSPECIFIED.,.F.,.F.,.F.,(3,3),(2,2),(-1.,0.),(0.,0.75),
 .UNSPECIFIED.);
#172=B_SPLINE_SURFACE_WITH_KNOTS('',2,1,((#9643,#9644),(#9645,#9646),(#9647,
#9648)),.UNSPECIFIED.,.F.,.F.,.F.,(3,3),(2,2),(-1.,0.),(0.,0.75),
 .UNSPECIFIED.);
#173=B_SPLINE_SURFACE_WITH_KNOTS('',2,1,((#9661,#9662),(#9663,#9664),(#9665,
#9666)),.UNSPECIFIED.,.F.,.F.,.F.,(3,3),(2,2),(-1.,0.),(0.,0.75),
 .UNSPECIFIED.);
#174=B_SPLINE_SURFACE_WITH_KNOTS('',2,1,((#9676,#9677),(#9678,#9679),(#9680,
#9681)),.UNSPECIFIED.,.F.,.F.,.F.,(3,3),(2,2),(-1.,0.),(0.,0.75),
 .UNSPECIFIED.);
#175=B_SPLINE_SURFACE_WITH_KNOTS('',2,1,((#9691,#9692),(#9693,#9694),(#9695,
#9696)),.UNSPECIFIED.,.F.,.F.,.F.,(3,3),(2,2),(-1.,0.),(0.,0.75),
 .UNSPECIFIED.);
#176=B_SPLINE_SURFACE_WITH_KNOTS('',2,1,((#9706,#9707),(#9708,#9709),(#9710,
#9711)),.UNSPECIFIED.,.F.,.F.,.F.,(3,3),(2,2),(-1.,0.),(0.,0.75),
 .UNSPECIFIED.);
#177=B_SPLINE_SURFACE_WITH_KNOTS('',2,1,((#9718,#9719),(#9720,#9721),(#9722,
#9723)),.UNSPECIFIED.,.F.,.F.,.F.,(3,3),(2,2),(-1.,0.),(0.,0.75),
 .UNSPECIFIED.);
#178=B_SPLINE_SURFACE_WITH_KNOTS('',2,1,((#9736,#9737),(#9738,#9739),(#9740,
#9741)),.UNSPECIFIED.,.F.,.F.,.F.,(3,3),(2,2),(-1.,0.),(0.,0.75),
 .UNSPECIFIED.);
#179=B_SPLINE_SURFACE_WITH_KNOTS('',2,1,((#9751,#9752),(#9753,#9754),(#9755,
#9756)),.UNSPECIFIED.,.F.,.F.,.F.,(3,3),(2,2),(-1.,0.),(0.,0.75),
 .UNSPECIFIED.);
#180=B_SPLINE_SURFACE_WITH_KNOTS('',2,1,((#9766,#9767),(#9768,#9769),(#9770,
#9771)),.UNSPECIFIED.,.F.,.F.,.F.,(3,3),(2,2),(-1.,0.),(0.,0.75),
 .UNSPECIFIED.);
#181=B_SPLINE_SURFACE_WITH_KNOTS('',2,1,((#9781,#9782),(#9783,#9784),(#9785,
#9786)),.UNSPECIFIED.,.F.,.F.,.F.,(3,3),(2,2),(-1.,0.),(0.,0.75),
 .UNSPECIFIED.);
#182=B_SPLINE_SURFACE_WITH_KNOTS('',2,1,((#9796,#9797),(#9798,#9799),(#9800,
#9801)),.UNSPECIFIED.,.F.,.F.,.F.,(3,3),(2,2),(-1.,0.),(0.,0.75),
 .UNSPECIFIED.);
#183=B_SPLINE_SURFACE_WITH_KNOTS('',2,1,((#9808,#9809),(#9810,#9811),(#9812,
#9813)),.UNSPECIFIED.,.F.,.F.,.F.,(3,3),(2,2),(-1.,0.),(0.,0.75),
 .UNSPECIFIED.);
#184=B_SPLINE_SURFACE_WITH_KNOTS('',2,1,((#9826,#9827),(#9828,#9829),(#9830,
#9831)),.UNSPECIFIED.,.F.,.F.,.F.,(3,3),(2,2),(-1.,0.),(0.,0.75),
 .UNSPECIFIED.);
#185=B_SPLINE_SURFACE_WITH_KNOTS('',2,1,((#9841,#9842),(#9843,#9844),(#9845,
#9846)),.UNSPECIFIED.,.F.,.F.,.F.,(3,3),(2,2),(-1.,0.),(0.,0.75),
 .UNSPECIFIED.);
#186=B_SPLINE_SURFACE_WITH_KNOTS('',2,1,((#9856,#9857),(#9858,#9859),(#9860,
#9861)),.UNSPECIFIED.,.F.,.F.,.F.,(3,3),(2,2),(-1.,0.),(0.,0.75),
 .UNSPECIFIED.);
#187=B_SPLINE_SURFACE_WITH_KNOTS('',2,1,((#9871,#9872),(#9873,#9874),(#9875,
#9876)),.UNSPECIFIED.,.F.,.F.,.F.,(3,3),(2,2),(-1.,0.),(0.,0.75),
 .UNSPECIFIED.);
#188=B_SPLINE_SURFACE_WITH_KNOTS('',2,1,((#9898,#9899),(#9900,#9901),(#9902,
#9903)),.UNSPECIFIED.,.F.,.F.,.F.,(3,3),(2,2),(-1.,-0.669802956277862),
(0.,0.75),.UNSPECIFIED.);
#189=B_SPLINE_SURFACE_WITH_KNOTS('',2,1,((#9913,#9914),(#9915,#9916),(#9917,
#9918)),.UNSPECIFIED.,.F.,.F.,.F.,(3,3),(2,2),(-1.,0.),(0.,0.75),
 .UNSPECIFIED.);
#190=B_SPLINE_SURFACE_WITH_KNOTS('',2,1,((#9928,#9929),(#9930,#9931),(#9932,
#9933)),.UNSPECIFIED.,.F.,.F.,.F.,(3,3),(2,2),(-0.37159905590377,0.),(0.,
0.75),.UNSPECIFIED.);
#191=B_SPLINE_SURFACE_WITH_KNOTS('',2,1,((#9940,#9941),(#9942,#9943),(#9944,
#9945)),.UNSPECIFIED.,.F.,.F.,.F.,(3,3),(2,2),(-1.,0.),(0.,0.75),
 .UNSPECIFIED.);
#192=B_SPLINE_SURFACE_WITH_KNOTS('',2,1,((#9958,#9959),(#9960,#9961),(#9962,
#9963)),.UNSPECIFIED.,.F.,.F.,.F.,(3,3),(2,2),(-1.,0.),(0.,0.75),
 .UNSPECIFIED.);
#193=B_SPLINE_SURFACE_WITH_KNOTS('',2,1,((#9973,#9974),(#9975,#9976),(#9977,
#9978)),.UNSPECIFIED.,.F.,.F.,.F.,(3,3),(2,2),(-1.,0.),(0.,0.75),
 .UNSPECIFIED.);
#194=B_SPLINE_SURFACE_WITH_KNOTS('',2,1,((#9988,#9989),(#9990,#9991),(#9992,
#9993)),.UNSPECIFIED.,.F.,.F.,.F.,(3,3),(2,2),(-1.,0.),(0.,0.75),
 .UNSPECIFIED.);
#195=B_SPLINE_SURFACE_WITH_KNOTS('',2,1,((#10003,#10004),(#10005,#10006),
(#10007,#10008)),.UNSPECIFIED.,.F.,.F.,.F.,(3,3),(2,2),(-1.,0.),(0.,0.75),
 .UNSPECIFIED.);
#196=B_SPLINE_SURFACE_WITH_KNOTS('',2,1,((#10015,#10016),(#10017,#10018),
(#10019,#10020)),.UNSPECIFIED.,.F.,.F.,.F.,(3,3),(2,2),(-1.,0.),(0.,0.75),
 .UNSPECIFIED.);
#197=B_SPLINE_SURFACE_WITH_KNOTS('',2,1,((#10033,#10034),(#10035,#10036),
(#10037,#10038)),.UNSPECIFIED.,.F.,.F.,.F.,(3,3),(2,2),(-1.,0.),(0.,0.75),
 .UNSPECIFIED.);
#198=B_SPLINE_SURFACE_WITH_KNOTS('',2,1,((#10048,#10049),(#10050,#10051),
(#10052,#10053)),.UNSPECIFIED.,.F.,.F.,.F.,(3,3),(2,2),(-1.,0.),(0.,0.75),
 .UNSPECIFIED.);
#199=B_SPLINE_SURFACE_WITH_KNOTS('',2,1,((#10063,#10064),(#10065,#10066),
(#10067,#10068)),.UNSPECIFIED.,.F.,.F.,.F.,(3,3),(2,2),(-1.,0.),(0.,0.75),
 .UNSPECIFIED.);
#200=B_SPLINE_SURFACE_WITH_KNOTS('',2,1,((#10078,#10079),(#10080,#10081),
(#10082,#10083)),.UNSPECIFIED.,.F.,.F.,.F.,(3,3),(2,2),(-1.,0.),(0.,0.75),
 .UNSPECIFIED.);
#201=B_SPLINE_SURFACE_WITH_KNOTS('',2,1,((#10093,#10094),(#10095,#10096),
(#10097,#10098)),.UNSPECIFIED.,.F.,.F.,.F.,(3,3),(2,2),(-1.,0.),(0.,0.75),
 .UNSPECIFIED.);
#202=B_SPLINE_SURFACE_WITH_KNOTS('',2,1,((#10108,#10109),(#10110,#10111),
(#10112,#10113)),.UNSPECIFIED.,.F.,.F.,.F.,(3,3),(2,2),(-1.,0.),(0.,0.75),
 .UNSPECIFIED.);
#203=B_SPLINE_SURFACE_WITH_KNOTS('',2,1,((#10120,#10121),(#10122,#10123),
(#10124,#10125)),.UNSPECIFIED.,.F.,.F.,.F.,(3,3),(2,2),(-1.,0.),(0.,0.75),
 .UNSPECIFIED.);
#204=B_SPLINE_SURFACE_WITH_KNOTS('',2,1,((#10138,#10139),(#10140,#10141),
(#10142,#10143)),.UNSPECIFIED.,.F.,.F.,.F.,(3,3),(2,2),(-1.,0.),(0.,0.75),
 .UNSPECIFIED.);
#205=B_SPLINE_SURFACE_WITH_KNOTS('',2,1,((#10153,#10154),(#10155,#10156),
(#10157,#10158)),.UNSPECIFIED.,.F.,.F.,.F.,(3,3),(2,2),(-1.,0.),(0.,0.75),
 .UNSPECIFIED.);
#206=B_SPLINE_SURFACE_WITH_KNOTS('',2,1,((#10168,#10169),(#10170,#10171),
(#10172,#10173)),.UNSPECIFIED.,.F.,.F.,.F.,(3,3),(2,2),(-1.,0.),(0.,0.75),
 .UNSPECIFIED.);
#207=B_SPLINE_SURFACE_WITH_KNOTS('',2,1,((#10183,#10184),(#10185,#10186),
(#10187,#10188)),.UNSPECIFIED.,.F.,.F.,.F.,(3,3),(2,2),(-1.,0.),(0.,0.75),
 .UNSPECIFIED.);
#208=B_SPLINE_SURFACE_WITH_KNOTS('',2,1,((#10201,#10202),(#10203,#10204),
(#10205,#10206)),.UNSPECIFIED.,.F.,.F.,.F.,(3,3),(2,2),(0.330993673000647,
0.487407528343804),(0.,0.75),.UNSPECIFIED.);
#209=FACE_BOUND('',#652,.T.);
#210=FACE_BOUND('',#660,.T.);
#211=FACE_BOUND('',#661,.T.);
#212=FACE_BOUND('',#662,.T.);
#213=FACE_BOUND('',#663,.T.);
#214=FACE_BOUND('',#664,.T.);
#215=FACE_BOUND('',#665,.T.);
#216=FACE_BOUND('',#666,.T.);
#217=FACE_BOUND('',#673,.T.);
#218=FACE_BOUND('',#674,.T.);
#219=FACE_BOUND('',#675,.T.);
#220=FACE_BOUND('',#676,.T.);
#221=FACE_BOUND('',#677,.T.);
#222=FACE_BOUND('',#678,.T.);
#223=FACE_BOUND('',#679,.T.);
#224=FACE_BOUND('',#701,.T.);
#225=FACE_BOUND('',#761,.T.);
#226=FACE_BOUND('',#763,.T.);
#227=FACE_BOUND('',#771,.T.);
#228=FACE_BOUND('',#773,.T.);
#229=FACE_BOUND('',#946,.T.);
#230=FACE_BOUND('',#947,.T.);
#231=FACE_BOUND('',#948,.T.);
#232=FACE_BOUND('',#949,.T.);
#233=FACE_BOUND('',#950,.T.);
#234=FACE_BOUND('',#951,.T.);
#235=FACE_BOUND('',#952,.T.);
#236=FACE_BOUND('',#953,.T.);
#237=FACE_BOUND('',#954,.T.);
#238=FACE_BOUND('',#955,.T.);
#239=FACE_BOUND('',#956,.T.);
#240=FACE_BOUND('',#957,.T.);
#241=FACE_BOUND('',#958,.T.);
#242=FACE_BOUND('',#959,.T.);
#243=FACE_BOUND('',#960,.T.);
#244=FACE_BOUND('',#961,.T.);
#245=FACE_BOUND('',#962,.T.);
#246=FACE_BOUND('',#963,.T.);
#247=FACE_BOUND('',#964,.T.);
#248=FACE_BOUND('',#965,.T.);
#249=FACE_BOUND('',#966,.T.);
#250=FACE_BOUND('',#967,.T.);
#251=FACE_BOUND('',#968,.T.);
#252=FACE_BOUND('',#969,.T.);
#253=FACE_BOUND('',#970,.T.);
#254=FACE_BOUND('',#971,.T.);
#255=FACE_BOUND('',#972,.T.);
#256=FACE_BOUND('',#973,.T.);
#257=FACE_BOUND('',#975,.T.);
#258=FACE_BOUND('',#976,.T.);
#259=FACE_BOUND('',#977,.T.);
#260=FACE_BOUND('',#978,.T.);
#261=FACE_BOUND('',#979,.T.);
#262=FACE_BOUND('',#980,.T.);
#263=FACE_BOUND('',#981,.T.);
#264=FACE_BOUND('',#982,.T.);
#265=FACE_BOUND('',#983,.T.);
#266=FACE_BOUND('',#984,.T.);
#267=FACE_BOUND('',#985,.T.);
#268=FACE_BOUND('',#986,.T.);
#269=FACE_BOUND('',#987,.T.);
#270=FACE_BOUND('',#988,.T.);
#271=FACE_BOUND('',#989,.T.);
#272=FACE_BOUND('',#990,.T.);
#273=FACE_BOUND('',#991,.T.);
#274=FACE_BOUND('',#992,.T.);
#275=FACE_BOUND('',#993,.T.);
#276=FACE_BOUND('',#994,.T.);
#277=FACE_BOUND('',#995,.T.);
#278=FACE_BOUND('',#996,.T.);
#279=FACE_BOUND('',#997,.T.);
#280=FACE_BOUND('',#998,.T.);
#281=FACE_BOUND('',#999,.T.);
#282=FACE_BOUND('',#1000,.T.);
#283=FACE_BOUND('',#1001,.T.);
#284=FACE_BOUND('',#1002,.T.);
#285=FACE_BOUND('',#1006,.T.);
#286=FACE_BOUND('',#1011,.T.);
#287=FACE_BOUND('',#1013,.T.);
#288=PLANE('',#5437);
#289=PLANE('',#5441);
#290=PLANE('',#5443);
#291=PLANE('',#5446);
#292=PLANE('',#5447);
#293=PLANE('',#5454);
#294=PLANE('',#5455);
#295=PLANE('',#5456);
#296=PLANE('',#5457);
#297=PLANE('',#5458);
#298=PLANE('',#5459);
#299=PLANE('',#5469);
#300=PLANE('',#5470);
#301=PLANE('',#5471);
#302=PLANE('',#5472);
#303=PLANE('',#5476);
#304=PLANE('',#5477);
#305=PLANE('',#5478);
#306=PLANE('',#5479);
#307=PLANE('',#5482);
#308=PLANE('',#5483);
#309=PLANE('',#5484);
#310=PLANE('',#5485);
#311=PLANE('',#5486);
#312=PLANE('',#5487);
#313=PLANE('',#5488);
#314=PLANE('',#5500);
#315=PLANE('',#5501);
#316=PLANE('',#5502);
#317=PLANE('',#5503);
#318=PLANE('',#5504);
#319=PLANE('',#5505);
#320=PLANE('',#5506);
#321=PLANE('',#5507);
#322=PLANE('',#5508);
#323=PLANE('',#5509);
#324=PLANE('',#5510);
#325=PLANE('',#5511);
#326=PLANE('',#5513);
#327=PLANE('',#5515);
#328=PLANE('',#5516);
#329=PLANE('',#5517);
#330=PLANE('',#5518);
#331=PLANE('',#5521);
#332=PLANE('',#5522);
#333=PLANE('',#5523);
#334=PLANE('',#5524);
#335=PLANE('',#5525);
#336=PLANE('',#5527);
#337=PLANE('',#5529);
#338=PLANE('',#5531);
#339=PLANE('',#5532);
#340=PLANE('',#5533);
#341=PLANE('',#5534);
#342=PLANE('',#5535);
#343=PLANE('',#5536);
#344=PLANE('',#5537);
#345=PLANE('',#5538);
#346=PLANE('',#5539);
#347=PLANE('',#5540);
#348=PLANE('',#5541);
#349=PLANE('',#5542);
#350=PLANE('',#5543);
#351=PLANE('',#5544);
#352=PLANE('',#5545);
#353=PLANE('',#5546);
#354=PLANE('',#5547);
#355=PLANE('',#5548);
#356=PLANE('',#5549);
#357=PLANE('',#5550);
#358=PLANE('',#5551);
#359=PLANE('',#5552);
#360=PLANE('',#5553);
#361=PLANE('',#5554);
#362=PLANE('',#5555);
#363=PLANE('',#5556);
#364=PLANE('',#5557);
#365=FACE_OUTER_BOUND('',#650,.T.);
#366=FACE_OUTER_BOUND('',#651,.T.);
#367=FACE_OUTER_BOUND('',#653,.T.);
#368=FACE_OUTER_BOUND('',#654,.T.);
#369=FACE_OUTER_BOUND('',#655,.T.);
#370=FACE_OUTER_BOUND('',#656,.T.);
#371=FACE_OUTER_BOUND('',#657,.T.);
#372=FACE_OUTER_BOUND('',#658,.T.);
#373=FACE_OUTER_BOUND('',#659,.T.);
#374=FACE_OUTER_BOUND('',#667,.T.);
#375=FACE_OUTER_BOUND('',#668,.T.);
#376=FACE_OUTER_BOUND('',#669,.T.);
#377=FACE_OUTER_BOUND('',#670,.T.);
#378=FACE_OUTER_BOUND('',#671,.T.);
#379=FACE_OUTER_BOUND('',#672,.T.);
#380=FACE_OUTER_BOUND('',#680,.T.);
#381=FACE_OUTER_BOUND('',#681,.T.);
#382=FACE_OUTER_BOUND('',#682,.T.);
#383=FACE_OUTER_BOUND('',#683,.T.);
#384=FACE_OUTER_BOUND('',#684,.T.);
#385=FACE_OUTER_BOUND('',#685,.T.);
#386=FACE_OUTER_BOUND('',#686,.T.);
#387=FACE_OUTER_BOUND('',#687,.T.);
#388=FACE_OUTER_BOUND('',#688,.T.);
#389=FACE_OUTER_BOUND('',#689,.T.);
#390=FACE_OUTER_BOUND('',#690,.T.);
#391=FACE_OUTER_BOUND('',#691,.T.);
#392=FACE_OUTER_BOUND('',#692,.T.);
#393=FACE_OUTER_BOUND('',#693,.T.);
#394=FACE_OUTER_BOUND('',#694,.T.);
#395=FACE_OUTER_BOUND('',#695,.T.);
#396=FACE_OUTER_BOUND('',#696,.T.);
#397=FACE_OUTER_BOUND('',#697,.T.);
#398=FACE_OUTER_BOUND('',#698,.T.);
#399=FACE_OUTER_BOUND('',#699,.T.);
#400=FACE_OUTER_BOUND('',#700,.T.);
#401=FACE_OUTER_BOUND('',#702,.T.);
#402=FACE_OUTER_BOUND('',#703,.T.);
#403=FACE_OUTER_BOUND('',#704,.T.);
#404=FACE_OUTER_BOUND('',#705,.T.);
#405=FACE_OUTER_BOUND('',#706,.T.);
#406=FACE_OUTER_BOUND('',#707,.T.);
#407=FACE_OUTER_BOUND('',#708,.T.);
#408=FACE_OUTER_BOUND('',#709,.T.);
#409=FACE_OUTER_BOUND('',#710,.T.);
#410=FACE_OUTER_BOUND('',#711,.T.);
#411=FACE_OUTER_BOUND('',#712,.T.);
#412=FACE_OUTER_BOUND('',#713,.T.);
#413=FACE_OUTER_BOUND('',#714,.T.);
#414=FACE_OUTER_BOUND('',#715,.T.);
#415=FACE_OUTER_BOUND('',#716,.T.);
#416=FACE_OUTER_BOUND('',#717,.T.);
#417=FACE_OUTER_BOUND('',#718,.T.);
#418=FACE_OUTER_BOUND('',#719,.T.);
#419=FACE_OUTER_BOUND('',#720,.T.);
#420=FACE_OUTER_BOUND('',#721,.T.);
#421=FACE_OUTER_BOUND('',#722,.T.);
#422=FACE_OUTER_BOUND('',#723,.T.);
#423=FACE_OUTER_BOUND('',#724,.T.);
#424=FACE_OUTER_BOUND('',#725,.T.);
#425=FACE_OUTER_BOUND('',#726,.T.);
#426=FACE_OUTER_BOUND('',#727,.T.);
#427=FACE_OUTER_BOUND('',#728,.T.);
#428=FACE_OUTER_BOUND('',#729,.T.);
#429=FACE_OUTER_BOUND('',#730,.T.);
#430=FACE_OUTER_BOUND('',#731,.T.);
#431=FACE_OUTER_BOUND('',#732,.T.);
#432=FACE_OUTER_BOUND('',#733,.T.);
#433=FACE_OUTER_BOUND('',#734,.T.);
#434=FACE_OUTER_BOUND('',#735,.T.);
#435=FACE_OUTER_BOUND('',#736,.T.);
#436=FACE_OUTER_BOUND('',#737,.T.);
#437=FACE_OUTER_BOUND('',#738,.T.);
#438=FACE_OUTER_BOUND('',#739,.T.);
#439=FACE_OUTER_BOUND('',#740,.T.);
#440=FACE_OUTER_BOUND('',#741,.T.);
#441=FACE_OUTER_BOUND('',#742,.T.);
#442=FACE_OUTER_BOUND('',#743,.T.);
#443=FACE_OUTER_BOUND('',#744,.T.);
#444=FACE_OUTER_BOUND('',#745,.T.);
#445=FACE_OUTER_BOUND('',#746,.T.);
#446=FACE_OUTER_BOUND('',#747,.T.);
#447=FACE_OUTER_BOUND('',#748,.T.);
#448=FACE_OUTER_BOUND('',#749,.T.);
#449=FACE_OUTER_BOUND('',#750,.T.);
#450=FACE_OUTER_BOUND('',#751,.T.);
#451=FACE_OUTER_BOUND('',#752,.T.);
#452=FACE_OUTER_BOUND('',#753,.T.);
#453=FACE_OUTER_BOUND('',#754,.T.);
#454=FACE_OUTER_BOUND('',#755,.T.);
#455=FACE_OUTER_BOUND('',#756,.T.);
#456=FACE_OUTER_BOUND('',#757,.T.);
#457=FACE_OUTER_BOUND('',#758,.T.);
#458=FACE_OUTER_BOUND('',#759,.T.);
#459=FACE_OUTER_BOUND('',#760,.T.);
#460=FACE_OUTER_BOUND('',#762,.T.);
#461=FACE_OUTER_BOUND('',#764,.T.);
#462=FACE_OUTER_BOUND('',#765,.T.);
#463=FACE_OUTER_BOUND('',#766,.T.);
#464=FACE_OUTER_BOUND('',#767,.T.);
#465=FACE_OUTER_BOUND('',#768,.T.);
#466=FACE_OUTER_BOUND('',#769,.T.);
#467=FACE_OUTER_BOUND('',#770,.T.);
#468=FACE_OUTER_BOUND('',#772,.T.);
#469=FACE_OUTER_BOUND('',#774,.T.);
#470=FACE_OUTER_BOUND('',#775,.T.);
#471=FACE_OUTER_BOUND('',#776,.T.);
#472=FACE_OUTER_BOUND('',#777,.T.);
#473=FACE_OUTER_BOUND('',#778,.T.);
#474=FACE_OUTER_BOUND('',#779,.T.);
#475=FACE_OUTER_BOUND('',#780,.T.);
#476=FACE_OUTER_BOUND('',#781,.T.);
#477=FACE_OUTER_BOUND('',#782,.T.);
#478=FACE_OUTER_BOUND('',#783,.T.);
#479=FACE_OUTER_BOUND('',#784,.T.);
#480=FACE_OUTER_BOUND('',#785,.T.);
#481=FACE_OUTER_BOUND('',#786,.T.);
#482=FACE_OUTER_BOUND('',#787,.T.);
#483=FACE_OUTER_BOUND('',#788,.T.);
#484=FACE_OUTER_BOUND('',#789,.T.);
#485=FACE_OUTER_BOUND('',#790,.T.);
#486=FACE_OUTER_BOUND('',#791,.T.);
#487=FACE_OUTER_BOUND('',#792,.T.);
#488=FACE_OUTER_BOUND('',#793,.T.);
#489=FACE_OUTER_BOUND('',#794,.T.);
#490=FACE_OUTER_BOUND('',#795,.T.);
#491=FACE_OUTER_BOUND('',#796,.T.);
#492=FACE_OUTER_BOUND('',#797,.T.);
#493=FACE_OUTER_BOUND('',#798,.T.);
#494=FACE_OUTER_BOUND('',#799,.T.);
#495=FACE_OUTER_BOUND('',#800,.T.);
#496=FACE_OUTER_BOUND('',#801,.T.);
#497=FACE_OUTER_BOUND('',#802,.T.);
#498=FACE_OUTER_BOUND('',#803,.T.);
#499=FACE_OUTER_BOUND('',#804,.T.);
#500=FACE_OUTER_BOUND('',#805,.T.);
#501=FACE_OUTER_BOUND('',#806,.T.);
#502=FACE_OUTER_BOUND('',#807,.T.);
#503=FACE_OUTER_BOUND('',#808,.T.);
#504=FACE_OUTER_BOUND('',#809,.T.);
#505=FACE_OUTER_BOUND('',#810,.T.);
#506=FACE_OUTER_BOUND('',#811,.T.);
#507=FACE_OUTER_BOUND('',#812,.T.);
#508=FACE_OUTER_BOUND('',#813,.T.);
#509=FACE_OUTER_BOUND('',#814,.T.);
#510=FACE_OUTER_BOUND('',#815,.T.);
#511=FACE_OUTER_BOUND('',#816,.T.);
#512=FACE_OUTER_BOUND('',#817,.T.);
#513=FACE_OUTER_BOUND('',#818,.T.);
#514=FACE_OUTER_BOUND('',#819,.T.);
#515=FACE_OUTER_BOUND('',#820,.T.);
#516=FACE_OUTER_BOUND('',#821,.T.);
#517=FACE_OUTER_BOUND('',#822,.T.);
#518=FACE_OUTER_BOUND('',#823,.T.);
#519=FACE_OUTER_BOUND('',#824,.T.);
#520=FACE_OUTER_BOUND('',#825,.T.);
#521=FACE_OUTER_BOUND('',#826,.T.);
#522=FACE_OUTER_BOUND('',#827,.T.);
#523=FACE_OUTER_BOUND('',#828,.T.);
#524=FACE_OUTER_BOUND('',#829,.T.);
#525=FACE_OUTER_BOUND('',#830,.T.);
#526=FACE_OUTER_BOUND('',#831,.T.);
#527=FACE_OUTER_BOUND('',#832,.T.);
#528=FACE_OUTER_BOUND('',#833,.T.);
#529=FACE_OUTER_BOUND('',#834,.T.);
#530=FACE_OUTER_BOUND('',#835,.T.);
#531=FACE_OUTER_BOUND('',#836,.T.);
#532=FACE_OUTER_BOUND('',#837,.T.);
#533=FACE_OUTER_BOUND('',#838,.T.);
#534=FACE_OUTER_BOUND('',#839,.T.);
#535=FACE_OUTER_BOUND('',#840,.T.);
#536=FACE_OUTER_BOUND('',#841,.T.);
#537=FACE_OUTER_BOUND('',#842,.T.);
#538=FACE_OUTER_BOUND('',#843,.T.);
#539=FACE_OUTER_BOUND('',#844,.T.);
#540=FACE_OUTER_BOUND('',#845,.T.);
#541=FACE_OUTER_BOUND('',#846,.T.);
#542=FACE_OUTER_BOUND('',#847,.T.);
#543=FACE_OUTER_BOUND('',#848,.T.);
#544=FACE_OUTER_BOUND('',#849,.T.);
#545=FACE_OUTER_BOUND('',#850,.T.);
#546=FACE_OUTER_BOUND('',#851,.T.);
#547=FACE_OUTER_BOUND('',#852,.T.);
#548=FACE_OUTER_BOUND('',#853,.T.);
#549=FACE_OUTER_BOUND('',#854,.T.);
#550=FACE_OUTER_BOUND('',#855,.T.);
#551=FACE_OUTER_BOUND('',#856,.T.);
#552=FACE_OUTER_BOUND('',#857,.T.);
#553=FACE_OUTER_BOUND('',#858,.T.);
#554=FACE_OUTER_BOUND('',#859,.T.);
#555=FACE_OUTER_BOUND('',#860,.T.);
#556=FACE_OUTER_BOUND('',#861,.T.);
#557=FACE_OUTER_BOUND('',#862,.T.);
#558=FACE_OUTER_BOUND('',#863,.T.);
#559=FACE_OUTER_BOUND('',#864,.T.);
#560=FACE_OUTER_BOUND('',#865,.T.);
#561=FACE_OUTER_BOUND('',#866,.T.);
#562=FACE_OUTER_BOUND('',#867,.T.);
#563=FACE_OUTER_BOUND('',#868,.T.);
#564=FACE_OUTER_BOUND('',#869,.T.);
#565=FACE_OUTER_BOUND('',#870,.T.);
#566=FACE_OUTER_BOUND('',#871,.T.);
#567=FACE_OUTER_BOUND('',#872,.T.);
#568=FACE_OUTER_BOUND('',#873,.T.);
#569=FACE_OUTER_BOUND('',#874,.T.);
#570=FACE_OUTER_BOUND('',#875,.T.);
#571=FACE_OUTER_BOUND('',#876,.T.);
#572=FACE_OUTER_BOUND('',#877,.T.);
#573=FACE_OUTER_BOUND('',#878,.T.);
#574=FACE_OUTER_BOUND('',#879,.T.);
#575=FACE_OUTER_BOUND('',#880,.T.);
#576=FACE_OUTER_BOUND('',#881,.T.);
#577=FACE_OUTER_BOUND('',#882,.T.);
#578=FACE_OUTER_BOUND('',#883,.T.);
#579=FACE_OUTER_BOUND('',#884,.T.);
#580=FACE_OUTER_BOUND('',#885,.T.);
#581=FACE_OUTER_BOUND('',#886,.T.);
#582=FACE_OUTER_BOUND('',#887,.T.);
#583=FACE_OUTER_BOUND('',#888,.T.);
#584=FACE_OUTER_BOUND('',#889,.T.);
#585=FACE_OUTER_BOUND('',#890,.T.);
#586=FACE_OUTER_BOUND('',#891,.T.);
#587=FACE_OUTER_BOUND('',#892,.T.);
#588=FACE_OUTER_BOUND('',#893,.T.);
#589=FACE_OUTER_BOUND('',#894,.T.);
#590=FACE_OUTER_BOUND('',#895,.T.);
#591=FACE_OUTER_BOUND('',#896,.T.);
#592=FACE_OUTER_BOUND('',#897,.T.);
#593=FACE_OUTER_BOUND('',#898,.T.);
#594=FACE_OUTER_BOUND('',#899,.T.);
#595=FACE_OUTER_BOUND('',#900,.T.);
#596=FACE_OUTER_BOUND('',#901,.T.);
#597=FACE_OUTER_BOUND('',#902,.T.);
#598=FACE_OUTER_BOUND('',#903,.T.);
#599=FACE_OUTER_BOUND('',#904,.T.);
#600=FACE_OUTER_BOUND('',#905,.T.);
#601=FACE_OUTER_BOUND('',#906,.T.);
#602=FACE_OUTER_BOUND('',#907,.T.);
#603=FACE_OUTER_BOUND('',#908,.T.);
#604=FACE_OUTER_BOUND('',#909,.T.);
#605=FACE_OUTER_BOUND('',#910,.T.);
#606=FACE_OUTER_BOUND('',#911,.T.);
#607=FACE_OUTER_BOUND('',#912,.T.);
#608=FACE_OUTER_BOUND('',#913,.T.);
#609=FACE_OUTER_BOUND('',#914,.T.);
#610=FACE_OUTER_BOUND('',#915,.T.);
#611=FACE_OUTER_BOUND('',#916,.T.);
#612=FACE_OUTER_BOUND('',#917,.T.);
#613=FACE_OUTER_BOUND('',#918,.T.);
#614=FACE_OUTER_BOUND('',#919,.T.);
#615=FACE_OUTER_BOUND('',#920,.T.);
#616=FACE_OUTER_BOUND('',#921,.T.);
#617=FACE_OUTER_BOUND('',#922,.T.);
#618=FACE_OUTER_BOUND('',#923,.T.);
#619=FACE_OUTER_BOUND('',#924,.T.);
#620=FACE_OUTER_BOUND('',#925,.T.);
#621=FACE_OUTER_BOUND('',#926,.T.);
#622=FACE_OUTER_BOUND('',#927,.T.);
#623=FACE_OUTER_BOUND('',#928,.T.);
#624=FACE_OUTER_BOUND('',#929,.T.);
#625=FACE_OUTER_BOUND('',#930,.T.);
#626=FACE_OUTER_BOUND('',#931,.T.);
#627=FACE_OUTER_BOUND('',#932,.T.);
#628=FACE_OUTER_BOUND('',#933,.T.);
#629=FACE_OUTER_BOUND('',#934,.T.);
#630=FACE_OUTER_BOUND('',#935,.T.);
#631=FACE_OUTER_BOUND('',#936,.T.);
#632=FACE_OUTER_BOUND('',#937,.T.);
#633=FACE_OUTER_BOUND('',#938,.T.);
#634=FACE_OUTER_BOUND('',#939,.T.);
#635=FACE_OUTER_BOUND('',#940,.T.);
#636=FACE_OUTER_BOUND('',#941,.T.);
#637=FACE_OUTER_BOUND('',#942,.T.);
#638=FACE_OUTER_BOUND('',#943,.T.);
#639=FACE_OUTER_BOUND('',#944,.T.);
#640=FACE_OUTER_BOUND('',#945,.T.);
#641=FACE_OUTER_BOUND('',#974,.T.);
#642=FACE_OUTER_BOUND('',#1003,.T.);
#643=FACE_OUTER_BOUND('',#1004,.T.);
#644=FACE_OUTER_BOUND('',#1005,.T.);
#645=FACE_OUTER_BOUND('',#1007,.T.);
#646=FACE_OUTER_BOUND('',#1008,.T.);
#647=FACE_OUTER_BOUND('',#1009,.T.);
#648=FACE_OUTER_BOUND('',#1010,.T.);
#649=FACE_OUTER_BOUND('',#1012,.T.);
#650=EDGE_LOOP('',(#3532,#3533,#3534,#3535));
#651=EDGE_LOOP('',(#3536,#3537,#3538,#3539,#3540,#3541,#3542,#3543));
#652=EDGE_LOOP('',(#3544,#3545,#3546,#3547));
#653=EDGE_LOOP('',(#3548,#3549,#3550,#3551,#3552,#3553,#3554,#3555,#3556));
#654=EDGE_LOOP('',(#3557,#3558,#3559,#3560));
#655=EDGE_LOOP('',(#3561,#3562,#3563,#3564,#3565,#3566,#3567,#3568));
#656=EDGE_LOOP('',(#3569,#3570,#3571,#3572));
#657=EDGE_LOOP('',(#3573,#3574,#3575,#3576));
#658=EDGE_LOOP('',(#3577,#3578,#3579,#3580,#3581));
#659=EDGE_LOOP('',(#3582,#3583,#3584,#3585));
#660=EDGE_LOOP('',(#3586));
#661=EDGE_LOOP('',(#3587));
#662=EDGE_LOOP('',(#3588));
#663=EDGE_LOOP('',(#3589,#3590,#3591,#3592));
#664=EDGE_LOOP('',(#3593));
#665=EDGE_LOOP('',(#3594));
#666=EDGE_LOOP('',(#3595));
#667=EDGE_LOOP('',(#3596,#3597,#3598,#3599,#3600));
#668=EDGE_LOOP('',(#3601,#3602,#3603,#3604));
#669=EDGE_LOOP('',(#3605,#3606,#3607,#3608));
#670=EDGE_LOOP('',(#3609,#3610,#3611,#3612));
#671=EDGE_LOOP('',(#3613,#3614,#3615,#3616));
#672=EDGE_LOOP('',(#3617,#3618,#3619,#3620));
#673=EDGE_LOOP('',(#3621));
#674=EDGE_LOOP('',(#3622));
#675=EDGE_LOOP('',(#3623));
#676=EDGE_LOOP('',(#3624,#3625,#3626,#3627));
#677=EDGE_LOOP('',(#3628));
#678=EDGE_LOOP('',(#3629));
#679=EDGE_LOOP('',(#3630));
#680=EDGE_LOOP('',(#3631,#3632,#3633,#3634));
#681=EDGE_LOOP('',(#3635,#3636,#3637,#3638));
#682=EDGE_LOOP('',(#3639,#3640,#3641,#3642));
#683=EDGE_LOOP('',(#3643,#3644,#3645,#3646));
#684=EDGE_LOOP('',(#3647,#3648,#3649,#3650));
#685=EDGE_LOOP('',(#3651,#3652,#3653,#3654));
#686=EDGE_LOOP('',(#3655,#3656,#3657,#3658));
#687=EDGE_LOOP('',(#3659,#3660,#3661,#3662));
#688=EDGE_LOOP('',(#3663,#3664,#3665,#3666));
#689=EDGE_LOOP('',(#3667,#3668,#3669,#3670));
#690=EDGE_LOOP('',(#3671,#3672,#3673,#3674,#3675,#3676,#3677,#3678));
#691=EDGE_LOOP('',(#3679,#3680,#3681,#3682,#3683,#3684,#3685,#3686));
#692=EDGE_LOOP('',(#3687,#3688,#3689,#3690,#3691,#3692,#3693,#3694,#3695,
#3696));
#693=EDGE_LOOP('',(#3697,#3698,#3699,#3700,#3701));
#694=EDGE_LOOP('',(#3702,#3703,#3704,#3705));
#695=EDGE_LOOP('',(#3706,#3707,#3708,#3709,#3710));
#696=EDGE_LOOP('',(#3711,#3712,#3713,#3714));
#697=EDGE_LOOP('',(#3715,#3716,#3717,#3718,#3719,#3720));
#698=EDGE_LOOP('',(#3721,#3722,#3723,#3724,#3725,#3726,#3727));
#699=EDGE_LOOP('',(#3728,#3729,#3730,#3731,#3732,#3733));
#700=EDGE_LOOP('',(#3734,#3735,#3736,#3737));
#701=EDGE_LOOP('',(#3738));
#702=EDGE_LOOP('',(#3739,#3740,#3741,#3742,#3743));
#703=EDGE_LOOP('',(#3744,#3745,#3746,#3747,#3748,#3749,#3750));
#704=EDGE_LOOP('',(#3751,#3752,#3753,#3754,#3755));
#705=EDGE_LOOP('',(#3756,#3757,#3758,#3759,#3760));
#706=EDGE_LOOP('',(#3761,#3762,#3763,#3764,#3765,#3766,#3767,#3768,#3769,
#3770));
#707=EDGE_LOOP('',(#3771,#3772,#3773,#3774,#3775));
#708=EDGE_LOOP('',(#3776,#3777,#3778,#3779));
#709=EDGE_LOOP('',(#3780,#3781,#3782,#3783));
#710=EDGE_LOOP('',(#3784,#3785,#3786,#3787,#3788,#3789));
#711=EDGE_LOOP('',(#3790,#3791,#3792,#3793));
#712=EDGE_LOOP('',(#3794,#3795,#3796,#3797));
#713=EDGE_LOOP('',(#3798,#3799,#3800,#3801,#3802,#3803));
#714=EDGE_LOOP('',(#3804,#3805,#3806,#3807));
#715=EDGE_LOOP('',(#3808,#3809,#3810,#3811,#3812,#3813));
#716=EDGE_LOOP('',(#3814,#3815,#3816,#3817));
#717=EDGE_LOOP('',(#3818,#3819,#3820,#3821,#3822,#3823));
#718=EDGE_LOOP('',(#3824,#3825,#3826,#3827));
#719=EDGE_LOOP('',(#3828,#3829,#3830,#3831));
#720=EDGE_LOOP('',(#3832,#3833,#3834,#3835));
#721=EDGE_LOOP('',(#3836,#3837,#3838,#3839,#3840,#3841));
#722=EDGE_LOOP('',(#3842,#3843,#3844,#3845,#3846,#3847));
#723=EDGE_LOOP('',(#3848,#3849,#3850,#3851));
#724=EDGE_LOOP('',(#3852,#3853,#3854,#3855));
#725=EDGE_LOOP('',(#3856,#3857,#3858,#3859));
#726=EDGE_LOOP('',(#3860,#3861,#3862,#3863));
#727=EDGE_LOOP('',(#3864,#3865,#3866,#3867));
#728=EDGE_LOOP('',(#3868,#3869,#3870,#3871));
#729=EDGE_LOOP('',(#3872,#3873,#3874,#3875));
#730=EDGE_LOOP('',(#3876,#3877,#3878,#3879));
#731=EDGE_LOOP('',(#3880,#3881,#3882,#3883));
#732=EDGE_LOOP('',(#3884,#3885,#3886,#3887));
#733=EDGE_LOOP('',(#3888,#3889,#3890,#3891,#3892));
#734=EDGE_LOOP('',(#3893,#3894,#3895));
#735=EDGE_LOOP('',(#3896,#3897,#3898));
#736=EDGE_LOOP('',(#3899,#3900));
#737=EDGE_LOOP('',(#3901,#3902,#3903,#3904,#3905,#3906));
#738=EDGE_LOOP('',(#3907,#3908,#3909,#3910,#3911));
#739=EDGE_LOOP('',(#3912,#3913,#3914,#3915));
#740=EDGE_LOOP('',(#3916,#3917,#3918));
#741=EDGE_LOOP('',(#3919,#3920,#3921,#3922,#3923));
#742=EDGE_LOOP('',(#3924,#3925,#3926));
#743=EDGE_LOOP('',(#3927,#3928,#3929,#3930,#3931));
#744=EDGE_LOOP('',(#3932,#3933));
#745=EDGE_LOOP('',(#3934,#3935,#3936,#3937,#3938));
#746=EDGE_LOOP('',(#3939,#3940,#3941,#3942,#3943,#3944,#3945));
#747=EDGE_LOOP('',(#3946,#3947,#3948,#3949));
#748=EDGE_LOOP('',(#3950,#3951,#3952,#3953,#3954,#3955,#3956));
#749=EDGE_LOOP('',(#3957,#3958,#3959,#3960,#3961,#3962));
#750=EDGE_LOOP('',(#3963,#3964,#3965,#3966));
#751=EDGE_LOOP('',(#3967,#3968,#3969,#3970,#3971,#3972,#3973));
#752=EDGE_LOOP('',(#3974,#3975,#3976,#3977));
#753=EDGE_LOOP('',(#3978,#3979,#3980,#3981));
#754=EDGE_LOOP('',(#3982,#3983,#3984,#3985,#3986,#3987,#3988));
#755=EDGE_LOOP('',(#3989,#3990,#3991,#3992,#3993,#3994));
#756=EDGE_LOOP('',(#3995,#3996,#3997,#3998));
#757=EDGE_LOOP('',(#3999,#4000,#4001,#4002));
#758=EDGE_LOOP('',(#4003,#4004,#4005,#4006));
#759=EDGE_LOOP('',(#4007,#4008,#4009,#4010));
#760=EDGE_LOOP('',(#4011,#4012,#4013,#4014));
#761=EDGE_LOOP('',(#4015));
#762=EDGE_LOOP('',(#4016,#4017,#4018,#4019));
#763=EDGE_LOOP('',(#4020));
#764=EDGE_LOOP('',(#4021,#4022,#4023,#4024));
#765=EDGE_LOOP('',(#4025,#4026,#4027,#4028));
#766=EDGE_LOOP('',(#4029,#4030,#4031,#4032));
#767=EDGE_LOOP('',(#4033,#4034,#4035,#4036));
#768=EDGE_LOOP('',(#4037,#4038,#4039,#4040));
#769=EDGE_LOOP('',(#4041,#4042,#4043,#4044));
#770=EDGE_LOOP('',(#4045,#4046,#4047,#4048));
#771=EDGE_LOOP('',(#4049));
#772=EDGE_LOOP('',(#4050,#4051,#4052,#4053));
#773=EDGE_LOOP('',(#4054));
#774=EDGE_LOOP('',(#4055,#4056,#4057,#4058));
#775=EDGE_LOOP('',(#4059,#4060,#4061,#4062));
#776=EDGE_LOOP('',(#4063,#4064,#4065,#4066));
#777=EDGE_LOOP('',(#4067,#4068,#4069,#4070));
#778=EDGE_LOOP('',(#4071,#4072,#4073,#4074));
#779=EDGE_LOOP('',(#4075,#4076,#4077,#4078));
#780=EDGE_LOOP('',(#4079,#4080,#4081,#4082));
#781=EDGE_LOOP('',(#4083,#4084,#4085,#4086));
#782=EDGE_LOOP('',(#4087,#4088,#4089,#4090));
#783=EDGE_LOOP('',(#4091,#4092,#4093,#4094));
#784=EDGE_LOOP('',(#4095,#4096,#4097,#4098));
#785=EDGE_LOOP('',(#4099,#4100,#4101,#4102));
#786=EDGE_LOOP('',(#4103,#4104,#4105,#4106));
#787=EDGE_LOOP('',(#4107,#4108,#4109,#4110));
#788=EDGE_LOOP('',(#4111,#4112,#4113,#4114));
#789=EDGE_LOOP('',(#4115,#4116,#4117,#4118));
#790=EDGE_LOOP('',(#4119,#4120,#4121,#4122));
#791=EDGE_LOOP('',(#4123,#4124,#4125,#4126));
#792=EDGE_LOOP('',(#4127,#4128,#4129,#4130));
#793=EDGE_LOOP('',(#4131,#4132,#4133,#4134));
#794=EDGE_LOOP('',(#4135,#4136,#4137,#4138));
#795=EDGE_LOOP('',(#4139,#4140,#4141,#4142));
#796=EDGE_LOOP('',(#4143,#4144,#4145,#4146));
#797=EDGE_LOOP('',(#4147,#4148,#4149,#4150));
#798=EDGE_LOOP('',(#4151,#4152,#4153,#4154));
#799=EDGE_LOOP('',(#4155,#4156,#4157,#4158));
#800=EDGE_LOOP('',(#4159,#4160,#4161,#4162));
#801=EDGE_LOOP('',(#4163,#4164,#4165,#4166));
#802=EDGE_LOOP('',(#4167,#4168,#4169,#4170));
#803=EDGE_LOOP('',(#4171,#4172,#4173,#4174));
#804=EDGE_LOOP('',(#4175,#4176,#4177,#4178));
#805=EDGE_LOOP('',(#4179,#4180,#4181,#4182));
#806=EDGE_LOOP('',(#4183,#4184,#4185,#4186));
#807=EDGE_LOOP('',(#4187,#4188,#4189,#4190));
#808=EDGE_LOOP('',(#4191,#4192,#4193,#4194));
#809=EDGE_LOOP('',(#4195,#4196,#4197,#4198));
#810=EDGE_LOOP('',(#4199,#4200,#4201,#4202));
#811=EDGE_LOOP('',(#4203,#4204,#4205,#4206));
#812=EDGE_LOOP('',(#4207,#4208,#4209,#4210));
#813=EDGE_LOOP('',(#4211,#4212,#4213,#4214));
#814=EDGE_LOOP('',(#4215,#4216,#4217,#4218));
#815=EDGE_LOOP('',(#4219,#4220,#4221,#4222));
#816=EDGE_LOOP('',(#4223,#4224,#4225,#4226));
#817=EDGE_LOOP('',(#4227,#4228,#4229,#4230));
#818=EDGE_LOOP('',(#4231,#4232,#4233,#4234));
#819=EDGE_LOOP('',(#4235,#4236,#4237,#4238));
#820=EDGE_LOOP('',(#4239,#4240,#4241,#4242));
#821=EDGE_LOOP('',(#4243,#4244,#4245,#4246));
#822=EDGE_LOOP('',(#4247,#4248,#4249,#4250));
#823=EDGE_LOOP('',(#4251,#4252,#4253,#4254));
#824=EDGE_LOOP('',(#4255,#4256,#4257,#4258));
#825=EDGE_LOOP('',(#4259,#4260,#4261,#4262));
#826=EDGE_LOOP('',(#4263,#4264,#4265,#4266));
#827=EDGE_LOOP('',(#4267,#4268,#4269,#4270));
#828=EDGE_LOOP('',(#4271,#4272,#4273,#4274));
#829=EDGE_LOOP('',(#4275,#4276,#4277,#4278));
#830=EDGE_LOOP('',(#4279,#4280,#4281,#4282));
#831=EDGE_LOOP('',(#4283,#4284,#4285,#4286));
#832=EDGE_LOOP('',(#4287,#4288,#4289,#4290));
#833=EDGE_LOOP('',(#4291,#4292,#4293,#4294));
#834=EDGE_LOOP('',(#4295,#4296,#4297,#4298));
#835=EDGE_LOOP('',(#4299,#4300,#4301,#4302));
#836=EDGE_LOOP('',(#4303,#4304,#4305,#4306));
#837=EDGE_LOOP('',(#4307,#4308,#4309,#4310));
#838=EDGE_LOOP('',(#4311,#4312,#4313,#4314));
#839=EDGE_LOOP('',(#4315,#4316,#4317,#4318));
#840=EDGE_LOOP('',(#4319,#4320,#4321,#4322));
#841=EDGE_LOOP('',(#4323,#4324,#4325,#4326));
#842=EDGE_LOOP('',(#4327,#4328,#4329,#4330));
#843=EDGE_LOOP('',(#4331,#4332,#4333,#4334));
#844=EDGE_LOOP('',(#4335,#4336,#4337,#4338));
#845=EDGE_LOOP('',(#4339,#4340,#4341,#4342));
#846=EDGE_LOOP('',(#4343,#4344,#4345,#4346));
#847=EDGE_LOOP('',(#4347,#4348,#4349,#4350));
#848=EDGE_LOOP('',(#4351,#4352,#4353,#4354));
#849=EDGE_LOOP('',(#4355,#4356,#4357,#4358));
#850=EDGE_LOOP('',(#4359,#4360,#4361,#4362));
#851=EDGE_LOOP('',(#4363,#4364,#4365,#4366));
#852=EDGE_LOOP('',(#4367,#4368,#4369,#4370));
#853=EDGE_LOOP('',(#4371,#4372,#4373,#4374));
#854=EDGE_LOOP('',(#4375,#4376,#4377,#4378));
#855=EDGE_LOOP('',(#4379,#4380,#4381,#4382));
#856=EDGE_LOOP('',(#4383,#4384,#4385,#4386));
#857=EDGE_LOOP('',(#4387,#4388,#4389,#4390));
#858=EDGE_LOOP('',(#4391,#4392,#4393,#4394));
#859=EDGE_LOOP('',(#4395,#4396,#4397,#4398));
#860=EDGE_LOOP('',(#4399,#4400,#4401,#4402));
#861=EDGE_LOOP('',(#4403,#4404,#4405,#4406));
#862=EDGE_LOOP('',(#4407,#4408,#4409,#4410));
#863=EDGE_LOOP('',(#4411,#4412,#4413,#4414));
#864=EDGE_LOOP('',(#4415,#4416,#4417,#4418));
#865=EDGE_LOOP('',(#4419,#4420,#4421,#4422));
#866=EDGE_LOOP('',(#4423,#4424,#4425,#4426));
#867=EDGE_LOOP('',(#4427,#4428,#4429,#4430));
#868=EDGE_LOOP('',(#4431,#4432,#4433,#4434));
#869=EDGE_LOOP('',(#4435,#4436,#4437,#4438));
#870=EDGE_LOOP('',(#4439,#4440,#4441,#4442));
#871=EDGE_LOOP('',(#4443,#4444,#4445,#4446));
#872=EDGE_LOOP('',(#4447,#4448,#4449,#4450));
#873=EDGE_LOOP('',(#4451,#4452,#4453,#4454));
#874=EDGE_LOOP('',(#4455,#4456,#4457,#4458));
#875=EDGE_LOOP('',(#4459,#4460,#4461,#4462));
#876=EDGE_LOOP('',(#4463,#4464,#4465,#4466));
#877=EDGE_LOOP('',(#4467,#4468,#4469,#4470));
#878=EDGE_LOOP('',(#4471,#4472,#4473,#4474));
#879=EDGE_LOOP('',(#4475,#4476,#4477,#4478));
#880=EDGE_LOOP('',(#4479,#4480,#4481,#4482));
#881=EDGE_LOOP('',(#4483,#4484,#4485,#4486));
#882=EDGE_LOOP('',(#4487,#4488,#4489,#4490));
#883=EDGE_LOOP('',(#4491,#4492,#4493,#4494));
#884=EDGE_LOOP('',(#4495,#4496,#4497,#4498));
#885=EDGE_LOOP('',(#4499,#4500,#4501,#4502));
#886=EDGE_LOOP('',(#4503,#4504,#4505,#4506));
#887=EDGE_LOOP('',(#4507,#4508,#4509,#4510));
#888=EDGE_LOOP('',(#4511,#4512,#4513,#4514));
#889=EDGE_LOOP('',(#4515,#4516,#4517,#4518));
#890=EDGE_LOOP('',(#4519,#4520,#4521,#4522));
#891=EDGE_LOOP('',(#4523,#4524,#4525,#4526));
#892=EDGE_LOOP('',(#4527,#4528,#4529,#4530));
#893=EDGE_LOOP('',(#4531,#4532,#4533,#4534));
#894=EDGE_LOOP('',(#4535,#4536,#4537,#4538));
#895=EDGE_LOOP('',(#4539,#4540,#4541,#4542));
#896=EDGE_LOOP('',(#4543,#4544,#4545,#4546));
#897=EDGE_LOOP('',(#4547,#4548,#4549,#4550));
#898=EDGE_LOOP('',(#4551,#4552,#4553,#4554));
#899=EDGE_LOOP('',(#4555,#4556,#4557,#4558));
#900=EDGE_LOOP('',(#4559,#4560,#4561,#4562));
#901=EDGE_LOOP('',(#4563,#4564,#4565,#4566));
#902=EDGE_LOOP('',(#4567,#4568,#4569,#4570));
#903=EDGE_LOOP('',(#4571,#4572,#4573,#4574));
#904=EDGE_LOOP('',(#4575,#4576,#4577,#4578));
#905=EDGE_LOOP('',(#4579,#4580,#4581,#4582));
#906=EDGE_LOOP('',(#4583,#4584,#4585,#4586));
#907=EDGE_LOOP('',(#4587,#4588,#4589,#4590));
#908=EDGE_LOOP('',(#4591,#4592,#4593,#4594));
#909=EDGE_LOOP('',(#4595,#4596,#4597,#4598));
#910=EDGE_LOOP('',(#4599,#4600,#4601,#4602));
#911=EDGE_LOOP('',(#4603,#4604,#4605,#4606));
#912=EDGE_LOOP('',(#4607,#4608,#4609,#4610));
#913=EDGE_LOOP('',(#4611,#4612,#4613,#4614));
#914=EDGE_LOOP('',(#4615,#4616,#4617,#4618));
#915=EDGE_LOOP('',(#4619,#4620,#4621,#4622));
#916=EDGE_LOOP('',(#4623,#4624,#4625,#4626));
#917=EDGE_LOOP('',(#4627,#4628,#4629,#4630));
#918=EDGE_LOOP('',(#4631,#4632,#4633,#4634));
#919=EDGE_LOOP('',(#4635,#4636,#4637,#4638));
#920=EDGE_LOOP('',(#4639,#4640,#4641,#4642));
#921=EDGE_LOOP('',(#4643,#4644,#4645,#4646));
#922=EDGE_LOOP('',(#4647,#4648,#4649,#4650));
#923=EDGE_LOOP('',(#4651,#4652,#4653,#4654));
#924=EDGE_LOOP('',(#4655,#4656,#4657,#4658));
#925=EDGE_LOOP('',(#4659,#4660,#4661,#4662));
#926=EDGE_LOOP('',(#4663,#4664,#4665,#4666));
#927=EDGE_LOOP('',(#4667,#4668,#4669,#4670));
#928=EDGE_LOOP('',(#4671,#4672,#4673,#4674));
#929=EDGE_LOOP('',(#4675,#4676,#4677,#4678));
#930=EDGE_LOOP('',(#4679,#4680,#4681,#4682));
#931=EDGE_LOOP('',(#4683,#4684,#4685,#4686));
#932=EDGE_LOOP('',(#4687,#4688,#4689,#4690));
#933=EDGE_LOOP('',(#4691,#4692,#4693,#4694));
#934=EDGE_LOOP('',(#4695,#4696,#4697,#4698));
#935=EDGE_LOOP('',(#4699,#4700,#4701,#4702));
#936=EDGE_LOOP('',(#4703,#4704,#4705,#4706));
#937=EDGE_LOOP('',(#4707,#4708,#4709,#4710));
#938=EDGE_LOOP('',(#4711,#4712,#4713,#4714));
#939=EDGE_LOOP('',(#4715,#4716,#4717,#4718));
#940=EDGE_LOOP('',(#4719,#4720,#4721,#4722));
#941=EDGE_LOOP('',(#4723,#4724,#4725,#4726));
#942=EDGE_LOOP('',(#4727,#4728,#4729,#4730));
#943=EDGE_LOOP('',(#4731,#4732,#4733,#4734));
#944=EDGE_LOOP('',(#4735,#4736,#4737,#4738));
#945=EDGE_LOOP('',(#4739,#4740,#4741,#4742,#4743,#4744,#4745,#4746,#4747,
#4748,#4749,#4750));
#946=EDGE_LOOP('',(#4751,#4752,#4753,#4754,#4755));
#947=EDGE_LOOP('',(#4756,#4757,#4758,#4759,#4760,#4761,#4762));
#948=EDGE_LOOP('',(#4763,#4764,#4765,#4766,#4767));
#949=EDGE_LOOP('',(#4768,#4769,#4770,#4771,#4772));
#950=EDGE_LOOP('',(#4773,#4774,#4775,#4776,#4777));
#951=EDGE_LOOP('',(#4778,#4779,#4780,#4781,#4782,#4783));
#952=EDGE_LOOP('',(#4784,#4785,#4786,#4787,#4788));
#953=EDGE_LOOP('',(#4789,#4790,#4791,#4792,#4793,#4794));
#954=EDGE_LOOP('',(#4795,#4796,#4797,#4798,#4799,#4800,#4801));
#955=EDGE_LOOP('',(#4802,#4803,#4804,#4805,#4806,#4807,#4808,#4809));
#956=EDGE_LOOP('',(#4810,#4811,#4812,#4813,#4814));
#957=EDGE_LOOP('',(#4815,#4816,#4817,#4818,#4819));
#958=EDGE_LOOP('',(#4820,#4821,#4822,#4823,#4824,#4825));
#959=EDGE_LOOP('',(#4826,#4827,#4828,#4829,#4830,#4831,#4832));
#960=EDGE_LOOP('',(#4833,#4834,#4835,#4836,#4837,#4838));
#961=EDGE_LOOP('',(#4839,#4840,#4841,#4842,#4843,#4844,#4845));
#962=EDGE_LOOP('',(#4846,#4847,#4848,#4849,#4850,#4851,#4852));
#963=EDGE_LOOP('',(#4853,#4854,#4855,#4856,#4857,#4858));
#964=EDGE_LOOP('',(#4859,#4860,#4861,#4862));
#965=EDGE_LOOP('',(#4863,#4864,#4865,#4866,#4867));
#966=EDGE_LOOP('',(#4868,#4869,#4870,#4871));
#967=EDGE_LOOP('',(#4872,#4873,#4874,#4875,#4876));
#968=EDGE_LOOP('',(#4877,#4878,#4879,#4880,#4881,#4882,#4883,#4884));
#969=EDGE_LOOP('',(#4885,#4886,#4887,#4888,#4889,#4890));
#970=EDGE_LOOP('',(#4891,#4892,#4893,#4894,#4895,#4896));
#971=EDGE_LOOP('',(#4897,#4898,#4899,#4900,#4901,#4902));
#972=EDGE_LOOP('',(#4903,#4904,#4905,#4906,#4907));
#973=EDGE_LOOP('',(#4908,#4909,#4910,#4911,#4912));
#974=EDGE_LOOP('',(#4913,#4914,#4915,#4916,#4917,#4918,#4919,#4920,#4921,
#4922,#4923,#4924));
#975=EDGE_LOOP('',(#4925,#4926,#4927,#4928,#4929));
#976=EDGE_LOOP('',(#4930,#4931,#4932,#4933,#4934,#4935,#4936));
#977=EDGE_LOOP('',(#4937,#4938,#4939,#4940,#4941));
#978=EDGE_LOOP('',(#4942,#4943,#4944,#4945,#4946));
#979=EDGE_LOOP('',(#4947,#4948,#4949,#4950,#4951));
#980=EDGE_LOOP('',(#4952,#4953,#4954,#4955,#4956,#4957));
#981=EDGE_LOOP('',(#4958,#4959,#4960,#4961,#4962));
#982=EDGE_LOOP('',(#4963,#4964,#4965,#4966,#4967,#4968));
#983=EDGE_LOOP('',(#4969,#4970,#4971,#4972,#4973,#4974,#4975));
#984=EDGE_LOOP('',(#4976,#4977,#4978,#4979,#4980,#4981,#4982,#4983));
#985=EDGE_LOOP('',(#4984,#4985,#4986,#4987,#4988));
#986=EDGE_LOOP('',(#4989,#4990,#4991,#4992,#4993));
#987=EDGE_LOOP('',(#4994,#4995,#4996,#4997,#4998,#4999));
#988=EDGE_LOOP('',(#5000,#5001,#5002,#5003,#5004,#5005,#5006));
#989=EDGE_LOOP('',(#5007,#5008,#5009,#5010,#5011,#5012));
#990=EDGE_LOOP('',(#5013,#5014,#5015,#5016,#5017,#5018,#5019));
#991=EDGE_LOOP('',(#5020,#5021,#5022,#5023,#5024,#5025,#5026));
#992=EDGE_LOOP('',(#5027,#5028,#5029,#5030,#5031,#5032));
#993=EDGE_LOOP('',(#5033,#5034,#5035,#5036));
#994=EDGE_LOOP('',(#5037,#5038,#5039,#5040,#5041));
#995=EDGE_LOOP('',(#5042,#5043,#5044,#5045));
#996=EDGE_LOOP('',(#5046,#5047,#5048,#5049,#5050));
#997=EDGE_LOOP('',(#5051,#5052,#5053,#5054,#5055,#5056,#5057,#5058));
#998=EDGE_LOOP('',(#5059,#5060,#5061,#5062,#5063,#5064));
#999=EDGE_LOOP('',(#5065,#5066,#5067,#5068,#5069,#5070));
#1000=EDGE_LOOP('',(#5071,#5072,#5073,#5074,#5075,#5076));
#1001=EDGE_LOOP('',(#5077,#5078,#5079,#5080,#5081));
#1002=EDGE_LOOP('',(#5082,#5083,#5084,#5085,#5086));
#1003=EDGE_LOOP('',(#5087,#5088,#5089,#5090));
#1004=EDGE_LOOP('',(#5091,#5092,#5093,#5094));
#1005=EDGE_LOOP('',(#5095,#5096,#5097,#5098));
#1006=EDGE_LOOP('',(#5099));
#1007=EDGE_LOOP('',(#5100,#5101,#5102,#5103));
#1008=EDGE_LOOP('',(#5104,#5105,#5106,#5107));
#1009=EDGE_LOOP('',(#5108,#5109,#5110,#5111));
#1010=EDGE_LOOP('',(#5112,#5113,#5114,#5115));
#1011=EDGE_LOOP('',(#5116));
#1012=EDGE_LOOP('',(#5117,#5118,#5119,#5120));
#1013=EDGE_LOOP('',(#5121));
#1014=CIRCLE('',#5436,5.);
#1015=CIRCLE('',#5438,5.);
#1016=CIRCLE('',#5439,5.);
#1017=CIRCLE('',#5440,5.);
#1018=CIRCLE('',#5448,1.25);
#1019=CIRCLE('',#5449,1.25);
#1020=CIRCLE('',#5450,1.25);
#1021=CIRCLE('',#5451,1.25);
#1022=CIRCLE('',#5452,1.25);
#1023=CIRCLE('',#5453,1.25);
#1024=CIRCLE('',#5460,1.25);
#1025=CIRCLE('',#5461,1.25);
#1026=CIRCLE('',#5462,1.25);
#1027=CIRCLE('',#5463,1.25);
#1028=CIRCLE('',#5464,1.25);
#1029=CIRCLE('',#5465,1.25);
#1030=CIRCLE('',#5480,35.);
#1031=CIRCLE('',#5481,1.25);
#1032=CIRCLE('',#5490,1.25);
#1033=CIRCLE('',#5491,1.25);
#1034=CIRCLE('',#5493,1.25);
#1035=CIRCLE('',#5495,1.25);
#1036=CIRCLE('',#5496,1.25);
#1037=CIRCLE('',#5498,1.25);
#1038=CIRCLE('',#5499,1.25);
#1039=CIRCLE('',#5512,35.);
#1040=CIRCLE('',#5514,35.);
#1041=CIRCLE('',#5519,35.);
#1042=CIRCLE('',#5520,35.);
#1043=CIRCLE('',#5526,35.);
#1044=CIRCLE('',#5528,35.);
#1045=CIRCLE('',#5530,35.);
#1046=LINE('',#6237,#1467);
#1047=LINE('',#6240,#1468);
#1048=LINE('',#6243,#1469);
#1049=LINE('',#6247,#1470);
#1050=LINE('',#6251,#1471);
#1051=LINE('',#6254,#1472);
#1052=LINE('',#6257,#1473);
#1053=LINE('',#6259,#1474);
#1054=LINE('',#6261,#1475);
#1055=LINE('',#6262,#1476);
#1056=LINE('',#6275,#1477);
#1057=LINE('',#6277,#1478);
#1058=LINE('',#6279,#1479);
#1059=LINE('',#6281,#1480);
#1060=LINE('',#6287,#1481);
#1061=LINE('',#6290,#1482);
#1062=LINE('',#6298,#1483);
#1063=LINE('',#6301,#1484);
#1064=LINE('',#6303,#1485);
#1065=LINE('',#6305,#1486);
#1066=LINE('',#6307,#1487);
#1067=LINE('',#6309,#1488);
#1068=LINE('',#6324,#1489);
#1069=LINE('',#6334,#1490);
#1070=LINE('',#6338,#1491);
#1071=LINE('',#6340,#1492);
#1072=LINE('',#6342,#1493);
#1073=LINE('',#6344,#1494);
#1074=LINE('',#6345,#1495);
#1075=LINE('',#6348,#1496);
#1076=LINE('',#6350,#1497);
#1077=LINE('',#6351,#1498);
#1078=LINE('',#6360,#1499);
#1079=LINE('',#6362,#1500);
#1080=LINE('',#6364,#1501);
#1081=LINE('',#6365,#1502);
#1082=LINE('',#6374,#1503);
#1083=LINE('',#6376,#1504);
#1084=LINE('',#6378,#1505);
#1085=LINE('',#6379,#1506);
#1086=LINE('',#6383,#1507);
#1087=LINE('',#6384,#1508);
#1088=LINE('',#6385,#1509);
#1089=LINE('',#6388,#1510);
#1090=LINE('',#6389,#1511);
#1091=LINE('',#6392,#1512);
#1092=LINE('',#6393,#1513);
#1093=LINE('',#6395,#1514);
#1094=LINE('',#6405,#1515);
#1095=LINE('',#6407,#1516);
#1096=LINE('',#6409,#1517);
#1097=LINE('',#6410,#1518);
#1098=LINE('',#6418,#1519);
#1099=LINE('',#6420,#1520);
#1100=LINE('',#6422,#1521);
#1101=LINE('',#6424,#1522);
#1102=LINE('',#6425,#1523);
#1103=LINE('',#6427,#1524);
#1104=LINE('',#6429,#1525);
#1105=LINE('',#6432,#1526);
#1106=LINE('',#6434,#1527);
#1107=LINE('',#6436,#1528);
#1108=LINE('',#6537,#1529);
#1109=LINE('',#6539,#1530);
#1110=LINE('',#6547,#1531);
#1111=LINE('',#6548,#1532);
#1112=LINE('',#6574,#1533);
#1113=LINE('',#6575,#1534);
#1114=LINE('',#6603,#1535);
#1115=LINE('',#6626,#1536);
#1116=LINE('',#6652,#1537);
#1117=LINE('',#6690,#1538);
#1118=LINE('',#6691,#1539);
#1119=LINE('',#6713,#1540);
#1120=LINE('',#6720,#1541);
#1121=LINE('',#6722,#1542);
#1122=LINE('',#6724,#1543);
#1123=LINE('',#6725,#1544);
#1124=LINE('',#6729,#1545);
#1125=LINE('',#6734,#1546);
#1126=LINE('',#6736,#1547);
#1127=LINE('',#6737,#1548);
#1128=LINE('',#6766,#1549);
#1129=LINE('',#6767,#1550);
#1130=LINE('',#6768,#1551);
#1131=LINE('',#6796,#1552);
#1132=LINE('',#6797,#1553);
#1133=LINE('',#6823,#1554);
#1134=LINE('',#6825,#1555);
#1135=LINE('',#6826,#1556);
#1136=LINE('',#6896,#1557);
#1137=LINE('',#6897,#1558);
#1138=LINE('',#6943,#1559);
#1139=LINE('',#6944,#1560);
#1140=LINE('',#6993,#1561);
#1141=LINE('',#6995,#1562);
#1142=LINE('',#6997,#1563);
#1143=LINE('',#6998,#1564);
#1144=LINE('',#7001,#1565);
#1145=LINE('',#7002,#1566);
#1146=LINE('',#7020,#1567);
#1147=LINE('',#7021,#1568);
#1148=LINE('',#7029,#1569);
#1149=LINE('',#7031,#1570);
#1150=LINE('',#7032,#1571);
#1151=LINE('',#7036,#1572);
#1152=LINE('',#7038,#1573);
#1153=LINE('',#7040,#1574);
#1154=LINE('',#7041,#1575);
#1155=LINE('',#7045,#1576);
#1156=LINE('',#7047,#1577);
#1157=LINE('',#7049,#1578);
#1158=LINE('',#7051,#1579);
#1159=LINE('',#7053,#1580);
#1160=LINE('',#7054,#1581);
#1161=LINE('',#7077,#1582);
#1162=LINE('',#7078,#1583);
#1163=LINE('',#7095,#1584);
#1164=LINE('',#7097,#1585);
#1165=LINE('',#7098,#1586);
#1166=LINE('',#7116,#1587);
#1167=LINE('',#7117,#1588);
#1168=LINE('',#7135,#1589);
#1169=LINE('',#7136,#1590);
#1170=LINE('',#7154,#1591);
#1171=LINE('',#7155,#1592);
#1172=LINE('',#7172,#1593);
#1173=LINE('',#7173,#1594);
#1174=LINE('',#7177,#1595);
#1175=LINE('',#7179,#1596);
#1176=LINE('',#7181,#1597);
#1177=LINE('',#7183,#1598);
#1178=LINE('',#7185,#1599);
#1179=LINE('',#7186,#1600);
#1180=LINE('',#7204,#1601);
#1181=LINE('',#7206,#1602);
#1182=LINE('',#7207,#1603);
#1183=LINE('',#7225,#1604);
#1184=LINE('',#7226,#1605);
#1185=LINE('',#7244,#1606);
#1186=LINE('',#7245,#1607);
#1187=LINE('',#7263,#1608);
#1188=LINE('',#7264,#1609);
#1189=LINE('',#7282,#1610);
#1190=LINE('',#7283,#1611);
#1191=LINE('',#7300,#1612);
#1192=LINE('',#7305,#1613);
#1193=LINE('',#7309,#1614);
#1194=LINE('',#7315,#1615);
#1195=LINE('',#7321,#1616);
#1196=LINE('',#7333,#1617);
#1197=LINE('',#7334,#1618);
#1198=LINE('',#7335,#1619);
#1199=LINE('',#7345,#1620);
#1200=LINE('',#7368,#1621);
#1201=LINE('',#7408,#1622);
#1202=LINE('',#7410,#1623);
#1203=LINE('',#7434,#1624);
#1204=LINE('',#7435,#1625);
#1205=LINE('',#7445,#1626);
#1206=LINE('',#7448,#1627);
#1207=LINE('',#7449,#1628);
#1208=LINE('',#7472,#1629);
#1209=LINE('',#7481,#1630);
#1210=LINE('',#7516,#1631);
#1211=LINE('',#7518,#1632);
#1212=LINE('',#7542,#1633);
#1213=LINE('',#7544,#1634);
#1214=LINE('',#7545,#1635);
#1215=LINE('',#7562,#1636);
#1216=LINE('',#7563,#1637);
#1217=LINE('',#7565,#1638);
#1218=LINE('',#7582,#1639);
#1219=LINE('',#7599,#1640);
#1220=LINE('',#7617,#1641);
#1221=LINE('',#7619,#1642);
#1222=LINE('',#7620,#1643);
#1223=LINE('',#7637,#1644);
#1224=LINE('',#7639,#1645);
#1225=LINE('',#7640,#1646);
#1226=LINE('',#7657,#1647);
#1227=LINE('',#7659,#1648);
#1228=LINE('',#7676,#1649);
#1229=LINE('',#7698,#1650);
#1230=LINE('',#7701,#1651);
#1231=LINE('',#7704,#1652);
#1232=LINE('',#7706,#1653);
#1233=LINE('',#7707,#1654);
#1234=LINE('',#7728,#1655);
#1235=LINE('',#7731,#1656);
#1236=LINE('',#7732,#1657);
#1237=LINE('',#7737,#1658);
#1238=LINE('',#7739,#1659);
#1239=LINE('',#7740,#1660);
#1240=LINE('',#7761,#1661);
#1241=LINE('',#7783,#1662);
#1242=LINE('',#7787,#1663);
#1243=LINE('',#7789,#1664);
#1244=LINE('',#7790,#1665);
#1245=LINE('',#7793,#1666);
#1246=LINE('',#7795,#1667);
#1247=LINE('',#7796,#1668);
#1248=LINE('',#7798,#1669);
#1249=LINE('',#7799,#1670);
#1250=LINE('',#7822,#1671);
#1251=LINE('',#7825,#1672);
#1252=LINE('',#7828,#1673);
#1253=LINE('',#7829,#1674);
#1254=LINE('',#7850,#1675);
#1255=LINE('',#7854,#1676);
#1256=LINE('',#7855,#1677);
#1257=LINE('',#7856,#1678);
#1258=LINE('',#7877,#1679);
#1259=LINE('',#7898,#1680);
#1260=LINE('',#7912,#1681);
#1261=LINE('',#7917,#1682);
#1262=LINE('',#7932,#1683);
#1263=LINE('',#7947,#1684);
#1264=LINE('',#7962,#1685);
#1265=LINE('',#7987,#1686);
#1266=LINE('',#7992,#1687);
#1267=LINE('',#8007,#1688);
#1268=LINE('',#8022,#1689);
#1269=LINE('',#8037,#1690);
#1270=LINE('',#8062,#1691);
#1271=LINE('',#8067,#1692);
#1272=LINE('',#8070,#1693);
#1273=LINE('',#8072,#1694);
#1274=LINE('',#8073,#1695);
#1275=LINE('',#8088,#1696);
#1276=LINE('',#8103,#1697);
#1277=LINE('',#8118,#1698);
#1278=LINE('',#8143,#1699);
#1279=LINE('',#8148,#1700);
#1280=LINE('',#8151,#1701);
#1281=LINE('',#8153,#1702);
#1282=LINE('',#8154,#1703);
#1283=LINE('',#8169,#1704);
#1284=LINE('',#8184,#1705);
#1285=LINE('',#8199,#1706);
#1286=LINE('',#8224,#1707);
#1287=LINE('',#8229,#1708);
#1288=LINE('',#8244,#1709);
#1289=LINE('',#8259,#1710);
#1290=LINE('',#8274,#1711);
#1291=LINE('',#8289,#1712);
#1292=LINE('',#8314,#1713);
#1293=LINE('',#8319,#1714);
#1294=LINE('',#8334,#1715);
#1295=LINE('',#8349,#1716);
#1296=LINE('',#8364,#1717);
#1297=LINE('',#8379,#1718);
#1298=LINE('',#8394,#1719);
#1299=LINE('',#8409,#1720);
#1300=LINE('',#8434,#1721);
#1301=LINE('',#8439,#1722);
#1302=LINE('',#8454,#1723);
#1303=LINE('',#8469,#1724);
#1304=LINE('',#8484,#1725);
#1305=LINE('',#8486,#1726);
#1306=LINE('',#8487,#1727);
#1307=LINE('',#8500,#1728);
#1308=LINE('',#8505,#1729);
#1309=LINE('',#8520,#1730);
#1310=LINE('',#8535,#1731);
#1311=LINE('',#8560,#1732);
#1312=LINE('',#8565,#1733);
#1313=LINE('',#8580,#1734);
#1314=LINE('',#8583,#1735);
#1315=LINE('',#8585,#1736);
#1316=LINE('',#8586,#1737);
#1317=LINE('',#8601,#1738);
#1318=LINE('',#8626,#1739);
#1319=LINE('',#8631,#1740);
#1320=LINE('',#8646,#1741);
#1321=LINE('',#8661,#1742);
#1322=LINE('',#8677,#1743);
#1323=LINE('',#8679,#1744);
#1324=LINE('',#8681,#1745);
#1325=LINE('',#8682,#1746);
#1326=LINE('',#8697,#1747);
#1327=LINE('',#8712,#1748);
#1328=LINE('',#8727,#1749);
#1329=LINE('',#8742,#1750);
#1330=LINE('',#8767,#1751);
#1331=LINE('',#8772,#1752);
#1332=LINE('',#8787,#1753);
#1333=LINE('',#8802,#1754);
#1334=LINE('',#8817,#1755);
#1335=LINE('',#8832,#1756);
#1336=LINE('',#8847,#1757);
#1337=LINE('',#8849,#1758);
#1338=LINE('',#8850,#1759);
#1339=LINE('',#8863,#1760);
#1340=LINE('',#8868,#1761);
#1341=LINE('',#8883,#1762);
#1342=LINE('',#8898,#1763);
#1343=LINE('',#8913,#1764);
#1344=LINE('',#8928,#1765);
#1345=LINE('',#8943,#1766);
#1346=LINE('',#8945,#1767);
#1347=LINE('',#8946,#1768);
#1348=LINE('',#8959,#1769);
#1349=LINE('',#8964,#1770);
#1350=LINE('',#8979,#1771);
#1351=LINE('',#8994,#1772);
#1352=LINE('',#8997,#1773);
#1353=LINE('',#8999,#1774);
#1354=LINE('',#9000,#1775);
#1355=LINE('',#9015,#1776);
#1356=LINE('',#9040,#1777);
#1357=LINE('',#9045,#1778);
#1358=LINE('',#9060,#1779);
#1359=LINE('',#9075,#1780);
#1360=LINE('',#9090,#1781);
#1361=LINE('',#9093,#1782);
#1362=LINE('',#9095,#1783);
#1363=LINE('',#9096,#1784);
#1364=LINE('',#9111,#1785);
#1365=LINE('',#9136,#1786);
#1366=LINE('',#9141,#1787);
#1367=LINE('',#9156,#1788);
#1368=LINE('',#9171,#1789);
#1369=LINE('',#9186,#1790);
#1370=LINE('',#9201,#1791);
#1371=LINE('',#9226,#1792);
#1372=LINE('',#9231,#1793);
#1373=LINE('',#9234,#1794);
#1374=LINE('',#9236,#1795);
#1375=LINE('',#9237,#1796);
#1376=LINE('',#9252,#1797);
#1377=LINE('',#9267,#1798);
#1378=LINE('',#9283,#1799);
#1379=LINE('',#9285,#1800);
#1380=LINE('',#9287,#1801);
#1381=LINE('',#9288,#1802);
#1382=LINE('',#9291,#1803);
#1383=LINE('',#9293,#1804);
#1384=LINE('',#9294,#1805);
#1385=LINE('',#9309,#1806);
#1386=LINE('',#9324,#1807);
#1387=LINE('',#9349,#1808);
#1388=LINE('',#9354,#1809);
#1389=LINE('',#9369,#1810);
#1390=LINE('',#9384,#1811);
#1391=LINE('',#9399,#1812);
#1392=LINE('',#9414,#1813);
#1393=LINE('',#9429,#1814);
#1394=LINE('',#9444,#1815);
#1395=LINE('',#9460,#1816);
#1396=LINE('',#9462,#1817);
#1397=LINE('',#9464,#1818);
#1398=LINE('',#9465,#1819);
#1399=LINE('',#9480,#1820);
#1400=LINE('',#9495,#1821);
#1401=LINE('',#9510,#1822);
#1402=LINE('',#9525,#1823);
#1403=LINE('',#9540,#1824);
#1404=LINE('',#9565,#1825);
#1405=LINE('',#9570,#1826);
#1406=LINE('',#9585,#1827);
#1407=LINE('',#9600,#1828);
#1408=LINE('',#9615,#1829);
#1409=LINE('',#9630,#1830);
#1410=LINE('',#9655,#1831);
#1411=LINE('',#9660,#1832);
#1412=LINE('',#9675,#1833);
#1413=LINE('',#9690,#1834);
#1414=LINE('',#9705,#1835);
#1415=LINE('',#9730,#1836);
#1416=LINE('',#9735,#1837);
#1417=LINE('',#9750,#1838);
#1418=LINE('',#9765,#1839);
#1419=LINE('',#9780,#1840);
#1420=LINE('',#9795,#1841);
#1421=LINE('',#9820,#1842);
#1422=LINE('',#9825,#1843);
#1423=LINE('',#9840,#1844);
#1424=LINE('',#9855,#1845);
#1425=LINE('',#9870,#1846);
#1426=LINE('',#9886,#1847);
#1427=LINE('',#9888,#1848);
#1428=LINE('',#9890,#1849);
#1429=LINE('',#9891,#1850);
#1430=LINE('',#9894,#1851);
#1431=LINE('',#9896,#1852);
#1432=LINE('',#9897,#1853);
#1433=LINE('',#9912,#1854);
#1434=LINE('',#9927,#1855);
#1435=LINE('',#9952,#1856);
#1436=LINE('',#9957,#1857);
#1437=LINE('',#9972,#1858);
#1438=LINE('',#9987,#1859);
#1439=LINE('',#10002,#1860);
#1440=LINE('',#10027,#1861);
#1441=LINE('',#10032,#1862);
#1442=LINE('',#10047,#1863);
#1443=LINE('',#10062,#1864);
#1444=LINE('',#10077,#1865);
#1445=LINE('',#10092,#1866);
#1446=LINE('',#10107,#1867);
#1447=LINE('',#10132,#1868);
#1448=LINE('',#10137,#1869);
#1449=LINE('',#10152,#1870);
#1450=LINE('',#10167,#1871);
#1451=LINE('',#10182,#1872);
#1452=LINE('',#10197,#1873);
#1453=LINE('',#10199,#1874);
#1454=LINE('',#10200,#1875);
#1455=LINE('',#10214,#1876);
#1456=LINE('',#10215,#1877);
#1457=LINE('',#10219,#1878);
#1458=LINE('',#10221,#1879);
#1459=LINE('',#10225,#1880);
#1460=LINE('',#10227,#1881);
#1461=LINE('',#10228,#1882);
#1462=LINE('',#10231,#1883);
#1463=LINE('',#10233,#1884);
#1464=LINE('',#10234,#1885);
#1465=LINE('',#10236,#1886);
#1466=LINE('',#10237,#1887);
#1467=VECTOR('',#5562,10.);
#1468=VECTOR('',#5565,10.);
#1469=VECTOR('',#5568,10.);
#1470=VECTOR('',#5571,10.);
#1471=VECTOR('',#5574,10.);
#1472=VECTOR('',#5577,10.);
#1473=VECTOR('',#5578,10.);
#1474=VECTOR('',#5579,10.);
#1475=VECTOR('',#5580,10.);
#1476=VECTOR('',#5581,10.);
#1477=VECTOR('',#5584,10.);
#1478=VECTOR('',#5585,10.);
#1479=VECTOR('',#5586,10.);
#1480=VECTOR('',#5587,10.);
#1481=VECTOR('',#5588,10.);
#1482=VECTOR('',#5591,10.);
#1483=VECTOR('',#5592,10.);
#1484=VECTOR('',#5595,10.);
#1485=VECTOR('',#5596,10.);
#1486=VECTOR('',#5597,10.);
#1487=VECTOR('',#5598,10.);
#1488=VECTOR('',#5599,10.);
#1489=VECTOR('',#5602,10.);
#1490=VECTOR('',#5605,10.);
#1491=VECTOR('',#5608,10.);
#1492=VECTOR('',#5609,10.);
#1493=VECTOR('',#5610,10.);
#1494=VECTOR('',#5611,10.);
#1495=VECTOR('',#5612,10.);
#1496=VECTOR('',#5615,10.);
#1497=VECTOR('',#5616,10.);
#1498=VECTOR('',#5617,10.);
#1499=VECTOR('',#5624,10.);
#1500=VECTOR('',#5625,10.);
#1501=VECTOR('',#5626,10.);
#1502=VECTOR('',#5627,10.);
#1503=VECTOR('',#5636,10.);
#1504=VECTOR('',#5637,10.);
#1505=VECTOR('',#5638,10.);
#1506=VECTOR('',#5639,10.);
#1507=VECTOR('',#5642,10.);
#1508=VECTOR('',#5643,10.);
#1509=VECTOR('',#5644,10.);
#1510=VECTOR('',#5647,10.);
#1511=VECTOR('',#5648,10.);
#1512=VECTOR('',#5651,10.);
#1513=VECTOR('',#5652,10.);
#1514=VECTOR('',#5655,10.);
#1515=VECTOR('',#5664,10.);
#1516=VECTOR('',#5665,10.);
#1517=VECTOR('',#5666,10.);
#1518=VECTOR('',#5667,10.);
#1519=VECTOR('',#5676,1.25);
#1520=VECTOR('',#5679,1.25);
#1521=VECTOR('',#5682,1.25);
#1522=VECTOR('',#5685,10.);
#1523=VECTOR('',#5686,10.);
#1524=VECTOR('',#5689,10.);
#1525=VECTOR('',#5692,10.);
#1526=VECTOR('',#5697,1.25);
#1527=VECTOR('',#5700,1.25);
#1528=VECTOR('',#5703,1.25);
#1529=VECTOR('',#5708,50.8264058886419);
#1530=VECTOR('',#5709,50.8264058886419);
#1531=VECTOR('',#5710,58.1810154083878);
#1532=VECTOR('',#5711,35.5754867717492);
#1533=VECTOR('',#5712,10.);
#1534=VECTOR('',#5713,60.4354486333978);
#1535=VECTOR('',#5714,49.2707583765919);
#1536=VECTOR('',#5715,48.8847191048866);
#1537=VECTOR('',#5716,54.559045084977);
#1538=VECTOR('',#5717,26.0953575661011);
#1539=VECTOR('',#5718,41.9196215181233);
#1540=VECTOR('',#5719,10.);
#1541=VECTOR('',#5722,10.);
#1542=VECTOR('',#5723,10.);
#1543=VECTOR('',#5724,10.);
#1544=VECTOR('',#5725,10.);
#1545=VECTOR('',#5730,10.);
#1546=VECTOR('',#5735,10.);
#1547=VECTOR('',#5736,10.);
#1548=VECTOR('',#5737,10.);
#1549=VECTOR('',#5738,63.4216498079304);
#1550=VECTOR('',#5739,41.9196279744569);
#1551=VECTOR('',#5740,35.5750397079247);
#1552=VECTOR('',#5741,49.1836503586735);
#1553=VECTOR('',#5742,48.8083786959518);
#1554=VECTOR('',#5743,57.7430862985157);
#1555=VECTOR('',#5744,60.0333675409213);
#1556=VECTOR('',#5745,10.);
#1557=VECTOR('',#5746,50.8287404151109);
#1558=VECTOR('',#5747,50.8287404151109);
#1559=VECTOR('',#5748,26.0952419382479);
#1560=VECTOR('',#5749,54.6293790220155);
#1561=VECTOR('',#5752,10.);
#1562=VECTOR('',#5753,10.);
#1563=VECTOR('',#5754,10.);
#1564=VECTOR('',#5755,10.);
#1565=VECTOR('',#5758,10.);
#1566=VECTOR('',#5759,10.);
#1567=VECTOR('',#5760,10.);
#1568=VECTOR('',#5761,50.8287404151109);
#1569=VECTOR('',#5764,10.);
#1570=VECTOR('',#5765,10.);
#1571=VECTOR('',#5766,10.);
#1572=VECTOR('',#5769,10.);
#1573=VECTOR('',#5770,10.);
#1574=VECTOR('',#5771,10.);
#1575=VECTOR('',#5772,10.);
#1576=VECTOR('',#5775,10.);
#1577=VECTOR('',#5776,10.);
#1578=VECTOR('',#5777,10.);
#1579=VECTOR('',#5778,10.);
#1580=VECTOR('',#5779,10.);
#1581=VECTOR('',#5780,10.);
#1582=VECTOR('',#5781,31.7648614904486);
#1583=VECTOR('',#5782,38.7160524373895);
#1584=VECTOR('',#5783,10.);
#1585=VECTOR('',#5784,30.5401463168125);
#1586=VECTOR('',#5785,10.);
#1587=VECTOR('',#5786,10.);
#1588=VECTOR('',#5787,38.7182232876115);
#1589=VECTOR('',#5788,10.);
#1590=VECTOR('',#5789,31.7671944450576);
#1591=VECTOR('',#5790,10.);
#1592=VECTOR('',#5791,22.5792819273534);
#1593=VECTOR('',#5792,10.);
#1594=VECTOR('',#5793,10.);
#1595=VECTOR('',#5796,10.);
#1596=VECTOR('',#5797,10.);
#1597=VECTOR('',#5798,10.);
#1598=VECTOR('',#5799,10.);
#1599=VECTOR('',#5800,10.);
#1600=VECTOR('',#5801,10.);
#1601=VECTOR('',#5802,31.7670011280119);
#1602=VECTOR('',#5803,10.);
#1603=VECTOR('',#5804,22.5791143757555);
#1604=VECTOR('',#5805,38.7180456944773);
#1605=VECTOR('',#5806,10.);
#1606=VECTOR('',#5807,30.5399947190241);
#1607=VECTOR('',#5808,10.);
#1608=VECTOR('',#5809,38.7181059786746);
#1609=VECTOR('',#5810,10.);
#1610=VECTOR('',#5811,31.7670659169326);
#1611=VECTOR('',#5812,10.);
#1612=VECTOR('',#5813,10.);
#1613=VECTOR('',#5818,1.25);
#1614=VECTOR('',#5823,1.25);
#1615=VECTOR('',#5830,1.25);
#1616=VECTOR('',#5837,1.25);
#1617=VECTOR('',#5842,10.);
#1618=VECTOR('',#5843,10.);
#1619=VECTOR('',#5844,10.);
#1620=VECTOR('',#5847,10.);
#1621=VECTOR('',#5850,10.);
#1622=VECTOR('',#5855,61.8086007918517);
#1623=VECTOR('',#5856,63.4216427314578);
#1624=VECTOR('',#5857,50.8264058886419);
#1625=VECTOR('',#5858,10.);
#1626=VECTOR('',#5861,10.);
#1627=VECTOR('',#5864,10.);
#1628=VECTOR('',#5865,10.);
#1629=VECTOR('',#5868,10.);
#1630=VECTOR('',#5871,10.);
#1631=VECTOR('',#5874,61.8074760401806);
#1632=VECTOR('',#5875,63.4214197152822);
#1633=VECTOR('',#5876,10.);
#1634=VECTOR('',#5877,50.824070980821);
#1635=VECTOR('',#5878,10.);
#1636=VECTOR('',#5879,10.);
#1637=VECTOR('',#5880,10.);
#1638=VECTOR('',#5883,10.);
#1639=VECTOR('',#5884,61.8097255650421);
#1640=VECTOR('',#5885,63.4216498079304);
#1641=VECTOR('',#5886,10.);
#1642=VECTOR('',#5887,50.8264058886422);
#1643=VECTOR('',#5888,63.4214126387844);
#1644=VECTOR('',#5889,10.);
#1645=VECTOR('',#5890,61.808600791852);
#1646=VECTOR('',#5891,10.);
#1647=VECTOR('',#5892,63.4214126387844);
#1648=VECTOR('',#5895,10.);
#1649=VECTOR('',#5896,10.);
#1650=VECTOR('',#5897,10.);
#1651=VECTOR('',#5900,10.);
#1652=VECTOR('',#5903,10.);
#1653=VECTOR('',#5904,10.);
#1654=VECTOR('',#5905,28.7479807645083);
#1655=VECTOR('',#5906,10.);
#1656=VECTOR('',#5911,10.);
#1657=VECTOR('',#5912,10.);
#1658=VECTOR('',#5919,28.7478174516672);
#1659=VECTOR('',#5920,10.);
#1660=VECTOR('',#5921,28.7478174516672);
#1661=VECTOR('',#5922,10.);
#1662=VECTOR('',#5925,10.);
#1663=VECTOR('',#5930,10.);
#1664=VECTOR('',#5931,10.);
#1665=VECTOR('',#5932,10.);
#1666=VECTOR('',#5935,10.);
#1667=VECTOR('',#5936,10.);
#1668=VECTOR('',#5937,10.);
#1669=VECTOR('',#5940,10.);
#1670=VECTOR('',#5941,10.);
#1671=VECTOR('',#5946,10.);
#1672=VECTOR('',#5949,10.);
#1673=VECTOR('',#5952,10.);
#1674=VECTOR('',#5953,28.7479321569172);
#1675=VECTOR('',#5954,10.);
#1676=VECTOR('',#5959,28.7480954691068);
#1677=VECTOR('',#5960,10.);
#1678=VECTOR('',#5961,28.7480954691068);
#1679=VECTOR('',#5962,10.);
#1680=VECTOR('',#5963,10.);
#1681=VECTOR('',#5966,10.);
#1682=VECTOR('',#5967,10.);
#1683=VECTOR('',#5968,10.);
#1684=VECTOR('',#5969,10.);
#1685=VECTOR('',#5970,10.);
#1686=VECTOR('',#5971,10.);
#1687=VECTOR('',#5972,10.);
#1688=VECTOR('',#5973,10.);
#1689=VECTOR('',#5974,10.);
#1690=VECTOR('',#5975,10.);
#1691=VECTOR('',#5976,10.);
#1692=VECTOR('',#5977,10.);
#1693=VECTOR('',#5980,10.);
#1694=VECTOR('',#5981,10.);
#1695=VECTOR('',#5982,10.);
#1696=VECTOR('',#5983,10.);
#1697=VECTOR('',#5984,10.);
#1698=VECTOR('',#5985,10.);
#1699=VECTOR('',#5986,10.);
#1700=VECTOR('',#5987,10.);
#1701=VECTOR('',#5990,10.);
#1702=VECTOR('',#5991,10.);
#1703=VECTOR('',#5992,10.);
#1704=VECTOR('',#5993,10.);
#1705=VECTOR('',#5994,10.);
#1706=VECTOR('',#5995,10.);
#1707=VECTOR('',#5996,10.);
#1708=VECTOR('',#5997,10.);
#1709=VECTOR('',#5998,10.);
#1710=VECTOR('',#5999,10.);
#1711=VECTOR('',#6000,10.);
#1712=VECTOR('',#6001,10.);
#1713=VECTOR('',#6002,10.);
#1714=VECTOR('',#6003,10.);
#1715=VECTOR('',#6004,10.);
#1716=VECTOR('',#6005,10.);
#1717=VECTOR('',#6006,10.);
#1718=VECTOR('',#6007,10.);
#1719=VECTOR('',#6008,10.);
#1720=VECTOR('',#6009,10.);
#1721=VECTOR('',#6010,10.);
#1722=VECTOR('',#6011,10.);
#1723=VECTOR('',#6012,10.);
#1724=VECTOR('',#6013,10.);
#1725=VECTOR('',#6014,10.);
#1726=VECTOR('',#6017,10.);
#1727=VECTOR('',#6018,10.);
#1728=VECTOR('',#6019,10.);
#1729=VECTOR('',#6020,10.);
#1730=VECTOR('',#6021,10.);
#1731=VECTOR('',#6022,10.);
#1732=VECTOR('',#6023,10.);
#1733=VECTOR('',#6024,10.);
#1734=VECTOR('',#6025,10.);
#1735=VECTOR('',#6028,10.);
#1736=VECTOR('',#6029,10.);
#1737=VECTOR('',#6030,10.);
#1738=VECTOR('',#6031,10.);
#1739=VECTOR('',#6032,10.);
#1740=VECTOR('',#6033,10.);
#1741=VECTOR('',#6034,10.);
#1742=VECTOR('',#6035,10.);
#1743=VECTOR('',#6038,10.);
#1744=VECTOR('',#6039,10.);
#1745=VECTOR('',#6040,10.);
#1746=VECTOR('',#6041,10.);
#1747=VECTOR('',#6042,10.);
#1748=VECTOR('',#6043,10.);
#1749=VECTOR('',#6044,10.);
#1750=VECTOR('',#6045,10.);
#1751=VECTOR('',#6046,10.);
#1752=VECTOR('',#6047,10.);
#1753=VECTOR('',#6048,10.);
#1754=VECTOR('',#6049,10.);
#1755=VECTOR('',#6050,10.);
#1756=VECTOR('',#6051,10.);
#1757=VECTOR('',#6052,10.);
#1758=VECTOR('',#6055,10.);
#1759=VECTOR('',#6056,10.);
#1760=VECTOR('',#6057,10.);
#1761=VECTOR('',#6058,10.);
#1762=VECTOR('',#6059,10.);
#1763=VECTOR('',#6060,10.);
#1764=VECTOR('',#6061,10.);
#1765=VECTOR('',#6062,10.);
#1766=VECTOR('',#6063,10.);
#1767=VECTOR('',#6066,10.);
#1768=VECTOR('',#6067,10.);
#1769=VECTOR('',#6068,10.);
#1770=VECTOR('',#6069,10.);
#1771=VECTOR('',#6070,10.);
#1772=VECTOR('',#6071,10.);
#1773=VECTOR('',#6074,10.);
#1774=VECTOR('',#6075,10.);
#1775=VECTOR('',#6076,10.);
#1776=VECTOR('',#6077,10.);
#1777=VECTOR('',#6078,10.);
#1778=VECTOR('',#6079,10.);
#1779=VECTOR('',#6080,10.);
#1780=VECTOR('',#6081,10.);
#1781=VECTOR('',#6082,10.);
#1782=VECTOR('',#6085,10.);
#1783=VECTOR('',#6086,10.);
#1784=VECTOR('',#6087,10.);
#1785=VECTOR('',#6088,10.);
#1786=VECTOR('',#6089,10.);
#1787=VECTOR('',#6090,10.);
#1788=VECTOR('',#6091,10.);
#1789=VECTOR('',#6092,10.);
#1790=VECTOR('',#6093,10.);
#1791=VECTOR('',#6094,10.);
#1792=VECTOR('',#6095,10.);
#1793=VECTOR('',#6096,10.);
#1794=VECTOR('',#6099,10.);
#1795=VECTOR('',#6100,10.);
#1796=VECTOR('',#6101,10.);
#1797=VECTOR('',#6102,10.);
#1798=VECTOR('',#6103,10.);
#1799=VECTOR('',#6106,10.);
#1800=VECTOR('',#6107,10.);
#1801=VECTOR('',#6108,10.);
#1802=VECTOR('',#6109,10.);
#1803=VECTOR('',#6112,10.);
#1804=VECTOR('',#6113,10.);
#1805=VECTOR('',#6114,10.);
#1806=VECTOR('',#6115,10.);
#1807=VECTOR('',#6116,10.);
#1808=VECTOR('',#6117,10.);
#1809=VECTOR('',#6118,10.);
#1810=VECTOR('',#6119,10.);
#1811=VECTOR('',#6120,10.);
#1812=VECTOR('',#6121,10.);
#1813=VECTOR('',#6122,10.);
#1814=VECTOR('',#6123,10.);
#1815=VECTOR('',#6124,10.);
#1816=VECTOR('',#6127,10.);
#1817=VECTOR('',#6128,10.);
#1818=VECTOR('',#6129,10.);
#1819=VECTOR('',#6130,10.);
#1820=VECTOR('',#6131,10.);
#1821=VECTOR('',#6132,10.);
#1822=VECTOR('',#6133,10.);
#1823=VECTOR('',#6134,10.);
#1824=VECTOR('',#6135,10.);
#1825=VECTOR('',#6136,10.);
#1826=VECTOR('',#6137,10.);
#1827=VECTOR('',#6138,10.);
#1828=VECTOR('',#6139,10.);
#1829=VECTOR('',#6140,10.);
#1830=VECTOR('',#6141,10.);
#1831=VECTOR('',#6142,10.);
#1832=VECTOR('',#6143,10.);
#1833=VECTOR('',#6144,10.);
#1834=VECTOR('',#6145,10.);
#1835=VECTOR('',#6146,10.);
#1836=VECTOR('',#6147,10.);
#1837=VECTOR('',#6148,10.);
#1838=VECTOR('',#6149,10.);
#1839=VECTOR('',#6150,10.);
#1840=VECTOR('',#6151,10.);
#1841=VECTOR('',#6152,10.);
#1842=VECTOR('',#6153,10.);
#1843=VECTOR('',#6154,10.);
#1844=VECTOR('',#6155,10.);
#1845=VECTOR('',#6156,10.);
#1846=VECTOR('',#6157,10.);
#1847=VECTOR('',#6160,10.);
#1848=VECTOR('',#6161,10.);
#1849=VECTOR('',#6162,10.);
#1850=VECTOR('',#6163,10.);
#1851=VECTOR('',#6166,10.);
#1852=VECTOR('',#6167,10.);
#1853=VECTOR('',#6168,10.);
#1854=VECTOR('',#6169,10.);
#1855=VECTOR('',#6170,10.);
#1856=VECTOR('',#6171,10.);
#1857=VECTOR('',#6172,10.);
#1858=VECTOR('',#6173,10.);
#1859=VECTOR('',#6174,10.);
#1860=VECTOR('',#6175,10.);
#1861=VECTOR('',#6176,10.);
#1862=VECTOR('',#6177,10.);
#1863=VECTOR('',#6178,10.);
#1864=VECTOR('',#6179,10.);
#1865=VECTOR('',#6180,10.);
#1866=VECTOR('',#6181,10.);
#1867=VECTOR('',#6182,10.);
#1868=VECTOR('',#6183,10.);
#1869=VECTOR('',#6184,10.);
#1870=VECTOR('',#6185,10.);
#1871=VECTOR('',#6186,10.);
#1872=VECTOR('',#6187,10.);
#1873=VECTOR('',#6190,10.);
#1874=VECTOR('',#6191,10.);
#1875=VECTOR('',#6192,10.);
#1876=VECTOR('',#6195,10.);
#1877=VECTOR('',#6196,10.);
#1878=VECTOR('',#6203,10.);
#1879=VECTOR('',#6206,10.);
#1880=VECTOR('',#6211,10.);
#1881=VECTOR('',#6212,10.);
#1882=VECTOR('',#6213,10.);
#1883=VECTOR('',#6216,10.);
#1884=VECTOR('',#6217,10.);
#1885=VECTOR('',#6218,10.);
#1886=VECTOR('',#6221,10.);
#1887=VECTOR('',#6222,10.);
#1888=B_SPLINE_CURVE_WITH_KNOTS('',3,(#6231,#6232,#6233,#6234,#6235),
 .UNSPECIFIED.,.F.,.F.,(4,1,4),(0.172369048915575,0.226520382693519,0.307747383360434),
 .UNSPECIFIED.);
#1889=B_SPLINE_CURVE_WITH_KNOTS('',3,(#6265,#6266,#6267,#6268,#6269,#6270,
#6271,#6272,#6273),.UNSPECIFIED.,.F.,.F.,(4,2,1,1,1,4),(0.307730907421473,
0.307747383360434,0.37697264502439,0.446197906688347,0.58464843001626,1.),
 .UNSPECIFIED.);
#1890=B_SPLINE_CURVE_WITH_KNOTS('',3,(#6283,#6284,#6285,#6286),
 .UNSPECIFIED.,.F.,.F.,(4,4),(0.,0.100892177187634),.UNSPECIFIED.);
#1891=B_SPLINE_CURVE_WITH_KNOTS('',3,(#6292,#6293,#6294,#6295,#6296,#6297),
 .UNSPECIFIED.,.F.,.F.,(4,1,1,4),(0.168781315618378,0.22180498625634,0.248317028355064,
0.301317452327709),.UNSPECIFIED.);
#1892=B_SPLINE_CURVE_WITH_KNOTS('',3,(#6310,#6311,#6312,#6313,#6314,#6315),
 .UNSPECIFIED.,.F.,.F.,(4,1,1,4),(0.301341112552511,0.441072890042009,0.580804667531507,
1.),.UNSPECIFIED.);
#1893=B_SPLINE_CURVE_WITH_KNOTS('',3,(#6318,#6319,#6320,#6321,#6322,#6323),
 .UNSPECIFIED.,.F.,.F.,(4,1,1,4),(0.,0.0879801692976885,0.263940507893065,
0.439900846488442),.UNSPECIFIED.);
#1894=B_SPLINE_CURVE_WITH_KNOTS('',3,(#6327,#6328,#6329,#6330,#6331,#6332,
#6333),.UNSPECIFIED.,.F.,.F.,(4,1,2,4),(0.100914871883616,0.25909949412345,
0.496410469527176,0.496447473799057),.UNSPECIFIED.);
#1895=B_SPLINE_CURVE_WITH_KNOTS('',3,(#6438,#6439,#6440,#6441),
 .UNSPECIFIED.,.F.,.F.,(4,4),(0.,0.168780902058892),.UNSPECIFIED.);
#1896=B_SPLINE_CURVE_WITH_KNOTS('',3,(#6442,#6443,#6444,#6445),
 .UNSPECIFIED.,.F.,.F.,(4,4),(0.,0.172369048915575),.UNSPECIFIED.);
#1897=B_SPLINE_CURVE_WITH_KNOTS('',3,(#6447,#6448,#6449,#6450),
 .UNSPECIFIED.,.F.,.F.,(4,4),(0.496447473799057,1.),.UNSPECIFIED.);
#1898=B_SPLINE_CURVE_WITH_KNOTS('',3,(#6451,#6452,#6453,#6454),
 .UNSPECIFIED.,.F.,.F.,(4,4),(0.439900846488442,1.),.UNSPECIFIED.);
#1899=B_SPLINE_CURVE_WITH_KNOTS('',3,(#6505,#6506,#6507,#6508,#6509,#6510,
#6511,#6512,#6513,#6514,#6515,#6516),.UNSPECIFIED.,.F.,.F.,(4,2,2,2,2,4),
(0.0433351057454848,0.0535777482327128,0.124708345207211,0.239340628251882,
0.33898347502948,0.524714336207258),.UNSPECIFIED.);
#1900=B_SPLINE_CURVE_WITH_KNOTS('',3,(#6518,#6519,#6520,#6521,#6522,#6523,
#6524,#6525,#6526,#6527,#6528,#6529,#6530,#6531,#6532,#6533,#6534,#6535),
 .UNSPECIFIED.,.F.,.F.,(4,2,2,2,2,2,2,2,4),(0.,0.110253119886548,0.47649324592592,
0.496198762597872,0.572356780238443,0.686848805613715,0.738919630072015,
0.762042531145112,0.764442047674917),.UNSPECIFIED.);
#1901=B_SPLINE_CURVE_WITH_KNOTS('',3,(#6541,#6542,#6543,#6544,#6545,#6546),
 .UNSPECIFIED.,.F.,.F.,(4,2,4),(-0.32142423607494,0.,0.00109540000187987),
 .UNSPECIFIED.);
#1902=B_SPLINE_CURVE_WITH_KNOTS('',3,(#6566,#6567,#6568,#6569,#6570,#6571,
#6572),.UNSPECIFIED.,.F.,.F.,(4,3,4),(-0.56522581441996,-0.561326955211694,
0.),.UNSPECIFIED.);
#1903=B_SPLINE_CURVE_WITH_KNOTS('',3,(#6597,#6598,#6599,#6600,#6601,#6602),
 .UNSPECIFIED.,.F.,.F.,(4,2,4),(-1.10622788244327,-1.10390764673771,-0.0621031128417324),
 .UNSPECIFIED.);
#1904=B_SPLINE_CURVE_WITH_KNOTS('',3,(#6622,#6623,#6624,#6625),
 .UNSPECIFIED.,.F.,.F.,(4,4),(0.,0.114003247519171),.UNSPECIFIED.);
#1905=B_SPLINE_CURVE_WITH_KNOTS('',3,(#6627,#6628,#6629,#6630),
 .UNSPECIFIED.,.F.,.F.,(4,4),(0.049975787465801,0.180531892721577),
 .UNSPECIFIED.);
#1906=B_SPLINE_CURVE_WITH_KNOTS('',3,(#6648,#6649,#6650,#6651),
 .UNSPECIFIED.,.F.,.F.,(4,4),(-1.1287487440916,0.),.UNSPECIFIED.);
#1907=B_SPLINE_CURVE_WITH_KNOTS('',3,(#6709,#6710,#6711,#6712),
 .UNSPECIFIED.,.F.,.F.,(4,4),(0.,0.101988706771032),.UNSPECIFIED.);
#1908=B_SPLINE_CURVE_WITH_KNOTS('',3,(#6714,#6715,#6716,#6717),
 .UNSPECIFIED.,.F.,.F.,(4,4),(0.94709206313392,3.48432240111861),
 .UNSPECIFIED.);
#1909=B_SPLINE_CURVE_WITH_KNOTS('',3,(#6756,#6757,#6758,#6759),
 .UNSPECIFIED.,.F.,.F.,(4,4),(0.0503938903610903,0.152367445396257),
 .UNSPECIFIED.);
#1910=B_SPLINE_CURVE_WITH_KNOTS('',3,(#6761,#6762,#6763,#6764),
 .UNSPECIFIED.,.F.,.F.,(4,4),(0.,1.20527008042643),.UNSPECIFIED.);
#1911=B_SPLINE_CURVE_WITH_KNOTS('',3,(#6787,#6788,#6789,#6790),
 .UNSPECIFIED.,.F.,.F.,(4,4),(0.0548533990965397,0.167904630335563),
 .UNSPECIFIED.);
#1912=B_SPLINE_CURVE_WITH_KNOTS('',3,(#6792,#6793,#6794,#6795),
 .UNSPECIFIED.,.F.,.F.,(4,4),(0.,0.130136051814959),.UNSPECIFIED.);
#1913=B_SPLINE_CURVE_WITH_KNOTS('',3,(#6816,#6817,#6818,#6819,#6820,#6821,
#6822),.UNSPECIFIED.,.F.,.F.,(4,3,4),(-0.579125973036721,0.,0.00384637625964059),
 .UNSPECIFIED.);
#1914=B_SPLINE_CURVE_WITH_KNOTS('',3,(#6876,#6877,#6878,#6879,#6880,#6881,
#6882,#6883,#6884,#6885,#6886,#6887),.UNSPECIFIED.,.F.,.F.,(4,2,2,2,2,4),
(0.,0.683637129261924,1.16709254340967,1.5029542645864,1.56059539374694,
1.59576276406575),.UNSPECIFIED.);
#1915=B_SPLINE_CURVE_WITH_KNOTS('',3,(#6889,#6890,#6891,#6892,#6893,#6894),
 .UNSPECIFIED.,.F.,.F.,(4,2,4),(-0.340879144179848,-0.339767785495358,0.),
 .UNSPECIFIED.);
#1916=B_SPLINE_CURVE_WITH_KNOTS('',3,(#6898,#6899,#6900,#6901,#6902,#6903,
#6904,#6905,#6906,#6907,#6908,#6909),.UNSPECIFIED.,.F.,.F.,(4,2,2,2,2,4),
(0.0613557523999883,0.101632107097658,0.360647877985376,0.875407212696792,
1.22465528513297,1.51492274629358),.UNSPECIFIED.);
#1917=B_SPLINE_CURVE_WITH_KNOTS('',3,(#6965,#6966,#6967,#6968,#6969,#6970),
 .UNSPECIFIED.,.F.,.F.,(4,2,4),(-1.04216262441797,0.,0.00231935550226835),
 .UNSPECIFIED.);
#1918=B_SPLINE_CURVE_WITH_KNOTS('',3,(#6987,#6988,#6989,#6990),
 .UNSPECIFIED.,.F.,.F.,(4,4),(-1.29365230935098,-0.166556865497883),
 .UNSPECIFIED.);
#1919=B_SPLINE_CURVE_WITH_KNOTS('',3,(#7024,#7025,#7026,#7027),
 .UNSPECIFIED.,.F.,.F.,(4,4),(-1.12874594245097,0.),.UNSPECIFIED.);
#1920=B_SPLINE_CURVE_WITH_KNOTS('',3,(#7073,#7074,#7075,#7076),
 .UNSPECIFIED.,.F.,.F.,(4,4),(0.,1.),.UNSPECIFIED.);
#1921=B_SPLINE_CURVE_WITH_KNOTS('',3,(#7326,#7327,#7328,#7329,#7330,#7331),
 .UNSPECIFIED.,.F.,.F.,(4,2,4),(-1.04180919762042,0.,0.0023202438898819),
 .UNSPECIFIED.);
#1922=B_SPLINE_CURVE_WITH_KNOTS('',3,(#7338,#7339,#7340,#7341,#7342,#7343,
#7344),.UNSPECIFIED.,.F.,.F.,(4,3,4),(-0.248622958448021,-0.140286458629784,
-0.0792030398843582),.UNSPECIFIED.);
#1923=B_SPLINE_CURVE_WITH_KNOTS('',3,(#7349,#7350,#7351,#7352),
 .UNSPECIFIED.,.F.,.F.,(4,4),(-0.05530388567429,-0.0552998401311304),
 .UNSPECIFIED.);
#1924=B_SPLINE_CURVE_WITH_KNOTS('',3,(#7354,#7355,#7356,#7357,#7358,#7359,
#7360,#7361,#7362,#7363,#7364,#7365,#7366,#7367),.UNSPECIFIED.,.F.,.F.,
(4,2,2,2,2,2,4),(-1.13262845090054,-0.957817469717166,-0.875852766552753,
-0.80311085486674,-0.714945468647648,-0.565856226568739,-0.0914513843228437),
 .UNSPECIFIED.);
#1925=B_SPLINE_CURVE_WITH_KNOTS('',3,(#7370,#7371,#7372,#7373,#7374,#7375,
#7376,#7377,#7378,#7379,#7380,#7381,#7382,#7383,#7384,#7385),
 .UNSPECIFIED.,.F.,.F.,(4,2,2,2,2,2,2,4),(-0.59999764312886,-0.419148956222289,
-0.282442045354153,-0.219139921887724,-0.177898911718257,-0.138788979114452,
-0.0886294330556748,0.),.UNSPECIFIED.);
#1926=B_SPLINE_CURVE_WITH_KNOTS('',3,(#7387,#7388,#7389,#7390),
 .UNSPECIFIED.,.F.,.F.,(4,4),(-1.29398220215434,-0.166917891609122),
 .UNSPECIFIED.);
#1927=B_SPLINE_CURVE_WITH_KNOTS('',3,(#7411,#7412,#7413,#7414,#7415,#7416),
 .UNSPECIFIED.,.F.,.F.,(4,2,4),(-0.757149313816321,-0.408632452921423,-0.301581985789667),
 .UNSPECIFIED.);
#1928=B_SPLINE_CURVE_WITH_KNOTS('',3,(#7438,#7439,#7440,#7441,#7442,#7443,
#7444),.UNSPECIFIED.,.F.,.F.,(4,3,4),(-0.237952929036409,-0.148672309799154,
-0.0684395728147152),.UNSPECIFIED.);
#1929=B_SPLINE_CURVE_WITH_KNOTS('',3,(#7453,#7454,#7455,#7456),
 .UNSPECIFIED.,.F.,.F.,(4,4),(-0.0558475380051699,-0.0552976270386771),
 .UNSPECIFIED.);
#1930=B_SPLINE_CURVE_WITH_KNOTS('',3,(#7458,#7459,#7460,#7461,#7462,#7463,
#7464,#7465,#7466,#7467,#7468,#7469,#7470,#7471),.UNSPECIFIED.,.F.,.F.,
(4,2,2,2,2,2,4),(-1.13324037074572,-0.958199033851518,-0.876200406385956,
-0.803422500877652,-0.715209970957446,-0.566037261823255,-0.0923963380608492),
 .UNSPECIFIED.);
#1931=B_SPLINE_CURVE_WITH_KNOTS('',3,(#7475,#7476,#7477,#7478,#7479,#7480),
 .UNSPECIFIED.,.F.,.F.,(4,2,4),(-1.10588836867191,-1.10356725321142,-0.0620918055534667),
 .UNSPECIFIED.);
#1932=B_SPLINE_CURVE_WITH_KNOTS('',3,(#7483,#7484,#7485,#7486,#7487,#7488,
#7489,#7490,#7491,#7492,#7493,#7494,#7495,#7496,#7497,#7498),
 .UNSPECIFIED.,.F.,.F.,(4,2,2,2,2,2,2,4),(-0.599583277383447,-0.418918644192147,
-0.282224264650398,-0.218940435790062,-0.177718643211675,-0.138632035617414,
-0.0885099324532962,0.),.UNSPECIFIED.);
#1933=B_SPLINE_CURVE_WITH_KNOTS('',3,(#7519,#7520,#7521,#7522,#7523,#7524),
 .UNSPECIFIED.,.F.,.F.,(4,2,4),(-0.984543407947609,-0.75288709773642,0.),
 .UNSPECIFIED.);
#1934=B_SPLINE_CURVE_WITH_KNOTS('',2,(#7908,#7909,#7910),.UNSPECIFIED.,
 .F.,.F.,(3,3),(-1.,0.),.UNSPECIFIED.);
#1935=B_SPLINE_CURVE_WITH_KNOTS('',2,(#7914,#7915,#7916),.UNSPECIFIED.,
 .F.,.F.,(3,3),(-1.,0.),.UNSPECIFIED.);
#1936=B_SPLINE_CURVE_WITH_KNOTS('',2,(#7925,#7926,#7927),.UNSPECIFIED.,
 .F.,.F.,(3,3),(-1.,0.),.UNSPECIFIED.);
#1937=B_SPLINE_CURVE_WITH_KNOTS('',2,(#7929,#7930,#7931),.UNSPECIFIED.,
 .F.,.F.,(3,3),(-1.,0.),.UNSPECIFIED.);
#1938=B_SPLINE_CURVE_WITH_KNOTS('',2,(#7940,#7941,#7942),.UNSPECIFIED.,
 .F.,.F.,(3,3),(-1.,0.),.UNSPECIFIED.);
#1939=B_SPLINE_CURVE_WITH_KNOTS('',2,(#7944,#7945,#7946),.UNSPECIFIED.,
 .F.,.F.,(3,3),(-1.,0.),.UNSPECIFIED.);
#1940=B_SPLINE_CURVE_WITH_KNOTS('',2,(#7955,#7956,#7957),.UNSPECIFIED.,
 .F.,.F.,(3,3),(-1.,0.),.UNSPECIFIED.);
#1941=B_SPLINE_CURVE_WITH_KNOTS('',2,(#7959,#7960,#7961),.UNSPECIFIED.,
 .F.,.F.,(3,3),(-1.,0.),.UNSPECIFIED.);
#1942=B_SPLINE_CURVE_WITH_KNOTS('',2,(#7969,#7970,#7971),.UNSPECIFIED.,
 .F.,.F.,(3,3),(-1.,0.),.UNSPECIFIED.);
#1943=B_SPLINE_CURVE_WITH_KNOTS('',2,(#7972,#7973,#7974),.UNSPECIFIED.,
 .F.,.F.,(3,3),(-1.,0.),.UNSPECIFIED.);
#1944=B_SPLINE_CURVE_WITH_KNOTS('',2,(#7983,#7984,#7985),.UNSPECIFIED.,
 .F.,.F.,(3,3),(-1.,0.),.UNSPECIFIED.);
#1945=B_SPLINE_CURVE_WITH_KNOTS('',2,(#7989,#7990,#7991),.UNSPECIFIED.,
 .F.,.F.,(3,3),(-1.,0.),.UNSPECIFIED.);
#1946=B_SPLINE_CURVE_WITH_KNOTS('',2,(#8000,#8001,#8002),.UNSPECIFIED.,
 .F.,.F.,(3,3),(-1.,0.),.UNSPECIFIED.);
#1947=B_SPLINE_CURVE_WITH_KNOTS('',2,(#8004,#8005,#8006),.UNSPECIFIED.,
 .F.,.F.,(3,3),(-1.,0.),.UNSPECIFIED.);
#1948=B_SPLINE_CURVE_WITH_KNOTS('',2,(#8015,#8016,#8017),.UNSPECIFIED.,
 .F.,.F.,(3,3),(-1.,0.),.UNSPECIFIED.);
#1949=B_SPLINE_CURVE_WITH_KNOTS('',2,(#8019,#8020,#8021),.UNSPECIFIED.,
 .F.,.F.,(3,3),(-1.,0.),.UNSPECIFIED.);
#1950=B_SPLINE_CURVE_WITH_KNOTS('',2,(#8030,#8031,#8032),.UNSPECIFIED.,
 .F.,.F.,(3,3),(-1.,0.),.UNSPECIFIED.);
#1951=B_SPLINE_CURVE_WITH_KNOTS('',2,(#8034,#8035,#8036),.UNSPECIFIED.,
 .F.,.F.,(3,3),(-1.,0.),.UNSPECIFIED.);
#1952=B_SPLINE_CURVE_WITH_KNOTS('',2,(#8044,#8045,#8046),.UNSPECIFIED.,
 .F.,.F.,(3,3),(-1.,0.),.UNSPECIFIED.);
#1953=B_SPLINE_CURVE_WITH_KNOTS('',2,(#8047,#8048,#8049),.UNSPECIFIED.,
 .F.,.F.,(3,3),(-1.,0.),.UNSPECIFIED.);
#1954=B_SPLINE_CURVE_WITH_KNOTS('',2,(#8058,#8059,#8060),.UNSPECIFIED.,
 .F.,.F.,(3,3),(-0.268309418597851,0.),.UNSPECIFIED.);
#1955=B_SPLINE_CURVE_WITH_KNOTS('',2,(#8064,#8065,#8066),.UNSPECIFIED.,
 .F.,.F.,(3,3),(-0.268309418597851,0.),.UNSPECIFIED.);
#1956=B_SPLINE_CURVE_WITH_KNOTS('',2,(#8081,#8082,#8083),.UNSPECIFIED.,
 .F.,.F.,(3,3),(-1.,-0.589798702131199),.UNSPECIFIED.);
#1957=B_SPLINE_CURVE_WITH_KNOTS('',2,(#8085,#8086,#8087),.UNSPECIFIED.,
 .F.,.F.,(3,3),(-1.,-0.589798702131199),.UNSPECIFIED.);
#1958=B_SPLINE_CURVE_WITH_KNOTS('',2,(#8096,#8097,#8098),.UNSPECIFIED.,
 .F.,.F.,(3,3),(-1.,0.),.UNSPECIFIED.);
#1959=B_SPLINE_CURVE_WITH_KNOTS('',2,(#8100,#8101,#8102),.UNSPECIFIED.,
 .F.,.F.,(3,3),(-1.,0.),.UNSPECIFIED.);
#1960=B_SPLINE_CURVE_WITH_KNOTS('',2,(#8111,#8112,#8113),.UNSPECIFIED.,
 .F.,.F.,(3,3),(-1.,0.),.UNSPECIFIED.);
#1961=B_SPLINE_CURVE_WITH_KNOTS('',2,(#8115,#8116,#8117),.UNSPECIFIED.,
 .F.,.F.,(3,3),(-1.,0.),.UNSPECIFIED.);
#1962=B_SPLINE_CURVE_WITH_KNOTS('',2,(#8125,#8126,#8127),.UNSPECIFIED.,
 .F.,.F.,(3,3),(-1.,0.),.UNSPECIFIED.);
#1963=B_SPLINE_CURVE_WITH_KNOTS('',2,(#8128,#8129,#8130),.UNSPECIFIED.,
 .F.,.F.,(3,3),(-1.,0.),.UNSPECIFIED.);
#1964=B_SPLINE_CURVE_WITH_KNOTS('',2,(#8139,#8140,#8141),.UNSPECIFIED.,
 .F.,.F.,(3,3),(-0.346279630310411,0.),.UNSPECIFIED.);
#1965=B_SPLINE_CURVE_WITH_KNOTS('',2,(#8145,#8146,#8147),.UNSPECIFIED.,
 .F.,.F.,(3,3),(-0.346279630310411,0.),.UNSPECIFIED.);
#1966=B_SPLINE_CURVE_WITH_KNOTS('',2,(#8162,#8163,#8164),.UNSPECIFIED.,
 .F.,.F.,(3,3),(-1.,-0.580215142517074),.UNSPECIFIED.);
#1967=B_SPLINE_CURVE_WITH_KNOTS('',2,(#8166,#8167,#8168),.UNSPECIFIED.,
 .F.,.F.,(3,3),(-1.,-0.580215142517074),.UNSPECIFIED.);
#1968=B_SPLINE_CURVE_WITH_KNOTS('',2,(#8177,#8178,#8179),.UNSPECIFIED.,
 .F.,.F.,(3,3),(-1.,0.),.UNSPECIFIED.);
#1969=B_SPLINE_CURVE_WITH_KNOTS('',2,(#8181,#8182,#8183),.UNSPECIFIED.,
 .F.,.F.,(3,3),(-1.,0.),.UNSPECIFIED.);
#1970=B_SPLINE_CURVE_WITH_KNOTS('',2,(#8192,#8193,#8194),.UNSPECIFIED.,
 .F.,.F.,(3,3),(-1.,0.),.UNSPECIFIED.);
#1971=B_SPLINE_CURVE_WITH_KNOTS('',2,(#8196,#8197,#8198),.UNSPECIFIED.,
 .F.,.F.,(3,3),(-1.,0.),.UNSPECIFIED.);
#1972=B_SPLINE_CURVE_WITH_KNOTS('',2,(#8206,#8207,#8208),.UNSPECIFIED.,
 .F.,.F.,(3,3),(-1.,0.),.UNSPECIFIED.);
#1973=B_SPLINE_CURVE_WITH_KNOTS('',2,(#8209,#8210,#8211),.UNSPECIFIED.,
 .F.,.F.,(3,3),(-1.,0.),.UNSPECIFIED.);
#1974=B_SPLINE_CURVE_WITH_KNOTS('',2,(#8220,#8221,#8222),.UNSPECIFIED.,
 .F.,.F.,(3,3),(-1.,0.),.UNSPECIFIED.);
#1975=B_SPLINE_CURVE_WITH_KNOTS('',2,(#8226,#8227,#8228),.UNSPECIFIED.,
 .F.,.F.,(3,3),(-1.,0.),.UNSPECIFIED.);
#1976=B_SPLINE_CURVE_WITH_KNOTS('',2,(#8237,#8238,#8239),.UNSPECIFIED.,
 .F.,.F.,(3,3),(-1.,0.),.UNSPECIFIED.);
#1977=B_SPLINE_CURVE_WITH_KNOTS('',2,(#8241,#8242,#8243),.UNSPECIFIED.,
 .F.,.F.,(3,3),(-1.,0.),.UNSPECIFIED.);
#1978=B_SPLINE_CURVE_WITH_KNOTS('',2,(#8252,#8253,#8254),.UNSPECIFIED.,
 .F.,.F.,(3,3),(-1.,0.),.UNSPECIFIED.);
#1979=B_SPLINE_CURVE_WITH_KNOTS('',2,(#8256,#8257,#8258),.UNSPECIFIED.,
 .F.,.F.,(3,3),(-1.,0.),.UNSPECIFIED.);
#1980=B_SPLINE_CURVE_WITH_KNOTS('',2,(#8267,#8268,#8269),.UNSPECIFIED.,
 .F.,.F.,(3,3),(-1.,0.),.UNSPECIFIED.);
#1981=B_SPLINE_CURVE_WITH_KNOTS('',2,(#8271,#8272,#8273),.UNSPECIFIED.,
 .F.,.F.,(3,3),(-1.,0.),.UNSPECIFIED.);
#1982=B_SPLINE_CURVE_WITH_KNOTS('',2,(#8282,#8283,#8284),.UNSPECIFIED.,
 .F.,.F.,(3,3),(-1.,0.),.UNSPECIFIED.);
#1983=B_SPLINE_CURVE_WITH_KNOTS('',2,(#8286,#8287,#8288),.UNSPECIFIED.,
 .F.,.F.,(3,3),(-1.,0.),.UNSPECIFIED.);
#1984=B_SPLINE_CURVE_WITH_KNOTS('',2,(#8296,#8297,#8298),.UNSPECIFIED.,
 .F.,.F.,(3,3),(-1.,0.),.UNSPECIFIED.);
#1985=B_SPLINE_CURVE_WITH_KNOTS('',2,(#8299,#8300,#8301),.UNSPECIFIED.,
 .F.,.F.,(3,3),(-1.,0.),.UNSPECIFIED.);
#1986=B_SPLINE_CURVE_WITH_KNOTS('',2,(#8310,#8311,#8312),.UNSPECIFIED.,
 .F.,.F.,(3,3),(-1.,0.),.UNSPECIFIED.);
#1987=B_SPLINE_CURVE_WITH_KNOTS('',2,(#8316,#8317,#8318),.UNSPECIFIED.,
 .F.,.F.,(3,3),(-1.,0.),.UNSPECIFIED.);
#1988=B_SPLINE_CURVE_WITH_KNOTS('',2,(#8327,#8328,#8329),.UNSPECIFIED.,
 .F.,.F.,(3,3),(-1.,0.),.UNSPECIFIED.);
#1989=B_SPLINE_CURVE_WITH_KNOTS('',2,(#8331,#8332,#8333),.UNSPECIFIED.,
 .F.,.F.,(3,3),(-1.,0.),.UNSPECIFIED.);
#1990=B_SPLINE_CURVE_WITH_KNOTS('',2,(#8342,#8343,#8344),.UNSPECIFIED.,
 .F.,.F.,(3,3),(-1.,0.),.UNSPECIFIED.);
#1991=B_SPLINE_CURVE_WITH_KNOTS('',2,(#8346,#8347,#8348),.UNSPECIFIED.,
 .F.,.F.,(3,3),(-1.,0.),.UNSPECIFIED.);
#1992=B_SPLINE_CURVE_WITH_KNOTS('',2,(#8357,#8358,#8359),.UNSPECIFIED.,
 .F.,.F.,(3,3),(-1.,0.),.UNSPECIFIED.);
#1993=B_SPLINE_CURVE_WITH_KNOTS('',2,(#8361,#8362,#8363),.UNSPECIFIED.,
 .F.,.F.,(3,3),(-1.,0.),.UNSPECIFIED.);
#1994=B_SPLINE_CURVE_WITH_KNOTS('',2,(#8372,#8373,#8374),.UNSPECIFIED.,
 .F.,.F.,(3,3),(-1.,0.),.UNSPECIFIED.);
#1995=B_SPLINE_CURVE_WITH_KNOTS('',2,(#8376,#8377,#8378),.UNSPECIFIED.,
 .F.,.F.,(3,3),(-1.,0.),.UNSPECIFIED.);
#1996=B_SPLINE_CURVE_WITH_KNOTS('',2,(#8387,#8388,#8389),.UNSPECIFIED.,
 .F.,.F.,(3,3),(-1.,0.),.UNSPECIFIED.);
#1997=B_SPLINE_CURVE_WITH_KNOTS('',2,(#8391,#8392,#8393),.UNSPECIFIED.,
 .F.,.F.,(3,3),(-1.,0.),.UNSPECIFIED.);
#1998=B_SPLINE_CURVE_WITH_KNOTS('',2,(#8402,#8403,#8404),.UNSPECIFIED.,
 .F.,.F.,(3,3),(-1.,0.),.UNSPECIFIED.);
#1999=B_SPLINE_CURVE_WITH_KNOTS('',2,(#8406,#8407,#8408),.UNSPECIFIED.,
 .F.,.F.,(3,3),(-1.,0.),.UNSPECIFIED.);
#2000=B_SPLINE_CURVE_WITH_KNOTS('',2,(#8416,#8417,#8418),.UNSPECIFIED.,
 .F.,.F.,(3,3),(-1.,0.),.UNSPECIFIED.);
#2001=B_SPLINE_CURVE_WITH_KNOTS('',2,(#8419,#8420,#8421),.UNSPECIFIED.,
 .F.,.F.,(3,3),(-1.,0.),.UNSPECIFIED.);
#2002=B_SPLINE_CURVE_WITH_KNOTS('',2,(#8430,#8431,#8432),.UNSPECIFIED.,
 .F.,.F.,(3,3),(-1.,-0.620099937634824),.UNSPECIFIED.);
#2003=B_SPLINE_CURVE_WITH_KNOTS('',2,(#8436,#8437,#8438),.UNSPECIFIED.,
 .F.,.F.,(3,3),(-1.,-0.620099937634824),.UNSPECIFIED.);
#2004=B_SPLINE_CURVE_WITH_KNOTS('',2,(#8447,#8448,#8449),.UNSPECIFIED.,
 .F.,.F.,(3,3),(-1.,0.),.UNSPECIFIED.);
#2005=B_SPLINE_CURVE_WITH_KNOTS('',2,(#8451,#8452,#8453),.UNSPECIFIED.,
 .F.,.F.,(3,3),(-1.,0.),.UNSPECIFIED.);
#2006=B_SPLINE_CURVE_WITH_KNOTS('',2,(#8462,#8463,#8464),.UNSPECIFIED.,
 .F.,.F.,(3,3),(-1.,0.),.UNSPECIFIED.);
#2007=B_SPLINE_CURVE_WITH_KNOTS('',2,(#8466,#8467,#8468),.UNSPECIFIED.,
 .F.,.F.,(3,3),(-1.,0.),.UNSPECIFIED.);
#2008=B_SPLINE_CURVE_WITH_KNOTS('',2,(#8477,#8478,#8479),.UNSPECIFIED.,
 .F.,.F.,(3,3),(-0.395197942969559,0.),.UNSPECIFIED.);
#2009=B_SPLINE_CURVE_WITH_KNOTS('',2,(#8481,#8482,#8483),.UNSPECIFIED.,
 .F.,.F.,(3,3),(-0.395197942969559,0.),.UNSPECIFIED.);
#2010=B_SPLINE_CURVE_WITH_KNOTS('',2,(#8496,#8497,#8498),.UNSPECIFIED.,
 .F.,.F.,(3,3),(-1.,0.),.UNSPECIFIED.);
#2011=B_SPLINE_CURVE_WITH_KNOTS('',2,(#8502,#8503,#8504),.UNSPECIFIED.,
 .F.,.F.,(3,3),(-1.,0.),.UNSPECIFIED.);
#2012=B_SPLINE_CURVE_WITH_KNOTS('',2,(#8513,#8514,#8515),.UNSPECIFIED.,
 .F.,.F.,(3,3),(-1.,0.),.UNSPECIFIED.);
#2013=B_SPLINE_CURVE_WITH_KNOTS('',2,(#8517,#8518,#8519),.UNSPECIFIED.,
 .F.,.F.,(3,3),(-1.,0.),.UNSPECIFIED.);
#2014=B_SPLINE_CURVE_WITH_KNOTS('',2,(#8528,#8529,#8530),.UNSPECIFIED.,
 .F.,.F.,(3,3),(-1.,0.),.UNSPECIFIED.);
#2015=B_SPLINE_CURVE_WITH_KNOTS('',2,(#8532,#8533,#8534),.UNSPECIFIED.,
 .F.,.F.,(3,3),(-1.,0.),.UNSPECIFIED.);
#2016=B_SPLINE_CURVE_WITH_KNOTS('',2,(#8542,#8543,#8544),.UNSPECIFIED.,
 .F.,.F.,(3,3),(-1.,0.),.UNSPECIFIED.);
#2017=B_SPLINE_CURVE_WITH_KNOTS('',2,(#8545,#8546,#8547),.UNSPECIFIED.,
 .F.,.F.,(3,3),(-1.,0.),.UNSPECIFIED.);
#2018=B_SPLINE_CURVE_WITH_KNOTS('',2,(#8556,#8557,#8558),.UNSPECIFIED.,
 .F.,.F.,(3,3),(-1.,0.),.UNSPECIFIED.);
#2019=B_SPLINE_CURVE_WITH_KNOTS('',2,(#8562,#8563,#8564),.UNSPECIFIED.,
 .F.,.F.,(3,3),(-1.,0.),.UNSPECIFIED.);
#2020=B_SPLINE_CURVE_WITH_KNOTS('',2,(#8573,#8574,#8575),.UNSPECIFIED.,
 .F.,.F.,(3,3),(-0.966512387053243,0.),.UNSPECIFIED.);
#2021=B_SPLINE_CURVE_WITH_KNOTS('',2,(#8577,#8578,#8579),.UNSPECIFIED.,
 .F.,.F.,(3,3),(-0.966512387053243,0.),.UNSPECIFIED.);
#2022=B_SPLINE_CURVE_WITH_KNOTS('',2,(#8594,#8595,#8596),.UNSPECIFIED.,
 .F.,.F.,(3,3),(-1.,-0.444603573207777),.UNSPECIFIED.);
#2023=B_SPLINE_CURVE_WITH_KNOTS('',2,(#8598,#8599,#8600),.UNSPECIFIED.,
 .F.,.F.,(3,3),(-1.,-0.444603573207777),.UNSPECIFIED.);
#2024=B_SPLINE_CURVE_WITH_KNOTS('',2,(#8608,#8609,#8610),.UNSPECIFIED.,
 .F.,.F.,(3,3),(-1.,0.),.UNSPECIFIED.);
#2025=B_SPLINE_CURVE_WITH_KNOTS('',2,(#8611,#8612,#8613),.UNSPECIFIED.,
 .F.,.F.,(3,3),(-1.,0.),.UNSPECIFIED.);
#2026=B_SPLINE_CURVE_WITH_KNOTS('',2,(#8622,#8623,#8624),.UNSPECIFIED.,
 .F.,.F.,(3,3),(-1.,0.),.UNSPECIFIED.);
#2027=B_SPLINE_CURVE_WITH_KNOTS('',2,(#8628,#8629,#8630),.UNSPECIFIED.,
 .F.,.F.,(3,3),(-1.,0.),.UNSPECIFIED.);
#2028=B_SPLINE_CURVE_WITH_KNOTS('',2,(#8639,#8640,#8641),.UNSPECIFIED.,
 .F.,.F.,(3,3),(-1.,0.),.UNSPECIFIED.);
#2029=B_SPLINE_CURVE_WITH_KNOTS('',2,(#8643,#8644,#8645),.UNSPECIFIED.,
 .F.,.F.,(3,3),(-1.,0.),.UNSPECIFIED.);
#2030=B_SPLINE_CURVE_WITH_KNOTS('',2,(#8654,#8655,#8656),.UNSPECIFIED.,
 .F.,.F.,(3,3),(-1.,0.),.UNSPECIFIED.);
#2031=B_SPLINE_CURVE_WITH_KNOTS('',2,(#8658,#8659,#8660),.UNSPECIFIED.,
 .F.,.F.,(3,3),(-1.,0.),.UNSPECIFIED.);
#2032=B_SPLINE_CURVE_WITH_KNOTS('',2,(#8668,#8669,#8670),.UNSPECIFIED.,
 .F.,.F.,(3,3),(-1.,0.),.UNSPECIFIED.);
#2033=B_SPLINE_CURVE_WITH_KNOTS('',2,(#8671,#8672,#8673),.UNSPECIFIED.,
 .F.,.F.,(3,3),(-1.,0.),.UNSPECIFIED.);
#2034=B_SPLINE_CURVE_WITH_KNOTS('',2,(#8690,#8691,#8692),.UNSPECIFIED.,
 .F.,.F.,(3,3),(-1.,-0.753464225614863),.UNSPECIFIED.);
#2035=B_SPLINE_CURVE_WITH_KNOTS('',2,(#8694,#8695,#8696),.UNSPECIFIED.,
 .F.,.F.,(3,3),(-1.,-0.753464225614863),.UNSPECIFIED.);
#2036=B_SPLINE_CURVE_WITH_KNOTS('',2,(#8705,#8706,#8707),.UNSPECIFIED.,
 .F.,.F.,(3,3),(-1.,0.),.UNSPECIFIED.);
#2037=B_SPLINE_CURVE_WITH_KNOTS('',2,(#8709,#8710,#8711),.UNSPECIFIED.,
 .F.,.F.,(3,3),(-1.,0.),.UNSPECIFIED.);
#2038=B_SPLINE_CURVE_WITH_KNOTS('',2,(#8720,#8721,#8722),.UNSPECIFIED.,
 .F.,.F.,(3,3),(-1.,0.),.UNSPECIFIED.);
#2039=B_SPLINE_CURVE_WITH_KNOTS('',2,(#8724,#8725,#8726),.UNSPECIFIED.,
 .F.,.F.,(3,3),(-1.,0.),.UNSPECIFIED.);
#2040=B_SPLINE_CURVE_WITH_KNOTS('',2,(#8735,#8736,#8737),.UNSPECIFIED.,
 .F.,.F.,(3,3),(-1.,0.),.UNSPECIFIED.);
#2041=B_SPLINE_CURVE_WITH_KNOTS('',2,(#8739,#8740,#8741),.UNSPECIFIED.,
 .F.,.F.,(3,3),(-1.,0.),.UNSPECIFIED.);
#2042=B_SPLINE_CURVE_WITH_KNOTS('',2,(#8749,#8750,#8751),.UNSPECIFIED.,
 .F.,.F.,(3,3),(-0.682306600335289,0.),.UNSPECIFIED.);
#2043=B_SPLINE_CURVE_WITH_KNOTS('',2,(#8752,#8753,#8754),.UNSPECIFIED.,
 .F.,.F.,(3,3),(-0.682306600335289,0.),.UNSPECIFIED.);
#2044=B_SPLINE_CURVE_WITH_KNOTS('',2,(#8763,#8764,#8765),.UNSPECIFIED.,
 .F.,.F.,(3,3),(-1.,-0.42697774159718),.UNSPECIFIED.);
#2045=B_SPLINE_CURVE_WITH_KNOTS('',2,(#8769,#8770,#8771),.UNSPECIFIED.,
 .F.,.F.,(3,3),(-1.,-0.42697774159718),.UNSPECIFIED.);
#2046=B_SPLINE_CURVE_WITH_KNOTS('',2,(#8780,#8781,#8782),.UNSPECIFIED.,
 .F.,.F.,(3,3),(-1.,0.),.UNSPECIFIED.);
#2047=B_SPLINE_CURVE_WITH_KNOTS('',2,(#8784,#8785,#8786),.UNSPECIFIED.,
 .F.,.F.,(3,3),(-1.,0.),.UNSPECIFIED.);
#2048=B_SPLINE_CURVE_WITH_KNOTS('',2,(#8795,#8796,#8797),.UNSPECIFIED.,
 .F.,.F.,(3,3),(-1.,0.),.UNSPECIFIED.);
#2049=B_SPLINE_CURVE_WITH_KNOTS('',2,(#8799,#8800,#8801),.UNSPECIFIED.,
 .F.,.F.,(3,3),(-1.,0.),.UNSPECIFIED.);
#2050=B_SPLINE_CURVE_WITH_KNOTS('',2,(#8810,#8811,#8812),.UNSPECIFIED.,
 .F.,.F.,(3,3),(-1.,0.),.UNSPECIFIED.);
#2051=B_SPLINE_CURVE_WITH_KNOTS('',2,(#8814,#8815,#8816),.UNSPECIFIED.,
 .F.,.F.,(3,3),(-1.,0.),.UNSPECIFIED.);
#2052=B_SPLINE_CURVE_WITH_KNOTS('',2,(#8825,#8826,#8827),.UNSPECIFIED.,
 .F.,.F.,(3,3),(-1.,0.),.UNSPECIFIED.);
#2053=B_SPLINE_CURVE_WITH_KNOTS('',2,(#8829,#8830,#8831),.UNSPECIFIED.,
 .F.,.F.,(3,3),(-1.,0.),.UNSPECIFIED.);
#2054=B_SPLINE_CURVE_WITH_KNOTS('',2,(#8840,#8841,#8842),.UNSPECIFIED.,
 .F.,.F.,(3,3),(-0.134126081403435,0.),.UNSPECIFIED.);
#2055=B_SPLINE_CURVE_WITH_KNOTS('',2,(#8844,#8845,#8846),.UNSPECIFIED.,
 .F.,.F.,(3,3),(-0.134126081403435,0.),.UNSPECIFIED.);
#2056=B_SPLINE_CURVE_WITH_KNOTS('',2,(#8859,#8860,#8861),.UNSPECIFIED.,
 .F.,.F.,(3,3),(-1.,-0.732172080916877),.UNSPECIFIED.);
#2057=B_SPLINE_CURVE_WITH_KNOTS('',2,(#8865,#8866,#8867),.UNSPECIFIED.,
 .F.,.F.,(3,3),(-1.,-0.732172080916877),.UNSPECIFIED.);
#2058=B_SPLINE_CURVE_WITH_KNOTS('',2,(#8876,#8877,#8878),.UNSPECIFIED.,
 .F.,.F.,(3,3),(-1.,0.),.UNSPECIFIED.);
#2059=B_SPLINE_CURVE_WITH_KNOTS('',2,(#8880,#8881,#8882),.UNSPECIFIED.,
 .F.,.F.,(3,3),(-1.,0.),.UNSPECIFIED.);
#2060=B_SPLINE_CURVE_WITH_KNOTS('',2,(#8891,#8892,#8893),.UNSPECIFIED.,
 .F.,.F.,(3,3),(-1.,0.),.UNSPECIFIED.);
#2061=B_SPLINE_CURVE_WITH_KNOTS('',2,(#8895,#8896,#8897),.UNSPECIFIED.,
 .F.,.F.,(3,3),(-1.,0.),.UNSPECIFIED.);
#2062=B_SPLINE_CURVE_WITH_KNOTS('',2,(#8906,#8907,#8908),.UNSPECIFIED.,
 .F.,.F.,(3,3),(-1.,0.),.UNSPECIFIED.);
#2063=B_SPLINE_CURVE_WITH_KNOTS('',2,(#8910,#8911,#8912),.UNSPECIFIED.,
 .F.,.F.,(3,3),(-1.,0.),.UNSPECIFIED.);
#2064=B_SPLINE_CURVE_WITH_KNOTS('',2,(#8921,#8922,#8923),.UNSPECIFIED.,
 .F.,.F.,(3,3),(-1.,0.),.UNSPECIFIED.);
#2065=B_SPLINE_CURVE_WITH_KNOTS('',2,(#8925,#8926,#8927),.UNSPECIFIED.,
 .F.,.F.,(3,3),(-1.,0.),.UNSPECIFIED.);
#2066=B_SPLINE_CURVE_WITH_KNOTS('',2,(#8936,#8937,#8938),.UNSPECIFIED.,
 .F.,.F.,(3,3),(-0.417693838398832,0.),.UNSPECIFIED.);
#2067=B_SPLINE_CURVE_WITH_KNOTS('',2,(#8940,#8941,#8942),.UNSPECIFIED.,
 .F.,.F.,(3,3),(-0.417693838398832,0.),.UNSPECIFIED.);
#2068=B_SPLINE_CURVE_WITH_KNOTS('',2,(#8955,#8956,#8957),.UNSPECIFIED.,
 .F.,.F.,(3,3),(-1.,0.),.UNSPECIFIED.);
#2069=B_SPLINE_CURVE_WITH_KNOTS('',2,(#8961,#8962,#8963),.UNSPECIFIED.,
 .F.,.F.,(3,3),(-1.,0.),.UNSPECIFIED.);
#2070=B_SPLINE_CURVE_WITH_KNOTS('',2,(#8972,#8973,#8974),.UNSPECIFIED.,
 .F.,.F.,(3,3),(-1.,0.),.UNSPECIFIED.);
#2071=B_SPLINE_CURVE_WITH_KNOTS('',2,(#8976,#8977,#8978),.UNSPECIFIED.,
 .F.,.F.,(3,3),(-1.,0.),.UNSPECIFIED.);
#2072=B_SPLINE_CURVE_WITH_KNOTS('',2,(#8987,#8988,#8989),.UNSPECIFIED.,
 .F.,.F.,(3,3),(-0.378765230354931,0.),.UNSPECIFIED.);
#2073=B_SPLINE_CURVE_WITH_KNOTS('',2,(#8991,#8992,#8993),.UNSPECIFIED.,
 .F.,.F.,(3,3),(-0.378765230354931,0.),.UNSPECIFIED.);
#2074=B_SPLINE_CURVE_WITH_KNOTS('',2,(#9008,#9009,#9010),.UNSPECIFIED.,
 .F.,.F.,(3,3),(-1.,-0.155760690275444),.UNSPECIFIED.);
#2075=B_SPLINE_CURVE_WITH_KNOTS('',2,(#9012,#9013,#9014),.UNSPECIFIED.,
 .F.,.F.,(3,3),(-1.,-0.155760690275444),.UNSPECIFIED.);
#2076=B_SPLINE_CURVE_WITH_KNOTS('',2,(#9022,#9023,#9024),.UNSPECIFIED.,
 .F.,.F.,(3,3),(-1.,0.),.UNSPECIFIED.);
#2077=B_SPLINE_CURVE_WITH_KNOTS('',2,(#9025,#9026,#9027),.UNSPECIFIED.,
 .F.,.F.,(3,3),(-1.,0.),.UNSPECIFIED.);
#2078=B_SPLINE_CURVE_WITH_KNOTS('',2,(#9036,#9037,#9038),.UNSPECIFIED.,
 .F.,.F.,(3,3),(-1.,0.),.UNSPECIFIED.);
#2079=B_SPLINE_CURVE_WITH_KNOTS('',2,(#9042,#9043,#9044),.UNSPECIFIED.,
 .F.,.F.,(3,3),(-1.,0.),.UNSPECIFIED.);
#2080=B_SPLINE_CURVE_WITH_KNOTS('',2,(#9053,#9054,#9055),.UNSPECIFIED.,
 .F.,.F.,(3,3),(-1.,0.),.UNSPECIFIED.);
#2081=B_SPLINE_CURVE_WITH_KNOTS('',2,(#9057,#9058,#9059),.UNSPECIFIED.,
 .F.,.F.,(3,3),(-1.,0.),.UNSPECIFIED.);
#2082=B_SPLINE_CURVE_WITH_KNOTS('',2,(#9068,#9069,#9070),.UNSPECIFIED.,
 .F.,.F.,(3,3),(-1.,0.),.UNSPECIFIED.);
#2083=B_SPLINE_CURVE_WITH_KNOTS('',2,(#9072,#9073,#9074),.UNSPECIFIED.,
 .F.,.F.,(3,3),(-1.,0.),.UNSPECIFIED.);
#2084=B_SPLINE_CURVE_WITH_KNOTS('',2,(#9083,#9084,#9085),.UNSPECIFIED.,
 .F.,.F.,(3,3),(-0.39669584483227,0.),.UNSPECIFIED.);
#2085=B_SPLINE_CURVE_WITH_KNOTS('',2,(#9087,#9088,#9089),.UNSPECIFIED.,
 .F.,.F.,(3,3),(-0.39669584483227,0.),.UNSPECIFIED.);
#2086=B_SPLINE_CURVE_WITH_KNOTS('',2,(#9104,#9105,#9106),.UNSPECIFIED.,
 .F.,.F.,(3,3),(-1.,-0.616146555655589),.UNSPECIFIED.);
#2087=B_SPLINE_CURVE_WITH_KNOTS('',2,(#9108,#9109,#9110),.UNSPECIFIED.,
 .F.,.F.,(3,3),(-1.,-0.616146555655589),.UNSPECIFIED.);
#2088=B_SPLINE_CURVE_WITH_KNOTS('',2,(#9118,#9119,#9120),.UNSPECIFIED.,
 .F.,.F.,(3,3),(-1.,0.),.UNSPECIFIED.);
#2089=B_SPLINE_CURVE_WITH_KNOTS('',2,(#9121,#9122,#9123),.UNSPECIFIED.,
 .F.,.F.,(3,3),(-1.,0.),.UNSPECIFIED.);
#2090=B_SPLINE_CURVE_WITH_KNOTS('',2,(#9132,#9133,#9134),.UNSPECIFIED.,
 .F.,.F.,(3,3),(-1.,0.),.UNSPECIFIED.);
#2091=B_SPLINE_CURVE_WITH_KNOTS('',2,(#9138,#9139,#9140),.UNSPECIFIED.,
 .F.,.F.,(3,3),(-1.,0.),.UNSPECIFIED.);
#2092=B_SPLINE_CURVE_WITH_KNOTS('',2,(#9149,#9150,#9151),.UNSPECIFIED.,
 .F.,.F.,(3,3),(-1.,0.),.UNSPECIFIED.);
#2093=B_SPLINE_CURVE_WITH_KNOTS('',2,(#9153,#9154,#9155),.UNSPECIFIED.,
 .F.,.F.,(3,3),(-1.,0.),.UNSPECIFIED.);
#2094=B_SPLINE_CURVE_WITH_KNOTS('',2,(#9164,#9165,#9166),.UNSPECIFIED.,
 .F.,.F.,(3,3),(-1.,0.),.UNSPECIFIED.);
#2095=B_SPLINE_CURVE_WITH_KNOTS('',2,(#9168,#9169,#9170),.UNSPECIFIED.,
 .F.,.F.,(3,3),(-1.,0.),.UNSPECIFIED.);
#2096=B_SPLINE_CURVE_WITH_KNOTS('',2,(#9179,#9180,#9181),.UNSPECIFIED.,
 .F.,.F.,(3,3),(-1.,0.),.UNSPECIFIED.);
#2097=B_SPLINE_CURVE_WITH_KNOTS('',2,(#9183,#9184,#9185),.UNSPECIFIED.,
 .F.,.F.,(3,3),(-1.,0.),.UNSPECIFIED.);
#2098=B_SPLINE_CURVE_WITH_KNOTS('',2,(#9194,#9195,#9196),.UNSPECIFIED.,
 .F.,.F.,(3,3),(-1.,0.),.UNSPECIFIED.);
#2099=B_SPLINE_CURVE_WITH_KNOTS('',2,(#9198,#9199,#9200),.UNSPECIFIED.,
 .F.,.F.,(3,3),(-1.,0.),.UNSPECIFIED.);
#2100=B_SPLINE_CURVE_WITH_KNOTS('',2,(#9208,#9209,#9210),.UNSPECIFIED.,
 .F.,.F.,(3,3),(-1.,0.),.UNSPECIFIED.);
#2101=B_SPLINE_CURVE_WITH_KNOTS('',2,(#9211,#9212,#9213),.UNSPECIFIED.,
 .F.,.F.,(3,3),(-1.,0.),.UNSPECIFIED.);
#2102=B_SPLINE_CURVE_WITH_KNOTS('',2,(#9222,#9223,#9224),.UNSPECIFIED.,
 .F.,.F.,(3,3),(-0.365025678667403,0.),.UNSPECIFIED.);
#2103=B_SPLINE_CURVE_WITH_KNOTS('',2,(#9228,#9229,#9230),.UNSPECIFIED.,
 .F.,.F.,(3,3),(-0.365025678667403,0.),.UNSPECIFIED.);
#2104=B_SPLINE_CURVE_WITH_KNOTS('',2,(#9245,#9246,#9247),.UNSPECIFIED.,
 .F.,.F.,(3,3),(-1.,-0.0286235245515995),.UNSPECIFIED.);
#2105=B_SPLINE_CURVE_WITH_KNOTS('',2,(#9249,#9250,#9251),.UNSPECIFIED.,
 .F.,.F.,(3,3),(-1.,-0.0286235245515995),.UNSPECIFIED.);
#2106=B_SPLINE_CURVE_WITH_KNOTS('',2,(#9260,#9261,#9262),.UNSPECIFIED.,
 .F.,.F.,(3,3),(-1.,0.),.UNSPECIFIED.);
#2107=B_SPLINE_CURVE_WITH_KNOTS('',2,(#9264,#9265,#9266),.UNSPECIFIED.,
 .F.,.F.,(3,3),(-1.,0.),.UNSPECIFIED.);
#2108=B_SPLINE_CURVE_WITH_KNOTS('',2,(#9274,#9275,#9276),.UNSPECIFIED.,
 .F.,.F.,(3,3),(-1.,0.),.UNSPECIFIED.);
#2109=B_SPLINE_CURVE_WITH_KNOTS('',2,(#9277,#9278,#9279),.UNSPECIFIED.,
 .F.,.F.,(3,3),(-1.,0.),.UNSPECIFIED.);
#2110=B_SPLINE_CURVE_WITH_KNOTS('',2,(#9302,#9303,#9304),.UNSPECIFIED.,
 .F.,.F.,(3,3),(-1.,-0.663239379236091),.UNSPECIFIED.);
#2111=B_SPLINE_CURVE_WITH_KNOTS('',2,(#9306,#9307,#9308),.UNSPECIFIED.,
 .F.,.F.,(3,3),(-1.,-0.663239379236091),.UNSPECIFIED.);
#2112=B_SPLINE_CURVE_WITH_KNOTS('',2,(#9317,#9318,#9319),.UNSPECIFIED.,
 .F.,.F.,(3,3),(-1.,0.),.UNSPECIFIED.);
#2113=B_SPLINE_CURVE_WITH_KNOTS('',2,(#9321,#9322,#9323),.UNSPECIFIED.,
 .F.,.F.,(3,3),(-1.,0.),.UNSPECIFIED.);
#2114=B_SPLINE_CURVE_WITH_KNOTS('',2,(#9331,#9332,#9333),.UNSPECIFIED.,
 .F.,.F.,(3,3),(-0.454323763474307,0.),.UNSPECIFIED.);
#2115=B_SPLINE_CURVE_WITH_KNOTS('',2,(#9334,#9335,#9336),.UNSPECIFIED.,
 .F.,.F.,(3,3),(-0.454323763474307,0.),.UNSPECIFIED.);
#2116=B_SPLINE_CURVE_WITH_KNOTS('',2,(#9345,#9346,#9347),.UNSPECIFIED.,
 .F.,.F.,(3,3),(-1.,0.),.UNSPECIFIED.);
#2117=B_SPLINE_CURVE_WITH_KNOTS('',2,(#9351,#9352,#9353),.UNSPECIFIED.,
 .F.,.F.,(3,3),(-1.,0.),.UNSPECIFIED.);
#2118=B_SPLINE_CURVE_WITH_KNOTS('',2,(#9362,#9363,#9364),.UNSPECIFIED.,
 .F.,.F.,(3,3),(-1.,0.),.UNSPECIFIED.);
#2119=B_SPLINE_CURVE_WITH_KNOTS('',2,(#9366,#9367,#9368),.UNSPECIFIED.,
 .F.,.F.,(3,3),(-1.,0.),.UNSPECIFIED.);
#2120=B_SPLINE_CURVE_WITH_KNOTS('',2,(#9377,#9378,#9379),.UNSPECIFIED.,
 .F.,.F.,(3,3),(-1.,0.),.UNSPECIFIED.);
#2121=B_SPLINE_CURVE_WITH_KNOTS('',2,(#9381,#9382,#9383),.UNSPECIFIED.,
 .F.,.F.,(3,3),(-1.,0.),.UNSPECIFIED.);
#2122=B_SPLINE_CURVE_WITH_KNOTS('',2,(#9392,#9393,#9394),.UNSPECIFIED.,
 .F.,.F.,(3,3),(-1.,0.),.UNSPECIFIED.);
#2123=B_SPLINE_CURVE_WITH_KNOTS('',2,(#9396,#9397,#9398),.UNSPECIFIED.,
 .F.,.F.,(3,3),(-1.,0.),.UNSPECIFIED.);
#2124=B_SPLINE_CURVE_WITH_KNOTS('',2,(#9407,#9408,#9409),.UNSPECIFIED.,
 .F.,.F.,(3,3),(-1.,0.),.UNSPECIFIED.);
#2125=B_SPLINE_CURVE_WITH_KNOTS('',2,(#9411,#9412,#9413),.UNSPECIFIED.,
 .F.,.F.,(3,3),(-1.,0.),.UNSPECIFIED.);
#2126=B_SPLINE_CURVE_WITH_KNOTS('',2,(#9422,#9423,#9424),.UNSPECIFIED.,
 .F.,.F.,(3,3),(-1.,0.),.UNSPECIFIED.);
#2127=B_SPLINE_CURVE_WITH_KNOTS('',2,(#9426,#9427,#9428),.UNSPECIFIED.,
 .F.,.F.,(3,3),(-1.,0.),.UNSPECIFIED.);
#2128=B_SPLINE_CURVE_WITH_KNOTS('',2,(#9437,#9438,#9439),.UNSPECIFIED.,
 .F.,.F.,(3,3),(-1.,0.),.UNSPECIFIED.);
#2129=B_SPLINE_CURVE_WITH_KNOTS('',2,(#9441,#9442,#9443),.UNSPECIFIED.,
 .F.,.F.,(3,3),(-1.,0.),.UNSPECIFIED.);
#2130=B_SPLINE_CURVE_WITH_KNOTS('',2,(#9451,#9452,#9453),.UNSPECIFIED.,
 .F.,.F.,(3,3),(-1.,0.),.UNSPECIFIED.);
#2131=B_SPLINE_CURVE_WITH_KNOTS('',2,(#9454,#9455,#9456),.UNSPECIFIED.,
 .F.,.F.,(3,3),(-1.,0.),.UNSPECIFIED.);
#2132=B_SPLINE_CURVE_WITH_KNOTS('',2,(#9473,#9474,#9475),.UNSPECIFIED.,
 .F.,.F.,(3,3),(-1.,-0.488291978391442),.UNSPECIFIED.);
#2133=B_SPLINE_CURVE_WITH_KNOTS('',2,(#9477,#9478,#9479),.UNSPECIFIED.,
 .F.,.F.,(3,3),(-1.,-0.488291978391442),.UNSPECIFIED.);
#2134=B_SPLINE_CURVE_WITH_KNOTS('',2,(#9488,#9489,#9490),.UNSPECIFIED.,
 .F.,.F.,(3,3),(-1.,0.),.UNSPECIFIED.);
#2135=B_SPLINE_CURVE_WITH_KNOTS('',2,(#9492,#9493,#9494),.UNSPECIFIED.,
 .F.,.F.,(3,3),(-1.,0.),.UNSPECIFIED.);
#2136=B_SPLINE_CURVE_WITH_KNOTS('',2,(#9503,#9504,#9505),.UNSPECIFIED.,
 .F.,.F.,(3,3),(-1.,0.),.UNSPECIFIED.);
#2137=B_SPLINE_CURVE_WITH_KNOTS('',2,(#9507,#9508,#9509),.UNSPECIFIED.,
 .F.,.F.,(3,3),(-1.,0.),.UNSPECIFIED.);
#2138=B_SPLINE_CURVE_WITH_KNOTS('',2,(#9518,#9519,#9520),.UNSPECIFIED.,
 .F.,.F.,(3,3),(-1.,0.),.UNSPECIFIED.);
#2139=B_SPLINE_CURVE_WITH_KNOTS('',2,(#9522,#9523,#9524),.UNSPECIFIED.,
 .F.,.F.,(3,3),(-1.,0.),.UNSPECIFIED.);
#2140=B_SPLINE_CURVE_WITH_KNOTS('',2,(#9533,#9534,#9535),.UNSPECIFIED.,
 .F.,.F.,(3,3),(-1.,0.),.UNSPECIFIED.);
#2141=B_SPLINE_CURVE_WITH_KNOTS('',2,(#9537,#9538,#9539),.UNSPECIFIED.,
 .F.,.F.,(3,3),(-1.,0.),.UNSPECIFIED.);
#2142=B_SPLINE_CURVE_WITH_KNOTS('',2,(#9547,#9548,#9549),.UNSPECIFIED.,
 .F.,.F.,(3,3),(-0.324074736053246,0.),.UNSPECIFIED.);
#2143=B_SPLINE_CURVE_WITH_KNOTS('',2,(#9550,#9551,#9552),.UNSPECIFIED.,
 .F.,.F.,(3,3),(-0.324074736053246,0.),.UNSPECIFIED.);
#2144=B_SPLINE_CURVE_WITH_KNOTS('',2,(#9561,#9562,#9563),.UNSPECIFIED.,
 .F.,.F.,(3,3),(-1.,0.),.UNSPECIFIED.);
#2145=B_SPLINE_CURVE_WITH_KNOTS('',2,(#9567,#9568,#9569),.UNSPECIFIED.,
 .F.,.F.,(3,3),(-1.,0.),.UNSPECIFIED.);
#2146=B_SPLINE_CURVE_WITH_KNOTS('',2,(#9578,#9579,#9580),.UNSPECIFIED.,
 .F.,.F.,(3,3),(-1.,0.),.UNSPECIFIED.);
#2147=B_SPLINE_CURVE_WITH_KNOTS('',2,(#9582,#9583,#9584),.UNSPECIFIED.,
 .F.,.F.,(3,3),(-1.,0.),.UNSPECIFIED.);
#2148=B_SPLINE_CURVE_WITH_KNOTS('',2,(#9593,#9594,#9595),.UNSPECIFIED.,
 .F.,.F.,(3,3),(-1.,0.),.UNSPECIFIED.);
#2149=B_SPLINE_CURVE_WITH_KNOTS('',2,(#9597,#9598,#9599),.UNSPECIFIED.,
 .F.,.F.,(3,3),(-1.,0.),.UNSPECIFIED.);
#2150=B_SPLINE_CURVE_WITH_KNOTS('',2,(#9608,#9609,#9610),.UNSPECIFIED.,
 .F.,.F.,(3,3),(-1.,0.),.UNSPECIFIED.);
#2151=B_SPLINE_CURVE_WITH_KNOTS('',2,(#9612,#9613,#9614),.UNSPECIFIED.,
 .F.,.F.,(3,3),(-1.,0.),.UNSPECIFIED.);
#2152=B_SPLINE_CURVE_WITH_KNOTS('',2,(#9623,#9624,#9625),.UNSPECIFIED.,
 .F.,.F.,(3,3),(-1.,0.),.UNSPECIFIED.);
#2153=B_SPLINE_CURVE_WITH_KNOTS('',2,(#9627,#9628,#9629),.UNSPECIFIED.,
 .F.,.F.,(3,3),(-1.,0.),.UNSPECIFIED.);
#2154=B_SPLINE_CURVE_WITH_KNOTS('',2,(#9637,#9638,#9639),.UNSPECIFIED.,
 .F.,.F.,(3,3),(-1.,0.),.UNSPECIFIED.);
#2155=B_SPLINE_CURVE_WITH_KNOTS('',2,(#9640,#9641,#9642),.UNSPECIFIED.,
 .F.,.F.,(3,3),(-1.,0.),.UNSPECIFIED.);
#2156=B_SPLINE_CURVE_WITH_KNOTS('',2,(#9651,#9652,#9653),.UNSPECIFIED.,
 .F.,.F.,(3,3),(-1.,0.),.UNSPECIFIED.);
#2157=B_SPLINE_CURVE_WITH_KNOTS('',2,(#9657,#9658,#9659),.UNSPECIFIED.,
 .F.,.F.,(3,3),(-1.,0.),.UNSPECIFIED.);
#2158=B_SPLINE_CURVE_WITH_KNOTS('',2,(#9668,#9669,#9670),.UNSPECIFIED.,
 .F.,.F.,(3,3),(-1.,0.),.UNSPECIFIED.);
#2159=B_SPLINE_CURVE_WITH_KNOTS('',2,(#9672,#9673,#9674),.UNSPECIFIED.,
 .F.,.F.,(3,3),(-1.,0.),.UNSPECIFIED.);
#2160=B_SPLINE_CURVE_WITH_KNOTS('',2,(#9683,#9684,#9685),.UNSPECIFIED.,
 .F.,.F.,(3,3),(-1.,0.),.UNSPECIFIED.);
#2161=B_SPLINE_CURVE_WITH_KNOTS('',2,(#9687,#9688,#9689),.UNSPECIFIED.,
 .F.,.F.,(3,3),(-1.,0.),.UNSPECIFIED.);
#2162=B_SPLINE_CURVE_WITH_KNOTS('',2,(#9698,#9699,#9700),.UNSPECIFIED.,
 .F.,.F.,(3,3),(-1.,0.),.UNSPECIFIED.);
#2163=B_SPLINE_CURVE_WITH_KNOTS('',2,(#9702,#9703,#9704),.UNSPECIFIED.,
 .F.,.F.,(3,3),(-1.,0.),.UNSPECIFIED.);
#2164=B_SPLINE_CURVE_WITH_KNOTS('',2,(#9712,#9713,#9714),.UNSPECIFIED.,
 .F.,.F.,(3,3),(-1.,0.),.UNSPECIFIED.);
#2165=B_SPLINE_CURVE_WITH_KNOTS('',2,(#9715,#9716,#9717),.UNSPECIFIED.,
 .F.,.F.,(3,3),(-1.,0.),.UNSPECIFIED.);
#2166=B_SPLINE_CURVE_WITH_KNOTS('',2,(#9726,#9727,#9728),.UNSPECIFIED.,
 .F.,.F.,(3,3),(-1.,0.),.UNSPECIFIED.);
#2167=B_SPLINE_CURVE_WITH_KNOTS('',2,(#9732,#9733,#9734),.UNSPECIFIED.,
 .F.,.F.,(3,3),(-1.,0.),.UNSPECIFIED.);
#2168=B_SPLINE_CURVE_WITH_KNOTS('',2,(#9743,#9744,#9745),.UNSPECIFIED.,
 .F.,.F.,(3,3),(-1.,0.),.UNSPECIFIED.);
#2169=B_SPLINE_CURVE_WITH_KNOTS('',2,(#9747,#9748,#9749),.UNSPECIFIED.,
 .F.,.F.,(3,3),(-1.,0.),.UNSPECIFIED.);
#2170=B_SPLINE_CURVE_WITH_KNOTS('',2,(#9758,#9759,#9760),.UNSPECIFIED.,
 .F.,.F.,(3,3),(-1.,0.),.UNSPECIFIED.);
#2171=B_SPLINE_CURVE_WITH_KNOTS('',2,(#9762,#9763,#9764),.UNSPECIFIED.,
 .F.,.F.,(3,3),(-1.,0.),.UNSPECIFIED.);
#2172=B_SPLINE_CURVE_WITH_KNOTS('',2,(#9773,#9774,#9775),.UNSPECIFIED.,
 .F.,.F.,(3,3),(-1.,0.),.UNSPECIFIED.);
#2173=B_SPLINE_CURVE_WITH_KNOTS('',2,(#9777,#9778,#9779),.UNSPECIFIED.,
 .F.,.F.,(3,3),(-1.,0.),.UNSPECIFIED.);
#2174=B_SPLINE_CURVE_WITH_KNOTS('',2,(#9788,#9789,#9790),.UNSPECIFIED.,
 .F.,.F.,(3,3),(-1.,0.),.UNSPECIFIED.);
#2175=B_SPLINE_CURVE_WITH_KNOTS('',2,(#9792,#9793,#9794),.UNSPECIFIED.,
 .F.,.F.,(3,3),(-1.,0.),.UNSPECIFIED.);
#2176=B_SPLINE_CURVE_WITH_KNOTS('',2,(#9802,#9803,#9804),.UNSPECIFIED.,
 .F.,.F.,(3,3),(-1.,0.),.UNSPECIFIED.);
#2177=B_SPLINE_CURVE_WITH_KNOTS('',2,(#9805,#9806,#9807),.UNSPECIFIED.,
 .F.,.F.,(3,3),(-1.,0.),.UNSPECIFIED.);
#2178=B_SPLINE_CURVE_WITH_KNOTS('',2,(#9816,#9817,#9818),.UNSPECIFIED.,
 .F.,.F.,(3,3),(-1.,0.),.UNSPECIFIED.);
#2179=B_SPLINE_CURVE_WITH_KNOTS('',2,(#9822,#9823,#9824),.UNSPECIFIED.,
 .F.,.F.,(3,3),(-1.,0.),.UNSPECIFIED.);
#2180=B_SPLINE_CURVE_WITH_KNOTS('',2,(#9833,#9834,#9835),.UNSPECIFIED.,
 .F.,.F.,(3,3),(-1.,0.),.UNSPECIFIED.);
#2181=B_SPLINE_CURVE_WITH_KNOTS('',2,(#9837,#9838,#9839),.UNSPECIFIED.,
 .F.,.F.,(3,3),(-1.,0.),.UNSPECIFIED.);
#2182=B_SPLINE_CURVE_WITH_KNOTS('',2,(#9848,#9849,#9850),.UNSPECIFIED.,
 .F.,.F.,(3,3),(-1.,0.),.UNSPECIFIED.);
#2183=B_SPLINE_CURVE_WITH_KNOTS('',2,(#9852,#9853,#9854),.UNSPECIFIED.,
 .F.,.F.,(3,3),(-1.,0.),.UNSPECIFIED.);
#2184=B_SPLINE_CURVE_WITH_KNOTS('',2,(#9863,#9864,#9865),.UNSPECIFIED.,
 .F.,.F.,(3,3),(-1.,0.),.UNSPECIFIED.);
#2185=B_SPLINE_CURVE_WITH_KNOTS('',2,(#9867,#9868,#9869),.UNSPECIFIED.,
 .F.,.F.,(3,3),(-1.,0.),.UNSPECIFIED.);
#2186=B_SPLINE_CURVE_WITH_KNOTS('',2,(#9877,#9878,#9879),.UNSPECIFIED.,
 .F.,.F.,(3,3),(-1.,0.),.UNSPECIFIED.);
#2187=B_SPLINE_CURVE_WITH_KNOTS('',2,(#9880,#9881,#9882),.UNSPECIFIED.,
 .F.,.F.,(3,3),(-1.,0.),.UNSPECIFIED.);
#2188=B_SPLINE_CURVE_WITH_KNOTS('',2,(#9905,#9906,#9907),.UNSPECIFIED.,
 .F.,.F.,(3,3),(-1.,-0.669802956277862),.UNSPECIFIED.);
#2189=B_SPLINE_CURVE_WITH_KNOTS('',2,(#9909,#9910,#9911),.UNSPECIFIED.,
 .F.,.F.,(3,3),(-1.,-0.669802956277862),.UNSPECIFIED.);
#2190=B_SPLINE_CURVE_WITH_KNOTS('',2,(#9920,#9921,#9922),.UNSPECIFIED.,
 .F.,.F.,(3,3),(-1.,0.),.UNSPECIFIED.);
#2191=B_SPLINE_CURVE_WITH_KNOTS('',2,(#9924,#9925,#9926),.UNSPECIFIED.,
 .F.,.F.,(3,3),(-1.,0.),.UNSPECIFIED.);
#2192=B_SPLINE_CURVE_WITH_KNOTS('',2,(#9934,#9935,#9936),.UNSPECIFIED.,
 .F.,.F.,(3,3),(-0.37159905590377,0.),.UNSPECIFIED.);
#2193=B_SPLINE_CURVE_WITH_KNOTS('',2,(#9937,#9938,#9939),.UNSPECIFIED.,
 .F.,.F.,(3,3),(-0.37159905590377,0.),.UNSPECIFIED.);
#2194=B_SPLINE_CURVE_WITH_KNOTS('',2,(#9948,#9949,#9950),.UNSPECIFIED.,
 .F.,.F.,(3,3),(-1.,0.),.UNSPECIFIED.);
#2195=B_SPLINE_CURVE_WITH_KNOTS('',2,(#9954,#9955,#9956),.UNSPECIFIED.,
 .F.,.F.,(3,3),(-1.,0.),.UNSPECIFIED.);
#2196=B_SPLINE_CURVE_WITH_KNOTS('',2,(#9965,#9966,#9967),.UNSPECIFIED.,
 .F.,.F.,(3,3),(-1.,0.),.UNSPECIFIED.);
#2197=B_SPLINE_CURVE_WITH_KNOTS('',2,(#9969,#9970,#9971),.UNSPECIFIED.,
 .F.,.F.,(3,3),(-1.,0.),.UNSPECIFIED.);
#2198=B_SPLINE_CURVE_WITH_KNOTS('',2,(#9980,#9981,#9982),.UNSPECIFIED.,
 .F.,.F.,(3,3),(-1.,0.),.UNSPECIFIED.);
#2199=B_SPLINE_CURVE_WITH_KNOTS('',2,(#9984,#9985,#9986),.UNSPECIFIED.,
 .F.,.F.,(3,3),(-1.,0.),.UNSPECIFIED.);
#2200=B_SPLINE_CURVE_WITH_KNOTS('',2,(#9995,#9996,#9997),.UNSPECIFIED.,
 .F.,.F.,(3,3),(-1.,0.),.UNSPECIFIED.);
#2201=B_SPLINE_CURVE_WITH_KNOTS('',2,(#9999,#10000,#10001),
 .UNSPECIFIED.,.F.,.F.,(3,3),(-1.,0.),.UNSPECIFIED.);
#2202=B_SPLINE_CURVE_WITH_KNOTS('',2,(#10009,#10010,#10011),
 .UNSPECIFIED.,.F.,.F.,(3,3),(-1.,0.),.UNSPECIFIED.);
#2203=B_SPLINE_CURVE_WITH_KNOTS('',2,(#10012,#10013,#10014),
 .UNSPECIFIED.,.F.,.F.,(3,3),(-1.,0.),.UNSPECIFIED.);
#2204=B_SPLINE_CURVE_WITH_KNOTS('',2,(#10023,#10024,#10025),
 .UNSPECIFIED.,.F.,.F.,(3,3),(-1.,0.),.UNSPECIFIED.);
#2205=B_SPLINE_CURVE_WITH_KNOTS('',2,(#10029,#10030,#10031),
 .UNSPECIFIED.,.F.,.F.,(3,3),(-1.,0.),.UNSPECIFIED.);
#2206=B_SPLINE_CURVE_WITH_KNOTS('',2,(#10040,#10041,#10042),
 .UNSPECIFIED.,.F.,.F.,(3,3),(-1.,0.),.UNSPECIFIED.);
#2207=B_SPLINE_CURVE_WITH_KNOTS('',2,(#10044,#10045,#10046),
 .UNSPECIFIED.,.F.,.F.,(3,3),(-1.,0.),.UNSPECIFIED.);
#2208=B_SPLINE_CURVE_WITH_KNOTS('',2,(#10055,#10056,#10057),
 .UNSPECIFIED.,.F.,.F.,(3,3),(-1.,0.),.UNSPECIFIED.);
#2209=B_SPLINE_CURVE_WITH_KNOTS('',2,(#10059,#10060,#10061),
 .UNSPECIFIED.,.F.,.F.,(3,3),(-1.,0.),.UNSPECIFIED.);
#2210=B_SPLINE_CURVE_WITH_KNOTS('',2,(#10070,#10071,#10072),
 .UNSPECIFIED.,.F.,.F.,(3,3),(-1.,0.),.UNSPECIFIED.);
#2211=B_SPLINE_CURVE_WITH_KNOTS('',2,(#10074,#10075,#10076),
 .UNSPECIFIED.,.F.,.F.,(3,3),(-1.,0.),.UNSPECIFIED.);
#2212=B_SPLINE_CURVE_WITH_KNOTS('',2,(#10085,#10086,#10087),
 .UNSPECIFIED.,.F.,.F.,(3,3),(-1.,0.),.UNSPECIFIED.);
#2213=B_SPLINE_CURVE_WITH_KNOTS('',2,(#10089,#10090,#10091),
 .UNSPECIFIED.,.F.,.F.,(3,3),(-1.,0.),.UNSPECIFIED.);
#2214=B_SPLINE_CURVE_WITH_KNOTS('',2,(#10100,#10101,#10102),
 .UNSPECIFIED.,.F.,.F.,(3,3),(-1.,0.),.UNSPECIFIED.);
#2215=B_SPLINE_CURVE_WITH_KNOTS('',2,(#10104,#10105,#10106),
 .UNSPECIFIED.,.F.,.F.,(3,3),(-1.,0.),.UNSPECIFIED.);
#2216=B_SPLINE_CURVE_WITH_KNOTS('',2,(#10114,#10115,#10116),
 .UNSPECIFIED.,.F.,.F.,(3,3),(-1.,0.),.UNSPECIFIED.);
#2217=B_SPLINE_CURVE_WITH_KNOTS('',2,(#10117,#10118,#10119),
 .UNSPECIFIED.,.F.,.F.,(3,3),(-1.,0.),.UNSPECIFIED.);
#2218=B_SPLINE_CURVE_WITH_KNOTS('',2,(#10128,#10129,#10130),
 .UNSPECIFIED.,.F.,.F.,(3,3),(-1.,0.),.UNSPECIFIED.);
#2219=B_SPLINE_CURVE_WITH_KNOTS('',2,(#10134,#10135,#10136),
 .UNSPECIFIED.,.F.,.F.,(3,3),(-1.,0.),.UNSPECIFIED.);
#2220=B_SPLINE_CURVE_WITH_KNOTS('',2,(#10145,#10146,#10147),
 .UNSPECIFIED.,.F.,.F.,(3,3),(-1.,0.),.UNSPECIFIED.);
#2221=B_SPLINE_CURVE_WITH_KNOTS('',2,(#10149,#10150,#10151),
 .UNSPECIFIED.,.F.,.F.,(3,3),(-1.,0.),.UNSPECIFIED.);
#2222=B_SPLINE_CURVE_WITH_KNOTS('',2,(#10160,#10161,#10162),
 .UNSPECIFIED.,.F.,.F.,(3,3),(-1.,0.),.UNSPECIFIED.);
#2223=B_SPLINE_CURVE_WITH_KNOTS('',2,(#10164,#10165,#10166),
 .UNSPECIFIED.,.F.,.F.,(3,3),(-1.,0.),.UNSPECIFIED.);
#2224=B_SPLINE_CURVE_WITH_KNOTS('',2,(#10175,#10176,#10177),
 .UNSPECIFIED.,.F.,.F.,(3,3),(-1.,0.),.UNSPECIFIED.);
#2225=B_SPLINE_CURVE_WITH_KNOTS('',2,(#10179,#10180,#10181),
 .UNSPECIFIED.,.F.,.F.,(3,3),(-1.,0.),.UNSPECIFIED.);
#2226=B_SPLINE_CURVE_WITH_KNOTS('',2,(#10189,#10190,#10191),
 .UNSPECIFIED.,.F.,.F.,(3,3),(-1.,0.),.UNSPECIFIED.);
#2227=B_SPLINE_CURVE_WITH_KNOTS('',2,(#10192,#10193,#10194),
 .UNSPECIFIED.,.F.,.F.,(3,3),(-1.,0.),.UNSPECIFIED.);
#2228=B_SPLINE_CURVE_WITH_KNOTS('',2,(#10207,#10208,#10209),
 .UNSPECIFIED.,.F.,.F.,(3,3),(0.330993673000646,0.487407528343841),
 .UNSPECIFIED.);
#2229=B_SPLINE_CURVE_WITH_KNOTS('',2,(#10210,#10211,#10212),
 .UNSPECIFIED.,.F.,.F.,(3,3),(0.330993673000647,0.487407528343804),
 .UNSPECIFIED.);
#2230=VERTEX_POINT('',#6229);
#2231=VERTEX_POINT('',#6230);
#2232=VERTEX_POINT('',#6236);
#2233=VERTEX_POINT('',#6238);
#2234=VERTEX_POINT('',#6242);
#2235=VERTEX_POINT('',#6244);
#2236=VERTEX_POINT('',#6246);
#2237=VERTEX_POINT('',#6248);
#2238=VERTEX_POINT('',#6250);
#2239=VERTEX_POINT('',#6252);
#2240=VERTEX_POINT('',#6255);
#2241=VERTEX_POINT('',#6256);
#2242=VERTEX_POINT('',#6258);
#2243=VERTEX_POINT('',#6260);
#2244=VERTEX_POINT('',#6264);
#2245=VERTEX_POINT('',#6274);
#2246=VERTEX_POINT('',#6276);
#2247=VERTEX_POINT('',#6278);
#2248=VERTEX_POINT('',#6280);
#2249=VERTEX_POINT('',#6282);
#2250=VERTEX_POINT('',#6289);
#2251=VERTEX_POINT('',#6291);
#2252=VERTEX_POINT('',#6300);
#2253=VERTEX_POINT('',#6302);
#2254=VERTEX_POINT('',#6304);
#2255=VERTEX_POINT('',#6306);
#2256=VERTEX_POINT('',#6308);
#2257=VERTEX_POINT('',#6317);
#2258=VERTEX_POINT('',#6326);
#2259=VERTEX_POINT('',#6336);
#2260=VERTEX_POINT('',#6337);
#2261=VERTEX_POINT('',#6339);
#2262=VERTEX_POINT('',#6341);
#2263=VERTEX_POINT('',#6343);
#2264=VERTEX_POINT('',#6347);
#2265=VERTEX_POINT('',#6349);
#2266=VERTEX_POINT('',#6352);
#2267=VERTEX_POINT('',#6354);
#2268=VERTEX_POINT('',#6356);
#2269=VERTEX_POINT('',#6358);
#2270=VERTEX_POINT('',#6359);
#2271=VERTEX_POINT('',#6361);
#2272=VERTEX_POINT('',#6363);
#2273=VERTEX_POINT('',#6366);
#2274=VERTEX_POINT('',#6368);
#2275=VERTEX_POINT('',#6370);
#2276=VERTEX_POINT('',#6373);
#2277=VERTEX_POINT('',#6375);
#2278=VERTEX_POINT('',#6377);
#2279=VERTEX_POINT('',#6381);
#2280=VERTEX_POINT('',#6382);
#2281=VERTEX_POINT('',#6387);
#2282=VERTEX_POINT('',#6391);
#2283=VERTEX_POINT('',#6397);
#2284=VERTEX_POINT('',#6399);
#2285=VERTEX_POINT('',#6401);
#2286=VERTEX_POINT('',#6403);
#2287=VERTEX_POINT('',#6404);
#2288=VERTEX_POINT('',#6406);
#2289=VERTEX_POINT('',#6408);
#2290=VERTEX_POINT('',#6411);
#2291=VERTEX_POINT('',#6413);
#2292=VERTEX_POINT('',#6415);
#2293=VERTEX_POINT('',#6503);
#2294=VERTEX_POINT('',#6504);
#2295=VERTEX_POINT('',#6517);
#2296=VERTEX_POINT('',#6536);
#2297=VERTEX_POINT('',#6538);
#2298=VERTEX_POINT('',#6540);
#2299=VERTEX_POINT('',#6565);
#2300=VERTEX_POINT('',#6573);
#2301=VERTEX_POINT('',#6596);
#2302=VERTEX_POINT('',#6620);
#2303=VERTEX_POINT('',#6621);
#2304=VERTEX_POINT('',#6647);
#2305=VERTEX_POINT('',#6689);
#2306=VERTEX_POINT('',#6708);
#2307=VERTEX_POINT('',#6719);
#2308=VERTEX_POINT('',#6721);
#2309=VERTEX_POINT('',#6723);
#2310=VERTEX_POINT('',#6727);
#2311=VERTEX_POINT('',#6730);
#2312=VERTEX_POINT('',#6733);
#2313=VERTEX_POINT('',#6735);
#2314=VERTEX_POINT('',#6754);
#2315=VERTEX_POINT('',#6755);
#2316=VERTEX_POINT('',#6760);
#2317=VERTEX_POINT('',#6765);
#2318=VERTEX_POINT('',#6785);
#2319=VERTEX_POINT('',#6786);
#2320=VERTEX_POINT('',#6791);
#2321=VERTEX_POINT('',#6814);
#2322=VERTEX_POINT('',#6815);
#2323=VERTEX_POINT('',#6824);
#2324=VERTEX_POINT('',#6875);
#2325=VERTEX_POINT('',#6888);
#2326=VERTEX_POINT('',#6895);
#2327=VERTEX_POINT('',#6942);
#2328=VERTEX_POINT('',#6992);
#2329=VERTEX_POINT('',#6994);
#2330=VERTEX_POINT('',#6996);
#2331=VERTEX_POINT('',#7000);
#2332=VERTEX_POINT('',#7019);
#2333=VERTEX_POINT('',#7023);
#2334=VERTEX_POINT('',#7028);
#2335=VERTEX_POINT('',#7030);
#2336=VERTEX_POINT('',#7034);
#2337=VERTEX_POINT('',#7035);
#2338=VERTEX_POINT('',#7037);
#2339=VERTEX_POINT('',#7039);
#2340=VERTEX_POINT('',#7043);
#2341=VERTEX_POINT('',#7044);
#2342=VERTEX_POINT('',#7046);
#2343=VERTEX_POINT('',#7048);
#2344=VERTEX_POINT('',#7050);
#2345=VERTEX_POINT('',#7052);
#2346=VERTEX_POINT('',#7071);
#2347=VERTEX_POINT('',#7072);
#2348=VERTEX_POINT('',#7096);
#2349=VERTEX_POINT('',#7115);
#2350=VERTEX_POINT('',#7134);
#2351=VERTEX_POINT('',#7153);
#2352=VERTEX_POINT('',#7175);
#2353=VERTEX_POINT('',#7176);
#2354=VERTEX_POINT('',#7178);
#2355=VERTEX_POINT('',#7180);
#2356=VERTEX_POINT('',#7182);
#2357=VERTEX_POINT('',#7184);
#2358=VERTEX_POINT('',#7203);
#2359=VERTEX_POINT('',#7205);
#2360=VERTEX_POINT('',#7224);
#2361=VERTEX_POINT('',#7243);
#2362=VERTEX_POINT('',#7262);
#2363=VERTEX_POINT('',#7281);
#2364=VERTEX_POINT('',#7302);
#2365=VERTEX_POINT('',#7304);
#2366=VERTEX_POINT('',#7308);
#2367=VERTEX_POINT('',#7312);
#2368=VERTEX_POINT('',#7314);
#2369=VERTEX_POINT('',#7318);
#2370=VERTEX_POINT('',#7320);
#2371=VERTEX_POINT('',#7324);
#2372=VERTEX_POINT('',#7325);
#2373=VERTEX_POINT('',#7332);
#2374=VERTEX_POINT('',#7337);
#2375=VERTEX_POINT('',#7347);
#2376=VERTEX_POINT('',#7348);
#2377=VERTEX_POINT('',#7353);
#2378=VERTEX_POINT('',#7407);
#2379=VERTEX_POINT('',#7409);
#2380=VERTEX_POINT('',#7433);
#2381=VERTEX_POINT('',#7437);
#2382=VERTEX_POINT('',#7447);
#2383=VERTEX_POINT('',#7451);
#2384=VERTEX_POINT('',#7452);
#2385=VERTEX_POINT('',#7457);
#2386=VERTEX_POINT('',#7474);
#2387=VERTEX_POINT('',#7515);
#2388=VERTEX_POINT('',#7517);
#2389=VERTEX_POINT('',#7541);
#2390=VERTEX_POINT('',#7543);
#2391=VERTEX_POINT('',#7616);
#2392=VERTEX_POINT('',#7618);
#2393=VERTEX_POINT('',#7638);
#2394=VERTEX_POINT('',#7697);
#2395=VERTEX_POINT('',#7699);
#2396=VERTEX_POINT('',#7703);
#2397=VERTEX_POINT('',#7705);
#2398=VERTEX_POINT('',#7736);
#2399=VERTEX_POINT('',#7738);
#2400=VERTEX_POINT('',#7786);
#2401=VERTEX_POINT('',#7788);
#2402=VERTEX_POINT('',#7792);
#2403=VERTEX_POINT('',#7794);
#2404=VERTEX_POINT('',#7823);
#2405=VERTEX_POINT('',#7827);
#2406=VERTEX_POINT('',#7853);
#2407=VERTEX_POINT('',#7906);
#2408=VERTEX_POINT('',#7907);
#2409=VERTEX_POINT('',#7911);
#2410=VERTEX_POINT('',#7913);
#2411=VERTEX_POINT('',#7924);
#2412=VERTEX_POINT('',#7928);
#2413=VERTEX_POINT('',#7939);
#2414=VERTEX_POINT('',#7943);
#2415=VERTEX_POINT('',#7954);
#2416=VERTEX_POINT('',#7958);
#2417=VERTEX_POINT('',#7981);
#2418=VERTEX_POINT('',#7982);
#2419=VERTEX_POINT('',#7986);
#2420=VERTEX_POINT('',#7988);
#2421=VERTEX_POINT('',#7999);
#2422=VERTEX_POINT('',#8003);
#2423=VERTEX_POINT('',#8014);
#2424=VERTEX_POINT('',#8018);
#2425=VERTEX_POINT('',#8029);
#2426=VERTEX_POINT('',#8033);
#2427=VERTEX_POINT('',#8056);
#2428=VERTEX_POINT('',#8057);
#2429=VERTEX_POINT('',#8061);
#2430=VERTEX_POINT('',#8063);
#2431=VERTEX_POINT('',#8069);
#2432=VERTEX_POINT('',#8071);
#2433=VERTEX_POINT('',#8080);
#2434=VERTEX_POINT('',#8084);
#2435=VERTEX_POINT('',#8095);
#2436=VERTEX_POINT('',#8099);
#2437=VERTEX_POINT('',#8110);
#2438=VERTEX_POINT('',#8114);
#2439=VERTEX_POINT('',#8137);
#2440=VERTEX_POINT('',#8138);
#2441=VERTEX_POINT('',#8142);
#2442=VERTEX_POINT('',#8144);
#2443=VERTEX_POINT('',#8150);
#2444=VERTEX_POINT('',#8152);
#2445=VERTEX_POINT('',#8161);
#2446=VERTEX_POINT('',#8165);
#2447=VERTEX_POINT('',#8176);
#2448=VERTEX_POINT('',#8180);
#2449=VERTEX_POINT('',#8191);
#2450=VERTEX_POINT('',#8195);
#2451=VERTEX_POINT('',#8218);
#2452=VERTEX_POINT('',#8219);
#2453=VERTEX_POINT('',#8223);
#2454=VERTEX_POINT('',#8225);
#2455=VERTEX_POINT('',#8236);
#2456=VERTEX_POINT('',#8240);
#2457=VERTEX_POINT('',#8251);
#2458=VERTEX_POINT('',#8255);
#2459=VERTEX_POINT('',#8266);
#2460=VERTEX_POINT('',#8270);
#2461=VERTEX_POINT('',#8281);
#2462=VERTEX_POINT('',#8285);
#2463=VERTEX_POINT('',#8308);
#2464=VERTEX_POINT('',#8309);
#2465=VERTEX_POINT('',#8313);
#2466=VERTEX_POINT('',#8315);
#2467=VERTEX_POINT('',#8326);
#2468=VERTEX_POINT('',#8330);
#2469=VERTEX_POINT('',#8341);
#2470=VERTEX_POINT('',#8345);
#2471=VERTEX_POINT('',#8356);
#2472=VERTEX_POINT('',#8360);
#2473=VERTEX_POINT('',#8371);
#2474=VERTEX_POINT('',#8375);
#2475=VERTEX_POINT('',#8386);
#2476=VERTEX_POINT('',#8390);
#2477=VERTEX_POINT('',#8401);
#2478=VERTEX_POINT('',#8405);
#2479=VERTEX_POINT('',#8428);
#2480=VERTEX_POINT('',#8429);
#2481=VERTEX_POINT('',#8433);
#2482=VERTEX_POINT('',#8435);
#2483=VERTEX_POINT('',#8446);
#2484=VERTEX_POINT('',#8450);
#2485=VERTEX_POINT('',#8461);
#2486=VERTEX_POINT('',#8465);
#2487=VERTEX_POINT('',#8476);
#2488=VERTEX_POINT('',#8480);
#2489=VERTEX_POINT('',#8494);
#2490=VERTEX_POINT('',#8495);
#2491=VERTEX_POINT('',#8499);
#2492=VERTEX_POINT('',#8501);
#2493=VERTEX_POINT('',#8512);
#2494=VERTEX_POINT('',#8516);
#2495=VERTEX_POINT('',#8527);
#2496=VERTEX_POINT('',#8531);
#2497=VERTEX_POINT('',#8554);
#2498=VERTEX_POINT('',#8555);
#2499=VERTEX_POINT('',#8559);
#2500=VERTEX_POINT('',#8561);
#2501=VERTEX_POINT('',#8572);
#2502=VERTEX_POINT('',#8576);
#2503=VERTEX_POINT('',#8582);
#2504=VERTEX_POINT('',#8584);
#2505=VERTEX_POINT('',#8593);
#2506=VERTEX_POINT('',#8597);
#2507=VERTEX_POINT('',#8620);
#2508=VERTEX_POINT('',#8621);
#2509=VERTEX_POINT('',#8625);
#2510=VERTEX_POINT('',#8627);
#2511=VERTEX_POINT('',#8638);
#2512=VERTEX_POINT('',#8642);
#2513=VERTEX_POINT('',#8653);
#2514=VERTEX_POINT('',#8657);
#2515=VERTEX_POINT('',#8675);
#2516=VERTEX_POINT('',#8676);
#2517=VERTEX_POINT('',#8678);
#2518=VERTEX_POINT('',#8680);
#2519=VERTEX_POINT('',#8689);
#2520=VERTEX_POINT('',#8693);
#2521=VERTEX_POINT('',#8704);
#2522=VERTEX_POINT('',#8708);
#2523=VERTEX_POINT('',#8719);
#2524=VERTEX_POINT('',#8723);
#2525=VERTEX_POINT('',#8734);
#2526=VERTEX_POINT('',#8738);
#2527=VERTEX_POINT('',#8761);
#2528=VERTEX_POINT('',#8762);
#2529=VERTEX_POINT('',#8766);
#2530=VERTEX_POINT('',#8768);
#2531=VERTEX_POINT('',#8779);
#2532=VERTEX_POINT('',#8783);
#2533=VERTEX_POINT('',#8794);
#2534=VERTEX_POINT('',#8798);
#2535=VERTEX_POINT('',#8809);
#2536=VERTEX_POINT('',#8813);
#2537=VERTEX_POINT('',#8824);
#2538=VERTEX_POINT('',#8828);
#2539=VERTEX_POINT('',#8839);
#2540=VERTEX_POINT('',#8843);
#2541=VERTEX_POINT('',#8857);
#2542=VERTEX_POINT('',#8858);
#2543=VERTEX_POINT('',#8862);
#2544=VERTEX_POINT('',#8864);
#2545=VERTEX_POINT('',#8875);
#2546=VERTEX_POINT('',#8879);
#2547=VERTEX_POINT('',#8890);
#2548=VERTEX_POINT('',#8894);
#2549=VERTEX_POINT('',#8905);
#2550=VERTEX_POINT('',#8909);
#2551=VERTEX_POINT('',#8920);
#2552=VERTEX_POINT('',#8924);
#2553=VERTEX_POINT('',#8935);
#2554=VERTEX_POINT('',#8939);
#2555=VERTEX_POINT('',#8953);
#2556=VERTEX_POINT('',#8954);
#2557=VERTEX_POINT('',#8958);
#2558=VERTEX_POINT('',#8960);
#2559=VERTEX_POINT('',#8971);
#2560=VERTEX_POINT('',#8975);
#2561=VERTEX_POINT('',#8986);
#2562=VERTEX_POINT('',#8990);
#2563=VERTEX_POINT('',#8996);
#2564=VERTEX_POINT('',#8998);
#2565=VERTEX_POINT('',#9007);
#2566=VERTEX_POINT('',#9011);
#2567=VERTEX_POINT('',#9034);
#2568=VERTEX_POINT('',#9035);
#2569=VERTEX_POINT('',#9039);
#2570=VERTEX_POINT('',#9041);
#2571=VERTEX_POINT('',#9052);
#2572=VERTEX_POINT('',#9056);
#2573=VERTEX_POINT('',#9067);
#2574=VERTEX_POINT('',#9071);
#2575=VERTEX_POINT('',#9082);
#2576=VERTEX_POINT('',#9086);
#2577=VERTEX_POINT('',#9092);
#2578=VERTEX_POINT('',#9094);
#2579=VERTEX_POINT('',#9103);
#2580=VERTEX_POINT('',#9107);
#2581=VERTEX_POINT('',#9130);
#2582=VERTEX_POINT('',#9131);
#2583=VERTEX_POINT('',#9135);
#2584=VERTEX_POINT('',#9137);
#2585=VERTEX_POINT('',#9148);
#2586=VERTEX_POINT('',#9152);
#2587=VERTEX_POINT('',#9163);
#2588=VERTEX_POINT('',#9167);
#2589=VERTEX_POINT('',#9178);
#2590=VERTEX_POINT('',#9182);
#2591=VERTEX_POINT('',#9193);
#2592=VERTEX_POINT('',#9197);
#2593=VERTEX_POINT('',#9220);
#2594=VERTEX_POINT('',#9221);
#2595=VERTEX_POINT('',#9225);
#2596=VERTEX_POINT('',#9227);
#2597=VERTEX_POINT('',#9233);
#2598=VERTEX_POINT('',#9235);
#2599=VERTEX_POINT('',#9244);
#2600=VERTEX_POINT('',#9248);
#2601=VERTEX_POINT('',#9259);
#2602=VERTEX_POINT('',#9263);
#2603=VERTEX_POINT('',#9281);
#2604=VERTEX_POINT('',#9282);
#2605=VERTEX_POINT('',#9284);
#2606=VERTEX_POINT('',#9286);
#2607=VERTEX_POINT('',#9290);
#2608=VERTEX_POINT('',#9292);
#2609=VERTEX_POINT('',#9301);
#2610=VERTEX_POINT('',#9305);
#2611=VERTEX_POINT('',#9316);
#2612=VERTEX_POINT('',#9320);
#2613=VERTEX_POINT('',#9343);
#2614=VERTEX_POINT('',#9344);
#2615=VERTEX_POINT('',#9348);
#2616=VERTEX_POINT('',#9350);
#2617=VERTEX_POINT('',#9361);
#2618=VERTEX_POINT('',#9365);
#2619=VERTEX_POINT('',#9376);
#2620=VERTEX_POINT('',#9380);
#2621=VERTEX_POINT('',#9391);
#2622=VERTEX_POINT('',#9395);
#2623=VERTEX_POINT('',#9406);
#2624=VERTEX_POINT('',#9410);
#2625=VERTEX_POINT('',#9421);
#2626=VERTEX_POINT('',#9425);
#2627=VERTEX_POINT('',#9436);
#2628=VERTEX_POINT('',#9440);
#2629=VERTEX_POINT('',#9458);
#2630=VERTEX_POINT('',#9459);
#2631=VERTEX_POINT('',#9461);
#2632=VERTEX_POINT('',#9463);
#2633=VERTEX_POINT('',#9472);
#2634=VERTEX_POINT('',#9476);
#2635=VERTEX_POINT('',#9487);
#2636=VERTEX_POINT('',#9491);
#2637=VERTEX_POINT('',#9502);
#2638=VERTEX_POINT('',#9506);
#2639=VERTEX_POINT('',#9517);
#2640=VERTEX_POINT('',#9521);
#2641=VERTEX_POINT('',#9532);
#2642=VERTEX_POINT('',#9536);
#2643=VERTEX_POINT('',#9559);
#2644=VERTEX_POINT('',#9560);
#2645=VERTEX_POINT('',#9564);
#2646=VERTEX_POINT('',#9566);
#2647=VERTEX_POINT('',#9577);
#2648=VERTEX_POINT('',#9581);
#2649=VERTEX_POINT('',#9592);
#2650=VERTEX_POINT('',#9596);
#2651=VERTEX_POINT('',#9607);
#2652=VERTEX_POINT('',#9611);
#2653=VERTEX_POINT('',#9622);
#2654=VERTEX_POINT('',#9626);
#2655=VERTEX_POINT('',#9649);
#2656=VERTEX_POINT('',#9650);
#2657=VERTEX_POINT('',#9654);
#2658=VERTEX_POINT('',#9656);
#2659=VERTEX_POINT('',#9667);
#2660=VERTEX_POINT('',#9671);
#2661=VERTEX_POINT('',#9682);
#2662=VERTEX_POINT('',#9686);
#2663=VERTEX_POINT('',#9697);
#2664=VERTEX_POINT('',#9701);
#2665=VERTEX_POINT('',#9724);
#2666=VERTEX_POINT('',#9725);
#2667=VERTEX_POINT('',#9729);
#2668=VERTEX_POINT('',#9731);
#2669=VERTEX_POINT('',#9742);
#2670=VERTEX_POINT('',#9746);
#2671=VERTEX_POINT('',#9757);
#2672=VERTEX_POINT('',#9761);
#2673=VERTEX_POINT('',#9772);
#2674=VERTEX_POINT('',#9776);
#2675=VERTEX_POINT('',#9787);
#2676=VERTEX_POINT('',#9791);
#2677=VERTEX_POINT('',#9814);
#2678=VERTEX_POINT('',#9815);
#2679=VERTEX_POINT('',#9819);
#2680=VERTEX_POINT('',#9821);
#2681=VERTEX_POINT('',#9832);
#2682=VERTEX_POINT('',#9836);
#2683=VERTEX_POINT('',#9847);
#2684=VERTEX_POINT('',#9851);
#2685=VERTEX_POINT('',#9862);
#2686=VERTEX_POINT('',#9866);
#2687=VERTEX_POINT('',#9884);
#2688=VERTEX_POINT('',#9885);
#2689=VERTEX_POINT('',#9887);
#2690=VERTEX_POINT('',#9889);
#2691=VERTEX_POINT('',#9893);
#2692=VERTEX_POINT('',#9895);
#2693=VERTEX_POINT('',#9904);
#2694=VERTEX_POINT('',#9908);
#2695=VERTEX_POINT('',#9919);
#2696=VERTEX_POINT('',#9923);
#2697=VERTEX_POINT('',#9946);
#2698=VERTEX_POINT('',#9947);
#2699=VERTEX_POINT('',#9951);
#2700=VERTEX_POINT('',#9953);
#2701=VERTEX_POINT('',#9964);
#2702=VERTEX_POINT('',#9968);
#2703=VERTEX_POINT('',#9979);
#2704=VERTEX_POINT('',#9983);
#2705=VERTEX_POINT('',#9994);
#2706=VERTEX_POINT('',#9998);
#2707=VERTEX_POINT('',#10021);
#2708=VERTEX_POINT('',#10022);
#2709=VERTEX_POINT('',#10026);
#2710=VERTEX_POINT('',#10028);
#2711=VERTEX_POINT('',#10039);
#2712=VERTEX_POINT('',#10043);
#2713=VERTEX_POINT('',#10054);
#2714=VERTEX_POINT('',#10058);
#2715=VERTEX_POINT('',#10069);
#2716=VERTEX_POINT('',#10073);
#2717=VERTEX_POINT('',#10084);
#2718=VERTEX_POINT('',#10088);
#2719=VERTEX_POINT('',#10099);
#2720=VERTEX_POINT('',#10103);
#2721=VERTEX_POINT('',#10126);
#2722=VERTEX_POINT('',#10127);
#2723=VERTEX_POINT('',#10131);
#2724=VERTEX_POINT('',#10133);
#2725=VERTEX_POINT('',#10144);
#2726=VERTEX_POINT('',#10148);
#2727=VERTEX_POINT('',#10159);
#2728=VERTEX_POINT('',#10163);
#2729=VERTEX_POINT('',#10174);
#2730=VERTEX_POINT('',#10178);
#2731=VERTEX_POINT('',#10196);
#2732=VERTEX_POINT('',#10198);
#2733=VERTEX_POINT('',#10224);
#2734=VERTEX_POINT('',#10226);
#2735=VERTEX_POINT('',#10230);
#2736=VERTEX_POINT('',#10232);
#2737=EDGE_CURVE('',#2230,#2231,#1888,.T.);
#2738=EDGE_CURVE('',#2231,#2232,#1046,.T.);
#2739=EDGE_CURVE('',#2232,#2233,#1014,.T.);
#2740=EDGE_CURVE('',#2233,#2230,#1047,.T.);
#2741=EDGE_CURVE('',#2232,#2234,#1048,.T.);
#2742=EDGE_CURVE('',#2235,#2234,#1015,.T.);
#2743=EDGE_CURVE('',#2235,#2236,#1049,.T.);
#2744=EDGE_CURVE('',#2237,#2236,#1016,.T.);
#2745=EDGE_CURVE('',#2237,#2238,#1050,.T.);
#2746=EDGE_CURVE('',#2239,#2238,#1017,.T.);
#2747=EDGE_CURVE('',#2239,#2233,#1051,.T.);
#2748=EDGE_CURVE('',#2240,#2241,#1052,.T.);
#2749=EDGE_CURVE('',#2241,#2242,#1053,.T.);
#2750=EDGE_CURVE('',#2242,#2243,#1054,.T.);
#2751=EDGE_CURVE('',#2243,#2240,#1055,.T.);
#2752=EDGE_CURVE('',#2231,#2244,#1889,.T.);
#2753=EDGE_CURVE('',#2244,#2245,#1056,.T.);
#2754=EDGE_CURVE('',#2245,#2246,#1057,.T.);
#2755=EDGE_CURVE('',#2246,#2247,#1058,.T.);
#2756=EDGE_CURVE('',#2247,#2248,#1059,.T.);
#2757=EDGE_CURVE('',#2248,#2249,#1890,.T.);
#2758=EDGE_CURVE('',#2234,#2249,#1060,.T.);
#2759=EDGE_CURVE('',#2238,#2250,#1061,.T.);
#2760=EDGE_CURVE('',#2251,#2250,#1891,.T.);
#2761=EDGE_CURVE('',#2251,#2239,#1062,.T.);
#2762=EDGE_CURVE('',#2252,#2237,#1063,.T.);
#2763=EDGE_CURVE('',#2253,#2252,#1064,.T.);
#2764=EDGE_CURVE('',#2254,#2253,#1065,.T.);
#2765=EDGE_CURVE('',#2255,#2254,#1066,.T.);
#2766=EDGE_CURVE('',#2256,#2255,#1067,.T.);
#2767=EDGE_CURVE('',#2250,#2256,#1892,.T.);
#2768=EDGE_CURVE('',#2252,#2257,#1893,.T.);
#2769=EDGE_CURVE('',#2236,#2257,#1068,.T.);
#2770=EDGE_CURVE('',#2249,#2258,#1894,.T.);
#2771=EDGE_CURVE('',#2258,#2235,#1069,.T.);
#2772=EDGE_CURVE('',#2259,#2260,#1070,.T.);
#2773=EDGE_CURVE('',#2259,#2261,#1071,.T.);
#2774=EDGE_CURVE('',#2262,#2261,#1072,.T.);
#2775=EDGE_CURVE('',#2263,#2262,#1073,.T.);
#2776=EDGE_CURVE('',#2260,#2263,#1074,.T.);
#2777=EDGE_CURVE('',#2260,#2264,#1075,.T.);
#2778=EDGE_CURVE('',#2264,#2265,#1076,.T.);
#2779=EDGE_CURVE('',#2265,#2259,#1077,.T.);
#2780=EDGE_CURVE('',#2266,#2266,#1018,.T.);
#2781=EDGE_CURVE('',#2267,#2267,#1019,.T.);
#2782=EDGE_CURVE('',#2268,#2268,#1020,.T.);
#2783=EDGE_CURVE('',#2269,#2270,#1078,.T.);
#2784=EDGE_CURVE('',#2270,#2271,#1079,.T.);
#2785=EDGE_CURVE('',#2271,#2272,#1080,.T.);
#2786=EDGE_CURVE('',#2272,#2269,#1081,.T.);
#2787=EDGE_CURVE('',#2273,#2273,#1021,.T.);
#2788=EDGE_CURVE('',#2274,#2274,#1022,.T.);
#2789=EDGE_CURVE('',#2275,#2275,#1023,.T.);
#2790=EDGE_CURVE('',#2264,#2276,#1082,.T.);
#2791=EDGE_CURVE('',#2276,#2277,#1083,.T.);
#2792=EDGE_CURVE('',#2277,#2278,#1084,.T.);
#2793=EDGE_CURVE('',#2265,#2278,#1085,.T.);
#2794=EDGE_CURVE('',#2279,#2280,#1086,.T.);
#2795=EDGE_CURVE('',#2279,#2240,#1087,.T.);
#2796=EDGE_CURVE('',#2280,#2243,#1088,.T.);
#2797=EDGE_CURVE('',#2280,#2281,#1089,.T.);
#2798=EDGE_CURVE('',#2281,#2242,#1090,.T.);
#2799=EDGE_CURVE('',#2281,#2282,#1091,.T.);
#2800=EDGE_CURVE('',#2282,#2241,#1092,.T.);
#2801=EDGE_CURVE('',#2282,#2279,#1093,.T.);
#2802=EDGE_CURVE('',#2283,#2283,#1024,.T.);
#2803=EDGE_CURVE('',#2284,#2284,#1025,.T.);
#2804=EDGE_CURVE('',#2285,#2285,#1026,.T.);
#2805=EDGE_CURVE('',#2286,#2287,#1094,.T.);
#2806=EDGE_CURVE('',#2288,#2286,#1095,.T.);
#2807=EDGE_CURVE('',#2289,#2288,#1096,.T.);
#2808=EDGE_CURVE('',#2287,#2289,#1097,.T.);
#2809=EDGE_CURVE('',#2290,#2290,#1027,.T.);
#2810=EDGE_CURVE('',#2291,#2291,#1028,.T.);
#2811=EDGE_CURVE('',#2292,#2292,#1029,.T.);
#2812=EDGE_CURVE('',#2275,#2283,#1098,.T.);
#2813=EDGE_CURVE('',#2274,#2284,#1099,.T.);
#2814=EDGE_CURVE('',#2273,#2285,#1100,.T.);
#2815=EDGE_CURVE('',#2286,#2269,#1101,.T.);
#2816=EDGE_CURVE('',#2288,#2272,#1102,.T.);
#2817=EDGE_CURVE('',#2289,#2271,#1103,.T.);
#2818=EDGE_CURVE('',#2287,#2270,#1104,.T.);
#2819=EDGE_CURVE('',#2268,#2290,#1105,.T.);
#2820=EDGE_CURVE('',#2267,#2291,#1106,.T.);
#2821=EDGE_CURVE('',#2266,#2292,#1107,.T.);
#2822=EDGE_CURVE('',#2261,#2251,#1895,.T.);
#2823=EDGE_CURVE('',#2278,#2230,#1896,.T.);
#2824=EDGE_CURVE('',#2258,#2276,#1897,.T.);
#2825=EDGE_CURVE('',#2257,#2263,#1898,.T.);
#2826=EDGE_CURVE('',#2293,#2294,#1899,.T.);
#2827=EDGE_CURVE('',#2295,#2293,#1900,.T.);
#2828=EDGE_CURVE('',#2296,#2295,#1108,.T.);
#2829=EDGE_CURVE('',#2297,#2296,#1109,.T.);
#2830=EDGE_CURVE('',#2298,#2297,#1901,.T.);
#2831=EDGE_CURVE('',#2244,#2298,#1110,.T.);
#2832=EDGE_CURVE('',#2278,#2294,#1111,.T.);
#2833=EDGE_CURVE('',#2299,#2298,#1902,.T.);
#2834=EDGE_CURVE('',#2299,#2300,#1112,.T.);
#2835=EDGE_CURVE('',#2245,#2300,#1113,.T.);
#2836=EDGE_CURVE('',#2300,#2301,#1903,.T.);
#2837=EDGE_CURVE('',#2246,#2301,#1114,.T.);
#2838=EDGE_CURVE('',#2302,#2303,#1904,.T.);
#2839=EDGE_CURVE('',#2247,#2302,#1115,.T.);
#2840=EDGE_CURVE('',#2303,#2301,#1905,.T.);
#2841=EDGE_CURVE('',#2302,#2304,#1906,.T.);
#2842=EDGE_CURVE('',#2248,#2304,#1116,.T.);
#2843=EDGE_CURVE('',#2304,#2305,#1117,.T.);
#2844=EDGE_CURVE('',#2276,#2305,#1118,.T.);
#2845=EDGE_CURVE('',#2294,#2306,#1907,.T.);
#2846=EDGE_CURVE('',#2305,#2295,#1119,.T.);
#2847=EDGE_CURVE('',#2306,#2295,#1908,.T.);
#2848=EDGE_CURVE('',#2307,#2306,#1120,.T.);
#2849=EDGE_CURVE('',#2308,#2307,#1121,.T.);
#2850=EDGE_CURVE('',#2309,#2308,#1122,.T.);
#2851=EDGE_CURVE('',#2309,#2293,#1123,.T.);
#2852=EDGE_CURVE('',#2295,#2310,#1030,.T.);
#2853=EDGE_CURVE('',#2310,#2307,#1124,.T.);
#2854=EDGE_CURVE('',#2311,#2311,#1031,.T.);
#2855=EDGE_CURVE('',#2300,#2312,#1125,.T.);
#2856=EDGE_CURVE('',#2312,#2313,#1126,.T.);
#2857=EDGE_CURVE('',#2303,#2313,#1127,.T.);
#2858=EDGE_CURVE('',#2314,#2315,#1909,.T.);
#2859=EDGE_CURVE('',#2316,#2314,#1910,.T.);
#2860=EDGE_CURVE('',#2317,#2316,#1128,.T.);
#2861=EDGE_CURVE('',#2317,#2263,#1129,.T.);
#2862=EDGE_CURVE('',#2315,#2261,#1130,.T.);
#2863=EDGE_CURVE('',#2318,#2319,#1911,.T.);
#2864=EDGE_CURVE('',#2320,#2318,#1912,.T.);
#2865=EDGE_CURVE('',#2320,#2254,#1131,.T.);
#2866=EDGE_CURVE('',#2319,#2253,#1132,.T.);
#2867=EDGE_CURVE('',#2321,#2322,#1913,.T.);
#2868=EDGE_CURVE('',#2321,#2256,#1133,.T.);
#2869=EDGE_CURVE('',#2323,#2255,#1134,.T.);
#2870=EDGE_CURVE('',#2323,#2322,#1135,.T.);
#2871=EDGE_CURVE('',#2315,#2324,#1914,.T.);
#2872=EDGE_CURVE('',#2325,#2321,#1915,.T.);
#2873=EDGE_CURVE('',#2325,#2326,#1136,.T.);
#2874=EDGE_CURVE('',#2326,#2316,#1137,.T.);
#2875=EDGE_CURVE('',#2324,#2316,#1916,.T.);
#2876=EDGE_CURVE('',#2327,#2317,#1138,.T.);
#2877=EDGE_CURVE('',#2327,#2252,#1139,.T.);
#2878=EDGE_CURVE('',#2320,#2323,#1917,.T.);
#2879=EDGE_CURVE('',#2327,#2319,#1918,.T.);
#2880=EDGE_CURVE('',#2328,#2324,#1140,.T.);
#2881=EDGE_CURVE('',#2328,#2329,#1141,.T.);
#2882=EDGE_CURVE('',#2329,#2330,#1142,.T.);
#2883=EDGE_CURVE('',#2314,#2330,#1143,.T.);
#2884=EDGE_CURVE('',#2331,#2316,#1144,.T.);
#2885=EDGE_CURVE('',#2328,#2331,#1145,.T.);
#2886=EDGE_CURVE('',#2322,#2332,#1146,.T.);
#2887=EDGE_CURVE('',#2332,#2325,#1147,.T.);
#2888=EDGE_CURVE('',#2333,#2327,#1919,.T.);
#2889=EDGE_CURVE('',#2333,#2334,#1148,.T.);
#2890=EDGE_CURVE('',#2334,#2335,#1149,.T.);
#2891=EDGE_CURVE('',#2335,#2318,#1150,.T.);
#2892=EDGE_CURVE('',#2336,#2337,#1151,.T.);
#2893=EDGE_CURVE('',#2336,#2338,#1152,.T.);
#2894=EDGE_CURVE('',#2338,#2339,#1153,.T.);
#2895=EDGE_CURVE('',#2339,#2337,#1154,.T.);
#2896=EDGE_CURVE('',#2340,#2341,#1155,.T.);
#2897=EDGE_CURVE('',#2342,#2340,#1156,.T.);
#2898=EDGE_CURVE('',#2343,#2342,#1157,.T.);
#2899=EDGE_CURVE('',#2344,#2343,#1158,.T.);
#2900=EDGE_CURVE('',#2345,#2344,#1159,.T.);
#2901=EDGE_CURVE('',#2341,#2345,#1160,.T.);
#2902=EDGE_CURVE('',#2346,#2347,#1920,.T.);
#2903=EDGE_CURVE('',#2346,#2340,#1161,.T.);
#2904=EDGE_CURVE('',#2347,#2341,#1162,.T.);
#2905=EDGE_CURVE('',#2347,#2339,#1163,.T.);
#2906=EDGE_CURVE('',#2348,#2345,#1164,.T.);
#2907=EDGE_CURVE('',#2337,#2348,#1165,.T.);
#2908=EDGE_CURVE('',#2348,#2349,#1166,.T.);
#2909=EDGE_CURVE('',#2349,#2344,#1167,.T.);
#2910=EDGE_CURVE('',#2350,#2349,#1168,.T.);
#2911=EDGE_CURVE('',#2350,#2343,#1169,.T.);
#2912=EDGE_CURVE('',#2351,#2350,#1170,.T.);
#2913=EDGE_CURVE('',#2351,#2342,#1171,.T.);
#2914=EDGE_CURVE('',#2336,#2351,#1172,.T.);
#2915=EDGE_CURVE('',#2346,#2338,#1173,.T.);
#2916=EDGE_CURVE('',#2352,#2353,#1174,.T.);
#2917=EDGE_CURVE('',#2354,#2352,#1175,.T.);
#2918=EDGE_CURVE('',#2355,#2354,#1176,.T.);
#2919=EDGE_CURVE('',#2356,#2355,#1177,.T.);
#2920=EDGE_CURVE('',#2357,#2356,#1178,.T.);
#2921=EDGE_CURVE('',#2353,#2357,#1179,.T.);
#2922=EDGE_CURVE('',#2353,#2358,#1180,.T.);
#2923=EDGE_CURVE('',#2358,#2359,#1181,.T.);
#2924=EDGE_CURVE('',#2352,#2359,#1182,.T.);
#2925=EDGE_CURVE('',#2357,#2360,#1183,.T.);
#2926=EDGE_CURVE('',#2358,#2360,#1184,.T.);
#2927=EDGE_CURVE('',#2356,#2361,#1185,.T.);
#2928=EDGE_CURVE('',#2360,#2361,#1186,.T.);
#2929=EDGE_CURVE('',#2355,#2362,#1187,.T.);
#2930=EDGE_CURVE('',#2361,#2362,#1188,.T.);
#2931=EDGE_CURVE('',#2354,#2363,#1189,.T.);
#2932=EDGE_CURVE('',#2363,#2362,#1190,.T.);
#2933=EDGE_CURVE('',#2359,#2363,#1191,.T.);
#2934=EDGE_CURVE('',#2364,#2364,#1032,.T.);
#2935=EDGE_CURVE('',#2364,#2365,#1192,.T.);
#2936=EDGE_CURVE('',#2365,#2365,#1033,.T.);
#2937=EDGE_CURVE('',#2311,#2366,#1193,.T.);
#2938=EDGE_CURVE('',#2366,#2366,#1034,.T.);
#2939=EDGE_CURVE('',#2367,#2367,#1035,.T.);
#2940=EDGE_CURVE('',#2367,#2368,#1194,.T.);
#2941=EDGE_CURVE('',#2368,#2368,#1036,.T.);
#2942=EDGE_CURVE('',#2369,#2369,#1037,.T.);
#2943=EDGE_CURVE('',#2369,#2370,#1195,.T.);
#2944=EDGE_CURVE('',#2370,#2370,#1038,.T.);
#2945=EDGE_CURVE('',#2371,#2372,#1921,.T.);
#2946=EDGE_CURVE('',#2371,#2373,#1196,.T.);
#2947=EDGE_CURVE('',#2313,#2373,#1197,.T.);
#2948=EDGE_CURVE('',#2312,#2372,#1198,.T.);
#2949=EDGE_CURVE('',#2374,#2371,#1922,.T.);
#2950=EDGE_CURVE('',#2373,#2374,#1199,.T.);
#2951=EDGE_CURVE('',#2375,#2376,#1923,.T.);
#2952=EDGE_CURVE('',#2377,#2375,#1924,.T.);
#2953=EDGE_CURVE('',#2377,#2376,#1200,.T.);
#2954=EDGE_CURVE('',#2376,#2377,#1925,.T.);
#2955=EDGE_CURVE('',#2304,#2374,#1926,.T.);
#2956=EDGE_CURVE('',#2377,#2378,#1201,.T.);
#2957=EDGE_CURVE('',#2379,#2378,#1202,.T.);
#2958=EDGE_CURVE('',#2379,#2375,#1927,.T.);
#2959=EDGE_CURVE('',#2380,#2297,#1203,.T.);
#2960=EDGE_CURVE('',#2380,#2299,#1204,.T.);
#2961=EDGE_CURVE('',#2381,#2333,#1928,.T.);
#2962=EDGE_CURVE('',#2381,#2334,#1205,.T.);
#2963=EDGE_CURVE('',#2382,#2335,#1206,.T.);
#2964=EDGE_CURVE('',#2382,#2323,#1207,.T.);
#2965=EDGE_CURVE('',#2383,#2384,#1929,.T.);
#2966=EDGE_CURVE('',#2385,#2383,#1930,.T.);
#2967=EDGE_CURVE('',#2385,#2384,#1208,.T.);
#2968=EDGE_CURVE('',#2386,#2381,#1931,.T.);
#2969=EDGE_CURVE('',#2386,#2382,#1209,.T.);
#2970=EDGE_CURVE('',#2384,#2385,#1932,.T.);
#2971=EDGE_CURVE('',#2385,#2387,#1210,.T.);
#2972=EDGE_CURVE('',#2388,#2387,#1211,.T.);
#2973=EDGE_CURVE('',#2383,#2388,#1933,.T.);
#2974=EDGE_CURVE('',#2317,#2389,#1212,.T.);
#2975=EDGE_CURVE('',#2390,#2389,#1213,.T.);
#2976=EDGE_CURVE('',#2390,#2386,#1214,.T.);
#2977=EDGE_CURVE('',#2385,#2390,#1215,.T.);
#2978=EDGE_CURVE('',#2387,#2389,#1216,.T.);
#2979=EDGE_CURVE('',#2332,#2385,#1217,.T.);
#2980=EDGE_CURVE('',#2385,#2331,#1218,.T.);
#2981=EDGE_CURVE('',#2388,#2331,#1219,.T.);
#2982=EDGE_CURVE('',#2372,#2391,#1220,.T.);
#2983=EDGE_CURVE('',#2391,#2392,#1221,.T.);
#2984=EDGE_CURVE('',#2305,#2392,#1222,.T.);
#2985=EDGE_CURVE('',#2391,#2377,#1223,.T.);
#2986=EDGE_CURVE('',#2377,#2393,#1224,.T.);
#2987=EDGE_CURVE('',#2393,#2392,#1225,.T.);
#2988=EDGE_CURVE('',#2379,#2393,#1226,.T.);
#2989=EDGE_CURVE('',#2377,#2380,#1227,.T.);
#2990=EDGE_CURVE('',#2378,#2295,#1228,.T.);
#2991=EDGE_CURVE('',#2317,#2394,#1229,.T.);
#2992=EDGE_CURVE('',#2395,#2316,#1039,.T.);
#2993=EDGE_CURVE('',#2394,#2395,#1230,.T.);
#2994=EDGE_CURVE('',#2396,#2394,#1231,.T.);
#2995=EDGE_CURVE('',#2397,#2395,#1232,.T.);
#2996=EDGE_CURVE('',#2396,#2397,#1233,.T.);
#2997=EDGE_CURVE('',#2388,#2396,#1234,.T.);
#2998=EDGE_CURVE('',#2397,#2331,#1040,.T.);
#2999=EDGE_CURVE('',#2329,#2397,#1235,.T.);
#3000=EDGE_CURVE('',#2330,#2395,#1236,.T.);
#3001=EDGE_CURVE('',#2363,#2398,#1237,.T.);
#3002=EDGE_CURVE('',#2398,#2399,#1238,.T.);
#3003=EDGE_CURVE('',#2362,#2399,#1239,.T.);
#3004=EDGE_CURVE('',#2362,#2317,#1240,.T.);
#3005=EDGE_CURVE('',#2389,#2399,#1041,.T.);
#3006=EDGE_CURVE('',#2363,#2388,#1241,.T.);
#3007=EDGE_CURVE('',#2387,#2398,#1042,.T.);
#3008=EDGE_CURVE('',#2400,#2398,#1242,.T.);
#3009=EDGE_CURVE('',#2400,#2401,#1243,.T.);
#3010=EDGE_CURVE('',#2399,#2401,#1244,.T.);
#3011=EDGE_CURVE('',#2402,#2387,#1245,.T.);
#3012=EDGE_CURVE('',#2403,#2389,#1246,.T.);
#3013=EDGE_CURVE('',#2402,#2403,#1247,.T.);
#3014=EDGE_CURVE('',#2402,#2400,#1248,.T.);
#3015=EDGE_CURVE('',#2401,#2403,#1249,.T.);
#3016=EDGE_CURVE('',#2305,#2360,#1250,.T.);
#3017=EDGE_CURVE('',#2404,#2392,#1043,.T.);
#3018=EDGE_CURVE('',#2360,#2404,#1251,.T.);
#3019=EDGE_CURVE('',#2405,#2404,#1252,.T.);
#3020=EDGE_CURVE('',#2358,#2405,#1253,.T.);
#3021=EDGE_CURVE('',#2379,#2358,#1254,.T.);
#3022=EDGE_CURVE('',#2405,#2393,#1044,.T.);
#3023=EDGE_CURVE('',#2350,#2406,#1255,.T.);
#3024=EDGE_CURVE('',#2406,#2310,#1256,.T.);
#3025=EDGE_CURVE('',#2349,#2310,#1257,.T.);
#3026=EDGE_CURVE('',#2349,#2305,#1258,.T.);
#3027=EDGE_CURVE('',#2350,#2379,#1259,.T.);
#3028=EDGE_CURVE('',#2378,#2406,#1045,.T.);
#3029=EDGE_CURVE('',#2407,#2408,#1934,.T.);
#3030=EDGE_CURVE('',#2408,#2409,#1260,.T.);
#3031=EDGE_CURVE('',#2410,#2409,#1935,.T.);
#3032=EDGE_CURVE('',#2407,#2410,#1261,.T.);
#3033=EDGE_CURVE('',#2411,#2407,#1936,.T.);
#3034=EDGE_CURVE('',#2412,#2410,#1937,.T.);
#3035=EDGE_CURVE('',#2411,#2412,#1262,.T.);
#3036=EDGE_CURVE('',#2413,#2411,#1938,.T.);
#3037=EDGE_CURVE('',#2414,#2412,#1939,.T.);
#3038=EDGE_CURVE('',#2413,#2414,#1263,.T.);
#3039=EDGE_CURVE('',#2415,#2413,#1940,.T.);
#3040=EDGE_CURVE('',#2416,#2414,#1941,.T.);
#3041=EDGE_CURVE('',#2415,#2416,#1264,.T.);
#3042=EDGE_CURVE('',#2408,#2415,#1942,.T.);
#3043=EDGE_CURVE('',#2409,#2416,#1943,.T.);
#3044=EDGE_CURVE('',#2417,#2418,#1944,.T.);
#3045=EDGE_CURVE('',#2418,#2419,#1265,.T.);
#3046=EDGE_CURVE('',#2420,#2419,#1945,.T.);
#3047=EDGE_CURVE('',#2417,#2420,#1266,.T.);
#3048=EDGE_CURVE('',#2421,#2417,#1946,.T.);
#3049=EDGE_CURVE('',#2422,#2420,#1947,.T.);
#3050=EDGE_CURVE('',#2421,#2422,#1267,.T.);
#3051=EDGE_CURVE('',#2423,#2421,#1948,.T.);
#3052=EDGE_CURVE('',#2424,#2422,#1949,.T.);
#3053=EDGE_CURVE('',#2423,#2424,#1268,.T.);
#3054=EDGE_CURVE('',#2425,#2423,#1950,.T.);
#3055=EDGE_CURVE('',#2426,#2424,#1951,.T.);
#3056=EDGE_CURVE('',#2425,#2426,#1269,.T.);
#3057=EDGE_CURVE('',#2418,#2425,#1952,.T.);
#3058=EDGE_CURVE('',#2419,#2426,#1953,.T.);
#3059=EDGE_CURVE('',#2427,#2428,#1954,.T.);
#3060=EDGE_CURVE('',#2428,#2429,#1270,.T.);
#3061=EDGE_CURVE('',#2430,#2429,#1955,.T.);
#3062=EDGE_CURVE('',#2427,#2430,#1271,.T.);
#3063=EDGE_CURVE('',#2431,#2427,#1272,.T.);
#3064=EDGE_CURVE('',#2432,#2430,#1273,.T.);
#3065=EDGE_CURVE('',#2431,#2432,#1274,.T.);
#3066=EDGE_CURVE('',#2433,#2431,#1956,.T.);
#3067=EDGE_CURVE('',#2434,#2432,#1957,.T.);
#3068=EDGE_CURVE('',#2433,#2434,#1275,.T.);
#3069=EDGE_CURVE('',#2435,#2433,#1958,.T.);
#3070=EDGE_CURVE('',#2436,#2434,#1959,.T.);
#3071=EDGE_CURVE('',#2435,#2436,#1276,.T.);
#3072=EDGE_CURVE('',#2437,#2435,#1960,.T.);
#3073=EDGE_CURVE('',#2438,#2436,#1961,.T.);
#3074=EDGE_CURVE('',#2437,#2438,#1277,.T.);
#3075=EDGE_CURVE('',#2428,#2437,#1962,.T.);
#3076=EDGE_CURVE('',#2429,#2438,#1963,.T.);
#3077=EDGE_CURVE('',#2439,#2440,#1964,.T.);
#3078=EDGE_CURVE('',#2440,#2441,#1278,.T.);
#3079=EDGE_CURVE('',#2442,#2441,#1965,.T.);
#3080=EDGE_CURVE('',#2439,#2442,#1279,.T.);
#3081=EDGE_CURVE('',#2443,#2439,#1280,.T.);
#3082=EDGE_CURVE('',#2444,#2442,#1281,.T.);
#3083=EDGE_CURVE('',#2443,#2444,#1282,.T.);
#3084=EDGE_CURVE('',#2445,#2443,#1966,.T.);
#3085=EDGE_CURVE('',#2446,#2444,#1967,.T.);
#3086=EDGE_CURVE('',#2445,#2446,#1283,.T.);
#3087=EDGE_CURVE('',#2447,#2445,#1968,.T.);
#3088=EDGE_CURVE('',#2448,#2446,#1969,.T.);
#3089=EDGE_CURVE('',#2447,#2448,#1284,.T.);
#3090=EDGE_CURVE('',#2449,#2447,#1970,.T.);
#3091=EDGE_CURVE('',#2450,#2448,#1971,.T.);
#3092=EDGE_CURVE('',#2449,#2450,#1285,.T.);
#3093=EDGE_CURVE('',#2440,#2449,#1972,.T.);
#3094=EDGE_CURVE('',#2441,#2450,#1973,.T.);
#3095=EDGE_CURVE('',#2451,#2452,#1974,.T.);
#3096=EDGE_CURVE('',#2452,#2453,#1286,.T.);
#3097=EDGE_CURVE('',#2454,#2453,#1975,.T.);
#3098=EDGE_CURVE('',#2451,#2454,#1287,.T.);
#3099=EDGE_CURVE('',#2455,#2451,#1976,.T.);
#3100=EDGE_CURVE('',#2456,#2454,#1977,.T.);
#3101=EDGE_CURVE('',#2455,#2456,#1288,.T.);
#3102=EDGE_CURVE('',#2457,#2455,#1978,.T.);
#3103=EDGE_CURVE('',#2458,#2456,#1979,.T.);
#3104=EDGE_CURVE('',#2457,#2458,#1289,.T.);
#3105=EDGE_CURVE('',#2459,#2457,#1980,.T.);
#3106=EDGE_CURVE('',#2460,#2458,#1981,.T.);
#3107=EDGE_CURVE('',#2459,#2460,#1290,.T.);
#3108=EDGE_CURVE('',#2461,#2459,#1982,.T.);
#3109=EDGE_CURVE('',#2462,#2460,#1983,.T.);
#3110=EDGE_CURVE('',#2461,#2462,#1291,.T.);
#3111=EDGE_CURVE('',#2452,#2461,#1984,.T.);
#3112=EDGE_CURVE('',#2453,#2462,#1985,.T.);
#3113=EDGE_CURVE('',#2463,#2464,#1986,.T.);
#3114=EDGE_CURVE('',#2464,#2465,#1292,.T.);
#3115=EDGE_CURVE('',#2466,#2465,#1987,.T.);
#3116=EDGE_CURVE('',#2463,#2466,#1293,.T.);
#3117=EDGE_CURVE('',#2467,#2463,#1988,.T.);
#3118=EDGE_CURVE('',#2468,#2466,#1989,.T.);
#3119=EDGE_CURVE('',#2467,#2468,#1294,.T.);
#3120=EDGE_CURVE('',#2469,#2467,#1990,.T.);
#3121=EDGE_CURVE('',#2470,#2468,#1991,.T.);
#3122=EDGE_CURVE('',#2469,#2470,#1295,.T.);
#3123=EDGE_CURVE('',#2471,#2469,#1992,.T.);
#3124=EDGE_CURVE('',#2472,#2470,#1993,.T.);
#3125=EDGE_CURVE('',#2471,#2472,#1296,.T.);
#3126=EDGE_CURVE('',#2473,#2471,#1994,.T.);
#3127=EDGE_CURVE('',#2474,#2472,#1995,.T.);
#3128=EDGE_CURVE('',#2473,#2474,#1297,.T.);
#3129=EDGE_CURVE('',#2475,#2473,#1996,.T.);
#3130=EDGE_CURVE('',#2476,#2474,#1997,.T.);
#3131=EDGE_CURVE('',#2475,#2476,#1298,.T.);
#3132=EDGE_CURVE('',#2477,#2475,#1998,.T.);
#3133=EDGE_CURVE('',#2478,#2476,#1999,.T.);
#3134=EDGE_CURVE('',#2477,#2478,#1299,.T.);
#3135=EDGE_CURVE('',#2464,#2477,#2000,.T.);
#3136=EDGE_CURVE('',#2465,#2478,#2001,.T.);
#3137=EDGE_CURVE('',#2479,#2480,#2002,.T.);
#3138=EDGE_CURVE('',#2480,#2481,#1300,.T.);
#3139=EDGE_CURVE('',#2482,#2481,#2003,.T.);
#3140=EDGE_CURVE('',#2479,#2482,#1301,.T.);
#3141=EDGE_CURVE('',#2483,#2479,#2004,.T.);
#3142=EDGE_CURVE('',#2484,#2482,#2005,.T.);
#3143=EDGE_CURVE('',#2483,#2484,#1302,.T.);
#3144=EDGE_CURVE('',#2485,#2483,#2006,.T.);
#3145=EDGE_CURVE('',#2486,#2484,#2007,.T.);
#3146=EDGE_CURVE('',#2485,#2486,#1303,.T.);
#3147=EDGE_CURVE('',#2487,#2485,#2008,.T.);
#3148=EDGE_CURVE('',#2488,#2486,#2009,.T.);
#3149=EDGE_CURVE('',#2487,#2488,#1304,.T.);
#3150=EDGE_CURVE('',#2480,#2487,#1305,.T.);
#3151=EDGE_CURVE('',#2481,#2488,#1306,.T.);
#3152=EDGE_CURVE('',#2489,#2490,#2010,.T.);
#3153=EDGE_CURVE('',#2490,#2491,#1307,.T.);
#3154=EDGE_CURVE('',#2492,#2491,#2011,.T.);
#3155=EDGE_CURVE('',#2489,#2492,#1308,.T.);
#3156=EDGE_CURVE('',#2493,#2489,#2012,.T.);
#3157=EDGE_CURVE('',#2494,#2492,#2013,.T.);
#3158=EDGE_CURVE('',#2493,#2494,#1309,.T.);
#3159=EDGE_CURVE('',#2495,#2493,#2014,.T.);
#3160=EDGE_CURVE('',#2496,#2494,#2015,.T.);
#3161=EDGE_CURVE('',#2495,#2496,#1310,.T.);
#3162=EDGE_CURVE('',#2490,#2495,#2016,.T.);
#3163=EDGE_CURVE('',#2491,#2496,#2017,.T.);
#3164=EDGE_CURVE('',#2497,#2498,#2018,.T.);
#3165=EDGE_CURVE('',#2498,#2499,#1311,.T.);
#3166=EDGE_CURVE('',#2500,#2499,#2019,.T.);
#3167=EDGE_CURVE('',#2497,#2500,#1312,.T.);
#3168=EDGE_CURVE('',#2501,#2497,#2020,.T.);
#3169=EDGE_CURVE('',#2502,#2500,#2021,.T.);
#3170=EDGE_CURVE('',#2501,#2502,#1313,.T.);
#3171=EDGE_CURVE('',#2503,#2501,#1314,.T.);
#3172=EDGE_CURVE('',#2504,#2502,#1315,.T.);
#3173=EDGE_CURVE('',#2503,#2504,#1316,.T.);
#3174=EDGE_CURVE('',#2505,#2503,#2022,.T.);
#3175=EDGE_CURVE('',#2506,#2504,#2023,.T.);
#3176=EDGE_CURVE('',#2505,#2506,#1317,.T.);
#3177=EDGE_CURVE('',#2498,#2505,#2024,.T.);
#3178=EDGE_CURVE('',#2499,#2506,#2025,.T.);
#3179=EDGE_CURVE('',#2507,#2508,#2026,.T.);
#3180=EDGE_CURVE('',#2508,#2509,#1318,.T.);
#3181=EDGE_CURVE('',#2510,#2509,#2027,.T.);
#3182=EDGE_CURVE('',#2507,#2510,#1319,.T.);
#3183=EDGE_CURVE('',#2511,#2507,#2028,.T.);
#3184=EDGE_CURVE('',#2512,#2510,#2029,.T.);
#3185=EDGE_CURVE('',#2511,#2512,#1320,.T.);
#3186=EDGE_CURVE('',#2513,#2511,#2030,.T.);
#3187=EDGE_CURVE('',#2514,#2512,#2031,.T.);
#3188=EDGE_CURVE('',#2513,#2514,#1321,.T.);
#3189=EDGE_CURVE('',#2508,#2513,#2032,.T.);
#3190=EDGE_CURVE('',#2509,#2514,#2033,.T.);
#3191=EDGE_CURVE('',#2515,#2516,#1322,.T.);
#3192=EDGE_CURVE('',#2516,#2517,#1323,.T.);
#3193=EDGE_CURVE('',#2518,#2517,#1324,.T.);
#3194=EDGE_CURVE('',#2515,#2518,#1325,.T.);
#3195=EDGE_CURVE('',#2519,#2515,#2034,.T.);
#3196=EDGE_CURVE('',#2520,#2518,#2035,.T.);
#3197=EDGE_CURVE('',#2519,#2520,#1326,.T.);
#3198=EDGE_CURVE('',#2521,#2519,#2036,.T.);
#3199=EDGE_CURVE('',#2522,#2520,#2037,.T.);
#3200=EDGE_CURVE('',#2521,#2522,#1327,.T.);
#3201=EDGE_CURVE('',#2523,#2521,#2038,.T.);
#3202=EDGE_CURVE('',#2524,#2522,#2039,.T.);
#3203=EDGE_CURVE('',#2523,#2524,#1328,.T.);
#3204=EDGE_CURVE('',#2525,#2523,#2040,.T.);
#3205=EDGE_CURVE('',#2526,#2524,#2041,.T.);
#3206=EDGE_CURVE('',#2525,#2526,#1329,.T.);
#3207=EDGE_CURVE('',#2516,#2525,#2042,.T.);
#3208=EDGE_CURVE('',#2517,#2526,#2043,.T.);
#3209=EDGE_CURVE('',#2527,#2528,#2044,.T.);
#3210=EDGE_CURVE('',#2528,#2529,#1330,.T.);
#3211=EDGE_CURVE('',#2530,#2529,#2045,.T.);
#3212=EDGE_CURVE('',#2527,#2530,#1331,.T.);
#3213=EDGE_CURVE('',#2531,#2527,#2046,.T.);
#3214=EDGE_CURVE('',#2532,#2530,#2047,.T.);
#3215=EDGE_CURVE('',#2531,#2532,#1332,.T.);
#3216=EDGE_CURVE('',#2533,#2531,#2048,.T.);
#3217=EDGE_CURVE('',#2534,#2532,#2049,.T.);
#3218=EDGE_CURVE('',#2533,#2534,#1333,.T.);
#3219=EDGE_CURVE('',#2535,#2533,#2050,.T.);
#3220=EDGE_CURVE('',#2536,#2534,#2051,.T.);
#3221=EDGE_CURVE('',#2535,#2536,#1334,.T.);
#3222=EDGE_CURVE('',#2537,#2535,#2052,.T.);
#3223=EDGE_CURVE('',#2538,#2536,#2053,.T.);
#3224=EDGE_CURVE('',#2537,#2538,#1335,.T.);
#3225=EDGE_CURVE('',#2539,#2537,#2054,.T.);
#3226=EDGE_CURVE('',#2540,#2538,#2055,.T.);
#3227=EDGE_CURVE('',#2539,#2540,#1336,.T.);
#3228=EDGE_CURVE('',#2528,#2539,#1337,.T.);
#3229=EDGE_CURVE('',#2529,#2540,#1338,.T.);
#3230=EDGE_CURVE('',#2541,#2542,#2056,.T.);
#3231=EDGE_CURVE('',#2542,#2543,#1339,.T.);
#3232=EDGE_CURVE('',#2544,#2543,#2057,.T.);
#3233=EDGE_CURVE('',#2541,#2544,#1340,.T.);
#3234=EDGE_CURVE('',#2545,#2541,#2058,.T.);
#3235=EDGE_CURVE('',#2546,#2544,#2059,.T.);
#3236=EDGE_CURVE('',#2545,#2546,#1341,.T.);
#3237=EDGE_CURVE('',#2547,#2545,#2060,.T.);
#3238=EDGE_CURVE('',#2548,#2546,#2061,.T.);
#3239=EDGE_CURVE('',#2547,#2548,#1342,.T.);
#3240=EDGE_CURVE('',#2549,#2547,#2062,.T.);
#3241=EDGE_CURVE('',#2550,#2548,#2063,.T.);
#3242=EDGE_CURVE('',#2549,#2550,#1343,.T.);
#3243=EDGE_CURVE('',#2551,#2549,#2064,.T.);
#3244=EDGE_CURVE('',#2552,#2550,#2065,.T.);
#3245=EDGE_CURVE('',#2551,#2552,#1344,.T.);
#3246=EDGE_CURVE('',#2553,#2551,#2066,.T.);
#3247=EDGE_CURVE('',#2554,#2552,#2067,.T.);
#3248=EDGE_CURVE('',#2553,#2554,#1345,.T.);
#3249=EDGE_CURVE('',#2542,#2553,#1346,.T.);
#3250=EDGE_CURVE('',#2543,#2554,#1347,.T.);
#3251=EDGE_CURVE('',#2555,#2556,#2068,.T.);
#3252=EDGE_CURVE('',#2556,#2557,#1348,.T.);
#3253=EDGE_CURVE('',#2558,#2557,#2069,.T.);
#3254=EDGE_CURVE('',#2555,#2558,#1349,.T.);
#3255=EDGE_CURVE('',#2559,#2555,#2070,.T.);
#3256=EDGE_CURVE('',#2560,#2558,#2071,.T.);
#3257=EDGE_CURVE('',#2559,#2560,#1350,.T.);
#3258=EDGE_CURVE('',#2561,#2559,#2072,.T.);
#3259=EDGE_CURVE('',#2562,#2560,#2073,.T.);
#3260=EDGE_CURVE('',#2561,#2562,#1351,.T.);
#3261=EDGE_CURVE('',#2563,#2561,#1352,.T.);
#3262=EDGE_CURVE('',#2564,#2562,#1353,.T.);
#3263=EDGE_CURVE('',#2563,#2564,#1354,.T.);
#3264=EDGE_CURVE('',#2565,#2563,#2074,.T.);
#3265=EDGE_CURVE('',#2566,#2564,#2075,.T.);
#3266=EDGE_CURVE('',#2565,#2566,#1355,.T.);
#3267=EDGE_CURVE('',#2556,#2565,#2076,.T.);
#3268=EDGE_CURVE('',#2557,#2566,#2077,.T.);
#3269=EDGE_CURVE('',#2567,#2568,#2078,.T.);
#3270=EDGE_CURVE('',#2568,#2569,#1356,.T.);
#3271=EDGE_CURVE('',#2570,#2569,#2079,.T.);
#3272=EDGE_CURVE('',#2567,#2570,#1357,.T.);
#3273=EDGE_CURVE('',#2571,#2567,#2080,.T.);
#3274=EDGE_CURVE('',#2572,#2570,#2081,.T.);
#3275=EDGE_CURVE('',#2571,#2572,#1358,.T.);
#3276=EDGE_CURVE('',#2573,#2571,#2082,.T.);
#3277=EDGE_CURVE('',#2574,#2572,#2083,.T.);
#3278=EDGE_CURVE('',#2573,#2574,#1359,.T.);
#3279=EDGE_CURVE('',#2575,#2573,#2084,.T.);
#3280=EDGE_CURVE('',#2576,#2574,#2085,.T.);
#3281=EDGE_CURVE('',#2575,#2576,#1360,.T.);
#3282=EDGE_CURVE('',#2577,#2575,#1361,.T.);
#3283=EDGE_CURVE('',#2578,#2576,#1362,.T.);
#3284=EDGE_CURVE('',#2577,#2578,#1363,.T.);
#3285=EDGE_CURVE('',#2579,#2577,#2086,.T.);
#3286=EDGE_CURVE('',#2580,#2578,#2087,.T.);
#3287=EDGE_CURVE('',#2579,#2580,#1364,.T.);
#3288=EDGE_CURVE('',#2568,#2579,#2088,.T.);
#3289=EDGE_CURVE('',#2569,#2580,#2089,.T.);
#3290=EDGE_CURVE('',#2581,#2582,#2090,.T.);
#3291=EDGE_CURVE('',#2582,#2583,#1365,.T.);
#3292=EDGE_CURVE('',#2584,#2583,#2091,.T.);
#3293=EDGE_CURVE('',#2581,#2584,#1366,.T.);
#3294=EDGE_CURVE('',#2585,#2581,#2092,.T.);
#3295=EDGE_CURVE('',#2586,#2584,#2093,.T.);
#3296=EDGE_CURVE('',#2585,#2586,#1367,.T.);
#3297=EDGE_CURVE('',#2587,#2585,#2094,.T.);
#3298=EDGE_CURVE('',#2588,#2586,#2095,.T.);
#3299=EDGE_CURVE('',#2587,#2588,#1368,.T.);
#3300=EDGE_CURVE('',#2589,#2587,#2096,.T.);
#3301=EDGE_CURVE('',#2590,#2588,#2097,.T.);
#3302=EDGE_CURVE('',#2589,#2590,#1369,.T.);
#3303=EDGE_CURVE('',#2591,#2589,#2098,.T.);
#3304=EDGE_CURVE('',#2592,#2590,#2099,.T.);
#3305=EDGE_CURVE('',#2591,#2592,#1370,.T.);
#3306=EDGE_CURVE('',#2582,#2591,#2100,.T.);
#3307=EDGE_CURVE('',#2583,#2592,#2101,.T.);
#3308=EDGE_CURVE('',#2593,#2594,#2102,.T.);
#3309=EDGE_CURVE('',#2594,#2595,#1371,.T.);
#3310=EDGE_CURVE('',#2596,#2595,#2103,.T.);
#3311=EDGE_CURVE('',#2593,#2596,#1372,.T.);
#3312=EDGE_CURVE('',#2597,#2593,#1373,.T.);
#3313=EDGE_CURVE('',#2598,#2596,#1374,.T.);
#3314=EDGE_CURVE('',#2597,#2598,#1375,.T.);
#3315=EDGE_CURVE('',#2599,#2597,#2104,.T.);
#3316=EDGE_CURVE('',#2600,#2598,#2105,.T.);
#3317=EDGE_CURVE('',#2599,#2600,#1376,.T.);
#3318=EDGE_CURVE('',#2601,#2599,#2106,.T.);
#3319=EDGE_CURVE('',#2602,#2600,#2107,.T.);
#3320=EDGE_CURVE('',#2601,#2602,#1377,.T.);
#3321=EDGE_CURVE('',#2594,#2601,#2108,.T.);
#3322=EDGE_CURVE('',#2595,#2602,#2109,.T.);
#3323=EDGE_CURVE('',#2603,#2604,#1378,.T.);
#3324=EDGE_CURVE('',#2604,#2605,#1379,.T.);
#3325=EDGE_CURVE('',#2606,#2605,#1380,.T.);
#3326=EDGE_CURVE('',#2603,#2606,#1381,.T.);
#3327=EDGE_CURVE('',#2607,#2603,#1382,.T.);
#3328=EDGE_CURVE('',#2608,#2606,#1383,.T.);
#3329=EDGE_CURVE('',#2607,#2608,#1384,.T.);
#3330=EDGE_CURVE('',#2609,#2607,#2110,.T.);
#3331=EDGE_CURVE('',#2610,#2608,#2111,.T.);
#3332=EDGE_CURVE('',#2609,#2610,#1385,.T.);
#3333=EDGE_CURVE('',#2611,#2609,#2112,.T.);
#3334=EDGE_CURVE('',#2612,#2610,#2113,.T.);
#3335=EDGE_CURVE('',#2611,#2612,#1386,.T.);
#3336=EDGE_CURVE('',#2604,#2611,#2114,.T.);
#3337=EDGE_CURVE('',#2605,#2612,#2115,.T.);
#3338=EDGE_CURVE('',#2613,#2614,#2116,.T.);
#3339=EDGE_CURVE('',#2614,#2615,#1387,.T.);
#3340=EDGE_CURVE('',#2616,#2615,#2117,.T.);
#3341=EDGE_CURVE('',#2613,#2616,#1388,.T.);
#3342=EDGE_CURVE('',#2617,#2613,#2118,.T.);
#3343=EDGE_CURVE('',#2618,#2616,#2119,.T.);
#3344=EDGE_CURVE('',#2617,#2618,#1389,.T.);
#3345=EDGE_CURVE('',#2619,#2617,#2120,.T.);
#3346=EDGE_CURVE('',#2620,#2618,#2121,.T.);
#3347=EDGE_CURVE('',#2619,#2620,#1390,.T.);
#3348=EDGE_CURVE('',#2621,#2619,#2122,.T.);
#3349=EDGE_CURVE('',#2622,#2620,#2123,.T.);
#3350=EDGE_CURVE('',#2621,#2622,#1391,.T.);
#3351=EDGE_CURVE('',#2623,#2621,#2124,.T.);
#3352=EDGE_CURVE('',#2624,#2622,#2125,.T.);
#3353=EDGE_CURVE('',#2623,#2624,#1392,.T.);
#3354=EDGE_CURVE('',#2625,#2623,#2126,.T.);
#3355=EDGE_CURVE('',#2626,#2624,#2127,.T.);
#3356=EDGE_CURVE('',#2625,#2626,#1393,.T.);
#3357=EDGE_CURVE('',#2627,#2625,#2128,.T.);
#3358=EDGE_CURVE('',#2628,#2626,#2129,.T.);
#3359=EDGE_CURVE('',#2627,#2628,#1394,.T.);
#3360=EDGE_CURVE('',#2614,#2627,#2130,.T.);
#3361=EDGE_CURVE('',#2615,#2628,#2131,.T.);
#3362=EDGE_CURVE('',#2629,#2630,#1395,.T.);
#3363=EDGE_CURVE('',#2630,#2631,#1396,.T.);
#3364=EDGE_CURVE('',#2632,#2631,#1397,.T.);
#3365=EDGE_CURVE('',#2629,#2632,#1398,.T.);
#3366=EDGE_CURVE('',#2633,#2629,#2132,.T.);
#3367=EDGE_CURVE('',#2634,#2632,#2133,.T.);
#3368=EDGE_CURVE('',#2633,#2634,#1399,.T.);
#3369=EDGE_CURVE('',#2635,#2633,#2134,.T.);
#3370=EDGE_CURVE('',#2636,#2634,#2135,.T.);
#3371=EDGE_CURVE('',#2635,#2636,#1400,.T.);
#3372=EDGE_CURVE('',#2637,#2635,#2136,.T.);
#3373=EDGE_CURVE('',#2638,#2636,#2137,.T.);
#3374=EDGE_CURVE('',#2637,#2638,#1401,.T.);
#3375=EDGE_CURVE('',#2639,#2637,#2138,.T.);
#3376=EDGE_CURVE('',#2640,#2638,#2139,.T.);
#3377=EDGE_CURVE('',#2639,#2640,#1402,.T.);
#3378=EDGE_CURVE('',#2641,#2639,#2140,.T.);
#3379=EDGE_CURVE('',#2642,#2640,#2141,.T.);
#3380=EDGE_CURVE('',#2641,#2642,#1403,.T.);
#3381=EDGE_CURVE('',#2630,#2641,#2142,.T.);
#3382=EDGE_CURVE('',#2631,#2642,#2143,.T.);
#3383=EDGE_CURVE('',#2643,#2644,#2144,.T.);
#3384=EDGE_CURVE('',#2644,#2645,#1404,.T.);
#3385=EDGE_CURVE('',#2646,#2645,#2145,.T.);
#3386=EDGE_CURVE('',#2643,#2646,#1405,.T.);
#3387=EDGE_CURVE('',#2647,#2643,#2146,.T.);
#3388=EDGE_CURVE('',#2648,#2646,#2147,.T.);
#3389=EDGE_CURVE('',#2647,#2648,#1406,.T.);
#3390=EDGE_CURVE('',#2649,#2647,#2148,.T.);
#3391=EDGE_CURVE('',#2650,#2648,#2149,.T.);
#3392=EDGE_CURVE('',#2649,#2650,#1407,.T.);
#3393=EDGE_CURVE('',#2651,#2649,#2150,.T.);
#3394=EDGE_CURVE('',#2652,#2650,#2151,.T.);
#3395=EDGE_CURVE('',#2651,#2652,#1408,.T.);
#3396=EDGE_CURVE('',#2653,#2651,#2152,.T.);
#3397=EDGE_CURVE('',#2654,#2652,#2153,.T.);
#3398=EDGE_CURVE('',#2653,#2654,#1409,.T.);
#3399=EDGE_CURVE('',#2644,#2653,#2154,.T.);
#3400=EDGE_CURVE('',#2645,#2654,#2155,.T.);
#3401=EDGE_CURVE('',#2655,#2656,#2156,.T.);
#3402=EDGE_CURVE('',#2656,#2657,#1410,.T.);
#3403=EDGE_CURVE('',#2658,#2657,#2157,.T.);
#3404=EDGE_CURVE('',#2655,#2658,#1411,.T.);
#3405=EDGE_CURVE('',#2659,#2655,#2158,.T.);
#3406=EDGE_CURVE('',#2660,#2658,#2159,.T.);
#3407=EDGE_CURVE('',#2659,#2660,#1412,.T.);
#3408=EDGE_CURVE('',#2661,#2659,#2160,.T.);
#3409=EDGE_CURVE('',#2662,#2660,#2161,.T.);
#3410=EDGE_CURVE('',#2661,#2662,#1413,.T.);
#3411=EDGE_CURVE('',#2663,#2661,#2162,.T.);
#3412=EDGE_CURVE('',#2664,#2662,#2163,.T.);
#3413=EDGE_CURVE('',#2663,#2664,#1414,.T.);
#3414=EDGE_CURVE('',#2656,#2663,#2164,.T.);
#3415=EDGE_CURVE('',#2657,#2664,#2165,.T.);
#3416=EDGE_CURVE('',#2665,#2666,#2166,.T.);
#3417=EDGE_CURVE('',#2666,#2667,#1415,.T.);
#3418=EDGE_CURVE('',#2668,#2667,#2167,.T.);
#3419=EDGE_CURVE('',#2665,#2668,#1416,.T.);
#3420=EDGE_CURVE('',#2669,#2665,#2168,.T.);
#3421=EDGE_CURVE('',#2670,#2668,#2169,.T.);
#3422=EDGE_CURVE('',#2669,#2670,#1417,.T.);
#3423=EDGE_CURVE('',#2671,#2669,#2170,.T.);
#3424=EDGE_CURVE('',#2672,#2670,#2171,.T.);
#3425=EDGE_CURVE('',#2671,#2672,#1418,.T.);
#3426=EDGE_CURVE('',#2673,#2671,#2172,.T.);
#3427=EDGE_CURVE('',#2674,#2672,#2173,.T.);
#3428=EDGE_CURVE('',#2673,#2674,#1419,.T.);
#3429=EDGE_CURVE('',#2675,#2673,#2174,.T.);
#3430=EDGE_CURVE('',#2676,#2674,#2175,.T.);
#3431=EDGE_CURVE('',#2675,#2676,#1420,.T.);
#3432=EDGE_CURVE('',#2666,#2675,#2176,.T.);
#3433=EDGE_CURVE('',#2667,#2676,#2177,.T.);
#3434=EDGE_CURVE('',#2677,#2678,#2178,.T.);
#3435=EDGE_CURVE('',#2678,#2679,#1421,.T.);
#3436=EDGE_CURVE('',#2680,#2679,#2179,.T.);
#3437=EDGE_CURVE('',#2677,#2680,#1422,.T.);
#3438=EDGE_CURVE('',#2681,#2677,#2180,.T.);
#3439=EDGE_CURVE('',#2682,#2680,#2181,.T.);
#3440=EDGE_CURVE('',#2681,#2682,#1423,.T.);
#3441=EDGE_CURVE('',#2683,#2681,#2182,.T.);
#3442=EDGE_CURVE('',#2684,#2682,#2183,.T.);
#3443=EDGE_CURVE('',#2683,#2684,#1424,.T.);
#3444=EDGE_CURVE('',#2685,#2683,#2184,.T.);
#3445=EDGE_CURVE('',#2686,#2684,#2185,.T.);
#3446=EDGE_CURVE('',#2685,#2686,#1425,.T.);
#3447=EDGE_CURVE('',#2678,#2685,#2186,.T.);
#3448=EDGE_CURVE('',#2679,#2686,#2187,.T.);
#3449=EDGE_CURVE('',#2687,#2688,#1426,.T.);
#3450=EDGE_CURVE('',#2688,#2689,#1427,.T.);
#3451=EDGE_CURVE('',#2690,#2689,#1428,.T.);
#3452=EDGE_CURVE('',#2687,#2690,#1429,.T.);
#3453=EDGE_CURVE('',#2691,#2687,#1430,.T.);
#3454=EDGE_CURVE('',#2692,#2690,#1431,.T.);
#3455=EDGE_CURVE('',#2691,#2692,#1432,.T.);
#3456=EDGE_CURVE('',#2693,#2691,#2188,.T.);
#3457=EDGE_CURVE('',#2694,#2692,#2189,.T.);
#3458=EDGE_CURVE('',#2693,#2694,#1433,.T.);
#3459=EDGE_CURVE('',#2695,#2693,#2190,.T.);
#3460=EDGE_CURVE('',#2696,#2694,#2191,.T.);
#3461=EDGE_CURVE('',#2695,#2696,#1434,.T.);
#3462=EDGE_CURVE('',#2688,#2695,#2192,.T.);
#3463=EDGE_CURVE('',#2689,#2696,#2193,.T.);
#3464=EDGE_CURVE('',#2697,#2698,#2194,.T.);
#3465=EDGE_CURVE('',#2698,#2699,#1435,.T.);
#3466=EDGE_CURVE('',#2700,#2699,#2195,.T.);
#3467=EDGE_CURVE('',#2697,#2700,#1436,.T.);
#3468=EDGE_CURVE('',#2701,#2697,#2196,.T.);
#3469=EDGE_CURVE('',#2702,#2700,#2197,.T.);
#3470=EDGE_CURVE('',#2701,#2702,#1437,.T.);
#3471=EDGE_CURVE('',#2703,#2701,#2198,.T.);
#3472=EDGE_CURVE('',#2704,#2702,#2199,.T.);
#3473=EDGE_CURVE('',#2703,#2704,#1438,.T.);
#3474=EDGE_CURVE('',#2705,#2703,#2200,.T.);
#3475=EDGE_CURVE('',#2706,#2704,#2201,.T.);
#3476=EDGE_CURVE('',#2705,#2706,#1439,.T.);
#3477=EDGE_CURVE('',#2698,#2705,#2202,.T.);
#3478=EDGE_CURVE('',#2699,#2706,#2203,.T.);
#3479=EDGE_CURVE('',#2707,#2708,#2204,.T.);
#3480=EDGE_CURVE('',#2708,#2709,#1440,.T.);
#3481=EDGE_CURVE('',#2710,#2709,#2205,.T.);
#3482=EDGE_CURVE('',#2707,#2710,#1441,.T.);
#3483=EDGE_CURVE('',#2711,#2707,#2206,.T.);
#3484=EDGE_CURVE('',#2712,#2710,#2207,.T.);
#3485=EDGE_CURVE('',#2711,#2712,#1442,.T.);
#3486=EDGE_CURVE('',#2713,#2711,#2208,.T.);
#3487=EDGE_CURVE('',#2714,#2712,#2209,.T.);
#3488=EDGE_CURVE('',#2713,#2714,#1443,.T.);
#3489=EDGE_CURVE('',#2715,#2713,#2210,.T.);
#3490=EDGE_CURVE('',#2716,#2714,#2211,.T.);
#3491=EDGE_CURVE('',#2715,#2716,#1444,.T.);
#3492=EDGE_CURVE('',#2717,#2715,#2212,.T.);
#3493=EDGE_CURVE('',#2718,#2716,#2213,.T.);
#3494=EDGE_CURVE('',#2717,#2718,#1445,.T.);
#3495=EDGE_CURVE('',#2719,#2717,#2214,.T.);
#3496=EDGE_CURVE('',#2720,#2718,#2215,.T.);
#3497=EDGE_CURVE('',#2719,#2720,#1446,.T.);
#3498=EDGE_CURVE('',#2708,#2719,#2216,.T.);
#3499=EDGE_CURVE('',#2709,#2720,#2217,.T.);
#3500=EDGE_CURVE('',#2721,#2722,#2218,.T.);
#3501=EDGE_CURVE('',#2722,#2723,#1447,.T.);
#3502=EDGE_CURVE('',#2724,#2723,#2219,.T.);
#3503=EDGE_CURVE('',#2721,#2724,#1448,.T.);
#3504=EDGE_CURVE('',#2725,#2721,#2220,.T.);
#3505=EDGE_CURVE('',#2726,#2724,#2221,.T.);
#3506=EDGE_CURVE('',#2725,#2726,#1449,.T.);
#3507=EDGE_CURVE('',#2727,#2725,#2222,.T.);
#3508=EDGE_CURVE('',#2728,#2726,#2223,.T.);
#3509=EDGE_CURVE('',#2727,#2728,#1450,.T.);
#3510=EDGE_CURVE('',#2729,#2727,#2224,.T.);
#3511=EDGE_CURVE('',#2730,#2728,#2225,.T.);
#3512=EDGE_CURVE('',#2729,#2730,#1451,.T.);
#3513=EDGE_CURVE('',#2722,#2729,#2226,.T.);
#3514=EDGE_CURVE('',#2723,#2730,#2227,.T.);
#3515=EDGE_CURVE('',#2336,#2731,#1452,.T.);
#3516=EDGE_CURVE('',#2732,#2337,#1453,.T.);
#3517=EDGE_CURVE('',#2731,#2732,#1454,.T.);
#3518=EDGE_CURVE('',#2338,#2731,#2228,.T.);
#3519=EDGE_CURVE('',#2339,#2732,#2229,.T.);
#3520=EDGE_CURVE('',#2394,#2347,#1455,.T.);
#3521=EDGE_CURVE('',#2396,#2346,#1456,.T.);
#3522=EDGE_CURVE('',#2308,#2406,#1457,.T.);
#3523=EDGE_CURVE('',#2309,#2378,#1458,.T.);
#3524=EDGE_CURVE('',#2733,#2393,#1459,.T.);
#3525=EDGE_CURVE('',#2733,#2734,#1460,.T.);
#3526=EDGE_CURVE('',#2392,#2734,#1461,.T.);
#3527=EDGE_CURVE('',#2735,#2405,#1462,.T.);
#3528=EDGE_CURVE('',#2736,#2404,#1463,.T.);
#3529=EDGE_CURVE('',#2735,#2736,#1464,.T.);
#3530=EDGE_CURVE('',#2733,#2735,#1465,.T.);
#3531=EDGE_CURVE('',#2734,#2736,#1466,.T.);
#3532=ORIENTED_EDGE('',*,*,#2737,.T.);
#3533=ORIENTED_EDGE('',*,*,#2738,.T.);
#3534=ORIENTED_EDGE('',*,*,#2739,.T.);
#3535=ORIENTED_EDGE('',*,*,#2740,.T.);
#3536=ORIENTED_EDGE('',*,*,#2739,.F.);
#3537=ORIENTED_EDGE('',*,*,#2741,.T.);
#3538=ORIENTED_EDGE('',*,*,#2742,.F.);
#3539=ORIENTED_EDGE('',*,*,#2743,.T.);
#3540=ORIENTED_EDGE('',*,*,#2744,.F.);
#3541=ORIENTED_EDGE('',*,*,#2745,.T.);
#3542=ORIENTED_EDGE('',*,*,#2746,.F.);
#3543=ORIENTED_EDGE('',*,*,#2747,.T.);
#3544=ORIENTED_EDGE('',*,*,#2748,.T.);
#3545=ORIENTED_EDGE('',*,*,#2749,.T.);
#3546=ORIENTED_EDGE('',*,*,#2750,.T.);
#3547=ORIENTED_EDGE('',*,*,#2751,.T.);
#3548=ORIENTED_EDGE('',*,*,#2738,.F.);
#3549=ORIENTED_EDGE('',*,*,#2752,.T.);
#3550=ORIENTED_EDGE('',*,*,#2753,.T.);
#3551=ORIENTED_EDGE('',*,*,#2754,.T.);
#3552=ORIENTED_EDGE('',*,*,#2755,.T.);
#3553=ORIENTED_EDGE('',*,*,#2756,.T.);
#3554=ORIENTED_EDGE('',*,*,#2757,.T.);
#3555=ORIENTED_EDGE('',*,*,#2758,.F.);
#3556=ORIENTED_EDGE('',*,*,#2741,.F.);
#3557=ORIENTED_EDGE('',*,*,#2746,.T.);
#3558=ORIENTED_EDGE('',*,*,#2759,.T.);
#3559=ORIENTED_EDGE('',*,*,#2760,.F.);
#3560=ORIENTED_EDGE('',*,*,#2761,.T.);
#3561=ORIENTED_EDGE('',*,*,#2759,.F.);
#3562=ORIENTED_EDGE('',*,*,#2745,.F.);
#3563=ORIENTED_EDGE('',*,*,#2762,.F.);
#3564=ORIENTED_EDGE('',*,*,#2763,.F.);
#3565=ORIENTED_EDGE('',*,*,#2764,.F.);
#3566=ORIENTED_EDGE('',*,*,#2765,.F.);
#3567=ORIENTED_EDGE('',*,*,#2766,.F.);
#3568=ORIENTED_EDGE('',*,*,#2767,.F.);
#3569=ORIENTED_EDGE('',*,*,#2768,.F.);
#3570=ORIENTED_EDGE('',*,*,#2762,.T.);
#3571=ORIENTED_EDGE('',*,*,#2744,.T.);
#3572=ORIENTED_EDGE('',*,*,#2769,.T.);
#3573=ORIENTED_EDGE('',*,*,#2770,.T.);
#3574=ORIENTED_EDGE('',*,*,#2771,.T.);
#3575=ORIENTED_EDGE('',*,*,#2742,.T.);
#3576=ORIENTED_EDGE('',*,*,#2758,.T.);
#3577=ORIENTED_EDGE('',*,*,#2772,.F.);
#3578=ORIENTED_EDGE('',*,*,#2773,.T.);
#3579=ORIENTED_EDGE('',*,*,#2774,.F.);
#3580=ORIENTED_EDGE('',*,*,#2775,.F.);
#3581=ORIENTED_EDGE('',*,*,#2776,.F.);
#3582=ORIENTED_EDGE('',*,*,#2772,.T.);
#3583=ORIENTED_EDGE('',*,*,#2777,.T.);
#3584=ORIENTED_EDGE('',*,*,#2778,.T.);
#3585=ORIENTED_EDGE('',*,*,#2779,.T.);
#3586=ORIENTED_EDGE('',*,*,#2780,.T.);
#3587=ORIENTED_EDGE('',*,*,#2781,.T.);
#3588=ORIENTED_EDGE('',*,*,#2782,.T.);
#3589=ORIENTED_EDGE('',*,*,#2783,.T.);
#3590=ORIENTED_EDGE('',*,*,#2784,.T.);
#3591=ORIENTED_EDGE('',*,*,#2785,.T.);
#3592=ORIENTED_EDGE('',*,*,#2786,.T.);
#3593=ORIENTED_EDGE('',*,*,#2787,.T.);
#3594=ORIENTED_EDGE('',*,*,#2788,.T.);
#3595=ORIENTED_EDGE('',*,*,#2789,.T.);
#3596=ORIENTED_EDGE('',*,*,#2778,.F.);
#3597=ORIENTED_EDGE('',*,*,#2790,.T.);
#3598=ORIENTED_EDGE('',*,*,#2791,.T.);
#3599=ORIENTED_EDGE('',*,*,#2792,.T.);
#3600=ORIENTED_EDGE('',*,*,#2793,.F.);
#3601=ORIENTED_EDGE('',*,*,#2794,.F.);
#3602=ORIENTED_EDGE('',*,*,#2795,.T.);
#3603=ORIENTED_EDGE('',*,*,#2751,.F.);
#3604=ORIENTED_EDGE('',*,*,#2796,.F.);
#3605=ORIENTED_EDGE('',*,*,#2797,.F.);
#3606=ORIENTED_EDGE('',*,*,#2796,.T.);
#3607=ORIENTED_EDGE('',*,*,#2750,.F.);
#3608=ORIENTED_EDGE('',*,*,#2798,.F.);
#3609=ORIENTED_EDGE('',*,*,#2799,.F.);
#3610=ORIENTED_EDGE('',*,*,#2798,.T.);
#3611=ORIENTED_EDGE('',*,*,#2749,.F.);
#3612=ORIENTED_EDGE('',*,*,#2800,.F.);
#3613=ORIENTED_EDGE('',*,*,#2801,.F.);
#3614=ORIENTED_EDGE('',*,*,#2800,.T.);
#3615=ORIENTED_EDGE('',*,*,#2748,.F.);
#3616=ORIENTED_EDGE('',*,*,#2795,.F.);
#3617=ORIENTED_EDGE('',*,*,#2794,.T.);
#3618=ORIENTED_EDGE('',*,*,#2797,.T.);
#3619=ORIENTED_EDGE('',*,*,#2799,.T.);
#3620=ORIENTED_EDGE('',*,*,#2801,.T.);
#3621=ORIENTED_EDGE('',*,*,#2802,.F.);
#3622=ORIENTED_EDGE('',*,*,#2803,.F.);
#3623=ORIENTED_EDGE('',*,*,#2804,.F.);
#3624=ORIENTED_EDGE('',*,*,#2805,.F.);
#3625=ORIENTED_EDGE('',*,*,#2806,.F.);
#3626=ORIENTED_EDGE('',*,*,#2807,.F.);
#3627=ORIENTED_EDGE('',*,*,#2808,.F.);
#3628=ORIENTED_EDGE('',*,*,#2809,.F.);
#3629=ORIENTED_EDGE('',*,*,#2810,.F.);
#3630=ORIENTED_EDGE('',*,*,#2811,.F.);
#3631=ORIENTED_EDGE('',*,*,#2789,.F.);
#3632=ORIENTED_EDGE('',*,*,#2812,.T.);
#3633=ORIENTED_EDGE('',*,*,#2802,.T.);
#3634=ORIENTED_EDGE('',*,*,#2812,.F.);
#3635=ORIENTED_EDGE('',*,*,#2788,.F.);
#3636=ORIENTED_EDGE('',*,*,#2813,.T.);
#3637=ORIENTED_EDGE('',*,*,#2803,.T.);
#3638=ORIENTED_EDGE('',*,*,#2813,.F.);
#3639=ORIENTED_EDGE('',*,*,#2787,.F.);
#3640=ORIENTED_EDGE('',*,*,#2814,.T.);
#3641=ORIENTED_EDGE('',*,*,#2804,.T.);
#3642=ORIENTED_EDGE('',*,*,#2814,.F.);
#3643=ORIENTED_EDGE('',*,*,#2806,.T.);
#3644=ORIENTED_EDGE('',*,*,#2815,.T.);
#3645=ORIENTED_EDGE('',*,*,#2786,.F.);
#3646=ORIENTED_EDGE('',*,*,#2816,.F.);
#3647=ORIENTED_EDGE('',*,*,#2807,.T.);
#3648=ORIENTED_EDGE('',*,*,#2816,.T.);
#3649=ORIENTED_EDGE('',*,*,#2785,.F.);
#3650=ORIENTED_EDGE('',*,*,#2817,.F.);
#3651=ORIENTED_EDGE('',*,*,#2808,.T.);
#3652=ORIENTED_EDGE('',*,*,#2817,.T.);
#3653=ORIENTED_EDGE('',*,*,#2784,.F.);
#3654=ORIENTED_EDGE('',*,*,#2818,.F.);
#3655=ORIENTED_EDGE('',*,*,#2805,.T.);
#3656=ORIENTED_EDGE('',*,*,#2818,.T.);
#3657=ORIENTED_EDGE('',*,*,#2783,.F.);
#3658=ORIENTED_EDGE('',*,*,#2815,.F.);
#3659=ORIENTED_EDGE('',*,*,#2782,.F.);
#3660=ORIENTED_EDGE('',*,*,#2819,.T.);
#3661=ORIENTED_EDGE('',*,*,#2809,.T.);
#3662=ORIENTED_EDGE('',*,*,#2819,.F.);
#3663=ORIENTED_EDGE('',*,*,#2781,.F.);
#3664=ORIENTED_EDGE('',*,*,#2820,.T.);
#3665=ORIENTED_EDGE('',*,*,#2810,.T.);
#3666=ORIENTED_EDGE('',*,*,#2820,.F.);
#3667=ORIENTED_EDGE('',*,*,#2780,.F.);
#3668=ORIENTED_EDGE('',*,*,#2821,.T.);
#3669=ORIENTED_EDGE('',*,*,#2811,.T.);
#3670=ORIENTED_EDGE('',*,*,#2821,.F.);
#3671=ORIENTED_EDGE('',*,*,#2740,.F.);
#3672=ORIENTED_EDGE('',*,*,#2747,.F.);
#3673=ORIENTED_EDGE('',*,*,#2761,.F.);
#3674=ORIENTED_EDGE('',*,*,#2822,.F.);
#3675=ORIENTED_EDGE('',*,*,#2773,.F.);
#3676=ORIENTED_EDGE('',*,*,#2779,.F.);
#3677=ORIENTED_EDGE('',*,*,#2793,.T.);
#3678=ORIENTED_EDGE('',*,*,#2823,.T.);
#3679=ORIENTED_EDGE('',*,*,#2769,.F.);
#3680=ORIENTED_EDGE('',*,*,#2743,.F.);
#3681=ORIENTED_EDGE('',*,*,#2771,.F.);
#3682=ORIENTED_EDGE('',*,*,#2824,.T.);
#3683=ORIENTED_EDGE('',*,*,#2790,.F.);
#3684=ORIENTED_EDGE('',*,*,#2777,.F.);
#3685=ORIENTED_EDGE('',*,*,#2776,.T.);
#3686=ORIENTED_EDGE('',*,*,#2825,.F.);
#3687=ORIENTED_EDGE('',*,*,#2826,.F.);
#3688=ORIENTED_EDGE('',*,*,#2827,.F.);
#3689=ORIENTED_EDGE('',*,*,#2828,.F.);
#3690=ORIENTED_EDGE('',*,*,#2829,.F.);
#3691=ORIENTED_EDGE('',*,*,#2830,.F.);
#3692=ORIENTED_EDGE('',*,*,#2831,.F.);
#3693=ORIENTED_EDGE('',*,*,#2752,.F.);
#3694=ORIENTED_EDGE('',*,*,#2737,.F.);
#3695=ORIENTED_EDGE('',*,*,#2823,.F.);
#3696=ORIENTED_EDGE('',*,*,#2832,.T.);
#3697=ORIENTED_EDGE('',*,*,#2833,.F.);
#3698=ORIENTED_EDGE('',*,*,#2834,.T.);
#3699=ORIENTED_EDGE('',*,*,#2835,.F.);
#3700=ORIENTED_EDGE('',*,*,#2753,.F.);
#3701=ORIENTED_EDGE('',*,*,#2831,.T.);
#3702=ORIENTED_EDGE('',*,*,#2754,.F.);
#3703=ORIENTED_EDGE('',*,*,#2835,.T.);
#3704=ORIENTED_EDGE('',*,*,#2836,.T.);
#3705=ORIENTED_EDGE('',*,*,#2837,.F.);
#3706=ORIENTED_EDGE('',*,*,#2838,.F.);
#3707=ORIENTED_EDGE('',*,*,#2839,.F.);
#3708=ORIENTED_EDGE('',*,*,#2755,.F.);
#3709=ORIENTED_EDGE('',*,*,#2837,.T.);
#3710=ORIENTED_EDGE('',*,*,#2840,.F.);
#3711=ORIENTED_EDGE('',*,*,#2756,.F.);
#3712=ORIENTED_EDGE('',*,*,#2839,.T.);
#3713=ORIENTED_EDGE('',*,*,#2841,.T.);
#3714=ORIENTED_EDGE('',*,*,#2842,.F.);
#3715=ORIENTED_EDGE('',*,*,#2757,.F.);
#3716=ORIENTED_EDGE('',*,*,#2842,.T.);
#3717=ORIENTED_EDGE('',*,*,#2843,.T.);
#3718=ORIENTED_EDGE('',*,*,#2844,.F.);
#3719=ORIENTED_EDGE('',*,*,#2824,.F.);
#3720=ORIENTED_EDGE('',*,*,#2770,.F.);
#3721=ORIENTED_EDGE('',*,*,#2845,.F.);
#3722=ORIENTED_EDGE('',*,*,#2832,.F.);
#3723=ORIENTED_EDGE('',*,*,#2792,.F.);
#3724=ORIENTED_EDGE('',*,*,#2791,.F.);
#3725=ORIENTED_EDGE('',*,*,#2844,.T.);
#3726=ORIENTED_EDGE('',*,*,#2846,.T.);
#3727=ORIENTED_EDGE('',*,*,#2847,.F.);
#3728=ORIENTED_EDGE('',*,*,#2826,.T.);
#3729=ORIENTED_EDGE('',*,*,#2845,.T.);
#3730=ORIENTED_EDGE('',*,*,#2848,.F.);
#3731=ORIENTED_EDGE('',*,*,#2849,.F.);
#3732=ORIENTED_EDGE('',*,*,#2850,.F.);
#3733=ORIENTED_EDGE('',*,*,#2851,.T.);
#3734=ORIENTED_EDGE('',*,*,#2847,.T.);
#3735=ORIENTED_EDGE('',*,*,#2852,.T.);
#3736=ORIENTED_EDGE('',*,*,#2853,.T.);
#3737=ORIENTED_EDGE('',*,*,#2848,.T.);
#3738=ORIENTED_EDGE('',*,*,#2854,.T.);
#3739=ORIENTED_EDGE('',*,*,#2840,.T.);
#3740=ORIENTED_EDGE('',*,*,#2836,.F.);
#3741=ORIENTED_EDGE('',*,*,#2855,.T.);
#3742=ORIENTED_EDGE('',*,*,#2856,.T.);
#3743=ORIENTED_EDGE('',*,*,#2857,.F.);
#3744=ORIENTED_EDGE('',*,*,#2858,.F.);
#3745=ORIENTED_EDGE('',*,*,#2859,.F.);
#3746=ORIENTED_EDGE('',*,*,#2860,.F.);
#3747=ORIENTED_EDGE('',*,*,#2861,.T.);
#3748=ORIENTED_EDGE('',*,*,#2775,.T.);
#3749=ORIENTED_EDGE('',*,*,#2774,.T.);
#3750=ORIENTED_EDGE('',*,*,#2862,.F.);
#3751=ORIENTED_EDGE('',*,*,#2863,.F.);
#3752=ORIENTED_EDGE('',*,*,#2864,.F.);
#3753=ORIENTED_EDGE('',*,*,#2865,.T.);
#3754=ORIENTED_EDGE('',*,*,#2764,.T.);
#3755=ORIENTED_EDGE('',*,*,#2866,.F.);
#3756=ORIENTED_EDGE('',*,*,#2867,.F.);
#3757=ORIENTED_EDGE('',*,*,#2868,.T.);
#3758=ORIENTED_EDGE('',*,*,#2766,.T.);
#3759=ORIENTED_EDGE('',*,*,#2869,.F.);
#3760=ORIENTED_EDGE('',*,*,#2870,.T.);
#3761=ORIENTED_EDGE('',*,*,#2871,.F.);
#3762=ORIENTED_EDGE('',*,*,#2862,.T.);
#3763=ORIENTED_EDGE('',*,*,#2822,.T.);
#3764=ORIENTED_EDGE('',*,*,#2760,.T.);
#3765=ORIENTED_EDGE('',*,*,#2767,.T.);
#3766=ORIENTED_EDGE('',*,*,#2868,.F.);
#3767=ORIENTED_EDGE('',*,*,#2872,.F.);
#3768=ORIENTED_EDGE('',*,*,#2873,.T.);
#3769=ORIENTED_EDGE('',*,*,#2874,.T.);
#3770=ORIENTED_EDGE('',*,*,#2875,.F.);
#3771=ORIENTED_EDGE('',*,*,#2876,.F.);
#3772=ORIENTED_EDGE('',*,*,#2877,.T.);
#3773=ORIENTED_EDGE('',*,*,#2768,.T.);
#3774=ORIENTED_EDGE('',*,*,#2825,.T.);
#3775=ORIENTED_EDGE('',*,*,#2861,.F.);
#3776=ORIENTED_EDGE('',*,*,#2878,.T.);
#3777=ORIENTED_EDGE('',*,*,#2869,.T.);
#3778=ORIENTED_EDGE('',*,*,#2765,.T.);
#3779=ORIENTED_EDGE('',*,*,#2865,.F.);
#3780=ORIENTED_EDGE('',*,*,#2879,.T.);
#3781=ORIENTED_EDGE('',*,*,#2866,.T.);
#3782=ORIENTED_EDGE('',*,*,#2763,.T.);
#3783=ORIENTED_EDGE('',*,*,#2877,.F.);
#3784=ORIENTED_EDGE('',*,*,#2858,.T.);
#3785=ORIENTED_EDGE('',*,*,#2871,.T.);
#3786=ORIENTED_EDGE('',*,*,#2880,.F.);
#3787=ORIENTED_EDGE('',*,*,#2881,.T.);
#3788=ORIENTED_EDGE('',*,*,#2882,.T.);
#3789=ORIENTED_EDGE('',*,*,#2883,.F.);
#3790=ORIENTED_EDGE('',*,*,#2875,.T.);
#3791=ORIENTED_EDGE('',*,*,#2884,.F.);
#3792=ORIENTED_EDGE('',*,*,#2885,.F.);
#3793=ORIENTED_EDGE('',*,*,#2880,.T.);
#3794=ORIENTED_EDGE('',*,*,#2872,.T.);
#3795=ORIENTED_EDGE('',*,*,#2867,.T.);
#3796=ORIENTED_EDGE('',*,*,#2886,.T.);
#3797=ORIENTED_EDGE('',*,*,#2887,.T.);
#3798=ORIENTED_EDGE('',*,*,#2863,.T.);
#3799=ORIENTED_EDGE('',*,*,#2879,.F.);
#3800=ORIENTED_EDGE('',*,*,#2888,.F.);
#3801=ORIENTED_EDGE('',*,*,#2889,.T.);
#3802=ORIENTED_EDGE('',*,*,#2890,.T.);
#3803=ORIENTED_EDGE('',*,*,#2891,.T.);
#3804=ORIENTED_EDGE('',*,*,#2892,.F.);
#3805=ORIENTED_EDGE('',*,*,#2893,.T.);
#3806=ORIENTED_EDGE('',*,*,#2894,.T.);
#3807=ORIENTED_EDGE('',*,*,#2895,.T.);
#3808=ORIENTED_EDGE('',*,*,#2896,.F.);
#3809=ORIENTED_EDGE('',*,*,#2897,.F.);
#3810=ORIENTED_EDGE('',*,*,#2898,.F.);
#3811=ORIENTED_EDGE('',*,*,#2899,.F.);
#3812=ORIENTED_EDGE('',*,*,#2900,.F.);
#3813=ORIENTED_EDGE('',*,*,#2901,.F.);
#3814=ORIENTED_EDGE('',*,*,#2902,.F.);
#3815=ORIENTED_EDGE('',*,*,#2903,.T.);
#3816=ORIENTED_EDGE('',*,*,#2896,.T.);
#3817=ORIENTED_EDGE('',*,*,#2904,.F.);
#3818=ORIENTED_EDGE('',*,*,#2905,.F.);
#3819=ORIENTED_EDGE('',*,*,#2904,.T.);
#3820=ORIENTED_EDGE('',*,*,#2901,.T.);
#3821=ORIENTED_EDGE('',*,*,#2906,.F.);
#3822=ORIENTED_EDGE('',*,*,#2907,.F.);
#3823=ORIENTED_EDGE('',*,*,#2895,.F.);
#3824=ORIENTED_EDGE('',*,*,#2908,.F.);
#3825=ORIENTED_EDGE('',*,*,#2906,.T.);
#3826=ORIENTED_EDGE('',*,*,#2900,.T.);
#3827=ORIENTED_EDGE('',*,*,#2909,.F.);
#3828=ORIENTED_EDGE('',*,*,#2910,.T.);
#3829=ORIENTED_EDGE('',*,*,#2909,.T.);
#3830=ORIENTED_EDGE('',*,*,#2899,.T.);
#3831=ORIENTED_EDGE('',*,*,#2911,.F.);
#3832=ORIENTED_EDGE('',*,*,#2912,.T.);
#3833=ORIENTED_EDGE('',*,*,#2911,.T.);
#3834=ORIENTED_EDGE('',*,*,#2898,.T.);
#3835=ORIENTED_EDGE('',*,*,#2913,.F.);
#3836=ORIENTED_EDGE('',*,*,#2914,.T.);
#3837=ORIENTED_EDGE('',*,*,#2913,.T.);
#3838=ORIENTED_EDGE('',*,*,#2897,.T.);
#3839=ORIENTED_EDGE('',*,*,#2903,.F.);
#3840=ORIENTED_EDGE('',*,*,#2915,.T.);
#3841=ORIENTED_EDGE('',*,*,#2893,.F.);
#3842=ORIENTED_EDGE('',*,*,#2916,.F.);
#3843=ORIENTED_EDGE('',*,*,#2917,.F.);
#3844=ORIENTED_EDGE('',*,*,#2918,.F.);
#3845=ORIENTED_EDGE('',*,*,#2919,.F.);
#3846=ORIENTED_EDGE('',*,*,#2920,.F.);
#3847=ORIENTED_EDGE('',*,*,#2921,.F.);
#3848=ORIENTED_EDGE('',*,*,#2916,.T.);
#3849=ORIENTED_EDGE('',*,*,#2922,.T.);
#3850=ORIENTED_EDGE('',*,*,#2923,.T.);
#3851=ORIENTED_EDGE('',*,*,#2924,.F.);
#3852=ORIENTED_EDGE('',*,*,#2921,.T.);
#3853=ORIENTED_EDGE('',*,*,#2925,.T.);
#3854=ORIENTED_EDGE('',*,*,#2926,.F.);
#3855=ORIENTED_EDGE('',*,*,#2922,.F.);
#3856=ORIENTED_EDGE('',*,*,#2920,.T.);
#3857=ORIENTED_EDGE('',*,*,#2927,.T.);
#3858=ORIENTED_EDGE('',*,*,#2928,.F.);
#3859=ORIENTED_EDGE('',*,*,#2925,.F.);
#3860=ORIENTED_EDGE('',*,*,#2919,.T.);
#3861=ORIENTED_EDGE('',*,*,#2929,.T.);
#3862=ORIENTED_EDGE('',*,*,#2930,.F.);
#3863=ORIENTED_EDGE('',*,*,#2927,.F.);
#3864=ORIENTED_EDGE('',*,*,#2918,.T.);
#3865=ORIENTED_EDGE('',*,*,#2931,.T.);
#3866=ORIENTED_EDGE('',*,*,#2932,.T.);
#3867=ORIENTED_EDGE('',*,*,#2929,.F.);
#3868=ORIENTED_EDGE('',*,*,#2917,.T.);
#3869=ORIENTED_EDGE('',*,*,#2924,.T.);
#3870=ORIENTED_EDGE('',*,*,#2933,.T.);
#3871=ORIENTED_EDGE('',*,*,#2931,.F.);
#3872=ORIENTED_EDGE('',*,*,#2934,.F.);
#3873=ORIENTED_EDGE('',*,*,#2935,.T.);
#3874=ORIENTED_EDGE('',*,*,#2936,.F.);
#3875=ORIENTED_EDGE('',*,*,#2935,.F.);
#3876=ORIENTED_EDGE('',*,*,#2854,.F.);
#3877=ORIENTED_EDGE('',*,*,#2937,.T.);
#3878=ORIENTED_EDGE('',*,*,#2938,.F.);
#3879=ORIENTED_EDGE('',*,*,#2937,.F.);
#3880=ORIENTED_EDGE('',*,*,#2939,.F.);
#3881=ORIENTED_EDGE('',*,*,#2940,.T.);
#3882=ORIENTED_EDGE('',*,*,#2941,.F.);
#3883=ORIENTED_EDGE('',*,*,#2940,.F.);
#3884=ORIENTED_EDGE('',*,*,#2942,.F.);
#3885=ORIENTED_EDGE('',*,*,#2943,.T.);
#3886=ORIENTED_EDGE('',*,*,#2944,.F.);
#3887=ORIENTED_EDGE('',*,*,#2943,.F.);
#3888=ORIENTED_EDGE('',*,*,#2945,.F.);
#3889=ORIENTED_EDGE('',*,*,#2946,.T.);
#3890=ORIENTED_EDGE('',*,*,#2947,.F.);
#3891=ORIENTED_EDGE('',*,*,#2856,.F.);
#3892=ORIENTED_EDGE('',*,*,#2948,.T.);
#3893=ORIENTED_EDGE('',*,*,#2949,.F.);
#3894=ORIENTED_EDGE('',*,*,#2950,.F.);
#3895=ORIENTED_EDGE('',*,*,#2946,.F.);
#3896=ORIENTED_EDGE('',*,*,#2951,.F.);
#3897=ORIENTED_EDGE('',*,*,#2952,.F.);
#3898=ORIENTED_EDGE('',*,*,#2953,.T.);
#3899=ORIENTED_EDGE('',*,*,#2954,.F.);
#3900=ORIENTED_EDGE('',*,*,#2953,.F.);
#3901=ORIENTED_EDGE('',*,*,#2838,.T.);
#3902=ORIENTED_EDGE('',*,*,#2857,.T.);
#3903=ORIENTED_EDGE('',*,*,#2947,.T.);
#3904=ORIENTED_EDGE('',*,*,#2950,.T.);
#3905=ORIENTED_EDGE('',*,*,#2955,.F.);
#3906=ORIENTED_EDGE('',*,*,#2841,.F.);
#3907=ORIENTED_EDGE('',*,*,#2951,.T.);
#3908=ORIENTED_EDGE('',*,*,#2954,.T.);
#3909=ORIENTED_EDGE('',*,*,#2956,.T.);
#3910=ORIENTED_EDGE('',*,*,#2957,.F.);
#3911=ORIENTED_EDGE('',*,*,#2958,.T.);
#3912=ORIENTED_EDGE('',*,*,#2830,.T.);
#3913=ORIENTED_EDGE('',*,*,#2959,.F.);
#3914=ORIENTED_EDGE('',*,*,#2960,.T.);
#3915=ORIENTED_EDGE('',*,*,#2833,.T.);
#3916=ORIENTED_EDGE('',*,*,#2961,.F.);
#3917=ORIENTED_EDGE('',*,*,#2962,.T.);
#3918=ORIENTED_EDGE('',*,*,#2889,.F.);
#3919=ORIENTED_EDGE('',*,*,#2864,.T.);
#3920=ORIENTED_EDGE('',*,*,#2891,.F.);
#3921=ORIENTED_EDGE('',*,*,#2963,.F.);
#3922=ORIENTED_EDGE('',*,*,#2964,.T.);
#3923=ORIENTED_EDGE('',*,*,#2878,.F.);
#3924=ORIENTED_EDGE('',*,*,#2965,.F.);
#3925=ORIENTED_EDGE('',*,*,#2966,.F.);
#3926=ORIENTED_EDGE('',*,*,#2967,.T.);
#3927=ORIENTED_EDGE('',*,*,#2968,.F.);
#3928=ORIENTED_EDGE('',*,*,#2969,.T.);
#3929=ORIENTED_EDGE('',*,*,#2963,.T.);
#3930=ORIENTED_EDGE('',*,*,#2890,.F.);
#3931=ORIENTED_EDGE('',*,*,#2962,.F.);
#3932=ORIENTED_EDGE('',*,*,#2970,.F.);
#3933=ORIENTED_EDGE('',*,*,#2967,.F.);
#3934=ORIENTED_EDGE('',*,*,#2965,.T.);
#3935=ORIENTED_EDGE('',*,*,#2970,.T.);
#3936=ORIENTED_EDGE('',*,*,#2971,.T.);
#3937=ORIENTED_EDGE('',*,*,#2972,.F.);
#3938=ORIENTED_EDGE('',*,*,#2973,.F.);
#3939=ORIENTED_EDGE('',*,*,#2968,.T.);
#3940=ORIENTED_EDGE('',*,*,#2961,.T.);
#3941=ORIENTED_EDGE('',*,*,#2888,.T.);
#3942=ORIENTED_EDGE('',*,*,#2876,.T.);
#3943=ORIENTED_EDGE('',*,*,#2974,.T.);
#3944=ORIENTED_EDGE('',*,*,#2975,.F.);
#3945=ORIENTED_EDGE('',*,*,#2976,.T.);
#3946=ORIENTED_EDGE('',*,*,#2977,.T.);
#3947=ORIENTED_EDGE('',*,*,#2975,.T.);
#3948=ORIENTED_EDGE('',*,*,#2978,.F.);
#3949=ORIENTED_EDGE('',*,*,#2971,.F.);
#3950=ORIENTED_EDGE('',*,*,#2964,.F.);
#3951=ORIENTED_EDGE('',*,*,#2969,.F.);
#3952=ORIENTED_EDGE('',*,*,#2976,.F.);
#3953=ORIENTED_EDGE('',*,*,#2977,.F.);
#3954=ORIENTED_EDGE('',*,*,#2979,.F.);
#3955=ORIENTED_EDGE('',*,*,#2886,.F.);
#3956=ORIENTED_EDGE('',*,*,#2870,.F.);
#3957=ORIENTED_EDGE('',*,*,#2979,.T.);
#3958=ORIENTED_EDGE('',*,*,#2980,.T.);
#3959=ORIENTED_EDGE('',*,*,#2884,.T.);
#3960=ORIENTED_EDGE('',*,*,#2874,.F.);
#3961=ORIENTED_EDGE('',*,*,#2873,.F.);
#3962=ORIENTED_EDGE('',*,*,#2887,.F.);
#3963=ORIENTED_EDGE('',*,*,#2966,.T.);
#3964=ORIENTED_EDGE('',*,*,#2973,.T.);
#3965=ORIENTED_EDGE('',*,*,#2981,.T.);
#3966=ORIENTED_EDGE('',*,*,#2980,.F.);
#3967=ORIENTED_EDGE('',*,*,#2945,.T.);
#3968=ORIENTED_EDGE('',*,*,#2982,.T.);
#3969=ORIENTED_EDGE('',*,*,#2983,.T.);
#3970=ORIENTED_EDGE('',*,*,#2984,.F.);
#3971=ORIENTED_EDGE('',*,*,#2843,.F.);
#3972=ORIENTED_EDGE('',*,*,#2955,.T.);
#3973=ORIENTED_EDGE('',*,*,#2949,.T.);
#3974=ORIENTED_EDGE('',*,*,#2985,.T.);
#3975=ORIENTED_EDGE('',*,*,#2986,.T.);
#3976=ORIENTED_EDGE('',*,*,#2987,.T.);
#3977=ORIENTED_EDGE('',*,*,#2983,.F.);
#3978=ORIENTED_EDGE('',*,*,#2952,.T.);
#3979=ORIENTED_EDGE('',*,*,#2958,.F.);
#3980=ORIENTED_EDGE('',*,*,#2988,.T.);
#3981=ORIENTED_EDGE('',*,*,#2986,.F.);
#3982=ORIENTED_EDGE('',*,*,#2960,.F.);
#3983=ORIENTED_EDGE('',*,*,#2989,.F.);
#3984=ORIENTED_EDGE('',*,*,#2985,.F.);
#3985=ORIENTED_EDGE('',*,*,#2982,.F.);
#3986=ORIENTED_EDGE('',*,*,#2948,.F.);
#3987=ORIENTED_EDGE('',*,*,#2855,.F.);
#3988=ORIENTED_EDGE('',*,*,#2834,.F.);
#3989=ORIENTED_EDGE('',*,*,#2989,.T.);
#3990=ORIENTED_EDGE('',*,*,#2959,.T.);
#3991=ORIENTED_EDGE('',*,*,#2829,.T.);
#3992=ORIENTED_EDGE('',*,*,#2828,.T.);
#3993=ORIENTED_EDGE('',*,*,#2990,.F.);
#3994=ORIENTED_EDGE('',*,*,#2956,.F.);
#3995=ORIENTED_EDGE('',*,*,#2991,.F.);
#3996=ORIENTED_EDGE('',*,*,#2860,.T.);
#3997=ORIENTED_EDGE('',*,*,#2992,.F.);
#3998=ORIENTED_EDGE('',*,*,#2993,.F.);
#3999=ORIENTED_EDGE('',*,*,#2994,.T.);
#4000=ORIENTED_EDGE('',*,*,#2993,.T.);
#4001=ORIENTED_EDGE('',*,*,#2995,.F.);
#4002=ORIENTED_EDGE('',*,*,#2996,.F.);
#4003=ORIENTED_EDGE('',*,*,#2997,.T.);
#4004=ORIENTED_EDGE('',*,*,#2996,.T.);
#4005=ORIENTED_EDGE('',*,*,#2998,.T.);
#4006=ORIENTED_EDGE('',*,*,#2981,.F.);
#4007=ORIENTED_EDGE('',*,*,#2999,.T.);
#4008=ORIENTED_EDGE('',*,*,#2995,.T.);
#4009=ORIENTED_EDGE('',*,*,#3000,.F.);
#4010=ORIENTED_EDGE('',*,*,#2882,.F.);
#4011=ORIENTED_EDGE('',*,*,#2859,.T.);
#4012=ORIENTED_EDGE('',*,*,#2883,.T.);
#4013=ORIENTED_EDGE('',*,*,#3000,.T.);
#4014=ORIENTED_EDGE('',*,*,#2992,.T.);
#4015=ORIENTED_EDGE('',*,*,#2942,.T.);
#4016=ORIENTED_EDGE('',*,*,#2881,.F.);
#4017=ORIENTED_EDGE('',*,*,#2885,.T.);
#4018=ORIENTED_EDGE('',*,*,#2998,.F.);
#4019=ORIENTED_EDGE('',*,*,#2999,.F.);
#4020=ORIENTED_EDGE('',*,*,#2944,.T.);
#4021=ORIENTED_EDGE('',*,*,#2932,.F.);
#4022=ORIENTED_EDGE('',*,*,#3001,.T.);
#4023=ORIENTED_EDGE('',*,*,#3002,.T.);
#4024=ORIENTED_EDGE('',*,*,#3003,.F.);
#4025=ORIENTED_EDGE('',*,*,#3004,.F.);
#4026=ORIENTED_EDGE('',*,*,#3003,.T.);
#4027=ORIENTED_EDGE('',*,*,#3005,.F.);
#4028=ORIENTED_EDGE('',*,*,#2974,.F.);
#4029=ORIENTED_EDGE('',*,*,#3006,.T.);
#4030=ORIENTED_EDGE('',*,*,#2972,.T.);
#4031=ORIENTED_EDGE('',*,*,#3007,.T.);
#4032=ORIENTED_EDGE('',*,*,#3001,.F.);
#4033=ORIENTED_EDGE('',*,*,#3008,.F.);
#4034=ORIENTED_EDGE('',*,*,#3009,.T.);
#4035=ORIENTED_EDGE('',*,*,#3010,.F.);
#4036=ORIENTED_EDGE('',*,*,#3002,.F.);
#4037=ORIENTED_EDGE('',*,*,#3011,.T.);
#4038=ORIENTED_EDGE('',*,*,#2978,.T.);
#4039=ORIENTED_EDGE('',*,*,#3012,.F.);
#4040=ORIENTED_EDGE('',*,*,#3013,.F.);
#4041=ORIENTED_EDGE('',*,*,#3014,.F.);
#4042=ORIENTED_EDGE('',*,*,#3013,.T.);
#4043=ORIENTED_EDGE('',*,*,#3015,.F.);
#4044=ORIENTED_EDGE('',*,*,#3009,.F.);
#4045=ORIENTED_EDGE('',*,*,#3015,.T.);
#4046=ORIENTED_EDGE('',*,*,#3012,.T.);
#4047=ORIENTED_EDGE('',*,*,#3005,.T.);
#4048=ORIENTED_EDGE('',*,*,#3010,.T.);
#4049=ORIENTED_EDGE('',*,*,#2934,.T.);
#4050=ORIENTED_EDGE('',*,*,#3014,.T.);
#4051=ORIENTED_EDGE('',*,*,#3008,.T.);
#4052=ORIENTED_EDGE('',*,*,#3007,.F.);
#4053=ORIENTED_EDGE('',*,*,#3011,.F.);
#4054=ORIENTED_EDGE('',*,*,#2936,.T.);
#4055=ORIENTED_EDGE('',*,*,#3016,.F.);
#4056=ORIENTED_EDGE('',*,*,#2984,.T.);
#4057=ORIENTED_EDGE('',*,*,#3017,.F.);
#4058=ORIENTED_EDGE('',*,*,#3018,.F.);
#4059=ORIENTED_EDGE('',*,*,#2926,.T.);
#4060=ORIENTED_EDGE('',*,*,#3018,.T.);
#4061=ORIENTED_EDGE('',*,*,#3019,.F.);
#4062=ORIENTED_EDGE('',*,*,#3020,.F.);
#4063=ORIENTED_EDGE('',*,*,#3021,.T.);
#4064=ORIENTED_EDGE('',*,*,#3020,.T.);
#4065=ORIENTED_EDGE('',*,*,#3022,.T.);
#4066=ORIENTED_EDGE('',*,*,#2988,.F.);
#4067=ORIENTED_EDGE('',*,*,#2910,.F.);
#4068=ORIENTED_EDGE('',*,*,#3023,.T.);
#4069=ORIENTED_EDGE('',*,*,#3024,.T.);
#4070=ORIENTED_EDGE('',*,*,#3025,.F.);
#4071=ORIENTED_EDGE('',*,*,#3026,.F.);
#4072=ORIENTED_EDGE('',*,*,#3025,.T.);
#4073=ORIENTED_EDGE('',*,*,#2852,.F.);
#4074=ORIENTED_EDGE('',*,*,#2846,.F.);
#4075=ORIENTED_EDGE('',*,*,#3027,.T.);
#4076=ORIENTED_EDGE('',*,*,#2957,.T.);
#4077=ORIENTED_EDGE('',*,*,#3028,.T.);
#4078=ORIENTED_EDGE('',*,*,#3023,.F.);
#4079=ORIENTED_EDGE('',*,*,#3029,.T.);
#4080=ORIENTED_EDGE('',*,*,#3030,.T.);
#4081=ORIENTED_EDGE('',*,*,#3031,.F.);
#4082=ORIENTED_EDGE('',*,*,#3032,.F.);
#4083=ORIENTED_EDGE('',*,*,#3033,.T.);
#4084=ORIENTED_EDGE('',*,*,#3032,.T.);
#4085=ORIENTED_EDGE('',*,*,#3034,.F.);
#4086=ORIENTED_EDGE('',*,*,#3035,.F.);
#4087=ORIENTED_EDGE('',*,*,#3036,.T.);
#4088=ORIENTED_EDGE('',*,*,#3035,.T.);
#4089=ORIENTED_EDGE('',*,*,#3037,.F.);
#4090=ORIENTED_EDGE('',*,*,#3038,.F.);
#4091=ORIENTED_EDGE('',*,*,#3039,.T.);
#4092=ORIENTED_EDGE('',*,*,#3038,.T.);
#4093=ORIENTED_EDGE('',*,*,#3040,.F.);
#4094=ORIENTED_EDGE('',*,*,#3041,.F.);
#4095=ORIENTED_EDGE('',*,*,#3042,.T.);
#4096=ORIENTED_EDGE('',*,*,#3041,.T.);
#4097=ORIENTED_EDGE('',*,*,#3043,.F.);
#4098=ORIENTED_EDGE('',*,*,#3030,.F.);
#4099=ORIENTED_EDGE('',*,*,#3044,.T.);
#4100=ORIENTED_EDGE('',*,*,#3045,.T.);
#4101=ORIENTED_EDGE('',*,*,#3046,.F.);
#4102=ORIENTED_EDGE('',*,*,#3047,.F.);
#4103=ORIENTED_EDGE('',*,*,#3048,.T.);
#4104=ORIENTED_EDGE('',*,*,#3047,.T.);
#4105=ORIENTED_EDGE('',*,*,#3049,.F.);
#4106=ORIENTED_EDGE('',*,*,#3050,.F.);
#4107=ORIENTED_EDGE('',*,*,#3051,.T.);
#4108=ORIENTED_EDGE('',*,*,#3050,.T.);
#4109=ORIENTED_EDGE('',*,*,#3052,.F.);
#4110=ORIENTED_EDGE('',*,*,#3053,.F.);
#4111=ORIENTED_EDGE('',*,*,#3054,.T.);
#4112=ORIENTED_EDGE('',*,*,#3053,.T.);
#4113=ORIENTED_EDGE('',*,*,#3055,.F.);
#4114=ORIENTED_EDGE('',*,*,#3056,.F.);
#4115=ORIENTED_EDGE('',*,*,#3057,.T.);
#4116=ORIENTED_EDGE('',*,*,#3056,.T.);
#4117=ORIENTED_EDGE('',*,*,#3058,.F.);
#4118=ORIENTED_EDGE('',*,*,#3045,.F.);
#4119=ORIENTED_EDGE('',*,*,#3059,.T.);
#4120=ORIENTED_EDGE('',*,*,#3060,.T.);
#4121=ORIENTED_EDGE('',*,*,#3061,.F.);
#4122=ORIENTED_EDGE('',*,*,#3062,.F.);
#4123=ORIENTED_EDGE('',*,*,#3063,.T.);
#4124=ORIENTED_EDGE('',*,*,#3062,.T.);
#4125=ORIENTED_EDGE('',*,*,#3064,.F.);
#4126=ORIENTED_EDGE('',*,*,#3065,.F.);
#4127=ORIENTED_EDGE('',*,*,#3066,.T.);
#4128=ORIENTED_EDGE('',*,*,#3065,.T.);
#4129=ORIENTED_EDGE('',*,*,#3067,.F.);
#4130=ORIENTED_EDGE('',*,*,#3068,.F.);
#4131=ORIENTED_EDGE('',*,*,#3069,.T.);
#4132=ORIENTED_EDGE('',*,*,#3068,.T.);
#4133=ORIENTED_EDGE('',*,*,#3070,.F.);
#4134=ORIENTED_EDGE('',*,*,#3071,.F.);
#4135=ORIENTED_EDGE('',*,*,#3072,.T.);
#4136=ORIENTED_EDGE('',*,*,#3071,.T.);
#4137=ORIENTED_EDGE('',*,*,#3073,.F.);
#4138=ORIENTED_EDGE('',*,*,#3074,.F.);
#4139=ORIENTED_EDGE('',*,*,#3075,.T.);
#4140=ORIENTED_EDGE('',*,*,#3074,.T.);
#4141=ORIENTED_EDGE('',*,*,#3076,.F.);
#4142=ORIENTED_EDGE('',*,*,#3060,.F.);
#4143=ORIENTED_EDGE('',*,*,#3077,.T.);
#4144=ORIENTED_EDGE('',*,*,#3078,.T.);
#4145=ORIENTED_EDGE('',*,*,#3079,.F.);
#4146=ORIENTED_EDGE('',*,*,#3080,.F.);
#4147=ORIENTED_EDGE('',*,*,#3081,.T.);
#4148=ORIENTED_EDGE('',*,*,#3080,.T.);
#4149=ORIENTED_EDGE('',*,*,#3082,.F.);
#4150=ORIENTED_EDGE('',*,*,#3083,.F.);
#4151=ORIENTED_EDGE('',*,*,#3084,.T.);
#4152=ORIENTED_EDGE('',*,*,#3083,.T.);
#4153=ORIENTED_EDGE('',*,*,#3085,.F.);
#4154=ORIENTED_EDGE('',*,*,#3086,.F.);
#4155=ORIENTED_EDGE('',*,*,#3087,.T.);
#4156=ORIENTED_EDGE('',*,*,#3086,.T.);
#4157=ORIENTED_EDGE('',*,*,#3088,.F.);
#4158=ORIENTED_EDGE('',*,*,#3089,.F.);
#4159=ORIENTED_EDGE('',*,*,#3090,.T.);
#4160=ORIENTED_EDGE('',*,*,#3089,.T.);
#4161=ORIENTED_EDGE('',*,*,#3091,.F.);
#4162=ORIENTED_EDGE('',*,*,#3092,.F.);
#4163=ORIENTED_EDGE('',*,*,#3093,.T.);
#4164=ORIENTED_EDGE('',*,*,#3092,.T.);
#4165=ORIENTED_EDGE('',*,*,#3094,.F.);
#4166=ORIENTED_EDGE('',*,*,#3078,.F.);
#4167=ORIENTED_EDGE('',*,*,#3095,.T.);
#4168=ORIENTED_EDGE('',*,*,#3096,.T.);
#4169=ORIENTED_EDGE('',*,*,#3097,.F.);
#4170=ORIENTED_EDGE('',*,*,#3098,.F.);
#4171=ORIENTED_EDGE('',*,*,#3099,.T.);
#4172=ORIENTED_EDGE('',*,*,#3098,.T.);
#4173=ORIENTED_EDGE('',*,*,#3100,.F.);
#4174=ORIENTED_EDGE('',*,*,#3101,.F.);
#4175=ORIENTED_EDGE('',*,*,#3102,.T.);
#4176=ORIENTED_EDGE('',*,*,#3101,.T.);
#4177=ORIENTED_EDGE('',*,*,#3103,.F.);
#4178=ORIENTED_EDGE('',*,*,#3104,.F.);
#4179=ORIENTED_EDGE('',*,*,#3105,.T.);
#4180=ORIENTED_EDGE('',*,*,#3104,.T.);
#4181=ORIENTED_EDGE('',*,*,#3106,.F.);
#4182=ORIENTED_EDGE('',*,*,#3107,.F.);
#4183=ORIENTED_EDGE('',*,*,#3108,.T.);
#4184=ORIENTED_EDGE('',*,*,#3107,.T.);
#4185=ORIENTED_EDGE('',*,*,#3109,.F.);
#4186=ORIENTED_EDGE('',*,*,#3110,.F.);
#4187=ORIENTED_EDGE('',*,*,#3111,.T.);
#4188=ORIENTED_EDGE('',*,*,#3110,.T.);
#4189=ORIENTED_EDGE('',*,*,#3112,.F.);
#4190=ORIENTED_EDGE('',*,*,#3096,.F.);
#4191=ORIENTED_EDGE('',*,*,#3113,.T.);
#4192=ORIENTED_EDGE('',*,*,#3114,.T.);
#4193=ORIENTED_EDGE('',*,*,#3115,.F.);
#4194=ORIENTED_EDGE('',*,*,#3116,.F.);
#4195=ORIENTED_EDGE('',*,*,#3117,.T.);
#4196=ORIENTED_EDGE('',*,*,#3116,.T.);
#4197=ORIENTED_EDGE('',*,*,#3118,.F.);
#4198=ORIENTED_EDGE('',*,*,#3119,.F.);
#4199=ORIENTED_EDGE('',*,*,#3120,.T.);
#4200=ORIENTED_EDGE('',*,*,#3119,.T.);
#4201=ORIENTED_EDGE('',*,*,#3121,.F.);
#4202=ORIENTED_EDGE('',*,*,#3122,.F.);
#4203=ORIENTED_EDGE('',*,*,#3123,.T.);
#4204=ORIENTED_EDGE('',*,*,#3122,.T.);
#4205=ORIENTED_EDGE('',*,*,#3124,.F.);
#4206=ORIENTED_EDGE('',*,*,#3125,.F.);
#4207=ORIENTED_EDGE('',*,*,#3126,.T.);
#4208=ORIENTED_EDGE('',*,*,#3125,.T.);
#4209=ORIENTED_EDGE('',*,*,#3127,.F.);
#4210=ORIENTED_EDGE('',*,*,#3128,.F.);
#4211=ORIENTED_EDGE('',*,*,#3129,.T.);
#4212=ORIENTED_EDGE('',*,*,#3128,.T.);
#4213=ORIENTED_EDGE('',*,*,#3130,.F.);
#4214=ORIENTED_EDGE('',*,*,#3131,.F.);
#4215=ORIENTED_EDGE('',*,*,#3132,.T.);
#4216=ORIENTED_EDGE('',*,*,#3131,.T.);
#4217=ORIENTED_EDGE('',*,*,#3133,.F.);
#4218=ORIENTED_EDGE('',*,*,#3134,.F.);
#4219=ORIENTED_EDGE('',*,*,#3135,.T.);
#4220=ORIENTED_EDGE('',*,*,#3134,.T.);
#4221=ORIENTED_EDGE('',*,*,#3136,.F.);
#4222=ORIENTED_EDGE('',*,*,#3114,.F.);
#4223=ORIENTED_EDGE('',*,*,#3137,.T.);
#4224=ORIENTED_EDGE('',*,*,#3138,.T.);
#4225=ORIENTED_EDGE('',*,*,#3139,.F.);
#4226=ORIENTED_EDGE('',*,*,#3140,.F.);
#4227=ORIENTED_EDGE('',*,*,#3141,.T.);
#4228=ORIENTED_EDGE('',*,*,#3140,.T.);
#4229=ORIENTED_EDGE('',*,*,#3142,.F.);
#4230=ORIENTED_EDGE('',*,*,#3143,.F.);
#4231=ORIENTED_EDGE('',*,*,#3144,.T.);
#4232=ORIENTED_EDGE('',*,*,#3143,.T.);
#4233=ORIENTED_EDGE('',*,*,#3145,.F.);
#4234=ORIENTED_EDGE('',*,*,#3146,.F.);
#4235=ORIENTED_EDGE('',*,*,#3147,.T.);
#4236=ORIENTED_EDGE('',*,*,#3146,.T.);
#4237=ORIENTED_EDGE('',*,*,#3148,.F.);
#4238=ORIENTED_EDGE('',*,*,#3149,.F.);
#4239=ORIENTED_EDGE('',*,*,#3150,.T.);
#4240=ORIENTED_EDGE('',*,*,#3149,.T.);
#4241=ORIENTED_EDGE('',*,*,#3151,.F.);
#4242=ORIENTED_EDGE('',*,*,#3138,.F.);
#4243=ORIENTED_EDGE('',*,*,#3152,.T.);
#4244=ORIENTED_EDGE('',*,*,#3153,.T.);
#4245=ORIENTED_EDGE('',*,*,#3154,.F.);
#4246=ORIENTED_EDGE('',*,*,#3155,.F.);
#4247=ORIENTED_EDGE('',*,*,#3156,.T.);
#4248=ORIENTED_EDGE('',*,*,#3155,.T.);
#4249=ORIENTED_EDGE('',*,*,#3157,.F.);
#4250=ORIENTED_EDGE('',*,*,#3158,.F.);
#4251=ORIENTED_EDGE('',*,*,#3159,.T.);
#4252=ORIENTED_EDGE('',*,*,#3158,.T.);
#4253=ORIENTED_EDGE('',*,*,#3160,.F.);
#4254=ORIENTED_EDGE('',*,*,#3161,.F.);
#4255=ORIENTED_EDGE('',*,*,#3162,.T.);
#4256=ORIENTED_EDGE('',*,*,#3161,.T.);
#4257=ORIENTED_EDGE('',*,*,#3163,.F.);
#4258=ORIENTED_EDGE('',*,*,#3153,.F.);
#4259=ORIENTED_EDGE('',*,*,#3164,.T.);
#4260=ORIENTED_EDGE('',*,*,#3165,.T.);
#4261=ORIENTED_EDGE('',*,*,#3166,.F.);
#4262=ORIENTED_EDGE('',*,*,#3167,.F.);
#4263=ORIENTED_EDGE('',*,*,#3168,.T.);
#4264=ORIENTED_EDGE('',*,*,#3167,.T.);
#4265=ORIENTED_EDGE('',*,*,#3169,.F.);
#4266=ORIENTED_EDGE('',*,*,#3170,.F.);
#4267=ORIENTED_EDGE('',*,*,#3171,.T.);
#4268=ORIENTED_EDGE('',*,*,#3170,.T.);
#4269=ORIENTED_EDGE('',*,*,#3172,.F.);
#4270=ORIENTED_EDGE('',*,*,#3173,.F.);
#4271=ORIENTED_EDGE('',*,*,#3174,.T.);
#4272=ORIENTED_EDGE('',*,*,#3173,.T.);
#4273=ORIENTED_EDGE('',*,*,#3175,.F.);
#4274=ORIENTED_EDGE('',*,*,#3176,.F.);
#4275=ORIENTED_EDGE('',*,*,#3177,.T.);
#4276=ORIENTED_EDGE('',*,*,#3176,.T.);
#4277=ORIENTED_EDGE('',*,*,#3178,.F.);
#4278=ORIENTED_EDGE('',*,*,#3165,.F.);
#4279=ORIENTED_EDGE('',*,*,#3179,.T.);
#4280=ORIENTED_EDGE('',*,*,#3180,.T.);
#4281=ORIENTED_EDGE('',*,*,#3181,.F.);
#4282=ORIENTED_EDGE('',*,*,#3182,.F.);
#4283=ORIENTED_EDGE('',*,*,#3183,.T.);
#4284=ORIENTED_EDGE('',*,*,#3182,.T.);
#4285=ORIENTED_EDGE('',*,*,#3184,.F.);
#4286=ORIENTED_EDGE('',*,*,#3185,.F.);
#4287=ORIENTED_EDGE('',*,*,#3186,.T.);
#4288=ORIENTED_EDGE('',*,*,#3185,.T.);
#4289=ORIENTED_EDGE('',*,*,#3187,.F.);
#4290=ORIENTED_EDGE('',*,*,#3188,.F.);
#4291=ORIENTED_EDGE('',*,*,#3189,.T.);
#4292=ORIENTED_EDGE('',*,*,#3188,.T.);
#4293=ORIENTED_EDGE('',*,*,#3190,.F.);
#4294=ORIENTED_EDGE('',*,*,#3180,.F.);
#4295=ORIENTED_EDGE('',*,*,#3191,.T.);
#4296=ORIENTED_EDGE('',*,*,#3192,.T.);
#4297=ORIENTED_EDGE('',*,*,#3193,.F.);
#4298=ORIENTED_EDGE('',*,*,#3194,.F.);
#4299=ORIENTED_EDGE('',*,*,#3195,.T.);
#4300=ORIENTED_EDGE('',*,*,#3194,.T.);
#4301=ORIENTED_EDGE('',*,*,#3196,.F.);
#4302=ORIENTED_EDGE('',*,*,#3197,.F.);
#4303=ORIENTED_EDGE('',*,*,#3198,.T.);
#4304=ORIENTED_EDGE('',*,*,#3197,.T.);
#4305=ORIENTED_EDGE('',*,*,#3199,.F.);
#4306=ORIENTED_EDGE('',*,*,#3200,.F.);
#4307=ORIENTED_EDGE('',*,*,#3201,.T.);
#4308=ORIENTED_EDGE('',*,*,#3200,.T.);
#4309=ORIENTED_EDGE('',*,*,#3202,.F.);
#4310=ORIENTED_EDGE('',*,*,#3203,.F.);
#4311=ORIENTED_EDGE('',*,*,#3204,.T.);
#4312=ORIENTED_EDGE('',*,*,#3203,.T.);
#4313=ORIENTED_EDGE('',*,*,#3205,.F.);
#4314=ORIENTED_EDGE('',*,*,#3206,.F.);
#4315=ORIENTED_EDGE('',*,*,#3207,.T.);
#4316=ORIENTED_EDGE('',*,*,#3206,.T.);
#4317=ORIENTED_EDGE('',*,*,#3208,.F.);
#4318=ORIENTED_EDGE('',*,*,#3192,.F.);
#4319=ORIENTED_EDGE('',*,*,#3209,.T.);
#4320=ORIENTED_EDGE('',*,*,#3210,.T.);
#4321=ORIENTED_EDGE('',*,*,#3211,.F.);
#4322=ORIENTED_EDGE('',*,*,#3212,.F.);
#4323=ORIENTED_EDGE('',*,*,#3213,.T.);
#4324=ORIENTED_EDGE('',*,*,#3212,.T.);
#4325=ORIENTED_EDGE('',*,*,#3214,.F.);
#4326=ORIENTED_EDGE('',*,*,#3215,.F.);
#4327=ORIENTED_EDGE('',*,*,#3216,.T.);
#4328=ORIENTED_EDGE('',*,*,#3215,.T.);
#4329=ORIENTED_EDGE('',*,*,#3217,.F.);
#4330=ORIENTED_EDGE('',*,*,#3218,.F.);
#4331=ORIENTED_EDGE('',*,*,#3219,.T.);
#4332=ORIENTED_EDGE('',*,*,#3218,.T.);
#4333=ORIENTED_EDGE('',*,*,#3220,.F.);
#4334=ORIENTED_EDGE('',*,*,#3221,.F.);
#4335=ORIENTED_EDGE('',*,*,#3222,.T.);
#4336=ORIENTED_EDGE('',*,*,#3221,.T.);
#4337=ORIENTED_EDGE('',*,*,#3223,.F.);
#4338=ORIENTED_EDGE('',*,*,#3224,.F.);
#4339=ORIENTED_EDGE('',*,*,#3225,.T.);
#4340=ORIENTED_EDGE('',*,*,#3224,.T.);
#4341=ORIENTED_EDGE('',*,*,#3226,.F.);
#4342=ORIENTED_EDGE('',*,*,#3227,.F.);
#4343=ORIENTED_EDGE('',*,*,#3228,.T.);
#4344=ORIENTED_EDGE('',*,*,#3227,.T.);
#4345=ORIENTED_EDGE('',*,*,#3229,.F.);
#4346=ORIENTED_EDGE('',*,*,#3210,.F.);
#4347=ORIENTED_EDGE('',*,*,#3230,.T.);
#4348=ORIENTED_EDGE('',*,*,#3231,.T.);
#4349=ORIENTED_EDGE('',*,*,#3232,.F.);
#4350=ORIENTED_EDGE('',*,*,#3233,.F.);
#4351=ORIENTED_EDGE('',*,*,#3234,.T.);
#4352=ORIENTED_EDGE('',*,*,#3233,.T.);
#4353=ORIENTED_EDGE('',*,*,#3235,.F.);
#4354=ORIENTED_EDGE('',*,*,#3236,.F.);
#4355=ORIENTED_EDGE('',*,*,#3237,.T.);
#4356=ORIENTED_EDGE('',*,*,#3236,.T.);
#4357=ORIENTED_EDGE('',*,*,#3238,.F.);
#4358=ORIENTED_EDGE('',*,*,#3239,.F.);
#4359=ORIENTED_EDGE('',*,*,#3240,.T.);
#4360=ORIENTED_EDGE('',*,*,#3239,.T.);
#4361=ORIENTED_EDGE('',*,*,#3241,.F.);
#4362=ORIENTED_EDGE('',*,*,#3242,.F.);
#4363=ORIENTED_EDGE('',*,*,#3243,.T.);
#4364=ORIENTED_EDGE('',*,*,#3242,.T.);
#4365=ORIENTED_EDGE('',*,*,#3244,.F.);
#4366=ORIENTED_EDGE('',*,*,#3245,.F.);
#4367=ORIENTED_EDGE('',*,*,#3246,.T.);
#4368=ORIENTED_EDGE('',*,*,#3245,.T.);
#4369=ORIENTED_EDGE('',*,*,#3247,.F.);
#4370=ORIENTED_EDGE('',*,*,#3248,.F.);
#4371=ORIENTED_EDGE('',*,*,#3249,.T.);
#4372=ORIENTED_EDGE('',*,*,#3248,.T.);
#4373=ORIENTED_EDGE('',*,*,#3250,.F.);
#4374=ORIENTED_EDGE('',*,*,#3231,.F.);
#4375=ORIENTED_EDGE('',*,*,#3251,.T.);
#4376=ORIENTED_EDGE('',*,*,#3252,.T.);
#4377=ORIENTED_EDGE('',*,*,#3253,.F.);
#4378=ORIENTED_EDGE('',*,*,#3254,.F.);
#4379=ORIENTED_EDGE('',*,*,#3255,.T.);
#4380=ORIENTED_EDGE('',*,*,#3254,.T.);
#4381=ORIENTED_EDGE('',*,*,#3256,.F.);
#4382=ORIENTED_EDGE('',*,*,#3257,.F.);
#4383=ORIENTED_EDGE('',*,*,#3258,.T.);
#4384=ORIENTED_EDGE('',*,*,#3257,.T.);
#4385=ORIENTED_EDGE('',*,*,#3259,.F.);
#4386=ORIENTED_EDGE('',*,*,#3260,.F.);
#4387=ORIENTED_EDGE('',*,*,#3261,.T.);
#4388=ORIENTED_EDGE('',*,*,#3260,.T.);
#4389=ORIENTED_EDGE('',*,*,#3262,.F.);
#4390=ORIENTED_EDGE('',*,*,#3263,.F.);
#4391=ORIENTED_EDGE('',*,*,#3264,.T.);
#4392=ORIENTED_EDGE('',*,*,#3263,.T.);
#4393=ORIENTED_EDGE('',*,*,#3265,.F.);
#4394=ORIENTED_EDGE('',*,*,#3266,.F.);
#4395=ORIENTED_EDGE('',*,*,#3267,.T.);
#4396=ORIENTED_EDGE('',*,*,#3266,.T.);
#4397=ORIENTED_EDGE('',*,*,#3268,.F.);
#4398=ORIENTED_EDGE('',*,*,#3252,.F.);
#4399=ORIENTED_EDGE('',*,*,#3269,.T.);
#4400=ORIENTED_EDGE('',*,*,#3270,.T.);
#4401=ORIENTED_EDGE('',*,*,#3271,.F.);
#4402=ORIENTED_EDGE('',*,*,#3272,.F.);
#4403=ORIENTED_EDGE('',*,*,#3273,.T.);
#4404=ORIENTED_EDGE('',*,*,#3272,.T.);
#4405=ORIENTED_EDGE('',*,*,#3274,.F.);
#4406=ORIENTED_EDGE('',*,*,#3275,.F.);
#4407=ORIENTED_EDGE('',*,*,#3276,.T.);
#4408=ORIENTED_EDGE('',*,*,#3275,.T.);
#4409=ORIENTED_EDGE('',*,*,#3277,.F.);
#4410=ORIENTED_EDGE('',*,*,#3278,.F.);
#4411=ORIENTED_EDGE('',*,*,#3279,.T.);
#4412=ORIENTED_EDGE('',*,*,#3278,.T.);
#4413=ORIENTED_EDGE('',*,*,#3280,.F.);
#4414=ORIENTED_EDGE('',*,*,#3281,.F.);
#4415=ORIENTED_EDGE('',*,*,#3282,.T.);
#4416=ORIENTED_EDGE('',*,*,#3281,.T.);
#4417=ORIENTED_EDGE('',*,*,#3283,.F.);
#4418=ORIENTED_EDGE('',*,*,#3284,.F.);
#4419=ORIENTED_EDGE('',*,*,#3285,.T.);
#4420=ORIENTED_EDGE('',*,*,#3284,.T.);
#4421=ORIENTED_EDGE('',*,*,#3286,.F.);
#4422=ORIENTED_EDGE('',*,*,#3287,.F.);
#4423=ORIENTED_EDGE('',*,*,#3288,.T.);
#4424=ORIENTED_EDGE('',*,*,#3287,.T.);
#4425=ORIENTED_EDGE('',*,*,#3289,.F.);
#4426=ORIENTED_EDGE('',*,*,#3270,.F.);
#4427=ORIENTED_EDGE('',*,*,#3290,.T.);
#4428=ORIENTED_EDGE('',*,*,#3291,.T.);
#4429=ORIENTED_EDGE('',*,*,#3292,.F.);
#4430=ORIENTED_EDGE('',*,*,#3293,.F.);
#4431=ORIENTED_EDGE('',*,*,#3294,.T.);
#4432=ORIENTED_EDGE('',*,*,#3293,.T.);
#4433=ORIENTED_EDGE('',*,*,#3295,.F.);
#4434=ORIENTED_EDGE('',*,*,#3296,.F.);
#4435=ORIENTED_EDGE('',*,*,#3297,.T.);
#4436=ORIENTED_EDGE('',*,*,#3296,.T.);
#4437=ORIENTED_EDGE('',*,*,#3298,.F.);
#4438=ORIENTED_EDGE('',*,*,#3299,.F.);
#4439=ORIENTED_EDGE('',*,*,#3300,.T.);
#4440=ORIENTED_EDGE('',*,*,#3299,.T.);
#4441=ORIENTED_EDGE('',*,*,#3301,.F.);
#4442=ORIENTED_EDGE('',*,*,#3302,.F.);
#4443=ORIENTED_EDGE('',*,*,#3303,.T.);
#4444=ORIENTED_EDGE('',*,*,#3302,.T.);
#4445=ORIENTED_EDGE('',*,*,#3304,.F.);
#4446=ORIENTED_EDGE('',*,*,#3305,.F.);
#4447=ORIENTED_EDGE('',*,*,#3306,.T.);
#4448=ORIENTED_EDGE('',*,*,#3305,.T.);
#4449=ORIENTED_EDGE('',*,*,#3307,.F.);
#4450=ORIENTED_EDGE('',*,*,#3291,.F.);
#4451=ORIENTED_EDGE('',*,*,#3308,.T.);
#4452=ORIENTED_EDGE('',*,*,#3309,.T.);
#4453=ORIENTED_EDGE('',*,*,#3310,.F.);
#4454=ORIENTED_EDGE('',*,*,#3311,.F.);
#4455=ORIENTED_EDGE('',*,*,#3312,.T.);
#4456=ORIENTED_EDGE('',*,*,#3311,.T.);
#4457=ORIENTED_EDGE('',*,*,#3313,.F.);
#4458=ORIENTED_EDGE('',*,*,#3314,.F.);
#4459=ORIENTED_EDGE('',*,*,#3315,.T.);
#4460=ORIENTED_EDGE('',*,*,#3314,.T.);
#4461=ORIENTED_EDGE('',*,*,#3316,.F.);
#4462=ORIENTED_EDGE('',*,*,#3317,.F.);
#4463=ORIENTED_EDGE('',*,*,#3318,.T.);
#4464=ORIENTED_EDGE('',*,*,#3317,.T.);
#4465=ORIENTED_EDGE('',*,*,#3319,.F.);
#4466=ORIENTED_EDGE('',*,*,#3320,.F.);
#4467=ORIENTED_EDGE('',*,*,#3321,.T.);
#4468=ORIENTED_EDGE('',*,*,#3320,.T.);
#4469=ORIENTED_EDGE('',*,*,#3322,.F.);
#4470=ORIENTED_EDGE('',*,*,#3309,.F.);
#4471=ORIENTED_EDGE('',*,*,#3323,.T.);
#4472=ORIENTED_EDGE('',*,*,#3324,.T.);
#4473=ORIENTED_EDGE('',*,*,#3325,.F.);
#4474=ORIENTED_EDGE('',*,*,#3326,.F.);
#4475=ORIENTED_EDGE('',*,*,#3327,.T.);
#4476=ORIENTED_EDGE('',*,*,#3326,.T.);
#4477=ORIENTED_EDGE('',*,*,#3328,.F.);
#4478=ORIENTED_EDGE('',*,*,#3329,.F.);
#4479=ORIENTED_EDGE('',*,*,#3330,.T.);
#4480=ORIENTED_EDGE('',*,*,#3329,.T.);
#4481=ORIENTED_EDGE('',*,*,#3331,.F.);
#4482=ORIENTED_EDGE('',*,*,#3332,.F.);
#4483=ORIENTED_EDGE('',*,*,#3333,.T.);
#4484=ORIENTED_EDGE('',*,*,#3332,.T.);
#4485=ORIENTED_EDGE('',*,*,#3334,.F.);
#4486=ORIENTED_EDGE('',*,*,#3335,.F.);
#4487=ORIENTED_EDGE('',*,*,#3336,.T.);
#4488=ORIENTED_EDGE('',*,*,#3335,.T.);
#4489=ORIENTED_EDGE('',*,*,#3337,.F.);
#4490=ORIENTED_EDGE('',*,*,#3324,.F.);
#4491=ORIENTED_EDGE('',*,*,#3338,.T.);
#4492=ORIENTED_EDGE('',*,*,#3339,.T.);
#4493=ORIENTED_EDGE('',*,*,#3340,.F.);
#4494=ORIENTED_EDGE('',*,*,#3341,.F.);
#4495=ORIENTED_EDGE('',*,*,#3342,.T.);
#4496=ORIENTED_EDGE('',*,*,#3341,.T.);
#4497=ORIENTED_EDGE('',*,*,#3343,.F.);
#4498=ORIENTED_EDGE('',*,*,#3344,.F.);
#4499=ORIENTED_EDGE('',*,*,#3345,.T.);
#4500=ORIENTED_EDGE('',*,*,#3344,.T.);
#4501=ORIENTED_EDGE('',*,*,#3346,.F.);
#4502=ORIENTED_EDGE('',*,*,#3347,.F.);
#4503=ORIENTED_EDGE('',*,*,#3348,.T.);
#4504=ORIENTED_EDGE('',*,*,#3347,.T.);
#4505=ORIENTED_EDGE('',*,*,#3349,.F.);
#4506=ORIENTED_EDGE('',*,*,#3350,.F.);
#4507=ORIENTED_EDGE('',*,*,#3351,.T.);
#4508=ORIENTED_EDGE('',*,*,#3350,.T.);
#4509=ORIENTED_EDGE('',*,*,#3352,.F.);
#4510=ORIENTED_EDGE('',*,*,#3353,.F.);
#4511=ORIENTED_EDGE('',*,*,#3354,.T.);
#4512=ORIENTED_EDGE('',*,*,#3353,.T.);
#4513=ORIENTED_EDGE('',*,*,#3355,.F.);
#4514=ORIENTED_EDGE('',*,*,#3356,.F.);
#4515=ORIENTED_EDGE('',*,*,#3357,.T.);
#4516=ORIENTED_EDGE('',*,*,#3356,.T.);
#4517=ORIENTED_EDGE('',*,*,#3358,.F.);
#4518=ORIENTED_EDGE('',*,*,#3359,.F.);
#4519=ORIENTED_EDGE('',*,*,#3360,.T.);
#4520=ORIENTED_EDGE('',*,*,#3359,.T.);
#4521=ORIENTED_EDGE('',*,*,#3361,.F.);
#4522=ORIENTED_EDGE('',*,*,#3339,.F.);
#4523=ORIENTED_EDGE('',*,*,#3362,.T.);
#4524=ORIENTED_EDGE('',*,*,#3363,.T.);
#4525=ORIENTED_EDGE('',*,*,#3364,.F.);
#4526=ORIENTED_EDGE('',*,*,#3365,.F.);
#4527=ORIENTED_EDGE('',*,*,#3366,.T.);
#4528=ORIENTED_EDGE('',*,*,#3365,.T.);
#4529=ORIENTED_EDGE('',*,*,#3367,.F.);
#4530=ORIENTED_EDGE('',*,*,#3368,.F.);
#4531=ORIENTED_EDGE('',*,*,#3369,.T.);
#4532=ORIENTED_EDGE('',*,*,#3368,.T.);
#4533=ORIENTED_EDGE('',*,*,#3370,.F.);
#4534=ORIENTED_EDGE('',*,*,#3371,.F.);
#4535=ORIENTED_EDGE('',*,*,#3372,.T.);
#4536=ORIENTED_EDGE('',*,*,#3371,.T.);
#4537=ORIENTED_EDGE('',*,*,#3373,.F.);
#4538=ORIENTED_EDGE('',*,*,#3374,.F.);
#4539=ORIENTED_EDGE('',*,*,#3375,.T.);
#4540=ORIENTED_EDGE('',*,*,#3374,.T.);
#4541=ORIENTED_EDGE('',*,*,#3376,.F.);
#4542=ORIENTED_EDGE('',*,*,#3377,.F.);
#4543=ORIENTED_EDGE('',*,*,#3378,.T.);
#4544=ORIENTED_EDGE('',*,*,#3377,.T.);
#4545=ORIENTED_EDGE('',*,*,#3379,.F.);
#4546=ORIENTED_EDGE('',*,*,#3380,.F.);
#4547=ORIENTED_EDGE('',*,*,#3381,.T.);
#4548=ORIENTED_EDGE('',*,*,#3380,.T.);
#4549=ORIENTED_EDGE('',*,*,#3382,.F.);
#4550=ORIENTED_EDGE('',*,*,#3363,.F.);
#4551=ORIENTED_EDGE('',*,*,#3383,.T.);
#4552=ORIENTED_EDGE('',*,*,#3384,.T.);
#4553=ORIENTED_EDGE('',*,*,#3385,.F.);
#4554=ORIENTED_EDGE('',*,*,#3386,.F.);
#4555=ORIENTED_EDGE('',*,*,#3387,.T.);
#4556=ORIENTED_EDGE('',*,*,#3386,.T.);
#4557=ORIENTED_EDGE('',*,*,#3388,.F.);
#4558=ORIENTED_EDGE('',*,*,#3389,.F.);
#4559=ORIENTED_EDGE('',*,*,#3390,.T.);
#4560=ORIENTED_EDGE('',*,*,#3389,.T.);
#4561=ORIENTED_EDGE('',*,*,#3391,.F.);
#4562=ORIENTED_EDGE('',*,*,#3392,.F.);
#4563=ORIENTED_EDGE('',*,*,#3393,.T.);
#4564=ORIENTED_EDGE('',*,*,#3392,.T.);
#4565=ORIENTED_EDGE('',*,*,#3394,.F.);
#4566=ORIENTED_EDGE('',*,*,#3395,.F.);
#4567=ORIENTED_EDGE('',*,*,#3396,.T.);
#4568=ORIENTED_EDGE('',*,*,#3395,.T.);
#4569=ORIENTED_EDGE('',*,*,#3397,.F.);
#4570=ORIENTED_EDGE('',*,*,#3398,.F.);
#4571=ORIENTED_EDGE('',*,*,#3399,.T.);
#4572=ORIENTED_EDGE('',*,*,#3398,.T.);
#4573=ORIENTED_EDGE('',*,*,#3400,.F.);
#4574=ORIENTED_EDGE('',*,*,#3384,.F.);
#4575=ORIENTED_EDGE('',*,*,#3401,.T.);
#4576=ORIENTED_EDGE('',*,*,#3402,.T.);
#4577=ORIENTED_EDGE('',*,*,#3403,.F.);
#4578=ORIENTED_EDGE('',*,*,#3404,.F.);
#4579=ORIENTED_EDGE('',*,*,#3405,.T.);
#4580=ORIENTED_EDGE('',*,*,#3404,.T.);
#4581=ORIENTED_EDGE('',*,*,#3406,.F.);
#4582=ORIENTED_EDGE('',*,*,#3407,.F.);
#4583=ORIENTED_EDGE('',*,*,#3408,.T.);
#4584=ORIENTED_EDGE('',*,*,#3407,.T.);
#4585=ORIENTED_EDGE('',*,*,#3409,.F.);
#4586=ORIENTED_EDGE('',*,*,#3410,.F.);
#4587=ORIENTED_EDGE('',*,*,#3411,.T.);
#4588=ORIENTED_EDGE('',*,*,#3410,.T.);
#4589=ORIENTED_EDGE('',*,*,#3412,.F.);
#4590=ORIENTED_EDGE('',*,*,#3413,.F.);
#4591=ORIENTED_EDGE('',*,*,#3414,.T.);
#4592=ORIENTED_EDGE('',*,*,#3413,.T.);
#4593=ORIENTED_EDGE('',*,*,#3415,.F.);
#4594=ORIENTED_EDGE('',*,*,#3402,.F.);
#4595=ORIENTED_EDGE('',*,*,#3416,.T.);
#4596=ORIENTED_EDGE('',*,*,#3417,.T.);
#4597=ORIENTED_EDGE('',*,*,#3418,.F.);
#4598=ORIENTED_EDGE('',*,*,#3419,.F.);
#4599=ORIENTED_EDGE('',*,*,#3420,.T.);
#4600=ORIENTED_EDGE('',*,*,#3419,.T.);
#4601=ORIENTED_EDGE('',*,*,#3421,.F.);
#4602=ORIENTED_EDGE('',*,*,#3422,.F.);
#4603=ORIENTED_EDGE('',*,*,#3423,.T.);
#4604=ORIENTED_EDGE('',*,*,#3422,.T.);
#4605=ORIENTED_EDGE('',*,*,#3424,.F.);
#4606=ORIENTED_EDGE('',*,*,#3425,.F.);
#4607=ORIENTED_EDGE('',*,*,#3426,.T.);
#4608=ORIENTED_EDGE('',*,*,#3425,.T.);
#4609=ORIENTED_EDGE('',*,*,#3427,.F.);
#4610=ORIENTED_EDGE('',*,*,#3428,.F.);
#4611=ORIENTED_EDGE('',*,*,#3429,.T.);
#4612=ORIENTED_EDGE('',*,*,#3428,.T.);
#4613=ORIENTED_EDGE('',*,*,#3430,.F.);
#4614=ORIENTED_EDGE('',*,*,#3431,.F.);
#4615=ORIENTED_EDGE('',*,*,#3432,.T.);
#4616=ORIENTED_EDGE('',*,*,#3431,.T.);
#4617=ORIENTED_EDGE('',*,*,#3433,.F.);
#4618=ORIENTED_EDGE('',*,*,#3417,.F.);
#4619=ORIENTED_EDGE('',*,*,#3434,.T.);
#4620=ORIENTED_EDGE('',*,*,#3435,.T.);
#4621=ORIENTED_EDGE('',*,*,#3436,.F.);
#4622=ORIENTED_EDGE('',*,*,#3437,.F.);
#4623=ORIENTED_EDGE('',*,*,#3438,.T.);
#4624=ORIENTED_EDGE('',*,*,#3437,.T.);
#4625=ORIENTED_EDGE('',*,*,#3439,.F.);
#4626=ORIENTED_EDGE('',*,*,#3440,.F.);
#4627=ORIENTED_EDGE('',*,*,#3441,.T.);
#4628=ORIENTED_EDGE('',*,*,#3440,.T.);
#4629=ORIENTED_EDGE('',*,*,#3442,.F.);
#4630=ORIENTED_EDGE('',*,*,#3443,.F.);
#4631=ORIENTED_EDGE('',*,*,#3444,.T.);
#4632=ORIENTED_EDGE('',*,*,#3443,.T.);
#4633=ORIENTED_EDGE('',*,*,#3445,.F.);
#4634=ORIENTED_EDGE('',*,*,#3446,.F.);
#4635=ORIENTED_EDGE('',*,*,#3447,.T.);
#4636=ORIENTED_EDGE('',*,*,#3446,.T.);
#4637=ORIENTED_EDGE('',*,*,#3448,.F.);
#4638=ORIENTED_EDGE('',*,*,#3435,.F.);
#4639=ORIENTED_EDGE('',*,*,#3449,.T.);
#4640=ORIENTED_EDGE('',*,*,#3450,.T.);
#4641=ORIENTED_EDGE('',*,*,#3451,.F.);
#4642=ORIENTED_EDGE('',*,*,#3452,.F.);
#4643=ORIENTED_EDGE('',*,*,#3453,.T.);
#4644=ORIENTED_EDGE('',*,*,#3452,.T.);
#4645=ORIENTED_EDGE('',*,*,#3454,.F.);
#4646=ORIENTED_EDGE('',*,*,#3455,.F.);
#4647=ORIENTED_EDGE('',*,*,#3456,.T.);
#4648=ORIENTED_EDGE('',*,*,#3455,.T.);
#4649=ORIENTED_EDGE('',*,*,#3457,.F.);
#4650=ORIENTED_EDGE('',*,*,#3458,.F.);
#4651=ORIENTED_EDGE('',*,*,#3459,.T.);
#4652=ORIENTED_EDGE('',*,*,#3458,.T.);
#4653=ORIENTED_EDGE('',*,*,#3460,.F.);
#4654=ORIENTED_EDGE('',*,*,#3461,.F.);
#4655=ORIENTED_EDGE('',*,*,#3462,.T.);
#4656=ORIENTED_EDGE('',*,*,#3461,.T.);
#4657=ORIENTED_EDGE('',*,*,#3463,.F.);
#4658=ORIENTED_EDGE('',*,*,#3450,.F.);
#4659=ORIENTED_EDGE('',*,*,#3464,.T.);
#4660=ORIENTED_EDGE('',*,*,#3465,.T.);
#4661=ORIENTED_EDGE('',*,*,#3466,.F.);
#4662=ORIENTED_EDGE('',*,*,#3467,.F.);
#4663=ORIENTED_EDGE('',*,*,#3468,.T.);
#4664=ORIENTED_EDGE('',*,*,#3467,.T.);
#4665=ORIENTED_EDGE('',*,*,#3469,.F.);
#4666=ORIENTED_EDGE('',*,*,#3470,.F.);
#4667=ORIENTED_EDGE('',*,*,#3471,.T.);
#4668=ORIENTED_EDGE('',*,*,#3470,.T.);
#4669=ORIENTED_EDGE('',*,*,#3472,.F.);
#4670=ORIENTED_EDGE('',*,*,#3473,.F.);
#4671=ORIENTED_EDGE('',*,*,#3474,.T.);
#4672=ORIENTED_EDGE('',*,*,#3473,.T.);
#4673=ORIENTED_EDGE('',*,*,#3475,.F.);
#4674=ORIENTED_EDGE('',*,*,#3476,.F.);
#4675=ORIENTED_EDGE('',*,*,#3477,.T.);
#4676=ORIENTED_EDGE('',*,*,#3476,.T.);
#4677=ORIENTED_EDGE('',*,*,#3478,.F.);
#4678=ORIENTED_EDGE('',*,*,#3465,.F.);
#4679=ORIENTED_EDGE('',*,*,#3479,.T.);
#4680=ORIENTED_EDGE('',*,*,#3480,.T.);
#4681=ORIENTED_EDGE('',*,*,#3481,.F.);
#4682=ORIENTED_EDGE('',*,*,#3482,.F.);
#4683=ORIENTED_EDGE('',*,*,#3483,.T.);
#4684=ORIENTED_EDGE('',*,*,#3482,.T.);
#4685=ORIENTED_EDGE('',*,*,#3484,.F.);
#4686=ORIENTED_EDGE('',*,*,#3485,.F.);
#4687=ORIENTED_EDGE('',*,*,#3486,.T.);
#4688=ORIENTED_EDGE('',*,*,#3485,.T.);
#4689=ORIENTED_EDGE('',*,*,#3487,.F.);
#4690=ORIENTED_EDGE('',*,*,#3488,.F.);
#4691=ORIENTED_EDGE('',*,*,#3489,.T.);
#4692=ORIENTED_EDGE('',*,*,#3488,.T.);
#4693=ORIENTED_EDGE('',*,*,#3490,.F.);
#4694=ORIENTED_EDGE('',*,*,#3491,.F.);
#4695=ORIENTED_EDGE('',*,*,#3492,.T.);
#4696=ORIENTED_EDGE('',*,*,#3491,.T.);
#4697=ORIENTED_EDGE('',*,*,#3493,.F.);
#4698=ORIENTED_EDGE('',*,*,#3494,.F.);
#4699=ORIENTED_EDGE('',*,*,#3495,.T.);
#4700=ORIENTED_EDGE('',*,*,#3494,.T.);
#4701=ORIENTED_EDGE('',*,*,#3496,.F.);
#4702=ORIENTED_EDGE('',*,*,#3497,.F.);
#4703=ORIENTED_EDGE('',*,*,#3498,.T.);
#4704=ORIENTED_EDGE('',*,*,#3497,.T.);
#4705=ORIENTED_EDGE('',*,*,#3499,.F.);
#4706=ORIENTED_EDGE('',*,*,#3480,.F.);
#4707=ORIENTED_EDGE('',*,*,#3500,.T.);
#4708=ORIENTED_EDGE('',*,*,#3501,.T.);
#4709=ORIENTED_EDGE('',*,*,#3502,.F.);
#4710=ORIENTED_EDGE('',*,*,#3503,.F.);
#4711=ORIENTED_EDGE('',*,*,#3504,.T.);
#4712=ORIENTED_EDGE('',*,*,#3503,.T.);
#4713=ORIENTED_EDGE('',*,*,#3505,.F.);
#4714=ORIENTED_EDGE('',*,*,#3506,.F.);
#4715=ORIENTED_EDGE('',*,*,#3507,.T.);
#4716=ORIENTED_EDGE('',*,*,#3506,.T.);
#4717=ORIENTED_EDGE('',*,*,#3508,.F.);
#4718=ORIENTED_EDGE('',*,*,#3509,.F.);
#4719=ORIENTED_EDGE('',*,*,#3510,.T.);
#4720=ORIENTED_EDGE('',*,*,#3509,.T.);
#4721=ORIENTED_EDGE('',*,*,#3511,.F.);
#4722=ORIENTED_EDGE('',*,*,#3512,.F.);
#4723=ORIENTED_EDGE('',*,*,#3513,.T.);
#4724=ORIENTED_EDGE('',*,*,#3512,.T.);
#4725=ORIENTED_EDGE('',*,*,#3514,.F.);
#4726=ORIENTED_EDGE('',*,*,#3501,.F.);
#4727=ORIENTED_EDGE('',*,*,#3515,.F.);
#4728=ORIENTED_EDGE('',*,*,#2892,.T.);
#4729=ORIENTED_EDGE('',*,*,#3516,.F.);
#4730=ORIENTED_EDGE('',*,*,#3517,.F.);
#4731=ORIENTED_EDGE('',*,*,#3518,.T.);
#4732=ORIENTED_EDGE('',*,*,#3517,.T.);
#4733=ORIENTED_EDGE('',*,*,#3519,.F.);
#4734=ORIENTED_EDGE('',*,*,#2894,.F.);
#4735=ORIENTED_EDGE('',*,*,#2902,.T.);
#4736=ORIENTED_EDGE('',*,*,#3520,.F.);
#4737=ORIENTED_EDGE('',*,*,#2994,.F.);
#4738=ORIENTED_EDGE('',*,*,#3521,.T.);
#4739=ORIENTED_EDGE('',*,*,#2928,.T.);
#4740=ORIENTED_EDGE('',*,*,#2930,.T.);
#4741=ORIENTED_EDGE('',*,*,#3004,.T.);
#4742=ORIENTED_EDGE('',*,*,#2991,.T.);
#4743=ORIENTED_EDGE('',*,*,#3520,.T.);
#4744=ORIENTED_EDGE('',*,*,#2905,.T.);
#4745=ORIENTED_EDGE('',*,*,#3519,.T.);
#4746=ORIENTED_EDGE('',*,*,#3516,.T.);
#4747=ORIENTED_EDGE('',*,*,#2907,.T.);
#4748=ORIENTED_EDGE('',*,*,#2908,.T.);
#4749=ORIENTED_EDGE('',*,*,#3026,.T.);
#4750=ORIENTED_EDGE('',*,*,#3016,.T.);
#4751=ORIENTED_EDGE('',*,*,#3514,.T.);
#4752=ORIENTED_EDGE('',*,*,#3511,.T.);
#4753=ORIENTED_EDGE('',*,*,#3508,.T.);
#4754=ORIENTED_EDGE('',*,*,#3505,.T.);
#4755=ORIENTED_EDGE('',*,*,#3502,.T.);
#4756=ORIENTED_EDGE('',*,*,#3499,.T.);
#4757=ORIENTED_EDGE('',*,*,#3496,.T.);
#4758=ORIENTED_EDGE('',*,*,#3493,.T.);
#4759=ORIENTED_EDGE('',*,*,#3490,.T.);
#4760=ORIENTED_EDGE('',*,*,#3487,.T.);
#4761=ORIENTED_EDGE('',*,*,#3484,.T.);
#4762=ORIENTED_EDGE('',*,*,#3481,.T.);
#4763=ORIENTED_EDGE('',*,*,#3478,.T.);
#4764=ORIENTED_EDGE('',*,*,#3475,.T.);
#4765=ORIENTED_EDGE('',*,*,#3472,.T.);
#4766=ORIENTED_EDGE('',*,*,#3469,.T.);
#4767=ORIENTED_EDGE('',*,*,#3466,.T.);
#4768=ORIENTED_EDGE('',*,*,#3463,.T.);
#4769=ORIENTED_EDGE('',*,*,#3460,.T.);
#4770=ORIENTED_EDGE('',*,*,#3457,.T.);
#4771=ORIENTED_EDGE('',*,*,#3454,.T.);
#4772=ORIENTED_EDGE('',*,*,#3451,.T.);
#4773=ORIENTED_EDGE('',*,*,#3448,.T.);
#4774=ORIENTED_EDGE('',*,*,#3445,.T.);
#4775=ORIENTED_EDGE('',*,*,#3442,.T.);
#4776=ORIENTED_EDGE('',*,*,#3439,.T.);
#4777=ORIENTED_EDGE('',*,*,#3436,.T.);
#4778=ORIENTED_EDGE('',*,*,#3433,.T.);
#4779=ORIENTED_EDGE('',*,*,#3430,.T.);
#4780=ORIENTED_EDGE('',*,*,#3427,.T.);
#4781=ORIENTED_EDGE('',*,*,#3424,.T.);
#4782=ORIENTED_EDGE('',*,*,#3421,.T.);
#4783=ORIENTED_EDGE('',*,*,#3418,.T.);
#4784=ORIENTED_EDGE('',*,*,#3415,.T.);
#4785=ORIENTED_EDGE('',*,*,#3412,.T.);
#4786=ORIENTED_EDGE('',*,*,#3409,.T.);
#4787=ORIENTED_EDGE('',*,*,#3406,.T.);
#4788=ORIENTED_EDGE('',*,*,#3403,.T.);
#4789=ORIENTED_EDGE('',*,*,#3400,.T.);
#4790=ORIENTED_EDGE('',*,*,#3397,.T.);
#4791=ORIENTED_EDGE('',*,*,#3394,.T.);
#4792=ORIENTED_EDGE('',*,*,#3391,.T.);
#4793=ORIENTED_EDGE('',*,*,#3388,.T.);
#4794=ORIENTED_EDGE('',*,*,#3385,.T.);
#4795=ORIENTED_EDGE('',*,*,#3382,.T.);
#4796=ORIENTED_EDGE('',*,*,#3379,.T.);
#4797=ORIENTED_EDGE('',*,*,#3376,.T.);
#4798=ORIENTED_EDGE('',*,*,#3373,.T.);
#4799=ORIENTED_EDGE('',*,*,#3370,.T.);
#4800=ORIENTED_EDGE('',*,*,#3367,.T.);
#4801=ORIENTED_EDGE('',*,*,#3364,.T.);
#4802=ORIENTED_EDGE('',*,*,#3361,.T.);
#4803=ORIENTED_EDGE('',*,*,#3358,.T.);
#4804=ORIENTED_EDGE('',*,*,#3355,.T.);
#4805=ORIENTED_EDGE('',*,*,#3352,.T.);
#4806=ORIENTED_EDGE('',*,*,#3349,.T.);
#4807=ORIENTED_EDGE('',*,*,#3346,.T.);
#4808=ORIENTED_EDGE('',*,*,#3343,.T.);
#4809=ORIENTED_EDGE('',*,*,#3340,.T.);
#4810=ORIENTED_EDGE('',*,*,#3337,.T.);
#4811=ORIENTED_EDGE('',*,*,#3334,.T.);
#4812=ORIENTED_EDGE('',*,*,#3331,.T.);
#4813=ORIENTED_EDGE('',*,*,#3328,.T.);
#4814=ORIENTED_EDGE('',*,*,#3325,.T.);
#4815=ORIENTED_EDGE('',*,*,#3322,.T.);
#4816=ORIENTED_EDGE('',*,*,#3319,.T.);
#4817=ORIENTED_EDGE('',*,*,#3316,.T.);
#4818=ORIENTED_EDGE('',*,*,#3313,.T.);
#4819=ORIENTED_EDGE('',*,*,#3310,.T.);
#4820=ORIENTED_EDGE('',*,*,#3307,.T.);
#4821=ORIENTED_EDGE('',*,*,#3304,.T.);
#4822=ORIENTED_EDGE('',*,*,#3301,.T.);
#4823=ORIENTED_EDGE('',*,*,#3298,.T.);
#4824=ORIENTED_EDGE('',*,*,#3295,.T.);
#4825=ORIENTED_EDGE('',*,*,#3292,.T.);
#4826=ORIENTED_EDGE('',*,*,#3289,.T.);
#4827=ORIENTED_EDGE('',*,*,#3286,.T.);
#4828=ORIENTED_EDGE('',*,*,#3283,.T.);
#4829=ORIENTED_EDGE('',*,*,#3280,.T.);
#4830=ORIENTED_EDGE('',*,*,#3277,.T.);
#4831=ORIENTED_EDGE('',*,*,#3274,.T.);
#4832=ORIENTED_EDGE('',*,*,#3271,.T.);
#4833=ORIENTED_EDGE('',*,*,#3268,.T.);
#4834=ORIENTED_EDGE('',*,*,#3265,.T.);
#4835=ORIENTED_EDGE('',*,*,#3262,.T.);
#4836=ORIENTED_EDGE('',*,*,#3259,.T.);
#4837=ORIENTED_EDGE('',*,*,#3256,.T.);
#4838=ORIENTED_EDGE('',*,*,#3253,.T.);
#4839=ORIENTED_EDGE('',*,*,#3250,.T.);
#4840=ORIENTED_EDGE('',*,*,#3247,.T.);
#4841=ORIENTED_EDGE('',*,*,#3244,.T.);
#4842=ORIENTED_EDGE('',*,*,#3241,.T.);
#4843=ORIENTED_EDGE('',*,*,#3238,.T.);
#4844=ORIENTED_EDGE('',*,*,#3235,.T.);
#4845=ORIENTED_EDGE('',*,*,#3232,.T.);
#4846=ORIENTED_EDGE('',*,*,#3229,.T.);
#4847=ORIENTED_EDGE('',*,*,#3226,.T.);
#4848=ORIENTED_EDGE('',*,*,#3223,.T.);
#4849=ORIENTED_EDGE('',*,*,#3220,.T.);
#4850=ORIENTED_EDGE('',*,*,#3217,.T.);
#4851=ORIENTED_EDGE('',*,*,#3214,.T.);
#4852=ORIENTED_EDGE('',*,*,#3211,.T.);
#4853=ORIENTED_EDGE('',*,*,#3208,.T.);
#4854=ORIENTED_EDGE('',*,*,#3205,.T.);
#4855=ORIENTED_EDGE('',*,*,#3202,.T.);
#4856=ORIENTED_EDGE('',*,*,#3199,.T.);
#4857=ORIENTED_EDGE('',*,*,#3196,.T.);
#4858=ORIENTED_EDGE('',*,*,#3193,.T.);
#4859=ORIENTED_EDGE('',*,*,#3190,.T.);
#4860=ORIENTED_EDGE('',*,*,#3187,.T.);
#4861=ORIENTED_EDGE('',*,*,#3184,.T.);
#4862=ORIENTED_EDGE('',*,*,#3181,.T.);
#4863=ORIENTED_EDGE('',*,*,#3178,.T.);
#4864=ORIENTED_EDGE('',*,*,#3175,.T.);
#4865=ORIENTED_EDGE('',*,*,#3172,.T.);
#4866=ORIENTED_EDGE('',*,*,#3169,.T.);
#4867=ORIENTED_EDGE('',*,*,#3166,.T.);
#4868=ORIENTED_EDGE('',*,*,#3163,.T.);
#4869=ORIENTED_EDGE('',*,*,#3160,.T.);
#4870=ORIENTED_EDGE('',*,*,#3157,.T.);
#4871=ORIENTED_EDGE('',*,*,#3154,.T.);
#4872=ORIENTED_EDGE('',*,*,#3151,.T.);
#4873=ORIENTED_EDGE('',*,*,#3148,.T.);
#4874=ORIENTED_EDGE('',*,*,#3145,.T.);
#4875=ORIENTED_EDGE('',*,*,#3142,.T.);
#4876=ORIENTED_EDGE('',*,*,#3139,.T.);
#4877=ORIENTED_EDGE('',*,*,#3136,.T.);
#4878=ORIENTED_EDGE('',*,*,#3133,.T.);
#4879=ORIENTED_EDGE('',*,*,#3130,.T.);
#4880=ORIENTED_EDGE('',*,*,#3127,.T.);
#4881=ORIENTED_EDGE('',*,*,#3124,.T.);
#4882=ORIENTED_EDGE('',*,*,#3121,.T.);
#4883=ORIENTED_EDGE('',*,*,#3118,.T.);
#4884=ORIENTED_EDGE('',*,*,#3115,.T.);
#4885=ORIENTED_EDGE('',*,*,#3112,.T.);
#4886=ORIENTED_EDGE('',*,*,#3109,.T.);
#4887=ORIENTED_EDGE('',*,*,#3106,.T.);
#4888=ORIENTED_EDGE('',*,*,#3103,.T.);
#4889=ORIENTED_EDGE('',*,*,#3100,.T.);
#4890=ORIENTED_EDGE('',*,*,#3097,.T.);
#4891=ORIENTED_EDGE('',*,*,#3094,.T.);
#4892=ORIENTED_EDGE('',*,*,#3091,.T.);
#4893=ORIENTED_EDGE('',*,*,#3088,.T.);
#4894=ORIENTED_EDGE('',*,*,#3085,.T.);
#4895=ORIENTED_EDGE('',*,*,#3082,.T.);
#4896=ORIENTED_EDGE('',*,*,#3079,.T.);
#4897=ORIENTED_EDGE('',*,*,#3076,.T.);
#4898=ORIENTED_EDGE('',*,*,#3073,.T.);
#4899=ORIENTED_EDGE('',*,*,#3070,.T.);
#4900=ORIENTED_EDGE('',*,*,#3067,.T.);
#4901=ORIENTED_EDGE('',*,*,#3064,.T.);
#4902=ORIENTED_EDGE('',*,*,#3061,.T.);
#4903=ORIENTED_EDGE('',*,*,#3058,.T.);
#4904=ORIENTED_EDGE('',*,*,#3055,.T.);
#4905=ORIENTED_EDGE('',*,*,#3052,.T.);
#4906=ORIENTED_EDGE('',*,*,#3049,.T.);
#4907=ORIENTED_EDGE('',*,*,#3046,.T.);
#4908=ORIENTED_EDGE('',*,*,#3043,.T.);
#4909=ORIENTED_EDGE('',*,*,#3040,.T.);
#4910=ORIENTED_EDGE('',*,*,#3037,.T.);
#4911=ORIENTED_EDGE('',*,*,#3034,.T.);
#4912=ORIENTED_EDGE('',*,*,#3031,.T.);
#4913=ORIENTED_EDGE('',*,*,#2923,.F.);
#4914=ORIENTED_EDGE('',*,*,#3021,.F.);
#4915=ORIENTED_EDGE('',*,*,#3027,.F.);
#4916=ORIENTED_EDGE('',*,*,#2912,.F.);
#4917=ORIENTED_EDGE('',*,*,#2914,.F.);
#4918=ORIENTED_EDGE('',*,*,#3515,.T.);
#4919=ORIENTED_EDGE('',*,*,#3518,.F.);
#4920=ORIENTED_EDGE('',*,*,#2915,.F.);
#4921=ORIENTED_EDGE('',*,*,#3521,.F.);
#4922=ORIENTED_EDGE('',*,*,#2997,.F.);
#4923=ORIENTED_EDGE('',*,*,#3006,.F.);
#4924=ORIENTED_EDGE('',*,*,#2933,.F.);
#4925=ORIENTED_EDGE('',*,*,#3513,.F.);
#4926=ORIENTED_EDGE('',*,*,#3500,.F.);
#4927=ORIENTED_EDGE('',*,*,#3504,.F.);
#4928=ORIENTED_EDGE('',*,*,#3507,.F.);
#4929=ORIENTED_EDGE('',*,*,#3510,.F.);
#4930=ORIENTED_EDGE('',*,*,#3498,.F.);
#4931=ORIENTED_EDGE('',*,*,#3479,.F.);
#4932=ORIENTED_EDGE('',*,*,#3483,.F.);
#4933=ORIENTED_EDGE('',*,*,#3486,.F.);
#4934=ORIENTED_EDGE('',*,*,#3489,.F.);
#4935=ORIENTED_EDGE('',*,*,#3492,.F.);
#4936=ORIENTED_EDGE('',*,*,#3495,.F.);
#4937=ORIENTED_EDGE('',*,*,#3477,.F.);
#4938=ORIENTED_EDGE('',*,*,#3464,.F.);
#4939=ORIENTED_EDGE('',*,*,#3468,.F.);
#4940=ORIENTED_EDGE('',*,*,#3471,.F.);
#4941=ORIENTED_EDGE('',*,*,#3474,.F.);
#4942=ORIENTED_EDGE('',*,*,#3462,.F.);
#4943=ORIENTED_EDGE('',*,*,#3449,.F.);
#4944=ORIENTED_EDGE('',*,*,#3453,.F.);
#4945=ORIENTED_EDGE('',*,*,#3456,.F.);
#4946=ORIENTED_EDGE('',*,*,#3459,.F.);
#4947=ORIENTED_EDGE('',*,*,#3447,.F.);
#4948=ORIENTED_EDGE('',*,*,#3434,.F.);
#4949=ORIENTED_EDGE('',*,*,#3438,.F.);
#4950=ORIENTED_EDGE('',*,*,#3441,.F.);
#4951=ORIENTED_EDGE('',*,*,#3444,.F.);
#4952=ORIENTED_EDGE('',*,*,#3432,.F.);
#4953=ORIENTED_EDGE('',*,*,#3416,.F.);
#4954=ORIENTED_EDGE('',*,*,#3420,.F.);
#4955=ORIENTED_EDGE('',*,*,#3423,.F.);
#4956=ORIENTED_EDGE('',*,*,#3426,.F.);
#4957=ORIENTED_EDGE('',*,*,#3429,.F.);
#4958=ORIENTED_EDGE('',*,*,#3414,.F.);
#4959=ORIENTED_EDGE('',*,*,#3401,.F.);
#4960=ORIENTED_EDGE('',*,*,#3405,.F.);
#4961=ORIENTED_EDGE('',*,*,#3408,.F.);
#4962=ORIENTED_EDGE('',*,*,#3411,.F.);
#4963=ORIENTED_EDGE('',*,*,#3399,.F.);
#4964=ORIENTED_EDGE('',*,*,#3383,.F.);
#4965=ORIENTED_EDGE('',*,*,#3387,.F.);
#4966=ORIENTED_EDGE('',*,*,#3390,.F.);
#4967=ORIENTED_EDGE('',*,*,#3393,.F.);
#4968=ORIENTED_EDGE('',*,*,#3396,.F.);
#4969=ORIENTED_EDGE('',*,*,#3381,.F.);
#4970=ORIENTED_EDGE('',*,*,#3362,.F.);
#4971=ORIENTED_EDGE('',*,*,#3366,.F.);
#4972=ORIENTED_EDGE('',*,*,#3369,.F.);
#4973=ORIENTED_EDGE('',*,*,#3372,.F.);
#4974=ORIENTED_EDGE('',*,*,#3375,.F.);
#4975=ORIENTED_EDGE('',*,*,#3378,.F.);
#4976=ORIENTED_EDGE('',*,*,#3360,.F.);
#4977=ORIENTED_EDGE('',*,*,#3338,.F.);
#4978=ORIENTED_EDGE('',*,*,#3342,.F.);
#4979=ORIENTED_EDGE('',*,*,#3345,.F.);
#4980=ORIENTED_EDGE('',*,*,#3348,.F.);
#4981=ORIENTED_EDGE('',*,*,#3351,.F.);
#4982=ORIENTED_EDGE('',*,*,#3354,.F.);
#4983=ORIENTED_EDGE('',*,*,#3357,.F.);
#4984=ORIENTED_EDGE('',*,*,#3336,.F.);
#4985=ORIENTED_EDGE('',*,*,#3323,.F.);
#4986=ORIENTED_EDGE('',*,*,#3327,.F.);
#4987=ORIENTED_EDGE('',*,*,#3330,.F.);
#4988=ORIENTED_EDGE('',*,*,#3333,.F.);
#4989=ORIENTED_EDGE('',*,*,#3321,.F.);
#4990=ORIENTED_EDGE('',*,*,#3308,.F.);
#4991=ORIENTED_EDGE('',*,*,#3312,.F.);
#4992=ORIENTED_EDGE('',*,*,#3315,.F.);
#4993=ORIENTED_EDGE('',*,*,#3318,.F.);
#4994=ORIENTED_EDGE('',*,*,#3306,.F.);
#4995=ORIENTED_EDGE('',*,*,#3290,.F.);
#4996=ORIENTED_EDGE('',*,*,#3294,.F.);
#4997=ORIENTED_EDGE('',*,*,#3297,.F.);
#4998=ORIENTED_EDGE('',*,*,#3300,.F.);
#4999=ORIENTED_EDGE('',*,*,#3303,.F.);
#5000=ORIENTED_EDGE('',*,*,#3288,.F.);
#5001=ORIENTED_EDGE('',*,*,#3269,.F.);
#5002=ORIENTED_EDGE('',*,*,#3273,.F.);
#5003=ORIENTED_EDGE('',*,*,#3276,.F.);
#5004=ORIENTED_EDGE('',*,*,#3279,.F.);
#5005=ORIENTED_EDGE('',*,*,#3282,.F.);
#5006=ORIENTED_EDGE('',*,*,#3285,.F.);
#5007=ORIENTED_EDGE('',*,*,#3267,.F.);
#5008=ORIENTED_EDGE('',*,*,#3251,.F.);
#5009=ORIENTED_EDGE('',*,*,#3255,.F.);
#5010=ORIENTED_EDGE('',*,*,#3258,.F.);
#5011=ORIENTED_EDGE('',*,*,#3261,.F.);
#5012=ORIENTED_EDGE('',*,*,#3264,.F.);
#5013=ORIENTED_EDGE('',*,*,#3249,.F.);
#5014=ORIENTED_EDGE('',*,*,#3230,.F.);
#5015=ORIENTED_EDGE('',*,*,#3234,.F.);
#5016=ORIENTED_EDGE('',*,*,#3237,.F.);
#5017=ORIENTED_EDGE('',*,*,#3240,.F.);
#5018=ORIENTED_EDGE('',*,*,#3243,.F.);
#5019=ORIENTED_EDGE('',*,*,#3246,.F.);
#5020=ORIENTED_EDGE('',*,*,#3228,.F.);
#5021=ORIENTED_EDGE('',*,*,#3209,.F.);
#5022=ORIENTED_EDGE('',*,*,#3213,.F.);
#5023=ORIENTED_EDGE('',*,*,#3216,.F.);
#5024=ORIENTED_EDGE('',*,*,#3219,.F.);
#5025=ORIENTED_EDGE('',*,*,#3222,.F.);
#5026=ORIENTED_EDGE('',*,*,#3225,.F.);
#5027=ORIENTED_EDGE('',*,*,#3207,.F.);
#5028=ORIENTED_EDGE('',*,*,#3191,.F.);
#5029=ORIENTED_EDGE('',*,*,#3195,.F.);
#5030=ORIENTED_EDGE('',*,*,#3198,.F.);
#5031=ORIENTED_EDGE('',*,*,#3201,.F.);
#5032=ORIENTED_EDGE('',*,*,#3204,.F.);
#5033=ORIENTED_EDGE('',*,*,#3189,.F.);
#5034=ORIENTED_EDGE('',*,*,#3179,.F.);
#5035=ORIENTED_EDGE('',*,*,#3183,.F.);
#5036=ORIENTED_EDGE('',*,*,#3186,.F.);
#5037=ORIENTED_EDGE('',*,*,#3177,.F.);
#5038=ORIENTED_EDGE('',*,*,#3164,.F.);
#5039=ORIENTED_EDGE('',*,*,#3168,.F.);
#5040=ORIENTED_EDGE('',*,*,#3171,.F.);
#5041=ORIENTED_EDGE('',*,*,#3174,.F.);
#5042=ORIENTED_EDGE('',*,*,#3162,.F.);
#5043=ORIENTED_EDGE('',*,*,#3152,.F.);
#5044=ORIENTED_EDGE('',*,*,#3156,.F.);
#5045=ORIENTED_EDGE('',*,*,#3159,.F.);
#5046=ORIENTED_EDGE('',*,*,#3150,.F.);
#5047=ORIENTED_EDGE('',*,*,#3137,.F.);
#5048=ORIENTED_EDGE('',*,*,#3141,.F.);
#5049=ORIENTED_EDGE('',*,*,#3144,.F.);
#5050=ORIENTED_EDGE('',*,*,#3147,.F.);
#5051=ORIENTED_EDGE('',*,*,#3135,.F.);
#5052=ORIENTED_EDGE('',*,*,#3113,.F.);
#5053=ORIENTED_EDGE('',*,*,#3117,.F.);
#5054=ORIENTED_EDGE('',*,*,#3120,.F.);
#5055=ORIENTED_EDGE('',*,*,#3123,.F.);
#5056=ORIENTED_EDGE('',*,*,#3126,.F.);
#5057=ORIENTED_EDGE('',*,*,#3129,.F.);
#5058=ORIENTED_EDGE('',*,*,#3132,.F.);
#5059=ORIENTED_EDGE('',*,*,#3111,.F.);
#5060=ORIENTED_EDGE('',*,*,#3095,.F.);
#5061=ORIENTED_EDGE('',*,*,#3099,.F.);
#5062=ORIENTED_EDGE('',*,*,#3102,.F.);
#5063=ORIENTED_EDGE('',*,*,#3105,.F.);
#5064=ORIENTED_EDGE('',*,*,#3108,.F.);
#5065=ORIENTED_EDGE('',*,*,#3093,.F.);
#5066=ORIENTED_EDGE('',*,*,#3077,.F.);
#5067=ORIENTED_EDGE('',*,*,#3081,.F.);
#5068=ORIENTED_EDGE('',*,*,#3084,.F.);
#5069=ORIENTED_EDGE('',*,*,#3087,.F.);
#5070=ORIENTED_EDGE('',*,*,#3090,.F.);
#5071=ORIENTED_EDGE('',*,*,#3075,.F.);
#5072=ORIENTED_EDGE('',*,*,#3059,.F.);
#5073=ORIENTED_EDGE('',*,*,#3063,.F.);
#5074=ORIENTED_EDGE('',*,*,#3066,.F.);
#5075=ORIENTED_EDGE('',*,*,#3069,.F.);
#5076=ORIENTED_EDGE('',*,*,#3072,.F.);
#5077=ORIENTED_EDGE('',*,*,#3057,.F.);
#5078=ORIENTED_EDGE('',*,*,#3044,.F.);
#5079=ORIENTED_EDGE('',*,*,#3048,.F.);
#5080=ORIENTED_EDGE('',*,*,#3051,.F.);
#5081=ORIENTED_EDGE('',*,*,#3054,.F.);
#5082=ORIENTED_EDGE('',*,*,#3042,.F.);
#5083=ORIENTED_EDGE('',*,*,#3029,.F.);
#5084=ORIENTED_EDGE('',*,*,#3033,.F.);
#5085=ORIENTED_EDGE('',*,*,#3036,.F.);
#5086=ORIENTED_EDGE('',*,*,#3039,.F.);
#5087=ORIENTED_EDGE('',*,*,#3522,.F.);
#5088=ORIENTED_EDGE('',*,*,#2849,.T.);
#5089=ORIENTED_EDGE('',*,*,#2853,.F.);
#5090=ORIENTED_EDGE('',*,*,#3024,.F.);
#5091=ORIENTED_EDGE('',*,*,#2827,.T.);
#5092=ORIENTED_EDGE('',*,*,#2851,.F.);
#5093=ORIENTED_EDGE('',*,*,#3523,.T.);
#5094=ORIENTED_EDGE('',*,*,#2990,.T.);
#5095=ORIENTED_EDGE('',*,*,#2850,.T.);
#5096=ORIENTED_EDGE('',*,*,#3522,.T.);
#5097=ORIENTED_EDGE('',*,*,#3028,.F.);
#5098=ORIENTED_EDGE('',*,*,#3523,.F.);
#5099=ORIENTED_EDGE('',*,*,#2938,.T.);
#5100=ORIENTED_EDGE('',*,*,#3524,.F.);
#5101=ORIENTED_EDGE('',*,*,#3525,.T.);
#5102=ORIENTED_EDGE('',*,*,#3526,.F.);
#5103=ORIENTED_EDGE('',*,*,#2987,.F.);
#5104=ORIENTED_EDGE('',*,*,#3527,.T.);
#5105=ORIENTED_EDGE('',*,*,#3019,.T.);
#5106=ORIENTED_EDGE('',*,*,#3528,.F.);
#5107=ORIENTED_EDGE('',*,*,#3529,.F.);
#5108=ORIENTED_EDGE('',*,*,#3530,.T.);
#5109=ORIENTED_EDGE('',*,*,#3529,.T.);
#5110=ORIENTED_EDGE('',*,*,#3531,.F.);
#5111=ORIENTED_EDGE('',*,*,#3525,.F.);
#5112=ORIENTED_EDGE('',*,*,#3531,.T.);
#5113=ORIENTED_EDGE('',*,*,#3528,.T.);
#5114=ORIENTED_EDGE('',*,*,#3017,.T.);
#5115=ORIENTED_EDGE('',*,*,#3526,.T.);
#5116=ORIENTED_EDGE('',*,*,#2939,.T.);
#5117=ORIENTED_EDGE('',*,*,#3530,.F.);
#5118=ORIENTED_EDGE('',*,*,#3524,.T.);
#5119=ORIENTED_EDGE('',*,*,#3022,.F.);
#5120=ORIENTED_EDGE('',*,*,#3527,.F.);
#5121=ORIENTED_EDGE('',*,*,#2941,.T.);
#5122=CYLINDRICAL_SURFACE('',#5435,5.);
#5123=CYLINDRICAL_SURFACE('',#5442,5.);
#5124=CYLINDRICAL_SURFACE('',#5444,5.);
#5125=CYLINDRICAL_SURFACE('',#5445,5.);
#5126=CYLINDRICAL_SURFACE('',#5466,1.25);
#5127=CYLINDRICAL_SURFACE('',#5467,1.25);
#5128=CYLINDRICAL_SURFACE('',#5468,1.25);
#5129=CYLINDRICAL_SURFACE('',#5473,1.25);
#5130=CYLINDRICAL_SURFACE('',#5474,1.25);
#5131=CYLINDRICAL_SURFACE('',#5475,1.25);
#5132=CYLINDRICAL_SURFACE('',#5489,1.25);
#5133=CYLINDRICAL_SURFACE('',#5492,1.25);
#5134=CYLINDRICAL_SURFACE('',#5494,1.25);
#5135=CYLINDRICAL_SURFACE('',#5497,1.25);
#5136=ADVANCED_FACE('',(#365),#5122,.T.);
#5137=ADVANCED_FACE('',(#366,#209),#288,.T.);
#5138=ADVANCED_FACE('',(#367),#289,.T.);
#5139=ADVANCED_FACE('',(#368),#5123,.T.);
#5140=ADVANCED_FACE('',(#369),#290,.T.);
#5141=ADVANCED_FACE('',(#370),#5124,.T.);
#5142=ADVANCED_FACE('',(#371),#5125,.T.);
#5143=ADVANCED_FACE('',(#372),#291,.T.);
#5144=ADVANCED_FACE('',(#373,#210,#211,#212,#213,#214,#215,#216),#292,.T.);
#5145=ADVANCED_FACE('',(#374),#293,.T.);
#5146=ADVANCED_FACE('',(#375),#294,.T.);
#5147=ADVANCED_FACE('',(#376),#295,.T.);
#5148=ADVANCED_FACE('',(#377),#296,.T.);
#5149=ADVANCED_FACE('',(#378),#297,.T.);
#5150=ADVANCED_FACE('',(#379,#217,#218,#219,#220,#221,#222,#223),#298,.F.);
#5151=ADVANCED_FACE('',(#380),#5126,.F.);
#5152=ADVANCED_FACE('',(#381),#5127,.F.);
#5153=ADVANCED_FACE('',(#382),#5128,.F.);
#5154=ADVANCED_FACE('',(#383),#299,.T.);
#5155=ADVANCED_FACE('',(#384),#300,.T.);
#5156=ADVANCED_FACE('',(#385),#301,.T.);
#5157=ADVANCED_FACE('',(#386),#302,.T.);
#5158=ADVANCED_FACE('',(#387),#5129,.F.);
#5159=ADVANCED_FACE('',(#388),#5130,.F.);
#5160=ADVANCED_FACE('',(#389),#5131,.F.);
#5161=ADVANCED_FACE('',(#390),#303,.T.);
#5162=ADVANCED_FACE('',(#391),#304,.T.);
#5163=ADVANCED_FACE('',(#392),#15,.F.);
#5164=ADVANCED_FACE('',(#393),#16,.F.);
#5165=ADVANCED_FACE('',(#394),#17,.F.);
#5166=ADVANCED_FACE('',(#395),#18,.F.);
#5167=ADVANCED_FACE('',(#396),#19,.F.);
#5168=ADVANCED_FACE('',(#397),#20,.F.);
#5169=ADVANCED_FACE('',(#398),#21,.F.);
#5170=ADVANCED_FACE('',(#399),#305,.T.);
#5171=ADVANCED_FACE('',(#400,#224),#306,.T.);
#5172=ADVANCED_FACE('',(#401),#307,.T.);
#5173=ADVANCED_FACE('',(#402),#22,.F.);
#5174=ADVANCED_FACE('',(#403),#23,.F.);
#5175=ADVANCED_FACE('',(#404),#24,.F.);
#5176=ADVANCED_FACE('',(#405),#25,.F.);
#5177=ADVANCED_FACE('',(#406),#26,.F.);
#5178=ADVANCED_FACE('',(#407),#27,.F.);
#5179=ADVANCED_FACE('',(#408),#28,.F.);
#5180=ADVANCED_FACE('',(#409),#308,.T.);
#5181=ADVANCED_FACE('',(#410),#309,.T.);
#5182=ADVANCED_FACE('',(#411),#29,.T.);
#5183=ADVANCED_FACE('',(#412),#310,.T.);
#5184=ADVANCED_FACE('',(#413),#311,.F.);
#5185=ADVANCED_FACE('',(#414),#312,.F.);
#5186=ADVANCED_FACE('',(#415),#30,.F.);
#5187=ADVANCED_FACE('',(#416),#31,.F.);
#5188=ADVANCED_FACE('',(#417),#32,.F.);
#5189=ADVANCED_FACE('',(#418),#33,.F.);
#5190=ADVANCED_FACE('',(#419),#34,.F.);
#5191=ADVANCED_FACE('',(#420),#35,.F.);
#5192=ADVANCED_FACE('',(#421),#313,.F.);
#5193=ADVANCED_FACE('',(#422),#36,.T.);
#5194=ADVANCED_FACE('',(#423),#37,.T.);
#5195=ADVANCED_FACE('',(#424),#38,.T.);
#5196=ADVANCED_FACE('',(#425),#39,.T.);
#5197=ADVANCED_FACE('',(#426),#40,.T.);
#5198=ADVANCED_FACE('',(#427),#41,.T.);
#5199=ADVANCED_FACE('',(#428),#5132,.F.);
#5200=ADVANCED_FACE('',(#429),#5133,.F.);
#5201=ADVANCED_FACE('',(#430),#5134,.F.);
#5202=ADVANCED_FACE('',(#431),#5135,.F.);
#5203=ADVANCED_FACE('',(#432),#314,.T.);
#5204=ADVANCED_FACE('',(#433),#315,.T.);
#5205=ADVANCED_FACE('',(#434),#316,.T.);
#5206=ADVANCED_FACE('',(#435),#317,.T.);
#5207=ADVANCED_FACE('',(#436),#318,.T.);
#5208=ADVANCED_FACE('',(#437),#42,.T.);
#5209=ADVANCED_FACE('',(#438),#43,.T.);
#5210=ADVANCED_FACE('',(#439),#319,.T.);
#5211=ADVANCED_FACE('',(#440),#320,.T.);
#5212=ADVANCED_FACE('',(#441),#321,.T.);
#5213=ADVANCED_FACE('',(#442),#322,.T.);
#5214=ADVANCED_FACE('',(#443),#323,.T.);
#5215=ADVANCED_FACE('',(#444),#44,.T.);
#5216=ADVANCED_FACE('',(#445),#45,.T.);
#5217=ADVANCED_FACE('',(#446),#46,.T.);
#5218=ADVANCED_FACE('',(#447),#324,.F.);
#5219=ADVANCED_FACE('',(#448),#47,.T.);
#5220=ADVANCED_FACE('',(#449),#48,.T.);
#5221=ADVANCED_FACE('',(#450),#49,.T.);
#5222=ADVANCED_FACE('',(#451),#50,.T.);
#5223=ADVANCED_FACE('',(#452),#51,.T.);
#5224=ADVANCED_FACE('',(#453),#325,.F.);
#5225=ADVANCED_FACE('',(#454),#52,.T.);
#5226=ADVANCED_FACE('',(#455),#53,.F.);
#5227=ADVANCED_FACE('',(#456),#326,.F.);
#5228=ADVANCED_FACE('',(#457),#54,.F.);
#5229=ADVANCED_FACE('',(#458),#327,.T.);
#5230=ADVANCED_FACE('',(#459,#225),#328,.T.);
#5231=ADVANCED_FACE('',(#460,#226),#329,.F.);
#5232=ADVANCED_FACE('',(#461),#330,.F.);
#5233=ADVANCED_FACE('',(#462),#55,.F.);
#5234=ADVANCED_FACE('',(#463),#56,.F.);
#5235=ADVANCED_FACE('',(#464),#331,.T.);
#5236=ADVANCED_FACE('',(#465),#332,.T.);
#5237=ADVANCED_FACE('',(#466),#333,.T.);
#5238=ADVANCED_FACE('',(#467,#227),#334,.T.);
#5239=ADVANCED_FACE('',(#468,#228),#335,.F.);
#5240=ADVANCED_FACE('',(#469),#57,.F.);
#5241=ADVANCED_FACE('',(#470),#336,.F.);
#5242=ADVANCED_FACE('',(#471),#58,.F.);
#5243=ADVANCED_FACE('',(#472),#337,.F.);
#5244=ADVANCED_FACE('',(#473),#59,.F.);
#5245=ADVANCED_FACE('',(#474),#60,.F.);
#5246=ADVANCED_FACE('',(#475),#61,.T.);
#5247=ADVANCED_FACE('',(#476),#62,.T.);
#5248=ADVANCED_FACE('',(#477),#63,.T.);
#5249=ADVANCED_FACE('',(#478),#64,.T.);
#5250=ADVANCED_FACE('',(#479),#65,.T.);
#5251=ADVANCED_FACE('',(#480),#66,.T.);
#5252=ADVANCED_FACE('',(#481),#67,.T.);
#5253=ADVANCED_FACE('',(#482),#68,.T.);
#5254=ADVANCED_FACE('',(#483),#69,.T.);
#5255=ADVANCED_FACE('',(#484),#70,.T.);
#5256=ADVANCED_FACE('',(#485),#71,.T.);
#5257=ADVANCED_FACE('',(#486),#338,.T.);
#5258=ADVANCED_FACE('',(#487),#72,.T.);
#5259=ADVANCED_FACE('',(#488),#73,.T.);
#5260=ADVANCED_FACE('',(#489),#74,.T.);
#5261=ADVANCED_FACE('',(#490),#75,.T.);
#5262=ADVANCED_FACE('',(#491),#76,.T.);
#5263=ADVANCED_FACE('',(#492),#339,.T.);
#5264=ADVANCED_FACE('',(#493),#77,.T.);
#5265=ADVANCED_FACE('',(#494),#78,.T.);
#5266=ADVANCED_FACE('',(#495),#79,.T.);
#5267=ADVANCED_FACE('',(#496),#80,.T.);
#5268=ADVANCED_FACE('',(#497),#81,.T.);
#5269=ADVANCED_FACE('',(#498),#82,.T.);
#5270=ADVANCED_FACE('',(#499),#83,.T.);
#5271=ADVANCED_FACE('',(#500),#84,.T.);
#5272=ADVANCED_FACE('',(#501),#85,.T.);
#5273=ADVANCED_FACE('',(#502),#86,.T.);
#5274=ADVANCED_FACE('',(#503),#87,.T.);
#5275=ADVANCED_FACE('',(#504),#88,.T.);
#5276=ADVANCED_FACE('',(#505),#89,.T.);
#5277=ADVANCED_FACE('',(#506),#90,.T.);
#5278=ADVANCED_FACE('',(#507),#91,.T.);
#5279=ADVANCED_FACE('',(#508),#92,.T.);
#5280=ADVANCED_FACE('',(#509),#93,.T.);
#5281=ADVANCED_FACE('',(#510),#94,.T.);
#5282=ADVANCED_FACE('',(#511),#95,.T.);
#5283=ADVANCED_FACE('',(#512),#96,.T.);
#5284=ADVANCED_FACE('',(#513),#97,.T.);
#5285=ADVANCED_FACE('',(#514),#98,.T.);
#5286=ADVANCED_FACE('',(#515),#340,.T.);
#5287=ADVANCED_FACE('',(#516),#99,.T.);
#5288=ADVANCED_FACE('',(#517),#100,.T.);
#5289=ADVANCED_FACE('',(#518),#101,.T.);
#5290=ADVANCED_FACE('',(#519),#102,.T.);
#5291=ADVANCED_FACE('',(#520),#103,.T.);
#5292=ADVANCED_FACE('',(#521),#104,.T.);
#5293=ADVANCED_FACE('',(#522),#341,.T.);
#5294=ADVANCED_FACE('',(#523),#105,.T.);
#5295=ADVANCED_FACE('',(#524),#106,.T.);
#5296=ADVANCED_FACE('',(#525),#107,.T.);
#5297=ADVANCED_FACE('',(#526),#108,.T.);
#5298=ADVANCED_FACE('',(#527),#109,.T.);
#5299=ADVANCED_FACE('',(#528),#110,.T.);
#5300=ADVANCED_FACE('',(#529),#342,.T.);
#5301=ADVANCED_FACE('',(#530),#111,.T.);
#5302=ADVANCED_FACE('',(#531),#112,.T.);
#5303=ADVANCED_FACE('',(#532),#113,.T.);
#5304=ADVANCED_FACE('',(#533),#114,.T.);
#5305=ADVANCED_FACE('',(#534),#115,.T.);
#5306=ADVANCED_FACE('',(#535),#116,.T.);
#5307=ADVANCED_FACE('',(#536),#117,.T.);
#5308=ADVANCED_FACE('',(#537),#118,.T.);
#5309=ADVANCED_FACE('',(#538),#119,.T.);
#5310=ADVANCED_FACE('',(#539),#120,.T.);
#5311=ADVANCED_FACE('',(#540),#121,.T.);
#5312=ADVANCED_FACE('',(#541),#343,.T.);
#5313=ADVANCED_FACE('',(#542),#122,.T.);
#5314=ADVANCED_FACE('',(#543),#123,.T.);
#5315=ADVANCED_FACE('',(#544),#124,.T.);
#5316=ADVANCED_FACE('',(#545),#125,.T.);
#5317=ADVANCED_FACE('',(#546),#126,.T.);
#5318=ADVANCED_FACE('',(#547),#127,.T.);
#5319=ADVANCED_FACE('',(#548),#344,.T.);
#5320=ADVANCED_FACE('',(#549),#128,.T.);
#5321=ADVANCED_FACE('',(#550),#129,.T.);
#5322=ADVANCED_FACE('',(#551),#130,.T.);
#5323=ADVANCED_FACE('',(#552),#345,.T.);
#5324=ADVANCED_FACE('',(#553),#131,.T.);
#5325=ADVANCED_FACE('',(#554),#132,.T.);
#5326=ADVANCED_FACE('',(#555),#133,.T.);
#5327=ADVANCED_FACE('',(#556),#134,.T.);
#5328=ADVANCED_FACE('',(#557),#135,.T.);
#5329=ADVANCED_FACE('',(#558),#136,.T.);
#5330=ADVANCED_FACE('',(#559),#346,.T.);
#5331=ADVANCED_FACE('',(#560),#137,.T.);
#5332=ADVANCED_FACE('',(#561),#138,.T.);
#5333=ADVANCED_FACE('',(#562),#139,.T.);
#5334=ADVANCED_FACE('',(#563),#140,.T.);
#5335=ADVANCED_FACE('',(#564),#141,.T.);
#5336=ADVANCED_FACE('',(#565),#142,.T.);
#5337=ADVANCED_FACE('',(#566),#143,.T.);
#5338=ADVANCED_FACE('',(#567),#144,.T.);
#5339=ADVANCED_FACE('',(#568),#145,.T.);
#5340=ADVANCED_FACE('',(#569),#347,.T.);
#5341=ADVANCED_FACE('',(#570),#146,.T.);
#5342=ADVANCED_FACE('',(#571),#147,.T.);
#5343=ADVANCED_FACE('',(#572),#148,.T.);
#5344=ADVANCED_FACE('',(#573),#348,.T.);
#5345=ADVANCED_FACE('',(#574),#349,.T.);
#5346=ADVANCED_FACE('',(#575),#149,.T.);
#5347=ADVANCED_FACE('',(#576),#150,.T.);
#5348=ADVANCED_FACE('',(#577),#151,.T.);
#5349=ADVANCED_FACE('',(#578),#152,.T.);
#5350=ADVANCED_FACE('',(#579),#153,.T.);
#5351=ADVANCED_FACE('',(#580),#154,.T.);
#5352=ADVANCED_FACE('',(#581),#155,.T.);
#5353=ADVANCED_FACE('',(#582),#156,.T.);
#5354=ADVANCED_FACE('',(#583),#157,.T.);
#5355=ADVANCED_FACE('',(#584),#158,.T.);
#5356=ADVANCED_FACE('',(#585),#159,.T.);
#5357=ADVANCED_FACE('',(#586),#350,.T.);
#5358=ADVANCED_FACE('',(#587),#160,.T.);
#5359=ADVANCED_FACE('',(#588),#161,.T.);
#5360=ADVANCED_FACE('',(#589),#162,.T.);
#5361=ADVANCED_FACE('',(#590),#163,.T.);
#5362=ADVANCED_FACE('',(#591),#164,.T.);
#5363=ADVANCED_FACE('',(#592),#165,.T.);
#5364=ADVANCED_FACE('',(#593),#166,.T.);
#5365=ADVANCED_FACE('',(#594),#167,.T.);
#5366=ADVANCED_FACE('',(#595),#168,.T.);
#5367=ADVANCED_FACE('',(#596),#169,.T.);
#5368=ADVANCED_FACE('',(#597),#170,.T.);
#5369=ADVANCED_FACE('',(#598),#171,.T.);
#5370=ADVANCED_FACE('',(#599),#172,.T.);
#5371=ADVANCED_FACE('',(#600),#173,.T.);
#5372=ADVANCED_FACE('',(#601),#174,.T.);
#5373=ADVANCED_FACE('',(#602),#175,.T.);
#5374=ADVANCED_FACE('',(#603),#176,.T.);
#5375=ADVANCED_FACE('',(#604),#177,.T.);
#5376=ADVANCED_FACE('',(#605),#178,.T.);
#5377=ADVANCED_FACE('',(#606),#179,.T.);
#5378=ADVANCED_FACE('',(#607),#180,.T.);
#5379=ADVANCED_FACE('',(#608),#181,.T.);
#5380=ADVANCED_FACE('',(#609),#182,.T.);
#5381=ADVANCED_FACE('',(#610),#183,.T.);
#5382=ADVANCED_FACE('',(#611),#184,.T.);
#5383=ADVANCED_FACE('',(#612),#185,.T.);
#5384=ADVANCED_FACE('',(#613),#186,.T.);
#5385=ADVANCED_FACE('',(#614),#187,.T.);
#5386=ADVANCED_FACE('',(#615),#351,.T.);
#5387=ADVANCED_FACE('',(#616),#352,.T.);
#5388=ADVANCED_FACE('',(#617),#188,.T.);
#5389=ADVANCED_FACE('',(#618),#189,.T.);
#5390=ADVANCED_FACE('',(#619),#190,.T.);
#5391=ADVANCED_FACE('',(#620),#191,.T.);
#5392=ADVANCED_FACE('',(#621),#192,.T.);
#5393=ADVANCED_FACE('',(#622),#193,.T.);
#5394=ADVANCED_FACE('',(#623),#194,.T.);
#5395=ADVANCED_FACE('',(#624),#195,.T.);
#5396=ADVANCED_FACE('',(#625),#196,.T.);
#5397=ADVANCED_FACE('',(#626),#197,.T.);
#5398=ADVANCED_FACE('',(#627),#198,.T.);
#5399=ADVANCED_FACE('',(#628),#199,.T.);
#5400=ADVANCED_FACE('',(#629),#200,.T.);
#5401=ADVANCED_FACE('',(#630),#201,.T.);
#5402=ADVANCED_FACE('',(#631),#202,.T.);
#5403=ADVANCED_FACE('',(#632),#203,.T.);
#5404=ADVANCED_FACE('',(#633),#204,.T.);
#5405=ADVANCED_FACE('',(#634),#205,.T.);
#5406=ADVANCED_FACE('',(#635),#206,.T.);
#5407=ADVANCED_FACE('',(#636),#207,.T.);
#5408=ADVANCED_FACE('',(#637),#353,.T.);
#5409=ADVANCED_FACE('',(#638),#208,.T.);
#5410=ADVANCED_FACE('',(#639),#354,.T.);
#5411=ADVANCED_FACE('',(#640,#229,#230,#231,#232,#233,#234,#235,#236,#237,
#238,#239,#240,#241,#242,#243,#244,#245,#246,#247,#248,#249,#250,#251,#252,
#253,#254,#255,#256),#355,.T.);
#5412=ADVANCED_FACE('',(#641,#257,#258,#259,#260,#261,#262,#263,#264,#265,
#266,#267,#268,#269,#270,#271,#272,#273,#274,#275,#276,#277,#278,#279,#280,
#281,#282,#283,#284),#356,.F.);
#5413=ADVANCED_FACE('',(#642),#357,.T.);
#5414=ADVANCED_FACE('',(#643),#358,.T.);
#5415=ADVANCED_FACE('',(#644,#285),#359,.F.);
#5416=ADVANCED_FACE('',(#645),#360,.T.);
#5417=ADVANCED_FACE('',(#646),#361,.T.);
#5418=ADVANCED_FACE('',(#647),#362,.T.);
#5419=ADVANCED_FACE('',(#648,#286),#363,.T.);
#5420=ADVANCED_FACE('',(#649,#287),#364,.F.);
#5421=CLOSED_SHELL('',(#5136,#5137,#5138,#5139,#5140,#5141,#5142,#5143,
#5144,#5145,#5146,#5147,#5148,#5149,#5150,#5151,#5152,#5153,#5154,#5155,
#5156,#5157,#5158,#5159,#5160,#5161,#5162,#5163,#5164,#5165,#5166,#5167,
#5168,#5169,#5170,#5171,#5172,#5173,#5174,#5175,#5176,#5177,#5178,#5179,
#5180,#5181,#5182,#5183,#5184,#5185,#5186,#5187,#5188,#5189,#5190,#5191,
#5192,#5193,#5194,#5195,#5196,#5197,#5198,#5199,#5200,#5201,#5202,#5203,
#5204,#5205,#5206,#5207,#5208,#5209,#5210,#5211,#5212,#5213,#5214,#5215,
#5216,#5217,#5218,#5219,#5220,#5221,#5222,#5223,#5224,#5225,#5226,#5227,
#5228,#5229,#5230,#5231,#5232,#5233,#5234,#5235,#5236,#5237,#5238,#5239,
#5240,#5241,#5242,#5243,#5244,#5245,#5246,#5247,#5248,#5249,#5250,#5251,
#5252,#5253,#5254,#5255,#5256,#5257,#5258,#5259,#5260,#5261,#5262,#5263,
#5264,#5265,#5266,#5267,#5268,#5269,#5270,#5271,#5272,#5273,#5274,#5275,
#5276,#5277,#5278,#5279,#5280,#5281,#5282,#5283,#5284,#5285,#5286,#5287,
#5288,#5289,#5290,#5291,#5292,#5293,#5294,#5295,#5296,#5297,#5298,#5299,
#5300,#5301,#5302,#5303,#5304,#5305,#5306,#5307,#5308,#5309,#5310,#5311,
#5312,#5313,#5314,#5315,#5316,#5317,#5318,#5319,#5320,#5321,#5322,#5323,
#5324,#5325,#5326,#5327,#5328,#5329,#5330,#5331,#5332,#5333,#5334,#5335,
#5336,#5337,#5338,#5339,#5340,#5341,#5342,#5343,#5344,#5345,#5346,#5347,
#5348,#5349,#5350,#5351,#5352,#5353,#5354,#5355,#5356,#5357,#5358,#5359,
#5360,#5361,#5362,#5363,#5364,#5365,#5366,#5367,#5368,#5369,#5370,#5371,
#5372,#5373,#5374,#5375,#5376,#5377,#5378,#5379,#5380,#5381,#5382,#5383,
#5384,#5385,#5386,#5387,#5388,#5389,#5390,#5391,#5392,#5393,#5394,#5395,
#5396,#5397,#5398,#5399,#5400,#5401,#5402,#5403,#5404,#5405,#5406,#5407,
#5408,#5409,#5410,#5411,#5412,#5413,#5414,#5415,#5416,#5417,#5418,#5419,
#5420));
#5422=DERIVED_UNIT_ELEMENT(#5424,1.);
#5423=DERIVED_UNIT_ELEMENT(#10245,-3.);
#5424=(
MASS_UNIT()
NAMED_UNIT(*)
SI_UNIT(.KILO.,.GRAM.)
);
#5425=DERIVED_UNIT((#5422,#5423));
#5426=MEASURE_REPRESENTATION_ITEM('density measure',
POSITIVE_RATIO_MEASURE(7850.),#5425);
#5427=PROPERTY_DEFINITION_REPRESENTATION(#5432,#5429);
#5428=PROPERTY_DEFINITION_REPRESENTATION(#5433,#5430);
#5429=REPRESENTATION('material name',(#5431),#10242);
#5430=REPRESENTATION('density',(#5426),#10242);
#5431=DESCRIPTIVE_REPRESENTATION_ITEM('Steel','Steel');
#5432=PROPERTY_DEFINITION('material property','material name',#10252);
#5433=PROPERTY_DEFINITION('material property','density of part',#10252);
#5434=AXIS2_PLACEMENT_3D('',#6227,#5558,#5559);
#5435=AXIS2_PLACEMENT_3D('',#6228,#5560,#5561);
#5436=AXIS2_PLACEMENT_3D('',#6239,#5563,#5564);
#5437=AXIS2_PLACEMENT_3D('',#6241,#5566,#5567);
#5438=AXIS2_PLACEMENT_3D('',#6245,#5569,#5570);
#5439=AXIS2_PLACEMENT_3D('',#6249,#5572,#5573);
#5440=AXIS2_PLACEMENT_3D('',#6253,#5575,#5576);
#5441=AXIS2_PLACEMENT_3D('',#6263,#5582,#5583);
#5442=AXIS2_PLACEMENT_3D('',#6288,#5589,#5590);
#5443=AXIS2_PLACEMENT_3D('',#6299,#5593,#5594);
#5444=AXIS2_PLACEMENT_3D('',#6316,#5600,#5601);
#5445=AXIS2_PLACEMENT_3D('',#6325,#5603,#5604);
#5446=AXIS2_PLACEMENT_3D('',#6335,#5606,#5607);
#5447=AXIS2_PLACEMENT_3D('',#6346,#5613,#5614);
#5448=AXIS2_PLACEMENT_3D('',#6353,#5618,#5619);
#5449=AXIS2_PLACEMENT_3D('',#6355,#5620,#5621);
#5450=AXIS2_PLACEMENT_3D('',#6357,#5622,#5623);
#5451=AXIS2_PLACEMENT_3D('',#6367,#5628,#5629);
#5452=AXIS2_PLACEMENT_3D('',#6369,#5630,#5631);
#5453=AXIS2_PLACEMENT_3D('',#6371,#5632,#5633);
#5454=AXIS2_PLACEMENT_3D('',#6372,#5634,#5635);
#5455=AXIS2_PLACEMENT_3D('',#6380,#5640,#5641);
#5456=AXIS2_PLACEMENT_3D('',#6386,#5645,#5646);
#5457=AXIS2_PLACEMENT_3D('',#6390,#5649,#5650);
#5458=AXIS2_PLACEMENT_3D('',#6394,#5653,#5654);
#5459=AXIS2_PLACEMENT_3D('',#6396,#5656,#5657);
#5460=AXIS2_PLACEMENT_3D('',#6398,#5658,#5659);
#5461=AXIS2_PLACEMENT_3D('',#6400,#5660,#5661);
#5462=AXIS2_PLACEMENT_3D('',#6402,#5662,#5663);
#5463=AXIS2_PLACEMENT_3D('',#6412,#5668,#5669);
#5464=AXIS2_PLACEMENT_3D('',#6414,#5670,#5671);
#5465=AXIS2_PLACEMENT_3D('',#6416,#5672,#5673);
#5466=AXIS2_PLACEMENT_3D('',#6417,#5674,#5675);
#5467=AXIS2_PLACEMENT_3D('',#6419,#5677,#5678);
#5468=AXIS2_PLACEMENT_3D('',#6421,#5680,#5681);
#5469=AXIS2_PLACEMENT_3D('',#6423,#5683,#5684);
#5470=AXIS2_PLACEMENT_3D('',#6426,#5687,#5688);
#5471=AXIS2_PLACEMENT_3D('',#6428,#5690,#5691);
#5472=AXIS2_PLACEMENT_3D('',#6430,#5693,#5694);
#5473=AXIS2_PLACEMENT_3D('',#6431,#5695,#5696);
#5474=AXIS2_PLACEMENT_3D('',#6433,#5698,#5699);
#5475=AXIS2_PLACEMENT_3D('',#6435,#5701,#5702);
#5476=AXIS2_PLACEMENT_3D('',#6437,#5704,#5705);
#5477=AXIS2_PLACEMENT_3D('',#6446,#5706,#5707);
#5478=AXIS2_PLACEMENT_3D('',#6718,#5720,#5721);
#5479=AXIS2_PLACEMENT_3D('',#6726,#5726,#5727);
#5480=AXIS2_PLACEMENT_3D('',#6728,#5728,#5729);
#5481=AXIS2_PLACEMENT_3D('',#6731,#5731,#5732);
#5482=AXIS2_PLACEMENT_3D('',#6732,#5733,#5734);
#5483=AXIS2_PLACEMENT_3D('',#6991,#5750,#5751);
#5484=AXIS2_PLACEMENT_3D('',#6999,#5756,#5757);
#5485=AXIS2_PLACEMENT_3D('',#7022,#5762,#5763);
#5486=AXIS2_PLACEMENT_3D('',#7033,#5767,#5768);
#5487=AXIS2_PLACEMENT_3D('',#7042,#5773,#5774);
#5488=AXIS2_PLACEMENT_3D('',#7174,#5794,#5795);
#5489=AXIS2_PLACEMENT_3D('',#7301,#5814,#5815);
#5490=AXIS2_PLACEMENT_3D('',#7303,#5816,#5817);
#5491=AXIS2_PLACEMENT_3D('',#7306,#5819,#5820);
#5492=AXIS2_PLACEMENT_3D('',#7307,#5821,#5822);
#5493=AXIS2_PLACEMENT_3D('',#7310,#5824,#5825);
#5494=AXIS2_PLACEMENT_3D('',#7311,#5826,#5827);
#5495=AXIS2_PLACEMENT_3D('',#7313,#5828,#5829);
#5496=AXIS2_PLACEMENT_3D('',#7316,#5831,#5832);
#5497=AXIS2_PLACEMENT_3D('',#7317,#5833,#5834);
#5498=AXIS2_PLACEMENT_3D('',#7319,#5835,#5836);
#5499=AXIS2_PLACEMENT_3D('',#7322,#5838,#5839);
#5500=AXIS2_PLACEMENT_3D('',#7323,#5840,#5841);
#5501=AXIS2_PLACEMENT_3D('',#7336,#5845,#5846);
#5502=AXIS2_PLACEMENT_3D('',#7346,#5848,#5849);
#5503=AXIS2_PLACEMENT_3D('',#7369,#5851,#5852);
#5504=AXIS2_PLACEMENT_3D('',#7386,#5853,#5854);
#5505=AXIS2_PLACEMENT_3D('',#7436,#5859,#5860);
#5506=AXIS2_PLACEMENT_3D('',#7446,#5862,#5863);
#5507=AXIS2_PLACEMENT_3D('',#7450,#5866,#5867);
#5508=AXIS2_PLACEMENT_3D('',#7473,#5869,#5870);
#5509=AXIS2_PLACEMENT_3D('',#7482,#5872,#5873);
#5510=AXIS2_PLACEMENT_3D('',#7564,#5881,#5882);
#5511=AXIS2_PLACEMENT_3D('',#7658,#5893,#5894);
#5512=AXIS2_PLACEMENT_3D('',#7700,#5898,#5899);
#5513=AXIS2_PLACEMENT_3D('',#7702,#5901,#5902);
#5514=AXIS2_PLACEMENT_3D('',#7729,#5907,#5908);
#5515=AXIS2_PLACEMENT_3D('',#7730,#5909,#5910);
#5516=AXIS2_PLACEMENT_3D('',#7733,#5913,#5914);
#5517=AXIS2_PLACEMENT_3D('',#7734,#5915,#5916);
#5518=AXIS2_PLACEMENT_3D('',#7735,#5917,#5918);
#5519=AXIS2_PLACEMENT_3D('',#7762,#5923,#5924);
#5520=AXIS2_PLACEMENT_3D('',#7784,#5926,#5927);
#5521=AXIS2_PLACEMENT_3D('',#7785,#5928,#5929);
#5522=AXIS2_PLACEMENT_3D('',#7791,#5933,#5934);
#5523=AXIS2_PLACEMENT_3D('',#7797,#5938,#5939);
#5524=AXIS2_PLACEMENT_3D('',#7800,#5942,#5943);
#5525=AXIS2_PLACEMENT_3D('',#7801,#5944,#5945);
#5526=AXIS2_PLACEMENT_3D('',#7824,#5947,#5948);
#5527=AXIS2_PLACEMENT_3D('',#7826,#5950,#5951);
#5528=AXIS2_PLACEMENT_3D('',#7851,#5955,#5956);
#5529=AXIS2_PLACEMENT_3D('',#7852,#5957,#5958);
#5530=AXIS2_PLACEMENT_3D('',#7899,#5964,#5965);
#5531=AXIS2_PLACEMENT_3D('',#8068,#5978,#5979);
#5532=AXIS2_PLACEMENT_3D('',#8149,#5988,#5989);
#5533=AXIS2_PLACEMENT_3D('',#8485,#6015,#6016);
#5534=AXIS2_PLACEMENT_3D('',#8581,#6026,#6027);
#5535=AXIS2_PLACEMENT_3D('',#8674,#6036,#6037);
#5536=AXIS2_PLACEMENT_3D('',#8848,#6053,#6054);
#5537=AXIS2_PLACEMENT_3D('',#8944,#6064,#6065);
#5538=AXIS2_PLACEMENT_3D('',#8995,#6072,#6073);
#5539=AXIS2_PLACEMENT_3D('',#9091,#6083,#6084);
#5540=AXIS2_PLACEMENT_3D('',#9232,#6097,#6098);
#5541=AXIS2_PLACEMENT_3D('',#9280,#6104,#6105);
#5542=AXIS2_PLACEMENT_3D('',#9289,#6110,#6111);
#5543=AXIS2_PLACEMENT_3D('',#9457,#6125,#6126);
#5544=AXIS2_PLACEMENT_3D('',#9883,#6158,#6159);
#5545=AXIS2_PLACEMENT_3D('',#9892,#6164,#6165);
#5546=AXIS2_PLACEMENT_3D('',#10195,#6188,#6189);
#5547=AXIS2_PLACEMENT_3D('',#10213,#6193,#6194);
#5548=AXIS2_PLACEMENT_3D('',#10216,#6197,#6198);
#5549=AXIS2_PLACEMENT_3D('',#10217,#6199,#6200);
#5550=AXIS2_PLACEMENT_3D('',#10218,#6201,#6202);
#5551=AXIS2_PLACEMENT_3D('',#10220,#6204,#6205);
#5552=AXIS2_PLACEMENT_3D('',#10222,#6207,#6208);
#5553=AXIS2_PLACEMENT_3D('',#10223,#6209,#6210);
#5554=AXIS2_PLACEMENT_3D('',#10229,#6214,#6215);
#5555=AXIS2_PLACEMENT_3D('',#10235,#6219,#6220);
#5556=AXIS2_PLACEMENT_3D('',#10238,#6223,#6224);
#5557=AXIS2_PLACEMENT_3D('',#10239,#6225,#6226);
#5558=DIRECTION('axis',(0.,0.,1.));
#5559=DIRECTION('refdir',(1.,0.,0.));
#5560=DIRECTION('center_axis',(-5.49703800812152E-16,-0.573576436351075,
-0.819152044288972));
#5561=DIRECTION('ref_axis',(-0.707106781186574,0.579227965339533,-0.405579787672644));
#5562=DIRECTION('',(5.49703800812152E-16,0.573576436351075,0.819152044288972));
#5563=DIRECTION('center_axis',(-5.49703800812152E-16,-0.573576436351075,
-0.819152044288972));
#5564=DIRECTION('ref_axis',(-0.707106781186574,0.579227965339533,-0.405579787672644));
#5565=DIRECTION('',(-5.49703800812152E-16,-0.573576436351075,-0.819152044288972));
#5566=DIRECTION('center_axis',(5.49703800812152E-16,0.573576436351075,0.819152044288972));
#5567=DIRECTION('ref_axis',(1.,3.05396696158464E-14,-2.20551713108283E-14));
#5568=DIRECTION('',(3.76669593613077E-14,-0.819152044288972,0.573576436351075));
#5569=DIRECTION('center_axis',(-5.49703800812152E-16,-0.573576436351075,
-0.819152044288972));
#5570=DIRECTION('ref_axis',(-0.707106781186521,-0.579227965339577,0.405579787672675));
#5571=DIRECTION('',(1.,3.05396696158464E-14,-2.20551713108283E-14));
#5572=DIRECTION('center_axis',(-5.49703800812152E-16,-0.573576436351075,
-0.819152044288972));
#5573=DIRECTION('ref_axis',(0.707106781186574,-0.579227965339533,0.405579787672644));
#5574=DIRECTION('',(-3.76669593613077E-14,0.819152044288972,-0.573576436351075));
#5575=DIRECTION('center_axis',(-5.49703800812152E-16,-0.573576436351075,
-0.819152044288972));
#5576=DIRECTION('ref_axis',(0.707106781186522,0.579227965339576,-0.405579787672674));
#5577=DIRECTION('',(-1.,-3.05396696158464E-14,2.20551713108283E-14));
#5578=DIRECTION('',(1.,3.05396696158464E-14,-2.20551713108283E-14));
#5579=DIRECTION('',(3.76057270213504E-14,-0.819152044288972,0.573576436351075));
#5580=DIRECTION('',(-1.,-3.05396696158464E-14,2.20551713108283E-14));
#5581=DIRECTION('',(-3.76669593613077E-14,0.819152044288972,-0.573576436351075));
#5582=DIRECTION('center_axis',(-1.,-3.05396696158464E-14,2.20551713108283E-14));
#5583=DIRECTION('ref_axis',(-3.76669593613077E-14,0.819152044288972,-0.573576436351075));
#5584=DIRECTION('',(3.76669593613077E-14,-0.819152044288972,0.573576436351075));
#5585=DIRECTION('',(3.76669593613077E-14,-0.819152044288972,0.573576436351075));
#5586=DIRECTION('',(3.76669593613077E-14,-0.819152044288972,0.573576436351075));
#5587=DIRECTION('',(3.76669593613077E-14,-0.819152044288972,0.573576436351075));
#5588=DIRECTION('',(-5.49703800812152E-16,-0.573576436351075,-0.819152044288972));
#5589=DIRECTION('center_axis',(5.49703800812152E-16,0.573576436351075,0.819152044288972));
#5590=DIRECTION('ref_axis',(0.707106781186522,0.579227965339576,-0.405579787672674));
#5591=DIRECTION('',(-5.49703800812152E-16,-0.573576436351075,-0.819152044288972));
#5592=DIRECTION('',(5.49703800812152E-16,0.573576436351075,0.819152044288972));
#5593=DIRECTION('center_axis',(1.,3.05396696158464E-14,-2.20551713108283E-14));
#5594=DIRECTION('ref_axis',(3.76669593613077E-14,-0.819152044288972,0.573576436351075));
#5595=DIRECTION('',(5.49703800812152E-16,0.573576436351075,0.819152044288972));
#5596=DIRECTION('',(3.76920716860241E-14,-0.819152044288972,0.573576436351075));
#5597=DIRECTION('',(3.76920716860241E-14,-0.819152044288972,0.573576436351075));
#5598=DIRECTION('',(3.76920716860241E-14,-0.819152044288972,0.573576436351075));
#5599=DIRECTION('',(3.76920716860241E-14,-0.819152044288972,0.573576436351075));
#5600=DIRECTION('center_axis',(-5.49703800812152E-16,-0.573576436351075,
-0.819152044288972));
#5601=DIRECTION('ref_axis',(0.707106781186574,-0.579227965339533,0.405579787672644));
#5602=DIRECTION('',(-5.49703800812152E-16,-0.573576436351075,-0.819152044288972));
#5603=DIRECTION('center_axis',(-5.49703800812152E-16,-0.573576436351075,
-0.819152044288972));
#5604=DIRECTION('ref_axis',(-0.707106781186521,-0.579227965339577,0.405579787672675));
#5605=DIRECTION('',(5.49703800812152E-16,0.573576436351075,0.819152044288972));
#5606=DIRECTION('center_axis',(-1.,-3.05396696158464E-14,2.20551713108283E-14));
#5607=DIRECTION('ref_axis',(-3.76669593613077E-14,0.819152044288972,-0.573576436351075));
#5608=DIRECTION('',(3.76669593613077E-14,-0.819152044288972,0.573576436351075));
#5609=DIRECTION('',(-5.49703800812152E-16,-0.573576436351075,-0.819152044288972));
#5610=DIRECTION('',(-3.76920716860241E-14,0.819152044288972,-0.573576436351075));
#5611=DIRECTION('',(-3.76920716860241E-14,0.819152044288972,-0.573576436351075));
#5612=DIRECTION('',(-5.49703800812152E-16,-0.573576436351075,-0.819152044288972));
#5613=DIRECTION('center_axis',(-5.49703800812152E-16,-0.573576436351075,
-0.819152044288972));
#5614=DIRECTION('ref_axis',(-1.,-3.05396696158464E-14,2.20551713108283E-14));
#5615=DIRECTION('',(-1.,-3.05396696158464E-14,2.20551713108283E-14));
#5616=DIRECTION('',(-3.76669593613077E-14,0.819152044288972,-0.573576436351075));
#5617=DIRECTION('',(1.,3.05396696158464E-14,-2.20551713108283E-14));
#5618=DIRECTION('center_axis',(5.49703800812152E-16,0.573576436351075,0.819152044288972));
#5619=DIRECTION('ref_axis',(-1.,-3.05396696158464E-14,2.20551713108283E-14));
#5620=DIRECTION('center_axis',(5.49703800812152E-16,0.573576436351075,0.819152044288972));
#5621=DIRECTION('ref_axis',(-1.,-3.05396696158464E-14,2.20551713108283E-14));
#5622=DIRECTION('center_axis',(5.49703800812152E-16,0.573576436351075,0.819152044288972));
#5623=DIRECTION('ref_axis',(-1.,-3.05396696158464E-14,2.20551713108283E-14));
#5624=DIRECTION('',(-3.7722470512539E-14,0.819152044288972,-0.573576436351075));
#5625=DIRECTION('',(-1.,-3.05396696158464E-14,2.20551713108283E-14));
#5626=DIRECTION('',(3.76669593613077E-14,-0.819152044288972,0.573576436351075));
#5627=DIRECTION('',(1.,3.058500003131E-14,-2.20869120094461E-14));
#5628=DIRECTION('center_axis',(5.49703800812152E-16,0.573576436351075,0.819152044288972));
#5629=DIRECTION('ref_axis',(-1.,-3.05396696158464E-14,2.20551713108283E-14));
#5630=DIRECTION('center_axis',(5.49703800812152E-16,0.573576436351075,0.819152044288972));
#5631=DIRECTION('ref_axis',(-1.,-3.05396696158464E-14,2.20551713108283E-14));
#5632=DIRECTION('center_axis',(5.49703800812152E-16,0.573576436351075,0.819152044288972));
#5633=DIRECTION('ref_axis',(-1.,-3.05396696158464E-14,2.20551713108283E-14));
#5634=DIRECTION('center_axis',(1.,3.05396696158464E-14,-2.20551713108283E-14));
#5635=DIRECTION('ref_axis',(3.76669593613077E-14,-0.819152044288972,0.573576436351075));
#5636=DIRECTION('',(-5.49703800812152E-16,-0.573576436351075,-0.819152044288972));
#5637=DIRECTION('',(-3.76669593613077E-14,0.819152044288972,-0.573576436351075));
#5638=DIRECTION('',(-3.76669593613077E-14,0.819152044288972,-0.573576436351075));
#5639=DIRECTION('',(-5.49703800812152E-16,-0.573576436351075,-0.819152044288972));
#5640=DIRECTION('center_axis',(1.,3.05396696158464E-14,-2.20551713108283E-14));
#5641=DIRECTION('ref_axis',(-3.76669593613077E-14,0.819152044288972,-0.573576436351075));
#5642=DIRECTION('',(3.76669593613077E-14,-0.819152044288972,0.573576436351075));
#5643=DIRECTION('',(5.49703800812152E-16,0.573576436351075,0.819152044288972));
#5644=DIRECTION('',(5.49703800812152E-16,0.573576436351075,0.819152044288972));
#5645=DIRECTION('center_axis',(-3.76669593613077E-14,0.819152044288972,
-0.573576436351075));
#5646=DIRECTION('ref_axis',(-1.,-3.05396696158464E-14,2.20551713108283E-14));
#5647=DIRECTION('',(1.,3.05396696158464E-14,-2.20551713108283E-14));
#5648=DIRECTION('',(5.49703800812152E-16,0.573576436351075,0.819152044288972));
#5649=DIRECTION('center_axis',(-1.,-3.04895110193937E-14,2.20200498834862E-14));
#5650=DIRECTION('ref_axis',(3.76057270213504E-14,-0.819152044288972,0.573576436351075));
#5651=DIRECTION('',(-3.76057270213504E-14,0.819152044288972,-0.573576436351075));
#5652=DIRECTION('',(5.49703800812152E-16,0.573576436351075,0.819152044288972));
#5653=DIRECTION('center_axis',(3.76669593613077E-14,-0.819152044288972,
0.573576436351075));
#5654=DIRECTION('ref_axis',(1.,3.05396696158464E-14,-2.20551713108283E-14));
#5655=DIRECTION('',(-1.,-3.05396696158464E-14,2.20551713108283E-14));
#5656=DIRECTION('center_axis',(-5.49703800812152E-16,-0.573576436351075,
-0.819152044288972));
#5657=DIRECTION('ref_axis',(-1.,-3.05396696158464E-14,2.20551713108283E-14));
#5658=DIRECTION('center_axis',(5.49703800812152E-16,0.573576436351075,0.819152044288972));
#5659=DIRECTION('ref_axis',(-1.,-3.05396696158464E-14,2.20551713108283E-14));
#5660=DIRECTION('center_axis',(5.49703800812152E-16,0.573576436351075,0.819152044288972));
#5661=DIRECTION('ref_axis',(-1.,-3.05396696158464E-14,2.20551713108283E-14));
#5662=DIRECTION('center_axis',(5.49703800812152E-16,0.573576436351075,0.819152044288972));
#5663=DIRECTION('ref_axis',(-1.,-3.05396696158464E-14,2.20551713108283E-14));
#5664=DIRECTION('',(-3.7722470512539E-14,0.819152044288972,-0.573576436351075));
#5665=DIRECTION('',(1.,3.058500003131E-14,-2.20869120094461E-14));
#5666=DIRECTION('',(3.76669593613077E-14,-0.819152044288972,0.573576436351075));
#5667=DIRECTION('',(-1.,-3.05396696158464E-14,2.20551713108283E-14));
#5668=DIRECTION('center_axis',(5.49703800812152E-16,0.573576436351075,0.819152044288972));
#5669=DIRECTION('ref_axis',(-1.,-3.05396696158464E-14,2.20551713108283E-14));
#5670=DIRECTION('center_axis',(5.49703800812152E-16,0.573576436351075,0.819152044288972));
#5671=DIRECTION('ref_axis',(-1.,-3.05396696158464E-14,2.20551713108283E-14));
#5672=DIRECTION('center_axis',(5.49703800812152E-16,0.573576436351075,0.819152044288972));
#5673=DIRECTION('ref_axis',(-1.,-3.05396696158464E-14,2.20551713108283E-14));
#5674=DIRECTION('center_axis',(-5.49703800812152E-16,-0.573576436351075,
-0.819152044288972));
#5675=DIRECTION('ref_axis',(-1.,-3.05396696158464E-14,2.20551713108283E-14));
#5676=DIRECTION('',(5.49703800812152E-16,0.573576436351075,0.819152044288972));
#5677=DIRECTION('center_axis',(-5.49703800812152E-16,-0.573576436351075,
-0.819152044288972));
#5678=DIRECTION('ref_axis',(-1.,-3.05396696158464E-14,2.20551713108283E-14));
#5679=DIRECTION('',(5.49703800812152E-16,0.573576436351075,0.819152044288972));
#5680=DIRECTION('center_axis',(-5.49703800812152E-16,-0.573576436351075,
-0.819152044288972));
#5681=DIRECTION('ref_axis',(-1.,-3.05396696158464E-14,2.20551713108283E-14));
#5682=DIRECTION('',(5.49703800812152E-16,0.573576436351075,0.819152044288972));
#5683=DIRECTION('center_axis',(-3.77222975806037E-14,0.819152044288972,
-0.573576436351075));
#5684=DIRECTION('ref_axis',(1.,3.058500003131E-14,-2.20869120094461E-14));
#5685=DIRECTION('',(-5.49703800812152E-16,-0.573576436351075,-0.819152044288972));
#5686=DIRECTION('',(-5.49703800812152E-16,-0.573576436351075,-0.819152044288972));
#5687=DIRECTION('center_axis',(1.,3.05396696158464E-14,-2.20551713108283E-14));
#5688=DIRECTION('ref_axis',(3.76669593613077E-14,-0.819152044288972,0.573576436351075));
#5689=DIRECTION('',(-5.49703800812152E-16,-0.573576436351075,-0.819152044288972));
#5690=DIRECTION('center_axis',(3.76669593613077E-14,-0.819152044288972,
0.573576436351075));
#5691=DIRECTION('ref_axis',(-1.,-3.05396696158464E-14,2.20551713108283E-14));
#5692=DIRECTION('',(-5.49703800812152E-16,-0.573576436351075,-0.819152044288972));
#5693=DIRECTION('center_axis',(-1.,-3.05851416888583E-14,2.20870111991293E-14));
#5694=DIRECTION('ref_axis',(-3.7722470512539E-14,0.819152044288972,-0.573576436351075));
#5695=DIRECTION('center_axis',(-5.49703800812152E-16,-0.573576436351075,
-0.819152044288972));
#5696=DIRECTION('ref_axis',(-1.,-3.05396696158464E-14,2.20551713108283E-14));
#5697=DIRECTION('',(5.49703800812152E-16,0.573576436351075,0.819152044288972));
#5698=DIRECTION('center_axis',(-5.49703800812152E-16,-0.573576436351075,
-0.819152044288972));
#5699=DIRECTION('ref_axis',(-1.,-3.05396696158464E-14,2.20551713108283E-14));
#5700=DIRECTION('',(5.49703800812152E-16,0.573576436351075,0.819152044288972));
#5701=DIRECTION('center_axis',(-5.49703800812152E-16,-0.573576436351075,
-0.819152044288972));
#5702=DIRECTION('ref_axis',(-1.,-3.05396696158464E-14,2.20551713108283E-14));
#5703=DIRECTION('',(5.49703800812152E-16,0.573576436351075,0.819152044288972));
#5704=DIRECTION('center_axis',(-3.76669593613077E-14,0.819152044288972,
-0.573576436351075));
#5705=DIRECTION('ref_axis',(1.,3.05396696158464E-14,-2.20551713108283E-14));
#5706=DIRECTION('center_axis',(3.76669593613077E-14,-0.819152044288972,
0.573576436351075));
#5707=DIRECTION('ref_axis',(-1.,-3.05396696158464E-14,2.20551713108283E-14));
#5708=DIRECTION('',(0.162407842241799,0.975627703915253,0.14756109287822));
#5709=DIRECTION('',(0.162407842241799,0.975627703915253,0.14756109287822));
#5710=DIRECTION('',(0.149260289001928,-0.826229651844569,-0.543199713309814));
#5711=DIRECTION('',(0.0544960100195477,-0.997232080760231,0.0505802530101453));
#5712=DIRECTION('',(-0.5,-0.866025403784439,0.));
#5713=DIRECTION('',(0.0741439853938346,-0.785813261317967,-0.61400341022403));
#5714=DIRECTION('',(0.17625292283722,-0.617976616750444,-0.766185231090375));
#5715=DIRECTION('',(0.183534943873887,-0.612429010980121,-0.768924983913984));
#5716=DIRECTION('',(0.112907726847521,-0.555540683487878,-0.823787833248311));
#5717=DIRECTION('',(0.506530012749063,-4.53973611495831E-6,0.862222329891673));
#5718=DIRECTION('',(-0.000663357771643608,-0.586192056003942,-0.810171854259538));
#5719=DIRECTION('',(0.0310072351579626,0.971133601939808,-0.236512322197543));
#5720=DIRECTION('center_axis',(-0.707106781186548,0.707106781186547,0.));
#5721=DIRECTION('ref_axis',(-0.707106781186547,-0.707106781186548,0.));
#5722=DIRECTION('',(-0.707106781186547,-0.707106781186548,0.));
#5723=DIRECTION('',(0.,0.,1.));
#5724=DIRECTION('',(0.707106781186547,0.707106781186548,0.));
#5725=DIRECTION('',(0.,0.,1.));
#5726=DIRECTION('center_axis',(0.,0.,1.));
#5727=DIRECTION('ref_axis',(-1.,0.,0.));
#5728=DIRECTION('center_axis',(0.,0.,1.));
#5729=DIRECTION('ref_axis',(-0.000703001240608054,-0.999999752894597,0.));
#5730=DIRECTION('',(-0.707106781186548,0.707106781186547,0.));
#5731=DIRECTION('center_axis',(0.,0.,-1.));
#5732=DIRECTION('ref_axis',(-1.,0.,0.));
#5733=DIRECTION('center_axis',(-0.866025403784439,0.5,0.));
#5734=DIRECTION('ref_axis',(-0.5,-0.866025403784439,0.));
#5735=DIRECTION('',(-0.5,-0.866025403784439,0.));
#5736=DIRECTION('',(0.,0.,1.));
#5737=DIRECTION('',(-0.5,-0.866025403784439,0.));
#5738=DIRECTION('',(-0.0310108299459625,0.971133493582487,-0.236512295807927));
#5739=DIRECTION('',(-0.000864914612646405,0.58619196572053,0.810171729479259));
#5740=DIRECTION('',(0.0542656062829615,0.997244612760077,-0.0505808886413239));
#5741=DIRECTION('',(0.176427224596773,0.590888950767587,0.78722530592065));
#5742=DIRECTION('',(0.183662439849403,0.584315578569223,0.790470374416321));
#5743=DIRECTION('',(0.150274872448948,0.815044910252014,0.559570600534677));
#5744=DIRECTION('',(0.0744897809547112,0.771496202405122,0.631858276995558));
#5745=DIRECTION('',(-0.500195490836781,0.86591250767416,0.));
#5746=DIRECTION('',(-0.162372037996068,0.975634688422088,0.147554315506318));
#5747=DIRECTION('',(-0.162372037996068,0.975634688422088,0.147554315506318));
#5748=DIRECTION('',(-0.506523507147954,-4.77944013804417E-5,0.862226150393405));
#5749=DIRECTION('',(0.112610483596596,0.524770341312762,0.843762388272094));
#5750=DIRECTION('center_axis',(0.707106781186547,0.707106781186548,0.));
#5751=DIRECTION('ref_axis',(-0.707106781186548,0.707106781186547,0.));
#5752=DIRECTION('',(0.,0.,1.));
#5753=DIRECTION('',(-0.707106781186548,0.707106781186547,0.));
#5754=DIRECTION('',(0.,0.,1.));
#5755=DIRECTION('',(-0.707106781186548,0.707106781186547,0.));
#5756=DIRECTION('center_axis',(0.707106781186548,-0.707106781186547,0.));
#5757=DIRECTION('ref_axis',(0.707106781186547,0.707106781186548,0.));
#5758=DIRECTION('',(0.,0.,1.));
#5759=DIRECTION('',(-0.707106781186547,-0.707106781186548,0.));
#5760=DIRECTION('',(-0.500195490836781,0.86591250767416,0.));
#5761=DIRECTION('',(-0.162372037996068,0.975634688422088,0.147554315506318));
#5762=DIRECTION('center_axis',(0.,0.,1.));
#5763=DIRECTION('ref_axis',(1.,0.,0.));
#5764=DIRECTION('',(0.247870073805603,-0.968793283684195,0.));
#5765=DIRECTION('',(0.499804483682119,0.866138255760159,0.));
#5766=DIRECTION('',(-0.500195490836781,0.86591250767416,0.));
#5767=DIRECTION('center_axis',(-6.85893679838753E-30,1.,1.38848083109171E-45));
#5768=DIRECTION('ref_axis',(0.,-1.38848083109171E-45,1.));
#5769=DIRECTION('',(0.,0.,1.));
#5770=DIRECTION('',(1.,0.,0.));
#5771=DIRECTION('',(0.,0.,1.));
#5772=DIRECTION('',(-1.,0.,0.));
#5773=DIRECTION('center_axis',(3.26449731936974E-16,1.75737156320648E-16,
1.));
#5774=DIRECTION('ref_axis',(1.,0.,-3.26449731936974E-16));
#5775=DIRECTION('',(-0.363185354750981,0.931716908773477,-2.2873575914177E-16));
#5776=DIRECTION('',(0.931716908773478,0.363185354750978,-4.18286145590119E-16));
#5777=DIRECTION('',(0.931716908773342,-0.363185354751327,-1.53137319202671E-16));
#5778=DIRECTION('',(-0.363185354751324,-0.931716908773343,4.51477915927479E-16));
#5779=DIRECTION('',(-0.931716908773342,0.363185354751328,1.5313731920267E-16));
#5780=DIRECTION('',(-0.931716908773478,-0.363185354750978,4.18286145590119E-16));
#5781=DIRECTION('',(-0.283661431174392,0.815978711198593,-0.503701236185479));
#5782=DIRECTION('',(-0.263963281969818,0.749596273827761,-0.606983370476703));
#5783=DIRECTION('',(-1.,1.66656766153242E-15,0.));
#5784=DIRECTION('',(0.000134593089012543,0.638672148537651,-0.769478959145083));
#5785=DIRECTION('',(-1.,1.66656766153242E-15,0.));
#5786=DIRECTION('',(-1.,1.66656766153242E-15,0.));
#5787=DIRECTION('',(0.264160810675121,0.749554245524546,-0.606949338182019));
#5788=DIRECTION('',(0.,0.,1.));
#5789=DIRECTION('',(0.283899387851228,0.815918786445436,-0.503664244813055));
#5790=DIRECTION('',(-1.,1.66656766153242E-15,0.));
#5791=DIRECTION('',(0.00018204709274017,0.705596109565627,-0.708614208878645));
#5792=DIRECTION('',(-1.,1.66656766153242E-15,0.));
#5793=DIRECTION('',(-1.,1.66656766153242E-15,0.));
#5794=DIRECTION('center_axis',(3.13856593145995E-30,-3.61427131796624E-29,
1.));
#5795=DIRECTION('ref_axis',(1.,0.,-3.13856593145995E-30));
#5796=DIRECTION('',(-0.93171690877341,-0.363185354751153,0.));
#5797=DIRECTION('',(-0.93171690877341,0.363185354751152,0.));
#5798=DIRECTION('',(0.363185354751154,0.93171690877341,0.));
#5799=DIRECTION('',(0.93171690877341,-0.363185354751152,0.));
#5800=DIRECTION('',(0.93171690877341,0.363185354751153,0.));
#5801=DIRECTION('',(0.363185354751156,-0.931716908773409,0.));
#5802=DIRECTION('',(-0.283901115511735,0.815916293258285,0.503667309845351));
#5803=DIRECTION('',(1.,-1.41017263668128E-15,0.));
#5804=DIRECTION('',(5.05349331835575E-6,0.705590852126119,0.708619467253334));
#5805=DIRECTION('',(-0.264162022336176,0.74955156418052,0.606952122156103));
#5806=DIRECTION('',(0.,0.,1.));
#5807=DIRECTION('',(3.73619591889429E-6,0.638667560756952,0.769482778769484));
#5808=DIRECTION('',(1.,-1.41017263668128E-15,0.));
#5809=DIRECTION('',(0.264167505094344,0.749550397126676,0.606951177129983));
#5810=DIRECTION('',(1.,-1.41017263668128E-15,0.));
#5811=DIRECTION('',(0.283907720250145,0.815914629197264,0.503666282616035));
#5812=DIRECTION('',(0.,0.,1.));
#5813=DIRECTION('',(1.,-1.41017263668128E-15,0.));
#5814=DIRECTION('center_axis',(0.,0.,-1.));
#5815=DIRECTION('ref_axis',(-1.,0.,0.));
#5816=DIRECTION('center_axis',(0.,0.,-1.));
#5817=DIRECTION('ref_axis',(-1.,0.,0.));
#5818=DIRECTION('',(0.,0.,-1.));
#5819=DIRECTION('center_axis',(0.,0.,1.));
#5820=DIRECTION('ref_axis',(-1.,0.,0.));
#5821=DIRECTION('center_axis',(0.,0.,-1.));
#5822=DIRECTION('ref_axis',(-1.,0.,0.));
#5823=DIRECTION('',(0.,0.,-1.));
#5824=DIRECTION('center_axis',(0.,0.,1.));
#5825=DIRECTION('ref_axis',(-1.,0.,0.));
#5826=DIRECTION('center_axis',(0.,0.,-1.));
#5827=DIRECTION('ref_axis',(-1.,0.,0.));
#5828=DIRECTION('center_axis',(0.,0.,-1.));
#5829=DIRECTION('ref_axis',(-1.,0.,0.));
#5830=DIRECTION('',(0.,0.,-1.));
#5831=DIRECTION('center_axis',(0.,0.,1.));
#5832=DIRECTION('ref_axis',(-1.,0.,0.));
#5833=DIRECTION('center_axis',(0.,0.,-1.));
#5834=DIRECTION('ref_axis',(-1.,0.,0.));
#5835=DIRECTION('center_axis',(0.,0.,-1.));
#5836=DIRECTION('ref_axis',(-1.,0.,0.));
#5837=DIRECTION('',(0.,0.,-1.));
#5838=DIRECTION('center_axis',(0.,0.,1.));
#5839=DIRECTION('ref_axis',(-1.,0.,0.));
#5840=DIRECTION('center_axis',(-0.866025403784439,-0.5,0.));
#5841=DIRECTION('ref_axis',(0.5,-0.866025403784439,0.));
#5842=DIRECTION('',(0.,0.,1.));
#5843=DIRECTION('',(0.5,-0.866025403784439,0.));
#5844=DIRECTION('',(0.5,-0.866025403784439,0.));
#5845=DIRECTION('center_axis',(0.968813755906128,-0.247790044931313,0.));
#5846=DIRECTION('ref_axis',(0.247790044931313,0.968813755906128,0.));
#5847=DIRECTION('',(0.247790044931313,0.968813755906128,0.));
#5848=DIRECTION('center_axis',(0.968813755906128,-0.247790044931313,0.));
#5849=DIRECTION('ref_axis',(0.247790044931313,0.968813755906128,0.));
#5850=DIRECTION('',(0.,0.,1.));
#5851=DIRECTION('center_axis',(0.968813755906128,0.247790044931313,0.));
#5852=DIRECTION('ref_axis',(-0.247790044931313,0.968813755906128,0.));
#5853=DIRECTION('center_axis',(0.,0.,1.));
#5854=DIRECTION('ref_axis',(1.,0.,0.));
#5855=DIRECTION('',(0.0838817175037979,0.996475718454099,-1.43698192212954E-16));
#5856=DIRECTION('',(0.0310072351579631,0.971133601939807,-0.236512322197543));
#5857=DIRECTION('',(0.162407842241799,0.975627703915253,0.14756109287822));
#5858=DIRECTION('',(-0.5,-0.866025403784439,0.));
#5859=DIRECTION('center_axis',(-0.968793283684195,-0.247870073805603,0.));
#5860=DIRECTION('ref_axis',(0.247870073805603,-0.968793283684195,0.));
#5861=DIRECTION('',(0.,0.,1.));
#5862=DIRECTION('center_axis',(0.86591250767416,0.500195490836781,0.));
#5863=DIRECTION('ref_axis',(-0.500195490836781,0.86591250767416,0.));
#5864=DIRECTION('',(0.,0.,1.));
#5865=DIRECTION('',(-0.500195490836781,0.86591250767416,0.));
#5866=DIRECTION('center_axis',(-0.968834221188802,0.247710015650332,0.));
#5867=DIRECTION('ref_axis',(-0.247710015650332,-0.968834221188802,0.));
#5868=DIRECTION('',(0.,0.,1.));
#5869=DIRECTION('center_axis',(0.866138255760159,-0.499804483682119,0.));
#5870=DIRECTION('ref_axis',(0.499804483682119,0.866138255760159,0.));
#5871=DIRECTION('',(0.499804483682119,0.866138255760159,0.));
#5872=DIRECTION('center_axis',(-0.968793283684195,-0.247870073805603,0.));
#5873=DIRECTION('ref_axis',(0.247870073805603,-0.968793283684195,0.));
#5874=DIRECTION('',(-0.0838832460164259,-0.996475589785193,-7.18504035921744E-16));
#5875=DIRECTION('',(-0.0310109424531257,-0.971133281013967,-0.236513153873557));
#5876=DIRECTION('',(-0.0310109424531254,-0.971133281013967,-0.236513153873557));
#5877=DIRECTION('',(-0.162443665370658,-0.975620714591609,0.147567871979995));
#5878=DIRECTION('',(0.499804483682119,0.866138255760159,0.));
#5879=DIRECTION('',(0.247870073805603,-0.968793283684195,0.));
#5880=DIRECTION('',(0.,0.,1.));
#5881=DIRECTION('center_axis',(0.,0.,1.));
#5882=DIRECTION('ref_axis',(1.,0.,0.));
#5883=DIRECTION('',(-0.247710015650332,-0.968834221188802,0.));
#5884=DIRECTION('',(-0.0838801931401083,0.9964758467714,4.31086731860101E-16));
#5885=DIRECTION('',(-0.0310108299459628,0.971133493582487,-0.236512295807927));
#5886=DIRECTION('',(0.5,-0.866025403784439,0.));
#5887=DIRECTION('',(0.162407842241799,-0.975627703915253,0.147561092878219));
#5888=DIRECTION('',(0.0310073476521088,-0.97113338937205,-0.236513180263458));
#5889=DIRECTION('',(0.247790044931313,0.968813755906128,0.));
#5890=DIRECTION('',(0.0838817175037981,-0.996475718454099,0.));
#5891=DIRECTION('',(0.,0.,1.));
#5892=DIRECTION('',(0.0310073476521088,-0.97113338937205,-0.236513180263458));
#5893=DIRECTION('center_axis',(0.,0.,1.));
#5894=DIRECTION('ref_axis',(1.,0.,0.));
#5895=DIRECTION('',(-0.247790044931313,0.968813755906128,0.));
#5896=DIRECTION('',(0.,0.,1.));
#5897=DIRECTION('',(-0.499999999999999,0.866025403784439,0.));
#5898=DIRECTION('center_axis',(0.,0.,1.));
#5899=DIRECTION('ref_axis',(-0.99997787053881,0.00665270115562627,0.));
#5900=DIRECTION('',(0.502631462859507,0.689283433067195,-0.521775776979742));
#5901=DIRECTION('center_axis',(0.807991369263928,-0.589194320402872,2.00891181973125E-16));
#5902=DIRECTION('ref_axis',(2.48630356232808E-16,0.,-1.));
#5903=DIRECTION('',(0.,0.,1.));
#5904=DIRECTION('',(0.,0.,1.));
#5905=DIRECTION('',(0.502631462859507,0.689283433067196,-0.521775776979741));
#5906=DIRECTION('',(-0.499999999999999,0.866025403784439,0.));
#5907=DIRECTION('center_axis',(0.,0.,1.));
#5908=DIRECTION('ref_axis',(-0.99997787053881,0.00665270115562627,0.));
#5909=DIRECTION('center_axis',(-0.707106781186548,0.707106781186547,0.));
#5910=DIRECTION('ref_axis',(-0.707106781186547,-0.707106781186548,0.));
#5911=DIRECTION('',(-0.707106781186547,-0.707106781186548,0.));
#5912=DIRECTION('',(-0.707106781186547,-0.707106781186548,0.));
#5913=DIRECTION('center_axis',(0.,0.,1.));
#5914=DIRECTION('ref_axis',(-1.,0.,0.));
#5915=DIRECTION('center_axis',(0.,0.,1.));
#5916=DIRECTION('ref_axis',(-1.,0.,0.));
#5917=DIRECTION('center_axis',(0.807988015383448,0.58919891971788,-1.38818950850435E-15));
#5918=DIRECTION('ref_axis',(-1.71808180576237E-15,0.,-1.));
#5919=DIRECTION('',(0.502634318247486,-0.689279107060921,-0.521778741124228));
#5920=DIRECTION('',(0.,0.,1.));
#5921=DIRECTION('',(0.502634318247486,-0.689279107060921,-0.521778741124228));
#5922=DIRECTION('',(0.500000000000001,0.866025403784438,0.));
#5923=DIRECTION('center_axis',(0.,0.,1.));
#5924=DIRECTION('ref_axis',(0.000703001240608054,0.999999752894597,0.));
#5925=DIRECTION('',(0.500000000000001,0.866025403784438,0.));
#5926=DIRECTION('center_axis',(0.,0.,1.));
#5927=DIRECTION('ref_axis',(0.000703001240608054,0.999999752894597,0.));
#5928=DIRECTION('center_axis',(-0.707106781186547,-0.707106781186548,0.));
#5929=DIRECTION('ref_axis',(0.707106781186548,-0.707106781186547,0.));
#5930=DIRECTION('',(-0.707106781186548,0.707106781186547,0.));
#5931=DIRECTION('',(0.,0.,1.));
#5932=DIRECTION('',(0.707106781186548,-0.707106781186547,0.));
#5933=DIRECTION('center_axis',(0.707106781186548,0.707106781186548,0.));
#5934=DIRECTION('ref_axis',(-0.707106781186548,0.707106781186548,0.));
#5935=DIRECTION('',(-0.707106781186547,0.707106781186547,0.));
#5936=DIRECTION('',(-0.707106781186547,0.707106781186547,0.));
#5937=DIRECTION('',(0.,0.,1.));
#5938=DIRECTION('center_axis',(0.707106781186548,-0.707106781186548,0.));
#5939=DIRECTION('ref_axis',(0.707106781186548,0.707106781186548,0.));
#5940=DIRECTION('',(-0.707106781186548,-0.707106781186548,0.));
#5941=DIRECTION('',(0.707106781186548,0.707106781186548,0.));
#5942=DIRECTION('center_axis',(0.,0.,1.));
#5943=DIRECTION('ref_axis',(-1.,0.,0.));
#5944=DIRECTION('center_axis',(0.,0.,1.));
#5945=DIRECTION('ref_axis',(-1.,0.,0.));
#5946=DIRECTION('',(0.499999999999998,-0.86602540378444,0.));
#5947=DIRECTION('center_axis',(0.,0.,1.));
#5948=DIRECTION('ref_axis',(0.99997787053881,-0.00665270115562626,0.));
#5949=DIRECTION('',(-0.502640250918094,-0.689276356813295,-0.521776659208887));
#5950=DIRECTION('center_axis',(-0.807983585419014,0.589204994627027,0.));
#5951=DIRECTION('ref_axis',(0.,0.,1.));
#5952=DIRECTION('',(0.,0.,1.));
#5953=DIRECTION('',(-0.502640250918094,-0.689276356813295,-0.521776659208887));
#5954=DIRECTION('',(0.499999999999998,-0.86602540378444,0.));
#5955=DIRECTION('center_axis',(0.,0.,1.));
#5956=DIRECTION('ref_axis',(0.99997787053881,-0.00665270115562626,0.));
#5957=DIRECTION('center_axis',(-0.807986939350255,-0.589200395315047,-1.82199213818903E-15));
#5958=DIRECTION('ref_axis',(-2.25497721492155E-15,0.,1.));
#5959=DIRECTION('',(-0.50263739551921,0.689280682833547,-0.521773695099882));
#5960=DIRECTION('',(0.,0.,1.));
#5961=DIRECTION('',(-0.50263739551921,0.689280682833547,-0.521773695099881));
#5962=DIRECTION('',(-0.500000000000002,-0.866025403784437,0.));
#5963=DIRECTION('',(-0.500000000000002,-0.866025403784437,0.));
#5964=DIRECTION('center_axis',(0.,0.,1.));
#5965=DIRECTION('ref_axis',(-0.000703001240608054,-0.999999752894597,0.));
#5966=DIRECTION('',(0.,0.,1.));
#5967=DIRECTION('',(0.,0.,1.));
#5968=DIRECTION('',(0.,0.,1.));
#5969=DIRECTION('',(0.,0.,1.));
#5970=DIRECTION('',(0.,0.,1.));
#5971=DIRECTION('',(0.,0.,1.));
#5972=DIRECTION('',(0.,0.,1.));
#5973=DIRECTION('',(0.,0.,1.));
#5974=DIRECTION('',(0.,0.,1.));
#5975=DIRECTION('',(0.,0.,1.));
#5976=DIRECTION('',(0.,0.,1.));
#5977=DIRECTION('',(0.,0.,1.));
#5978=DIRECTION('center_axis',(0.,1.,0.));
#5979=DIRECTION('ref_axis',(-1.,0.,0.));
#5980=DIRECTION('',(-1.,0.,0.));
#5981=DIRECTION('',(-1.,0.,0.));
#5982=DIRECTION('',(0.,0.,1.));
#5983=DIRECTION('',(0.,0.,1.));
#5984=DIRECTION('',(0.,0.,1.));
#5985=DIRECTION('',(0.,0.,1.));
#5986=DIRECTION('',(0.,0.,1.));
#5987=DIRECTION('',(0.,0.,1.));
#5988=DIRECTION('center_axis',(0.,1.,0.));
#5989=DIRECTION('ref_axis',(-1.,0.,0.));
#5990=DIRECTION('',(-1.,0.,0.));
#5991=DIRECTION('',(-1.,0.,0.));
#5992=DIRECTION('',(0.,0.,1.));
#5993=DIRECTION('',(0.,0.,1.));
#5994=DIRECTION('',(0.,0.,1.));
#5995=DIRECTION('',(0.,0.,1.));
#5996=DIRECTION('',(0.,0.,1.));
#5997=DIRECTION('',(0.,0.,1.));
#5998=DIRECTION('',(0.,0.,1.));
#5999=DIRECTION('',(0.,0.,1.));
#6000=DIRECTION('',(0.,0.,1.));
#6001=DIRECTION('',(0.,0.,1.));
#6002=DIRECTION('',(0.,0.,1.));
#6003=DIRECTION('',(0.,0.,1.));
#6004=DIRECTION('',(0.,0.,1.));
#6005=DIRECTION('',(0.,0.,1.));
#6006=DIRECTION('',(0.,0.,1.));
#6007=DIRECTION('',(0.,0.,1.));
#6008=DIRECTION('',(0.,0.,1.));
#6009=DIRECTION('',(0.,0.,1.));
#6010=DIRECTION('',(0.,0.,1.));
#6011=DIRECTION('',(0.,0.,1.));
#6012=DIRECTION('',(0.,0.,1.));
#6013=DIRECTION('',(0.,0.,1.));
#6014=DIRECTION('',(0.,0.,1.));
#6015=DIRECTION('center_axis',(0.,-1.,0.));
#6016=DIRECTION('ref_axis',(1.,0.,0.));
#6017=DIRECTION('',(1.,0.,0.));
#6018=DIRECTION('',(1.,0.,0.));
#6019=DIRECTION('',(0.,0.,1.));
#6020=DIRECTION('',(0.,0.,1.));
#6021=DIRECTION('',(0.,0.,1.));
#6022=DIRECTION('',(0.,0.,1.));
#6023=DIRECTION('',(0.,0.,1.));
#6024=DIRECTION('',(0.,0.,1.));
#6025=DIRECTION('',(0.,0.,1.));
#6026=DIRECTION('center_axis',(-0.866025403784439,-0.499999999999999,0.));
#6027=DIRECTION('ref_axis',(0.499999999999999,-0.866025403784439,0.));
#6028=DIRECTION('',(0.499999999999999,-0.866025403784439,0.));
#6029=DIRECTION('',(0.499999999999999,-0.866025403784439,0.));
#6030=DIRECTION('',(0.,0.,1.));
#6031=DIRECTION('',(0.,0.,1.));
#6032=DIRECTION('',(0.,0.,1.));
#6033=DIRECTION('',(0.,0.,1.));
#6034=DIRECTION('',(0.,0.,1.));
#6035=DIRECTION('',(0.,0.,1.));
#6036=DIRECTION('center_axis',(0.86602540378444,0.499999999999998,0.));
#6037=DIRECTION('ref_axis',(-0.499999999999998,0.86602540378444,0.));
#6038=DIRECTION('',(-0.499999999999998,0.86602540378444,0.));
#6039=DIRECTION('',(0.,0.,1.));
#6040=DIRECTION('',(-0.499999999999998,0.86602540378444,0.));
#6041=DIRECTION('',(0.,0.,1.));
#6042=DIRECTION('',(0.,0.,1.));
#6043=DIRECTION('',(0.,0.,1.));
#6044=DIRECTION('',(0.,0.,1.));
#6045=DIRECTION('',(0.,0.,1.));
#6046=DIRECTION('',(0.,0.,1.));
#6047=DIRECTION('',(0.,0.,1.));
#6048=DIRECTION('',(0.,0.,1.));
#6049=DIRECTION('',(0.,0.,1.));
#6050=DIRECTION('',(0.,0.,1.));
#6051=DIRECTION('',(0.,0.,1.));
#6052=DIRECTION('',(0.,0.,1.));
#6053=DIRECTION('center_axis',(0.866025403784437,-0.500000000000003,0.));
#6054=DIRECTION('ref_axis',(0.500000000000003,0.866025403784437,0.));
#6055=DIRECTION('',(0.500000000000003,0.866025403784437,0.));
#6056=DIRECTION('',(0.500000000000003,0.866025403784437,0.));
#6057=DIRECTION('',(0.,0.,1.));
#6058=DIRECTION('',(0.,0.,1.));
#6059=DIRECTION('',(0.,0.,1.));
#6060=DIRECTION('',(0.,0.,1.));
#6061=DIRECTION('',(0.,0.,1.));
#6062=DIRECTION('',(0.,0.,1.));
#6063=DIRECTION('',(0.,0.,1.));
#6064=DIRECTION('center_axis',(0.,1.,0.));
#6065=DIRECTION('ref_axis',(-1.,0.,0.));
#6066=DIRECTION('',(-1.,0.,0.));
#6067=DIRECTION('',(-1.,0.,0.));
#6068=DIRECTION('',(0.,0.,1.));
#6069=DIRECTION('',(0.,0.,1.));
#6070=DIRECTION('',(0.,0.,1.));
#6071=DIRECTION('',(0.,0.,1.));
#6072=DIRECTION('center_axis',(-0.866025403784439,-0.499999999999999,0.));
#6073=DIRECTION('ref_axis',(0.499999999999999,-0.866025403784439,0.));
#6074=DIRECTION('',(0.499999999999999,-0.866025403784439,0.));
#6075=DIRECTION('',(0.499999999999999,-0.866025403784439,0.));
#6076=DIRECTION('',(0.,0.,1.));
#6077=DIRECTION('',(0.,0.,1.));
#6078=DIRECTION('',(0.,0.,1.));
#6079=DIRECTION('',(0.,0.,1.));
#6080=DIRECTION('',(0.,0.,1.));
#6081=DIRECTION('',(0.,0.,1.));
#6082=DIRECTION('',(0.,0.,1.));
#6083=DIRECTION('center_axis',(0.,-1.,0.));
#6084=DIRECTION('ref_axis',(1.,0.,0.));
#6085=DIRECTION('',(1.,0.,0.));
#6086=DIRECTION('',(1.,0.,0.));
#6087=DIRECTION('',(0.,0.,1.));
#6088=DIRECTION('',(0.,0.,1.));
#6089=DIRECTION('',(0.,0.,1.));
#6090=DIRECTION('',(0.,0.,1.));
#6091=DIRECTION('',(0.,0.,1.));
#6092=DIRECTION('',(0.,0.,1.));
#6093=DIRECTION('',(0.,0.,1.));
#6094=DIRECTION('',(0.,0.,1.));
#6095=DIRECTION('',(0.,0.,1.));
#6096=DIRECTION('',(0.,0.,1.));
#6097=DIRECTION('center_axis',(-0.866025403784438,0.500000000000001,0.));
#6098=DIRECTION('ref_axis',(-0.500000000000001,-0.866025403784438,0.));
#6099=DIRECTION('',(-0.500000000000001,-0.866025403784438,0.));
#6100=DIRECTION('',(-0.500000000000001,-0.866025403784438,0.));
#6101=DIRECTION('',(0.,0.,1.));
#6102=DIRECTION('',(0.,0.,1.));
#6103=DIRECTION('',(0.,0.,1.));
#6104=DIRECTION('center_axis',(0.86602540378444,0.499999999999998,0.));
#6105=DIRECTION('ref_axis',(-0.499999999999998,0.86602540378444,0.));
#6106=DIRECTION('',(-0.499999999999998,0.86602540378444,0.));
#6107=DIRECTION('',(0.,0.,1.));
#6108=DIRECTION('',(-0.499999999999998,0.86602540378444,0.));
#6109=DIRECTION('',(0.,0.,1.));
#6110=DIRECTION('center_axis',(0.,1.,0.));
#6111=DIRECTION('ref_axis',(-1.,0.,0.));
#6112=DIRECTION('',(-1.,0.,0.));
#6113=DIRECTION('',(-1.,0.,0.));
#6114=DIRECTION('',(0.,0.,1.));
#6115=DIRECTION('',(0.,0.,1.));
#6116=DIRECTION('',(0.,0.,1.));
#6117=DIRECTION('',(0.,0.,1.));
#6118=DIRECTION('',(0.,0.,1.));
#6119=DIRECTION('',(0.,0.,1.));
#6120=DIRECTION('',(0.,0.,1.));
#6121=DIRECTION('',(0.,0.,1.));
#6122=DIRECTION('',(0.,0.,1.));
#6123=DIRECTION('',(0.,0.,1.));
#6124=DIRECTION('',(0.,0.,1.));
#6125=DIRECTION('center_axis',(0.86602540378444,0.499999999999998,0.));
#6126=DIRECTION('ref_axis',(-0.499999999999998,0.86602540378444,0.));
#6127=DIRECTION('',(-0.499999999999998,0.86602540378444,0.));
#6128=DIRECTION('',(0.,0.,1.));
#6129=DIRECTION('',(-0.499999999999998,0.86602540378444,0.));
#6130=DIRECTION('',(0.,0.,1.));
#6131=DIRECTION('',(0.,0.,1.));
#6132=DIRECTION('',(0.,0.,1.));
#6133=DIRECTION('',(0.,0.,1.));
#6134=DIRECTION('',(0.,0.,1.));
#6135=DIRECTION('',(0.,0.,1.));
#6136=DIRECTION('',(0.,0.,1.));
#6137=DIRECTION('',(0.,0.,1.));
#6138=DIRECTION('',(0.,0.,1.));
#6139=DIRECTION('',(0.,0.,1.));
#6140=DIRECTION('',(0.,0.,1.));
#6141=DIRECTION('',(0.,0.,1.));
#6142=DIRECTION('',(0.,0.,1.));
#6143=DIRECTION('',(0.,0.,1.));
#6144=DIRECTION('',(0.,0.,1.));
#6145=DIRECTION('',(0.,0.,1.));
#6146=DIRECTION('',(0.,0.,1.));
#6147=DIRECTION('',(0.,0.,1.));
#6148=DIRECTION('',(0.,0.,1.));
#6149=DIRECTION('',(0.,0.,1.));
#6150=DIRECTION('',(0.,0.,1.));
#6151=DIRECTION('',(0.,0.,1.));
#6152=DIRECTION('',(0.,0.,1.));
#6153=DIRECTION('',(0.,0.,1.));
#6154=DIRECTION('',(0.,0.,1.));
#6155=DIRECTION('',(0.,0.,1.));
#6156=DIRECTION('',(0.,0.,1.));
#6157=DIRECTION('',(0.,0.,1.));
#6158=DIRECTION('center_axis',(0.,-1.,0.));
#6159=DIRECTION('ref_axis',(1.,0.,0.));
#6160=DIRECTION('',(1.,0.,0.));
#6161=DIRECTION('',(0.,0.,1.));
#6162=DIRECTION('',(1.,0.,0.));
#6163=DIRECTION('',(0.,0.,1.));
#6164=DIRECTION('center_axis',(0.866025403784437,-0.500000000000003,0.));
#6165=DIRECTION('ref_axis',(0.500000000000003,0.866025403784437,0.));
#6166=DIRECTION('',(0.500000000000003,0.866025403784437,0.));
#6167=DIRECTION('',(0.500000000000003,0.866025403784437,0.));
#6168=DIRECTION('',(0.,0.,1.));
#6169=DIRECTION('',(0.,0.,1.));
#6170=DIRECTION('',(0.,0.,1.));
#6171=DIRECTION('',(0.,0.,1.));
#6172=DIRECTION('',(0.,0.,1.));
#6173=DIRECTION('',(0.,0.,1.));
#6174=DIRECTION('',(0.,0.,1.));
#6175=DIRECTION('',(0.,0.,1.));
#6176=DIRECTION('',(0.,0.,1.));
#6177=DIRECTION('',(0.,0.,1.));
#6178=DIRECTION('',(0.,0.,1.));
#6179=DIRECTION('',(0.,0.,1.));
#6180=DIRECTION('',(0.,0.,1.));
#6181=DIRECTION('',(0.,0.,1.));
#6182=DIRECTION('',(0.,0.,1.));
#6183=DIRECTION('',(0.,0.,1.));
#6184=DIRECTION('',(0.,0.,1.));
#6185=DIRECTION('',(0.,0.,1.));
#6186=DIRECTION('',(0.,0.,1.));
#6187=DIRECTION('',(0.,0.,1.));
#6188=DIRECTION('center_axis',(0.866025403784439,0.5,0.));
#6189=DIRECTION('ref_axis',(-0.5,0.866025403784439,0.));
#6190=DIRECTION('',(0.5,-0.866025403784439,0.));
#6191=DIRECTION('',(-0.5,0.866025403784439,0.));
#6192=DIRECTION('',(0.,0.,1.));
#6193=DIRECTION('center_axis',(1.66656766153242E-15,1.,0.));
#6194=DIRECTION('ref_axis',(-1.,1.66656766153242E-15,0.));
#6195=DIRECTION('',(-1.,1.66656766153242E-15,0.));
#6196=DIRECTION('',(-1.,1.66656766153242E-15,0.));
#6197=DIRECTION('center_axis',(0.,0.,1.));
#6198=DIRECTION('ref_axis',(1.,0.,0.));
#6199=DIRECTION('center_axis',(0.,0.,1.));
#6200=DIRECTION('ref_axis',(1.,0.,0.));
#6201=DIRECTION('center_axis',(0.707106781186547,0.707106781186548,0.));
#6202=DIRECTION('ref_axis',(-0.707106781186548,0.707106781186547,0.));
#6203=DIRECTION('',(0.707106781186548,-0.707106781186547,0.));
#6204=DIRECTION('center_axis',(-0.707106781186548,-0.707106781186547,0.));
#6205=DIRECTION('ref_axis',(0.707106781186547,-0.707106781186548,0.));
#6206=DIRECTION('',(0.707106781186547,-0.707106781186548,0.));
#6207=DIRECTION('center_axis',(0.,0.,1.));
#6208=DIRECTION('ref_axis',(-1.,0.,0.));
#6209=DIRECTION('center_axis',(-0.707106781186543,0.707106781186552,0.));
#6210=DIRECTION('ref_axis',(-0.707106781186552,-0.707106781186543,0.));
#6211=DIRECTION('',(0.707106781186552,0.707106781186543,0.));
#6212=DIRECTION('',(0.,0.,1.));
#6213=DIRECTION('',(-0.707106781186552,-0.707106781186543,0.));
#6214=DIRECTION('center_axis',(0.707106781186543,-0.707106781186552,0.));
#6215=DIRECTION('ref_axis',(0.707106781186552,0.707106781186543,0.));
#6216=DIRECTION('',(0.707106781186552,0.707106781186543,0.));
#6217=DIRECTION('',(0.707106781186552,0.707106781186543,0.));
#6218=DIRECTION('',(0.,0.,1.));
#6219=DIRECTION('center_axis',(-0.707106781186552,-0.707106781186543,0.));
#6220=DIRECTION('ref_axis',(0.707106781186543,-0.707106781186552,0.));
#6221=DIRECTION('',(0.707106781186543,-0.707106781186552,0.));
#6222=DIRECTION('',(0.707106781186543,-0.707106781186552,0.));
#6223=DIRECTION('center_axis',(0.,0.,1.));
#6224=DIRECTION('ref_axis',(-1.,0.,0.));
#6225=DIRECTION('center_axis',(0.,0.,1.));
#6226=DIRECTION('ref_axis',(-1.,0.,0.));
#6227=CARTESIAN_POINT('',(0.,0.,0.));
#6228=CARTESIAN_POINT('Origin',(-279.485807562636,90.1330746602143,78.8078656134936));
#6229=CARTESIAN_POINT('',(-279.485807562636,87.0591294272707,65.7005828781261));
#6230=CARTESIAN_POINT('',(-284.485807562636,82.9633692058257,68.5684650598815));
#6231=CARTESIAN_POINT('Ctrl Pts',(-279.483422261465,87.0591413978238,65.7005744962545));
#6232=CARTESIAN_POINT('Ctrl Pts',(-280.529708781207,87.0590236922793,65.700656914564));
#6233=CARTESIAN_POINT('Ctrl Pts',(-283.159968352249,86.3652292160513,66.1864570367872));
#6234=CARTESIAN_POINT('Ctrl Pts',(-284.499088240309,84.2542712604478,67.6645657101446));
#6235=CARTESIAN_POINT('Ctrl Pts',(-284.491346523958,82.9647453427438,68.5675014784378));
#6236=CARTESIAN_POINT('',(-284.485807562636,98.4499329873047,90.6855702556838));
#6237=CARTESIAN_POINT('',(-284.485807562636,90.1330746602141,78.8078656134937));
#6238=CARTESIAN_POINT('',(-279.485807562636,102.54569320875,87.8176880739283));
#6239=CARTESIAN_POINT('Origin',(-279.485807562636,98.4499329873049,90.6855702556837));
#6240=CARTESIAN_POINT('',(-279.485807562636,94.2288348816592,75.9399834317382));
#6241=CARTESIAN_POINT('Origin',(-200.235807562634,66.2982152489652,113.198445382462));
#6242=CARTESIAN_POINT('',(-284.485807562633,34.1464975106205,135.711320509243));
#6243=CARTESIAN_POINT('',(-284.485807562636,102.54569320875,87.8176880739284));
#6244=CARTESIAN_POINT('',(-279.485807562633,30.0507372891758,138.579202690998));
#6245=CARTESIAN_POINT('Origin',(-279.485807562633,34.1464975106206,135.711320509243));
#6246=CARTESIAN_POINT('',(-120.985807562633,30.0507372891806,138.579202690995));
#6247=CARTESIAN_POINT('',(-284.485807562633,30.0507372891756,138.579202690999));
#6248=CARTESIAN_POINT('',(-115.985807562633,34.1464975106256,135.711320509239));
#6249=CARTESIAN_POINT('Origin',(-120.985807562633,34.1464975106255,135.71132050924));
#6250=CARTESIAN_POINT('',(-115.985807562636,98.4499329873099,90.6855702556801));
#6251=CARTESIAN_POINT('',(-115.985807562633,30.0507372891807,138.579202690995));
#6252=CARTESIAN_POINT('',(-120.985807562636,102.545693208755,87.8176880739248));
#6253=CARTESIAN_POINT('Origin',(-120.985807562636,98.4499329873098,90.6855702556802));
#6254=CARTESIAN_POINT('',(-115.985807562636,102.545693208755,87.8176880739247));
#6255=CARTESIAN_POINT('',(-280.485807562636,99.2690850315938,90.1119938193326));
#6256=CARTESIAN_POINT('',(-119.985807562636,99.2690850315987,90.1119938193291));
#6257=CARTESIAN_POINT('',(-119.985807562636,99.2690850315987,90.1119938193291));
#6258=CARTESIAN_POINT('',(-119.985807562633,33.3273454663365,136.284896945591));
#6259=CARTESIAN_POINT('',(-119.985807562636,99.2690850315987,90.1119938193291));
#6260=CARTESIAN_POINT('',(-280.485807562633,33.3273454663316,136.284896945594));
#6261=CARTESIAN_POINT('',(-280.485807562633,33.3273454663316,136.284896945594));
#6262=CARTESIAN_POINT('',(-280.485807562633,33.3273454663316,136.284896945594));
#6263=CARTESIAN_POINT('Origin',(-284.485807562633,21.733878962085,126.701498048808));
#6264=CARTESIAN_POINT('',(-284.485807562634,50.0653431592568,91.6039108899102));
#6265=CARTESIAN_POINT('Ctrl Pts',(-284.491351134781,82.9655300352717,68.5669520308146));
#6266=CARTESIAN_POINT('Ctrl Pts',(-284.491349631214,82.9652684720427,68.5671351793592));
#6267=CARTESIAN_POINT('Ctrl Pts',(-284.491348094274,82.9650069078654,68.5673183285679));
#6268=CARTESIAN_POINT('Ctrl Pts',(-284.484748689055,81.8657540179062,69.3370234885162));
#6269=CARTESIAN_POINT('Ctrl Pts',(-284.489520420333,79.6743665483848,70.8714495138136));
#6270=CARTESIAN_POINT('Ctrl Pts',(-284.486534147137,75.2869622736295,73.9435430601709));
#6271=CARTESIAN_POINT('Ctrl Pts',(-284.488707402604,65.4184322099,80.8535622018441));
#6272=CARTESIAN_POINT('Ctrl Pts',(-284.485807562635,56.6449483685706,86.9968217239044));
#6273=CARTESIAN_POINT('Ctrl Pts',(-284.485807562634,50.0653431592568,91.6039108899102));
#6274=CARTESIAN_POINT('',(-284.485807562634,42.205301144447,97.1075715593255));
#6275=CARTESIAN_POINT('',(-284.485807562633,14.5641735076966,116.462097495196));
#6276=CARTESIAN_POINT('',(-284.485807562634,32.442639620716,103.943460751232));
#6277=CARTESIAN_POINT('',(-284.485807562633,14.5641735076966,116.462097495196));
#6278=CARTESIAN_POINT('',(-284.485807562634,30.8070943892833,105.088681851365));
#6279=CARTESIAN_POINT('',(-284.485807562633,14.5641735076966,116.462097495196));
#6280=CARTESIAN_POINT('',(-284.485807562633,20.3010725573934,112.44507753465));
#6281=CARTESIAN_POINT('',(-284.485807562633,14.5641735076966,116.462097495196));
#6282=CARTESIAN_POINT('',(-284.485807562633,18.6599337291414,113.594215313441));
#6283=CARTESIAN_POINT('Ctrl Pts',(-284.485807562633,20.3010725573934,112.44507753465));
#6284=CARTESIAN_POINT('Ctrl Pts',(-284.485807562633,19.7540262813094,112.828123460914));
#6285=CARTESIAN_POINT('Ctrl Pts',(-284.485889885241,19.2067623571499,113.211321786));
#6286=CARTESIAN_POINT('Ctrl Pts',(-284.485876724096,18.6603021987122,113.59395730827));
#6287=CARTESIAN_POINT('',(-284.485807562633,25.8296391835299,123.833615867053));
#6288=CARTESIAN_POINT('Origin',(-120.985807562636,90.1330746602192,78.8078656134901));
#6289=CARTESIAN_POINT('',(-115.985807562636,82.9633692058309,68.5684650598778));
#6290=CARTESIAN_POINT('',(-115.985807562636,90.1330746602193,78.80786561349));
#6291=CARTESIAN_POINT('',(-120.985807562636,87.0591294272756,65.7005828781226));
#6292=CARTESIAN_POINT('Ctrl Pts',(-120.985608938127,87.0599494258575,65.7000087089341));
#6293=CARTESIAN_POINT('Ctrl Pts',(-119.938278650877,87.0602013910818,65.6998322809846));
#6294=CARTESIAN_POINT('Ctrl Pts',(-118.374062764891,86.6388076545068,65.9948953518888));
#6295=CARTESIAN_POINT('Ctrl Pts',(-116.498826680373,85.1023123708484,67.0707609319302));
#6296=CARTESIAN_POINT('Ctrl Pts',(-115.98406458753,83.8215908848268,67.9675317707897));
#6297=CARTESIAN_POINT('Ctrl Pts',(-115.984109807209,82.9640476764776,68.5679899896164));
#6298=CARTESIAN_POINT('',(-120.985807562636,94.228834881664,75.9399834317347));
#6299=CARTESIAN_POINT('Origin',(-115.985807562636,94.2288348816642,75.9399834317346));
#6300=CARTESIAN_POINT('',(-115.985807562633,18.6599337291465,113.594215313437));
#6301=CARTESIAN_POINT('',(-115.985807562633,25.829639183535,123.833615867049));
#6302=CARTESIAN_POINT('',(-115.985807562633,29.389092615671,106.081577382443));
#6303=CARTESIAN_POINT('',(-115.985807562636,87.0591294272757,65.7005828781225));
#6304=CARTESIAN_POINT('',(-115.985807562634,31.053905967394,104.915862523854));
#6305=CARTESIAN_POINT('',(-115.985807562636,87.0591294272757,65.7005828781225));
#6306=CARTESIAN_POINT('',(-115.985807562634,41.0270667320733,97.9325801766476));
#6307=CARTESIAN_POINT('',(-115.985807562636,87.0591294272757,65.7005828781225));
#6308=CARTESIAN_POINT('',(-115.985807562634,49.0550390018855,92.3113334767861));
#6309=CARTESIAN_POINT('',(-115.985807562636,87.0591294272757,65.7005828781225));
#6310=CARTESIAN_POINT('Ctrl Pts',(-115.984110072943,82.9628992117645,68.5687941532658));
#6311=CARTESIAN_POINT('Ctrl Pts',(-115.985037109512,80.7020396843495,70.1518650371952));
#6312=CARTESIAN_POINT('Ctrl Pts',(-115.985021297874,76.1813889394649,73.317258766377));
#6313=CARTESIAN_POINT('Ctrl Pts',(-115.98538664223,64.8784980025412,81.2316282039739));
#6314=CARTESIAN_POINT('Ctrl Pts',(-115.985807562635,55.8367050426746,87.5627597934045));
#6315=CARTESIAN_POINT('Ctrl Pts',(-115.985807562634,49.0550390018855,92.3113334767861));
#6316=CARTESIAN_POINT('Origin',(-120.985807562633,25.8296391835349,123.833615867049));
#6317=CARTESIAN_POINT('',(-120.985807562633,14.5641735077016,116.462097495193));
#6318=CARTESIAN_POINT('Ctrl Pts',(-115.985807562633,18.6599337291466,113.594215313437));
#6319=CARTESIAN_POINT('Ctrl Pts',(-115.985807562633,18.231026721728,113.894539233223));
#6320=CARTESIAN_POINT('Ctrl Pts',(-116.229997845972,16.9424892199398,114.796782905241));
#6321=CARTESIAN_POINT('Ctrl Pts',(-117.845885562478,15.121508469458,116.071847353663));
#6322=CARTESIAN_POINT('Ctrl Pts',(-119.938532658514,14.5624086035303,116.463333294398));
#6323=CARTESIAN_POINT('Ctrl Pts',(-120.985613244405,14.5626411326044,116.463170475787));
#6324=CARTESIAN_POINT('',(-120.985807562633,21.73387896209,126.701498048805));
#6325=CARTESIAN_POINT('Origin',(-279.485807562633,25.82963918353,123.833615867053));
#6326=CARTESIAN_POINT('',(-279.485807562633,14.5641735076967,116.462097495196));
#6327=CARTESIAN_POINT('Ctrl Pts',(-284.485876694246,18.659933436075,113.594215518648));
#6328=CARTESIAN_POINT('Ctrl Pts',(-284.485758623096,17.8031603260539,114.19413450882));
#6329=CARTESIAN_POINT('Ctrl Pts',(-283.636473655538,15.6515141826814,115.70073335797));
#6330=CARTESIAN_POINT('Ctrl Pts',(-281.060094411471,14.5546664571512,116.468754403654));
#6331=CARTESIAN_POINT('Ctrl Pts',(-279.486322728693,14.5598986325051,116.46509079503));
#6332=CARTESIAN_POINT('Ctrl Pts',(-279.486077366329,14.5598994481424,116.465090223915));
#6333=CARTESIAN_POINT('Ctrl Pts',(-279.485832004024,14.559900263683,116.465089652867));
#6334=CARTESIAN_POINT('',(-279.485807562633,21.7338789620852,126.701498048808));
#6335=CARTESIAN_POINT('Origin',(-130.985807562633,20.299937871212,124.653617938083));
#6336=CARTESIAN_POINT('',(-130.985807562636,92.794893790786,73.8921033210125));
#6337=CARTESIAN_POINT('',(-130.985807562633,20.299937871212,124.653617938083));
#6338=CARTESIAN_POINT('',(-130.985807562634,38.4236768511055,111.963239283815));
#6339=CARTESIAN_POINT('',(-130.985807562636,87.0591294272753,65.7005828781228));
#6340=CARTESIAN_POINT('',(-130.985807562636,92.794893790786,73.8921033210125));
#6341=CARTESIAN_POINT('',(-130.985807562633,15.9006075192011,115.526316326021));
#6342=CARTESIAN_POINT('',(-130.985807562633,14.5641735077013,116.462097495193));
#6343=CARTESIAN_POINT('',(-130.985807562633,14.5641735077013,116.462097495193));
#6344=CARTESIAN_POINT('',(-130.985807562633,14.5641735077013,116.462097495193));
#6345=CARTESIAN_POINT('',(-130.985807562633,20.299937871212,124.653617938083));
#6346=CARTESIAN_POINT('Origin',(-200.235807562634,56.5474158309969,99.2728606295491));
#6347=CARTESIAN_POINT('',(-269.485807562633,20.2999378712078,124.653617938086));
#6348=CARTESIAN_POINT('',(-284.485807562633,20.2999378712073,124.653617938086));
#6349=CARTESIAN_POINT('',(-269.485807562636,92.7948937907818,73.8921033210156));
#6350=CARTESIAN_POINT('',(-269.485807562635,74.6711548108883,86.5824819752831));
#6351=CARTESIAN_POINT('',(-115.985807562636,92.7948937907865,73.8921033210122));
#6352=CARTESIAN_POINT('',(-211.695807562636,83.776029783162,80.2071798852396));
#6353=CARTESIAN_POINT('Origin',(-212.945807562636,83.7760297831619,80.2071798852396));
#6354=CARTESIAN_POINT('',(-262.225807562636,83.7760297831604,80.2071798852407));
#6355=CARTESIAN_POINT('Origin',(-263.475807562636,83.7760297831604,80.2071798852408));
#6356=CARTESIAN_POINT('',(-262.215807562633,29.3188018788296,118.33854137386));
#6357=CARTESIAN_POINT('Origin',(-263.465807562633,29.3188018788295,118.33854137386));
#6358=CARTESIAN_POINT('',(-135.235807562634,35.8638267127023,113.755665647412));
#6359=CARTESIAN_POINT('',(-135.235807562635,77.2310049492954,84.790055611683));
#6360=CARTESIAN_POINT('',(-135.235807562633,23.78133405944,122.215918083591));
#6361=CARTESIAN_POINT('',(-265.235807562635,77.2310049492914,84.7900556116859));
#6362=CARTESIAN_POINT('',(-119.985807562635,77.2310049492959,84.7900556116827));
#6363=CARTESIAN_POINT('',(-265.235807562634,35.8638267126984,113.755665647415));
#6364=CARTESIAN_POINT('',(-265.235807562636,89.3134976025538,76.3298031755075));
#6365=CARTESIAN_POINT('',(-280.485807562633,35.8638267126979,113.755665647415));
#6366=CARTESIAN_POINT('',(-135.945807562633,29.3188018788334,118.338541373857));
#6367=CARTESIAN_POINT('Origin',(-137.195807562633,29.3188018788334,118.338541373857));
#6368=CARTESIAN_POINT('',(-136.065807562636,83.7760297831643,80.207179885238));
#6369=CARTESIAN_POINT('Origin',(-137.315807562636,83.7760297831642,80.207179885238));
#6370=CARTESIAN_POINT('',(-186.725807562633,29.3188018788319,118.338541373859));
#6371=CARTESIAN_POINT('Origin',(-187.975807562633,29.3188018788318,118.338541373859));
#6372=CARTESIAN_POINT('Origin',(-269.485807562636,92.7948937907818,73.8921033210156));
#6373=CARTESIAN_POINT('',(-269.485807562633,14.564173507697,116.462097495196));
#6374=CARTESIAN_POINT('',(-269.485807562633,20.2999378712078,124.653617938086));
#6375=CARTESIAN_POINT('',(-269.485807562633,15.5892881450336,115.744304498604));
#6376=CARTESIAN_POINT('',(-269.485807562636,87.059129427271,65.7005828781258));
#6377=CARTESIAN_POINT('',(-269.485807562636,87.059129427271,65.7005828781258));
#6378=CARTESIAN_POINT('',(-269.485807562636,87.059129427271,65.7005828781258));
#6379=CARTESIAN_POINT('',(-269.485807562636,92.7948937907818,73.8921033210156));
#6380=CARTESIAN_POINT('Origin',(-280.485807562633,25.010487139241,124.407192303404));
#6381=CARTESIAN_POINT('',(-280.485807562636,90.9522267045032,78.2342891771425));
#6382=CARTESIAN_POINT('',(-280.485807562633,25.010487139241,124.407192303404));
#6383=CARTESIAN_POINT('',(-280.485807562634,41.4959220305566,112.863966521839));
#6384=CARTESIAN_POINT('',(-280.485807562636,90.9522267045032,78.2342891771425));
#6385=CARTESIAN_POINT('',(-280.485807562633,25.010487139241,124.407192303404));
#6386=CARTESIAN_POINT('Origin',(-119.985807562633,25.0104871392459,124.407192303401));
#6387=CARTESIAN_POINT('',(-119.985807562633,25.0104871392459,124.407192303401));
#6388=CARTESIAN_POINT('',(-160.110807562633,25.0104871392447,124.407192303401));
#6389=CARTESIAN_POINT('',(-119.985807562633,25.0104871392459,124.407192303401));
#6390=CARTESIAN_POINT('Origin',(-119.985807562636,90.9522267045081,78.234289177139));
#6391=CARTESIAN_POINT('',(-119.985807562636,90.9522267045081,78.234289177139));
#6392=CARTESIAN_POINT('',(-119.985807562635,74.4667918131926,89.7775149587044));
#6393=CARTESIAN_POINT('',(-119.985807562636,90.9522267045081,78.234289177139));
#6394=CARTESIAN_POINT('Origin',(-280.485807562636,90.9522267045032,78.2342891771425));
#6395=CARTESIAN_POINT('',(-240.360807562636,90.9522267045045,78.2342891771416));
#6396=CARTESIAN_POINT('Origin',(-200.235807562634,57.9813569218746,101.320740740272));
#6397=CARTESIAN_POINT('',(-186.725807562633,30.7527429697096,120.386421484581));
#6398=CARTESIAN_POINT('Origin',(-187.975807562633,30.7527429697095,120.386421484581));
#6399=CARTESIAN_POINT('',(-136.065807562636,85.209970874042,82.2550599959604));
#6400=CARTESIAN_POINT('Origin',(-137.315807562636,85.2099708740419,82.2550599959604));
#6401=CARTESIAN_POINT('',(-135.945807562633,30.7527429697111,120.38642148458));
#6402=CARTESIAN_POINT('Origin',(-137.195807562633,30.7527429697111,120.38642148458));
#6403=CARTESIAN_POINT('',(-135.235807562633,37.29776780358,115.803545758135));
#6404=CARTESIAN_POINT('',(-135.235807562635,78.6649460401731,86.8379357224055));
#6405=CARTESIAN_POINT('',(-135.235807562633,25.2152751503177,124.263798194313));
#6406=CARTESIAN_POINT('',(-265.235807562634,37.2977678035761,115.803545758138));
#6407=CARTESIAN_POINT('',(-280.485807562633,37.2977678035756,115.803545758138));
#6408=CARTESIAN_POINT('',(-265.235807562635,78.6649460401691,86.8379357224083));
#6409=CARTESIAN_POINT('',(-265.235807562636,90.7474386934315,78.37768328623));
#6410=CARTESIAN_POINT('',(-119.985807562635,78.6649460401736,86.8379357224051));
#6411=CARTESIAN_POINT('',(-262.215807562633,30.7527429697073,120.386421484583));
#6412=CARTESIAN_POINT('Origin',(-263.465807562633,30.7527429697072,120.386421484583));
#6413=CARTESIAN_POINT('',(-262.225807562636,85.2099708740381,82.2550599959632));
#6414=CARTESIAN_POINT('Origin',(-263.475807562636,85.2099708740381,82.2550599959632));
#6415=CARTESIAN_POINT('',(-211.695807562636,85.2099708740396,82.2550599959621));
#6416=CARTESIAN_POINT('Origin',(-212.945807562636,85.2099708740396,82.2550599959621));
#6417=CARTESIAN_POINT('Origin',(-187.975807562633,30.7527429697095,120.386421484581));
#6418=CARTESIAN_POINT('',(-186.725807562633,30.7527429697096,120.386421484581));
#6419=CARTESIAN_POINT('Origin',(-137.315807562636,85.2099708740419,82.2550599959604));
#6420=CARTESIAN_POINT('',(-136.065807562636,85.209970874042,82.2550599959604));
#6421=CARTESIAN_POINT('Origin',(-137.195807562633,30.7527429697111,120.38642148458));
#6422=CARTESIAN_POINT('',(-135.945807562633,30.7527429697111,120.38642148458));
#6423=CARTESIAN_POINT('Origin',(-265.235807562634,37.2977678035761,115.803545758138));
#6424=CARTESIAN_POINT('',(-135.235807562633,37.29776780358,115.803545758135));
#6425=CARTESIAN_POINT('',(-265.235807562634,37.2977678035761,115.803545758138));
#6426=CARTESIAN_POINT('Origin',(-265.235807562635,78.6649460401691,86.8379357224083));
#6427=CARTESIAN_POINT('',(-265.235807562635,78.6649460401691,86.8379357224083));
#6428=CARTESIAN_POINT('Origin',(-135.235807562635,78.6649460401731,86.8379357224055));
#6429=CARTESIAN_POINT('',(-135.235807562635,78.6649460401731,86.8379357224055));
#6430=CARTESIAN_POINT('Origin',(-135.235807562633,37.29776780358,115.803545758135));
#6431=CARTESIAN_POINT('Origin',(-263.465807562633,30.7527429697072,120.386421484583));
#6432=CARTESIAN_POINT('',(-262.215807562633,30.7527429697073,120.386421484583));
#6433=CARTESIAN_POINT('Origin',(-263.475807562636,85.2099708740381,82.2550599959632));
#6434=CARTESIAN_POINT('',(-262.225807562636,85.2099708740381,82.2550599959632));
#6435=CARTESIAN_POINT('Origin',(-212.945807562636,85.2099708740396,82.2550599959621));
#6436=CARTESIAN_POINT('',(-211.695807562636,85.2099708740396,82.2550599959621));
#6437=CARTESIAN_POINT('Origin',(-284.485807562636,94.228834881659,75.9399834317383));
#6438=CARTESIAN_POINT('Ctrl Pts',(-130.985807562636,87.0591294272753,65.7005828781228));
#6439=CARTESIAN_POINT('Ctrl Pts',(-127.652474229303,87.0591294272754,65.7005828781227));
#6440=CARTESIAN_POINT('Ctrl Pts',(-124.319415515712,87.059133421775,65.7005800811439));
#6441=CARTESIAN_POINT('Ctrl Pts',(-120.985633444166,87.0599494199106,65.7000087130982));
#6442=CARTESIAN_POINT('Ctrl Pts',(-269.485807562636,87.059129427271,65.7005828781258));
#6443=CARTESIAN_POINT('Ctrl Pts',(-272.819140895969,87.0591294272709,65.7005828781259));
#6444=CARTESIAN_POINT('Ctrl Pts',(-276.152988831319,87.0595160662086,65.7003121506272));
#6445=CARTESIAN_POINT('Ctrl Pts',(-279.483422261465,87.0591413978238,65.7005744962545));
#6446=CARTESIAN_POINT('Origin',(-115.985807562633,21.7338789620902,126.701498048805));
#6447=CARTESIAN_POINT('Ctrl Pts',(-279.485832004024,14.559900263683,116.465089652867));
#6448=CARTESIAN_POINT('Ctrl Pts',(-276.146952397647,14.5709981036051,116.457318861696));
#6449=CARTESIAN_POINT('Ctrl Pts',(-272.818895959236,14.5641735076969,116.462097495196));
#6450=CARTESIAN_POINT('Ctrl Pts',(-269.485807562633,14.564173507697,116.462097495196));
#6451=CARTESIAN_POINT('Ctrl Pts',(-120.985613244405,14.5626411326044,116.463170475787));
#6452=CARTESIAN_POINT('Ctrl Pts',(-124.318574265609,14.5633812956358,116.462652208053));
#6453=CARTESIAN_POINT('Ctrl Pts',(-127.652474229299,14.5641735077014,116.462097495193));
#6454=CARTESIAN_POINT('Ctrl Pts',(-130.985807562633,14.5641735077013,116.462097495193));
#6455=CARTESIAN_POINT('Ctrl Pts',(-269.485807562636,87.059129427271,65.7005828781258));
#6456=CARTESIAN_POINT('Ctrl Pts',(-268.839566868115,75.2334571947879,66.3003885854172));
#6457=CARTESIAN_POINT('Ctrl Pts',(-268.193326173594,63.4077849623047,66.9001942927086));
#6458=CARTESIAN_POINT('Ctrl Pts',(-267.547085479073,51.5821127298215,67.5));
#6459=CARTESIAN_POINT('Ctrl Pts',(-272.819140895969,87.0591294272709,65.7005828781259));
#6460=CARTESIAN_POINT('Ctrl Pts',(-271.220927208756,74.2837777309608,66.156727417901));
#6461=CARTESIAN_POINT('Ctrl Pts',(-269.619578746995,61.5083390886291,66.6129328379359));
#6462=CARTESIAN_POINT('Ctrl Pts',(-268.021365059781,48.732987392319,67.0690773777111));
#6463=CARTESIAN_POINT('Ctrl Pts',(-276.152988831319,87.0595160662086,65.7003121506272));
#6464=CARTESIAN_POINT('Ctrl Pts',(-273.598986820876,73.3343879646572,66.0128634019951));
#6465=CARTESIAN_POINT('Ctrl Pts',(-271.049646650932,59.6089901563678,66.3256035040541));
#6466=CARTESIAN_POINT('Ctrl Pts',(-268.495644640489,45.8838620548165,66.6381547554221));
#6467=CARTESIAN_POINT('Ctrl Pts',(-280.529708781207,87.0590236922793,65.700656914564));
#6468=CARTESIAN_POINT('Ctrl Pts',(-276.726585374392,72.0858806877811,65.8244038939275));
#6469=CARTESIAN_POINT('Ctrl Pts',(-272.922046952661,57.1128005988668,65.9481068193249));
#6470=CARTESIAN_POINT('Ctrl Pts',(-269.118923545847,42.1396575943685,66.0718537986883));
#6471=CARTESIAN_POINT('Ctrl Pts',(-283.159968352249,86.3652292160513,66.1864570367872));
#6472=CARTESIAN_POINT('Ctrl Pts',(-278.602851671961,70.8766522739734,66.0360151750052));
#6473=CARTESIAN_POINT('Ctrl Pts',(-274.04853853776,55.3905367290828,65.8838498243581));
#6474=CARTESIAN_POINT('Ctrl Pts',(-269.491421857472,39.901959787005,65.7334079625762));
#6475=CARTESIAN_POINT('Ctrl Pts',(-284.499088240309,84.2542712604478,67.6645657101446));
#6476=CARTESIAN_POINT('Ctrl Pts',(-279.621081001138,68.7242900730784,66.9080158433417));
#6477=CARTESIAN_POINT('Ctrl Pts',(-274.741927408269,53.1942431670106,66.1515119932669));
#6478=CARTESIAN_POINT('Ctrl Pts',(-269.863920169097,37.6642619796413,65.394962126464));
#6479=CARTESIAN_POINT('Ctrl Pts',(-284.484748689055,81.8657540179062,69.3370234885162));
#6480=CARTESIAN_POINT('Ctrl Pts',(-279.750342363192,66.3031620904334,67.8974921104488));
#6481=CARTESIAN_POINT('Ctrl Pts',(-275.012301256344,50.7399958813359,66.4583628487042));
#6482=CARTESIAN_POINT('Ctrl Pts',(-270.277894930482,35.1774039538631,65.0188314706368));
#6483=CARTESIAN_POINT('Ctrl Pts',(-284.489520420333,79.6743665483848,70.8714495138136));
#6484=CARTESIAN_POINT('Ctrl Pts',(-279.879829277817,64.0792478674362,68.8051815027259));
#6485=CARTESIAN_POINT('Ctrl Pts',(-275.268537621817,48.4840439520916,66.7389731734047));
#6486=CARTESIAN_POINT('Ctrl Pts',(-270.6588464793,32.888925271143,64.672705162317));
#6487=CARTESIAN_POINT('Ctrl Pts',(-284.486534147137,75.2869622736295,73.9435430601709));
#6488=CARTESIAN_POINT('Ctrl Pts',(-280.131820142987,59.6286671671205,70.6224874365026));
#6489=CARTESIAN_POINT('Ctrl Pts',(-275.775463581087,43.9702630122117,67.3015081693459));
#6490=CARTESIAN_POINT('Ctrl Pts',(-271.420749576938,28.3119679057027,63.9804525456775));
#6491=CARTESIAN_POINT('Ctrl Pts',(-284.488707402604,65.4184322099,80.8535622018441));
#6492=CARTESIAN_POINT('Ctrl Pts',(-280.704737317519,49.6169904678048,74.7099344319934));
#6493=CARTESIAN_POINT('Ctrl Pts',(-276.919001631707,33.8152555755572,68.5665119280891));
#6494=CARTESIAN_POINT('Ctrl Pts',(-273.135031546622,18.0138138334621,62.4228841582385));
#6495=CARTESIAN_POINT('Ctrl Pts',(-284.485807562635,56.6449483685706,86.9968217239044));
#6496=CARTESIAN_POINT('Ctrl Pts',(-281.210424011429,40.7166909951962,78.3439427710479));
#6497=CARTESIAN_POINT('Ctrl Pts',(-277.934221293103,24.7881564759559,69.6912578778159));
#6498=CARTESIAN_POINT('Ctrl Pts',(-274.658837741897,8.85989910258152,61.0383789249593));
#6499=CARTESIAN_POINT('Ctrl Pts',(-284.485807562634,50.0653431592568,91.6039108899102));
#6500=CARTESIAN_POINT('Ctrl Pts',(-281.591102504541,34.0417164576449,81.0692739266068));
#6501=CARTESIAN_POINT('Ctrl Pts',(-278.696397446447,18.018089756033,70.5346369633034));
#6502=CARTESIAN_POINT('Ctrl Pts',(-275.801692388353,1.99446305442111,60.));
#6503=CARTESIAN_POINT('',(-278.055921142168,62.0909483929167,67.0708454935585));
#6504=CARTESIAN_POINT('',(-268.636130487208,71.5107390478763,66.4892072459769));
#6505=CARTESIAN_POINT('Ctrl Pts',(-278.055921142168,62.0909483929167,67.0708454935585));
#6506=CARTESIAN_POINT('Ctrl Pts',(-278.025524939443,62.1213445956412,67.0333740979178));
#6507=CARTESIAN_POINT('Ctrl Pts',(-277.995929640986,62.1509398940989,66.9989823785872));
#6508=CARTESIAN_POINT('Ctrl Pts',(-277.778828571299,62.3680409637859,66.7633666687164));
#6509=CARTESIAN_POINT('Ctrl Pts',(-277.526793547297,62.6200759877876,66.5762358791958));
#6510=CARTESIAN_POINT('Ctrl Pts',(-276.732086384931,63.4147831501532,66.1623345365752));
#6511=CARTESIAN_POINT('Ctrl Pts',(-276.127819321608,64.0190502134768,65.9932758655689));
#6512=CARTESIAN_POINT('Ctrl Pts',(-274.924885289573,65.2219842455113,65.8851579526031));
#6513=CARTESIAN_POINT('Ctrl Pts',(-274.511784957012,65.6350845780725,65.934708756989));
#6514=CARTESIAN_POINT('Ctrl Pts',(-271.998777510226,68.1480920248584,66.2039355544892));
#6515=CARTESIAN_POINT('Ctrl Pts',(-270.288219133738,69.8586504013469,66.3684854062695));
#6516=CARTESIAN_POINT('Ctrl Pts',(-268.636130487208,71.5107390478763,66.4892072459768));
#6517=CARTESIAN_POINT('',(-267.547085479073,51.5821127298215,67.5));
#6518=CARTESIAN_POINT('Ctrl Pts',(-267.547085479073,51.5821127298215,67.5));
#6519=CARTESIAN_POINT('Ctrl Pts',(-267.765324058986,51.8003513097346,67.3004812332003));
#6520=CARTESIAN_POINT('Ctrl Pts',(-268.049294413542,52.0843216642914,67.1376854593419));
#6521=CARTESIAN_POINT('Ctrl Pts',(-269.272598931944,53.3076261826926,66.5704527592106));
#6522=CARTESIAN_POINT('Ctrl Pts',(-270.626664545069,54.6616917958176,66.287309978484));
#6523=CARTESIAN_POINT('Ctrl Pts',(-271.892349817455,55.9273770682041,66.0878460864081));
#6524=CARTESIAN_POINT('Ctrl Pts',(-272.104798556143,56.1398258068908,66.0545722987311));
#6525=CARTESIAN_POINT('Ctrl Pts',(-272.802424692985,56.8374519437336,65.9610384845465));
#6526=CARTESIAN_POINT('Ctrl Pts',(-273.36620248972,57.4012297404688,65.9311735813732));
#6527=CARTESIAN_POINT('Ctrl Pts',(-274.758667436912,58.7936946876607,65.9619606695579));
#6528=CARTESIAN_POINT('Ctrl Pts',(-275.633857569035,59.6688848197835,66.076978884039));
#6529=CARTESIAN_POINT('Ctrl Pts',(-276.809253736716,60.8442809874654,66.4214313092714));
#6530=CARTESIAN_POINT('Ctrl Pts',(-277.192454255143,61.2274815058922,66.5634754811765));
#6531=CARTESIAN_POINT('Ctrl Pts',(-277.697292133979,61.7323193847278,66.8280599699456));
#6532=CARTESIAN_POINT('Ctrl Pts',(-277.855440302528,61.8904675534212,66.92262885326));
#6533=CARTESIAN_POINT('Ctrl Pts',(-278.017346272139,62.0523735230316,67.0415885089078));
#6534=CARTESIAN_POINT('Ctrl Pts',(-278.035393511958,62.0704207627074,67.0551830677842));
#6535=CARTESIAN_POINT('Ctrl Pts',(-278.055921142168,62.0909483929167,67.0708454935585));
#6536=CARTESIAN_POINT('',(-272.794042396772,20.062227609153,62.7327012884765));
#6537=CARTESIAN_POINT('',(-275.801692388353,1.99446305442111,60.));
#6538=CARTESIAN_POINT('',(-274.954729495232,7.08239754890373,60.7695365470719));
#6539=CARTESIAN_POINT('',(-275.801692388353,1.99446305442111,60.));
#6540=CARTESIAN_POINT('',(-276.189186630136,4.13943566984837,61.4101993400459));
#6541=CARTESIAN_POINT('Ctrl Pts',(-276.189186630136,4.13943566984854,61.4101993400459));
#6542=CARTESIAN_POINT('Ctrl Pts',(-275.824735294625,5.12151570517512,61.1909497015307));
#6543=CARTESIAN_POINT('Ctrl Pts',(-275.414508818143,6.1235415850849,60.9713259648051));
#6544=CARTESIAN_POINT('Ctrl Pts',(-274.957833612242,7.07592907158113,60.7708975202622));
#6545=CARTESIAN_POINT('Ctrl Pts',(-274.956281891556,7.0791634569555,60.7702169514242));
#6546=CARTESIAN_POINT('Ctrl Pts',(-274.954729495232,7.08239754890371,60.7695365470719));
#6547=CARTESIAN_POINT('',(-284.485807562634,50.0653431592568,91.6039108899102));
#6548=CARTESIAN_POINT('',(-269.485807562636,87.059129427271,65.7005828781258));
#6549=CARTESIAN_POINT('Ctrl Pts',(-284.485807562634,50.0653431592568,91.6039108899102));
#6550=CARTESIAN_POINT('Ctrl Pts',(-281.591102504541,34.0417164576449,81.0692739266068));
#6551=CARTESIAN_POINT('Ctrl Pts',(-278.696397446447,18.018089756033,70.5346369633034));
#6552=CARTESIAN_POINT('Ctrl Pts',(-275.801692388353,1.99446305442108,60.));
#6553=CARTESIAN_POINT('Ctrl Pts',(-284.485807562634,47.4453291543202,93.4384644463819));
#6554=CARTESIAN_POINT('Ctrl Pts',(-282.058123632711,31.486136132154,82.2923096309213));
#6555=CARTESIAN_POINT('Ctrl Pts',(-279.630439702788,15.5269431099877,71.1461548154606));
#6556=CARTESIAN_POINT('Ctrl Pts',(-277.202755772865,-0.43224991217856,60.));
#6557=CARTESIAN_POINT('Ctrl Pts',(-284.485807562634,44.8253151493836,95.2730180028537));
#6558=CARTESIAN_POINT('Ctrl Pts',(-282.525144760882,28.930555806663,83.5153453352358));
#6559=CARTESIAN_POINT('Ctrl Pts',(-280.56448195913,13.0357964639424,71.7576726676179));
#6560=CARTESIAN_POINT('Ctrl Pts',(-278.603819157377,-2.8589628787782,60.));
#6561=CARTESIAN_POINT('Ctrl Pts',(-284.485807562634,42.205301144447,97.1075715593255));
#6562=CARTESIAN_POINT('Ctrl Pts',(-282.992165889053,26.3749754811721,84.7383810395503));
#6563=CARTESIAN_POINT('Ctrl Pts',(-281.498524215471,10.5446498178971,72.3691905197752));
#6564=CARTESIAN_POINT('Ctrl Pts',(-280.00488254189,-5.28567584537784,60.));
#6565=CARTESIAN_POINT('',(-277.613594167369,-1.14384288515872,60.));
#6566=CARTESIAN_POINT('Ctrl Pts',(-277.613594167369,-1.143842885159,60.));
#6567=CARTESIAN_POINT('Ctrl Pts',(-277.610193589885,-1.13179811810371,60.0035014086349));
#6568=CARTESIAN_POINT('Ctrl Pts',(-277.606793858041,-1.11975259590047,60.0070010654343));
#6569=CARTESIAN_POINT('Ctrl Pts',(-277.603394975611,-1.10770633127693,60.0104989662208));
#6570=CARTESIAN_POINT('Ctrl Pts',(-277.114050727998,0.626619706574036,60.5140990946839));
#6571=CARTESIAN_POINT('Ctrl Pts',(-276.642539212979,2.3755478403931,60.9810741949633));
#6572=CARTESIAN_POINT('Ctrl Pts',(-276.189186630136,4.13943566984836,61.4101993400459));
#6573=CARTESIAN_POINT('',(-280.00488254189,-5.28567584537781,60.));
#6574=CARTESIAN_POINT('',(-280.23169707,-5.67853013195934,60.));
#6575=CARTESIAN_POINT('',(-284.485807562634,42.205301144447,97.1075715593255));
#6576=CARTESIAN_POINT('Ctrl Pts',(-284.485807562634,42.205301144447,97.1075715593255));
#6577=CARTESIAN_POINT('Ctrl Pts',(-282.992165889053,26.3749754811721,84.7383810395503));
#6578=CARTESIAN_POINT('Ctrl Pts',(-281.498524215471,10.5446498178971,72.3691905197752));
#6579=CARTESIAN_POINT('Ctrl Pts',(-280.00488254189,-5.28567584537781,60.));
#6580=CARTESIAN_POINT('Ctrl Pts',(-284.485807562634,42.1980696728489,97.1126350902508));
#6581=CARTESIAN_POINT('Ctrl Pts',(-282.991128082913,26.3719520330696,84.7432858187924));
#6582=CARTESIAN_POINT('Ctrl Pts',(-281.496448603191,10.5458343932903,72.3739365473341));
#6583=CARTESIAN_POINT('Ctrl Pts',(-280.00176912347,-5.28028324648909,60.0045872758757));
#6584=CARTESIAN_POINT('Ctrl Pts',(-284.485807562641,38.9438491649393,99.3912648208878));
#6585=CARTESIAN_POINT('Ctrl Pts',(-282.524106954748,25.0113760166633,86.9504760123803));
#6586=CARTESIAN_POINT('Ctrl Pts',(-280.562406346841,11.0789028683864,74.509687203874));
#6587=CARTESIAN_POINT('Ctrl Pts',(-278.600705738949,-2.85357027988963,62.0688983953666));
#6588=CARTESIAN_POINT('Ctrl Pts',(-284.485807562634,35.6896286570283,101.669894551522));
#6589=CARTESIAN_POINT('Ctrl Pts',(-282.057085826571,23.6508000002556,89.1576662059655));
#6590=CARTESIAN_POINT('Ctrl Pts',(-279.628364090508,11.6119713434829,76.645437860409));
#6591=CARTESIAN_POINT('Ctrl Pts',(-277.199642354445,-0.426857313289825,
64.1332095148525));
#6592=CARTESIAN_POINT('Ctrl Pts',(-284.485807562634,32.442639620716,103.943460751232));
#6593=CARTESIAN_POINT('Ctrl Pts',(-281.59110250454,22.293247431951,91.3599516203099));
#6594=CARTESIAN_POINT('Ctrl Pts',(-278.696397446446,12.1438552431861,78.7764424893876));
#6595=CARTESIAN_POINT('Ctrl Pts',(-275.801692388353,1.9944630544211,66.1929333584652));
#6596=CARTESIAN_POINT('',(-275.801692388353,1.99446305442111,66.1929333584652));
#6597=CARTESIAN_POINT('Ctrl Pts',(-280.00488254189,-5.28567584537781,60.));
#6598=CARTESIAN_POINT('Ctrl Pts',(-280.00176912347,-5.28028324648909,60.0045872758757));
#6599=CARTESIAN_POINT('Ctrl Pts',(-279.998655705049,-5.27489064760037,60.0091745517514));
#6600=CARTESIAN_POINT('Ctrl Pts',(-278.597592320537,-2.84817768100073,62.0734856712398));
#6601=CARTESIAN_POINT('Ctrl Pts',(-277.199642354445,-0.426857313289825,
64.1332095148525));
#6602=CARTESIAN_POINT('Ctrl Pts',(-275.801692388353,1.99446305442111,66.1929333584652));
#6603=CARTESIAN_POINT('',(-284.485807562634,32.442639620716,103.943460751232));
#6604=CARTESIAN_POINT('Ctrl Pts',(-284.485807562634,32.442639620716,103.943460751232));
#6605=CARTESIAN_POINT('Ctrl Pts',(-281.59110250454,22.293247431951,91.35995162031));
#6606=CARTESIAN_POINT('Ctrl Pts',(-278.696397446446,12.1438552431861,78.7764424893876));
#6607=CARTESIAN_POINT('Ctrl Pts',(-275.801692388353,1.9944630544211,66.1929333584652));
#6608=CARTESIAN_POINT('Ctrl Pts',(-284.485807562634,31.8974578769051,104.325201117943));
#6609=CARTESIAN_POINT('Ctrl Pts',(-281.560544843051,21.8103180685237,91.7633306641549));
#6610=CARTESIAN_POINT('Ctrl Pts',(-278.635281721872,11.7231766899758,79.2014588157029));
#6611=CARTESIAN_POINT('Ctrl Pts',(-275.710019002289,1.63603688159444,66.6395883619147));
#6612=CARTESIAN_POINT('Ctrl Pts',(-284.485807562634,31.3522761330942,104.706941484654));
#6613=CARTESIAN_POINT('Ctrl Pts',(-281.527909247851,21.3192643643327,92.1645188191895));
#6614=CARTESIAN_POINT('Ctrl Pts',(-278.570010881748,11.2862523949229,79.6220959322182));
#6615=CARTESIAN_POINT('Ctrl Pts',(-275.612112566965,1.25324062616139,67.0796732667538));
#6616=CARTESIAN_POINT('Ctrl Pts',(-284.485807562634,30.8070943892833,105.088681851365));
#6617=CARTESIAN_POINT('Ctrl Pts',(-281.495122836898,20.8276209981344,92.559121234243));
#6618=CARTESIAN_POINT('Ctrl Pts',(-278.504438111163,10.8481476069855,80.0295606171215));
#6619=CARTESIAN_POINT('Ctrl Pts',(-275.513753385427,0.868674215836593,67.5));
#6620=CARTESIAN_POINT('',(-275.513753385427,0.868674215836596,67.5));
#6621=CARTESIAN_POINT('',(-275.814929088413,1.9715364173927,67.5));
#6622=CARTESIAN_POINT('Ctrl Pts',(-275.513753385427,0.868674215836572,67.5));
#6623=CARTESIAN_POINT('Ctrl Pts',(-275.61492609251,1.23496960279537,67.5));
#6624=CARTESIAN_POINT('Ctrl Pts',(-275.715553550765,1.60342718706217,67.5));
#6625=CARTESIAN_POINT('Ctrl Pts',(-275.814929088413,1.97153641739271,67.5));
#6626=CARTESIAN_POINT('',(-284.485807562634,30.8070943892833,105.088681851365));
#6627=CARTESIAN_POINT('Ctrl Pts',(-275.814929088413,1.97153641739274,67.5));
#6628=CARTESIAN_POINT('Ctrl Pts',(-275.809612854307,1.98074440496974,67.0643073160744));
#6629=CARTESIAN_POINT('Ctrl Pts',(-275.805201594075,1.98838493181566,66.6280586979259));
#6630=CARTESIAN_POINT('Ctrl Pts',(-275.801692388353,1.99446305442109,66.1929333584652));
#6631=CARTESIAN_POINT('Ctrl Pts',(-284.485807562634,30.8070943892833,105.088681851365));
#6632=CARTESIAN_POINT('Ctrl Pts',(-281.495122836898,20.8276209981344,92.559121234243));
#6633=CARTESIAN_POINT('Ctrl Pts',(-278.504438111163,10.8481476069855,80.0295606171215));
#6634=CARTESIAN_POINT('Ctrl Pts',(-275.513753385427,0.868674215836593,67.5));
#6635=CARTESIAN_POINT('Ctrl Pts',(-284.485807562633,27.3050871119867,107.540813745793));
#6636=CARTESIAN_POINT('Ctrl Pts',(-281.77647569299,17.2754770334165,94.1938758305287));
#6637=CARTESIAN_POINT('Ctrl Pts',(-279.067159174491,7.24587035666166,80.8469379152644));
#6638=CARTESIAN_POINT('Ctrl Pts',(-276.357827304848,-2.78373972190857,67.5));
#6639=CARTESIAN_POINT('Ctrl Pts',(-284.485807562633,23.8030798346901,109.992945640222));
#6640=CARTESIAN_POINT('Ctrl Pts',(-282.085497341644,13.7377137235278,95.8286304268144));
#6641=CARTESIAN_POINT('Ctrl Pts',(-279.685225845819,3.67235827016092,81.6643152134072));
#6642=CARTESIAN_POINT('Ctrl Pts',(-277.28491562483,-6.39300784100135,67.5));
#6643=CARTESIAN_POINT('Ctrl Pts',(-284.485807562633,20.3010725573934,112.44507753465));
#6644=CARTESIAN_POINT('Ctrl Pts',(-282.432428309461,10.1978161584088,97.4633850231001));
#6645=CARTESIAN_POINT('Ctrl Pts',(-280.379049056289,0.0945597594240888,
82.4816925115501));
#6646=CARTESIAN_POINT('Ctrl Pts',(-278.325669803117,-10.0086966395606,67.5));
#6647=CARTESIAN_POINT('',(-278.325669803117,-10.0086966395606,67.5));
#6648=CARTESIAN_POINT('Ctrl Pts',(-275.513753385427,0.868674215836593,67.5));
#6649=CARTESIAN_POINT('Ctrl Pts',(-276.357827304848,-2.78373972190857,67.5));
#6650=CARTESIAN_POINT('Ctrl Pts',(-277.28491562483,-6.39300784100135,67.5));
#6651=CARTESIAN_POINT('Ctrl Pts',(-278.325669803117,-10.0086966395606,67.5));
#6652=CARTESIAN_POINT('',(-284.485807562633,20.3010725573934,112.44507753465));
#6653=CARTESIAN_POINT('Ctrl Pts',(-284.485807562633,20.3010725573934,112.44507753465));
#6654=CARTESIAN_POINT('Ctrl Pts',(-282.432428309461,10.1978161584087,97.4633850231001));
#6655=CARTESIAN_POINT('Ctrl Pts',(-280.379049056289,0.0945597594240599,
82.4816925115501));
#6656=CARTESIAN_POINT('Ctrl Pts',(-278.325669803117,-10.0086966395606,67.5));
#6657=CARTESIAN_POINT('Ctrl Pts',(-284.485807562633,19.7540262813094,112.828123460914));
#6658=CARTESIAN_POINT('Ctrl Pts',(-282.333726866464,9.83235136231737,97.8874392369872));
#6659=CARTESIAN_POINT('Ctrl Pts',(-280.18139471015,-0.0870243766344359,
82.9451451098647));
#6660=CARTESIAN_POINT('Ctrl Pts',(-278.029314013981,-10.0086992956265,68.0044608859382));
#6661=CARTESIAN_POINT('Ctrl Pts',(-284.485889885241,19.2067623571499,113.211321786));
#6662=CARTESIAN_POINT('Ctrl Pts',(-282.234830867763,9.46934673250025,98.3097708239037));
#6663=CARTESIAN_POINT('Ctrl Pts',(-279.984017242323,-0.271286327042755,
83.4104727339731));
#6664=CARTESIAN_POINT('Ctrl Pts',(-277.732958224845,-10.0087019516924,68.5089217718763));
#6665=CARTESIAN_POINT('Ctrl Pts',(-284.485856086327,17.8034072650449,114.193961600277));
#6666=CARTESIAN_POINT('Ctrl Pts',(-281.981379952882,8.53056430046654,99.3989442577204));
#6667=CARTESIAN_POINT('Ctrl Pts',(-279.476368067662,-0.735865808111844,
84.5994365850506));
#6668=CARTESIAN_POINT('Ctrl Pts',(-276.971891934216,-10.0087087726902,69.8044192424936));
#6669=CARTESIAN_POINT('Ctrl Pts',(-283.636621495726,15.6515771230171,115.700689286672));
#6670=CARTESIAN_POINT('Ctrl Pts',(-281.025910988571,7.10055719787489,101.059440734284));
#6671=CARTESIAN_POINT('Ctrl Pts',(-278.420826187639,-1.45769925987795,86.4232592565798));
#6672=CARTESIAN_POINT('Ctrl Pts',(-275.810115680483,-10.0087191850202,71.7820107041913));
#6673=CARTESIAN_POINT('Ctrl Pts',(-281.060094411471,14.5546664571512,116.468754403654));
#6674=CARTESIAN_POINT('Ctrl Pts',(-278.922609727706,6.36621371799025,102.232828298169));
#6675=CARTESIAN_POINT('Ctrl Pts',(-276.785824110516,-1.82027685818911,87.9955282713737));
#6676=CARTESIAN_POINT('Ctrl Pts',(-274.648339426751,-10.0087295973501,73.759602165889));
#6677=CARTESIAN_POINT('Ctrl Pts',(-276.147441531519,14.5709991066722,116.457318159341));
#6678=CARTESIAN_POINT('Ctrl Pts',(-274.921926565034,6.37771448585791,103.459604997808));
#6679=CARTESIAN_POINT('Ctrl Pts',(-273.697569172609,-1.815464481324,90.4618178568048));
#6680=CARTESIAN_POINT('Ctrl Pts',(-272.472054206125,-10.0087491021383,77.4641046952717));
#6681=CARTESIAN_POINT('Ctrl Pts',(-272.819140895966,14.5641735076969,116.462097495196));
#6682=CARTESIAN_POINT('Ctrl Pts',(-272.209482909037,6.37477979937255,104.30097267722));
#6683=CARTESIAN_POINT('Ctrl Pts',(-271.602492724667,-1.81936865120413,92.1431771656117));
#6684=CARTESIAN_POINT('Ctrl Pts',(-270.992834737738,-10.0087623595285,79.9820523476359));
#6685=CARTESIAN_POINT('Ctrl Pts',(-269.485807562633,14.564173507697,116.462097495196));
#6686=CARTESIAN_POINT('Ctrl Pts',(-269.495076798206,6.37319046615844,105.141398330131));
#6687=CARTESIAN_POINT('Ctrl Pts',(-269.504346033778,-1.81779257538015,93.8206991650653));
#6688=CARTESIAN_POINT('Ctrl Pts',(-269.513615269351,-10.0087756169187,82.5));
#6689=CARTESIAN_POINT('',(-269.513615269351,-10.0087756169187,82.5));
#6690=CARTESIAN_POINT('',(-282.73169707,-10.0086571508815,60.));
#6691=CARTESIAN_POINT('',(-269.485807562633,14.564173507697,116.462097495196));
#6692=CARTESIAN_POINT('Ctrl Pts',(-269.485807562633,14.564173507697,116.462097495196));
#6693=CARTESIAN_POINT('Ctrl Pts',(-269.495076798206,6.37319046615843,105.141398330131));
#6694=CARTESIAN_POINT('Ctrl Pts',(-269.504346033778,-1.81779257538015,93.8206991650653));
#6695=CARTESIAN_POINT('Ctrl Pts',(-269.513615269351,-10.0087756169187,82.5));
#6696=CARTESIAN_POINT('Ctrl Pts',(-269.485807562634,38.7291588142217,99.5415926228393));
#6697=CARTESIAN_POINT('Ctrl Pts',(-269.276573488175,29.3266127090349,92.1943950818928));
#6698=CARTESIAN_POINT('Ctrl Pts',(-269.067339413717,19.9240666038481,84.8471975409464));
#6699=CARTESIAN_POINT('Ctrl Pts',(-268.858105339258,10.5215204986613,77.5));
#6700=CARTESIAN_POINT('Ctrl Pts',(-269.485807562635,62.8941441207464,82.6210877504825));
#6701=CARTESIAN_POINT('Ctrl Pts',(-269.058070178145,52.2800349519114,79.247391833655));
#6702=CARTESIAN_POINT('Ctrl Pts',(-268.630332793655,41.6659257830764,75.8736959168275));
#6703=CARTESIAN_POINT('Ctrl Pts',(-268.202595409165,31.0518166142414,72.5));
#6704=CARTESIAN_POINT('Ctrl Pts',(-269.485807562636,87.059129427271,65.7005828781258));
#6705=CARTESIAN_POINT('Ctrl Pts',(-268.839566868115,75.2334571947879,66.3003885854172));
#6706=CARTESIAN_POINT('Ctrl Pts',(-268.193326173594,63.4077849623047,66.9001942927086));
#6707=CARTESIAN_POINT('Ctrl Pts',(-267.547085479073,51.5821127298215,67.5));
#6708=CARTESIAN_POINT('',(-268.763503624236,71.3833659108488,67.5));
#6709=CARTESIAN_POINT('Ctrl Pts',(-268.636130487208,71.5107390478763,66.4892072459769));
#6710=CARTESIAN_POINT('Ctrl Pts',(-268.681444338875,71.4654251962098,66.8230752448561));
#6711=CARTESIAN_POINT('Ctrl Pts',(-268.723865817412,71.4230041808947,67.1619398832564));
#6712=CARTESIAN_POINT('Ctrl Pts',(-268.763503624236,71.3833659108488,67.5));
#6713=CARTESIAN_POINT('',(-269.513615269351,-10.0087756169187,82.5));
#6714=CARTESIAN_POINT('Ctrl Pts',(-268.763503624236,71.3833659108488,67.5));
#6715=CARTESIAN_POINT('Ctrl Pts',(-268.299855684135,63.1111007863576,67.5));
#6716=CARTESIAN_POINT('Ctrl Pts',(-267.857146791721,55.5870061044316,67.5));
#6717=CARTESIAN_POINT('Ctrl Pts',(-267.547085479073,51.5821127298215,67.5));
#6718=CARTESIAN_POINT('Origin',(-259.831302613798,80.3155669212863,60.));
#6719=CARTESIAN_POINT('',(-259.831302613798,80.3155669212863,67.5));
#6720=CARTESIAN_POINT('',(-278.055921142168,62.0909483929167,67.5));
#6721=CARTESIAN_POINT('',(-259.831302613798,80.3155669212863,60.));
#6722=CARTESIAN_POINT('',(-259.831302613798,80.3155669212863,60.));
#6723=CARTESIAN_POINT('',(-278.055921142168,62.0909483929167,60.));
#6724=CARTESIAN_POINT('',(-278.055921142168,62.0909483929167,60.));
#6725=CARTESIAN_POINT('',(-278.055921142168,62.0909483929167,60.));
#6726=CARTESIAN_POINT('Origin',(-263.689194046435,65.9488398255539,67.5));
#6727=CARTESIAN_POINT('',(-249.322466950703,69.8067312581911,67.5));
#6728=CARTESIAN_POINT('Origin',(-281.444900505596,83.7045462847148,67.5));
#6729=CARTESIAN_POINT('',(-259.831302613798,80.3155669212863,67.5));
#6730=CARTESIAN_POINT('',(-258.98169707,62.4913428491184,67.5));
#6731=CARTESIAN_POINT('Origin',(-260.23169707,62.4913428491184,67.5));
#6732=CARTESIAN_POINT('Origin',(-275.801692388353,1.9944630544211,60.));
#6733=CARTESIAN_POINT('',(-282.73169707,-10.0086571508815,60.));
#6734=CARTESIAN_POINT('',(-280.23169707,-5.67853013195934,60.));
#6735=CARTESIAN_POINT('',(-282.73169707,-10.0086571508815,67.5));
#6736=CARTESIAN_POINT('',(-282.73169707,-10.0086571508815,60.));
#6737=CARTESIAN_POINT('',(-280.23169707,-5.67853013195934,67.5));
#6738=CARTESIAN_POINT('Ctrl Pts',(-130.949550663841,-10.008775616919,82.5));
#6739=CARTESIAN_POINT('Ctrl Pts',(-130.961636296772,-1.81779257537888,93.8206991650643));
#6740=CARTESIAN_POINT('Ctrl Pts',(-130.973721929702,6.37319046616119,105.141398330129));
#6741=CARTESIAN_POINT('Ctrl Pts',(-130.985807562633,14.5641735077013,116.462097495193));
#6742=CARTESIAN_POINT('Ctrl Pts',(-131.60513666287,10.5215204986612,77.5));
#6743=CARTESIAN_POINT('Ctrl Pts',(-131.398693629458,19.9240666038494,84.8471975409454));
#6744=CARTESIAN_POINT('Ctrl Pts',(-131.192250596046,29.3266127090377,92.1943950818908));
#6745=CARTESIAN_POINT('Ctrl Pts',(-130.985807562634,38.7291588142259,99.5415926228362));
#6746=CARTESIAN_POINT('Ctrl Pts',(-132.260722661898,31.0518166142414,72.5));
#6747=CARTESIAN_POINT('Ctrl Pts',(-131.835750962144,41.6659257830778,75.8736959168265));
#6748=CARTESIAN_POINT('Ctrl Pts',(-131.410779262389,52.2800349519142,79.247391833653));
#6749=CARTESIAN_POINT('Ctrl Pts',(-130.985807562635,62.8941441207506,82.6210877504795));
#6750=CARTESIAN_POINT('Ctrl Pts',(-132.916308660927,51.5821127298215,67.5));
#6751=CARTESIAN_POINT('Ctrl Pts',(-132.27280829483,63.4077849623061,66.9001942927076));
#6752=CARTESIAN_POINT('Ctrl Pts',(-131.629307928733,75.2334571947907,66.3003885854152));
#6753=CARTESIAN_POINT('Ctrl Pts',(-130.985807562636,87.0591294272753,65.7005828781228));
#6754=CARTESIAN_POINT('',(-131.704682685947,71.3881580810321,67.5));
#6755=CARTESIAN_POINT('',(-131.831643332415,71.5151187275002,66.4889851058057));
#6756=CARTESIAN_POINT('Ctrl Pts',(-131.704682685947,71.3881580810321,67.5));
#6757=CARTESIAN_POINT('Ctrl Pts',(-131.744187286401,71.4276631453477,67.1618692148299));
#6758=CARTESIAN_POINT('Ctrl Pts',(-131.786471009723,71.469946404808,66.8229288152218));
#6759=CARTESIAN_POINT('Ctrl Pts',(-131.831643332415,71.5151187275002,66.4889851058057));
#6760=CARTESIAN_POINT('',(-132.916308660927,51.5821127298215,67.5));
#6761=CARTESIAN_POINT('Ctrl Pts',(-132.916308660927,51.5821127298215,67.5));
#6762=CARTESIAN_POINT('Ctrl Pts',(-132.607355702945,55.5877827293333,67.5));
#6763=CARTESIAN_POINT('Ctrl Pts',(-132.166414674589,63.1140136842958,67.5));
#6764=CARTESIAN_POINT('Ctrl Pts',(-131.704682685947,71.3881580810321,67.5));
#6765=CARTESIAN_POINT('',(-130.949550663841,-10.008775616919,82.5));
#6766=CARTESIAN_POINT('',(-130.949550663841,-10.008775616919,82.5));
#6767=CARTESIAN_POINT('',(-130.949550663841,-10.008775616919,82.5));
#6768=CARTESIAN_POINT('',(-132.916308660927,51.5821127298215,67.5));
#6769=CARTESIAN_POINT('Ctrl Pts',(-124.663142490952,1.99183041203753,66.1972483239528));
#6770=CARTESIAN_POINT('Ctrl Pts',(-121.770697514846,11.6791889304897,79.1034530572532));
#6771=CARTESIAN_POINT('Ctrl Pts',(-118.87825253874,21.3665474489418,92.0096577905535));
#6772=CARTESIAN_POINT('Ctrl Pts',(-115.985807562634,31.053905967394,104.915862523854));
#6773=CARTESIAN_POINT('Ctrl Pts',(-124.754512597113,1.63446704338381,66.642401330214));
#6774=CARTESIAN_POINT('Ctrl Pts',(-121.831611050881,11.2559669074262,79.5297451427872));
#6775=CARTESIAN_POINT('Ctrl Pts',(-118.908709108865,20.8774683194439,92.4170903308102));
#6776=CARTESIAN_POINT('Ctrl Pts',(-115.985807562634,30.4989681834863,105.304434143383));
#6777=CARTESIAN_POINT('Ctrl Pts',(-124.852063021752,1.25293144243854,67.0810025720925));
#6778=CARTESIAN_POINT('Ctrl Pts',(-121.896644552544,10.8166310276835,79.9516702283945));
#6779=CARTESIAN_POINT('Ctrl Pts',(-118.941226031841,20.3803308143337,92.822338106611));
#6780=CARTESIAN_POINT('Ctrl Pts',(-115.985807562633,29.9440303995786,105.693005762913));
#6781=CARTESIAN_POINT('Ctrl Pts',(-124.950073479026,0.869596578920177,67.5));
#6782=CARTESIAN_POINT('Ctrl Pts',(-121.961984840228,10.3760952578371,80.3605257941475));
#6783=CARTESIAN_POINT('Ctrl Pts',(-118.973896201431,19.882593936754,93.2210515882951));
#6784=CARTESIAN_POINT('Ctrl Pts',(-115.985807562633,29.389092615671,106.081577382443));
#6785=CARTESIAN_POINT('',(-124.645745240386,1.9617131935894,67.5));
#6786=CARTESIAN_POINT('',(-124.950073479026,0.86959657892016,67.5));
#6787=CARTESIAN_POINT('Ctrl Pts',(-124.645745240386,1.9617131935894,67.5));
#6788=CARTESIAN_POINT('Ctrl Pts',(-124.746157080787,1.59715140980731,67.5));
#6789=CARTESIAN_POINT('Ctrl Pts',(-124.847850204359,1.23223804207174,67.5));
#6790=CARTESIAN_POINT('Ctrl Pts',(-124.950073479026,0.869596578920176,67.5));
#6791=CARTESIAN_POINT('',(-124.663142490952,1.99183041203753,66.1972483239528));
#6792=CARTESIAN_POINT('Ctrl Pts',(-124.663142490952,1.99183041203753,66.1972483239528));
#6793=CARTESIAN_POINT('Ctrl Pts',(-124.658261152452,1.98338009183485,66.630925377352));
#6794=CARTESIAN_POINT('Ctrl Pts',(-124.652457551618,1.97333319888184,67.0657465639575));
#6795=CARTESIAN_POINT('Ctrl Pts',(-124.645745240386,1.96171319358942,67.5));
#6796=CARTESIAN_POINT('',(-124.663142490952,1.99183041203753,66.1972483239528));
#6797=CARTESIAN_POINT('',(-124.950073479026,0.869596578920165,67.5));
#6798=CARTESIAN_POINT('Ctrl Pts',(-124.663142490952,1.99183041203753,60.));
#6799=CARTESIAN_POINT('Ctrl Pts',(-121.770697514846,17.6795666086535,70.770444492262));
#6800=CARTESIAN_POINT('Ctrl Pts',(-118.87825253874,33.3673028052695,81.5408889845241));
#6801=CARTESIAN_POINT('Ctrl Pts',(-115.985807562634,49.0550390018855,92.3113334767861));
#6802=CARTESIAN_POINT('Ctrl Pts',(-123.261321647545,-0.434929173087759,
60.));
#6803=CARTESIAN_POINT('Ctrl Pts',(-120.836150285908,15.1697299663686,71.3950274589133));
#6804=CARTESIAN_POINT('Ctrl Pts',(-118.410978924271,30.7743891058251,82.7900549178266));
#6805=CARTESIAN_POINT('Ctrl Pts',(-115.985807562634,46.3790482452815,94.1850823767399));
#6806=CARTESIAN_POINT('Ctrl Pts',(-121.859500804138,-2.86168875821305,60.));
#6807=CARTESIAN_POINT('Ctrl Pts',(-119.90160305697,12.6598933240838,72.0196104255646));
#6808=CARTESIAN_POINT('Ctrl Pts',(-117.943705309802,28.1814754063806,84.0392208511292));
#6809=CARTESIAN_POINT('Ctrl Pts',(-115.985807562634,43.7030574886774,96.0588312766938));
#6810=CARTESIAN_POINT('Ctrl Pts',(-120.457679960731,-5.28844834333834,60.));
#6811=CARTESIAN_POINT('Ctrl Pts',(-118.967055828032,10.1500566817989,72.6441933922159));
#6812=CARTESIAN_POINT('Ctrl Pts',(-117.476431695333,25.5885617069361,85.2883867844317));
#6813=CARTESIAN_POINT('Ctrl Pts',(-115.985807562634,41.0270667320733,97.9325801766476));
#6814=CARTESIAN_POINT('',(-124.263833972435,4.15755759139811,61.4868840270095));
#6815=CARTESIAN_POINT('',(-122.774779772155,-1.27720524939319,60.));
#6816=CARTESIAN_POINT('Ctrl Pts',(-124.263833972435,4.15755759139811,61.4868840270095));
#6817=CARTESIAN_POINT('Ctrl Pts',(-123.79068852901,2.34118048272049,61.0358292328925));
#6818=CARTESIAN_POINT('Ctrl Pts',(-123.297630591115,0.541573263761969,60.5432997951286));
#6819=CARTESIAN_POINT('Ctrl Pts',(-122.784996592808,-1.24167617452987,60.010618976994));
#6820=CARTESIAN_POINT('Ctrl Pts',(-122.781591835756,-1.25351996780424,60.0070810751415));
#6821=CARTESIAN_POINT('Ctrl Pts',(-122.778186228223,-1.26536299481714,60.0035414153732));
#6822=CARTESIAN_POINT('Ctrl Pts',(-122.774779772155,-1.27720524939319,60.));
#6823=CARTESIAN_POINT('',(-124.663142490952,1.99183041203753,60.));
#6824=CARTESIAN_POINT('',(-120.457679960731,-5.28844834333833,60.));
#6825=CARTESIAN_POINT('',(-120.457679960731,-5.28844834333833,60.));
#6826=CARTESIAN_POINT('',(-117.731697197405,-10.0075284104516,60.));
#6827=CARTESIAN_POINT('Ctrl Pts',(-132.916308660927,51.5821127298215,67.5));
#6828=CARTESIAN_POINT('Ctrl Pts',(-132.27280829483,63.4077849623061,66.9001942927076));
#6829=CARTESIAN_POINT('Ctrl Pts',(-131.629307928733,75.2334571947907,66.3003885854152));
#6830=CARTESIAN_POINT('Ctrl Pts',(-130.985807562636,87.0591294272753,65.7005828781228));
#6831=CARTESIAN_POINT('Ctrl Pts',(-132.45198305059,48.7921485355046,67.0780477448528));
#6832=CARTESIAN_POINT('Ctrl Pts',(-130.851862301686,61.5482229663026,66.6186028098488));
#6833=CARTESIAN_POINT('Ctrl Pts',(-129.252594978208,74.3030549964774,66.1600278131267));
#6834=CARTESIAN_POINT('Ctrl Pts',(-127.652474229303,87.0591294272754,65.7005828781227));
#6835=CARTESIAN_POINT('Ctrl Pts',(-131.987657440253,46.0021843411877,66.6560954897055));
#6836=CARTESIAN_POINT('Ctrl Pts',(-129.431961066268,59.6871377113621,66.3380779243803));
#6837=CARTESIAN_POINT('Ctrl Pts',(-126.875111889697,73.3741800516006,66.0185976464691));
#6838=CARTESIAN_POINT('Ctrl Pts',(-124.319415515712,87.059133421775,65.7005800811439));
#6839=CARTESIAN_POINT('Ctrl Pts',(-131.377459637286,42.3357270452063,66.1015830240646));
#6840=CARTESIAN_POINT('Ctrl Pts',(-127.564062249679,57.2441869709822,65.9674547797286));
#6841=CARTESIAN_POINT('Ctrl Pts',(-123.75169230531,72.1517458475094,65.8339574568687));
#6842=CARTESIAN_POINT('Ctrl Pts',(-119.938294917703,87.0602057732853,65.6998292125327));
#6843=CARTESIAN_POINT('Ctrl Pts',(-131.15865134834,41.0209873927096,65.9027427083242));
#6844=CARTESIAN_POINT('Ctrl Pts',(-126.89707542921,56.2274751750053,65.9330767559905));
#6845=CARTESIAN_POINT('Ctrl Pts',(-122.635644535419,71.4323246666183,65.9645579471425));
#6846=CARTESIAN_POINT('Ctrl Pts',(-118.374068616289,86.638812448914,65.9948919948088));
#6847=CARTESIAN_POINT('Ctrl Pts',(-130.793970866763,38.8297546385485,65.5713421820901));
#6848=CARTESIAN_POINT('Ctrl Pts',(-126.028085878235,54.2542413560487,66.0709378048944));
#6849=CARTESIAN_POINT('Ctrl Pts',(-121.264376903542,69.6775513596745,66.5713573716239));
#6850=CARTESIAN_POINT('Ctrl Pts',(-116.498491915014,85.1020380771748,67.0709529944281));
#6851=CARTESIAN_POINT('Ctrl Pts',(-130.575162577817,37.5150149860518,65.3725018663497));
#6852=CARTESIAN_POINT('Ctrl Pts',(-125.71138341694,52.9507088022292,66.2373938379127));
#6853=CARTESIAN_POINT('Ctrl Pts',(-120.847537450811,68.3851348379379,67.1031735189167));
#6854=CARTESIAN_POINT('Ctrl Pts',(-115.983758289934,83.8208286541153,67.9680654904797));
#6855=CARTESIAN_POINT('Ctrl Pts',(-130.04488052557,34.3287424528973,64.8906122121323));
#6856=CARTESIAN_POINT('Ctrl Pts',(-125.358911242692,49.7865835832658,66.6443103675886));
#6857=CARTESIAN_POINT('Ctrl Pts',(-120.67100639239,65.244198553981,68.3981668817389));
#6858=CARTESIAN_POINT('Ctrl Pts',(-115.985037109512,80.7020396843495,70.1518650371952));
#6859=CARTESIAN_POINT('Ctrl Pts',(-129.276060806339,29.7091835899173,64.1919533246849));
#6860=CARTESIAN_POINT('Ctrl Pts',(-124.845825080847,45.2000948033399,67.2335985008674));
#6861=CARTESIAN_POINT('Ctrl Pts',(-120.415257023366,60.6904777260424,70.2756135901945));
#6862=CARTESIAN_POINT('Ctrl Pts',(-115.985021297874,76.1813889394649,73.317258766377));
#6863=CARTESIAN_POINT('Ctrl Pts',(-127.354011508261,18.1602864324674,62.4453061060662));
#6864=CARTESIAN_POINT('Ctrl Pts',(-123.564758950193,33.7330962422737,68.7073626231169));
#6865=CARTESIAN_POINT('Ctrl Pts',(-119.774639200298,49.3056881927349,74.9695716869232));
#6866=CARTESIAN_POINT('Ctrl Pts',(-115.98538664223,64.8784980025412,81.2316282039739));
#6867=CARTESIAN_POINT('Ctrl Pts',(-125.816372069799,8.92116870650749,61.0479883311712));
#6868=CARTESIAN_POINT('Ctrl Pts',(-122.539425433616,24.5597241463477,69.8862151468076));
#6869=CARTESIAN_POINT('Ctrl Pts',(-119.262754198818,40.1981496028343,78.7245329777681));
#6870=CARTESIAN_POINT('Ctrl Pts',(-115.985807562635,55.8367050426746,87.5627597934045));
#6871=CARTESIAN_POINT('Ctrl Pts',(-124.663142490952,1.99183041203753,60.));
#6872=CARTESIAN_POINT('Ctrl Pts',(-121.770697514846,17.6795666086535,70.770444492262));
#6873=CARTESIAN_POINT('Ctrl Pts',(-118.87825253874,33.3673028052695,81.5408889845241));
#6874=CARTESIAN_POINT('Ctrl Pts',(-115.985807562634,49.0550390018855,92.3113334767861));
#6875=CARTESIAN_POINT('',(-122.407472997832,62.0909483929167,67.1550760429146));
#6876=CARTESIAN_POINT('Ctrl Pts',(-131.831643332415,71.5151187275002,66.4889851058057));
#6877=CARTESIAN_POINT('Ctrl Pts',(-130.222308381021,69.9057837761056,66.3751086100807));
#6878=CARTESIAN_POINT('Ctrl Pts',(-128.562866234369,68.2463416294534,66.2196924878475));
#6879=CARTESIAN_POINT('Ctrl Pts',(-125.840392479352,65.5238678744371,65.9341286621351));
#6880=CARTESIAN_POINT('Ctrl Pts',(-125.321811176193,65.0052865712853,65.8413761931155));
#6881=CARTESIAN_POINT('Ctrl Pts',(-123.702061146972,63.3855365420646,66.1985152903635));
#6882=CARTESIAN_POINT('Ctrl Pts',(-123.129213996606,62.8126893916906,66.4656940522866));
#6883=CARTESIAN_POINT('Ctrl Pts',(-122.663085971669,62.3465613667537,66.8682999940202));
#6884=CARTESIAN_POINT('Ctrl Pts',(-122.596182048743,62.2796574438282,66.9327969121666));
#6885=CARTESIAN_POINT('Ctrl Pts',(-122.495071951051,62.1785473461357,67.0455752800038));
#6886=CARTESIAN_POINT('Ctrl Pts',(-122.452238849572,62.1357142446572,67.0988737091399));
#6887=CARTESIAN_POINT('Ctrl Pts',(-122.407472997832,62.0909483929167,67.1550760429146));
#6888=CARTESIAN_POINT('',(-125.543888100216,7.28391135576218,60.8003706618081));
#6889=CARTESIAN_POINT('Ctrl Pts',(-125.543888100216,7.28391135576217,60.8003706618081));
#6890=CARTESIAN_POINT('Ctrl Pts',(-125.542337583999,7.28061537641918,60.8010709374239));
#6891=CARTESIAN_POINT('Ctrl Pts',(-125.540787747112,7.27731911931144,60.8017713711332));
#6892=CARTESIAN_POINT('Ctrl Pts',(-125.065623377782,6.26619271520287,61.0166596163112));
#6893=CARTESIAN_POINT('Ctrl Pts',(-124.640126232792,5.19973656761208,61.2524535461888));
#6894=CARTESIAN_POINT('Ctrl Pts',(-124.263833972435,4.15755759139816,61.4868840270095));
#6895=CARTESIAN_POINT('',(-127.712368718476,20.3135249422909,62.7709604090643));
#6896=CARTESIAN_POINT('',(-124.663142490952,1.99183041203753,60.));
#6897=CARTESIAN_POINT('',(-124.663142490952,1.99183041203753,60.));
#6898=CARTESIAN_POINT('Ctrl Pts',(-122.407472997832,62.0909483929167,67.1550760429146));
#6899=CARTESIAN_POINT('Ctrl Pts',(-122.477637481602,62.0207839091467,67.1006489801939));
#6900=CARTESIAN_POINT('Ctrl Pts',(-122.540687608408,61.9577337823402,67.0528146484899));
#6901=CARTESIAN_POINT('Ctrl Pts',(-122.928449355546,61.5699720352029,66.7781088527975));
#6902=CARTESIAN_POINT('Ctrl Pts',(-123.384478215766,61.1139431749821,66.5599925382016));
#6903=CARTESIAN_POINT('Ctrl Pts',(-125.032850145714,59.4655712450343,66.0349003131083));
#6904=CARTESIAN_POINT('Ctrl Pts',(-126.434223840433,58.0641975503157,65.8762476641762));
#6905=CARTESIAN_POINT('Ctrl Pts',(-128.814954563754,55.6834668269946,66.0964106155629));
#6906=CARTESIAN_POINT('Ctrl Pts',(-130.158407941098,54.3400134496507,66.3533353756629));
#6907=CARTESIAN_POINT('Ctrl Pts',(-131.909957032898,52.5884643578505,66.8727993007113));
#6908=CARTESIAN_POINT('Ctrl Pts',(-132.540939686627,51.9574817041214,67.1563666228359));
#6909=CARTESIAN_POINT('Ctrl Pts',(-132.916308660927,51.5821127298215,67.5));
#6910=CARTESIAN_POINT('Ctrl Pts',(-122.137648352884,-10.0079441459407,67.5));
#6911=CARTESIAN_POINT('Ctrl Pts',(-120.087034756134,-0.451984854244978,
82.8647384378124));
#6912=CARTESIAN_POINT('Ctrl Pts',(-118.036421159383,9.10397443745079,98.2294768756248));
#6913=CARTESIAN_POINT('Ctrl Pts',(-115.985807562633,18.6599337291466,113.594215313437));
#6914=CARTESIAN_POINT('Ctrl Pts',(-122.396072571935,-10.0079685302599,67.9399008464885));
#6915=CARTESIAN_POINT('Ctrl Pts',(-120.259997983816,-0.594758755966672,
83.2579656483271));
#6916=CARTESIAN_POINT('Ctrl Pts',(-118.121882150751,8.81781694743479,98.576474431384));
#6917=CARTESIAN_POINT('Ctrl Pts',(-115.985807562633,18.231026721728,113.894539233223));
#6918=CARTESIAN_POINT('Ctrl Pts',(-123.171345229087,-10.0080416832173,69.2596033859538));
#6919=CARTESIAN_POINT('Ctrl Pts',(-120.857180781637,-1.02454941885474,84.4386758551422));
#6920=CARTESIAN_POINT('Ctrl Pts',(-118.544162293422,7.9589969555772,99.6177104360523));
#6921=CARTESIAN_POINT('Ctrl Pts',(-116.229997845972,16.9424892199398,114.796782905241));
#6922=CARTESIAN_POINT('Ctrl Pts',(-124.463466324342,-10.008163604813,71.459107618396));
#6923=CARTESIAN_POINT('Ctrl Pts',(-122.257939938966,-1.63176828439269,86.330134323483));
#6924=CARTESIAN_POINT('Ctrl Pts',(-120.051411947854,6.74511314903768,101.200820648576));
#6925=CARTESIAN_POINT('Ctrl Pts',(-117.845885562478,15.121508469458,116.071847353663));
#6926=CARTESIAN_POINT('Ctrl Pts',(-125.497163200546,-10.0082611420896,73.2187110043498));
#6927=CARTESIAN_POINT('Ctrl Pts',(-123.644406895649,-1.81792291530986,87.6335045924021));
#6928=CARTESIAN_POINT('Ctrl Pts',(-121.79128896341,6.37207037675051,102.048539706345));
#6929=CARTESIAN_POINT('Ctrl Pts',(-119.938532658514,14.5624086035303,116.463333294398));
#6930=CARTESIAN_POINT('Ctrl Pts',(-127.659191313712,-10.0084651461249,76.8990084648844));
#6931=CARTESIAN_POINT('Ctrl Pts',(-126.545732337999,-1.81709040354162,90.086358071634));
#6932=CARTESIAN_POINT('Ctrl Pts',(-125.432033241322,6.37200655305255,103.275302601303));
#6933=CARTESIAN_POINT('Ctrl Pts',(-124.318574265609,14.5633812956358,116.462652208053));
#6934=CARTESIAN_POINT('Ctrl Pts',(-129.304370988776,-10.0086203815219,79.6995042324422));
#6935=CARTESIAN_POINT('Ctrl Pts',(-128.753805735888,-1.8179832268912,91.953907946982));
#6936=CARTESIAN_POINT('Ctrl Pts',(-128.203039482188,6.37353635307063,104.207693780653));
#6937=CARTESIAN_POINT('Ctrl Pts',(-127.652474229299,14.5641735077014,116.462097495193));
#6938=CARTESIAN_POINT('Ctrl Pts',(-130.949550663841,-10.008775616919,82.5));
#6939=CARTESIAN_POINT('Ctrl Pts',(-130.961636296772,-1.81779257537888,93.8206991650643));
#6940=CARTESIAN_POINT('Ctrl Pts',(-130.973721929702,6.37319046616119,105.141398330129));
#6941=CARTESIAN_POINT('Ctrl Pts',(-130.985807562633,14.5641735077013,116.462097495193));
#6942=CARTESIAN_POINT('',(-122.137648352884,-10.0079441459407,67.5));
#6943=CARTESIAN_POINT('',(-117.731697197405,-10.0075284104516,60.));
#6944=CARTESIAN_POINT('',(-122.137648352884,-10.0079441459408,67.5));
#6945=CARTESIAN_POINT('Ctrl Pts',(-120.457679960731,-5.28844834333833,60.));
#6946=CARTESIAN_POINT('Ctrl Pts',(-118.967055828032,10.1500566817989,72.6441933922159));
#6947=CARTESIAN_POINT('Ctrl Pts',(-117.476431695333,25.5885617069361,85.2883867844317));
#6948=CARTESIAN_POINT('Ctrl Pts',(-115.985807562634,41.0270667320733,97.9325801766476));
#6949=CARTESIAN_POINT('Ctrl Pts',(-120.460792815667,-5.28305953021886,60.0045871613155));
#6950=CARTESIAN_POINT('Ctrl Pts',(-118.969131064656,10.1511885351523,72.6489744925548));
#6951=CARTESIAN_POINT('Ctrl Pts',(-117.477469313645,25.5854366005235,85.2933618237941));
#6952=CARTESIAN_POINT('Ctrl Pts',(-115.985807562634,41.0196846658947,97.9377491550334));
#6953=CARTESIAN_POINT('Ctrl Pts',(-121.862613659075,-2.85629994509375,62.0703366026333));
#6954=CARTESIAN_POINT('Ctrl Pts',(-119.903678293596,10.6608992847157,74.8020610475675));
#6955=CARTESIAN_POINT('Ctrl Pts',(-117.944742928115,24.1780985145255,87.5337854925012));
#6956=CARTESIAN_POINT('Ctrl Pts',(-115.985807562635,37.695297744335,100.265509937435));
#6957=CARTESIAN_POINT('Ctrl Pts',(-123.264434502481,-0.429540359968286,
64.1360860439507));
#6958=CARTESIAN_POINT('Ctrl Pts',(-120.838225522532,11.1706100342795,76.9551476025797));
#6959=CARTESIAN_POINT('Ctrl Pts',(-118.412016542583,22.7707604285273,89.7742091612086));
#6960=CARTESIAN_POINT('Ctrl Pts',(-115.985807562634,34.3709108227751,102.593270719838));
#6961=CARTESIAN_POINT('Ctrl Pts',(-124.663142490952,1.99183041203753,66.1972483239528));
#6962=CARTESIAN_POINT('Ctrl Pts',(-121.770697514846,11.6791889304897,79.1034530572532));
#6963=CARTESIAN_POINT('Ctrl Pts',(-118.87825253874,21.3665474489418,92.0096577905535));
#6964=CARTESIAN_POINT('Ctrl Pts',(-115.985807562634,31.053905967394,104.915862523854));
#6965=CARTESIAN_POINT('Ctrl Pts',(-124.663142490952,1.99183041203753,66.1972483239528));
#6966=CARTESIAN_POINT('Ctrl Pts',(-123.264434502481,-0.429540359968287,
64.1360860439507));
#6967=CARTESIAN_POINT('Ctrl Pts',(-121.865726514009,-2.85091113197408,62.0749237639486));
#6968=CARTESIAN_POINT('Ctrl Pts',(-120.463905670602,-5.27767071709939,60.009174322631));
#6969=CARTESIAN_POINT('Ctrl Pts',(-120.460792815667,-5.28305953021886,60.0045871613155));
#6970=CARTESIAN_POINT('Ctrl Pts',(-120.457679960731,-5.28844834333833,60.));
#6971=CARTESIAN_POINT('Ctrl Pts',(-124.950073479026,0.869596578920165,67.5));
#6972=CARTESIAN_POINT('Ctrl Pts',(-121.961984840228,10.3760952578371,80.3605257941475));
#6973=CARTESIAN_POINT('Ctrl Pts',(-118.973896201431,19.882593936754,93.2210515882951));
#6974=CARTESIAN_POINT('Ctrl Pts',(-115.985807562633,29.389092615671,106.081577382443));
#6975=CARTESIAN_POINT('Ctrl Pts',(-124.10588617381,-2.78290089139596,67.5));
#6976=CARTESIAN_POINT('Ctrl Pts',(-121.399188188836,6.74896931247323,81.1952633420358));
#6977=CARTESIAN_POINT('Ctrl Pts',(-118.692505547607,16.2808361162936,94.8905266840717));
#6978=CARTESIAN_POINT('Ctrl Pts',(-115.985807562633,25.8127063201628,108.585790026107));
#6979=CARTESIAN_POINT('Ctrl Pts',(-123.178635013437,-6.39223128158581,67.5));
#6980=CARTESIAN_POINT('Ctrl Pts',(-120.78101294632,3.15062270939254,82.0300008899241));
#6981=CARTESIAN_POINT('Ctrl Pts',(-118.383429629751,12.6934660336763,96.5600017798482));
#6982=CARTESIAN_POINT('Ctrl Pts',(-115.985807562633,22.2363200246547,111.090002669772));
#6983=CARTESIAN_POINT('Ctrl Pts',(-122.137648352884,-10.0079441459408,67.5));
#6984=CARTESIAN_POINT('Ctrl Pts',(-120.087034756134,-0.451984854244994,
82.8647384378124));
#6985=CARTESIAN_POINT('Ctrl Pts',(-118.036421159383,9.10397443745077,98.2294768756248));
#6986=CARTESIAN_POINT('Ctrl Pts',(-115.985807562633,18.6599337291465,113.594215313437));
#6987=CARTESIAN_POINT('Ctrl Pts',(-122.137648352884,-10.0079441459408,67.5));
#6988=CARTESIAN_POINT('Ctrl Pts',(-123.178635013437,-6.39223128158581,67.5));
#6989=CARTESIAN_POINT('Ctrl Pts',(-124.10588617381,-2.78290089139595,67.5));
#6990=CARTESIAN_POINT('Ctrl Pts',(-124.950073479026,0.869596578920165,67.5));
#6991=CARTESIAN_POINT('Origin',(-122.407472997832,62.0909483929167,60.));
#6992=CARTESIAN_POINT('',(-122.407472997832,62.0909483929167,60.));
#6993=CARTESIAN_POINT('',(-122.407472997832,62.0909483929167,60.));
#6994=CARTESIAN_POINT('',(-140.632091526201,80.3155669212863,60.));
#6995=CARTESIAN_POINT('',(-122.407472997832,62.0909483929167,60.));
#6996=CARTESIAN_POINT('',(-140.632091526201,80.3155669212863,67.5));
#6997=CARTESIAN_POINT('',(-140.632091526201,80.3155669212863,60.));
#6998=CARTESIAN_POINT('',(-122.407472997832,62.0909483929167,67.5));
#6999=CARTESIAN_POINT('Origin',(-132.916308660927,51.5821127298215,60.));
#7000=CARTESIAN_POINT('',(-132.916308660927,51.5821127298215,60.));
#7001=CARTESIAN_POINT('',(-132.916308660927,51.5821127298215,60.));
#7002=CARTESIAN_POINT('',(-122.407472997832,62.0909483929167,60.));
#7003=CARTESIAN_POINT('Ctrl Pts',(-122.774779772155,-1.27720524939319,60.));
#7004=CARTESIAN_POINT('Ctrl Pts',(-123.203620074839,0.333553828289901,60.5172715202347));
#7005=CARTESIAN_POINT('Ctrl Pts',(-123.632460377523,1.94431290597299,61.0345430404694));
#7006=CARTESIAN_POINT('Ctrl Pts',(-124.061300680207,3.55507198365609,61.5518145607041));
#7007=CARTESIAN_POINT('Ctrl Pts',(-123.404234011754,-0.187526695582951,
60.));
#7008=CARTESIAN_POINT('Ctrl Pts',(-123.812946432337,1.62428682921712,60.4564583786421));
#7009=CARTESIAN_POINT('Ctrl Pts',(-124.221658852919,3.43610035401718,60.9129167572841));
#7010=CARTESIAN_POINT('Ctrl Pts',(-124.630371273501,5.24791387881726,61.3693751359262));
#7011=CARTESIAN_POINT('Ctrl Pts',(-124.033688251353,0.902151858227288,60.));
#7012=CARTESIAN_POINT('Ctrl Pts',(-124.422272789834,2.91501983014433,60.3956452370494));
#7013=CARTESIAN_POINT('Ctrl Pts',(-124.810857328315,4.92788780206138,60.7912904740988));
#7014=CARTESIAN_POINT('Ctrl Pts',(-125.199441866796,6.94075577397843,61.1869357111482));
#7015=CARTESIAN_POINT('Ctrl Pts',(-124.663142490952,1.99183041203753,60.));
#7016=CARTESIAN_POINT('Ctrl Pts',(-125.031599147332,4.20575283107155,60.3348320954568));
#7017=CARTESIAN_POINT('Ctrl Pts',(-125.400055803711,6.41967525010557,60.6696641909135));
#7018=CARTESIAN_POINT('Ctrl Pts',(-125.768512460091,8.6335976691396,61.0044962863702));
#7019=CARTESIAN_POINT('',(-124.663142490952,1.99183041203753,60.));
#7020=CARTESIAN_POINT('',(-117.731697197405,-10.0075284104516,60.));
#7021=CARTESIAN_POINT('',(-124.663142490952,1.99183041203753,60.));
#7022=CARTESIAN_POINT('Origin',(-122.73169707,-10.011290085392,67.5));
#7023=CARTESIAN_POINT('',(-124.949131048555,-20.885367231833,67.5));
#7024=CARTESIAN_POINT('Ctrl Pts',(-124.949131048555,-20.885367231833,67.5));
#7025=CARTESIAN_POINT('Ctrl Pts',(-124.105148236624,-17.2329606925641,67.5));
#7026=CARTESIAN_POINT('Ctrl Pts',(-123.178198412474,-13.6236819747684,67.5));
#7027=CARTESIAN_POINT('Ctrl Pts',(-122.137648352884,-10.0079441459407,67.5));
#7028=CARTESIAN_POINT('',(-124.660260281744,-22.0144105828216,67.5));
#7029=CARTESIAN_POINT('',(-127.731696942594,-10.0097858913116,67.5));
#7030=CARTESIAN_POINT('',(-117.731697197405,-10.0075284104516,67.5));
#7031=CARTESIAN_POINT('',(-117.731697197405,-10.0075284104516,67.5));
#7032=CARTESIAN_POINT('',(-117.731697197405,-10.0075284104516,67.5));
#7033=CARTESIAN_POINT('Origin',(-200.235807562635,49.9912243830811,78.75));
#7034=CARTESIAN_POINT('',(-170.590566815218,49.9912243830811,75.));
#7035=CARTESIAN_POINT('',(-170.590566815218,49.9912243830811,82.5));
#7036=CARTESIAN_POINT('',(-170.590566815218,49.9912243830811,75.));
#7037=CARTESIAN_POINT('',(-167.470927498833,49.9912243830811,75.));
#7038=CARTESIAN_POINT('',(-234.872599117974,49.9912243830811,75.));
#7039=CARTESIAN_POINT('',(-167.470927498833,49.9912243830811,82.5));
#7040=CARTESIAN_POINT('',(-167.470927498833,49.9912243830811,75.));
#7041=CARTESIAN_POINT('',(-165.599016007296,49.9912243830811,82.5));
#7042=CARTESIAN_POINT('Origin',(-200.231697070002,72.832354732585,59.0000000000006));
#7043=CARTESIAN_POINT('',(-174.609482078733,75.9106751234592,59.0000000000005));
#7044=CARTESIAN_POINT('',(-175.818632273585,79.0126330274685,59.0000000000006));
#7045=CARTESIAN_POINT('',(-174.609482078733,75.9106751234592,59.0000000000006));
#7046=CARTESIAN_POINT('',(-200.231697070004,65.9230778678072,59.0000000000006));
#7047=CARTESIAN_POINT('',(-200.231697070004,65.9230778678072,59.0000000000006));
#7048=CARTESIAN_POINT('',(-225.853912061271,75.9106751234687,59.0000000000006));
#7049=CARTESIAN_POINT('',(-251.476127052538,85.8982723791303,59.0000000000006));
#7050=CARTESIAN_POINT('',(-224.644761866418,79.0126330274776,59.0000000000006));
#7051=CARTESIAN_POINT('',(-225.853912061271,75.9106751234687,59.0000000000006));
#7052=CARTESIAN_POINT('',(-200.231697070003,69.496365247894,59.0000000000006));
#7053=CARTESIAN_POINT('',(-200.231697070003,69.496365247894,59.0000000000006));
#7054=CARTESIAN_POINT('',(-150.350452442213,88.940187029998,59.0000000000006));
#7055=CARTESIAN_POINT('Ctrl Pts',(-165.599016007296,49.9912243830811,75.));
#7056=CARTESIAN_POINT('Ctrl Pts',(-168.602504697775,58.6310412965405,69.6666666666669));
#7057=CARTESIAN_POINT('Ctrl Pts',(-171.605993388254,67.2708582099998,64.3333333333337));
#7058=CARTESIAN_POINT('Ctrl Pts',(-174.609482078733,75.9106751234592,59.0000000000006));
#7059=CARTESIAN_POINT('Ctrl Pts',(-165.599016007296,49.9912243830811,77.5));
#7060=CARTESIAN_POINT('Ctrl Pts',(-168.736854719425,58.9757032858748,71.3333333333335));
#7061=CARTESIAN_POINT('Ctrl Pts',(-171.874693431554,67.9601821886686,65.166666666667));
#7062=CARTESIAN_POINT('Ctrl Pts',(-175.012532143684,76.9446610914623,59.0000000000006));
#7063=CARTESIAN_POINT('Ctrl Pts',(-165.599016007296,49.9912243830811,80.));
#7064=CARTESIAN_POINT('Ctrl Pts',(-168.871204741075,59.3203652752092,73.0000000000002));
#7065=CARTESIAN_POINT('Ctrl Pts',(-172.143393474855,68.6495061673373,66.0000000000004));
#7066=CARTESIAN_POINT('Ctrl Pts',(-175.415582208634,77.9786470594654,59.0000000000006));
#7067=CARTESIAN_POINT('Ctrl Pts',(-165.599016007296,49.9912243830811,82.5));
#7068=CARTESIAN_POINT('Ctrl Pts',(-169.005554762726,59.6650272645436,74.6666666666669));
#7069=CARTESIAN_POINT('Ctrl Pts',(-172.412093518155,69.3388301460061,66.8333333333337));
#7070=CARTESIAN_POINT('Ctrl Pts',(-175.818632273585,79.0126330274685,59.0000000000006));
#7071=CARTESIAN_POINT('',(-165.599016007296,49.9912243830811,75.));
#7072=CARTESIAN_POINT('',(-165.599016007296,49.9912243830811,82.5));
#7073=CARTESIAN_POINT('Ctrl Pts',(-165.599016007296,49.9912243830811,75.));
#7074=CARTESIAN_POINT('Ctrl Pts',(-165.599016007296,49.9912243830811,77.5));
#7075=CARTESIAN_POINT('Ctrl Pts',(-165.599016007296,49.9912243830811,80.));
#7076=CARTESIAN_POINT('Ctrl Pts',(-165.599016007296,49.9912243830811,82.5));
#7077=CARTESIAN_POINT('',(-165.599016007296,49.9912243830811,75.));
#7078=CARTESIAN_POINT('',(-165.599016007296,49.9912243830811,82.5));
#7079=CARTESIAN_POINT('Ctrl Pts',(-165.599016007296,49.9912243830811,82.5));
#7080=CARTESIAN_POINT('Ctrl Pts',(-169.005554762726,59.6650272645436,74.6666666666669));
#7081=CARTESIAN_POINT('Ctrl Pts',(-172.412093518155,69.3388301460061,66.8333333333337));
#7082=CARTESIAN_POINT('Ctrl Pts',(-175.818632273585,79.0126330274685,59.0000000000006));
#7083=CARTESIAN_POINT('Ctrl Pts',(-177.144613192409,49.9912243830811,82.5));
#7084=CARTESIAN_POINT('Ctrl Pts',(-179.415182307958,58.6076641779242,74.6666666666669));
#7085=CARTESIAN_POINT('Ctrl Pts',(-181.685751423508,67.2241039727673,66.8333333333337));
#7086=CARTESIAN_POINT('Ctrl Pts',(-183.956320539058,75.8405437676104,59.0000000000006));
#7087=CARTESIAN_POINT('Ctrl Pts',(-188.690210377522,49.9912243830811,82.5));
#7088=CARTESIAN_POINT('Ctrl Pts',(-189.824809853191,57.5503010913048,74.6666666666669));
#7089=CARTESIAN_POINT('Ctrl Pts',(-190.959409328861,65.1093777995285,66.8333333333337));
#7090=CARTESIAN_POINT('Ctrl Pts',(-192.09400880453,72.6684545077522,59.0000000000006));
#7091=CARTESIAN_POINT('Ctrl Pts',(-200.235807562635,49.9912243830811,82.5));
#7092=CARTESIAN_POINT('Ctrl Pts',(-200.234437398424,56.4929380046854,74.6666666666669));
#7093=CARTESIAN_POINT('Ctrl Pts',(-200.233067234214,62.9946516262897,66.8333333333337));
#7094=CARTESIAN_POINT('Ctrl Pts',(-200.231697070003,69.496365247894,59.0000000000006));
#7095=CARTESIAN_POINT('',(-165.590566815218,49.9912243830811,82.5));
#7096=CARTESIAN_POINT('',(-200.235807562635,49.9912243830811,82.5));
#7097=CARTESIAN_POINT('',(-200.235807562635,49.9912243830811,82.5));
#7098=CARTESIAN_POINT('',(-165.590566815218,49.9912243830811,82.5));
#7099=CARTESIAN_POINT('Ctrl Pts',(-200.235807562635,49.9912243830811,82.5));
#7100=CARTESIAN_POINT('Ctrl Pts',(-200.234437398424,56.4929380046854,74.6666666666669));
#7101=CARTESIAN_POINT('Ctrl Pts',(-200.233067234214,62.9946516262897,66.8333333333337));
#7102=CARTESIAN_POINT('Ctrl Pts',(-200.231697070003,69.496365247894,59.0000000000006));
#7103=CARTESIAN_POINT('Ctrl Pts',(-211.781404747748,49.9912243830811,82.5));
#7104=CARTESIAN_POINT('Ctrl Pts',(-210.644064943657,57.5503010913058,74.6666666666669));
#7105=CARTESIAN_POINT('Ctrl Pts',(-209.506725139566,65.1093777995305,66.8333333333337));
#7106=CARTESIAN_POINT('Ctrl Pts',(-208.369385335475,72.6684545077552,59.0000000000006));
#7107=CARTESIAN_POINT('Ctrl Pts',(-223.327001932861,49.9912243830811,82.5));
#7108=CARTESIAN_POINT('Ctrl Pts',(-221.053692488889,58.6076641779263,74.6666666666669));
#7109=CARTESIAN_POINT('Ctrl Pts',(-218.780383044918,67.2241039727713,66.8333333333337));
#7110=CARTESIAN_POINT('Ctrl Pts',(-216.507073600946,75.8405437676164,59.0000000000006));
#7111=CARTESIAN_POINT('Ctrl Pts',(-234.872599117974,49.9912243830811,82.5));
#7112=CARTESIAN_POINT('Ctrl Pts',(-231.463320034122,59.6650272645466,74.6666666666669));
#7113=CARTESIAN_POINT('Ctrl Pts',(-228.05404095027,69.3388301460121,66.8333333333337));
#7114=CARTESIAN_POINT('Ctrl Pts',(-224.644761866418,79.0126330274776,59.0000000000006));
#7115=CARTESIAN_POINT('',(-234.872599117973,49.9912243830812,82.5));
#7116=CARTESIAN_POINT('',(-165.590566815218,49.9912243830811,82.5));
#7117=CARTESIAN_POINT('',(-234.872599117974,49.9912243830811,82.5));
#7118=CARTESIAN_POINT('Ctrl Pts',(-234.872599117974,49.9912243830811,82.5));
#7119=CARTESIAN_POINT('Ctrl Pts',(-231.463320034122,59.6650272645466,74.6666666666669));
#7120=CARTESIAN_POINT('Ctrl Pts',(-228.05404095027,69.3388301460121,66.8333333333337));
#7121=CARTESIAN_POINT('Ctrl Pts',(-224.644761866418,79.0126330274776,59.0000000000006));
#7122=CARTESIAN_POINT('Ctrl Pts',(-234.872599117974,49.9912243830811,80.));
#7123=CARTESIAN_POINT('Ctrl Pts',(-231.597670055772,59.3203652752123,73.0000000000002));
#7124=CARTESIAN_POINT('Ctrl Pts',(-228.32274099357,68.6495061673435,66.0000000000004));
#7125=CARTESIAN_POINT('Ctrl Pts',(-225.047811931369,77.9786470594747,59.0000000000006));
#7126=CARTESIAN_POINT('Ctrl Pts',(-234.872599117974,49.9912243830811,77.5));
#7127=CARTESIAN_POINT('Ctrl Pts',(-231.732020077422,58.975703285878,71.3333333333335));
#7128=CARTESIAN_POINT('Ctrl Pts',(-228.591441036871,67.9601821886748,65.1666666666671));
#7129=CARTESIAN_POINT('Ctrl Pts',(-225.45086199632,76.9446610914717,59.0000000000006));
#7130=CARTESIAN_POINT('Ctrl Pts',(-234.872599117974,49.9912243830811,75.));
#7131=CARTESIAN_POINT('Ctrl Pts',(-231.866370099073,58.6310412965437,69.6666666666669));
#7132=CARTESIAN_POINT('Ctrl Pts',(-228.860141080172,67.2708582100062,64.3333333333337));
#7133=CARTESIAN_POINT('Ctrl Pts',(-225.853912061271,75.9106751234687,59.0000000000006));
#7134=CARTESIAN_POINT('',(-234.872599117973,49.9912243830812,75.));
#7135=CARTESIAN_POINT('',(-234.872599117973,49.9912243830812,75.));
#7136=CARTESIAN_POINT('',(-234.872599117974,49.9912243830811,75.));
#7137=CARTESIAN_POINT('Ctrl Pts',(-234.872599117974,49.9912243830811,75.));
#7138=CARTESIAN_POINT('Ctrl Pts',(-231.866370099073,58.6310412965437,69.6666666666669));
#7139=CARTESIAN_POINT('Ctrl Pts',(-228.860141080172,67.2708582100062,64.3333333333337));
#7140=CARTESIAN_POINT('Ctrl Pts',(-225.853912061271,75.9106751234687,59.0000000000006));
#7141=CARTESIAN_POINT('Ctrl Pts',(-223.327001932861,49.9912243830811,75.));
#7142=CARTESIAN_POINT('Ctrl Pts',(-221.32239253219,57.5213082681368,69.6666666666669));
#7143=CARTESIAN_POINT('Ctrl Pts',(-219.317783131519,65.0513921531925,64.3333333333337));
#7144=CARTESIAN_POINT('Ctrl Pts',(-217.313173730848,72.5814760382482,59.0000000000006));
#7145=CARTESIAN_POINT('Ctrl Pts',(-211.781404747748,49.9912243830811,75.));
#7146=CARTESIAN_POINT('Ctrl Pts',(-210.778414965307,56.41157523973,69.6666666666669));
#7147=CARTESIAN_POINT('Ctrl Pts',(-209.775425182867,62.8319260963789,64.3333333333337));
#7148=CARTESIAN_POINT('Ctrl Pts',(-208.772435400426,69.2522769530277,59.0000000000006));
#7149=CARTESIAN_POINT('Ctrl Pts',(-200.235807562635,49.9912243830811,75.));
#7150=CARTESIAN_POINT('Ctrl Pts',(-200.234437398424,55.3018422113232,69.6666666666669));
#7151=CARTESIAN_POINT('Ctrl Pts',(-200.233067234214,60.6124600395652,64.3333333333337));
#7152=CARTESIAN_POINT('Ctrl Pts',(-200.231697070004,65.9230778678072,59.0000000000006));
#7153=CARTESIAN_POINT('',(-200.235807562635,49.9912243830811,75.));
#7154=CARTESIAN_POINT('',(-165.590566815218,49.9912243830811,75.));
#7155=CARTESIAN_POINT('',(-200.235807562635,49.9912243830811,75.));
#7156=CARTESIAN_POINT('Ctrl Pts',(-200.235807562635,49.9912243830811,75.));
#7157=CARTESIAN_POINT('Ctrl Pts',(-200.234437398424,55.3018422113232,69.6666666666669));
#7158=CARTESIAN_POINT('Ctrl Pts',(-200.233067234214,60.6124600395652,64.3333333333337));
#7159=CARTESIAN_POINT('Ctrl Pts',(-200.231697070004,65.9230778678072,59.0000000000006));
#7160=CARTESIAN_POINT('Ctrl Pts',(-188.690210377522,49.9912243830811,75.));
#7161=CARTESIAN_POINT('Ctrl Pts',(-189.690459831541,56.4115752397289,69.6666666666669));
#7162=CARTESIAN_POINT('Ctrl Pts',(-190.690709285561,62.8319260963767,64.3333333333337));
#7163=CARTESIAN_POINT('Ctrl Pts',(-191.69095873958,69.2522769530245,59.0000000000006));
#7164=CARTESIAN_POINT('Ctrl Pts',(-177.144613192409,49.9912243830811,75.));
#7165=CARTESIAN_POINT('Ctrl Pts',(-179.146482264658,57.5213082681347,69.6666666666668));
#7166=CARTESIAN_POINT('Ctrl Pts',(-181.148351336907,65.0513921531883,64.3333333333337));
#7167=CARTESIAN_POINT('Ctrl Pts',(-183.150220409157,72.5814760382418,59.0000000000005));
#7168=CARTESIAN_POINT('Ctrl Pts',(-165.599016007296,49.9912243830811,75.));
#7169=CARTESIAN_POINT('Ctrl Pts',(-168.602504697775,58.6310412965405,69.6666666666668));
#7170=CARTESIAN_POINT('Ctrl Pts',(-171.605993388254,67.2708582099998,64.3333333333337));
#7171=CARTESIAN_POINT('Ctrl Pts',(-174.609482078733,75.9106751234592,59.0000000000005));
#7172=CARTESIAN_POINT('',(-165.590566815218,49.9912243830811,75.));
#7173=CARTESIAN_POINT('',(-165.590566815218,49.9912243830811,75.));
#7174=CARTESIAN_POINT('Origin',(-200.23169707,-92.8496690343391,59.));
#7175=CARTESIAN_POINT('',(-200.23169707,-85.9403921695613,59.));
#7176=CARTESIAN_POINT('',(-225.853912061269,-95.927989425218,59.));
#7177=CARTESIAN_POINT('',(-200.23169707,-85.9403921695613,59.));
#7178=CARTESIAN_POINT('',(-174.609482078731,-95.927989425218,59.));
#7179=CARTESIAN_POINT('',(-148.987267087462,-105.915586680875,59.));
#7180=CARTESIAN_POINT('',(-175.818632273583,-99.0299473292271,59.));
#7181=CARTESIAN_POINT('',(-174.609482078731,-95.927989425218,59.));
#7182=CARTESIAN_POINT('',(-200.23169707,-89.5136795496481,59.));
#7183=CARTESIAN_POINT('',(-200.23169707,-89.5136795496481,59.));
#7184=CARTESIAN_POINT('',(-224.644761866416,-99.0299473292271,59.));
#7185=CARTESIAN_POINT('',(-250.112941697786,-108.957501331761,59.));
#7186=CARTESIAN_POINT('',(-225.853912061269,-95.927989425218,59.));
#7187=CARTESIAN_POINT('Ctrl Pts',(-200.23169707,-85.9403921695613,59.));
#7188=CARTESIAN_POINT('Ctrl Pts',(-200.231659035532,-80.6298533186805,64.3333333333333));
#7189=CARTESIAN_POINT('Ctrl Pts',(-200.231621001064,-75.3193144677997,69.6666666666667));
#7190=CARTESIAN_POINT('Ctrl Pts',(-200.231582966596,-70.0087756169188,75.));
#7191=CARTESIAN_POINT('Ctrl Pts',(-208.772435400423,-89.2695912547802,59.));
#7192=CARTESIAN_POINT('Ctrl Pts',(-209.774486383745,-82.8493193754931,64.3333333333333));
#7193=CARTESIAN_POINT('Ctrl Pts',(-210.776537367067,-76.429047496206,69.6666666666667));
#7194=CARTESIAN_POINT('Ctrl Pts',(-211.778588350389,-70.0087756169188,75.));
#7195=CARTESIAN_POINT('Ctrl Pts',(-217.313173730846,-92.5987903399991,59.));
#7196=CARTESIAN_POINT('Ctrl Pts',(-219.317313731958,-85.0687854323057,64.3333333333333));
#7197=CARTESIAN_POINT('Ctrl Pts',(-221.321453733069,-77.5387805246122,69.6666666666667));
#7198=CARTESIAN_POINT('Ctrl Pts',(-223.325593734181,-70.0087756169188,75.));
#7199=CARTESIAN_POINT('Ctrl Pts',(-225.853912061269,-95.927989425218,59.));
#7200=CARTESIAN_POINT('Ctrl Pts',(-228.86014108017,-87.2882514891183,64.3333333333333));
#7201=CARTESIAN_POINT('Ctrl Pts',(-231.866370099072,-78.6485135530185,69.6666666666667));
#7202=CARTESIAN_POINT('Ctrl Pts',(-234.872599117974,-70.0087756169188,75.));
#7203=CARTESIAN_POINT('',(-234.872599117974,-70.0087756169188,75.));
#7204=CARTESIAN_POINT('',(-225.853912061269,-95.927989425218,59.));
#7205=CARTESIAN_POINT('',(-200.231582966596,-70.0087756169188,75.));
#7206=CARTESIAN_POINT('',(-234.872599117974,-70.0087756169188,75.));
#7207=CARTESIAN_POINT('',(-200.23169707,-85.9403921695613,59.));
#7208=CARTESIAN_POINT('Ctrl Pts',(-225.853912061269,-95.927989425218,59.));
#7209=CARTESIAN_POINT('Ctrl Pts',(-228.86014108017,-87.2882514891183,64.3333333333333));
#7210=CARTESIAN_POINT('Ctrl Pts',(-231.866370099072,-78.6485135530185,69.6666666666667));
#7211=CARTESIAN_POINT('Ctrl Pts',(-234.872599117974,-70.0087756169188,75.));
#7212=CARTESIAN_POINT('Ctrl Pts',(-225.450861996318,-96.9619753932211,59.));
#7213=CARTESIAN_POINT('Ctrl Pts',(-228.59144103687,-87.977575467787,65.1666666666667));
#7214=CARTESIAN_POINT('Ctrl Pts',(-231.732020077422,-78.9931755423529,71.3333333333333));
#7215=CARTESIAN_POINT('Ctrl Pts',(-234.872599117974,-70.0087756169188,77.5));
#7216=CARTESIAN_POINT('Ctrl Pts',(-225.047811931367,-97.9959613612241,59.));
#7217=CARTESIAN_POINT('Ctrl Pts',(-228.322740993569,-88.6668994464556,66.));
#7218=CARTESIAN_POINT('Ctrl Pts',(-231.597670055771,-79.3378375316872,73.));
#7219=CARTESIAN_POINT('Ctrl Pts',(-234.872599117974,-70.0087756169188,80.));
#7220=CARTESIAN_POINT('Ctrl Pts',(-224.644761866416,-99.0299473292271,59.));
#7221=CARTESIAN_POINT('Ctrl Pts',(-228.054040950269,-89.3562234251243,66.8333333333333));
#7222=CARTESIAN_POINT('Ctrl Pts',(-231.463320034121,-79.6824995210216,74.6666666666667));
#7223=CARTESIAN_POINT('Ctrl Pts',(-234.872599117974,-70.0087756169188,82.5));
#7224=CARTESIAN_POINT('',(-234.872599117974,-70.0087756169188,82.5));
#7225=CARTESIAN_POINT('',(-224.644761866416,-99.0299473292271,59.));
#7226=CARTESIAN_POINT('',(-234.872599117974,-70.0087756169188,75.));
#7227=CARTESIAN_POINT('Ctrl Pts',(-224.644761866416,-99.0299473292271,59.));
#7228=CARTESIAN_POINT('Ctrl Pts',(-228.054040950269,-89.3562234251243,66.8333333333333));
#7229=CARTESIAN_POINT('Ctrl Pts',(-231.463320034121,-79.6824995210216,74.6666666666667));
#7230=CARTESIAN_POINT('Ctrl Pts',(-234.872599117974,-70.0087756169188,82.5));
#7231=CARTESIAN_POINT('Ctrl Pts',(-216.507073600944,-95.8578580693675,59.));
#7232=CARTESIAN_POINT('Ctrl Pts',(-218.779913645356,-87.2414972518846,66.8333333333333));
#7233=CARTESIAN_POINT('Ctrl Pts',(-221.052753689769,-78.6251364344017,74.6666666666667));
#7234=CARTESIAN_POINT('Ctrl Pts',(-223.325593734181,-70.0087756169188,82.5));
#7235=CARTESIAN_POINT('Ctrl Pts',(-208.369385335472,-92.6857688095078,59.));
#7236=CARTESIAN_POINT('Ctrl Pts',(-209.505786340444,-85.1267710786448,66.8333333333333));
#7237=CARTESIAN_POINT('Ctrl Pts',(-210.642187345416,-77.5677733477818,74.6666666666667));
#7238=CARTESIAN_POINT('Ctrl Pts',(-211.778588350389,-70.0087756169188,82.5));
#7239=CARTESIAN_POINT('Ctrl Pts',(-200.23169707,-89.5136795496481,59.));
#7240=CARTESIAN_POINT('Ctrl Pts',(-200.231659035532,-83.012044905405,66.8333333333333));
#7241=CARTESIAN_POINT('Ctrl Pts',(-200.231621001064,-76.5104102611619,74.6666666666667));
#7242=CARTESIAN_POINT('Ctrl Pts',(-200.231582966596,-70.0087756169188,82.5));
#7243=CARTESIAN_POINT('',(-200.231582966596,-70.0087756169188,82.5));
#7244=CARTESIAN_POINT('',(-200.23169707,-89.5136795496481,59.));
#7245=CARTESIAN_POINT('',(-234.872599117974,-70.0087756169188,82.5));
#7246=CARTESIAN_POINT('Ctrl Pts',(-200.23169707,-89.5136795496481,59.));
#7247=CARTESIAN_POINT('Ctrl Pts',(-200.231659035532,-83.012044905405,66.8333333333333));
#7248=CARTESIAN_POINT('Ctrl Pts',(-200.231621001064,-76.5104102611619,74.6666666666667));
#7249=CARTESIAN_POINT('Ctrl Pts',(-200.231582966596,-70.0087756169188,82.5));
#7250=CARTESIAN_POINT('Ctrl Pts',(-192.094008804528,-92.6857688095078,59.));
#7251=CARTESIAN_POINT('Ctrl Pts',(-190.95753173062,-85.1267710786448,66.8333333333333));
#7252=CARTESIAN_POINT('Ctrl Pts',(-189.821054656712,-77.5677733477818,74.6666666666667));
#7253=CARTESIAN_POINT('Ctrl Pts',(-188.684577582804,-70.0087756169189,82.5));
#7254=CARTESIAN_POINT('Ctrl Pts',(-183.956320539056,-95.8578580693675,59.));
#7255=CARTESIAN_POINT('Ctrl Pts',(-181.683404425707,-87.2414972518846,66.8333333333333));
#7256=CARTESIAN_POINT('Ctrl Pts',(-179.410488312359,-78.6251364344017,74.6666666666667));
#7257=CARTESIAN_POINT('Ctrl Pts',(-177.137572199011,-70.0087756169189,82.5));
#7258=CARTESIAN_POINT('Ctrl Pts',(-175.818632273583,-99.0299473292271,59.));
#7259=CARTESIAN_POINT('Ctrl Pts',(-172.409277120795,-89.3562234251244,66.8333333333333));
#7260=CARTESIAN_POINT('Ctrl Pts',(-168.999921968007,-79.6824995210216,74.6666666666667));
#7261=CARTESIAN_POINT('Ctrl Pts',(-165.590566815219,-70.0087756169189,82.5));
#7262=CARTESIAN_POINT('',(-165.590566815219,-70.0087756169189,82.5));
#7263=CARTESIAN_POINT('',(-175.818632273583,-99.0299473292271,59.));
#7264=CARTESIAN_POINT('',(-234.872599117974,-70.0087756169188,82.5));
#7265=CARTESIAN_POINT('Ctrl Pts',(-175.818632273583,-99.0299473292271,59.));
#7266=CARTESIAN_POINT('Ctrl Pts',(-172.409277120795,-89.3562234251244,66.8333333333333));
#7267=CARTESIAN_POINT('Ctrl Pts',(-168.999921968007,-79.6824995210216,74.6666666666667));
#7268=CARTESIAN_POINT('Ctrl Pts',(-165.590566815219,-70.0087756169189,82.5));
#7269=CARTESIAN_POINT('Ctrl Pts',(-175.415582208633,-97.9959613612241,59.));
#7270=CARTESIAN_POINT('Ctrl Pts',(-172.140577077495,-88.6668994464557,66.));
#7271=CARTESIAN_POINT('Ctrl Pts',(-168.865571946357,-79.3378375316873,73.));
#7272=CARTESIAN_POINT('Ctrl Pts',(-165.590566815219,-70.0087756169189,80.));
#7273=CARTESIAN_POINT('Ctrl Pts',(-175.012532143682,-96.9619753932211,59.));
#7274=CARTESIAN_POINT('Ctrl Pts',(-171.871877034194,-87.977575467787,65.1666666666667));
#7275=CARTESIAN_POINT('Ctrl Pts',(-168.731221924706,-78.993175542353,71.3333333333333));
#7276=CARTESIAN_POINT('Ctrl Pts',(-165.590566815219,-70.0087756169189,77.5));
#7277=CARTESIAN_POINT('Ctrl Pts',(-174.609482078731,-95.927989425218,59.));
#7278=CARTESIAN_POINT('Ctrl Pts',(-171.603176990894,-87.2882514891183,64.3333333333333));
#7279=CARTESIAN_POINT('Ctrl Pts',(-168.596871903056,-78.6485135530186,69.6666666666667));
#7280=CARTESIAN_POINT('Ctrl Pts',(-165.590566815219,-70.0087756169189,75.));
#7281=CARTESIAN_POINT('',(-165.590566815219,-70.0087756169189,75.));
#7282=CARTESIAN_POINT('',(-174.609482078731,-95.927989425218,59.));
#7283=CARTESIAN_POINT('',(-165.590566815219,-70.0087756169189,75.));
#7284=CARTESIAN_POINT('Ctrl Pts',(-174.609482078731,-95.927989425218,59.));
#7285=CARTESIAN_POINT('Ctrl Pts',(-171.603176990894,-87.2882514891183,64.3333333333333));
#7286=CARTESIAN_POINT('Ctrl Pts',(-168.596871903056,-78.6485135530186,69.6666666666667));
#7287=CARTESIAN_POINT('Ctrl Pts',(-165.590566815219,-70.0087756169189,75.));
#7288=CARTESIAN_POINT('Ctrl Pts',(-183.150220409154,-92.5987903399991,59.));
#7289=CARTESIAN_POINT('Ctrl Pts',(-181.146004339106,-85.0687854323057,64.3333333333333));
#7290=CARTESIAN_POINT('Ctrl Pts',(-179.141788269059,-77.5387805246123,69.6666666666667));
#7291=CARTESIAN_POINT('Ctrl Pts',(-177.137572199011,-70.0087756169189,75.));
#7292=CARTESIAN_POINT('Ctrl Pts',(-191.690958739577,-89.2695912547802,59.));
#7293=CARTESIAN_POINT('Ctrl Pts',(-190.688831687319,-82.8493193754931,64.3333333333333));
#7294=CARTESIAN_POINT('Ctrl Pts',(-189.686704635061,-76.429047496206,69.6666666666667));
#7295=CARTESIAN_POINT('Ctrl Pts',(-188.684577582804,-70.0087756169189,75.));
#7296=CARTESIAN_POINT('Ctrl Pts',(-200.23169707,-85.9403921695613,59.));
#7297=CARTESIAN_POINT('Ctrl Pts',(-200.231659035532,-80.6298533186805,64.3333333333333));
#7298=CARTESIAN_POINT('Ctrl Pts',(-200.231621001064,-75.3193144677997,69.6666666666667));
#7299=CARTESIAN_POINT('Ctrl Pts',(-200.231582966596,-70.0087756169188,75.));
#7300=CARTESIAN_POINT('',(-234.872599117974,-70.0087756169188,75.));
#7301=CARTESIAN_POINT('Origin',(-140.23169707,-82.5086571508817,60.));
#7302=CARTESIAN_POINT('',(-138.98169707,-82.5086571508817,67.5));
#7303=CARTESIAN_POINT('Origin',(-140.23169707,-82.5086571508817,67.5));
#7304=CARTESIAN_POINT('',(-138.98169707,-82.5086571508817,60.));
#7305=CARTESIAN_POINT('',(-138.98169707,-82.5086571508817,60.));
#7306=CARTESIAN_POINT('Origin',(-140.23169707,-82.5086571508817,60.));
#7307=CARTESIAN_POINT('Origin',(-260.23169707,62.4913428491184,60.));
#7308=CARTESIAN_POINT('',(-258.98169707,62.4913428491184,60.));
#7309=CARTESIAN_POINT('',(-258.98169707,62.4913428491184,60.));
#7310=CARTESIAN_POINT('Origin',(-260.23169707,62.4913428491184,60.));
#7311=CARTESIAN_POINT('Origin',(-260.23169707,-82.5086571508817,60.));
#7312=CARTESIAN_POINT('',(-258.98169707,-82.5086571508817,67.5));
#7313=CARTESIAN_POINT('Origin',(-260.23169707,-82.5086571508817,67.5));
#7314=CARTESIAN_POINT('',(-258.98169707,-82.5086571508817,60.));
#7315=CARTESIAN_POINT('',(-258.98169707,-82.5086571508817,60.));
#7316=CARTESIAN_POINT('Origin',(-260.23169707,-82.5086571508817,60.));
#7317=CARTESIAN_POINT('Origin',(-140.23169707,62.4913428491183,60.));
#7318=CARTESIAN_POINT('',(-138.98169707,62.4913428491183,67.5));
#7319=CARTESIAN_POINT('Origin',(-140.23169707,62.4913428491183,67.5));
#7320=CARTESIAN_POINT('',(-138.98169707,62.4913428491183,60.));
#7321=CARTESIAN_POINT('',(-138.98169707,62.4913428491183,60.));
#7322=CARTESIAN_POINT('Origin',(-140.23169707,62.4913428491183,60.));
#7323=CARTESIAN_POINT('Origin',(-282.73169707,-10.0086571508815,60.));
#7324=CARTESIAN_POINT('',(-275.801692388353,-22.0117773561842,66.1929656602631));
#7325=CARTESIAN_POINT('',(-280.004899657619,-14.7316088110714,60.));
#7326=CARTESIAN_POINT('Ctrl Pts',(-275.801692388353,-22.0117773561842,66.1929656602631));
#7327=CARTESIAN_POINT('Ctrl Pts',(-277.199648049959,-19.5904471235537,64.1332310689666));
#7328=CARTESIAN_POINT('Ctrl Pts',(-278.597603711565,-17.1691168909233,62.0734964776701));
#7329=CARTESIAN_POINT('Ctrl Pts',(-279.998672801321,-14.7423940425524,60.0091745909158));
#7330=CARTESIAN_POINT('Ctrl Pts',(-280.00178622947,-14.7370014268119,60.0045872954579));
#7331=CARTESIAN_POINT('Ctrl Pts',(-280.004899657619,-14.7316088110714,60.));
#7332=CARTESIAN_POINT('',(-275.801692388353,-22.0117773561842,67.5));
#7333=CARTESIAN_POINT('',(-275.801692388353,-22.0117773561842,60.));
#7334=CARTESIAN_POINT('',(-282.73169707,-10.0086571508815,67.5));
#7335=CARTESIAN_POINT('',(-282.73169707,-10.0086571508815,60.));
#7336=CARTESIAN_POINT('Origin',(-275.801692388353,-22.0117773561842,60.));
#7337=CARTESIAN_POINT('',(-275.513761631735,-20.8860207591544,67.5));
#7338=CARTESIAN_POINT('Ctrl Pts',(-275.513761631735,-20.8860207591496,67.5000000000019));
#7339=CARTESIAN_POINT('Ctrl Pts',(-275.576655226568,-21.1319352014361,67.2312237576756));
#7340=CARTESIAN_POINT('Ctrl Pts',(-275.639366107391,-21.3771367967832,66.9543587208134));
#7341=CARTESIAN_POINT('Ctrl Pts',(-275.700379237119,-21.6156832698027,66.6728757766801));
#7342=CARTESIAN_POINT('Ctrl Pts',(-275.734780298242,-21.7501830378969,66.5141671182406));
#7343=CARTESIAN_POINT('Ctrl Pts',(-275.768641555009,-21.8825662999817,66.3539906502067));
#7344=CARTESIAN_POINT('Ctrl Pts',(-275.801692388361,-22.0117773560899,66.1929656602999));
#7345=CARTESIAN_POINT('',(-272.73169707,-10.0086571508815,67.5));
#7346=CARTESIAN_POINT('Origin',(-275.801692388353,-22.0117773561842,60.));
#7347=CARTESIAN_POINT('',(-272.731706133624,-10.0086925899162,64.4872547621071));
#7348=CARTESIAN_POINT('',(-272.73169707,-10.0086571508815,64.4872720412126));
#7349=CARTESIAN_POINT('Ctrl Pts',(-272.731706133624,-10.0086925899162,64.4872547621071));
#7350=CARTESIAN_POINT('Ctrl Pts',(-272.731703112382,-10.0086807774111,64.4872605228296));
#7351=CARTESIAN_POINT('Ctrl Pts',(-272.731700091242,-10.0086689633866,64.4872662804901));
#7352=CARTESIAN_POINT('Ctrl Pts',(-272.73169707,-10.0086571508815,64.4872720412126));
#7353=CARTESIAN_POINT('',(-272.73169707,-10.0086571508815,60.));
#7354=CARTESIAN_POINT('Ctrl Pts',(-272.73169707,-10.0086571508815,60.));
#7355=CARTESIAN_POINT('Ctrl Pts',(-272.8170715422,-10.3424557225456,60.));
#7356=CARTESIAN_POINT('Ctrl Pts',(-272.893758251268,-10.6422867293214,60.0399019123011));
#7357=CARTESIAN_POINT('Ctrl Pts',(-272.984932520078,-10.9987614449694,60.1824094375189));
#7358=CARTESIAN_POINT('Ctrl Pts',(-273.012541325356,-11.1067068240718,60.2431872106279));
#7359=CARTESIAN_POINT('Ctrl Pts',(-273.057447252863,-11.2822807875137,60.3972064611152));
#7360=CARTESIAN_POINT('Ctrl Pts',(-273.074547445977,-11.3491394150352,60.4825555011839));
#7361=CARTESIAN_POINT('Ctrl Pts',(-273.102949416784,-11.4601859262876,60.7017669502763));
#7362=CARTESIAN_POINT('Ctrl Pts',(-273.11110093448,-11.4920568696015,60.8332185140127));
#7363=CARTESIAN_POINT('Ctrl Pts',(-273.119353245146,-11.5243218949907,61.1962973816169));
#7364=CARTESIAN_POINT('Ctrl Pts',(-273.110062666415,-11.4879974313619,61.4394324243495));
#7365=CARTESIAN_POINT('Ctrl Pts',(-273.051555726599,-11.2592459973571,62.3650824345838));
#7366=CARTESIAN_POINT('Ctrl Pts',(-272.930820882407,-10.7871948384702,63.3017864212926));
#7367=CARTESIAN_POINT('Ctrl Pts',(-272.731706133682,-10.008692588223,64.4872547610049));
#7368=CARTESIAN_POINT('',(-272.73169707,-10.0086571508815,60.));
#7369=CARTESIAN_POINT('Origin',(-272.73169707,-10.0086571508815,60.));
#7370=CARTESIAN_POINT('Ctrl Pts',(-272.73169707,-10.0086571508815,64.4872720412126));
#7371=CARTESIAN_POINT('Ctrl Pts',(-272.832329286745,-9.61520358862504,63.8881443293757));
#7372=CARTESIAN_POINT('Ctrl Pts',(-272.923304685287,-9.25950641934881,63.2911133970216));
#7373=CARTESIAN_POINT('Ctrl Pts',(-273.042936464563,-8.79176804254018,62.320534715269));
#7374=CARTESIAN_POINT('Ctrl Pts',(-273.086543173458,-8.62127378624769,61.8867110378648));
#7375=CARTESIAN_POINT('Ctrl Pts',(-273.114300053468,-8.51274946202532,61.3085987205061));
#7376=CARTESIAN_POINT('Ctrl Pts',(-273.118759784597,-8.49531272897574,61.113655700027));
#7377=CARTESIAN_POINT('Ctrl Pts',(-273.109427673503,-8.53179957655062,60.8076346770209));
#7378=CARTESIAN_POINT('Ctrl Pts',(-273.101449947335,-8.56299102677363,60.6905445606741));
#7379=CARTESIAN_POINT('Ctrl Pts',(-273.074301812069,-8.66913527038063,60.4803428717851));
#7380=CARTESIAN_POINT('Ctrl Pts',(-273.056564925091,-8.73848325446301,60.3927459404301));
#7381=CARTESIAN_POINT('Ctrl Pts',(-273.00642691793,-8.93451369242843,60.2241945191529));
#7382=CARTESIAN_POINT('Ctrl Pts',(-272.973050573015,-9.06500909664836,60.1580398724734));
#7383=CARTESIAN_POINT('Ctrl Pts',(-272.876822044973,-9.44124504149323,60.0292839230681));
#7384=CARTESIAN_POINT('Ctrl Pts',(-272.804902040663,-9.72243910447321,60.));
#7385=CARTESIAN_POINT('Ctrl Pts',(-272.73169707,-10.0086571508815,60.));
#7386=CARTESIAN_POINT('Origin',(-277.73169707,-10.0086571508815,67.5));
#7387=CARTESIAN_POINT('Ctrl Pts',(-278.325669803117,-10.0086966395606,67.5));
#7388=CARTESIAN_POINT('Ctrl Pts',(-277.28491915396,-13.6243698414976,67.5));
#7389=CARTESIAN_POINT('Ctrl Pts',(-276.357833480831,-17.2336224292959,67.5));
#7390=CARTESIAN_POINT('Ctrl Pts',(-275.513761631735,-20.8860207591545,67.5));
#7391=CARTESIAN_POINT('Ctrl Pts',(-275.801692388353,-22.0117773561842,60.));
#7392=CARTESIAN_POINT('Ctrl Pts',(-273.705666682019,-18.010776776429,65.));
#7393=CARTESIAN_POINT('Ctrl Pts',(-271.609640975685,-14.0097761966739,70.));
#7394=CARTESIAN_POINT('Ctrl Pts',(-269.513615269351,-10.0087756169187,75.));
#7395=CARTESIAN_POINT('Ctrl Pts',(-274.778360615568,-18.01073728775,60.));
#7396=CARTESIAN_POINT('Ctrl Pts',(-272.804942190132,-8.49998469227952,63.3333333333333));
#7397=CARTESIAN_POINT('Ctrl Pts',(-270.831523764695,1.01076790319093,66.6666666666667));
#7398=CARTESIAN_POINT('Ctrl Pts',(-268.858105339258,10.5215204986614,70.));
#7399=CARTESIAN_POINT('Ctrl Pts',(-273.755028842784,-14.0096972193157,60.));
#7400=CARTESIAN_POINT('Ctrl Pts',(-271.904217698245,1.01080739186999,61.6666666666667));
#7401=CARTESIAN_POINT('Ctrl Pts',(-270.053406553705,16.0313120030557,63.3333333333333));
#7402=CARTESIAN_POINT('Ctrl Pts',(-268.202595409165,31.0518166142415,65.));
#7403=CARTESIAN_POINT('Ctrl Pts',(-272.73169707,-10.0086571508815,60.));
#7404=CARTESIAN_POINT('Ctrl Pts',(-271.003493206357,10.5215994760195,60.));
#7405=CARTESIAN_POINT('Ctrl Pts',(-269.275289342715,31.0518561029205,60.));
#7406=CARTESIAN_POINT('Ctrl Pts',(-267.547085479073,51.5821127298215,60.));
#7407=CARTESIAN_POINT('',(-267.547085479073,51.5821127298215,60.));
#7408=CARTESIAN_POINT('',(-272.73169707,-10.0086571508815,60.));
#7409=CARTESIAN_POINT('',(-269.513615269351,-10.0087756169187,75.));
#7410=CARTESIAN_POINT('',(-269.513615269351,-10.0087756169187,75.));
#7411=CARTESIAN_POINT('Ctrl Pts',(-269.513615269351,-10.0087756169188,75.));
#7412=CARTESIAN_POINT('Ctrl Pts',(-270.298874740192,-10.0087567923176,72.6164559619443));
#7413=CARTESIAN_POINT('Ctrl Pts',(-271.339103705902,-10.0087314282234,69.4048906853199));
#7414=CARTESIAN_POINT('Ctrl Pts',(-272.308870789497,-10.0087050901385,66.0700000900815));
#7415=CARTESIAN_POINT('Ctrl Pts',(-272.535381988579,-10.0086986838865,65.258849614734));
#7416=CARTESIAN_POINT('Ctrl Pts',(-272.731706133163,-10.0086925900342,64.4872547621072));
#7417=CARTESIAN_POINT('Ctrl Pts',(-275.801692388353,1.9944630544211,60.));
#7418=CARTESIAN_POINT('Ctrl Pts',(-275.447559992982,4.12183185021891,60.3217588668333));
#7419=CARTESIAN_POINT('Ctrl Pts',(-275.09342759761,6.24920064601672,60.6435177336666));
#7420=CARTESIAN_POINT('Ctrl Pts',(-274.739295202239,8.37656944181454,60.9652766004999));
#7421=CARTESIAN_POINT('Ctrl Pts',(-276.405659648025,0.948361074561069,60.));
#7422=CARTESIAN_POINT('Ctrl Pts',(-276.032969090789,2.8903239102626,60.3778430485918));
#7423=CARTESIAN_POINT('Ctrl Pts',(-275.660278533554,4.83228674596413,60.7556860971837));
#7424=CARTESIAN_POINT('Ctrl Pts',(-275.287587976319,6.77424958166566,61.1335291457755));
#7425=CARTESIAN_POINT('Ctrl Pts',(-277.009626907697,-0.0977409052989642,
60.));
#7426=CARTESIAN_POINT('Ctrl Pts',(-276.618378188597,1.65881597030628,60.4339272303504));
#7427=CARTESIAN_POINT('Ctrl Pts',(-276.227129469498,3.41537284591153,60.8678544607007));
#7428=CARTESIAN_POINT('Ctrl Pts',(-275.835880750399,5.17192972151678,61.3017816910511));
#7429=CARTESIAN_POINT('Ctrl Pts',(-277.613594167369,-1.143842885159,60.));
#7430=CARTESIAN_POINT('Ctrl Pts',(-277.203787286405,0.427308030349969,60.4900114121089));
#7431=CARTESIAN_POINT('Ctrl Pts',(-276.793980405442,1.99845894585894,60.9800228242178));
#7432=CARTESIAN_POINT('Ctrl Pts',(-276.384173524478,3.5696098613679,61.4700342363267));
#7433=CARTESIAN_POINT('',(-275.801692388353,1.99446305442111,60.));
#7434=CARTESIAN_POINT('',(-275.801692388353,1.99446305442111,60.));
#7435=CARTESIAN_POINT('',(-280.23169707,-5.67853013195934,60.));
#7436=CARTESIAN_POINT('Origin',(-127.731696942594,-10.0097858913116,60.));
#7437=CARTESIAN_POINT('',(-124.660260281744,-22.0144105828216,66.1889088076595));
#7438=CARTESIAN_POINT('Ctrl Pts',(-124.660260281735,-22.0144105827108,66.1889088077028));
#7439=CARTESIAN_POINT('Ctrl Pts',(-124.708690036883,-21.8251407644437,66.424879484812));
#7440=CARTESIAN_POINT('Ctrl Pts',(-124.758862977033,-21.6290465329556,66.6590355304423));
#7441=CARTESIAN_POINT('Ctrl Pts',(-124.809926846745,-21.429460532463,66.8894251642926));
#7442=CARTESIAN_POINT('Ctrl Pts',(-124.85581579849,-21.2501009892598,67.0964666370621));
#7443=CARTESIAN_POINT('Ctrl Pts',(-124.902423868911,-21.0679253757557,67.300465248303));
#7444=CARTESIAN_POINT('Ctrl Pts',(-124.949131048555,-20.8853672318322,67.5000000000003));
#7445=CARTESIAN_POINT('',(-124.660260281744,-22.0144105828216,60.));
#7446=CARTESIAN_POINT('Origin',(-117.731697197405,-10.0075284104516,60.));
#7447=CARTESIAN_POINT('',(-117.731697197405,-10.0075284104516,60.));
#7448=CARTESIAN_POINT('',(-117.731697197405,-10.0075284104516,60.));
#7449=CARTESIAN_POINT('',(-117.731697197405,-10.0075284104516,60.));
#7450=CARTESIAN_POINT('Origin',(-124.663142490952,1.99183041203753,60.));
#7451=CARTESIAN_POINT('',(-127.730465258255,-10.0049685712551,64.4827164608732));
#7452=CARTESIAN_POINT('',(-127.731696942594,-10.0097858913116,64.485065202721));
#7453=CARTESIAN_POINT('Ctrl Pts',(-127.730465258255,-10.0049685712551,64.4827164608732));
#7454=CARTESIAN_POINT('Ctrl Pts',(-127.730875819736,-10.0065743440868,64.4834993758716));
#7455=CARTESIAN_POINT('Ctrl Pts',(-127.731286381113,-10.0081801184796,64.4842822877233));
#7456=CARTESIAN_POINT('Ctrl Pts',(-127.731696942594,-10.0097858913116,64.485065202721));
#7457=CARTESIAN_POINT('',(-127.731696942594,-10.0097858913116,60.));
#7458=CARTESIAN_POINT('Ctrl Pts',(-127.731696942594,-10.0097858913116,60.));
#7459=CARTESIAN_POINT('Ctrl Pts',(-127.646208082055,-9.67542503229153,60.));
#7460=CARTESIAN_POINT('Ctrl Pts',(-127.569421908045,-9.37510179788462,60.0399781664307));
#7461=CARTESIAN_POINT('Ctrl Pts',(-127.478176796379,-9.0182273030601,60.1827439655733));
#7462=CARTESIAN_POINT('Ctrl Pts',(-127.450564911248,-8.91023272255713,60.243584201063));
#7463=CARTESIAN_POINT('Ctrl Pts',(-127.405655428101,-8.73458441857516,60.3977437581514));
#7464=CARTESIAN_POINT('Ctrl Pts',(-127.388555188971,-8.66770259784408,60.483167217988));
#7465=CARTESIAN_POINT('Ctrl Pts',(-127.360157554014,-8.5566348217783,60.7025583664763));
#7466=CARTESIAN_POINT('Ctrl Pts',(-127.352011784329,-8.52477538966174,60.8341119997066));
#7467=CARTESIAN_POINT('Ctrl Pts',(-127.343779767568,-8.49257863117897,61.1974588210562));
#7468=CARTESIAN_POINT('Ctrl Pts',(-127.353089173407,-8.52898923384104,61.440763162409));
#7469=CARTESIAN_POINT('Ctrl Pts',(-127.411577706477,-8.75774741399494,62.3654974520078));
#7470=CARTESIAN_POINT('Ctrl Pts',(-127.5319841025,-9.22867644207946,63.30023144615));
#7471=CARTESIAN_POINT('Ctrl Pts',(-127.730465258195,-10.0049685729952,64.4827164597408));
#7472=CARTESIAN_POINT('',(-127.731696942594,-10.0097858913116,60.));
#7473=CARTESIAN_POINT('Origin',(-124.660260281744,-22.0144105828216,60.));
#7474=CARTESIAN_POINT('',(-120.459269525811,-14.734286204981,60.));
#7475=CARTESIAN_POINT('Ctrl Pts',(-120.459269525811,-14.734286204981,60.));
#7476=CARTESIAN_POINT('Ctrl Pts',(-120.46238347379,-14.7396825340629,60.0045874750006));
#7477=CARTESIAN_POINT('Ctrl Pts',(-120.465497421768,-14.7450788631449,60.0091749500012));
#7478=CARTESIAN_POINT('Ctrl Pts',(-121.865827673746,-17.1717869890918,62.0721445525544));
#7479=CARTESIAN_POINT('Ctrl Pts',(-123.263043977745,-19.5930987859567,64.1305266801069));
#7480=CARTESIAN_POINT('Ctrl Pts',(-124.660260281744,-22.0144105828216,66.1889088076595));
#7481=CARTESIAN_POINT('',(-117.731697197405,-10.0075284104516,60.));
#7482=CARTESIAN_POINT('Origin',(-127.731696942594,-10.0097858913116,60.));
#7483=CARTESIAN_POINT('Ctrl Pts',(-127.731696942594,-10.0097858913116,64.485065202721));
#7484=CARTESIAN_POINT('Ctrl Pts',(-127.631163848425,-10.4027166914049,63.8864359666709));
#7485=CARTESIAN_POINT('Ctrl Pts',(-127.540280811522,-10.7579305112916,63.2899385753451));
#7486=CARTESIAN_POINT('Ctrl Pts',(-127.420697520617,-11.2253184750379,62.3198067977475));
#7487=CARTESIAN_POINT('Ctrl Pts',(-127.377085431786,-11.3957751102335,61.8859570290444));
#7488=CARTESIAN_POINT('Ctrl Pts',(-127.34933485018,-11.5042374859686,61.3078907789312));
#7489=CARTESIAN_POINT('Ctrl Pts',(-127.34487792611,-11.5216572496325,61.1129854013693));
#7490=CARTESIAN_POINT('Ctrl Pts',(-127.354215760106,-11.4851605853899,60.8070588816356));
#7491=CARTESIAN_POINT('Ctrl Pts',(-127.362194407519,-11.4539762640709,60.6900163022572));
#7492=CARTESIAN_POINT('Ctrl Pts',(-127.389341457923,-11.3478727732393,60.479919575058));
#7493=CARTESIAN_POINT('Ctrl Pts',(-127.407075299773,-11.2785605460138,60.392372668322));
#7494=CARTESIAN_POINT('Ctrl Pts',(-127.457200725651,-11.0826467142748,60.2239375676151));
#7495=CARTESIAN_POINT('Ctrl Pts',(-127.490564962485,-10.952243523346,60.1578366609154));
#7496=CARTESIAN_POINT('Ctrl Pts',(-127.586723756998,-10.5764095516978,60.0292463888344));
#7497=CARTESIAN_POINT('Ctrl Pts',(-127.658567064295,-10.2956119849786,60.));
#7498=CARTESIAN_POINT('Ctrl Pts',(-127.731696942594,-10.0097858913116,60.));
#7499=CARTESIAN_POINT('Ctrl Pts',(-124.663142490952,1.99183041203753,60.));
#7500=CARTESIAN_POINT('Ctrl Pts',(-126.758611881915,-2.00837159761463,65.));
#7501=CARTESIAN_POINT('Ctrl Pts',(-128.854081272878,-6.00857360726679,70.));
#7502=CARTESIAN_POINT('Ctrl Pts',(-130.949550663841,-10.008775616919,75.));
#7503=CARTESIAN_POINT('Ctrl Pts',(-125.685993974833,-2.00870835574553,60.));
#7504=CARTESIAN_POINT('Ctrl Pts',(-127.659041537512,-11.518803155544,63.3333333333333));
#7505=CARTESIAN_POINT('Ctrl Pts',(-129.632089100191,-21.0288979553425,66.6666666666666));
#7506=CARTESIAN_POINT('Ctrl Pts',(-131.60513666287,-30.5389927551409,70.));
#7507=CARTESIAN_POINT('Ctrl Pts',(-126.708845458714,-6.00924712352858,60.));
#7508=CARTESIAN_POINT('Ctrl Pts',(-128.559471193109,-21.0292347134734,61.6666666666667));
#7509=CARTESIAN_POINT('Ctrl Pts',(-130.410096927504,-36.0492223034181,63.3333333333333));
#7510=CARTESIAN_POINT('Ctrl Pts',(-132.260722661898,-51.0692098933629,65.));
#7511=CARTESIAN_POINT('Ctrl Pts',(-127.731696942594,-10.0097858913116,60.));
#7512=CARTESIAN_POINT('Ctrl Pts',(-129.459900848705,-30.5396662714027,60.));
#7513=CARTESIAN_POINT('Ctrl Pts',(-131.188104754816,-51.0695466514938,60.));
#7514=CARTESIAN_POINT('Ctrl Pts',(-132.916308660927,-71.5994270315848,60.));
#7515=CARTESIAN_POINT('',(-132.916308660927,-71.5994270315848,60.));
#7516=CARTESIAN_POINT('',(-127.731696942594,-10.0097858913116,60.));
#7517=CARTESIAN_POINT('',(-130.949550663841,-10.008775616919,75.));
#7518=CARTESIAN_POINT('',(-130.949550663841,-10.008775616919,75.));
#7519=CARTESIAN_POINT('Ctrl Pts',(-127.730465258728,-10.004968571134,64.4827164608732));
#7520=CARTESIAN_POINT('Ctrl Pts',(-127.92705368833,-10.0049580932965,65.255709528109));
#7521=CARTESIAN_POINT('Ctrl Pts',(-128.153991274911,-10.0050691206909,66.0684838496283));
#7522=CARTESIAN_POINT('Ctrl Pts',(-129.124112274969,-10.0058186945129,69.4047837712519));
#7523=CARTESIAN_POINT('Ctrl Pts',(-130.164305537091,-10.0073982726608,72.6163894814254));
#7524=CARTESIAN_POINT('Ctrl Pts',(-130.949550663841,-10.008775616919,75.));
#7525=CARTESIAN_POINT('Ctrl Pts',(-124.660260281744,-22.0144105828216,60.));
#7526=CARTESIAN_POINT('Ctrl Pts',(-127.412276408138,-38.542749399076,62.5));
#7527=CARTESIAN_POINT('Ctrl Pts',(-130.164292534533,-55.0710882153304,65.));
#7528=CARTESIAN_POINT('Ctrl Pts',(-132.916308660927,-71.5994270315848,67.5));
#7529=CARTESIAN_POINT('Ctrl Pts',(-122.350739253631,-18.0121165253649,60.));
#7530=CARTESIAN_POINT('Ctrl Pts',(-125.654067056387,-29.0311476480309,64.1666666666667));
#7531=CARTESIAN_POINT('Ctrl Pts',(-128.957394859143,-40.0501787706969,68.3333333333333));
#7532=CARTESIAN_POINT('Ctrl Pts',(-132.260722661898,-51.0692098933629,72.5));
#7533=CARTESIAN_POINT('Ctrl Pts',(-120.041218225518,-14.0098224679083,60.));
#7534=CARTESIAN_POINT('Ctrl Pts',(-123.895857704635,-19.5195458969858,65.8333333333333));
#7535=CARTESIAN_POINT('Ctrl Pts',(-127.750497183753,-25.0292693260634,71.6666666666666));
#7536=CARTESIAN_POINT('Ctrl Pts',(-131.60513666287,-30.5389927551409,77.5));
#7537=CARTESIAN_POINT('Ctrl Pts',(-117.731697197405,-10.0075284104516,60.));
#7538=CARTESIAN_POINT('Ctrl Pts',(-122.137648352884,-10.0079441459407,67.5));
#7539=CARTESIAN_POINT('Ctrl Pts',(-126.543599508362,-10.0083598814298,75.));
#7540=CARTESIAN_POINT('Ctrl Pts',(-130.949550663841,-10.0087756169189,82.5));
#7541=CARTESIAN_POINT('',(-132.916308660927,-71.5994270315848,67.5));
#7542=CARTESIAN_POINT('',(-130.949550663841,-10.008775616919,82.5));
#7543=CARTESIAN_POINT('',(-124.660260281744,-22.0144105828216,60.));
#7544=CARTESIAN_POINT('',(-124.660260281744,-22.0144105828216,60.));
#7545=CARTESIAN_POINT('',(-117.731697197405,-10.0075284104516,60.));
#7546=CARTESIAN_POINT('Ctrl Pts',(-127.731696942594,-10.0097858913116,60.));
#7547=CARTESIAN_POINT('Ctrl Pts',(-129.459900848705,-30.5396662714027,60.));
#7548=CARTESIAN_POINT('Ctrl Pts',(-131.188104754816,-51.0695466514938,60.));
#7549=CARTESIAN_POINT('Ctrl Pts',(-132.916308660927,-71.5994270315848,60.));
#7550=CARTESIAN_POINT('Ctrl Pts',(-126.707884722311,-14.0113274551483,60.));
#7551=CARTESIAN_POINT('Ctrl Pts',(-128.777359368516,-33.2073606472938,60.8333333333333));
#7552=CARTESIAN_POINT('Ctrl Pts',(-130.846834014722,-52.4033938394393,61.6666666666666));
#7553=CARTESIAN_POINT('Ctrl Pts',(-132.916308660927,-71.5994270315848,62.5));
#7554=CARTESIAN_POINT('Ctrl Pts',(-125.684072502027,-18.0128690189849,60.));
#7555=CARTESIAN_POINT('Ctrl Pts',(-128.094817888327,-35.8750550231849,61.6666666666667));
#7556=CARTESIAN_POINT('Ctrl Pts',(-130.505563274627,-53.7372410273849,63.3333333333333));
#7557=CARTESIAN_POINT('Ctrl Pts',(-132.916308660927,-71.5994270315848,65.));
#7558=CARTESIAN_POINT('Ctrl Pts',(-124.660260281744,-22.0144105828216,60.));
#7559=CARTESIAN_POINT('Ctrl Pts',(-127.412276408138,-38.542749399076,62.5));
#7560=CARTESIAN_POINT('Ctrl Pts',(-130.164292534533,-55.0710882153304,65.));
#7561=CARTESIAN_POINT('Ctrl Pts',(-132.916308660927,-71.5994270315848,67.5));
#7562=CARTESIAN_POINT('',(-127.731696942594,-10.0097858913116,60.));
#7563=CARTESIAN_POINT('',(-132.916308660927,-71.5994270315848,60.));
#7564=CARTESIAN_POINT('Origin',(-123.556648216063,-10.0109369142713,60.));
#7565=CARTESIAN_POINT('',(-127.731696942594,-10.0097858913116,60.));
#7566=CARTESIAN_POINT('Ctrl Pts',(-124.663142490952,1.99183041203753,60.));
#7567=CARTESIAN_POINT('Ctrl Pts',(-127.414197880944,18.5219245179655,62.5));
#7568=CARTESIAN_POINT('Ctrl Pts',(-130.165253270936,35.0520186238935,65.));
#7569=CARTESIAN_POINT('Ctrl Pts',(-132.916308660927,51.5821127298215,67.5));
#7570=CARTESIAN_POINT('Ctrl Pts',(-125.685993974833,-2.00870835574553,60.));
#7571=CARTESIAN_POINT('Ctrl Pts',(-128.096098870198,15.8548986727768,61.6666666666667));
#7572=CARTESIAN_POINT('Ctrl Pts',(-130.506203765562,33.7185057012992,63.3333333333333));
#7573=CARTESIAN_POINT('Ctrl Pts',(-132.916308660927,51.5821127298215,65.));
#7574=CARTESIAN_POINT('Ctrl Pts',(-126.708845458714,-6.00924712352858,60.));
#7575=CARTESIAN_POINT('Ctrl Pts',(-128.777999859451,13.1878728275881,60.8333333333333));
#7576=CARTESIAN_POINT('Ctrl Pts',(-130.847154260189,32.3849927787048,61.6666666666667));
#7577=CARTESIAN_POINT('Ctrl Pts',(-132.916308660927,51.5821127298215,62.5));
#7578=CARTESIAN_POINT('Ctrl Pts',(-127.731696942594,-10.0097858913116,60.));
#7579=CARTESIAN_POINT('Ctrl Pts',(-129.459900848705,10.5208469823994,60.));
#7580=CARTESIAN_POINT('Ctrl Pts',(-131.188104754816,31.0514798561105,60.));
#7581=CARTESIAN_POINT('Ctrl Pts',(-132.916308660927,51.5821127298215,60.));
#7582=CARTESIAN_POINT('',(-127.731696942594,-10.0097858913116,60.));
#7583=CARTESIAN_POINT('Ctrl Pts',(-127.731696942594,-10.0097858913116,60.));
#7584=CARTESIAN_POINT('Ctrl Pts',(-129.459900848705,10.5208469823994,60.));
#7585=CARTESIAN_POINT('Ctrl Pts',(-131.188104754816,31.0514798561105,60.));
#7586=CARTESIAN_POINT('Ctrl Pts',(-132.916308660927,51.5821127298215,60.));
#7587=CARTESIAN_POINT('Ctrl Pts',(-126.707884722311,-14.0113274551483,60.));
#7588=CARTESIAN_POINT('Ctrl Pts',(-128.558830702173,1.00972056798158,61.6666666666667));
#7589=CARTESIAN_POINT('Ctrl Pts',(-130.409776682036,16.0307685911115,63.3333333333334));
#7590=CARTESIAN_POINT('Ctrl Pts',(-132.260722661898,31.0518166142414,65.));
#7591=CARTESIAN_POINT('Ctrl Pts',(-125.684072502027,-18.0128690189849,60.));
#7592=CARTESIAN_POINT('Ctrl Pts',(-127.657760555642,-8.50140584643618,63.3333333333334));
#7593=CARTESIAN_POINT('Ctrl Pts',(-129.631448609256,1.01005732611247,66.6666666666667));
#7594=CARTESIAN_POINT('Ctrl Pts',(-131.60513666287,10.5215204986612,70.));
#7595=CARTESIAN_POINT('Ctrl Pts',(-124.660260281744,-22.0144105828216,60.));
#7596=CARTESIAN_POINT('Ctrl Pts',(-126.75669040911,-18.012532260854,65.));
#7597=CARTESIAN_POINT('Ctrl Pts',(-128.853120536475,-14.0106539388865,70.));
#7598=CARTESIAN_POINT('Ctrl Pts',(-130.949550663841,-10.008775616919,75.));
#7599=CARTESIAN_POINT('',(-130.949550663841,-10.008775616919,75.));
#7600=CARTESIAN_POINT('Ctrl Pts',(-282.73169707,-10.0086571508815,60.));
#7601=CARTESIAN_POINT('Ctrl Pts',(-278.325669803117,-10.0086966395606,67.5));
#7602=CARTESIAN_POINT('Ctrl Pts',(-273.919642536234,-10.0087361282397,75.));
#7603=CARTESIAN_POINT('Ctrl Pts',(-269.513615269351,-10.0087756169187,82.5));
#7604=CARTESIAN_POINT('Ctrl Pts',(-280.421695509451,-14.0096972193157,60.));
#7605=CARTESIAN_POINT('Ctrl Pts',(-276.56716545272,-19.5194623979241,65.8333333333333));
#7606=CARTESIAN_POINT('Ctrl Pts',(-272.712635395989,-25.0292275765324,71.6666666666667));
#7607=CARTESIAN_POINT('Ctrl Pts',(-268.858105339258,-30.5389927551408,77.5));
#7608=CARTESIAN_POINT('Ctrl Pts',(-278.111693948902,-18.01073728775,60.));
#7609=CARTESIAN_POINT('Ctrl Pts',(-274.808661102323,-29.0302281562876,64.1666666666667));
#7610=CARTESIAN_POINT('Ctrl Pts',(-271.505628255744,-40.0497190248252,68.3333333333334));
#7611=CARTESIAN_POINT('Ctrl Pts',(-268.202595409165,-51.0692098933628,72.5));
#7612=CARTESIAN_POINT('Ctrl Pts',(-275.801692388353,-22.0117773561842,60.));
#7613=CARTESIAN_POINT('Ctrl Pts',(-273.050156751926,-38.5409939146511,62.5));
#7614=CARTESIAN_POINT('Ctrl Pts',(-270.298621115499,-55.070210473118,65.));
#7615=CARTESIAN_POINT('Ctrl Pts',(-267.547085479073,-71.5994270315848,67.5));
#7616=CARTESIAN_POINT('',(-275.801692388353,-22.0117773561842,60.));
#7617=CARTESIAN_POINT('',(-282.73169707,-10.0086571508815,60.));
#7618=CARTESIAN_POINT('',(-267.547085479073,-71.5994270315849,67.5));
#7619=CARTESIAN_POINT('',(-275.801692388353,-22.0117773561842,60.));
#7620=CARTESIAN_POINT('',(-269.513615269351,-10.0087756169187,82.5));
#7621=CARTESIAN_POINT('Ctrl Pts',(-275.801692388353,-22.0117773561842,60.));
#7622=CARTESIAN_POINT('Ctrl Pts',(-273.050156751926,-38.5409939146511,62.5));
#7623=CARTESIAN_POINT('Ctrl Pts',(-270.298621115499,-55.070210473118,65.));
#7624=CARTESIAN_POINT('Ctrl Pts',(-267.547085479073,-71.5994270315849,67.5));
#7625=CARTESIAN_POINT('Ctrl Pts',(-274.778360615568,-18.01073728775,60.));
#7626=CARTESIAN_POINT('Ctrl Pts',(-272.36793557007,-35.8736338690282,61.6666666666667));
#7627=CARTESIAN_POINT('Ctrl Pts',(-269.957510524571,-53.7365304503066,63.3333333333333));
#7628=CARTESIAN_POINT('Ctrl Pts',(-267.547085479073,-71.5994270315849,65.));
#7629=CARTESIAN_POINT('Ctrl Pts',(-273.755028842784,-14.0096972193157,60.));
#7630=CARTESIAN_POINT('Ctrl Pts',(-271.685714388214,-33.2062738234055,60.8333333333333));
#7631=CARTESIAN_POINT('Ctrl Pts',(-269.616399933643,-52.4028504274951,61.6666666666667));
#7632=CARTESIAN_POINT('Ctrl Pts',(-267.547085479073,-71.5994270315849,62.5));
#7633=CARTESIAN_POINT('Ctrl Pts',(-272.73169707,-10.0086571508815,60.));
#7634=CARTESIAN_POINT('Ctrl Pts',(-271.003493206357,-30.5389137777826,60.));
#7635=CARTESIAN_POINT('Ctrl Pts',(-269.275289342715,-51.0691704046838,60.));
#7636=CARTESIAN_POINT('Ctrl Pts',(-267.547085479073,-71.5994270315849,60.));
#7637=CARTESIAN_POINT('',(-272.73169707,-10.0086571508815,60.));
#7638=CARTESIAN_POINT('',(-267.547085479073,-71.5994270315849,60.));
#7639=CARTESIAN_POINT('',(-272.73169707,-10.0086571508815,60.));
#7640=CARTESIAN_POINT('',(-267.547085479073,-71.5994270315849,60.));
#7641=CARTESIAN_POINT('Ctrl Pts',(-272.73169707,-10.0086571508815,60.));
#7642=CARTESIAN_POINT('Ctrl Pts',(-271.003493206357,-30.5389137777826,60.));
#7643=CARTESIAN_POINT('Ctrl Pts',(-269.275289342715,-51.0691704046837,60.));
#7644=CARTESIAN_POINT('Ctrl Pts',(-267.547085479073,-71.5994270315848,60.));
#7645=CARTESIAN_POINT('Ctrl Pts',(-273.755028842784,-6.00761708244732,60.));
#7646=CARTESIAN_POINT('Ctrl Pts',(-271.904217698245,-21.0281480194191,61.6666666666667));
#7647=CARTESIAN_POINT('Ctrl Pts',(-270.053406553705,-36.048678956391,63.3333333333333));
#7648=CARTESIAN_POINT('Ctrl Pts',(-268.202595409165,-51.0692098933628,65.));
#7649=CARTESIAN_POINT('Ctrl Pts',(-274.778360615568,-2.00657701401311,60.));
#7650=CARTESIAN_POINT('Ctrl Pts',(-272.804942190132,-11.5173822610557,63.3333333333333));
#7651=CARTESIAN_POINT('Ctrl Pts',(-270.831523764695,-21.0281875080982,66.6666666666667));
#7652=CARTESIAN_POINT('Ctrl Pts',(-268.858105339258,-30.5389927551408,70.));
#7653=CARTESIAN_POINT('Ctrl Pts',(-275.801692388353,1.99446305442111,60.));
#7654=CARTESIAN_POINT('Ctrl Pts',(-273.705666682019,-2.00661650269217,65.));
#7655=CARTESIAN_POINT('Ctrl Pts',(-271.609640975685,-6.00769605980545,70.));
#7656=CARTESIAN_POINT('Ctrl Pts',(-269.513615269351,-10.0087756169187,75.));
#7657=CARTESIAN_POINT('',(-269.513615269351,-10.0087756169187,75.));
#7658=CARTESIAN_POINT('Origin',(-276.906745631702,-10.0086571508815,60.));
#7659=CARTESIAN_POINT('',(-272.73169707,-10.0086571508815,60.));
#7660=CARTESIAN_POINT('Ctrl Pts',(-272.73169707,-10.0086571508815,60.));
#7661=CARTESIAN_POINT('Ctrl Pts',(-271.003493206357,10.5215994760195,60.));
#7662=CARTESIAN_POINT('Ctrl Pts',(-269.275289342715,31.0518561029205,60.));
#7663=CARTESIAN_POINT('Ctrl Pts',(-267.547085479073,51.5821127298215,60.));
#7664=CARTESIAN_POINT('Ctrl Pts',(-273.755028842784,-6.00761708244732,60.));
#7665=CARTESIAN_POINT('Ctrl Pts',(-271.685714388214,13.1889595216423,60.8333333333333));
#7666=CARTESIAN_POINT('Ctrl Pts',(-269.616399933643,32.3855361257319,61.6666666666667));
#7667=CARTESIAN_POINT('Ctrl Pts',(-267.547085479073,51.5821127298215,62.5));
#7668=CARTESIAN_POINT('Ctrl Pts',(-274.778360615568,-2.00657701401311,60.));
#7669=CARTESIAN_POINT('Ctrl Pts',(-272.36793557007,15.8563195672651,61.6666666666667));
#7670=CARTESIAN_POINT('Ctrl Pts',(-269.957510524571,33.7192161485433,63.3333333333333));
#7671=CARTESIAN_POINT('Ctrl Pts',(-267.547085479073,51.5821127298215,65.));
#7672=CARTESIAN_POINT('Ctrl Pts',(-275.801692388353,1.99446305442111,60.));
#7673=CARTESIAN_POINT('Ctrl Pts',(-273.050156751926,18.5236796128879,62.5));
#7674=CARTESIAN_POINT('Ctrl Pts',(-270.298621115499,35.0528961713547,65.));
#7675=CARTESIAN_POINT('Ctrl Pts',(-267.547085479073,51.5821127298215,67.5));
#7676=CARTESIAN_POINT('',(-267.547085479073,51.5821127298215,60.));
#7677=CARTESIAN_POINT('Ctrl Pts',(-130.949550663841,-10.008775616919,82.5));
#7678=CARTESIAN_POINT('Ctrl Pts',(-131.60513666287,10.5215204986612,77.5));
#7679=CARTESIAN_POINT('Ctrl Pts',(-132.260722661898,31.0518166142414,72.5));
#7680=CARTESIAN_POINT('Ctrl Pts',(-132.916308660927,51.5821127298215,67.5));
#7681=CARTESIAN_POINT('Ctrl Pts',(-137.54783945458,1.41979581165248,82.5));
#7682=CARTESIAN_POINT('Ctrl Pts',(-137.543267551957,18.8042172978689,77.5));
#7683=CARTESIAN_POINT('Ctrl Pts',(-137.535064691481,36.1940243482785,72.5));
#7684=CARTESIAN_POINT('Ctrl Pts',(-137.530492788858,53.5784458344949,67.5));
#7685=CARTESIAN_POINT('Ctrl Pts',(-149.094844838372,21.4197958116525,82.5));
#7686=CARTESIAN_POINT('Ctrl Pts',(-147.674695948362,33.8932158123698,77.5));
#7687=CARTESIAN_POINT('Ctrl Pts',(-146.256167253015,46.3646335839893,72.5));
#7688=CARTESIAN_POINT('Ctrl Pts',(-144.836018363005,58.8380535847066,67.5));
#7689=CARTESIAN_POINT('Ctrl Pts',(-160.641850222164,41.4197958116525,82.5));
#7690=CARTESIAN_POINT('Ctrl Pts',(-156.976096703641,49.7286624164692,77.5));
#7691=CARTESIAN_POINT('Ctrl Pts',(-153.309430879315,58.0372265574261,72.5));
#7692=CARTESIAN_POINT('Ctrl Pts',(-149.643677360792,66.3460931622428,67.5));
#7693=CARTESIAN_POINT('Ctrl Pts',(-165.590566815218,49.9912243830811,82.5));
#7694=CARTESIAN_POINT('Ctrl Pts',(-160.774020273245,56.5963933414511,77.5));
#7695=CARTESIAN_POINT('Ctrl Pts',(-155.957473731271,63.2015622998211,72.5));
#7696=CARTESIAN_POINT('Ctrl Pts',(-151.140927189297,69.8067312581911,67.5));
#7697=CARTESIAN_POINT('',(-165.590566815218,49.9912243830811,82.5));
#7698=CARTESIAN_POINT('',(-130.949550663841,-10.008775616919,82.5));
#7699=CARTESIAN_POINT('',(-151.140927189297,69.8067312581911,67.5));
#7700=CARTESIAN_POINT('Origin',(-119.018493634403,83.7045462847148,67.5));
#7701=CARTESIAN_POINT('',(-165.590566815218,49.9912243830811,82.5));
#7702=CARTESIAN_POINT('Origin',(-165.590566815218,49.9912243830811,82.5));
#7703=CARTESIAN_POINT('',(-165.590566815218,49.9912243830811,75.));
#7704=CARTESIAN_POINT('',(-165.590566815218,49.9912243830811,75.));
#7705=CARTESIAN_POINT('',(-151.140927189297,69.8067312581911,60.));
#7706=CARTESIAN_POINT('',(-151.140927189297,69.8067312581911,60.));
#7707=CARTESIAN_POINT('',(-165.590566815218,49.9912243830811,75.));
#7708=CARTESIAN_POINT('Ctrl Pts',(-165.590566815218,49.9912243830811,75.));
#7709=CARTESIAN_POINT('Ctrl Pts',(-160.774020273245,56.5963933414511,70.));
#7710=CARTESIAN_POINT('Ctrl Pts',(-155.957473731271,63.2015622998211,65.));
#7711=CARTESIAN_POINT('Ctrl Pts',(-151.140927189297,69.8067312581911,60.));
#7712=CARTESIAN_POINT('Ctrl Pts',(-158.99227802448,38.5626529545096,75.));
#7713=CARTESIAN_POINT('Ctrl Pts',(-155.711511899259,47.4380740271421,70.));
#7714=CARTESIAN_POINT('Ctrl Pts',(-152.425360209844,56.3171260576276,65.));
#7715=CARTESIAN_POINT('Ctrl Pts',(-149.144594084623,65.1925471302601,60.));
#7716=CARTESIAN_POINT('Ctrl Pts',(-147.445272640687,18.5626529545096,75.));
#7717=CARTESIAN_POINT('Ctrl Pts',(-146.257843128896,31.6713158865984,70.));
#7718=CARTESIAN_POINT('Ctrl Pts',(-145.072428966085,44.7783465525447,65.));
#7719=CARTESIAN_POINT('Ctrl Pts',(-143.884999454293,57.8870094846335,60.));
#7720=CARTESIAN_POINT('Ctrl Pts',(-135.898267256895,-1.43734704549038,75.));
#7721=CARTESIAN_POINT('Ctrl Pts',(-136.057726268935,16.7345853871807,70.));
#7722=CARTESIAN_POINT('Ctrl Pts',(-136.217487744835,34.9074301256555,65.));
#7723=CARTESIAN_POINT('Ctrl Pts',(-136.376946756875,53.0793625583266,60.));
#7724=CARTESIAN_POINT('Ctrl Pts',(-130.949550663841,-10.008775616919,75.));
#7725=CARTESIAN_POINT('Ctrl Pts',(-131.60513666287,10.5215204986612,70.));
#7726=CARTESIAN_POINT('Ctrl Pts',(-132.260722661898,31.0518166142414,65.));
#7727=CARTESIAN_POINT('Ctrl Pts',(-132.916308660927,51.5821127298215,60.));
#7728=CARTESIAN_POINT('',(-130.949550663841,-10.008775616919,75.));
#7729=CARTESIAN_POINT('Origin',(-119.018493634403,83.7045462847148,60.));
#7730=CARTESIAN_POINT('Origin',(-140.632091526201,80.3155669212863,60.));
#7731=CARTESIAN_POINT('',(-140.632091526201,80.3155669212863,60.));
#7732=CARTESIAN_POINT('',(-140.632091526201,80.3155669212863,67.5));
#7733=CARTESIAN_POINT('Origin',(-136.774200093564,65.9488398255539,67.5));
#7734=CARTESIAN_POINT('Origin',(-136.774200093564,65.9488398255539,60.));
#7735=CARTESIAN_POINT('Origin',(-165.590566815219,-70.0087756169189,75.));
#7736=CARTESIAN_POINT('',(-151.140927189297,-89.8240455599544,60.));
#7737=CARTESIAN_POINT('',(-165.590566815219,-70.0087756169189,75.));
#7738=CARTESIAN_POINT('',(-151.140927189297,-89.8240455599544,67.5));
#7739=CARTESIAN_POINT('',(-151.140927189297,-89.8240455599544,60.));
#7740=CARTESIAN_POINT('',(-165.590566815219,-70.0087756169189,82.5));
#7741=CARTESIAN_POINT('Ctrl Pts',(-165.590566815219,-70.0087756169189,82.5));
#7742=CARTESIAN_POINT('Ctrl Pts',(-160.774020273245,-76.6138655979307,77.5));
#7743=CARTESIAN_POINT('Ctrl Pts',(-155.957473731271,-83.2189555789426,72.5));
#7744=CARTESIAN_POINT('Ctrl Pts',(-151.140927189297,-89.8240455599544,67.5));
#7745=CARTESIAN_POINT('Ctrl Pts',(-158.99227802448,-58.5802041883475,82.5));
#7746=CARTESIAN_POINT('Ctrl Pts',(-155.711511899259,-67.4555462836218,77.5));
#7747=CARTESIAN_POINT('Ctrl Pts',(-152.425360209844,-76.3345193367491,72.5));
#7748=CARTESIAN_POINT('Ctrl Pts',(-149.144594084623,-85.2098614320234,67.5));
#7749=CARTESIAN_POINT('Ctrl Pts',(-147.445272640688,-38.5802041883475,82.5));
#7750=CARTESIAN_POINT('Ctrl Pts',(-146.257843128896,-51.6887881430781,77.5));
#7751=CARTESIAN_POINT('Ctrl Pts',(-145.072383088751,-64.7957820429679,72.5));
#7752=CARTESIAN_POINT('Ctrl Pts',(-143.884953576959,-77.9043659976985,67.5));
#7753=CARTESIAN_POINT('Ctrl Pts',(-135.898267256895,-18.5802041883475,82.5));
#7754=CARTESIAN_POINT('Ctrl Pts',(-136.057726268935,-36.7520576436604,77.5));
#7755=CARTESIAN_POINT('Ctrl Pts',(-136.217487744835,-54.924823404777,72.5));
#7756=CARTESIAN_POINT('Ctrl Pts',(-136.376946756875,-73.0966768600899,67.5));
#7757=CARTESIAN_POINT('Ctrl Pts',(-130.949550663841,-10.0087756169189,82.5));
#7758=CARTESIAN_POINT('Ctrl Pts',(-131.60513666287,-30.5389927551409,77.5));
#7759=CARTESIAN_POINT('Ctrl Pts',(-132.260722661898,-51.0692098933629,72.5));
#7760=CARTESIAN_POINT('Ctrl Pts',(-132.916308660927,-71.5994270315848,67.5));
#7761=CARTESIAN_POINT('',(-165.590566815219,-70.0087756169189,82.5));
#7762=CARTESIAN_POINT('Origin',(-119.018493634403,-103.721860586478,67.5));
#7763=CARTESIAN_POINT('Ctrl Pts',(-130.949550663841,-10.008775616919,75.));
#7764=CARTESIAN_POINT('Ctrl Pts',(-131.60513666287,-30.5389927551409,70.));
#7765=CARTESIAN_POINT('Ctrl Pts',(-132.260722661898,-51.0692098933629,65.));
#7766=CARTESIAN_POINT('Ctrl Pts',(-132.916308660927,-71.5994270315848,60.));
#7767=CARTESIAN_POINT('Ctrl Pts',(-137.54783945458,-21.4373470454904,75.));
#7768=CARTESIAN_POINT('Ctrl Pts',(-137.543267551957,-38.8216895543487,70.));
#7769=CARTESIAN_POINT('Ctrl Pts',(-137.535064691481,-56.2114176274,65.));
#7770=CARTESIAN_POINT('Ctrl Pts',(-137.530492788858,-73.5957601362582,60.));
#7771=CARTESIAN_POINT('Ctrl Pts',(-149.094844838372,-41.4373470454904,75.));
#7772=CARTESIAN_POINT('Ctrl Pts',(-147.674695948362,-53.9106880688494,70.));
#7773=CARTESIAN_POINT('Ctrl Pts',(-146.256148068306,-66.3820477140039,65.));
#7774=CARTESIAN_POINT('Ctrl Pts',(-144.835999178296,-78.8553887373629,60.));
#7775=CARTESIAN_POINT('Ctrl Pts',(-160.641850222165,-61.4373470454903,75.));
#7776=CARTESIAN_POINT('Ctrl Pts',(-156.976096703642,-69.7461346729489,70.));
#7777=CARTESIAN_POINT('Ctrl Pts',(-153.309430879315,-78.0546198365476,65.));
#7778=CARTESIAN_POINT('Ctrl Pts',(-149.643677360792,-86.3634074640062,60.));
#7779=CARTESIAN_POINT('Ctrl Pts',(-165.590566815219,-70.0087756169189,75.));
#7780=CARTESIAN_POINT('Ctrl Pts',(-160.774020273245,-76.6138655979307,70.));
#7781=CARTESIAN_POINT('Ctrl Pts',(-155.957473731271,-83.2189555789426,65.));
#7782=CARTESIAN_POINT('Ctrl Pts',(-151.140927189297,-89.8240455599544,60.));
#7783=CARTESIAN_POINT('',(-165.590566815219,-70.0087756169189,75.));
#7784=CARTESIAN_POINT('Origin',(-119.018493634403,-103.721860586478,60.));
#7785=CARTESIAN_POINT('Origin',(-151.140927189297,-89.8240455599544,60.));
#7786=CARTESIAN_POINT('',(-140.632091526201,-100.33288122305,60.));
#7787=CARTESIAN_POINT('',(-140.632091526201,-100.33288122305,60.));
#7788=CARTESIAN_POINT('',(-140.632091526201,-100.33288122305,67.5));
#7789=CARTESIAN_POINT('',(-140.632091526201,-100.33288122305,60.));
#7790=CARTESIAN_POINT('',(-140.632091526201,-100.33288122305,67.5));
#7791=CARTESIAN_POINT('Origin',(-122.407472997832,-82.10826269468,60.));
#7792=CARTESIAN_POINT('',(-122.407472997832,-82.10826269468,60.));
#7793=CARTESIAN_POINT('',(-122.407472997832,-82.10826269468,60.));
#7794=CARTESIAN_POINT('',(-122.407472997832,-82.10826269468,67.5));
#7795=CARTESIAN_POINT('',(-122.407472997832,-82.10826269468,67.5));
#7796=CARTESIAN_POINT('',(-122.407472997832,-82.10826269468,60.));
#7797=CARTESIAN_POINT('Origin',(-140.632091526201,-100.33288122305,60.));
#7798=CARTESIAN_POINT('',(-122.407472997832,-82.10826269468,60.));
#7799=CARTESIAN_POINT('',(-122.407472997832,-82.10826269468,67.5));
#7800=CARTESIAN_POINT('Origin',(-136.774200093564,-85.9661541273172,67.5));
#7801=CARTESIAN_POINT('Origin',(-136.774200093564,-85.9661541273172,60.));
#7802=CARTESIAN_POINT('Ctrl Pts',(-269.513615269351,-10.0087756169187,82.5));
#7803=CARTESIAN_POINT('Ctrl Pts',(-268.858105339258,-30.5389927551408,77.5));
#7804=CARTESIAN_POINT('Ctrl Pts',(-268.202595409165,-51.0692098933628,72.5));
#7805=CARTESIAN_POINT('Ctrl Pts',(-267.547085479073,-71.5994270315848,67.5));
#7806=CARTESIAN_POINT('Ctrl Pts',(-262.915326478613,-21.4373470454902,82.5));
#7807=CARTESIAN_POINT('Ctrl Pts',(-262.919974450171,-38.8216895543485,77.5));
#7808=CARTESIAN_POINT('Ctrl Pts',(-262.928253379583,-56.2114176273999,72.5));
#7809=CARTESIAN_POINT('Ctrl Pts',(-262.932901351142,-73.5957601362583,67.5));
#7810=CARTESIAN_POINT('Ctrl Pts',(-251.36832109482,-41.4373470454902,82.5));
#7811=CARTESIAN_POINT('Ctrl Pts',(-252.788546053766,-53.9106880688493,77.5));
#7812=CARTESIAN_POINT('Ctrl Pts',(-254.207286174797,-66.3821739755312,72.5));
#7813=CARTESIAN_POINT('Ctrl Pts',(-255.627511133742,-78.8555149988903,67.5));
#7814=CARTESIAN_POINT('Ctrl Pts',(-239.821315711028,-61.4373470454902,82.5));
#7815=CARTESIAN_POINT('Ctrl Pts',(-243.487145298487,-69.7461346729489,77.5));
#7816=CARTESIAN_POINT('Ctrl Pts',(-247.153887191749,-78.0546198365476,72.5));
#7817=CARTESIAN_POINT('Ctrl Pts',(-250.819716779208,-86.3634074640062,67.5));
#7818=CARTESIAN_POINT('Ctrl Pts',(-234.872599117974,-70.0087756169188,82.5));
#7819=CARTESIAN_POINT('Ctrl Pts',(-239.689221728883,-76.6138655979307,77.5));
#7820=CARTESIAN_POINT('Ctrl Pts',(-244.505844339793,-83.2189555789426,72.5));
#7821=CARTESIAN_POINT('Ctrl Pts',(-249.322466950703,-89.8240455599544,67.5));
#7822=CARTESIAN_POINT('',(-269.513615269351,-10.0087756169187,82.5));
#7823=CARTESIAN_POINT('',(-249.322466950703,-89.8240455599545,67.5));
#7824=CARTESIAN_POINT('Origin',(-281.444900505596,-103.721860586478,67.5));
#7825=CARTESIAN_POINT('',(-234.872599117974,-70.0087756169188,82.5));
#7826=CARTESIAN_POINT('Origin',(-234.872599117974,-70.0087756169188,82.5));
#7827=CARTESIAN_POINT('',(-249.322466950703,-89.8240455599545,60.));
#7828=CARTESIAN_POINT('',(-249.322466950703,-89.8240455599545,60.));
#7829=CARTESIAN_POINT('',(-234.872599117974,-70.0087756169188,75.));
#7830=CARTESIAN_POINT('Ctrl Pts',(-234.872599117974,-70.0087756169188,75.));
#7831=CARTESIAN_POINT('Ctrl Pts',(-239.689221728883,-76.6138655979307,70.));
#7832=CARTESIAN_POINT('Ctrl Pts',(-244.505844339793,-83.2189555789426,65.));
#7833=CARTESIAN_POINT('Ctrl Pts',(-249.322466950703,-89.8240455599545,60.));
#7834=CARTESIAN_POINT('Ctrl Pts',(-241.470887908712,-58.5802041883473,75.));
#7835=CARTESIAN_POINT('Ctrl Pts',(-244.751730102869,-67.4555462836217,70.));
#7836=CARTESIAN_POINT('Ctrl Pts',(-248.037957861219,-76.3345193367491,65.));
#7837=CARTESIAN_POINT('Ctrl Pts',(-251.318800055376,-85.2098614320235,60.));
#7838=CARTESIAN_POINT('Ctrl Pts',(-253.017893292505,-38.5802041883473,75.));
#7839=CARTESIAN_POINT('Ctrl Pts',(-254.205398873232,-51.688788143078,70.));
#7840=CARTESIAN_POINT('Ctrl Pts',(-255.391041198218,-64.7958797712188,65.));
#7841=CARTESIAN_POINT('Ctrl Pts',(-256.578546778945,-77.9044637259494,60.));
#7842=CARTESIAN_POINT('Ctrl Pts',(-264.564898676297,-18.5802041883473,75.));
#7843=CARTESIAN_POINT('Ctrl Pts',(-264.405515733193,-36.7520576436603,70.));
#7844=CARTESIAN_POINT('Ctrl Pts',(-264.245830326229,-54.9248234047769,65.));
#7845=CARTESIAN_POINT('Ctrl Pts',(-264.086447383124,-73.0966768600899,60.));
#7846=CARTESIAN_POINT('Ctrl Pts',(-269.513615269351,-10.0087756169187,75.));
#7847=CARTESIAN_POINT('Ctrl Pts',(-268.858105339258,-30.5389927551408,70.));
#7848=CARTESIAN_POINT('Ctrl Pts',(-268.202595409165,-51.0692098933628,65.));
#7849=CARTESIAN_POINT('Ctrl Pts',(-267.547085479073,-71.5994270315848,60.));
#7850=CARTESIAN_POINT('',(-269.513615269351,-10.0087756169187,75.));
#7851=CARTESIAN_POINT('Origin',(-281.444900505596,-103.721860586478,60.));
#7852=CARTESIAN_POINT('Origin',(-234.872599117973,49.9912243830812,75.));
#7853=CARTESIAN_POINT('',(-249.322466950703,69.8067312581911,60.));
#7854=CARTESIAN_POINT('',(-234.872599117973,49.9912243830812,75.));
#7855=CARTESIAN_POINT('',(-249.322466950703,69.8067312581911,60.));
#7856=CARTESIAN_POINT('',(-234.872599117973,49.9912243830812,82.5));
#7857=CARTESIAN_POINT('Ctrl Pts',(-234.872599117973,49.9912243830812,82.5));
#7858=CARTESIAN_POINT('Ctrl Pts',(-239.689221728883,56.5963933414512,77.5));
#7859=CARTESIAN_POINT('Ctrl Pts',(-244.505844339793,63.2015622998211,72.5));
#7860=CARTESIAN_POINT('Ctrl Pts',(-249.322466950703,69.8067312581911,67.5));
#7861=CARTESIAN_POINT('Ctrl Pts',(-241.470887908712,38.5626529545098,82.5));
#7862=CARTESIAN_POINT('Ctrl Pts',(-244.751730102869,47.4380740271422,77.5));
#7863=CARTESIAN_POINT('Ctrl Pts',(-248.037957861219,56.3171260576277,72.5));
#7864=CARTESIAN_POINT('Ctrl Pts',(-251.318800055376,65.1925471302601,67.5));
#7865=CARTESIAN_POINT('Ctrl Pts',(-253.017893292505,18.5626529545098,82.5));
#7866=CARTESIAN_POINT('Ctrl Pts',(-254.205398873232,31.6713158865986,77.5));
#7867=CARTESIAN_POINT('Ctrl Pts',(-255.39102706497,44.7784734882294,72.5));
#7868=CARTESIAN_POINT('Ctrl Pts',(-256.578532645697,57.8871364203181,67.5));
#7869=CARTESIAN_POINT('Ctrl Pts',(-264.564898676297,-1.43734704549016,82.5));
#7870=CARTESIAN_POINT('Ctrl Pts',(-264.405515733193,16.7345853871809,77.5));
#7871=CARTESIAN_POINT('Ctrl Pts',(-264.245830326229,34.9074301256555,72.5));
#7872=CARTESIAN_POINT('Ctrl Pts',(-264.086447383124,53.0793625583266,67.5));
#7873=CARTESIAN_POINT('Ctrl Pts',(-269.513615269351,-10.0087756169187,82.5));
#7874=CARTESIAN_POINT('Ctrl Pts',(-268.858105339258,10.5215204986614,77.5));
#7875=CARTESIAN_POINT('Ctrl Pts',(-268.202595409165,31.0518166142414,72.5));
#7876=CARTESIAN_POINT('Ctrl Pts',(-267.547085479073,51.5821127298215,67.5));
#7877=CARTESIAN_POINT('',(-234.872599117973,49.9912243830812,82.5));
#7878=CARTESIAN_POINT('Ctrl Pts',(-269.513615269351,-10.0087756169187,75.));
#7879=CARTESIAN_POINT('Ctrl Pts',(-268.858105339258,10.5215204986614,70.));
#7880=CARTESIAN_POINT('Ctrl Pts',(-268.202595409165,31.0518166142414,65.));
#7881=CARTESIAN_POINT('Ctrl Pts',(-267.547085479073,51.5821127298215,60.));
#7882=CARTESIAN_POINT('Ctrl Pts',(-262.915326478613,1.41979581165269,75.));
#7883=CARTESIAN_POINT('Ctrl Pts',(-262.919974450171,18.8042172978691,70.));
#7884=CARTESIAN_POINT('Ctrl Pts',(-262.928253379583,36.1940243482785,65.));
#7885=CARTESIAN_POINT('Ctrl Pts',(-262.932901351142,53.578445834495,60.));
#7886=CARTESIAN_POINT('Ctrl Pts',(-251.36832109482,21.4197958116527,75.));
#7887=CARTESIAN_POINT('Ctrl Pts',(-252.788546053766,33.8932158123698,70.));
#7888=CARTESIAN_POINT('Ctrl Pts',(-254.207257570776,46.364749608143,65.));
#7889=CARTESIAN_POINT('Ctrl Pts',(-255.627482529722,58.8381696088602,60.));
#7890=CARTESIAN_POINT('Ctrl Pts',(-239.821315711027,41.4197958116526,75.));
#7891=CARTESIAN_POINT('Ctrl Pts',(-243.487145298486,49.7286624164694,70.));
#7892=CARTESIAN_POINT('Ctrl Pts',(-247.153887191749,58.0372265574261,65.));
#7893=CARTESIAN_POINT('Ctrl Pts',(-250.819716779208,66.3460931622429,60.));
#7894=CARTESIAN_POINT('Ctrl Pts',(-234.872599117973,49.9912243830812,75.));
#7895=CARTESIAN_POINT('Ctrl Pts',(-239.689221728883,56.5963933414512,70.));
#7896=CARTESIAN_POINT('Ctrl Pts',(-244.505844339793,63.2015622998211,65.));
#7897=CARTESIAN_POINT('Ctrl Pts',(-249.322466950703,69.8067312581911,60.));
#7898=CARTESIAN_POINT('',(-234.872599117973,49.9912243830812,75.));
#7899=CARTESIAN_POINT('Origin',(-281.444900505596,83.7045462847148,60.));
#7900=CARTESIAN_POINT('Ctrl Pts',(-225.677719851605,-10.6513048334364,75.));
#7901=CARTESIAN_POINT('Ctrl Pts',(-225.677719851605,-10.6513048334364,82.5));
#7902=CARTESIAN_POINT('Ctrl Pts',(-233.385508602413,-13.0791369788094,75.));
#7903=CARTESIAN_POINT('Ctrl Pts',(-233.385508602413,-13.0791369788094,82.5));
#7904=CARTESIAN_POINT('Ctrl Pts',(-235.52654482487,-9.94386053119535,75.));
#7905=CARTESIAN_POINT('Ctrl Pts',(-235.52654482487,-9.94386053119535,82.5));
#7906=CARTESIAN_POINT('',(-225.677719851605,-10.6513048334364,75.));
#7907=CARTESIAN_POINT('',(-235.52654482487,-9.94386053119535,75.));
#7908=CARTESIAN_POINT('Ctrl Pts',(-225.677719851605,-10.6513048334364,75.));
#7909=CARTESIAN_POINT('Ctrl Pts',(-233.385508602413,-13.0791369788094,75.));
#7910=CARTESIAN_POINT('Ctrl Pts',(-235.52654482487,-9.94386053119535,75.));
#7911=CARTESIAN_POINT('',(-235.52654482487,-9.94386053119535,82.5));
#7912=CARTESIAN_POINT('',(-235.52654482487,-9.94386053119535,75.));
#7913=CARTESIAN_POINT('',(-225.677719851605,-10.6513048334364,82.5));
#7914=CARTESIAN_POINT('Ctrl Pts',(-225.677719851605,-10.6513048334364,82.5));
#7915=CARTESIAN_POINT('Ctrl Pts',(-233.385508602413,-13.0791369788094,82.5));
#7916=CARTESIAN_POINT('Ctrl Pts',(-235.52654482487,-9.94386053119535,82.5));
#7917=CARTESIAN_POINT('',(-225.677719851605,-10.6513048334364,75.));
#7918=CARTESIAN_POINT('Ctrl Pts',(-217.968433190775,-4.4683943599307,75.));
#7919=CARTESIAN_POINT('Ctrl Pts',(-217.968433190775,-4.4683943599307,82.5));
#7920=CARTESIAN_POINT('Ctrl Pts',(-217.969936974955,-8.22347268806333,75.));
#7921=CARTESIAN_POINT('Ctrl Pts',(-217.969936974955,-8.22347268806333,82.5));
#7922=CARTESIAN_POINT('Ctrl Pts',(-225.677719851605,-10.6513048334364,75.));
#7923=CARTESIAN_POINT('Ctrl Pts',(-225.677719851605,-10.6513048334364,82.5));
#7924=CARTESIAN_POINT('',(-217.968433190775,-4.4683943599307,75.));
#7925=CARTESIAN_POINT('Ctrl Pts',(-217.968433190775,-4.4683943599307,75.));
#7926=CARTESIAN_POINT('Ctrl Pts',(-217.969936974955,-8.22347268806333,75.));
#7927=CARTESIAN_POINT('Ctrl Pts',(-225.677719851605,-10.6513048334364,75.));
#7928=CARTESIAN_POINT('',(-217.968433190775,-4.4683943599307,82.5));
#7929=CARTESIAN_POINT('Ctrl Pts',(-217.968433190775,-4.4683943599307,82.5));
#7930=CARTESIAN_POINT('Ctrl Pts',(-217.969936974955,-8.22347268806333,82.5));
#7931=CARTESIAN_POINT('Ctrl Pts',(-225.677719851605,-10.6513048334364,82.5));
#7932=CARTESIAN_POINT('',(-217.968433190775,-4.4683943599307,75.));
#7933=CARTESIAN_POINT('Ctrl Pts',(-225.434674649668,1.49195605498121,75.));
#7934=CARTESIAN_POINT('Ctrl Pts',(-225.434674649668,1.49195605498121,82.5));
#7935=CARTESIAN_POINT('Ctrl Pts',(-217.9669333227,-0.713316031798072,75.));
#7936=CARTESIAN_POINT('Ctrl Pts',(-217.9669333227,-0.713316031798072,82.5));
#7937=CARTESIAN_POINT('Ctrl Pts',(-217.968433190775,-4.4683943599307,75.));
#7938=CARTESIAN_POINT('Ctrl Pts',(-217.968433190775,-4.4683943599307,82.5));
#7939=CARTESIAN_POINT('',(-225.434674649668,1.49195605498121,75.));
#7940=CARTESIAN_POINT('Ctrl Pts',(-225.434674649668,1.49195605498121,75.));
#7941=CARTESIAN_POINT('Ctrl Pts',(-217.9669333227,-0.713316031798072,75.));
#7942=CARTESIAN_POINT('Ctrl Pts',(-217.968433190775,-4.4683943599307,75.));
#7943=CARTESIAN_POINT('',(-225.434674649668,1.49195605498121,82.5));
#7944=CARTESIAN_POINT('Ctrl Pts',(-225.434674649668,1.49195605498121,82.5));
#7945=CARTESIAN_POINT('Ctrl Pts',(-217.9669333227,-0.713316031798072,82.5));
#7946=CARTESIAN_POINT('Ctrl Pts',(-217.968433190775,-4.4683943599307,82.5));
#7947=CARTESIAN_POINT('',(-225.434674649668,1.49195605498121,75.));
#7948=CARTESIAN_POINT('Ctrl Pts',(-235.28500144906,-1.55567797091042,75.));
#7949=CARTESIAN_POINT('Ctrl Pts',(-235.28500144906,-1.55567797091042,82.5));
#7950=CARTESIAN_POINT('Ctrl Pts',(-232.902417934688,3.69722422565585,75.));
#7951=CARTESIAN_POINT('Ctrl Pts',(-232.902417934688,3.69722422565585,82.5));
#7952=CARTESIAN_POINT('Ctrl Pts',(-225.434674649668,1.49195605498121,75.));
#7953=CARTESIAN_POINT('Ctrl Pts',(-225.434674649668,1.49195605498121,82.5));
#7954=CARTESIAN_POINT('',(-235.28500144906,-1.55567797091042,75.));
#7955=CARTESIAN_POINT('Ctrl Pts',(-235.28500144906,-1.55567797091042,75.));
#7956=CARTESIAN_POINT('Ctrl Pts',(-232.902417934688,3.69722422565585,75.));
#7957=CARTESIAN_POINT('Ctrl Pts',(-225.434674649668,1.49195605498121,75.));
#7958=CARTESIAN_POINT('',(-235.28500144906,-1.55567797091042,82.5));
#7959=CARTESIAN_POINT('Ctrl Pts',(-235.28500144906,-1.55567797091042,82.5));
#7960=CARTESIAN_POINT('Ctrl Pts',(-232.902417934688,3.69722422565585,82.5));
#7961=CARTESIAN_POINT('Ctrl Pts',(-225.434674649668,1.49195605498121,82.5));
#7962=CARTESIAN_POINT('',(-235.28500144906,-1.55567797091042,75.));
#7963=CARTESIAN_POINT('Ctrl Pts',(-235.52654482487,-9.94386053119535,75.));
#7964=CARTESIAN_POINT('Ctrl Pts',(-235.52654482487,-9.94386053119535,82.5));
#7965=CARTESIAN_POINT('Ctrl Pts',(-237.667583005381,-6.80858408358132,75.));
#7966=CARTESIAN_POINT('Ctrl Pts',(-237.667583005381,-6.80858408358132,82.5));
#7967=CARTESIAN_POINT('Ctrl Pts',(-235.28500144906,-1.55567797091042,75.));
#7968=CARTESIAN_POINT('Ctrl Pts',(-235.28500144906,-1.55567797091042,82.5));
#7969=CARTESIAN_POINT('Ctrl Pts',(-235.52654482487,-9.94386053119535,75.));
#7970=CARTESIAN_POINT('Ctrl Pts',(-237.667583005381,-6.80858408358132,75.));
#7971=CARTESIAN_POINT('Ctrl Pts',(-235.28500144906,-1.55567797091042,75.));
#7972=CARTESIAN_POINT('Ctrl Pts',(-235.52654482487,-9.94386053119535,82.5));
#7973=CARTESIAN_POINT('Ctrl Pts',(-237.667583005381,-6.80858408358132,82.5));
#7974=CARTESIAN_POINT('Ctrl Pts',(-235.28500144906,-1.55567797091042,82.5));
#7975=CARTESIAN_POINT('Ctrl Pts',(-167.219069311889,-36.4809558932228,75.));
#7976=CARTESIAN_POINT('Ctrl Pts',(-167.219069311889,-36.4809558932228,82.5));
#7977=CARTESIAN_POINT('Ctrl Pts',(-170.446104007196,-34.1263588206215,75.));
#7978=CARTESIAN_POINT('Ctrl Pts',(-170.446104007196,-34.1263588206215,82.5));
#7979=CARTESIAN_POINT('Ctrl Pts',(-172.706299461476,-28.7098848495725,75.));
#7980=CARTESIAN_POINT('Ctrl Pts',(-172.706299461476,-28.7098848495725,82.5));
#7981=CARTESIAN_POINT('',(-167.219069311889,-36.4809558932228,75.));
#7982=CARTESIAN_POINT('',(-172.706299461476,-28.7098848495725,75.));
#7983=CARTESIAN_POINT('Ctrl Pts',(-167.219069311889,-36.4809558932228,75.));
#7984=CARTESIAN_POINT('Ctrl Pts',(-170.446104007196,-34.1263588206215,75.));
#7985=CARTESIAN_POINT('Ctrl Pts',(-172.706299461476,-28.7098848495725,75.));
#7986=CARTESIAN_POINT('',(-172.706299461476,-28.7098848495725,82.5));
#7987=CARTESIAN_POINT('',(-172.706299461476,-28.7098848495725,75.));
#7988=CARTESIAN_POINT('',(-167.219069311889,-36.4809558932228,82.5));
#7989=CARTESIAN_POINT('Ctrl Pts',(-167.219069311889,-36.4809558932228,82.5));
#7990=CARTESIAN_POINT('Ctrl Pts',(-170.446104007196,-34.1263588206215,82.5));
#7991=CARTESIAN_POINT('Ctrl Pts',(-172.706299461476,-28.7098848495725,82.5));
#7992=CARTESIAN_POINT('',(-167.219069311889,-36.4809558932228,75.));
#7993=CARTESIAN_POINT('Ctrl Pts',(-154.987218304427,-36.2062098242684,75.));
#7994=CARTESIAN_POINT('Ctrl Pts',(-154.987218304427,-36.2062098242684,82.5));
#7995=CARTESIAN_POINT('Ctrl Pts',(-163.992034616582,-38.8355451336149,75.));
#7996=CARTESIAN_POINT('Ctrl Pts',(-163.992034616582,-38.8355451336149,82.5));
#7997=CARTESIAN_POINT('Ctrl Pts',(-167.219069311889,-36.4809558932228,75.));
#7998=CARTESIAN_POINT('Ctrl Pts',(-167.219069311889,-36.4809558932228,82.5));
#7999=CARTESIAN_POINT('',(-154.987218304427,-36.2062098242684,75.));
#8000=CARTESIAN_POINT('Ctrl Pts',(-154.987218304427,-36.2062098242684,75.));
#8001=CARTESIAN_POINT('Ctrl Pts',(-163.992034616582,-38.8355451336149,75.));
#8002=CARTESIAN_POINT('Ctrl Pts',(-167.219069311889,-36.4809558932228,75.));
#8003=CARTESIAN_POINT('',(-154.987218304427,-36.2062098242684,82.5));
#8004=CARTESIAN_POINT('Ctrl Pts',(-154.987218304427,-36.2062098242684,82.5));
#8005=CARTESIAN_POINT('Ctrl Pts',(-163.992034616582,-38.8355451336149,82.5));
#8006=CARTESIAN_POINT('Ctrl Pts',(-167.219069311889,-36.4809558932228,82.5));
#8007=CARTESIAN_POINT('',(-154.987218304427,-36.2062098242684,75.));
#8008=CARTESIAN_POINT('Ctrl Pts',(-155.081995868794,-25.117399269764,75.));
#8009=CARTESIAN_POINT('Ctrl Pts',(-155.081995868794,-25.117399269764,82.5));
#8010=CARTESIAN_POINT('Ctrl Pts',(-145.982401992273,-33.5768745149219,75.));
#8011=CARTESIAN_POINT('Ctrl Pts',(-145.982401992273,-33.5768745149219,82.5));
#8012=CARTESIAN_POINT('Ctrl Pts',(-154.987218304427,-36.2062098242684,75.));
#8013=CARTESIAN_POINT('Ctrl Pts',(-154.987218304427,-36.2062098242684,82.5));
#8014=CARTESIAN_POINT('',(-155.081995868794,-25.117399269764,75.));
#8015=CARTESIAN_POINT('Ctrl Pts',(-155.081995868794,-25.117399269764,75.));
#8016=CARTESIAN_POINT('Ctrl Pts',(-145.982401992273,-33.5768745149219,75.));
#8017=CARTESIAN_POINT('Ctrl Pts',(-154.987218304427,-36.2062098242684,75.));
#8018=CARTESIAN_POINT('',(-155.081995868794,-25.117399269764,82.5));
#8019=CARTESIAN_POINT('Ctrl Pts',(-155.081995868794,-25.117399269764,82.5));
#8020=CARTESIAN_POINT('Ctrl Pts',(-145.982401992273,-33.5768745149219,82.5));
#8021=CARTESIAN_POINT('Ctrl Pts',(-154.987218304427,-36.2062098242684,82.5));
#8022=CARTESIAN_POINT('',(-155.081995868794,-25.117399269764,75.));
#8023=CARTESIAN_POINT('Ctrl Pts',(-169.574042330535,-19.9756635354602,75.));
#8024=CARTESIAN_POINT('Ctrl Pts',(-169.574042330535,-19.9756635354602,82.5));
#8025=CARTESIAN_POINT('Ctrl Pts',(-164.181597577524,-16.6579161923968,75.));
#8026=CARTESIAN_POINT('Ctrl Pts',(-164.181597577524,-16.6579161923968,82.5));
#8027=CARTESIAN_POINT('Ctrl Pts',(-155.081995868794,-25.117399269764,75.));
#8028=CARTESIAN_POINT('Ctrl Pts',(-155.081995868794,-25.117399269764,82.5));
#8029=CARTESIAN_POINT('',(-169.574042330535,-19.9756635354602,75.));
#8030=CARTESIAN_POINT('Ctrl Pts',(-169.574042330535,-19.9756635354602,75.));
#8031=CARTESIAN_POINT('Ctrl Pts',(-164.181597577524,-16.6579161923968,75.));
#8032=CARTESIAN_POINT('Ctrl Pts',(-155.081995868794,-25.117399269764,75.));
#8033=CARTESIAN_POINT('',(-169.574042330535,-19.9756635354602,82.5));
#8034=CARTESIAN_POINT('Ctrl Pts',(-169.574042330535,-19.9756635354602,82.5));
#8035=CARTESIAN_POINT('Ctrl Pts',(-164.181597577524,-16.6579161923968,82.5));
#8036=CARTESIAN_POINT('Ctrl Pts',(-155.081995868794,-25.117399269764,82.5));
#8037=CARTESIAN_POINT('',(-169.574042330535,-19.9756635354602,75.));
#8038=CARTESIAN_POINT('Ctrl Pts',(-172.706299461476,-28.7098848495725,75.));
#8039=CARTESIAN_POINT('Ctrl Pts',(-172.706299461476,-28.7098848495725,82.5));
#8040=CARTESIAN_POINT('Ctrl Pts',(-174.966494915756,-23.2934187107328,75.));
#8041=CARTESIAN_POINT('Ctrl Pts',(-174.966494915756,-23.2934187107328,82.5));
#8042=CARTESIAN_POINT('Ctrl Pts',(-169.574042330535,-19.9756635354602,75.));
#8043=CARTESIAN_POINT('Ctrl Pts',(-169.574042330535,-19.9756635354602,82.5));
#8044=CARTESIAN_POINT('Ctrl Pts',(-172.706299461476,-28.7098848495725,75.));
#8045=CARTESIAN_POINT('Ctrl Pts',(-174.966494915756,-23.2934187107328,75.));
#8046=CARTESIAN_POINT('Ctrl Pts',(-169.574042330535,-19.9756635354602,75.));
#8047=CARTESIAN_POINT('Ctrl Pts',(-172.706299461476,-28.7098848495725,82.5));
#8048=CARTESIAN_POINT('Ctrl Pts',(-174.966494915756,-23.2934187107328,82.5));
#8049=CARTESIAN_POINT('Ctrl Pts',(-169.574042330535,-19.9756635354602,82.5));
#8050=CARTESIAN_POINT('Ctrl Pts',(-184.656754569549,-65.6786485979966,75.));
#8051=CARTESIAN_POINT('Ctrl Pts',(-184.656754569549,-65.6786485979966,82.5));
#8052=CARTESIAN_POINT('Ctrl Pts',(-185.546648730058,-63.7350399330854,75.));
#8053=CARTESIAN_POINT('Ctrl Pts',(-185.546648730058,-63.7350399330854,82.5));
#8054=CARTESIAN_POINT('Ctrl Pts',(-186.06152424442,-61.0787140019977,75.));
#8055=CARTESIAN_POINT('Ctrl Pts',(-186.06152424442,-61.0787140019977,82.5));
#8056=CARTESIAN_POINT('',(-184.656754569549,-65.6786485979966,75.));
#8057=CARTESIAN_POINT('',(-186.06152424442,-61.0787140019977,75.));
#8058=CARTESIAN_POINT('Ctrl Pts',(-184.656754569549,-65.6786485979966,75.));
#8059=CARTESIAN_POINT('Ctrl Pts',(-185.546648730058,-63.7350399330854,75.));
#8060=CARTESIAN_POINT('Ctrl Pts',(-186.06152424442,-61.0787140019977,75.));
#8061=CARTESIAN_POINT('',(-186.06152424442,-61.0787140019977,82.5));
#8062=CARTESIAN_POINT('',(-186.06152424442,-61.0787140019977,75.));
#8063=CARTESIAN_POINT('',(-184.656754569549,-65.6786485979966,82.5));
#8064=CARTESIAN_POINT('Ctrl Pts',(-184.656754569549,-65.6786485979966,82.5));
#8065=CARTESIAN_POINT('Ctrl Pts',(-185.546648730058,-63.7350399330854,82.5));
#8066=CARTESIAN_POINT('Ctrl Pts',(-186.06152424442,-61.0787140019977,82.5));
#8067=CARTESIAN_POINT('',(-184.656754569549,-65.6786485979966,75.));
#8068=CARTESIAN_POINT('Origin',(-170.298397623031,-65.6786485979966,75.));
#8069=CARTESIAN_POINT('',(-170.298397623031,-65.6786485979966,75.));
#8070=CARTESIAN_POINT('',(-237.372599117974,-65.6786485979966,75.));
#8071=CARTESIAN_POINT('',(-170.298397623031,-65.6786485979966,82.5));
#8072=CARTESIAN_POINT('',(-237.372599117974,-65.6786485979966,82.5));
#8073=CARTESIAN_POINT('',(-170.298397623031,-65.6786485979966,75.));
#8074=CARTESIAN_POINT('Ctrl Pts',(-167.623477605295,-55.7421833909595,75.));
#8075=CARTESIAN_POINT('Ctrl Pts',(-167.623477605295,-55.7421833909595,82.5));
#8076=CARTESIAN_POINT('Ctrl Pts',(-168.551570123235,-61.9923238607666,75.));
#8077=CARTESIAN_POINT('Ctrl Pts',(-168.551570123235,-61.9923238607666,82.5));
#8078=CARTESIAN_POINT('Ctrl Pts',(-170.298397623031,-65.6786485979966,75.));
#8079=CARTESIAN_POINT('Ctrl Pts',(-170.298397623031,-65.6786485979966,82.5));
#8080=CARTESIAN_POINT('',(-167.623477605295,-55.7421833909595,75.));
#8081=CARTESIAN_POINT('Ctrl Pts',(-167.623477605295,-55.7421833909595,75.));
#8082=CARTESIAN_POINT('Ctrl Pts',(-168.551570123235,-61.9923238607666,75.));
#8083=CARTESIAN_POINT('Ctrl Pts',(-170.298397623031,-65.6786485979966,75.));
#8084=CARTESIAN_POINT('',(-167.623477605295,-55.7421833909595,82.5));
#8085=CARTESIAN_POINT('Ctrl Pts',(-167.623477605295,-55.7421833909595,82.5));
#8086=CARTESIAN_POINT('Ctrl Pts',(-168.551570123235,-61.9923238607666,82.5));
#8087=CARTESIAN_POINT('Ctrl Pts',(-170.298397623031,-65.6786485979966,82.5));
#8088=CARTESIAN_POINT('',(-167.623477605295,-55.7421833909595,75.));
#8089=CARTESIAN_POINT('Ctrl Pts',(-168.308294654957,-38.354890282973,75.));
#8090=CARTESIAN_POINT('Ctrl Pts',(-168.308294654957,-38.354890282973,82.5));
#8091=CARTESIAN_POINT('Ctrl Pts',(-165.360955984863,-40.5054113108559,75.));
#8092=CARTESIAN_POINT('Ctrl Pts',(-165.360955984863,-40.5054113108559,82.5));
#8093=CARTESIAN_POINT('Ctrl Pts',(-167.623477605295,-55.7421833909595,75.));
#8094=CARTESIAN_POINT('Ctrl Pts',(-167.623477605295,-55.7421833909595,82.5));
#8095=CARTESIAN_POINT('',(-168.308294654957,-38.354890282973,75.));
#8096=CARTESIAN_POINT('Ctrl Pts',(-168.308294654957,-38.354890282973,75.));
#8097=CARTESIAN_POINT('Ctrl Pts',(-165.360955984863,-40.5054113108559,75.));
#8098=CARTESIAN_POINT('Ctrl Pts',(-167.623477605295,-55.7421833909595,75.));
#8099=CARTESIAN_POINT('',(-168.308294654957,-38.354890282973,82.5));
#8100=CARTESIAN_POINT('Ctrl Pts',(-168.308294654957,-38.354890282973,82.5));
#8101=CARTESIAN_POINT('Ctrl Pts',(-165.360955984863,-40.5054113108559,82.5));
#8102=CARTESIAN_POINT('Ctrl Pts',(-167.623477605295,-55.7421833909595,82.5));
#8103=CARTESIAN_POINT('',(-168.308294654957,-38.354890282973,75.));
#8104=CARTESIAN_POINT('Ctrl Pts',(-179.618067497365,-43.6914208940112,75.));
#8105=CARTESIAN_POINT('Ctrl Pts',(-179.618067497365,-43.6914208940112,82.5));
#8106=CARTESIAN_POINT('Ctrl Pts',(-171.255641157261,-36.2043692550901,75.));
#8107=CARTESIAN_POINT('Ctrl Pts',(-171.255641157261,-36.2043692550901,82.5));
#8108=CARTESIAN_POINT('Ctrl Pts',(-168.308294654957,-38.354890282973,75.));
#8109=CARTESIAN_POINT('Ctrl Pts',(-168.308294654957,-38.354890282973,82.5));
#8110=CARTESIAN_POINT('',(-179.618067497365,-43.6914208940112,75.));
#8111=CARTESIAN_POINT('Ctrl Pts',(-179.618067497365,-43.6914208940112,75.));
#8112=CARTESIAN_POINT('Ctrl Pts',(-171.255641157261,-36.2043692550901,75.));
#8113=CARTESIAN_POINT('Ctrl Pts',(-168.308294654957,-38.354890282973,75.));
#8114=CARTESIAN_POINT('',(-179.618067497365,-43.6914208940112,82.5));
#8115=CARTESIAN_POINT('Ctrl Pts',(-179.618067497365,-43.6914208940112,82.5));
#8116=CARTESIAN_POINT('Ctrl Pts',(-171.255641157261,-36.2043692550901,82.5));
#8117=CARTESIAN_POINT('Ctrl Pts',(-168.308294654957,-38.354890282973,82.5));
#8118=CARTESIAN_POINT('',(-179.618067497365,-43.6914208940112,75.));
#8119=CARTESIAN_POINT('Ctrl Pts',(-186.06152424442,-61.0787140019977,75.));
#8120=CARTESIAN_POINT('Ctrl Pts',(-186.06152424442,-61.0787140019977,82.5));
#8121=CARTESIAN_POINT('Ctrl Pts',(-187.980493837468,-51.1784725329323,75.));
#8122=CARTESIAN_POINT('Ctrl Pts',(-187.980493837468,-51.1784725329323,82.5));
#8123=CARTESIAN_POINT('Ctrl Pts',(-179.618067497365,-43.6914208940112,75.));
#8124=CARTESIAN_POINT('Ctrl Pts',(-179.618067497365,-43.6914208940112,82.5));
#8125=CARTESIAN_POINT('Ctrl Pts',(-186.06152424442,-61.0787140019977,75.));
#8126=CARTESIAN_POINT('Ctrl Pts',(-187.980493837468,-51.1784725329323,75.));
#8127=CARTESIAN_POINT('Ctrl Pts',(-179.618067497365,-43.6914208940112,75.));
#8128=CARTESIAN_POINT('Ctrl Pts',(-186.06152424442,-61.0787140019977,82.5));
#8129=CARTESIAN_POINT('Ctrl Pts',(-187.980493837468,-51.1784725329323,82.5));
#8130=CARTESIAN_POINT('Ctrl Pts',(-179.618067497365,-43.6914208940112,82.5));
#8131=CARTESIAN_POINT('Ctrl Pts',(-223.815624321896,-65.6786485979966,75.));
#8132=CARTESIAN_POINT('Ctrl Pts',(-223.815624321896,-65.6786485979966,82.5));
#8133=CARTESIAN_POINT('Ctrl Pts',(-224.739685167197,-62.8710481659125,75.));
#8134=CARTESIAN_POINT('Ctrl Pts',(-224.739685167197,-62.8710481659125,82.5));
#8135=CARTESIAN_POINT('Ctrl Pts',(-225.676102500391,-58.5762448183937,75.));
#8136=CARTESIAN_POINT('Ctrl Pts',(-225.676102500391,-58.5762448183937,82.5));
#8137=CARTESIAN_POINT('',(-223.815624321896,-65.6786485979966,75.));
#8138=CARTESIAN_POINT('',(-225.676102500391,-58.5762448183937,75.));
#8139=CARTESIAN_POINT('Ctrl Pts',(-223.815624321896,-65.6786485979966,75.));
#8140=CARTESIAN_POINT('Ctrl Pts',(-224.739685167197,-62.8710481659125,75.));
#8141=CARTESIAN_POINT('Ctrl Pts',(-225.676102500391,-58.5762448183937,75.));
#8142=CARTESIAN_POINT('',(-225.676102500391,-58.5762448183937,82.5));
#8143=CARTESIAN_POINT('',(-225.676102500391,-58.5762448183937,75.));
#8144=CARTESIAN_POINT('',(-223.815624321896,-65.6786485979966,82.5));
#8145=CARTESIAN_POINT('Ctrl Pts',(-223.815624321896,-65.6786485979966,82.5));
#8146=CARTESIAN_POINT('Ctrl Pts',(-224.739685167197,-62.8710481659125,82.5));
#8147=CARTESIAN_POINT('Ctrl Pts',(-225.676102500391,-58.5762448183937,82.5));
#8148=CARTESIAN_POINT('',(-223.815624321896,-65.6786485979966,75.));
#8149=CARTESIAN_POINT('Origin',(-217.141174260766,-65.6786485979966,75.));
#8150=CARTESIAN_POINT('',(-217.141174260766,-65.6786485979966,75.));
#8151=CARTESIAN_POINT('',(-237.372599117974,-65.6786485979966,75.));
#8152=CARTESIAN_POINT('',(-217.141174260766,-65.6786485979966,82.5));
#8153=CARTESIAN_POINT('',(-237.372599117974,-65.6786485979966,82.5));
#8154=CARTESIAN_POINT('',(-217.141174260766,-65.6786485979966,75.));
#8155=CARTESIAN_POINT('Ctrl Pts',(-214.541446108929,-55.234687559152,75.));
#8156=CARTESIAN_POINT('Ctrl Pts',(-214.541446108929,-55.234687559152,82.5));
#8157=CARTESIAN_POINT('Ctrl Pts',(-215.896546979533,-61.8438895328837,75.));
#8158=CARTESIAN_POINT('Ctrl Pts',(-215.896546979533,-61.8438895328837,82.5));
#8159=CARTESIAN_POINT('Ctrl Pts',(-217.141174260766,-65.6786485979966,75.));
#8160=CARTESIAN_POINT('Ctrl Pts',(-217.141174260766,-65.6786485979966,82.5));
#8161=CARTESIAN_POINT('',(-214.541446108929,-55.234687559152,75.));
#8162=CARTESIAN_POINT('Ctrl Pts',(-214.541446108929,-55.234687559152,75.));
#8163=CARTESIAN_POINT('Ctrl Pts',(-215.896546979533,-61.8438895328837,75.));
#8164=CARTESIAN_POINT('Ctrl Pts',(-217.141174260766,-65.6786485979966,75.));
#8165=CARTESIAN_POINT('',(-214.541446108929,-55.234687559152,82.5));
#8166=CARTESIAN_POINT('Ctrl Pts',(-214.541446108929,-55.234687559152,82.5));
#8167=CARTESIAN_POINT('Ctrl Pts',(-215.896546979533,-61.8438895328837,82.5));
#8168=CARTESIAN_POINT('Ctrl Pts',(-217.141174260766,-65.6786485979966,82.5));
#8169=CARTESIAN_POINT('',(-214.541446108929,-55.234687559152,75.));
#8170=CARTESIAN_POINT('Ctrl Pts',(-216.025677178176,-37.5856733462258,75.));
#8171=CARTESIAN_POINT('Ctrl Pts',(-216.025677178176,-37.5856733462258,82.5));
#8172=CARTESIAN_POINT('Ctrl Pts',(-211.31336189758,-39.490419647241,75.));
#8173=CARTESIAN_POINT('Ctrl Pts',(-211.31336189758,-39.490419647241,82.5));
#8174=CARTESIAN_POINT('Ctrl Pts',(-214.541446108929,-55.234687559152,75.));
#8175=CARTESIAN_POINT('Ctrl Pts',(-214.541446108929,-55.234687559152,82.5));
#8176=CARTESIAN_POINT('',(-216.025677178176,-37.5856733462258,75.));
#8177=CARTESIAN_POINT('Ctrl Pts',(-216.025677178176,-37.5856733462258,75.));
#8178=CARTESIAN_POINT('Ctrl Pts',(-211.31336189758,-39.490419647241,75.));
#8179=CARTESIAN_POINT('Ctrl Pts',(-214.541446108929,-55.234687559152,75.));
#8180=CARTESIAN_POINT('',(-216.025677178176,-37.5856733462258,82.5));
#8181=CARTESIAN_POINT('Ctrl Pts',(-216.025677178176,-37.5856733462258,82.5));
#8182=CARTESIAN_POINT('Ctrl Pts',(-211.31336189758,-39.490419647241,82.5));
#8183=CARTESIAN_POINT('Ctrl Pts',(-214.541446108929,-55.234687559152,82.5));
#8184=CARTESIAN_POINT('',(-216.025677178176,-37.5856733462258,75.));
#8185=CARTESIAN_POINT('Ctrl Pts',(-224.559158968719,-40.9272384376768,75.));
#8186=CARTESIAN_POINT('Ctrl Pts',(-224.559158968719,-40.9272384376768,82.5));
#8187=CARTESIAN_POINT('Ctrl Pts',(-220.737992458773,-35.6809270452106,75.));
#8188=CARTESIAN_POINT('Ctrl Pts',(-220.737992458773,-35.6809270452106,82.5));
#8189=CARTESIAN_POINT('Ctrl Pts',(-216.025677178176,-37.5856733462258,75.));
#8190=CARTESIAN_POINT('Ctrl Pts',(-216.025677178176,-37.5856733462258,82.5));
#8191=CARTESIAN_POINT('',(-224.559158968719,-40.9272384376768,75.));
#8192=CARTESIAN_POINT('Ctrl Pts',(-224.559158968719,-40.9272384376768,75.));
#8193=CARTESIAN_POINT('Ctrl Pts',(-220.737992458773,-35.6809270452106,75.));
#8194=CARTESIAN_POINT('Ctrl Pts',(-216.025677178176,-37.5856733462258,75.));
#8195=CARTESIAN_POINT('',(-224.559158968719,-40.9272384376768,82.5));
#8196=CARTESIAN_POINT('Ctrl Pts',(-224.559158968719,-40.9272384376768,82.5));
#8197=CARTESIAN_POINT('Ctrl Pts',(-220.737992458773,-35.6809270452106,82.5));
#8198=CARTESIAN_POINT('Ctrl Pts',(-216.025677178176,-37.5856733462258,82.5));
#8199=CARTESIAN_POINT('',(-224.559158968719,-40.9272384376768,75.));
#8200=CARTESIAN_POINT('Ctrl Pts',(-225.676102500391,-58.5762448183937,75.));
#8201=CARTESIAN_POINT('Ctrl Pts',(-225.676102500391,-58.5762448183937,82.5));
#8202=CARTESIAN_POINT('Ctrl Pts',(-228.380325478665,-46.1735419979337,75.));
#8203=CARTESIAN_POINT('Ctrl Pts',(-228.380325478665,-46.1735419979337,82.5));
#8204=CARTESIAN_POINT('Ctrl Pts',(-224.559158968719,-40.9272384376768,75.));
#8205=CARTESIAN_POINT('Ctrl Pts',(-224.559158968719,-40.9272384376768,82.5));
#8206=CARTESIAN_POINT('Ctrl Pts',(-225.676102500391,-58.5762448183937,75.));
#8207=CARTESIAN_POINT('Ctrl Pts',(-228.380325478665,-46.1735419979337,75.));
#8208=CARTESIAN_POINT('Ctrl Pts',(-224.559158968719,-40.9272384376768,75.));
#8209=CARTESIAN_POINT('Ctrl Pts',(-225.676102500391,-58.5762448183937,82.5));
#8210=CARTESIAN_POINT('Ctrl Pts',(-228.380325478665,-46.1735419979337,82.5));
#8211=CARTESIAN_POINT('Ctrl Pts',(-224.559158968719,-40.9272384376768,82.5));
#8212=CARTESIAN_POINT('Ctrl Pts',(-180.784228632085,-41.8418838361346,75.));
#8213=CARTESIAN_POINT('Ctrl Pts',(-180.784228632085,-41.8418838361346,82.5));
#8214=CARTESIAN_POINT('Ctrl Pts',(-188.953763322306,-49.1562352606697,75.));
#8215=CARTESIAN_POINT('Ctrl Pts',(-188.953763322306,-49.1562352606697,82.5));
#8216=CARTESIAN_POINT('Ctrl Pts',(-190.014424598169,-47.5870286369566,75.));
#8217=CARTESIAN_POINT('Ctrl Pts',(-190.014424598169,-47.5870286369566,82.5));
#8218=CARTESIAN_POINT('',(-180.784228632085,-41.8418838361346,75.));
#8219=CARTESIAN_POINT('',(-190.014424598169,-47.5870286369566,75.));
#8220=CARTESIAN_POINT('Ctrl Pts',(-180.784228632085,-41.8418838361346,75.));
#8221=CARTESIAN_POINT('Ctrl Pts',(-188.953763322306,-49.1562352606697,75.));
#8222=CARTESIAN_POINT('Ctrl Pts',(-190.014424598169,-47.5870286369566,75.));
#8223=CARTESIAN_POINT('',(-190.014424598169,-47.5870286369566,82.5));
#8224=CARTESIAN_POINT('',(-190.014424598169,-47.5870286369566,75.));
#8225=CARTESIAN_POINT('',(-180.784228632085,-41.8418838361346,82.5));
#8226=CARTESIAN_POINT('Ctrl Pts',(-180.784228632085,-41.8418838361346,82.5));
#8227=CARTESIAN_POINT('Ctrl Pts',(-188.953763322306,-49.1562352606697,82.5));
#8228=CARTESIAN_POINT('Ctrl Pts',(-190.014424598169,-47.5870286369566,82.5));
#8229=CARTESIAN_POINT('',(-180.784228632085,-41.8418838361346,75.));
#8230=CARTESIAN_POINT('Ctrl Pts',(-174.861574640385,-29.1429511966947,75.));
#8231=CARTESIAN_POINT('Ctrl Pts',(-174.861574640385,-29.1429511966947,82.5));
#8232=CARTESIAN_POINT('Ctrl Pts',(-172.614693941863,-34.5275324115995,75.));
#8233=CARTESIAN_POINT('Ctrl Pts',(-172.614693941863,-34.5275324115995,82.5));
#8234=CARTESIAN_POINT('Ctrl Pts',(-180.784228632085,-41.8418838361346,75.));
#8235=CARTESIAN_POINT('Ctrl Pts',(-180.784228632085,-41.8418838361346,82.5));
#8236=CARTESIAN_POINT('',(-174.861574640385,-29.1429511966947,75.));
#8237=CARTESIAN_POINT('Ctrl Pts',(-174.861574640385,-29.1429511966947,75.));
#8238=CARTESIAN_POINT('Ctrl Pts',(-172.614693941863,-34.5275324115995,75.));
#8239=CARTESIAN_POINT('Ctrl Pts',(-180.784228632085,-41.8418838361346,75.));
#8240=CARTESIAN_POINT('',(-174.861574640385,-29.1429511966947,82.5));
#8241=CARTESIAN_POINT('Ctrl Pts',(-174.861574640385,-29.1429511966947,82.5));
#8242=CARTESIAN_POINT('Ctrl Pts',(-172.614693941863,-34.5275324115995,82.5));
#8243=CARTESIAN_POINT('Ctrl Pts',(-180.784228632085,-41.8418838361346,82.5));
#8244=CARTESIAN_POINT('',(-174.861574640385,-29.1429511966947,75.));
#8245=CARTESIAN_POINT('Ctrl Pts',(-177.150905913146,-23.7467156543974,75.));
#8246=CARTESIAN_POINT('Ctrl Pts',(-177.150905913146,-23.7467156543974,82.5));
#8247=CARTESIAN_POINT('Ctrl Pts',(-177.108463171116,-23.7583699817899,75.));
#8248=CARTESIAN_POINT('Ctrl Pts',(-177.108463171116,-23.7583699817899,82.5));
#8249=CARTESIAN_POINT('Ctrl Pts',(-174.861574640385,-29.1429511966947,75.));
#8250=CARTESIAN_POINT('Ctrl Pts',(-174.861574640385,-29.1429511966947,82.5));
#8251=CARTESIAN_POINT('',(-177.150905913146,-23.7467156543974,75.));
#8252=CARTESIAN_POINT('Ctrl Pts',(-177.150905913146,-23.7467156543974,75.));
#8253=CARTESIAN_POINT('Ctrl Pts',(-177.108463171116,-23.7583699817899,75.));
#8254=CARTESIAN_POINT('Ctrl Pts',(-174.861574640385,-29.1429511966947,75.));
#8255=CARTESIAN_POINT('',(-177.150905913146,-23.7467156543974,82.5));
#8256=CARTESIAN_POINT('Ctrl Pts',(-177.150905913146,-23.7467156543974,82.5));
#8257=CARTESIAN_POINT('Ctrl Pts',(-177.108463171116,-23.7583699817899,82.5));
#8258=CARTESIAN_POINT('Ctrl Pts',(-174.861574640385,-29.1429511966947,82.5));
#8259=CARTESIAN_POINT('',(-177.150905913146,-23.7467156543974,75.));
#8260=CARTESIAN_POINT('Ctrl Pts',(-181.107228942347,-26.354700361276,75.));
#8261=CARTESIAN_POINT('Ctrl Pts',(-181.107228942347,-26.354700361276,82.5));
#8262=CARTESIAN_POINT('Ctrl Pts',(-177.193348655176,-23.7350534947955,75.));
#8263=CARTESIAN_POINT('Ctrl Pts',(-177.193348655176,-23.7350534947955,82.5));
#8264=CARTESIAN_POINT('Ctrl Pts',(-177.150905913146,-23.7467156543974,75.));
#8265=CARTESIAN_POINT('Ctrl Pts',(-177.150905913146,-23.7467156543974,82.5));
#8266=CARTESIAN_POINT('',(-181.107228942347,-26.354700361276,75.));
#8267=CARTESIAN_POINT('Ctrl Pts',(-181.107228942347,-26.354700361276,75.));
#8268=CARTESIAN_POINT('Ctrl Pts',(-177.193348655176,-23.7350534947955,75.));
#8269=CARTESIAN_POINT('Ctrl Pts',(-177.150905913146,-23.7467156543974,75.));
#8270=CARTESIAN_POINT('',(-181.107228942347,-26.354700361276,82.5));
#8271=CARTESIAN_POINT('Ctrl Pts',(-181.107228942347,-26.354700361276,82.5));
#8272=CARTESIAN_POINT('Ctrl Pts',(-177.193348655176,-23.7350534947955,82.5));
#8273=CARTESIAN_POINT('Ctrl Pts',(-177.150905913146,-23.7467156543974,82.5));
#8274=CARTESIAN_POINT('',(-181.107228942347,-26.354700361276,75.));
#8275=CARTESIAN_POINT('Ctrl Pts',(-188.04809363567,-37.4960807043953,75.));
#8276=CARTESIAN_POINT('Ctrl Pts',(-188.04809363567,-37.4960807043953,82.5));
#8277=CARTESIAN_POINT('Ctrl Pts',(-185.021101397308,-28.9743393955473,75.));
#8278=CARTESIAN_POINT('Ctrl Pts',(-185.021101397308,-28.9743393955473,82.5));
#8279=CARTESIAN_POINT('Ctrl Pts',(-181.107228942347,-26.354700361276,75.));
#8280=CARTESIAN_POINT('Ctrl Pts',(-181.107228942347,-26.354700361276,82.5));
#8281=CARTESIAN_POINT('',(-188.04809363567,-37.4960807043953,75.));
#8282=CARTESIAN_POINT('Ctrl Pts',(-188.04809363567,-37.4960807043953,75.));
#8283=CARTESIAN_POINT('Ctrl Pts',(-185.021101397308,-28.9743393955473,75.));
#8284=CARTESIAN_POINT('Ctrl Pts',(-181.107228942347,-26.354700361276,75.));
#8285=CARTESIAN_POINT('',(-188.04809363567,-37.4960807043953,82.5));
#8286=CARTESIAN_POINT('Ctrl Pts',(-188.04809363567,-37.4960807043953,82.5));
#8287=CARTESIAN_POINT('Ctrl Pts',(-185.021101397308,-28.9743393955473,82.5));
#8288=CARTESIAN_POINT('Ctrl Pts',(-181.107228942347,-26.354700361276,82.5));
#8289=CARTESIAN_POINT('',(-188.04809363567,-37.4960807043953,75.));
#8290=CARTESIAN_POINT('Ctrl Pts',(-190.014424598169,-47.5870286369566,75.));
#8291=CARTESIAN_POINT('Ctrl Pts',(-190.014424598169,-47.5870286369566,82.5));
#8292=CARTESIAN_POINT('Ctrl Pts',(-191.075085874033,-46.0178141810341,75.));
#8293=CARTESIAN_POINT('Ctrl Pts',(-191.075085874033,-46.0178141810341,82.5));
#8294=CARTESIAN_POINT('Ctrl Pts',(-188.04809363567,-37.4960807043953,75.));
#8295=CARTESIAN_POINT('Ctrl Pts',(-188.04809363567,-37.4960807043953,82.5));
#8296=CARTESIAN_POINT('Ctrl Pts',(-190.014424598169,-47.5870286369566,75.));
#8297=CARTESIAN_POINT('Ctrl Pts',(-191.075085874033,-46.0178141810341,75.));
#8298=CARTESIAN_POINT('Ctrl Pts',(-188.04809363567,-37.4960807043953,75.));
#8299=CARTESIAN_POINT('Ctrl Pts',(-190.014424598169,-47.5870286369566,82.5));
#8300=CARTESIAN_POINT('Ctrl Pts',(-191.075085874033,-46.0178141810341,82.5));
#8301=CARTESIAN_POINT('Ctrl Pts',(-188.04809363567,-37.4960807043953,82.5));
#8302=CARTESIAN_POINT('Ctrl Pts',(-176.973012944015,-21.3522761332436,75.));
#8303=CARTESIAN_POINT('Ctrl Pts',(-176.973012944015,-21.3522761332436,82.5));
#8304=CARTESIAN_POINT('Ctrl Pts',(-177.185876727533,-21.0861768233223,75.));
#8305=CARTESIAN_POINT('Ctrl Pts',(-177.185876727533,-21.0861768233223,82.5));
#8306=CARTESIAN_POINT('Ctrl Pts',(-179.782050462834,-12.2825190579338,75.));
#8307=CARTESIAN_POINT('Ctrl Pts',(-179.782050462834,-12.2825190579338,82.5));
#8308=CARTESIAN_POINT('',(-176.973012944015,-21.3522761332436,75.));
#8309=CARTESIAN_POINT('',(-179.782050462834,-12.2825190579338,75.));
#8310=CARTESIAN_POINT('Ctrl Pts',(-176.973012944015,-21.3522761332436,75.));
#8311=CARTESIAN_POINT('Ctrl Pts',(-177.185876727533,-21.0861768233223,75.));
#8312=CARTESIAN_POINT('Ctrl Pts',(-179.782050462834,-12.2825190579338,75.));
#8313=CARTESIAN_POINT('',(-179.782050462834,-12.2825190579338,82.5));
#8314=CARTESIAN_POINT('',(-179.782050462834,-12.2825190579338,75.));
#8315=CARTESIAN_POINT('',(-176.973012944015,-21.3522761332436,82.5));
#8316=CARTESIAN_POINT('Ctrl Pts',(-176.973012944015,-21.3522761332436,82.5));
#8317=CARTESIAN_POINT('Ctrl Pts',(-177.185876727533,-21.0861768233223,82.5));
#8318=CARTESIAN_POINT('Ctrl Pts',(-179.782050462834,-12.2825190579338,82.5));
#8319=CARTESIAN_POINT('',(-176.973012944015,-21.3522761332436,75.));
#8320=CARTESIAN_POINT('Ctrl Pts',(-176.621143110386,-21.6565574633522,75.));
#8321=CARTESIAN_POINT('Ctrl Pts',(-176.621143110386,-21.6565574633522,82.5));
#8322=CARTESIAN_POINT('Ctrl Pts',(-176.760156992706,-21.6183754431649,75.));
#8323=CARTESIAN_POINT('Ctrl Pts',(-176.760156992706,-21.6183754431649,82.5));
#8324=CARTESIAN_POINT('Ctrl Pts',(-176.973012944015,-21.3522761332436,75.));
#8325=CARTESIAN_POINT('Ctrl Pts',(-176.973012944015,-21.3522761332436,82.5));
#8326=CARTESIAN_POINT('',(-176.621143110386,-21.6565574633522,75.));
#8327=CARTESIAN_POINT('Ctrl Pts',(-176.621143110386,-21.6565574633522,75.));
#8328=CARTESIAN_POINT('Ctrl Pts',(-176.760156992706,-21.6183754431649,75.));
#8329=CARTESIAN_POINT('Ctrl Pts',(-176.973012944015,-21.3522761332436,75.));
#8330=CARTESIAN_POINT('',(-176.621143110386,-21.6565574633522,82.5));
#8331=CARTESIAN_POINT('Ctrl Pts',(-176.621143110386,-21.6565574633522,82.5));
#8332=CARTESIAN_POINT('Ctrl Pts',(-176.760156992706,-21.6183754431649,82.5));
#8333=CARTESIAN_POINT('Ctrl Pts',(-176.973012944015,-21.3522761332436,82.5));
#8334=CARTESIAN_POINT('',(-176.621143110386,-21.6565574633522,75.));
#8335=CARTESIAN_POINT('Ctrl Pts',(-170.702663686228,-18.1388773142739,75.));
#8336=CARTESIAN_POINT('Ctrl Pts',(-170.702663686228,-18.1388773142739,82.5));
#8337=CARTESIAN_POINT('Ctrl Pts',(-176.482129228067,-21.6947394835396,75.));
#8338=CARTESIAN_POINT('Ctrl Pts',(-176.482129228067,-21.6947394835396,82.5));
#8339=CARTESIAN_POINT('Ctrl Pts',(-176.621143110386,-21.6565574633522,75.));
#8340=CARTESIAN_POINT('Ctrl Pts',(-176.621143110386,-21.6565574633522,82.5));
#8341=CARTESIAN_POINT('',(-170.702663686228,-18.1388773142739,75.));
#8342=CARTESIAN_POINT('Ctrl Pts',(-170.702663686228,-18.1388773142739,75.));
#8343=CARTESIAN_POINT('Ctrl Pts',(-176.482129228067,-21.6947394835396,75.));
#8344=CARTESIAN_POINT('Ctrl Pts',(-176.621143110386,-21.6565574633522,75.));
#8345=CARTESIAN_POINT('',(-170.702663686228,-18.1388773142739,82.5));
#8346=CARTESIAN_POINT('Ctrl Pts',(-170.702663686228,-18.1388773142739,82.5));
#8347=CARTESIAN_POINT('Ctrl Pts',(-176.482129228067,-21.6947394835396,82.5));
#8348=CARTESIAN_POINT('Ctrl Pts',(-176.621143110386,-21.6565574633522,82.5));
#8349=CARTESIAN_POINT('',(-170.702663686228,-18.1388773142739,75.));
#8350=CARTESIAN_POINT('Ctrl Pts',(-164.612713704538,-13.7765991303368,75.));
#8351=CARTESIAN_POINT('Ctrl Pts',(-164.612713704538,-13.7765991303368,82.5));
#8352=CARTESIAN_POINT('Ctrl Pts',(-164.923205976597,-14.5830151450081,75.));
#8353=CARTESIAN_POINT('Ctrl Pts',(-164.923205976597,-14.5830151450081,82.5));
#8354=CARTESIAN_POINT('Ctrl Pts',(-170.702663686228,-18.1388773142739,75.));
#8355=CARTESIAN_POINT('Ctrl Pts',(-170.702663686228,-18.1388773142739,82.5));
#8356=CARTESIAN_POINT('',(-164.612713704538,-13.7765991303368,75.));
#8357=CARTESIAN_POINT('Ctrl Pts',(-164.612713704538,-13.7765991303368,75.));
#8358=CARTESIAN_POINT('Ctrl Pts',(-164.923205976597,-14.5830151450081,75.));
#8359=CARTESIAN_POINT('Ctrl Pts',(-170.702663686228,-18.1388773142739,75.));
#8360=CARTESIAN_POINT('',(-164.612713704538,-13.7765991303368,82.5));
#8361=CARTESIAN_POINT('Ctrl Pts',(-164.612713704538,-13.7765991303368,82.5));
#8362=CARTESIAN_POINT('Ctrl Pts',(-164.923205976597,-14.5830151450081,82.5));
#8363=CARTESIAN_POINT('Ctrl Pts',(-170.702663686228,-18.1388773142739,82.5));
#8364=CARTESIAN_POINT('',(-164.612713704538,-13.7765991303368,75.));
#8365=CARTESIAN_POINT('Ctrl Pts',(-165.397649885289,-7.32683745482002,75.));
#8366=CARTESIAN_POINT('Ctrl Pts',(-165.397649885289,-7.32683745482002,82.5));
#8367=CARTESIAN_POINT('Ctrl Pts',(-164.302221432479,-12.9701831156655,75.));
#8368=CARTESIAN_POINT('Ctrl Pts',(-164.302221432479,-12.9701831156655,82.5));
#8369=CARTESIAN_POINT('Ctrl Pts',(-164.612713704538,-13.7765991303368,75.));
#8370=CARTESIAN_POINT('Ctrl Pts',(-164.612713704538,-13.7765991303368,82.5));
#8371=CARTESIAN_POINT('',(-165.397649885289,-7.32683745482002,75.));
#8372=CARTESIAN_POINT('Ctrl Pts',(-165.397649885289,-7.32683745482002,75.));
#8373=CARTESIAN_POINT('Ctrl Pts',(-164.302221432479,-12.9701831156655,75.));
#8374=CARTESIAN_POINT('Ctrl Pts',(-164.612713704538,-13.7765991303368,75.));
#8375=CARTESIAN_POINT('',(-165.397649885289,-7.32683745482002,82.5));
#8376=CARTESIAN_POINT('Ctrl Pts',(-165.397649885289,-7.32683745482002,82.5));
#8377=CARTESIAN_POINT('Ctrl Pts',(-164.302221432479,-12.9701831156655,82.5));
#8378=CARTESIAN_POINT('Ctrl Pts',(-164.612713704538,-13.7765991303368,82.5));
#8379=CARTESIAN_POINT('',(-165.397649885289,-7.32683745482002,75.));
#8380=CARTESIAN_POINT('Ctrl Pts',(-168.26711289862,0.137473364487937,75.));
#8381=CARTESIAN_POINT('Ctrl Pts',(-168.26711289862,0.137473364487937,82.5));
#8382=CARTESIAN_POINT('Ctrl Pts',(-166.493078338098,-1.68349179397459,75.));
#8383=CARTESIAN_POINT('Ctrl Pts',(-166.493078338098,-1.68349179397459,82.5));
#8384=CARTESIAN_POINT('Ctrl Pts',(-165.397649885289,-7.32683745482002,75.));
#8385=CARTESIAN_POINT('Ctrl Pts',(-165.397649885289,-7.32683745482002,82.5));
#8386=CARTESIAN_POINT('',(-168.26711289862,0.137473364487937,75.));
#8387=CARTESIAN_POINT('Ctrl Pts',(-168.26711289862,0.137473364487937,75.));
#8388=CARTESIAN_POINT('Ctrl Pts',(-166.493078338098,-1.68349179397459,75.));
#8389=CARTESIAN_POINT('Ctrl Pts',(-165.397649885289,-7.32683745482002,75.));
#8390=CARTESIAN_POINT('',(-168.26711289862,0.137473364487937,82.5));
#8391=CARTESIAN_POINT('Ctrl Pts',(-168.26711289862,0.137473364487937,82.5));
#8392=CARTESIAN_POINT('Ctrl Pts',(-166.493078338098,-1.68349179397459,82.5));
#8393=CARTESIAN_POINT('Ctrl Pts',(-165.397649885289,-7.32683745482002,82.5));
#8394=CARTESIAN_POINT('',(-168.26711289862,0.137473364487937,75.));
#8395=CARTESIAN_POINT('Ctrl Pts',(-176.209685828638,-0.760215300902072,
75.));
#8396=CARTESIAN_POINT('Ctrl Pts',(-176.209685828638,-0.760215300902072,
82.5));
#8397=CARTESIAN_POINT('Ctrl Pts',(-170.041147459141,1.95843460684583,75.));
#8398=CARTESIAN_POINT('Ctrl Pts',(-170.041147459141,1.95843460684583,82.5));
#8399=CARTESIAN_POINT('Ctrl Pts',(-168.26711289862,0.137473364487937,75.));
#8400=CARTESIAN_POINT('Ctrl Pts',(-168.26711289862,0.137473364487937,82.5));
#8401=CARTESIAN_POINT('',(-176.209685828638,-0.760215300902072,75.));
#8402=CARTESIAN_POINT('Ctrl Pts',(-176.209685828638,-0.760215300902072,
75.));
#8403=CARTESIAN_POINT('Ctrl Pts',(-170.041147459141,1.95843460684583,75.));
#8404=CARTESIAN_POINT('Ctrl Pts',(-168.26711289862,0.137473364487937,75.));
#8405=CARTESIAN_POINT('',(-176.209685828638,-0.760215300902072,82.5));
#8406=CARTESIAN_POINT('Ctrl Pts',(-176.209685828638,-0.760215300902072,
82.5));
#8407=CARTESIAN_POINT('Ctrl Pts',(-170.041147459141,1.95843460684583,82.5));
#8408=CARTESIAN_POINT('Ctrl Pts',(-168.26711289862,0.137473364487937,82.5));
#8409=CARTESIAN_POINT('',(-176.209685828638,-0.760215300902072,75.));
#8410=CARTESIAN_POINT('Ctrl Pts',(-179.782050462834,-12.2825190579338,75.));
#8411=CARTESIAN_POINT('Ctrl Pts',(-179.782050462834,-12.2825190579338,82.5));
#8412=CARTESIAN_POINT('Ctrl Pts',(-182.378232030344,-3.47886520864998,75.));
#8413=CARTESIAN_POINT('Ctrl Pts',(-182.378232030344,-3.47886520864998,82.5));
#8414=CARTESIAN_POINT('Ctrl Pts',(-176.209685828638,-0.760215300902072,
75.));
#8415=CARTESIAN_POINT('Ctrl Pts',(-176.209685828638,-0.760215300902072,
82.5));
#8416=CARTESIAN_POINT('Ctrl Pts',(-179.782050462834,-12.2825190579338,75.));
#8417=CARTESIAN_POINT('Ctrl Pts',(-182.378232030344,-3.47886520864998,75.));
#8418=CARTESIAN_POINT('Ctrl Pts',(-176.209685828638,-0.760215300902072,
75.));
#8419=CARTESIAN_POINT('Ctrl Pts',(-179.782050462834,-12.2825190579338,82.5));
#8420=CARTESIAN_POINT('Ctrl Pts',(-182.378232030344,-3.47886520864998,82.5));
#8421=CARTESIAN_POINT('Ctrl Pts',(-176.209685828638,-0.760215300902072,
82.5));
#8422=CARTESIAN_POINT('Ctrl Pts',(-209.800449277989,38.6277771409111,75.));
#8423=CARTESIAN_POINT('Ctrl Pts',(-209.800449277989,38.6277771409111,82.5));
#8424=CARTESIAN_POINT('Ctrl Pts',(-212.464523027033,42.9690650206673,75.));
#8425=CARTESIAN_POINT('Ctrl Pts',(-212.464523027033,42.9690650206673,82.5));
#8426=CARTESIAN_POINT('Ctrl Pts',(-211.248071731558,45.6610973641589,75.));
#8427=CARTESIAN_POINT('Ctrl Pts',(-211.248071731558,45.6610973641589,82.5));
#8428=CARTESIAN_POINT('',(-209.800449277989,38.6277771409111,75.));
#8429=CARTESIAN_POINT('',(-211.248071731558,45.6610973641589,75.));
#8430=CARTESIAN_POINT('Ctrl Pts',(-209.800449277989,38.6277771409111,75.));
#8431=CARTESIAN_POINT('Ctrl Pts',(-212.464523027033,42.9690650206673,75.));
#8432=CARTESIAN_POINT('Ctrl Pts',(-211.248071731558,45.6610973641589,75.));
#8433=CARTESIAN_POINT('',(-211.248071731558,45.6610973641589,82.5));
#8434=CARTESIAN_POINT('',(-211.248071731558,45.6610973641589,75.));
#8435=CARTESIAN_POINT('',(-209.800449277989,38.6277771409111,82.5));
#8436=CARTESIAN_POINT('Ctrl Pts',(-209.800449277989,38.6277771409111,82.5));
#8437=CARTESIAN_POINT('Ctrl Pts',(-212.464523027033,42.9690650206673,82.5));
#8438=CARTESIAN_POINT('Ctrl Pts',(-211.248071731558,45.6610973641589,82.5));
#8439=CARTESIAN_POINT('',(-209.800449277989,38.6277771409111,75.));
#8440=CARTESIAN_POINT('Ctrl Pts',(-194.24038709588,28.890222406681,75.));
#8441=CARTESIAN_POINT('Ctrl Pts',(-194.24038709588,28.890222406681,82.5));
#8442=CARTESIAN_POINT('Ctrl Pts',(-202.78788462491,27.200331228391,75.));
#8443=CARTESIAN_POINT('Ctrl Pts',(-202.78788462491,27.200331228391,82.5));
#8444=CARTESIAN_POINT('Ctrl Pts',(-209.800449277989,38.6277771409111,75.));
#8445=CARTESIAN_POINT('Ctrl Pts',(-209.800449277989,38.6277771409111,82.5));
#8446=CARTESIAN_POINT('',(-194.24038709588,28.890222406681,75.));
#8447=CARTESIAN_POINT('Ctrl Pts',(-194.24038709588,28.890222406681,75.));
#8448=CARTESIAN_POINT('Ctrl Pts',(-202.78788462491,27.200331228391,75.));
#8449=CARTESIAN_POINT('Ctrl Pts',(-209.800449277989,38.6277771409111,75.));
#8450=CARTESIAN_POINT('',(-194.24038709588,28.890222406681,82.5));
#8451=CARTESIAN_POINT('Ctrl Pts',(-194.24038709588,28.890222406681,82.5));
#8452=CARTESIAN_POINT('Ctrl Pts',(-202.78788462491,27.200331228391,82.5));
#8453=CARTESIAN_POINT('Ctrl Pts',(-209.800449277989,38.6277771409111,82.5));
#8454=CARTESIAN_POINT('',(-194.24038709588,28.890222406681,75.));
#8455=CARTESIAN_POINT('Ctrl Pts',(-181.440191822799,39.7545755498962,75.));
#8456=CARTESIAN_POINT('Ctrl Pts',(-181.440191822799,39.7545755498962,82.5));
#8457=CARTESIAN_POINT('Ctrl Pts',(-185.692885650746,30.5801135849711,75.));
#8458=CARTESIAN_POINT('Ctrl Pts',(-185.692885650746,30.5801135849711,82.5));
#8459=CARTESIAN_POINT('Ctrl Pts',(-194.24038709588,28.890222406681,75.));
#8460=CARTESIAN_POINT('Ctrl Pts',(-194.24038709588,28.890222406681,82.5));
#8461=CARTESIAN_POINT('',(-181.440191822799,39.7545755498962,75.));
#8462=CARTESIAN_POINT('Ctrl Pts',(-181.440191822799,39.7545755498962,75.));
#8463=CARTESIAN_POINT('Ctrl Pts',(-185.692885650746,30.5801135849711,75.));
#8464=CARTESIAN_POINT('Ctrl Pts',(-194.24038709588,28.890222406681,75.));
#8465=CARTESIAN_POINT('',(-181.440191822799,39.7545755498962,82.5));
#8466=CARTESIAN_POINT('Ctrl Pts',(-181.440191822799,39.7545755498962,82.5));
#8467=CARTESIAN_POINT('Ctrl Pts',(-185.692885650746,30.5801135849711,82.5));
#8468=CARTESIAN_POINT('Ctrl Pts',(-194.24038709588,28.890222406681,82.5));
#8469=CARTESIAN_POINT('',(-181.440191822799,39.7545755498962,75.));
#8470=CARTESIAN_POINT('Ctrl Pts',(-178.733348274297,45.6610973641589,75.));
#8471=CARTESIAN_POINT('Ctrl Pts',(-178.733348274297,45.6610973641589,82.5));
#8472=CARTESIAN_POINT('Ctrl Pts',(-179.759535969915,43.3803044331962,75.));
#8473=CARTESIAN_POINT('Ctrl Pts',(-179.759535969915,43.3803044331962,82.5));
#8474=CARTESIAN_POINT('Ctrl Pts',(-181.440191822799,39.7545755498962,75.));
#8475=CARTESIAN_POINT('Ctrl Pts',(-181.440191822799,39.7545755498962,82.5));
#8476=CARTESIAN_POINT('',(-178.733348274297,45.6610973641589,75.));
#8477=CARTESIAN_POINT('Ctrl Pts',(-178.733348274297,45.6610973641589,75.));
#8478=CARTESIAN_POINT('Ctrl Pts',(-179.759535969915,43.3803044331962,75.));
#8479=CARTESIAN_POINT('Ctrl Pts',(-181.440191822799,39.7545755498962,75.));
#8480=CARTESIAN_POINT('',(-178.733348274297,45.6610973641589,82.5));
#8481=CARTESIAN_POINT('Ctrl Pts',(-178.733348274297,45.6610973641589,82.5));
#8482=CARTESIAN_POINT('Ctrl Pts',(-179.759535969915,43.3803044331962,82.5));
#8483=CARTESIAN_POINT('Ctrl Pts',(-181.440191822799,39.7545755498962,82.5));
#8484=CARTESIAN_POINT('',(-178.733348274297,45.6610973641589,75.));
#8485=CARTESIAN_POINT('Origin',(-211.248071731558,45.6610973641589,75.));
#8486=CARTESIAN_POINT('',(-168.090566815218,45.6610973641589,75.));
#8487=CARTESIAN_POINT('',(-168.090566815218,45.6610973641589,82.5));
#8488=CARTESIAN_POINT('Ctrl Pts',(-190.124733433517,-36.9016473496997,75.));
#8489=CARTESIAN_POINT('Ctrl Pts',(-190.124733433517,-36.9016473496997,82.5));
#8490=CARTESIAN_POINT('Ctrl Pts',(-192.86021084288,-44.6026984424833,75.));
#8491=CARTESIAN_POINT('Ctrl Pts',(-192.86021084288,-44.6026984424833,82.5));
#8492=CARTESIAN_POINT('Ctrl Pts',(-199.093631233962,-41.0933752606952,75.));
#8493=CARTESIAN_POINT('Ctrl Pts',(-199.093631233962,-41.0933752606952,82.5));
#8494=CARTESIAN_POINT('',(-190.124733433517,-36.9016473496997,75.));
#8495=CARTESIAN_POINT('',(-199.093631233962,-41.0933752606952,75.));
#8496=CARTESIAN_POINT('Ctrl Pts',(-190.124733433517,-36.9016473496997,75.));
#8497=CARTESIAN_POINT('Ctrl Pts',(-192.86021084288,-44.6026984424833,75.));
#8498=CARTESIAN_POINT('Ctrl Pts',(-199.093631233962,-41.0933752606952,75.));
#8499=CARTESIAN_POINT('',(-199.093631233962,-41.0933752606952,82.5));
#8500=CARTESIAN_POINT('',(-199.093631233962,-41.0933752606952,75.));
#8501=CARTESIAN_POINT('',(-190.124733433517,-36.9016473496997,82.5));
#8502=CARTESIAN_POINT('Ctrl Pts',(-190.124733433517,-36.9016473496997,82.5));
#8503=CARTESIAN_POINT('Ctrl Pts',(-192.86021084288,-44.6026984424833,82.5));
#8504=CARTESIAN_POINT('Ctrl Pts',(-199.093631233962,-41.0933752606952,82.5));
#8505=CARTESIAN_POINT('',(-190.124733433517,-36.9016473496997,75.));
#8506=CARTESIAN_POINT('Ctrl Pts',(-194.000557015848,-28.4780357907855,75.));
#8507=CARTESIAN_POINT('Ctrl Pts',(-194.000557015848,-28.4780357907855,82.5));
#8508=CARTESIAN_POINT('Ctrl Pts',(-187.389256024154,-29.2005962569161,75.));
#8509=CARTESIAN_POINT('Ctrl Pts',(-187.389256024154,-29.2005962569161,82.5));
#8510=CARTESIAN_POINT('Ctrl Pts',(-190.124733433517,-36.9016473496997,75.));
#8511=CARTESIAN_POINT('Ctrl Pts',(-190.124733433517,-36.9016473496997,82.5));
#8512=CARTESIAN_POINT('',(-194.000557015848,-28.4780357907855,75.));
#8513=CARTESIAN_POINT('Ctrl Pts',(-194.000557015848,-28.4780357907855,75.));
#8514=CARTESIAN_POINT('Ctrl Pts',(-187.389256024154,-29.2005962569161,75.));
#8515=CARTESIAN_POINT('Ctrl Pts',(-190.124733433517,-36.9016473496997,75.));
#8516=CARTESIAN_POINT('',(-194.000557015848,-28.4780357907855,82.5));
#8517=CARTESIAN_POINT('Ctrl Pts',(-194.000557015848,-28.4780357907855,82.5));
#8518=CARTESIAN_POINT('Ctrl Pts',(-187.389256024154,-29.2005962569161,82.5));
#8519=CARTESIAN_POINT('Ctrl Pts',(-190.124733433517,-36.9016473496997,82.5));
#8520=CARTESIAN_POINT('',(-194.000557015848,-28.4780357907855,75.));
#8521=CARTESIAN_POINT('Ctrl Pts',(-202.969450900189,-32.669763701781,75.));
#8522=CARTESIAN_POINT('Ctrl Pts',(-202.969450900189,-32.669763701781,82.5));
#8523=CARTESIAN_POINT('Ctrl Pts',(-200.611854091438,-27.7554674924457,75.));
#8524=CARTESIAN_POINT('Ctrl Pts',(-200.611854091438,-27.7554674924457,82.5));
#8525=CARTESIAN_POINT('Ctrl Pts',(-194.000557015848,-28.4780357907855,75.));
#8526=CARTESIAN_POINT('Ctrl Pts',(-194.000557015848,-28.4780357907855,82.5));
#8527=CARTESIAN_POINT('',(-202.969450900189,-32.669763701781,75.));
#8528=CARTESIAN_POINT('Ctrl Pts',(-202.969450900189,-32.669763701781,75.));
#8529=CARTESIAN_POINT('Ctrl Pts',(-200.611854091438,-27.7554674924457,75.));
#8530=CARTESIAN_POINT('Ctrl Pts',(-194.000557015848,-28.4780357907855,75.));
#8531=CARTESIAN_POINT('',(-202.969450900189,-32.669763701781,82.5));
#8532=CARTESIAN_POINT('Ctrl Pts',(-202.969450900189,-32.669763701781,82.5));
#8533=CARTESIAN_POINT('Ctrl Pts',(-200.611854091438,-27.7554674924457,82.5));
#8534=CARTESIAN_POINT('Ctrl Pts',(-194.000557015848,-28.4780357907855,82.5));
#8535=CARTESIAN_POINT('',(-202.969450900189,-32.669763701781,75.));
#8536=CARTESIAN_POINT('Ctrl Pts',(-199.093631233962,-41.0933752606952,75.));
#8537=CARTESIAN_POINT('Ctrl Pts',(-199.093631233962,-41.0933752606952,82.5));
#8538=CARTESIAN_POINT('Ctrl Pts',(-205.32704770894,-37.584052078907,75.));
#8539=CARTESIAN_POINT('Ctrl Pts',(-205.32704770894,-37.584052078907,82.5));
#8540=CARTESIAN_POINT('Ctrl Pts',(-202.969450900189,-32.669763701781,75.));
#8541=CARTESIAN_POINT('Ctrl Pts',(-202.969450900189,-32.669763701781,82.5));
#8542=CARTESIAN_POINT('Ctrl Pts',(-199.093631233962,-41.0933752606952,75.));
#8543=CARTESIAN_POINT('Ctrl Pts',(-205.32704770894,-37.584052078907,75.));
#8544=CARTESIAN_POINT('Ctrl Pts',(-202.969450900189,-32.669763701781,75.));
#8545=CARTESIAN_POINT('Ctrl Pts',(-199.093631233962,-41.0933752606952,82.5));
#8546=CARTESIAN_POINT('Ctrl Pts',(-205.32704770894,-37.584052078907,82.5));
#8547=CARTESIAN_POINT('Ctrl Pts',(-202.969450900189,-32.669763701781,82.5));
#8548=CARTESIAN_POINT('Ctrl Pts',(-152.021356459411,-8.75392472523883,75.));
#8549=CARTESIAN_POINT('Ctrl Pts',(-152.021356459411,-8.75392472523883,82.5));
#8550=CARTESIAN_POINT('Ctrl Pts',(-162.350990969451,-11.7088802188479,75.));
#8551=CARTESIAN_POINT('Ctrl Pts',(-162.350990969451,-11.7088802188479,82.5));
#8552=CARTESIAN_POINT('Ctrl Pts',(-163.307452533197,-6.78145331067278,75.));
#8553=CARTESIAN_POINT('Ctrl Pts',(-163.307452533197,-6.78145331067278,82.5));
#8554=CARTESIAN_POINT('',(-152.021356459411,-8.75392472523883,75.));
#8555=CARTESIAN_POINT('',(-163.307452533197,-6.78145331067278,75.));
#8556=CARTESIAN_POINT('Ctrl Pts',(-152.021356459411,-8.75392472523883,75.));
#8557=CARTESIAN_POINT('Ctrl Pts',(-162.350990969451,-11.7088802188479,75.));
#8558=CARTESIAN_POINT('Ctrl Pts',(-163.307452533197,-6.78145331067278,75.));
#8559=CARTESIAN_POINT('',(-163.307452533197,-6.78145331067278,82.5));
#8560=CARTESIAN_POINT('',(-163.307452533197,-6.78145331067278,75.));
#8561=CARTESIAN_POINT('',(-152.021356459411,-8.75392472523883,82.5));
#8562=CARTESIAN_POINT('Ctrl Pts',(-152.021356459411,-8.75392472523883,82.5));
#8563=CARTESIAN_POINT('Ctrl Pts',(-162.350990969451,-11.7088802188479,82.5));
#8564=CARTESIAN_POINT('Ctrl Pts',(-163.307452533197,-6.78145331067278,82.5));
#8565=CARTESIAN_POINT('',(-152.021356459411,-8.75392472523883,75.));
#8566=CARTESIAN_POINT('Ctrl Pts',(-141.70331363381,-0.0429658182232585,
75.));
#8567=CARTESIAN_POINT('Ctrl Pts',(-141.70331363381,-0.0429658182232585,
82.5));
#8568=CARTESIAN_POINT('Ctrl Pts',(-142.037644321652,-5.89791985251096,75.));
#8569=CARTESIAN_POINT('Ctrl Pts',(-142.037644321652,-5.89791985251096,82.5));
#8570=CARTESIAN_POINT('Ctrl Pts',(-152.021356459411,-8.75392472523883,75.));
#8571=CARTESIAN_POINT('Ctrl Pts',(-152.021356459411,-8.75392472523883,82.5));
#8572=CARTESIAN_POINT('',(-141.70331363381,-0.0429658182232585,75.));
#8573=CARTESIAN_POINT('Ctrl Pts',(-141.70331363381,-0.0429658182232585,
75.));
#8574=CARTESIAN_POINT('Ctrl Pts',(-142.037644321652,-5.89791985251096,75.));
#8575=CARTESIAN_POINT('Ctrl Pts',(-152.021356459411,-8.75392472523883,75.));
#8576=CARTESIAN_POINT('',(-141.70331363381,-0.0429658182232595,82.5));
#8577=CARTESIAN_POINT('Ctrl Pts',(-141.70331363381,-0.0429658182232585,
82.5));
#8578=CARTESIAN_POINT('Ctrl Pts',(-142.037644321652,-5.89791985251096,82.5));
#8579=CARTESIAN_POINT('Ctrl Pts',(-152.021356459411,-8.75392472523883,82.5));
#8580=CARTESIAN_POINT('',(-141.70331363381,-0.0429658182232585,75.));
#8581=CARTESIAN_POINT('Origin',(-143.92267722337,3.80108467936141,75.));
#8582=CARTESIAN_POINT('',(-143.92267722337,3.80108467936141,75.));
#8583=CARTESIAN_POINT('',(-135.949550663841,-10.008775616919,75.));
#8584=CARTESIAN_POINT('',(-143.92267722337,3.80108467936141,82.5));
#8585=CARTESIAN_POINT('',(-135.949550663841,-10.008775616919,82.5));
#8586=CARTESIAN_POINT('',(-143.92267722337,3.80108467936141,75.));
#8587=CARTESIAN_POINT('Ctrl Pts',(-152.977818023157,2.33882934663262,75.));
#8588=CARTESIAN_POINT('Ctrl Pts',(-152.977818023157,2.33882934663262,82.5));
#8589=CARTESIAN_POINT('Ctrl Pts',(-146.709564941323,4.66752644775478,75.));
#8590=CARTESIAN_POINT('Ctrl Pts',(-146.709564941323,4.66752644775478,82.5));
#8591=CARTESIAN_POINT('Ctrl Pts',(-143.92267722337,3.80108467936141,75.));
#8592=CARTESIAN_POINT('Ctrl Pts',(-143.92267722337,3.80108467936141,82.5));
#8593=CARTESIAN_POINT('',(-152.977818023157,2.33882934663262,75.));
#8594=CARTESIAN_POINT('Ctrl Pts',(-152.977818023157,2.33882934663262,75.));
#8595=CARTESIAN_POINT('Ctrl Pts',(-146.709564941323,4.66752644775478,75.));
#8596=CARTESIAN_POINT('Ctrl Pts',(-143.92267722337,3.80108467936141,75.));
#8597=CARTESIAN_POINT('',(-152.977818023157,2.33882934663262,82.5));
#8598=CARTESIAN_POINT('Ctrl Pts',(-152.977818023157,2.33882934663262,82.5));
#8599=CARTESIAN_POINT('Ctrl Pts',(-146.709564941323,4.66752644775478,82.5));
#8600=CARTESIAN_POINT('Ctrl Pts',(-143.92267722337,3.80108467936141,82.5));
#8601=CARTESIAN_POINT('',(-152.977818023157,2.33882934663262,75.));
#8602=CARTESIAN_POINT('Ctrl Pts',(-163.307452533197,-6.78145331067278,75.));
#8603=CARTESIAN_POINT('Ctrl Pts',(-163.307452533197,-6.78145331067278,82.5));
#8604=CARTESIAN_POINT('Ctrl Pts',(-164.263914096943,-1.85402640249763,75.));
#8605=CARTESIAN_POINT('Ctrl Pts',(-164.263914096943,-1.85402640249763,82.5));
#8606=CARTESIAN_POINT('Ctrl Pts',(-152.977818023157,2.33882934663262,75.));
#8607=CARTESIAN_POINT('Ctrl Pts',(-152.977818023157,2.33882934663262,82.5));
#8608=CARTESIAN_POINT('Ctrl Pts',(-163.307452533197,-6.78145331067278,75.));
#8609=CARTESIAN_POINT('Ctrl Pts',(-164.263914096943,-1.85402640249763,75.));
#8610=CARTESIAN_POINT('Ctrl Pts',(-152.977818023157,2.33882934663262,75.));
#8611=CARTESIAN_POINT('Ctrl Pts',(-163.307452533197,-6.78145331067278,82.5));
#8612=CARTESIAN_POINT('Ctrl Pts',(-164.263914096943,-1.85402640249763,82.5));
#8613=CARTESIAN_POINT('Ctrl Pts',(-152.977818023157,2.33882934663262,82.5));
#8614=CARTESIAN_POINT('Ctrl Pts',(-182.188324452194,-11.7445011066043,75.));
#8615=CARTESIAN_POINT('Ctrl Pts',(-182.188324452194,-11.7445011066043,82.5));
#8616=CARTESIAN_POINT('Ctrl Pts',(-179.807129196914,-19.8191446654244,75.));
#8617=CARTESIAN_POINT('Ctrl Pts',(-179.807129196914,-19.8191446654244,82.5));
#8618=CARTESIAN_POINT('Ctrl Pts',(-188.806838908625,-16.4172637303912,75.));
#8619=CARTESIAN_POINT('Ctrl Pts',(-188.806838908625,-16.4172637303912,82.5));
#8620=CARTESIAN_POINT('',(-182.188324452194,-11.7445011066043,75.));
#8621=CARTESIAN_POINT('',(-188.806838908625,-16.4172637303912,75.));
#8622=CARTESIAN_POINT('Ctrl Pts',(-182.188324452194,-11.7445011066043,75.));
#8623=CARTESIAN_POINT('Ctrl Pts',(-179.807129196914,-19.8191446654244,75.));
#8624=CARTESIAN_POINT('Ctrl Pts',(-188.806838908625,-16.4172637303912,75.));
#8625=CARTESIAN_POINT('',(-188.806838908625,-16.4172637303912,82.5));
#8626=CARTESIAN_POINT('',(-188.806838908625,-16.4172637303912,75.));
#8627=CARTESIAN_POINT('',(-182.188324452194,-11.7445011066043,82.5));
#8628=CARTESIAN_POINT('Ctrl Pts',(-182.188324452194,-11.7445011066043,82.5));
#8629=CARTESIAN_POINT('Ctrl Pts',(-179.807129196914,-19.8191446654244,82.5));
#8630=CARTESIAN_POINT('Ctrl Pts',(-188.806838908625,-16.4172637303912,82.5));
#8631=CARTESIAN_POINT('',(-182.188324452194,-11.7445011066043,75.));
#8632=CARTESIAN_POINT('Ctrl Pts',(-188.63433449947,-1.9584924097303,75.));
#8633=CARTESIAN_POINT('Ctrl Pts',(-188.63433449947,-1.9584924097303,82.5));
#8634=CARTESIAN_POINT('Ctrl Pts',(-184.569519707473,-3.66985363167956,75.));
#8635=CARTESIAN_POINT('Ctrl Pts',(-184.569519707473,-3.66985363167956,82.5));
#8636=CARTESIAN_POINT('Ctrl Pts',(-182.188324452194,-11.7445011066043,75.));
#8637=CARTESIAN_POINT('Ctrl Pts',(-182.188324452194,-11.7445011066043,82.5));
#8638=CARTESIAN_POINT('',(-188.63433449947,-1.9584924097303,75.));
#8639=CARTESIAN_POINT('Ctrl Pts',(-188.63433449947,-1.9584924097303,75.));
#8640=CARTESIAN_POINT('Ctrl Pts',(-184.569519707473,-3.66985363167956,75.));
#8641=CARTESIAN_POINT('Ctrl Pts',(-182.188324452194,-11.7445011066043,75.));
#8642=CARTESIAN_POINT('',(-188.63433449947,-1.9584924097303,82.5));
#8643=CARTESIAN_POINT('Ctrl Pts',(-188.63433449947,-1.9584924097303,82.5));
#8644=CARTESIAN_POINT('Ctrl Pts',(-184.569519707473,-3.66985363167956,82.5));
#8645=CARTESIAN_POINT('Ctrl Pts',(-182.188324452194,-11.7445011066043,82.5));
#8646=CARTESIAN_POINT('',(-188.63433449947,-1.9584924097303,75.));
#8647=CARTESIAN_POINT('Ctrl Pts',(-195.252848955901,-6.63125894962186,75.));
#8648=CARTESIAN_POINT('Ctrl Pts',(-195.252848955901,-6.63125894962186,82.5));
#8649=CARTESIAN_POINT('Ctrl Pts',(-192.699141459258,-0.24713118778104,75.));
#8650=CARTESIAN_POINT('Ctrl Pts',(-192.699141459258,-0.24713118778104,82.5));
#8651=CARTESIAN_POINT('Ctrl Pts',(-188.63433449947,-1.9584924097303,75.));
#8652=CARTESIAN_POINT('Ctrl Pts',(-188.63433449947,-1.9584924097303,82.5));
#8653=CARTESIAN_POINT('',(-195.252848955901,-6.63125894962186,75.));
#8654=CARTESIAN_POINT('Ctrl Pts',(-195.252848955901,-6.63125894962186,75.));
#8655=CARTESIAN_POINT('Ctrl Pts',(-192.699141459258,-0.24713118778104,75.));
#8656=CARTESIAN_POINT('Ctrl Pts',(-188.63433449947,-1.9584924097303,75.));
#8657=CARTESIAN_POINT('',(-195.252848955901,-6.63125894962186,82.5));
#8658=CARTESIAN_POINT('Ctrl Pts',(-195.252848955901,-6.63125894962186,82.5));
#8659=CARTESIAN_POINT('Ctrl Pts',(-192.699141459258,-0.24713118778104,82.5));
#8660=CARTESIAN_POINT('Ctrl Pts',(-188.63433449947,-1.9584924097303,82.5));
#8661=CARTESIAN_POINT('',(-195.252848955901,-6.63125894962186,75.));
#8662=CARTESIAN_POINT('Ctrl Pts',(-188.806838908625,-16.4172637303912,75.));
#8663=CARTESIAN_POINT('Ctrl Pts',(-188.806838908625,-16.4172637303912,82.5));
#8664=CARTESIAN_POINT('Ctrl Pts',(-197.806548620335,-13.0153867114627,75.));
#8665=CARTESIAN_POINT('Ctrl Pts',(-197.806548620335,-13.0153867114627,82.5));
#8666=CARTESIAN_POINT('Ctrl Pts',(-195.252848955901,-6.63125894962186,75.));
#8667=CARTESIAN_POINT('Ctrl Pts',(-195.252848955901,-6.63125894962186,82.5));
#8668=CARTESIAN_POINT('Ctrl Pts',(-188.806838908625,-16.4172637303912,75.));
#8669=CARTESIAN_POINT('Ctrl Pts',(-197.806548620335,-13.0153867114627,75.));
#8670=CARTESIAN_POINT('Ctrl Pts',(-195.252848955901,-6.63125894962186,75.));
#8671=CARTESIAN_POINT('Ctrl Pts',(-188.806838908625,-16.4172637303912,82.5));
#8672=CARTESIAN_POINT('Ctrl Pts',(-197.806548620335,-13.0153867114627,82.5));
#8673=CARTESIAN_POINT('Ctrl Pts',(-195.252848955901,-6.63125894962186,82.5));
#8674=CARTESIAN_POINT('Origin',(-251.576921864811,-31.076039913369,75.));
#8675=CARTESIAN_POINT('',(-251.576921864811,-31.076039913369,75.));
#8676=CARTESIAN_POINT('',(-261.552310453583,-13.7981600523727,75.));
#8677=CARTESIAN_POINT('',(-263.740112577455,-10.0087756169189,75.));
#8678=CARTESIAN_POINT('',(-261.552310453583,-13.7981600523727,82.5));
#8679=CARTESIAN_POINT('',(-261.552310453583,-13.7981600523727,75.));
#8680=CARTESIAN_POINT('',(-251.576921864811,-31.076039913369,82.5));
#8681=CARTESIAN_POINT('',(-263.740112577455,-10.0087756169189,82.5));
#8682=CARTESIAN_POINT('',(-251.576921864811,-31.076039913369,75.));
#8683=CARTESIAN_POINT('Ctrl Pts',(-246.848285283041,-29.0492623094165,75.));
#8684=CARTESIAN_POINT('Ctrl Pts',(-246.848285283041,-29.0492623094165,82.5));
#8685=CARTESIAN_POINT('Ctrl Pts',(-249.452951122993,-30.2158776968047,75.));
#8686=CARTESIAN_POINT('Ctrl Pts',(-249.452951122993,-30.2158776968047,82.5));
#8687=CARTESIAN_POINT('Ctrl Pts',(-251.576921864811,-31.076039913369,75.));
#8688=CARTESIAN_POINT('Ctrl Pts',(-251.576921864811,-31.076039913369,82.5));
#8689=CARTESIAN_POINT('',(-246.848285283041,-29.0492623094165,75.));
#8690=CARTESIAN_POINT('Ctrl Pts',(-246.848285283041,-29.0492623094165,75.));
#8691=CARTESIAN_POINT('Ctrl Pts',(-249.452951122993,-30.2158776968047,75.));
#8692=CARTESIAN_POINT('Ctrl Pts',(-251.576921864811,-31.076039913369,75.));
#8693=CARTESIAN_POINT('',(-246.848285283041,-29.0492623094165,82.5));
#8694=CARTESIAN_POINT('Ctrl Pts',(-246.848285283041,-29.0492623094165,82.5));
#8695=CARTESIAN_POINT('Ctrl Pts',(-249.452951122993,-30.2158776968047,82.5));
#8696=CARTESIAN_POINT('Ctrl Pts',(-251.576921864811,-31.076039913369,82.5));
#8697=CARTESIAN_POINT('',(-246.848285283041,-29.0492623094165,75.));
#8698=CARTESIAN_POINT('Ctrl Pts',(-235.616129634492,-19.4647841892484,75.));
#8699=CARTESIAN_POINT('Ctrl Pts',(-235.616129634492,-19.4647841892484,82.5));
#8700=CARTESIAN_POINT('Ctrl Pts',(-236.283222394578,-24.3172294419848,75.));
#8701=CARTESIAN_POINT('Ctrl Pts',(-236.283222394578,-24.3172294419848,82.5));
#8702=CARTESIAN_POINT('Ctrl Pts',(-246.848285283041,-29.0492623094165,75.));
#8703=CARTESIAN_POINT('Ctrl Pts',(-246.848285283041,-29.0492623094165,82.5));
#8704=CARTESIAN_POINT('',(-235.616129634492,-19.4647841892484,75.));
#8705=CARTESIAN_POINT('Ctrl Pts',(-235.616129634492,-19.4647841892484,75.));
#8706=CARTESIAN_POINT('Ctrl Pts',(-236.283222394578,-24.3172294419848,75.));
#8707=CARTESIAN_POINT('Ctrl Pts',(-246.848285283041,-29.0492623094165,75.));
#8708=CARTESIAN_POINT('',(-235.616129634492,-19.4647841892484,82.5));
#8709=CARTESIAN_POINT('Ctrl Pts',(-235.616129634492,-19.4647841892484,82.5));
#8710=CARTESIAN_POINT('Ctrl Pts',(-236.283222394578,-24.3172294419848,82.5));
#8711=CARTESIAN_POINT('Ctrl Pts',(-246.848285283041,-29.0492623094165,82.5));
#8712=CARTESIAN_POINT('',(-235.616129634492,-19.4647841892484,75.));
#8713=CARTESIAN_POINT('Ctrl Pts',(-237.209592610311,-11.3020517727776,75.));
#8714=CARTESIAN_POINT('Ctrl Pts',(-237.209592610311,-11.3020517727776,82.5));
#8715=CARTESIAN_POINT('Ctrl Pts',(-234.949038832458,-14.612338936512,75.));
#8716=CARTESIAN_POINT('Ctrl Pts',(-234.949038832458,-14.612338936512,82.5));
#8717=CARTESIAN_POINT('Ctrl Pts',(-235.616129634492,-19.4647841892484,75.));
#8718=CARTESIAN_POINT('Ctrl Pts',(-235.616129634492,-19.4647841892484,82.5));
#8719=CARTESIAN_POINT('',(-237.209592610311,-11.3020517727776,75.));
#8720=CARTESIAN_POINT('Ctrl Pts',(-237.209592610311,-11.3020517727776,75.));
#8721=CARTESIAN_POINT('Ctrl Pts',(-234.949038832458,-14.612338936512,75.));
#8722=CARTESIAN_POINT('Ctrl Pts',(-235.616129634492,-19.4647841892484,75.));
#8723=CARTESIAN_POINT('',(-237.209592610311,-11.3020517727776,82.5));
#8724=CARTESIAN_POINT('Ctrl Pts',(-237.209592610311,-11.3020517727776,82.5));
#8725=CARTESIAN_POINT('Ctrl Pts',(-234.949038832458,-14.612338936512,82.5));
#8726=CARTESIAN_POINT('Ctrl Pts',(-235.616129634492,-19.4647841892484,82.5));
#8727=CARTESIAN_POINT('',(-237.209592610311,-11.3020517727776,75.));
#8728=CARTESIAN_POINT('Ctrl Pts',(-251.098023431015,-7.95524301722084,75.));
#8729=CARTESIAN_POINT('Ctrl Pts',(-251.098023431015,-7.95524301722084,82.5));
#8730=CARTESIAN_POINT('Ctrl Pts',(-239.470144430113,-7.99176069293852,75.));
#8731=CARTESIAN_POINT('Ctrl Pts',(-239.470144430113,-7.99176069293852,82.5));
#8732=CARTESIAN_POINT('Ctrl Pts',(-237.209592610311,-11.3020517727776,75.));
#8733=CARTESIAN_POINT('Ctrl Pts',(-237.209592610311,-11.3020517727776,82.5));
#8734=CARTESIAN_POINT('',(-251.098023431015,-7.95524301722084,75.));
#8735=CARTESIAN_POINT('Ctrl Pts',(-251.098023431015,-7.95524301722084,75.));
#8736=CARTESIAN_POINT('Ctrl Pts',(-239.470144430113,-7.99176069293852,75.));
#8737=CARTESIAN_POINT('Ctrl Pts',(-237.209592610311,-11.3020517727776,75.));
#8738=CARTESIAN_POINT('',(-251.098023431015,-7.95524301722084,82.5));
#8739=CARTESIAN_POINT('Ctrl Pts',(-251.098023431015,-7.95524301722084,82.5));
#8740=CARTESIAN_POINT('Ctrl Pts',(-239.470144430113,-7.99176069293852,82.5));
#8741=CARTESIAN_POINT('Ctrl Pts',(-237.209592610311,-11.3020517727776,82.5));
#8742=CARTESIAN_POINT('',(-251.098023431015,-7.95524301722084,75.));
#8743=CARTESIAN_POINT('Ctrl Pts',(-261.552310453583,-13.7981600523727,75.));
#8744=CARTESIAN_POINT('Ctrl Pts',(-261.552310453583,-13.7981600523727,82.5));
#8745=CARTESIAN_POINT('Ctrl Pts',(-259.031801520234,-7.93032409406573,75.));
#8746=CARTESIAN_POINT('Ctrl Pts',(-259.031801520234,-7.93032409406573,82.5));
#8747=CARTESIAN_POINT('Ctrl Pts',(-251.098023431015,-7.95524301722084,75.));
#8748=CARTESIAN_POINT('Ctrl Pts',(-251.098023431015,-7.95524301722084,82.5));
#8749=CARTESIAN_POINT('Ctrl Pts',(-261.552310453583,-13.7981600523727,75.));
#8750=CARTESIAN_POINT('Ctrl Pts',(-259.031801520234,-7.93032409406573,75.));
#8751=CARTESIAN_POINT('Ctrl Pts',(-251.098023431015,-7.95524301722084,75.));
#8752=CARTESIAN_POINT('Ctrl Pts',(-261.552310453583,-13.7981600523727,82.5));
#8753=CARTESIAN_POINT('Ctrl Pts',(-259.031801520234,-7.93032409406573,82.5));
#8754=CARTESIAN_POINT('Ctrl Pts',(-251.098023431015,-7.95524301722084,82.5));
#8755=CARTESIAN_POINT('Ctrl Pts',(-251.159677603356,-5.79921203011706,75.));
#8756=CARTESIAN_POINT('Ctrl Pts',(-251.159677603356,-5.79921203011706,82.5));
#8757=CARTESIAN_POINT('Ctrl Pts',(-257.78738145506,-5.77839654584667,75.));
#8758=CARTESIAN_POINT('Ctrl Pts',(-257.78738145506,-5.77839654584667,82.5));
#8759=CARTESIAN_POINT('Ctrl Pts',(-260.617263477636,-4.59984231166183,75.));
#8760=CARTESIAN_POINT('Ctrl Pts',(-260.617263477636,-4.59984231166183,82.5));
#8761=CARTESIAN_POINT('',(-251.159677603356,-5.79921203011706,75.));
#8762=CARTESIAN_POINT('',(-260.617263477636,-4.59984231166165,75.));
#8763=CARTESIAN_POINT('Ctrl Pts',(-251.159677603356,-5.79921203011706,75.));
#8764=CARTESIAN_POINT('Ctrl Pts',(-257.78738145506,-5.77839654584667,75.));
#8765=CARTESIAN_POINT('Ctrl Pts',(-260.617263477636,-4.59984231166183,75.));
#8766=CARTESIAN_POINT('',(-260.617263477636,-4.59984231166165,82.5));
#8767=CARTESIAN_POINT('',(-260.617263477636,-4.59984231166165,75.));
#8768=CARTESIAN_POINT('',(-251.159677603356,-5.79921203011706,82.5));
#8769=CARTESIAN_POINT('Ctrl Pts',(-251.159677603356,-5.79921203011706,82.5));
#8770=CARTESIAN_POINT('Ctrl Pts',(-257.78738145506,-5.77839654584667,82.5));
#8771=CARTESIAN_POINT('Ctrl Pts',(-260.617263477636,-4.59984231166183,82.5));
#8772=CARTESIAN_POINT('',(-251.159677603356,-5.79921203011706,75.));
#8773=CARTESIAN_POINT('Ctrl Pts',(-237.131511358054,-0.407667981171951,
75.));
#8774=CARTESIAN_POINT('Ctrl Pts',(-237.131511358054,-0.407667981171951,
82.5));
#8775=CARTESIAN_POINT('Ctrl Pts',(-239.593454732847,-5.83553781670764,75.));
#8776=CARTESIAN_POINT('Ctrl Pts',(-239.593454732847,-5.83553781670764,82.5));
#8777=CARTESIAN_POINT('Ctrl Pts',(-251.159677603356,-5.79921203011706,75.));
#8778=CARTESIAN_POINT('Ctrl Pts',(-251.159677603356,-5.79921203011706,82.5));
#8779=CARTESIAN_POINT('',(-237.131511358054,-0.407667981171951,75.));
#8780=CARTESIAN_POINT('Ctrl Pts',(-237.131511358054,-0.407667981171951,
75.));
#8781=CARTESIAN_POINT('Ctrl Pts',(-239.593454732847,-5.83553781670764,75.));
#8782=CARTESIAN_POINT('Ctrl Pts',(-251.159677603356,-5.79921203011706,75.));
#8783=CARTESIAN_POINT('',(-237.131511358054,-0.407667981171951,82.5));
#8784=CARTESIAN_POINT('Ctrl Pts',(-237.131511358054,-0.407667981171951,
82.5));
#8785=CARTESIAN_POINT('Ctrl Pts',(-239.593454732847,-5.83553781670764,82.5));
#8786=CARTESIAN_POINT('Ctrl Pts',(-251.159677603356,-5.79921203011706,82.5));
#8787=CARTESIAN_POINT('',(-237.131511358054,-0.407667981171951,75.));
#8788=CARTESIAN_POINT('Ctrl Pts',(-234.838947340918,5.43743930655286,75.));
#8789=CARTESIAN_POINT('Ctrl Pts',(-234.838947340918,5.43743930655286,82.5));
#8790=CARTESIAN_POINT('Ctrl Pts',(-234.669567983262,5.02020577046837,75.));
#8791=CARTESIAN_POINT('Ctrl Pts',(-234.669567983262,5.02020577046837,82.5));
#8792=CARTESIAN_POINT('Ctrl Pts',(-237.131511358054,-0.407667981171951,
75.));
#8793=CARTESIAN_POINT('Ctrl Pts',(-237.131511358054,-0.407667981171951,
82.5));
#8794=CARTESIAN_POINT('',(-234.838947340918,5.43743930655286,75.));
#8795=CARTESIAN_POINT('Ctrl Pts',(-234.838947340918,5.43743930655286,75.));
#8796=CARTESIAN_POINT('Ctrl Pts',(-234.669567983262,5.02020577046837,75.));
#8797=CARTESIAN_POINT('Ctrl Pts',(-237.131511358054,-0.407667981171951,
75.));
#8798=CARTESIAN_POINT('',(-234.838947340918,5.43743930655286,82.5));
#8799=CARTESIAN_POINT('Ctrl Pts',(-234.838947340918,5.43743930655286,82.5));
#8800=CARTESIAN_POINT('Ctrl Pts',(-234.669567983262,5.02020577046837,82.5));
#8801=CARTESIAN_POINT('Ctrl Pts',(-237.131511358054,-0.407667981171951,
82.5));
#8802=CARTESIAN_POINT('',(-234.838947340918,5.43743930655286,75.));
#8803=CARTESIAN_POINT('Ctrl Pts',(-239.222918786478,7.5751429239667,75.));
#8804=CARTESIAN_POINT('Ctrl Pts',(-239.222918786478,7.5751429239667,82.5));
#8805=CARTESIAN_POINT('Ctrl Pts',(-235.008328656626,5.85466892653272,75.));
#8806=CARTESIAN_POINT('Ctrl Pts',(-235.008328656626,5.85466892653272,82.5));
#8807=CARTESIAN_POINT('Ctrl Pts',(-234.838947340918,5.43743930655286,75.));
#8808=CARTESIAN_POINT('Ctrl Pts',(-234.838947340918,5.43743930655286,82.5));
#8809=CARTESIAN_POINT('',(-239.222918786478,7.5751429239667,75.));
#8810=CARTESIAN_POINT('Ctrl Pts',(-239.222918786478,7.5751429239667,75.));
#8811=CARTESIAN_POINT('Ctrl Pts',(-235.008328656626,5.85466892653272,75.));
#8812=CARTESIAN_POINT('Ctrl Pts',(-234.838947340918,5.43743930655286,75.));
#8813=CARTESIAN_POINT('',(-239.222918786478,7.5751429239667,82.5));
#8814=CARTESIAN_POINT('Ctrl Pts',(-239.222918786478,7.5751429239667,82.5));
#8815=CARTESIAN_POINT('Ctrl Pts',(-235.008328656626,5.85466892653272,82.5));
#8816=CARTESIAN_POINT('Ctrl Pts',(-234.838947340918,5.43743930655286,82.5));
#8817=CARTESIAN_POINT('',(-239.222918786478,7.5751429239667,75.));
#8818=CARTESIAN_POINT('Ctrl Pts',(-253.081704695098,5.3285715977109,75.));
#8819=CARTESIAN_POINT('Ctrl Pts',(-253.081704695098,5.3285715977109,82.5));
#8820=CARTESIAN_POINT('Ctrl Pts',(-243.437506958278,9.29561692140068,75.));
#8821=CARTESIAN_POINT('Ctrl Pts',(-243.437506958278,9.29561692140068,82.5));
#8822=CARTESIAN_POINT('Ctrl Pts',(-239.222918786478,7.5751429239667,75.));
#8823=CARTESIAN_POINT('Ctrl Pts',(-239.222918786478,7.5751429239667,82.5));
#8824=CARTESIAN_POINT('',(-253.081704695098,5.3285715977109,75.));
#8825=CARTESIAN_POINT('Ctrl Pts',(-253.081704695098,5.3285715977109,75.));
#8826=CARTESIAN_POINT('Ctrl Pts',(-243.437506958278,9.29561692140068,75.));
#8827=CARTESIAN_POINT('Ctrl Pts',(-239.222918786478,7.5751429239667,75.));
#8828=CARTESIAN_POINT('',(-253.081704695098,5.3285715977109,82.5));
#8829=CARTESIAN_POINT('Ctrl Pts',(-253.081704695098,5.3285715977109,82.5));
#8830=CARTESIAN_POINT('Ctrl Pts',(-243.437506958278,9.29561692140068,82.5));
#8831=CARTESIAN_POINT('Ctrl Pts',(-239.222918786478,7.5751429239667,82.5));
#8832=CARTESIAN_POINT('',(-253.081704695098,5.3285715977109,75.));
#8833=CARTESIAN_POINT('Ctrl Pts',(-255.495284169237,4.27168608580096,75.));
#8834=CARTESIAN_POINT('Ctrl Pts',(-255.495284169237,4.27168608580096,82.5));
#8835=CARTESIAN_POINT('Ctrl Pts',(-254.375243047332,4.79648735369457,75.));
#8836=CARTESIAN_POINT('Ctrl Pts',(-254.375243047332,4.79648735369457,82.5));
#8837=CARTESIAN_POINT('Ctrl Pts',(-253.081704695098,5.3285715977109,75.));
#8838=CARTESIAN_POINT('Ctrl Pts',(-253.081704695098,5.3285715977109,82.5));
#8839=CARTESIAN_POINT('',(-255.495284169238,4.27168608580047,75.));
#8840=CARTESIAN_POINT('Ctrl Pts',(-255.495284169237,4.27168608580096,75.));
#8841=CARTESIAN_POINT('Ctrl Pts',(-254.375243047332,4.79648735369457,75.));
#8842=CARTESIAN_POINT('Ctrl Pts',(-253.081704695098,5.3285715977109,75.));
#8843=CARTESIAN_POINT('',(-255.495284169238,4.27168608580047,82.5));
#8844=CARTESIAN_POINT('Ctrl Pts',(-255.495284169237,4.27168608580096,82.5));
#8845=CARTESIAN_POINT('Ctrl Pts',(-254.375243047332,4.79648735369457,82.5));
#8846=CARTESIAN_POINT('Ctrl Pts',(-253.081704695098,5.3285715977109,82.5));
#8847=CARTESIAN_POINT('',(-255.495284169238,4.27168608580047,75.));
#8848=CARTESIAN_POINT('Origin',(-260.617263477636,-4.59984231166161,75.));
#8849=CARTESIAN_POINT('',(-230.542472099051,47.4912243830812,75.));
#8850=CARTESIAN_POINT('',(-230.542472099051,47.4912243830812,82.5));
#8851=CARTESIAN_POINT('Ctrl Pts',(-188.254950114679,-61.0917311338031,75.));
#8852=CARTESIAN_POINT('Ctrl Pts',(-188.254950114679,-61.0917311338031,82.5));
#8853=CARTESIAN_POINT('Ctrl Pts',(-187.741676131506,-63.7398037558751,75.));
#8854=CARTESIAN_POINT('Ctrl Pts',(-187.741676131506,-63.7398037558751,82.5));
#8855=CARTESIAN_POINT('Ctrl Pts',(-188.414243531703,-65.6786485979966,75.));
#8856=CARTESIAN_POINT('Ctrl Pts',(-188.414243531703,-65.6786485979966,82.5));
#8857=CARTESIAN_POINT('',(-188.254950114679,-61.0917311338031,75.));
#8858=CARTESIAN_POINT('',(-188.414243531703,-65.6786485979966,75.));
#8859=CARTESIAN_POINT('Ctrl Pts',(-188.254950114679,-61.0917311338031,75.));
#8860=CARTESIAN_POINT('Ctrl Pts',(-187.741676131506,-63.7398037558751,75.));
#8861=CARTESIAN_POINT('Ctrl Pts',(-188.414243531703,-65.6786485979966,75.));
#8862=CARTESIAN_POINT('',(-188.414243531703,-65.6786485979966,82.5));
#8863=CARTESIAN_POINT('',(-188.414243531703,-65.6786485979966,75.));
#8864=CARTESIAN_POINT('',(-188.254950114679,-61.0917311338031,82.5));
#8865=CARTESIAN_POINT('Ctrl Pts',(-188.254950114679,-61.0917311338031,82.5));
#8866=CARTESIAN_POINT('Ctrl Pts',(-187.741676131506,-63.7398037558751,82.5));
#8867=CARTESIAN_POINT('Ctrl Pts',(-188.414243531703,-65.6786485979966,82.5));
#8868=CARTESIAN_POINT('',(-188.254950114679,-61.0917311338031,75.));
#8869=CARTESIAN_POINT('Ctrl Pts',(-191.597525561126,-49.0945957737211,75.));
#8870=CARTESIAN_POINT('Ctrl Pts',(-191.597525561126,-49.0945957737211,82.5));
#8871=CARTESIAN_POINT('Ctrl Pts',(-190.171389904133,-51.2045146287524,75.));
#8872=CARTESIAN_POINT('Ctrl Pts',(-190.171389904133,-51.2045146287524,82.5));
#8873=CARTESIAN_POINT('Ctrl Pts',(-188.254950114679,-61.0917311338031,75.));
#8874=CARTESIAN_POINT('Ctrl Pts',(-188.254950114679,-61.0917311338031,82.5));
#8875=CARTESIAN_POINT('',(-191.597525561126,-49.0945957737211,75.));
#8876=CARTESIAN_POINT('Ctrl Pts',(-191.597525561126,-49.0945957737211,75.));
#8877=CARTESIAN_POINT('Ctrl Pts',(-190.171389904133,-51.2045146287524,75.));
#8878=CARTESIAN_POINT('Ctrl Pts',(-188.254950114679,-61.0917311338031,75.));
#8879=CARTESIAN_POINT('',(-191.597525561126,-49.0945957737211,82.5));
#8880=CARTESIAN_POINT('Ctrl Pts',(-191.597525561126,-49.0945957737211,82.5));
#8881=CARTESIAN_POINT('Ctrl Pts',(-190.171389904133,-51.2045146287524,82.5));
#8882=CARTESIAN_POINT('Ctrl Pts',(-188.254950114679,-61.0917311338031,82.5));
#8883=CARTESIAN_POINT('',(-191.597525561126,-49.0945957737211,75.));
#8884=CARTESIAN_POINT('Ctrl Pts',(-199.959822669776,-43.079717517877,75.));
#8885=CARTESIAN_POINT('Ctrl Pts',(-199.959822669776,-43.079717517877,82.5));
#8886=CARTESIAN_POINT('Ctrl Pts',(-193.023661218119,-46.9846690864805,75.));
#8887=CARTESIAN_POINT('Ctrl Pts',(-193.023661218119,-46.9846690864805,82.5));
#8888=CARTESIAN_POINT('Ctrl Pts',(-191.597525561126,-49.0945957737211,75.));
#8889=CARTESIAN_POINT('Ctrl Pts',(-191.597525561126,-49.0945957737211,82.5));
#8890=CARTESIAN_POINT('',(-199.959822669776,-43.079717517877,75.));
#8891=CARTESIAN_POINT('Ctrl Pts',(-199.959822669776,-43.079717517877,75.));
#8892=CARTESIAN_POINT('Ctrl Pts',(-193.023661218119,-46.9846690864805,75.));
#8893=CARTESIAN_POINT('Ctrl Pts',(-191.597525561126,-49.0945957737211,75.));
#8894=CARTESIAN_POINT('',(-199.959822669776,-43.079717517877,82.5));
#8895=CARTESIAN_POINT('Ctrl Pts',(-199.959822669776,-43.079717517877,82.5));
#8896=CARTESIAN_POINT('Ctrl Pts',(-193.023661218119,-46.9846690864805,82.5));
#8897=CARTESIAN_POINT('Ctrl Pts',(-191.597525561126,-49.0945957737211,82.5));
#8898=CARTESIAN_POINT('',(-199.959822669776,-43.079717517877,75.));
#8899=CARTESIAN_POINT('Ctrl Pts',(-208.027475981824,-39.4454627660357,75.));
#8900=CARTESIAN_POINT('Ctrl Pts',(-208.027475981824,-39.4454627660357,82.5));
#8901=CARTESIAN_POINT('Ctrl Pts',(-206.895980205329,-39.1747581170642,75.));
#8902=CARTESIAN_POINT('Ctrl Pts',(-206.895980205329,-39.1747581170642,82.5));
#8903=CARTESIAN_POINT('Ctrl Pts',(-199.959822669776,-43.079717517877,75.));
#8904=CARTESIAN_POINT('Ctrl Pts',(-199.959822669776,-43.079717517877,82.5));
#8905=CARTESIAN_POINT('',(-208.027475981824,-39.4454627660357,75.));
#8906=CARTESIAN_POINT('Ctrl Pts',(-208.027475981824,-39.4454627660357,75.));
#8907=CARTESIAN_POINT('Ctrl Pts',(-206.895980205329,-39.1747581170642,75.));
#8908=CARTESIAN_POINT('Ctrl Pts',(-199.959822669776,-43.079717517877,75.));
#8909=CARTESIAN_POINT('',(-208.027475981824,-39.4454627660357,82.5));
#8910=CARTESIAN_POINT('Ctrl Pts',(-208.027475981824,-39.4454627660357,82.5));
#8911=CARTESIAN_POINT('Ctrl Pts',(-206.895980205329,-39.1747581170642,82.5));
#8912=CARTESIAN_POINT('Ctrl Pts',(-199.959822669776,-43.079717517877,82.5));
#8913=CARTESIAN_POINT('',(-208.027475981824,-39.4454627660357,75.));
#8914=CARTESIAN_POINT('Ctrl Pts',(-212.363915707382,-55.3475575269305,75.));
#8915=CARTESIAN_POINT('Ctrl Pts',(-212.363915707382,-55.3475575269305,82.5));
#8916=CARTESIAN_POINT('Ctrl Pts',(-209.158975674423,-39.716159582798,75.));
#8917=CARTESIAN_POINT('Ctrl Pts',(-209.158975674423,-39.716159582798,82.5));
#8918=CARTESIAN_POINT('Ctrl Pts',(-208.027475981824,-39.4454627660357,75.));
#8919=CARTESIAN_POINT('Ctrl Pts',(-208.027475981824,-39.4454627660357,82.5));
#8920=CARTESIAN_POINT('',(-212.363915707382,-55.3475575269305,75.));
#8921=CARTESIAN_POINT('Ctrl Pts',(-212.363915707382,-55.3475575269305,75.));
#8922=CARTESIAN_POINT('Ctrl Pts',(-209.158975674423,-39.716159582798,75.));
#8923=CARTESIAN_POINT('Ctrl Pts',(-208.027475981824,-39.4454627660357,75.));
#8924=CARTESIAN_POINT('',(-212.363915707382,-55.3475575269305,82.5));
#8925=CARTESIAN_POINT('Ctrl Pts',(-212.363915707382,-55.3475575269305,82.5));
#8926=CARTESIAN_POINT('Ctrl Pts',(-209.158975674423,-39.716159582798,82.5));
#8927=CARTESIAN_POINT('Ctrl Pts',(-208.027475981824,-39.4454627660357,82.5));
#8928=CARTESIAN_POINT('',(-212.363915707382,-55.3475575269305,75.));
#8929=CARTESIAN_POINT('Ctrl Pts',(-211.932241827618,-65.6786485979966,75.));
#8930=CARTESIAN_POINT('Ctrl Pts',(-211.932241827618,-65.6786485979966,82.5));
#8931=CARTESIAN_POINT('Ctrl Pts',(-213.702599411586,-61.8766928622893,75.));
#8932=CARTESIAN_POINT('Ctrl Pts',(-213.702599411586,-61.8766928622893,82.5));
#8933=CARTESIAN_POINT('Ctrl Pts',(-212.363915707382,-55.3475575269305,75.));
#8934=CARTESIAN_POINT('Ctrl Pts',(-212.363915707382,-55.3475575269305,82.5));
#8935=CARTESIAN_POINT('',(-211.932241827618,-65.6786485979966,75.));
#8936=CARTESIAN_POINT('Ctrl Pts',(-211.932241827618,-65.6786485979966,75.));
#8937=CARTESIAN_POINT('Ctrl Pts',(-213.702599411586,-61.8766928622893,75.));
#8938=CARTESIAN_POINT('Ctrl Pts',(-212.363915707382,-55.3475575269305,75.));
#8939=CARTESIAN_POINT('',(-211.932241827618,-65.6786485979966,82.5));
#8940=CARTESIAN_POINT('Ctrl Pts',(-211.932241827618,-65.6786485979966,82.5));
#8941=CARTESIAN_POINT('Ctrl Pts',(-213.702599411586,-61.8766928622893,82.5));
#8942=CARTESIAN_POINT('Ctrl Pts',(-212.363915707382,-55.3475575269305,82.5));
#8943=CARTESIAN_POINT('',(-211.932241827618,-65.6786485979966,75.));
#8944=CARTESIAN_POINT('Origin',(-188.414243531703,-65.6786485979966,75.));
#8945=CARTESIAN_POINT('',(-237.372599117974,-65.6786485979966,75.));
#8946=CARTESIAN_POINT('',(-237.372599117974,-65.6786485979966,82.5));
#8947=CARTESIAN_POINT('Ctrl Pts',(-166.971587163401,1.89706533111697,75.));
#8948=CARTESIAN_POINT('Ctrl Pts',(-166.971587163401,1.89706533111697,82.5));
#8949=CARTESIAN_POINT('Ctrl Pts',(-168.729307232014,3.7012813100573,75.));
#8950=CARTESIAN_POINT('Ctrl Pts',(-168.729307232014,3.7012813100573,82.5));
#8951=CARTESIAN_POINT('Ctrl Pts',(-168.878589140685,7.75014972398247,75.));
#8952=CARTESIAN_POINT('Ctrl Pts',(-168.878589140685,7.75014972398247,82.5));
#8953=CARTESIAN_POINT('',(-166.971587163401,1.89706533111697,75.));
#8954=CARTESIAN_POINT('',(-168.878589140685,7.75014972398247,75.));
#8955=CARTESIAN_POINT('Ctrl Pts',(-166.971587163401,1.89706533111697,75.));
#8956=CARTESIAN_POINT('Ctrl Pts',(-168.729307232014,3.7012813100573,75.));
#8957=CARTESIAN_POINT('Ctrl Pts',(-168.878589140685,7.75014972398247,75.));
#8958=CARTESIAN_POINT('',(-168.878589140685,7.75014972398247,82.5));
#8959=CARTESIAN_POINT('',(-168.878589140685,7.75014972398247,75.));
#8960=CARTESIAN_POINT('',(-166.971587163401,1.89706533111697,82.5));
#8961=CARTESIAN_POINT('Ctrl Pts',(-166.971587163401,1.89706533111697,82.5));
#8962=CARTESIAN_POINT('Ctrl Pts',(-168.729307232014,3.7012813100573,82.5));
#8963=CARTESIAN_POINT('Ctrl Pts',(-168.878589140685,7.75014972398247,82.5));
#8964=CARTESIAN_POINT('',(-166.971587163401,1.89706533111697,75.));
#8965=CARTESIAN_POINT('Ctrl Pts',(-153.452802354288,4.46216086003746,75.));
#8966=CARTESIAN_POINT('Ctrl Pts',(-153.452802354288,4.46216086003746,82.5));
#8967=CARTESIAN_POINT('Ctrl Pts',(-165.213867094787,0.0928454360720021,
75.));
#8968=CARTESIAN_POINT('Ctrl Pts',(-165.213867094787,0.0928454360720021,
82.5));
#8969=CARTESIAN_POINT('Ctrl Pts',(-166.971587163401,1.89706533111697,75.));
#8970=CARTESIAN_POINT('Ctrl Pts',(-166.971587163401,1.89706533111697,82.5));
#8971=CARTESIAN_POINT('',(-153.452802354288,4.46216086003746,75.));
#8972=CARTESIAN_POINT('Ctrl Pts',(-153.452802354288,4.46216086003746,75.));
#8973=CARTESIAN_POINT('Ctrl Pts',(-165.213867094787,0.0928454360720021,
75.));
#8974=CARTESIAN_POINT('Ctrl Pts',(-166.971587163401,1.89706533111697,75.));
#8975=CARTESIAN_POINT('',(-153.452802354288,4.46216086003746,82.5));
#8976=CARTESIAN_POINT('Ctrl Pts',(-153.452802354288,4.46216086003746,82.5));
#8977=CARTESIAN_POINT('Ctrl Pts',(-165.213867094787,0.0928454360720021,
82.5));
#8978=CARTESIAN_POINT('Ctrl Pts',(-166.971587163401,1.89706533111697,82.5));
#8979=CARTESIAN_POINT('',(-153.452802354288,4.46216086003746,75.));
#8980=CARTESIAN_POINT('Ctrl Pts',(-146.230711557223,7.7987174111056,75.));
#8981=CARTESIAN_POINT('Ctrl Pts',(-146.230711557223,7.7987174111056,82.5));
#8982=CARTESIAN_POINT('Ctrl Pts',(-148.998116992065,6.11710413980482,75.));
#8983=CARTESIAN_POINT('Ctrl Pts',(-148.998116992065,6.11710413980482,82.5));
#8984=CARTESIAN_POINT('Ctrl Pts',(-153.452802354288,4.46216086003746,75.));
#8985=CARTESIAN_POINT('Ctrl Pts',(-153.452802354288,4.46216086003746,82.5));
#8986=CARTESIAN_POINT('',(-146.230711557179,7.79871741113265,75.));
#8987=CARTESIAN_POINT('Ctrl Pts',(-146.230711557223,7.7987174111056,75.));
#8988=CARTESIAN_POINT('Ctrl Pts',(-148.998116992065,6.11710413980481,75.));
#8989=CARTESIAN_POINT('Ctrl Pts',(-153.452802354288,4.46216086003746,75.));
#8990=CARTESIAN_POINT('',(-146.230711557179,7.79871741113265,82.5));
#8991=CARTESIAN_POINT('Ctrl Pts',(-146.230711557223,7.7987174111056,82.5));
#8992=CARTESIAN_POINT('Ctrl Pts',(-148.998116992065,6.11710413980481,82.5));
#8993=CARTESIAN_POINT('Ctrl Pts',(-153.452802354288,4.46216086003746,82.5));
#8994=CARTESIAN_POINT('',(-146.230711557179,7.79871741113265,75.));
#8995=CARTESIAN_POINT('Origin',(-152.508049373864,18.671385445904,75.));
#8996=CARTESIAN_POINT('',(-152.508049373864,18.671385445904,75.));
#8997=CARTESIAN_POINT('',(-135.949550663841,-10.008775616919,75.));
#8998=CARTESIAN_POINT('',(-152.508049373864,18.671385445904,82.5));
#8999=CARTESIAN_POINT('',(-135.949550663841,-10.008775616919,82.5));
#9000=CARTESIAN_POINT('',(-152.508049373864,18.671385445904,75.));
#9001=CARTESIAN_POINT('Ctrl Pts',(-163.661249090306,15.5070444688555,75.));
#9002=CARTESIAN_POINT('Ctrl Pts',(-163.661249090306,15.5070444688555,82.5));
#9003=CARTESIAN_POINT('Ctrl Pts',(-159.130529259786,18.6375010997412,75.));
#9004=CARTESIAN_POINT('Ctrl Pts',(-159.130529259786,18.6375010997412,82.5));
#9005=CARTESIAN_POINT('Ctrl Pts',(-152.508049373883,18.6713854459039,75.));
#9006=CARTESIAN_POINT('Ctrl Pts',(-152.508049373883,18.6713854459039,82.5));
#9007=CARTESIAN_POINT('',(-163.661249090306,15.5070444688555,75.));
#9008=CARTESIAN_POINT('Ctrl Pts',(-163.661249090306,15.5070444688555,75.));
#9009=CARTESIAN_POINT('Ctrl Pts',(-159.130529259786,18.6375010997412,75.));
#9010=CARTESIAN_POINT('Ctrl Pts',(-152.508049373883,18.6713854459039,75.));
#9011=CARTESIAN_POINT('',(-163.661249090306,15.5070444688555,82.5));
#9012=CARTESIAN_POINT('Ctrl Pts',(-163.661249090306,15.5070444688555,82.5));
#9013=CARTESIAN_POINT('Ctrl Pts',(-159.130529259786,18.6375010997412,82.5));
#9014=CARTESIAN_POINT('Ctrl Pts',(-152.508049373883,18.6713854459039,82.5));
#9015=CARTESIAN_POINT('',(-163.661249090306,15.5070444688555,75.));
#9016=CARTESIAN_POINT('Ctrl Pts',(-168.878589140685,7.75014972398247,75.));
#9017=CARTESIAN_POINT('Ctrl Pts',(-168.878589140685,7.75014972398247,82.5));
#9018=CARTESIAN_POINT('Ctrl Pts',(-169.027871049356,11.7990220540123,75.));
#9019=CARTESIAN_POINT('Ctrl Pts',(-169.027871049356,11.7990220540123,82.5));
#9020=CARTESIAN_POINT('Ctrl Pts',(-163.661249090306,15.5070444688555,75.));
#9021=CARTESIAN_POINT('Ctrl Pts',(-163.661249090306,15.5070444688555,82.5));
#9022=CARTESIAN_POINT('Ctrl Pts',(-168.878589140685,7.75014972398247,75.));
#9023=CARTESIAN_POINT('Ctrl Pts',(-169.027871049356,11.7990220540123,75.));
#9024=CARTESIAN_POINT('Ctrl Pts',(-163.661249090306,15.5070444688555,75.));
#9025=CARTESIAN_POINT('Ctrl Pts',(-168.878589140685,7.75014972398247,82.5));
#9026=CARTESIAN_POINT('Ctrl Pts',(-169.027871049356,11.7990220540123,82.5));
#9027=CARTESIAN_POINT('Ctrl Pts',(-163.661249090306,15.5070444688555,82.5));
#9028=CARTESIAN_POINT('Ctrl Pts',(-217.924561070553,18.9355999506073,75.));
#9029=CARTESIAN_POINT('Ctrl Pts',(-217.924561070553,18.9355999506073,82.5));
#9030=CARTESIAN_POINT('Ctrl Pts',(-226.475567429336,23.2280970660604,75.));
#9031=CARTESIAN_POINT('Ctrl Pts',(-226.475567429336,23.2280970660604,82.5));
#9032=CARTESIAN_POINT('Ctrl Pts',(-227.2551072179,25.0670998024699,75.));
#9033=CARTESIAN_POINT('Ctrl Pts',(-227.2551072179,25.0670998024699,82.5));
#9034=CARTESIAN_POINT('',(-217.924561070553,18.9355999506073,75.));
#9035=CARTESIAN_POINT('',(-227.2551072179,25.0670998024699,75.));
#9036=CARTESIAN_POINT('Ctrl Pts',(-217.924561070553,18.9355999506073,75.));
#9037=CARTESIAN_POINT('Ctrl Pts',(-226.475567429336,23.2280970660604,75.));
#9038=CARTESIAN_POINT('Ctrl Pts',(-227.2551072179,25.0670998024699,75.));
#9039=CARTESIAN_POINT('',(-227.2551072179,25.0670998024699,82.5));
#9040=CARTESIAN_POINT('',(-227.2551072179,25.0670998024699,75.));
#9041=CARTESIAN_POINT('',(-217.924561070553,18.9355999506073,82.5));
#9042=CARTESIAN_POINT('Ctrl Pts',(-217.924561070553,18.9355999506073,82.5));
#9043=CARTESIAN_POINT('Ctrl Pts',(-226.475567429336,23.2280970660604,82.5));
#9044=CARTESIAN_POINT('Ctrl Pts',(-227.2551072179,25.0670998024699,82.5));
#9045=CARTESIAN_POINT('',(-217.924561070553,18.9355999506073,75.));
#9046=CARTESIAN_POINT('Ctrl Pts',(-206.949517271789,20.2765857864774,75.));
#9047=CARTESIAN_POINT('Ctrl Pts',(-206.949517271789,20.2765857864774,82.5));
#9048=CARTESIAN_POINT('Ctrl Pts',(-209.373554711771,14.6431008771019,75.));
#9049=CARTESIAN_POINT('Ctrl Pts',(-209.373554711771,14.6431008771019,82.5));
#9050=CARTESIAN_POINT('Ctrl Pts',(-217.924561070553,18.9355999506073,75.));
#9051=CARTESIAN_POINT('Ctrl Pts',(-217.924561070553,18.9355999506073,82.5));
#9052=CARTESIAN_POINT('',(-206.949517271789,20.2765857864774,75.));
#9053=CARTESIAN_POINT('Ctrl Pts',(-206.949517271789,20.2765857864774,75.));
#9054=CARTESIAN_POINT('Ctrl Pts',(-209.373554711771,14.6431008771019,75.));
#9055=CARTESIAN_POINT('Ctrl Pts',(-217.924561070553,18.9355999506073,75.));
#9056=CARTESIAN_POINT('',(-206.949517271789,20.2765857864774,82.5));
#9057=CARTESIAN_POINT('Ctrl Pts',(-206.949517271789,20.2765857864774,82.5));
#9058=CARTESIAN_POINT('Ctrl Pts',(-209.373554711771,14.6431008771019,82.5));
#9059=CARTESIAN_POINT('Ctrl Pts',(-217.924561070553,18.9355999506073,82.5));
#9060=CARTESIAN_POINT('',(-206.949517271789,20.2765857864774,75.));
#9061=CARTESIAN_POINT('Ctrl Pts',(-211.933939166816,37.9826478536682,75.));
#9062=CARTESIAN_POINT('Ctrl Pts',(-211.933939166816,37.9826478536682,82.5));
#9063=CARTESIAN_POINT('Ctrl Pts',(-204.525479831807,25.9100706958529,75.));
#9064=CARTESIAN_POINT('Ctrl Pts',(-204.525479831807,25.9100706958529,82.5));
#9065=CARTESIAN_POINT('Ctrl Pts',(-206.949517271789,20.2765857864774,75.));
#9066=CARTESIAN_POINT('Ctrl Pts',(-206.949517271789,20.2765857864774,82.5));
#9067=CARTESIAN_POINT('',(-211.933939166816,37.9826478536682,75.));
#9068=CARTESIAN_POINT('Ctrl Pts',(-211.933939166816,37.9826478536682,75.));
#9069=CARTESIAN_POINT('Ctrl Pts',(-204.525479831807,25.9100706958529,75.));
#9070=CARTESIAN_POINT('Ctrl Pts',(-206.949517271789,20.2765857864774,75.));
#9071=CARTESIAN_POINT('',(-211.933939166816,37.9826478536682,82.5));
#9072=CARTESIAN_POINT('Ctrl Pts',(-211.933939166816,37.9826478536682,82.5));
#9073=CARTESIAN_POINT('Ctrl Pts',(-204.525479831807,25.9100706958529,82.5));
#9074=CARTESIAN_POINT('Ctrl Pts',(-206.949517271789,20.2765857864774,82.5));
#9075=CARTESIAN_POINT('',(-211.933939166816,37.9826478536682,75.));
#9076=CARTESIAN_POINT('Ctrl Pts',(-216.819654546842,45.6610973641589,75.));
#9077=CARTESIAN_POINT('Ctrl Pts',(-216.819654546842,45.6610973641589,82.5));
#9078=CARTESIAN_POINT('Ctrl Pts',(-214.872842648121,42.7717887573088,75.));
#9079=CARTESIAN_POINT('Ctrl Pts',(-214.872842648121,42.7717887573088,82.5));
#9080=CARTESIAN_POINT('Ctrl Pts',(-211.933939166816,37.9826478536682,75.));
#9081=CARTESIAN_POINT('Ctrl Pts',(-211.933939166816,37.9826478536682,82.5));
#9082=CARTESIAN_POINT('',(-216.819654546842,45.6610973641589,75.));
#9083=CARTESIAN_POINT('Ctrl Pts',(-216.819654546842,45.6610973641589,75.));
#9084=CARTESIAN_POINT('Ctrl Pts',(-214.872842648121,42.7717887573088,75.));
#9085=CARTESIAN_POINT('Ctrl Pts',(-211.933939166816,37.9826478536682,75.));
#9086=CARTESIAN_POINT('',(-216.819654546842,45.6610973641589,82.5));
#9087=CARTESIAN_POINT('Ctrl Pts',(-216.819654546842,45.6610973641589,82.5));
#9088=CARTESIAN_POINT('Ctrl Pts',(-214.872842648121,42.7717887573088,82.5));
#9089=CARTESIAN_POINT('Ctrl Pts',(-211.933939166816,37.9826478536682,82.5));
#9090=CARTESIAN_POINT('',(-216.819654546842,45.6610973641589,75.));
#9091=CARTESIAN_POINT('Origin',(-222.618792198352,45.6610973641589,75.));
#9092=CARTESIAN_POINT('',(-222.618792198352,45.6610973641589,75.));
#9093=CARTESIAN_POINT('',(-168.090566815218,45.6610973641589,75.));
#9094=CARTESIAN_POINT('',(-222.618792198352,45.6610973641589,82.5));
#9095=CARTESIAN_POINT('',(-168.090566815218,45.6610973641589,82.5));
#9096=CARTESIAN_POINT('',(-222.618792198352,45.6610973641589,75.));
#9097=CARTESIAN_POINT('Ctrl Pts',(-224.792680204185,38.4806627961553,75.));
#9098=CARTESIAN_POINT('Ctrl Pts',(-224.792680204185,38.4806627961553,82.5));
#9099=CARTESIAN_POINT('Ctrl Pts',(-223.54824008068,42.9235980874358,75.));
#9100=CARTESIAN_POINT('Ctrl Pts',(-223.54824008068,42.9235980874358,82.5));
#9101=CARTESIAN_POINT('Ctrl Pts',(-222.618792198352,45.6610973641589,75.));
#9102=CARTESIAN_POINT('Ctrl Pts',(-222.618792198352,45.6610973641589,82.5));
#9103=CARTESIAN_POINT('',(-224.792680204185,38.4806627961553,75.));
#9104=CARTESIAN_POINT('Ctrl Pts',(-224.792680204185,38.4806627961553,75.));
#9105=CARTESIAN_POINT('Ctrl Pts',(-223.54824008068,42.9235980874358,75.));
#9106=CARTESIAN_POINT('Ctrl Pts',(-222.618792198352,45.6610973641589,75.));
#9107=CARTESIAN_POINT('',(-224.792680204185,38.4806627961553,82.5));
#9108=CARTESIAN_POINT('Ctrl Pts',(-224.792680204185,38.4806627961553,82.5));
#9109=CARTESIAN_POINT('Ctrl Pts',(-223.54824008068,42.9235980874358,82.5));
#9110=CARTESIAN_POINT('Ctrl Pts',(-222.618792198352,45.6610973641589,82.5));
#9111=CARTESIAN_POINT('',(-224.792680204185,38.4806627961553,75.));
#9112=CARTESIAN_POINT('Ctrl Pts',(-227.2551072179,25.0670998024699,75.));
#9113=CARTESIAN_POINT('Ctrl Pts',(-227.2551072179,25.0670998024699,82.5));
#9114=CARTESIAN_POINT('Ctrl Pts',(-228.034643090359,26.9061025388794,75.));
#9115=CARTESIAN_POINT('Ctrl Pts',(-228.034643090359,26.9061025388794,82.5));
#9116=CARTESIAN_POINT('Ctrl Pts',(-224.792680204185,38.4806627961553,75.));
#9117=CARTESIAN_POINT('Ctrl Pts',(-224.792680204185,38.4806627961553,82.5));
#9118=CARTESIAN_POINT('Ctrl Pts',(-227.2551072179,25.0670998024699,75.));
#9119=CARTESIAN_POINT('Ctrl Pts',(-228.034643090359,26.9061025388794,75.));
#9120=CARTESIAN_POINT('Ctrl Pts',(-224.792680204185,38.4806627961553,75.));
#9121=CARTESIAN_POINT('Ctrl Pts',(-227.2551072179,25.0670998024699,82.5));
#9122=CARTESIAN_POINT('Ctrl Pts',(-228.034643090359,26.9061025388794,82.5));
#9123=CARTESIAN_POINT('Ctrl Pts',(-224.792680204185,38.4806627961553,82.5));
#9124=CARTESIAN_POINT('Ctrl Pts',(-200.992679602734,7.94702405227786,75.));
#9125=CARTESIAN_POINT('Ctrl Pts',(-200.992679602734,7.94702405227786,82.5));
#9126=CARTESIAN_POINT('Ctrl Pts',(-207.234175001574,11.0239897018827,75.));
#9127=CARTESIAN_POINT('Ctrl Pts',(-207.234175001574,11.0239897018827,82.5));
#9128=CARTESIAN_POINT('Ctrl Pts',(-207.469877507321,12.0446009756482,75.));
#9129=CARTESIAN_POINT('Ctrl Pts',(-207.469877507321,12.0446009756482,82.5));
#9130=CARTESIAN_POINT('',(-200.992679602734,7.94702405227786,75.));
#9131=CARTESIAN_POINT('',(-207.469877507321,12.0446009756482,75.));
#9132=CARTESIAN_POINT('Ctrl Pts',(-200.992679602734,7.94702405227786,75.));
#9133=CARTESIAN_POINT('Ctrl Pts',(-207.234175001574,11.0239897018827,75.));
#9134=CARTESIAN_POINT('Ctrl Pts',(-207.469877507321,12.0446009756482,75.));
#9135=CARTESIAN_POINT('',(-207.469877507321,12.0446009756482,82.5));
#9136=CARTESIAN_POINT('',(-207.469877507321,12.0446009756482,75.));
#9137=CARTESIAN_POINT('',(-200.992679602734,7.94702405227786,82.5));
#9138=CARTESIAN_POINT('Ctrl Pts',(-200.992679602734,7.94702405227786,82.5));
#9139=CARTESIAN_POINT('Ctrl Pts',(-207.234175001574,11.0239897018827,82.5));
#9140=CARTESIAN_POINT('Ctrl Pts',(-207.469877507321,12.0446009756482,82.5));
#9141=CARTESIAN_POINT('',(-200.992679602734,7.94702405227786,75.));
#9142=CARTESIAN_POINT('Ctrl Pts',(-188.947889165354,12.2747856899655,75.));
#9143=CARTESIAN_POINT('Ctrl Pts',(-188.947889165354,12.2747856899655,82.5));
#9144=CARTESIAN_POINT('Ctrl Pts',(-194.75118028779,4.87006231877769,75.));
#9145=CARTESIAN_POINT('Ctrl Pts',(-194.75118028779,4.87006231877769,82.5));
#9146=CARTESIAN_POINT('Ctrl Pts',(-200.992679602734,7.94702405227786,75.));
#9147=CARTESIAN_POINT('Ctrl Pts',(-200.992679602734,7.94702405227786,82.5));
#9148=CARTESIAN_POINT('',(-188.947889165354,12.2747856899655,75.));
#9149=CARTESIAN_POINT('Ctrl Pts',(-188.947889165354,12.2747856899655,75.));
#9150=CARTESIAN_POINT('Ctrl Pts',(-194.75118028779,4.87006231877769,75.));
#9151=CARTESIAN_POINT('Ctrl Pts',(-200.992679602734,7.94702405227786,75.));
#9152=CARTESIAN_POINT('',(-188.947889165354,12.2747856899655,82.5));
#9153=CARTESIAN_POINT('Ctrl Pts',(-188.947889165354,12.2747856899655,82.5));
#9154=CARTESIAN_POINT('Ctrl Pts',(-194.75118028779,4.87006231877769,82.5));
#9155=CARTESIAN_POINT('Ctrl Pts',(-200.992679602734,7.94702405227786,82.5));
#9156=CARTESIAN_POINT('',(-188.947889165354,12.2747856899655,75.));
#9157=CARTESIAN_POINT('Ctrl Pts',(-184.423409843556,24.0301133371747,75.));
#9158=CARTESIAN_POINT('Ctrl Pts',(-184.423409843556,24.0301133371747,82.5));
#9159=CARTESIAN_POINT('Ctrl Pts',(-183.144605875127,19.6795149353103,75.));
#9160=CARTESIAN_POINT('Ctrl Pts',(-183.144605875127,19.6795149353103,82.5));
#9161=CARTESIAN_POINT('Ctrl Pts',(-188.947889165354,12.2747856899655,75.));
#9162=CARTESIAN_POINT('Ctrl Pts',(-188.947889165354,12.2747856899655,82.5));
#9163=CARTESIAN_POINT('',(-184.423409843556,24.0301133371747,75.));
#9164=CARTESIAN_POINT('Ctrl Pts',(-184.423409843556,24.0301133371747,75.));
#9165=CARTESIAN_POINT('Ctrl Pts',(-183.144605875127,19.6795149353103,75.));
#9166=CARTESIAN_POINT('Ctrl Pts',(-188.947889165354,12.2747856899655,75.));
#9167=CARTESIAN_POINT('',(-184.423409843556,24.0301133371747,82.5));
#9168=CARTESIAN_POINT('Ctrl Pts',(-184.423409843556,24.0301133371747,82.5));
#9169=CARTESIAN_POINT('Ctrl Pts',(-183.144605875127,19.6795149353103,82.5));
#9170=CARTESIAN_POINT('Ctrl Pts',(-188.947889165354,12.2747856899655,82.5));
#9171=CARTESIAN_POINT('',(-184.423409843556,24.0301133371747,75.));
#9172=CARTESIAN_POINT('Ctrl Pts',(-194.125410263809,26.7153999914881,75.));
#9173=CARTESIAN_POINT('Ctrl Pts',(-194.125410263809,26.7153999914881,82.5));
#9174=CARTESIAN_POINT('Ctrl Pts',(-185.702221644195,28.3807136970914,75.));
#9175=CARTESIAN_POINT('Ctrl Pts',(-185.702221644195,28.3807136970914,82.5));
#9176=CARTESIAN_POINT('Ctrl Pts',(-184.423409843556,24.0301133371747,75.));
#9177=CARTESIAN_POINT('Ctrl Pts',(-184.423409843556,24.0301133371747,82.5));
#9178=CARTESIAN_POINT('',(-194.125410263809,26.7153999914881,75.));
#9179=CARTESIAN_POINT('Ctrl Pts',(-194.125410263809,26.7153999914881,75.));
#9180=CARTESIAN_POINT('Ctrl Pts',(-185.702221644195,28.3807136970914,75.));
#9181=CARTESIAN_POINT('Ctrl Pts',(-184.423409843556,24.0301133371747,75.));
#9182=CARTESIAN_POINT('',(-194.125410263809,26.7153999914881,82.5));
#9183=CARTESIAN_POINT('Ctrl Pts',(-194.125410263809,26.7153999914881,82.5));
#9184=CARTESIAN_POINT('Ctrl Pts',(-185.702221644195,28.3807136970914,82.5));
#9185=CARTESIAN_POINT('Ctrl Pts',(-184.423409843556,24.0301133371747,82.5));
#9186=CARTESIAN_POINT('',(-194.125410263809,26.7153999914881,75.));
#9187=CARTESIAN_POINT('Ctrl Pts',(-205.127087490193,19.0576492676493,75.));
#9188=CARTESIAN_POINT('Ctrl Pts',(-205.127087490193,19.0576492676493,82.5));
#9189=CARTESIAN_POINT('Ctrl Pts',(-202.548594967318,25.0500843278325,75.));
#9190=CARTESIAN_POINT('Ctrl Pts',(-202.548594967318,25.0500843278325,82.5));
#9191=CARTESIAN_POINT('Ctrl Pts',(-194.125410263809,26.7153999914881,75.));
#9192=CARTESIAN_POINT('Ctrl Pts',(-194.125410263809,26.7153999914881,82.5));
#9193=CARTESIAN_POINT('',(-205.127087490193,19.0576492676493,75.));
#9194=CARTESIAN_POINT('Ctrl Pts',(-205.127087490193,19.0576492676493,75.));
#9195=CARTESIAN_POINT('Ctrl Pts',(-202.548594967318,25.0500843278325,75.));
#9196=CARTESIAN_POINT('Ctrl Pts',(-194.125410263809,26.7153999914881,75.));
#9197=CARTESIAN_POINT('',(-205.127087490193,19.0576492676493,82.5));
#9198=CARTESIAN_POINT('Ctrl Pts',(-205.127087490193,19.0576492676493,82.5));
#9199=CARTESIAN_POINT('Ctrl Pts',(-202.548594967318,25.0500843278325,82.5));
#9200=CARTESIAN_POINT('Ctrl Pts',(-194.125410263809,26.7153999914881,82.5));
#9201=CARTESIAN_POINT('',(-205.127087490193,19.0576492676493,75.));
#9202=CARTESIAN_POINT('Ctrl Pts',(-207.469877507321,12.0446009756482,75.));
#9203=CARTESIAN_POINT('Ctrl Pts',(-207.469877507321,12.0446009756482,82.5));
#9204=CARTESIAN_POINT('Ctrl Pts',(-207.705576096964,13.0652122494138,75.));
#9205=CARTESIAN_POINT('Ctrl Pts',(-207.705576096964,13.0652122494138,82.5));
#9206=CARTESIAN_POINT('Ctrl Pts',(-205.127087490193,19.0576492676493,75.));
#9207=CARTESIAN_POINT('Ctrl Pts',(-205.127087490193,19.0576492676493,82.5));
#9208=CARTESIAN_POINT('Ctrl Pts',(-207.469877507321,12.0446009756482,75.));
#9209=CARTESIAN_POINT('Ctrl Pts',(-207.705576096964,13.0652122494138,75.));
#9210=CARTESIAN_POINT('Ctrl Pts',(-205.127087490193,19.0576492676493,75.));
#9211=CARTESIAN_POINT('Ctrl Pts',(-207.469877507321,12.0446009756482,82.5));
#9212=CARTESIAN_POINT('Ctrl Pts',(-207.705576096964,13.0652122494138,82.5));
#9213=CARTESIAN_POINT('Ctrl Pts',(-205.127087490193,19.0576492676493,82.5));
#9214=CARTESIAN_POINT('Ctrl Pts',(-147.169736117292,-29.4427068926411,75.));
#9215=CARTESIAN_POINT('Ctrl Pts',(-147.169736117292,-29.4427068926411,82.5));
#9216=CARTESIAN_POINT('Ctrl Pts',(-149.531120500811,-27.3342845177018,75.));
#9217=CARTESIAN_POINT('Ctrl Pts',(-149.531120500811,-27.3342845177018,82.5));
#9218=CARTESIAN_POINT('Ctrl Pts',(-153.074115036122,-24.0405253207131,75.));
#9219=CARTESIAN_POINT('Ctrl Pts',(-153.074115036122,-24.0405253207131,82.5));
#9220=CARTESIAN_POINT('',(-147.169736117292,-29.4427068926411,75.));
#9221=CARTESIAN_POINT('',(-153.074115036122,-24.0405253207131,75.));
#9222=CARTESIAN_POINT('Ctrl Pts',(-147.169736117292,-29.4427068926411,75.));
#9223=CARTESIAN_POINT('Ctrl Pts',(-149.531120500811,-27.3342845177018,75.));
#9224=CARTESIAN_POINT('Ctrl Pts',(-153.074115036122,-24.0405253207131,75.));
#9225=CARTESIAN_POINT('',(-153.074115036122,-24.0405253207131,82.5));
#9226=CARTESIAN_POINT('',(-153.074115036122,-24.0405253207131,75.));
#9227=CARTESIAN_POINT('',(-147.169736117292,-29.4427068926411,82.5));
#9228=CARTESIAN_POINT('Ctrl Pts',(-147.169736117292,-29.4427068926411,82.5));
#9229=CARTESIAN_POINT('Ctrl Pts',(-149.531120500811,-27.3342845177018,82.5));
#9230=CARTESIAN_POINT('Ctrl Pts',(-153.074115036122,-24.0405253207131,82.5));
#9231=CARTESIAN_POINT('',(-147.169736117292,-29.4427068926411,75.));
#9232=CARTESIAN_POINT('Origin',(-141.700201584078,-19.9691951873616,75.));
#9233=CARTESIAN_POINT('',(-141.700201584078,-19.9691951873616,75.));
#9234=CARTESIAN_POINT('',(-168.090566815219,-65.6786485979966,75.));
#9235=CARTESIAN_POINT('',(-141.700201584078,-19.9691951873616,82.5));
#9236=CARTESIAN_POINT('',(-168.090566815219,-65.6786485979966,82.5));
#9237=CARTESIAN_POINT('',(-141.700201584078,-19.9691951873616,75.));
#9238=CARTESIAN_POINT('Ctrl Pts',(-152.031945606343,-10.9992546463255,75.));
#9239=CARTESIAN_POINT('Ctrl Pts',(-152.031945606343,-10.9992546463255,82.5));
#9240=CARTESIAN_POINT('Ctrl Pts',(-141.987703203109,-8.12593608861245,75.));
#9241=CARTESIAN_POINT('Ctrl Pts',(-141.987703203109,-8.12593608861245,82.5));
#9242=CARTESIAN_POINT('Ctrl Pts',(-141.700201584078,-19.9691951873616,75.));
#9243=CARTESIAN_POINT('Ctrl Pts',(-141.700201584078,-19.9691951873616,82.5));
#9244=CARTESIAN_POINT('',(-152.031945606343,-10.9992546463255,75.));
#9245=CARTESIAN_POINT('Ctrl Pts',(-152.031945606343,-10.9992546463255,75.));
#9246=CARTESIAN_POINT('Ctrl Pts',(-141.987703203109,-8.12593608861245,75.));
#9247=CARTESIAN_POINT('Ctrl Pts',(-141.700201584078,-19.9691951873616,75.));
#9248=CARTESIAN_POINT('',(-152.031945606343,-10.9992546463255,82.5));
#9249=CARTESIAN_POINT('Ctrl Pts',(-152.031945606343,-10.9992546463255,82.5));
#9250=CARTESIAN_POINT('Ctrl Pts',(-141.987703203109,-8.12593608861245,82.5));
#9251=CARTESIAN_POINT('Ctrl Pts',(-141.700201584078,-19.9691951873616,82.5));
#9252=CARTESIAN_POINT('',(-152.031945606343,-10.9992546463255,75.));
#9253=CARTESIAN_POINT('Ctrl Pts',(-162.576213979196,-14.4871998129133,75.));
#9254=CARTESIAN_POINT('Ctrl Pts',(-162.576213979196,-14.4871998129133,82.5));
#9255=CARTESIAN_POINT('Ctrl Pts',(-162.372169263315,-13.9572412049217,75.));
#9256=CARTESIAN_POINT('Ctrl Pts',(-162.372169263315,-13.9572412049217,82.5));
#9257=CARTESIAN_POINT('Ctrl Pts',(-152.031945606343,-10.9992546463255,75.));
#9258=CARTESIAN_POINT('Ctrl Pts',(-152.031945606343,-10.9992546463255,82.5));
#9259=CARTESIAN_POINT('',(-162.576213979196,-14.4871998129133,75.));
#9260=CARTESIAN_POINT('Ctrl Pts',(-162.576213979196,-14.4871998129133,75.));
#9261=CARTESIAN_POINT('Ctrl Pts',(-162.372169263315,-13.9572412049217,75.));
#9262=CARTESIAN_POINT('Ctrl Pts',(-152.031945606343,-10.9992546463255,75.));
#9263=CARTESIAN_POINT('',(-162.576213979196,-14.4871998129133,82.5));
#9264=CARTESIAN_POINT('Ctrl Pts',(-162.576213979196,-14.4871998129133,82.5));
#9265=CARTESIAN_POINT('Ctrl Pts',(-162.372169263315,-13.9572412049217,82.5));
#9266=CARTESIAN_POINT('Ctrl Pts',(-152.031945606343,-10.9992546463255,82.5));
#9267=CARTESIAN_POINT('',(-162.576213979196,-14.4871998129133,75.));
#9268=CARTESIAN_POINT('Ctrl Pts',(-153.074115036122,-24.0405253207131,75.));
#9269=CARTESIAN_POINT('Ctrl Pts',(-153.074115036122,-24.0405253207131,82.5));
#9270=CARTESIAN_POINT('Ctrl Pts',(-162.780258695078,-15.0171545048002,75.));
#9271=CARTESIAN_POINT('Ctrl Pts',(-162.780258695078,-15.0171545048002,82.5));
#9272=CARTESIAN_POINT('Ctrl Pts',(-162.576213979196,-14.4871998129133,75.));
#9273=CARTESIAN_POINT('Ctrl Pts',(-162.576213979196,-14.4871998129133,82.5));
#9274=CARTESIAN_POINT('Ctrl Pts',(-153.074115036122,-24.0405253207131,75.));
#9275=CARTESIAN_POINT('Ctrl Pts',(-162.780258695078,-15.0171545048002,75.));
#9276=CARTESIAN_POINT('Ctrl Pts',(-162.576213979196,-14.4871998129133,75.));
#9277=CARTESIAN_POINT('Ctrl Pts',(-153.074115036122,-24.0405253207131,82.5));
#9278=CARTESIAN_POINT('Ctrl Pts',(-162.780258695078,-15.0171545048002,82.5));
#9279=CARTESIAN_POINT('Ctrl Pts',(-162.576213979196,-14.4871998129133,82.5));
#9280=CARTESIAN_POINT('Origin',(-231.599096426078,-65.6786485979966,75.));
#9281=CARTESIAN_POINT('',(-231.599096426078,-65.6786485979966,75.));
#9282=CARTESIAN_POINT('',(-242.014587492008,-47.6384888860259,75.));
#9283=CARTESIAN_POINT('',(-263.740112577455,-10.0087756169189,75.));
#9284=CARTESIAN_POINT('',(-242.014587492008,-47.6384888860259,82.5));
#9285=CARTESIAN_POINT('',(-242.014587492008,-47.6384888860259,75.));
#9286=CARTESIAN_POINT('',(-231.599096426078,-65.6786485979966,82.5));
#9287=CARTESIAN_POINT('',(-263.740112577455,-10.0087756169189,82.5));
#9288=CARTESIAN_POINT('',(-231.599096426078,-65.6786485979966,75.));
#9289=CARTESIAN_POINT('Origin',(-226.954590016384,-65.6786485979966,75.));
#9290=CARTESIAN_POINT('',(-226.954590016384,-65.6786485979966,75.));
#9291=CARTESIAN_POINT('',(-237.372599117974,-65.6786485979966,75.));
#9292=CARTESIAN_POINT('',(-226.954590016384,-65.6786485979966,82.5));
#9293=CARTESIAN_POINT('',(-237.372599117974,-65.6786485979966,82.5));
#9294=CARTESIAN_POINT('',(-226.954590016384,-65.6786485979966,75.));
#9295=CARTESIAN_POINT('Ctrl Pts',(-227.805507892084,-58.9297045905037,75.));
#9296=CARTESIAN_POINT('Ctrl Pts',(-227.805507892084,-58.9297045905037,82.5));
#9297=CARTESIAN_POINT('Ctrl Pts',(-226.920784548256,-62.9874151592013,75.));
#9298=CARTESIAN_POINT('Ctrl Pts',(-226.920784548256,-62.9874151592013,82.5));
#9299=CARTESIAN_POINT('Ctrl Pts',(-226.954590016383,-65.678648597904,75.));
#9300=CARTESIAN_POINT('Ctrl Pts',(-226.954590016383,-65.678648597904,82.5));
#9301=CARTESIAN_POINT('',(-227.805507892084,-58.9297045905037,75.));
#9302=CARTESIAN_POINT('Ctrl Pts',(-227.805507892084,-58.9297045905037,75.));
#9303=CARTESIAN_POINT('Ctrl Pts',(-226.920784548256,-62.9874151592013,75.));
#9304=CARTESIAN_POINT('Ctrl Pts',(-226.954590016383,-65.678648597904,75.));
#9305=CARTESIAN_POINT('',(-227.805507892084,-58.9297045905037,82.5));
#9306=CARTESIAN_POINT('Ctrl Pts',(-227.805507892084,-58.9297045905037,82.5));
#9307=CARTESIAN_POINT('Ctrl Pts',(-226.920784548256,-62.9874151592013,82.5));
#9308=CARTESIAN_POINT('Ctrl Pts',(-226.954590016383,-65.678648597904,82.5));
#9309=CARTESIAN_POINT('',(-227.805507892084,-58.9297045905037,75.));
#9310=CARTESIAN_POINT('Ctrl Pts',(-237.782898580503,-45.7245371049487,75.));
#9311=CARTESIAN_POINT('Ctrl Pts',(-237.782898580503,-45.7245371049487,82.5));
#9312=CARTESIAN_POINT('Ctrl Pts',(-230.432665847254,-46.8804615421537,75.));
#9313=CARTESIAN_POINT('Ctrl Pts',(-230.432665847254,-46.8804615421537,82.5));
#9314=CARTESIAN_POINT('Ctrl Pts',(-227.805507892084,-58.9297045905037,75.));
#9315=CARTESIAN_POINT('Ctrl Pts',(-227.805507892084,-58.9297045905037,82.5));
#9316=CARTESIAN_POINT('',(-237.782898580503,-45.7245371049487,75.));
#9317=CARTESIAN_POINT('Ctrl Pts',(-237.782898580503,-45.7245371049487,75.));
#9318=CARTESIAN_POINT('Ctrl Pts',(-230.432665847254,-46.8804615421537,75.));
#9319=CARTESIAN_POINT('Ctrl Pts',(-227.805507892084,-58.9297045905037,75.));
#9320=CARTESIAN_POINT('',(-237.782898580503,-45.7245371049487,82.5));
#9321=CARTESIAN_POINT('Ctrl Pts',(-237.782898580503,-45.7245371049487,82.5));
#9322=CARTESIAN_POINT('Ctrl Pts',(-230.432665847254,-46.8804615421537,82.5));
#9323=CARTESIAN_POINT('Ctrl Pts',(-227.805507892084,-58.9297045905037,82.5));
#9324=CARTESIAN_POINT('',(-237.782898580503,-45.7245371049487,75.));
#9325=CARTESIAN_POINT('Ctrl Pts',(-242.014587492008,-47.6384888860251,75.));
#9326=CARTESIAN_POINT('Ctrl Pts',(-242.014587492008,-47.6384888860251,82.5));
#9327=CARTESIAN_POINT('Ctrl Pts',(-241.122283088696,-45.1993767227046,75.));
#9328=CARTESIAN_POINT('Ctrl Pts',(-241.122283088696,-45.1993767227046,82.5));
#9329=CARTESIAN_POINT('Ctrl Pts',(-237.782898580503,-45.7245371049487,75.));
#9330=CARTESIAN_POINT('Ctrl Pts',(-237.782898580503,-45.7245371049487,82.5));
#9331=CARTESIAN_POINT('Ctrl Pts',(-242.014587492008,-47.6384888860251,75.));
#9332=CARTESIAN_POINT('Ctrl Pts',(-241.122283088696,-45.1993767227046,75.));
#9333=CARTESIAN_POINT('Ctrl Pts',(-237.782898580503,-45.7245371049487,75.));
#9334=CARTESIAN_POINT('Ctrl Pts',(-242.014587492008,-47.6384888860251,82.5));
#9335=CARTESIAN_POINT('Ctrl Pts',(-241.122283088696,-45.1993767227046,82.5));
#9336=CARTESIAN_POINT('Ctrl Pts',(-237.782898580503,-45.7245371049487,82.5));
#9337=CARTESIAN_POINT('Ctrl Pts',(-208.028141719611,-13.8515886179848,75.));
#9338=CARTESIAN_POINT('Ctrl Pts',(-208.028141719611,-13.8515886179848,82.5));
#9339=CARTESIAN_POINT('Ctrl Pts',(-212.962049780957,-12.5037280604286,75.));
#9340=CARTESIAN_POINT('Ctrl Pts',(-212.962049780957,-12.5037280604286,82.5));
#9341=CARTESIAN_POINT('Ctrl Pts',(-214.388165857426,-10.5809833425128,75.));
#9342=CARTESIAN_POINT('Ctrl Pts',(-214.388165857426,-10.5809833425128,82.5));
#9343=CARTESIAN_POINT('',(-208.028141719611,-13.8515886179848,75.));
#9344=CARTESIAN_POINT('',(-214.388165857426,-10.5809833425128,75.));
#9345=CARTESIAN_POINT('Ctrl Pts',(-208.028141719611,-13.8515886179848,75.));
#9346=CARTESIAN_POINT('Ctrl Pts',(-212.962049780957,-12.5037280604286,75.));
#9347=CARTESIAN_POINT('Ctrl Pts',(-214.388165857426,-10.5809833425128,75.));
#9348=CARTESIAN_POINT('',(-214.388165857426,-10.5809833425128,82.5));
#9349=CARTESIAN_POINT('',(-214.388165857426,-10.5809833425128,75.));
#9350=CARTESIAN_POINT('',(-208.028141719611,-13.8515886179848,82.5));
#9351=CARTESIAN_POINT('Ctrl Pts',(-208.028141719611,-13.8515886179848,82.5));
#9352=CARTESIAN_POINT('Ctrl Pts',(-212.962049780957,-12.5037280604286,82.5));
#9353=CARTESIAN_POINT('Ctrl Pts',(-214.388165857426,-10.5809833425128,82.5));
#9354=CARTESIAN_POINT('',(-208.028141719611,-13.8515886179848,75.));
#9355=CARTESIAN_POINT('Ctrl Pts',(-201.599158895286,-14.0769643558108,75.));
#9356=CARTESIAN_POINT('Ctrl Pts',(-201.599158895286,-14.0769643558108,82.5));
#9357=CARTESIAN_POINT('Ctrl Pts',(-203.094229742161,-15.199449175541,75.));
#9358=CARTESIAN_POINT('Ctrl Pts',(-203.094229742161,-15.199449175541,82.5));
#9359=CARTESIAN_POINT('Ctrl Pts',(-208.028141719611,-13.8515886179848,75.));
#9360=CARTESIAN_POINT('Ctrl Pts',(-208.028141719611,-13.8515886179848,82.5));
#9361=CARTESIAN_POINT('',(-201.599158895286,-14.0769643558108,75.));
#9362=CARTESIAN_POINT('Ctrl Pts',(-201.599158895286,-14.0769643558108,75.));
#9363=CARTESIAN_POINT('Ctrl Pts',(-203.094229742161,-15.199449175541,75.));
#9364=CARTESIAN_POINT('Ctrl Pts',(-208.028141719611,-13.8515886179848,75.));
#9365=CARTESIAN_POINT('',(-201.599158895286,-14.0769643558108,82.5));
#9366=CARTESIAN_POINT('Ctrl Pts',(-201.599158895286,-14.0769643558108,82.5));
#9367=CARTESIAN_POINT('Ctrl Pts',(-203.094229742161,-15.199449175541,82.5));
#9368=CARTESIAN_POINT('Ctrl Pts',(-208.028141719611,-13.8515886179848,82.5));
#9369=CARTESIAN_POINT('',(-201.599158895286,-14.0769643558108,75.));
#9370=CARTESIAN_POINT('Ctrl Pts',(-197.287625595204,-5.9134761311455,75.));
#9371=CARTESIAN_POINT('Ctrl Pts',(-197.287625595204,-5.9134761311455,82.5));
#9372=CARTESIAN_POINT('Ctrl Pts',(-200.10408804841,-12.9544795360807,75.));
#9373=CARTESIAN_POINT('Ctrl Pts',(-200.10408804841,-12.9544795360807,82.5));
#9374=CARTESIAN_POINT('Ctrl Pts',(-201.599158895286,-14.0769643558108,75.));
#9375=CARTESIAN_POINT('Ctrl Pts',(-201.599158895286,-14.0769643558108,82.5));
#9376=CARTESIAN_POINT('',(-197.287625595204,-5.9134761311455,75.));
#9377=CARTESIAN_POINT('Ctrl Pts',(-197.287625595204,-5.9134761311455,75.));
#9378=CARTESIAN_POINT('Ctrl Pts',(-200.10408804841,-12.9544795360807,75.));
#9379=CARTESIAN_POINT('Ctrl Pts',(-201.599158895286,-14.0769643558108,75.));
#9380=CARTESIAN_POINT('',(-197.287625595204,-5.9134761311455,82.5));
#9381=CARTESIAN_POINT('Ctrl Pts',(-197.287625595204,-5.9134761311455,82.5));
#9382=CARTESIAN_POINT('Ctrl Pts',(-200.10408804841,-12.9544795360807,82.5));
#9383=CARTESIAN_POINT('Ctrl Pts',(-201.599158895286,-14.0769643558108,82.5));
#9384=CARTESIAN_POINT('',(-197.287625595204,-5.9134761311455,75.));
#9385=CARTESIAN_POINT('Ctrl Pts',(-194.859899184656,1.91962992602155,75.));
#9386=CARTESIAN_POINT('Ctrl Pts',(-194.859899184656,1.91962992602155,82.5));
#9387=CARTESIAN_POINT('Ctrl Pts',(-194.471170974207,1.1275272737897,75.));
#9388=CARTESIAN_POINT('Ctrl Pts',(-194.471170974207,1.1275272737897,82.5));
#9389=CARTESIAN_POINT('Ctrl Pts',(-197.287625595204,-5.9134761311455,75.));
#9390=CARTESIAN_POINT('Ctrl Pts',(-197.287625595204,-5.9134761311455,82.5));
#9391=CARTESIAN_POINT('',(-194.859899184656,1.91962992602155,75.));
#9392=CARTESIAN_POINT('Ctrl Pts',(-194.859899184656,1.91962992602155,75.));
#9393=CARTESIAN_POINT('Ctrl Pts',(-194.471170974207,1.1275272737897,75.));
#9394=CARTESIAN_POINT('Ctrl Pts',(-197.287625595204,-5.9134761311455,75.));
#9395=CARTESIAN_POINT('',(-194.859899184656,1.91962992602155,82.5));
#9396=CARTESIAN_POINT('Ctrl Pts',(-194.859899184656,1.91962992602155,82.5));
#9397=CARTESIAN_POINT('Ctrl Pts',(-194.471170974207,1.1275272737897,82.5));
#9398=CARTESIAN_POINT('Ctrl Pts',(-197.287625595204,-5.9134761311455,82.5));
#9399=CARTESIAN_POINT('',(-194.859899184656,1.91962992602155,75.));
#9400=CARTESIAN_POINT('Ctrl Pts',(-201.571730498425,5.82892837076948,75.));
#9401=CARTESIAN_POINT('Ctrl Pts',(-201.571730498425,5.82892837076948,82.5));
#9402=CARTESIAN_POINT('Ctrl Pts',(-195.248635227315,2.71173649435804,75.));
#9403=CARTESIAN_POINT('Ctrl Pts',(-195.248635227315,2.71173649435804,82.5));
#9404=CARTESIAN_POINT('Ctrl Pts',(-194.859899184656,1.91962992602155,75.));
#9405=CARTESIAN_POINT('Ctrl Pts',(-194.859899184656,1.91962992602155,82.5));
#9406=CARTESIAN_POINT('',(-201.571730498425,5.82892837076948,75.));
#9407=CARTESIAN_POINT('Ctrl Pts',(-201.571730498425,5.82892837076948,75.));
#9408=CARTESIAN_POINT('Ctrl Pts',(-195.248635227315,2.71173649435804,75.));
#9409=CARTESIAN_POINT('Ctrl Pts',(-194.859899184656,1.91962992602155,75.));
#9410=CARTESIAN_POINT('',(-201.571730498425,5.82892837076948,82.5));
#9411=CARTESIAN_POINT('Ctrl Pts',(-201.571730498425,5.82892837076948,82.5));
#9412=CARTESIAN_POINT('Ctrl Pts',(-195.248635227315,2.71173649435804,82.5));
#9413=CARTESIAN_POINT('Ctrl Pts',(-194.859899184656,1.91962992602155,82.5));
#9414=CARTESIAN_POINT('',(-201.571730498425,5.82892837076948,75.));
#9415=CARTESIAN_POINT('Ctrl Pts',(-211.852887549194,4.31997101685966,75.));
#9416=CARTESIAN_POINT('Ctrl Pts',(-211.852887549194,4.31997101685966,82.5));
#9417=CARTESIAN_POINT('Ctrl Pts',(-207.894825769536,8.94612024718091,75.));
#9418=CARTESIAN_POINT('Ctrl Pts',(-207.894825769536,8.94612024718091,82.5));
#9419=CARTESIAN_POINT('Ctrl Pts',(-201.571730498425,5.82892837076948,75.));
#9420=CARTESIAN_POINT('Ctrl Pts',(-201.571730498425,5.82892837076948,82.5));
#9421=CARTESIAN_POINT('',(-211.852887549194,4.31997101685966,75.));
#9422=CARTESIAN_POINT('Ctrl Pts',(-211.852887549194,4.31997101685966,75.));
#9423=CARTESIAN_POINT('Ctrl Pts',(-207.894825769536,8.94612024718091,75.));
#9424=CARTESIAN_POINT('Ctrl Pts',(-201.571730498425,5.82892837076948,75.));
#9425=CARTESIAN_POINT('',(-211.852887549194,4.31997101685966,82.5));
#9426=CARTESIAN_POINT('Ctrl Pts',(-211.852887549194,4.31997101685966,82.5));
#9427=CARTESIAN_POINT('Ctrl Pts',(-207.894825769536,8.94612024718091,82.5));
#9428=CARTESIAN_POINT('Ctrl Pts',(-201.571730498425,5.82892837076948,82.5));
#9429=CARTESIAN_POINT('',(-211.852887549194,4.31997101685966,75.));
#9430=CARTESIAN_POINT('Ctrl Pts',(-215.812613673321,-4.48221037708158,75.));
#9431=CARTESIAN_POINT('Ctrl Pts',(-215.812613673321,-4.48221037708158,82.5));
#9432=CARTESIAN_POINT('Ctrl Pts',(-215.810945412747,-0.306174297356945,
75.));
#9433=CARTESIAN_POINT('Ctrl Pts',(-215.810945412747,-0.306174297356945,
82.5));
#9434=CARTESIAN_POINT('Ctrl Pts',(-211.852887549194,4.31997101685966,75.));
#9435=CARTESIAN_POINT('Ctrl Pts',(-211.852887549194,4.31997101685966,82.5));
#9436=CARTESIAN_POINT('',(-215.812613673321,-4.48221037708158,75.));
#9437=CARTESIAN_POINT('Ctrl Pts',(-215.812613673321,-4.48221037708158,75.));
#9438=CARTESIAN_POINT('Ctrl Pts',(-215.810945412747,-0.306174297356945,
75.));
#9439=CARTESIAN_POINT('Ctrl Pts',(-211.852887549194,4.31997101685966,75.));
#9440=CARTESIAN_POINT('',(-215.812613673321,-4.48221037708158,82.5));
#9441=CARTESIAN_POINT('Ctrl Pts',(-215.812613673321,-4.48221037708158,82.5));
#9442=CARTESIAN_POINT('Ctrl Pts',(-215.810945412747,-0.306174297356945,
82.5));
#9443=CARTESIAN_POINT('Ctrl Pts',(-211.852887549194,4.31997101685966,82.5));
#9444=CARTESIAN_POINT('',(-215.812613673321,-4.48221037708158,75.));
#9445=CARTESIAN_POINT('Ctrl Pts',(-214.388165857426,-10.5809833425128,75.));
#9446=CARTESIAN_POINT('Ctrl Pts',(-214.388165857426,-10.5809833425128,82.5));
#9447=CARTESIAN_POINT('Ctrl Pts',(-215.814281933896,-8.65824254070158,75.));
#9448=CARTESIAN_POINT('Ctrl Pts',(-215.814281933896,-8.65824254070158,82.5));
#9449=CARTESIAN_POINT('Ctrl Pts',(-215.812613673321,-4.48221037708158,75.));
#9450=CARTESIAN_POINT('Ctrl Pts',(-215.812613673321,-4.48221037708158,82.5));
#9451=CARTESIAN_POINT('Ctrl Pts',(-214.388165857426,-10.5809833425128,75.));
#9452=CARTESIAN_POINT('Ctrl Pts',(-215.814281933896,-8.65824254070158,75.));
#9453=CARTESIAN_POINT('Ctrl Pts',(-215.812613673321,-4.48221037708158,75.));
#9454=CARTESIAN_POINT('Ctrl Pts',(-214.388165857426,-10.5809833425128,82.5));
#9455=CARTESIAN_POINT('Ctrl Pts',(-215.814281933896,-8.65824254070158,82.5));
#9456=CARTESIAN_POINT('Ctrl Pts',(-215.812613673321,-4.48221037708158,82.5));
#9457=CARTESIAN_POINT('Origin',(-245.508976421146,-41.5860297193524,75.));
#9458=CARTESIAN_POINT('',(-245.508976421146,-41.5860297193524,75.));
#9459=CARTESIAN_POINT('',(-250.185384163213,-33.486253913184,75.));
#9460=CARTESIAN_POINT('',(-263.740112577455,-10.0087756169189,75.));
#9461=CARTESIAN_POINT('',(-250.185384163213,-33.486253913184,82.5));
#9462=CARTESIAN_POINT('',(-250.185384163213,-33.486253913184,75.));
#9463=CARTESIAN_POINT('',(-245.508976421146,-41.5860297193524,82.5));
#9464=CARTESIAN_POINT('',(-263.740112577455,-10.0087756169189,82.5));
#9465=CARTESIAN_POINT('',(-245.508976421146,-41.5860297193524,75.));
#9466=CARTESIAN_POINT('Ctrl Pts',(-238.151172976446,-43.4842981198871,75.));
#9467=CARTESIAN_POINT('Ctrl Pts',(-238.151172976446,-43.4842981198871,82.5));
#9468=CARTESIAN_POINT('Ctrl Pts',(-242.311951169123,-42.8299639492199,75.));
#9469=CARTESIAN_POINT('Ctrl Pts',(-242.311951169123,-42.8299639492199,82.5));
#9470=CARTESIAN_POINT('Ctrl Pts',(-245.508976421146,-41.5860297193524,75.));
#9471=CARTESIAN_POINT('Ctrl Pts',(-245.508976421146,-41.5860297193524,82.5));
#9472=CARTESIAN_POINT('',(-238.151172976446,-43.4842981198871,75.));
#9473=CARTESIAN_POINT('Ctrl Pts',(-238.151172976446,-43.4842981198871,75.));
#9474=CARTESIAN_POINT('Ctrl Pts',(-242.311951169123,-42.8299639492199,75.));
#9475=CARTESIAN_POINT('Ctrl Pts',(-245.508976421146,-41.5860297193524,75.));
#9476=CARTESIAN_POINT('',(-238.151172976446,-43.4842981198871,82.5));
#9477=CARTESIAN_POINT('Ctrl Pts',(-238.151172976446,-43.4842981198871,82.5));
#9478=CARTESIAN_POINT('Ctrl Pts',(-242.311951169123,-42.8299639492199,82.5));
#9479=CARTESIAN_POINT('Ctrl Pts',(-245.508976421146,-41.5860297193524,82.5));
#9480=CARTESIAN_POINT('',(-238.151172976446,-43.4842981198871,75.));
#9481=CARTESIAN_POINT('Ctrl Pts',(-226.203926831357,-39.5236987044258,75.));
#9482=CARTESIAN_POINT('Ctrl Pts',(-226.203926831357,-39.5236987044258,82.5));
#9483=CARTESIAN_POINT('Ctrl Pts',(-230.020018069696,-44.7630315984332,75.));
#9484=CARTESIAN_POINT('Ctrl Pts',(-230.020018069696,-44.7630315984332,82.5));
#9485=CARTESIAN_POINT('Ctrl Pts',(-238.151172976446,-43.4842981198871,75.));
#9486=CARTESIAN_POINT('Ctrl Pts',(-238.151172976446,-43.4842981198871,82.5));
#9487=CARTESIAN_POINT('',(-226.203926831357,-39.5236987044258,75.));
#9488=CARTESIAN_POINT('Ctrl Pts',(-226.203926831357,-39.5236987044258,75.));
#9489=CARTESIAN_POINT('Ctrl Pts',(-230.020018069696,-44.7630315984332,75.));
#9490=CARTESIAN_POINT('Ctrl Pts',(-238.151172976446,-43.4842981198871,75.));
#9491=CARTESIAN_POINT('',(-226.203926831357,-39.5236987044258,82.5));
#9492=CARTESIAN_POINT('Ctrl Pts',(-226.203926831357,-39.5236987044258,82.5));
#9493=CARTESIAN_POINT('Ctrl Pts',(-230.020018069696,-44.7630315984332,82.5));
#9494=CARTESIAN_POINT('Ctrl Pts',(-238.151172976446,-43.4842981198871,82.5));
#9495=CARTESIAN_POINT('',(-226.203926831357,-39.5236987044258,75.));
#9496=CARTESIAN_POINT('Ctrl Pts',(-222.692590771786,-33.7278560130043,75.));
#9497=CARTESIAN_POINT('Ctrl Pts',(-222.692590771786,-33.7278560130043,82.5));
#9498=CARTESIAN_POINT('Ctrl Pts',(-222.387835593017,-34.2843579782092,75.));
#9499=CARTESIAN_POINT('Ctrl Pts',(-222.387835593017,-34.2843579782092,82.5));
#9500=CARTESIAN_POINT('Ctrl Pts',(-226.203926831357,-39.5236987044258,75.));
#9501=CARTESIAN_POINT('Ctrl Pts',(-226.203926831357,-39.5236987044258,82.5));
#9502=CARTESIAN_POINT('',(-222.692590771786,-33.7278560130043,75.));
#9503=CARTESIAN_POINT('Ctrl Pts',(-222.692590771786,-33.7278560130043,75.));
#9504=CARTESIAN_POINT('Ctrl Pts',(-222.387835593017,-34.2843579782092,75.));
#9505=CARTESIAN_POINT('Ctrl Pts',(-226.203926831357,-39.5236987044258,75.));
#9506=CARTESIAN_POINT('',(-222.692590771786,-33.7278560130043,82.5));
#9507=CARTESIAN_POINT('Ctrl Pts',(-222.692590771786,-33.7278560130043,82.5));
#9508=CARTESIAN_POINT('Ctrl Pts',(-222.387835593017,-34.2843579782092,82.5));
#9509=CARTESIAN_POINT('Ctrl Pts',(-226.203926831357,-39.5236987044258,82.5));
#9510=CARTESIAN_POINT('',(-222.692590771786,-33.7278560130043,75.));
#9511=CARTESIAN_POINT('Ctrl Pts',(-229.173873173507,-29.7164882170601,75.));
#9512=CARTESIAN_POINT('Ctrl Pts',(-229.173873173507,-29.7164882170601,82.5));
#9513=CARTESIAN_POINT('Ctrl Pts',(-222.997342034451,-33.1713540477995,75.));
#9514=CARTESIAN_POINT('Ctrl Pts',(-222.997342034451,-33.1713540477995,82.5));
#9515=CARTESIAN_POINT('Ctrl Pts',(-222.692590771786,-33.7278560130043,75.));
#9516=CARTESIAN_POINT('Ctrl Pts',(-222.692590771786,-33.7278560130043,82.5));
#9517=CARTESIAN_POINT('',(-229.173873173507,-29.7164882170601,75.));
#9518=CARTESIAN_POINT('Ctrl Pts',(-229.173873173507,-29.7164882170601,75.));
#9519=CARTESIAN_POINT('Ctrl Pts',(-222.997342034451,-33.1713540477995,75.));
#9520=CARTESIAN_POINT('Ctrl Pts',(-222.692590771786,-33.7278560130043,75.));
#9521=CARTESIAN_POINT('',(-229.173873173507,-29.7164882170601,82.5));
#9522=CARTESIAN_POINT('Ctrl Pts',(-229.173873173507,-29.7164882170601,82.5));
#9523=CARTESIAN_POINT('Ctrl Pts',(-222.997342034451,-33.1713540477995,82.5));
#9524=CARTESIAN_POINT('Ctrl Pts',(-222.692590771786,-33.7278560130043,82.5));
#9525=CARTESIAN_POINT('',(-229.173873173507,-29.7164882170601,75.));
#9526=CARTESIAN_POINT('Ctrl Pts',(-245.266901531967,-30.7031586119576,75.));
#9527=CARTESIAN_POINT('Ctrl Pts',(-245.266901531967,-30.7031586119576,82.5));
#9528=CARTESIAN_POINT('Ctrl Pts',(-235.350404312563,-26.2616145541115,75.));
#9529=CARTESIAN_POINT('Ctrl Pts',(-235.350404312563,-26.2616145541115,82.5));
#9530=CARTESIAN_POINT('Ctrl Pts',(-229.173873173507,-29.7164882170601,75.));
#9531=CARTESIAN_POINT('Ctrl Pts',(-229.173873173507,-29.7164882170601,82.5));
#9532=CARTESIAN_POINT('',(-245.266901531967,-30.7031586119576,75.));
#9533=CARTESIAN_POINT('Ctrl Pts',(-245.266901531967,-30.7031586119576,75.));
#9534=CARTESIAN_POINT('Ctrl Pts',(-235.350404312563,-26.2616145541115,75.));
#9535=CARTESIAN_POINT('Ctrl Pts',(-229.173873173507,-29.7164882170601,75.));
#9536=CARTESIAN_POINT('',(-245.266901531967,-30.7031586119576,82.5));
#9537=CARTESIAN_POINT('Ctrl Pts',(-245.266901531967,-30.7031586119576,82.5));
#9538=CARTESIAN_POINT('Ctrl Pts',(-235.350404312563,-26.2616145541115,82.5));
#9539=CARTESIAN_POINT('Ctrl Pts',(-229.173873173507,-29.7164882170601,82.5));
#9540=CARTESIAN_POINT('',(-245.266901531967,-30.7031586119576,75.));
#9541=CARTESIAN_POINT('Ctrl Pts',(-250.185384163213,-33.486253913184,75.));
#9542=CARTESIAN_POINT('Ctrl Pts',(-250.185384163213,-33.486253913184,82.5));
#9543=CARTESIAN_POINT('Ctrl Pts',(-248.48058743364,-32.1425508301729,75.));
#9544=CARTESIAN_POINT('Ctrl Pts',(-248.48058743364,-32.1425508301729,82.5));
#9545=CARTESIAN_POINT('Ctrl Pts',(-245.266901531967,-30.7031586119576,75.));
#9546=CARTESIAN_POINT('Ctrl Pts',(-245.266901531967,-30.7031586119576,82.5));
#9547=CARTESIAN_POINT('Ctrl Pts',(-250.185384163213,-33.486253913184,75.));
#9548=CARTESIAN_POINT('Ctrl Pts',(-248.48058743364,-32.1425508301729,75.));
#9549=CARTESIAN_POINT('Ctrl Pts',(-245.266901531967,-30.7031586119576,75.));
#9550=CARTESIAN_POINT('Ctrl Pts',(-250.185384163213,-33.486253913184,82.5));
#9551=CARTESIAN_POINT('Ctrl Pts',(-248.48058743364,-32.1425508301729,82.5));
#9552=CARTESIAN_POINT('Ctrl Pts',(-245.266901531967,-30.7031586119576,82.5));
#9553=CARTESIAN_POINT('Ctrl Pts',(-224.973384936444,3.60359407994713,75.));
#9554=CARTESIAN_POINT('Ctrl Pts',(-224.973384936444,3.60359407994713,82.5));
#9555=CARTESIAN_POINT('Ctrl Pts',(-232.693260744206,5.88331914803947,75.));
#9556=CARTESIAN_POINT('Ctrl Pts',(-232.693260744206,5.88331914803947,82.5));
#9557=CARTESIAN_POINT('Ctrl Pts',(-232.852172354174,6.27476513510511,75.));
#9558=CARTESIAN_POINT('Ctrl Pts',(-232.852172354174,6.27476513510511,82.5));
#9559=CARTESIAN_POINT('',(-224.973384936444,3.60359407994713,75.));
#9560=CARTESIAN_POINT('',(-232.852172354174,6.27476513510511,75.));
#9561=CARTESIAN_POINT('Ctrl Pts',(-224.973384936444,3.60359407994713,75.));
#9562=CARTESIAN_POINT('Ctrl Pts',(-232.693260744206,5.88331914803947,75.));
#9563=CARTESIAN_POINT('Ctrl Pts',(-232.852172354174,6.27476513510511,75.));
#9564=CARTESIAN_POINT('',(-232.852172354174,6.27476513510511,82.5));
#9565=CARTESIAN_POINT('',(-232.852172354174,6.27476513510511,75.));
#9566=CARTESIAN_POINT('',(-224.973384936444,3.60359407994713,82.5));
#9567=CARTESIAN_POINT('Ctrl Pts',(-224.973384936444,3.60359407994713,82.5));
#9568=CARTESIAN_POINT('Ctrl Pts',(-232.693260744206,5.88331914803947,82.5));
#9569=CARTESIAN_POINT('Ctrl Pts',(-232.852172354174,6.27476513510511,82.5));
#9570=CARTESIAN_POINT('',(-224.973384936444,3.60359407994713,75.));
#9571=CARTESIAN_POINT('Ctrl Pts',(-213.297785263491,5.94728480114108,75.));
#9572=CARTESIAN_POINT('Ctrl Pts',(-213.297785263491,5.94728480114108,82.5));
#9573=CARTESIAN_POINT('Ctrl Pts',(-217.253509128682,1.32386901185479,75.));
#9574=CARTESIAN_POINT('Ctrl Pts',(-217.253509128682,1.32386901185479,82.5));
#9575=CARTESIAN_POINT('Ctrl Pts',(-224.973384936444,3.60359407994713,75.));
#9576=CARTESIAN_POINT('Ctrl Pts',(-224.973384936444,3.60359407994713,82.5));
#9577=CARTESIAN_POINT('',(-213.297785263491,5.94728480114108,75.));
#9578=CARTESIAN_POINT('Ctrl Pts',(-213.297785263491,5.94728480114108,75.));
#9579=CARTESIAN_POINT('Ctrl Pts',(-217.253509128682,1.32386901185479,75.));
#9580=CARTESIAN_POINT('Ctrl Pts',(-224.973384936444,3.60359407994713,75.));
#9581=CARTESIAN_POINT('',(-213.297785263491,5.94728480114108,82.5));
#9582=CARTESIAN_POINT('Ctrl Pts',(-213.297785263491,5.94728480114108,82.5));
#9583=CARTESIAN_POINT('Ctrl Pts',(-217.253509128682,1.32386901185479,82.5));
#9584=CARTESIAN_POINT('Ctrl Pts',(-224.973384936444,3.60359407994713,82.5));
#9585=CARTESIAN_POINT('',(-213.297785263491,5.94728480114108,75.));
#9586=CARTESIAN_POINT('Ctrl Pts',(-209.55683624088,11.5007127834714,75.));
#9587=CARTESIAN_POINT('Ctrl Pts',(-209.55683624088,11.5007127834714,82.5));
#9588=CARTESIAN_POINT('Ctrl Pts',(-209.3420613983,10.570704506532,75.));
#9589=CARTESIAN_POINT('Ctrl Pts',(-209.3420613983,10.570704506532,82.5));
#9590=CARTESIAN_POINT('Ctrl Pts',(-213.297785263491,5.94728480114108,75.));
#9591=CARTESIAN_POINT('Ctrl Pts',(-213.297785263491,5.94728480114108,82.5));
#9592=CARTESIAN_POINT('',(-209.55683624088,11.5007127834714,75.));
#9593=CARTESIAN_POINT('Ctrl Pts',(-209.55683624088,11.5007127834714,75.));
#9594=CARTESIAN_POINT('Ctrl Pts',(-209.3420613983,10.570704506532,75.));
#9595=CARTESIAN_POINT('Ctrl Pts',(-213.297785263491,5.94728480114108,75.));
#9596=CARTESIAN_POINT('',(-209.55683624088,11.5007127834714,82.5));
#9597=CARTESIAN_POINT('Ctrl Pts',(-209.55683624088,11.5007127834714,82.5));
#9598=CARTESIAN_POINT('Ctrl Pts',(-209.3420613983,10.570704506532,82.5));
#9599=CARTESIAN_POINT('Ctrl Pts',(-213.297785263491,5.94728480114108,82.5));
#9600=CARTESIAN_POINT('',(-209.55683624088,11.5007127834714,75.));
#9601=CARTESIAN_POINT('Ctrl Pts',(-218.275679012092,16.6996510581728,75.));
#9602=CARTESIAN_POINT('Ctrl Pts',(-218.275679012092,16.6996510581728,82.5));
#9603=CARTESIAN_POINT('Ctrl Pts',(-209.77161108346,12.4307171443062,75.));
#9604=CARTESIAN_POINT('Ctrl Pts',(-209.77161108346,12.4307171443062,82.5));
#9605=CARTESIAN_POINT('Ctrl Pts',(-209.55683624088,11.5007127834714,75.));
#9606=CARTESIAN_POINT('Ctrl Pts',(-209.55683624088,11.5007127834714,82.5));
#9607=CARTESIAN_POINT('',(-218.275679012092,16.6996510581728,75.));
#9608=CARTESIAN_POINT('Ctrl Pts',(-218.275679012092,16.6996510581728,75.));
#9609=CARTESIAN_POINT('Ctrl Pts',(-209.77161108346,12.4307171443062,75.));
#9610=CARTESIAN_POINT('Ctrl Pts',(-209.55683624088,11.5007127834714,75.));
#9611=CARTESIAN_POINT('',(-218.275679012092,16.6996510581728,82.5));
#9612=CARTESIAN_POINT('Ctrl Pts',(-218.275679012092,16.6996510581728,82.5));
#9613=CARTESIAN_POINT('Ctrl Pts',(-209.77161108346,12.4307171443062,82.5));
#9614=CARTESIAN_POINT('Ctrl Pts',(-209.55683624088,11.5007127834714,82.5));
#9615=CARTESIAN_POINT('',(-218.275679012092,16.6996510581728,75.));
#9616=CARTESIAN_POINT('Ctrl Pts',(-229.895411536328,13.8173941310005,75.));
#9617=CARTESIAN_POINT('Ctrl Pts',(-229.895411536328,13.8173941310005,82.5));
#9618=CARTESIAN_POINT('Ctrl Pts',(-226.779743024619,20.9685849720395,75.));
#9619=CARTESIAN_POINT('Ctrl Pts',(-226.779743024619,20.9685849720395,82.5));
#9620=CARTESIAN_POINT('Ctrl Pts',(-218.275679012092,16.6996510581728,75.));
#9621=CARTESIAN_POINT('Ctrl Pts',(-218.275679012092,16.6996510581728,82.5));
#9622=CARTESIAN_POINT('',(-229.895411536328,13.8173941310005,75.));
#9623=CARTESIAN_POINT('Ctrl Pts',(-229.895411536328,13.8173941310005,75.));
#9624=CARTESIAN_POINT('Ctrl Pts',(-226.779743024619,20.9685849720395,75.));
#9625=CARTESIAN_POINT('Ctrl Pts',(-218.275679012092,16.6996510581728,75.));
#9626=CARTESIAN_POINT('',(-229.895411536328,13.8173941310005,82.5));
#9627=CARTESIAN_POINT('Ctrl Pts',(-229.895411536328,13.8173941310005,82.5));
#9628=CARTESIAN_POINT('Ctrl Pts',(-226.779743024619,20.9685849720395,82.5));
#9629=CARTESIAN_POINT('Ctrl Pts',(-218.275679012092,16.6996510581728,82.5));
#9630=CARTESIAN_POINT('',(-229.895411536328,13.8173941310005,75.));
#9631=CARTESIAN_POINT('Ctrl Pts',(-232.852172354174,6.27476513510511,75.));
#9632=CARTESIAN_POINT('Ctrl Pts',(-232.852172354174,6.27476513510511,82.5));
#9633=CARTESIAN_POINT('Ctrl Pts',(-233.011082006089,6.66620720606611,75.));
#9634=CARTESIAN_POINT('Ctrl Pts',(-233.011082006089,6.66620720606611,82.5));
#9635=CARTESIAN_POINT('Ctrl Pts',(-229.895411536328,13.8173941310005,75.));
#9636=CARTESIAN_POINT('Ctrl Pts',(-229.895411536328,13.8173941310005,82.5));
#9637=CARTESIAN_POINT('Ctrl Pts',(-232.852172354174,6.27476513510511,75.));
#9638=CARTESIAN_POINT('Ctrl Pts',(-233.011082006089,6.66620720606611,75.));
#9639=CARTESIAN_POINT('Ctrl Pts',(-229.895411536328,13.8173941310005,75.));
#9640=CARTESIAN_POINT('Ctrl Pts',(-232.852172354174,6.27476513510511,82.5));
#9641=CARTESIAN_POINT('Ctrl Pts',(-233.011082006089,6.66620720606611,82.5));
#9642=CARTESIAN_POINT('Ctrl Pts',(-229.895411536328,13.8173941310005,82.5));
#9643=CARTESIAN_POINT('Ctrl Pts',(-175.603128213994,16.8952996457176,75.));
#9644=CARTESIAN_POINT('Ctrl Pts',(-175.603128213994,16.8952996457176,82.5));
#9645=CARTESIAN_POINT('Ctrl Pts',(-181.038462144963,20.1588246040102,75.));
#9646=CARTESIAN_POINT('Ctrl Pts',(-181.038462144963,20.1588246040102,82.5));
#9647=CARTESIAN_POINT('Ctrl Pts',(-182.417769022735,24.8513243951556,75.));
#9648=CARTESIAN_POINT('Ctrl Pts',(-182.417769022735,24.8513243951556,82.5));
#9649=CARTESIAN_POINT('',(-175.603128213994,16.8952996457176,75.));
#9650=CARTESIAN_POINT('',(-182.417769022735,24.8513243951556,75.));
#9651=CARTESIAN_POINT('Ctrl Pts',(-175.603128213994,16.8952996457176,75.));
#9652=CARTESIAN_POINT('Ctrl Pts',(-181.038462144963,20.1588246040102,75.));
#9653=CARTESIAN_POINT('Ctrl Pts',(-182.417769022735,24.8513243951556,75.));
#9654=CARTESIAN_POINT('',(-182.417769022735,24.8513243951556,82.5));
#9655=CARTESIAN_POINT('',(-182.417769022735,24.8513243951556,75.));
#9656=CARTESIAN_POINT('',(-175.603128213994,16.8952996457176,82.5));
#9657=CARTESIAN_POINT('Ctrl Pts',(-175.603128213994,16.8952996457176,82.5));
#9658=CARTESIAN_POINT('Ctrl Pts',(-181.038462144963,20.1588246040102,82.5));
#9659=CARTESIAN_POINT('Ctrl Pts',(-182.417769022735,24.8513243951556,82.5));
#9660=CARTESIAN_POINT('',(-175.603128213994,16.8952996457176,75.));
#9661=CARTESIAN_POINT('Ctrl Pts',(-165.10858653779,17.1273836707827,75.));
#9662=CARTESIAN_POINT('Ctrl Pts',(-165.10858653779,17.1273836707827,82.5));
#9663=CARTESIAN_POINT('Ctrl Pts',(-170.167786450815,13.631774687425,75.));
#9664=CARTESIAN_POINT('Ctrl Pts',(-170.167786450815,13.631774687425,82.5));
#9665=CARTESIAN_POINT('Ctrl Pts',(-175.603128213994,16.8952996457176,75.));
#9666=CARTESIAN_POINT('Ctrl Pts',(-175.603128213994,16.8952996457176,82.5));
#9667=CARTESIAN_POINT('',(-165.10858653779,17.1273836707827,75.));
#9668=CARTESIAN_POINT('Ctrl Pts',(-165.10858653779,17.1273836707827,75.));
#9669=CARTESIAN_POINT('Ctrl Pts',(-170.167786450815,13.631774687425,75.));
#9670=CARTESIAN_POINT('Ctrl Pts',(-175.603128213994,16.8952996457176,75.));
#9671=CARTESIAN_POINT('',(-165.10858653779,17.1273836707827,82.5));
#9672=CARTESIAN_POINT('Ctrl Pts',(-165.10858653779,17.1273836707827,82.5));
#9673=CARTESIAN_POINT('Ctrl Pts',(-170.167786450815,13.631774687425,82.5));
#9674=CARTESIAN_POINT('Ctrl Pts',(-175.603128213994,16.8952996457176,82.5));
#9675=CARTESIAN_POINT('',(-165.10858653779,17.1273836707827,75.));
#9676=CARTESIAN_POINT('Ctrl Pts',(-168.023985458485,33.4953754420039,75.));
#9677=CARTESIAN_POINT('Ctrl Pts',(-168.023985458485,33.4953754420039,82.5));
#9678=CARTESIAN_POINT('Ctrl Pts',(-160.049394456975,20.6229906960881,75.));
#9679=CARTESIAN_POINT('Ctrl Pts',(-160.049394456975,20.6229906960881,82.5));
#9680=CARTESIAN_POINT('Ctrl Pts',(-165.10858653779,17.1273836707827,75.));
#9681=CARTESIAN_POINT('Ctrl Pts',(-165.10858653779,17.1273836707827,82.5));
#9682=CARTESIAN_POINT('',(-168.023985458485,33.4953754420039,75.));
#9683=CARTESIAN_POINT('Ctrl Pts',(-168.023985458485,33.4953754420039,75.));
#9684=CARTESIAN_POINT('Ctrl Pts',(-160.049394456975,20.6229906960881,75.));
#9685=CARTESIAN_POINT('Ctrl Pts',(-165.10858653779,17.1273836707827,75.));
#9686=CARTESIAN_POINT('',(-168.023985458485,33.4953754420039,82.5));
#9687=CARTESIAN_POINT('Ctrl Pts',(-168.023985458485,33.4953754420039,82.5));
#9688=CARTESIAN_POINT('Ctrl Pts',(-160.049394456975,20.6229906960881,82.5));
#9689=CARTESIAN_POINT('Ctrl Pts',(-165.10858653779,17.1273836707827,82.5));
#9690=CARTESIAN_POINT('',(-168.023985458485,33.4953754420039,75.));
#9691=CARTESIAN_POINT('Ctrl Pts',(-179.897826180251,37.9557921871102,75.));
#9692=CARTESIAN_POINT('Ctrl Pts',(-179.897826180251,37.9557921871102,82.5));
#9693=CARTESIAN_POINT('Ctrl Pts',(-175.998576459996,46.3677611669458,75.));
#9694=CARTESIAN_POINT('Ctrl Pts',(-175.998576459996,46.3677611669458,82.5));
#9695=CARTESIAN_POINT('Ctrl Pts',(-168.023985458485,33.4953754420039,75.));
#9696=CARTESIAN_POINT('Ctrl Pts',(-168.023985458485,33.4953754420039,82.5));
#9697=CARTESIAN_POINT('',(-179.897826180251,37.9557921871102,75.));
#9698=CARTESIAN_POINT('Ctrl Pts',(-179.897826180251,37.9557921871102,75.));
#9699=CARTESIAN_POINT('Ctrl Pts',(-175.998576459996,46.3677611669458,75.));
#9700=CARTESIAN_POINT('Ctrl Pts',(-168.023985458485,33.4953754420039,75.));
#9701=CARTESIAN_POINT('',(-179.897826180251,37.9557921871102,82.5));
#9702=CARTESIAN_POINT('Ctrl Pts',(-179.897826180251,37.9557921871102,82.5));
#9703=CARTESIAN_POINT('Ctrl Pts',(-175.998576459996,46.3677611669458,82.5));
#9704=CARTESIAN_POINT('Ctrl Pts',(-168.023985458485,33.4953754420039,82.5));
#9705=CARTESIAN_POINT('',(-179.897826180251,37.9557921871102,75.));
#9706=CARTESIAN_POINT('Ctrl Pts',(-182.417769022735,24.8513243951556,75.));
#9707=CARTESIAN_POINT('Ctrl Pts',(-182.417769022735,24.8513243951556,82.5));
#9708=CARTESIAN_POINT('Ctrl Pts',(-183.797075900507,29.5438241863009,75.));
#9709=CARTESIAN_POINT('Ctrl Pts',(-183.797075900507,29.5438241863009,82.5));
#9710=CARTESIAN_POINT('Ctrl Pts',(-179.897826180251,37.9557921871102,75.));
#9711=CARTESIAN_POINT('Ctrl Pts',(-179.897826180251,37.9557921871102,82.5));
#9712=CARTESIAN_POINT('Ctrl Pts',(-182.417769022735,24.8513243951556,75.));
#9713=CARTESIAN_POINT('Ctrl Pts',(-183.797075900507,29.5438241863009,75.));
#9714=CARTESIAN_POINT('Ctrl Pts',(-179.897826180251,37.9557921871102,75.));
#9715=CARTESIAN_POINT('Ctrl Pts',(-182.417769022735,24.8513243951556,82.5));
#9716=CARTESIAN_POINT('Ctrl Pts',(-183.797075900507,29.5438241863009,82.5));
#9717=CARTESIAN_POINT('Ctrl Pts',(-179.897826180251,37.9557921871102,82.5));
#9718=CARTESIAN_POINT('Ctrl Pts',(-188.096167736165,0.154030654883037,75.));
#9719=CARTESIAN_POINT('Ctrl Pts',(-188.096167736165,0.154030654883037,82.5));
#9720=CARTESIAN_POINT('Ctrl Pts',(-192.502380697997,2.00912858134076,75.));
#9721=CARTESIAN_POINT('Ctrl Pts',(-192.502380697997,2.00912858134076,82.5));
#9722=CARTESIAN_POINT('Ctrl Pts',(-192.839690454594,2.69645193796919,75.));
#9723=CARTESIAN_POINT('Ctrl Pts',(-192.839690454594,2.69645193796919,82.5));
#9724=CARTESIAN_POINT('',(-188.096167736165,0.154030654883037,75.));
#9725=CARTESIAN_POINT('',(-192.839690454594,2.69645193796919,75.));
#9726=CARTESIAN_POINT('Ctrl Pts',(-188.096167736165,0.154030654883037,75.));
#9727=CARTESIAN_POINT('Ctrl Pts',(-192.502380697997,2.00912858134076,75.));
#9728=CARTESIAN_POINT('Ctrl Pts',(-192.839690454594,2.69645193796919,75.));
#9729=CARTESIAN_POINT('',(-192.839690454594,2.69645193796919,82.5));
#9730=CARTESIAN_POINT('',(-192.839690454594,2.69645193796919,75.));
#9731=CARTESIAN_POINT('',(-188.096167736165,0.154030654883037,82.5));
#9732=CARTESIAN_POINT('Ctrl Pts',(-188.096167736165,0.154030654883037,82.5));
#9733=CARTESIAN_POINT('Ctrl Pts',(-192.502380697997,2.00912858134076,82.5));
#9734=CARTESIAN_POINT('Ctrl Pts',(-192.839690454594,2.69645193796919,82.5));
#9735=CARTESIAN_POINT('',(-188.096167736165,0.154030654883037,75.));
#9736=CARTESIAN_POINT('Ctrl Pts',(-177.292637572082,1.11841449830497,75.));
#9737=CARTESIAN_POINT('Ctrl Pts',(-177.292637572082,1.11841449830497,82.5));
#9738=CARTESIAN_POINT('Ctrl Pts',(-183.689954774332,-1.70106335547005,75.));
#9739=CARTESIAN_POINT('Ctrl Pts',(-183.689954774332,-1.70106335547005,82.5));
#9740=CARTESIAN_POINT('Ctrl Pts',(-188.096167736165,0.154030654883037,75.));
#9741=CARTESIAN_POINT('Ctrl Pts',(-188.096167736165,0.154030654883037,82.5));
#9742=CARTESIAN_POINT('',(-177.292637572082,1.11841449830497,75.));
#9743=CARTESIAN_POINT('Ctrl Pts',(-177.292637572082,1.11841449830497,75.));
#9744=CARTESIAN_POINT('Ctrl Pts',(-183.689954774332,-1.70106335547005,75.));
#9745=CARTESIAN_POINT('Ctrl Pts',(-188.096167736165,0.154030654883037,75.));
#9746=CARTESIAN_POINT('',(-177.292637572082,1.11841449830497,82.5));
#9747=CARTESIAN_POINT('Ctrl Pts',(-177.292637572082,1.11841449830497,82.5));
#9748=CARTESIAN_POINT('Ctrl Pts',(-183.689954774332,-1.70106335547005,82.5));
#9749=CARTESIAN_POINT('Ctrl Pts',(-188.096167736165,0.154030654883037,82.5));
#9750=CARTESIAN_POINT('',(-177.292637572082,1.11841449830497,75.));
#9751=CARTESIAN_POINT('Ctrl Pts',(-171.038900430155,7.83217253555422,75.));
#9752=CARTESIAN_POINT('Ctrl Pts',(-171.038900430155,7.83217253555422,82.5));
#9753=CARTESIAN_POINT('Ctrl Pts',(-170.895320369832,3.93789235208001,75.));
#9754=CARTESIAN_POINT('Ctrl Pts',(-170.895320369832,3.93789235208001,82.5));
#9755=CARTESIAN_POINT('Ctrl Pts',(-177.292637572082,1.11841449830497,75.));
#9756=CARTESIAN_POINT('Ctrl Pts',(-177.292637572082,1.11841449830497,82.5));
#9757=CARTESIAN_POINT('',(-171.038900430155,7.83217253555422,75.));
#9758=CARTESIAN_POINT('Ctrl Pts',(-171.038900430155,7.83217253555422,75.));
#9759=CARTESIAN_POINT('Ctrl Pts',(-170.895320369832,3.93789235208001,75.));
#9760=CARTESIAN_POINT('Ctrl Pts',(-177.292637572082,1.11841449830497,75.));
#9761=CARTESIAN_POINT('',(-171.038900430155,7.83217253555422,82.5));
#9762=CARTESIAN_POINT('Ctrl Pts',(-171.038900430155,7.83217253555422,82.5));
#9763=CARTESIAN_POINT('Ctrl Pts',(-170.895320369832,3.93789235208001,82.5));
#9764=CARTESIAN_POINT('Ctrl Pts',(-177.292637572082,1.11841449830497,82.5));
#9765=CARTESIAN_POINT('',(-171.038900430155,7.83217253555422,75.));
#9766=CARTESIAN_POINT('Ctrl Pts',(-176.437626615,14.8817835384763,75.));
#9767=CARTESIAN_POINT('Ctrl Pts',(-176.437626615,14.8817835384763,82.5));
#9768=CARTESIAN_POINT('Ctrl Pts',(-171.182480490478,11.7264527190284,75.));
#9769=CARTESIAN_POINT('Ctrl Pts',(-171.182480490478,11.7264527190284,82.5));
#9770=CARTESIAN_POINT('Ctrl Pts',(-171.038900430155,7.83217253555422,75.));
#9771=CARTESIAN_POINT('Ctrl Pts',(-171.038900430155,7.83217253555422,82.5));
#9772=CARTESIAN_POINT('',(-176.437626615,14.8817835384763,75.));
#9773=CARTESIAN_POINT('Ctrl Pts',(-176.437626615,14.8817835384763,75.));
#9774=CARTESIAN_POINT('Ctrl Pts',(-171.182480490478,11.7264527190284,75.));
#9775=CARTESIAN_POINT('Ctrl Pts',(-171.038900430155,7.83217253555422,75.));
#9776=CARTESIAN_POINT('',(-176.437626615,14.8817835384763,82.5));
#9777=CARTESIAN_POINT('Ctrl Pts',(-176.437626615,14.8817835384763,82.5));
#9778=CARTESIAN_POINT('Ctrl Pts',(-171.182480490478,11.7264527190284,82.5));
#9779=CARTESIAN_POINT('Ctrl Pts',(-171.038900430155,7.83217253555422,82.5));
#9780=CARTESIAN_POINT('',(-176.437626615,14.8817835384763,75.));
#9781=CARTESIAN_POINT('Ctrl Pts',(-187.434886475356,10.7104428682085,75.));
#9782=CARTESIAN_POINT('Ctrl Pts',(-187.434886475356,10.7104428682085,82.5));
#9783=CARTESIAN_POINT('Ctrl Pts',(-181.692772739522,18.0371143579241,75.));
#9784=CARTESIAN_POINT('Ctrl Pts',(-181.692772739522,18.0371143579241,82.5));
#9785=CARTESIAN_POINT('Ctrl Pts',(-176.437626615,14.8817835384763,75.));
#9786=CARTESIAN_POINT('Ctrl Pts',(-176.437626615,14.8817835384763,82.5));
#9787=CARTESIAN_POINT('',(-187.434886475356,10.7104428682085,75.));
#9788=CARTESIAN_POINT('Ctrl Pts',(-187.434886475356,10.7104428682085,75.));
#9789=CARTESIAN_POINT('Ctrl Pts',(-181.692772739522,18.0371143579241,75.));
#9790=CARTESIAN_POINT('Ctrl Pts',(-176.437626615,14.8817835384763,75.));
#9791=CARTESIAN_POINT('',(-187.434886475356,10.7104428682085,82.5));
#9792=CARTESIAN_POINT('Ctrl Pts',(-187.434886475356,10.7104428682085,82.5));
#9793=CARTESIAN_POINT('Ctrl Pts',(-181.692772739522,18.0371143579241,82.5));
#9794=CARTESIAN_POINT('Ctrl Pts',(-176.437626615,14.8817835384763,82.5));
#9795=CARTESIAN_POINT('',(-187.434886475356,10.7104428682085,75.));
#9796=CARTESIAN_POINT('Ctrl Pts',(-192.839690454594,2.69645193796919,75.));
#9797=CARTESIAN_POINT('Ctrl Pts',(-192.839690454594,2.69645193796919,82.5));
#9798=CARTESIAN_POINT('Ctrl Pts',(-193.177000211191,3.38377137849297,75.));
#9799=CARTESIAN_POINT('Ctrl Pts',(-193.177000211191,3.38377137849297,82.5));
#9800=CARTESIAN_POINT('Ctrl Pts',(-187.434886475356,10.7104428682085,75.));
#9801=CARTESIAN_POINT('Ctrl Pts',(-187.434886475356,10.7104428682085,82.5));
#9802=CARTESIAN_POINT('Ctrl Pts',(-192.839690454594,2.69645193796919,75.));
#9803=CARTESIAN_POINT('Ctrl Pts',(-193.177000211191,3.38377137849297,75.));
#9804=CARTESIAN_POINT('Ctrl Pts',(-187.434886475356,10.7104428682085,75.));
#9805=CARTESIAN_POINT('Ctrl Pts',(-192.839690454594,2.69645193796919,82.5));
#9806=CARTESIAN_POINT('Ctrl Pts',(-193.177000211191,3.38377137849297,82.5));
#9807=CARTESIAN_POINT('Ctrl Pts',(-187.434886475356,10.7104428682085,82.5));
#9808=CARTESIAN_POINT('Ctrl Pts',(-218.773643045219,-22.2232491328163,75.));
#9809=CARTESIAN_POINT('Ctrl Pts',(-218.773643045219,-22.2232491328163,82.5));
#9810=CARTESIAN_POINT('Ctrl Pts',(-222.697716952753,-30.8687941735827,75.));
#9811=CARTESIAN_POINT('Ctrl Pts',(-222.697716952753,-30.8687941735827,82.5));
#9812=CARTESIAN_POINT('Ctrl Pts',(-228.413248170328,-27.6717803364042,75.));
#9813=CARTESIAN_POINT('Ctrl Pts',(-228.413248170328,-27.6717803364042,82.5));
#9814=CARTESIAN_POINT('',(-218.773643045219,-22.2232491328163,75.));
#9815=CARTESIAN_POINT('',(-228.413248170328,-27.6717803364042,75.));
#9816=CARTESIAN_POINT('Ctrl Pts',(-218.773643045219,-22.2232491328163,75.));
#9817=CARTESIAN_POINT('Ctrl Pts',(-222.697716952753,-30.8687941735827,75.));
#9818=CARTESIAN_POINT('Ctrl Pts',(-228.413248170328,-27.6717803364042,75.));
#9819=CARTESIAN_POINT('',(-228.413248170328,-27.6717803364042,82.5));
#9820=CARTESIAN_POINT('',(-228.413248170328,-27.6717803364042,75.));
#9821=CARTESIAN_POINT('',(-218.773643045219,-22.2232491328163,82.5));
#9822=CARTESIAN_POINT('Ctrl Pts',(-218.773643045219,-22.2232491328163,82.5));
#9823=CARTESIAN_POINT('Ctrl Pts',(-222.697716952753,-30.8687941735827,82.5));
#9824=CARTESIAN_POINT('Ctrl Pts',(-228.413248170328,-27.6717803364042,82.5));
#9825=CARTESIAN_POINT('',(-218.773643045219,-22.2232491328163,75.));
#9826=CARTESIAN_POINT('Ctrl Pts',(-216.075161076339,-11.9253154897932,75.));
#9827=CARTESIAN_POINT('Ctrl Pts',(-216.075161076339,-11.9253154897932,82.5));
#9828=CARTESIAN_POINT('Ctrl Pts',(-214.849573053789,-13.5777001759453,75.));
#9829=CARTESIAN_POINT('Ctrl Pts',(-214.849573053789,-13.5777001759453,82.5));
#9830=CARTESIAN_POINT('Ctrl Pts',(-218.773643045219,-22.2232491328163,75.));
#9831=CARTESIAN_POINT('Ctrl Pts',(-218.773643045219,-22.2232491328163,82.5));
#9832=CARTESIAN_POINT('',(-216.075161076339,-11.9253154897932,75.));
#9833=CARTESIAN_POINT('Ctrl Pts',(-216.075161076339,-11.9253154897932,75.));
#9834=CARTESIAN_POINT('Ctrl Pts',(-214.849573053789,-13.5777001759453,75.));
#9835=CARTESIAN_POINT('Ctrl Pts',(-218.773643045219,-22.2232491328163,75.));
#9836=CARTESIAN_POINT('',(-216.075161076339,-11.9253154897932,82.5));
#9837=CARTESIAN_POINT('Ctrl Pts',(-216.075161076339,-11.9253154897932,82.5));
#9838=CARTESIAN_POINT('Ctrl Pts',(-214.849573053789,-13.5777001759453,82.5));
#9839=CARTESIAN_POINT('Ctrl Pts',(-218.773643045219,-22.2232491328163,82.5));
#9840=CARTESIAN_POINT('',(-216.075161076339,-11.9253154897932,75.));
#9841=CARTESIAN_POINT('Ctrl Pts',(-225.075215405257,-12.7217650181694,75.));
#9842=CARTESIAN_POINT('Ctrl Pts',(-225.075215405257,-12.7217650181694,82.5));
#9843=CARTESIAN_POINT('Ctrl Pts',(-217.300749098889,-10.272930803641,75.));
#9844=CARTESIAN_POINT('Ctrl Pts',(-217.300749098889,-10.272930803641,82.5));
#9845=CARTESIAN_POINT('Ctrl Pts',(-216.075161076339,-11.9253154897932,75.));
#9846=CARTESIAN_POINT('Ctrl Pts',(-216.075161076339,-11.9253154897932,82.5));
#9847=CARTESIAN_POINT('',(-225.075215405257,-12.7217650181694,75.));
#9848=CARTESIAN_POINT('Ctrl Pts',(-225.075215405257,-12.7217650181694,75.));
#9849=CARTESIAN_POINT('Ctrl Pts',(-217.300749098889,-10.272930803641,75.));
#9850=CARTESIAN_POINT('Ctrl Pts',(-216.075161076339,-11.9253154897932,75.));
#9851=CARTESIAN_POINT('',(-225.075215405257,-12.7217650181694,82.5));
#9852=CARTESIAN_POINT('Ctrl Pts',(-225.075215405257,-12.7217650181694,82.5));
#9853=CARTESIAN_POINT('Ctrl Pts',(-217.300749098889,-10.272930803641,82.5));
#9854=CARTESIAN_POINT('Ctrl Pts',(-216.075161076339,-11.9253154897932,82.5));
#9855=CARTESIAN_POINT('',(-225.075215405257,-12.7217650181694,75.));
#9856=CARTESIAN_POINT('Ctrl Pts',(-233.489230549765,-19.8226848240141,75.));
#9857=CARTESIAN_POINT('Ctrl Pts',(-233.489230549765,-19.8226848240141,82.5));
#9858=CARTESIAN_POINT('Ctrl Pts',(-232.849683669678,-15.1706031488025,75.));
#9859=CARTESIAN_POINT('Ctrl Pts',(-232.849683669678,-15.1706031488025,82.5));
#9860=CARTESIAN_POINT('Ctrl Pts',(-225.075215405257,-12.7217650181694,75.));
#9861=CARTESIAN_POINT('Ctrl Pts',(-225.075215405257,-12.7217650181694,82.5));
#9862=CARTESIAN_POINT('',(-233.489230549765,-19.8226848240141,75.));
#9863=CARTESIAN_POINT('Ctrl Pts',(-233.489230549765,-19.8226848240141,75.));
#9864=CARTESIAN_POINT('Ctrl Pts',(-232.849683669678,-15.1706031488025,75.));
#9865=CARTESIAN_POINT('Ctrl Pts',(-225.075215405257,-12.7217650181694,75.));
#9866=CARTESIAN_POINT('',(-233.489230549765,-19.8226848240141,82.5));
#9867=CARTESIAN_POINT('Ctrl Pts',(-233.489230549765,-19.8226848240141,82.5));
#9868=CARTESIAN_POINT('Ctrl Pts',(-232.849683669678,-15.1706031488025,82.5));
#9869=CARTESIAN_POINT('Ctrl Pts',(-225.075215405257,-12.7217650181694,82.5));
#9870=CARTESIAN_POINT('',(-233.489230549765,-19.8226848240141,75.));
#9871=CARTESIAN_POINT('Ctrl Pts',(-228.413248170328,-27.6717803364042,75.));
#9872=CARTESIAN_POINT('Ctrl Pts',(-228.413248170328,-27.6717803364042,82.5));
#9873=CARTESIAN_POINT('Ctrl Pts',(-234.128779387903,-24.4747743314349,75.));
#9874=CARTESIAN_POINT('Ctrl Pts',(-234.128779387903,-24.4747743314349,82.5));
#9875=CARTESIAN_POINT('Ctrl Pts',(-233.489230549765,-19.8226848240141,75.));
#9876=CARTESIAN_POINT('Ctrl Pts',(-233.489230549765,-19.8226848240141,82.5));
#9877=CARTESIAN_POINT('Ctrl Pts',(-228.413248170328,-27.6717803364042,75.));
#9878=CARTESIAN_POINT('Ctrl Pts',(-234.128779387903,-24.4747743314349,75.));
#9879=CARTESIAN_POINT('Ctrl Pts',(-233.489230549765,-19.8226848240141,75.));
#9880=CARTESIAN_POINT('Ctrl Pts',(-228.413248170328,-27.6717803364042,82.5));
#9881=CARTESIAN_POINT('Ctrl Pts',(-234.128779387903,-24.4747743314349,82.5));
#9882=CARTESIAN_POINT('Ctrl Pts',(-233.489230549765,-19.8226848240141,82.5));
#9883=CARTESIAN_POINT('Origin',(-231.599096426077,45.6610973641589,75.));
#9884=CARTESIAN_POINT('',(-231.599096426077,45.6610973641589,75.));
#9885=CARTESIAN_POINT('',(-227.708557789067,45.6610973641589,75.));
#9886=CARTESIAN_POINT('',(-168.090566815218,45.6610973641589,75.));
#9887=CARTESIAN_POINT('',(-227.708557789067,45.6610973641589,82.5));
#9888=CARTESIAN_POINT('',(-227.708557789067,45.6610973641589,75.));
#9889=CARTESIAN_POINT('',(-231.599096426077,45.6610973641589,82.5));
#9890=CARTESIAN_POINT('',(-168.090566815218,45.6610973641589,82.5));
#9891=CARTESIAN_POINT('',(-231.599096426077,45.6610973641589,75.));
#9892=CARTESIAN_POINT('Origin',(-242.591042337338,26.6224885718063,75.));
#9893=CARTESIAN_POINT('',(-242.591042337338,26.6224885718062,75.));
#9894=CARTESIAN_POINT('',(-230.542472099051,47.4912243830812,75.));
#9895=CARTESIAN_POINT('',(-242.591042337338,26.6224885718062,82.5));
#9896=CARTESIAN_POINT('',(-230.542472099051,47.4912243830812,82.5));
#9897=CARTESIAN_POINT('',(-242.591042337338,26.6224885718062,75.));
#9898=CARTESIAN_POINT('Ctrl Pts',(-237.500637506755,26.72518633697,75.));
#9899=CARTESIAN_POINT('Ctrl Pts',(-237.500637506755,26.72518633697,82.5));
#9900=CARTESIAN_POINT('Ctrl Pts',(-239.969726072617,26.3702348289553,75.));
#9901=CARTESIAN_POINT('Ctrl Pts',(-239.969726072617,26.3702348289553,82.5));
#9902=CARTESIAN_POINT('Ctrl Pts',(-242.591042337338,26.6224885718062,75.));
#9903=CARTESIAN_POINT('Ctrl Pts',(-242.591042337338,26.6224885718062,82.5));
#9904=CARTESIAN_POINT('',(-237.500637506755,26.72518633697,75.));
#9905=CARTESIAN_POINT('Ctrl Pts',(-237.500637506755,26.72518633697,75.));
#9906=CARTESIAN_POINT('Ctrl Pts',(-239.969726072617,26.3702348289553,75.));
#9907=CARTESIAN_POINT('Ctrl Pts',(-242.591042337338,26.6224885718062,75.));
#9908=CARTESIAN_POINT('',(-237.500637506755,26.72518633697,82.5));
#9909=CARTESIAN_POINT('Ctrl Pts',(-237.500637506755,26.72518633697,82.5));
#9910=CARTESIAN_POINT('Ctrl Pts',(-239.969726072617,26.3702348289553,82.5));
#9911=CARTESIAN_POINT('Ctrl Pts',(-242.591042337338,26.6224885718062,82.5));
#9912=CARTESIAN_POINT('',(-237.500637506755,26.72518633697,75.));
#9913=CARTESIAN_POINT('Ctrl Pts',(-226.906260617049,38.9276900562998,75.));
#9914=CARTESIAN_POINT('Ctrl Pts',(-226.906260617049,38.9276900562998,82.5));
#9915=CARTESIAN_POINT('Ctrl Pts',(-230.023017805847,27.8001551011162,75.));
#9916=CARTESIAN_POINT('Ctrl Pts',(-230.023017805847,27.8001551011162,82.5));
#9917=CARTESIAN_POINT('Ctrl Pts',(-237.500637506755,26.72518633697,75.));
#9918=CARTESIAN_POINT('Ctrl Pts',(-237.500637506755,26.72518633697,82.5));
#9919=CARTESIAN_POINT('',(-226.906260617049,38.9276900562998,75.));
#9920=CARTESIAN_POINT('Ctrl Pts',(-226.906260617049,38.9276900562998,75.));
#9921=CARTESIAN_POINT('Ctrl Pts',(-230.023017805847,27.8001551011162,75.));
#9922=CARTESIAN_POINT('Ctrl Pts',(-237.500637506755,26.72518633697,75.));
#9923=CARTESIAN_POINT('',(-226.906260617049,38.9276900562998,82.5));
#9924=CARTESIAN_POINT('Ctrl Pts',(-226.906260617049,38.9276900562998,82.5));
#9925=CARTESIAN_POINT('Ctrl Pts',(-230.023017805847,27.8001551011162,82.5));
#9926=CARTESIAN_POINT('Ctrl Pts',(-237.500637506755,26.72518633697,82.5));
#9927=CARTESIAN_POINT('',(-226.906260617049,38.9276900562998,75.));
#9928=CARTESIAN_POINT('Ctrl Pts',(-227.708557789067,45.6610973641589,75.));
#9929=CARTESIAN_POINT('Ctrl Pts',(-227.708557789067,45.6610973641589,82.5));
#9930=CARTESIAN_POINT('Ctrl Pts',(-225.748078043432,43.0626712673283,75.));
#9931=CARTESIAN_POINT('Ctrl Pts',(-225.748078043432,43.0626712673283,82.5));
#9932=CARTESIAN_POINT('Ctrl Pts',(-226.906260617049,38.9276900562998,75.));
#9933=CARTESIAN_POINT('Ctrl Pts',(-226.906260617049,38.9276900562998,82.5));
#9934=CARTESIAN_POINT('Ctrl Pts',(-227.708557789067,45.6610973641589,75.));
#9935=CARTESIAN_POINT('Ctrl Pts',(-225.748078043432,43.0626712673284,75.));
#9936=CARTESIAN_POINT('Ctrl Pts',(-226.906260617049,38.9276900562998,75.));
#9937=CARTESIAN_POINT('Ctrl Pts',(-227.708557789067,45.6610973641589,82.5));
#9938=CARTESIAN_POINT('Ctrl Pts',(-225.748078043432,43.0626712673284,82.5));
#9939=CARTESIAN_POINT('Ctrl Pts',(-226.906260617049,38.9276900562998,82.5));
#9940=CARTESIAN_POINT('Ctrl Pts',(-193.254022157145,-26.3909634901924,75.));
#9941=CARTESIAN_POINT('Ctrl Pts',(-193.254022157145,-26.3909634901924,82.5));
#9942=CARTESIAN_POINT('Ctrl Pts',(-200.317453093322,-25.6189817835732,75.));
#9943=CARTESIAN_POINT('Ctrl Pts',(-200.317453093322,-25.6189817835732,82.5));
#9944=CARTESIAN_POINT('Ctrl Pts',(-201.010309905799,-21.2349183095538,75.));
#9945=CARTESIAN_POINT('Ctrl Pts',(-201.010309905799,-21.2349183095538,82.5));
#9946=CARTESIAN_POINT('',(-193.254022157145,-26.3909634901924,75.));
#9947=CARTESIAN_POINT('',(-201.010309905799,-21.2349183095538,75.));
#9948=CARTESIAN_POINT('Ctrl Pts',(-193.254022157145,-26.3909634901924,75.));
#9949=CARTESIAN_POINT('Ctrl Pts',(-200.317453093322,-25.6189817835732,75.));
#9950=CARTESIAN_POINT('Ctrl Pts',(-201.010309905799,-21.2349183095538,75.));
#9951=CARTESIAN_POINT('',(-201.010309905799,-21.2349183095538,82.5));
#9952=CARTESIAN_POINT('',(-201.010309905799,-21.2349183095538,75.));
#9953=CARTESIAN_POINT('',(-193.254022157145,-26.3909634901924,82.5));
#9954=CARTESIAN_POINT('Ctrl Pts',(-193.254022157145,-26.3909634901924,82.5));
#9955=CARTESIAN_POINT('Ctrl Pts',(-200.317453093322,-25.6189817835732,82.5));
#9956=CARTESIAN_POINT('Ctrl Pts',(-201.010309905799,-21.2349183095538,82.5));
#9957=CARTESIAN_POINT('',(-193.254022157145,-26.3909634901924,75.));
#9958=CARTESIAN_POINT('Ctrl Pts',(-182.63291981136,-24.7817186126951,75.));
#9959=CARTESIAN_POINT('Ctrl Pts',(-182.63291981136,-24.7817186126951,82.5));
#9960=CARTESIAN_POINT('Ctrl Pts',(-186.190583388758,-27.1629451968117,75.));
#9961=CARTESIAN_POINT('Ctrl Pts',(-186.190583388758,-27.1629451968117,82.5));
#9962=CARTESIAN_POINT('Ctrl Pts',(-193.254022157145,-26.3909634901924,75.));
#9963=CARTESIAN_POINT('Ctrl Pts',(-193.254022157145,-26.3909634901924,82.5));
#9964=CARTESIAN_POINT('',(-182.63291981136,-24.7817186126951,75.));
#9965=CARTESIAN_POINT('Ctrl Pts',(-182.63291981136,-24.7817186126951,75.));
#9966=CARTESIAN_POINT('Ctrl Pts',(-186.190583388758,-27.1629451968117,75.));
#9967=CARTESIAN_POINT('Ctrl Pts',(-193.254022157145,-26.3909634901924,75.));
#9968=CARTESIAN_POINT('',(-182.63291981136,-24.7817186126951,82.5));
#9969=CARTESIAN_POINT('Ctrl Pts',(-182.63291981136,-24.7817186126951,82.5));
#9970=CARTESIAN_POINT('Ctrl Pts',(-186.190583388758,-27.1629451968117,82.5));
#9971=CARTESIAN_POINT('Ctrl Pts',(-193.254022157145,-26.3909634901924,82.5));
#9972=CARTESIAN_POINT('',(-182.63291981136,-24.7817186126951,75.));
#9973=CARTESIAN_POINT('Ctrl Pts',(-189.058714926513,-18.626753461862,75.));
#9974=CARTESIAN_POINT('Ctrl Pts',(-189.058714926513,-18.626753461862,82.5));
#9975=CARTESIAN_POINT('Ctrl Pts',(-179.075256233962,-22.4004998607877,75.));
#9976=CARTESIAN_POINT('Ctrl Pts',(-179.075256233962,-22.4004998607877,82.5));
#9977=CARTESIAN_POINT('Ctrl Pts',(-182.63291981136,-24.7817186126951,75.));
#9978=CARTESIAN_POINT('Ctrl Pts',(-182.63291981136,-24.7817186126951,82.5));
#9979=CARTESIAN_POINT('',(-189.058714926513,-18.626753461862,75.));
#9980=CARTESIAN_POINT('Ctrl Pts',(-189.058714926513,-18.626753461862,75.));
#9981=CARTESIAN_POINT('Ctrl Pts',(-179.075256233962,-22.4004998607877,75.));
#9982=CARTESIAN_POINT('Ctrl Pts',(-182.63291981136,-24.7817186126951,75.));
#9983=CARTESIAN_POINT('',(-189.058714926513,-18.626753461862,82.5));
#9984=CARTESIAN_POINT('Ctrl Pts',(-189.058714926513,-18.626753461862,82.5));
#9985=CARTESIAN_POINT('Ctrl Pts',(-179.075256233962,-22.4004998607877,82.5));
#9986=CARTESIAN_POINT('Ctrl Pts',(-182.63291981136,-24.7817186126951,82.5));
#9987=CARTESIAN_POINT('',(-189.058714926513,-18.626753461862,75.));
#9988=CARTESIAN_POINT('Ctrl Pts',(-200.372674084775,-15.8519348653399,75.));
#9989=CARTESIAN_POINT('Ctrl Pts',(-200.372674084775,-15.8519348653399,82.5));
#9990=CARTESIAN_POINT('Ctrl Pts',(-199.042185367378,-14.8530148951454,75.));
#9991=CARTESIAN_POINT('Ctrl Pts',(-199.042185367378,-14.8530148951454,82.5));
#9992=CARTESIAN_POINT('Ctrl Pts',(-189.058714926513,-18.626753461862,75.));
#9993=CARTESIAN_POINT('Ctrl Pts',(-189.058714926513,-18.626753461862,82.5));
#9994=CARTESIAN_POINT('',(-200.372674084775,-15.8519348653399,75.));
#9995=CARTESIAN_POINT('Ctrl Pts',(-200.372674084775,-15.8519348653399,75.));
#9996=CARTESIAN_POINT('Ctrl Pts',(-199.042185367378,-14.8530148951454,75.));
#9997=CARTESIAN_POINT('Ctrl Pts',(-189.058714926513,-18.626753461862,75.));
#9998=CARTESIAN_POINT('',(-200.372674084775,-15.8519348653399,82.5));
#9999=CARTESIAN_POINT('Ctrl Pts',(-200.372674084775,-15.8519348653399,82.5));
#10000=CARTESIAN_POINT('Ctrl Pts',(-199.042185367378,-14.8530148951454,
82.5));
#10001=CARTESIAN_POINT('Ctrl Pts',(-189.058714926513,-18.626753461862,82.5));
#10002=CARTESIAN_POINT('',(-200.372674084775,-15.8519348653399,75.));
#10003=CARTESIAN_POINT('Ctrl Pts',(-201.010309905799,-21.2349183095538,
75.));
#10004=CARTESIAN_POINT('Ctrl Pts',(-201.010309905799,-21.2349183095538,
82.5));
#10005=CARTESIAN_POINT('Ctrl Pts',(-201.703166718276,-16.8508626677437,
75.));
#10006=CARTESIAN_POINT('Ctrl Pts',(-201.703166718276,-16.8508626677437,
82.5));
#10007=CARTESIAN_POINT('Ctrl Pts',(-200.372674084775,-15.8519348653399,
75.));
#10008=CARTESIAN_POINT('Ctrl Pts',(-200.372674084775,-15.8519348653399,
82.5));
#10009=CARTESIAN_POINT('Ctrl Pts',(-201.010309905799,-21.2349183095538,
75.));
#10010=CARTESIAN_POINT('Ctrl Pts',(-201.703166718276,-16.8508626677437,
75.));
#10011=CARTESIAN_POINT('Ctrl Pts',(-200.372674084775,-15.8519348653399,
75.));
#10012=CARTESIAN_POINT('Ctrl Pts',(-201.010309905799,-21.2349183095538,
82.5));
#10013=CARTESIAN_POINT('Ctrl Pts',(-201.703166718276,-16.8508626677437,
82.5));
#10014=CARTESIAN_POINT('Ctrl Pts',(-200.372674084775,-15.8519348653399,
82.5));
#10015=CARTESIAN_POINT('Ctrl Pts',(-215.173031548293,-35.6050407696012,
75.));
#10016=CARTESIAN_POINT('Ctrl Pts',(-215.173031548293,-35.6050407696012,
82.5));
#10017=CARTESIAN_POINT('Ctrl Pts',(-220.353364409876,-33.5111231181069,
75.));
#10018=CARTESIAN_POINT('Ctrl Pts',(-220.353364409876,-33.5111231181069,
82.5));
#10019=CARTESIAN_POINT('Ctrl Pts',(-220.674927509737,-32.923926724776,75.));
#10020=CARTESIAN_POINT('Ctrl Pts',(-220.674927509737,-32.923926724776,82.5));
#10021=CARTESIAN_POINT('',(-215.173031548293,-35.6050407696012,75.));
#10022=CARTESIAN_POINT('',(-220.674927509737,-32.923926724776,75.));
#10023=CARTESIAN_POINT('Ctrl Pts',(-215.173031548293,-35.6050407696012,
75.));
#10024=CARTESIAN_POINT('Ctrl Pts',(-220.353364409876,-33.5111231181069,
75.));
#10025=CARTESIAN_POINT('Ctrl Pts',(-220.674927509737,-32.923926724776,75.));
#10026=CARTESIAN_POINT('',(-220.674927509737,-32.923926724776,82.5));
#10027=CARTESIAN_POINT('',(-220.674927509737,-32.923926724776,75.));
#10028=CARTESIAN_POINT('',(-215.173031548293,-35.6050407696012,82.5));
#10029=CARTESIAN_POINT('Ctrl Pts',(-215.173031548293,-35.6050407696012,
82.5));
#10030=CARTESIAN_POINT('Ctrl Pts',(-220.353364409876,-33.5111231181069,
82.5));
#10031=CARTESIAN_POINT('Ctrl Pts',(-220.674927509737,-32.923926724776,82.5));
#10032=CARTESIAN_POINT('',(-215.173031548293,-35.6050407696012,75.));
#10033=CARTESIAN_POINT('Ctrl Pts',(-208.739094851605,-37.3990474637591,
75.));
#10034=CARTESIAN_POINT('Ctrl Pts',(-208.739094851605,-37.3990474637591,
82.5));
#10035=CARTESIAN_POINT('Ctrl Pts',(-209.992702602816,-37.6989584210956,
75.));
#10036=CARTESIAN_POINT('Ctrl Pts',(-209.992702602816,-37.6989584210956,
82.5));
#10037=CARTESIAN_POINT('Ctrl Pts',(-215.173031548293,-35.6050407696012,
75.));
#10038=CARTESIAN_POINT('Ctrl Pts',(-215.173031548293,-35.6050407696012,
82.5));
#10039=CARTESIAN_POINT('',(-208.739094851605,-37.3990474637591,75.));
#10040=CARTESIAN_POINT('Ctrl Pts',(-208.739094851605,-37.3990474637591,
75.));
#10041=CARTESIAN_POINT('Ctrl Pts',(-209.992702602816,-37.6989584210956,
75.));
#10042=CARTESIAN_POINT('Ctrl Pts',(-215.173031548293,-35.6050407696012,
75.));
#10043=CARTESIAN_POINT('',(-208.739094851605,-37.3990474637591,82.5));
#10044=CARTESIAN_POINT('Ctrl Pts',(-208.739094851605,-37.3990474637591,
82.5));
#10045=CARTESIAN_POINT('Ctrl Pts',(-209.992702602816,-37.6989584210956,
82.5));
#10046=CARTESIAN_POINT('Ctrl Pts',(-215.173031548293,-35.6050407696012,
82.5));
#10047=CARTESIAN_POINT('',(-208.739094851605,-37.3990474637591,75.));
#10048=CARTESIAN_POINT('Ctrl Pts',(-204.928078884872,-31.7683469047788,
75.));
#10049=CARTESIAN_POINT('Ctrl Pts',(-204.928078884872,-31.7683469047788,
82.5));
#10050=CARTESIAN_POINT('Ctrl Pts',(-207.48548318429,-37.0991286742134,75.));
#10051=CARTESIAN_POINT('Ctrl Pts',(-207.48548318429,-37.0991286742134,82.5));
#10052=CARTESIAN_POINT('Ctrl Pts',(-208.739094851605,-37.3990474637591,
75.));
#10053=CARTESIAN_POINT('Ctrl Pts',(-208.739094851605,-37.3990474637591,
82.5));
#10054=CARTESIAN_POINT('',(-204.928078884872,-31.7683469047788,75.));
#10055=CARTESIAN_POINT('Ctrl Pts',(-204.928078884872,-31.7683469047788,
75.));
#10056=CARTESIAN_POINT('Ctrl Pts',(-207.48548318429,-37.0991286742134,75.));
#10057=CARTESIAN_POINT('Ctrl Pts',(-208.739094851605,-37.3990474637591,
75.));
#10058=CARTESIAN_POINT('',(-204.928078884872,-31.7683469047788,82.5));
#10059=CARTESIAN_POINT('Ctrl Pts',(-204.928078884872,-31.7683469047788,
82.5));
#10060=CARTESIAN_POINT('Ctrl Pts',(-207.48548318429,-37.0991286742134,82.5));
#10061=CARTESIAN_POINT('Ctrl Pts',(-208.739094851605,-37.3990474637591,
82.5));
#10062=CARTESIAN_POINT('',(-204.928078884872,-31.7683469047788,75.));
#10063=CARTESIAN_POINT('Ctrl Pts',(-203.097883467785,-21.8360795320117,
75.));
#10064=CARTESIAN_POINT('Ctrl Pts',(-203.097883467785,-21.8360795320117,
82.5));
#10065=CARTESIAN_POINT('Ctrl Pts',(-202.370670669349,-26.4375573031349,
75.));
#10066=CARTESIAN_POINT('Ctrl Pts',(-202.370670669349,-26.4375573031349,
82.5));
#10067=CARTESIAN_POINT('Ctrl Pts',(-204.928078884872,-31.7683469047788,
75.));
#10068=CARTESIAN_POINT('Ctrl Pts',(-204.928078884872,-31.7683469047788,
82.5));
#10069=CARTESIAN_POINT('',(-203.097883467785,-21.8360795320117,75.));
#10070=CARTESIAN_POINT('Ctrl Pts',(-203.097883467785,-21.8360795320117,
75.));
#10071=CARTESIAN_POINT('Ctrl Pts',(-202.370670669349,-26.4375573031349,
75.));
#10072=CARTESIAN_POINT('Ctrl Pts',(-204.928078884872,-31.7683469047788,
75.));
#10073=CARTESIAN_POINT('',(-203.097883467785,-21.8360795320117,82.5));
#10074=CARTESIAN_POINT('Ctrl Pts',(-203.097883467785,-21.8360795320117,
82.5));
#10075=CARTESIAN_POINT('Ctrl Pts',(-202.370670669349,-26.4375573031349,
82.5));
#10076=CARTESIAN_POINT('Ctrl Pts',(-204.928078884872,-31.7683469047788,
82.5));
#10077=CARTESIAN_POINT('',(-203.097883467785,-21.8360795320117,75.));
#10078=CARTESIAN_POINT('Ctrl Pts',(-208.414445861292,-15.9808765265389,
75.));
#10079=CARTESIAN_POINT('Ctrl Pts',(-208.414445861292,-15.9808765265389,
82.5));
#10080=CARTESIAN_POINT('Ctrl Pts',(-203.825100182327,-17.2346095930977,
75.));
#10081=CARTESIAN_POINT('Ctrl Pts',(-203.825100182327,-17.2346095930977,
82.5));
#10082=CARTESIAN_POINT('Ctrl Pts',(-203.097883467785,-21.8360795320117,
75.));
#10083=CARTESIAN_POINT('Ctrl Pts',(-203.097883467785,-21.8360795320117,
82.5));
#10084=CARTESIAN_POINT('',(-208.414445861292,-15.9808765265389,75.));
#10085=CARTESIAN_POINT('Ctrl Pts',(-208.414445861292,-15.9808765265389,
75.));
#10086=CARTESIAN_POINT('Ctrl Pts',(-203.825100182327,-17.2346095930977,
75.));
#10087=CARTESIAN_POINT('Ctrl Pts',(-203.097883467785,-21.8360795320117,
75.));
#10088=CARTESIAN_POINT('',(-208.414445861292,-15.9808765265389,82.5));
#10089=CARTESIAN_POINT('Ctrl Pts',(-208.414445861292,-15.9808765265389,
82.5));
#10090=CARTESIAN_POINT('Ctrl Pts',(-203.825100182327,-17.2346095930977,
82.5));
#10091=CARTESIAN_POINT('Ctrl Pts',(-203.097883467785,-21.8360795320117,
82.5));
#10092=CARTESIAN_POINT('',(-208.414445861292,-15.9808765265389,75.));
#10093=CARTESIAN_POINT('Ctrl Pts',(-217.000141074928,-23.5319329796079,
75.));
#10094=CARTESIAN_POINT('Ctrl Pts',(-217.000141074928,-23.5319329796079,
82.5));
#10095=CARTESIAN_POINT('Ctrl Pts',(-213.003791540257,-14.72714345998,75.));
#10096=CARTESIAN_POINT('Ctrl Pts',(-213.003791540257,-14.72714345998,82.5));
#10097=CARTESIAN_POINT('Ctrl Pts',(-208.414445861292,-15.9808765265389,
75.));
#10098=CARTESIAN_POINT('Ctrl Pts',(-208.414445861292,-15.9808765265389,
82.5));
#10099=CARTESIAN_POINT('',(-217.000141074928,-23.5319329796079,75.));
#10100=CARTESIAN_POINT('Ctrl Pts',(-217.000141074928,-23.5319329796079,
75.));
#10101=CARTESIAN_POINT('Ctrl Pts',(-213.003791540257,-14.72714345998,75.));
#10102=CARTESIAN_POINT('Ctrl Pts',(-208.414445861292,-15.9808765265389,
75.));
#10103=CARTESIAN_POINT('',(-217.000141074928,-23.5319329796079,82.5));
#10104=CARTESIAN_POINT('Ctrl Pts',(-217.000141074928,-23.5319329796079,
82.5));
#10105=CARTESIAN_POINT('Ctrl Pts',(-213.003791540257,-14.72714345998,82.5));
#10106=CARTESIAN_POINT('Ctrl Pts',(-208.414445861292,-15.9808765265389,
82.5));
#10107=CARTESIAN_POINT('',(-217.000141074928,-23.5319329796079,75.));
#10108=CARTESIAN_POINT('Ctrl Pts',(-220.674927509737,-32.923926724776,75.));
#10109=CARTESIAN_POINT('Ctrl Pts',(-220.674927509737,-32.923926724776,82.5));
#10110=CARTESIAN_POINT('Ctrl Pts',(-220.996490609598,-32.3367224992358,
75.));
#10111=CARTESIAN_POINT('Ctrl Pts',(-220.996490609598,-32.3367224992358,
82.5));
#10112=CARTESIAN_POINT('Ctrl Pts',(-217.000141074928,-23.5319329796079,
75.));
#10113=CARTESIAN_POINT('Ctrl Pts',(-217.000141074928,-23.5319329796079,
82.5));
#10114=CARTESIAN_POINT('Ctrl Pts',(-220.674927509737,-32.923926724776,75.));
#10115=CARTESIAN_POINT('Ctrl Pts',(-220.996490609598,-32.3367224992358,
75.));
#10116=CARTESIAN_POINT('Ctrl Pts',(-217.000141074928,-23.5319329796079,
75.));
#10117=CARTESIAN_POINT('Ctrl Pts',(-220.674927509737,-32.923926724776,82.5));
#10118=CARTESIAN_POINT('Ctrl Pts',(-220.996490609598,-32.3367224992358,
82.5));
#10119=CARTESIAN_POINT('Ctrl Pts',(-217.000141074928,-23.5319329796079,
82.5));
#10120=CARTESIAN_POINT('Ctrl Pts',(-238.596996034416,9.64816424113081,75.));
#10121=CARTESIAN_POINT('Ctrl Pts',(-238.596996034416,9.64816424113081,82.5));
#10122=CARTESIAN_POINT('Ctrl Pts',(-242.445990383895,11.2193915748354,75.));
#10123=CARTESIAN_POINT('Ctrl Pts',(-242.445990383895,11.2193915748354,82.5));
#10124=CARTESIAN_POINT('Ctrl Pts',(-243.204765027634,17.4187496878064,75.));
#10125=CARTESIAN_POINT('Ctrl Pts',(-243.204765027634,17.4187496878064,82.5));
#10126=CARTESIAN_POINT('',(-238.596996034416,9.64816424113081,75.));
#10127=CARTESIAN_POINT('',(-243.204765027634,17.4187496878064,75.));
#10128=CARTESIAN_POINT('Ctrl Pts',(-238.596996034416,9.64816424113081,75.));
#10129=CARTESIAN_POINT('Ctrl Pts',(-242.445990383895,11.2193915748354,75.));
#10130=CARTESIAN_POINT('Ctrl Pts',(-243.204765027634,17.4187496878064,75.));
#10131=CARTESIAN_POINT('',(-243.204765027634,17.4187496878064,82.5));
#10132=CARTESIAN_POINT('',(-243.204765027634,17.4187496878064,75.));
#10133=CARTESIAN_POINT('',(-238.596996034416,9.64816424113081,82.5));
#10134=CARTESIAN_POINT('Ctrl Pts',(-238.596996034416,9.64816424113081,82.5));
#10135=CARTESIAN_POINT('Ctrl Pts',(-242.445990383895,11.2193915748354,82.5));
#10136=CARTESIAN_POINT('Ctrl Pts',(-243.204765027634,17.4187496878064,82.5));
#10137=CARTESIAN_POINT('',(-238.596996034416,9.64816424113081,75.));
#10138=CARTESIAN_POINT('Ctrl Pts',(-231.617283583117,15.2626560430285,75.));
#10139=CARTESIAN_POINT('Ctrl Pts',(-231.617283583117,15.2626560430285,82.5));
#10140=CARTESIAN_POINT('Ctrl Pts',(-234.748001684936,8.07693299132154,75.));
#10141=CARTESIAN_POINT('Ctrl Pts',(-234.748001684936,8.07693299132154,82.5));
#10142=CARTESIAN_POINT('Ctrl Pts',(-238.596996034416,9.64816424113081,75.));
#10143=CARTESIAN_POINT('Ctrl Pts',(-238.596996034416,9.64816424113081,82.5));
#10144=CARTESIAN_POINT('',(-231.617283583117,15.2626560430285,75.));
#10145=CARTESIAN_POINT('Ctrl Pts',(-231.617283583117,15.2626560430285,75.));
#10146=CARTESIAN_POINT('Ctrl Pts',(-234.748001684936,8.07693299132154,75.));
#10147=CARTESIAN_POINT('Ctrl Pts',(-238.596996034416,9.64816424113081,75.));
#10148=CARTESIAN_POINT('',(-231.617283583117,15.2626560430285,82.5));
#10149=CARTESIAN_POINT('Ctrl Pts',(-231.617283583117,15.2626560430285,82.5));
#10150=CARTESIAN_POINT('Ctrl Pts',(-234.748001684936,8.07693299132154,82.5));
#10151=CARTESIAN_POINT('Ctrl Pts',(-238.596996034416,9.64816424113081,82.5));
#10152=CARTESIAN_POINT('',(-231.617283583117,15.2626560430285,75.));
#10153=CARTESIAN_POINT('Ctrl Pts',(-229.164725153081,24.0482233630574,75.));
#10154=CARTESIAN_POINT('Ctrl Pts',(-229.164725153081,24.0482233630574,82.5));
#10155=CARTESIAN_POINT('Ctrl Pts',(-228.486565481297,22.4483830108401,75.));
#10156=CARTESIAN_POINT('Ctrl Pts',(-228.486565481297,22.4483830108401,82.5));
#10157=CARTESIAN_POINT('Ctrl Pts',(-231.617283583117,15.2626560430285,75.));
#10158=CARTESIAN_POINT('Ctrl Pts',(-231.617283583117,15.2626560430285,82.5));
#10159=CARTESIAN_POINT('',(-229.164725153081,24.0482233630574,75.));
#10160=CARTESIAN_POINT('Ctrl Pts',(-229.164725153081,24.0482233630574,75.));
#10161=CARTESIAN_POINT('Ctrl Pts',(-228.486565481297,22.4483830108401,75.));
#10162=CARTESIAN_POINT('Ctrl Pts',(-231.617283583117,15.2626560430285,75.));
#10163=CARTESIAN_POINT('',(-229.164725153081,24.0482233630574,82.5));
#10164=CARTESIAN_POINT('Ctrl Pts',(-229.164725153081,24.0482233630574,82.5));
#10165=CARTESIAN_POINT('Ctrl Pts',(-228.486565481297,22.4483830108401,82.5));
#10166=CARTESIAN_POINT('Ctrl Pts',(-231.617283583117,15.2626560430285,82.5));
#10167=CARTESIAN_POINT('',(-229.164725153081,24.0482233630574,75.));
#10168=CARTESIAN_POINT('Ctrl Pts',(-236.903210290066,24.6330837999738,75.));
#10169=CARTESIAN_POINT('Ctrl Pts',(-236.903210290066,24.6330837999738,82.5));
#10170=CARTESIAN_POINT('Ctrl Pts',(-229.842880908759,25.6480637152748,75.));
#10171=CARTESIAN_POINT('Ctrl Pts',(-229.842880908759,25.6480637152748,82.5));
#10172=CARTESIAN_POINT('Ctrl Pts',(-229.164725153081,24.0482233630574,75.));
#10173=CARTESIAN_POINT('Ctrl Pts',(-229.164725153081,24.0482233630574,82.5));
#10174=CARTESIAN_POINT('',(-236.903210290066,24.6330837999738,75.));
#10175=CARTESIAN_POINT('Ctrl Pts',(-236.903210290066,24.6330837999738,75.));
#10176=CARTESIAN_POINT('Ctrl Pts',(-229.842880908759,25.6480637152748,75.));
#10177=CARTESIAN_POINT('Ctrl Pts',(-229.164725153081,24.0482233630574,75.));
#10178=CARTESIAN_POINT('',(-236.903210290066,24.6330837999738,82.5));
#10179=CARTESIAN_POINT('Ctrl Pts',(-236.903210290066,24.6330837999738,82.5));
#10180=CARTESIAN_POINT('Ctrl Pts',(-229.842880908759,25.6480637152748,82.5));
#10181=CARTESIAN_POINT('Ctrl Pts',(-229.164725153081,24.0482233630574,82.5));
#10182=CARTESIAN_POINT('',(-236.903210290066,24.6330837999738,75.));
#10183=CARTESIAN_POINT('Ctrl Pts',(-243.204765027634,17.4187496878064,75.));
#10184=CARTESIAN_POINT('Ctrl Pts',(-243.204765027634,17.4187496878064,82.5));
#10185=CARTESIAN_POINT('Ctrl Pts',(-243.963537713321,23.6181038846728,75.));
#10186=CARTESIAN_POINT('Ctrl Pts',(-243.963537713321,23.6181038846728,82.5));
#10187=CARTESIAN_POINT('Ctrl Pts',(-236.903210290066,24.6330837999738,75.));
#10188=CARTESIAN_POINT('Ctrl Pts',(-236.903210290066,24.6330837999738,82.5));
#10189=CARTESIAN_POINT('Ctrl Pts',(-243.204765027634,17.4187496878064,75.));
#10190=CARTESIAN_POINT('Ctrl Pts',(-243.963537713321,23.6181038846728,75.));
#10191=CARTESIAN_POINT('Ctrl Pts',(-236.903210290066,24.6330837999738,75.));
#10192=CARTESIAN_POINT('Ctrl Pts',(-243.204765027634,17.4187496878064,82.5));
#10193=CARTESIAN_POINT('Ctrl Pts',(-243.963537713321,23.6181038846728,82.5));
#10194=CARTESIAN_POINT('Ctrl Pts',(-236.903210290066,24.6330837999738,82.5));
#10195=CARTESIAN_POINT('Origin',(-170.547392970742,49.9164450908897,75.));
#10196=CARTESIAN_POINT('',(-170.547392970742,49.9164450908897,75.));
#10197=CARTESIAN_POINT('',(-170.590566815218,49.9912243830811,75.));
#10198=CARTESIAN_POINT('',(-170.547392970742,49.9164450908897,82.5));
#10199=CARTESIAN_POINT('',(-170.590566815218,49.9912243830811,82.5));
#10200=CARTESIAN_POINT('',(-170.547392970742,49.9164450908897,75.));
#10201=CARTESIAN_POINT('Ctrl Pts',(-167.470927498833,49.9912243830811,75.));
#10202=CARTESIAN_POINT('Ctrl Pts',(-167.470927498833,49.9912243830811,82.5));
#10203=CARTESIAN_POINT('Ctrl Pts',(-169.211446023343,49.960980692644,75.));
#10204=CARTESIAN_POINT('Ctrl Pts',(-169.211446023343,49.960980692644,82.5));
#10205=CARTESIAN_POINT('Ctrl Pts',(-170.547392970741,49.9164450908897,75.));
#10206=CARTESIAN_POINT('Ctrl Pts',(-170.547392970741,49.9164450908897,82.5));
#10207=CARTESIAN_POINT('Ctrl Pts',(-167.470927498833,49.9912243830811,75.));
#10208=CARTESIAN_POINT('Ctrl Pts',(-169.211446023344,49.960980692644,75.));
#10209=CARTESIAN_POINT('Ctrl Pts',(-170.547392970742,49.9164450908897,75.));
#10210=CARTESIAN_POINT('Ctrl Pts',(-167.470927498833,49.9912243830811,82.5));
#10211=CARTESIAN_POINT('Ctrl Pts',(-169.211446023343,49.960980692644,82.5));
#10212=CARTESIAN_POINT('Ctrl Pts',(-170.547392970741,49.9164450908897,82.5));
#10213=CARTESIAN_POINT('Origin',(-165.590566815218,49.9912243830811,75.));
#10214=CARTESIAN_POINT('',(-165.590566815218,49.9912243830811,82.5));
#10215=CARTESIAN_POINT('',(-165.590566815218,49.9912243830811,75.));
#10216=CARTESIAN_POINT('Origin',(-200.231582966596,-10.0087756169189,82.5));
#10217=CARTESIAN_POINT('Origin',(-200.231582966596,-10.0087756169189,75.));
#10218=CARTESIAN_POINT('Origin',(-249.322466950703,69.8067312581911,60.));
#10219=CARTESIAN_POINT('',(-259.831302613798,80.3155669212863,60.));
#10220=CARTESIAN_POINT('Origin',(-278.055921142168,62.0909483929167,60.));
#10221=CARTESIAN_POINT('',(-278.055921142168,62.0909483929167,60.));
#10222=CARTESIAN_POINT('Origin',(-263.689194046435,65.9488398255539,60.));
#10223=CARTESIAN_POINT('Origin',(-267.547085479073,-71.5994270315849,60.));
#10224=CARTESIAN_POINT('',(-278.055921142168,-82.1082626946799,60.));
#10225=CARTESIAN_POINT('',(-278.055921142168,-82.1082626946799,60.));
#10226=CARTESIAN_POINT('',(-278.055921142168,-82.1082626946799,67.5));
#10227=CARTESIAN_POINT('',(-278.055921142168,-82.1082626946799,60.));
#10228=CARTESIAN_POINT('',(-278.055921142168,-82.1082626946799,67.5));
#10229=CARTESIAN_POINT('Origin',(-259.831302613798,-100.33288122305,60.));
#10230=CARTESIAN_POINT('',(-259.831302613798,-100.33288122305,60.));
#10231=CARTESIAN_POINT('',(-259.831302613798,-100.33288122305,60.));
#10232=CARTESIAN_POINT('',(-259.831302613798,-100.33288122305,67.5));
#10233=CARTESIAN_POINT('',(-259.831302613798,-100.33288122305,67.5));
#10234=CARTESIAN_POINT('',(-259.831302613798,-100.33288122305,60.));
#10235=CARTESIAN_POINT('Origin',(-278.055921142168,-82.1082626946799,60.));
#10236=CARTESIAN_POINT('',(-278.055921142168,-82.1082626946799,60.));
#10237=CARTESIAN_POINT('',(-278.055921142168,-82.1082626946799,67.5));
#10238=CARTESIAN_POINT('Origin',(-263.689194046435,-85.9661541273172,67.5));
#10239=CARTESIAN_POINT('Origin',(-263.689194046435,-85.9661541273172,60.));
#10240=UNCERTAINTY_MEASURE_WITH_UNIT(LENGTH_MEASURE(0.01),#10244,
'DISTANCE_ACCURACY_VALUE',
'Maximum model space distance between geometric entities at asserted c
onnectivities');
#10241=UNCERTAINTY_MEASURE_WITH_UNIT(LENGTH_MEASURE(0.01),#10244,
'DISTANCE_ACCURACY_VALUE',
'Maximum model space distance between geometric entities at asserted c
onnectivities');
#10242=(
GEOMETRIC_REPRESENTATION_CONTEXT(3)
GLOBAL_UNCERTAINTY_ASSIGNED_CONTEXT((#10240))
GLOBAL_UNIT_ASSIGNED_CONTEXT((#10244,#10246,#10247))
REPRESENTATION_CONTEXT('','3D')
);
#10243=(
GEOMETRIC_REPRESENTATION_CONTEXT(3)
GLOBAL_UNCERTAINTY_ASSIGNED_CONTEXT((#10241))
GLOBAL_UNIT_ASSIGNED_CONTEXT((#10244,#10246,#10247))
REPRESENTATION_CONTEXT('','3D')
);
#10244=(
LENGTH_UNIT()
NAMED_UNIT(*)
SI_UNIT(.MILLI.,.METRE.)
);
#10245=(
LENGTH_UNIT()
NAMED_UNIT(*)
SI_UNIT($,.METRE.)
);
#10246=(
NAMED_UNIT(*)
PLANE_ANGLE_UNIT()
SI_UNIT($,.RADIAN.)
);
#10247=(
NAMED_UNIT(*)
SI_UNIT($,.STERADIAN.)
SOLID_ANGLE_UNIT()
);
#10248=SHAPE_DEFINITION_REPRESENTATION(#10249,#10250);
#10249=PRODUCT_DEFINITION_SHAPE('',$,#10252);
#10250=SHAPE_REPRESENTATION('',(#5434),#10242);
#10251=PRODUCT_DEFINITION_CONTEXT('part definition',#10256,'design');
#10252=PRODUCT_DEFINITION('top_enclosure','top_enclosure',#10253,#10251);
#10253=PRODUCT_DEFINITION_FORMATION('',$,#10258);
#10254=PRODUCT_RELATED_PRODUCT_CATEGORY('top_enclosure','top_enclosure',
(#10258));
#10255=APPLICATION_PROTOCOL_DEFINITION('international standard',
'automotive_design',2009,#10256);
#10256=APPLICATION_CONTEXT(
'Core Data for Automotive Mechanical Design Process');
#10257=PRODUCT_CONTEXT('part definition',#10256,'mechanical');
#10258=PRODUCT('top_enclosure','top_enclosure',$,(#10257));
#10259=PRESENTATION_STYLE_ASSIGNMENT((#10261));
#10260=PRESENTATION_STYLE_ASSIGNMENT((#10262));
#10261=SURFACE_STYLE_USAGE(.BOTH.,#10263);
#10262=SURFACE_STYLE_USAGE(.BOTH.,#10264);
#10263=SURFACE_SIDE_STYLE('',(#10265));
#10264=SURFACE_SIDE_STYLE('',(#10266));
#10265=SURFACE_STYLE_FILL_AREA(#10267);
#10266=SURFACE_STYLE_FILL_AREA(#10268);
#10267=FILL_AREA_STYLE('Steel - Satin',(#10269));
#10268=FILL_AREA_STYLE('Nylon 12 (with Formlabs Fuse 1 3D Printer)',(#10270));
#10269=FILL_AREA_STYLE_COLOUR('Steel - Satin',#10271);
#10270=FILL_AREA_STYLE_COLOUR(
'Nylon 12 (with Formlabs Fuse 1 3D Printer)',#10272);
#10271=COLOUR_RGB('Steel - Satin',0.627450980392157,0.627450980392157,0.627450980392157);
#10272=COLOUR_RGB('Nylon 12 (with Formlabs Fuse 1 3D Printer)',0.247058823529412,
0.247058823529412,0.247058823529412);
ENDSEC;
END-ISO-10303-21;
