ISO-10303-21;
HEADER;
/* Generated by software containing ST-Developer
 * from STEP Tools, Inc. (www.steptools.com) 
 */

FILE_DESCRIPTION(
/* description */ (''),
/* implementation_level */ '2;1');

FILE_NAME(
/* name */ 'left_claw_bottom.step',
/* time_stamp */ '2026-06-11T18:47:55-06:00',
/* author */ (''),
/* organization */ (''),
/* preprocessor_version */ 'ST-DEVELOPER v20.1',
/* originating_system */ 'Autodesk Translation Framework v15.8.0.0',
/* authorisation */ '');

FILE_SCHEMA (('AUTOMOTIVE_DESIGN { 1 0 10303 214 3 1 1 }'));
ENDSEC;

DATA;
#10=MECHANICAL_DESIGN_GEOMETRIC_PRESENTATION_REPRESENTATION('',(#13),#3778);
#11=SHAPE_REPRESENTATION_RELATIONSHIP('SRR','None',#3785,#12);
#12=ADVANCED_BREP_SHAPE_REPRESENTATION('',(#14),#3777);
#13=STYLED_ITEM('',(#3795),#14);
#14=MANIFOLD_SOLID_BREP('Body3',#1574);
#15=(
BOUNDED_SURFACE()
B_SPLINE_SURFACE(3,1,((#2858,#2859),(#2860,#2861),(#2862,#2863),(#2864,
#2865)),.UNSPECIFIED.,.F.,.F.,.F.)
B_SPLINE_SURFACE_WITH_KNOTS((4,4),(2,2),(-1.,0.),(-6.,6.),.UNSPECIFIED.)
GEOMETRIC_REPRESENTATION_ITEM()
RATIONAL_B_SPLINE_SURFACE(((1.,1.),(1.,1.),(1.,1.),(1.,1.)))
REPRESENTATION_ITEM('')
SURFACE()
);
#16=(
BOUNDED_SURFACE()
B_SPLINE_SURFACE(3,1,((#2890,#2891),(#2892,#2893),(#2894,#2895),(#2896,
#2897)),.UNSPECIFIED.,.F.,.F.,.F.)
B_SPLINE_SURFACE_WITH_KNOTS((4,4),(2,2),(-1.,0.),(-6.,6.),.UNSPECIFIED.)
GEOMETRIC_REPRESENTATION_ITEM()
RATIONAL_B_SPLINE_SURFACE(((1.,1.),(1.,1.),(1.,1.),(1.,1.)))
REPRESENTATION_ITEM('')
SURFACE()
);
#17=(
BOUNDED_SURFACE()
B_SPLINE_SURFACE(3,1,((#2924,#2925),(#2926,#2927),(#2928,#2929),(#2930,
#2931)),.UNSPECIFIED.,.F.,.F.,.F.)
B_SPLINE_SURFACE_WITH_KNOTS((4,4),(2,2),(-1.,0.),(-6.,6.),.UNSPECIFIED.)
GEOMETRIC_REPRESENTATION_ITEM()
RATIONAL_B_SPLINE_SURFACE(((1.,1.),(1.,1.),(1.,1.),(1.,1.)))
REPRESENTATION_ITEM('')
SURFACE()
);
#18=(
BOUNDED_SURFACE()
B_SPLINE_SURFACE(3,1,((#2942,#2943),(#2944,#2945),(#2946,#2947),(#2948,
#2949)),.UNSPECIFIED.,.F.,.F.,.F.)
B_SPLINE_SURFACE_WITH_KNOTS((4,4),(2,2),(-1.,-0.192477250893481),(-6.,6.),
 .UNSPECIFIED.)
GEOMETRIC_REPRESENTATION_ITEM()
RATIONAL_B_SPLINE_SURFACE(((1.,1.),(1.,1.),(1.,1.),(1.,1.)))
REPRESENTATION_ITEM('')
SURFACE()
);
#19=(
BOUNDED_SURFACE()
B_SPLINE_SURFACE(3,1,((#3028,#3029),(#3030,#3031),(#3032,#3033),(#3034,
#3035)),.UNSPECIFIED.,.F.,.F.,.F.)
B_SPLINE_SURFACE_WITH_KNOTS((4,4),(2,2),(-1.,0.),(-6.,6.),.UNSPECIFIED.)
GEOMETRIC_REPRESENTATION_ITEM()
RATIONAL_B_SPLINE_SURFACE(((1.,1.),(1.,1.),(1.,1.),(1.,1.)))
REPRESENTATION_ITEM('')
SURFACE()
);
#20=(
BOUNDED_SURFACE()
B_SPLINE_SURFACE(3,1,((#3048,#3049),(#3050,#3051),(#3052,#3053),(#3054,
#3055)),.UNSPECIFIED.,.F.,.F.,.F.)
B_SPLINE_SURFACE_WITH_KNOTS((4,4),(2,2),(-1.,0.),(-6.,6.),.UNSPECIFIED.)
GEOMETRIC_REPRESENTATION_ITEM()
RATIONAL_B_SPLINE_SURFACE(((1.,1.),(1.,1.),(1.,1.),(1.,1.)))
REPRESENTATION_ITEM('')
SURFACE()
);
#21=(
BOUNDED_SURFACE()
B_SPLINE_SURFACE(3,1,((#3107,#3108),(#3109,#3110),(#3111,#3112),(#3113,
#3114)),.UNSPECIFIED.,.F.,.F.,.F.)
B_SPLINE_SURFACE_WITH_KNOTS((4,4),(2,2),(-1.,0.),(-6.,6.),.UNSPECIFIED.)
GEOMETRIC_REPRESENTATION_ITEM()
RATIONAL_B_SPLINE_SURFACE(((1.,1.),(1.,1.),(1.,1.),(1.,1.)))
REPRESENTATION_ITEM('')
SURFACE()
);
#22=(
BOUNDED_SURFACE()
B_SPLINE_SURFACE(3,1,((#3135,#3136),(#3137,#3138),(#3139,#3140),(#3141,
#3142)),.UNSPECIFIED.,.F.,.F.,.F.)
B_SPLINE_SURFACE_WITH_KNOTS((4,4),(2,2),(-1.,0.),(-6.,6.),.UNSPECIFIED.)
GEOMETRIC_REPRESENTATION_ITEM()
RATIONAL_B_SPLINE_SURFACE(((1.,1.),(1.,1.),(1.,1.),(1.,1.)))
REPRESENTATION_ITEM('')
SURFACE()
);
#23=(
BOUNDED_SURFACE()
B_SPLINE_SURFACE(3,1,((#3228,#3229),(#3230,#3231),(#3232,#3233),(#3234,
#3235)),.UNSPECIFIED.,.F.,.F.,.F.)
B_SPLINE_SURFACE_WITH_KNOTS((4,4),(2,2),(-1.,0.),(-6.,6.),.UNSPECIFIED.)
GEOMETRIC_REPRESENTATION_ITEM()
RATIONAL_B_SPLINE_SURFACE(((1.,1.),(1.,1.),(1.,1.),(1.,1.)))
REPRESENTATION_ITEM('')
SURFACE()
);
#24=(
BOUNDED_SURFACE()
B_SPLINE_SURFACE(3,1,((#3256,#3257),(#3258,#3259),(#3260,#3261),(#3262,
#3263)),.UNSPECIFIED.,.F.,.F.,.F.)
B_SPLINE_SURFACE_WITH_KNOTS((4,4),(2,2),(-1.,0.),(-6.,6.),.UNSPECIFIED.)
GEOMETRIC_REPRESENTATION_ITEM()
RATIONAL_B_SPLINE_SURFACE(((1.,1.),(1.,1.),(1.,1.),(1.,1.)))
REPRESENTATION_ITEM('')
SURFACE()
);
#25=(
BOUNDED_SURFACE()
B_SPLINE_SURFACE(3,1,((#3282,#3283),(#3284,#3285),(#3286,#3287),(#3288,
#3289)),.UNSPECIFIED.,.F.,.F.,.F.)
B_SPLINE_SURFACE_WITH_KNOTS((4,4),(2,2),(-1.,0.),(-6.,6.),.UNSPECIFIED.)
GEOMETRIC_REPRESENTATION_ITEM()
RATIONAL_B_SPLINE_SURFACE(((1.,1.),(1.,1.),(1.,1.),(1.,1.)))
REPRESENTATION_ITEM('')
SURFACE()
);
#26=(
BOUNDED_SURFACE()
B_SPLINE_SURFACE(3,1,((#3304,#3305),(#3306,#3307),(#3308,#3309),(#3310,
#3311)),.UNSPECIFIED.,.F.,.F.,.F.)
B_SPLINE_SURFACE_WITH_KNOTS((4,4),(2,2),(-1.,0.),(-6.,6.),.UNSPECIFIED.)
GEOMETRIC_REPRESENTATION_ITEM()
RATIONAL_B_SPLINE_SURFACE(((1.,1.),(1.,1.),(1.,1.),(1.,1.)))
REPRESENTATION_ITEM('')
SURFACE()
);
#27=(
BOUNDED_SURFACE()
B_SPLINE_SURFACE(3,1,((#3324,#3325),(#3326,#3327),(#3328,#3329),(#3330,
#3331)),.UNSPECIFIED.,.F.,.F.,.F.)
B_SPLINE_SURFACE_WITH_KNOTS((4,4),(2,2),(-1.,0.),(-6.,6.),.UNSPECIFIED.)
GEOMETRIC_REPRESENTATION_ITEM()
RATIONAL_B_SPLINE_SURFACE(((1.,1.),(1.,1.),(1.,1.),(1.,1.)))
REPRESENTATION_ITEM('')
SURFACE()
);
#28=(
BOUNDED_SURFACE()
B_SPLINE_SURFACE(3,1,((#3364,#3365),(#3366,#3367),(#3368,#3369),(#3370,
#3371)),.UNSPECIFIED.,.F.,.F.,.F.)
B_SPLINE_SURFACE_WITH_KNOTS((4,4),(2,2),(-1.,0.),(-6.,6.),.UNSPECIFIED.)
GEOMETRIC_REPRESENTATION_ITEM()
RATIONAL_B_SPLINE_SURFACE(((1.,1.),(1.,1.),(1.,1.),(1.,1.)))
REPRESENTATION_ITEM('')
SURFACE()
);
#29=(
BOUNDED_SURFACE()
B_SPLINE_SURFACE(3,1,((#3384,#3385),(#3386,#3387),(#3388,#3389),(#3390,
#3391)),.UNSPECIFIED.,.F.,.F.,.F.)
B_SPLINE_SURFACE_WITH_KNOTS((4,4),(2,2),(-1.,0.),(-6.,6.),.UNSPECIFIED.)
GEOMETRIC_REPRESENTATION_ITEM()
RATIONAL_B_SPLINE_SURFACE(((1.,1.),(1.,1.),(1.,1.),(1.,1.)))
REPRESENTATION_ITEM('')
SURFACE()
);
#30=(
BOUNDED_SURFACE()
B_SPLINE_SURFACE(3,1,((#3402,#3403),(#3404,#3405),(#3406,#3407),(#3408,
#3409)),.UNSPECIFIED.,.F.,.F.,.F.)
B_SPLINE_SURFACE_WITH_KNOTS((4,4),(2,2),(-1.,0.),(-6.,6.),.UNSPECIFIED.)
GEOMETRIC_REPRESENTATION_ITEM()
RATIONAL_B_SPLINE_SURFACE(((1.,1.),(1.,1.),(1.,1.),(1.,1.)))
REPRESENTATION_ITEM('')
SURFACE()
);
#31=(
BOUNDED_SURFACE()
B_SPLINE_SURFACE(3,1,((#3420,#3421),(#3422,#3423),(#3424,#3425),(#3426,
#3427)),.UNSPECIFIED.,.F.,.F.,.F.)
B_SPLINE_SURFACE_WITH_KNOTS((4,4),(2,2),(-1.,0.),(-6.,6.),.UNSPECIFIED.)
GEOMETRIC_REPRESENTATION_ITEM()
RATIONAL_B_SPLINE_SURFACE(((1.,1.),(1.,1.),(1.,1.),(1.,1.)))
REPRESENTATION_ITEM('')
SURFACE()
);
#32=(
BOUNDED_SURFACE()
B_SPLINE_SURFACE(3,1,((#3440,#3441),(#3442,#3443),(#3444,#3445),(#3446,
#3447)),.UNSPECIFIED.,.F.,.F.,.F.)
B_SPLINE_SURFACE_WITH_KNOTS((4,4),(2,2),(-1.,0.),(-6.,6.),.UNSPECIFIED.)
GEOMETRIC_REPRESENTATION_ITEM()
RATIONAL_B_SPLINE_SURFACE(((1.,1.),(1.,1.),(1.,1.),(1.,1.)))
REPRESENTATION_ITEM('')
SURFACE()
);
#33=(
BOUNDED_SURFACE()
B_SPLINE_SURFACE(3,1,((#3460,#3461),(#3462,#3463),(#3464,#3465),(#3466,
#3467)),.UNSPECIFIED.,.F.,.F.,.F.)
B_SPLINE_SURFACE_WITH_KNOTS((4,4),(2,2),(-1.,0.),(-6.,6.),.UNSPECIFIED.)
GEOMETRIC_REPRESENTATION_ITEM()
RATIONAL_B_SPLINE_SURFACE(((1.,1.),(1.,1.),(1.,1.),(1.,1.)))
REPRESENTATION_ITEM('')
SURFACE()
);
#34=(
BOUNDED_SURFACE()
B_SPLINE_SURFACE(3,1,((#3480,#3481),(#3482,#3483),(#3484,#3485),(#3486,
#3487)),.UNSPECIFIED.,.F.,.F.,.F.)
B_SPLINE_SURFACE_WITH_KNOTS((4,4),(2,2),(-1.,0.),(-6.,6.),.UNSPECIFIED.)
GEOMETRIC_REPRESENTATION_ITEM()
RATIONAL_B_SPLINE_SURFACE(((1.,1.),(1.,1.),(1.,1.),(1.,1.)))
REPRESENTATION_ITEM('')
SURFACE()
);
#35=(
BOUNDED_SURFACE()
B_SPLINE_SURFACE(3,1,((#3498,#3499),(#3500,#3501),(#3502,#3503),(#3504,
#3505)),.UNSPECIFIED.,.F.,.F.,.F.)
B_SPLINE_SURFACE_WITH_KNOTS((4,4),(2,2),(-1.,0.),(-6.,6.),.UNSPECIFIED.)
GEOMETRIC_REPRESENTATION_ITEM()
RATIONAL_B_SPLINE_SURFACE(((1.,1.),(1.,1.),(1.,1.),(1.,1.)))
REPRESENTATION_ITEM('')
SURFACE()
);
#36=(
BOUNDED_SURFACE()
B_SPLINE_SURFACE(3,1,((#3520,#3521),(#3522,#3523),(#3524,#3525),(#3526,
#3527)),.UNSPECIFIED.,.F.,.F.,.F.)
B_SPLINE_SURFACE_WITH_KNOTS((4,4),(2,2),(-1.,0.),(-6.,6.),.UNSPECIFIED.)
GEOMETRIC_REPRESENTATION_ITEM()
RATIONAL_B_SPLINE_SURFACE(((1.,1.),(1.,1.),(1.,1.),(1.,1.)))
REPRESENTATION_ITEM('')
SURFACE()
);
#37=(
BOUNDED_SURFACE()
B_SPLINE_SURFACE(3,1,((#3546,#3547),(#3548,#3549),(#3550,#3551),(#3552,
#3553)),.UNSPECIFIED.,.F.,.F.,.F.)
B_SPLINE_SURFACE_WITH_KNOTS((4,4),(2,2),(-1.,0.),(-6.,6.),.UNSPECIFIED.)
GEOMETRIC_REPRESENTATION_ITEM()
RATIONAL_B_SPLINE_SURFACE(((1.,1.),(1.,1.),(1.,1.),(1.,1.)))
REPRESENTATION_ITEM('')
SURFACE()
);
#38=(
BOUNDED_SURFACE()
B_SPLINE_SURFACE(3,1,((#3564,#3565),(#3566,#3567),(#3568,#3569),(#3570,
#3571)),.UNSPECIFIED.,.F.,.F.,.F.)
B_SPLINE_SURFACE_WITH_KNOTS((4,4),(2,2),(-1.,0.),(-6.,6.),.UNSPECIFIED.)
GEOMETRIC_REPRESENTATION_ITEM()
RATIONAL_B_SPLINE_SURFACE(((1.,1.),(1.,1.),(1.,1.),(1.,1.)))
REPRESENTATION_ITEM('')
SURFACE()
);
#39=(
BOUNDED_SURFACE()
B_SPLINE_SURFACE(3,1,((#3586,#3587),(#3588,#3589),(#3590,#3591),(#3592,
#3593)),.UNSPECIFIED.,.F.,.F.,.F.)
B_SPLINE_SURFACE_WITH_KNOTS((4,4),(2,2),(-1.,0.),(-6.,6.),.UNSPECIFIED.)
GEOMETRIC_REPRESENTATION_ITEM()
RATIONAL_B_SPLINE_SURFACE(((1.,1.),(1.,1.),(1.,1.),(1.,1.)))
REPRESENTATION_ITEM('')
SURFACE()
);
#40=(
BOUNDED_SURFACE()
B_SPLINE_SURFACE(3,1,((#3604,#3605),(#3606,#3607),(#3608,#3609),(#3610,
#3611)),.UNSPECIFIED.,.F.,.F.,.F.)
B_SPLINE_SURFACE_WITH_KNOTS((4,4),(2,2),(-1.,0.),(-6.,6.),.UNSPECIFIED.)
GEOMETRIC_REPRESENTATION_ITEM()
RATIONAL_B_SPLINE_SURFACE(((1.,1.),(1.,1.),(1.,1.),(1.,1.)))
REPRESENTATION_ITEM('')
SURFACE()
);
#41=(
BOUNDED_SURFACE()
B_SPLINE_SURFACE(3,1,((#3626,#3627),(#3628,#3629),(#3630,#3631),(#3632,
#3633)),.UNSPECIFIED.,.F.,.F.,.F.)
B_SPLINE_SURFACE_WITH_KNOTS((4,4),(2,2),(-1.,0.),(-6.,6.),.UNSPECIFIED.)
GEOMETRIC_REPRESENTATION_ITEM()
RATIONAL_B_SPLINE_SURFACE(((1.,1.),(1.,1.),(1.,1.),(1.,1.)))
REPRESENTATION_ITEM('')
SURFACE()
);
#42=(
BOUNDED_SURFACE()
B_SPLINE_SURFACE(3,1,((#3646,#3647),(#3648,#3649),(#3650,#3651),(#3652,
#3653)),.UNSPECIFIED.,.F.,.F.,.F.)
B_SPLINE_SURFACE_WITH_KNOTS((4,4),(2,2),(-1.,0.),(-6.,6.),.UNSPECIFIED.)
GEOMETRIC_REPRESENTATION_ITEM()
RATIONAL_B_SPLINE_SURFACE(((1.,1.),(1.,1.),(1.,1.),(1.,1.)))
REPRESENTATION_ITEM('')
SURFACE()
);
#43=(
BOUNDED_SURFACE()
B_SPLINE_SURFACE(3,1,((#3672,#3673),(#3674,#3675),(#3676,#3677),(#3678,
#3679)),.UNSPECIFIED.,.F.,.F.,.F.)
B_SPLINE_SURFACE_WITH_KNOTS((4,4),(2,2),(-1.,0.),(-6.,6.),.UNSPECIFIED.)
GEOMETRIC_REPRESENTATION_ITEM()
RATIONAL_B_SPLINE_SURFACE(((1.,1.),(1.,1.),(1.,1.),(1.,1.)))
REPRESENTATION_ITEM('')
SURFACE()
);
#44=(
BOUNDED_SURFACE()
B_SPLINE_SURFACE(3,1,((#3690,#3691),(#3692,#3693),(#3694,#3695),(#3696,
#3697)),.UNSPECIFIED.,.F.,.F.,.F.)
B_SPLINE_SURFACE_WITH_KNOTS((4,4),(2,2),(-1.,0.),(-6.,6.),.UNSPECIFIED.)
GEOMETRIC_REPRESENTATION_ITEM()
RATIONAL_B_SPLINE_SURFACE(((1.,1.),(1.,1.),(1.,1.),(1.,1.)))
REPRESENTATION_ITEM('')
SURFACE()
);
#45=(
BOUNDED_SURFACE()
B_SPLINE_SURFACE(3,1,((#3716,#3717),(#3718,#3719),(#3720,#3721),(#3722,
#3723)),.UNSPECIFIED.,.F.,.F.,.F.)
B_SPLINE_SURFACE_WITH_KNOTS((4,4),(2,2),(-1.,0.),(-6.,6.),.UNSPECIFIED.)
GEOMETRIC_REPRESENTATION_ITEM()
RATIONAL_B_SPLINE_SURFACE(((1.,1.),(1.,1.),(1.,1.),(1.,1.)))
REPRESENTATION_ITEM('')
SURFACE()
);
#46=(
BOUNDED_SURFACE()
B_SPLINE_SURFACE(3,1,((#3736,#3737),(#3738,#3739),(#3740,#3741),(#3742,
#3743)),.UNSPECIFIED.,.F.,.F.,.F.)
B_SPLINE_SURFACE_WITH_KNOTS((4,4),(2,2),(-1.,0.),(-6.,6.),.UNSPECIFIED.)
GEOMETRIC_REPRESENTATION_ITEM()
RATIONAL_B_SPLINE_SURFACE(((1.,1.),(1.,1.),(1.,1.),(1.,1.)))
REPRESENTATION_ITEM('')
SURFACE()
);
#47=PLANE('',#1616);
#48=PLANE('',#1625);
#49=PLANE('',#1626);
#50=PLANE('',#1628);
#51=PLANE('',#1630);
#52=PLANE('',#1635);
#53=PLANE('',#1636);
#54=PLANE('',#1638);
#55=PLANE('',#1640);
#56=PLANE('',#1643);
#57=PLANE('',#1645);
#58=PLANE('',#1647);
#59=PLANE('',#1651);
#60=PLANE('',#1652);
#61=PLANE('',#1655);
#62=PLANE('',#1658);
#63=PLANE('',#1661);
#64=PLANE('',#1664);
#65=PLANE('',#1666);
#66=PLANE('',#1668);
#67=PLANE('',#1670);
#68=PLANE('',#1672);
#69=PLANE('',#1674);
#70=PLANE('',#1676);
#71=PLANE('',#1678);
#72=PLANE('',#1680);
#73=PLANE('',#1682);
#74=PLANE('',#1687);
#75=PLANE('',#1690);
#76=FACE_BOUND('',#215,.T.);
#77=FACE_BOUND('',#216,.T.);
#78=FACE_BOUND('',#217,.T.);
#79=FACE_BOUND('',#218,.T.);
#80=FACE_BOUND('',#219,.T.);
#81=FACE_BOUND('',#220,.T.);
#82=FACE_BOUND('',#221,.T.);
#83=FACE_BOUND('',#222,.T.);
#84=FACE_BOUND('',#223,.T.);
#85=FACE_BOUND('',#224,.T.);
#86=FACE_BOUND('',#225,.T.);
#87=FACE_BOUND('',#226,.T.);
#88=FACE_BOUND('',#304,.T.);
#89=FACE_BOUND('',#305,.T.);
#90=FACE_BOUND('',#306,.T.);
#91=FACE_BOUND('',#307,.T.);
#92=FACE_BOUND('',#308,.T.);
#93=FACE_BOUND('',#309,.T.);
#94=FACE_BOUND('',#310,.T.);
#95=FACE_BOUND('',#311,.T.);
#96=FACE_BOUND('',#312,.T.);
#97=FACE_BOUND('',#313,.T.);
#98=FACE_BOUND('',#314,.T.);
#99=ELLIPSE('',#1596,586.248889127343,583.569747057261);
#100=ELLIPSE('',#1598,583.589708350934,583.569747057261);
#101=ELLIPSE('',#1599,655.915849146383,583.569747057261);
#102=ELLIPSE('',#1600,584.476721146578,583.569747057261);
#103=ELLIPSE('',#1601,824.481833769494,583.569747057261);
#104=ELLIPSE('',#1602,584.625031623205,583.569747057261);
#105=ELLIPSE('',#1603,2916.80503781538,583.569747057261);
#106=ELLIPSE('',#1604,2365.70232228332,583.569747057261);
#107=ELLIPSE('',#1605,628.749869074959,583.569747057261);
#108=ELLIPSE('',#1606,715.393180098456,583.569747057261);
#109=ELLIPSE('',#1607,584.453200502254,583.569747057261);
#110=ELLIPSE('',#1608,595.746007514704,583.569747057261);
#111=ELLIPSE('',#1610,686.598243390543,583.569747057261);
#112=ELLIPSE('',#1611,688.608126456535,583.569747057261);
#113=ELLIPSE('',#1612,1999.74283752121,583.569747057261);
#114=ELLIPSE('',#1613,583.751811188612,583.569747057261);
#115=ELLIPSE('',#1614,2103.14210611991,583.569747057261);
#116=ELLIPSE('',#1621,390.412448872235,330.860013530144);
#117=ELLIPSE('',#1622,389.272927946482,330.860013530144);
#118=ELLIPSE('',#1637,1191.87851912288,330.71671377011);
#119=ELLIPSE('',#1641,330.819891927509,330.716713770109);
#120=ELLIPSE('',#1648,1133.28078253761,330.71671377011);
#121=ELLIPSE('',#1653,337.617162028096,330.71671377011);
#122=ELLIPSE('',#1656,331.217378551946,330.71671377011);
#123=ELLIPSE('',#1659,1340.67487516122,330.71671377011);
#124=ELLIPSE('',#1662,356.320888004247,330.71671377011);
#125=ELLIPSE('',#1665,405.422801248288,330.71671377011);
#126=ELLIPSE('',#1667,467.244787795084,330.71671377011);
#127=ELLIPSE('',#1669,331.314757526663,330.71671377011);
#128=ELLIPSE('',#1671,1652.99209165438,330.71671377011);
#129=ELLIPSE('',#1673,331.230708012968,330.71671377011);
#130=ELLIPSE('',#1675,371.716209130591,330.71671377011);
#131=ELLIPSE('',#1677,330.72802609992,330.71671377011);
#132=ELLIPSE('',#1681,332.235019106548,330.71671377011);
#133=FACE_OUTER_BOUND('',#213,.T.);
#134=FACE_OUTER_BOUND('',#214,.T.);
#135=FACE_OUTER_BOUND('',#227,.T.);
#136=FACE_OUTER_BOUND('',#228,.T.);
#137=FACE_OUTER_BOUND('',#229,.T.);
#138=FACE_OUTER_BOUND('',#230,.T.);
#139=FACE_OUTER_BOUND('',#231,.T.);
#140=FACE_OUTER_BOUND('',#232,.T.);
#141=FACE_OUTER_BOUND('',#233,.T.);
#142=FACE_OUTER_BOUND('',#234,.T.);
#143=FACE_OUTER_BOUND('',#235,.T.);
#144=FACE_OUTER_BOUND('',#236,.T.);
#145=FACE_OUTER_BOUND('',#237,.T.);
#146=FACE_OUTER_BOUND('',#238,.T.);
#147=FACE_OUTER_BOUND('',#239,.T.);
#148=FACE_OUTER_BOUND('',#240,.T.);
#149=FACE_OUTER_BOUND('',#241,.T.);
#150=FACE_OUTER_BOUND('',#242,.T.);
#151=FACE_OUTER_BOUND('',#243,.T.);
#152=FACE_OUTER_BOUND('',#244,.T.);
#153=FACE_OUTER_BOUND('',#245,.T.);
#154=FACE_OUTER_BOUND('',#246,.T.);
#155=FACE_OUTER_BOUND('',#247,.T.);
#156=FACE_OUTER_BOUND('',#248,.T.);
#157=FACE_OUTER_BOUND('',#249,.T.);
#158=FACE_OUTER_BOUND('',#250,.T.);
#159=FACE_OUTER_BOUND('',#251,.T.);
#160=FACE_OUTER_BOUND('',#252,.T.);
#161=FACE_OUTER_BOUND('',#253,.T.);
#162=FACE_OUTER_BOUND('',#254,.T.);
#163=FACE_OUTER_BOUND('',#255,.T.);
#164=FACE_OUTER_BOUND('',#256,.T.);
#165=FACE_OUTER_BOUND('',#257,.T.);
#166=FACE_OUTER_BOUND('',#258,.T.);
#167=FACE_OUTER_BOUND('',#259,.T.);
#168=FACE_OUTER_BOUND('',#260,.T.);
#169=FACE_OUTER_BOUND('',#261,.T.);
#170=FACE_OUTER_BOUND('',#262,.T.);
#171=FACE_OUTER_BOUND('',#263,.T.);
#172=FACE_OUTER_BOUND('',#264,.T.);
#173=FACE_OUTER_BOUND('',#265,.T.);
#174=FACE_OUTER_BOUND('',#266,.T.);
#175=FACE_OUTER_BOUND('',#267,.T.);
#176=FACE_OUTER_BOUND('',#268,.T.);
#177=FACE_OUTER_BOUND('',#269,.T.);
#178=FACE_OUTER_BOUND('',#270,.T.);
#179=FACE_OUTER_BOUND('',#271,.T.);
#180=FACE_OUTER_BOUND('',#272,.T.);
#181=FACE_OUTER_BOUND('',#273,.T.);
#182=FACE_OUTER_BOUND('',#274,.T.);
#183=FACE_OUTER_BOUND('',#275,.T.);
#184=FACE_OUTER_BOUND('',#276,.T.);
#185=FACE_OUTER_BOUND('',#277,.T.);
#186=FACE_OUTER_BOUND('',#278,.T.);
#187=FACE_OUTER_BOUND('',#279,.T.);
#188=FACE_OUTER_BOUND('',#280,.T.);
#189=FACE_OUTER_BOUND('',#281,.T.);
#190=FACE_OUTER_BOUND('',#282,.T.);
#191=FACE_OUTER_BOUND('',#283,.T.);
#192=FACE_OUTER_BOUND('',#284,.T.);
#193=FACE_OUTER_BOUND('',#285,.T.);
#194=FACE_OUTER_BOUND('',#286,.T.);
#195=FACE_OUTER_BOUND('',#287,.T.);
#196=FACE_OUTER_BOUND('',#288,.T.);
#197=FACE_OUTER_BOUND('',#289,.T.);
#198=FACE_OUTER_BOUND('',#290,.T.);
#199=FACE_OUTER_BOUND('',#291,.T.);
#200=FACE_OUTER_BOUND('',#292,.T.);
#201=FACE_OUTER_BOUND('',#293,.T.);
#202=FACE_OUTER_BOUND('',#294,.T.);
#203=FACE_OUTER_BOUND('',#295,.T.);
#204=FACE_OUTER_BOUND('',#296,.T.);
#205=FACE_OUTER_BOUND('',#297,.T.);
#206=FACE_OUTER_BOUND('',#298,.T.);
#207=FACE_OUTER_BOUND('',#299,.T.);
#208=FACE_OUTER_BOUND('',#300,.T.);
#209=FACE_OUTER_BOUND('',#301,.T.);
#210=FACE_OUTER_BOUND('',#302,.T.);
#211=FACE_OUTER_BOUND('',#303,.T.);
#212=FACE_OUTER_BOUND('',#315,.T.);
#213=EDGE_LOOP('',(#1001,#1002,#1003,#1004));
#214=EDGE_LOOP('',(#1005,#1006,#1007,#1008,#1009,#1010,#1011,#1012,#1013,
#1014));
#215=EDGE_LOOP('',(#1015,#1016,#1017,#1018,#1019));
#216=EDGE_LOOP('',(#1020,#1021,#1022,#1023));
#217=EDGE_LOOP('',(#1024,#1025,#1026,#1027,#1028));
#218=EDGE_LOOP('',(#1029,#1030,#1031,#1032,#1033));
#219=EDGE_LOOP('',(#1034,#1035,#1036,#1037,#1038));
#220=EDGE_LOOP('',(#1039,#1040,#1041,#1042));
#221=EDGE_LOOP('',(#1043,#1044,#1045,#1046));
#222=EDGE_LOOP('',(#1047,#1048,#1049,#1050,#1051,#1052,#1053,#1054));
#223=EDGE_LOOP('',(#1055,#1056,#1057));
#224=EDGE_LOOP('',(#1058,#1059,#1060,#1061,#1062,#1063,#1064,#1065));
#225=EDGE_LOOP('',(#1066,#1067,#1068,#1069,#1070));
#226=EDGE_LOOP('',(#1071,#1072,#1073,#1074,#1075));
#227=EDGE_LOOP('',(#1076,#1077,#1078,#1079));
#228=EDGE_LOOP('',(#1080,#1081,#1082,#1083,#1084,#1085,#1086,#1087,#1088,
#1089,#1090));
#229=EDGE_LOOP('',(#1091,#1092,#1093,#1094));
#230=EDGE_LOOP('',(#1095,#1096,#1097,#1098));
#231=EDGE_LOOP('',(#1099,#1100,#1101,#1102));
#232=EDGE_LOOP('',(#1103,#1104,#1105,#1106));
#233=EDGE_LOOP('',(#1107,#1108,#1109,#1110));
#234=EDGE_LOOP('',(#1111,#1112,#1113,#1114));
#235=EDGE_LOOP('',(#1115,#1116,#1117,#1118));
#236=EDGE_LOOP('',(#1119,#1120,#1121,#1122,#1123,#1124,#1125,#1126));
#237=EDGE_LOOP('',(#1127,#1128,#1129,#1130,#1131,#1132,#1133,#1134));
#238=EDGE_LOOP('',(#1135,#1136,#1137,#1138));
#239=EDGE_LOOP('',(#1139,#1140,#1141,#1142));
#240=EDGE_LOOP('',(#1143,#1144,#1145,#1146));
#241=EDGE_LOOP('',(#1147,#1148,#1149,#1150));
#242=EDGE_LOOP('',(#1151,#1152,#1153,#1154));
#243=EDGE_LOOP('',(#1155,#1156,#1157,#1158));
#244=EDGE_LOOP('',(#1159,#1160,#1161,#1162));
#245=EDGE_LOOP('',(#1163,#1164,#1165,#1166));
#246=EDGE_LOOP('',(#1167,#1168,#1169,#1170));
#247=EDGE_LOOP('',(#1171,#1172,#1173,#1174));
#248=EDGE_LOOP('',(#1175,#1176,#1177,#1178));
#249=EDGE_LOOP('',(#1179,#1180,#1181,#1182));
#250=EDGE_LOOP('',(#1183,#1184,#1185,#1186));
#251=EDGE_LOOP('',(#1187,#1188,#1189,#1190,#1191));
#252=EDGE_LOOP('',(#1192,#1193,#1194,#1195));
#253=EDGE_LOOP('',(#1196,#1197,#1198,#1199,#1200));
#254=EDGE_LOOP('',(#1201,#1202,#1203,#1204));
#255=EDGE_LOOP('',(#1205,#1206,#1207,#1208));
#256=EDGE_LOOP('',(#1209,#1210,#1211,#1212));
#257=EDGE_LOOP('',(#1213,#1214,#1215,#1216));
#258=EDGE_LOOP('',(#1217,#1218,#1219,#1220));
#259=EDGE_LOOP('',(#1221,#1222,#1223,#1224));
#260=EDGE_LOOP('',(#1225,#1226,#1227,#1228));
#261=EDGE_LOOP('',(#1229,#1230,#1231,#1232));
#262=EDGE_LOOP('',(#1233,#1234,#1235,#1236));
#263=EDGE_LOOP('',(#1237,#1238,#1239,#1240));
#264=EDGE_LOOP('',(#1241,#1242,#1243,#1244));
#265=EDGE_LOOP('',(#1245,#1246,#1247,#1248));
#266=EDGE_LOOP('',(#1249,#1250,#1251,#1252));
#267=EDGE_LOOP('',(#1253,#1254,#1255,#1256));
#268=EDGE_LOOP('',(#1257,#1258,#1259,#1260));
#269=EDGE_LOOP('',(#1261,#1262,#1263,#1264));
#270=EDGE_LOOP('',(#1265,#1266,#1267,#1268));
#271=EDGE_LOOP('',(#1269,#1270,#1271,#1272));
#272=EDGE_LOOP('',(#1273,#1274,#1275,#1276));
#273=EDGE_LOOP('',(#1277,#1278,#1279,#1280));
#274=EDGE_LOOP('',(#1281,#1282,#1283,#1284));
#275=EDGE_LOOP('',(#1285,#1286,#1287,#1288));
#276=EDGE_LOOP('',(#1289,#1290,#1291,#1292));
#277=EDGE_LOOP('',(#1293,#1294,#1295,#1296));
#278=EDGE_LOOP('',(#1297,#1298,#1299,#1300));
#279=EDGE_LOOP('',(#1301,#1302,#1303,#1304));
#280=EDGE_LOOP('',(#1305,#1306,#1307,#1308));
#281=EDGE_LOOP('',(#1309,#1310,#1311,#1312));
#282=EDGE_LOOP('',(#1313,#1314,#1315,#1316));
#283=EDGE_LOOP('',(#1317,#1318,#1319,#1320));
#284=EDGE_LOOP('',(#1321,#1322,#1323,#1324));
#285=EDGE_LOOP('',(#1325,#1326,#1327,#1328));
#286=EDGE_LOOP('',(#1329,#1330,#1331,#1332));
#287=EDGE_LOOP('',(#1333,#1334,#1335,#1336));
#288=EDGE_LOOP('',(#1337,#1338,#1339,#1340));
#289=EDGE_LOOP('',(#1341,#1342,#1343,#1344));
#290=EDGE_LOOP('',(#1345,#1346,#1347,#1348));
#291=EDGE_LOOP('',(#1349,#1350,#1351,#1352));
#292=EDGE_LOOP('',(#1353,#1354,#1355,#1356));
#293=EDGE_LOOP('',(#1357,#1358,#1359,#1360));
#294=EDGE_LOOP('',(#1361,#1362,#1363,#1364));
#295=EDGE_LOOP('',(#1365,#1366,#1367,#1368));
#296=EDGE_LOOP('',(#1369,#1370,#1371,#1372));
#297=EDGE_LOOP('',(#1373,#1374,#1375,#1376));
#298=EDGE_LOOP('',(#1377,#1378,#1379,#1380));
#299=EDGE_LOOP('',(#1381,#1382,#1383,#1384));
#300=EDGE_LOOP('',(#1385,#1386,#1387));
#301=EDGE_LOOP('',(#1388,#1389,#1390));
#302=EDGE_LOOP('',(#1391,#1392,#1393,#1394));
#303=EDGE_LOOP('',(#1395,#1396,#1397,#1398,#1399,#1400,#1401,#1402,#1403,
#1404,#1405,#1406,#1407,#1408,#1409));
#304=EDGE_LOOP('',(#1410,#1411,#1412,#1413,#1414));
#305=EDGE_LOOP('',(#1415,#1416,#1417,#1418));
#306=EDGE_LOOP('',(#1419,#1420,#1421,#1422,#1423));
#307=EDGE_LOOP('',(#1424,#1425,#1426,#1427,#1428));
#308=EDGE_LOOP('',(#1429,#1430,#1431,#1432,#1433));
#309=EDGE_LOOP('',(#1434,#1435,#1436,#1437));
#310=EDGE_LOOP('',(#1438,#1439,#1440,#1441));
#311=EDGE_LOOP('',(#1442,#1443,#1444,#1445,#1446,#1447,#1448,#1449));
#312=EDGE_LOOP('',(#1450,#1451,#1452));
#313=EDGE_LOOP('',(#1453,#1454,#1455,#1456,#1457));
#314=EDGE_LOOP('',(#1458,#1459,#1460,#1461,#1462));
#315=EDGE_LOOP('',(#1463,#1464,#1465,#1466,#1467,#1468,#1469,#1470,#1471,
#1472,#1473,#1474));
#316=B_SPLINE_CURVE_WITH_KNOTS('',3,(#1994,#1995,#1996,#1997,#1998,#1999),
 .UNSPECIFIED.,.F.,.F.,(4,2,4),(7.98043022200256,8.21801451940807,8.49459455117516),
 .UNSPECIFIED.);
#317=B_SPLINE_CURVE_WITH_KNOTS('',3,(#2008,#2009,#2010,#2011,#2012,#2013,
#2014,#2015,#2016,#2017,#2018,#2019,#2020,#2021),.UNSPECIFIED.,.F.,.F.,
(4,2,2,2,2,2,4),(8.49470030883409,8.67308861549977,9.12806513996519,9.58761129042223,
10.0471574408793,10.5067035913363,10.9662441914893),.UNSPECIFIED.);
#318=B_SPLINE_CURVE_WITH_KNOTS('',3,(#2025,#2026,#2027,#2028,#2029,#2030,
#2031,#2032,#2033,#2034),.UNSPECIFIED.,.F.,.F.,(4,2,2,2,4),(31.8840702161295,
33.208943900405,34.5338175846804,35.8586912689558,36.7424292464455),
 .UNSPECIFIED.);
#319=B_SPLINE_CURVE_WITH_KNOTS('',3,(#2038,#2039,#2040,#2041,#2042,#2043,
#2044,#2045,#2046,#2047),.UNSPECIFIED.,.F.,.F.,(4,2,2,2,4),(5.74509959260815,
6.62306631947496,7.94793605923327,9.27280579899159,10.5976755387499),
 .UNSPECIFIED.);
#320=B_SPLINE_CURVE_WITH_KNOTS('',3,(#2051,#2052,#2053,#2054,#2055,#2056,
#2057,#2058,#2059,#2060,#2061,#2062,#2063,#2064),.UNSPECIFIED.,.F.,.F.,
(4,2,2,2,2,2,4),(3.65026486679685,4.1096028349344,4.56914595786925,5.02868908080409,
5.48823220373894,5.94320881933895,6.15425301935231),.UNSPECIFIED.);
#321=B_SPLINE_CURVE_WITH_KNOTS('',3,(#2068,#2069,#2070,#2071,#2072,#2073,
#2074,#2075,#2076,#2077,#2078,#2079,#2080),.UNSPECIFIED.,.F.,.F.,(4,3,3,
3,4),(0.,0.9045670921935,1.9065019672559,3.00493098442383,3.618268368774),
 .UNSPECIFIED.);
#322=B_SPLINE_CURVE_WITH_KNOTS('',3,(#2082,#2083,#2084,#2085,#2086,#2087,
#2088,#2089,#2090,#2091),.UNSPECIFIED.,.F.,.F.,(4,2,2,2,4),(0.,0.766565901566149,
1.14669113936135,1.48030068547513,2.35068209574615),.UNSPECIFIED.);
#323=B_SPLINE_CURVE_WITH_KNOTS('',3,(#2096,#2097,#2098,#2099,#2100,#2101,
#2102,#2103,#2104,#2105),.UNSPECIFIED.,.F.,.F.,(4,2,2,2,4),(0.,1.1067173816293,
1.57800071022393,2.05693374573582,2.63031423877867),.UNSPECIFIED.);
#324=B_SPLINE_CURVE_WITH_KNOTS('',3,(#2108,#2109,#2110,#2111,#2112,#2113,
#2114,#2115,#2116,#2117,#2118,#2119),.UNSPECIFIED.,.F.,.F.,(4,2,2,2,2,4),
(0.,0.424796542190445,0.648371517661629,0.839190084583432,1.03930152685254,
1.68296488613251),.UNSPECIFIED.);
#325=B_SPLINE_CURVE_WITH_KNOTS('',3,(#2123,#2124,#2125,#2126,#2127,#2128,
#2129,#2130,#2131,#2132),.UNSPECIFIED.,.F.,.F.,(4,2,2,2,4),(0.,1.72407946341433,
2.68700640885062,3.27466353739117,3.94992543777582),.UNSPECIFIED.);
#326=B_SPLINE_CURVE_WITH_KNOTS('',3,(#2133,#2134,#2135,#2136,#2137,#2138,
#2139,#2140,#2141,#2142),.UNSPECIFIED.,.F.,.F.,(4,2,2,2,4),(0.,0.0991302657003351,
0.163712449312728,0.265907569377493,0.404498557938756),.UNSPECIFIED.);
#327=B_SPLINE_CURVE_WITH_KNOTS('',3,(#2145,#2146,#2147,#2148,#2149,#2150,
#2151,#2152,#2153,#2154,#2155,#2156),.UNSPECIFIED.,.F.,.F.,(4,2,2,2,2,4),
(0.,0.87689435375006,1.08281806374125,1.25985399441398,1.46716317987462,
1.70474858478845),.UNSPECIFIED.);
#328=B_SPLINE_CURVE_WITH_KNOTS('',3,(#2158,#2159,#2160,#2161,#2162,#2163,
#2164,#2165,#2166,#2167),.UNSPECIFIED.,.F.,.F.,(4,2,2,2,4),(0.,0.170248516015154,
0.285042067246037,0.421393105722499,0.625940838564354),.UNSPECIFIED.);
#329=B_SPLINE_CURVE_WITH_KNOTS('',3,(#2169,#2170,#2171,#2172,#2173,#2174,
#2175),.UNSPECIFIED.,.F.,.F.,(4,3,4),(0.,0.680575093369181,1.36115018673836),
 .UNSPECIFIED.);
#330=B_SPLINE_CURVE_WITH_KNOTS('',3,(#2177,#2178,#2179,#2180,#2181,#2182,
#2183,#2184,#2185,#2186,#2187,#2188,#2189,#2190,#2191,#2192,#2193,#2194,
#2195,#2196,#2197,#2198,#2199,#2200,#2201,#2202,#2203,#2204,#2205,#2206,
#2207,#2208,#2209,#2210,#2211,#2212,#2213,#2214,#2215,#2216,#2217,#2218,
#2219,#2220,#2221,#2222,#2223,#2224,#2225,#2226,#2227,#2228),
 .UNSPECIFIED.,.F.,.F.,(4,3,3,3,3,3,3,3,3,3,3,3,3,3,3,3,3,4),(0.,0.0555977913755268,
0.112011643616942,0.169831133282381,0.228507647835973,0.288709963086127,
0.336099711034471,0.47158371135752,0.548732840889603,0.575213111645278,
0.60066956552872,0.62580010117343,0.650686283167887,0.675401377393,0.699993218534266,
0.724576172767352,0.749246532961742,0.760575006935006),.UNSPECIFIED.);
#331=B_SPLINE_CURVE_WITH_KNOTS('',3,(#2229,#2230,#2231,#2232,#2233,#2234,
#2235,#2236,#2237,#2238,#2239,#2240,#2241,#2242),.UNSPECIFIED.,.F.,.F.,
(4,2,2,2,2,2,4),(0.,0.45356384130105,0.735087852995953,0.93918491193546,
1.12954324323533,1.3845553108582,2.26960438447366),.UNSPECIFIED.);
#332=B_SPLINE_CURVE_WITH_KNOTS('',3,(#2245,#2246,#2247,#2248,#2249,#2250,
#2251,#2252),.UNSPECIFIED.,.F.,.F.,(4,2,2,4),(0.,0.116723618834506,0.191747063569386,
0.435718938594653),.UNSPECIFIED.);
#333=B_SPLINE_CURVE_WITH_KNOTS('',3,(#2254,#2255,#2256,#2257,#2258,#2259,
#2260,#2261,#2262,#2263,#2264,#2265),.UNSPECIFIED.,.F.,.F.,(4,2,2,2,2,4),
(0.,0.312724785793885,0.497284045342745,0.67399002881516,0.941049446810001,
1.255729461871),.UNSPECIFIED.);
#334=B_SPLINE_CURVE_WITH_KNOTS('',3,(#2269,#2270,#2271,#2272,#2273,#2274,
#2275,#2276,#2277,#2278),.UNSPECIFIED.,.F.,.F.,(4,2,2,2,4),(0.,1.5784884682111,
2.11222832742296,2.52416970025191,2.932412421401),.UNSPECIFIED.);
#335=B_SPLINE_CURVE_WITH_KNOTS('',3,(#2279,#2280,#2281,#2282,#2283,#2284,
#2285,#2286,#2287,#2288,#2289,#2290,#2291,#2292,#2293,#2294,#2295,#2296,
#2297,#2298,#2299,#2300,#2301,#2302,#2303,#2304,#2305,#2306,#2307,#2308,
#2309,#2310,#2311,#2312,#2313,#2314,#2315),.UNSPECIFIED.,.F.,.F.,(4,3,3,
3,3,3,3,3,3,3,3,3,4),(0.,0.075033592032237,0.149990027522935,0.224834133563105,
0.29961360202584,0.374300944800082,0.398220853290334,0.490359454613981,
0.596071518955286,0.652472492259312,0.706751815892965,0.758563522726367,
0.795893764298119),.UNSPECIFIED.);
#336=B_SPLINE_CURVE_WITH_KNOTS('',3,(#2318,#2319,#2320,#2321,#2322,#2323,
#2324,#2325,#2326,#2327),.UNSPECIFIED.,.F.,.F.,(4,3,3,4),(0.,0.328791545280393,
1.00565231983351,1.56069467398855),.UNSPECIFIED.);
#337=B_SPLINE_CURVE_WITH_KNOTS('',3,(#2329,#2330,#2331,#2332,#2333,#2334,
#2335,#2336),.UNSPECIFIED.,.F.,.F.,(4,2,2,4),(0.,0.501846622832874,0.793803313410876,
1.33585798705423),.UNSPECIFIED.);
#338=B_SPLINE_CURVE_WITH_KNOTS('',3,(#2340,#2341,#2342,#2343,#2344,#2345,
#2346,#2347,#2348,#2349,#2350,#2351,#2352,#2353,#2354,#2355,#2356,#2357,
#2358,#2359,#2360,#2361,#2362,#2363,#2364,#2365,#2366,#2367,#2368,#2369,
#2370,#2371,#2372,#2373,#2374,#2375,#2376,#2377,#2378,#2379,#2380,#2381,
#2382),.UNSPECIFIED.,.F.,.F.,(4,3,3,3,3,3,3,3,3,3,3,3,3,3,4),(0.,0.203169284631756,
0.409444064967168,0.619103827037275,0.834507134769417,1.053615481162,1.2789336937416,
1.3719408239215,1.82283394227737,2.06067180285638,2.23140707970162,2.37764588808568,
2.51518799825708,2.64314727363289,2.74361291023736),.UNSPECIFIED.);
#339=B_SPLINE_CURVE_WITH_KNOTS('',3,(#2383,#2384,#2385,#2386,#2387,#2388,
#2389,#2390),.UNSPECIFIED.,.F.,.F.,(4,2,2,4),(0.,0.402473355265176,0.629753702131988,
0.876443295370072),.UNSPECIFIED.);
#340=B_SPLINE_CURVE_WITH_KNOTS('',3,(#2398,#2399,#2400,#2401,#2402,#2403,
#2404,#2405,#2406,#2407,#2408,#2409,#2410,#2411,#2412,#2413),
 .UNSPECIFIED.,.F.,.F.,(4,2,2,2,2,2,2,4),(0.,0.586594343140589,0.935812783074225,
1.081416537754,1.19864262432322,1.32785517002986,1.53145702157086,2.3919099564148),
 .UNSPECIFIED.);
#341=B_SPLINE_CURVE_WITH_KNOTS('',3,(#2416,#2417,#2418,#2419,#2420,#2421,
#2422,#2423,#2424,#2425,#2426,#2427,#2428,#2429),.UNSPECIFIED.,.F.,.F.,
(4,2,2,2,2,2,4),(0.,0.606176136071691,1.00084140823463,1.18415806474675,
1.34447215540451,1.54943671723576,2.24888667845189),.UNSPECIFIED.);
#342=B_SPLINE_CURVE_WITH_KNOTS('',3,(#2431,#2432,#2433,#2434,#2435,#2436,
#2437,#2438,#2439,#2440,#2441,#2442),.UNSPECIFIED.,.F.,.F.,(4,2,2,2,2,4),
(0.,0.686569127239046,0.932411453199277,1.152364598713,1.45448079210465,
1.81817230089629),.UNSPECIFIED.);
#343=B_SPLINE_CURVE_WITH_KNOTS('',3,(#2444,#2445,#2446,#2447,#2448,#2449,
#2450,#2451,#2452,#2453,#2454,#2455),.UNSPECIFIED.,.F.,.F.,(4,2,2,2,2,4),
(0.,0.346760131297549,0.565180954718308,0.753028232322992,0.976300591933007,
1.42678847273507),.UNSPECIFIED.);
#344=B_SPLINE_CURVE_WITH_KNOTS('',3,(#2456,#2457,#2458,#2459,#2460,#2461,
#2462,#2463,#2464,#2465,#2466,#2467,#2468,#2469,#2470,#2471),
 .UNSPECIFIED.,.F.,.F.,(4,2,2,2,2,2,2,4),(0.,0.52814960769649,0.829380183556186,
0.983893545359405,1.1180917078779,1.28174339569634,1.58485079587395,2.25755364144522),
 .UNSPECIFIED.);
#345=B_SPLINE_CURVE_WITH_KNOTS('',3,(#2476,#2477,#2478,#2479,#2480,#2481,
#2482,#2483,#2484,#2485,#2486,#2487,#2488,#2489),.UNSPECIFIED.,.F.,.F.,
(4,2,2,2,2,2,4),(0.277407364859903,0.301543627536819,0.339209890920747,
0.376876154304675,0.414597200468386,0.452318246632096,0.48896641389856),
 .UNSPECIFIED.);
#346=B_SPLINE_CURVE_WITH_KNOTS('',3,(#2493,#2494,#2495,#2496,#2497,#2498,
#2499,#2500,#2501,#2502,#2503,#2504,#2505,#2506,#2507,#2508,#2509),
 .UNSPECIFIED.,.F.,.F.,(4,2,2,2,3,2,2,4),(-0.125504278280246,-0.12433079189522,
-0.0828680614881183,-0.0414340307440592,0.,0.0414406924471898,0.0828813848943796,
0.100989119660385),.UNSPECIFIED.);
#347=B_SPLINE_CURVE_WITH_KNOTS('',3,(#2513,#2514,#2515,#2516,#2517,#2518,
#2519,#2520),.UNSPECIFIED.,.F.,.F.,(4,2,2,4),(0.100991268202972,0.124334653879317,
0.165801700166741,0.171800208104384),.UNSPECIFIED.);
#348=B_SPLINE_CURVE_WITH_KNOTS('',3,(#2523,#2524,#2525,#2526,#2527,#2528,
#2529,#2530,#2531,#2532),.UNSPECIFIED.,.F.,.F.,(4,2,2,2,4),(0.171838272072492,
0.207325890516627,0.248814609240938,0.290247732429359,0.305131584426458),
 .UNSPECIFIED.);
#349=B_SPLINE_CURVE_WITH_KNOTS('',3,(#2537,#2538,#2539,#2540,#2541,#2542),
 .UNSPECIFIED.,.F.,.F.,(4,2,4),(0.,0.640834797514402,1.32303119418059),
 .UNSPECIFIED.);
#350=B_SPLINE_CURVE_WITH_KNOTS('',3,(#2543,#2544,#2545,#2546,#2547,#2548,
#2549,#2550,#2551,#2552,#2553,#2554),.UNSPECIFIED.,.F.,.F.,(4,2,2,2,2,4),
(0.,0.342266692586151,0.493803017922197,0.628969715196737,0.798825460060612,
1.42547202662982),.UNSPECIFIED.);
#351=B_SPLINE_CURVE_WITH_KNOTS('',3,(#2559,#2560,#2561,#2562,#2563,#2564),
 .UNSPECIFIED.,.F.,.F.,(4,2,4),(0.497303386246943,0.538751373785903,0.55560000014654),
 .UNSPECIFIED.);
#352=B_SPLINE_CURVE_WITH_KNOTS('',3,(#2568,#2569,#2570,#2571,#2572,#2573,
#2574,#2575,#2576,#2577,#2578,#2579,#2580,#2581,#2582),.UNSPECIFIED.,.F.,
 .F.,(4,2,2,3,2,2,4),(-0.107462614725047,-0.0828706458948764,-0.0414353229474381,
0.,0.041436112743029,0.082872225486058,0.106972682627105),.UNSPECIFIED.);
#353=B_SPLINE_CURVE_WITH_KNOTS('',3,(#2586,#2587,#2588,#2589,#2590,#2591,
#2592,#2593,#2594,#2595,#2596,#2597,#2598,#2599),.UNSPECIFIED.,.F.,.F.,
(4,2,2,2,2,2,4),(0.106980328102619,0.124322493433639,0.165768676876373,
0.207215910594305,0.248663144312238,0.290101990659785,0.300115622245792),
 .UNSPECIFIED.);
#354=B_SPLINE_CURVE_WITH_KNOTS('',3,(#2602,#2603,#2604,#2605,#2606,#2607,
#2608,#2609,#2610,#2611,#2612,#2613),.UNSPECIFIED.,.F.,.F.,(4,2,2,2,2,4),
(0.300137613959208,0.331562898010032,0.373002960657718,0.414443023305403,
0.455894712565887,0.497346401826372),.UNSPECIFIED.);
#355=B_SPLINE_CURVE_WITH_KNOTS('',3,(#2616,#2617,#2618,#2619,#2620,#2621),
 .UNSPECIFIED.,.F.,.F.,(4,2,4),(0.,0.225064581120226,0.500297938847532),
 .UNSPECIFIED.);
#356=B_SPLINE_CURVE_WITH_KNOTS('',3,(#2623,#2624,#2625,#2626,#2627,#2628,
#2629,#2630,#2631,#2632),.UNSPECIFIED.,.F.,.F.,(4,2,2,2,4),(0.,1.05734908936553,
1.42034243912528,1.70734330932201,2.05970110616155),.UNSPECIFIED.);
#357=B_SPLINE_CURVE_WITH_KNOTS('',3,(#2634,#2635,#2636,#2637,#2638,#2639,
#2640,#2641,#2642,#2643),.UNSPECIFIED.,.F.,.F.,(4,2,2,2,4),(0.,0.110967813097497,
0.172775718425086,0.248137696979108,0.5051428572838),.UNSPECIFIED.);
#358=B_SPLINE_CURVE_WITH_KNOTS('',3,(#2645,#2646,#2647,#2648,#2649,#2650,
#2651,#2652),.UNSPECIFIED.,.F.,.F.,(4,2,2,4),(0.,0.40100487069348,0.731119481151721,
1.1247225183569),.UNSPECIFIED.);
#359=B_SPLINE_CURVE_WITH_KNOTS('',3,(#2656,#2657,#2658,#2659,#2660,#2661,
#2662,#2663,#2664,#2665,#2666,#2667),.UNSPECIFIED.,.F.,.F.,(4,2,2,2,2,4),
(0.,0.582102097337432,0.875329099829991,1.11677824375662,1.35949997458757,
2.01379828178863),.UNSPECIFIED.);
#360=B_SPLINE_CURVE_WITH_KNOTS('',3,(#2674,#2675,#2676,#2677,#2678,#2679,
#2680,#2681,#2682,#2683,#2684,#2685,#2686,#2687,#2688,#2689),
 .UNSPECIFIED.,.F.,.F.,(4,2,2,2,2,2,2,4),(0.,0.939381047054373,1.53804145231084,
1.79394688226971,2.01497775706161,2.27231627507487,2.70901653442927,3.6645897086514),
 .UNSPECIFIED.);
#361=B_SPLINE_CURVE_WITH_KNOTS('',3,(#2705,#2706,#2707,#2708,#2709,#2710),
 .UNSPECIFIED.,.F.,.F.,(4,2,4),(33.5130048644157,34.2593265157659,35.3336502680044),
 .UNSPECIFIED.);
#362=B_SPLINE_CURVE_WITH_KNOTS('',3,(#2712,#2713,#2714,#2715,#2716,#2717),
 .UNSPECIFIED.,.F.,.F.,(4,2,4),(3.87325651056116,4.94133306916206,5.69487345936176),
 .UNSPECIFIED.);
#363=B_SPLINE_CURVE_WITH_KNOTS('',3,(#2721,#2722,#2723,#2724,#2725,#2726,
#2727,#2728,#2729,#2730),.UNSPECIFIED.,.F.,.F.,(4,2,2,2,4),(0.452455052561067,
0.470307869955311,0.514796173688177,0.558562956978771,0.577168177787427),
 .UNSPECIFIED.);
#364=B_SPLINE_CURVE_WITH_KNOTS('',3,(#2734,#2735,#2736,#2737,#2738,#2739,
#2740,#2741,#2742,#2743,#2744,#2745,#2746,#2747,#2748),.UNSPECIFIED.,.F.,
 .F.,(4,2,2,3,2,2,4),(-0.109656039639316,-0.0843339898130441,-0.0421669949065221,
0.,0.0412805741738659,0.0825611483477317,0.110103784591026),
 .UNSPECIFIED.);
#365=B_SPLINE_CURVE_WITH_KNOTS('',3,(#2751,#2752,#2753,#2754,#2755,#2756),
 .UNSPECIFIED.,.F.,.F.,(4,2,4),(0.109793471350465,0.127180930424819,0.171768161827372),
 .UNSPECIFIED.);
#366=B_SPLINE_CURVE_WITH_KNOTS('',3,(#2761,#2762,#2763,#2764,#2765,#2766),
 .UNSPECIFIED.,.F.,.F.,(4,2,4),(6.16386435816918,6.44065158458308,6.67755511556913),
 .UNSPECIFIED.);
#367=B_SPLINE_CURVE_WITH_KNOTS('',3,(#2776,#2777,#2778,#2779,#2780,#2781,
#2782,#2783,#2784,#2785),.UNSPECIFIED.,.F.,.F.,(4,2,2,2,4),(3.05813073772123,
3.28946211993435,4.3859494932458,5.44790316514727,6.36547212467771),
 .UNSPECIFIED.);
#368=B_SPLINE_CURVE_WITH_KNOTS('',3,(#2798,#2799,#2800,#2801,#2802,#2803,
#2804,#2805,#2806,#2807),.UNSPECIFIED.,.F.,.F.,(4,2,2,2,4),(27.5246336545328,
28.4373669804047,29.4988443931969,30.5949545449451,30.827193261646),
 .UNSPECIFIED.);
#369=B_SPLINE_CURVE_WITH_KNOTS('',3,(#2809,#2810,#2811,#2812,#2813,#2814,
#2815,#2816,#2817,#2818,#2819,#2820,#2821,#2822),.UNSPECIFIED.,.F.,.F.,
(4,2,2,2,2,2,4),(3.68620024952561,4.14754326069889,4.608891881138,5.07024050157711,
5.53158912201622,5.98609131870174,6.16380910246345),.UNSPECIFIED.);
#370=B_SPLINE_CURVE_WITH_KNOTS('',3,(#2825,#2826,#2827,#2828,#2829,#2830,
#2831,#2832,#2833,#2834,#2835,#2836,#2837,#2838),.UNSPECIFIED.,.F.,.F.,
(4,2,2,2,2,2,4),(8.50282637947795,8.71316104886195,9.1676627705939,9.62901776251896,
10.090372754444,10.5517277463691,11.0128753999918),.UNSPECIFIED.);
#371=B_SPLINE_CURVE_WITH_KNOTS('',3,(#2842,#2843,#2844,#2845,#2846,#2847),
 .UNSPECIFIED.,.F.,.F.,(4,2,4),(7.99215807049986,8.25871524878244,8.50288500063667),
 .UNSPECIFIED.);
#372=B_SPLINE_CURVE_WITH_KNOTS('',3,(#2851,#2852,#2853,#2854,#2855,#2856),
 .UNSPECIFIED.,.F.,.F.,(4,2,4),(6.15416929401615,6.39809418033405,6.66535513786517),
 .UNSPECIFIED.);
#373=B_SPLINE_CURVE_WITH_KNOTS('',3,(#2868,#2869,#2870,#2871,#2872,#2873,
#2874,#2875,#2876,#2877,#2878,#2879,#2880,#2881,#2882,#2883),
 .UNSPECIFIED.,.F.,.F.,(4,2,2,2,2,2,2,4),(0.,0.574896042089194,0.827192383014783,
0.981153961302583,1.11405316384391,1.27246464869276,1.53397563736018,2.22169157479329),
 .UNSPECIFIED.);
#374=B_SPLINE_CURVE_WITH_KNOTS('',3,(#2899,#2900,#2901,#2902,#2903,#2904,
#2905,#2906,#2907,#2908,#2909,#2910),.UNSPECIFIED.,.F.,.F.,(4,2,2,2,2,4),
(0.,0.765444255651384,1.14496327712781,1.4571141772165,1.77145567432551,
2.60079976370002),.UNSPECIFIED.);
#375=B_SPLINE_CURVE_WITH_KNOTS('',3,(#2933,#2934,#2935,#2936,#2937,#2938,
#2939,#2940),.UNSPECIFIED.,.F.,.F.,(4,2,2,4),(0.,0.568242131671933,0.891749655984265,
1.33362847268794),.UNSPECIFIED.);
#376=B_SPLINE_CURVE_WITH_KNOTS('',3,(#2951,#2952,#2953,#2954,#2955,#2956,
#2957,#2958,#2959,#2960,#2961,#2962,#2963,#2964,#2965,#2966,#2967,#2968,
#2969,#2970,#2971,#2972,#2973,#2974,#2975,#2976,#2977,#2978,#2979,#2980,
#2981,#2982,#2983,#2984,#2985,#2986,#2987,#2988,#2989,#2990,#2991,#2992,
#2993,#2994,#2995,#2996,#2997,#2998,#2999,#3000,#3001,#3002,#3003,#3004,
#3005,#3006,#3007,#3008,#3009,#3010,#3011,#3012,#3013,#3014,#3015,#3016,
#3017,#3018,#3019,#3020,#3021,#3022,#3023,#3024,#3025,#3026),
 .UNSPECIFIED.,.F.,.F.,(4,3,3,3,3,3,3,3,3,3,3,3,3,3,3,3,3,3,3,3,3,3,3,3,
3,4),(0.,0.073266193830171,0.147614698260381,0.223088604511866,0.299733965663126,
0.377600111102699,0.459759778260241,0.540935472233047,0.623442117878371,
0.707340023670425,0.793517422459028,0.881040501358131,0.970799442207998,
1.03487744836303,1.12433864180973,1.21207796576925,1.30073322176413,1.38481407840621,
1.46779154094969,1.54933329517752,1.56669898974879,1.69279916406386,1.80705013810688,
1.91337623226099,2.01183476141348,2.04717973664654),.UNSPECIFIED.);
#377=B_SPLINE_CURVE_WITH_KNOTS('',3,(#3037,#3038,#3039,#3040,#3041,#3042,
#3043,#3044,#3045,#3046),.UNSPECIFIED.,.F.,.F.,(4,2,2,2,4),(0.,0.127335596466344,
0.203271353231571,0.301566167488503,0.495098971131382),.UNSPECIFIED.);
#378=B_SPLINE_CURVE_WITH_KNOTS('',3,(#3056,#3057,#3058,#3059,#3060,#3061,
#3062,#3063,#3064,#3065),.UNSPECIFIED.,.F.,.F.,(4,2,2,2,4),(0.,0.94552367627218,
1.25635204595516,1.50344717815263,1.77829453669161),.UNSPECIFIED.);
#379=B_SPLINE_CURVE_WITH_KNOTS('',3,(#3085,#3086,#3087,#3088,#3089,#3090,
#3091,#3092),.UNSPECIFIED.,.F.,.F.,(4,2,2,4),(0.374778180610977,0.384525439413229,
0.425818923233298,0.452454258539647),.UNSPECIFIED.);
#380=B_SPLINE_CURVE_WITH_KNOTS('',3,(#3094,#3095,#3096,#3097,#3098,#3099,
#3100,#3101,#3102,#3103,#3104,#3105),.UNSPECIFIED.,.F.,.F.,(4,2,2,2,2,4),
(0.171372070907193,0.214990384442519,0.258608697977844,0.300625315392274,
0.342641932806705,0.374181766015522),.UNSPECIFIED.);
#381=B_SPLINE_CURVE_WITH_KNOTS('',3,(#3117,#3118,#3119,#3120,#3121,#3122,
#3123,#3124,#3125,#3126,#3127,#3128),.UNSPECIFIED.,.F.,.F.,(4,2,2,2,2,4),
(0.,1.55081765517405,1.90364807264119,2.2201583297778,2.6259870813786,3.06608567830629),
 .UNSPECIFIED.);
#382=B_SPLINE_CURVE_WITH_KNOTS('',3,(#3143,#3144,#3145,#3146,#3147,#3148,
#3149,#3150),.UNSPECIFIED.,.F.,.F.,(4,2,2,4),(0.,0.784435060200467,1.23364956960326,
1.64028095814686),.UNSPECIFIED.);
#383=B_SPLINE_CURVE_WITH_KNOTS('',3,(#3154,#3155,#3156,#3157,#3158,#3159,
#3160,#3161,#3162,#3163),.UNSPECIFIED.,.F.,.F.,(4,2,2,2,4),(0.367164390437334,
0.38243627539967,0.424341429959952,0.467547987175017,0.504440287457827),
 .UNSPECIFIED.);
#384=B_SPLINE_CURVE_WITH_KNOTS('',3,(#3172,#3173,#3174,#3175,#3176,#3177,
#3178,#3179),.UNSPECIFIED.,.F.,.F.,(4,2,2,4),(0.506098051579627,0.512453898278371,
0.556579340744346,0.580650522955682),.UNSPECIFIED.);
#385=B_SPLINE_CURVE_WITH_KNOTS('',3,(#3187,#3188,#3189,#3190,#3191,#3192,
#3193,#3194,#3195,#3196,#3197,#3198,#3199,#3200),.UNSPECIFIED.,.F.,.F.,
(4,2,2,2,2,2,4),(0.116313048355317,0.154720223549368,0.194474773201755,
0.234229322854142,0.271798661877685,0.309368000901229,0.333578213277066),
 .UNSPECIFIED.);
#386=B_SPLINE_CURVE_WITH_KNOTS('',3,(#3208,#3209,#3210,#3211,#3212,#3213,
#3214,#3215,#3216,#3217,#3218,#3219,#3220,#3221,#3222,#3223,#3224),
 .UNSPECIFIED.,.F.,.F.,(4,2,2,3,2,2,2,4),(-0.102791830251368,-0.0840046698558456,
-0.0420023349279228,0.,0.0413120916540992,0.0826241833081983,0.126834230637808,
0.12841942749931),.UNSPECIFIED.);
#387=B_SPLINE_CURVE_WITH_KNOTS('',3,(#3238,#3239,#3240,#3241,#3242,#3243,
#3244,#3245,#3246,#3247,#3248,#3249,#3250,#3251,#3252,#3253),
 .UNSPECIFIED.,.F.,.F.,(4,2,2,2,2,2,2,4),(0.,0.488855242898497,0.780245811937001,
0.920256185095555,1.04260331473808,1.18053657014292,1.40432294841099,1.82938918945995),
 .UNSPECIFIED.);
#388=B_SPLINE_CURVE_WITH_KNOTS('',3,(#3265,#3266,#3267,#3268,#3269,#3270,
#3271,#3272,#3273,#3274,#3275,#3276,#3277,#3278,#3279,#3280),
 .UNSPECIFIED.,.F.,.F.,(4,2,2,2,2,2,2,4),(0.,0.441740835765531,0.659758899100114,
0.795827241106714,0.918401868184202,1.07291505618607,1.34950382751204,1.68190270564596),
 .UNSPECIFIED.);
#389=B_SPLINE_CURVE_WITH_KNOTS('',3,(#3291,#3292,#3293,#3294,#3295,#3296,
#3297,#3298,#3299,#3300,#3301,#3302),.UNSPECIFIED.,.F.,.F.,(4,2,2,2,2,4),
(0.,0.326569603339603,0.521193025608393,0.688062991605409,0.884276582674692,
1.33004161837035),.UNSPECIFIED.);
#390=B_SPLINE_CURVE_WITH_KNOTS('',3,(#3312,#3313,#3314,#3315,#3316,#3317,
#3318,#3319,#3320,#3321,#3322,#3323),.UNSPECIFIED.,.F.,.F.,(4,2,2,2,2,4),
(0.,0.825325478582569,1.11668295838057,1.3777944262095,1.7212022497719,
2.08788749771989),.UNSPECIFIED.);
#391=B_SPLINE_CURVE_WITH_KNOTS('',3,(#3334,#3335,#3336,#3337,#3338,#3339,
#3340,#3341,#3342,#3343,#3344,#3345,#3346,#3347,#3348,#3349,#3350,#3351),
 .UNSPECIFIED.,.F.,.F.,(4,2,2,2,2,2,2,2,4),(0.,0.58818449867331,0.934957564434182,
1.09248281030913,1.22073959457751,1.35847007731144,1.56679395641644,1.98788985548159,
2.38705367106532),.UNSPECIFIED.);
#392=B_SPLINE_CURVE_WITH_KNOTS('',3,(#3374,#3375,#3376,#3377,#3378,#3379,
#3380,#3381),.UNSPECIFIED.,.F.,.F.,(4,2,2,4),(0.,0.242653156803676,0.35302357730929,
0.466291842790198),.UNSPECIFIED.);
#393=B_SPLINE_CURVE_WITH_KNOTS('',3,(#3393,#3394,#3395,#3396,#3397,#3398,
#3399,#3400),.UNSPECIFIED.,.F.,.F.,(4,2,2,4),(0.,0.24042897233499,0.398037809655749,
0.733284941167189),.UNSPECIFIED.);
#394=B_SPLINE_CURVE_WITH_KNOTS('',3,(#3411,#3412,#3413,#3414,#3415,#3416,
#3417,#3418),.UNSPECIFIED.,.F.,.F.,(4,2,2,4),(0.,0.518886634362021,0.737458699395087,
0.964455729358752),.UNSPECIFIED.);
#395=B_SPLINE_CURVE_WITH_KNOTS('',3,(#3429,#3430,#3431,#3432,#3433,#3434,
#3435,#3436),.UNSPECIFIED.,.F.,.F.,(4,2,2,4),(0.,1.25065542857216,1.85275486068174,
2.47679284105709),.UNSPECIFIED.);
#396=B_SPLINE_CURVE_WITH_KNOTS('',3,(#3450,#3451,#3452,#3453,#3454,#3455,
#3456,#3457),.UNSPECIFIED.,.F.,.F.,(4,2,2,4),(0.,0.180305995944291,0.290740898116542,
0.428252161420607),.UNSPECIFIED.);
#397=B_SPLINE_CURVE_WITH_KNOTS('',3,(#3469,#3470,#3471,#3472,#3473,#3474,
#3475,#3476,#3477,#3478),.UNSPECIFIED.,.F.,.F.,(4,2,2,2,4),(0.,0.2008180853261,
0.318391557956022,0.487123089450547,0.923287227652869),.UNSPECIFIED.);
#398=B_SPLINE_CURVE_WITH_KNOTS('',3,(#3489,#3490,#3491,#3492,#3493,#3494,
#3495,#3496),.UNSPECIFIED.,.F.,.F.,(4,2,2,4),(0.,0.604413142504647,0.841129419745023,
1.12565803850218),.UNSPECIFIED.);
#399=B_SPLINE_CURVE_WITH_KNOTS('',3,(#3507,#3508,#3509,#3510,#3511,#3512,
#3513,#3514,#3515,#3516),.UNSPECIFIED.,.F.,.F.,(4,2,2,2,4),(0.,1.70943254983512,
2.24295291003273,2.74025748207289,3.40547631659898),.UNSPECIFIED.);
#400=B_SPLINE_CURVE_WITH_KNOTS('',3,(#3530,#3531,#3532,#3533,#3534,#3535,
#3536,#3537,#3538,#3539,#3540,#3541,#3542,#3543),.UNSPECIFIED.,.F.,.F.,
(4,2,2,2,2,2,4),(0.,0.604526726414066,0.948749038618219,1.14130861201428,
1.31508660800687,1.54628923011279,2.09738762317468),.UNSPECIFIED.);
#401=B_SPLINE_CURVE_WITH_KNOTS('',3,(#3555,#3556,#3557,#3558,#3559,#3560,
#3561,#3562),.UNSPECIFIED.,.F.,.F.,(4,2,2,4),(0.,0.664314278222353,0.977889762002886,
1.29190439031908),.UNSPECIFIED.);
#402=B_SPLINE_CURVE_WITH_KNOTS('',3,(#3573,#3574,#3575,#3576,#3577,#3578,
#3579,#3580,#3581,#3582,#3583,#3584),.UNSPECIFIED.,.F.,.F.,(4,2,2,2,2,4),
(0.,0.160394663343905,0.230877794198223,0.295342570891475,0.394711555277152,
0.613603191865435),.UNSPECIFIED.);
#403=B_SPLINE_CURVE_WITH_KNOTS('',3,(#3595,#3596,#3597,#3598,#3599,#3600,
#3601,#3602),.UNSPECIFIED.,.F.,.F.,(4,2,2,4),(0.,0.7664999529113,1.03410437054686,
1.42747310770786),.UNSPECIFIED.);
#404=B_SPLINE_CURVE_WITH_KNOTS('',3,(#3612,#3613,#3614,#3615,#3616,#3617,
#3618,#3619,#3620,#3621,#3622,#3623,#3624,#3625),.UNSPECIFIED.,.F.,.F.,
(4,2,2,2,2,2,4),(0.,0.184483895602439,0.262587017552898,0.335244222866891,
0.427164735611747,0.600178755132792,0.79505406439918),.UNSPECIFIED.);
#405=B_SPLINE_CURVE_WITH_KNOTS('',3,(#3636,#3637,#3638,#3639,#3640,#3641,
#3642,#3643),.UNSPECIFIED.,.F.,.F.,(4,2,2,4),(0.,0.744413916514101,1.02932638184797,
1.37677757212295),.UNSPECIFIED.);
#406=B_SPLINE_CURVE_WITH_KNOTS('',3,(#3655,#3656,#3657,#3658,#3659,#3660,
#3661,#3662,#3663,#3664,#3665,#3666),.UNSPECIFIED.,.F.,.F.,(4,2,2,2,2,4),
(0.,0.930098426387599,1.29906484866845,1.59818389937029,1.89897662030442,
2.71079688572292),.UNSPECIFIED.);
#407=B_SPLINE_CURVE_WITH_KNOTS('',3,(#3680,#3681,#3682,#3683,#3684,#3685,
#3686,#3687,#3688,#3689),.UNSPECIFIED.,.F.,.F.,(4,2,2,2,4),(0.,0.0794461901179774,
0.127082623238755,0.187870798200815,0.386109182566153),.UNSPECIFIED.);
#408=B_SPLINE_CURVE_WITH_KNOTS('',3,(#3700,#3701,#3702,#3703,#3704,#3705,
#3706,#3707,#3708,#3709),.UNSPECIFIED.,.F.,.F.,(4,2,2,2,4),(0.,0.688005138814945,
1.03842822482103,1.38394892874509,1.87504043555045),.UNSPECIFIED.);
#409=B_SPLINE_CURVE_WITH_KNOTS('',3,(#3725,#3726,#3727,#3728,#3729,#3730,
#3731,#3732,#3733,#3734),.UNSPECIFIED.,.F.,.F.,(4,2,2,2,4),(0.,0.539344902324118,
1.07323089375336,1.49942848593869,2.35100187691766),.UNSPECIFIED.);
#410=B_SPLINE_CURVE_WITH_KNOTS('',3,(#3745,#3746,#3747,#3748,#3749,#3750,
#3751,#3752,#3753,#3754),.UNSPECIFIED.,.F.,.F.,(4,2,2,2,4),(0.,0.964857930196219,
1.41866192187586,1.81989642995807,2.89289823628012),.UNSPECIFIED.);
#411=CIRCLE('',#1589,588.789910456795);
#412=CIRCLE('',#1590,588.789910456795);
#413=CIRCLE('',#1592,583.569747057261);
#414=CIRCLE('',#1593,583.569747057261);
#415=CIRCLE('',#1594,583.569747057261);
#416=CIRCLE('',#1595,583.569747057261);
#417=CIRCLE('',#1597,583.569747057261);
#418=CIRCLE('',#1609,583.569747057261);
#419=CIRCLE('',#1615,583.569747057261);
#420=CIRCLE('',#1617,330.71671377011);
#421=CIRCLE('',#1618,330.860013530145);
#422=CIRCLE('',#1620,330.860013530143);
#423=CIRCLE('',#1624,330.860013530145);
#424=CIRCLE('',#1629,330.71671377011);
#425=CIRCLE('',#1631,330.71671377011);
#426=CIRCLE('',#1639,330.71671377011);
#427=CIRCLE('',#1646,330.71671377011);
#428=CIRCLE('',#1679,330.71671377011);
#429=CIRCLE('',#1683,588.789910456795);
#430=CIRCLE('',#1686,330.860013530145);
#431=CIRCLE('',#1688,330.71671377011);
#432=LINE('',#1990,#519);
#433=LINE('',#2004,#520);
#434=LINE('',#2036,#521);
#435=LINE('',#2673,#522);
#436=LINE('',#2693,#523);
#437=LINE('',#2697,#524);
#438=LINE('',#2704,#525);
#439=LINE('',#2719,#526);
#440=LINE('',#2759,#527);
#441=LINE('',#2769,#528);
#442=LINE('',#2770,#529);
#443=LINE('',#2772,#530);
#444=LINE('',#2773,#531);
#445=LINE('',#2786,#532);
#446=LINE('',#2790,#533);
#447=LINE('',#2793,#534);
#448=LINE('',#2796,#535);
#449=LINE('',#2840,#536);
#450=LINE('',#2849,#537);
#451=LINE('',#2857,#538);
#452=LINE('',#2884,#539);
#453=LINE('',#2885,#540);
#454=LINE('',#2888,#541);
#455=LINE('',#2889,#542);
#456=LINE('',#2911,#543);
#457=LINE('',#2915,#544);
#458=LINE('',#2922,#545);
#459=LINE('',#2923,#546);
#460=LINE('',#2941,#547);
#461=LINE('',#3027,#548);
#462=LINE('',#3047,#549);
#463=LINE('',#3067,#550);
#464=LINE('',#3068,#551);
#465=LINE('',#3070,#552);
#466=LINE('',#3072,#553);
#467=LINE('',#3075,#554);
#468=LINE('',#3079,#555);
#469=LINE('',#3082,#556);
#470=LINE('',#3084,#557);
#471=LINE('',#3129,#558);
#472=LINE('',#3130,#559);
#473=LINE('',#3134,#560);
#474=LINE('',#3164,#561);
#475=LINE('',#3165,#562);
#476=LINE('',#3169,#563);
#477=LINE('',#3180,#564);
#478=LINE('',#3184,#565);
#479=LINE('',#3201,#566);
#480=LINE('',#3205,#567);
#481=LINE('',#3225,#568);
#482=LINE('',#3254,#569);
#483=LINE('',#3255,#570);
#484=LINE('',#3281,#571);
#485=LINE('',#3303,#572);
#486=LINE('',#3352,#573);
#487=LINE('',#3353,#574);
#488=LINE('',#3357,#575);
#489=LINE('',#3361,#576);
#490=LINE('',#3382,#577);
#491=LINE('',#3383,#578);
#492=LINE('',#3401,#579);
#493=LINE('',#3419,#580);
#494=LINE('',#3437,#581);
#495=LINE('',#3458,#582);
#496=LINE('',#3459,#583);
#497=LINE('',#3479,#584);
#498=LINE('',#3497,#585);
#499=LINE('',#3517,#586);
#500=LINE('',#3544,#587);
#501=LINE('',#3545,#588);
#502=LINE('',#3563,#589);
#503=LINE('',#3585,#590);
#504=LINE('',#3603,#591);
#505=LINE('',#3644,#592);
#506=LINE('',#3645,#593);
#507=LINE('',#3667,#594);
#508=LINE('',#3671,#595);
#509=LINE('',#3710,#596);
#510=LINE('',#3711,#597);
#511=LINE('',#3715,#598);
#512=LINE('',#3735,#599);
#513=LINE('',#3755,#600);
#514=LINE('',#3760,#601);
#515=LINE('',#3763,#602);
#516=LINE('',#3767,#603);
#517=LINE('',#3770,#604);
#518=LINE('',#3773,#605);
#519=VECTOR('',#1695,10.);
#520=VECTOR('',#1702,10.);
#521=VECTOR('',#1707,10.);
#522=VECTOR('',#1752,10.);
#523=VECTOR('',#1755,10.);
#524=VECTOR('',#1758,10.);
#525=VECTOR('',#1765,10.);
#526=VECTOR('',#1766,10.);
#527=VECTOR('',#1773,10.);
#528=VECTOR('',#1778,10.);
#529=VECTOR('',#1779,10.);
#530=VECTOR('',#1782,10.);
#531=VECTOR('',#1783,10.);
#532=VECTOR('',#1786,10.);
#533=VECTOR('',#1791,10.);
#534=VECTOR('',#1794,10.);
#535=VECTOR('',#1797,10.);
#536=VECTOR('',#1804,10.);
#537=VECTOR('',#1805,10.);
#538=VECTOR('',#1806,10.);
#539=VECTOR('',#1807,10.);
#540=VECTOR('',#1808,10.);
#541=VECTOR('',#1811,10.);
#542=VECTOR('',#1812,10.);
#543=VECTOR('',#1813,10.);
#544=VECTOR('',#1818,10.);
#545=VECTOR('',#1827,10.);
#546=VECTOR('',#1828,10.);
#547=VECTOR('',#1829,10.);
#548=VECTOR('',#1830,10.);
#549=VECTOR('',#1831,10.);
#550=VECTOR('',#1834,10.);
#551=VECTOR('',#1835,10.);
#552=VECTOR('',#1838,10.);
#553=VECTOR('',#1841,10.);
#554=VECTOR('',#1844,10.);
#555=VECTOR('',#1849,10.);
#556=VECTOR('',#1852,10.);
#557=VECTOR('',#1855,10.);
#558=VECTOR('',#1860,10.);
#559=VECTOR('',#1861,10.);
#560=VECTOR('',#1866,10.);
#561=VECTOR('',#1869,10.);
#562=VECTOR('',#1870,10.);
#563=VECTOR('',#1875,10.);
#564=VECTOR('',#1878,10.);
#565=VECTOR('',#1883,10.);
#566=VECTOR('',#1886,10.);
#567=VECTOR('',#1891,10.);
#568=VECTOR('',#1894,10.);
#569=VECTOR('',#1899,10.);
#570=VECTOR('',#1900,10.);
#571=VECTOR('',#1901,10.);
#572=VECTOR('',#1902,10.);
#573=VECTOR('',#1903,10.);
#574=VECTOR('',#1904,10.);
#575=VECTOR('',#1909,10.);
#576=VECTOR('',#1914,10.);
#577=VECTOR('',#1919,10.);
#578=VECTOR('',#1920,10.);
#579=VECTOR('',#1921,10.);
#580=VECTOR('',#1922,10.);
#581=VECTOR('',#1923,10.);
#582=VECTOR('',#1928,10.);
#583=VECTOR('',#1929,10.);
#584=VECTOR('',#1930,10.);
#585=VECTOR('',#1931,10.);
#586=VECTOR('',#1932,10.);
#587=VECTOR('',#1937,10.);
#588=VECTOR('',#1938,10.);
#589=VECTOR('',#1939,10.);
#590=VECTOR('',#1940,10.);
#591=VECTOR('',#1941,10.);
#592=VECTOR('',#1942,10.);
#593=VECTOR('',#1943,10.);
#594=VECTOR('',#1944,10.);
#595=VECTOR('',#1949,10.);
#596=VECTOR('',#1950,10.);
#597=VECTOR('',#1951,10.);
#598=VECTOR('',#1956,10.);
#599=VECTOR('',#1957,10.);
#600=VECTOR('',#1958,10.);
#601=VECTOR('',#1965,10.);
#602=VECTOR('',#1970,10.);
#603=VECTOR('',#1975,10.);
#604=VECTOR('',#1978,10.);
#605=VECTOR('',#1983,10.);
#606=VERTEX_POINT('',#1988);
#607=VERTEX_POINT('',#1989);
#608=VERTEX_POINT('',#1991);
#609=VERTEX_POINT('',#1993);
#610=VERTEX_POINT('',#2002);
#611=VERTEX_POINT('',#2003);
#612=VERTEX_POINT('',#2005);
#613=VERTEX_POINT('',#2007);
#614=VERTEX_POINT('',#2022);
#615=VERTEX_POINT('',#2024);
#616=VERTEX_POINT('',#2035);
#617=VERTEX_POINT('',#2037);
#618=VERTEX_POINT('',#2048);
#619=VERTEX_POINT('',#2050);
#620=VERTEX_POINT('',#2066);
#621=VERTEX_POINT('',#2067);
#622=VERTEX_POINT('',#2081);
#623=VERTEX_POINT('',#2092);
#624=VERTEX_POINT('',#2094);
#625=VERTEX_POINT('',#2106);
#626=VERTEX_POINT('',#2107);
#627=VERTEX_POINT('',#2120);
#628=VERTEX_POINT('',#2122);
#629=VERTEX_POINT('',#2143);
#630=VERTEX_POINT('',#2144);
#631=VERTEX_POINT('',#2157);
#632=VERTEX_POINT('',#2168);
#633=VERTEX_POINT('',#2176);
#634=VERTEX_POINT('',#2243);
#635=VERTEX_POINT('',#2244);
#636=VERTEX_POINT('',#2253);
#637=VERTEX_POINT('',#2266);
#638=VERTEX_POINT('',#2268);
#639=VERTEX_POINT('',#2316);
#640=VERTEX_POINT('',#2317);
#641=VERTEX_POINT('',#2328);
#642=VERTEX_POINT('',#2337);
#643=VERTEX_POINT('',#2339);
#644=VERTEX_POINT('',#2391);
#645=VERTEX_POINT('',#2392);
#646=VERTEX_POINT('',#2394);
#647=VERTEX_POINT('',#2396);
#648=VERTEX_POINT('',#2414);
#649=VERTEX_POINT('',#2415);
#650=VERTEX_POINT('',#2430);
#651=VERTEX_POINT('',#2443);
#652=VERTEX_POINT('',#2472);
#653=VERTEX_POINT('',#2473);
#654=VERTEX_POINT('',#2475);
#655=VERTEX_POINT('',#2490);
#656=VERTEX_POINT('',#2492);
#657=VERTEX_POINT('',#2510);
#658=VERTEX_POINT('',#2512);
#659=VERTEX_POINT('',#2521);
#660=VERTEX_POINT('',#2533);
#661=VERTEX_POINT('',#2534);
#662=VERTEX_POINT('',#2536);
#663=VERTEX_POINT('',#2555);
#664=VERTEX_POINT('',#2556);
#665=VERTEX_POINT('',#2558);
#666=VERTEX_POINT('',#2565);
#667=VERTEX_POINT('',#2567);
#668=VERTEX_POINT('',#2583);
#669=VERTEX_POINT('',#2585);
#670=VERTEX_POINT('',#2600);
#671=VERTEX_POINT('',#2614);
#672=VERTEX_POINT('',#2615);
#673=VERTEX_POINT('',#2622);
#674=VERTEX_POINT('',#2633);
#675=VERTEX_POINT('',#2644);
#676=VERTEX_POINT('',#2654);
#677=VERTEX_POINT('',#2655);
#678=VERTEX_POINT('',#2668);
#679=VERTEX_POINT('',#2670);
#680=VERTEX_POINT('',#2672);
#681=VERTEX_POINT('',#2691);
#682=VERTEX_POINT('',#2692);
#683=VERTEX_POINT('',#2694);
#684=VERTEX_POINT('',#2696);
#685=VERTEX_POINT('',#2700);
#686=VERTEX_POINT('',#2701);
#687=VERTEX_POINT('',#2703);
#688=VERTEX_POINT('',#2711);
#689=VERTEX_POINT('',#2718);
#690=VERTEX_POINT('',#2720);
#691=VERTEX_POINT('',#2731);
#692=VERTEX_POINT('',#2733);
#693=VERTEX_POINT('',#2749);
#694=VERTEX_POINT('',#2758);
#695=VERTEX_POINT('',#2760);
#696=VERTEX_POINT('',#2775);
#697=VERTEX_POINT('',#2788);
#698=VERTEX_POINT('',#2792);
#699=VERTEX_POINT('',#2794);
#700=VERTEX_POINT('',#2824);
#701=VERTEX_POINT('',#2839);
#702=VERTEX_POINT('',#2841);
#703=VERTEX_POINT('',#2848);
#704=VERTEX_POINT('',#2850);
#705=VERTEX_POINT('',#2866);
#706=VERTEX_POINT('',#2867);
#707=VERTEX_POINT('',#2887);
#708=VERTEX_POINT('',#2898);
#709=VERTEX_POINT('',#2913);
#710=VERTEX_POINT('',#2919);
#711=VERTEX_POINT('',#2920);
#712=VERTEX_POINT('',#2932);
#713=VERTEX_POINT('',#2950);
#714=VERTEX_POINT('',#3036);
#715=VERTEX_POINT('',#3074);
#716=VERTEX_POINT('',#3078);
#717=VERTEX_POINT('',#3080);
#718=VERTEX_POINT('',#3115);
#719=VERTEX_POINT('',#3116);
#720=VERTEX_POINT('',#3132);
#721=VERTEX_POINT('',#3152);
#722=VERTEX_POINT('',#3153);
#723=VERTEX_POINT('',#3167);
#724=VERTEX_POINT('',#3171);
#725=VERTEX_POINT('',#3182);
#726=VERTEX_POINT('',#3186);
#727=VERTEX_POINT('',#3203);
#728=VERTEX_POINT('',#3207);
#729=VERTEX_POINT('',#3236);
#730=VERTEX_POINT('',#3237);
#731=VERTEX_POINT('',#3264);
#732=VERTEX_POINT('',#3290);
#733=VERTEX_POINT('',#3332);
#734=VERTEX_POINT('',#3333);
#735=VERTEX_POINT('',#3355);
#736=VERTEX_POINT('',#3359);
#737=VERTEX_POINT('',#3372);
#738=VERTEX_POINT('',#3373);
#739=VERTEX_POINT('',#3392);
#740=VERTEX_POINT('',#3410);
#741=VERTEX_POINT('',#3428);
#742=VERTEX_POINT('',#3448);
#743=VERTEX_POINT('',#3449);
#744=VERTEX_POINT('',#3468);
#745=VERTEX_POINT('',#3488);
#746=VERTEX_POINT('',#3506);
#747=VERTEX_POINT('',#3528);
#748=VERTEX_POINT('',#3529);
#749=VERTEX_POINT('',#3554);
#750=VERTEX_POINT('',#3572);
#751=VERTEX_POINT('',#3594);
#752=VERTEX_POINT('',#3634);
#753=VERTEX_POINT('',#3635);
#754=VERTEX_POINT('',#3654);
#755=VERTEX_POINT('',#3669);
#756=VERTEX_POINT('',#3698);
#757=VERTEX_POINT('',#3699);
#758=VERTEX_POINT('',#3713);
#759=VERTEX_POINT('',#3724);
#760=VERTEX_POINT('',#3744);
#761=VERTEX_POINT('',#3759);
#762=VERTEX_POINT('',#3765);
#763=VERTEX_POINT('',#3769);
#764=EDGE_CURVE('',#606,#607,#432,.T.);
#765=EDGE_CURVE('',#608,#606,#411,.T.);
#766=EDGE_CURVE('',#608,#609,#316,.T.);
#767=EDGE_CURVE('',#609,#607,#412,.T.);
#768=EDGE_CURVE('',#610,#611,#433,.T.);
#769=EDGE_CURVE('',#612,#610,#413,.T.);
#770=EDGE_CURVE('',#612,#613,#317,.T.);
#771=EDGE_CURVE('',#613,#614,#414,.T.);
#772=EDGE_CURVE('',#614,#615,#318,.T.);
#773=EDGE_CURVE('',#615,#616,#434,.T.);
#774=EDGE_CURVE('',#616,#617,#319,.T.);
#775=EDGE_CURVE('',#617,#618,#415,.T.);
#776=EDGE_CURVE('',#618,#619,#320,.T.);
#777=EDGE_CURVE('',#611,#619,#416,.T.);
#778=EDGE_CURVE('',#620,#621,#321,.T.);
#779=EDGE_CURVE('',#621,#622,#322,.T.);
#780=EDGE_CURVE('',#622,#623,#99,.T.);
#781=EDGE_CURVE('',#623,#624,#417,.T.);
#782=EDGE_CURVE('',#624,#620,#323,.T.);
#783=EDGE_CURVE('',#625,#626,#324,.T.);
#784=EDGE_CURVE('',#626,#627,#100,.T.);
#785=EDGE_CURVE('',#627,#628,#325,.T.);
#786=EDGE_CURVE('',#628,#625,#326,.T.);
#787=EDGE_CURVE('',#629,#630,#327,.T.);
#788=EDGE_CURVE('',#630,#631,#328,.T.);
#789=EDGE_CURVE('',#631,#632,#329,.T.);
#790=EDGE_CURVE('',#632,#633,#330,.T.);
#791=EDGE_CURVE('',#633,#629,#331,.T.);
#792=EDGE_CURVE('',#634,#635,#332,.T.);
#793=EDGE_CURVE('',#635,#636,#333,.T.);
#794=EDGE_CURVE('',#636,#637,#101,.T.);
#795=EDGE_CURVE('',#637,#638,#334,.T.);
#796=EDGE_CURVE('',#638,#634,#335,.T.);
#797=EDGE_CURVE('',#639,#640,#336,.T.);
#798=EDGE_CURVE('',#640,#641,#337,.T.);
#799=EDGE_CURVE('',#641,#642,#102,.T.);
#800=EDGE_CURVE('',#642,#643,#338,.T.);
#801=EDGE_CURVE('',#643,#639,#339,.T.);
#802=EDGE_CURVE('',#644,#645,#103,.T.);
#803=EDGE_CURVE('',#645,#646,#104,.T.);
#804=EDGE_CURVE('',#646,#647,#105,.T.);
#805=EDGE_CURVE('',#647,#644,#340,.T.);
#806=EDGE_CURVE('',#648,#649,#341,.T.);
#807=EDGE_CURVE('',#649,#650,#342,.T.);
#808=EDGE_CURVE('',#650,#651,#343,.T.);
#809=EDGE_CURVE('',#651,#648,#344,.T.);
#810=EDGE_CURVE('',#652,#653,#106,.T.);
#811=EDGE_CURVE('',#653,#654,#345,.T.);
#812=EDGE_CURVE('',#654,#655,#107,.T.);
#813=EDGE_CURVE('',#655,#656,#346,.T.);
#814=EDGE_CURVE('',#656,#657,#108,.T.);
#815=EDGE_CURVE('',#657,#658,#347,.T.);
#816=EDGE_CURVE('',#658,#659,#109,.T.);
#817=EDGE_CURVE('',#659,#652,#348,.T.);
#818=EDGE_CURVE('',#660,#661,#110,.T.);
#819=EDGE_CURVE('',#661,#662,#349,.T.);
#820=EDGE_CURVE('',#662,#660,#350,.T.);
#821=EDGE_CURVE('',#663,#664,#418,.T.);
#822=EDGE_CURVE('',#664,#665,#351,.T.);
#823=EDGE_CURVE('',#665,#666,#111,.T.);
#824=EDGE_CURVE('',#666,#667,#352,.T.);
#825=EDGE_CURVE('',#667,#668,#112,.T.);
#826=EDGE_CURVE('',#668,#669,#353,.T.);
#827=EDGE_CURVE('',#669,#670,#113,.T.);
#828=EDGE_CURVE('',#670,#663,#354,.T.);
#829=EDGE_CURVE('',#671,#672,#355,.T.);
#830=EDGE_CURVE('',#672,#673,#356,.T.);
#831=EDGE_CURVE('',#673,#674,#357,.T.);
#832=EDGE_CURVE('',#674,#675,#358,.T.);
#833=EDGE_CURVE('',#675,#671,#114,.T.);
#834=EDGE_CURVE('',#676,#677,#359,.T.);
#835=EDGE_CURVE('',#677,#678,#115,.T.);
#836=EDGE_CURVE('',#678,#679,#419,.T.);
#837=EDGE_CURVE('',#679,#680,#435,.T.);
#838=EDGE_CURVE('',#680,#676,#360,.T.);
#839=EDGE_CURVE('',#681,#682,#436,.T.);
#840=EDGE_CURVE('',#683,#681,#420,.T.);
#841=EDGE_CURVE('',#683,#684,#437,.T.);
#842=EDGE_CURVE('',#684,#682,#421,.T.);
#843=EDGE_CURVE('',#685,#686,#422,.T.);
#844=EDGE_CURVE('',#686,#687,#438,.T.);
#845=EDGE_CURVE('',#687,#616,#361,.T.);
#846=EDGE_CURVE('',#615,#688,#362,.T.);
#847=EDGE_CURVE('',#688,#689,#439,.T.);
#848=EDGE_CURVE('',#689,#690,#363,.T.);
#849=EDGE_CURVE('',#690,#691,#116,.T.);
#850=EDGE_CURVE('',#691,#692,#364,.T.);
#851=EDGE_CURVE('',#692,#693,#117,.T.);
#852=EDGE_CURVE('',#693,#685,#365,.T.);
#853=EDGE_CURVE('',#682,#694,#440,.T.);
#854=EDGE_CURVE('',#684,#695,#366,.T.);
#855=EDGE_CURVE('',#694,#695,#423,.T.);
#856=EDGE_CURVE('',#607,#610,#441,.T.);
#857=EDGE_CURVE('',#609,#612,#442,.T.);
#858=EDGE_CURVE('',#694,#606,#443,.T.);
#859=EDGE_CURVE('',#695,#608,#444,.T.);
#860=EDGE_CURVE('',#688,#696,#367,.T.);
#861=EDGE_CURVE('',#614,#696,#445,.T.);
#862=EDGE_CURVE('',#696,#697,#424,.T.);
#863=EDGE_CURVE('',#613,#697,#446,.T.);
#864=EDGE_CURVE('',#698,#617,#447,.T.);
#865=EDGE_CURVE('',#699,#698,#425,.T.);
#866=EDGE_CURVE('',#618,#699,#448,.T.);
#867=EDGE_CURVE('',#698,#687,#368,.T.);
#868=EDGE_CURVE('',#697,#683,#369,.T.);
#869=EDGE_CURVE('',#700,#699,#370,.T.);
#870=EDGE_CURVE('',#701,#700,#449,.T.);
#871=EDGE_CURVE('',#702,#701,#371,.T.);
#872=EDGE_CURVE('',#703,#702,#450,.T.);
#873=EDGE_CURVE('',#704,#703,#372,.T.);
#874=EDGE_CURVE('',#619,#704,#451,.T.);
#875=EDGE_CURVE('',#705,#706,#373,.T.);
#876=EDGE_CURVE('',#676,#705,#452,.T.);
#877=EDGE_CURVE('',#706,#680,#453,.T.);
#878=EDGE_CURVE('',#706,#707,#454,.T.);
#879=EDGE_CURVE('',#679,#707,#455,.T.);
#880=EDGE_CURVE('',#708,#705,#374,.T.);
#881=EDGE_CURVE('',#677,#708,#456,.T.);
#882=EDGE_CURVE('',#709,#708,#118,.T.);
#883=EDGE_CURVE('',#678,#709,#457,.T.);
#884=EDGE_CURVE('',#707,#709,#426,.T.);
#885=EDGE_CURVE('',#710,#711,#119,.T.);
#886=EDGE_CURVE('',#671,#710,#458,.T.);
#887=EDGE_CURVE('',#711,#675,#459,.T.);
#888=EDGE_CURVE('',#711,#712,#375,.T.);
#889=EDGE_CURVE('',#674,#712,#460,.T.);
#890=EDGE_CURVE('',#713,#710,#376,.T.);
#891=EDGE_CURVE('',#672,#713,#461,.T.);
#892=EDGE_CURVE('',#714,#713,#377,.T.);
#893=EDGE_CURVE('',#673,#714,#462,.T.);
#894=EDGE_CURVE('',#712,#714,#378,.T.);
#895=EDGE_CURVE('',#666,#692,#463,.T.);
#896=EDGE_CURVE('',#667,#691,#464,.T.);
#897=EDGE_CURVE('',#665,#693,#465,.T.);
#898=EDGE_CURVE('',#664,#685,#466,.T.);
#899=EDGE_CURVE('',#663,#715,#467,.T.);
#900=EDGE_CURVE('',#686,#715,#427,.T.);
#901=EDGE_CURVE('',#669,#716,#468,.T.);
#902=EDGE_CURVE('',#717,#716,#120,.T.);
#903=EDGE_CURVE('',#717,#670,#469,.T.);
#904=EDGE_CURVE('',#668,#690,#470,.T.);
#905=EDGE_CURVE('',#716,#689,#379,.T.);
#906=EDGE_CURVE('',#715,#717,#380,.T.);
#907=EDGE_CURVE('',#718,#719,#381,.T.);
#908=EDGE_CURVE('',#660,#718,#471,.T.);
#909=EDGE_CURVE('',#719,#662,#472,.T.);
#910=EDGE_CURVE('',#720,#718,#121,.T.);
#911=EDGE_CURVE('',#661,#720,#473,.T.);
#912=EDGE_CURVE('',#719,#720,#382,.T.);
#913=EDGE_CURVE('',#721,#722,#383,.T.);
#914=EDGE_CURVE('',#652,#721,#474,.T.);
#915=EDGE_CURVE('',#722,#659,#475,.T.);
#916=EDGE_CURVE('',#722,#723,#122,.T.);
#917=EDGE_CURVE('',#658,#723,#476,.T.);
#918=EDGE_CURVE('',#723,#724,#384,.T.);
#919=EDGE_CURVE('',#657,#724,#477,.T.);
#920=EDGE_CURVE('',#725,#721,#123,.T.);
#921=EDGE_CURVE('',#653,#725,#478,.T.);
#922=EDGE_CURVE('',#726,#725,#385,.T.);
#923=EDGE_CURVE('',#654,#726,#479,.T.);
#924=EDGE_CURVE('',#727,#726,#124,.T.);
#925=EDGE_CURVE('',#655,#727,#480,.T.);
#926=EDGE_CURVE('',#728,#727,#386,.T.);
#927=EDGE_CURVE('',#656,#728,#481,.T.);
#928=EDGE_CURVE('',#724,#728,#125,.T.);
#929=EDGE_CURVE('',#729,#730,#387,.T.);
#930=EDGE_CURVE('',#648,#729,#482,.T.);
#931=EDGE_CURVE('',#730,#651,#483,.T.);
#932=EDGE_CURVE('',#731,#729,#388,.T.);
#933=EDGE_CURVE('',#649,#731,#484,.T.);
#934=EDGE_CURVE('',#732,#731,#389,.T.);
#935=EDGE_CURVE('',#650,#732,#485,.T.);
#936=EDGE_CURVE('',#730,#732,#390,.T.);
#937=EDGE_CURVE('',#733,#734,#391,.T.);
#938=EDGE_CURVE('',#644,#733,#486,.T.);
#939=EDGE_CURVE('',#734,#647,#487,.T.);
#940=EDGE_CURVE('',#735,#733,#126,.T.);
#941=EDGE_CURVE('',#645,#735,#488,.T.);
#942=EDGE_CURVE('',#736,#735,#127,.T.);
#943=EDGE_CURVE('',#646,#736,#489,.T.);
#944=EDGE_CURVE('',#734,#736,#128,.T.);
#945=EDGE_CURVE('',#737,#738,#392,.T.);
#946=EDGE_CURVE('',#639,#737,#490,.T.);
#947=EDGE_CURVE('',#738,#643,#491,.T.);
#948=EDGE_CURVE('',#738,#739,#393,.T.);
#949=EDGE_CURVE('',#642,#739,#492,.T.);
#950=EDGE_CURVE('',#740,#737,#394,.T.);
#951=EDGE_CURVE('',#640,#740,#493,.T.);
#952=EDGE_CURVE('',#741,#740,#395,.T.);
#953=EDGE_CURVE('',#641,#741,#494,.T.);
#954=EDGE_CURVE('',#739,#741,#129,.T.);
#955=EDGE_CURVE('',#742,#743,#396,.T.);
#956=EDGE_CURVE('',#634,#742,#495,.T.);
#957=EDGE_CURVE('',#743,#638,#496,.T.);
#958=EDGE_CURVE('',#743,#744,#397,.T.);
#959=EDGE_CURVE('',#637,#744,#497,.T.);
#960=EDGE_CURVE('',#745,#742,#398,.T.);
#961=EDGE_CURVE('',#635,#745,#498,.T.);
#962=EDGE_CURVE('',#746,#745,#399,.T.);
#963=EDGE_CURVE('',#636,#746,#499,.T.);
#964=EDGE_CURVE('',#744,#746,#130,.T.);
#965=EDGE_CURVE('',#747,#748,#400,.T.);
#966=EDGE_CURVE('',#629,#747,#500,.T.);
#967=EDGE_CURVE('',#748,#633,#501,.T.);
#968=EDGE_CURVE('',#748,#749,#401,.T.);
#969=EDGE_CURVE('',#632,#749,#502,.T.);
#970=EDGE_CURVE('',#750,#747,#402,.T.);
#971=EDGE_CURVE('',#630,#750,#503,.T.);
#972=EDGE_CURVE('',#751,#750,#403,.T.);
#973=EDGE_CURVE('',#631,#751,#504,.T.);
#974=EDGE_CURVE('',#749,#751,#404,.T.);
#975=EDGE_CURVE('',#752,#753,#405,.T.);
#976=EDGE_CURVE('',#625,#752,#505,.T.);
#977=EDGE_CURVE('',#753,#628,#506,.T.);
#978=EDGE_CURVE('',#754,#752,#406,.T.);
#979=EDGE_CURVE('',#626,#754,#507,.T.);
#980=EDGE_CURVE('',#755,#754,#131,.T.);
#981=EDGE_CURVE('',#627,#755,#508,.T.);
#982=EDGE_CURVE('',#753,#755,#407,.T.);
#983=EDGE_CURVE('',#756,#757,#408,.T.);
#984=EDGE_CURVE('',#620,#756,#509,.T.);
#985=EDGE_CURVE('',#757,#624,#510,.T.);
#986=EDGE_CURVE('',#757,#758,#428,.T.);
#987=EDGE_CURVE('',#623,#758,#511,.T.);
#988=EDGE_CURVE('',#759,#756,#409,.T.);
#989=EDGE_CURVE('',#621,#759,#512,.T.);
#990=EDGE_CURVE('',#760,#759,#410,.T.);
#991=EDGE_CURVE('',#622,#760,#513,.T.);
#992=EDGE_CURVE('',#758,#760,#132,.T.);
#993=EDGE_CURVE('',#611,#761,#514,.T.);
#994=EDGE_CURVE('',#704,#761,#429,.T.);
#995=EDGE_CURVE('',#761,#703,#515,.T.);
#996=EDGE_CURVE('',#762,#701,#430,.T.);
#997=EDGE_CURVE('',#702,#762,#516,.T.);
#998=EDGE_CURVE('',#762,#763,#517,.T.);
#999=EDGE_CURVE('',#700,#763,#431,.T.);
#1000=EDGE_CURVE('',#763,#681,#518,.T.);
#1001=ORIENTED_EDGE('',*,*,#764,.F.);
#1002=ORIENTED_EDGE('',*,*,#765,.F.);
#1003=ORIENTED_EDGE('',*,*,#766,.T.);
#1004=ORIENTED_EDGE('',*,*,#767,.T.);
#1005=ORIENTED_EDGE('',*,*,#768,.F.);
#1006=ORIENTED_EDGE('',*,*,#769,.F.);
#1007=ORIENTED_EDGE('',*,*,#770,.T.);
#1008=ORIENTED_EDGE('',*,*,#771,.T.);
#1009=ORIENTED_EDGE('',*,*,#772,.T.);
#1010=ORIENTED_EDGE('',*,*,#773,.T.);
#1011=ORIENTED_EDGE('',*,*,#774,.T.);
#1012=ORIENTED_EDGE('',*,*,#775,.T.);
#1013=ORIENTED_EDGE('',*,*,#776,.T.);
#1014=ORIENTED_EDGE('',*,*,#777,.F.);
#1015=ORIENTED_EDGE('',*,*,#778,.T.);
#1016=ORIENTED_EDGE('',*,*,#779,.T.);
#1017=ORIENTED_EDGE('',*,*,#780,.T.);
#1018=ORIENTED_EDGE('',*,*,#781,.T.);
#1019=ORIENTED_EDGE('',*,*,#782,.T.);
#1020=ORIENTED_EDGE('',*,*,#783,.T.);
#1021=ORIENTED_EDGE('',*,*,#784,.T.);
#1022=ORIENTED_EDGE('',*,*,#785,.T.);
#1023=ORIENTED_EDGE('',*,*,#786,.T.);
#1024=ORIENTED_EDGE('',*,*,#787,.T.);
#1025=ORIENTED_EDGE('',*,*,#788,.T.);
#1026=ORIENTED_EDGE('',*,*,#789,.T.);
#1027=ORIENTED_EDGE('',*,*,#790,.T.);
#1028=ORIENTED_EDGE('',*,*,#791,.T.);
#1029=ORIENTED_EDGE('',*,*,#792,.T.);
#1030=ORIENTED_EDGE('',*,*,#793,.T.);
#1031=ORIENTED_EDGE('',*,*,#794,.T.);
#1032=ORIENTED_EDGE('',*,*,#795,.T.);
#1033=ORIENTED_EDGE('',*,*,#796,.T.);
#1034=ORIENTED_EDGE('',*,*,#797,.T.);
#1035=ORIENTED_EDGE('',*,*,#798,.T.);
#1036=ORIENTED_EDGE('',*,*,#799,.T.);
#1037=ORIENTED_EDGE('',*,*,#800,.T.);
#1038=ORIENTED_EDGE('',*,*,#801,.T.);
#1039=ORIENTED_EDGE('',*,*,#802,.T.);
#1040=ORIENTED_EDGE('',*,*,#803,.T.);
#1041=ORIENTED_EDGE('',*,*,#804,.T.);
#1042=ORIENTED_EDGE('',*,*,#805,.T.);
#1043=ORIENTED_EDGE('',*,*,#806,.T.);
#1044=ORIENTED_EDGE('',*,*,#807,.T.);
#1045=ORIENTED_EDGE('',*,*,#808,.T.);
#1046=ORIENTED_EDGE('',*,*,#809,.T.);
#1047=ORIENTED_EDGE('',*,*,#810,.T.);
#1048=ORIENTED_EDGE('',*,*,#811,.T.);
#1049=ORIENTED_EDGE('',*,*,#812,.T.);
#1050=ORIENTED_EDGE('',*,*,#813,.T.);
#1051=ORIENTED_EDGE('',*,*,#814,.T.);
#1052=ORIENTED_EDGE('',*,*,#815,.T.);
#1053=ORIENTED_EDGE('',*,*,#816,.T.);
#1054=ORIENTED_EDGE('',*,*,#817,.T.);
#1055=ORIENTED_EDGE('',*,*,#818,.T.);
#1056=ORIENTED_EDGE('',*,*,#819,.T.);
#1057=ORIENTED_EDGE('',*,*,#820,.T.);
#1058=ORIENTED_EDGE('',*,*,#821,.T.);
#1059=ORIENTED_EDGE('',*,*,#822,.T.);
#1060=ORIENTED_EDGE('',*,*,#823,.T.);
#1061=ORIENTED_EDGE('',*,*,#824,.T.);
#1062=ORIENTED_EDGE('',*,*,#825,.T.);
#1063=ORIENTED_EDGE('',*,*,#826,.T.);
#1064=ORIENTED_EDGE('',*,*,#827,.T.);
#1065=ORIENTED_EDGE('',*,*,#828,.T.);
#1066=ORIENTED_EDGE('',*,*,#829,.T.);
#1067=ORIENTED_EDGE('',*,*,#830,.T.);
#1068=ORIENTED_EDGE('',*,*,#831,.T.);
#1069=ORIENTED_EDGE('',*,*,#832,.T.);
#1070=ORIENTED_EDGE('',*,*,#833,.T.);
#1071=ORIENTED_EDGE('',*,*,#834,.T.);
#1072=ORIENTED_EDGE('',*,*,#835,.T.);
#1073=ORIENTED_EDGE('',*,*,#836,.T.);
#1074=ORIENTED_EDGE('',*,*,#837,.T.);
#1075=ORIENTED_EDGE('',*,*,#838,.T.);
#1076=ORIENTED_EDGE('',*,*,#839,.F.);
#1077=ORIENTED_EDGE('',*,*,#840,.F.);
#1078=ORIENTED_EDGE('',*,*,#841,.T.);
#1079=ORIENTED_EDGE('',*,*,#842,.T.);
#1080=ORIENTED_EDGE('',*,*,#843,.T.);
#1081=ORIENTED_EDGE('',*,*,#844,.T.);
#1082=ORIENTED_EDGE('',*,*,#845,.T.);
#1083=ORIENTED_EDGE('',*,*,#773,.F.);
#1084=ORIENTED_EDGE('',*,*,#846,.T.);
#1085=ORIENTED_EDGE('',*,*,#847,.T.);
#1086=ORIENTED_EDGE('',*,*,#848,.T.);
#1087=ORIENTED_EDGE('',*,*,#849,.T.);
#1088=ORIENTED_EDGE('',*,*,#850,.T.);
#1089=ORIENTED_EDGE('',*,*,#851,.T.);
#1090=ORIENTED_EDGE('',*,*,#852,.T.);
#1091=ORIENTED_EDGE('',*,*,#853,.F.);
#1092=ORIENTED_EDGE('',*,*,#842,.F.);
#1093=ORIENTED_EDGE('',*,*,#854,.T.);
#1094=ORIENTED_EDGE('',*,*,#855,.F.);
#1095=ORIENTED_EDGE('',*,*,#856,.F.);
#1096=ORIENTED_EDGE('',*,*,#767,.F.);
#1097=ORIENTED_EDGE('',*,*,#857,.T.);
#1098=ORIENTED_EDGE('',*,*,#769,.T.);
#1099=ORIENTED_EDGE('',*,*,#858,.F.);
#1100=ORIENTED_EDGE('',*,*,#855,.T.);
#1101=ORIENTED_EDGE('',*,*,#859,.T.);
#1102=ORIENTED_EDGE('',*,*,#765,.T.);
#1103=ORIENTED_EDGE('',*,*,#860,.F.);
#1104=ORIENTED_EDGE('',*,*,#846,.F.);
#1105=ORIENTED_EDGE('',*,*,#772,.F.);
#1106=ORIENTED_EDGE('',*,*,#861,.T.);
#1107=ORIENTED_EDGE('',*,*,#862,.F.);
#1108=ORIENTED_EDGE('',*,*,#861,.F.);
#1109=ORIENTED_EDGE('',*,*,#771,.F.);
#1110=ORIENTED_EDGE('',*,*,#863,.T.);
#1111=ORIENTED_EDGE('',*,*,#775,.F.);
#1112=ORIENTED_EDGE('',*,*,#864,.F.);
#1113=ORIENTED_EDGE('',*,*,#865,.F.);
#1114=ORIENTED_EDGE('',*,*,#866,.F.);
#1115=ORIENTED_EDGE('',*,*,#774,.F.);
#1116=ORIENTED_EDGE('',*,*,#845,.F.);
#1117=ORIENTED_EDGE('',*,*,#867,.F.);
#1118=ORIENTED_EDGE('',*,*,#864,.T.);
#1119=ORIENTED_EDGE('',*,*,#868,.F.);
#1120=ORIENTED_EDGE('',*,*,#863,.F.);
#1121=ORIENTED_EDGE('',*,*,#770,.F.);
#1122=ORIENTED_EDGE('',*,*,#857,.F.);
#1123=ORIENTED_EDGE('',*,*,#766,.F.);
#1124=ORIENTED_EDGE('',*,*,#859,.F.);
#1125=ORIENTED_EDGE('',*,*,#854,.F.);
#1126=ORIENTED_EDGE('',*,*,#841,.F.);
#1127=ORIENTED_EDGE('',*,*,#776,.F.);
#1128=ORIENTED_EDGE('',*,*,#866,.T.);
#1129=ORIENTED_EDGE('',*,*,#869,.F.);
#1130=ORIENTED_EDGE('',*,*,#870,.F.);
#1131=ORIENTED_EDGE('',*,*,#871,.F.);
#1132=ORIENTED_EDGE('',*,*,#872,.F.);
#1133=ORIENTED_EDGE('',*,*,#873,.F.);
#1134=ORIENTED_EDGE('',*,*,#874,.F.);
#1135=ORIENTED_EDGE('',*,*,#875,.F.);
#1136=ORIENTED_EDGE('',*,*,#876,.F.);
#1137=ORIENTED_EDGE('',*,*,#838,.F.);
#1138=ORIENTED_EDGE('',*,*,#877,.F.);
#1139=ORIENTED_EDGE('',*,*,#878,.F.);
#1140=ORIENTED_EDGE('',*,*,#877,.T.);
#1141=ORIENTED_EDGE('',*,*,#837,.F.);
#1142=ORIENTED_EDGE('',*,*,#879,.T.);
#1143=ORIENTED_EDGE('',*,*,#880,.F.);
#1144=ORIENTED_EDGE('',*,*,#881,.F.);
#1145=ORIENTED_EDGE('',*,*,#834,.F.);
#1146=ORIENTED_EDGE('',*,*,#876,.T.);
#1147=ORIENTED_EDGE('',*,*,#882,.F.);
#1148=ORIENTED_EDGE('',*,*,#883,.F.);
#1149=ORIENTED_EDGE('',*,*,#835,.F.);
#1150=ORIENTED_EDGE('',*,*,#881,.T.);
#1151=ORIENTED_EDGE('',*,*,#884,.F.);
#1152=ORIENTED_EDGE('',*,*,#879,.F.);
#1153=ORIENTED_EDGE('',*,*,#836,.F.);
#1154=ORIENTED_EDGE('',*,*,#883,.T.);
#1155=ORIENTED_EDGE('',*,*,#885,.F.);
#1156=ORIENTED_EDGE('',*,*,#886,.F.);
#1157=ORIENTED_EDGE('',*,*,#833,.F.);
#1158=ORIENTED_EDGE('',*,*,#887,.F.);
#1159=ORIENTED_EDGE('',*,*,#888,.F.);
#1160=ORIENTED_EDGE('',*,*,#887,.T.);
#1161=ORIENTED_EDGE('',*,*,#832,.F.);
#1162=ORIENTED_EDGE('',*,*,#889,.T.);
#1163=ORIENTED_EDGE('',*,*,#890,.F.);
#1164=ORIENTED_EDGE('',*,*,#891,.F.);
#1165=ORIENTED_EDGE('',*,*,#829,.F.);
#1166=ORIENTED_EDGE('',*,*,#886,.T.);
#1167=ORIENTED_EDGE('',*,*,#892,.F.);
#1168=ORIENTED_EDGE('',*,*,#893,.F.);
#1169=ORIENTED_EDGE('',*,*,#830,.F.);
#1170=ORIENTED_EDGE('',*,*,#891,.T.);
#1171=ORIENTED_EDGE('',*,*,#894,.F.);
#1172=ORIENTED_EDGE('',*,*,#889,.F.);
#1173=ORIENTED_EDGE('',*,*,#831,.F.);
#1174=ORIENTED_EDGE('',*,*,#893,.T.);
#1175=ORIENTED_EDGE('',*,*,#824,.F.);
#1176=ORIENTED_EDGE('',*,*,#895,.T.);
#1177=ORIENTED_EDGE('',*,*,#850,.F.);
#1178=ORIENTED_EDGE('',*,*,#896,.F.);
#1179=ORIENTED_EDGE('',*,*,#823,.F.);
#1180=ORIENTED_EDGE('',*,*,#897,.T.);
#1181=ORIENTED_EDGE('',*,*,#851,.F.);
#1182=ORIENTED_EDGE('',*,*,#895,.F.);
#1183=ORIENTED_EDGE('',*,*,#822,.F.);
#1184=ORIENTED_EDGE('',*,*,#898,.T.);
#1185=ORIENTED_EDGE('',*,*,#852,.F.);
#1186=ORIENTED_EDGE('',*,*,#897,.F.);
#1187=ORIENTED_EDGE('',*,*,#821,.F.);
#1188=ORIENTED_EDGE('',*,*,#899,.T.);
#1189=ORIENTED_EDGE('',*,*,#900,.F.);
#1190=ORIENTED_EDGE('',*,*,#843,.F.);
#1191=ORIENTED_EDGE('',*,*,#898,.F.);
#1192=ORIENTED_EDGE('',*,*,#827,.F.);
#1193=ORIENTED_EDGE('',*,*,#901,.T.);
#1194=ORIENTED_EDGE('',*,*,#902,.F.);
#1195=ORIENTED_EDGE('',*,*,#903,.T.);
#1196=ORIENTED_EDGE('',*,*,#826,.F.);
#1197=ORIENTED_EDGE('',*,*,#904,.T.);
#1198=ORIENTED_EDGE('',*,*,#848,.F.);
#1199=ORIENTED_EDGE('',*,*,#905,.F.);
#1200=ORIENTED_EDGE('',*,*,#901,.F.);
#1201=ORIENTED_EDGE('',*,*,#828,.F.);
#1202=ORIENTED_EDGE('',*,*,#903,.F.);
#1203=ORIENTED_EDGE('',*,*,#906,.F.);
#1204=ORIENTED_EDGE('',*,*,#899,.F.);
#1205=ORIENTED_EDGE('',*,*,#825,.F.);
#1206=ORIENTED_EDGE('',*,*,#896,.T.);
#1207=ORIENTED_EDGE('',*,*,#849,.F.);
#1208=ORIENTED_EDGE('',*,*,#904,.F.);
#1209=ORIENTED_EDGE('',*,*,#907,.F.);
#1210=ORIENTED_EDGE('',*,*,#908,.F.);
#1211=ORIENTED_EDGE('',*,*,#820,.F.);
#1212=ORIENTED_EDGE('',*,*,#909,.F.);
#1213=ORIENTED_EDGE('',*,*,#910,.F.);
#1214=ORIENTED_EDGE('',*,*,#911,.F.);
#1215=ORIENTED_EDGE('',*,*,#818,.F.);
#1216=ORIENTED_EDGE('',*,*,#908,.T.);
#1217=ORIENTED_EDGE('',*,*,#912,.F.);
#1218=ORIENTED_EDGE('',*,*,#909,.T.);
#1219=ORIENTED_EDGE('',*,*,#819,.F.);
#1220=ORIENTED_EDGE('',*,*,#911,.T.);
#1221=ORIENTED_EDGE('',*,*,#913,.F.);
#1222=ORIENTED_EDGE('',*,*,#914,.F.);
#1223=ORIENTED_EDGE('',*,*,#817,.F.);
#1224=ORIENTED_EDGE('',*,*,#915,.F.);
#1225=ORIENTED_EDGE('',*,*,#916,.F.);
#1226=ORIENTED_EDGE('',*,*,#915,.T.);
#1227=ORIENTED_EDGE('',*,*,#816,.F.);
#1228=ORIENTED_EDGE('',*,*,#917,.T.);
#1229=ORIENTED_EDGE('',*,*,#918,.F.);
#1230=ORIENTED_EDGE('',*,*,#917,.F.);
#1231=ORIENTED_EDGE('',*,*,#815,.F.);
#1232=ORIENTED_EDGE('',*,*,#919,.T.);
#1233=ORIENTED_EDGE('',*,*,#920,.F.);
#1234=ORIENTED_EDGE('',*,*,#921,.F.);
#1235=ORIENTED_EDGE('',*,*,#810,.F.);
#1236=ORIENTED_EDGE('',*,*,#914,.T.);
#1237=ORIENTED_EDGE('',*,*,#922,.F.);
#1238=ORIENTED_EDGE('',*,*,#923,.F.);
#1239=ORIENTED_EDGE('',*,*,#811,.F.);
#1240=ORIENTED_EDGE('',*,*,#921,.T.);
#1241=ORIENTED_EDGE('',*,*,#924,.F.);
#1242=ORIENTED_EDGE('',*,*,#925,.F.);
#1243=ORIENTED_EDGE('',*,*,#812,.F.);
#1244=ORIENTED_EDGE('',*,*,#923,.T.);
#1245=ORIENTED_EDGE('',*,*,#926,.F.);
#1246=ORIENTED_EDGE('',*,*,#927,.F.);
#1247=ORIENTED_EDGE('',*,*,#813,.F.);
#1248=ORIENTED_EDGE('',*,*,#925,.T.);
#1249=ORIENTED_EDGE('',*,*,#928,.F.);
#1250=ORIENTED_EDGE('',*,*,#919,.F.);
#1251=ORIENTED_EDGE('',*,*,#814,.F.);
#1252=ORIENTED_EDGE('',*,*,#927,.T.);
#1253=ORIENTED_EDGE('',*,*,#929,.F.);
#1254=ORIENTED_EDGE('',*,*,#930,.F.);
#1255=ORIENTED_EDGE('',*,*,#809,.F.);
#1256=ORIENTED_EDGE('',*,*,#931,.F.);
#1257=ORIENTED_EDGE('',*,*,#932,.F.);
#1258=ORIENTED_EDGE('',*,*,#933,.F.);
#1259=ORIENTED_EDGE('',*,*,#806,.F.);
#1260=ORIENTED_EDGE('',*,*,#930,.T.);
#1261=ORIENTED_EDGE('',*,*,#934,.F.);
#1262=ORIENTED_EDGE('',*,*,#935,.F.);
#1263=ORIENTED_EDGE('',*,*,#807,.F.);
#1264=ORIENTED_EDGE('',*,*,#933,.T.);
#1265=ORIENTED_EDGE('',*,*,#936,.F.);
#1266=ORIENTED_EDGE('',*,*,#931,.T.);
#1267=ORIENTED_EDGE('',*,*,#808,.F.);
#1268=ORIENTED_EDGE('',*,*,#935,.T.);
#1269=ORIENTED_EDGE('',*,*,#937,.F.);
#1270=ORIENTED_EDGE('',*,*,#938,.F.);
#1271=ORIENTED_EDGE('',*,*,#805,.F.);
#1272=ORIENTED_EDGE('',*,*,#939,.F.);
#1273=ORIENTED_EDGE('',*,*,#940,.F.);
#1274=ORIENTED_EDGE('',*,*,#941,.F.);
#1275=ORIENTED_EDGE('',*,*,#802,.F.);
#1276=ORIENTED_EDGE('',*,*,#938,.T.);
#1277=ORIENTED_EDGE('',*,*,#942,.F.);
#1278=ORIENTED_EDGE('',*,*,#943,.F.);
#1279=ORIENTED_EDGE('',*,*,#803,.F.);
#1280=ORIENTED_EDGE('',*,*,#941,.T.);
#1281=ORIENTED_EDGE('',*,*,#944,.F.);
#1282=ORIENTED_EDGE('',*,*,#939,.T.);
#1283=ORIENTED_EDGE('',*,*,#804,.F.);
#1284=ORIENTED_EDGE('',*,*,#943,.T.);
#1285=ORIENTED_EDGE('',*,*,#945,.F.);
#1286=ORIENTED_EDGE('',*,*,#946,.F.);
#1287=ORIENTED_EDGE('',*,*,#801,.F.);
#1288=ORIENTED_EDGE('',*,*,#947,.F.);
#1289=ORIENTED_EDGE('',*,*,#948,.F.);
#1290=ORIENTED_EDGE('',*,*,#947,.T.);
#1291=ORIENTED_EDGE('',*,*,#800,.F.);
#1292=ORIENTED_EDGE('',*,*,#949,.T.);
#1293=ORIENTED_EDGE('',*,*,#950,.F.);
#1294=ORIENTED_EDGE('',*,*,#951,.F.);
#1295=ORIENTED_EDGE('',*,*,#797,.F.);
#1296=ORIENTED_EDGE('',*,*,#946,.T.);
#1297=ORIENTED_EDGE('',*,*,#952,.F.);
#1298=ORIENTED_EDGE('',*,*,#953,.F.);
#1299=ORIENTED_EDGE('',*,*,#798,.F.);
#1300=ORIENTED_EDGE('',*,*,#951,.T.);
#1301=ORIENTED_EDGE('',*,*,#954,.F.);
#1302=ORIENTED_EDGE('',*,*,#949,.F.);
#1303=ORIENTED_EDGE('',*,*,#799,.F.);
#1304=ORIENTED_EDGE('',*,*,#953,.T.);
#1305=ORIENTED_EDGE('',*,*,#955,.F.);
#1306=ORIENTED_EDGE('',*,*,#956,.F.);
#1307=ORIENTED_EDGE('',*,*,#796,.F.);
#1308=ORIENTED_EDGE('',*,*,#957,.F.);
#1309=ORIENTED_EDGE('',*,*,#958,.F.);
#1310=ORIENTED_EDGE('',*,*,#957,.T.);
#1311=ORIENTED_EDGE('',*,*,#795,.F.);
#1312=ORIENTED_EDGE('',*,*,#959,.T.);
#1313=ORIENTED_EDGE('',*,*,#960,.F.);
#1314=ORIENTED_EDGE('',*,*,#961,.F.);
#1315=ORIENTED_EDGE('',*,*,#792,.F.);
#1316=ORIENTED_EDGE('',*,*,#956,.T.);
#1317=ORIENTED_EDGE('',*,*,#962,.F.);
#1318=ORIENTED_EDGE('',*,*,#963,.F.);
#1319=ORIENTED_EDGE('',*,*,#793,.F.);
#1320=ORIENTED_EDGE('',*,*,#961,.T.);
#1321=ORIENTED_EDGE('',*,*,#964,.F.);
#1322=ORIENTED_EDGE('',*,*,#959,.F.);
#1323=ORIENTED_EDGE('',*,*,#794,.F.);
#1324=ORIENTED_EDGE('',*,*,#963,.T.);
#1325=ORIENTED_EDGE('',*,*,#965,.F.);
#1326=ORIENTED_EDGE('',*,*,#966,.F.);
#1327=ORIENTED_EDGE('',*,*,#791,.F.);
#1328=ORIENTED_EDGE('',*,*,#967,.F.);
#1329=ORIENTED_EDGE('',*,*,#968,.F.);
#1330=ORIENTED_EDGE('',*,*,#967,.T.);
#1331=ORIENTED_EDGE('',*,*,#790,.F.);
#1332=ORIENTED_EDGE('',*,*,#969,.T.);
#1333=ORIENTED_EDGE('',*,*,#970,.F.);
#1334=ORIENTED_EDGE('',*,*,#971,.F.);
#1335=ORIENTED_EDGE('',*,*,#787,.F.);
#1336=ORIENTED_EDGE('',*,*,#966,.T.);
#1337=ORIENTED_EDGE('',*,*,#972,.F.);
#1338=ORIENTED_EDGE('',*,*,#973,.F.);
#1339=ORIENTED_EDGE('',*,*,#788,.F.);
#1340=ORIENTED_EDGE('',*,*,#971,.T.);
#1341=ORIENTED_EDGE('',*,*,#974,.F.);
#1342=ORIENTED_EDGE('',*,*,#969,.F.);
#1343=ORIENTED_EDGE('',*,*,#789,.F.);
#1344=ORIENTED_EDGE('',*,*,#973,.T.);
#1345=ORIENTED_EDGE('',*,*,#975,.F.);
#1346=ORIENTED_EDGE('',*,*,#976,.F.);
#1347=ORIENTED_EDGE('',*,*,#786,.F.);
#1348=ORIENTED_EDGE('',*,*,#977,.F.);
#1349=ORIENTED_EDGE('',*,*,#978,.F.);
#1350=ORIENTED_EDGE('',*,*,#979,.F.);
#1351=ORIENTED_EDGE('',*,*,#783,.F.);
#1352=ORIENTED_EDGE('',*,*,#976,.T.);
#1353=ORIENTED_EDGE('',*,*,#980,.F.);
#1354=ORIENTED_EDGE('',*,*,#981,.F.);
#1355=ORIENTED_EDGE('',*,*,#784,.F.);
#1356=ORIENTED_EDGE('',*,*,#979,.T.);
#1357=ORIENTED_EDGE('',*,*,#982,.F.);
#1358=ORIENTED_EDGE('',*,*,#977,.T.);
#1359=ORIENTED_EDGE('',*,*,#785,.F.);
#1360=ORIENTED_EDGE('',*,*,#981,.T.);
#1361=ORIENTED_EDGE('',*,*,#983,.F.);
#1362=ORIENTED_EDGE('',*,*,#984,.F.);
#1363=ORIENTED_EDGE('',*,*,#782,.F.);
#1364=ORIENTED_EDGE('',*,*,#985,.F.);
#1365=ORIENTED_EDGE('',*,*,#986,.F.);
#1366=ORIENTED_EDGE('',*,*,#985,.T.);
#1367=ORIENTED_EDGE('',*,*,#781,.F.);
#1368=ORIENTED_EDGE('',*,*,#987,.T.);
#1369=ORIENTED_EDGE('',*,*,#988,.F.);
#1370=ORIENTED_EDGE('',*,*,#989,.F.);
#1371=ORIENTED_EDGE('',*,*,#778,.F.);
#1372=ORIENTED_EDGE('',*,*,#984,.T.);
#1373=ORIENTED_EDGE('',*,*,#990,.F.);
#1374=ORIENTED_EDGE('',*,*,#991,.F.);
#1375=ORIENTED_EDGE('',*,*,#779,.F.);
#1376=ORIENTED_EDGE('',*,*,#989,.T.);
#1377=ORIENTED_EDGE('',*,*,#992,.F.);
#1378=ORIENTED_EDGE('',*,*,#987,.F.);
#1379=ORIENTED_EDGE('',*,*,#780,.F.);
#1380=ORIENTED_EDGE('',*,*,#991,.T.);
#1381=ORIENTED_EDGE('',*,*,#993,.F.);
#1382=ORIENTED_EDGE('',*,*,#777,.T.);
#1383=ORIENTED_EDGE('',*,*,#874,.T.);
#1384=ORIENTED_EDGE('',*,*,#994,.T.);
#1385=ORIENTED_EDGE('',*,*,#995,.F.);
#1386=ORIENTED_EDGE('',*,*,#994,.F.);
#1387=ORIENTED_EDGE('',*,*,#873,.T.);
#1388=ORIENTED_EDGE('',*,*,#871,.T.);
#1389=ORIENTED_EDGE('',*,*,#996,.F.);
#1390=ORIENTED_EDGE('',*,*,#997,.F.);
#1391=ORIENTED_EDGE('',*,*,#998,.F.);
#1392=ORIENTED_EDGE('',*,*,#996,.T.);
#1393=ORIENTED_EDGE('',*,*,#870,.T.);
#1394=ORIENTED_EDGE('',*,*,#999,.T.);
#1395=ORIENTED_EDGE('',*,*,#1000,.F.);
#1396=ORIENTED_EDGE('',*,*,#999,.F.);
#1397=ORIENTED_EDGE('',*,*,#869,.T.);
#1398=ORIENTED_EDGE('',*,*,#865,.T.);
#1399=ORIENTED_EDGE('',*,*,#867,.T.);
#1400=ORIENTED_EDGE('',*,*,#844,.F.);
#1401=ORIENTED_EDGE('',*,*,#900,.T.);
#1402=ORIENTED_EDGE('',*,*,#906,.T.);
#1403=ORIENTED_EDGE('',*,*,#902,.T.);
#1404=ORIENTED_EDGE('',*,*,#905,.T.);
#1405=ORIENTED_EDGE('',*,*,#847,.F.);
#1406=ORIENTED_EDGE('',*,*,#860,.T.);
#1407=ORIENTED_EDGE('',*,*,#862,.T.);
#1408=ORIENTED_EDGE('',*,*,#868,.T.);
#1409=ORIENTED_EDGE('',*,*,#840,.T.);
#1410=ORIENTED_EDGE('',*,*,#988,.T.);
#1411=ORIENTED_EDGE('',*,*,#983,.T.);
#1412=ORIENTED_EDGE('',*,*,#986,.T.);
#1413=ORIENTED_EDGE('',*,*,#992,.T.);
#1414=ORIENTED_EDGE('',*,*,#990,.T.);
#1415=ORIENTED_EDGE('',*,*,#978,.T.);
#1416=ORIENTED_EDGE('',*,*,#975,.T.);
#1417=ORIENTED_EDGE('',*,*,#982,.T.);
#1418=ORIENTED_EDGE('',*,*,#980,.T.);
#1419=ORIENTED_EDGE('',*,*,#970,.T.);
#1420=ORIENTED_EDGE('',*,*,#965,.T.);
#1421=ORIENTED_EDGE('',*,*,#968,.T.);
#1422=ORIENTED_EDGE('',*,*,#974,.T.);
#1423=ORIENTED_EDGE('',*,*,#972,.T.);
#1424=ORIENTED_EDGE('',*,*,#960,.T.);
#1425=ORIENTED_EDGE('',*,*,#955,.T.);
#1426=ORIENTED_EDGE('',*,*,#958,.T.);
#1427=ORIENTED_EDGE('',*,*,#964,.T.);
#1428=ORIENTED_EDGE('',*,*,#962,.T.);
#1429=ORIENTED_EDGE('',*,*,#950,.T.);
#1430=ORIENTED_EDGE('',*,*,#945,.T.);
#1431=ORIENTED_EDGE('',*,*,#948,.T.);
#1432=ORIENTED_EDGE('',*,*,#954,.T.);
#1433=ORIENTED_EDGE('',*,*,#952,.T.);
#1434=ORIENTED_EDGE('',*,*,#940,.T.);
#1435=ORIENTED_EDGE('',*,*,#937,.T.);
#1436=ORIENTED_EDGE('',*,*,#944,.T.);
#1437=ORIENTED_EDGE('',*,*,#942,.T.);
#1438=ORIENTED_EDGE('',*,*,#932,.T.);
#1439=ORIENTED_EDGE('',*,*,#929,.T.);
#1440=ORIENTED_EDGE('',*,*,#936,.T.);
#1441=ORIENTED_EDGE('',*,*,#934,.T.);
#1442=ORIENTED_EDGE('',*,*,#920,.T.);
#1443=ORIENTED_EDGE('',*,*,#913,.T.);
#1444=ORIENTED_EDGE('',*,*,#916,.T.);
#1445=ORIENTED_EDGE('',*,*,#918,.T.);
#1446=ORIENTED_EDGE('',*,*,#928,.T.);
#1447=ORIENTED_EDGE('',*,*,#926,.T.);
#1448=ORIENTED_EDGE('',*,*,#924,.T.);
#1449=ORIENTED_EDGE('',*,*,#922,.T.);
#1450=ORIENTED_EDGE('',*,*,#910,.T.);
#1451=ORIENTED_EDGE('',*,*,#907,.T.);
#1452=ORIENTED_EDGE('',*,*,#912,.T.);
#1453=ORIENTED_EDGE('',*,*,#890,.T.);
#1454=ORIENTED_EDGE('',*,*,#885,.T.);
#1455=ORIENTED_EDGE('',*,*,#888,.T.);
#1456=ORIENTED_EDGE('',*,*,#894,.T.);
#1457=ORIENTED_EDGE('',*,*,#892,.T.);
#1458=ORIENTED_EDGE('',*,*,#880,.T.);
#1459=ORIENTED_EDGE('',*,*,#875,.T.);
#1460=ORIENTED_EDGE('',*,*,#878,.T.);
#1461=ORIENTED_EDGE('',*,*,#884,.T.);
#1462=ORIENTED_EDGE('',*,*,#882,.T.);
#1463=ORIENTED_EDGE('',*,*,#993,.T.);
#1464=ORIENTED_EDGE('',*,*,#995,.T.);
#1465=ORIENTED_EDGE('',*,*,#872,.T.);
#1466=ORIENTED_EDGE('',*,*,#997,.T.);
#1467=ORIENTED_EDGE('',*,*,#998,.T.);
#1468=ORIENTED_EDGE('',*,*,#1000,.T.);
#1469=ORIENTED_EDGE('',*,*,#839,.T.);
#1470=ORIENTED_EDGE('',*,*,#853,.T.);
#1471=ORIENTED_EDGE('',*,*,#858,.T.);
#1472=ORIENTED_EDGE('',*,*,#764,.T.);
#1473=ORIENTED_EDGE('',*,*,#856,.T.);
#1474=ORIENTED_EDGE('',*,*,#768,.T.);
#1475=CYLINDRICAL_SURFACE('',#1588,588.789910456793);
#1476=CYLINDRICAL_SURFACE('',#1591,583.569747057261);
#1477=CYLINDRICAL_SURFACE('',#1619,330.860013530143);
#1478=CYLINDRICAL_SURFACE('',#1623,330.860013530143);
#1479=CYLINDRICAL_SURFACE('',#1627,70.2922669594272);
#1480=CYLINDRICAL_SURFACE('',#1632,70.2922669594253);
#1481=CYLINDRICAL_SURFACE('',#1633,24.1580803713361);
#1482=CYLINDRICAL_SURFACE('',#1634,24.1580803713363);
#1483=CYLINDRICAL_SURFACE('',#1642,1.09999999999919);
#1484=CYLINDRICAL_SURFACE('',#1644,1.10000000000024);
#1485=CYLINDRICAL_SURFACE('',#1649,1.09999999994125);
#1486=CYLINDRICAL_SURFACE('',#1650,1.09999999995102);
#1487=CYLINDRICAL_SURFACE('',#1654,1.09999999999995);
#1488=CYLINDRICAL_SURFACE('',#1657,1.10000000000014);
#1489=CYLINDRICAL_SURFACE('',#1660,1.00000000000011);
#1490=CYLINDRICAL_SURFACE('',#1663,1.09999999999997);
#1491=CYLINDRICAL_SURFACE('',#1684,588.789910456793);
#1492=CYLINDRICAL_SURFACE('',#1685,330.860013530143);
#1493=CYLINDRICAL_SURFACE('',#1689,330.71671377011);
#1494=ADVANCED_FACE('',(#133),#1475,.F.);
#1495=ADVANCED_FACE('',(#134,#76,#77,#78,#79,#80,#81,#82,#83,#84,#85,#86,
#87),#1476,.F.);
#1496=ADVANCED_FACE('',(#135),#47,.T.);
#1497=ADVANCED_FACE('',(#136),#1477,.T.);
#1498=ADVANCED_FACE('',(#137),#1478,.T.);
#1499=ADVANCED_FACE('',(#138),#48,.T.);
#1500=ADVANCED_FACE('',(#139),#49,.F.);
#1501=ADVANCED_FACE('',(#140),#1479,.T.);
#1502=ADVANCED_FACE('',(#141),#50,.F.);
#1503=ADVANCED_FACE('',(#142),#51,.F.);
#1504=ADVANCED_FACE('',(#143),#1480,.T.);
#1505=ADVANCED_FACE('',(#144),#1481,.F.);
#1506=ADVANCED_FACE('',(#145),#1482,.F.);
#1507=ADVANCED_FACE('',(#146),#15,.F.);
#1508=ADVANCED_FACE('',(#147),#52,.F.);
#1509=ADVANCED_FACE('',(#148),#16,.F.);
#1510=ADVANCED_FACE('',(#149),#53,.F.);
#1511=ADVANCED_FACE('',(#150),#54,.F.);
#1512=ADVANCED_FACE('',(#151),#55,.F.);
#1513=ADVANCED_FACE('',(#152),#17,.F.);
#1514=ADVANCED_FACE('',(#153),#18,.F.);
#1515=ADVANCED_FACE('',(#154),#19,.F.);
#1516=ADVANCED_FACE('',(#155),#20,.F.);
#1517=ADVANCED_FACE('',(#156),#1483,.F.);
#1518=ADVANCED_FACE('',(#157),#56,.F.);
#1519=ADVANCED_FACE('',(#158),#1484,.F.);
#1520=ADVANCED_FACE('',(#159),#57,.F.);
#1521=ADVANCED_FACE('',(#160),#58,.F.);
#1522=ADVANCED_FACE('',(#161),#1485,.F.);
#1523=ADVANCED_FACE('',(#162),#1486,.F.);
#1524=ADVANCED_FACE('',(#163),#59,.F.);
#1525=ADVANCED_FACE('',(#164),#21,.F.);
#1526=ADVANCED_FACE('',(#165),#60,.F.);
#1527=ADVANCED_FACE('',(#166),#22,.F.);
#1528=ADVANCED_FACE('',(#167),#1487,.F.);
#1529=ADVANCED_FACE('',(#168),#61,.F.);
#1530=ADVANCED_FACE('',(#169),#1488,.F.);
#1531=ADVANCED_FACE('',(#170),#62,.F.);
#1532=ADVANCED_FACE('',(#171),#1489,.F.);
#1533=ADVANCED_FACE('',(#172),#63,.F.);
#1534=ADVANCED_FACE('',(#173),#1490,.F.);
#1535=ADVANCED_FACE('',(#174),#64,.F.);
#1536=ADVANCED_FACE('',(#175),#23,.F.);
#1537=ADVANCED_FACE('',(#176),#24,.F.);
#1538=ADVANCED_FACE('',(#177),#25,.F.);
#1539=ADVANCED_FACE('',(#178),#26,.F.);
#1540=ADVANCED_FACE('',(#179),#27,.F.);
#1541=ADVANCED_FACE('',(#180),#65,.F.);
#1542=ADVANCED_FACE('',(#181),#66,.F.);
#1543=ADVANCED_FACE('',(#182),#67,.F.);
#1544=ADVANCED_FACE('',(#183),#28,.F.);
#1545=ADVANCED_FACE('',(#184),#29,.F.);
#1546=ADVANCED_FACE('',(#185),#30,.F.);
#1547=ADVANCED_FACE('',(#186),#31,.F.);
#1548=ADVANCED_FACE('',(#187),#68,.F.);
#1549=ADVANCED_FACE('',(#188),#32,.F.);
#1550=ADVANCED_FACE('',(#189),#33,.F.);
#1551=ADVANCED_FACE('',(#190),#34,.F.);
#1552=ADVANCED_FACE('',(#191),#35,.F.);
#1553=ADVANCED_FACE('',(#192),#69,.F.);
#1554=ADVANCED_FACE('',(#193),#36,.F.);
#1555=ADVANCED_FACE('',(#194),#37,.F.);
#1556=ADVANCED_FACE('',(#195),#38,.F.);
#1557=ADVANCED_FACE('',(#196),#39,.F.);
#1558=ADVANCED_FACE('',(#197),#40,.F.);
#1559=ADVANCED_FACE('',(#198),#41,.F.);
#1560=ADVANCED_FACE('',(#199),#42,.F.);
#1561=ADVANCED_FACE('',(#200),#70,.F.);
#1562=ADVANCED_FACE('',(#201),#43,.F.);
#1563=ADVANCED_FACE('',(#202),#44,.F.);
#1564=ADVANCED_FACE('',(#203),#71,.F.);
#1565=ADVANCED_FACE('',(#204),#45,.F.);
#1566=ADVANCED_FACE('',(#205),#46,.F.);
#1567=ADVANCED_FACE('',(#206),#72,.F.);
#1568=ADVANCED_FACE('',(#207),#73,.F.);
#1569=ADVANCED_FACE('',(#208),#1491,.F.);
#1570=ADVANCED_FACE('',(#209),#1492,.T.);
#1571=ADVANCED_FACE('',(#210),#74,.F.);
#1572=ADVANCED_FACE('',(#211,#88,#89,#90,#91,#92,#93,#94,#95,#96,#97,#98),
#1493,.T.);
#1573=ADVANCED_FACE('',(#212),#75,.T.);
#1574=CLOSED_SHELL('',(#1494,#1495,#1496,#1497,#1498,#1499,#1500,#1501,
#1502,#1503,#1504,#1505,#1506,#1507,#1508,#1509,#1510,#1511,#1512,#1513,
#1514,#1515,#1516,#1517,#1518,#1519,#1520,#1521,#1522,#1523,#1524,#1525,
#1526,#1527,#1528,#1529,#1530,#1531,#1532,#1533,#1534,#1535,#1536,#1537,
#1538,#1539,#1540,#1541,#1542,#1543,#1544,#1545,#1546,#1547,#1548,#1549,
#1550,#1551,#1552,#1553,#1554,#1555,#1556,#1557,#1558,#1559,#1560,#1561,
#1562,#1563,#1564,#1565,#1566,#1567,#1568,#1569,#1570,#1571,#1572,#1573));
#1575=DERIVED_UNIT_ELEMENT(#1577,1.);
#1576=DERIVED_UNIT_ELEMENT(#3780,-3.);
#1577=(
MASS_UNIT()
NAMED_UNIT(*)
SI_UNIT(.KILO.,.GRAM.)
);
#1578=DERIVED_UNIT((#1575,#1576));
#1579=MEASURE_REPRESENTATION_ITEM('density measure',
POSITIVE_RATIO_MEASURE(7850.),#1578);
#1580=PROPERTY_DEFINITION_REPRESENTATION(#1585,#1582);
#1581=PROPERTY_DEFINITION_REPRESENTATION(#1586,#1583);
#1582=REPRESENTATION('material name',(#1584),#3777);
#1583=REPRESENTATION('density',(#1579),#3777);
#1584=DESCRIPTIVE_REPRESENTATION_ITEM('Steel','Steel');
#1585=PROPERTY_DEFINITION('material property','material name',#3787);
#1586=PROPERTY_DEFINITION('material property','density of part',#3787);
#1587=AXIS2_PLACEMENT_3D('',#1986,#1691,#1692);
#1588=AXIS2_PLACEMENT_3D('',#1987,#1693,#1694);
#1589=AXIS2_PLACEMENT_3D('',#1992,#1696,#1697);
#1590=AXIS2_PLACEMENT_3D('',#2000,#1698,#1699);
#1591=AXIS2_PLACEMENT_3D('',#2001,#1700,#1701);
#1592=AXIS2_PLACEMENT_3D('',#2006,#1703,#1704);
#1593=AXIS2_PLACEMENT_3D('',#2023,#1705,#1706);
#1594=AXIS2_PLACEMENT_3D('',#2049,#1708,#1709);
#1595=AXIS2_PLACEMENT_3D('',#2065,#1710,#1711);
#1596=AXIS2_PLACEMENT_3D('',#2093,#1712,#1713);
#1597=AXIS2_PLACEMENT_3D('',#2095,#1714,#1715);
#1598=AXIS2_PLACEMENT_3D('',#2121,#1716,#1717);
#1599=AXIS2_PLACEMENT_3D('',#2267,#1718,#1719);
#1600=AXIS2_PLACEMENT_3D('',#2338,#1720,#1721);
#1601=AXIS2_PLACEMENT_3D('',#2393,#1722,#1723);
#1602=AXIS2_PLACEMENT_3D('',#2395,#1724,#1725);
#1603=AXIS2_PLACEMENT_3D('',#2397,#1726,#1727);
#1604=AXIS2_PLACEMENT_3D('',#2474,#1728,#1729);
#1605=AXIS2_PLACEMENT_3D('',#2491,#1730,#1731);
#1606=AXIS2_PLACEMENT_3D('',#2511,#1732,#1733);
#1607=AXIS2_PLACEMENT_3D('',#2522,#1734,#1735);
#1608=AXIS2_PLACEMENT_3D('',#2535,#1736,#1737);
#1609=AXIS2_PLACEMENT_3D('',#2557,#1738,#1739);
#1610=AXIS2_PLACEMENT_3D('',#2566,#1740,#1741);
#1611=AXIS2_PLACEMENT_3D('',#2584,#1742,#1743);
#1612=AXIS2_PLACEMENT_3D('',#2601,#1744,#1745);
#1613=AXIS2_PLACEMENT_3D('',#2653,#1746,#1747);
#1614=AXIS2_PLACEMENT_3D('',#2669,#1748,#1749);
#1615=AXIS2_PLACEMENT_3D('',#2671,#1750,#1751);
#1616=AXIS2_PLACEMENT_3D('',#2690,#1753,#1754);
#1617=AXIS2_PLACEMENT_3D('',#2695,#1756,#1757);
#1618=AXIS2_PLACEMENT_3D('',#2698,#1759,#1760);
#1619=AXIS2_PLACEMENT_3D('',#2699,#1761,#1762);
#1620=AXIS2_PLACEMENT_3D('',#2702,#1763,#1764);
#1621=AXIS2_PLACEMENT_3D('',#2732,#1767,#1768);
#1622=AXIS2_PLACEMENT_3D('',#2750,#1769,#1770);
#1623=AXIS2_PLACEMENT_3D('',#2757,#1771,#1772);
#1624=AXIS2_PLACEMENT_3D('',#2767,#1774,#1775);
#1625=AXIS2_PLACEMENT_3D('',#2768,#1776,#1777);
#1626=AXIS2_PLACEMENT_3D('',#2771,#1780,#1781);
#1627=AXIS2_PLACEMENT_3D('',#2774,#1784,#1785);
#1628=AXIS2_PLACEMENT_3D('',#2787,#1787,#1788);
#1629=AXIS2_PLACEMENT_3D('',#2789,#1789,#1790);
#1630=AXIS2_PLACEMENT_3D('',#2791,#1792,#1793);
#1631=AXIS2_PLACEMENT_3D('',#2795,#1795,#1796);
#1632=AXIS2_PLACEMENT_3D('',#2797,#1798,#1799);
#1633=AXIS2_PLACEMENT_3D('',#2808,#1800,#1801);
#1634=AXIS2_PLACEMENT_3D('',#2823,#1802,#1803);
#1635=AXIS2_PLACEMENT_3D('',#2886,#1809,#1810);
#1636=AXIS2_PLACEMENT_3D('',#2912,#1814,#1815);
#1637=AXIS2_PLACEMENT_3D('',#2914,#1816,#1817);
#1638=AXIS2_PLACEMENT_3D('',#2916,#1819,#1820);
#1639=AXIS2_PLACEMENT_3D('',#2917,#1821,#1822);
#1640=AXIS2_PLACEMENT_3D('',#2918,#1823,#1824);
#1641=AXIS2_PLACEMENT_3D('',#2921,#1825,#1826);
#1642=AXIS2_PLACEMENT_3D('',#3066,#1832,#1833);
#1643=AXIS2_PLACEMENT_3D('',#3069,#1836,#1837);
#1644=AXIS2_PLACEMENT_3D('',#3071,#1839,#1840);
#1645=AXIS2_PLACEMENT_3D('',#3073,#1842,#1843);
#1646=AXIS2_PLACEMENT_3D('',#3076,#1845,#1846);
#1647=AXIS2_PLACEMENT_3D('',#3077,#1847,#1848);
#1648=AXIS2_PLACEMENT_3D('',#3081,#1850,#1851);
#1649=AXIS2_PLACEMENT_3D('',#3083,#1853,#1854);
#1650=AXIS2_PLACEMENT_3D('',#3093,#1856,#1857);
#1651=AXIS2_PLACEMENT_3D('',#3106,#1858,#1859);
#1652=AXIS2_PLACEMENT_3D('',#3131,#1862,#1863);
#1653=AXIS2_PLACEMENT_3D('',#3133,#1864,#1865);
#1654=AXIS2_PLACEMENT_3D('',#3151,#1867,#1868);
#1655=AXIS2_PLACEMENT_3D('',#3166,#1871,#1872);
#1656=AXIS2_PLACEMENT_3D('',#3168,#1873,#1874);
#1657=AXIS2_PLACEMENT_3D('',#3170,#1876,#1877);
#1658=AXIS2_PLACEMENT_3D('',#3181,#1879,#1880);
#1659=AXIS2_PLACEMENT_3D('',#3183,#1881,#1882);
#1660=AXIS2_PLACEMENT_3D('',#3185,#1884,#1885);
#1661=AXIS2_PLACEMENT_3D('',#3202,#1887,#1888);
#1662=AXIS2_PLACEMENT_3D('',#3204,#1889,#1890);
#1663=AXIS2_PLACEMENT_3D('',#3206,#1892,#1893);
#1664=AXIS2_PLACEMENT_3D('',#3226,#1895,#1896);
#1665=AXIS2_PLACEMENT_3D('',#3227,#1897,#1898);
#1666=AXIS2_PLACEMENT_3D('',#3354,#1905,#1906);
#1667=AXIS2_PLACEMENT_3D('',#3356,#1907,#1908);
#1668=AXIS2_PLACEMENT_3D('',#3358,#1910,#1911);
#1669=AXIS2_PLACEMENT_3D('',#3360,#1912,#1913);
#1670=AXIS2_PLACEMENT_3D('',#3362,#1915,#1916);
#1671=AXIS2_PLACEMENT_3D('',#3363,#1917,#1918);
#1672=AXIS2_PLACEMENT_3D('',#3438,#1924,#1925);
#1673=AXIS2_PLACEMENT_3D('',#3439,#1926,#1927);
#1674=AXIS2_PLACEMENT_3D('',#3518,#1933,#1934);
#1675=AXIS2_PLACEMENT_3D('',#3519,#1935,#1936);
#1676=AXIS2_PLACEMENT_3D('',#3668,#1945,#1946);
#1677=AXIS2_PLACEMENT_3D('',#3670,#1947,#1948);
#1678=AXIS2_PLACEMENT_3D('',#3712,#1952,#1953);
#1679=AXIS2_PLACEMENT_3D('',#3714,#1954,#1955);
#1680=AXIS2_PLACEMENT_3D('',#3756,#1959,#1960);
#1681=AXIS2_PLACEMENT_3D('',#3757,#1961,#1962);
#1682=AXIS2_PLACEMENT_3D('',#3758,#1963,#1964);
#1683=AXIS2_PLACEMENT_3D('',#3761,#1966,#1967);
#1684=AXIS2_PLACEMENT_3D('',#3762,#1968,#1969);
#1685=AXIS2_PLACEMENT_3D('',#3764,#1971,#1972);
#1686=AXIS2_PLACEMENT_3D('',#3766,#1973,#1974);
#1687=AXIS2_PLACEMENT_3D('',#3768,#1976,#1977);
#1688=AXIS2_PLACEMENT_3D('',#3771,#1979,#1980);
#1689=AXIS2_PLACEMENT_3D('',#3772,#1981,#1982);
#1690=AXIS2_PLACEMENT_3D('',#3774,#1984,#1985);
#1691=DIRECTION('axis',(0.,0.,1.));
#1692=DIRECTION('refdir',(1.,0.,0.));
#1693=DIRECTION('center_axis',(1.,0.,0.));
#1694=DIRECTION('ref_axis',(0.,-0.00294755312117916,0.999995655955863));
#1695=DIRECTION('',(1.,0.,0.));
#1696=DIRECTION('center_axis',(1.,0.,0.));
#1697=DIRECTION('ref_axis',(0.,-0.0029475531211794,0.999995655955864));
#1698=DIRECTION('center_axis',(1.,0.,0.));
#1699=DIRECTION('ref_axis',(0.,-0.0029475531211794,0.999995655955864));
#1700=DIRECTION('center_axis',(1.,0.,0.));
#1701=DIRECTION('ref_axis',(0.,-0.0020598984888022,0.999997878406857));
#1702=DIRECTION('',(1.,0.,0.));
#1703=DIRECTION('center_axis',(1.,0.,0.));
#1704=DIRECTION('ref_axis',(0.,-0.0020598984888022,0.999997878406857));
#1705=DIRECTION('center_axis',(-1.,4.77690996443256E-17,0.));
#1706=DIRECTION('ref_axis',(0.,-0.0020598984888022,0.999997878406857));
#1707=DIRECTION('',(1.,0.,0.));
#1708=DIRECTION('center_axis',(1.,7.63579258892883E-16,0.));
#1709=DIRECTION('ref_axis',(0.,-0.0020598984888022,0.999997878406857));
#1710=DIRECTION('center_axis',(-1.,0.,0.));
#1711=DIRECTION('ref_axis',(0.,-0.0020598984888022,0.999997878406857));
#1712=DIRECTION('center_axis',(-0.995430026188928,0.095493784936562,0.));
#1713=DIRECTION('ref_axis',(-0.095493784936562,-0.995430026188928,1.15283504800596E-16));
#1714=DIRECTION('center_axis',(-1.,0.,0.));
#1715=DIRECTION('ref_axis',(0.,-0.0020598984888022,0.999997878406857));
#1716=DIRECTION('center_axis',(-0.999965795672222,-0.00827088179220782,
0.));
#1717=DIRECTION('ref_axis',(0.00827088179220782,-0.999965795672222,1.15808804810888E-16));
#1718=DIRECTION('center_axis',(0.889702158922865,-0.456541420254497,0.));
#1719=DIRECTION('ref_axis',(-0.456541420254497,-0.889702158922865,-9.45757166588703E-17));
#1720=DIRECTION('center_axis',(-0.998448228891755,-0.0556878283192854,0.));
#1721=DIRECTION('ref_axis',(0.0556878283192854,-0.998448228891755,1.15633051204288E-16));
#1722=DIRECTION('center_axis',(-0.707801825528655,-0.70641105298424,0.));
#1723=DIRECTION('ref_axis',(0.70641105298424,-0.707801825528655,-7.52396341072978E-17));
#1724=DIRECTION('center_axis',(0.99819493776547,0.0600571912379348,0.));
#1725=DIRECTION('ref_axis',(0.0600571912379348,-0.99819493776547,1.15603716858322E-16));
#1726=DIRECTION('center_axis',(-0.200071564431451,0.979781286362396,0.));
#1727=DIRECTION('ref_axis',(-0.979781286362396,-0.200071564431451,-2.12676921140374E-17));
#1728=DIRECTION('center_axis',(0.246679280634942,0.969097173922939,0.));
#1729=DIRECTION('ref_axis',(0.969097173922939,-0.246679280634942,-2.62221121045598E-17));
#1730=DIRECTION('center_axis',(-0.928142932126302,-0.372223988404819,0.));
#1731=DIRECTION('ref_axis',(0.372223988404819,-0.928142932126302,-9.86619871463305E-17));
#1732=DIRECTION('center_axis',(0.815732891075292,-0.578428777307929,0.));
#1733=DIRECTION('ref_axis',(-0.578428777307929,-0.815732891075292,-8.6712752129386E-17));
#1734=DIRECTION('center_axis',(0.998488410288055,0.0549626647864993,0.));
#1735=DIRECTION('ref_axis',(0.0549626647864993,-0.998488410288055,1.15637704722939E-16));
#1736=DIRECTION('center_axis',(0.979561322604176,-0.201145756251425,0.));
#1737=DIRECTION('ref_axis',(-0.201145756251425,-0.979561322604176,1.13445706343887E-16));
#1738=DIRECTION('center_axis',(-1.,-5.84591444361179E-15,0.));
#1739=DIRECTION('ref_axis',(0.,-0.0020598984888022,0.999997878406857));
#1740=DIRECTION('center_axis',(-0.849943548028161,-0.5268737658731,0.));
#1741=DIRECTION('ref_axis',(0.5268737658731,-0.849943548028161,-9.03493594661664E-17));
#1742=DIRECTION('center_axis',(0.847462765303418,-0.530854840256999,0.));
#1743=DIRECTION('ref_axis',(-0.530854840256999,-0.847462765303418,-9.0085651210865E-17));
#1744=DIRECTION('center_axis',(0.291822396414044,0.956472523887207,0.));
#1745=DIRECTION('ref_axis',(0.956472523887207,-0.291822396414044,-3.10208444490916E-17));
#1746=DIRECTION('center_axis',(0.99968811380477,-0.0249734882918347,0.));
#1747=DIRECTION('ref_axis',(-0.0249734882918347,-0.999688113804769,-1.06267270288413E-16));
#1748=DIRECTION('center_axis',(0.277475185989163,-0.960732804249069,0.));
#1749=DIRECTION('ref_axis',(-0.960732804249069,-0.277475185989163,-2.94957298988116E-17));
#1750=DIRECTION('center_axis',(1.,0.,0.));
#1751=DIRECTION('ref_axis',(0.,-0.0020598984888022,0.999997878406857));
#1752=DIRECTION('',(1.,0.,0.));
#1753=DIRECTION('center_axis',(1.,0.,0.));
#1754=DIRECTION('ref_axis',(0.,1.,6.93889390390723E-18));
#1755=DIRECTION('',(0.,0.,1.));
#1756=DIRECTION('center_axis',(1.,0.,0.));
#1757=DIRECTION('ref_axis',(0.,0.398725126257236,0.917070484581829));
#1758=DIRECTION('',(0.,0.,1.));
#1759=DIRECTION('center_axis',(1.,0.,0.));
#1760=DIRECTION('ref_axis',(0.,0.398715652847199,0.917074603385478));
#1761=DIRECTION('center_axis',(1.,0.,0.));
#1762=DIRECTION('ref_axis',(0.,0.3987156528472,0.917074603385478));
#1763=DIRECTION('center_axis',(1.,5.84591444361179E-15,0.));
#1764=DIRECTION('ref_axis',(0.,0.3987156528472,0.917074603385478));
#1765=DIRECTION('',(1.,0.,0.));
#1766=DIRECTION('',(1.,0.,0.));
#1767=DIRECTION('center_axis',(-0.847462765303418,0.530854840256999,0.));
#1768=DIRECTION('ref_axis',(0.530854840256999,0.847462765303418,0.));
#1769=DIRECTION('center_axis',(0.849943548028161,0.5268737658731,0.));
#1770=DIRECTION('ref_axis',(-0.5268737658731,0.849943548028161,0.));
#1771=DIRECTION('center_axis',(1.,0.,0.));
#1772=DIRECTION('ref_axis',(0.,0.3987156528472,0.917074603385478));
#1773=DIRECTION('',(-1.,0.,0.));
#1774=DIRECTION('center_axis',(-1.,0.,0.));
#1775=DIRECTION('ref_axis',(0.,0.398715652847199,0.917074603385478));
#1776=DIRECTION('center_axis',(1.,0.,0.));
#1777=DIRECTION('ref_axis',(0.,1.,6.93889390390723E-18));
#1778=DIRECTION('',(0.,0.,1.));
#1779=DIRECTION('',(0.,0.,1.));
#1780=DIRECTION('center_axis',(1.,0.,0.));
#1781=DIRECTION('ref_axis',(0.,1.,6.93889390390723E-18));
#1782=DIRECTION('',(0.,0.,-1.));
#1783=DIRECTION('',(0.,0.,-1.));
#1784=DIRECTION('center_axis',(0.,0.,-1.));
#1785=DIRECTION('ref_axis',(-0.749970841280338,0.661470889177492,0.));
#1786=DIRECTION('',(0.,0.,1.));
#1787=DIRECTION('center_axis',(1.,-4.77690996443256E-17,0.));
#1788=DIRECTION('ref_axis',(-4.77690996443256E-17,-1.,0.));
#1789=DIRECTION('center_axis',(1.,-4.77690996443256E-17,0.));
#1790=DIRECTION('ref_axis',(0.,0.398725126257236,0.917070484581829));
#1791=DIRECTION('',(0.,0.,1.));
#1792=DIRECTION('center_axis',(-1.,-7.63579258892883E-16,0.));
#1793=DIRECTION('ref_axis',(-7.63579258892883E-16,1.,0.));
#1794=DIRECTION('',(0.,0.,-1.));
#1795=DIRECTION('center_axis',(-1.,-7.63579258892883E-16,0.));
#1796=DIRECTION('ref_axis',(0.,0.398725126257236,0.917070484581829));
#1797=DIRECTION('',(0.,0.,1.));
#1798=DIRECTION('center_axis',(0.,0.,-1.));
#1799=DIRECTION('ref_axis',(1.,-2.02168109379726E-15,0.));
#1800=DIRECTION('center_axis',(0.,0.,-1.));
#1801=DIRECTION('ref_axis',(0.272840907598103,-0.96205916613327,0.));
#1802=DIRECTION('center_axis',(0.,0.,-1.));
#1803=DIRECTION('ref_axis',(-0.999999996447193,-8.42948046971804E-5,0.));
#1804=DIRECTION('',(0.,0.,-1.));
#1805=DIRECTION('',(0.,0.,1.));
#1806=DIRECTION('',(0.,0.,-1.));
#1807=DIRECTION('',(0.,0.,1.));
#1808=DIRECTION('',(0.,0.,-1.));
#1809=DIRECTION('center_axis',(0.,-1.,0.));
#1810=DIRECTION('ref_axis',(-1.,0.,0.));
#1811=DIRECTION('',(-1.,0.,0.));
#1812=DIRECTION('',(0.,0.,1.));
#1813=DIRECTION('',(0.,0.,1.));
#1814=DIRECTION('center_axis',(-0.277475185989163,0.960732804249069,0.));
#1815=DIRECTION('ref_axis',(0.960732804249069,0.277475185989163,0.));
#1816=DIRECTION('center_axis',(-0.277475185989163,0.960732804249069,0.));
#1817=DIRECTION('ref_axis',(0.960732804249069,0.277475185989163,0.));
#1818=DIRECTION('',(0.,0.,1.));
#1819=DIRECTION('center_axis',(-1.,0.,0.));
#1820=DIRECTION('ref_axis',(0.,1.,0.));
#1821=DIRECTION('center_axis',(-1.,0.,0.));
#1822=DIRECTION('ref_axis',(0.,0.398725126257236,0.917070484581829));
#1823=DIRECTION('center_axis',(-0.99968811380477,0.0249734882918347,0.));
#1824=DIRECTION('ref_axis',(0.0249734882918347,0.999688113804769,0.));
#1825=DIRECTION('center_axis',(-0.99968811380477,0.0249734882918347,0.));
#1826=DIRECTION('ref_axis',(0.0249734882918347,0.99968811380477,2.84586612793052E-14));
#1827=DIRECTION('',(0.,0.,1.));
#1828=DIRECTION('',(0.,0.,-1.));
#1829=DIRECTION('',(0.,0.,1.));
#1830=DIRECTION('',(0.,0.,1.));
#1831=DIRECTION('',(0.,0.,1.));
#1832=DIRECTION('center_axis',(0.,0.,-1.));
#1833=DIRECTION('ref_axis',(0.849943548028812,0.526873765872049,0.));
#1834=DIRECTION('',(0.,0.,1.));
#1835=DIRECTION('',(0.,0.,1.));
#1836=DIRECTION('center_axis',(0.849943548028161,0.5268737658731,0.));
#1837=DIRECTION('ref_axis',(0.5268737658731,-0.849943548028161,0.));
#1838=DIRECTION('',(0.,0.,1.));
#1839=DIRECTION('center_axis',(0.,0.,-1.));
#1840=DIRECTION('ref_axis',(1.,6.45947941599952E-14,0.));
#1841=DIRECTION('',(0.,0.,1.));
#1842=DIRECTION('center_axis',(1.,5.84591444361179E-15,0.));
#1843=DIRECTION('ref_axis',(5.84591444361179E-15,-1.,0.));
#1844=DIRECTION('',(0.,0.,1.));
#1845=DIRECTION('center_axis',(1.,5.84591444361179E-15,0.));
#1846=DIRECTION('ref_axis',(0.,0.398725126257236,0.917070484581829));
#1847=DIRECTION('center_axis',(-0.291822396414044,-0.956472523887207,0.));
#1848=DIRECTION('ref_axis',(-0.956472523887207,0.291822396414044,0.));
#1849=DIRECTION('',(0.,0.,1.));
#1850=DIRECTION('center_axis',(-0.291822396414044,-0.956472523887207,0.));
#1851=DIRECTION('ref_axis',(-0.956472523887207,0.291822396414044,0.));
#1852=DIRECTION('',(0.,0.,-1.));
#1853=DIRECTION('center_axis',(0.,0.,-1.));
#1854=DIRECTION('ref_axis',(-0.847462765303431,0.530854840256978,0.));
#1855=DIRECTION('',(0.,0.,1.));
#1856=DIRECTION('center_axis',(0.,0.,-1.));
#1857=DIRECTION('ref_axis',(-0.291822396414066,-0.956472523887201,0.));
#1858=DIRECTION('center_axis',(-0.847462765303418,0.530854840256999,0.));
#1859=DIRECTION('ref_axis',(0.530854840256999,0.847462765303418,0.));
#1860=DIRECTION('',(0.,0.,1.));
#1861=DIRECTION('',(0.,0.,-1.));
#1862=DIRECTION('center_axis',(-0.979561322604176,0.201145756251425,0.));
#1863=DIRECTION('ref_axis',(0.201145756251425,0.979561322604176,0.));
#1864=DIRECTION('center_axis',(-0.979561322604176,0.201145756251425,0.));
#1865=DIRECTION('ref_axis',(0.201145756251425,0.979561322604176,2.10458121113218E-16));
#1866=DIRECTION('',(0.,0.,1.));
#1867=DIRECTION('center_axis',(0.,0.,-1.));
#1868=DIRECTION('ref_axis',(-0.99848841028806,-0.0549626647864081,0.));
#1869=DIRECTION('',(0.,0.,1.));
#1870=DIRECTION('',(0.,0.,-1.));
#1871=DIRECTION('center_axis',(-0.998488410288055,-0.0549626647864993,0.));
#1872=DIRECTION('ref_axis',(-0.0549626647864993,0.998488410288055,0.));
#1873=DIRECTION('center_axis',(-0.998488410288055,-0.0549626647864993,0.));
#1874=DIRECTION('ref_axis',(-0.0549626647864993,0.998488410288055,7.93740996866217E-15));
#1875=DIRECTION('',(0.,0.,1.));
#1876=DIRECTION('center_axis',(0.,0.,-1.));
#1877=DIRECTION('ref_axis',(-0.815732891075332,0.578428777307872,0.));
#1878=DIRECTION('',(0.,0.,1.));
#1879=DIRECTION('center_axis',(-0.246679280634942,-0.969097173922939,0.));
#1880=DIRECTION('ref_axis',(-0.969097173922939,0.246679280634942,0.));
#1881=DIRECTION('center_axis',(-0.246679280634942,-0.969097173922939,0.));
#1882=DIRECTION('ref_axis',(-0.969097173922939,0.246679280634942,0.));
#1883=DIRECTION('',(0.,0.,1.));
#1884=DIRECTION('center_axis',(0.,0.,-1.));
#1885=DIRECTION('ref_axis',(-0.246679280634831,-0.969097173922968,0.));
#1886=DIRECTION('',(0.,0.,1.));
#1887=DIRECTION('center_axis',(0.928142932126302,0.372223988404819,0.));
#1888=DIRECTION('ref_axis',(0.372223988404819,-0.928142932126302,0.));
#1889=DIRECTION('center_axis',(0.928142932126302,0.372223988404819,0.));
#1890=DIRECTION('ref_axis',(-0.372223988404819,0.928142932126302,1.99410912938573E-16));
#1891=DIRECTION('',(0.,0.,1.));
#1892=DIRECTION('center_axis',(0.,0.,-1.));
#1893=DIRECTION('ref_axis',(0.928142932126316,0.372223988404785,0.));
#1894=DIRECTION('',(0.,0.,1.));
#1895=DIRECTION('center_axis',(-0.815732891075292,0.578428777307929,0.));
#1896=DIRECTION('ref_axis',(0.578428777307929,0.815732891075292,0.));
#1897=DIRECTION('center_axis',(-0.815732891075292,0.578428777307929,0.));
#1898=DIRECTION('ref_axis',(0.578428777307929,0.815732891075292,-2.19074609756887E-16));
#1899=DIRECTION('',(0.,0.,1.));
#1900=DIRECTION('',(0.,0.,-1.));
#1901=DIRECTION('',(0.,0.,1.));
#1902=DIRECTION('',(0.,0.,1.));
#1903=DIRECTION('',(0.,0.,1.));
#1904=DIRECTION('',(0.,0.,-1.));
#1905=DIRECTION('center_axis',(0.707801825528655,0.70641105298424,0.));
#1906=DIRECTION('ref_axis',(0.70641105298424,-0.707801825528655,0.));
#1907=DIRECTION('center_axis',(0.707801825528655,0.70641105298424,0.));
#1908=DIRECTION('ref_axis',(-0.70641105298424,0.707801825528655,0.));
#1909=DIRECTION('',(0.,0.,1.));
#1910=DIRECTION('center_axis',(-0.99819493776547,-0.0600571912379348,0.));
#1911=DIRECTION('ref_axis',(-0.0600571912379348,0.99819493776547,0.));
#1912=DIRECTION('center_axis',(-0.99819493776547,-0.0600571912379348,0.));
#1913=DIRECTION('ref_axis',(-0.0600571912379348,0.99819493776547,-3.5922308178572E-15));
#1914=DIRECTION('',(0.,0.,1.));
#1915=DIRECTION('center_axis',(0.200071564431451,-0.979781286362396,0.));
#1916=DIRECTION('ref_axis',(-0.979781286362396,-0.200071564431451,0.));
#1917=DIRECTION('center_axis',(0.200071564431451,-0.979781286362396,0.));
#1918=DIRECTION('ref_axis',(0.979781286362396,0.200071564431451,0.));
#1919=DIRECTION('',(0.,0.,1.));
#1920=DIRECTION('',(0.,0.,-1.));
#1921=DIRECTION('',(0.,0.,1.));
#1922=DIRECTION('',(0.,0.,1.));
#1923=DIRECTION('',(0.,0.,1.));
#1924=DIRECTION('center_axis',(0.998448228891755,0.0556878283192854,0.));
#1925=DIRECTION('ref_axis',(0.0556878283192854,-0.998448228891755,0.));
#1926=DIRECTION('center_axis',(0.998448228891755,0.0556878283192854,0.));
#1927=DIRECTION('ref_axis',(-0.0556878283192854,0.998448228891755,7.77620357901576E-15));
#1928=DIRECTION('',(0.,0.,1.));
#1929=DIRECTION('',(0.,0.,-1.));
#1930=DIRECTION('',(0.,0.,1.));
#1931=DIRECTION('',(0.,0.,1.));
#1932=DIRECTION('',(0.,0.,1.));
#1933=DIRECTION('center_axis',(-0.889702158922865,0.456541420254497,0.));
#1934=DIRECTION('ref_axis',(0.456541420254497,0.889702158922865,0.));
#1935=DIRECTION('center_axis',(-0.889702158922865,0.456541420254497,0.));
#1936=DIRECTION('ref_axis',(0.456541420254497,0.889702158922865,1.91151937501459E-16));
#1937=DIRECTION('',(0.,0.,1.));
#1938=DIRECTION('',(0.,0.,-1.));
#1939=DIRECTION('',(0.,0.,1.));
#1940=DIRECTION('',(0.,0.,1.));
#1941=DIRECTION('',(0.,0.,1.));
#1942=DIRECTION('',(0.,0.,1.));
#1943=DIRECTION('',(0.,0.,-1.));
#1944=DIRECTION('',(0.,0.,1.));
#1945=DIRECTION('center_axis',(0.999965795672222,0.00827088179220782,0.));
#1946=DIRECTION('ref_axis',(0.00827088179220782,-0.999965795672222,0.));
#1947=DIRECTION('center_axis',(0.999965795672222,0.00827088179220782,0.));
#1948=DIRECTION('ref_axis',(-0.00827088179220782,0.999965795672222,1.31644441044577E-13));
#1949=DIRECTION('',(0.,0.,1.));
#1950=DIRECTION('',(0.,0.,1.));
#1951=DIRECTION('',(0.,0.,-1.));
#1952=DIRECTION('center_axis',(1.,0.,0.));
#1953=DIRECTION('ref_axis',(0.,-1.,0.));
#1954=DIRECTION('center_axis',(1.,0.,0.));
#1955=DIRECTION('ref_axis',(0.,0.398725126257236,0.917070484581829));
#1956=DIRECTION('',(0.,0.,1.));
#1957=DIRECTION('',(0.,0.,1.));
#1958=DIRECTION('',(0.,0.,1.));
#1959=DIRECTION('center_axis',(0.995430026188928,-0.095493784936562,0.));
#1960=DIRECTION('ref_axis',(-0.095493784936562,-0.995430026188928,0.));
#1961=DIRECTION('center_axis',(0.995430026188928,-0.095493784936562,0.));
#1962=DIRECTION('ref_axis',(0.095493784936562,0.995430026188928,-1.06933750943971E-15));
#1963=DIRECTION('center_axis',(1.,0.,0.));
#1964=DIRECTION('ref_axis',(0.,1.,0.));
#1965=DIRECTION('',(0.,0.,-1.));
#1966=DIRECTION('center_axis',(1.,0.,0.));
#1967=DIRECTION('ref_axis',(0.,-0.00294755312117939,0.999995655955864));
#1968=DIRECTION('center_axis',(1.,0.,0.));
#1969=DIRECTION('ref_axis',(0.,-0.00294755312117916,0.999995655955863));
#1970=DIRECTION('',(1.,0.,0.));
#1971=DIRECTION('center_axis',(1.,0.,0.));
#1972=DIRECTION('ref_axis',(0.,0.3987156528472,0.917074603385478));
#1973=DIRECTION('center_axis',(-1.,0.,0.));
#1974=DIRECTION('ref_axis',(0.,0.398715652847199,0.917074603385478));
#1975=DIRECTION('',(-1.,0.,0.));
#1976=DIRECTION('center_axis',(1.,0.,0.));
#1977=DIRECTION('ref_axis',(0.,1.,0.));
#1978=DIRECTION('',(0.,0.,-1.));
#1979=DIRECTION('center_axis',(1.,0.,0.));
#1980=DIRECTION('ref_axis',(0.,0.398725126257236,0.917070484581829));
#1981=DIRECTION('center_axis',(1.,0.,0.));
#1982=DIRECTION('ref_axis',(0.,0.398725126257236,0.917070484581829));
#1983=DIRECTION('',(-1.,0.,0.));
#1984=DIRECTION('center_axis',(0.,-1.,0.));
#1985=DIRECTION('ref_axis',(0.,0.,-1.));
#1986=CARTESIAN_POINT('',(0.,0.,0.));
#1987=CARTESIAN_POINT('Origin',(-26.5,386.738058997317,-581.10268224523));
#1988=CARTESIAN_POINT('',(-31.5,292.099995613098,0.031721842673349));
#1989=CARTESIAN_POINT('',(-26.5,292.099995613098,0.031721842673349));
#1990=CARTESIAN_POINT('',(-26.5,292.099995613098,0.0317218426736332));
#1991=CARTESIAN_POINT('',(-31.5,292.16121889896,0.041688778638547));
#1992=CARTESIAN_POINT('Origin',(-31.5,386.738058997318,-581.102682245232));
#1993=CARTESIAN_POINT('',(-26.5,294.279538675845,0.382468619073758));
#1994=CARTESIAN_POINT('Ctrl Pts',(-31.4999999999999,292.161218898959,0.0416887786386624));
#1995=CARTESIAN_POINT('Ctrl Pts',(-30.6973702663934,292.399083804444,0.0803994884945147));
#1996=CARTESIAN_POINT('Ctrl Pts',(-29.904565837597,292.679584931229,0.125902466925731));
#1997=CARTESIAN_POINT('Ctrl Pts',(-28.2265325955028,293.373789611438,0.237850430381859));
#1998=CARTESIAN_POINT('Ctrl Pts',(-27.3465179934263,293.802283809104,0.306583140778217));
#1999=CARTESIAN_POINT('Ctrl Pts',(-26.4999999999999,294.279538675845,0.382468619073869));
#2000=CARTESIAN_POINT('Origin',(-26.5,386.738058997318,-581.102682245232));
#2001=CARTESIAN_POINT('Origin',(-26.5,386.204663899105,-575.883838477482));
#2002=CARTESIAN_POINT('',(-26.5,292.099995613098,0.0484154267911663));
#2003=CARTESIAN_POINT('',(33.5,292.099995613098,0.0484154267911663));
#2004=CARTESIAN_POINT('',(-26.5,292.099995613098,0.0484154267911663));
#2005=CARTESIAN_POINT('',(-26.5,294.279538675846,0.400311081712275));
#2006=CARTESIAN_POINT('Origin',(-26.5,386.204663899105,-575.883838477482));
#2007=CARTESIAN_POINT('',(-14.2062399683194,315.32350292669,3.36525362338463));
#2008=CARTESIAN_POINT('Ctrl Pts',(-26.4999999999996,294.279538675845,0.40031108171211));
#2009=CARTESIAN_POINT('Ctrl Pts',(-25.9540246447289,294.587351855775,0.449411451958315));
#2010=CARTESIAN_POINT('Ctrl Pts',(-25.4219492768978,294.915387673614,0.501484334124449));
#2011=CARTESIAN_POINT('Ctrl Pts',(-23.5911574221989,296.143505373527,0.695241166741496));
#2012=CARTESIAN_POINT('Ctrl Pts',(-22.383847953693,297.143595343496,0.850879118733108));
#2013=CARTESIAN_POINT('Ctrl Pts',(-20.2364779116497,299.282555207613,1.1771451510929));
#2014=CARTESIAN_POINT('Ctrl Pts',(-19.2248672916038,300.496715479036,1.35924854588939));
#2015=CARTESIAN_POINT('Ctrl Pts',(-17.442591864645,303.140159465675,1.74556004883523));
#2016=CARTESIAN_POINT('Ctrl Pts',(-16.6718031329054,304.569370217282,1.94969567806499));
#2017=CARTESIAN_POINT('Ctrl Pts',(-15.4340037767441,307.550627984921,2.36304392092545));
#2018=CARTESIAN_POINT('Ctrl Pts',(-14.9660313815376,309.105000797142,2.57253547115479));
#2019=CARTESIAN_POINT('Ctrl Pts',(-14.3520819058711,312.231192550145,2.98061896381001));
#2020=CARTESIAN_POINT('Ctrl Pts',(-14.2062434357096,313.803040878192,3.17919875220439));
#2021=CARTESIAN_POINT('Ctrl Pts',(-14.2062399683194,315.32350292669,3.36525362338459));
#2022=CARTESIAN_POINT('',(-14.2062399682591,338.56495049199,5.73812412964266));
#2023=CARTESIAN_POINT('Origin',(-14.2062399682571,386.204663899105,-575.883838477482));
#2024=CARTESIAN_POINT('',(3.31718827960205,385.002569459031,7.68467048220543));
#2025=CARTESIAN_POINT('Ctrl Pts',(-14.206239968259,338.56495049199,5.73812412964269));
#2026=CARTESIAN_POINT('Ctrl Pts',(-14.206239968259,342.966455975214,6.09864431846208));
#2027=CARTESIAN_POINT('Ctrl Pts',(-13.7861196143911,347.522264557713,6.42016581202348));
#2028=CARTESIAN_POINT('Ctrl Pts',(-12.0124825366146,356.59113551954,6.95174757343015));
#2029=CARTESIAN_POINT('Ctrl Pts',(-10.6592960819325,361.104254205708,7.16194912757842));
#2030=CARTESIAN_POINT('Ctrl Pts',(-7.07710522725218,369.763942443025,7.47036240542247));
#2031=CARTESIAN_POINT('Ctrl Pts',(-4.84517154407634,373.917567270209,7.56919087811509));
#2032=CARTESIAN_POINT('Ctrl Pts',(-0.543625830738151,380.321552744798,7.66188053844617));
#2033=CARTESIAN_POINT('Ctrl Pts',(1.33148417628945,382.746138102571,7.68002245280291));
#2034=CARTESIAN_POINT('Ctrl Pts',(3.31718827960206,385.002569459031,7.6846704822054));
#2035=CARTESIAN_POINT('',(3.4204772661014,385.002569459031,7.68467048220543));
#2036=CARTESIAN_POINT('',(-26.5,385.002569459031,7.68467048220543));
#2037=CARTESIAN_POINT('',(20.9050276932361,338.609166167826,5.74174407214031));
#2038=CARTESIAN_POINT('Ctrl Pts',(3.42047726610141,385.002569459031,7.68467048220543));
#2039=CARTESIAN_POINT('Ctrl Pts',(5.3917905861537,382.758704003673,7.68004833733855));
#2040=CARTESIAN_POINT('Ctrl Pts',(7.25364459797427,380.349047059395,7.66208381902996));
#2041=CARTESIAN_POINT('Ctrl Pts',(11.5439477062057,373.961801657734,7.57012066302747));
#2042=CARTESIAN_POINT('Ctrl Pts',(13.7758800740635,369.808183749075,7.47160746996859));
#2043=CARTESIAN_POINT('Ctrl Pts',(17.3580725663995,361.148502556453,7.16385224573907));
#2044=CARTESIAN_POINT('Ctrl Pts',(18.7112619107083,356.635384036663,6.95399400855022));
#2045=CARTESIAN_POINT('Ctrl Pts',(20.4849046399659,347.56650389396,6.42310281724294));
#2046=CARTESIAN_POINT('Ctrl Pts',(20.9050276932361,343.010685940885,6.10192858028111));
#2047=CARTESIAN_POINT('Ctrl Pts',(20.9050276932361,338.609166167827,5.74174407214028));
#2048=CARTESIAN_POINT('',(20.9050277790649,315.347711145658,3.36821540491158));
#2049=CARTESIAN_POINT('Origin',(20.9050276932362,386.204663899105,-575.883838477482));
#2050=CARTESIAN_POINT('',(33.5,294.138727318269,0.377832121881354));
#2051=CARTESIAN_POINT('Ctrl Pts',(20.9050277790649,315.347711145658,3.36821540491155));
#2052=CARTESIAN_POINT('Ctrl Pts',(20.9051558940726,313.827866503653,3.18230055269946));
#2053=CARTESIAN_POINT('Ctrl Pts',(21.051002669689,312.256706350056,2.98387692367331));
#2054=CARTESIAN_POINT('Ctrl Pts',(21.6648174908469,309.131196853058,2.57602638360856));
#2055=CARTESIAN_POINT('Ctrl Pts',(22.1327888695444,307.576825750609,2.36660674773005));
#2056=CARTESIAN_POINT('Ctrl Pts',(23.3705851333497,304.595571633885,1.95339673226865));
#2057=CARTESIAN_POINT('Ctrl Pts',(24.1413717990038,303.166362795474,1.74932751928479));
#2058=CARTESIAN_POINT('Ctrl Pts',(25.9236415195925,300.522922777738,1.3631391222618));
#2059=CARTESIAN_POINT('Ctrl Pts',(26.9352484915737,299.308764560653,1.18109241262999));
#2060=CARTESIAN_POINT('Ctrl Pts',(29.0826163695358,297.169801384244,0.854925318959985));
#2061=CARTESIAN_POINT('Ctrl Pts',(30.2899285615996,296.169707359499,0.699333279502694));
#2062=CARTESIAN_POINT('Ctrl Pts',(32.2151185288363,294.878264293531,0.495645929699008));
#2063=CARTESIAN_POINT('Ctrl Pts',(32.8481737778919,294.494067936708,0.434602801784038));
#2064=CARTESIAN_POINT('Ctrl Pts',(33.5,294.138727318269,0.377832121881335));
#2065=CARTESIAN_POINT('Origin',(33.5,386.204663899105,-575.883838477482));
#2066=CARTESIAN_POINT('',(6.38513193369371,316.976805498865,3.56516989322174));
#2067=CARTESIAN_POINT('',(5.43334845972521,303.795790285852,1.83791741394231));
#2068=CARTESIAN_POINT('Ctrl Pts',(6.38513193369371,316.976805498865,3.56516989322174));
#2069=CARTESIAN_POINT('Ctrl Pts',(4.55074908500842,314.600669038877,3.28128841958839));
#2070=CARTESIAN_POINT('Ctrl Pts',(3.96970268766806,313.718999004773,3.16714761210955));
#2071=CARTESIAN_POINT('Ctrl Pts',(3.6230890197729,312.972335722402,3.0727020247349));
#2072=CARTESIAN_POINT('Ctrl Pts',(3.23916578728461,312.145301454858,2.96809029543028));
#2073=CARTESIAN_POINT('Ctrl Pts',(3.10312581754197,311.39183580823,2.87131775695241));
#2074=CARTESIAN_POINT('Ctrl Pts',(3.19296542224786,310.48283399761,2.75236342907397));
#2075=CARTESIAN_POINT('Ctrl Pts',(3.29145728150537,309.486288223733,2.62195287174983));
#2076=CARTESIAN_POINT('Ctrl Pts',(3.68080448115935,308.26909704069,2.46050861387074));
#2077=CARTESIAN_POINT('Ctrl Pts',(4.27722439496575,306.706865991463,2.24568836603715));
#2078=CARTESIAN_POINT('Ctrl Pts',(4.61025149475188,305.834552268403,2.12573770299712));
#2079=CARTESIAN_POINT('Ctrl Pts',(5.00247737710554,304.864026392113,1.99029549798059));
#2080=CARTESIAN_POINT('Ctrl Pts',(5.43334845972521,303.795790285852,1.83791741394231));
#2081=CARTESIAN_POINT('',(17.830485647683,295.947926287439,0.663966128670666));
#2082=CARTESIAN_POINT('Ctrl Pts',(5.43334845972525,303.795790285852,1.83791741394228));
#2083=CARTESIAN_POINT('Ctrl Pts',(6.38091372480282,301.446541357285,1.50280980190233));
#2084=CARTESIAN_POINT('Ctrl Pts',(7.09642884009685,299.639783458775,1.23111964678743));
#2085=CARTESIAN_POINT('Ctrl Pts',(8.29558498238817,297.826300524404,0.955206952809931));
#2086=CARTESIAN_POINT('Ctrl Pts',(8.71438554533397,297.37116784125,0.885076620359479));
#2087=CARTESIAN_POINT('Ctrl Pts',(9.64552550348328,296.723668290286,0.784952851380028));
#2088=CARTESIAN_POINT('Ctrl Pts',(10.1358434934384,296.50852072586,0.751467670640397));
#2089=CARTESIAN_POINT('Ctrl Pts',(12.2352296035972,295.947904068492,0.664108551586601));
#2090=CARTESIAN_POINT('Ctrl Pts',(14.392801948354,295.947926287439,0.663966128670674));
#2091=CARTESIAN_POINT('Ctrl Pts',(17.830485647683,295.947926287439,0.663966128670674));
#2092=CARTESIAN_POINT('',(18.7822705750511,305.869360397582,2.12990590217707));
#2093=CARTESIAN_POINT('Origin',(26.4890123786501,386.204663899105,-575.883838477482));
#2094=CARTESIAN_POINT('',(18.7822705750511,321.542590761926,4.09242481100613));
#2095=CARTESIAN_POINT('Origin',(18.7822705750511,386.204663899105,-575.883838477482));
#2096=CARTESIAN_POINT('Ctrl Pts',(18.7822705750511,321.542590761926,4.09242481100614));
#2097=CARTESIAN_POINT('Ctrl Pts',(15.1091484472135,321.883005027784,4.13037790245002));
#2098=CARTESIAN_POINT('Ctrl Pts',(13.0748383311149,322.070000058442,4.15109282724588));
#2099=CARTESIAN_POINT('Ctrl Pts',(10.9496785212839,321.565066332284,4.09495003938629));
#2100=CARTESIAN_POINT('Ctrl Pts',(10.4101344441974,321.315574637445,4.06719864512565));
#2101=CARTESIAN_POINT('Ctrl Pts',(9.34814388757247,320.540408601572,3.97994711332433));
#2102=CARTESIAN_POINT('Ctrl Pts',(8.84643758378853,320.024850419127,3.92152720980268));
#2103=CARTESIAN_POINT('Ctrl Pts',(7.69213049278245,318.679106315651,3.76648160032185));
#2104=CARTESIAN_POINT('Ctrl Pts',(6.99716988790925,317.769597534427,3.6598862426949));
#2105=CARTESIAN_POINT('Ctrl Pts',(6.38513193369372,316.976805498865,3.56516989322169));
#2106=CARTESIAN_POINT('',(8.36608950663073,346.821350100305,6.35546307704281));
#2107=CARTESIAN_POINT('',(18.1847227463768,341.190583330896,5.94722139391607));
#2108=CARTESIAN_POINT('Ctrl Pts',(8.36608950663073,346.821350100305,6.35546307704278));
#2109=CARTESIAN_POINT('Ctrl Pts',(8.58871699984697,345.426160418209,6.2610908955151));
#2110=CARTESIAN_POINT('Ctrl Pts',(8.76825875443527,344.27019008358,6.17791375408783));
#2111=CARTESIAN_POINT('Ctrl Pts',(9.19651322180038,342.966217344723,6.08204513738982));
#2112=CARTESIAN_POINT('Ctrl Pts',(9.37205242167809,342.600413251884,6.05465284853456));
#2113=CARTESIAN_POINT('Ctrl Pts',(9.79503009079246,342.050021068156,6.01312989043551));
#2114=CARTESIAN_POINT('Ctrl Pts',(10.0257407064118,341.850113151108,5.99789244524351));
#2115=CARTESIAN_POINT('Ctrl Pts',(10.5943628313705,341.525368901715,5.97304948877196));
#2116=CARTESIAN_POINT('Ctrl Pts',(10.9412514568426,341.402118285344,5.9635552957917));
#2117=CARTESIAN_POINT('Ctrl Pts',(12.7136012851552,341.024837374049,5.93444610969447));
#2118=CARTESIAN_POINT('Ctrl Pts',(14.8140869735087,341.089063814959,5.93936721082959));
#2119=CARTESIAN_POINT('Ctrl Pts',(18.1847227463768,341.190583330896,5.94722139391604));
#2120=CARTESIAN_POINT('',(18.0917458634423,352.431670443323,6.7078149072119));
#2121=CARTESIAN_POINT('Origin',(17.8124038720954,386.204663899105,-575.883838477482));
#2122=CARTESIAN_POINT('',(8.27311262369616,353.629896723535,6.77604020298197));
#2123=CARTESIAN_POINT('Ctrl Pts',(18.0917458634423,352.431670443323,6.70781490721186));
#2124=CARTESIAN_POINT('Ctrl Pts',(12.4977878258612,353.74660204145,6.78404184249379));
#2125=CARTESIAN_POINT('Ctrl Pts',(11.0090613592752,354.056437684163,6.79973997895212));
#2126=CARTESIAN_POINT('Ctrl Pts',(9.6493066817943,354.222379861699,6.80886504241942));
#2127=CARTESIAN_POINT('Ctrl Pts',(9.30255496585868,354.225738453521,6.80904963903239));
#2128=CARTESIAN_POINT('Ctrl Pts',(8.87908290288254,354.125925298816,6.8035611164982));
#2129=CARTESIAN_POINT('Ctrl Pts',(8.75540495448816,354.06502575737,6.80020962934169));
#2130=CARTESIAN_POINT('Ctrl Pts',(8.51636087488092,353.89099701907,6.79058630712519));
#2131=CARTESIAN_POINT('Ctrl Pts',(8.40498852065181,353.771446713415,6.78395383859128));
#2132=CARTESIAN_POINT('Ctrl Pts',(8.27311262369619,353.629896723535,6.77604020298198));
#2133=CARTESIAN_POINT('Ctrl Pts',(8.27311262369616,353.629896723535,6.77604020298197));
#2134=CARTESIAN_POINT('Ctrl Pts',(8.04805673999321,353.388330519922,6.76253496068178));
#2135=CARTESIAN_POINT('Ctrl Pts',(7.88839106914146,353.215115510704,6.75274812589715));
#2136=CARTESIAN_POINT('Ctrl Pts',(7.71885384307119,352.836710028731,6.73117307867686));
#2137=CARTESIAN_POINT('Ctrl Pts',(7.6759627484733,352.663410434091,6.72124825879797));
#2138=CARTESIAN_POINT('Ctrl Pts',(7.6293695897344,352.06936368598,6.68681295345982));
#2139=CARTESIAN_POINT('Ctrl Pts',(7.66368958518587,351.574753152823,6.65795117540789));
#2140=CARTESIAN_POINT('Ctrl Pts',(7.87507615900299,349.882541509249,6.55526157672056));
#2141=CARTESIAN_POINT('Ctrl Pts',(8.097478682572,348.504719871866,6.46932808027391));
#2142=CARTESIAN_POINT('Ctrl Pts',(8.36608950663073,346.821350100305,6.35546307704279));
#2143=CARTESIAN_POINT('',(-0.802284005637346,340.968006800439,5.92995865611414));
#2144=CARTESIAN_POINT('',(5.79929705286486,338.749380594995,5.75320106436344));
#2145=CARTESIAN_POINT('Ctrl Pts',(-0.80228400563734,340.968006800439,5.9299586561141));
#2146=CARTESIAN_POINT('Ctrl Pts',(1.56455893099247,339.257978717789,5.79700210818581));
#2147=CARTESIAN_POINT('Ctrl Pts',(2.96716230141176,338.222288113007,5.71003182952845));
#2148=CARTESIAN_POINT('Ctrl Pts',(4.05747684196855,337.855816601498,5.67960908099277));
#2149=CARTESIAN_POINT('Ctrl Pts',(4.23552277132414,337.827046652472,5.67721238366501));
#2150=CARTESIAN_POINT('Ctrl Pts',(4.53783053180118,337.839981122992,5.67828819209577));
#2151=CARTESIAN_POINT('Ctrl Pts',(4.66728176759316,337.872442522798,5.68098971421818));
#2152=CARTESIAN_POINT('Ctrl Pts',(4.94414707644206,337.997336981178,5.69135690256704));
#2153=CARTESIAN_POINT('Ctrl Pts',(5.08677574468159,338.097055282794,5.69962346810265));
#2154=CARTESIAN_POINT('Ctrl Pts',(5.40557301005567,338.363630617973,5.72161680890199));
#2155=CARTESIAN_POINT('Ctrl Pts',(5.58674231555017,338.541111615339,5.73620857117417));
#2156=CARTESIAN_POINT('Ctrl Pts',(5.79929705286488,338.749380594995,5.7532010643634));
#2157=CARTESIAN_POINT('',(6.36670718622667,346.052856310632,6.30297177147398));
#2158=CARTESIAN_POINT('Ctrl Pts',(5.79929705286484,338.749380594995,5.75320106436341));
#2159=CARTESIAN_POINT('Ctrl Pts',(6.20398234517256,339.145907740536,5.78555338505508));
#2160=CARTESIAN_POINT('Ctrl Pts',(6.50990986879106,339.443463470233,5.80951429932908));
#2161=CARTESIAN_POINT('Ctrl Pts',(6.84520730498249,340.013970821465,5.85503995351844));
#2162=CARTESIAN_POINT('Ctrl Pts',(6.93225468226612,340.263445369611,5.87483688371471));
#2163=CARTESIAN_POINT('Ctrl Pts',(7.02596194220316,340.960842624584,5.92952554839481));
#2164=CARTESIAN_POINT('Ctrl Pts',(7.01448357603264,341.434343408891,5.96639783064157));
#2165=CARTESIAN_POINT('Ctrl Pts',(6.84728845127507,343.067987861749,6.09025306724365));
#2166=CARTESIAN_POINT('Ctrl Pts',(6.62661344381429,344.424041082359,6.19063690834844));
#2167=CARTESIAN_POINT('Ctrl Pts',(6.36670718622668,346.052856310632,6.30297177147395));
#2168=CARTESIAN_POINT('',(2.99871945047838,351.568208613183,6.65711771847683));
#2169=CARTESIAN_POINT('Ctrl Pts',(6.36670718622665,346.052856310632,6.30297177147398));
#2170=CARTESIAN_POINT('Ctrl Pts',(6.01006323213793,348.287921361635,6.45711800133653));
#2171=CARTESIAN_POINT('Ctrl Pts',(5.76775744026833,350.09921744369,6.56857773746729));
#2172=CARTESIAN_POINT('Ctrl Pts',(5.32657312762447,350.975533068643,6.62157610800122));
#2173=CARTESIAN_POINT('Ctrl Pts',(4.88538881498061,351.851848693595,6.67457447853514));
#2174=CARTESIAN_POINT('Ctrl Pts',(4.23895276778864,351.730978889572,6.66679563955689));
#2175=CARTESIAN_POINT('Ctrl Pts',(2.99871945047837,351.568208613183,6.65711771847677));
#2176=CARTESIAN_POINT('',(-2.67175565099257,347.95165901449,6.43081641089807));
#2177=CARTESIAN_POINT('Ctrl Pts',(2.99871945047838,351.568208613183,6.65711771847683));
#2178=CARTESIAN_POINT('Ctrl Pts',(2.81497474389551,351.544093419754,6.65568388827136));
#2179=CARTESIAN_POINT('Ctrl Pts',(2.64534090643253,351.521828483376,6.65435767915881));
#2180=CARTESIAN_POINT('Ctrl Pts',(2.4872829876065,351.499860013345,6.65304813414123));
#2181=CARTESIAN_POINT('Ctrl Pts',(2.32690510464329,351.4775690915,6.65171936770469));
#2182=CARTESIAN_POINT('Ctrl Pts',(2.1784455432054,351.455583465366,6.65040775814232));
#2183=CARTESIAN_POINT('Ctrl Pts',(2.03930301603336,351.432306564149,6.64901828419751));
#2184=CARTESIAN_POINT('Ctrl Pts',(1.89669353995258,351.408449683332,6.6475941893839));
#2185=CARTESIAN_POINT('Ctrl Pts',(1.76387120395825,351.383236406631,6.64608830162664));
#2186=CARTESIAN_POINT('Ctrl Pts',(1.63808358054577,351.354974973434,6.64439831842223));
#2187=CARTESIAN_POINT('Ctrl Pts',(1.51043147986949,351.326294637343,6.64268328557323));
#2188=CARTESIAN_POINT('Ctrl Pts',(1.39002430111845,351.294475197648,6.64077865934965));
#2189=CARTESIAN_POINT('Ctrl Pts',(1.27403318938544,351.257775229114,6.63857752037325));
#2190=CARTESIAN_POINT('Ctrl Pts',(1.15502589101586,351.220120929226,6.63631914385626));
#2191=CARTESIAN_POINT('Ctrl Pts',(1.04066736868214,351.177329029036,6.63374863328943));
#2192=CARTESIAN_POINT('Ctrl Pts',(0.927951005616328,351.127545598677,6.63075050965528));
#2193=CARTESIAN_POINT('Ctrl Pts',(0.839223520416669,351.088357334789,6.6283904621596));
#2194=CARTESIAN_POINT('Ctrl Pts',(0.751514603322009,351.044837373064,6.62576544669381));
#2195=CARTESIAN_POINT('Ctrl Pts',(0.663377586348353,350.996092270081,6.62281913624821));
#2196=CARTESIAN_POINT('Ctrl Pts',(0.411399971925344,350.85673340378,6.61439583917142));
#2197=CARTESIAN_POINT('Ctrl Pts',(0.155222166102633,350.674279002385,6.60335698892361));
#2198=CARTESIAN_POINT('Ctrl Pts',(-0.138779710157177,350.427253816159,6.5881756645154));
#2199=CARTESIAN_POINT('Ctrl Pts',(-0.306194229806437,350.286589397893,6.57953090970711));
#2200=CARTESIAN_POINT('Ctrl Pts',(-0.485874298305663,350.124987106033,6.56954293892992));
#2201=CARTESIAN_POINT('Ctrl Pts',(-0.684034808750349,349.938478220029,6.55792981937227));
#2202=CARTESIAN_POINT('Ctrl Pts',(-0.752050404019975,349.874461868456,6.55394379189445));
#2203=CARTESIAN_POINT('Ctrl Pts',(-0.821881685547433,349.807851316584,6.54977080447103));
#2204=CARTESIAN_POINT('Ctrl Pts',(-0.893609972613596,349.738675941708,6.5454195437437));
#2205=CARTESIAN_POINT('Ctrl Pts',(-0.962565001385223,349.672175120902,6.54123651748003));
#2206=CARTESIAN_POINT('Ctrl Pts',(-1.03327320360608,349.603304067463,6.53688873671767));
#2207=CARTESIAN_POINT('Ctrl Pts',(-1.10577126468801,349.53212359242,6.53238391898724));
#2208=CARTESIAN_POINT('Ctrl Pts',(-1.17734113520233,349.461854438929,6.52793677630719));
#2209=CARTESIAN_POINT('Ctrl Pts',(-1.25065544948697,349.389334595201,6.52333659199768));
#2210=CARTESIAN_POINT('Ctrl Pts',(-1.32571287797959,349.314656783136,6.51859079094622));
#2211=CARTESIAN_POINT('Ctrl Pts',(-1.40004049486414,349.240705091527,6.51389113510339));
#2212=CARTESIAN_POINT('Ctrl Pts',(-1.47607758847273,349.164637180666,6.50904868052414));
#2213=CARTESIAN_POINT('Ctrl Pts',(-1.55378508127435,349.086577165915,6.50407063761021));
#2214=CARTESIAN_POINT('Ctrl Pts',(-1.63095834983829,349.009053798924,6.49912681779477));
#2215=CARTESIAN_POINT('Ctrl Pts',(-1.7097792006086,348.929565624651,6.49404926752439));
#2216=CARTESIAN_POINT('Ctrl Pts',(-1.79017063967448,348.848268099987,6.48884504951037));
#2217=CARTESIAN_POINT('Ctrl Pts',(-1.87016117018265,348.767376002489,6.48366678470184));
#2218=CARTESIAN_POINT('Ctrl Pts',(-1.951706706195,348.68469257341,6.47836311237238));
#2219=CARTESIAN_POINT('Ctrl Pts',(-2.03469206603278,348.600404502201,6.47294099009509));
#2220=CARTESIAN_POINT('Ctrl Pts',(-2.11764743692956,348.516146890702,6.46752082724421));
#2221=CARTESIAN_POINT('Ctrl Pts',(-2.20204162507109,348.430285816843,6.46198230004002));
#2222=CARTESIAN_POINT('Ctrl Pts',(-2.28771954759279,348.343041131414,6.45633235851548));
#2223=CARTESIAN_POINT('Ctrl Pts',(-2.37370210238569,348.255486243009,6.45066232833253));
#2224=CARTESIAN_POINT('Ctrl Pts',(-2.46097755579088,348.166537915635,6.444880090142));
#2225=CARTESIAN_POINT('Ctrl Pts',(-2.54934840460905,348.076451624916,6.43899266837431));
#2226=CARTESIAN_POINT('Ctrl Pts',(-2.58992774163306,348.035084567779,6.43628920139047));
#2227=CARTESIAN_POINT('Ctrl Pts',(-2.63073748669504,347.993478018674,6.4335635555181));
#2228=CARTESIAN_POINT('Ctrl Pts',(-2.67175565099257,347.95165901449,6.43081641089807));
#2229=CARTESIAN_POINT('Ctrl Pts',(-2.67175565099259,347.95165901449,6.43081641089807));
#2230=CARTESIAN_POINT('Ctrl Pts',(-3.72926869204951,346.873498814365,6.35999066908385));
#2231=CARTESIAN_POINT('Ctrl Pts',(-4.17285105374168,346.389244353182,6.32621268620537));
#2232=CARTESIAN_POINT('Ctrl Pts',(-4.6405226931618,345.739224010657,6.28131001938507));
#2233=CARTESIAN_POINT('Ctrl Pts',(-4.76650078691089,345.51300267655,6.26552840642023));
#2234=CARTESIAN_POINT('Ctrl Pts',(-4.88798058393813,345.140053221636,6.2393204160581));
#2235=CARTESIAN_POINT('Ctrl Pts',(-4.91235048716428,344.980689064395,6.22805870378881));
#2236=CARTESIAN_POINT('Ctrl Pts',(-4.88756483581915,344.662390686134,6.20542695428004));
#2237=CARTESIAN_POINT('Ctrl Pts',(-4.84425692779701,344.517160357358,6.19504038496245));
#2238=CARTESIAN_POINT('Ctrl Pts',(-4.69171869028541,344.191380728333,6.17163026509906));
#2239=CARTESIAN_POINT('Ctrl Pts',(-4.55764944991274,343.99944849416,6.15775132889462));
#2240=CARTESIAN_POINT('Ctrl Pts',(-3.73513296015867,343.077100389514,6.09054100522484));
#2241=CARTESIAN_POINT('Ctrl Pts',(-2.50089637557573,342.195241656405,6.02537750426166));
#2242=CARTESIAN_POINT('Ctrl Pts',(-0.802284005637359,340.968006800439,5.9299586561141));
#2243=CARTESIAN_POINT('',(6.73515562677843,355.053219729211,6.85387027887231));
#2244=CARTESIAN_POINT('',(7.11834880686266,360.619164873865,7.12476516409808));
#2245=CARTESIAN_POINT('Ctrl Pts',(6.73515562677839,355.053219729211,6.85387027887227));
#2246=CARTESIAN_POINT('Ctrl Pts',(7.00017291240718,355.337678624962,6.86907661489013));
#2247=CARTESIAN_POINT('Ctrl Pts',(7.19791314949264,355.547621168671,6.88014909446009));
#2248=CARTESIAN_POINT('Ctrl Pts',(7.40400310226394,355.981037776696,6.90275277181439));
#2249=CARTESIAN_POINT('Ctrl Pts',(7.45490821417613,356.173060960857,6.91271008840408));
#2250=CARTESIAN_POINT('Ctrl Pts',(7.55510416024711,357.251637818027,6.96781864816167));
#2251=CARTESIAN_POINT('Ctrl Pts',(7.34459384942134,358.749720467967,7.04272406260132));
#2252=CARTESIAN_POINT('Ctrl Pts',(7.11834880686266,360.619164873865,7.12476516409808));
#2253=CARTESIAN_POINT('',(-4.5533210349037,368.803399328973,7.42640973682455));
#2254=CARTESIAN_POINT('Ctrl Pts',(7.11834880686266,360.619164873865,7.12476516409808));
#2255=CARTESIAN_POINT('Ctrl Pts',(6.99322471529795,361.653048974975,7.17013746305892));
#2256=CARTESIAN_POINT('Ctrl Pts',(6.89201040963809,362.572786413293,7.20769208995217));
#2257=CARTESIAN_POINT('Ctrl Pts',(6.46810482062432,363.750075527672,7.25390883943447));
#2258=CARTESIAN_POINT('Ctrl Pts',(6.25374630478369,364.12296019735,7.26808445169669));
#2259=CARTESIAN_POINT('Ctrl Pts',(5.63967158215729,364.792542882195,7.29304563936409));
#2260=CARTESIAN_POINT('Ctrl Pts',(5.24707341917797,365.093181507922,7.3039921966163));
#2261=CARTESIAN_POINT('Ctrl Pts',(3.92581624222408,365.84966494495,7.33098576677352));
#2262=CARTESIAN_POINT('Ctrl Pts',(2.84320116471681,366.297398298351,7.34650667025784));
#2263=CARTESIAN_POINT('Ctrl Pts',(-0.403432884152479,367.459749538902,7.38511631861786));
#2264=CARTESIAN_POINT('Ctrl Pts',(-2.65025960501736,368.183475082537,7.40791620639418));
#2265=CARTESIAN_POINT('Ctrl Pts',(-4.55332103490368,368.803399328973,7.42640973682451));
#2266=CARTESIAN_POINT('',(-7.58799263333815,362.889469610956,7.21996994412443));
#2267=CARTESIAN_POINT('Origin',(4.3759571076719,386.204663899105,-575.883838477482));
#2268=CARTESIAN_POINT('',(3.14837310648424,353.701319689538,6.78002885570869));
#2269=CARTESIAN_POINT('Ctrl Pts',(-7.58799263333815,362.889469610956,7.21996994412437));
#2270=CARTESIAN_POINT('Ctrl Pts',(-4.1869810080151,358.877970651351,7.05957161319411));
#2271=CARTESIAN_POINT('Ctrl Pts',(-1.72373579225588,355.90812667524,6.90043934936602));
#2272=CARTESIAN_POINT('Ctrl Pts',(0.338550711628269,354.143084505433,6.80467549638668));
#2273=CARTESIAN_POINT('Ctrl Pts',(0.756842583281884,353.883696463607,6.79019096889455));
#2274=CARTESIAN_POINT('Ctrl Pts',(1.45536423479007,353.634474060762,6.77630623524206));
#2275=CARTESIAN_POINT('Ctrl Pts',(1.74781208233154,353.595335548046,6.77410697374101));
#2276=CARTESIAN_POINT('Ctrl Pts',(2.39418285048983,353.602355985687,6.77449984047535));
#2277=CARTESIAN_POINT('Ctrl Pts',(2.73956021650681,353.647665951508,6.7770358334653));
#2278=CARTESIAN_POINT('Ctrl Pts',(3.14837310648423,353.701319689538,6.78002885570867));
#2279=CARTESIAN_POINT('Ctrl Pts',(3.14837310648424,353.701319689538,6.78002885570877));
#2280=CARTESIAN_POINT('Ctrl Pts',(3.39635196777689,353.733864851514,6.78184435631101));
#2281=CARTESIAN_POINT('Ctrl Pts',(3.62147829814685,353.763409808072,6.78348897318591));
#2282=CARTESIAN_POINT('Ctrl Pts',(3.82651728163207,353.791044305136,6.78502532362607));
#2283=CARTESIAN_POINT('Ctrl Pts',(4.03134542490002,353.818650385833,6.78656009424734));
#2284=CARTESIAN_POINT('Ctrl Pts',(4.21612750447268,353.844349931473,6.78798682097868));
#2285=CARTESIAN_POINT('Ctrl Pts',(4.38366884823733,353.869247717751,6.78936792814439));
#2286=CARTESIAN_POINT('Ctrl Pts',(4.55095911513362,353.894108192295,6.79074696558777));
#2287=CARTESIAN_POINT('Ctrl Pts',(4.70106027834879,353.918169307636,6.79208052009371));
#2288=CARTESIAN_POINT('Ctrl Pts',(4.83681368547741,353.942549247538,6.79343073576028));
#2289=CARTESIAN_POINT('Ctrl Pts',(4.97244985195971,353.966908132206,6.79477978534078));
#2290=CARTESIAN_POINT('Ctrl Pts',(5.09376302596662,353.991585288018,6.79614546731618));
#2291=CARTESIAN_POINT('Ctrl Pts',(5.20363585499056,354.01771438677,6.79758976491514));
#2292=CARTESIAN_POINT('Ctrl Pts',(5.31337332453377,354.043811295387,6.79903228319));
#2293=CARTESIAN_POINT('Ctrl Pts',(5.41169861509638,354.071356569884,6.80055322350434));
#2294=CARTESIAN_POINT('Ctrl Pts',(5.5015323811815,354.101498076369,6.80221434028539));
#2295=CARTESIAN_POINT('Ctrl Pts',(5.53030319273101,354.111151413201,6.80274634155787));
#2296=CARTESIAN_POINT('Ctrl Pts',(5.55820339313916,354.121071189644,6.80329272088466));
#2297=CARTESIAN_POINT('Ctrl Pts',(5.5853299845156,354.131295513033,6.80385550690872));
#2298=CARTESIAN_POINT('Ctrl Pts',(5.68982060951619,354.17067922794,6.80602333782338));
#2299=CARTESIAN_POINT('Ctrl Pts',(5.78259824746418,354.214491550293,6.80843211995562));
#2300=CARTESIAN_POINT('Ctrl Pts',(5.86938342741685,354.26486577914,6.81119343716048));
#2301=CARTESIAN_POINT('Ctrl Pts',(5.96895342734341,354.322660923028,6.81436153975627));
#2302=CARTESIAN_POINT('Ctrl Pts',(6.06063288444868,354.389092059593,6.81799369601711));
#2303=CARTESIAN_POINT('Ctrl Pts',(6.15300396591233,354.467393811275,6.82225842544879));
#2304=CARTESIAN_POINT('Ctrl Pts',(6.20228707217043,354.5091704527,6.82453380330963));
#2305=CARTESIAN_POINT('Ctrl Pts',(6.25166460641054,354.554239935909,6.82698653897599));
#2306=CARTESIAN_POINT('Ctrl Pts',(6.30238955526971,354.603015852837,6.82963347571226));
#2307=CARTESIAN_POINT('Ctrl Pts',(6.35120637090489,354.649956953766,6.8321808419602));
#2308=CARTESIAN_POINT('Ctrl Pts',(6.40127153067762,354.700330954231,6.83490807346229));
#2309=CARTESIAN_POINT('Ctrl Pts',(6.45366256721199,354.754481397109,6.83783018329692));
#2310=CARTESIAN_POINT('Ctrl Pts',(6.50367183121713,354.806170082293,6.84061944977911));
#2311=CARTESIAN_POINT('Ctrl Pts',(6.55580048643591,354.861299642963,6.84358627845392));
#2312=CARTESIAN_POINT('Ctrl Pts',(6.61094523678767,354.920145156604,6.84674372652471));
#2313=CARTESIAN_POINT('Ctrl Pts',(6.65067693021874,354.962543243328,6.84901866217992));
#2314=CARTESIAN_POINT('Ctrl Pts',(6.69197352548075,355.00686987043,6.85139255172952));
#2315=CARTESIAN_POINT('Ctrl Pts',(6.73515562677839,355.053219729211,6.85387027887231));
#2316=CARTESIAN_POINT('',(5.14735574198229,333.65714200094,5.31527337906361));
#2317=CARTESIAN_POINT('',(7.74215666056139,328.152547762659,4.79128712422323));
#2318=CARTESIAN_POINT('Ctrl Pts',(5.14735574198229,333.65714200094,5.31527337906361));
#2319=CARTESIAN_POINT('Ctrl Pts',(4.99714288458305,332.575923152751,5.21751794561083));
#2320=CARTESIAN_POINT('Ctrl Pts',(5.0555888027872,332.365475777553,5.19708439735593));
#2321=CARTESIAN_POINT('Ctrl Pts',(5.10776351568089,332.148636541045,5.17691186342704));
#2322=CARTESIAN_POINT('Ctrl Pts',(5.2151720457609,331.70224436435,5.135384040903));
#2323=CARTESIAN_POINT('Ctrl Pts',(5.5054511479646,331.193051786963,5.08770750185694));
#2324=CARTESIAN_POINT('Ctrl Pts',(6.03395676492727,330.444809976158,5.01588468561881));
#2325=CARTESIAN_POINT('Ctrl Pts',(6.46734426919918,329.831233430198,4.95698822344285));
#2326=CARTESIAN_POINT('Ctrl Pts',(7.04260399604229,329.075389985144,4.8835468775919));
#2327=CARTESIAN_POINT('Ctrl Pts',(7.74215666056139,328.152547762659,4.7912871242232));
#2328=CARTESIAN_POINT('',(18.8217768845604,323.643410204675,4.32279645239952));
#2329=CARTESIAN_POINT('Ctrl Pts',(7.74215666056137,328.152547762659,4.7912871242232));
#2330=CARTESIAN_POINT('Ctrl Pts',(8.74950559376968,326.823664069564,4.65843398985924));
#2331=CARTESIAN_POINT('Ctrl Pts',(9.42646956973757,325.914946235668,4.56355093914867));
#2332=CARTESIAN_POINT('Ctrl Pts',(10.7833717190984,324.955136318879,4.46284329284559));
#2333=CARTESIAN_POINT('Ctrl Pts',(11.3439395462655,324.704063951048,4.43621594360033));
#2334=CARTESIAN_POINT('Ctrl Pts',(13.466892081159,324.138240669941,4.37605635966559));
#2335=CARTESIAN_POINT('Ctrl Pts',(15.4736092564876,323.953708349635,4.35625460299459));
#2336=CARTESIAN_POINT('Ctrl Pts',(18.8217768845604,323.643410204675,4.32279645239949));
#2337=CARTESIAN_POINT('',(17.9603992295311,339.087377405908,5.78067908740572));
#2338=CARTESIAN_POINT('Origin',(15.3324619112225,386.204663899105,-575.883838477482));
#2339=CARTESIAN_POINT('',(7.1251768784569,337.114768160608,5.61752163860497));
#2340=CARTESIAN_POINT('Ctrl Pts',(17.9603992295311,339.087377405908,5.78067908740579));
#2341=CARTESIAN_POINT('Ctrl Pts',(17.2834772615733,339.066989181072,5.77902755494737));
#2342=CARTESIAN_POINT('Ctrl Pts',(16.6573933333434,339.048131666995,5.77749856948029));
#2343=CARTESIAN_POINT('Ctrl Pts',(16.0774695737703,339.029989658398,5.77602681298141));
#2344=CARTESIAN_POINT('Ctrl Pts',(15.4886815277128,339.011570344451,5.77453256029916));
#2345=CARTESIAN_POINT('Ctrl Pts',(14.9474756839444,338.993888601785,5.77309729947556));
#2346=CARTESIAN_POINT('Ctrl Pts',(14.4490102423256,338.976098648338,5.77165267126239));
#2347=CARTESIAN_POINT('Ctrl Pts',(13.9423649523875,338.958016760669,5.77018433661207));
#2348=CARTESIAN_POINT('Ctrl Pts',(13.4798744367444,338.939823109333,5.76870632461076));
#2349=CARTESIAN_POINT('Ctrl Pts',(13.0565081270732,338.920636750399,5.76714685514445));
#2350=CARTESIAN_POINT('Ctrl Pts',(12.6215438660003,338.900924788804,5.76554466463333));
#2351=CARTESIAN_POINT('Ctrl Pts',(12.2278768043037,338.880165005772,5.76385649253668));
#2352=CARTESIAN_POINT('Ctrl Pts',(11.8701064226849,338.857409201216,5.76200449649667));
#2353=CARTESIAN_POINT('Ctrl Pts',(11.5061822214732,338.83426198607,5.7601206452498));
#2354=CARTESIAN_POINT('Ctrl Pts',(11.1794003675547,338.809049532281,5.75806728589276));
#2355=CARTESIAN_POINT('Ctrl Pts',(10.884131115034,338.780780686088,5.75576248980518));
#2356=CARTESIAN_POINT('Ctrl Pts',(10.5804934795764,338.751710657489,5.75339237226578));
#2357=CARTESIAN_POINT('Ctrl Pts',(10.310180095786,338.719408570217,5.75075636382694));
#2358=CARTESIAN_POINT('Ctrl Pts',(10.0671237870597,338.682803195679,5.74776537062969));
#2359=CARTESIAN_POINT('Ctrl Pts',(9.9667947036361,338.667693183949,5.74653074476222));
#2360=CARTESIAN_POINT('Ctrl Pts',(9.87111053283429,338.65185001547,5.74523563362805));
#2361=CARTESIAN_POINT('Ctrl Pts',(9.77964709127687,338.635198639366,5.74387377097873));
#2362=CARTESIAN_POINT('Ctrl Pts',(9.33623768492685,338.554473743521,5.73727154063857));
#2363=CARTESIAN_POINT('Ctrl Pts',(8.99158206220103,338.454672711117,5.72909951790401));
#2364=CARTESIAN_POINT('Ctrl Pts',(8.6981293351552,338.32715968675,5.71860102770876));
#2365=CARTESIAN_POINT('Ctrl Pts',(8.54333839703631,338.25989890215,5.71306326643964));
#2366=CARTESIAN_POINT('Ctrl Pts',(8.4027948031483,338.184927799371,5.70687819601792));
#2367=CARTESIAN_POINT('Ctrl Pts',(8.26952552628633,338.100980217886,5.69993476311731));
#2368=CARTESIAN_POINT('Ctrl Pts',(8.1738562883248,338.04071725752,5.69495032146593));
#2369=CARTESIAN_POINT('Ctrl Pts',(8.08183014184072,337.975763743877,5.6895762792553));
#2370=CARTESIAN_POINT('Ctrl Pts',(7.99080599700468,337.905552808886,5.68375171464399));
#2371=CARTESIAN_POINT('Ctrl Pts',(7.91284166109848,337.845415480161,5.67876283710296));
#2372=CARTESIAN_POINT('Ctrl Pts',(7.8356132600416,337.781420740279,5.67344344154176));
#2373=CARTESIAN_POINT('Ctrl Pts',(7.7574323040118,337.713187123718,5.66775524626603));
#2374=CARTESIAN_POINT('Ctrl Pts',(7.68390070329392,337.649011302606,5.66240532315099));
#2375=CARTESIAN_POINT('Ctrl Pts',(7.60952714099117,337.581085752222,5.65672916044564));
#2376=CARTESIAN_POINT('Ctrl Pts',(7.53286899920162,337.509071172849,5.65069490808803));
#2377=CARTESIAN_POINT('Ctrl Pts',(7.46155178396607,337.442073993719,5.64508107419997));
#2378=CARTESIAN_POINT('Ctrl Pts',(7.38825751991197,337.371537635546,5.63915731007414));
#2379=CARTESIAN_POINT('Ctrl Pts',(7.31178467589409,337.297170164009,5.63289796977487));
#2380=CARTESIAN_POINT('Ctrl Pts',(7.25174297172966,337.238781466913,5.6279835264409));
#2381=CARTESIAN_POINT('Ctrl Pts',(7.18974121651349,337.178030781274,5.62286222018518));
#2382=CARTESIAN_POINT('Ctrl Pts',(7.12517687845692,337.114768160608,5.61752163860505));
#2383=CARTESIAN_POINT('Ctrl Pts',(7.12517687845687,337.114768160608,5.61752163860497));
#2384=CARTESIAN_POINT('Ctrl Pts',(6.16859471121379,336.177473748178,5.53839596816241));
#2385=CARTESIAN_POINT('Ctrl Pts',(5.79796756296155,335.793459340401,5.50459388728581));
#2386=CARTESIAN_POINT('Ctrl Pts',(5.45360809891686,335.191458839591,5.45199402736321));
#2387=CARTESIAN_POINT('Ctrl Pts',(5.37695411882012,334.97357490844,5.4328568336716));
#2388=CARTESIAN_POINT('Ctrl Pts',(5.2492868511245,334.404518710261,5.38243703652029));
#2389=CARTESIAN_POINT('Ctrl Pts',(5.20101438774308,334.043372182359,5.35019332044318));
#2390=CARTESIAN_POINT('Ctrl Pts',(5.14735574198229,333.65714200094,5.31527337906363));
#2391=CARTESIAN_POINT('',(-6.40244072484511,318.715083117273,3.77020158983967));
#2392=CARTESIAN_POINT('',(-12.5750754379687,324.899870430288,4.45689934661843));
#2393=CARTESIAN_POINT('Origin',(-73.7594100148727,386.204663899105,-575.883838477482));
#2394=CARTESIAN_POINT('',(-11.703823871791,310.419025006909,2.74400964095875));
#2395=CARTESIAN_POINT('Origin',(-16.2635270277963,386.204663899105,-575.883838477482));
#2396=CARTESIAN_POINT('',(-8.84098301267165,311.003617769983,2.82027619733284));
#2397=CARTESIAN_POINT('Origin',(359.430129984168,386.204663899105,-575.883838477482));
#2398=CARTESIAN_POINT('Ctrl Pts',(-8.84098301267162,311.003617769983,2.82027619733281));
#2399=CARTESIAN_POINT('Ctrl Pts',(-6.92584962315973,311.394688449396,2.87109478226521));
#2400=CARTESIAN_POINT('Ctrl Pts',(-5.46826955080384,311.691731989433,2.90936833373107));
#2401=CARTESIAN_POINT('Ctrl Pts',(-3.85928552568605,312.201034486739,2.97464960869615));
#2402=CARTESIAN_POINT('Ctrl Pts',(-3.41938531982155,312.398458133042,2.99986988198697));
#2403=CARTESIAN_POINT('Ctrl Pts',(-3.00857435708488,312.725500552215,3.04143445922581));
#2404=CARTESIAN_POINT('Ctrl Pts',(-2.90026426274126,312.838320953403,3.05575048681679));
#2405=CARTESIAN_POINT('Ctrl Pts',(-2.76147545352544,313.080361290767,3.08636618677528));
#2406=CARTESIAN_POINT('Ctrl Pts',(-2.72374233826871,313.195280814566,3.10087212946617));
#2407=CARTESIAN_POINT('Ctrl Pts',(-2.69291655620802,313.454578277504,3.133513161569));
#2408=CARTESIAN_POINT('Ctrl Pts',(-2.70590026580068,313.592079565747,3.15077219349142));
#2409=CARTESIAN_POINT('Ctrl Pts',(-2.78197350349439,313.935713972554,3.19378450778897));
#2410=CARTESIAN_POINT('Ctrl Pts',(-2.87652823656302,314.167798927648,3.22272212420541));
#2411=CARTESIAN_POINT('Ctrl Pts',(-3.61373065771734,315.527865528287,3.39128445294358));
#2412=CARTESIAN_POINT('Ctrl Pts',(-5.03928310593041,317.132077577366,3.58589099614272));
#2413=CARTESIAN_POINT('Ctrl Pts',(-6.40244072484511,318.715083117273,3.77020158983963));
#2414=CARTESIAN_POINT('',(-4.2025110526039,319.371711642053,3.8462764666032));
#2415=CARTESIAN_POINT('',(4.83259588480455,318.394881731775,3.73283064349387));
#2416=CARTESIAN_POINT('Ctrl Pts',(-4.20251105260391,319.371711642053,3.84627646660316));
#2417=CARTESIAN_POINT('Ctrl Pts',(-2.88902546240455,317.846389714945,3.67043297511768));
#2418=CARTESIAN_POINT('Ctrl Pts',(-1.86508247154426,316.653759705585,3.52701757189882));
#2419=CARTESIAN_POINT('Ctrl Pts',(-0.505207953326459,315.36453147014,3.3704990838022));
#2420=CARTESIAN_POINT('Ctrl Pts',(-0.0548024355594168,315.031518529795,
3.32947331515436));
#2421=CARTESIAN_POINT('Ctrl Pts',(0.550911986704546,314.790486372908,3.29978599889554));
#2422=CARTESIAN_POINT('Ctrl Pts',(0.7503481051786,314.744340151516,3.29408911711476));
#2423=CARTESIAN_POINT('Ctrl Pts',(1.13959365211801,314.747226170161,3.29444519303875));
#2424=CARTESIAN_POINT('Ctrl Pts',(1.31291268669911,314.78484413076,3.29908900219753));
#2425=CARTESIAN_POINT('Ctrl Pts',(1.69711743673722,314.935855666587,3.31769289363205));
#2426=CARTESIAN_POINT('Ctrl Pts',(1.90818014326251,315.06840556618,3.33400643448163));
#2427=CARTESIAN_POINT('Ctrl Pts',(2.84962898249966,315.819812491223,3.42606575321382));
#2428=CARTESIAN_POINT('Ctrl Pts',(3.68585012283224,316.909464125618,3.55905054076874));
#2429=CARTESIAN_POINT('Ctrl Pts',(4.83259588480455,318.394881731775,3.73283064349387));
#2430=CARTESIAN_POINT('',(6.07704172754747,326.88031727865,4.66268987191022));
#2431=CARTESIAN_POINT('Ctrl Pts',(4.83259588480455,318.394881731775,3.73283064349386));
#2432=CARTESIAN_POINT('Ctrl Pts',(6.22515193771362,320.198704837979,3.94386124081195));
#2433=CARTESIAN_POINT('Ctrl Pts',(7.23444708689936,321.481877080496,4.08650498079477));
#2434=CARTESIAN_POINT('Ctrl Pts',(7.82190418396809,322.824208125412,4.23398945057238));
#2435=CARTESIAN_POINT('Ctrl Pts',(7.90282293651768,323.140253274588,4.26840393862723));
#2436=CARTESIAN_POINT('Ctrl Pts',(7.92448803175375,323.719587482102,4.33107051774901));
#2437=CARTESIAN_POINT('Ctrl Pts',(7.87855690822797,323.978174265876,4.35885305813383));
#2438=CARTESIAN_POINT('Ctrl Pts',(7.66770919204468,324.590954102105,4.42429314525808));
#2439=CARTESIAN_POINT('Ctrl Pts',(7.46260146061952,324.951497371393,4.46247971503187));
#2440=CARTESIAN_POINT('Ctrl Pts',(6.89843209793192,325.799720596168,4.55143745342704));
#2441=CARTESIAN_POINT('Ctrl Pts',(6.48152303890821,326.346730115369,4.60816416504451));
#2442=CARTESIAN_POINT('Ctrl Pts',(6.07704172754747,326.88031727865,4.66268987191023));
#2443=CARTESIAN_POINT('',(-2.95806520986098,327.857147188928,4.76167900649138));
#2444=CARTESIAN_POINT('Ctrl Pts',(6.07704172754747,326.88031727865,4.66268987191022));
#2445=CARTESIAN_POINT('Ctrl Pts',(5.3810938757816,327.798404307352,4.7565064920411));
#2446=CARTESIAN_POINT('Ctrl Pts',(4.90796336503553,328.415650871694,4.8176915045892));
#2447=CARTESIAN_POINT('Ctrl Pts',(4.17320866054813,329.117565292133,4.88701750150641));
#2448=CARTESIAN_POINT('Ctrl Pts',(3.8978673893126,329.315080415219,4.90634855460725));
#2449=CARTESIAN_POINT('Ctrl Pts',(3.34360888515789,329.552014855973,4.92950430412679));
#2450=CARTESIAN_POINT('Ctrl Pts',(3.07188897494493,329.609263676158,4.93507514618053));
#2451=CARTESIAN_POINT('Ctrl Pts',(2.39922132236372,329.627343519221,4.93683659911413));
#2452=CARTESIAN_POINT('Ctrl Pts',(1.98339861638473,329.567975353087,4.93106426374671));
#2453=CARTESIAN_POINT('Ctrl Pts',(0.468847018511407,329.187422304511,4.89387218449379));
#2454=CARTESIAN_POINT('Ctrl Pts',(-0.886843385434841,328.662615790241,4.84261839422357));
#2455=CARTESIAN_POINT('Ctrl Pts',(-2.95806520986098,327.857147188928,4.76167900649135));
#2456=CARTESIAN_POINT('Ctrl Pts',(-2.95806520986098,327.857147188928,4.76167900649136));
#2457=CARTESIAN_POINT('Ctrl Pts',(-4.59777277741579,327.219488250013,4.69760236338739));
#2458=CARTESIAN_POINT('Ctrl Pts',(-5.7732765572005,326.760430922365,4.65059287603834));
#2459=CARTESIAN_POINT('Ctrl Pts',(-7.04150721188568,326.073939626522,4.57977666786895));
#2460=CARTESIAN_POINT('Ctrl Pts',(-7.38222904166163,325.831958706929,4.55466303083528));
#2461=CARTESIAN_POINT('Ctrl Pts',(-7.7215778583153,325.439899334515,4.51370711429627));
#2462=CARTESIAN_POINT('Ctrl Pts',(-7.81461768145917,325.292402856322,4.49825483312298));
#2463=CARTESIAN_POINT('Ctrl Pts',(-7.91969798104426,324.980899333089,4.46547144702461));
#2464=CARTESIAN_POINT('Ctrl Pts',(-7.93710005543014,324.832730151781,4.44982321998589));
#2465=CARTESIAN_POINT('Ctrl Pts',(-7.91875940988028,324.494598495956,4.41397507359636));
#2466=CARTESIAN_POINT('Ctrl Pts',(-7.8706375913173,324.301654804464,4.39343002887756));
#2467=CARTESIAN_POINT('Ctrl Pts',(-7.64818322595046,323.726021480452,4.33181992534603));
#2468=CARTESIAN_POINT('Ctrl Pts',(-7.40122799574112,323.322680371928,4.28827133184972));
#2469=CARTESIAN_POINT('Ctrl Pts',(-6.46859582795621,321.998594195262,4.14381035455711));
#2470=CARTESIAN_POINT('Ctrl Pts',(-5.45314341474968,320.824043702285,4.01370547665592));
#2471=CARTESIAN_POINT('Ctrl Pts',(-4.20251105260389,319.371711642053,3.84627646660316));
#2472=CARTESIAN_POINT('',(10.8976618011459,356.751174714714,6.94215755850522));
#2473=CARTESIAN_POINT('',(15.2716391097112,355.637798672533,6.88482611482108));
#2474=CARTESIAN_POINT('Origin',(-104.812474280387,386.204663899105,-575.883838477482));
#2475=CARTESIAN_POINT('',(16.4464613224724,356.979119834861,6.95363222479244));
#2476=CARTESIAN_POINT('Ctrl Pts',(15.2716391097112,355.637798672533,6.88482611482101));
#2477=CARTESIAN_POINT('Ctrl Pts',(15.3538952651292,355.616860742063,6.88372789705865));
#2478=CARTESIAN_POINT('Ctrl Pts',(15.437864181423,355.606895846456,6.88320440558286));
#2479=CARTESIAN_POINT('Ctrl Pts',(15.6438726016258,355.606895846456,6.88320440558286));
#2480=CARTESIAN_POINT('Ctrl Pts',(15.7777832690215,355.631987300341,6.88452351080585));
#2481=CARTESIAN_POINT('Ctrl Pts',(16.0240951270243,355.733993452532,6.88986591510722));
#2482=CARTESIAN_POINT('Ctrl Pts',(16.1364967947034,355.810907123561,6.89388683294534));
#2483=CARTESIAN_POINT('Ctrl Pts',(16.314112865004,355.988430352804,6.9031181560422));
#2484=CARTESIAN_POINT('Ctrl Pts',(16.3911185003134,356.100921519714,6.90894596587549));
#2485=CARTESIAN_POINT('Ctrl Pts',(16.4932208319219,356.347366887104,6.92162367916564));
#2486=CARTESIAN_POINT('Ctrl Pts',(16.5183183903461,356.481320850467,6.92847124858805));
#2487=CARTESIAN_POINT('Ctrl Pts',(16.5183183903461,356.728899182141,6.94104422574267));
#2488=CARTESIAN_POINT('Ctrl Pts',(16.4946967306694,356.858844531305,6.94760119322592));
#2489=CARTESIAN_POINT('Ctrl Pts',(16.4464613224724,356.979119834861,6.95363222479237));
#2490=CARTESIAN_POINT('',(12.9853602817325,365.609397754628,7.32237264591973));
#2491=CARTESIAN_POINT('Origin',(4.72580042170788,386.204663899105,-575.883838477482));
#2492=CARTESIAN_POINT('',(11.0670968762107,365.836223022422,7.33033855933236));
#2493=CARTESIAN_POINT('Ctrl Pts',(12.9853602817325,365.609397754628,7.32237264591966));
#2494=CARTESIAN_POINT('Ctrl Pts',(12.9838149536877,365.613251040142,7.32250872032898));
#2495=CARTESIAN_POINT('Ctrl Pts',(12.9822477490218,365.617095729509,7.32264445293666));
#2496=CARTESIAN_POINT('Ctrl Pts',(12.9245176414967,365.7564575712,7.32756309888042));
#2497=CARTESIAN_POINT('Ctrl Pts',(12.8398377121093,365.880175184381,7.33188009779374));
#2498=CARTESIAN_POINT('Ctrl Pts',(12.6444833290924,366.075482452876,7.33865360926264));
#2499=CARTESIAN_POINT('Ctrl Pts',(12.5208135737666,366.160115147893,7.3415629743848));
#2500=CARTESIAN_POINT('Ctrl Pts',(12.2498302314276,366.272349836754,7.34540949406018));
#2501=CARTESIAN_POINT('Ctrl Pts',(12.1025164922071,366.299951367383,7.34634944106624));
#2502=CARTESIAN_POINT('Ctrl Pts',(11.9644030563936,366.299951367383,7.34634944106624));
#2503=CARTESIAN_POINT('Ctrl Pts',(11.8262674149029,366.299951367383,7.34634944106624));
#2504=CARTESIAN_POINT('Ctrl Pts',(11.678931511074,366.272341032458,7.34540919476421));
#2505=CARTESIAN_POINT('Ctrl Pts',(11.4079143235533,366.160073175831,7.34156153346668));
#2506=CARTESIAN_POINT('Ctrl Pts',(11.2842328876788,366.075416117279,7.33865132437361));
#2507=CARTESIAN_POINT('Ctrl Pts',(11.1439180851764,365.935101314776,7.33378500094301));
#2508=CARTESIAN_POINT('Ctrl Pts',(11.1035355414147,365.887610883607,7.33213325269466));
#2509=CARTESIAN_POINT('Ctrl Pts',(11.0670968762107,365.836223022422,7.33033855933236));
#2510=CARTESIAN_POINT('',(9.9518844300118,364.263487521372,7.27328825564541));
#2511=CARTESIAN_POINT('Origin',(25.5101731342226,386.204663899105,-575.883838477482));
#2512=CARTESIAN_POINT('',(9.75085335887778,363.566756935068,7.24665707969876));
#2513=CARTESIAN_POINT('Ctrl Pts',(9.9518844300118,364.263487521372,7.27328825564541));
#2514=CARTESIAN_POINT('Ctrl Pts',(9.90491253082433,364.197245099441,7.27079589707403));
#2515=CARTESIAN_POINT('Ctrl Pts',(9.86454193938745,364.12449517786,7.26804710547364));
#2516=CARTESIAN_POINT('Ctrl Pts',(9.7767937559695,363.91267185375,7.25999898093476));
#2517=CARTESIAN_POINT('Ctrl Pts',(9.74919061019463,363.765335868668,7.2543486992374));
#2518=CARTESIAN_POINT('Ctrl Pts',(9.74919061019463,363.607235809769,7.24822745957829));
#2519=CARTESIAN_POINT('Ctrl Pts',(9.7497356975528,363.587061115805,7.24744531519324));
#2520=CARTESIAN_POINT('Ctrl Pts',(9.75085335887777,363.566756935068,7.24665707969876));
#2521=CARTESIAN_POINT('',(10.0706717585276,357.756722674764,6.99210400133744));
#2522=CARTESIAN_POINT('Origin',(8.50473003975644,386.204663899105,-575.883838477482));
#2523=CARTESIAN_POINT('Ctrl Pts',(10.0706717585276,357.756722674764,6.99210400133743));
#2524=CARTESIAN_POINT('Ctrl Pts',(10.0772810933685,357.63665309182,6.98624386508977));
#2525=CARTESIAN_POINT('Ctrl Pts',(10.1047386015391,357.512096547321,6.98012483934898));
#2526=CARTESIAN_POINT('Ctrl Pts',(10.2089248590121,357.260617685822,6.96769517909658));
#2527=CARTESIAN_POINT('Ctrl Pts',(10.2936271741059,357.136881344249,6.96152975324391));
#2528=CARTESIAN_POINT('Ctrl Pts',(10.4890008384129,356.941602065286,6.95175792783856));
#2529=CARTESIAN_POINT('Ctrl Pts',(10.6126464487594,356.856993184675,6.94749824004401));
#2530=CARTESIAN_POINT('Ctrl Pts',(10.7967866518248,356.780733301096,6.94365091871765));
#2531=CARTESIAN_POINT('Ctrl Pts',(10.8469358576586,356.764086773056,6.9428100777362));
#2532=CARTESIAN_POINT('Ctrl Pts',(10.8976618011459,356.751174714714,6.94215755850522));
#2533=CARTESIAN_POINT('',(-8.95624559926528,361.26293081167,7.15266092120125));
#2534=CARTESIAN_POINT('',(-12.2751156935646,345.100338869836,6.23649628532618));
#2535=CARTESIAN_POINT('Origin',(-3.83464305297871,386.204663899105,-575.883838477482));
#2536=CARTESIAN_POINT('',(-4.66906251668471,348.907911692407,6.49284542676547));
#2537=CARTESIAN_POINT('Ctrl Pts',(-12.2751156935646,345.100338869836,6.23649628532614));
#2538=CARTESIAN_POINT('Ctrl Pts',(-10.1494171299094,345.31052184252,6.25133759683664));
#2539=CARTESIAN_POINT('Ctrl Pts',(-9.06783513299113,345.414210016085,6.25877296661591));
#2540=CARTESIAN_POINT('Ctrl Pts',(-7.08822757004774,346.405194765082,6.32738976566347));
#2541=CARTESIAN_POINT('Ctrl Pts',(-6.20197011625515,347.34507525816,6.39275776041702));
#2542=CARTESIAN_POINT('Ctrl Pts',(-4.66906251668465,348.907911692407,6.49284542676547));
#2543=CARTESIAN_POINT('Ctrl Pts',(-4.6690625166847,348.907911692407,6.49284542676546));
#2544=CARTESIAN_POINT('Ctrl Pts',(-3.87100245439618,349.721553259852,6.54495291795588));
#2545=CARTESIAN_POINT('Ctrl Pts',(-3.2258247884883,350.372764370198,6.58515199066197));
#2546=CARTESIAN_POINT('Ctrl Pts',(-2.7113230292914,351.283802022778,6.64020526170669));
#2547=CARTESIAN_POINT('Ctrl Pts',(-2.60938289610063,351.560366990018,6.65672506261932));
#2548=CARTESIAN_POINT('Ctrl Pts',(-2.5366945321755,352.113588442572,6.68934706825448));
#2549=CARTESIAN_POINT('Ctrl Pts',(-2.55339688381241,352.382722531171,6.70504837801223));
#2550=CARTESIAN_POINT('Ctrl Pts',(-2.71004288811433,353.040035854244,6.74287868494161));
#2551=CARTESIAN_POINT('Ctrl Pts',(-2.88105519596088,353.443163067527,6.76575946156093));
#2552=CARTESIAN_POINT('Ctrl Pts',(-4.12908123635516,355.640434962927,6.8875362227101));
#2553=CARTESIAN_POINT('Ctrl Pts',(-6.40568608026408,358.254542192991,7.02396498873768));
#2554=CARTESIAN_POINT('Ctrl Pts',(-8.95624559926527,361.26293081167,7.15266092120118));
#2555=CARTESIAN_POINT('',(8.55625312781127,368.248542186453,7.40959314464419));
#2556=CARTESIAN_POINT('',(8.55625312786021,371.856914780911,7.50950376745401));
#2557=CARTESIAN_POINT('Origin',(8.55625312786021,386.204663899105,-575.883838477482));
#2558=CARTESIAN_POINT('',(8.3911910306912,372.436475923372,7.52346922472746));
#2559=CARTESIAN_POINT('Ctrl Pts',(8.55625312786022,371.856914780911,7.50950376745394));
#2560=CARTESIAN_POINT('Ctrl Pts',(8.55625312786022,371.995032975589,7.512900592653));
#2561=CARTESIAN_POINT('Ctrl Pts',(8.52865038259221,372.14236181875,7.51646981513268));
#2562=CARTESIAN_POINT('Ctrl Pts',(8.44969686670369,372.332966121566,7.52101984786437));
#2563=CARTESIAN_POINT('Ctrl Pts',(8.42234689192671,372.386215832709,7.52228310592706));
#2564=CARTESIAN_POINT('Ctrl Pts',(8.3911910306912,372.436475923372,7.52346922472739));
#2565=CARTESIAN_POINT('',(4.21747511447605,379.16944147236,7.64350049292297));
#2566=CARTESIAN_POINT('Origin',(-0.143607621351851,386.204663899105,-575.883838477482));
#2567=CARTESIAN_POINT('',(2.35032816981195,379.173820654184,7.64355327353165));
#2568=CARTESIAN_POINT('Ctrl Pts',(4.21747511447605,379.16944147236,7.64350049292297));
#2569=CARTESIAN_POINT('Ctrl Pts',(4.17199388032389,379.242811004169,7.64438506326123));
#2570=CARTESIAN_POINT('Ctrl Pts',(4.11830621260645,379.309747905358,7.64517808797934));
#2571=CARTESIAN_POINT('Ctrl Pts',(3.96268150829942,379.465368158167,7.64700142048697));
#2572=CARTESIAN_POINT('Ctrl Pts',(3.83899157874473,379.550021436433,7.6479674807974));
#2573=CARTESIAN_POINT('Ctrl Pts',(3.56797830527052,379.662277546059,7.64923685933598));
#2574=CARTESIAN_POINT('Ctrl Pts',(3.42065495480317,379.689880329901,7.6495429802732));
#2575=CARTESIAN_POINT('Ctrl Pts',(3.28253721164504,379.689880329901,7.6495429802732));
#2576=CARTESIAN_POINT('Ctrl Pts',(3.14441683583495,379.689880329901,7.6495429802732));
#2577=CARTESIAN_POINT('Ctrl Pts',(2.99709085724615,379.662276502292,7.64923684782277));
#2578=CARTESIAN_POINT('Ctrl Pts',(2.72607357011449,379.550016459529,7.64796742422954));
#2579=CARTESIAN_POINT('Ctrl Pts',(2.60238225502511,379.465360291891,7.64700133018334));
#2580=CARTESIAN_POINT('Ctrl Pts',(2.44791637952315,379.310894416389,7.64519152005025));
#2581=CARTESIAN_POINT('Ctrl Pts',(2.39521326772537,379.245475740121,7.64441663604735));
#2582=CARTESIAN_POINT('Ctrl Pts',(2.35032816981195,379.173820654184,7.64355327353165));
#2583=CARTESIAN_POINT('',(-2.41846386362367,371.560866269411,7.50214770272805));
#2584=CARTESIAN_POINT('Origin',(6.75448292499868,386.204663899105,-575.883838477482));
#2585=CARTESIAN_POINT('',(-1.80725945787799,369.92480616894,7.45878461186607));
#2586=CARTESIAN_POINT('Ctrl Pts',(-2.41846386362367,371.560866269411,7.50214770272798));
#2587=CARTESIAN_POINT('Ctrl Pts',(-2.45075664504064,371.509313702186,7.50085366176777));
#2588=CARTESIAN_POINT('Ctrl Pts',(-2.47904471677108,371.454560446335,7.49947234450931));
#2589=CARTESIAN_POINT('Ctrl Pts',(-2.55865657935267,371.262350889199,7.49459387746716));
#2590=CARTESIAN_POINT('Ctrl Pts',(-2.58625482178093,371.115032847242,7.49080255665372));
#2591=CARTESIAN_POINT('Ctrl Pts',(-2.58625482178093,370.838815543353,7.48359245457084));
#2592=CARTESIAN_POINT('Ctrl Pts',(-2.55865539818738,370.691496840604,7.47969286812428));
#2593=CARTESIAN_POINT('Ctrl Pts',(-2.44640108290294,370.420480146174,7.47242282383878));
#2594=CARTESIAN_POINT('Ctrl Pts',(-2.36174596725566,370.296782172048,7.46905516989205));
#2595=CARTESIAN_POINT('Ctrl Pts',(-2.16641836045306,370.101454565246,7.46369590754716));
#2596=CARTESIAN_POINT('Ctrl Pts',(-2.04273292513403,370.016798092159,7.46134735536858));
#2597=CARTESIAN_POINT('Ctrl Pts',(-1.87447904672982,369.947101590193,7.45940656130252));
#2598=CARTESIAN_POINT('Ctrl Pts',(-1.84106794005751,369.935121229794,7.4590724833785));
#2599=CARTESIAN_POINT('Ctrl Pts',(-1.80725945787799,369.92480616894,7.45878461186607));
#2600=CARTESIAN_POINT('',(7.13524849181906,367.196422410224,7.37625482221908));
#2601=CARTESIAN_POINT('Origin',(-55.1658666211299,386.204663899105,-575.883838477482));
#2602=CARTESIAN_POINT('Ctrl Pts',(7.13524849181906,367.196422410224,7.37625482221906));
#2603=CARTESIAN_POINT('Ctrl Pts',(7.24134698838403,367.164051467253,7.37519986456248));
#2604=CARTESIAN_POINT('Ctrl Pts',(7.35150218102416,367.148542186502,7.37469245519975));
#2605=CARTESIAN_POINT('Ctrl Pts',(7.59438667001919,367.148542186502,7.37469245519975));
#2606=CARTESIAN_POINT('Ctrl Pts',(7.74172093206483,367.176151582028,7.37559655443426));
#2607=CARTESIAN_POINT('Ctrl Pts',(8.01273778881451,367.288418080972,7.37924837003931));
#2608=CARTESIAN_POINT('Ctrl Pts',(8.13642060397456,367.373074744026,7.3819932628371));
#2609=CARTESIAN_POINT('Ctrl Pts',(8.33174796741128,367.568402107463,7.38826695669889));
#2610=CARTESIAN_POINT('Ctrl Pts',(8.41640281295016,367.692102399732,7.39221377216923));
#2611=CARTESIAN_POINT('Ctrl Pts',(8.52865523194111,367.963119024762,7.40075252574626));
#2612=CARTESIAN_POINT('Ctrl Pts',(8.55625312781127,368.110435312355,7.40534165867467));
#2613=CARTESIAN_POINT('Ctrl Pts',(8.55625312781128,368.248542186453,7.4095931446442));
#2614=CARTESIAN_POINT('',(-12.5750754379687,327.198644915027,4.69513065947027));
#2615=CARTESIAN_POINT('',(-4.1829860815956,329.6291727474,4.937014696213));
#2616=CARTESIAN_POINT('Ctrl Pts',(-12.5750754379687,327.198644915027,4.69513065947027));
#2617=CARTESIAN_POINT('Ctrl Pts',(-11.8308168785785,327.104777263357,4.68559060250843));
#2618=CARTESIAN_POINT('Ctrl Pts',(-11.1982822640867,327.144011834293,4.68964614146712));
#2619=CARTESIAN_POINT('Ctrl Pts',(-8.93096014456776,327.777259009483,4.75375128609813));
#2620=CARTESIAN_POINT('Ctrl Pts',(-7.11825223161585,328.487689738005,4.82582729385825));
#2621=CARTESIAN_POINT('Ctrl Pts',(-4.1829860815956,329.6291727474,4.93701469621296));
#2622=CARTESIAN_POINT('',(3.06542904139024,333.899714403894,5.3371538643114));
#2623=CARTESIAN_POINT('Ctrl Pts',(-4.18298608159565,329.6291727474,4.93701469621296));
#2624=CARTESIAN_POINT('Ctrl Pts',(-0.900180042258922,330.90580891545,5.06136683996742));
#2625=CARTESIAN_POINT('Ctrl Pts',(1.03467175341955,331.646500964768,5.13025976828455));
#2626=CARTESIAN_POINT('Ctrl Pts',(2.33058418685189,332.409982730599,5.20119863790144));
#2627=CARTESIAN_POINT('Ctrl Pts',(2.54755263719719,332.584861281263,5.21735699477856));
#2628=CARTESIAN_POINT('Ctrl Pts',(2.81155290545102,332.908446445169,5.2471136082287));
#2629=CARTESIAN_POINT('Ctrl Pts',(2.88449740921198,333.054722309419,5.2605154008895));
#2630=CARTESIAN_POINT('Ctrl Pts',(2.99896990831533,333.416927626102,5.29353957264038));
#2631=CARTESIAN_POINT('Ctrl Pts',(3.02935543517966,333.640059981877,5.31378717314096));
#2632=CARTESIAN_POINT('Ctrl Pts',(3.06542904139027,333.899714403894,5.33715386431137));
#2633=CARTESIAN_POINT('',(-2.25976917027968,339.435827067163,5.80879993378652));
#2634=CARTESIAN_POINT('Ctrl Pts',(3.06542904139025,333.899714403894,5.33715386431136));
#2635=CARTESIAN_POINT('Ctrl Pts',(3.11612843578491,334.264641384943,5.36999419107982));
#2636=CARTESIAN_POINT('Ctrl Pts',(3.16051887709084,334.562202341005,5.39646309746176));
#2637=CARTESIAN_POINT('Ctrl Pts',(3.06964665582487,335.009441677581,5.43597427600376));
#2638=CARTESIAN_POINT('Ctrl Pts',(3.00522941525407,335.166434383832,5.44978182631722));
#2639=CARTESIAN_POINT('Ctrl Pts',(2.75589119361033,335.544787002894,5.48288751720818));
#2640=CARTESIAN_POINT('Ctrl Pts',(2.5476645363432,335.772731904622,5.50273522815615));
#2641=CARTESIAN_POINT('Ctrl Pts',(1.18351444590702,337.001229635448,5.60870734404554));
#2642=CARTESIAN_POINT('Ctrl Pts',(-1.15151485867508,338.635120796276,5.74442211900845));
#2643=CARTESIAN_POINT('Ctrl Pts',(-2.25976917027968,339.435827067163,5.80879993378652));
#2644=CARTESIAN_POINT('',(-12.1802374005272,343.004001711633,6.08467653603618));
#2645=CARTESIAN_POINT('Ctrl Pts',(-2.25976917027968,339.435827067163,5.80879993378652));
#2646=CARTESIAN_POINT('Ctrl Pts',(-3.34205196691376,340.217768628092,5.87166904173172));
#2647=CARTESIAN_POINT('Ctrl Pts',(-4.94396380118253,341.399985492151,5.96382134141165));
#2648=CARTESIAN_POINT('Ctrl Pts',(-7.07270634246275,342.696726919827,6.06208159022555));
#2649=CARTESIAN_POINT('Ctrl Pts',(-7.79050026230574,342.995980369494,6.08409434095956));
#2650=CARTESIAN_POINT('Ctrl Pts',(-9.50655124800946,343.268009272936,6.1042330309295));
#2651=CARTESIAN_POINT('Ctrl Pts',(-10.5309555817979,343.167077568111,6.09678197611565));
#2652=CARTESIAN_POINT('Ctrl Pts',(-12.1802374005272,343.004001711633,6.08467653603618));
#2653=CARTESIAN_POINT('Origin',(-11.1010295791676,386.204663899105,-575.883838477482));
#2654=CARTESIAN_POINT('',(3.35487212992174,303.346893267419,1.77370672245964));
#2655=CARTESIAN_POINT('',(-8.09589404439467,309.017023913171,2.55865470042892));
#2656=CARTESIAN_POINT('Ctrl Pts',(3.35487212992173,303.346893267419,1.77370672245957));
#2657=CARTESIAN_POINT('Ctrl Pts',(2.6353943785023,305.13065580022,2.02956521168437));
#2658=CARTESIAN_POINT('Ctrl Pts',(1.99678511277919,306.7486620326,2.25251959642192));
#2659=CARTESIAN_POINT('Ctrl Pts',(1.02440052668434,308.418053740573,2.47868748642147));
#2660=CARTESIAN_POINT('Ctrl Pts',(0.696503948199144,308.848762346762,2.53626818880704));
#2661=CARTESIAN_POINT('Ctrl Pts',(0.0268107784949723,309.436175216451,2.61449379211992));
#2662=CARTESIAN_POINT('Ctrl Pts',(-0.304612877665549,309.629721620242,2.64009774729467));
#2663=CARTESIAN_POINT('Ctrl Pts',(-1.07185562649422,309.888080450781,2.67423625598983));
#2664=CARTESIAN_POINT('Ctrl Pts',(-1.5058197193174,309.951530124176,2.68258755516313));
#2665=CARTESIAN_POINT('Ctrl Pts',(-3.37520469639097,309.980429225715,2.68639596341013));
#2666=CARTESIAN_POINT('Ctrl Pts',(-5.25581965240663,309.596965925909,2.63604243701433));
#2667=CARTESIAN_POINT('Ctrl Pts',(-8.09589404439467,309.017023913171,2.55865470042887));
#2668=CARTESIAN_POINT('',(-11.703823871791,307.97499537468,2.41865040098901));
#2669=CARTESIAN_POINT('Origin',(259.159347366454,386.204663899105,-575.883838477482));
#2670=CARTESIAN_POINT('',(-11.703823871791,295.947926287439,0.663966128670666));
#2671=CARTESIAN_POINT('Origin',(-11.703823871791,386.204663899105,-575.883838477482));
#2672=CARTESIAN_POINT('',(-5.11153260182875,295.947926287439,0.663966128670666));
#2673=CARTESIAN_POINT('',(-26.5,295.947926287439,0.663966128670666));
#2674=CARTESIAN_POINT('Ctrl Pts',(-5.11153260182875,295.947926287439,0.663966128670683));
#2675=CARTESIAN_POINT('Ctrl Pts',(-1.98026244498084,295.947926287439,0.663966128670683));
#2676=CARTESIAN_POINT('Ctrl Pts',(0.294753950611591,295.947923183617,0.663985981030374));
#2677=CARTESIAN_POINT('Ctrl Pts',(2.90116811326937,296.195651727719,0.702700502768409));
#2678=CARTESIAN_POINT('Ctrl Pts',(3.63782761495591,296.353269106836,0.727334811740859));
#2679=CARTESIAN_POINT('Ctrl Pts',(4.3586821626602,296.722786613321,0.784745596479183));
#2680=CARTESIAN_POINT('Ctrl Pts',(4.53683074974665,296.854171376641,0.805128942340046));
#2681=CARTESIAN_POINT('Ctrl Pts',(4.79571209877992,297.151026860413,0.851038905584546));
#2682=CARTESIAN_POINT('Ctrl Pts',(4.88267885443258,297.305360783109,0.874858026591751));
#2683=CARTESIAN_POINT('Ctrl Pts',(5.00797838916621,297.678369840839,0.932238065139233));
#2684=CARTESIAN_POINT('Ctrl Pts',(5.0318419188964,297.891787015104,0.964955301304398));
#2685=CARTESIAN_POINT('Ctrl Pts',(5.03022046035764,298.460024477495,1.05173743431821));
#2686=CARTESIAN_POINT('Ctrl Pts',(4.95879274120228,298.875794341387,1.11491354091233));
#2687=CARTESIAN_POINT('Ctrl Pts',(4.54119871440938,300.425447058706,1.34811877944974));
#2688=CARTESIAN_POINT('Ctrl Pts',(3.96921396710684,301.823787816249,1.55523624082283));
#2689=CARTESIAN_POINT('Ctrl Pts',(3.35487212992174,303.346893267419,1.77370672245957));
#2690=CARTESIAN_POINT('Origin',(-26.5,238.889071025907,7.91215766071535));
#2691=CARTESIAN_POINT('',(-26.5,292.099995613098,32.8076977561048));
#2692=CARTESIAN_POINT('',(-26.5,292.099995613098,32.8128148009057));
#2693=CARTESIAN_POINT('',(-26.5,292.099995613098,8.46549249479787));
#2694=CARTESIAN_POINT('',(-26.5,294.279538675845,32.5417800427722));
#2695=CARTESIAN_POINT('Origin',(-26.5,253.137506005666,-295.605866474259));
#2696=CARTESIAN_POINT('',(-26.5,294.279538675846,32.5466502517796));
#2697=CARTESIAN_POINT('',(-26.5,294.279538675845,0.));
#2698=CARTESIAN_POINT('Origin',(-26.5,253.083503163328,-295.738645202066));
#2699=CARTESIAN_POINT('Origin',(-26.5,253.083503163327,-295.738645202065));
#2700=CARTESIAN_POINT('',(8.55625312786021,371.856914780911,13.0674836974218));
#2701=CARTESIAN_POINT('',(8.55625312786022,370.393406709542,13.6264062868862));
#2702=CARTESIAN_POINT('Origin',(8.55625312786021,253.083503163327,-295.738645202065));
#2703=CARTESIAN_POINT('',(13.3085727748195,370.393406709542,13.6264062868862));
#2704=CARTESIAN_POINT('',(-26.5,370.393406709542,13.6264062868862));
#2705=CARTESIAN_POINT('Ctrl Pts',(13.3085727747346,370.393406709709,13.6264062874414));
#2706=CARTESIAN_POINT('Ctrl Pts',(12.2026523679689,372.574883340036,12.7991996852082));
#2707=CARTESIAN_POINT('Ctrl Pts',(10.998881383185,374.665672728912,11.9798747143299));
#2708=CARTESIAN_POINT('Ctrl Pts',(7.88822645279392,379.49962016945,10.0337683173254));
#2709=CARTESIAN_POINT('Ctrl Pts',(5.77997153802676,382.316853477186,8.85233666455326));
#2710=CARTESIAN_POINT('Ctrl Pts',(3.42047726610151,385.002569459031,7.68467048220498));
#2711=CARTESIAN_POINT('',(-6.5873498853235,370.393406709542,13.6264062868862));
#2712=CARTESIAN_POINT('Ctrl Pts',(3.31718827960197,385.002569459031,7.68467048220496));
#2713=CARTESIAN_POINT('Ctrl Pts',(0.969559011686145,382.334868725255,8.84450419228918));
#2714=CARTESIAN_POINT('Ctrl Pts',(-1.1297570550525,379.537260272747,10.0179949675764));
#2715=CARTESIAN_POINT('Ctrl Pts',(-4.25055215089468,374.705800542453,11.9641462810574));
#2716=CARTESIAN_POINT('Ctrl Pts',(-5.46888224306405,372.595780069654,12.7912757347682));
#2717=CARTESIAN_POINT('Ctrl Pts',(-6.58734988523848,370.393406709709,13.6264062874415));
#2718=CARTESIAN_POINT('',(-2.41872750322764,370.393406709542,13.6264062868862));
#2719=CARTESIAN_POINT('',(-26.5,370.393406709542,13.6264062868862));
#2720=CARTESIAN_POINT('',(-2.41846386362367,371.560866269411,13.1811874157124));
#2721=CARTESIAN_POINT('Ctrl Pts',(-2.41872750332327,370.393406709695,13.626406287447));
#2722=CARTESIAN_POINT('Ctrl Pts',(-2.45038838303952,370.444001280727,13.6072210426395));
#2723=CARTESIAN_POINT('Ctrl Pts',(-2.47804840461923,370.497431386333,13.5869461881336));
#2724=CARTESIAN_POINT('Ctrl Pts',(-2.55853626011859,370.689909062883,13.5138461910977));
#2725=CARTESIAN_POINT('Ctrl Pts',(-2.58625482178093,370.838365285547,13.4573492593067));
#2726=CARTESIAN_POINT('Ctrl Pts',(-2.58625482178093,371.113239399552,13.3525245211333));
#2727=CARTESIAN_POINT('Ctrl Pts',(-2.55942634418248,371.259339740003,13.2966946090454));
#2728=CARTESIAN_POINT('Ctrl Pts',(-2.48012301582066,371.452428910341,13.2227597897576));
#2729=CARTESIAN_POINT('Ctrl Pts',(-2.45144592710307,371.508213324384,13.2013809462921));
#2730=CARTESIAN_POINT('Ctrl Pts',(-2.41846386362367,371.560866269411,13.1811874157124));
#2731=CARTESIAN_POINT('',(2.35032816981195,379.173820654184,10.1528067677825));
#2732=CARTESIAN_POINT('Origin',(-76.6332662605558,253.083503163327,-295.738645202065));
#2733=CARTESIAN_POINT('',(4.21747511447605,379.16944147236,10.1546118564998));
#2734=CARTESIAN_POINT('Ctrl Pts',(2.35032816981195,379.173820654184,10.1528067677824));
#2735=CARTESIAN_POINT('Ctrl Pts',(2.39489357371682,379.244965376933,10.1234804802335));
#2736=CARTESIAN_POINT('Ctrl Pts',(2.44742760329606,379.310405640162,10.0964762055217));
#2737=CARTESIAN_POINT('Ctrl Pts',(2.60012426238248,379.463102299248,10.0334204441638));
#2738=CARTESIAN_POINT('Ctrl Pts',(2.72225531323619,379.547820058695,9.99838047964616));
#2739=CARTESIAN_POINT('Ctrl Pts',(2.99316404801083,379.661247447185,9.95143800724665));
#2740=CARTESIAN_POINT('Ctrl Pts',(3.14198056195664,379.689880329901,9.93957419526438));
#2741=CARTESIAN_POINT('Ctrl Pts',(3.28253721164504,379.689880329901,9.93957419526438));
#2742=CARTESIAN_POINT('Ctrl Pts',(3.42013912555793,379.689880329901,9.93957419526438));
#2743=CARTESIAN_POINT('Ctrl Pts',(3.56607047395167,379.662426464878,9.95094935134603));
#2744=CARTESIAN_POINT('Ctrl Pts',(3.8326588306811,379.553266300572,9.99612719784202));
#2745=CARTESIAN_POINT('Ctrl Pts',(3.95335363506016,379.471636556349,10.0298917853489));
#2746=CARTESIAN_POINT('Ctrl Pts',(4.11163686496031,379.318151641543,10.0932800332494));
#2747=CARTESIAN_POINT('Ctrl Pts',(4.16934765292626,379.247079851944,10.1226101444232));
#2748=CARTESIAN_POINT('Ctrl Pts',(4.21747511447606,379.16944147236,10.1546118564998));
#2749=CARTESIAN_POINT('',(8.3911910306912,372.436475923372,12.843947382978));
#2750=CARTESIAN_POINT('Origin',(82.3772226584656,253.083503163327,-295.738645202065));
#2751=CARTESIAN_POINT('Ctrl Pts',(8.39119103069121,372.436475923372,12.8439473829779));
#2752=CARTESIAN_POINT('Ctrl Pts',(8.42177021968494,372.387146110288,12.8630270717831));
#2753=CARTESIAN_POINT('Ctrl Pts',(8.44854880663913,372.335165033584,12.8831184403049));
#2754=CARTESIAN_POINT('Ctrl Pts',(8.52847847221864,372.144177186917,12.9568781705325));
#2755=CARTESIAN_POINT('Ctrl Pts',(8.55625312786022,371.995632161522,13.0141300395635));
#2756=CARTESIAN_POINT('Ctrl Pts',(8.55625312786021,371.856914780911,13.0674836974218));
#2757=CARTESIAN_POINT('Origin',(-26.5,253.083503163327,-295.738645202065));
#2758=CARTESIAN_POINT('',(-31.5,292.099995613098,32.8128148009057));
#2759=CARTESIAN_POINT('',(-26.5,292.099995613098,32.8128148009054));
#2760=CARTESIAN_POINT('',(-31.5,292.161218898959,32.8055385633029));
#2761=CARTESIAN_POINT('Ctrl Pts',(-26.4999999999999,294.279538675845,32.5466502517793));
#2762=CARTESIAN_POINT('Ctrl Pts',(-27.3480521230928,293.801418888505,32.6066487957631));
#2763=CARTESIAN_POINT('Ctrl Pts',(-28.2296854539255,293.372260956157,32.6594461222579));
#2764=CARTESIAN_POINT('Ctrl Pts',(-29.9078682557335,292.678411801809,32.7437678238589));
#2765=CARTESIAN_POINT('Ctrl Pts',(-30.6990836352855,292.398576035653,32.7773068210473));
#2766=CARTESIAN_POINT('Ctrl Pts',(-31.5,292.161218898959,32.8055385633026));
#2767=CARTESIAN_POINT('Origin',(-31.5,253.083503163328,-295.738645202066));
#2768=CARTESIAN_POINT('Origin',(-26.5,238.889071025907,7.91215766071535));
#2769=CARTESIAN_POINT('',(-26.5,292.099995613098,8.46549249479787));
#2770=CARTESIAN_POINT('',(-26.5,294.279538675845,0.));
#2771=CARTESIAN_POINT('Origin',(-31.5,238.889071025907,7.91215766071535));
#2772=CARTESIAN_POINT('',(-31.5,292.099995613098,8.46549249479787));
#2773=CARTESIAN_POINT('',(-31.5,292.161218898959,0.));
#2774=CARTESIAN_POINT('Origin',(56.0860269911682,338.56495049199,0.));
#2775=CARTESIAN_POINT('',(-14.2062399682591,338.56495049199,23.8870074610396));
#2776=CARTESIAN_POINT('Ctrl Pts',(-6.58734988532349,370.393406709542,13.6264062868862));
#2777=CARTESIAN_POINT('Ctrl Pts',(-6.94019624646849,369.698617341802,13.8898592324226));
#2778=CARTESIAN_POINT('Ctrl Pts',(-7.28050986495209,368.99987207878,14.152131310868));
#2779=CARTESIAN_POINT('Ctrl Pts',(-9.16064100483513,364.972283768279,15.6482342890727));
#2780=CARTESIAN_POINT('Ctrl Pts',(-10.4232708638304,361.578455562987,16.846555040915));
#2781=CARTESIAN_POINT('Ctrl Pts',(-12.3401468068498,355.003209317375,19.0503972772456));
#2782=CARTESIAN_POINT('Ctrl Pts',(-13.0891062417496,351.554792860714,20.1494509174269));
#2783=CARTESIAN_POINT('Ctrl Pts',(-13.9880246949159,344.911983156806,22.1382461062253));
#2784=CARTESIAN_POINT('Ctrl Pts',(-14.2062399682591,341.746809899472,23.0362275530314));
#2785=CARTESIAN_POINT('Ctrl Pts',(-14.2062399682591,338.56495049199,23.8870074610396));
#2786=CARTESIAN_POINT('',(-14.2062399682591,338.56495049199,0.));
#2787=CARTESIAN_POINT('Origin',(-14.2062399682571,338.56495049199,0.));
#2788=CARTESIAN_POINT('',(-14.2062399683194,315.32350292669,29.211692401241));
#2789=CARTESIAN_POINT('Origin',(-14.2062399682571,253.137506005666,-295.605866474259));
#2790=CARTESIAN_POINT('',(-14.2062399683194,315.32350292669,0.));
#2791=CARTESIAN_POINT('Origin',(20.9050276932362,315.347711145658,0.));
#2792=CARTESIAN_POINT('',(20.9050276932361,338.609166167826,23.8751815959273));
#2793=CARTESIAN_POINT('',(20.9050276932361,338.609166167826,0.));
#2794=CARTESIAN_POINT('',(20.9050277790649,315.347711145658,29.20705682674));
#2795=CARTESIAN_POINT('Origin',(20.9050276932362,253.137506005666,-295.605866474259));
#2796=CARTESIAN_POINT('',(20.9050277790649,315.347711145658,0.));
#2797=CARTESIAN_POINT('Origin',(-49.3872392661891,338.609166167827,0.));
#2798=CARTESIAN_POINT('Ctrl Pts',(20.9050276932361,338.609166167826,23.8751815959273));
#2799=CARTESIAN_POINT('Ctrl Pts',(20.9050276932361,341.774156668805,23.0284428170541));
#2800=CARTESIAN_POINT('Ctrl Pts',(20.6891402054707,344.922427182312,22.1350616851671));
#2801=CARTESIAN_POINT('Ctrl Pts',(19.7973503576189,351.548109743233,20.151518629972));
#2802=CARTESIAN_POINT('Ctrl Pts',(19.0513037793591,354.995531348126,19.0528738088818));
#2803=CARTESIAN_POINT('Ctrl Pts',(17.1403386432432,361.569585453105,16.8496278770252));
#2804=CARTESIAN_POINT('Ctrl Pts',(15.8808975121401,364.963207041974,15.6514960617576));
#2805=CARTESIAN_POINT('Ctrl Pts',(14.0034176177176,368.993895142171,14.1543746317899));
#2806=CARTESIAN_POINT('Ctrl Pts',(13.6623116342335,369.695641255234,13.8909877165486));
#2807=CARTESIAN_POINT('Ctrl Pts',(13.3085727748195,370.393406709542,13.6264062868862));
#2808=CARTESIAN_POINT('Origin',(-38.3643203395927,315.323558018819,0.));
#2809=CARTESIAN_POINT('Ctrl Pts',(-14.2062399683194,315.32350292669,29.2116924012409));
#2810=CARTESIAN_POINT('Ctrl Pts',(-14.2062434127191,313.813122275939,29.5008532668739));
#2811=CARTESIAN_POINT('Ctrl Pts',(-14.3501771468678,312.248067113901,29.7892690263141));
#2812=CARTESIAN_POINT('Ctrl Pts',(-14.9599040019181,309.129118990126,30.3404358185403));
#2813=CARTESIAN_POINT('Ctrl Pts',(-15.4256016737794,307.575212240128,30.6032177211806));
#2814=CARTESIAN_POINT('Ctrl Pts',(-16.6612513396516,304.590502797656,31.0872916914117));
#2815=CARTESIAN_POINT('Ctrl Pts',(-17.4322119871205,303.157331095484,31.3090467467842));
#2816=CARTESIAN_POINT('Ctrl Pts',(-19.2185603685261,300.504309968517,31.7039703328208));
#2817=CARTESIAN_POINT('Ctrl Pts',(-20.2340670356878,299.284555239093,31.8772370203505));
#2818=CARTESIAN_POINT('Ctrl Pts',(-22.387262644759,297.140590643341,32.1721479775229));
#2819=CARTESIAN_POINT('Ctrl Pts',(-23.5949357635008,296.140581126317,32.3042906268341));
#2820=CARTESIAN_POINT('Ctrl Pts',(-25.4247813249938,294.913641123181,32.4618402799748));
#2821=CARTESIAN_POINT('Ctrl Pts',(-25.9554861244519,294.586527894186,32.5032907816592));
#2822=CARTESIAN_POINT('Ctrl Pts',(-26.5000000000001,294.279538675845,32.5417800427721));
#2823=CARTESIAN_POINT('Origin',(45.0631080645722,315.349747546325,0.));
#2824=CARTESIAN_POINT('',(33.5,294.13872731827,32.5594038054819));
#2825=CARTESIAN_POINT('Ctrl Pts',(33.4999999999999,294.138727318269,32.5594038054819));
#2826=CARTESIAN_POINT('Ctrl Pts',(32.849670205167,294.493252164996,32.5151091984108));
#2827=CARTESIAN_POINT('Ctrl Pts',(32.2179991378602,294.876515027836,32.4666396332521));
#2828=CARTESIAN_POINT('Ctrl Pts',(30.2937557103958,296.166746402375,32.3008581853285));
#2829=CARTESIAN_POINT('Ctrl Pts',(29.0860872205054,297.166748608753,32.1686353040814));
#2830=CARTESIAN_POINT('Ctrl Pts',(26.9328844133962,299.310710033141,31.8735504321487));
#2831=CARTESIAN_POINT('Ctrl Pts',(25.9173690372687,300.530471508608,31.7001833762571));
#2832=CARTESIAN_POINT('Ctrl Pts',(24.1310081497508,303.183504974223,31.3050410145499));
#2833=CARTESIAN_POINT('Ctrl Pts',(23.3600436934392,304.616682253686,31.0831675570833));
#2834=CARTESIAN_POINT('Ctrl Pts',(22.1243896256556,307.601400110166,30.5988465251717));
#2835=CARTESIAN_POINT('Ctrl Pts',(21.6586913542878,309.155309663302,30.3359357710891));
#2836=CARTESIAN_POINT('Ctrl Pts',(21.0490976967778,312.273577959355,29.7846304947033));
#2837=CARTESIAN_POINT('Ctrl Pts',(20.9051550444533,313.837945645433,29.496216569917));
#2838=CARTESIAN_POINT('Ctrl Pts',(20.9050277790649,315.347711145658,29.20705682674));
#2839=CARTESIAN_POINT('',(33.5,294.13872731827,32.5642897874872));
#2840=CARTESIAN_POINT('',(33.5,294.138727318269,0.));
#2841=CARTESIAN_POINT('',(38.5,292.100001573353,32.8128140931047));
#2842=CARTESIAN_POINT('Ctrl Pts',(38.5,292.100264546467,32.8127828641324));
#2843=CARTESIAN_POINT('Ctrl Pts',(37.5962522605018,292.355383943207,32.7824864423959));
#2844=CARTESIAN_POINT('Ctrl Pts',(36.7035463096511,292.664542481061,32.7454813938227));
#2845=CARTESIAN_POINT('Ctrl Pts',(35.0350484379364,293.354386002219,32.6615906801881));
#2846=CARTESIAN_POINT('Ctrl Pts',(34.2549412591403,293.727173924421,32.6157557204269));
#2847=CARTESIAN_POINT('Ctrl Pts',(33.5,294.138727318269,32.5642897874869));
#2848=CARTESIAN_POINT('',(38.5,292.100002352991,0.0317229402668936));
#2849=CARTESIAN_POINT('',(38.5,292.099995613098,8.46549249479787));
#2850=CARTESIAN_POINT('',(33.5,294.138727318269,0.360061555532937));
#2851=CARTESIAN_POINT('Ctrl Pts',(33.5000000000002,294.138727318269,0.360061555533169));
#2852=CARTESIAN_POINT('Ctrl Pts',(34.2533953435993,293.728016674476,0.294654903887432));
#2853=CARTESIAN_POINT('Ctrl Pts',(35.0318862036994,293.355892975414,0.234948574432491));
#2854=CARTESIAN_POINT('Ctrl Pts',(36.7002007437747,292.665708327557,0.123680792398502));
#2855=CARTESIAN_POINT('Ctrl Pts',(37.5945047019052,292.355877262388,0.0733921911695613));
#2856=CARTESIAN_POINT('Ctrl Pts',(38.5000000000003,292.100264546466,0.0317656385594465));
#2857=CARTESIAN_POINT('',(33.5,294.138727318269,0.));
#2858=CARTESIAN_POINT('Ctrl Pts',(3.35487212992174,303.346893267419,60.));
#2859=CARTESIAN_POINT('Ctrl Pts',(3.35487212992174,303.346893267419,-60.));
#2860=CARTESIAN_POINT('Ctrl Pts',(6.339232119088,295.947926287439,60.));
#2861=CARTESIAN_POINT('Ctrl Pts',(6.339232119088,295.947926287439,-60.));
#2862=CARTESIAN_POINT('Ctrl Pts',(6.339232119088,295.947926287439,60.));
#2863=CARTESIAN_POINT('Ctrl Pts',(6.339232119088,295.947926287439,-60.));
#2864=CARTESIAN_POINT('Ctrl Pts',(-5.11153260182875,295.947926287439,60.));
#2865=CARTESIAN_POINT('Ctrl Pts',(-5.11153260182875,295.947926287439,-60.));
#2866=CARTESIAN_POINT('',(3.35487212992174,303.346893267419,31.2772352573842));
#2867=CARTESIAN_POINT('',(-5.11153260182875,295.947926287439,32.3282925915488));
#2868=CARTESIAN_POINT('Ctrl Pts',(3.35487212992175,303.346893267419,31.2772352573842));
#2869=CARTESIAN_POINT('Ctrl Pts',(4.06453822273259,301.587455395788,31.5474856832757));
#2870=CARTESIAN_POINT('Ctrl Pts',(4.65219433183187,300.14457191051,31.7548751602953));
#2871=CARTESIAN_POINT('Ctrl Pts',(5.00996927986493,298.600241280194,31.9714689692062));
#2872=CARTESIAN_POINT('Ctrl Pts',(5.05377785003212,298.201303954627,32.0264220679036));
#2873=CARTESIAN_POINT('Ctrl Pts',(4.99978585840607,297.65414622908,32.1011021866183));
#2874=CARTESIAN_POINT('Ctrl Pts',(4.94885621508454,297.453051692713,32.1283429536032));
#2875=CARTESIAN_POINT('Ctrl Pts',(4.76637628422004,297.108328121352,32.1747576295519));
#2876=CARTESIAN_POINT('Ctrl Pts',(4.65322833256967,296.972560169066,32.1929235019774));
#2877=CARTESIAN_POINT('Ctrl Pts',(4.34993290362037,296.716247070666,32.2271060383359));
#2878=CARTESIAN_POINT('Ctrl Pts',(4.14916127554347,296.603370295449,32.2420744837165));
#2879=CARTESIAN_POINT('Ctrl Pts',(3.53461809833239,296.354312382787,32.2750217938903));
#2880=CARTESIAN_POINT('Ctrl Pts',(3.047168101316,296.242698874401,32.2896867477371));
#2881=CARTESIAN_POINT('Ctrl Pts',(0.836137818577502,295.947935400568,32.3283621348102));
#2882=CARTESIAN_POINT('Ctrl Pts',(-1.59892209269366,295.947926287439,32.3282925915487));
#2883=CARTESIAN_POINT('Ctrl Pts',(-5.11153260182875,295.947926287439,32.3282925915487));
#2884=CARTESIAN_POINT('',(3.35487212992174,303.346893267419,0.));
#2885=CARTESIAN_POINT('',(-5.11153260182875,295.947926287439,0.));
#2886=CARTESIAN_POINT('Origin',(-5.11153260182875,295.947926287439,0.));
#2887=CARTESIAN_POINT('',(-11.703823871791,295.947926287439,32.3282925915488));
#2888=CARTESIAN_POINT('',(-26.5,295.947926287439,32.3282925915488));
#2889=CARTESIAN_POINT('',(-11.703823871791,295.947926287439,0.));
#2890=CARTESIAN_POINT('Ctrl Pts',(-8.09589404439467,309.017023913171,60.));
#2891=CARTESIAN_POINT('Ctrl Pts',(-8.09589404439467,309.017023913171,-60.));
#2892=CARTESIAN_POINT('Ctrl Pts',(0.370510687355821,310.7458602474,60.));
#2893=CARTESIAN_POINT('Ctrl Pts',(0.370510687355821,310.7458602474,-60.));
#2894=CARTESIAN_POINT('Ctrl Pts',(0.370510687355821,310.7458602474,60.));
#2895=CARTESIAN_POINT('Ctrl Pts',(0.370510687355821,310.7458602474,-60.));
#2896=CARTESIAN_POINT('Ctrl Pts',(3.35487212992174,303.346893267419,60.));
#2897=CARTESIAN_POINT('Ctrl Pts',(3.35487212992174,303.346893267419,-60.));
#2898=CARTESIAN_POINT('',(-8.09589404439467,309.017023913171,30.3558249026961));
#2899=CARTESIAN_POINT('Ctrl Pts',(-8.09589404439467,309.017023913171,30.3558249026961));
#2900=CARTESIAN_POINT('Ctrl Pts',(-5.59746962818601,309.527201142576,30.2683653687057));
#2901=CARTESIAN_POINT('Ctrl Pts',(-3.8324140938056,309.887861714812,30.205345631369));
#2902=CARTESIAN_POINT('Ctrl Pts',(-1.857488764194,309.981522223761,30.1890131360871));
#2903=CARTESIAN_POINT('Ctrl Pts',(-1.31371753363832,309.939321884201,30.1963996934475));
#2904=CARTESIAN_POINT('Ctrl Pts',(-0.455203500060757,309.697355817333,30.2384835479647));
#2905=CARTESIAN_POINT('Ctrl Pts',(-0.112963074041176,309.525649671409,30.2683203656989));
#2906=CARTESIAN_POINT('Ctrl Pts',(0.518753869684065,309.026735949622,30.3542587974144));
#2907=CARTESIAN_POINT('Ctrl Pts',(0.804993941904509,308.700878703583,30.4101328145281));
#2908=CARTESIAN_POINT('Ctrl Pts',(1.8146458891163,307.198397458226,30.6642452462747));
#2909=CARTESIAN_POINT('Ctrl Pts',(2.48476679081337,305.504098685417,30.945887562561));
#2910=CARTESIAN_POINT('Ctrl Pts',(3.35487212992174,303.346893267419,31.2772352573842));
#2911=CARTESIAN_POINT('',(-8.09589404439467,309.017023913171,0.));
#2912=CARTESIAN_POINT('Origin',(-11.703823871791,307.97499537468,0.));
#2913=CARTESIAN_POINT('',(-11.703823871791,307.97499537468,30.5327459692906));
#2914=CARTESIAN_POINT('Origin',(-201.573684672708,253.137506005666,-295.605866474259));
#2915=CARTESIAN_POINT('',(-11.703823871791,307.97499537468,0.));
#2916=CARTESIAN_POINT('Origin',(-11.703823871791,295.947926287439,0.));
#2917=CARTESIAN_POINT('Origin',(-11.703823871791,253.137506005666,-295.605866474259));
#2918=CARTESIAN_POINT('Origin',(-12.5750754379687,327.198644915027,0.));
#2919=CARTESIAN_POINT('',(-12.5750754379687,327.198644915027,26.7115120059417));
#2920=CARTESIAN_POINT('',(-12.1802374005272,343.004001711633,22.6669060282439));
#2921=CARTESIAN_POINT('Origin',(-14.4252174571566,253.137506005666,-295.605866474259));
#2922=CARTESIAN_POINT('',(-12.5750754379687,327.198644915027,0.));
#2923=CARTESIAN_POINT('',(-12.1802374005272,343.004001711633,0.));
#2924=CARTESIAN_POINT('Ctrl Pts',(-12.1802374005272,343.004001711633,60.));
#2925=CARTESIAN_POINT('Ctrl Pts',(-12.1802374005272,343.004001711633,-60.));
#2926=CARTESIAN_POINT('Ctrl Pts',(-7.7981760249092,343.437286310937,60.));
#2927=CARTESIAN_POINT('Ctrl Pts',(-7.7981760249092,343.437286310937,-60.));
#2928=CARTESIAN_POINT('Ctrl Pts',(-7.7981760249092,343.437286310937,60.));
#2929=CARTESIAN_POINT('Ctrl Pts',(-7.7981760249092,343.437286310937,-60.));
#2930=CARTESIAN_POINT('Ctrl Pts',(-2.25976917027968,339.435827067163,60.));
#2931=CARTESIAN_POINT('Ctrl Pts',(-2.25976917027968,339.435827067163,-60.));
#2932=CARTESIAN_POINT('',(-2.25976917027968,339.435827067163,23.6528758474938));
#2933=CARTESIAN_POINT('Ctrl Pts',(-12.1802374005272,343.004001711633,22.6669060282438));
#2934=CARTESIAN_POINT('Ctrl Pts',(-10.2960158561901,343.190307677447,22.6143012636416));
#2935=CARTESIAN_POINT('Ctrl Pts',(-9.2212414887022,343.297083507456,22.5841204173253));
#2936=CARTESIAN_POINT('Ctrl Pts',(-7.56558665006068,342.890707226416,22.69891059594));
#2937=CARTESIAN_POINT('Ctrl Pts',(-6.9746700502816,342.62599022761,22.7737181338282));
#2938=CARTESIAN_POINT('Ctrl Pts',(-5.24623769321515,341.597029300473,23.0614176737759));
#2939=CARTESIAN_POINT('Ctrl Pts',(-3.9955404178448,340.689909348576,23.3138868676717));
#2940=CARTESIAN_POINT('Ctrl Pts',(-2.25976917027968,339.435827067163,23.6528758474938));
#2941=CARTESIAN_POINT('',(-2.25976917027968,339.435827067163,0.));
#2942=CARTESIAN_POINT('Ctrl Pts',(-4.1829860815956,329.6291727474,60.));
#2943=CARTESIAN_POINT('Ctrl Pts',(-4.1829860815956,329.6291727474,-60.));
#2944=CARTESIAN_POINT('Ctrl Pts',(-9.86407535887839,327.419878409703,60.));
#2945=CARTESIAN_POINT('Ctrl Pts',(-9.86407535887839,327.419878409703,-60.));
#2946=CARTESIAN_POINT('Ctrl Pts',(-10.9575558050502,326.994639509169,60.));
#2947=CARTESIAN_POINT('Ctrl Pts',(-10.9575558050502,326.994639509169,-60.));
#2948=CARTESIAN_POINT('Ctrl Pts',(-12.5750754379687,327.198644915027,60.));
#2949=CARTESIAN_POINT('Ctrl Pts',(-12.5750754379687,327.198644915027,-60.));
#2950=CARTESIAN_POINT('',(-4.1829860815956,329.6291727474,26.1433676910644));
#2951=CARTESIAN_POINT('Ctrl Pts',(-4.1829860815956,329.6291727474,26.1433676910643));
#2952=CARTESIAN_POINT('Ctrl Pts',(-4.40976080913049,329.540983300443,26.1643335771347));
#2953=CARTESIAN_POINT('Ctrl Pts',(-4.62720646172366,329.456422255052,26.1844540848401));
#2954=CARTESIAN_POINT('Ctrl Pts',(-4.83605688905879,329.375254443417,26.2037697492736));
#2955=CARTESIAN_POINT('Ctrl Pts',(-5.0479925187159,329.292887596069,26.2233707506035));
#2956=CARTESIAN_POINT('Ctrl Pts',(-5.25107701247174,329.214014993826,26.2421429542465));
#2957=CARTESIAN_POINT('Ctrl Pts',(-5.44602483433252,329.138405760368,26.2601287183536));
#2958=CARTESIAN_POINT('Ctrl Pts',(-5.64392355124435,329.061652041628,26.2783867301923));
#2959=CARTESIAN_POINT('Ctrl Pts',(-5.83343731033444,328.988261253068,26.2958343138754));
#2960=CARTESIAN_POINT('Ctrl Pts',(-6.0152613427754,328.918006791072,26.312515780323));
#2961=CARTESIAN_POINT('Ctrl Pts',(-6.1999075248079,328.846661886858,26.3294561652046));
#2962=CARTESIAN_POINT('Ctrl Pts',(-6.37662332140248,328.778551444493,26.3456064659776));
#2963=CARTESIAN_POINT('Ctrl Pts',(-6.54608489884184,328.713453113209,26.3610130890454));
#2964=CARTESIAN_POINT('Ctrl Pts',(-6.71824560938076,328.64731791526,26.3766651041774));
#2965=CARTESIAN_POINT('Ctrl Pts',(-6.88291907522441,328.584291564751,26.391549562789));
#2966=CARTESIAN_POINT('Ctrl Pts',(-7.04076258330237,328.524155942641,26.4057151242317));
#2967=CARTESIAN_POINT('Ctrl Pts',(-7.20730954685699,328.460704455875,26.4206617715411));
#2968=CARTESIAN_POINT('Ctrl Pts',(-7.36625281957615,328.40047119457,26.4348080562944));
#2969=CARTESIAN_POINT('Ctrl Pts',(-7.51830588315114,328.343217128538,26.4482111390284));
#2970=CARTESIAN_POINT('Ctrl Pts',(-7.66853790554631,328.286648757417,26.4614537017108));
#2971=CARTESIAN_POINT('Ctrl Pts',(-7.81204339395434,328.232988749568,26.4739707574738));
#2972=CARTESIAN_POINT('Ctrl Pts',(-7.94945682618885,328.182022454761,26.4858174376276));
#2973=CARTESIAN_POINT('Ctrl Pts',(-8.08912328058441,328.130220519726,26.4978583552187));
#2974=CARTESIAN_POINT('Ctrl Pts',(-8.22249615072215,328.081201378725,26.5092067341114));
#2975=CARTESIAN_POINT('Ctrl Pts',(-8.35018923643501,328.034755328829,26.5199204621102));
#2976=CARTESIAN_POINT('Ctrl Pts',(-8.48003553416825,327.987526087014,26.5308148492869));
#2977=CARTESIAN_POINT('Ctrl Pts',(-8.60400875955652,327.942957470309,26.5410530016369));
#2978=CARTESIAN_POINT('Ctrl Pts',(-8.72270240515879,327.9008446856,26.5506957850037));
#2979=CARTESIAN_POINT('Ctrl Pts',(-8.84462093857358,327.857587703108,26.5606005612885));
#2980=CARTESIAN_POINT('Ctrl Pts',(-8.96096905638529,327.81692181594,26.5698771769238));
#2981=CARTESIAN_POINT('Ctrl Pts',(-9.07233686116944,327.778641337489,26.5785915949141));
#2982=CARTESIAN_POINT('Ctrl Pts',(-9.18544370010818,327.73976310047,26.5874420905665));
#2983=CARTESIAN_POINT('Ctrl Pts',(-9.29341331837323,327.703345385023,26.5957126937964));
#2984=CARTESIAN_POINT('Ctrl Pts',(-9.39681157251102,327.669188948694,26.6034725061944));
#2985=CARTESIAN_POINT('Ctrl Pts',(-9.5028512353505,327.634159953066,26.6114305505273));
#2986=CARTESIAN_POINT('Ctrl Pts',(-9.60408290769059,327.60150925542,26.6188513733935));
#2987=CARTESIAN_POINT('Ctrl Pts',(-9.70106404236182,327.571038589708,26.6258095086235));
#2988=CARTESIAN_POINT('Ctrl Pts',(-9.77029790013182,327.549285887565,26.6307768514629));
#2989=CARTESIAN_POINT('Ctrl Pts',(-9.83736439510337,327.528644567547,26.6355083906998));
#2990=CARTESIAN_POINT('Ctrl Pts',(-9.90245093974316,327.509047409912,26.6400312436848));
#2991=CARTESIAN_POINT('Ctrl Pts',(-9.99332018350067,327.481687240405,26.6463457320733));
#2992=CARTESIAN_POINT('Ctrl Pts',(-10.0827019287836,327.455647657397,26.6523452348388));
#2993=CARTESIAN_POINT('Ctrl Pts',(-10.1706098199868,327.431036148308,26.6580114655653));
#2994=CARTESIAN_POINT('Ctrl Pts',(-10.256825738283,327.406898339656,26.6635686377221));
#2995=CARTESIAN_POINT('Ctrl Pts',(-10.3416238604911,327.384134202448,26.6688052434265));
#2996=CARTESIAN_POINT('Ctrl Pts',(-10.4250662273618,327.362837073769,26.6737040319521));
#2997=CARTESIAN_POINT('Ctrl Pts',(-10.509379669293,327.34131761921,26.6786539601167));
#2998=CARTESIAN_POINT('Ctrl Pts',(-10.592308506562,327.321296047526,26.6832589811774));
#2999=CARTESIAN_POINT('Ctrl Pts',(-10.6739717369747,327.302859329484,26.6875012984949));
#3000=CARTESIAN_POINT('Ctrl Pts',(-10.7514213398461,327.285373902034,26.6915247223766));
#3001=CARTESIAN_POINT('Ctrl Pts',(-10.8277327621024,327.269313979763,26.6952219061769));
#3002=CARTESIAN_POINT('Ctrl Pts',(-10.9030572343164,327.254745094891,26.6985776683528));
#3003=CARTESIAN_POINT('Ctrl Pts',(-10.9773932225706,327.240367397672,26.7018893928211));
#3004=CARTESIAN_POINT('Ctrl Pts',(-11.0507678709099,327.227441895131,26.7048685978277));
#3005=CARTESIAN_POINT('Ctrl Pts',(-11.1233762610108,327.216022713656,26.7075006917033));
#3006=CARTESIAN_POINT('Ctrl Pts',(-11.1947283525186,327.204801111299,26.7100872440674));
#3007=CARTESIAN_POINT('Ctrl Pts',(-11.2653403988084,327.195034179255,26.7123385930883));
#3008=CARTESIAN_POINT('Ctrl Pts',(-11.335447262531,327.186764250385,26.7142408914793));
#3009=CARTESIAN_POINT('Ctrl Pts',(-11.3503777039261,327.185003029276,26.7146460180694));
#3010=CARTESIAN_POINT('Ctrl Pts',(-11.3652854174638,327.183309670728,26.715035313503));
#3011=CARTESIAN_POINT('Ctrl Pts',(-11.3801729750564,327.181684527831,26.7154086440279));
#3012=CARTESIAN_POINT('Ctrl Pts',(-11.4882782742623,327.169883629121,26.7181195660743));
#3013=CARTESIAN_POINT('Ctrl Pts',(-11.5935340483005,327.161872131001,26.7199647826652));
#3014=CARTESIAN_POINT('Ctrl Pts',(-11.6974171614579,327.15740041351,26.7209952906417));
#3015=CARTESIAN_POINT('Ctrl Pts',(-11.7915387352727,327.153348887953,26.721928965323));
#3016=CARTESIAN_POINT('Ctrl Pts',(-11.8845322901764,327.15220381064,26.7221938484851));
#3017=CARTESIAN_POINT('Ctrl Pts',(-11.9775298436979,327.153795829328,26.721827869526));
#3018=CARTESIAN_POINT('Ctrl Pts',(-12.0640767350015,327.155277419576,26.7214872762523));
#3019=CARTESIAN_POINT('Ctrl Pts',(-12.1506263750527,327.159129922547,26.7206003035364));
#3020=CARTESIAN_POINT('Ctrl Pts',(-12.238134530398,327.165225080455,26.7191975228113));
#3021=CARTESIAN_POINT('Ctrl Pts',(-12.319167548047,327.170869229122,26.717898540393));
#3022=CARTESIAN_POINT('Ctrl Pts',(-12.4010221734284,327.178436650293,26.7161572599013));
#3023=CARTESIAN_POINT('Ctrl Pts',(-12.4845024956955,327.187828900157,26.7139979561688));
#3024=CARTESIAN_POINT('Ctrl Pts',(-12.5144705436481,327.191200561725,26.7132228020242));
#3025=CARTESIAN_POINT('Ctrl Pts',(-12.5446485620022,327.194807405389,26.7123937776156));
#3026=CARTESIAN_POINT('Ctrl Pts',(-12.5750754379687,327.198644915027,26.7115120059417));
#3027=CARTESIAN_POINT('',(-4.1829860815956,329.6291727474,0.));
#3028=CARTESIAN_POINT('Ctrl Pts',(3.06542904139024,333.899714403894,60.));
#3029=CARTESIAN_POINT('Ctrl Pts',(3.06542904139024,333.899714403894,-60.));
#3030=CARTESIAN_POINT('Ctrl Pts',(2.85222112513048,332.365063891199,60.));
#3031=CARTESIAN_POINT('Ctrl Pts',(2.85222112513048,332.365063891199,-60.));
#3032=CARTESIAN_POINT('Ctrl Pts',(2.85222112513048,332.365063891199,60.));
#3033=CARTESIAN_POINT('Ctrl Pts',(2.85222112513048,332.365063891199,-60.));
#3034=CARTESIAN_POINT('Ctrl Pts',(-4.1829860815956,329.6291727474,60.));
#3035=CARTESIAN_POINT('Ctrl Pts',(-4.1829860815956,329.6291727474,-60.));
#3036=CARTESIAN_POINT('',(3.06542904139024,333.899714403894,25.09806312677));
#3037=CARTESIAN_POINT('Ctrl Pts',(3.06542904139024,333.899714403894,25.09806312677));
#3038=CARTESIAN_POINT('Ctrl Pts',(3.00875755564051,333.491798383763,25.2007877758497));
#3039=CARTESIAN_POINT('Ctrl Pts',(2.96620256932788,333.217344185338,25.2692328249765));
#3040=CARTESIAN_POINT('Ctrl Pts',(2.75240911161074,332.822188733636,25.3675268850495));
#3041=CARTESIAN_POINT('Ctrl Pts',(2.63989496456487,332.683902373923,25.4018231678637));
#3042=CARTESIAN_POINT('Ctrl Pts',(2.25743834304628,332.359463214202,25.4820682338131));
#3043=CARTESIAN_POINT('Ctrl Pts',(1.95171070340904,332.171654258419,25.5283733074903));
#3044=CARTESIAN_POINT('Ctrl Pts',(0.630932766148582,331.515517129314,25.6893760692571));
#3045=CARTESIAN_POINT('Ctrl Pts',(-0.786465547677137,330.950030850853,25.829350975144));
#3046=CARTESIAN_POINT('Ctrl Pts',(-4.18298608159562,329.6291727474,26.1433676910643));
#3047=CARTESIAN_POINT('',(3.06542904139024,333.899714403894,0.));
#3048=CARTESIAN_POINT('Ctrl Pts',(-2.25976917027968,339.435827067163,60.));
#3049=CARTESIAN_POINT('Ctrl Pts',(-2.25976917027968,339.435827067163,-60.));
#3050=CARTESIAN_POINT('Ctrl Pts',(3.27863841104967,335.434364916589,60.));
#3051=CARTESIAN_POINT('Ctrl Pts',(3.27863841104967,335.434364916589,-60.));
#3052=CARTESIAN_POINT('Ctrl Pts',(3.27863841104967,335.434364916589,60.));
#3053=CARTESIAN_POINT('Ctrl Pts',(3.27863841104967,335.434364916589,-60.));
#3054=CARTESIAN_POINT('Ctrl Pts',(3.06542904139024,333.899714403894,60.));
#3055=CARTESIAN_POINT('Ctrl Pts',(3.06542904139024,333.899714403894,-60.));
#3056=CARTESIAN_POINT('Ctrl Pts',(-2.25976917027968,339.435827067163,23.6528758474937));
#3057=CARTESIAN_POINT('Ctrl Pts',(0.26353601274635,337.612756078624,24.1456672565643));
#3058=CARTESIAN_POINT('Ctrl Pts',(1.83586605555306,336.494749988682,24.4343126271391));
#3059=CARTESIAN_POINT('Ctrl Pts',(2.79636581574881,335.496811847679,24.6917365757232));
#3060=CARTESIAN_POINT('Ctrl Pts',(2.94250735333966,335.289195616352,24.7450148680892));
#3061=CARTESIAN_POINT('Ctrl Pts',(3.0948473729991,334.930630304421,24.8367281546143));
#3062=CARTESIAN_POINT('Ctrl Pts',(3.12459146543973,334.774985958213,24.8764237060699));
#3063=CARTESIAN_POINT('Ctrl Pts',(3.13398715997798,334.410572094291,24.9690431769571));
#3064=CARTESIAN_POINT('Ctrl Pts',(3.10759977038572,334.203253272645,25.0216235602028));
#3065=CARTESIAN_POINT('Ctrl Pts',(3.06542904139024,333.899714403894,25.0980631267699));
#3066=CARTESIAN_POINT('Origin',(3.28253721164504,378.589880329902,0.));
#3067=CARTESIAN_POINT('',(4.21747511447605,379.16944147236,0.));
#3068=CARTESIAN_POINT('',(2.35032816981195,379.173820654184,0.));
#3069=CARTESIAN_POINT('Origin',(4.21747511447605,379.16944147236,0.));
#3070=CARTESIAN_POINT('',(8.3911910306912,372.436475923372,0.));
#3071=CARTESIAN_POINT('Origin',(7.45625312785998,371.856914780911,0.));
#3072=CARTESIAN_POINT('',(8.55625312786021,371.856914780911,0.));
#3073=CARTESIAN_POINT('Origin',(8.55625312786021,371.856914780911,0.));
#3074=CARTESIAN_POINT('',(8.55625312781127,368.248542186453,14.4312185918443));
#3075=CARTESIAN_POINT('',(8.55625312781126,368.248542186453,0.));
#3076=CARTESIAN_POINT('Origin',(8.55625312786021,253.137506005666,-295.605866474259));
#3077=CARTESIAN_POINT('Origin',(7.13524849181906,367.196422410224,0.));
#3078=CARTESIAN_POINT('',(-1.80725945787799,369.92480616894,13.8036862022443));
#3079=CARTESIAN_POINT('',(-1.80725945787799,369.92480616894,0.));
#3080=CARTESIAN_POINT('',(7.13524849181906,367.196422410224,14.8198224683907));
#3081=CARTESIAN_POINT('Origin',(380.972969605321,253.137506005666,-295.605866474259));
#3082=CARTESIAN_POINT('',(7.13524849181906,367.196422410224,0.));
#3083=CARTESIAN_POINT('Origin',(-1.48625482183968,370.97692594516,0.));
#3084=CARTESIAN_POINT('',(-2.41846386362367,371.560866269411,0.));
#3085=CARTESIAN_POINT('Ctrl Pts',(-1.80725945787799,369.92480616894,13.8036862022443));
#3086=CARTESIAN_POINT('Ctrl Pts',(-1.83989366760781,369.934762956041,13.7999279915692));
#3087=CARTESIAN_POINT('Ctrl Pts',(-1.87210368522822,369.9462549059,13.7955897899915));
#3088=CARTESIAN_POINT('Ctrl Pts',(-2.03726386621617,370.013989712078,13.7700145417555));
#3089=CARTESIAN_POINT('Ctrl Pts',(-2.15840645860826,370.096060710935,13.7390075821595));
#3090=CARTESIAN_POINT('Ctrl Pts',(-2.31523961301127,370.24880976707,13.6812030892947));
#3091=CARTESIAN_POINT('Ctrl Pts',(-2.37149123051572,370.317922421817,13.6550287138637));
#3092=CARTESIAN_POINT('Ctrl Pts',(-2.41872750322764,370.393406709542,13.6264062868862));
#3093=CARTESIAN_POINT('Origin',(7.45625312786024,368.248542186453,0.));
#3094=CARTESIAN_POINT('Ctrl Pts',(8.55625312781126,368.248542186453,14.4312185918443));
#3095=CARTESIAN_POINT('Ctrl Pts',(8.55625312781125,368.112239280059,14.4818253403438));
#3096=CARTESIAN_POINT('Ctrl Pts',(8.5294209841112,367.966102342078,14.5359706003654));
#3097=CARTESIAN_POINT('Ctrl Pts',(8.41809601536987,367.695080557956,14.6361805685405));
#3098=CARTESIAN_POINT('Ctrl Pts',(8.3335591809922,367.570213321044,14.6822440052092));
#3099=CARTESIAN_POINT('Ctrl Pts',(8.13823528662135,367.374889426673,14.7542073547216));
#3100=CARTESIAN_POINT('Ctrl Pts',(8.01578697581489,367.290169051077,14.785367169891));
#3101=CARTESIAN_POINT('Ctrl Pts',(7.74483724354899,367.17696558863,14.8269766037804));
#3102=CARTESIAN_POINT('Ctrl Pts',(7.59630851924167,367.148542186502,14.83741078565));
#3103=CARTESIAN_POINT('Ctrl Pts',(7.35112035049751,367.148542186502,14.83741078565));
#3104=CARTESIAN_POINT('Ctrl Pts',(7.24089140572308,367.164190466776,14.8316653688794));
#3105=CARTESIAN_POINT('Ctrl Pts',(7.13524849181908,367.196422410224,14.8198224683906));
#3106=CARTESIAN_POINT('Origin',(-2.41846386362367,371.560866269411,0.));
#3107=CARTESIAN_POINT('Ctrl Pts',(-8.95624559926527,361.26293081167,60.));
#3108=CARTESIAN_POINT('Ctrl Pts',(-8.95624559926527,361.26293081167,-60.));
#3109=CARTESIAN_POINT('Ctrl Pts',(-1.35019242238539,352.291580157068,60.));
#3110=CARTESIAN_POINT('Ctrl Pts',(-1.35019242238539,352.291580157068,-60.));
#3111=CARTESIAN_POINT('Ctrl Pts',(-1.35019242238539,352.291580157068,60.));
#3112=CARTESIAN_POINT('Ctrl Pts',(-1.35019242238539,352.291580157068,-60.));
#3113=CARTESIAN_POINT('Ctrl Pts',(-4.66906251668471,348.907911692407,60.));
#3114=CARTESIAN_POINT('Ctrl Pts',(-4.66906251668471,348.907911692407,-60.));
#3115=CARTESIAN_POINT('',(-8.95624559926528,361.26293081167,16.9360303610642));
#3116=CARTESIAN_POINT('',(-4.66906251668471,348.907911692407,20.9404558254916));
#3117=CARTESIAN_POINT('Ctrl Pts',(-8.95624559926527,361.26293081167,16.9360303610641));
#3118=CARTESIAN_POINT('Ctrl Pts',(-5.72394337602556,357.450425693447,18.2549854824639));
#3119=CARTESIAN_POINT('Ctrl Pts',(-3.29865141945723,354.643205829664,19.1528983943428));
#3120=CARTESIAN_POINT('Ctrl Pts',(-2.59089316449601,352.635907252015,19.7887517744015));
#3121=CARTESIAN_POINT('Ctrl Pts',(-2.53870534573428,352.305056595477,19.8928628424882));
#3122=CARTESIAN_POINT('Ctrl Pts',(-2.57434368910921,351.714203129439,20.0779393702338));
#3123=CARTESIAN_POINT('Ctrl Pts',(-2.64825801717294,351.453827970006,20.1591045666393));
#3124=CARTESIAN_POINT('Ctrl Pts',(-2.92237815105725,350.871699615632,20.3398400037431));
#3125=CARTESIAN_POINT('Ctrl Pts',(-3.15612079991259,350.545214353914,20.4406830804321));
#3126=CARTESIAN_POINT('Ctrl Pts',(-3.78968781217931,349.803994609738,20.6682195125146));
#3127=CARTESIAN_POINT('Ctrl Pts',(-4.21505897880586,349.370779298043,20.8004162317634));
#3128=CARTESIAN_POINT('Ctrl Pts',(-4.66906251668472,348.907911692407,20.9404558254916));
#3129=CARTESIAN_POINT('',(-8.95624559926527,361.26293081167,0.));
#3130=CARTESIAN_POINT('',(-4.66906251668471,348.907911692407,0.));
#3131=CARTESIAN_POINT('Origin',(-12.2751156935646,345.100338869836,0.));
#3132=CARTESIAN_POINT('',(-12.2751156935646,345.100338869836,22.0675226197871));
#3133=CARTESIAN_POINT('Origin',(-31.1590111033077,253.137506005666,-295.605866474259));
#3134=CARTESIAN_POINT('',(-12.2751156935646,345.100338869836,0.));
#3135=CARTESIAN_POINT('Ctrl Pts',(-4.66906251668471,348.907911692407,60.));
#3136=CARTESIAN_POINT('Ctrl Pts',(-4.66906251668471,348.907911692407,-60.));
#3137=CARTESIAN_POINT('Ctrl Pts',(-7.98793261098402,345.524243227746,60.));
#3138=CARTESIAN_POINT('Ctrl Pts',(-7.98793261098402,345.524243227746,-60.));
#3139=CARTESIAN_POINT('Ctrl Pts',(-7.98793261098402,345.524243227746,60.));
#3140=CARTESIAN_POINT('Ctrl Pts',(-7.98793261098402,345.524243227746,-60.));
#3141=CARTESIAN_POINT('Ctrl Pts',(-12.2751156935646,345.100338869836,60.));
#3142=CARTESIAN_POINT('Ctrl Pts',(-12.2751156935646,345.100338869836,-60.));
#3143=CARTESIAN_POINT('Ctrl Pts',(-4.66906251668469,348.907911692407,20.9404558254916));
#3144=CARTESIAN_POINT('Ctrl Pts',(-6.45876206893096,347.08326964132,21.4924973346019));
#3145=CARTESIAN_POINT('Ctrl Pts',(-7.2371353442284,346.330984595137,21.7090036509859));
#3146=CARTESIAN_POINT('Ctrl Pts',(-8.6063530803813,345.645036269459,21.9094391819074));
#3147=CARTESIAN_POINT('Ctrl Pts',(-9.13812035970591,345.49703686323,21.9524370465015));
#3148=CARTESIAN_POINT('Ctrl Pts',(-10.4770378349205,345.278185635574,22.0160024964143));
#3149=CARTESIAN_POINT('Ctrl Pts',(-11.2530022253021,345.201402515855,22.0382658437822));
#3150=CARTESIAN_POINT('Ctrl Pts',(-12.2751156935646,345.100338869836,22.0675226197871));
#3151=CARTESIAN_POINT('Origin',(11.1690090098444,357.817181606029,0.));
#3152=CARTESIAN_POINT('',(10.8976618011459,356.751174714714,18.4606112395402));
#3153=CARTESIAN_POINT('',(10.0706717585276,357.756722674764,18.1270840910983));
#3154=CARTESIAN_POINT('Ctrl Pts',(10.897661801146,356.751174714714,18.4606112395401));
#3155=CARTESIAN_POINT('Ctrl Pts',(10.8459390216855,356.764340513122,18.4562677111111));
#3156=CARTESIAN_POINT('Ctrl Pts',(10.7949111620737,356.781366476839,18.4506498153186));
#3157=CARTESIAN_POINT('Ctrl Pts',(10.6100504205256,356.858476611595,18.4251965837059));
#3158=CARTESIAN_POINT('Ctrl Pts',(10.4873649701763,356.943190727086,18.3972144798433));
#3159=CARTESIAN_POINT('Ctrl Pts',(10.2920313779608,357.138524319302,18.3325731380046));
#3160=CARTESIAN_POINT('Ctrl Pts',(10.2074675062783,357.263187373532,18.2912625938309));
#3161=CARTESIAN_POINT('Ctrl Pts',(10.1041219290661,357.514411128475,18.2078064435558));
#3162=CARTESIAN_POINT('Ctrl Pts',(10.0772066080982,357.638006240896,18.1666719644618));
#3163=CARTESIAN_POINT('Ctrl Pts',(10.0706717585276,357.756722674764,18.1270840910983));
#3164=CARTESIAN_POINT('',(10.8976618011459,356.751174714714,0.));
#3165=CARTESIAN_POINT('',(10.0706717585276,357.756722674764,0.));
#3166=CARTESIAN_POINT('Origin',(10.0706717585276,357.756722674764,0.));
#3167=CARTESIAN_POINT('',(9.75085335887778,363.566756935068,16.1294784997618));
#3168=CARTESIAN_POINT('Origin',(15.8295277219642,253.137506005666,-295.605866474259));
#3169=CARTESIAN_POINT('',(9.75085335887777,363.566756935068,0.));
#3170=CARTESIAN_POINT('Origin',(10.8491906101948,363.627215866333,0.));
#3171=CARTESIAN_POINT('',(9.9518844300118,364.263487521372,15.8817913856819));
#3172=CARTESIAN_POINT('Ctrl Pts',(9.75085335887778,363.566756935068,16.1294784997617));
#3173=CARTESIAN_POINT('Ctrl Pts',(9.74973506119644,363.587072676279,16.1222818436232));
#3174=CARTESIAN_POINT('Ctrl Pts',(9.74919061019464,363.607247055004,16.1151330240839));
#3175=CARTESIAN_POINT('Ctrl Pts',(9.74919061019463,363.765849265966,16.0589150913239));
#3176=CARTESIAN_POINT('Ctrl Pts',(9.77694181417301,363.914225041954,16.0062072280465));
#3177=CARTESIAN_POINT('Ctrl Pts',(9.86551738829697,364.126176035747,15.9307544837572));
#3178=CARTESIAN_POINT('Ctrl Pts',(9.90531522472668,364.197813001098,15.9052213526223));
#3179=CARTESIAN_POINT('Ctrl Pts',(9.95188443001179,364.263487521372,15.8817913856818));
#3180=CARTESIAN_POINT('',(9.9518844300118,364.263487521372,0.));
#3181=CARTESIAN_POINT('Origin',(15.2716391097112,355.637798672533,0.));
#3182=CARTESIAN_POINT('',(15.2716391097112,355.637798672533,18.825739395932));
#3183=CARTESIAN_POINT('Origin',(417.951360300955,253.137506005666,-295.605866474259));
#3184=CARTESIAN_POINT('',(15.2716391097112,355.637798672533,0.));
#3185=CARTESIAN_POINT('Origin',(15.518318390346,356.606895846456,0.));
#3186=CARTESIAN_POINT('',(16.4464613224724,356.979119834861,18.3853181221383));
#3187=CARTESIAN_POINT('Ctrl Pts',(16.4464613224725,356.979119834861,18.3853181221383));
#3188=CARTESIAN_POINT('Ctrl Pts',(16.4949082155102,356.858317192481,18.4252693754057));
#3189=CARTESIAN_POINT('Ctrl Pts',(16.5183183903461,356.728492694185,18.4681194493178));
#3190=CARTESIAN_POINT('Ctrl Pts',(16.5183183903461,356.481033220627,18.5496327772107));
#3191=CARTESIAN_POINT('Ctrl Pts',(16.4931458709277,356.346318249761,18.5939155145055));
#3192=CARTESIAN_POINT('Ctrl Pts',(16.3892851526297,356.097380193599,18.6755778297705));
#3193=CARTESIAN_POINT('Ctrl Pts',(16.3105643095835,355.98317073763,18.7129574334341));
#3194=CARTESIAN_POINT('Ctrl Pts',(16.1311326182823,355.807295131626,18.7704482349436));
#3195=CARTESIAN_POINT('Ctrl Pts',(16.020439533539,355.732114241816,18.7949826116133));
#3196=CARTESIAN_POINT('Ctrl Pts',(15.7766572461576,355.631893520495,18.8276687490104));
#3197=CARTESIAN_POINT('Ctrl Pts',(15.6435495204245,355.606895846456,18.8358116038176));
#3198=CARTESIAN_POINT('Ctrl Pts',(15.4376176824266,355.606895846456,18.8358116038176));
#3199=CARTESIAN_POINT('Ctrl Pts',(15.3536466216484,355.616924033131,18.8325442355476));
#3200=CARTESIAN_POINT('Ctrl Pts',(15.2716391097112,355.637798672533,18.825739395932));
#3201=CARTESIAN_POINT('',(16.4464613224724,356.979119834861,0.));
#3202=CARTESIAN_POINT('Origin',(12.9853602817325,365.609397754628,0.));
#3203=CARTESIAN_POINT('',(12.9853602817325,365.609397754628,15.3983430363364));
#3204=CARTESIAN_POINT('Origin',(58.0912752018891,253.137506005666,-295.605866474259));
#3205=CARTESIAN_POINT('',(12.9853602817325,365.609397754628,0.));
#3206=CARTESIAN_POINT('Origin',(11.9644030563936,365.199951367383,0.));
#3207=CARTESIAN_POINT('',(11.0670968762107,365.836223022422,15.3162201482224));
#3208=CARTESIAN_POINT('Ctrl Pts',(11.0670968762107,365.836223022422,15.3162201482223));
#3209=CARTESIAN_POINT('Ctrl Pts',(11.1033698881918,365.887377270087,15.2976784674286));
#3210=CARTESIAN_POINT('Ctrl Pts',(11.1436941003997,365.934877329999,15.2804469447935));
#3211=CARTESIAN_POINT('Ctrl Pts',(11.2824778432581,366.073661072858,15.230071043262));
#3212=CARTESIAN_POINT('Ctrl Pts',(11.4049574866217,366.158374803178,15.1992679897231));
#3213=CARTESIAN_POINT('Ctrl Pts',(11.6759018812216,366.271549192003,15.1580900349021));
#3214=CARTESIAN_POINT('Ctrl Pts',(11.8243952733005,366.299951367383,15.1477428799318));
#3215=CARTESIAN_POINT('Ctrl Pts',(11.9644030563936,366.299951367383,15.1477428799318));
#3216=CARTESIAN_POINT('Ctrl Pts',(12.1021100285739,366.299951367383,15.1477428799318));
#3217=CARTESIAN_POINT('Ctrl Pts',(12.2483451928072,366.272466109172,15.157755888378));
#3218=CARTESIAN_POINT('Ctrl Pts',(12.5158937327899,366.162639813307,15.1977166925648));
#3219=CARTESIAN_POINT('Ctrl Pts',(12.6372351941677,366.08035724962,15.227637123271));
#3220=CARTESIAN_POINT('Ctrl Pts',(12.8349780031581,365.887340831141,15.297705041786));
#3221=CARTESIAN_POINT('Ctrl Pts',(12.9219536868297,365.761383513611,15.3433709660978));
#3222=CARTESIAN_POINT('Ctrl Pts',(12.9813568466882,365.619276316914,15.3947704091893));
#3223=CARTESIAN_POINT('Ctrl Pts',(12.9833768285835,365.614343507935,15.3965544488719));
#3224=CARTESIAN_POINT('Ctrl Pts',(12.9853602817325,365.609397754628,15.3983430363363));
#3225=CARTESIAN_POINT('',(11.0670968762107,365.836223022422,0.));
#3226=CARTESIAN_POINT('Origin',(9.9518844300118,364.263487521372,0.));
#3227=CARTESIAN_POINT('Origin',(-68.8465388265787,253.137506005666,-295.605866474259));
#3228=CARTESIAN_POINT('Ctrl Pts',(-4.2025110526039,319.371711642053,60.));
#3229=CARTESIAN_POINT('Ctrl Pts',(-4.2025110526039,319.371711642053,-60.));
#3230=CARTESIAN_POINT('Ctrl Pts',(-9.36421561002272,325.365886461999,60.));
#3231=CARTESIAN_POINT('Ctrl Pts',(-9.36421561002272,325.365886461999,-60.));
#3232=CARTESIAN_POINT('Ctrl Pts',(-9.36421561002272,325.365886461999,60.));
#3233=CARTESIAN_POINT('Ctrl Pts',(-9.36421561002272,325.365886461999,-60.));
#3234=CARTESIAN_POINT('Ctrl Pts',(-2.95806520986098,327.857147188928,60.));
#3235=CARTESIAN_POINT('Ctrl Pts',(-2.95806520986098,327.857147188928,-60.));
#3236=CARTESIAN_POINT('',(-4.2025110526039,319.371711642053,28.4104522052441));
#3237=CARTESIAN_POINT('',(-2.95806520986098,327.857147188928,26.5594947741923));
#3238=CARTESIAN_POINT('Ctrl Pts',(-4.20251105260387,319.371711642053,28.4104522052441));
#3239=CARTESIAN_POINT('Ctrl Pts',(-5.25328395915046,320.591951279529,28.1610153762484));
#3240=CARTESIAN_POINT('Ctrl Pts',(-6.38391890953406,321.886286627528,27.8878289010696));
#3241=CARTESIAN_POINT('Ctrl Pts',(-7.50306102637268,323.462776106525,27.5477563067845));
#3242=CARTESIAN_POINT('Ctrl Pts',(-7.76775695123385,323.942177770493,27.4427690157032));
#3243=CARTESIAN_POINT('Ctrl Pts',(-7.92739325519554,324.551575522946,27.3083891114142));
#3244=CARTESIAN_POINT('Ctrl Pts',(-7.94401319550368,324.737222074112,27.267264085176));
#3245=CARTESIAN_POINT('Ctrl Pts',(-7.89924919216703,325.069566325186,27.1933724850199));
#3246=CARTESIAN_POINT('Ctrl Pts',(-7.84799548894707,325.213063443685,27.1613532132513));
#3247=CARTESIAN_POINT('Ctrl Pts',(-7.67910473608431,325.501612808585,27.0967913500131));
#3248=CARTESIAN_POINT('Ctrl Pts',(-7.55492951141788,325.642959341293,27.0650543768452));
#3249=CARTESIAN_POINT('Ctrl Pts',(-7.15109722518207,325.997084558916,26.9853253034123));
#3250=CARTESIAN_POINT('Ctrl Pts',(-6.8130146785103,326.207944285665,26.9376290287432));
#3251=CARTESIAN_POINT('Ctrl Pts',(-5.56439282247348,326.844407803493,26.79298622278));
#3252=CARTESIAN_POINT('Ctrl Pts',(-4.41630547669222,327.290058300866,26.6910193989091));
#3253=CARTESIAN_POINT('Ctrl Pts',(-2.95806520986098,327.857147188928,26.5594947741922));
#3254=CARTESIAN_POINT('',(-4.2025110526039,319.371711642053,0.));
#3255=CARTESIAN_POINT('',(-2.95806520986098,327.857147188928,0.));
#3256=CARTESIAN_POINT('Ctrl Pts',(4.83259588480455,318.394881731775,60.));
#3257=CARTESIAN_POINT('Ctrl Pts',(4.83259588480455,318.394881731775,-60.));
#3258=CARTESIAN_POINT('Ctrl Pts',(0.959194231514757,313.377536822107,60.));
#3259=CARTESIAN_POINT('Ctrl Pts',(0.959194231514757,313.377536822107,-60.));
#3260=CARTESIAN_POINT('Ctrl Pts',(0.959194231514757,313.377536822107,60.));
#3261=CARTESIAN_POINT('Ctrl Pts',(0.959194231514757,313.377536822107,-60.));
#3262=CARTESIAN_POINT('Ctrl Pts',(-4.2025110526039,319.371711642053,60.));
#3263=CARTESIAN_POINT('Ctrl Pts',(-4.2025110526039,319.371711642053,-60.));
#3264=CARTESIAN_POINT('',(4.83259588480455,318.394881731775,28.608599088649));
#3265=CARTESIAN_POINT('Ctrl Pts',(4.83259588480452,318.394881731775,28.6085990886489));
#3266=CARTESIAN_POINT('Ctrl Pts',(3.94399488305752,317.243847547377,28.8402774319161));
#3267=CARTESIAN_POINT('Ctrl Pts',(3.17055694305011,316.231892863283,29.0371252079792));
#3268=CARTESIAN_POINT('Ctrl Pts',(2.18922712756931,315.271322851064,29.2218387051473));
#3269=CARTESIAN_POINT('Ctrl Pts',(1.89316929951137,315.043137487911,29.2652732894976));
#3270=CARTESIAN_POINT('Ctrl Pts',(1.42356568049743,314.818094693378,29.3080567346732));
#3271=CARTESIAN_POINT('Ctrl Pts',(1.23449928274679,314.761222529816,29.3188363342664));
#3272=CARTESIAN_POINT('Ctrl Pts',(0.852626558937411,314.737120445675,29.3234064497162));
#3273=CARTESIAN_POINT('Ctrl Pts',(0.676849610779248,314.762450994419,29.3186075951048));
#3274=CARTESIAN_POINT('Ctrl Pts',(0.286291772053666,314.882610253626,29.2957979100971));
#3275=CARTESIAN_POINT('Ctrl Pts',(0.0594666059264922,314.997989348913,29.2738862564256));
#3276=CARTESIAN_POINT('Ctrl Pts',(-0.621574926959103,315.459566959528,29.1857534645286));
#3277=CARTESIAN_POINT('Ctrl Pts',(-1.11161300272463,315.914737550844,29.0985593701902));
#3278=CARTESIAN_POINT('Ctrl Pts',(-2.40495991749382,317.281775098738,28.8315473722959));
#3279=CARTESIAN_POINT('Ctrl Pts',(-3.23921064945555,318.253052070697,28.6391244165334));
#3280=CARTESIAN_POINT('Ctrl Pts',(-4.20251105260389,319.371711642053,28.4104522052441));
#3281=CARTESIAN_POINT('',(4.83259588480455,318.394881731775,0.));
#3282=CARTESIAN_POINT('Ctrl Pts',(6.07704172754747,326.88031727865,60.));
#3283=CARTESIAN_POINT('Ctrl Pts',(6.07704172754747,326.88031727865,-60.));
#3284=CARTESIAN_POINT('Ctrl Pts',(8.70599899149401,323.412226641443,60.));
#3285=CARTESIAN_POINT('Ctrl Pts',(8.70599899149401,323.412226641443,-60.));
#3286=CARTESIAN_POINT('Ctrl Pts',(8.70599899149401,323.412226641443,60.));
#3287=CARTESIAN_POINT('Ctrl Pts',(8.70599899149401,323.412226641443,-60.));
#3288=CARTESIAN_POINT('Ctrl Pts',(4.83259588480455,318.394881731775,60.));
#3289=CARTESIAN_POINT('Ctrl Pts',(4.83259588480455,318.394881731775,-60.));
#3290=CARTESIAN_POINT('',(6.07704172754747,326.88031727865,26.784490938083));
#3291=CARTESIAN_POINT('Ctrl Pts',(6.07704172754748,326.88031727865,26.784490938083));
#3292=CARTESIAN_POINT('Ctrl Pts',(6.72397686691511,326.0268877724,26.9797023939072));
#3293=CARTESIAN_POINT('Ctrl Pts',(7.23718772234755,325.353575978029,27.1304715672467));
#3294=CARTESIAN_POINT('Ctrl Pts',(7.73979864247574,324.418874455192,27.3378423991333));
#3295=CARTESIAN_POINT('Ctrl Pts',(7.8567211777343,324.101460274702,27.407705404586));
#3296=CARTESIAN_POINT('Ctrl Pts',(7.93418982255777,323.51165127852,27.5366750080659));
#3297=CARTESIAN_POINT('Ctrl Pts',(7.91460739871968,323.240378824702,27.5956503592643));
#3298=CARTESIAN_POINT('Ctrl Pts',(7.74687164878557,322.607694445642,27.7322847519791));
#3299=CARTESIAN_POINT('Ctrl Pts',(7.57671730794727,322.238719555268,27.8114499514597));
#3300=CARTESIAN_POINT('Ctrl Pts',(6.73834460844341,320.830811692749,28.1103053321209));
#3301=CARTESIAN_POINT('Ctrl Pts',(5.69987333998667,319.518294401505,28.3824803602424));
#3302=CARTESIAN_POINT('Ctrl Pts',(4.83259588480455,318.394881731775,28.6085990886489));
#3303=CARTESIAN_POINT('',(6.07704172754747,326.88031727865,0.));
#3304=CARTESIAN_POINT('Ctrl Pts',(-2.95806520986098,327.857147188928,60.));
#3305=CARTESIAN_POINT('Ctrl Pts',(-2.95806520986098,327.857147188928,-60.));
#3306=CARTESIAN_POINT('Ctrl Pts',(3.4480859170006,330.348407915857,60.));
#3307=CARTESIAN_POINT('Ctrl Pts',(3.4480859170006,330.348407915857,-60.));
#3308=CARTESIAN_POINT('Ctrl Pts',(3.4480859170006,330.348407915857,60.));
#3309=CARTESIAN_POINT('Ctrl Pts',(3.4480859170006,330.348407915857,-60.));
#3310=CARTESIAN_POINT('Ctrl Pts',(6.07704172754747,326.88031727865,60.));
#3311=CARTESIAN_POINT('Ctrl Pts',(6.07704172754747,326.88031727865,-60.));
#3312=CARTESIAN_POINT('Ctrl Pts',(-2.95806520986099,327.857147188928,26.5594947741922));
#3313=CARTESIAN_POINT('Ctrl Pts',(-0.403049844548471,328.850756192252,26.3290475656));
#3314=CARTESIAN_POINT('Ctrl Pts',(1.15929416069965,329.461447270096,26.183224061526));
#3315=CARTESIAN_POINT('Ctrl Pts',(2.6531617109729,329.638208894918,26.1412228234036));
#3316=CARTESIAN_POINT('Ctrl Pts',(2.98518290835406,329.62441927789,26.1445072726029));
#3317=CARTESIAN_POINT('Ctrl Pts',(3.55740590498741,329.479842788695,26.1788399892256));
#3318=CARTESIAN_POINT('Ctrl Pts',(3.79713042750297,329.362697574414,26.2066427755267));
#3319=CARTESIAN_POINT('Ctrl Pts',(4.3220532760122,328.998192753394,26.2927918691463));
#3320=CARTESIAN_POINT('Ctrl Pts',(4.61169915795676,328.711884268749,26.3602852694972));
#3321=CARTESIAN_POINT('Ctrl Pts',(5.26975261570124,327.945780523823,26.5391814013966));
#3322=CARTESIAN_POINT('Ctrl Pts',(5.63710818494892,327.46067294456,26.6517417495342));
#3323=CARTESIAN_POINT('Ctrl Pts',(6.07704172754748,326.88031727865,26.784490938083));
#3324=CARTESIAN_POINT('Ctrl Pts',(-6.40244072484511,318.715083117273,60.));
#3325=CARTESIAN_POINT('Ctrl Pts',(-6.40244072484511,318.715083117273,-60.));
#3326=CARTESIAN_POINT('Ctrl Pts',(-1.11966724919814,312.580312227991,60.));
#3327=CARTESIAN_POINT('Ctrl Pts',(-1.11966724919814,312.580312227991,-60.));
#3328=CARTESIAN_POINT('Ctrl Pts',(-1.11966724919814,312.580312227991,60.));
#3329=CARTESIAN_POINT('Ctrl Pts',(-1.11966724919814,312.580312227991,-60.));
#3330=CARTESIAN_POINT('Ctrl Pts',(-8.84098301267165,311.003617769983,60.));
#3331=CARTESIAN_POINT('Ctrl Pts',(-8.84098301267165,311.003617769983,-60.));
#3332=CARTESIAN_POINT('',(-6.40244072484511,318.715083117273,28.5439849017239));
#3333=CARTESIAN_POINT('',(-8.84098301267165,311.003617769983,30.0090255011851));
#3334=CARTESIAN_POINT('Ctrl Pts',(-6.4024407248451,318.715083117273,28.5439849017239));
#3335=CARTESIAN_POINT('Ctrl Pts',(-5.13785980475622,317.24655257144,28.8410779736513));
#3336=CARTESIAN_POINT('Ctrl Pts',(-4.10989804924184,316.057346547679,29.071665405123));
#3337=CARTESIAN_POINT('Ctrl Pts',(-3.0933205594868,314.608312598196,29.348259626072));
#3338=CARTESIAN_POINT('Ctrl Pts',(-2.85196350126119,314.168432279581,29.4309206941069));
#3339=CARTESIAN_POINT('Ctrl Pts',(-2.70816983115953,313.629328382273,29.5315099335618));
#3340=CARTESIAN_POINT('Ctrl Pts',(-2.69114541794278,313.469960051326,29.5611111389256));
#3341=CARTESIAN_POINT('Ctrl Pts',(-2.7236030521403,313.196059849007,29.6117998740459));
#3342=CARTESIAN_POINT('Ctrl Pts',(-2.76109602369341,313.081334258078,29.6329600189242));
#3343=CARTESIAN_POINT('Ctrl Pts',(-2.88904480132451,312.857555892118,29.6741272076895));
#3344=CARTESIAN_POINT('Ctrl Pts',(-2.97873616853188,312.757503242591,29.6924713640431));
#3345=CARTESIAN_POINT('Ctrl Pts',(-3.23366287996902,312.537775656473,29.7326815262238));
#3346=CARTESIAN_POINT('Ctrl Pts',(-3.43396093088109,312.416998653896,29.7547028324939));
#3347=CARTESIAN_POINT('Ctrl Pts',(-4.18719420440046,312.071084125911,29.8176014332391));
#3348=CARTESIAN_POINT('Ctrl Pts',(-4.88671771689865,311.867420698448,29.85440647988));
#3349=CARTESIAN_POINT('Ctrl Pts',(-6.65096362508656,311.450089498298,29.9294310747027));
#3350=CARTESIAN_POINT('Ctrl Pts',(-7.82677096903664,311.210720102983,29.972220652748));
#3351=CARTESIAN_POINT('Ctrl Pts',(-8.84098301267164,311.003617769983,30.0090255011851));
#3352=CARTESIAN_POINT('',(-6.40244072484511,318.715083117273,0.));
#3353=CARTESIAN_POINT('',(-8.84098301267165,311.003617769983,0.));
#3354=CARTESIAN_POINT('Origin',(-12.5750754379687,324.899870430288,0.));
#3355=CARTESIAN_POINT('',(-12.5750754379687,324.899870430288,27.2311013889154));
#3356=CARTESIAN_POINT('Origin',(59.0462818253765,253.137506005666,-295.605866474259));
#3357=CARTESIAN_POINT('',(-12.5750754379687,324.899870430288,0.));
#3358=CARTESIAN_POINT('Origin',(-11.703823871791,310.419025006909,0.));
#3359=CARTESIAN_POINT('',(-11.703823871791,310.419025006909,30.1123742612128));
#3360=CARTESIAN_POINT('Origin',(-8.25743578575434,253.137506005666,-295.605866474259));
#3361=CARTESIAN_POINT('',(-11.703823871791,310.419025006909,0.));
#3362=CARTESIAN_POINT('Origin',(-8.84098301267165,311.003617769983,0.));
#3363=CARTESIAN_POINT('Origin',(-292.220250737934,253.137506005666,-295.605866474259));
#3364=CARTESIAN_POINT('Ctrl Pts',(5.14735574198229,333.65714200094,60.));
#3365=CARTESIAN_POINT('Ctrl Pts',(5.14735574198229,333.65714200094,-60.));
#3366=CARTESIAN_POINT('Ctrl Pts',(5.39175361490709,335.416296252038,60.));
#3367=CARTESIAN_POINT('Ctrl Pts',(5.39175361490709,335.416296252038,-60.));
#3368=CARTESIAN_POINT('Ctrl Pts',(5.39175361490709,335.416296252038,60.));
#3369=CARTESIAN_POINT('Ctrl Pts',(5.39175361490709,335.416296252038,-60.));
#3370=CARTESIAN_POINT('Ctrl Pts',(7.1251768784569,337.114768160608,60.));
#3371=CARTESIAN_POINT('Ctrl Pts',(7.1251768784569,337.114768160608,-60.));
#3372=CARTESIAN_POINT('',(5.14735574198229,333.65714200094,25.1590520970978));
#3373=CARTESIAN_POINT('',(7.1251768784569,337.114768160608,24.2712415029464));
#3374=CARTESIAN_POINT('Ctrl Pts',(5.14735574198229,333.65714200094,25.1590520970977));
#3375=CARTESIAN_POINT('Ctrl Pts',(5.25537010192464,334.434619800555,24.9638866479013));
#3376=CARTESIAN_POINT('Ctrl Pts',(5.3034210855949,334.928834776684,24.837527375687));
#3377=CARTESIAN_POINT('Ctrl Pts',(5.70262629629328,335.626818398252,24.6582571320574));
#3378=CARTESIAN_POINT('Ctrl Pts',(5.87308057543659,335.840561183587,24.6031655961655));
#3379=CARTESIAN_POINT('Ctrl Pts',(6.37171048208257,336.37696956182,24.4641496798788));
#3380=CARTESIAN_POINT('Ctrl Pts',(6.70445118190352,336.702525639214,24.3794674354285));
#3381=CARTESIAN_POINT('Ctrl Pts',(7.1251768784569,337.114768160608,24.2712415029464));
#3382=CARTESIAN_POINT('',(5.14735574198229,333.65714200094,0.));
#3383=CARTESIAN_POINT('',(7.1251768784569,337.114768160608,0.));
#3384=CARTESIAN_POINT('Ctrl Pts',(7.1251768784569,337.114768160608,60.));
#3385=CARTESIAN_POINT('Ctrl Pts',(7.1251768784569,337.114768160608,-60.));
#3386=CARTESIAN_POINT('Ctrl Pts',(8.85859723520738,338.813240069177,60.));
#3387=CARTESIAN_POINT('Ctrl Pts',(8.85859723520738,338.813240069177,-60.));
#3388=CARTESIAN_POINT('Ctrl Pts',(8.85859723520739,338.813240069177,60.));
#3389=CARTESIAN_POINT('Ctrl Pts',(8.85859723520739,338.813240069177,-60.));
#3390=CARTESIAN_POINT('Ctrl Pts',(17.9603992295311,339.087377405908,60.));
#3391=CARTESIAN_POINT('Ctrl Pts',(17.9603992295311,339.087377405908,-60.));
#3392=CARTESIAN_POINT('',(17.9603992295311,339.087377405908,23.7468607306021));
#3393=CARTESIAN_POINT('Ctrl Pts',(7.12517687845689,337.114768160608,24.2712415029464));
#3394=CARTESIAN_POINT('Ctrl Pts',(7.68819009375855,337.666430154549,24.1264138090264));
#3395=CARTESIAN_POINT('Ctrl Pts',(8.07049131907402,338.04252203999,24.0263546503158));
#3396=CARTESIAN_POINT('Ctrl Pts',(9.02682842052789,338.476985159562,23.910564655302));
#3397=CARTESIAN_POINT('Ctrl Pts',(9.48947511163026,338.600191003862,23.8775974468812));
#3398=CARTESIAN_POINT('Ctrl Pts',(11.5390753018566,338.894283853026,23.7988340372607));
#3399=CARTESIAN_POINT('Ctrl Pts',(13.8040306492856,338.96219166645,23.7805529376539));
#3400=CARTESIAN_POINT('Ctrl Pts',(17.9603992295311,339.087377405908,23.746860730602));
#3401=CARTESIAN_POINT('',(17.9603992295311,339.087377405908,0.));
#3402=CARTESIAN_POINT('Ctrl Pts',(7.74215666056139,328.152547762659,60.));
#3403=CARTESIAN_POINT('Ctrl Pts',(7.74215666056139,328.152547762659,-60.));
#3404=CARTESIAN_POINT('Ctrl Pts',(4.90295786905748,331.897987749841,60.));
#3405=CARTESIAN_POINT('Ctrl Pts',(4.90295786905748,331.897987749841,-60.));
#3406=CARTESIAN_POINT('Ctrl Pts',(4.90295786905748,331.897987749841,60.));
#3407=CARTESIAN_POINT('Ctrl Pts',(4.90295786905748,331.897987749841,-60.));
#3408=CARTESIAN_POINT('Ctrl Pts',(5.14735574198229,333.65714200094,60.));
#3409=CARTESIAN_POINT('Ctrl Pts',(5.14735574198229,333.65714200094,-60.));
#3410=CARTESIAN_POINT('',(7.74215666056139,328.152547762659,26.4908399309714));
#3411=CARTESIAN_POINT('Ctrl Pts',(7.74215666056139,328.152547762659,26.4908399309714));
#3412=CARTESIAN_POINT('Ctrl Pts',(6.71484712096706,329.507763269345,26.1752156299397));
#3413=CARTESIAN_POINT('Ctrl Pts',(5.67433227593178,330.831443321415,25.8562700892027));
#3414=CARTESIAN_POINT('Ctrl Pts',(5.12629279672271,331.993426048664,25.5722995534552));
#3415=CARTESIAN_POINT('Ctrl Pts',(5.06046300214223,332.275489554827,25.5028745828764));
#3416=CARTESIAN_POINT('Ctrl Pts',(5.04002110210147,332.898928271371,25.3485965589517));
#3417=CARTESIAN_POINT('Ctrl Pts',(5.08978659384413,333.242764369632,25.2630707540822));
#3418=CARTESIAN_POINT('Ctrl Pts',(5.14735574198228,333.65714200094,25.1590520970978));
#3419=CARTESIAN_POINT('',(7.74215666056139,328.152547762659,0.));
#3420=CARTESIAN_POINT('Ctrl Pts',(18.8217768845604,323.643410204675,60.));
#3421=CARTESIAN_POINT('Ctrl Pts',(18.8217768845604,323.643410204675,-60.));
#3422=CARTESIAN_POINT('Ctrl Pts',(10.5813554520653,324.407107775476,60.));
#3423=CARTESIAN_POINT('Ctrl Pts',(10.5813554520653,324.407107775476,-60.));
#3424=CARTESIAN_POINT('Ctrl Pts',(10.5813554520653,324.407107775476,60.));
#3425=CARTESIAN_POINT('Ctrl Pts',(10.5813554520653,324.407107775476,-60.));
#3426=CARTESIAN_POINT('Ctrl Pts',(7.74215666056139,328.152547762659,60.));
#3427=CARTESIAN_POINT('Ctrl Pts',(7.74215666056139,328.152547762659,-60.));
#3428=CARTESIAN_POINT('',(18.8217768845604,323.643410204675,27.5078321520616));
#3429=CARTESIAN_POINT('Ctrl Pts',(18.8217768845604,323.643410204675,27.5078321520615));
#3430=CARTESIAN_POINT('Ctrl Pts',(14.6715554676196,324.028040291906,27.4239028968251));
#3431=CARTESIAN_POINT('Ctrl Pts',(12.631447780186,324.220288951708,27.3819215076113));
#3432=CARTESIAN_POINT('Ctrl Pts',(10.5947212014419,325.049142233624,27.1980019468326));
#3433=CARTESIAN_POINT('Ctrl Pts',(10.0876607890795,325.403565293047,27.1191285921407));
#3434=CARTESIAN_POINT('Ctrl Pts',(9.06450780202889,326.418446505562,26.8902248065233));
#3435=CARTESIAN_POINT('Ctrl Pts',(8.54382255378807,327.094998885899,26.7371388578855));
#3436=CARTESIAN_POINT('Ctrl Pts',(7.74215666056138,328.152547762659,26.4908399309714));
#3437=CARTESIAN_POINT('',(18.8217768845604,323.643410204675,0.));
#3438=CARTESIAN_POINT('Origin',(17.9603992295311,339.087377405908,0.));
#3439=CARTESIAN_POINT('Origin',(22.7541997933461,253.137506005666,-295.605866474259));
#3440=CARTESIAN_POINT('Ctrl Pts',(6.73515562677843,355.053219729211,60.));
#3441=CARTESIAN_POINT('Ctrl Pts',(6.73515562677843,355.053219729211,-60.));
#3442=CARTESIAN_POINT('Ctrl Pts',(5.79985225153429,354.049304262903,60.));
#3443=CARTESIAN_POINT('Ctrl Pts',(5.79985225153429,354.049304262903,-60.));
#3444=CARTESIAN_POINT('Ctrl Pts',(5.79985225153429,354.049304262903,60.));
#3445=CARTESIAN_POINT('Ctrl Pts',(5.79985225153429,354.049304262903,-60.));
#3446=CARTESIAN_POINT('Ctrl Pts',(3.14837310648424,353.701319689538,60.));
#3447=CARTESIAN_POINT('Ctrl Pts',(3.14837310648424,353.701319689538,-60.));
#3448=CARTESIAN_POINT('',(6.73515562677843,355.053219729211,19.0157031345663));
#3449=CARTESIAN_POINT('',(3.14837310648424,353.701319689538,19.4504207892329));
#3450=CARTESIAN_POINT('Ctrl Pts',(6.73515562677843,355.053219729211,19.0157031345663));
#3451=CARTESIAN_POINT('Ctrl Pts',(6.33650700675848,354.625326998517,19.1543109010333));
#3452=CARTESIAN_POINT('Ctrl Pts',(6.10943538049227,354.382959119045,19.232081628353));
#3453=CARTESIAN_POINT('Ctrl Pts',(5.57843753449746,354.114497820196,19.3182567058373));
#3454=CARTESIAN_POINT('Ctrl Pts',(5.33845528846785,354.041065761239,19.3417822942488));
#3455=CARTESIAN_POINT('Ctrl Pts',(4.57668761639512,353.888823447931,19.3905218547));
#3456=CARTESIAN_POINT('Ctrl Pts',(4.00136414991116,353.813267665778,19.4146877603108));
#3457=CARTESIAN_POINT('Ctrl Pts',(3.14837310648423,353.701319689538,19.4504207892329));
#3458=CARTESIAN_POINT('',(6.73515562677843,355.053219729211,0.));
#3459=CARTESIAN_POINT('',(3.14837310648424,353.701319689538,0.));
#3460=CARTESIAN_POINT('Ctrl Pts',(3.14837310648424,353.701319689538,60.));
#3461=CARTESIAN_POINT('Ctrl Pts',(3.14837310648424,353.701319689538,-60.));
#3462=CARTESIAN_POINT('Ctrl Pts',(0.496893961434191,353.353332209375,60.));
#3463=CARTESIAN_POINT('Ctrl Pts',(0.496893961434191,353.353332209375,-60.));
#3464=CARTESIAN_POINT('Ctrl Pts',(0.496893961434189,353.353332209375,60.));
#3465=CARTESIAN_POINT('Ctrl Pts',(0.496893961434189,353.353332209375,-60.));
#3466=CARTESIAN_POINT('Ctrl Pts',(-7.58799263333815,362.889469610956,60.));
#3467=CARTESIAN_POINT('Ctrl Pts',(-7.58799263333815,362.889469610956,-60.));
#3468=CARTESIAN_POINT('',(-7.58799263333815,362.889469610956,16.3685735872366));
#3469=CARTESIAN_POINT('Ctrl Pts',(3.14837310648425,353.701319689538,19.4504207892329));
#3470=CARTESIAN_POINT('Ctrl Pts',(2.48524287872186,353.614288638432,19.4782005059437));
#3471=CARTESIAN_POINT('Ctrl Pts',(1.98819777705947,353.549108331813,19.4989825993665));
#3472=CARTESIAN_POINT('Ctrl Pts',(1.19700535369782,353.707704747556,19.4483886483824));
#3473=CARTESIAN_POINT('Ctrl Pts',(0.903662105330998,353.822962191477,19.4116385952243));
#3474=CARTESIAN_POINT('Ctrl Pts',(0.103800637744416,354.313924494068,19.2543714400154));
#3475=CARTESIAN_POINT('Ctrl Pts',(-0.408120125280028,354.761703731079,19.1105981135546));
#3476=CARTESIAN_POINT('Ctrl Pts',(-2.52084161236475,356.879616867064,18.4223132334567));
#3477=CARTESIAN_POINT('Ctrl Pts',(-4.86738127515106,359.680503916279,17.4974810902465));
#3478=CARTESIAN_POINT('Ctrl Pts',(-7.58799263333818,362.889469610956,16.3685735872366));
#3479=CARTESIAN_POINT('',(-7.58799263333815,362.889469610956,0.));
#3480=CARTESIAN_POINT('Ctrl Pts',(7.11834880686266,360.619164873865,60.));
#3481=CARTESIAN_POINT('Ctrl Pts',(7.11834880686266,360.619164873865,-60.));
#3482=CARTESIAN_POINT('Ctrl Pts',(7.67045754862291,356.05713519552,60.));
#3483=CARTESIAN_POINT('Ctrl Pts',(7.67045754862291,356.05713519552,-60.));
#3484=CARTESIAN_POINT('Ctrl Pts',(7.67045754862291,356.05713519552,60.));
#3485=CARTESIAN_POINT('Ctrl Pts',(7.67045754862291,356.05713519552,-60.));
#3486=CARTESIAN_POINT('Ctrl Pts',(6.73515562677843,355.053219729211,60.));
#3487=CARTESIAN_POINT('Ctrl Pts',(6.73515562677843,355.053219729211,-60.));
#3488=CARTESIAN_POINT('',(7.11834880686266,360.619164873865,17.1580025608979));
#3489=CARTESIAN_POINT('Ctrl Pts',(7.11834880686266,360.619164873865,17.1580025608978));
#3490=CARTESIAN_POINT('Ctrl Pts',(7.34744271955103,358.726180485535,17.8085287962233));
#3491=CARTESIAN_POINT('Ctrl Pts',(7.53962208773665,357.309305455637,18.2770731029073));
#3492=CARTESIAN_POINT('Ctrl Pts',(7.46315208970576,356.188556356251,18.6458416225514));
#3493=CARTESIAN_POINT('Ctrl Pts',(7.40351934855123,355.964397304473,18.7191537275844));
#3494=CARTESIAN_POINT('Ctrl Pts',(7.17837779284919,355.529660737594,18.8610693582301));
#3495=CARTESIAN_POINT('Ctrl Pts',(6.99391766488772,355.330964493853,18.9257329651446));
#3496=CARTESIAN_POINT('Ctrl Pts',(6.73515562677842,355.053219729211,19.0157031345663));
#3497=CARTESIAN_POINT('',(7.11834880686266,360.619164873865,0.));
#3498=CARTESIAN_POINT('Ctrl Pts',(-4.5533210349037,368.803399328973,60.));
#3499=CARTESIAN_POINT('Ctrl Pts',(-4.5533210349037,368.803399328973,-60.));
#3500=CARTESIAN_POINT('Ctrl Pts',(6.56623715830309,365.18119164541,60.));
#3501=CARTESIAN_POINT('Ctrl Pts',(6.56623715830309,365.18119164541,-60.));
#3502=CARTESIAN_POINT('Ctrl Pts',(6.56623715830309,365.18119164541,60.));
#3503=CARTESIAN_POINT('Ctrl Pts',(6.56623715830309,365.18119164541,-60.));
#3504=CARTESIAN_POINT('Ctrl Pts',(7.11834880686266,360.619164873865,60.));
#3505=CARTESIAN_POINT('Ctrl Pts',(7.11834880686266,360.619164873865,-60.));
#3506=CARTESIAN_POINT('',(-4.5533210349037,368.803399328973,14.2246450778182));
#3507=CARTESIAN_POINT('Ctrl Pts',(-4.55332103490369,368.803399328973,14.2246450778182));
#3508=CARTESIAN_POINT('Ctrl Pts',(0.828717229252236,367.050194748816,14.8791512235382));
#3509=CARTESIAN_POINT('Ctrl Pts',(3.73601698929837,366.12025951923,15.2151380203033));
#3510=CARTESIAN_POINT('Ctrl Pts',(5.71162148563153,364.737283243971,15.712550427328));
#3511=CARTESIAN_POINT('Ctrl Pts',(6.0446127917587,364.396408003654,15.8346095588247));
#3512=CARTESIAN_POINT('Ctrl Pts',(6.51772441794277,363.648931567827,16.1005917372449));
#3513=CARTESIAN_POINT('Ctrl Pts',(6.66793443808051,363.251113350064,16.2414948779863));
#3514=CARTESIAN_POINT('Ctrl Pts',(6.9327980772448,362.173980431421,16.6200434507099));
#3515=CARTESIAN_POINT('Ctrl Pts',(7.01904576020772,361.439693037901,16.8760271252734));
#3516=CARTESIAN_POINT('Ctrl Pts',(7.11834880686266,360.619164873865,17.1580025608978));
#3517=CARTESIAN_POINT('',(-4.5533210349037,368.803399328973,0.));
#3518=CARTESIAN_POINT('Origin',(-7.58799263333815,362.889469610956,0.));
#3519=CARTESIAN_POINT('Origin',(-63.9060726082602,253.137506005666,-295.605866474259));
#3520=CARTESIAN_POINT('Ctrl Pts',(-0.802284005637344,340.968006800439,60.));
#3521=CARTESIAN_POINT('Ctrl Pts',(-0.802284005637344,340.968006800439,-60.));
#3522=CARTESIAN_POINT('Ctrl Pts',(-5.90534824704665,344.654932917383,60.));
#3523=CARTESIAN_POINT('Ctrl Pts',(-5.90534824704665,344.654932917383,-60.));
#3524=CARTESIAN_POINT('Ctrl Pts',(-5.90534824704665,344.654932917383,60.));
#3525=CARTESIAN_POINT('Ctrl Pts',(-5.90534824704665,344.654932917383,-60.));
#3526=CARTESIAN_POINT('Ctrl Pts',(-2.67175565099257,347.95165901449,60.));
#3527=CARTESIAN_POINT('Ctrl Pts',(-2.67175565099257,347.95165901449,-60.));
#3528=CARTESIAN_POINT('',(-0.802284005637346,340.968006800439,23.2347644011674));
#3529=CARTESIAN_POINT('',(-2.67175565099257,347.95165901449,21.2281928629908));
#3530=CARTESIAN_POINT('Ctrl Pts',(-0.802284005637322,340.968006800439,23.2347644011673));
#3531=CARTESIAN_POINT('Ctrl Pts',(-2.41481663706146,342.133049682905,22.9138319668868));
#3532=CARTESIAN_POINT('Ctrl Pts',(-3.39382398674628,342.848433802685,22.7113769996994));
#3533=CARTESIAN_POINT('Ctrl Pts',(-4.37966028960291,343.770870451756,22.4495674472247));
#3534=CARTESIAN_POINT('Ctrl Pts',(-4.6242344018128,344.064596709026,22.3656642649814));
#3535=CARTESIAN_POINT('Ctrl Pts',(-4.84132686568321,344.50267758796,22.2399718163569));
#3536=CARTESIAN_POINT('Ctrl Pts',(-4.89153567165395,344.666655029385,22.192800245211));
#3537=CARTESIAN_POINT('Ctrl Pts',(-4.90990427681515,344.998314001008,22.0970821034747));
#3538=CARTESIAN_POINT('Ctrl Pts',(-4.88490658296387,345.15080105697,22.0529483731811));
#3539=CARTESIAN_POINT('Ctrl Pts',(-4.77014011258274,345.500046288668,21.9516070960772));
#3540=CARTESIAN_POINT('Ctrl Pts',(-4.6574060167551,345.708040870981,21.8910571362325));
#3541=CARTESIAN_POINT('Ctrl Pts',(-4.1229529604642,346.474250162672,21.6670652409735));
#3542=CARTESIAN_POINT('Ctrl Pts',(-3.49218321455407,347.115213210253,21.4785033903133));
#3543=CARTESIAN_POINT('Ctrl Pts',(-2.67175565099259,347.95165901449,21.2281928629908));
#3544=CARTESIAN_POINT('',(-0.802284005637344,340.968006800439,0.));
#3545=CARTESIAN_POINT('',(-2.67175565099257,347.95165901449,0.));
#3546=CARTESIAN_POINT('Ctrl Pts',(-2.67175565099257,347.95165901449,60.));
#3547=CARTESIAN_POINT('Ctrl Pts',(-2.67175565099257,347.95165901449,-60.));
#3548=CARTESIAN_POINT('Ctrl Pts',(0.561837671761338,351.248385111597,60.));
#3549=CARTESIAN_POINT('Ctrl Pts',(0.561837671761338,351.248385111597,-60.));
#3550=CARTESIAN_POINT('Ctrl Pts',(0.561837671761338,351.248385111597,60.));
#3551=CARTESIAN_POINT('Ctrl Pts',(0.561837671761338,351.248385111597,-60.));
#3552=CARTESIAN_POINT('Ctrl Pts',(2.99871945047838,351.568208613183,60.));
#3553=CARTESIAN_POINT('Ctrl Pts',(2.99871945047838,351.568208613183,-60.));
#3554=CARTESIAN_POINT('',(2.99871945047838,351.568208613183,20.1233554091312));
#3555=CARTESIAN_POINT('Ctrl Pts',(-2.67175565099257,347.95165901449,21.2281928629908));
#3556=CARTESIAN_POINT('Ctrl Pts',(-1.15538137500256,349.49763902795,20.7655507283305));
#3557=CARTESIAN_POINT('Ctrl Pts',(-0.290382174157708,350.395991844751,20.4868159316812));
#3558=CARTESIAN_POINT('Ctrl Pts',(0.816255134835458,351.10217653566,20.2683557752076));
#3559=CARTESIAN_POINT('Ctrl Pts',(1.14569857087811,351.235157014232,20.2270099831184));
#3560=CARTESIAN_POINT('Ctrl Pts',(1.93264012954151,351.428342017261,20.1669419965152));
#3561=CARTESIAN_POINT('Ctrl Pts',(2.39012844292115,351.488335346958,20.1482564356095));
#3562=CARTESIAN_POINT('Ctrl Pts',(2.99871945047838,351.568208613183,20.1233554091311));
#3563=CARTESIAN_POINT('',(2.99871945047838,351.568208613183,0.));
#3564=CARTESIAN_POINT('Ctrl Pts',(5.79929705286486,338.749380594995,60.));
#3565=CARTESIAN_POINT('Ctrl Pts',(5.79929705286486,338.749380594995,-60.));
#3566=CARTESIAN_POINT('Ctrl Pts',(4.30077950907213,337.281077776697,60.));
#3567=CARTESIAN_POINT('Ctrl Pts',(4.30077950907213,337.281077776697,-60.));
#3568=CARTESIAN_POINT('Ctrl Pts',(4.30077950907213,337.281077776697,60.));
#3569=CARTESIAN_POINT('Ctrl Pts',(4.30077950907213,337.281077776697,-60.));
#3570=CARTESIAN_POINT('Ctrl Pts',(-0.802284005637344,340.968006800439,60.));
#3571=CARTESIAN_POINT('Ctrl Pts',(-0.802284005637344,340.968006800439,-60.));
#3572=CARTESIAN_POINT('',(5.79929705286486,338.749380594995,23.8376366623701));
#3573=CARTESIAN_POINT('Ctrl Pts',(5.79929705286485,338.749380594995,23.8376366623701));
#3574=CARTESIAN_POINT('Ctrl Pts',(5.42395823758135,338.381609765364,23.9362004141285));
#3575=CARTESIAN_POINT('Ctrl Pts',(5.14338641840167,338.106857657264,24.0091796602462));
#3576=CARTESIAN_POINT('Ctrl Pts',(4.72581289637719,337.892812613509,24.065976732469));
#3577=CARTESIAN_POINT('Ctrl Pts',(4.59457326208178,337.850830092724,24.077097847811));
#3578=CARTESIAN_POINT('Ctrl Pts',(4.31920503986609,337.825404978395,24.0838341611484));
#3579=CARTESIAN_POINT('Ctrl Pts',(4.17806510097453,337.837298225704,24.0806855801758));
#3580=CARTESIAN_POINT('Ctrl Pts',(3.77599676130441,337.935552264308,24.0546408120238));
#3581=CARTESIAN_POINT('Ctrl Pts',(3.51255787670796,338.053468065889,24.0233686237997));
#3582=CARTESIAN_POINT('Ctrl Pts',(2.62720770621668,338.53070004083,23.896344074582));
#3583=CARTESIAN_POINT('Ctrl Pts',(1.74539063130208,339.127329032093,23.7418128590498));
#3584=CARTESIAN_POINT('Ctrl Pts',(-0.802284005637365,340.968006800439,23.2347644011673));
#3585=CARTESIAN_POINT('',(5.79929705286486,338.749380594995,0.));
#3586=CARTESIAN_POINT('Ctrl Pts',(6.36670718622667,346.052856310632,60.));
#3587=CARTESIAN_POINT('Ctrl Pts',(6.36670718622667,346.052856310632,-60.));
#3588=CARTESIAN_POINT('Ctrl Pts',(7.29781168985826,340.217686320093,60.));
#3589=CARTESIAN_POINT('Ctrl Pts',(7.29781168985826,340.217686320093,-60.));
#3590=CARTESIAN_POINT('Ctrl Pts',(7.29781168985826,340.217686320093,60.));
#3591=CARTESIAN_POINT('Ctrl Pts',(7.29781168985826,340.217686320093,-60.));
#3592=CARTESIAN_POINT('Ctrl Pts',(5.79929705286486,338.749380594995,60.));
#3593=CARTESIAN_POINT('Ctrl Pts',(5.79929705286486,338.749380594995,-60.));
#3594=CARTESIAN_POINT('',(6.36670718622667,346.052856310632,21.7902306104499));
#3595=CARTESIAN_POINT('Ctrl Pts',(6.36670718622668,346.052856310632,21.7902306104499));
#3596=CARTESIAN_POINT('Ctrl Pts',(6.75347246753059,343.629024018935,22.4997895134488));
#3597=CARTESIAN_POINT('Ctrl Pts',(7.07545075661749,341.822577467447,23.0000057618556));
#3598=CARTESIAN_POINT('Ctrl Pts',(6.96604459692661,340.398128455814,23.3914292437275));
#3599=CARTESIAN_POINT('Ctrl Pts',(6.88841210738236,340.118755751671,23.4675956104516));
#3600=CARTESIAN_POINT('Ctrl Pts',(6.56397719999768,339.50066144761,23.635571087153));
#3601=CARTESIAN_POINT('Ctrl Pts',(6.25461100398074,339.195515764206,23.7180710184257));
#3602=CARTESIAN_POINT('Ctrl Pts',(5.79929705286484,338.749380594995,23.8376366623701));
#3603=CARTESIAN_POINT('',(6.36670718622667,346.052856310632,0.));
#3604=CARTESIAN_POINT('Ctrl Pts',(2.99871945047838,351.568208613183,60.));
#3605=CARTESIAN_POINT('Ctrl Pts',(2.99871945047838,351.568208613183,-60.));
#3606=CARTESIAN_POINT('Ctrl Pts',(5.43560268259508,351.888029207971,60.));
#3607=CARTESIAN_POINT('Ctrl Pts',(5.43560268259508,351.888029207971,-60.));
#3608=CARTESIAN_POINT('Ctrl Pts',(5.43560268259508,351.888029207971,60.));
#3609=CARTESIAN_POINT('Ctrl Pts',(5.43560268259508,351.888029207971,-60.));
#3610=CARTESIAN_POINT('Ctrl Pts',(6.36670718622667,346.052856310632,60.));
#3611=CARTESIAN_POINT('Ctrl Pts',(6.36670718622667,346.052856310632,-60.));
#3612=CARTESIAN_POINT('Ctrl Pts',(2.99871945047838,351.568208613183,20.1233554091311));
#3613=CARTESIAN_POINT('Ctrl Pts',(3.60793608845041,351.648163214595,20.0984290258628));
#3614=CARTESIAN_POINT('Ctrl Pts',(4.06481741450034,351.708134073603,20.0797023942562));
#3615=CARTESIAN_POINT('Ctrl Pts',(4.57333994414183,351.642370338029,20.1002261018018));
#3616=CARTESIAN_POINT('Ctrl Pts',(4.70744005625605,351.603751612539,20.1122798277501));
#3617=CARTESIAN_POINT('Ctrl Pts',(4.94048104054526,351.477932183811,20.1514919198125));
#3618=CARTESIAN_POINT('Ctrl Pts',(5.03416022431602,351.397923422471,20.1764083254395));
#3619=CARTESIAN_POINT('Ctrl Pts',(5.21803617623811,351.182250857968,20.2434467842404));
#3620=CARTESIAN_POINT('Ctrl Pts',(5.30949161026849,351.027341891419,20.2915345366037));
#3621=CARTESIAN_POINT('Ctrl Pts',(5.55488437677191,350.455227774775,20.468426580285));
#3622=CARTESIAN_POINT('Ctrl Pts',(5.69110311348242,349.930526411292,20.6301799966708));
#3623=CARTESIAN_POINT('Ctrl Pts',(5.99666375281704,348.379468591578,21.1010178574606));
#3624=CARTESIAN_POINT('Ctrl Pts',(6.16495745083359,347.317209112514,21.4201007173135));
#3625=CARTESIAN_POINT('Ctrl Pts',(6.36670718622668,346.052856310632,21.7902306104499));
#3626=CARTESIAN_POINT('Ctrl Pts',(8.36608950663073,346.821350100305,60.));
#3627=CARTESIAN_POINT('Ctrl Pts',(8.36608950663073,346.821350100305,-60.));
#3628=CARTESIAN_POINT('Ctrl Pts',(7.42493765116198,352.719498804834,60.));
#3629=CARTESIAN_POINT('Ctrl Pts',(7.42493765116198,352.719498804834,-60.));
#3630=CARTESIAN_POINT('Ctrl Pts',(7.42493765116198,352.719498804834,60.));
#3631=CARTESIAN_POINT('Ctrl Pts',(7.42493765116198,352.719498804834,-60.));
#3632=CARTESIAN_POINT('Ctrl Pts',(8.27311262369616,353.629896723535,60.));
#3633=CARTESIAN_POINT('Ctrl Pts',(8.27311262369616,353.629896723535,-60.));
#3634=CARTESIAN_POINT('',(8.36608950663073,346.821350100305,21.564248956801));
#3635=CARTESIAN_POINT('',(8.27311262369616,353.629896723535,19.4732095919052));
#3636=CARTESIAN_POINT('Ctrl Pts',(8.36608950663073,346.821350100305,21.564248956801));
#3637=CARTESIAN_POINT('Ctrl Pts',(7.99073063442261,349.173704221463,20.8694244256737));
#3638=CARTESIAN_POINT('Ctrl Pts',(7.6630713182064,351.084088774811,20.2756448473004));
#3639=CARTESIAN_POINT('Ctrl Pts',(7.64312903522268,352.478837345235,19.8382781114362));
#3640=CARTESIAN_POINT('Ctrl Pts',(7.68346884724207,352.736720559488,19.7567648017568));
#3641=CARTESIAN_POINT('Ctrl Pts',(7.87209289169225,353.20021052149,19.610045694284));
#3642=CARTESIAN_POINT('Ctrl Pts',(8.04217186096563,353.382013920409,19.5522701750927));
#3643=CARTESIAN_POINT('Ctrl Pts',(8.27311262369617,353.629896723535,19.4732095919052));
#3644=CARTESIAN_POINT('',(8.36608950663073,346.821350100305,0.));
#3645=CARTESIAN_POINT('',(8.27311262369616,353.629896723535,0.));
#3646=CARTESIAN_POINT('Ctrl Pts',(18.1847227463768,341.190583330896,60.));
#3647=CARTESIAN_POINT('Ctrl Pts',(18.1847227463768,341.190583330896,-60.));
#3648=CARTESIAN_POINT('Ctrl Pts',(9.30724426889879,340.923204302576,60.));
#3649=CARTESIAN_POINT('Ctrl Pts',(9.30724426889879,340.923204302576,-60.));
#3650=CARTESIAN_POINT('Ctrl Pts',(9.30724426889879,340.923204302576,60.));
#3651=CARTESIAN_POINT('Ctrl Pts',(9.30724426889879,340.923204302576,-60.));
#3652=CARTESIAN_POINT('Ctrl Pts',(8.36608950663073,346.821350100305,60.));
#3653=CARTESIAN_POINT('Ctrl Pts',(8.36608950663073,346.821350100305,-60.));
#3654=CARTESIAN_POINT('',(18.1847227463768,341.190583330896,23.1733680132742));
#3655=CARTESIAN_POINT('Ctrl Pts',(18.1847227463768,341.190583330896,23.1733680132741));
#3656=CARTESIAN_POINT('Ctrl Pts',(15.0859070611338,341.097250710719,23.1991483136584));
#3657=CARTESIAN_POINT('Ctrl Pts',(13.0733321408369,341.036919189146,23.2158476078234));
#3658=CARTESIAN_POINT('Ctrl Pts',(11.1857342770165,341.330139190175,23.1347987765481));
#3659=CARTESIAN_POINT('Ctrl Pts',(10.7553916120242,341.455578279705,23.100108668983));
#3660=CARTESIAN_POINT('Ctrl Pts',(10.116600248061,341.78529242184,23.0085371603268));
#3661=CARTESIAN_POINT('Ctrl Pts',(9.87514526876585,341.973600460766,22.9561474791922));
#3662=CARTESIAN_POINT('Ctrl Pts',(9.46415054960518,342.46087237576,22.8198632440743));
#3663=CARTESIAN_POINT('Ctrl Pts',(9.30256777692836,342.750810838803,22.7384837215369));
#3664=CARTESIAN_POINT('Ctrl Pts',(8.79917448681421,344.008964117344,22.3828643737571));
#3665=CARTESIAN_POINT('Ctrl Pts',(8.60337125972374,345.334323278584,22.0034781973659));
#3666=CARTESIAN_POINT('Ctrl Pts',(8.36608950663072,346.821350100305,21.5642489568009));
#3667=CARTESIAN_POINT('',(18.1847227463768,341.190583330896,0.));
#3668=CARTESIAN_POINT('Origin',(18.0917458634423,352.431670443323,0.));
#3669=CARTESIAN_POINT('',(18.0917458634423,352.431670443323,19.8528688232885));
#3670=CARTESIAN_POINT('Origin',(18.9130242514373,253.137506005666,-295.605866474259));
#3671=CARTESIAN_POINT('',(18.0917458634423,352.431670443323,0.));
#3672=CARTESIAN_POINT('Ctrl Pts',(8.27311262369616,353.629896723535,60.));
#3673=CARTESIAN_POINT('Ctrl Pts',(8.27311262369616,353.629896723535,-60.));
#3674=CARTESIAN_POINT('Ctrl Pts',(9.12128759623034,354.540291735437,60.));
#3675=CARTESIAN_POINT('Ctrl Pts',(9.12128759623034,354.540291735437,-60.));
#3676=CARTESIAN_POINT('Ctrl Pts',(9.12128759623034,354.540291735437,60.));
#3677=CARTESIAN_POINT('Ctrl Pts',(9.12128759623034,354.540291735437,-60.));
#3678=CARTESIAN_POINT('Ctrl Pts',(18.0917458634423,352.431670443323,60.));
#3679=CARTESIAN_POINT('Ctrl Pts',(18.0917458634423,352.431670443323,-60.));
#3680=CARTESIAN_POINT('Ctrl Pts',(8.27311262369616,353.629896723535,19.4732095919052));
#3681=CARTESIAN_POINT('Ctrl Pts',(8.44890761755413,353.818587607737,19.4130278803905));
#3682=CARTESIAN_POINT('Ctrl Pts',(8.58832290837007,353.968255342491,19.3651095609149));
#3683=CARTESIAN_POINT('Ctrl Pts',(8.89304355893927,354.127943181394,19.3139333430537));
#3684=CARTESIAN_POINT('Ctrl Pts',(9.02582428449306,354.170007592621,19.3004353210113));
#3685=CARTESIAN_POINT('Ctrl Pts',(9.4142735899721,354.219446548167,19.2845698849063));
#3686=CARTESIAN_POINT('Ctrl Pts',(9.69331332571422,354.214089705636,19.2862914624583));
#3687=CARTESIAN_POINT('Ctrl Pts',(11.3243183998984,354.026585846121,19.3464490402182));
#3688=CARTESIAN_POINT('Ctrl Pts',(13.6552513606006,353.474525389232,19.5246185677166));
#3689=CARTESIAN_POINT('Ctrl Pts',(18.0917458634423,352.431670443323,19.8528688232885));
#3690=CARTESIAN_POINT('Ctrl Pts',(6.38513193369371,316.976805498865,60.));
#3691=CARTESIAN_POINT('Ctrl Pts',(6.38513193369371,316.976805498865,-60.));
#3692=CARTESIAN_POINT('Ctrl Pts',(10.5023370194481,322.309950899866,60.));
#3693=CARTESIAN_POINT('Ctrl Pts',(10.5023370194481,322.309950899866,-60.));
#3694=CARTESIAN_POINT('Ctrl Pts',(10.5023370194481,322.309950899866,60.));
#3695=CARTESIAN_POINT('Ctrl Pts',(10.5023370194481,322.309950899866,-60.));
#3696=CARTESIAN_POINT('Ctrl Pts',(18.7822705750511,321.542590761926,60.));
#3697=CARTESIAN_POINT('Ctrl Pts',(18.7822705750511,321.542590761926,-60.));
#3698=CARTESIAN_POINT('',(6.38513193369371,316.976805498865,28.8908031652279));
#3699=CARTESIAN_POINT('',(18.7822705750511,321.542590761926,27.9591024985725));
#3700=CARTESIAN_POINT('Ctrl Pts',(6.38513193369371,316.976805498865,28.8908031652278));
#3701=CARTESIAN_POINT('Ctrl Pts',(7.76988208155788,318.770515972062,28.5379205910253));
#3702=CARTESIAN_POINT('Ctrl Pts',(8.73977833754327,320.044612367873,28.2731561152038));
#3703=CARTESIAN_POINT('Ctrl Pts',(10.2556589287983,321.224102466597,28.0265260642485));
#3704=CARTESIAN_POINT('Ctrl Pts',(10.7845783297975,321.500552422605,27.9680349913546));
#3705=CARTESIAN_POINT('Ctrl Pts',(12.0388413599844,321.842955605889,27.8955031633233));
#3706=CARTESIAN_POINT('Ctrl Pts',(12.7537385337687,321.910576462438,27.8810877677447));
#3707=CARTESIAN_POINT('Ctrl Pts',(14.919790070771,321.900550693977,27.8832191040552));
#3708=CARTESIAN_POINT('Ctrl Pts',(16.549857389602,321.7494843171,27.9153629948118));
#3709=CARTESIAN_POINT('Ctrl Pts',(18.7822705750511,321.542590761926,27.9591024985724));
#3710=CARTESIAN_POINT('',(6.38513193369371,316.976805498865,0.));
#3711=CARTESIAN_POINT('',(18.7822705750511,321.542590761926,0.));
#3712=CARTESIAN_POINT('Origin',(18.7822705750511,321.542590761926,0.));
#3713=CARTESIAN_POINT('',(18.7822705750511,305.869360397582,30.8798090144067));
#3714=CARTESIAN_POINT('Origin',(18.7822705750511,253.137506005666,-295.605866474259));
#3715=CARTESIAN_POINT('',(18.7822705750511,305.869360397582,0.));
#3716=CARTESIAN_POINT('Ctrl Pts',(5.43334845972521,303.795790285852,60.));
#3717=CARTESIAN_POINT('Ctrl Pts',(5.43334845972521,303.795790285852,-60.));
#3718=CARTESIAN_POINT('Ctrl Pts',(2.26792684793932,311.643654284265,60.));
#3719=CARTESIAN_POINT('Ctrl Pts',(2.26792684793932,311.643654284265,-60.));
#3720=CARTESIAN_POINT('Ctrl Pts',(2.26792684793932,311.643654284265,60.));
#3721=CARTESIAN_POINT('Ctrl Pts',(2.26792684793932,311.643654284265,-60.));
#3722=CARTESIAN_POINT('Ctrl Pts',(6.38513193369371,316.976805498865,60.));
#3723=CARTESIAN_POINT('Ctrl Pts',(6.38513193369371,316.976805498865,-60.));
#3724=CARTESIAN_POINT('',(5.43334845972521,303.795790285852,31.2079689132418));
#3725=CARTESIAN_POINT('Ctrl Pts',(5.43334845972521,303.795790285852,31.2079689132417));
#3726=CARTESIAN_POINT('Ctrl Pts',(4.76768935421202,305.446124039157,30.9521563760123));
#3727=CARTESIAN_POINT('Ctrl Pts',(4.17625135361147,306.902390390534,30.7135176483944));
#3728=CARTESIAN_POINT('Ctrl Pts',(3.37597271022838,309.272106970232,30.3141857585277));
#3729=CARTESIAN_POINT('Ctrl Pts',(3.16998368663152,310.174759070828,30.1562642997396));
#3730=CARTESIAN_POINT('Ctrl Pts',(3.16390320404294,311.623297455369,29.8989468577578));
#3731=CARTESIAN_POINT('Ctrl Pts',(3.29092185042568,312.198441531677,29.7949814047132));
#3732=CARTESIAN_POINT('Ctrl Pts',(4.04315200057565,313.970576788043,29.4700078023255));
#3733=CARTESIAN_POINT('Ctrl Pts',(5.05577368580947,315.25484402095,29.2295703230739));
#3734=CARTESIAN_POINT('Ctrl Pts',(6.38513193369362,316.976805498865,28.8908031652278));
#3735=CARTESIAN_POINT('',(5.43334845972521,303.795790285852,0.));
#3736=CARTESIAN_POINT('Ctrl Pts',(17.830485647683,295.947926287439,60.));
#3737=CARTESIAN_POINT('Ctrl Pts',(17.830485647683,295.947926287439,-60.));
#3738=CARTESIAN_POINT('Ctrl Pts',(8.59877007151109,295.947926287439,60.));
#3739=CARTESIAN_POINT('Ctrl Pts',(8.59877007151109,295.947926287439,-60.));
#3740=CARTESIAN_POINT('Ctrl Pts',(8.59877007151109,295.947926287439,60.));
#3741=CARTESIAN_POINT('Ctrl Pts',(8.59877007151109,295.947926287439,-60.));
#3742=CARTESIAN_POINT('Ctrl Pts',(5.43334845972521,303.795790285852,60.));
#3743=CARTESIAN_POINT('Ctrl Pts',(5.43334845972521,303.795790285852,-60.));
#3744=CARTESIAN_POINT('',(17.830485647683,295.947926287439,32.3282925915488));
#3745=CARTESIAN_POINT('Ctrl Pts',(17.830485647683,295.947926287439,32.3282925915487));
#3746=CARTESIAN_POINT('Ctrl Pts',(14.6142925470289,295.947926287439,32.3282925915487));
#3747=CARTESIAN_POINT('Ctrl Pts',(12.518577141213,295.947948332838,32.3284604698747));
#3748=CARTESIAN_POINT('Ctrl Pts',(10.3140459993508,296.43579704949,32.2642717420605));
#3749=CARTESIAN_POINT('Ctrl Pts',(9.74106823366373,296.665164107892,32.2340385602927));
#3750=CARTESIAN_POINT('Ctrl Pts',(8.80726469119417,297.300079651942,32.149075843258));
#3751=CARTESIAN_POINT('Ctrl Pts',(8.43310020939615,297.679329059643,32.0979743277281));
#3752=CARTESIAN_POINT('Ctrl Pts',(7.1453192076455,299.449566925874,31.8547101036673));
#3753=CARTESIAN_POINT('Ctrl Pts',(6.35881486921807,301.501329892406,31.5636252970756));
#3754=CARTESIAN_POINT('Ctrl Pts',(5.43334845972526,303.795790285852,31.2079689132417));
#3755=CARTESIAN_POINT('',(17.830485647683,295.947926287439,0.));
#3756=CARTESIAN_POINT('Origin',(18.7822705750511,305.869360397582,0.));
#3757=CARTESIAN_POINT('Origin',(13.7235881663169,253.137506005666,-295.605866474259));
#3758=CARTESIAN_POINT('Origin',(33.5,238.889071025907,7.91215766071535));
#3759=CARTESIAN_POINT('',(33.5,292.099995613098,0.031721842673349));
#3760=CARTESIAN_POINT('',(33.5,292.099995613098,8.46549249479787));
#3761=CARTESIAN_POINT('Origin',(33.5,386.738058997318,-581.102682245232));
#3762=CARTESIAN_POINT('Origin',(-26.5,386.738058997317,-581.10268224523));
#3763=CARTESIAN_POINT('',(-26.5,292.099995613098,0.0317218426736332));
#3764=CARTESIAN_POINT('Origin',(-26.5,253.083503163327,-295.738645202065));
#3765=CARTESIAN_POINT('',(33.5,292.099995613098,32.8128148009057));
#3766=CARTESIAN_POINT('Origin',(33.5,253.083503163328,-295.738645202066));
#3767=CARTESIAN_POINT('',(-26.5,292.099995613098,32.8128148009054));
#3768=CARTESIAN_POINT('Origin',(33.5,238.889071025907,7.91215766071535));
#3769=CARTESIAN_POINT('',(33.5,292.099995613098,32.8076977561048));
#3770=CARTESIAN_POINT('',(33.5,292.099995613098,8.46549249479787));
#3771=CARTESIAN_POINT('Origin',(33.5,253.137506005666,-295.605866474259));
#3772=CARTESIAN_POINT('Origin',(-26.5,253.137506005666,-295.605866474259));
#3773=CARTESIAN_POINT('',(-26.5,292.099995613098,32.8076977561048));
#3774=CARTESIAN_POINT('Origin',(7.5,292.099995613098,9.01882732888038));
#3775=UNCERTAINTY_MEASURE_WITH_UNIT(LENGTH_MEASURE(0.01),#3779,
'DISTANCE_ACCURACY_VALUE',
'Maximum model space distance between geometric entities at asserted c
onnectivities');
#3776=UNCERTAINTY_MEASURE_WITH_UNIT(LENGTH_MEASURE(0.01),#3779,
'DISTANCE_ACCURACY_VALUE',
'Maximum model space distance between geometric entities at asserted c
onnectivities');
#3777=(
GEOMETRIC_REPRESENTATION_CONTEXT(3)
GLOBAL_UNCERTAINTY_ASSIGNED_CONTEXT((#3775))
GLOBAL_UNIT_ASSIGNED_CONTEXT((#3779,#3781,#3782))
REPRESENTATION_CONTEXT('','3D')
);
#3778=(
GEOMETRIC_REPRESENTATION_CONTEXT(3)
GLOBAL_UNCERTAINTY_ASSIGNED_CONTEXT((#3776))
GLOBAL_UNIT_ASSIGNED_CONTEXT((#3779,#3781,#3782))
REPRESENTATION_CONTEXT('','3D')
);
#3779=(
LENGTH_UNIT()
NAMED_UNIT(*)
SI_UNIT(.MILLI.,.METRE.)
);
#3780=(
LENGTH_UNIT()
NAMED_UNIT(*)
SI_UNIT($,.METRE.)
);
#3781=(
NAMED_UNIT(*)
PLANE_ANGLE_UNIT()
SI_UNIT($,.RADIAN.)
);
#3782=(
NAMED_UNIT(*)
SI_UNIT($,.STERADIAN.)
SOLID_ANGLE_UNIT()
);
#3783=SHAPE_DEFINITION_REPRESENTATION(#3784,#3785);
#3784=PRODUCT_DEFINITION_SHAPE('',$,#3787);
#3785=SHAPE_REPRESENTATION('',(#1587),#3777);
#3786=PRODUCT_DEFINITION_CONTEXT('part definition',#3791,'design');
#3787=PRODUCT_DEFINITION('left_claw_bottom','left_claw_bottom',#3788,#3786);
#3788=PRODUCT_DEFINITION_FORMATION('',$,#3793);
#3789=PRODUCT_RELATED_PRODUCT_CATEGORY('left_claw_bottom',
'left_claw_bottom',(#3793));
#3790=APPLICATION_PROTOCOL_DEFINITION('international standard',
'automotive_design',2009,#3791);
#3791=APPLICATION_CONTEXT(
'Core Data for Automotive Mechanical Design Process');
#3792=PRODUCT_CONTEXT('part definition',#3791,'mechanical');
#3793=PRODUCT('left_claw_bottom','left_claw_bottom',$,(#3792));
#3794=PRESENTATION_STYLE_ASSIGNMENT((#3796));
#3795=PRESENTATION_STYLE_ASSIGNMENT((#3797));
#3796=SURFACE_STYLE_USAGE(.BOTH.,#3798);
#3797=SURFACE_STYLE_USAGE(.BOTH.,#3799);
#3798=SURFACE_SIDE_STYLE('',(#3800));
#3799=SURFACE_SIDE_STYLE('',(#3801));
#3800=SURFACE_STYLE_FILL_AREA(#3802);
#3801=SURFACE_STYLE_FILL_AREA(#3803);
#3802=FILL_AREA_STYLE('Tough 2000 (with Formlabs SLA 3D Printers)',(#3804));
#3803=FILL_AREA_STYLE('Rubber - Bumpy',(#3805));
#3804=FILL_AREA_STYLE_COLOUR(
'Tough 2000 (with Formlabs SLA 3D Printers)',#3806);
#3805=FILL_AREA_STYLE_COLOUR('Rubber - Bumpy',#3807);
#3806=COLOUR_RGB('Tough 2000 (with Formlabs SLA 3D Printers)',0.247058823529412,
0.247058823529412,0.247058823529412);
#3807=COLOUR_RGB('Rubber - Bumpy',0.152941176470588,0.152941176470588,0.152941176470588);
ENDSEC;
END-ISO-10303-21;
