ISO-10303-21;
HEADER;
/* Generated by software containing ST-Developer
 * from STEP Tools, Inc. (www.steptools.com) 
 */

FILE_DESCRIPTION(
/* description */ (''),
/* implementation_level */ '2;1');

FILE_NAME(
/* name */ 'left_mid.step',
/* time_stamp */ '2026-06-13T15:32:15-06:00',
/* author */ (''),
/* organization */ (''),
/* preprocessor_version */ 'ST-DEVELOPER v20.1',
/* originating_system */ 'Autodesk Translation Framework v15.8.0.0',
/* authorisation */ '');

FILE_SCHEMA (('AUTOMOTIVE_DESIGN { 1 0 10303 214 3 1 1 }'));
ENDSEC;

DATA;
#10=MECHANICAL_DESIGN_GEOMETRIC_PRESENTATION_REPRESENTATION('',(#13),#7482);
#11=SHAPE_REPRESENTATION_RELATIONSHIP('SRR','None',#7489,#12);
#12=ADVANCED_BREP_SHAPE_REPRESENTATION('',(#14),#7481);
#13=STYLED_ITEM('',(#7499),#14);
#14=MANIFOLD_SOLID_BREP('Body1',#3466);
#15=(
BOUNDED_SURFACE()
B_SPLINE_SURFACE(3,1,((#5236,#5237),(#5238,#5239),(#5240,#5241),(#5242,
#5243)),.UNSPECIFIED.,.F.,.F.,.F.)
B_SPLINE_SURFACE_WITH_KNOTS((4,4),(2,2),(0.,1.),(-6.,6.),.UNSPECIFIED.)
GEOMETRIC_REPRESENTATION_ITEM()
RATIONAL_B_SPLINE_SURFACE(((1.,1.),(1.,1.),(1.,1.),(1.,1.)))
REPRESENTATION_ITEM('')
SURFACE()
);
#16=(
BOUNDED_SURFACE()
B_SPLINE_SURFACE(3,1,((#5266,#5267),(#5268,#5269),(#5270,#5271),(#5272,
#5273)),.UNSPECIFIED.,.F.,.F.,.F.)
B_SPLINE_SURFACE_WITH_KNOTS((4,4),(2,2),(0.,1.),(-6.,6.),.UNSPECIFIED.)
GEOMETRIC_REPRESENTATION_ITEM()
RATIONAL_B_SPLINE_SURFACE(((1.,1.),(1.,1.),(1.,1.),(1.,1.)))
REPRESENTATION_ITEM('')
SURFACE()
);
#17=(
BOUNDED_SURFACE()
B_SPLINE_SURFACE(3,1,((#5459,#5460),(#5461,#5462),(#5463,#5464),(#5465,
#5466)),.UNSPECIFIED.,.F.,.F.,.F.)
B_SPLINE_SURFACE_WITH_KNOTS((4,4),(2,2),(0.,1.),(-6.,6.),.UNSPECIFIED.)
GEOMETRIC_REPRESENTATION_ITEM()
RATIONAL_B_SPLINE_SURFACE(((1.,1.),(1.,1.),(1.,1.),(1.,1.)))
REPRESENTATION_ITEM('')
SURFACE()
);
#18=(
BOUNDED_SURFACE()
B_SPLINE_SURFACE(3,1,((#5506,#5507),(#5508,#5509),(#5510,#5511),(#5512,
#5513)),.UNSPECIFIED.,.F.,.F.,.F.)
B_SPLINE_SURFACE_WITH_KNOTS((4,4),(2,2),(0.,1.),(-6.,6.),.UNSPECIFIED.)
GEOMETRIC_REPRESENTATION_ITEM()
RATIONAL_B_SPLINE_SURFACE(((1.,1.),(1.,1.),(1.,1.),(1.,1.)))
REPRESENTATION_ITEM('')
SURFACE()
);
#19=(
BOUNDED_SURFACE()
B_SPLINE_SURFACE(3,1,((#5540,#5541),(#5542,#5543),(#5544,#5545),(#5546,
#5547)),.UNSPECIFIED.,.F.,.F.,.F.)
B_SPLINE_SURFACE_WITH_KNOTS((4,4),(2,2),(0.,1.),(-6.,6.),.UNSPECIFIED.)
GEOMETRIC_REPRESENTATION_ITEM()
RATIONAL_B_SPLINE_SURFACE(((1.,1.),(1.,1.),(1.,1.),(1.,1.)))
REPRESENTATION_ITEM('')
SURFACE()
);
#20=(
BOUNDED_SURFACE()
B_SPLINE_SURFACE(3,1,((#5574,#5575),(#5576,#5577),(#5578,#5579),(#5580,
#5581)),.UNSPECIFIED.,.F.,.F.,.F.)
B_SPLINE_SURFACE_WITH_KNOTS((4,4),(2,2),(0.,1.),(-6.,6.),.UNSPECIFIED.)
GEOMETRIC_REPRESENTATION_ITEM()
RATIONAL_B_SPLINE_SURFACE(((1.,1.),(1.,1.),(1.,1.),(1.,1.)))
REPRESENTATION_ITEM('')
SURFACE()
);
#21=(
BOUNDED_SURFACE()
B_SPLINE_SURFACE(3,1,((#5605,#5606),(#5607,#5608),(#5609,#5610),(#5611,
#5612)),.UNSPECIFIED.,.F.,.F.,.F.)
B_SPLINE_SURFACE_WITH_KNOTS((4,4),(2,2),(0.,1.),(-6.,6.),.UNSPECIFIED.)
GEOMETRIC_REPRESENTATION_ITEM()
RATIONAL_B_SPLINE_SURFACE(((1.,1.),(1.,1.),(1.,1.),(1.,1.)))
REPRESENTATION_ITEM('')
SURFACE()
);
#22=(
BOUNDED_SURFACE()
B_SPLINE_SURFACE(3,1,((#5632,#5633),(#5634,#5635),(#5636,#5637),(#5638,
#5639)),.UNSPECIFIED.,.F.,.F.,.F.)
B_SPLINE_SURFACE_WITH_KNOTS((4,4),(2,2),(0.,1.),(-6.,6.),.UNSPECIFIED.)
GEOMETRIC_REPRESENTATION_ITEM()
RATIONAL_B_SPLINE_SURFACE(((1.,1.),(1.,1.),(1.,1.),(1.,1.)))
REPRESENTATION_ITEM('')
SURFACE()
);
#23=(
BOUNDED_SURFACE()
B_SPLINE_SURFACE(3,1,((#5677,#5678),(#5679,#5680),(#5681,#5682),(#5683,
#5684)),.UNSPECIFIED.,.F.,.F.,.F.)
B_SPLINE_SURFACE_WITH_KNOTS((4,4),(2,2),(0.,1.),(-6.,6.),.UNSPECIFIED.)
GEOMETRIC_REPRESENTATION_ITEM()
RATIONAL_B_SPLINE_SURFACE(((1.,1.),(1.,1.),(1.,1.),(1.,1.)))
REPRESENTATION_ITEM('')
SURFACE()
);
#24=(
BOUNDED_SURFACE()
B_SPLINE_SURFACE(3,1,((#5790,#5791),(#5792,#5793),(#5794,#5795),(#5796,
#5797)),.UNSPECIFIED.,.F.,.F.,.F.)
B_SPLINE_SURFACE_WITH_KNOTS((4,4),(2,2),(0.,1.),(-6.,6.),.UNSPECIFIED.)
GEOMETRIC_REPRESENTATION_ITEM()
RATIONAL_B_SPLINE_SURFACE(((1.,1.),(1.,1.),(1.,1.),(1.,1.)))
REPRESENTATION_ITEM('')
SURFACE()
);
#25=(
BOUNDED_SURFACE()
B_SPLINE_SURFACE(3,1,((#5817,#5818),(#5819,#5820),(#5821,#5822),(#5823,
#5824)),.UNSPECIFIED.,.F.,.F.,.F.)
B_SPLINE_SURFACE_WITH_KNOTS((4,4),(2,2),(0.,1.),(-6.,6.),.UNSPECIFIED.)
GEOMETRIC_REPRESENTATION_ITEM()
RATIONAL_B_SPLINE_SURFACE(((1.,1.),(1.,1.),(1.,1.),(1.,1.)))
REPRESENTATION_ITEM('')
SURFACE()
);
#26=(
BOUNDED_SURFACE()
B_SPLINE_SURFACE(3,1,((#5846,#5847),(#5848,#5849),(#5850,#5851),(#5852,
#5853)),.UNSPECIFIED.,.F.,.F.,.F.)
B_SPLINE_SURFACE_WITH_KNOTS((4,4),(2,2),(0.,1.),(-6.,6.),.UNSPECIFIED.)
GEOMETRIC_REPRESENTATION_ITEM()
RATIONAL_B_SPLINE_SURFACE(((1.,1.),(1.,1.),(1.,1.),(1.,1.)))
REPRESENTATION_ITEM('')
SURFACE()
);
#27=(
BOUNDED_SURFACE()
B_SPLINE_SURFACE(3,1,((#5869,#5870),(#5871,#5872),(#5873,#5874),(#5875,
#5876)),.UNSPECIFIED.,.F.,.F.,.F.)
B_SPLINE_SURFACE_WITH_KNOTS((4,4),(2,2),(0.,1.),(-6.,6.),.UNSPECIFIED.)
GEOMETRIC_REPRESENTATION_ITEM()
RATIONAL_B_SPLINE_SURFACE(((1.,1.),(1.,1.),(1.,1.),(1.,1.)))
REPRESENTATION_ITEM('')
SURFACE()
);
#28=(
BOUNDED_SURFACE()
B_SPLINE_SURFACE(3,1,((#5900,#5901),(#5902,#5903),(#5904,#5905),(#5906,
#5907)),.UNSPECIFIED.,.F.,.F.,.F.)
B_SPLINE_SURFACE_WITH_KNOTS((4,4),(2,2),(0.,1.),(-6.,6.),.UNSPECIFIED.)
GEOMETRIC_REPRESENTATION_ITEM()
RATIONAL_B_SPLINE_SURFACE(((1.,1.),(1.,1.),(1.,1.),(1.,1.)))
REPRESENTATION_ITEM('')
SURFACE()
);
#29=(
BOUNDED_SURFACE()
B_SPLINE_SURFACE(3,1,((#5938,#5939),(#5940,#5941),(#5942,#5943),(#5944,
#5945)),.UNSPECIFIED.,.F.,.F.,.F.)
B_SPLINE_SURFACE_WITH_KNOTS((4,4),(2,2),(0.,1.),(-6.,6.),.UNSPECIFIED.)
GEOMETRIC_REPRESENTATION_ITEM()
RATIONAL_B_SPLINE_SURFACE(((1.,1.),(1.,1.),(1.,1.),(1.,1.)))
REPRESENTATION_ITEM('')
SURFACE()
);
#30=(
BOUNDED_SURFACE()
B_SPLINE_SURFACE(3,1,((#5971,#5972),(#5973,#5974),(#5975,#5976),(#5977,
#5978)),.UNSPECIFIED.,.F.,.F.,.F.)
B_SPLINE_SURFACE_WITH_KNOTS((4,4),(2,2),(0.,1.),(-6.,6.),.UNSPECIFIED.)
GEOMETRIC_REPRESENTATION_ITEM()
RATIONAL_B_SPLINE_SURFACE(((1.,1.),(1.,1.),(1.,1.),(1.,1.)))
REPRESENTATION_ITEM('')
SURFACE()
);
#31=(
BOUNDED_SURFACE()
B_SPLINE_SURFACE(3,1,((#6002,#6003),(#6004,#6005),(#6006,#6007),(#6008,
#6009)),.UNSPECIFIED.,.F.,.F.,.F.)
B_SPLINE_SURFACE_WITH_KNOTS((4,4),(2,2),(0.,1.),(-6.,6.),.UNSPECIFIED.)
GEOMETRIC_REPRESENTATION_ITEM()
RATIONAL_B_SPLINE_SURFACE(((1.,1.),(1.,1.),(1.,1.),(1.,1.)))
REPRESENTATION_ITEM('')
SURFACE()
);
#32=(
BOUNDED_SURFACE()
B_SPLINE_SURFACE(3,1,((#6037,#6038),(#6039,#6040),(#6041,#6042),(#6043,
#6044)),.UNSPECIFIED.,.F.,.F.,.F.)
B_SPLINE_SURFACE_WITH_KNOTS((4,4),(2,2),(0.,1.),(-6.,6.),.UNSPECIFIED.)
GEOMETRIC_REPRESENTATION_ITEM()
RATIONAL_B_SPLINE_SURFACE(((1.,1.),(1.,1.),(1.,1.),(1.,1.)))
REPRESENTATION_ITEM('')
SURFACE()
);
#33=(
BOUNDED_SURFACE()
B_SPLINE_SURFACE(3,1,((#6068,#6069),(#6070,#6071),(#6072,#6073),(#6074,
#6075)),.UNSPECIFIED.,.F.,.F.,.F.)
B_SPLINE_SURFACE_WITH_KNOTS((4,4),(2,2),(0.,1.),(-6.,6.),.UNSPECIFIED.)
GEOMETRIC_REPRESENTATION_ITEM()
RATIONAL_B_SPLINE_SURFACE(((1.,1.),(1.,1.),(1.,1.),(1.,1.)))
REPRESENTATION_ITEM('')
SURFACE()
);
#34=(
BOUNDED_SURFACE()
B_SPLINE_SURFACE(3,1,((#6092,#6093),(#6094,#6095),(#6096,#6097),(#6098,
#6099)),.UNSPECIFIED.,.F.,.F.,.F.)
B_SPLINE_SURFACE_WITH_KNOTS((4,4),(2,2),(0.,1.),(-6.,6.),.UNSPECIFIED.)
GEOMETRIC_REPRESENTATION_ITEM()
RATIONAL_B_SPLINE_SURFACE(((1.,1.),(1.,1.),(1.,1.),(1.,1.)))
REPRESENTATION_ITEM('')
SURFACE()
);
#35=(
BOUNDED_SURFACE()
B_SPLINE_SURFACE(3,1,((#6126,#6127),(#6128,#6129),(#6130,#6131),(#6132,
#6133)),.UNSPECIFIED.,.F.,.F.,.F.)
B_SPLINE_SURFACE_WITH_KNOTS((4,4),(2,2),(0.,1.),(-6.,6.),.UNSPECIFIED.)
GEOMETRIC_REPRESENTATION_ITEM()
RATIONAL_B_SPLINE_SURFACE(((1.,1.),(1.,1.),(1.,1.),(1.,1.)))
REPRESENTATION_ITEM('')
SURFACE()
);
#36=(
BOUNDED_SURFACE()
B_SPLINE_SURFACE(3,1,((#6153,#6154),(#6155,#6156),(#6157,#6158),(#6159,
#6160)),.UNSPECIFIED.,.F.,.F.,.F.)
B_SPLINE_SURFACE_WITH_KNOTS((4,4),(2,2),(0.,1.),(-6.,6.),.UNSPECIFIED.)
GEOMETRIC_REPRESENTATION_ITEM()
RATIONAL_B_SPLINE_SURFACE(((1.,1.),(1.,1.),(1.,1.),(1.,1.)))
REPRESENTATION_ITEM('')
SURFACE()
);
#37=(
BOUNDED_SURFACE()
B_SPLINE_SURFACE(3,1,((#6186,#6187),(#6188,#6189),(#6190,#6191),(#6192,
#6193)),.UNSPECIFIED.,.F.,.F.,.F.)
B_SPLINE_SURFACE_WITH_KNOTS((4,4),(2,2),(0.,1.),(-6.,6.),.UNSPECIFIED.)
GEOMETRIC_REPRESENTATION_ITEM()
RATIONAL_B_SPLINE_SURFACE(((1.,1.),(1.,1.),(1.,1.),(1.,1.)))
REPRESENTATION_ITEM('')
SURFACE()
);
#38=(
BOUNDED_SURFACE()
B_SPLINE_SURFACE(3,1,((#6233,#6234),(#6235,#6236),(#6237,#6238),(#6239,
#6240)),.UNSPECIFIED.,.F.,.F.,.F.)
B_SPLINE_SURFACE_WITH_KNOTS((4,4),(2,2),(0.,1.),(-6.,6.),.UNSPECIFIED.)
GEOMETRIC_REPRESENTATION_ITEM()
RATIONAL_B_SPLINE_SURFACE(((1.,1.),(1.,1.),(1.,1.),(1.,1.)))
REPRESENTATION_ITEM('')
SURFACE()
);
#39=(
BOUNDED_SURFACE()
B_SPLINE_SURFACE(3,1,((#6303,#6304),(#6305,#6306),(#6307,#6308),(#6309,
#6310)),.UNSPECIFIED.,.F.,.F.,.F.)
B_SPLINE_SURFACE_WITH_KNOTS((4,4),(2,2),(0.,1.),(-6.,6.),.UNSPECIFIED.)
GEOMETRIC_REPRESENTATION_ITEM()
RATIONAL_B_SPLINE_SURFACE(((1.,1.),(1.,1.),(1.,1.),(1.,1.)))
REPRESENTATION_ITEM('')
SURFACE()
);
#40=(
BOUNDED_SURFACE()
B_SPLINE_SURFACE(3,1,((#6334,#6335),(#6336,#6337),(#6338,#6339),(#6340,
#6341)),.UNSPECIFIED.,.F.,.F.,.F.)
B_SPLINE_SURFACE_WITH_KNOTS((4,4),(2,2),(0.,1.),(-6.,6.),.UNSPECIFIED.)
GEOMETRIC_REPRESENTATION_ITEM()
RATIONAL_B_SPLINE_SURFACE(((1.,1.),(1.,1.),(1.,1.),(1.,1.)))
REPRESENTATION_ITEM('')
SURFACE()
);
#41=(
BOUNDED_SURFACE()
B_SPLINE_SURFACE(3,1,((#6367,#6368),(#6369,#6370),(#6371,#6372),(#6373,
#6374)),.UNSPECIFIED.,.F.,.F.,.F.)
B_SPLINE_SURFACE_WITH_KNOTS((4,4),(2,2),(0.,1.),(-6.,6.),.UNSPECIFIED.)
GEOMETRIC_REPRESENTATION_ITEM()
RATIONAL_B_SPLINE_SURFACE(((1.,1.),(1.,1.),(1.,1.),(1.,1.)))
REPRESENTATION_ITEM('')
SURFACE()
);
#42=(
BOUNDED_SURFACE()
B_SPLINE_SURFACE(3,1,((#6405,#6406),(#6407,#6408),(#6409,#6410),(#6411,
#6412)),.UNSPECIFIED.,.F.,.F.,.F.)
B_SPLINE_SURFACE_WITH_KNOTS((4,4),(2,2),(0.,1.),(-6.,6.),.UNSPECIFIED.)
GEOMETRIC_REPRESENTATION_ITEM()
RATIONAL_B_SPLINE_SURFACE(((1.,1.),(1.,1.),(1.,1.),(1.,1.)))
REPRESENTATION_ITEM('')
SURFACE()
);
#43=(
BOUNDED_SURFACE()
B_SPLINE_SURFACE(3,1,((#6503,#6504),(#6505,#6506),(#6507,#6508),(#6509,
#6510)),.UNSPECIFIED.,.F.,.F.,.F.)
B_SPLINE_SURFACE_WITH_KNOTS((4,4),(2,2),(0.,1.),(-6.,6.),.UNSPECIFIED.)
GEOMETRIC_REPRESENTATION_ITEM()
RATIONAL_B_SPLINE_SURFACE(((1.,1.),(1.,1.),(1.,1.),(1.,1.)))
REPRESENTATION_ITEM('')
SURFACE()
);
#44=(
BOUNDED_SURFACE()
B_SPLINE_SURFACE(3,1,((#6536,#6537),(#6538,#6539),(#6540,#6541),(#6542,
#6543)),.UNSPECIFIED.,.F.,.F.,.F.)
B_SPLINE_SURFACE_WITH_KNOTS((4,4),(2,2),(0.,1.),(-6.,6.),.UNSPECIFIED.)
GEOMETRIC_REPRESENTATION_ITEM()
RATIONAL_B_SPLINE_SURFACE(((1.,1.),(1.,1.),(1.,1.),(1.,1.)))
REPRESENTATION_ITEM('')
SURFACE()
);
#45=(
BOUNDED_SURFACE()
B_SPLINE_SURFACE(3,1,((#6575,#6576),(#6577,#6578),(#6579,#6580),(#6581,
#6582)),.UNSPECIFIED.,.F.,.F.,.F.)
B_SPLINE_SURFACE_WITH_KNOTS((4,4),(2,2),(0.,1.),(-6.,6.),.UNSPECIFIED.)
GEOMETRIC_REPRESENTATION_ITEM()
RATIONAL_B_SPLINE_SURFACE(((1.,1.),(1.,1.),(1.,1.),(1.,1.)))
REPRESENTATION_ITEM('')
SURFACE()
);
#46=(
BOUNDED_SURFACE()
B_SPLINE_SURFACE(3,1,((#6600,#6601),(#6602,#6603),(#6604,#6605),(#6606,
#6607)),.UNSPECIFIED.,.F.,.F.,.F.)
B_SPLINE_SURFACE_WITH_KNOTS((4,4),(2,2),(0.,1.),(-6.,6.),.UNSPECIFIED.)
GEOMETRIC_REPRESENTATION_ITEM()
RATIONAL_B_SPLINE_SURFACE(((1.,1.),(1.,1.),(1.,1.),(1.,1.)))
REPRESENTATION_ITEM('')
SURFACE()
);
#47=(
BOUNDED_SURFACE()
B_SPLINE_SURFACE(3,1,((#6632,#6633),(#6634,#6635),(#6636,#6637),(#6638,
#6639)),.UNSPECIFIED.,.F.,.F.,.F.)
B_SPLINE_SURFACE_WITH_KNOTS((4,4),(2,2),(0.,1.),(-6.,6.),.UNSPECIFIED.)
GEOMETRIC_REPRESENTATION_ITEM()
RATIONAL_B_SPLINE_SURFACE(((1.,1.),(1.,1.),(1.,1.),(1.,1.)))
REPRESENTATION_ITEM('')
SURFACE()
);
#48=(
BOUNDED_SURFACE()
B_SPLINE_SURFACE(3,1,((#6674,#6675),(#6676,#6677),(#6678,#6679),(#6680,
#6681)),.UNSPECIFIED.,.F.,.F.,.F.)
B_SPLINE_SURFACE_WITH_KNOTS((4,4),(2,2),(0.,1.),(-6.,6.),.UNSPECIFIED.)
GEOMETRIC_REPRESENTATION_ITEM()
RATIONAL_B_SPLINE_SURFACE(((1.,1.),(1.,1.),(1.,1.),(1.,1.)))
REPRESENTATION_ITEM('')
SURFACE()
);
#49=(
BOUNDED_SURFACE()
B_SPLINE_SURFACE(3,1,((#6721,#6722),(#6723,#6724),(#6725,#6726),(#6727,
#6728)),.UNSPECIFIED.,.F.,.F.,.F.)
B_SPLINE_SURFACE_WITH_KNOTS((4,4),(2,2),(0.,1.),(-6.,6.),.UNSPECIFIED.)
GEOMETRIC_REPRESENTATION_ITEM()
RATIONAL_B_SPLINE_SURFACE(((1.,1.),(1.,1.),(1.,1.),(1.,1.)))
REPRESENTATION_ITEM('')
SURFACE()
);
#50=(
BOUNDED_SURFACE()
B_SPLINE_SURFACE(3,1,((#6760,#6761),(#6762,#6763),(#6764,#6765),(#6766,
#6767)),.UNSPECIFIED.,.F.,.F.,.F.)
B_SPLINE_SURFACE_WITH_KNOTS((4,4),(2,2),(0.,1.),(-6.,6.),.UNSPECIFIED.)
GEOMETRIC_REPRESENTATION_ITEM()
RATIONAL_B_SPLINE_SURFACE(((1.,1.),(1.,1.),(1.,1.),(1.,1.)))
REPRESENTATION_ITEM('')
SURFACE()
);
#51=(
BOUNDED_SURFACE()
B_SPLINE_SURFACE(3,1,((#6788,#6789),(#6790,#6791),(#6792,#6793),(#6794,
#6795)),.UNSPECIFIED.,.F.,.F.,.F.)
B_SPLINE_SURFACE_WITH_KNOTS((4,4),(2,2),(0.,1.),(-6.,6.),.UNSPECIFIED.)
GEOMETRIC_REPRESENTATION_ITEM()
RATIONAL_B_SPLINE_SURFACE(((1.,1.),(1.,1.),(1.,1.),(1.,1.)))
REPRESENTATION_ITEM('')
SURFACE()
);
#52=(
BOUNDED_SURFACE()
B_SPLINE_SURFACE(3,1,((#6868,#6869),(#6870,#6871),(#6872,#6873),(#6874,
#6875)),.UNSPECIFIED.,.F.,.F.,.F.)
B_SPLINE_SURFACE_WITH_KNOTS((4,4),(2,2),(0.,1.),(-6.,6.),.UNSPECIFIED.)
GEOMETRIC_REPRESENTATION_ITEM()
RATIONAL_B_SPLINE_SURFACE(((1.,1.),(1.,1.),(1.,1.),(1.,1.)))
REPRESENTATION_ITEM('')
SURFACE()
);
#53=(
BOUNDED_SURFACE()
B_SPLINE_SURFACE(3,1,((#6908,#6909),(#6910,#6911),(#6912,#6913),(#6914,
#6915)),.UNSPECIFIED.,.F.,.F.,.F.)
B_SPLINE_SURFACE_WITH_KNOTS((4,4),(2,2),(0.,1.),(-6.,6.),.UNSPECIFIED.)
GEOMETRIC_REPRESENTATION_ITEM()
RATIONAL_B_SPLINE_SURFACE(((1.,1.),(1.,1.),(1.,1.),(1.,1.)))
REPRESENTATION_ITEM('')
SURFACE()
);
#54=(
BOUNDED_SURFACE()
B_SPLINE_SURFACE(3,1,((#6942,#6943),(#6944,#6945),(#6946,#6947),(#6948,
#6949)),.UNSPECIFIED.,.F.,.F.,.F.)
B_SPLINE_SURFACE_WITH_KNOTS((4,4),(2,2),(0.,1.),(-6.,6.),.UNSPECIFIED.)
GEOMETRIC_REPRESENTATION_ITEM()
RATIONAL_B_SPLINE_SURFACE(((1.,1.),(1.,1.),(1.,1.),(1.,1.)))
REPRESENTATION_ITEM('')
SURFACE()
);
#55=(
BOUNDED_SURFACE()
B_SPLINE_SURFACE(3,1,((#6985,#6986),(#6987,#6988),(#6989,#6990),(#6991,
#6992)),.UNSPECIFIED.,.F.,.F.,.F.)
B_SPLINE_SURFACE_WITH_KNOTS((4,4),(2,2),(0.,1.),(-6.,6.),.UNSPECIFIED.)
GEOMETRIC_REPRESENTATION_ITEM()
RATIONAL_B_SPLINE_SURFACE(((1.,1.),(1.,1.),(1.,1.),(1.,1.)))
REPRESENTATION_ITEM('')
SURFACE()
);
#56=(
BOUNDED_SURFACE()
B_SPLINE_SURFACE(3,1,((#7024,#7025),(#7026,#7027),(#7028,#7029),(#7030,
#7031)),.UNSPECIFIED.,.F.,.F.,.F.)
B_SPLINE_SURFACE_WITH_KNOTS((4,4),(2,2),(0.,1.),(-6.,6.),.UNSPECIFIED.)
GEOMETRIC_REPRESENTATION_ITEM()
RATIONAL_B_SPLINE_SURFACE(((1.,1.),(1.,1.),(1.,1.),(1.,1.)))
REPRESENTATION_ITEM('')
SURFACE()
);
#57=(
BOUNDED_SURFACE()
B_SPLINE_SURFACE(3,1,((#7055,#7056),(#7057,#7058),(#7059,#7060),(#7061,
#7062)),.UNSPECIFIED.,.F.,.F.,.F.)
B_SPLINE_SURFACE_WITH_KNOTS((4,4),(2,2),(0.,1.),(-6.,6.),.UNSPECIFIED.)
GEOMETRIC_REPRESENTATION_ITEM()
RATIONAL_B_SPLINE_SURFACE(((1.,1.),(1.,1.),(1.,1.),(1.,1.)))
REPRESENTATION_ITEM('')
SURFACE()
);
#58=(
BOUNDED_SURFACE()
B_SPLINE_SURFACE(3,1,((#7083,#7084),(#7085,#7086),(#7087,#7088),(#7089,
#7090)),.UNSPECIFIED.,.F.,.F.,.F.)
B_SPLINE_SURFACE_WITH_KNOTS((4,4),(2,2),(0.,1.),(-6.,6.),.UNSPECIFIED.)
GEOMETRIC_REPRESENTATION_ITEM()
RATIONAL_B_SPLINE_SURFACE(((1.,1.),(1.,1.),(1.,1.),(1.,1.)))
REPRESENTATION_ITEM('')
SURFACE()
);
#59=(
BOUNDED_SURFACE()
B_SPLINE_SURFACE(3,1,((#7113,#7114),(#7115,#7116),(#7117,#7118),(#7119,
#7120)),.UNSPECIFIED.,.F.,.F.,.F.)
B_SPLINE_SURFACE_WITH_KNOTS((4,4),(2,2),(0.,1.),(-6.,6.),.UNSPECIFIED.)
GEOMETRIC_REPRESENTATION_ITEM()
RATIONAL_B_SPLINE_SURFACE(((1.,1.),(1.,1.),(1.,1.),(1.,1.)))
REPRESENTATION_ITEM('')
SURFACE()
);
#60=(
BOUNDED_SURFACE()
B_SPLINE_SURFACE(3,1,((#7144,#7145),(#7146,#7147),(#7148,#7149),(#7150,
#7151)),.UNSPECIFIED.,.F.,.F.,.F.)
B_SPLINE_SURFACE_WITH_KNOTS((4,4),(2,2),(0.,1.),(-6.,6.),.UNSPECIFIED.)
GEOMETRIC_REPRESENTATION_ITEM()
RATIONAL_B_SPLINE_SURFACE(((1.,1.),(1.,1.),(1.,1.),(1.,1.)))
REPRESENTATION_ITEM('')
SURFACE()
);
#61=(
BOUNDED_SURFACE()
B_SPLINE_SURFACE(3,1,((#7199,#7200),(#7201,#7202),(#7203,#7204),(#7205,
#7206)),.UNSPECIFIED.,.F.,.F.,.F.)
B_SPLINE_SURFACE_WITH_KNOTS((4,4),(2,2),(0.,1.),(-6.,6.),.UNSPECIFIED.)
GEOMETRIC_REPRESENTATION_ITEM()
RATIONAL_B_SPLINE_SURFACE(((1.,1.),(1.,1.),(1.,1.),(1.,1.)))
REPRESENTATION_ITEM('')
SURFACE()
);
#62=(
BOUNDED_SURFACE()
B_SPLINE_SURFACE(3,1,((#7238,#7239),(#7240,#7241),(#7242,#7243),(#7244,
#7245)),.UNSPECIFIED.,.F.,.F.,.F.)
B_SPLINE_SURFACE_WITH_KNOTS((4,4),(2,2),(0.,1.),(-6.,6.),.UNSPECIFIED.)
GEOMETRIC_REPRESENTATION_ITEM()
RATIONAL_B_SPLINE_SURFACE(((1.,1.),(1.,1.),(1.,1.),(1.,1.)))
REPRESENTATION_ITEM('')
SURFACE()
);
#63=(
BOUNDED_SURFACE()
B_SPLINE_SURFACE(3,1,((#7258,#7259),(#7260,#7261),(#7262,#7263),(#7264,
#7265)),.UNSPECIFIED.,.F.,.F.,.F.)
B_SPLINE_SURFACE_WITH_KNOTS((4,4),(2,2),(0.,1.),(-6.,6.),.UNSPECIFIED.)
GEOMETRIC_REPRESENTATION_ITEM()
RATIONAL_B_SPLINE_SURFACE(((1.,1.),(1.,1.),(1.,1.),(1.,1.)))
REPRESENTATION_ITEM('')
SURFACE()
);
#64=(
BOUNDED_SURFACE()
B_SPLINE_SURFACE(3,1,((#7380,#7381),(#7382,#7383),(#7384,#7385),(#7386,
#7387)),.UNSPECIFIED.,.F.,.F.,.F.)
B_SPLINE_SURFACE_WITH_KNOTS((4,4),(2,2),(0.,1.),(-6.,6.),.UNSPECIFIED.)
GEOMETRIC_REPRESENTATION_ITEM()
RATIONAL_B_SPLINE_SURFACE(((1.,1.),(1.,1.),(1.,1.),(1.,1.)))
REPRESENTATION_ITEM('')
SURFACE()
);
#65=CONICAL_SURFACE('',#3554,7.45000000000001,1.27933953231703);
#66=CONICAL_SURFACE('',#3570,8.05,0.785398163397457);
#67=CONICAL_SURFACE('',#3583,8.05,0.463647609000811);
#68=CONICAL_SURFACE('',#3589,16.,0.785398163397446);
#69=CONICAL_SURFACE('',#3671,8.05,0.785398163397447);
#70=CONICAL_SURFACE('',#3678,16.,0.785398163397449);
#71=B_SPLINE_CURVE_WITH_KNOTS('',3,(#4604,#4605,#4606,#4607,#4608,#4609,
#4610,#4611,#4612,#4613),.UNSPECIFIED.,.F.,.F.,(4,2,2,2,4),(0.153738076459134,
0.194009779945218,0.234281483431302,0.271937975930325,0.309594468429347),
 .UNSPECIFIED.);
#72=B_SPLINE_CURVE_WITH_KNOTS('',3,(#4617,#4618,#4619,#4620,#4621,#4622,
#4623,#4624,#4625,#4626),.UNSPECIFIED.,.F.,.F.,(4,2,2,2,4),(0.309594468429347,
0.34793645531033,0.386278442191314,0.425867229002895,0.465456015814477),
 .UNSPECIFIED.);
#73=B_SPLINE_CURVE_WITH_KNOTS('',3,(#4654,#4655,#4656,#4657,#4658,#4659,
#4660,#4661,#4662,#4663),.UNSPECIFIED.,.F.,.F.,(4,2,2,2,4),(0.,0.188251381047557,
0.376502762095114,0.566227322548993,0.755951883002872),.UNSPECIFIED.);
#74=B_SPLINE_CURVE_WITH_KNOTS('',3,(#4667,#4668,#4669,#4670,#4671,#4672,
#4673,#4674,#4675,#4676),.UNSPECIFIED.,.F.,.F.,(4,2,2,2,4),(-0.756052178772866,
-0.566273905415653,-0.376495632058441,-0.188247816029221,0.),
 .UNSPECIFIED.);
#75=B_SPLINE_CURVE_WITH_KNOTS('',3,(#4697,#4698,#4699,#4700,#4701,#4702,
#4703,#4704,#4705,#4706),.UNSPECIFIED.,.F.,.F.,(4,2,2,2,4),(0.756855633677657,
0.946578632701197,1.13630163172474,1.3245531059181,1.51280458011147),
 .UNSPECIFIED.);
#76=B_SPLINE_CURVE_WITH_KNOTS('',3,(#4710,#4711,#4712,#4713,#4714,#4715,
#4716,#4717,#4718,#4719),.UNSPECIFIED.,.F.,.F.,(4,2,2,2,4),(1.51304080181098,
1.7012887146221,1.88953662743322,2.07931327795924,2.26908992848526),
 .UNSPECIFIED.);
#77=B_SPLINE_CURVE_WITH_KNOTS('',3,(#4860,#4861,#4862,#4863,#4864,#4865,
#4866,#4867,#4868,#4869),.UNSPECIFIED.,.F.,.F.,(4,2,2,2,4),(-0.757161394405251,
-0.56679396972309,-0.37642654504093,-0.188213272520465,0.),
 .UNSPECIFIED.);
#78=B_SPLINE_CURVE_WITH_KNOTS('',3,(#4968,#4969,#4970,#4971,#4972,#4973,
#4974,#4975,#4976,#4977,#4978,#4979,#4980,#4981),.UNSPECIFIED.,.F.,.F.,
(4,2,2,2,2,2,4),(0.354637810142634,0.384473228408306,0.414308646673978,
0.446143532118174,0.47797841756237,0.514298494150956,0.514772699481289),
 .UNSPECIFIED.);
#79=B_SPLINE_CURVE_WITH_KNOTS('',3,(#4991,#4992,#4993,#4994,#4995,#4996,
#4997,#4998,#4999,#5000,#5001,#5002,#5003,#5004),.UNSPECIFIED.,.F.,.F.,
(4,2,2,2,2,2,4),(0.903778541089236,0.90425274641958,0.940572823008165,0.972407708452361,
1.00424259389656,1.03407801216223,1.0639134304279),.UNSPECIFIED.);
#80=B_SPLINE_CURVE_WITH_KNOTS('',3,(#5017,#5018,#5019,#5020,#5021,#5022,
#5023,#5024,#5025,#5026,#5027,#5028,#5029,#5030),.UNSPECIFIED.,.F.,.F.,
(4,2,2,2,2,2,4),(0.194502920803971,0.194977126134312,0.231297202722897,
0.263132088167094,0.29496697361129,0.324802391876962,0.354637810142634),
 .UNSPECIFIED.);
#81=B_SPLINE_CURVE_WITH_KNOTS('',3,(#5043,#5044,#5045,#5046,#5047,#5048,
#5049,#5050,#5051,#5052,#5053,#5054,#5055,#5056),.UNSPECIFIED.,.F.,.F.,
(4,2,2,2,2,2,4),(1.0639134304279,1.09374884869357,1.12358426695925,1.15541915240344,
1.18725403784764,1.22357411443622,1.22404831976657),.UNSPECIFIED.);
#82=B_SPLINE_CURVE_WITH_KNOTS('',3,(#5171,#5172,#5173,#5174,#5175,#5176,
#5177,#5178,#5179,#5180),.UNSPECIFIED.,.F.,.F.,(4,2,2,2,4),(0.,0.188218138109035,
0.37643627621807,0.566727598931573,0.757018921645076),.UNSPECIFIED.);
#83=B_SPLINE_CURVE_WITH_KNOTS('',3,(#5182,#5183,#5184,#5185,#5186,#5187,
#5188,#5189,#5190,#5191),.UNSPECIFIED.,.F.,.F.,(4,2,2,2,4),(0.,0.188213272520465,
0.37642654504093,0.56679396972309,0.757161394405251),.UNSPECIFIED.);
#84=B_SPLINE_CURVE_WITH_KNOTS('',3,(#5192,#5193,#5194,#5195,#5196,#5197,
#5198,#5199,#5200,#5201),.UNSPECIFIED.,.F.,.F.,(4,2,2,2,4),(-0.757018921645076,
-0.566727598931573,-0.376436276218069,-0.188218138109034,0.),
 .UNSPECIFIED.);
#85=B_SPLINE_CURVE_WITH_KNOTS('',3,(#5246,#5247,#5248,#5249,#5250,#5251,
#5252,#5253),.UNSPECIFIED.,.F.,.F.,(4,2,2,4),(0.,0.0661421604937641,0.107679613708063,
0.264816043948544),.UNSPECIFIED.);
#86=B_SPLINE_CURVE_WITH_KNOTS('',3,(#5257,#5258,#5259,#5260,#5261,#5262,
#5263,#5264),.UNSPECIFIED.,.F.,.F.,(4,2,2,4),(0.,0.510277832423303,0.713687667113606,
0.952940545163185),.UNSPECIFIED.);
#87=B_SPLINE_CURVE_WITH_KNOTS('',3,(#5275,#5276,#5277,#5278,#5279,#5280,
#5281,#5282,#5283,#5284,#5285,#5286,#5287,#5288,#5289,#5290,#5291,#5292,
#5293,#5294,#5295,#5296,#5297,#5298,#5299,#5300,#5301,#5302,#5303,#5304,
#5305,#5306,#5307,#5308,#5309,#5310,#5311,#5312,#5313,#5314,#5315,#5316,
#5317,#5318,#5319,#5320,#5321,#5322,#5323,#5324,#5325,#5326,#5327,#5328,
#5329,#5330,#5331,#5332,#5333,#5334,#5335,#5336,#5337,#5338,#5339,#5340,
#5341,#5342,#5343,#5344,#5345,#5346,#5347,#5348,#5349,#5350,#5351,#5352,
#5353,#5354,#5355,#5356,#5357,#5358,#5359,#5360,#5361,#5362,#5363,#5364,
#5365),.UNSPECIFIED.,.F.,.F.,(4,3,3,3,3,3,3,3,3,3,3,3,3,3,3,3,3,3,3,3,3,
3,3,3,3,3,3,3,3,3,4),(0.,0.0377087030640122,0.075596537303528,0.113745754933902,
0.152233041308936,0.191362964308039,0.230903479610491,0.271092261361613,
0.289694286698181,0.350193553162255,0.411704933498768,0.432416932003117,
0.469729549330382,0.507300664608811,0.535861163343008,0.568326733125668,
0.601581425045749,0.63483611696583,0.691766749174379,0.747069630175946,
0.775222015157043,0.816640067772328,0.85751734356945,0.897754229113029,
0.937697427008032,0.97742746464781,1.01702577043103,1.05659820427616,1.0962402419687,
1.13617751499942,1.17505708165312),.UNSPECIFIED.);
#88=B_SPLINE_CURVE_WITH_KNOTS('',3,(#5367,#5368,#5369,#5370,#5371,#5372,
#5373,#5374,#5375,#5376,#5377,#5378,#5379,#5380,#5381,#5382,#5383,#5384,
#5385,#5386,#5387,#5388,#5389,#5390,#5391,#5392,#5393,#5394,#5395,#5396,
#5397,#5398,#5399,#5400,#5401,#5402,#5403,#5404,#5405,#5406,#5407,#5408,
#5409,#5410,#5411,#5412,#5413,#5414,#5415,#5416,#5417,#5418,#5419,#5420,
#5421,#5422,#5423,#5424,#5425,#5426,#5427,#5428,#5429,#5430,#5431,#5432,
#5433,#5434,#5435,#5436,#5437,#5438,#5439,#5440,#5441,#5442,#5443,#5444,
#5445,#5446,#5447,#5448,#5449,#5450,#5451,#5452,#5453,#5454,#5455,#5456,
#5457),.UNSPECIFIED.,.F.,.F.,(4,3,3,3,3,3,3,3,3,3,3,3,3,3,3,3,3,3,3,3,3,
3,3,3,3,3,3,3,3,3,4),(0.,0.0436173021364599,0.0869960504589564,0.130270302401667,
0.173601312159985,0.21708243313725,0.26080337447464,0.305047576283868,0.349672959700549,
0.394962595482346,0.409485869187081,0.487090756646099,0.566829115735634,
0.619196705181389,0.659393928238216,0.70025352544582,0.741113122653424,
0.780898822763182,0.82065957297004,0.853259546978257,0.925578717647584,
0.996782604171926,1.00783508566554,1.0551558968308,1.10186966400421,1.14800442036114,
1.19361952691307,1.23861713947915,1.28334255254748,1.32780667782917,1.34952541543826),
 .UNSPECIFIED.);
#89=B_SPLINE_CURVE_WITH_KNOTS('',3,(#5468,#5469,#5470,#5471,#5472,#5473,
#5474,#5475,#5476,#5477,#5478,#5479,#5480,#5481,#5482,#5483,#5484,#5485),
 .UNSPECIFIED.,.F.,.F.,(4,2,2,2,2,2,2,2,4),(0.,0.397361820447758,0.601514375388914,
0.687039202390216,0.748771586205746,0.807402960787004,0.88923076736953,
1.04006830906381,1.73583586135124),.UNSPECIFIED.);
#90=B_SPLINE_CURVE_WITH_KNOTS('',3,(#5487,#5488,#5489,#5490,#5491,#5492,
#5493,#5494,#5495,#5496,#5497,#5498,#5499,#5500,#5501,#5502,#5503,#5504),
 .UNSPECIFIED.,.F.,.F.,(4,2,2,2,2,2,2,2,4),(0.,0.449034982410756,0.740132907631423,
0.835047219682708,0.901093166245972,0.961444091366527,1.04137320494759,
1.18228539840426,1.76580137404182),.UNSPECIFIED.);
#91=B_SPLINE_CURVE_WITH_KNOTS('',3,(#5514,#5515,#5516,#5517,#5518,#5519,
#5520,#5521,#5522,#5523,#5524,#5525),.UNSPECIFIED.,.F.,.F.,(4,2,2,2,2,4),
(0.,0.790464775112561,0.991704599757009,1.12500216973826,1.23846845513967,
1.46613632777197),.UNSPECIFIED.);
#92=B_SPLINE_CURVE_WITH_KNOTS('',3,(#5526,#5527,#5528,#5529,#5530,#5531,
#5532,#5533,#5534,#5535,#5536,#5537,#5538,#5539),.UNSPECIFIED.,.F.,.F.,
(4,2,2,2,2,2,4),(0.,0.0379261918127347,0.0609312759506112,0.081752604248594,
0.109391674526449,0.169268286253613,0.259247825005106),.UNSPECIFIED.);
#93=B_SPLINE_CURVE_WITH_KNOTS('',3,(#5550,#5551,#5552,#5553,#5554,#5555,
#5556,#5557,#5558,#5559),.UNSPECIFIED.,.F.,.F.,(4,2,2,2,4),(0.,0.683663715042381,
0.909571035164895,1.07819548419331,1.23308449875149),.UNSPECIFIED.);
#94=B_SPLINE_CURVE_WITH_KNOTS('',3,(#5563,#5564,#5565,#5566,#5567,#5568,
#5569,#5570,#5571,#5572),.UNSPECIFIED.,.F.,.F.,(4,2,2,2,4),(0.,0.0902859897529459,
0.145105494435761,0.229643555333618,0.393164813139155),.UNSPECIFIED.);
#95=B_SPLINE_CURVE_WITH_KNOTS('',3,(#5583,#5584,#5585,#5586,#5587,#5588,
#5589,#5590,#5591,#5592),.UNSPECIFIED.,.F.,.F.,(4,2,2,2,4),(0.,0.206933332808471,
0.5279966145939,0.842619391516322,1.32604317343114),.UNSPECIFIED.);
#96=B_SPLINE_CURVE_WITH_KNOTS('',3,(#5594,#5595,#5596,#5597,#5598,#5599,
#5600,#5601,#5602,#5603),.UNSPECIFIED.,.F.,.F.,(4,2,2,2,4),(0.,0.128329697058295,
0.182614163602561,0.236702785628558,0.319679041753257),.UNSPECIFIED.);
#97=B_SPLINE_CURVE_WITH_KNOTS('',3,(#5614,#5615,#5616,#5617,#5618,#5619,
#5620,#5621),.UNSPECIFIED.,.F.,.F.,(4,2,2,4),(0.,0.0996432458112126,0.169434822633656,
0.331996585860548),.UNSPECIFIED.);
#98=B_SPLINE_CURVE_WITH_KNOTS('',3,(#5623,#5624,#5625,#5626,#5627,#5628,
#5629,#5630),.UNSPECIFIED.,.F.,.F.,(4,2,2,4),(0.,0.941121136735861,1.34525686199332,
1.78025118193407),.UNSPECIFIED.);
#99=B_SPLINE_CURVE_WITH_KNOTS('',3,(#5641,#5642,#5643,#5644,#5645,#5646,
#5647,#5648,#5649,#5650,#5651,#5652,#5653,#5654,#5655,#5656),
 .UNSPECIFIED.,.F.,.F.,(4,2,2,2,2,2,2,4),(0.,0.584276597862233,0.97976160682222,
1.12160611900989,1.23719187036591,1.36103386437509,1.54871397741355,2.22073824041228),
 .UNSPECIFIED.);
#100=B_SPLINE_CURVE_WITH_KNOTS('',3,(#5658,#5659,#5660,#5661,#5662,#5663,
#5664,#5665,#5666,#5667,#5668,#5669,#5670,#5671,#5672,#5673,#5674,#5675),
 .UNSPECIFIED.,.F.,.F.,(4,2,2,2,2,2,2,2,4),(0.,0.383301655341526,0.554293437586028,
0.644373629882151,0.719300381166823,0.806325865453209,0.948162661727711,
1.25145180885715,1.56589891997263),.UNSPECIFIED.);
#101=B_SPLINE_CURVE_WITH_KNOTS('',3,(#5685,#5686,#5687,#5688,#5689,#5690,
#5691,#5692,#5693,#5694,#5695,#5696,#5697,#5698),.UNSPECIFIED.,.F.,.F.,
(4,2,2,2,2,2,4),(0.,0.374001726479898,0.580950499100126,0.738147931579289,
0.889704383198995,1.12138482029203,1.36109596123586),.UNSPECIFIED.);
#102=B_SPLINE_CURVE_WITH_KNOTS('',3,(#5699,#5700,#5701,#5702,#5703,#5704,
#5705,#5706,#5707,#5708,#5709,#5710,#5711,#5712),.UNSPECIFIED.,.F.,.F.,
(4,2,2,2,2,2,4),(0.,0.736408063997496,1.19357007275149,1.54376399729277,
1.87082765007721,2.36477787849561,2.93866388856481),.UNSPECIFIED.);
#103=B_SPLINE_CURVE_WITH_KNOTS('',3,(#5724,#5725,#5726,#5727,#5728,#5729,
#5730,#5731,#5732,#5733),.UNSPECIFIED.,.F.,.F.,(4,2,2,2,4),(0.057164597707097,
0.0698691151477825,0.0838704672546862,0.0978048352989584,0.11173920334323),
 .UNSPECIFIED.);
#104=B_SPLINE_CURVE_WITH_KNOTS('',3,(#5735,#5736,#5737,#5738,#5739,#5740,
#5741,#5742,#5743,#5744),.UNSPECIFIED.,.F.,.F.,(4,2,2,2,4),(0.111730254000682,
0.12568010852608,0.139629963051478,0.15361356066211,0.166300546119433),
 .UNSPECIFIED.);
#105=B_SPLINE_CURVE_WITH_KNOTS('',3,(#5754,#5755,#5756,#5757,#5758,#5759,
#5760,#5761,#5762,#5763,#5764,#5765,#5766,#5767),.UNSPECIFIED.,.F.,.F.,
(4,2,2,2,2,2,4),(0.1117392089918,0.12567357703607,0.13960794508034,0.153609297187243,
0.167610649294145,0.181610328102028,0.183694446232148),.UNSPECIFIED.);
#106=B_SPLINE_CURVE_WITH_KNOTS('',3,(#5769,#5770,#5771,#5772,#5773,#5774,
#5775,#5776,#5777,#5778,#5779,#5780,#5781,#5782),.UNSPECIFIED.,.F.,.F.,
(4,2,2,2,2,2,4),(0.0397818726356061,0.0418659966019022,0.0558633549643341,
0.0698623238498256,0.0838612927353171,0.0977957733679932,0.111730254000669),
 .UNSPECIFIED.);
#107=B_SPLINE_CURVE_WITH_KNOTS('',3,(#5799,#5800,#5801,#5802,#5803,#5804,
#5805,#5806),.UNSPECIFIED.,.F.,.F.,(4,2,2,4),(0.,1.07281787860487,1.52851227699084,
1.95539374860932),.UNSPECIFIED.);
#108=B_SPLINE_CURVE_WITH_KNOTS('',3,(#5808,#5809,#5810,#5811,#5812,#5813,
#5814,#5815),.UNSPECIFIED.,.F.,.F.,(4,2,2,4),(0.,0.310163851270086,0.55885955670395,
0.867068098094389),.UNSPECIFIED.);
#109=B_SPLINE_CURVE_WITH_KNOTS('',3,(#5826,#5827,#5828,#5829,#5830,#5831,
#5832,#5833,#5834,#5835),.UNSPECIFIED.,.F.,.F.,(4,3,3,4),(0.,0.153152431021397,
0.279746948707908,0.306304862042794),.UNSPECIFIED.);
#110=B_SPLINE_CURVE_WITH_KNOTS('',3,(#5837,#5838,#5839,#5840,#5841,#5842,
#5843,#5844),.UNSPECIFIED.,.F.,.F.,(4,2,2,4),(0.,0.13271586582565,0.216648376894524,
0.449013927385988),.UNSPECIFIED.);
#111=B_SPLINE_CURVE_WITH_KNOTS('',3,(#5855,#5856,#5857,#5858,#5859,#5860),
 .UNSPECIFIED.,.F.,.F.,(4,2,4),(0.,0.204856672145574,0.47258141573323),
 .UNSPECIFIED.);
#112=B_SPLINE_CURVE_WITH_KNOTS('',3,(#5862,#5863,#5864,#5865,#5866,#5867),
 .UNSPECIFIED.,.F.,.F.,(4,2,4),(0.,0.348345779803123,0.614896365823492),
 .UNSPECIFIED.);
#113=B_SPLINE_CURVE_WITH_KNOTS('',3,(#5877,#5878,#5879,#5880,#5881,#5882,
#5883,#5884,#5885,#5886,#5887,#5888,#5889),.UNSPECIFIED.,.F.,.F.,(4,3,3,
3,4),(0.,0.428846724809673,0.863603180745686,1.6477093184006,1.71538689923869),
 .UNSPECIFIED.);
#114=B_SPLINE_CURVE_WITH_KNOTS('',3,(#5890,#5891,#5892,#5893,#5894,#5895,
#5896,#5897,#5898,#5899),.UNSPECIFIED.,.F.,.F.,(4,2,2,2,4),(0.,0.74636268779935,
1.06032678682296,1.22939377239475,1.43583002778496),.UNSPECIFIED.);
#115=B_SPLINE_CURVE_WITH_KNOTS('',3,(#5910,#5911,#5912,#5913,#5914,#5915,
#5916,#5917,#5918,#5919,#5920,#5921),.UNSPECIFIED.,.F.,.F.,(4,2,2,2,2,4),
(0.,0.519641786479306,0.632754851479779,0.73718418781709,0.880887718416837,
1.02089852573207),.UNSPECIFIED.);
#116=B_SPLINE_CURVE_WITH_KNOTS('',3,(#5925,#5926,#5927,#5928,#5929,#5930,
#5931,#5932,#5933,#5934,#5935,#5936),.UNSPECIFIED.,.F.,.F.,(4,2,2,2,2,4),
(0.,0.148928655821018,0.221434441355497,0.284741261333714,0.362565031455501,
0.601225905980365),.UNSPECIFIED.);
#117=B_SPLINE_CURVE_WITH_KNOTS('',3,(#5947,#5948,#5949,#5950,#5951,#5952,
#5953,#5954,#5955,#5956,#5957,#5958),.UNSPECIFIED.,.F.,.F.,(4,2,2,2,2,4),
(0.,0.163691581228376,0.274790185361712,0.414292002847939,0.535199468798815,
0.725606911755331),.UNSPECIFIED.);
#118=B_SPLINE_CURVE_WITH_KNOTS('',3,(#5960,#5961,#5962,#5963,#5964,#5965,
#5966,#5967,#5968,#5969),.UNSPECIFIED.,.F.,.F.,(4,2,2,2,4),(0.,0.511338658168138,
1.24434605168954,1.59757782211832,1.97875617463769),.UNSPECIFIED.);
#119=B_SPLINE_CURVE_WITH_KNOTS('',3,(#5980,#5981,#5982,#5983,#5984,#5985,
#5986,#5987,#5988,#5989),.UNSPECIFIED.,.F.,.F.,(4,2,2,2,4),(0.,0.885489741367644,
1.17769192968068,1.34522875297728,1.57749481696482),.UNSPECIFIED.);
#120=B_SPLINE_CURVE_WITH_KNOTS('',3,(#5991,#5992,#5993,#5994,#5995,#5996,
#5997,#5998,#5999,#6000),.UNSPECIFIED.,.F.,.F.,(4,2,2,2,4),(0.,0.0475967805318617,
0.0753179544055794,0.109996798304456,0.253897403448531),.UNSPECIFIED.);
#121=B_SPLINE_CURVE_WITH_KNOTS('',3,(#6011,#6012,#6013,#6014,#6015,#6016,
#6017,#6018,#6019,#6020,#6021,#6022),.UNSPECIFIED.,.F.,.F.,(4,2,2,2,2,4),
(0.,0.0477150340147393,0.0742713690576209,0.101311185476902,0.149171066976952,
0.256186881420006),.UNSPECIFIED.);
#122=B_SPLINE_CURVE_WITH_KNOTS('',3,(#6024,#6025,#6026,#6027,#6028,#6029,
#6030,#6031,#6032,#6033,#6034,#6035),.UNSPECIFIED.,.F.,.F.,(4,2,2,2,2,4),
(0.,0.744920976007532,0.950813303026805,1.09109704930888,1.22462134694861,
1.3912250473735),.UNSPECIFIED.);
#123=B_SPLINE_CURVE_WITH_KNOTS('',3,(#6046,#6047,#6048,#6049,#6050,#6051,
#6052,#6053,#6054,#6055),.UNSPECIFIED.,.F.,.F.,(4,2,2,2,4),(0.,0.803866163053664,
1.07233528301927,1.28238695019543,1.50560623935163),.UNSPECIFIED.);
#124=B_SPLINE_CURVE_WITH_KNOTS('',3,(#6057,#6058,#6059,#6060,#6061,#6062,
#6063,#6064,#6065,#6066),.UNSPECIFIED.,.F.,.F.,(4,2,2,2,4),(0.,0.100708751711829,
0.160894698073882,0.244038880723674,0.443963826320115),.UNSPECIFIED.);
#125=B_SPLINE_CURVE_WITH_KNOTS('',3,(#6076,#6077,#6078,#6079,#6080,#6081,
#6082,#6083),.UNSPECIFIED.,.F.,.F.,(4,2,2,4),(0.,0.0853223643995025,0.143457357926523,
0.378280999258312),.UNSPECIFIED.);
#126=B_SPLINE_CURVE_WITH_KNOTS('',3,(#6084,#6085,#6086,#6087,#6088,#6089,
#6090,#6091),.UNSPECIFIED.,.F.,.F.,(4,2,2,4),(0.,0.533320422847325,0.760229619792157,
1.00807457896819),.UNSPECIFIED.);
#127=B_SPLINE_CURVE_WITH_KNOTS('',3,(#6102,#6103,#6104,#6105,#6106,#6107,
#6108,#6109,#6110,#6111),.UNSPECIFIED.,.F.,.F.,(4,2,2,2,4),(0.,0.143443622725065,
0.248967630709406,0.352283742439319,0.49178884862179),.UNSPECIFIED.);
#128=B_SPLINE_CURVE_WITH_KNOTS('',3,(#6115,#6116,#6117,#6118,#6119,#6120,
#6121,#6122,#6123,#6124),.UNSPECIFIED.,.F.,.F.,(4,3,3,4),(0.,0.668259037783807,
1.09126700445604,1.48598814934821),.UNSPECIFIED.);
#129=B_SPLINE_CURVE_WITH_KNOTS('',3,(#6135,#6136,#6137,#6138,#6139,#6140,
#6141,#6142),.UNSPECIFIED.,.F.,.F.,(4,2,2,4),(0.,0.781073720360627,1.10701041746996,
1.45474734044728),.UNSPECIFIED.);
#130=B_SPLINE_CURVE_WITH_KNOTS('',3,(#6144,#6145,#6146,#6147,#6148,#6149,
#6150,#6151),.UNSPECIFIED.,.F.,.F.,(4,2,2,4),(0.,0.206459962356805,0.495135935526152,
0.817901622574048),.UNSPECIFIED.);
#131=B_SPLINE_CURVE_WITH_KNOTS('',3,(#6162,#6163,#6164,#6165,#6166,#6167,
#6168,#6169,#6170,#6171,#6172,#6173),.UNSPECIFIED.,.F.,.F.,(4,2,2,2,2,4),
(0.,0.225239590032862,0.335331183326577,0.445065387073429,0.638400081809544,
0.976795659794186),.UNSPECIFIED.);
#132=B_SPLINE_CURVE_WITH_KNOTS('',3,(#6175,#6176,#6177,#6178,#6179,#6180,
#6181,#6182,#6183,#6184),.UNSPECIFIED.,.F.,.F.,(4,2,2,2,4),(0.,1.5202149561295,
1.93692478113951,2.2916060639274,3.0387658511354),.UNSPECIFIED.);
#133=B_SPLINE_CURVE_WITH_KNOTS('',3,(#6195,#6196,#6197,#6198,#6199,#6200,
#6201,#6202,#6203,#6204,#6205,#6206,#6207,#6208,#6209,#6210,#6211,#6212),
 .UNSPECIFIED.,.F.,.F.,(4,2,2,2,2,2,2,2,4),(0.,0.760123654194958,1.09662459745149,
1.23896025669741,1.35666039467884,1.49174031855558,1.70908260283946,2.16256724776641,
2.62407998197775),.UNSPECIFIED.);
#134=B_SPLINE_CURVE_WITH_KNOTS('',3,(#6214,#6215,#6216,#6217,#6218,#6219,
#6220,#6221,#6222,#6223,#6224,#6225,#6226,#6227,#6228,#6229,#6230,#6231),
 .UNSPECIFIED.,.F.,.F.,(4,2,2,2,2,2,2,2,4),(0.,0.937753698057222,1.61495327191756,
1.85003892257571,2.0393595391043,2.23989602695452,2.53801981934779,3.1512510674144,
3.7710785347184),.UNSPECIFIED.);
#135=B_SPLINE_CURVE_WITH_KNOTS('',3,(#6241,#6242,#6243,#6244,#6245,#6246,
#6247,#6248,#6249,#6250,#6251,#6252,#6253),.UNSPECIFIED.,.F.,.F.,(4,3,3,
3,4),(0.,1.47379238595878,2.15620064735361,2.65092329725008,2.94758477191755),
 .UNSPECIFIED.);
#136=B_SPLINE_CURVE_WITH_KNOTS('',3,(#6254,#6255,#6256,#6257,#6258,#6259,
#6260,#6261,#6262,#6263,#6264,#6265),.UNSPECIFIED.,.F.,.F.,(4,2,2,2,2,4),
(0.,0.183184868063644,0.238528256584866,0.291163855190115,0.364022594510422,
0.680608983332119),.UNSPECIFIED.);
#137=B_SPLINE_CURVE_WITH_KNOTS('',3,(#6277,#6278,#6279,#6280,#6281,#6282,
#6283,#6284,#6285,#6286,#6287,#6288),.UNSPECIFIED.,.F.,.F.,(4,2,2,2,2,4),
(0.983656143093483,1.00072127861899,1.12559829141716,1.25047530421532,1.37584192020538,
1.45228228906885),.UNSPECIFIED.);
#138=B_SPLINE_CURVE_WITH_KNOTS('',3,(#6290,#6291,#6292,#6293,#6294,#6295,
#6296,#6297,#6298,#6299,#6300,#6301),.UNSPECIFIED.,.F.,.F.,(4,2,2,2,2,4),
(0.549129403446249,0.62555781964478,0.750906688510485,0.87578417546752,
1.00066166242456,1.01772677058321),.UNSPECIFIED.);
#139=B_SPLINE_CURVE_WITH_KNOTS('',3,(#6312,#6313,#6314,#6315,#6316,#6317,
#6318,#6319,#6320,#6321),.UNSPECIFIED.,.F.,.F.,(4,2,2,2,4),(0.,0.449320538250742,
0.685958081640627,0.936143189050167,1.30126011138514),.UNSPECIFIED.);
#140=B_SPLINE_CURVE_WITH_KNOTS('',3,(#6323,#6324,#6325,#6326,#6327,#6328,
#6329,#6330,#6331,#6332),.UNSPECIFIED.,.F.,.F.,(4,2,2,2,4),(0.,0.492310073750877,
0.930355012007057,1.2566512509218,1.84106619918679),.UNSPECIFIED.);
#141=B_SPLINE_CURVE_WITH_KNOTS('',3,(#6343,#6344,#6345,#6346,#6347,#6348,
#6349,#6350,#6351,#6352),.UNSPECIFIED.,.F.,.F.,(4,2,2,2,4),(0.,0.814476092789518,
1.06696206348715,1.30658149004365,1.73507393533294),.UNSPECIFIED.);
#142=B_SPLINE_CURVE_WITH_KNOTS('',3,(#6354,#6355,#6356,#6357,#6358,#6359,
#6360,#6361,#6362,#6363,#6364,#6365),.UNSPECIFIED.,.F.,.F.,(4,2,2,2,2,4),
(0.,0.353392676470362,0.555838758186022,0.731407014691264,0.997238916093277,
1.28713444167036),.UNSPECIFIED.);
#143=B_SPLINE_CURVE_WITH_KNOTS('',3,(#6375,#6376,#6377,#6378,#6379,#6380,
#6381,#6382,#6383,#6384,#6385,#6386,#6387,#6388,#6389,#6390),
 .UNSPECIFIED.,.F.,.F.,(4,2,2,2,2,2,2,4),(0.,0.500511673410138,0.737452275511005,
0.927297428857828,1.12289586391911,1.40134141621295,1.91821358493212,3.0745674871188),
 .UNSPECIFIED.);
#144=B_SPLINE_CURVE_WITH_KNOTS('',3,(#6391,#6392,#6393,#6394,#6395,#6396,
#6397,#6398,#6399,#6400,#6401,#6402,#6403,#6404),.UNSPECIFIED.,.F.,.F.,
(4,2,2,2,2,2,4),(0.,1.43504523485439,1.65459423242641,1.82008730767511,
1.97500065156696,2.18764934776239,2.61803738202745),.UNSPECIFIED.);
#145=B_SPLINE_CURVE_WITH_KNOTS('',3,(#6415,#6416,#6417,#6418,#6419,#6420,
#6421,#6422,#6423,#6424,#6425,#6426,#6427,#6428,#6429,#6430,#6431,#6432,
#6433,#6434,#6435,#6436,#6437,#6438,#6439,#6440,#6441,#6442,#6443,#6444,
#6445,#6446,#6447,#6448,#6449,#6450,#6451,#6452,#6453,#6454,#6455,#6456,
#6457,#6458,#6459,#6460,#6461,#6462,#6463,#6464,#6465,#6466,#6467,#6468,
#6469,#6470,#6471,#6472,#6473,#6474,#6475,#6476,#6477,#6478,#6479,#6480,
#6481,#6482,#6483,#6484),.UNSPECIFIED.,.F.,.F.,(4,3,3,3,3,3,3,3,3,3,3,3,
3,3,3,3,3,3,3,3,3,3,3,4),(0.,0.0688172704670934,0.137737576596648,0.206847760867918,
0.27915366323287,0.349130606560955,0.422600988444342,0.496071370327729,
0.608728538460227,0.725874761882757,0.851869349817341,0.921865737051299,
1.0079504224366,1.09869037579127,1.15845208937355,1.22661982058624,1.29227049760742,
1.34845240958658,1.43182901472259,1.5177423054738,1.53775102140499,1.67372259030152,
1.79831077664932,1.88243109235721),.UNSPECIFIED.);
#146=B_SPLINE_CURVE_WITH_KNOTS('',3,(#6488,#6489,#6490,#6491,#6492,#6493,
#6494,#6495,#6496,#6497,#6498,#6499,#6500,#6501),.UNSPECIFIED.,.F.,.F.,
(4,2,2,2,2,2,4),(0.,0.173437327399722,0.246545032507956,0.312897842758212,
0.403788029319986,0.540447881744719,0.699215603633685),.UNSPECIFIED.);
#147=B_SPLINE_CURVE_WITH_KNOTS('',3,(#6512,#6513,#6514,#6515,#6516,#6517,
#6518,#6519,#6520,#6521,#6522,#6523),.UNSPECIFIED.,.F.,.F.,(4,2,2,2,2,4),
(0.,0.163849234362002,0.240014931126663,0.312176816534195,0.421892890310184,
0.652012064782989),.UNSPECIFIED.);
#148=B_SPLINE_CURVE_WITH_KNOTS('',3,(#6525,#6526,#6527,#6528,#6529,#6530,
#6531,#6532,#6533,#6534),.UNSPECIFIED.,.F.,.F.,(4,3,3,4),(0.,0.789573006918238,
1.40294007561912,1.57914601383648),.UNSPECIFIED.);
#149=B_SPLINE_CURVE_WITH_KNOTS('',3,(#6545,#6546,#6547,#6548,#6549,#6550,
#6551,#6552,#6553,#6554,#6555,#6556,#6557,#6558),.UNSPECIFIED.,.F.,.F.,
(4,2,2,2,2,2,4),(0.,0.765111314178504,0.960684322314817,1.11308672383994,
1.26406069156575,1.50189049888267,1.76837014104699),.UNSPECIFIED.);
#150=B_SPLINE_CURVE_WITH_KNOTS('',3,(#6560,#6561,#6562,#6563,#6564,#6565,
#6566,#6567,#6568,#6569,#6570,#6571,#6572,#6573),.UNSPECIFIED.,.F.,.F.,
(4,2,2,2,2,2,4),(0.,0.266841203044113,0.384409702047267,0.486179477041458,
0.593232445162711,0.764178377314622,1.11495557680711),.UNSPECIFIED.);
#151=B_SPLINE_CURVE_WITH_KNOTS('',3,(#6584,#6585,#6586,#6587,#6588,#6589,
#6590,#6591),.UNSPECIFIED.,.F.,.F.,(4,2,2,4),(0.,0.42065891025116,0.597253468134879,
0.786757443798402),.UNSPECIFIED.);
#152=B_SPLINE_CURVE_WITH_KNOTS('',3,(#6593,#6594,#6595,#6596,#6597,#6598),
 .UNSPECIFIED.,.F.,.F.,(4,2,4),(0.,0.129170961046162,0.288608419438809),
 .UNSPECIFIED.);
#153=B_SPLINE_CURVE_WITH_KNOTS('',3,(#6608,#6609,#6610,#6611,#6612,#6613,
#6614,#6615,#6616,#6617,#6618,#6619),.UNSPECIFIED.,.F.,.F.,(4,2,2,2,2,4),
(0.,0.0653478369713866,0.0968311512562025,0.129971132493491,0.19227229695264,
0.290129284508946),.UNSPECIFIED.);
#154=B_SPLINE_CURVE_WITH_KNOTS('',3,(#6620,#6621,#6622,#6623,#6624,#6625,
#6626,#6627,#6628,#6629,#6630,#6631),.UNSPECIFIED.,.F.,.F.,(4,2,2,2,2,4),
(0.,0.859133668307848,1.08632819516409,1.25493739997962,1.41953236215203,
1.60215547946693),.UNSPECIFIED.);
#155=B_SPLINE_CURVE_WITH_KNOTS('',3,(#6642,#6643,#6644,#6645,#6646,#6647,
#6648,#6649,#6650,#6651,#6652,#6653,#6654,#6655),.UNSPECIFIED.,.F.,.F.,
(4,2,2,2,2,2,4),(0.,0.571189841763963,0.871046236487447,1.03473068271327,
1.18603928526021,1.38871053631349,2.02084194760555),.UNSPECIFIED.);
#156=B_SPLINE_CURVE_WITH_KNOTS('',3,(#6659,#6660,#6661,#6662,#6663,#6664,
#6665,#6666,#6667,#6668,#6669,#6670,#6671,#6672),.UNSPECIFIED.,.F.,.F.,
(4,2,2,2,2,2,4),(0.,0.624295543339069,1.05481253929302,1.26459225624677,
1.45990905244006,1.72631089311931,2.45404389430197),.UNSPECIFIED.);
#157=B_SPLINE_CURVE_WITH_KNOTS('',3,(#6683,#6684,#6685,#6686,#6687,#6688,
#6689,#6690,#6691,#6692,#6693,#6694,#6695,#6696,#6697,#6698,#6699,#6700),
 .UNSPECIFIED.,.F.,.F.,(4,2,2,2,2,2,2,2,4),(0.,0.613863001505029,0.914722055267284,
1.05393590854615,1.16916037589262,1.30179829381376,1.51608584894403,1.96987111556454,
2.39178756154694),.UNSPECIFIED.);
#158=B_SPLINE_CURVE_WITH_KNOTS('',3,(#6702,#6703,#6704,#6705,#6706,#6707,
#6708,#6709,#6710,#6711,#6712,#6713,#6714,#6715,#6716,#6717,#6718,#6719),
 .UNSPECIFIED.,.F.,.F.,(4,2,2,2,2,2,2,2,4),(0.,0.85886950199402,1.48538106344198,
1.71187016787538,1.89244920208786,2.08207877499864,2.37584801438908,2.98115720273653,
3.60659843959705),.UNSPECIFIED.);
#159=B_SPLINE_CURVE_WITH_KNOTS('',3,(#6730,#6731,#6732,#6733,#6734,#6735,
#6736,#6737,#6738,#6739,#6740,#6741,#6742,#6743),.UNSPECIFIED.,.F.,.F.,
(4,2,2,2,2,2,4),(0.,1.71768383527545,2.06422303934058,2.31985061465722,
2.5469294911067,2.8062018010526,3.49868674732187),.UNSPECIFIED.);
#160=B_SPLINE_CURVE_WITH_KNOTS('',3,(#6745,#6746,#6747,#6748,#6749,#6750,
#6751,#6752,#6753,#6754,#6755,#6756,#6757,#6758),.UNSPECIFIED.,.F.,.F.,
(4,2,2,2,2,2,4),(0.,0.141432417228068,0.190511235115663,0.23449073087093,
0.284400545258862,0.36400662568103,0.711991463226904),.UNSPECIFIED.);
#161=B_SPLINE_CURVE_WITH_KNOTS('',3,(#6768,#6769,#6770,#6771,#6772,#6773,
#6774,#6775,#6776,#6777),.UNSPECIFIED.,.F.,.F.,(4,2,2,2,4),(0.,0.113551033035594,
0.315501594164843,0.494292204765897,0.722950632204847),.UNSPECIFIED.);
#162=B_SPLINE_CURVE_WITH_KNOTS('',3,(#6778,#6779,#6780,#6781,#6782,#6783,
#6784,#6785,#6786,#6787),.UNSPECIFIED.,.F.,.F.,(4,3,3,4),(0.,0.803159062282607,
1.32786097081276,1.60631812456521),.UNSPECIFIED.);
#163=B_SPLINE_CURVE_WITH_KNOTS('',3,(#6798,#6799,#6800,#6801,#6802,#6803,
#6804,#6805,#6806,#6807,#6808,#6809,#6810,#6811),.UNSPECIFIED.,.F.,.F.,
(4,2,2,2,2,2,4),(0.,0.206662806550317,0.538571789294302,0.694744326606411,
0.840360934475778,1.0449318919913,1.58287207739096),.UNSPECIFIED.);
#164=B_SPLINE_CURVE_WITH_KNOTS('',3,(#6815,#6816,#6817,#6818,#6819,#6820,
#6821,#6822,#6823,#6824,#6825,#6826,#6827,#6828),.UNSPECIFIED.,.F.,.F.,
(4,2,2,2,2,2,4),(0.,0.812100293694183,1.11364339662392,1.34338779668058,
1.56008590149186,1.8831861262273,2.3923071170126),.UNSPECIFIED.);
#165=B_SPLINE_CURVE_WITH_KNOTS('',3,(#6838,#6839,#6840,#6841,#6842,#6843,
#6844,#6845),.UNSPECIFIED.,.F.,.F.,(4,2,2,4),(0.0742667685393493,0.0838748738270659,
0.0978091869358957,0.111743500044726),.UNSPECIFIED.);
#166=B_SPLINE_CURVE_WITH_KNOTS('',3,(#6847,#6848,#6849,#6850,#6851,#6852,
#6853,#6854),.UNSPECIFIED.,.F.,.F.,(4,2,2,4),(0.111734399200763,0.125668826933949,
0.139603254667134,0.149209193651243),.UNSPECIFIED.);
#167=B_SPLINE_CURVE_WITH_KNOTS('',3,(#6876,#6877,#6878,#6879,#6880,#6881,
#6882,#6883,#6884,#6885,#6886,#6887,#6888,#6889,#6890,#6891),
 .UNSPECIFIED.,.F.,.F.,(4,2,2,2,2,2,2,4),(0.,0.996421408021034,1.43289655667058,
1.60815741815332,1.74855610649618,1.90559134037768,2.15874354987506,2.80973811130722),
 .UNSPECIFIED.);
#168=B_SPLINE_CURVE_WITH_KNOTS('',3,(#6892,#6893,#6894,#6895,#6896,#6897,
#6898,#6899,#6900,#6901,#6902,#6903,#6904,#6905,#6906,#6907),
 .UNSPECIFIED.,.F.,.F.,(4,2,2,2,2,2,2,4),(0.,0.46304991522741,0.628769218885202,
0.742288591461074,0.839220925951533,0.957376349753016,1.15815659749764,
2.00434522707827),.UNSPECIFIED.);
#169=B_SPLINE_CURVE_WITH_KNOTS('',3,(#6918,#6919,#6920,#6921,#6922,#6923,
#6924,#6925,#6926,#6927),.UNSPECIFIED.,.F.,.F.,(4,2,2,2,4),(0.,0.0749760942867465,
0.11270887633533,0.160319900809489,0.301603826179852),.UNSPECIFIED.);
#170=B_SPLINE_CURVE_WITH_KNOTS('',3,(#6931,#6932,#6933,#6934,#6935,#6936,
#6937,#6938,#6939,#6940),.UNSPECIFIED.,.F.,.F.,(4,2,2,2,4),(0.,0.517195665599997,
0.799196285780401,0.968172576487638,1.24121993496411),.UNSPECIFIED.);
#171=B_SPLINE_CURVE_WITH_KNOTS('',3,(#6951,#6952,#6953,#6954,#6955,#6956,
#6957,#6958,#6959,#6960,#6961,#6962,#6963,#6964,#6965,#6966),
 .UNSPECIFIED.,.F.,.F.,(4,2,2,2,2,2,2,4),(0.,0.351340876664961,0.467925848568005,
0.559111301935213,0.649358080240431,0.774224960736137,1.02073305934854,
1.4354676793914),.UNSPECIFIED.);
#172=B_SPLINE_CURVE_WITH_KNOTS('',3,(#6968,#6969,#6970,#6971,#6972,#6973,
#6974,#6975,#6976,#6977,#6978,#6979,#6980,#6981,#6982,#6983),
 .UNSPECIFIED.,.F.,.F.,(4,2,2,2,2,2,2,4),(0.,1.18353386499784,1.49761699128724,
1.71558004293049,1.90737670508713,2.13065182123273,2.51339107214938,2.92549432819586),
 .UNSPECIFIED.);
#173=B_SPLINE_CURVE_WITH_KNOTS('',3,(#6994,#6995,#6996,#6997,#6998,#6999,
#7000,#7001,#7002,#7003,#7004,#7005,#7006,#7007),.UNSPECIFIED.,.F.,.F.,
(4,2,2,2,2,2,4),(0.,1.43004467453552,2.04258140987049,2.21151797302935,
2.34953165865383,2.49198596274849,2.62972188786426),.UNSPECIFIED.);
#174=B_SPLINE_CURVE_WITH_KNOTS('',3,(#7009,#7010,#7011,#7012,#7013,#7014,
#7015,#7016,#7017,#7018,#7019,#7020,#7021,#7022),.UNSPECIFIED.,.F.,.F.,
(4,2,2,2,2,2,4),(0.,0.0236069635405626,0.0355332636259653,0.0478487131418267,
0.0659107385097366,0.107537359978284,0.215854187741361),.UNSPECIFIED.);
#175=B_SPLINE_CURVE_WITH_KNOTS('',3,(#7033,#7034,#7035,#7036,#7037,#7038,
#7039,#7040,#7041,#7042),.UNSPECIFIED.,.F.,.F.,(4,2,2,2,4),(0.,0.0276082685150252,
0.0467746571733607,0.0759736796869794,0.252490402573095),.UNSPECIFIED.);
#176=B_SPLINE_CURVE_WITH_KNOTS('',3,(#7044,#7045,#7046,#7047,#7048,#7049,
#7050,#7051,#7052,#7053),.UNSPECIFIED.,.F.,.F.,(4,2,2,2,4),(0.,1.24776926532694,
1.78725381205884,2.02990714988445,2.32730022979137),.UNSPECIFIED.);
#177=B_SPLINE_CURVE_WITH_KNOTS('',3,(#7063,#7064,#7065,#7066,#7067,#7068,
#7069,#7070,#7071,#7072),.UNSPECIFIED.,.F.,.F.,(4,2,2,2,4),(0.,1.23215684954888,
1.76027894889888,2.02622581197484,2.30698649237791),.UNSPECIFIED.);
#178=B_SPLINE_CURVE_WITH_KNOTS('',3,(#7073,#7074,#7075,#7076,#7077,#7078,
#7079,#7080,#7081,#7082),.UNSPECIFIED.,.F.,.F.,(4,2,2,2,4),(0.,0.0421956457028171,
0.102828414512004,0.181243406006701,0.303596469531577),.UNSPECIFIED.);
#179=B_SPLINE_CURVE_WITH_KNOTS('',3,(#7093,#7094,#7095,#7096,#7097,#7098,
#7099,#7100),.UNSPECIFIED.,.F.,.F.,(4,2,2,4),(0.,0.69324912031379,0.987527169431415,
1.3044561890212),.UNSPECIFIED.);
#180=B_SPLINE_CURVE_WITH_KNOTS('',3,(#7104,#7105,#7106,#7107,#7108,#7109,
#7110,#7111),.UNSPECIFIED.,.F.,.F.,(4,2,2,4),(0.,0.11621453038568,0.18968320942824,
0.32886026800536),.UNSPECIFIED.);
#181=B_SPLINE_CURVE_WITH_KNOTS('',3,(#7122,#7123,#7124,#7125,#7126,#7127,
#7128,#7129,#7130,#7131),.UNSPECIFIED.,.F.,.F.,(4,2,2,2,4),(0.,0.0346402044615624,
0.0523663624274426,0.0817304724154984,0.172484352469565),.UNSPECIFIED.);
#182=B_SPLINE_CURVE_WITH_KNOTS('',3,(#7133,#7134,#7135,#7136,#7137,#7138,
#7139,#7140,#7141,#7142),.UNSPECIFIED.,.F.,.F.,(4,2,2,2,4),(0.,1.70897296692677,
2.44286033176081,2.81055975568518,3.20227096234203),.UNSPECIFIED.);
#183=B_SPLINE_CURVE_WITH_KNOTS('',3,(#7153,#7154,#7155,#7156,#7157,#7158,
#7159,#7160,#7161,#7162,#7163,#7164,#7165,#7166,#7167,#7168,#7169,#7170,
#7171,#7172,#7173,#7174),.UNSPECIFIED.,.F.,.F.,(4,2,2,2,2,2,2,2,2,2,4),
(0.,1.00481592974761,1.46478078581276,1.69096160638049,1.8155146923561,
1.90272639658504,1.98698919652835,2.10466542860841,2.33368862697114,2.96438019058409,
5.14569070243317),.UNSPECIFIED.);
#184=B_SPLINE_CURVE_WITH_KNOTS('',3,(#7176,#7177,#7178,#7179,#7180,#7181,
#7182,#7183,#7184,#7185,#7186,#7187,#7188,#7189,#7190,#7191,#7192,#7193,
#7194,#7195,#7196,#7197),.UNSPECIFIED.,.F.,.F.,(4,2,2,2,2,2,2,2,2,2,4),
(0.,1.12226096293399,1.90327935831178,2.07058310295425,2.17708714872238,
2.26457522481229,2.36005482857945,2.5180093856814,2.84428820795298,3.67611442194651,
4.52773234520242),.UNSPECIFIED.);
#185=B_SPLINE_CURVE_WITH_KNOTS('',3,(#7208,#7209,#7210,#7211,#7212,#7213,
#7214,#7215,#7216,#7217,#7218,#7219,#7220,#7221),.UNSPECIFIED.,.F.,.F.,
(4,2,2,2,2,2,4),(0.,1.95235138801607,2.3971914076044,2.60146339176097,2.76326147493479,
2.91630156670898,3.27450295955261),.UNSPECIFIED.);
#186=B_SPLINE_CURVE_WITH_KNOTS('',3,(#7223,#7224,#7225,#7226,#7227,#7228,
#7229,#7230,#7231,#7232,#7233,#7234,#7235,#7236),.UNSPECIFIED.,.F.,.F.,
(4,2,2,2,2,2,4),(0.,0.0542450805887392,0.083692680421482,0.110946520567818,
0.144096534887415,0.208908745978642,0.615300263332893),.UNSPECIFIED.);
#187=B_SPLINE_CURVE_WITH_KNOTS('',3,(#7246,#7247,#7248,#7249,#7250,#7251),
 .UNSPECIFIED.,.F.,.F.,(4,2,4),(0.,0.207822362153257,0.43865811907765),
 .UNSPECIFIED.);
#188=B_SPLINE_CURVE_WITH_KNOTS('',3,(#7252,#7253,#7254,#7255,#7256,#7257),
 .UNSPECIFIED.,.F.,.F.,(4,2,4),(0.,0.715877691792678,1.36038561058106),
 .UNSPECIFIED.);
#189=B_SPLINE_CURVE_WITH_KNOTS('',3,(#7268,#7269,#7270,#7271,#7272,#7273,
#7274,#7275,#7276,#7277,#7278,#7279,#7280,#7281),.UNSPECIFIED.,.F.,.F.,
(4,2,2,2,2,2,4),(0.,0.0751233190577244,0.116009394373592,0.153636654674277,
0.204903358961836,0.317460333333163,0.447040386166226),.UNSPECIFIED.);
#190=B_SPLINE_CURVE_WITH_KNOTS('',3,(#7285,#7286,#7287,#7288,#7289,#7290,
#7291,#7292,#7293,#7294,#7295,#7296),.UNSPECIFIED.,.F.,.F.,(4,2,2,2,2,4),
(0.,1.07939172301021,1.29336467883171,1.43121208530593,1.55301769655849,
1.80500513039813),.UNSPECIFIED.);
#191=B_SPLINE_CURVE_WITH_KNOTS('',3,(#7306,#7307,#7308,#7309,#7310,#7311,
#7312,#7313,#7314,#7315,#7316,#7317),.UNSPECIFIED.,.F.,.F.,(4,2,2,2,2,4),
(0.0663660167822692,0.0755259895815362,0.0906598400401471,0.105724165402661,
0.120788490765174,0.121264619160854),.UNSPECIFIED.);
#192=B_SPLINE_CURVE_WITH_KNOTS('',3,(#7319,#7320,#7321,#7322,#7323,#7324,
#7325,#7326,#7327,#7328,#7329,#7330),.UNSPECIFIED.,.F.,.F.,(4,2,2,2,2,4),
(0.120303095462919,0.120779225807609,0.135843667556016,0.150908109304422,
0.166039486308124,0.17519787885585),.UNSPECIFIED.);
#193=B_SPLINE_CURVE_WITH_KNOTS('',3,(#7340,#7341,#7342,#7343,#7344,#7345,
#7346,#7347,#7348,#7349,#7350,#7351,#7352,#7353,#7354,#7355),
 .UNSPECIFIED.,.F.,.F.,(4,2,2,2,2,2,2,4),(0.121260380688264,0.135848631807712,
0.150913011250129,0.1660457388287,0.18117846640727,0.196309296391167,0.211440126375063,
0.214027233538987),.UNSPECIFIED.);
#194=B_SPLINE_CURVE_WITH_KNOTS('',3,(#7357,#7358,#7359,#7360,#7361,#7362,
#7363,#7364,#7365,#7366,#7367,#7368,#7369,#7370,#7371,#7372),
 .UNSPECIFIED.,.F.,.F.,(4,2,2,2,2,2,2,4),(0.0275405514687954,0.0301286215129064,
0.0452570912764883,0.0603855610400702,0.0755158572609498,0.0906461534818293,
0.105710647306199,0.120299012967641),.UNSPECIFIED.);
#195=B_SPLINE_CURVE_WITH_KNOTS('',3,(#7388,#7389,#7390,#7391,#7392,#7393,
#7394,#7395,#7396,#7397),.UNSPECIFIED.,.F.,.F.,(4,2,2,2,4),(0.,1.65524397700067,
2.36569456978444,2.72151206411355,3.07759029328082),.UNSPECIFIED.);
#196=B_SPLINE_CURVE_WITH_KNOTS('',3,(#7398,#7399,#7400,#7401,#7402,#7403,
#7404,#7405),.UNSPECIFIED.,.F.,.F.,(4,2,2,4),(0.,0.0975515578936747,0.164930847997358,
0.479548384616151),.UNSPECIFIED.);
#197=CIRCLE('',#3492,11.3674974163374);
#198=CIRCLE('',#3493,11.3674974163374);
#199=CIRCLE('',#3494,11.3674974163374);
#200=CIRCLE('',#3495,11.3674974163374);
#201=CIRCLE('',#3496,11.3674974163374);
#202=CIRCLE('',#3498,2.25000000000001);
#203=CIRCLE('',#3501,2.25000000000001);
#204=CIRCLE('',#3502,2.25000000000001);
#205=CIRCLE('',#3505,228.531503506234);
#206=CIRCLE('',#3506,10.0000000000003);
#207=CIRCLE('',#3507,9.51134413080984);
#208=CIRCLE('',#3508,10.0000000000001);
#209=CIRCLE('',#3509,224.260680569223);
#210=CIRCLE('',#3510,17.);
#211=CIRCLE('',#3515,72.4097901315967);
#212=CIRCLE('',#3516,1.70000000000005);
#213=CIRCLE('',#3518,1.80000000000003);
#214=CIRCLE('',#3519,72.5591684153668);
#215=CIRCLE('',#3520,3.15);
#216=CIRCLE('',#3521,3.15);
#217=CIRCLE('',#3522,3.15);
#218=CIRCLE('',#3523,3.15);
#219=CIRCLE('',#3527,1.55);
#220=CIRCLE('',#3528,1.55);
#221=CIRCLE('',#3530,1.55);
#222=CIRCLE('',#3531,1.55);
#223=CIRCLE('',#3533,3.15);
#224=CIRCLE('',#3536,3.15);
#225=CIRCLE('',#3537,2.25000000000001);
#226=CIRCLE('',#3540,3.15);
#227=CIRCLE('',#3541,2.25000000000001);
#228=CIRCLE('',#3544,3.15);
#229=CIRCLE('',#3545,2.25000000000001);
#230=CIRCLE('',#3555,9.95000000000001);
#231=CIRCLE('',#3556,4.95000000000001);
#232=CIRCLE('',#3558,4.95000000000001);
#233=CIRCLE('',#3560,228.531503506234);
#234=CIRCLE('',#3561,10.0000000000003);
#235=CIRCLE('',#3562,9.51134413080984);
#236=CIRCLE('',#3563,10.0000000000001);
#237=CIRCLE('',#3564,224.260680569223);
#238=CIRCLE('',#3565,224.260680569241);
#239=CIRCLE('',#3566,224.260680569223);
#240=CIRCLE('',#3567,26.4658256718834);
#241=CIRCLE('',#3568,228.531503506234);
#242=CIRCLE('',#3569,228.531503506232);
#243=CIRCLE('',#3571,8.55);
#244=CIRCLE('',#3572,7.54999999999999);
#245=CIRCLE('',#3574,224.260680569223);
#246=CIRCLE('',#3575,26.4658256718834);
#247=CIRCLE('',#3576,228.531503506234);
#248=CIRCLE('',#3578,5.50000000000001);
#249=CIRCLE('',#3579,5.50000000000001);
#250=CIRCLE('',#3581,7.54999999999999);
#251=CIRCLE('',#3584,8.55);
#252=CIRCLE('',#3585,7.54999999999999);
#253=CIRCLE('',#3587,15.);
#254=CIRCLE('',#3590,17.);
#255=CIRCLE('',#3592,10.0000000000003);
#256=CIRCLE('',#3593,228.531503506234);
#257=CIRCLE('',#3594,26.4658256718834);
#258=CIRCLE('',#3595,224.260680569223);
#259=CIRCLE('',#3596,10.0000000000001);
#260=CIRCLE('',#3597,9.51134413080984);
#261=CIRCLE('',#3600,1.);
#262=CIRCLE('',#3605,1.);
#263=CIRCLE('',#3607,1.);
#264=CIRCLE('',#3609,1.);
#265=CIRCLE('',#3611,2.25000000000001);
#266=CIRCLE('',#3616,1.80000000000003);
#267=CIRCLE('',#3621,72.5591684153668);
#268=CIRCLE('',#3622,72.5591684153668);
#269=CIRCLE('',#3626,228.531503506234);
#270=CIRCLE('',#3628,224.260680569223);
#271=CIRCLE('',#3630,224.260680569223);
#272=CIRCLE('',#3631,72.4097901315967);
#273=CIRCLE('',#3633,228.531503506234);
#274=CIRCLE('',#3635,2.25000000000001);
#275=CIRCLE('',#3637,2.25000000000001);
#276=CIRCLE('',#3639,2.25000000000001);
#277=CIRCLE('',#3641,2.25000000000001);
#278=CIRCLE('',#3644,1.70000000000005);
#279=CIRCLE('',#3648,72.4097901315967);
#280=CIRCLE('',#3656,224.260680569223);
#281=CIRCLE('',#3657,224.260680569241);
#282=CIRCLE('',#3659,224.260680569223);
#283=CIRCLE('',#3661,228.531503506234);
#284=CIRCLE('',#3662,26.4658256718834);
#285=CIRCLE('',#3663,224.260680569223);
#286=CIRCLE('',#3665,228.531503506234);
#287=CIRCLE('',#3667,228.531503506232);
#288=CIRCLE('',#3668,228.531503506234);
#289=CIRCLE('',#3672,8.55);
#290=CIRCLE('',#3673,7.55);
#291=CIRCLE('',#3675,7.55);
#292=CIRCLE('',#3677,15.);
#293=CIRCLE('',#3679,15.);
#294=CIRCLE('',#3707,224.260680569241);
#295=CIRCLE('',#3708,228.531503506232);
#296=CIRCLE('',#3723,224.260680569223);
#297=CIRCLE('',#3729,8.500000000002);
#298=CIRCLE('',#3730,8.500000000002);
#299=CIRCLE('',#3734,4.);
#300=CIRCLE('',#3735,4.);
#301=CIRCLE('',#3739,9.51134413080984);
#302=CIRCLE('',#3742,10.0000000000001);
#303=CIRCLE('',#3745,228.531503506234);
#304=CIRCLE('',#3747,10.0000000000003);
#305=CYLINDRICAL_SURFACE('',#3491,11.3674974163374);
#306=CYLINDRICAL_SURFACE('',#3500,2.25000000000001);
#307=CYLINDRICAL_SURFACE('',#3503,5.);
#308=CYLINDRICAL_SURFACE('',#3511,5.);
#309=CYLINDRICAL_SURFACE('',#3526,1.55);
#310=CYLINDRICAL_SURFACE('',#3529,1.55);
#311=CYLINDRICAL_SURFACE('',#3534,3.15);
#312=CYLINDRICAL_SURFACE('',#3538,3.15);
#313=CYLINDRICAL_SURFACE('',#3542,3.15);
#314=CYLINDRICAL_SURFACE('',#3546,3.15);
#315=CYLINDRICAL_SURFACE('',#3552,5.);
#316=CYLINDRICAL_SURFACE('',#3557,4.95000000000001);
#317=CYLINDRICAL_SURFACE('',#3577,5.50000000000001);
#318=CYLINDRICAL_SURFACE('',#3588,7.54999999999999);
#319=CYLINDRICAL_SURFACE('',#3599,1.);
#320=CYLINDRICAL_SURFACE('',#3601,1.);
#321=CYLINDRICAL_SURFACE('',#3604,1.);
#322=CYLINDRICAL_SURFACE('',#3606,1.);
#323=CYLINDRICAL_SURFACE('',#3608,1.);
#324=CYLINDRICAL_SURFACE('',#3612,1.);
#325=CYLINDRICAL_SURFACE('',#3615,1.80000000000003);
#326=CYLINDRICAL_SURFACE('',#3620,72.5591684153668);
#327=CYLINDRICAL_SURFACE('',#3634,2.25000000000001);
#328=CYLINDRICAL_SURFACE('',#3636,2.25000000000001);
#329=CYLINDRICAL_SURFACE('',#3638,2.25000000000001);
#330=CYLINDRICAL_SURFACE('',#3640,2.25000000000001);
#331=CYLINDRICAL_SURFACE('',#3643,1.70000000000005);
#332=CYLINDRICAL_SURFACE('',#3647,72.4097901315967);
#333=CYLINDRICAL_SURFACE('',#3669,5.);
#334=CYLINDRICAL_SURFACE('',#3670,5.);
#335=CYLINDRICAL_SURFACE('',#3674,7.55);
#336=CYLINDRICAL_SURFACE('',#3680,15.);
#337=CYLINDRICAL_SURFACE('',#3682,9.51134413080984);
#338=CYLINDRICAL_SURFACE('',#3684,10.0000000000001);
#339=CYLINDRICAL_SURFACE('',#3685,26.4658256718834);
#340=CYLINDRICAL_SURFACE('',#3686,10.0000000000003);
#341=CYLINDRICAL_SURFACE('',#3691,0.370000000000026);
#342=CYLINDRICAL_SURFACE('',#3693,0.369999999999988);
#343=CYLINDRICAL_SURFACE('',#3700,3.31548607647618);
#344=CYLINDRICAL_SURFACE('',#3704,0.370000000000097);
#345=CYLINDRICAL_SURFACE('',#3712,0.399999999999978);
#346=CYLINDRICAL_SURFACE('',#3716,0.399999999999992);
#347=CYLINDRICAL_SURFACE('',#3720,224.260680569241);
#348=CYLINDRICAL_SURFACE('',#3721,228.531503506232);
#349=CYLINDRICAL_SURFACE('',#3722,224.260680569223);
#350=CYLINDRICAL_SURFACE('',#3724,224.260680569223);
#351=CYLINDRICAL_SURFACE('',#3725,228.531503506234);
#352=CYLINDRICAL_SURFACE('',#3728,8.500000000002);
#353=CYLINDRICAL_SURFACE('',#3733,4.);
#354=CYLINDRICAL_SURFACE('',#3738,9.51134413080984);
#355=CYLINDRICAL_SURFACE('',#3741,10.0000000000001);
#356=CYLINDRICAL_SURFACE('',#3743,26.4658256718834);
#357=CYLINDRICAL_SURFACE('',#3744,228.531503506234);
#358=CYLINDRICAL_SURFACE('',#3746,10.0000000000003);
#359=FACE_BOUND('',#599,.T.);
#360=FACE_BOUND('',#610,.T.);
#361=FACE_BOUND('',#616,.T.);
#362=FACE_BOUND('',#617,.T.);
#363=FACE_BOUND('',#618,.T.);
#364=FACE_BOUND('',#619,.T.);
#365=FACE_BOUND('',#625,.T.);
#366=FACE_BOUND('',#628,.T.);
#367=FACE_BOUND('',#631,.T.);
#368=FACE_BOUND('',#634,.T.);
#369=FACE_BOUND('',#644,.T.);
#370=FACE_BOUND('',#645,.T.);
#371=FACE_BOUND('',#646,.T.);
#372=FACE_BOUND('',#649,.T.);
#373=FACE_BOUND('',#652,.T.);
#374=FACE_BOUND('',#654,.T.);
#375=FACE_BOUND('',#657,.T.);
#376=FACE_BOUND('',#661,.T.);
#377=FACE_BOUND('',#671,.T.);
#378=FACE_BOUND('',#690,.T.);
#379=FACE_BOUND('',#712,.T.);
#380=FACE_BOUND('',#789,.T.);
#381=FACE_BOUND('',#790,.T.);
#382=FACE_BOUND('',#791,.T.);
#383=FACE_BOUND('',#792,.T.);
#384=FACE_BOUND('',#793,.T.);
#385=FACE_BOUND('',#794,.T.);
#386=FACE_BOUND('',#795,.T.);
#387=FACE_BOUND('',#796,.T.);
#388=FACE_BOUND('',#797,.T.);
#389=FACE_BOUND('',#798,.T.);
#390=FACE_BOUND('',#799,.T.);
#391=FACE_BOUND('',#800,.T.);
#392=FACE_BOUND('',#802,.T.);
#393=FACE_BOUND('',#803,.T.);
#394=FACE_BOUND('',#804,.T.);
#395=FACE_BOUND('',#805,.T.);
#396=FACE_BOUND('',#806,.T.);
#397=FACE_BOUND('',#807,.T.);
#398=FACE_BOUND('',#808,.T.);
#399=FACE_BOUND('',#809,.T.);
#400=FACE_BOUND('',#810,.T.);
#401=FACE_BOUND('',#811,.T.);
#402=FACE_BOUND('',#812,.T.);
#403=FACE_BOUND('',#813,.T.);
#404=FACE_BOUND('',#824,.T.);
#405=FACE_BOUND('',#825,.T.);
#406=FACE_BOUND('',#834,.T.);
#407=FACE_OUTER_BOUND('',#597,.T.);
#408=FACE_OUTER_BOUND('',#598,.T.);
#409=FACE_OUTER_BOUND('',#600,.T.);
#410=FACE_OUTER_BOUND('',#601,.T.);
#411=FACE_OUTER_BOUND('',#602,.T.);
#412=FACE_OUTER_BOUND('',#603,.T.);
#413=FACE_OUTER_BOUND('',#604,.T.);
#414=FACE_OUTER_BOUND('',#605,.T.);
#415=FACE_OUTER_BOUND('',#606,.T.);
#416=FACE_OUTER_BOUND('',#607,.T.);
#417=FACE_OUTER_BOUND('',#608,.T.);
#418=FACE_OUTER_BOUND('',#609,.T.);
#419=FACE_OUTER_BOUND('',#611,.T.);
#420=FACE_OUTER_BOUND('',#612,.T.);
#421=FACE_OUTER_BOUND('',#613,.T.);
#422=FACE_OUTER_BOUND('',#614,.T.);
#423=FACE_OUTER_BOUND('',#615,.T.);
#424=FACE_OUTER_BOUND('',#620,.T.);
#425=FACE_OUTER_BOUND('',#621,.T.);
#426=FACE_OUTER_BOUND('',#622,.T.);
#427=FACE_OUTER_BOUND('',#623,.T.);
#428=FACE_OUTER_BOUND('',#624,.T.);
#429=FACE_OUTER_BOUND('',#626,.T.);
#430=FACE_OUTER_BOUND('',#627,.T.);
#431=FACE_OUTER_BOUND('',#629,.T.);
#432=FACE_OUTER_BOUND('',#630,.T.);
#433=FACE_OUTER_BOUND('',#632,.T.);
#434=FACE_OUTER_BOUND('',#633,.T.);
#435=FACE_OUTER_BOUND('',#635,.T.);
#436=FACE_OUTER_BOUND('',#636,.T.);
#437=FACE_OUTER_BOUND('',#637,.T.);
#438=FACE_OUTER_BOUND('',#638,.T.);
#439=FACE_OUTER_BOUND('',#639,.T.);
#440=FACE_OUTER_BOUND('',#640,.T.);
#441=FACE_OUTER_BOUND('',#641,.T.);
#442=FACE_OUTER_BOUND('',#642,.T.);
#443=FACE_OUTER_BOUND('',#643,.T.);
#444=FACE_OUTER_BOUND('',#647,.T.);
#445=FACE_OUTER_BOUND('',#648,.T.);
#446=FACE_OUTER_BOUND('',#650,.T.);
#447=FACE_OUTER_BOUND('',#651,.T.);
#448=FACE_OUTER_BOUND('',#653,.T.);
#449=FACE_OUTER_BOUND('',#655,.T.);
#450=FACE_OUTER_BOUND('',#656,.T.);
#451=FACE_OUTER_BOUND('',#658,.T.);
#452=FACE_OUTER_BOUND('',#659,.T.);
#453=FACE_OUTER_BOUND('',#660,.T.);
#454=FACE_OUTER_BOUND('',#662,.T.);
#455=FACE_OUTER_BOUND('',#663,.T.);
#456=FACE_OUTER_BOUND('',#664,.T.);
#457=FACE_OUTER_BOUND('',#665,.T.);
#458=FACE_OUTER_BOUND('',#666,.T.);
#459=FACE_OUTER_BOUND('',#667,.T.);
#460=FACE_OUTER_BOUND('',#668,.T.);
#461=FACE_OUTER_BOUND('',#669,.T.);
#462=FACE_OUTER_BOUND('',#670,.T.);
#463=FACE_OUTER_BOUND('',#672,.T.);
#464=FACE_OUTER_BOUND('',#673,.T.);
#465=FACE_OUTER_BOUND('',#674,.T.);
#466=FACE_OUTER_BOUND('',#675,.T.);
#467=FACE_OUTER_BOUND('',#676,.T.);
#468=FACE_OUTER_BOUND('',#677,.T.);
#469=FACE_OUTER_BOUND('',#678,.T.);
#470=FACE_OUTER_BOUND('',#679,.T.);
#471=FACE_OUTER_BOUND('',#680,.T.);
#472=FACE_OUTER_BOUND('',#681,.T.);
#473=FACE_OUTER_BOUND('',#682,.T.);
#474=FACE_OUTER_BOUND('',#683,.T.);
#475=FACE_OUTER_BOUND('',#684,.T.);
#476=FACE_OUTER_BOUND('',#685,.T.);
#477=FACE_OUTER_BOUND('',#686,.T.);
#478=FACE_OUTER_BOUND('',#687,.T.);
#479=FACE_OUTER_BOUND('',#688,.T.);
#480=FACE_OUTER_BOUND('',#689,.T.);
#481=FACE_OUTER_BOUND('',#691,.T.);
#482=FACE_OUTER_BOUND('',#692,.T.);
#483=FACE_OUTER_BOUND('',#693,.T.);
#484=FACE_OUTER_BOUND('',#694,.T.);
#485=FACE_OUTER_BOUND('',#695,.T.);
#486=FACE_OUTER_BOUND('',#696,.T.);
#487=FACE_OUTER_BOUND('',#697,.T.);
#488=FACE_OUTER_BOUND('',#698,.T.);
#489=FACE_OUTER_BOUND('',#699,.T.);
#490=FACE_OUTER_BOUND('',#700,.T.);
#491=FACE_OUTER_BOUND('',#701,.T.);
#492=FACE_OUTER_BOUND('',#702,.T.);
#493=FACE_OUTER_BOUND('',#703,.T.);
#494=FACE_OUTER_BOUND('',#704,.T.);
#495=FACE_OUTER_BOUND('',#705,.T.);
#496=FACE_OUTER_BOUND('',#706,.T.);
#497=FACE_OUTER_BOUND('',#707,.T.);
#498=FACE_OUTER_BOUND('',#708,.T.);
#499=FACE_OUTER_BOUND('',#709,.T.);
#500=FACE_OUTER_BOUND('',#710,.T.);
#501=FACE_OUTER_BOUND('',#711,.T.);
#502=FACE_OUTER_BOUND('',#713,.T.);
#503=FACE_OUTER_BOUND('',#714,.T.);
#504=FACE_OUTER_BOUND('',#715,.T.);
#505=FACE_OUTER_BOUND('',#716,.T.);
#506=FACE_OUTER_BOUND('',#717,.T.);
#507=FACE_OUTER_BOUND('',#718,.T.);
#508=FACE_OUTER_BOUND('',#719,.T.);
#509=FACE_OUTER_BOUND('',#720,.T.);
#510=FACE_OUTER_BOUND('',#721,.T.);
#511=FACE_OUTER_BOUND('',#722,.T.);
#512=FACE_OUTER_BOUND('',#723,.T.);
#513=FACE_OUTER_BOUND('',#724,.T.);
#514=FACE_OUTER_BOUND('',#725,.T.);
#515=FACE_OUTER_BOUND('',#726,.T.);
#516=FACE_OUTER_BOUND('',#727,.T.);
#517=FACE_OUTER_BOUND('',#728,.T.);
#518=FACE_OUTER_BOUND('',#729,.T.);
#519=FACE_OUTER_BOUND('',#730,.T.);
#520=FACE_OUTER_BOUND('',#731,.T.);
#521=FACE_OUTER_BOUND('',#732,.T.);
#522=FACE_OUTER_BOUND('',#733,.T.);
#523=FACE_OUTER_BOUND('',#734,.T.);
#524=FACE_OUTER_BOUND('',#735,.T.);
#525=FACE_OUTER_BOUND('',#736,.T.);
#526=FACE_OUTER_BOUND('',#737,.T.);
#527=FACE_OUTER_BOUND('',#738,.T.);
#528=FACE_OUTER_BOUND('',#739,.T.);
#529=FACE_OUTER_BOUND('',#740,.T.);
#530=FACE_OUTER_BOUND('',#741,.T.);
#531=FACE_OUTER_BOUND('',#742,.T.);
#532=FACE_OUTER_BOUND('',#743,.T.);
#533=FACE_OUTER_BOUND('',#744,.T.);
#534=FACE_OUTER_BOUND('',#745,.T.);
#535=FACE_OUTER_BOUND('',#746,.T.);
#536=FACE_OUTER_BOUND('',#747,.T.);
#537=FACE_OUTER_BOUND('',#748,.T.);
#538=FACE_OUTER_BOUND('',#749,.T.);
#539=FACE_OUTER_BOUND('',#750,.T.);
#540=FACE_OUTER_BOUND('',#751,.T.);
#541=FACE_OUTER_BOUND('',#752,.T.);
#542=FACE_OUTER_BOUND('',#753,.T.);
#543=FACE_OUTER_BOUND('',#754,.T.);
#544=FACE_OUTER_BOUND('',#755,.T.);
#545=FACE_OUTER_BOUND('',#756,.T.);
#546=FACE_OUTER_BOUND('',#757,.T.);
#547=FACE_OUTER_BOUND('',#758,.T.);
#548=FACE_OUTER_BOUND('',#759,.T.);
#549=FACE_OUTER_BOUND('',#760,.T.);
#550=FACE_OUTER_BOUND('',#761,.T.);
#551=FACE_OUTER_BOUND('',#762,.T.);
#552=FACE_OUTER_BOUND('',#763,.T.);
#553=FACE_OUTER_BOUND('',#764,.T.);
#554=FACE_OUTER_BOUND('',#765,.T.);
#555=FACE_OUTER_BOUND('',#766,.T.);
#556=FACE_OUTER_BOUND('',#767,.T.);
#557=FACE_OUTER_BOUND('',#768,.T.);
#558=FACE_OUTER_BOUND('',#769,.T.);
#559=FACE_OUTER_BOUND('',#770,.T.);
#560=FACE_OUTER_BOUND('',#771,.T.);
#561=FACE_OUTER_BOUND('',#772,.T.);
#562=FACE_OUTER_BOUND('',#773,.T.);
#563=FACE_OUTER_BOUND('',#774,.T.);
#564=FACE_OUTER_BOUND('',#775,.T.);
#565=FACE_OUTER_BOUND('',#776,.T.);
#566=FACE_OUTER_BOUND('',#777,.T.);
#567=FACE_OUTER_BOUND('',#778,.T.);
#568=FACE_OUTER_BOUND('',#779,.T.);
#569=FACE_OUTER_BOUND('',#780,.T.);
#570=FACE_OUTER_BOUND('',#781,.T.);
#571=FACE_OUTER_BOUND('',#782,.T.);
#572=FACE_OUTER_BOUND('',#783,.T.);
#573=FACE_OUTER_BOUND('',#784,.T.);
#574=FACE_OUTER_BOUND('',#785,.T.);
#575=FACE_OUTER_BOUND('',#786,.T.);
#576=FACE_OUTER_BOUND('',#787,.T.);
#577=FACE_OUTER_BOUND('',#788,.T.);
#578=FACE_OUTER_BOUND('',#801,.T.);
#579=FACE_OUTER_BOUND('',#814,.T.);
#580=FACE_OUTER_BOUND('',#815,.T.);
#581=FACE_OUTER_BOUND('',#816,.T.);
#582=FACE_OUTER_BOUND('',#817,.T.);
#583=FACE_OUTER_BOUND('',#818,.T.);
#584=FACE_OUTER_BOUND('',#819,.T.);
#585=FACE_OUTER_BOUND('',#820,.T.);
#586=FACE_OUTER_BOUND('',#821,.T.);
#587=FACE_OUTER_BOUND('',#822,.T.);
#588=FACE_OUTER_BOUND('',#823,.T.);
#589=FACE_OUTER_BOUND('',#826,.T.);
#590=FACE_OUTER_BOUND('',#827,.T.);
#591=FACE_OUTER_BOUND('',#828,.T.);
#592=FACE_OUTER_BOUND('',#829,.T.);
#593=FACE_OUTER_BOUND('',#830,.T.);
#594=FACE_OUTER_BOUND('',#831,.T.);
#595=FACE_OUTER_BOUND('',#832,.T.);
#596=FACE_OUTER_BOUND('',#833,.T.);
#597=EDGE_LOOP('',(#2188,#2189,#2190,#2191,#2192,#2193,#2194));
#598=EDGE_LOOP('',(#2195,#2196,#2197,#2198,#2199,#2200));
#599=EDGE_LOOP('',(#2201));
#600=EDGE_LOOP('',(#2202,#2203,#2204,#2205,#2206,#2207));
#601=EDGE_LOOP('',(#2208,#2209,#2210));
#602=EDGE_LOOP('',(#2211,#2212,#2213,#2214,#2215,#2216,#2217));
#603=EDGE_LOOP('',(#2218,#2219,#2220,#2221));
#604=EDGE_LOOP('',(#2222,#2223,#2224,#2225,#2226,#2227,#2228,#2229,#2230,
#2231,#2232,#2233,#2234,#2235));
#605=EDGE_LOOP('',(#2236,#2237,#2238,#2239,#2240,#2241,#2242));
#606=EDGE_LOOP('',(#2243,#2244));
#607=EDGE_LOOP('',(#2245,#2246,#2247,#2248));
#608=EDGE_LOOP('',(#2249,#2250,#2251,#2252));
#609=EDGE_LOOP('',(#2253,#2254,#2255,#2256,#2257,#2258,#2259,#2260));
#610=EDGE_LOOP('',(#2261));
#611=EDGE_LOOP('',(#2262,#2263,#2264,#2265));
#612=EDGE_LOOP('',(#2266,#2267,#2268,#2269,#2270,#2271,#2272,#2273));
#613=EDGE_LOOP('',(#2274,#2275,#2276,#2277,#2278));
#614=EDGE_LOOP('',(#2279,#2280,#2281,#2282,#2283,#2284,#2285,#2286));
#615=EDGE_LOOP('',(#2287,#2288,#2289,#2290,#2291,#2292,#2293,#2294,#2295,
#2296,#2297,#2298,#2299,#2300,#2301,#2302,#2303,#2304,#2305));
#616=EDGE_LOOP('',(#2306));
#617=EDGE_LOOP('',(#2307));
#618=EDGE_LOOP('',(#2308));
#619=EDGE_LOOP('',(#2309));
#620=EDGE_LOOP('',(#2310,#2311,#2312,#2313));
#621=EDGE_LOOP('',(#2314,#2315,#2316,#2317));
#622=EDGE_LOOP('',(#2318,#2319,#2320,#2321));
#623=EDGE_LOOP('',(#2322,#2323,#2324,#2325));
#624=EDGE_LOOP('',(#2326));
#625=EDGE_LOOP('',(#2327));
#626=EDGE_LOOP('',(#2328,#2329,#2330,#2331));
#627=EDGE_LOOP('',(#2332));
#628=EDGE_LOOP('',(#2333));
#629=EDGE_LOOP('',(#2334,#2335,#2336,#2337));
#630=EDGE_LOOP('',(#2338));
#631=EDGE_LOOP('',(#2339));
#632=EDGE_LOOP('',(#2340,#2341,#2342,#2343));
#633=EDGE_LOOP('',(#2344));
#634=EDGE_LOOP('',(#2345));
#635=EDGE_LOOP('',(#2346,#2347,#2348,#2349));
#636=EDGE_LOOP('',(#2350,#2351,#2352,#2353));
#637=EDGE_LOOP('',(#2354,#2355,#2356,#2357));
#638=EDGE_LOOP('',(#2358,#2359,#2360,#2361,#2362,#2363,#2364,#2365));
#639=EDGE_LOOP('',(#2366,#2367,#2368));
#640=EDGE_LOOP('',(#2369,#2370,#2371,#2372));
#641=EDGE_LOOP('',(#2373,#2374,#2375,#2376));
#642=EDGE_LOOP('',(#2377,#2378,#2379,#2380));
#643=EDGE_LOOP('',(#2381,#2382,#2383,#2384,#2385,#2386,#2387,#2388,#2389,
#2390,#2391,#2392,#2393,#2394));
#644=EDGE_LOOP('',(#2395));
#645=EDGE_LOOP('',(#2396));
#646=EDGE_LOOP('',(#2397));
#647=EDGE_LOOP('',(#2398,#2399,#2400,#2401));
#648=EDGE_LOOP('',(#2402,#2403,#2404,#2405));
#649=EDGE_LOOP('',(#2406));
#650=EDGE_LOOP('',(#2407,#2408,#2409,#2410));
#651=EDGE_LOOP('',(#2411));
#652=EDGE_LOOP('',(#2412));
#653=EDGE_LOOP('',(#2413));
#654=EDGE_LOOP('',(#2414));
#655=EDGE_LOOP('',(#2415,#2416,#2417,#2418));
#656=EDGE_LOOP('',(#2419));
#657=EDGE_LOOP('',(#2420));
#658=EDGE_LOOP('',(#2421,#2422,#2423,#2424));
#659=EDGE_LOOP('',(#2425,#2426,#2427,#2428));
#660=EDGE_LOOP('',(#2429,#2430,#2431,#2432,#2433,#2434,#2435,#2436));
#661=EDGE_LOOP('',(#2437));
#662=EDGE_LOOP('',(#2438));
#663=EDGE_LOOP('',(#2439,#2440,#2441,#2442));
#664=EDGE_LOOP('',(#2443,#2444,#2445,#2446));
#665=EDGE_LOOP('',(#2447,#2448,#2449,#2450));
#666=EDGE_LOOP('',(#2451,#2452,#2453,#2454));
#667=EDGE_LOOP('',(#2455,#2456,#2457,#2458));
#668=EDGE_LOOP('',(#2459,#2460,#2461));
#669=EDGE_LOOP('',(#2462,#2463,#2464));
#670=EDGE_LOOP('',(#2465,#2466,#2467,#2468,#2469,#2470,#2471,#2472,#2473));
#671=EDGE_LOOP('',(#2474));
#672=EDGE_LOOP('',(#2475,#2476,#2477,#2478));
#673=EDGE_LOOP('',(#2479,#2480,#2481,#2482));
#674=EDGE_LOOP('',(#2483,#2484,#2485,#2486));
#675=EDGE_LOOP('',(#2487,#2488,#2489,#2490));
#676=EDGE_LOOP('',(#2491,#2492,#2493,#2494));
#677=EDGE_LOOP('',(#2495,#2496,#2497,#2498));
#678=EDGE_LOOP('',(#2499,#2500,#2501,#2502,#2503));
#679=EDGE_LOOP('',(#2504,#2505,#2506,#2507,#2508));
#680=EDGE_LOOP('',(#2509,#2510,#2511,#2512,#2513));
#681=EDGE_LOOP('',(#2514,#2515,#2516,#2517,#2518));
#682=EDGE_LOOP('',(#2519,#2520,#2521));
#683=EDGE_LOOP('',(#2522,#2523,#2524));
#684=EDGE_LOOP('',(#2525,#2526,#2527));
#685=EDGE_LOOP('',(#2528,#2529,#2530));
#686=EDGE_LOOP('',(#2531,#2532,#2533,#2534));
#687=EDGE_LOOP('',(#2535,#2536,#2537,#2538));
#688=EDGE_LOOP('',(#2539,#2540,#2541,#2542));
#689=EDGE_LOOP('',(#2543,#2544,#2545,#2546));
#690=EDGE_LOOP('',(#2547,#2548,#2549,#2550,#2551,#2552,#2553,#2554));
#691=EDGE_LOOP('',(#2555,#2556,#2557,#2558,#2559,#2560,#2561,#2562,#2563,
#2564,#2565,#2566,#2567,#2568));
#692=EDGE_LOOP('',(#2569,#2570,#2571,#2572));
#693=EDGE_LOOP('',(#2573,#2574,#2575,#2576));
#694=EDGE_LOOP('',(#2577,#2578,#2579,#2580,#2581,#2582));
#695=EDGE_LOOP('',(#2583,#2584,#2585,#2586,#2587));
#696=EDGE_LOOP('',(#2588,#2589,#2590,#2591,#2592));
#697=EDGE_LOOP('',(#2593,#2594,#2595,#2596,#2597,#2598,#2599,#2600,#2601,
#2602,#2603,#2604));
#698=EDGE_LOOP('',(#2605));
#699=EDGE_LOOP('',(#2606));
#700=EDGE_LOOP('',(#2607));
#701=EDGE_LOOP('',(#2608));
#702=EDGE_LOOP('',(#2609,#2610,#2611));
#703=EDGE_LOOP('',(#2612,#2613,#2614));
#704=EDGE_LOOP('',(#2615,#2616,#2617,#2618,#2619,#2620));
#705=EDGE_LOOP('',(#2621,#2622,#2623));
#706=EDGE_LOOP('',(#2624,#2625,#2626));
#707=EDGE_LOOP('',(#2627,#2628,#2629,#2630));
#708=EDGE_LOOP('',(#2631,#2632,#2633,#2634));
#709=EDGE_LOOP('',(#2635,#2636,#2637,#2638));
#710=EDGE_LOOP('',(#2639,#2640,#2641,#2642));
#711=EDGE_LOOP('',(#2643));
#712=EDGE_LOOP('',(#2644));
#713=EDGE_LOOP('',(#2645,#2646,#2647,#2648));
#714=EDGE_LOOP('',(#2649,#2650,#2651,#2652));
#715=EDGE_LOOP('',(#2653,#2654,#2655,#2656));
#716=EDGE_LOOP('',(#2657,#2658,#2659,#2660));
#717=EDGE_LOOP('',(#2661,#2662,#2663,#2664));
#718=EDGE_LOOP('',(#2665,#2666,#2667,#2668));
#719=EDGE_LOOP('',(#2669,#2670,#2671,#2672));
#720=EDGE_LOOP('',(#2673,#2674,#2675,#2676));
#721=EDGE_LOOP('',(#2677));
#722=EDGE_LOOP('',(#2678,#2679,#2680,#2681));
#723=EDGE_LOOP('',(#2682,#2683,#2684,#2685));
#724=EDGE_LOOP('',(#2686,#2687,#2688,#2689));
#725=EDGE_LOOP('',(#2690,#2691,#2692,#2693));
#726=EDGE_LOOP('',(#2694,#2695,#2696,#2697));
#727=EDGE_LOOP('',(#2698,#2699,#2700,#2701));
#728=EDGE_LOOP('',(#2702,#2703,#2704,#2705));
#729=EDGE_LOOP('',(#2706,#2707,#2708,#2709));
#730=EDGE_LOOP('',(#2710,#2711,#2712,#2713));
#731=EDGE_LOOP('',(#2714,#2715,#2716,#2717));
#732=EDGE_LOOP('',(#2718,#2719,#2720,#2721));
#733=EDGE_LOOP('',(#2722,#2723,#2724,#2725));
#734=EDGE_LOOP('',(#2726,#2727,#2728,#2729));
#735=EDGE_LOOP('',(#2730,#2731,#2732,#2733));
#736=EDGE_LOOP('',(#2734,#2735,#2736,#2737));
#737=EDGE_LOOP('',(#2738,#2739,#2740,#2741));
#738=EDGE_LOOP('',(#2742,#2743,#2744,#2745));
#739=EDGE_LOOP('',(#2746,#2747,#2748,#2749));
#740=EDGE_LOOP('',(#2750,#2751,#2752,#2753));
#741=EDGE_LOOP('',(#2754,#2755,#2756,#2757));
#742=EDGE_LOOP('',(#2758,#2759,#2760,#2761));
#743=EDGE_LOOP('',(#2762,#2763,#2764,#2765));
#744=EDGE_LOOP('',(#2766,#2767,#2768,#2769));
#745=EDGE_LOOP('',(#2770,#2771,#2772,#2773));
#746=EDGE_LOOP('',(#2774,#2775,#2776,#2777));
#747=EDGE_LOOP('',(#2778,#2779,#2780,#2781));
#748=EDGE_LOOP('',(#2782,#2783,#2784,#2785));
#749=EDGE_LOOP('',(#2786,#2787,#2788,#2789));
#750=EDGE_LOOP('',(#2790,#2791,#2792,#2793));
#751=EDGE_LOOP('',(#2794,#2795,#2796,#2797));
#752=EDGE_LOOP('',(#2798,#2799,#2800,#2801));
#753=EDGE_LOOP('',(#2802,#2803,#2804,#2805));
#754=EDGE_LOOP('',(#2806,#2807,#2808,#2809));
#755=EDGE_LOOP('',(#2810,#2811,#2812,#2813));
#756=EDGE_LOOP('',(#2814,#2815,#2816,#2817));
#757=EDGE_LOOP('',(#2818,#2819,#2820,#2821));
#758=EDGE_LOOP('',(#2822,#2823,#2824,#2825));
#759=EDGE_LOOP('',(#2826,#2827,#2828,#2829));
#760=EDGE_LOOP('',(#2830,#2831,#2832,#2833));
#761=EDGE_LOOP('',(#2834,#2835,#2836,#2837));
#762=EDGE_LOOP('',(#2838,#2839,#2840,#2841));
#763=EDGE_LOOP('',(#2842,#2843,#2844,#2845));
#764=EDGE_LOOP('',(#2846,#2847,#2848,#2849));
#765=EDGE_LOOP('',(#2850,#2851,#2852,#2853));
#766=EDGE_LOOP('',(#2854,#2855,#2856,#2857));
#767=EDGE_LOOP('',(#2858,#2859,#2860,#2861));
#768=EDGE_LOOP('',(#2862,#2863,#2864,#2865));
#769=EDGE_LOOP('',(#2866,#2867,#2868,#2869));
#770=EDGE_LOOP('',(#2870,#2871,#2872,#2873));
#771=EDGE_LOOP('',(#2874,#2875,#2876,#2877));
#772=EDGE_LOOP('',(#2878,#2879,#2880,#2881));
#773=EDGE_LOOP('',(#2882,#2883,#2884,#2885));
#774=EDGE_LOOP('',(#2886,#2887,#2888,#2889));
#775=EDGE_LOOP('',(#2890,#2891,#2892,#2893));
#776=EDGE_LOOP('',(#2894,#2895,#2896,#2897));
#777=EDGE_LOOP('',(#2898,#2899,#2900,#2901));
#778=EDGE_LOOP('',(#2902,#2903,#2904,#2905));
#779=EDGE_LOOP('',(#2906,#2907,#2908,#2909));
#780=EDGE_LOOP('',(#2910,#2911,#2912,#2913));
#781=EDGE_LOOP('',(#2914,#2915,#2916,#2917));
#782=EDGE_LOOP('',(#2918,#2919,#2920,#2921));
#783=EDGE_LOOP('',(#2922,#2923,#2924,#2925));
#784=EDGE_LOOP('',(#2926,#2927,#2928,#2929));
#785=EDGE_LOOP('',(#2930,#2931,#2932,#2933));
#786=EDGE_LOOP('',(#2934,#2935,#2936,#2937));
#787=EDGE_LOOP('',(#2938,#2939,#2940,#2941));
#788=EDGE_LOOP('',(#2942,#2943,#2944,#2945,#2946,#2947,#2948,#2949,#2950,
#2951,#2952,#2953,#2954));
#789=EDGE_LOOP('',(#2955,#2956,#2957,#2958));
#790=EDGE_LOOP('',(#2959,#2960,#2961,#2962,#2963));
#791=EDGE_LOOP('',(#2964,#2965,#2966,#2967,#2968,#2969,#2970,#2971,#2972));
#792=EDGE_LOOP('',(#2973,#2974,#2975,#2976,#2977,#2978));
#793=EDGE_LOOP('',(#2979,#2980,#2981,#2982,#2983));
#794=EDGE_LOOP('',(#2984,#2985,#2986,#2987,#2988));
#795=EDGE_LOOP('',(#2989,#2990,#2991,#2992,#2993));
#796=EDGE_LOOP('',(#2994,#2995,#2996,#2997));
#797=EDGE_LOOP('',(#2998,#2999,#3000,#3001,#3002,#3003));
#798=EDGE_LOOP('',(#3004,#3005,#3006,#3007,#3008));
#799=EDGE_LOOP('',(#3009,#3010,#3011,#3012,#3013));
#800=EDGE_LOOP('',(#3014,#3015,#3016,#3017,#3018,#3019,#3020));
#801=EDGE_LOOP('',(#3021,#3022,#3023,#3024,#3025,#3026,#3027,#3028,#3029,
#3030,#3031,#3032,#3033));
#802=EDGE_LOOP('',(#3034,#3035,#3036,#3037));
#803=EDGE_LOOP('',(#3038,#3039,#3040,#3041,#3042));
#804=EDGE_LOOP('',(#3043,#3044,#3045,#3046,#3047,#3048,#3049,#3050,#3051));
#805=EDGE_LOOP('',(#3052,#3053,#3054,#3055,#3056,#3057));
#806=EDGE_LOOP('',(#3058,#3059,#3060,#3061,#3062));
#807=EDGE_LOOP('',(#3063,#3064,#3065,#3066,#3067));
#808=EDGE_LOOP('',(#3068,#3069,#3070,#3071,#3072));
#809=EDGE_LOOP('',(#3073,#3074,#3075,#3076));
#810=EDGE_LOOP('',(#3077,#3078,#3079,#3080,#3081,#3082));
#811=EDGE_LOOP('',(#3083,#3084,#3085,#3086,#3087));
#812=EDGE_LOOP('',(#3088,#3089,#3090,#3091,#3092));
#813=EDGE_LOOP('',(#3093,#3094,#3095,#3096,#3097,#3098,#3099));
#814=EDGE_LOOP('',(#3100,#3101,#3102,#3103,#3104));
#815=EDGE_LOOP('',(#3105,#3106,#3107,#3108,#3109,#3110,#3111,#3112));
#816=EDGE_LOOP('',(#3113,#3114,#3115,#3116,#3117,#3118,#3119,#3120));
#817=EDGE_LOOP('',(#3121,#3122,#3123,#3124));
#818=EDGE_LOOP('',(#3125,#3126,#3127,#3128));
#819=EDGE_LOOP('',(#3129,#3130,#3131,#3132));
#820=EDGE_LOOP('',(#3133,#3134,#3135,#3136));
#821=EDGE_LOOP('',(#3137,#3138,#3139,#3140));
#822=EDGE_LOOP('',(#3141,#3142,#3143,#3144));
#823=EDGE_LOOP('',(#3145,#3146,#3147,#3148,#3149,#3150));
#824=EDGE_LOOP('',(#3151));
#825=EDGE_LOOP('',(#3152));
#826=EDGE_LOOP('',(#3153,#3154,#3155,#3156));
#827=EDGE_LOOP('',(#3157,#3158,#3159,#3160));
#828=EDGE_LOOP('',(#3161,#3162,#3163,#3164));
#829=EDGE_LOOP('',(#3165,#3166,#3167,#3168));
#830=EDGE_LOOP('',(#3169,#3170,#3171,#3172));
#831=EDGE_LOOP('',(#3173,#3174,#3175,#3176,#3177));
#832=EDGE_LOOP('',(#3178,#3179,#3180,#3181));
#833=EDGE_LOOP('',(#3182,#3183,#3184,#3185,#3186,#3187,#3188,#3189));
#834=EDGE_LOOP('',(#3190,#3191,#3192,#3193,#3194,#3195));
#835=ELLIPSE('',#3481,2.16773994009834,1.);
#836=ELLIPSE('',#3483,11.9724043708192,11.3674974163374);
#837=ELLIPSE('',#3484,11.9724043708192,11.3674974163374);
#838=ELLIPSE('',#3485,2.36973089570518,2.25000000000001);
#839=ELLIPSE('',#3488,2.16773994009834,1.);
#840=ELLIPSE('',#3548,7.94034057298176,5.);
#841=ELLIPSE('',#3550,10.905910011108,5.);
#842=ELLIPSE('',#3689,224.398967734323,224.260680569241);
#843=ELLIPSE('',#3690,228.67242421365,228.531503506232);
#844=ELLIPSE('',#3695,249.356941009559,224.260680569241);
#845=ELLIPSE('',#3696,254.105697414197,228.531503506232);
#846=ELLIPSE('',#3698,334.972573459091,224.260680569241);
#847=ELLIPSE('',#3699,341.35179493635,228.531503506232);
#848=ELLIPSE('',#3702,258.188107682438,224.260680569241);
#849=ELLIPSE('',#3703,263.105044925069,228.531503506232);
#850=ELLIPSE('',#3710,226.880321351845,224.260680569241);
#851=ELLIPSE('',#3711,231.201032757527,228.531503506232);
#852=ELLIPSE('',#3714,18801.7961957694,224.260680569241);
#853=ELLIPSE('',#3715,19159.8578151567,228.531503506232);
#854=ELLIPSE('',#3718,340.352667807664,224.260680569241);
#855=ELLIPSE('',#3719,346.834347862542,228.531503506232);
#856=LINE('',#4542,#1105);
#857=LINE('',#4544,#1106);
#858=LINE('',#4548,#1107);
#859=LINE('',#4550,#1108);
#860=LINE('',#4552,#1109);
#861=LINE('',#4553,#1110);
#862=LINE('',#4559,#1111);
#863=LINE('',#4560,#1112);
#864=LINE('',#4563,#1113);
#865=LINE('',#4569,#1114);
#866=LINE('',#4571,#1115);
#867=LINE('',#4572,#1116);
#868=LINE('',#4573,#1117);
#869=LINE('',#4579,#1118);
#870=LINE('',#4580,#1119);
#871=LINE('',#4583,#1120);
#872=LINE('',#4585,#1121);
#873=LINE('',#4587,#1122);
#874=LINE('',#4589,#1123);
#875=LINE('',#4590,#1124);
#876=LINE('',#4594,#1125);
#877=LINE('',#4596,#1126);
#878=LINE('',#4598,#1127);
#879=LINE('',#4599,#1128);
#880=LINE('',#4615,#1129);
#881=LINE('',#4631,#1130);
#882=LINE('',#4636,#1131);
#883=LINE('',#4638,#1132);
#884=LINE('',#4640,#1133);
#885=LINE('',#4643,#1134);
#886=LINE('',#4649,#1135);
#887=LINE('',#4665,#1136);
#888=LINE('',#4677,#1137);
#889=LINE('',#4684,#1138);
#890=LINE('',#4688,#1139);
#891=LINE('',#4708,#1140);
#892=LINE('',#4720,#1141);
#893=LINE('',#4723,#1142);
#894=LINE('',#4725,#1143);
#895=LINE('',#4726,#1144);
#896=LINE('',#4728,#1145);
#897=LINE('',#4730,#1146);
#898=LINE('',#4731,#1147);
#899=LINE('',#4735,#1148);
#900=LINE('',#4737,#1149);
#901=LINE('',#4739,#1150);
#902=LINE('',#4741,#1151);
#903=LINE('',#4742,#1152);
#904=LINE('',#4745,#1153);
#905=LINE('',#4750,#1154);
#906=LINE('',#4751,#1155);
#907=LINE('',#4754,#1156);
#908=LINE('',#4756,#1157);
#909=LINE('',#4758,#1158);
#910=LINE('',#4762,#1159);
#911=LINE('',#4764,#1160);
#912=LINE('',#4765,#1161);
#913=LINE('',#4767,#1162);
#914=LINE('',#4769,#1163);
#915=LINE('',#4771,#1164);
#916=LINE('',#4773,#1165);
#917=LINE('',#4775,#1166);
#918=LINE('',#4777,#1167);
#919=LINE('',#4781,#1168);
#920=LINE('',#4782,#1169);
#921=LINE('',#4793,#1170);
#922=LINE('',#4794,#1171);
#923=LINE('',#4797,#1172);
#924=LINE('',#4798,#1173);
#925=LINE('',#4803,#1174);
#926=LINE('',#4809,#1175);
#927=LINE('',#4815,#1176);
#928=LINE('',#4822,#1177);
#929=LINE('',#4829,#1178);
#930=LINE('',#4836,#1179);
#931=LINE('',#4839,#1180);
#932=LINE('',#4842,#1181);
#933=LINE('',#4845,#1182);
#934=LINE('',#4847,#1183);
#935=LINE('',#4851,#1184);
#936=LINE('',#4853,#1185);
#937=LINE('',#4855,#1186);
#938=LINE('',#4857,#1187);
#939=LINE('',#4858,#1188);
#940=LINE('',#4872,#1189);
#941=LINE('',#4873,#1190);
#942=LINE('',#4878,#1191);
#943=LINE('',#4883,#1192);
#944=LINE('',#4890,#1193);
#945=LINE('',#4894,#1194);
#946=LINE('',#4911,#1195);
#947=LINE('',#4916,#1196);
#948=LINE('',#4926,#1197);
#949=LINE('',#4936,#1198);
#950=LINE('',#4942,#1199);
#951=LINE('',#4946,#1200);
#952=LINE('',#4960,#1201);
#953=LINE('',#4963,#1202);
#954=LINE('',#4983,#1203);
#955=LINE('',#4986,#1204);
#956=LINE('',#4989,#1205);
#957=LINE('',#5005,#1206);
#958=LINE('',#5008,#1207);
#959=LINE('',#5010,#1208);
#960=LINE('',#5011,#1209);
#961=LINE('',#5014,#1210);
#962=LINE('',#5015,#1211);
#963=LINE('',#5036,#1212);
#964=LINE('',#5039,#1213);
#965=LINE('',#5041,#1214);
#966=LINE('',#5059,#1215);
#967=LINE('',#5061,#1216);
#968=LINE('',#5062,#1217);
#969=LINE('',#5065,#1218);
#970=LINE('',#5066,#1219);
#971=LINE('',#5069,#1220);
#972=LINE('',#5073,#1221);
#973=LINE('',#5074,#1222);
#974=LINE('',#5077,#1223);
#975=LINE('',#5078,#1224);
#976=LINE('',#5081,#1225);
#977=LINE('',#5083,#1226);
#978=LINE('',#5084,#1227);
#979=LINE('',#5087,#1228);
#980=LINE('',#5093,#1229);
#981=LINE('',#5095,#1230);
#982=LINE('',#5096,#1231);
#983=LINE('',#5099,#1232);
#984=LINE('',#5100,#1233);
#985=LINE('',#5106,#1234);
#986=LINE('',#5112,#1235);
#987=LINE('',#5118,#1236);
#988=LINE('',#5122,#1237);
#989=LINE('',#5126,#1238);
#990=LINE('',#5130,#1239);
#991=LINE('',#5133,#1240);
#992=LINE('',#5137,#1241);
#993=LINE('',#5139,#1242);
#994=LINE('',#5140,#1243);
#995=LINE('',#5143,#1244);
#996=LINE('',#5146,#1245);
#997=LINE('',#5206,#1246);
#998=LINE('',#5210,#1247);
#999=LINE('',#5217,#1248);
#1000=LINE('',#5220,#1249);
#1001=LINE('',#5222,#1250);
#1002=LINE('',#5223,#1251);
#1003=LINE('',#5225,#1252);
#1004=LINE('',#5227,#1253);
#1005=LINE('',#5229,#1254);
#1006=LINE('',#5231,#1255);
#1007=LINE('',#5232,#1256);
#1008=LINE('',#5234,#1257);
#1009=LINE('',#5255,#1258);
#1010=LINE('',#5265,#1259);
#1011=LINE('',#5458,#1260);
#1012=LINE('',#5505,#1261);
#1013=LINE('',#5561,#1262);
#1014=LINE('',#5573,#1263);
#1015=LINE('',#5604,#1264);
#1016=LINE('',#5631,#1265);
#1017=LINE('',#5676,#1266);
#1018=LINE('',#5718,#1267);
#1019=LINE('',#5721,#1268);
#1020=LINE('',#5745,#1269);
#1021=LINE('',#5748,#1270);
#1022=LINE('',#5750,#1271);
#1023=LINE('',#5751,#1272);
#1024=LINE('',#5783,#1273);
#1025=LINE('',#5789,#1274);
#1026=LINE('',#5816,#1275);
#1027=LINE('',#5845,#1276);
#1028=LINE('',#5868,#1277);
#1029=LINE('',#5923,#1278);
#1030=LINE('',#5937,#1279);
#1031=LINE('',#5970,#1280);
#1032=LINE('',#6001,#1281);
#1033=LINE('',#6036,#1282);
#1034=LINE('',#6067,#1283);
#1035=LINE('',#6113,#1284);
#1036=LINE('',#6125,#1285);
#1037=LINE('',#6152,#1286);
#1038=LINE('',#6185,#1287);
#1039=LINE('',#6232,#1288);
#1040=LINE('',#6271,#1289);
#1041=LINE('',#6274,#1290);
#1042=LINE('',#6302,#1291);
#1043=LINE('',#6333,#1292);
#1044=LINE('',#6366,#1293);
#1045=LINE('',#6486,#1294);
#1046=LINE('',#6502,#1295);
#1047=LINE('',#6535,#1296);
#1048=LINE('',#6574,#1297);
#1049=LINE('',#6599,#1298);
#1050=LINE('',#6657,#1299);
#1051=LINE('',#6673,#1300);
#1052=LINE('',#6720,#1301);
#1053=LINE('',#6759,#1302);
#1054=LINE('',#6813,#1303);
#1055=LINE('',#6829,#1304);
#1056=LINE('',#6835,#1305);
#1057=LINE('',#6855,#1306);
#1058=LINE('',#6858,#1307);
#1059=LINE('',#6860,#1308);
#1060=LINE('',#6861,#1309);
#1061=LINE('',#6867,#1310);
#1062=LINE('',#6929,#1311);
#1063=LINE('',#6941,#1312);
#1064=LINE('',#6984,#1313);
#1065=LINE('',#7023,#1314);
#1066=LINE('',#7054,#1315);
#1067=LINE('',#7102,#1316);
#1068=LINE('',#7112,#1317);
#1069=LINE('',#7143,#1318);
#1070=LINE('',#7198,#1319);
#1071=LINE('',#7237,#1320);
#1072=LINE('',#7283,#1321);
#1073=LINE('',#7297,#1322);
#1074=LINE('',#7303,#1323);
#1075=LINE('',#7331,#1324);
#1076=LINE('',#7337,#1325);
#1077=LINE('',#7373,#1326);
#1078=LINE('',#7379,#1327);
#1079=LINE('',#7407,#1328);
#1080=LINE('',#7409,#1329);
#1081=LINE('',#7412,#1330);
#1082=LINE('',#7415,#1331);
#1083=LINE('',#7417,#1332);
#1084=LINE('',#7421,#1333);
#1085=LINE('',#7423,#1334);
#1086=LINE('',#7425,#1335);
#1087=LINE('',#7426,#1336);
#1088=LINE('',#7429,#1337);
#1089=LINE('',#7431,#1338);
#1090=LINE('',#7432,#1339);
#1091=LINE('',#7437,#1340);
#1092=LINE('',#7441,#1341);
#1093=LINE('',#7443,#1342);
#1094=LINE('',#7444,#1343);
#1095=LINE('',#7447,#1344);
#1096=LINE('',#7449,#1345);
#1097=LINE('',#7450,#1346);
#1098=LINE('',#7457,#1347);
#1099=LINE('',#7459,#1348);
#1100=LINE('',#7460,#1349);
#1101=LINE('',#7464,#1350);
#1102=LINE('',#7467,#1351);
#1103=LINE('',#7468,#1352);
#1104=LINE('',#7475,#1353);
#1105=VECTOR('',#3753,10.);
#1106=VECTOR('',#3754,10.);
#1107=VECTOR('',#3757,10.);
#1108=VECTOR('',#3758,10.);
#1109=VECTOR('',#3759,10.);
#1110=VECTOR('',#3760,10.);
#1111=VECTOR('',#3765,10.);
#1112=VECTOR('',#3766,10.);
#1113=VECTOR('',#3769,10.);
#1114=VECTOR('',#3774,10.);
#1115=VECTOR('',#3775,10.);
#1116=VECTOR('',#3776,10.);
#1117=VECTOR('',#3777,10.);
#1118=VECTOR('',#3782,10.);
#1119=VECTOR('',#3783,10.);
#1120=VECTOR('',#3786,10.);
#1121=VECTOR('',#3787,10.);
#1122=VECTOR('',#3788,10.);
#1123=VECTOR('',#3789,10.);
#1124=VECTOR('',#3790,10.);
#1125=VECTOR('',#3793,10.);
#1126=VECTOR('',#3794,10.);
#1127=VECTOR('',#3795,10.);
#1128=VECTOR('',#3796,10.);
#1129=VECTOR('',#3801,10.);
#1130=VECTOR('',#3806,10.);
#1131=VECTOR('',#3813,10.);
#1132=VECTOR('',#3814,10.);
#1133=VECTOR('',#3815,10.);
#1134=VECTOR('',#3818,10.);
#1135=VECTOR('',#3825,2.25000000000001);
#1136=VECTOR('',#3830,10.);
#1137=VECTOR('',#3831,10.);
#1138=VECTOR('',#3838,10.);
#1139=VECTOR('',#3841,10.);
#1140=VECTOR('',#3850,10.);
#1141=VECTOR('',#3851,10.);
#1142=VECTOR('',#3854,10.);
#1143=VECTOR('',#3855,10.);
#1144=VECTOR('',#3856,10.);
#1145=VECTOR('',#3857,10.);
#1146=VECTOR('',#3858,10.);
#1147=VECTOR('',#3859,10.);
#1148=VECTOR('',#3862,10.);
#1149=VECTOR('',#3863,10.);
#1150=VECTOR('',#3864,10.);
#1151=VECTOR('',#3865,10.);
#1152=VECTOR('',#3866,10.);
#1153=VECTOR('',#3869,10.);
#1154=VECTOR('',#3874,10.);
#1155=VECTOR('',#3875,10.);
#1156=VECTOR('',#3878,10.);
#1157=VECTOR('',#3879,10.);
#1158=VECTOR('',#3880,10.);
#1159=VECTOR('',#3883,10.);
#1160=VECTOR('',#3884,10.);
#1161=VECTOR('',#3885,10.);
#1162=VECTOR('',#3886,10.);
#1163=VECTOR('',#3887,10.);
#1164=VECTOR('',#3888,10.);
#1165=VECTOR('',#3889,10.);
#1166=VECTOR('',#3890,10.);
#1167=VECTOR('',#3891,10.);
#1168=VECTOR('',#3894,10.);
#1169=VECTOR('',#3895,10.);
#1170=VECTOR('',#3906,10.);
#1171=VECTOR('',#3907,10.);
#1172=VECTOR('',#3910,10.);
#1173=VECTOR('',#3911,10.);
#1174=VECTOR('',#3916,1.55);
#1175=VECTOR('',#3923,1.55);
#1176=VECTOR('',#3932,3.15);
#1177=VECTOR('',#3941,3.15);
#1178=VECTOR('',#3950,3.15);
#1179=VECTOR('',#3959,3.15);
#1180=VECTOR('',#3962,10.);
#1181=VECTOR('',#3965,10.);
#1182=VECTOR('',#3968,10.);
#1183=VECTOR('',#3969,10.);
#1184=VECTOR('',#3974,10.);
#1185=VECTOR('',#3975,10.);
#1186=VECTOR('',#3976,10.);
#1187=VECTOR('',#3977,10.);
#1188=VECTOR('',#3978,10.);
#1189=VECTOR('',#3983,10.);
#1190=VECTOR('',#3984,10.);
#1191=VECTOR('',#3989,7.45000000000001);
#1192=VECTOR('',#3996,4.95000000000001);
#1193=VECTOR('',#4003,10.);
#1194=VECTOR('',#4006,10.);
#1195=VECTOR('',#4025,8.05);
#1196=VECTOR('',#4030,10.);
#1197=VECTOR('',#4041,5.50000000000001);
#1198=VECTOR('',#4054,8.05);
#1199=VECTOR('',#4063,7.54999999999999);
#1200=VECTOR('',#4068,16.);
#1201=VECTOR('',#4081,10.);
#1202=VECTOR('',#4084,10.);
#1203=VECTOR('',#4089,10.);
#1204=VECTOR('',#4092,10.);
#1205=VECTOR('',#4095,10.);
#1206=VECTOR('',#4096,10.);
#1207=VECTOR('',#4099,10.);
#1208=VECTOR('',#4100,10.);
#1209=VECTOR('',#4101,10.);
#1210=VECTOR('',#4104,10.);
#1211=VECTOR('',#4105,10.);
#1212=VECTOR('',#4116,10.);
#1213=VECTOR('',#4121,10.);
#1214=VECTOR('',#4124,10.);
#1215=VECTOR('',#4129,10.);
#1216=VECTOR('',#4130,10.);
#1217=VECTOR('',#4131,10.);
#1218=VECTOR('',#4134,10.);
#1219=VECTOR('',#4135,10.);
#1220=VECTOR('',#4138,10.);
#1221=VECTOR('',#4143,10.);
#1222=VECTOR('',#4144,10.);
#1223=VECTOR('',#4147,10.);
#1224=VECTOR('',#4148,10.);
#1225=VECTOR('',#4151,10.);
#1226=VECTOR('',#4152,10.);
#1227=VECTOR('',#4153,10.);
#1228=VECTOR('',#4156,10.);
#1229=VECTOR('',#4163,10.);
#1230=VECTOR('',#4164,10.);
#1231=VECTOR('',#4165,10.);
#1232=VECTOR('',#4168,10.);
#1233=VECTOR('',#4169,10.);
#1234=VECTOR('',#4178,10.);
#1235=VECTOR('',#4183,10.);
#1236=VECTOR('',#4192,2.25000000000001);
#1237=VECTOR('',#4197,2.25000000000001);
#1238=VECTOR('',#4202,2.25000000000001);
#1239=VECTOR('',#4207,2.25000000000001);
#1240=VECTOR('',#4212,10.);
#1241=VECTOR('',#4219,10.);
#1242=VECTOR('',#4222,10.);
#1243=VECTOR('',#4223,10.);
#1244=VECTOR('',#4226,10.);
#1245=VECTOR('',#4231,10.);
#1246=VECTOR('',#4278,8.05);
#1247=VECTOR('',#4283,7.55);
#1248=VECTOR('',#4292,16.);
#1249=VECTOR('',#4297,15.);
#1250=VECTOR('',#4300,10.);
#1251=VECTOR('',#4301,10.);
#1252=VECTOR('',#4304,10.);
#1253=VECTOR('',#4307,10.);
#1254=VECTOR('',#4310,10.);
#1255=VECTOR('',#4313,10.);
#1256=VECTOR('',#4314,10.);
#1257=VECTOR('',#4317,10.);
#1258=VECTOR('',#4320,10.);
#1259=VECTOR('',#4321,10.);
#1260=VECTOR('',#4322,10.);
#1261=VECTOR('',#4323,10.);
#1262=VECTOR('',#4324,10.);
#1263=VECTOR('',#4325,10.);
#1264=VECTOR('',#4326,10.);
#1265=VECTOR('',#4327,10.);
#1266=VECTOR('',#4328,10.);
#1267=VECTOR('',#4333,10.);
#1268=VECTOR('',#4336,10.);
#1269=VECTOR('',#4339,10.);
#1270=VECTOR('',#4342,10.);
#1271=VECTOR('',#4343,10.);
#1272=VECTOR('',#4344,10.);
#1273=VECTOR('',#4347,10.);
#1274=VECTOR('',#4354,10.);
#1275=VECTOR('',#4355,10.);
#1276=VECTOR('',#4356,10.);
#1277=VECTOR('',#4357,10.);
#1278=VECTOR('',#4358,10.);
#1279=VECTOR('',#4359,10.);
#1280=VECTOR('',#4360,10.);
#1281=VECTOR('',#4361,10.);
#1282=VECTOR('',#4362,10.);
#1283=VECTOR('',#4363,10.);
#1284=VECTOR('',#4364,10.);
#1285=VECTOR('',#4365,10.);
#1286=VECTOR('',#4366,10.);
#1287=VECTOR('',#4367,10.);
#1288=VECTOR('',#4368,10.);
#1289=VECTOR('',#4373,10.);
#1290=VECTOR('',#4376,10.);
#1291=VECTOR('',#4379,10.);
#1292=VECTOR('',#4380,10.);
#1293=VECTOR('',#4381,10.);
#1294=VECTOR('',#4382,10.);
#1295=VECTOR('',#4383,10.);
#1296=VECTOR('',#4384,10.);
#1297=VECTOR('',#4385,10.);
#1298=VECTOR('',#4386,10.);
#1299=VECTOR('',#4387,10.);
#1300=VECTOR('',#4388,10.);
#1301=VECTOR('',#4389,10.);
#1302=VECTOR('',#4390,10.);
#1303=VECTOR('',#4391,10.);
#1304=VECTOR('',#4392,10.);
#1305=VECTOR('',#4399,10.);
#1306=VECTOR('',#4402,10.);
#1307=VECTOR('',#4405,10.);
#1308=VECTOR('',#4406,10.);
#1309=VECTOR('',#4407,10.);
#1310=VECTOR('',#4414,10.);
#1311=VECTOR('',#4415,10.);
#1312=VECTOR('',#4416,10.);
#1313=VECTOR('',#4417,10.);
#1314=VECTOR('',#4418,10.);
#1315=VECTOR('',#4419,10.);
#1316=VECTOR('',#4420,10.);
#1317=VECTOR('',#4421,10.);
#1318=VECTOR('',#4422,10.);
#1319=VECTOR('',#4423,10.);
#1320=VECTOR('',#4424,10.);
#1321=VECTOR('',#4425,10.);
#1322=VECTOR('',#4426,10.);
#1323=VECTOR('',#4433,10.);
#1324=VECTOR('',#4436,10.);
#1325=VECTOR('',#4443,10.);
#1326=VECTOR('',#4446,10.);
#1327=VECTOR('',#4453,10.);
#1328=VECTOR('',#4456,10.);
#1329=VECTOR('',#4459,10.);
#1330=VECTOR('',#4462,10.);
#1331=VECTOR('',#4467,10.);
#1332=VECTOR('',#4470,10.);
#1333=VECTOR('',#4473,10.);
#1334=VECTOR('',#4474,10.);
#1335=VECTOR('',#4475,10.);
#1336=VECTOR('',#4476,10.);
#1337=VECTOR('',#4479,10.);
#1338=VECTOR('',#4480,10.);
#1339=VECTOR('',#4481,10.);
#1340=VECTOR('',#4486,10.);
#1341=VECTOR('',#4491,10.);
#1342=VECTOR('',#4492,10.);
#1343=VECTOR('',#4493,10.);
#1344=VECTOR('',#4496,10.);
#1345=VECTOR('',#4497,10.);
#1346=VECTOR('',#4498,10.);
#1347=VECTOR('',#4509,10.);
#1348=VECTOR('',#4510,10.);
#1349=VECTOR('',#4511,10.);
#1350=VECTOR('',#4516,10.);
#1351=VECTOR('',#4519,10.);
#1352=VECTOR('',#4520,10.);
#1353=VECTOR('',#4531,10.);
#1354=VERTEX_POINT('',#4540);
#1355=VERTEX_POINT('',#4541);
#1356=VERTEX_POINT('',#4543);
#1357=VERTEX_POINT('',#4545);
#1358=VERTEX_POINT('',#4547);
#1359=VERTEX_POINT('',#4549);
#1360=VERTEX_POINT('',#4551);
#1361=VERTEX_POINT('',#4555);
#1362=VERTEX_POINT('',#4556);
#1363=VERTEX_POINT('',#4558);
#1364=VERTEX_POINT('',#4561);
#1365=VERTEX_POINT('',#4564);
#1366=VERTEX_POINT('',#4567);
#1367=VERTEX_POINT('',#4568);
#1368=VERTEX_POINT('',#4570);
#1369=VERTEX_POINT('',#4575);
#1370=VERTEX_POINT('',#4576);
#1371=VERTEX_POINT('',#4578);
#1372=VERTEX_POINT('',#4582);
#1373=VERTEX_POINT('',#4584);
#1374=VERTEX_POINT('',#4586);
#1375=VERTEX_POINT('',#4588);
#1376=VERTEX_POINT('',#4592);
#1377=VERTEX_POINT('',#4593);
#1378=VERTEX_POINT('',#4595);
#1379=VERTEX_POINT('',#4597);
#1380=VERTEX_POINT('',#4601);
#1381=VERTEX_POINT('',#4603);
#1382=VERTEX_POINT('',#4614);
#1383=VERTEX_POINT('',#4616);
#1384=VERTEX_POINT('',#4628);
#1385=VERTEX_POINT('',#4630);
#1386=VERTEX_POINT('',#4635);
#1387=VERTEX_POINT('',#4637);
#1388=VERTEX_POINT('',#4639);
#1389=VERTEX_POINT('',#4641);
#1390=VERTEX_POINT('',#4646);
#1391=VERTEX_POINT('',#4648);
#1392=VERTEX_POINT('',#4652);
#1393=VERTEX_POINT('',#4653);
#1394=VERTEX_POINT('',#4664);
#1395=VERTEX_POINT('',#4666);
#1396=VERTEX_POINT('',#4679);
#1397=VERTEX_POINT('',#4681);
#1398=VERTEX_POINT('',#4683);
#1399=VERTEX_POINT('',#4685);
#1400=VERTEX_POINT('',#4687);
#1401=VERTEX_POINT('',#4689);
#1402=VERTEX_POINT('',#4692);
#1403=VERTEX_POINT('',#4695);
#1404=VERTEX_POINT('',#4696);
#1405=VERTEX_POINT('',#4707);
#1406=VERTEX_POINT('',#4709);
#1407=VERTEX_POINT('',#4722);
#1408=VERTEX_POINT('',#4724);
#1409=VERTEX_POINT('',#4727);
#1410=VERTEX_POINT('',#4729);
#1411=VERTEX_POINT('',#4733);
#1412=VERTEX_POINT('',#4734);
#1413=VERTEX_POINT('',#4736);
#1414=VERTEX_POINT('',#4738);
#1415=VERTEX_POINT('',#4740);
#1416=VERTEX_POINT('',#4744);
#1417=VERTEX_POINT('',#4747);
#1418=VERTEX_POINT('',#4749);
#1419=VERTEX_POINT('',#4753);
#1420=VERTEX_POINT('',#4755);
#1421=VERTEX_POINT('',#4757);
#1422=VERTEX_POINT('',#4759);
#1423=VERTEX_POINT('',#4761);
#1424=VERTEX_POINT('',#4763);
#1425=VERTEX_POINT('',#4766);
#1426=VERTEX_POINT('',#4768);
#1427=VERTEX_POINT('',#4770);
#1428=VERTEX_POINT('',#4772);
#1429=VERTEX_POINT('',#4774);
#1430=VERTEX_POINT('',#4776);
#1431=VERTEX_POINT('',#4778);
#1432=VERTEX_POINT('',#4780);
#1433=VERTEX_POINT('',#4783);
#1434=VERTEX_POINT('',#4785);
#1435=VERTEX_POINT('',#4787);
#1436=VERTEX_POINT('',#4789);
#1437=VERTEX_POINT('',#4792);
#1438=VERTEX_POINT('',#4796);
#1439=VERTEX_POINT('',#4800);
#1440=VERTEX_POINT('',#4802);
#1441=VERTEX_POINT('',#4806);
#1442=VERTEX_POINT('',#4808);
#1443=VERTEX_POINT('',#4812);
#1444=VERTEX_POINT('',#4817);
#1445=VERTEX_POINT('',#4819);
#1446=VERTEX_POINT('',#4824);
#1447=VERTEX_POINT('',#4826);
#1448=VERTEX_POINT('',#4831);
#1449=VERTEX_POINT('',#4833);
#1450=VERTEX_POINT('',#4838);
#1451=VERTEX_POINT('',#4840);
#1452=VERTEX_POINT('',#4844);
#1453=VERTEX_POINT('',#4846);
#1454=VERTEX_POINT('',#4850);
#1455=VERTEX_POINT('',#4852);
#1456=VERTEX_POINT('',#4854);
#1457=VERTEX_POINT('',#4856);
#1458=VERTEX_POINT('',#4871);
#1459=VERTEX_POINT('',#4875);
#1460=VERTEX_POINT('',#4877);
#1461=VERTEX_POINT('',#4881);
#1462=VERTEX_POINT('',#4885);
#1463=VERTEX_POINT('',#4887);
#1464=VERTEX_POINT('',#4889);
#1465=VERTEX_POINT('',#4891);
#1466=VERTEX_POINT('',#4893);
#1467=VERTEX_POINT('',#4895);
#1468=VERTEX_POINT('',#4898);
#1469=VERTEX_POINT('',#4900);
#1470=VERTEX_POINT('',#4902);
#1471=VERTEX_POINT('',#4904);
#1472=VERTEX_POINT('',#4908);
#1473=VERTEX_POINT('',#4910);
#1474=VERTEX_POINT('',#4914);
#1475=VERTEX_POINT('',#4915);
#1476=VERTEX_POINT('',#4917);
#1477=VERTEX_POINT('',#4919);
#1478=VERTEX_POINT('',#4923);
#1479=VERTEX_POINT('',#4925);
#1480=VERTEX_POINT('',#4929);
#1481=VERTEX_POINT('',#4933);
#1482=VERTEX_POINT('',#4935);
#1483=VERTEX_POINT('',#4939);
#1484=VERTEX_POINT('',#4944);
#1485=VERTEX_POINT('',#4948);
#1486=VERTEX_POINT('',#4949);
#1487=VERTEX_POINT('',#4951);
#1488=VERTEX_POINT('',#4953);
#1489=VERTEX_POINT('',#4955);
#1490=VERTEX_POINT('',#4957);
#1491=VERTEX_POINT('',#4959);
#1492=VERTEX_POINT('',#4961);
#1493=VERTEX_POINT('',#4966);
#1494=VERTEX_POINT('',#4967);
#1495=VERTEX_POINT('',#4982);
#1496=VERTEX_POINT('',#4984);
#1497=VERTEX_POINT('',#4988);
#1498=VERTEX_POINT('',#4990);
#1499=VERTEX_POINT('',#5007);
#1500=VERTEX_POINT('',#5009);
#1501=VERTEX_POINT('',#5013);
#1502=VERTEX_POINT('',#5035);
#1503=VERTEX_POINT('',#5058);
#1504=VERTEX_POINT('',#5060);
#1505=VERTEX_POINT('',#5064);
#1506=VERTEX_POINT('',#5068);
#1507=VERTEX_POINT('',#5072);
#1508=VERTEX_POINT('',#5076);
#1509=VERTEX_POINT('',#5080);
#1510=VERTEX_POINT('',#5082);
#1511=VERTEX_POINT('',#5086);
#1512=VERTEX_POINT('',#5088);
#1513=VERTEX_POINT('',#5092);
#1514=VERTEX_POINT('',#5094);
#1515=VERTEX_POINT('',#5098);
#1516=VERTEX_POINT('',#5104);
#1517=VERTEX_POINT('',#5108);
#1518=VERTEX_POINT('',#5109);
#1519=VERTEX_POINT('',#5111);
#1520=VERTEX_POINT('',#5117);
#1521=VERTEX_POINT('',#5121);
#1522=VERTEX_POINT('',#5125);
#1523=VERTEX_POINT('',#5129);
#1524=VERTEX_POINT('',#5142);
#1525=VERTEX_POINT('',#5153);
#1526=VERTEX_POINT('',#5159);
#1527=VERTEX_POINT('',#5161);
#1528=VERTEX_POINT('',#5167);
#1529=VERTEX_POINT('',#5203);
#1530=VERTEX_POINT('',#5205);
#1531=VERTEX_POINT('',#5209);
#1532=VERTEX_POINT('',#5213);
#1533=VERTEX_POINT('',#5216);
#1534=VERTEX_POINT('',#5244);
#1535=VERTEX_POINT('',#5245);
#1536=VERTEX_POINT('',#5254);
#1537=VERTEX_POINT('',#5256);
#1538=VERTEX_POINT('',#5274);
#1539=VERTEX_POINT('',#5366);
#1540=VERTEX_POINT('',#5467);
#1541=VERTEX_POINT('',#5486);
#1542=VERTEX_POINT('',#5548);
#1543=VERTEX_POINT('',#5549);
#1544=VERTEX_POINT('',#5560);
#1545=VERTEX_POINT('',#5562);
#1546=VERTEX_POINT('',#5582);
#1547=VERTEX_POINT('',#5593);
#1548=VERTEX_POINT('',#5613);
#1549=VERTEX_POINT('',#5622);
#1550=VERTEX_POINT('',#5640);
#1551=VERTEX_POINT('',#5657);
#1552=VERTEX_POINT('',#5714);
#1553=VERTEX_POINT('',#5715);
#1554=VERTEX_POINT('',#5717);
#1555=VERTEX_POINT('',#5719);
#1556=VERTEX_POINT('',#5723);
#1557=VERTEX_POINT('',#5734);
#1558=VERTEX_POINT('',#5747);
#1559=VERTEX_POINT('',#5749);
#1560=VERTEX_POINT('',#5753);
#1561=VERTEX_POINT('',#5768);
#1562=VERTEX_POINT('',#5785);
#1563=VERTEX_POINT('',#5787);
#1564=VERTEX_POINT('',#5798);
#1565=VERTEX_POINT('',#5807);
#1566=VERTEX_POINT('',#5825);
#1567=VERTEX_POINT('',#5836);
#1568=VERTEX_POINT('',#5854);
#1569=VERTEX_POINT('',#5861);
#1570=VERTEX_POINT('',#5908);
#1571=VERTEX_POINT('',#5909);
#1572=VERTEX_POINT('',#5922);
#1573=VERTEX_POINT('',#5924);
#1574=VERTEX_POINT('',#5946);
#1575=VERTEX_POINT('',#5959);
#1576=VERTEX_POINT('',#5979);
#1577=VERTEX_POINT('',#5990);
#1578=VERTEX_POINT('',#6010);
#1579=VERTEX_POINT('',#6023);
#1580=VERTEX_POINT('',#6045);
#1581=VERTEX_POINT('',#6056);
#1582=VERTEX_POINT('',#6100);
#1583=VERTEX_POINT('',#6101);
#1584=VERTEX_POINT('',#6112);
#1585=VERTEX_POINT('',#6114);
#1586=VERTEX_POINT('',#6134);
#1587=VERTEX_POINT('',#6143);
#1588=VERTEX_POINT('',#6161);
#1589=VERTEX_POINT('',#6174);
#1590=VERTEX_POINT('',#6194);
#1591=VERTEX_POINT('',#6213);
#1592=VERTEX_POINT('',#6267);
#1593=VERTEX_POINT('',#6268);
#1594=VERTEX_POINT('',#6270);
#1595=VERTEX_POINT('',#6272);
#1596=VERTEX_POINT('',#6276);
#1597=VERTEX_POINT('',#6289);
#1598=VERTEX_POINT('',#6311);
#1599=VERTEX_POINT('',#6322);
#1600=VERTEX_POINT('',#6342);
#1601=VERTEX_POINT('',#6353);
#1602=VERTEX_POINT('',#6413);
#1603=VERTEX_POINT('',#6414);
#1604=VERTEX_POINT('',#6485);
#1605=VERTEX_POINT('',#6487);
#1606=VERTEX_POINT('',#6511);
#1607=VERTEX_POINT('',#6524);
#1608=VERTEX_POINT('',#6544);
#1609=VERTEX_POINT('',#6559);
#1610=VERTEX_POINT('',#6583);
#1611=VERTEX_POINT('',#6592);
#1612=VERTEX_POINT('',#6640);
#1613=VERTEX_POINT('',#6641);
#1614=VERTEX_POINT('',#6656);
#1615=VERTEX_POINT('',#6658);
#1616=VERTEX_POINT('',#6682);
#1617=VERTEX_POINT('',#6701);
#1618=VERTEX_POINT('',#6729);
#1619=VERTEX_POINT('',#6744);
#1620=VERTEX_POINT('',#6796);
#1621=VERTEX_POINT('',#6797);
#1622=VERTEX_POINT('',#6812);
#1623=VERTEX_POINT('',#6814);
#1624=VERTEX_POINT('',#6831);
#1625=VERTEX_POINT('',#6833);
#1626=VERTEX_POINT('',#6837);
#1627=VERTEX_POINT('',#6846);
#1628=VERTEX_POINT('',#6857);
#1629=VERTEX_POINT('',#6859);
#1630=VERTEX_POINT('',#6863);
#1631=VERTEX_POINT('',#6865);
#1632=VERTEX_POINT('',#6916);
#1633=VERTEX_POINT('',#6917);
#1634=VERTEX_POINT('',#6928);
#1635=VERTEX_POINT('',#6930);
#1636=VERTEX_POINT('',#6950);
#1637=VERTEX_POINT('',#6967);
#1638=VERTEX_POINT('',#6993);
#1639=VERTEX_POINT('',#7008);
#1640=VERTEX_POINT('',#7032);
#1641=VERTEX_POINT('',#7043);
#1642=VERTEX_POINT('',#7091);
#1643=VERTEX_POINT('',#7092);
#1644=VERTEX_POINT('',#7101);
#1645=VERTEX_POINT('',#7103);
#1646=VERTEX_POINT('',#7121);
#1647=VERTEX_POINT('',#7132);
#1648=VERTEX_POINT('',#7152);
#1649=VERTEX_POINT('',#7175);
#1650=VERTEX_POINT('',#7207);
#1651=VERTEX_POINT('',#7222);
#1652=VERTEX_POINT('',#7266);
#1653=VERTEX_POINT('',#7267);
#1654=VERTEX_POINT('',#7282);
#1655=VERTEX_POINT('',#7284);
#1656=VERTEX_POINT('',#7299);
#1657=VERTEX_POINT('',#7301);
#1658=VERTEX_POINT('',#7305);
#1659=VERTEX_POINT('',#7318);
#1660=VERTEX_POINT('',#7333);
#1661=VERTEX_POINT('',#7335);
#1662=VERTEX_POINT('',#7339);
#1663=VERTEX_POINT('',#7356);
#1664=VERTEX_POINT('',#7375);
#1665=VERTEX_POINT('',#7377);
#1666=VERTEX_POINT('',#7411);
#1667=VERTEX_POINT('',#7419);
#1668=VERTEX_POINT('',#7420);
#1669=VERTEX_POINT('',#7422);
#1670=VERTEX_POINT('',#7424);
#1671=VERTEX_POINT('',#7428);
#1672=VERTEX_POINT('',#7430);
#1673=VERTEX_POINT('',#7434);
#1674=VERTEX_POINT('',#7436);
#1675=VERTEX_POINT('',#7440);
#1676=VERTEX_POINT('',#7442);
#1677=VERTEX_POINT('',#7446);
#1678=VERTEX_POINT('',#7448);
#1679=VERTEX_POINT('',#7456);
#1680=VERTEX_POINT('',#7458);
#1681=VERTEX_POINT('',#7462);
#1682=VERTEX_POINT('',#7466);
#1683=VERTEX_POINT('',#7473);
#1684=EDGE_CURVE('',#1354,#1355,#856,.T.);
#1685=EDGE_CURVE('',#1356,#1354,#857,.T.);
#1686=EDGE_CURVE('',#1357,#1356,#835,.T.);
#1687=EDGE_CURVE('',#1358,#1357,#858,.T.);
#1688=EDGE_CURVE('',#1359,#1358,#859,.T.);
#1689=EDGE_CURVE('',#1360,#1359,#860,.T.);
#1690=EDGE_CURVE('',#1355,#1360,#861,.T.);
#1691=EDGE_CURVE('',#1361,#1362,#836,.T.);
#1692=EDGE_CURVE('',#1363,#1361,#862,.T.);
#1693=EDGE_CURVE('',#1363,#1360,#863,.T.);
#1694=EDGE_CURVE('',#1364,#1359,#837,.T.);
#1695=EDGE_CURVE('',#1362,#1364,#864,.T.);
#1696=EDGE_CURVE('',#1365,#1365,#838,.T.);
#1697=EDGE_CURVE('',#1366,#1367,#865,.T.);
#1698=EDGE_CURVE('',#1368,#1366,#866,.T.);
#1699=EDGE_CURVE('',#1355,#1368,#867,.T.);
#1700=EDGE_CURVE('',#1367,#1363,#868,.T.);
#1701=EDGE_CURVE('',#1369,#1370,#839,.T.);
#1702=EDGE_CURVE('',#1371,#1369,#869,.T.);
#1703=EDGE_CURVE('',#1370,#1371,#870,.T.);
#1704=EDGE_CURVE('',#1372,#1361,#871,.T.);
#1705=EDGE_CURVE('',#1373,#1372,#872,.T.);
#1706=EDGE_CURVE('',#1373,#1374,#873,.T.);
#1707=EDGE_CURVE('',#1374,#1375,#874,.T.);
#1708=EDGE_CURVE('',#1375,#1367,#875,.T.);
#1709=EDGE_CURVE('',#1376,#1377,#876,.T.);
#1710=EDGE_CURVE('',#1377,#1378,#877,.T.);
#1711=EDGE_CURVE('',#1379,#1378,#878,.T.);
#1712=EDGE_CURVE('',#1376,#1379,#879,.T.);
#1713=EDGE_CURVE('',#1358,#1380,#197,.T.);
#1714=EDGE_CURVE('',#1380,#1381,#71,.T.);
#1715=EDGE_CURVE('',#1381,#1382,#880,.T.);
#1716=EDGE_CURVE('',#1382,#1383,#72,.T.);
#1717=EDGE_CURVE('',#1383,#1376,#198,.T.);
#1718=EDGE_CURVE('',#1384,#1379,#199,.T.);
#1719=EDGE_CURVE('',#1385,#1384,#881,.T.);
#1720=EDGE_CURVE('',#1372,#1385,#200,.T.);
#1721=EDGE_CURVE('',#1362,#1364,#201,.T.);
#1722=EDGE_CURVE('',#1386,#1357,#882,.T.);
#1723=EDGE_CURVE('',#1387,#1386,#883,.T.);
#1724=EDGE_CURVE('',#1387,#1388,#884,.T.);
#1725=EDGE_CURVE('',#1389,#1388,#202,.T.);
#1726=EDGE_CURVE('',#1389,#1380,#885,.T.);
#1727=EDGE_CURVE('',#1390,#1390,#203,.T.);
#1728=EDGE_CURVE('',#1390,#1391,#886,.T.);
#1729=EDGE_CURVE('',#1391,#1391,#204,.T.);
#1730=EDGE_CURVE('',#1392,#1393,#73,.T.);
#1731=EDGE_CURVE('',#1393,#1394,#887,.T.);
#1732=EDGE_CURVE('',#1394,#1395,#74,.T.);
#1733=EDGE_CURVE('',#1395,#1392,#888,.T.);
#1734=EDGE_CURVE('',#1393,#1396,#205,.T.);
#1735=EDGE_CURVE('',#1397,#1396,#206,.T.);
#1736=EDGE_CURVE('',#1397,#1398,#889,.T.);
#1737=EDGE_CURVE('',#1399,#1398,#207,.T.);
#1738=EDGE_CURVE('',#1400,#1399,#890,.T.);
#1739=EDGE_CURVE('',#1401,#1400,#208,.T.);
#1740=EDGE_CURVE('',#1401,#1394,#209,.T.);
#1741=EDGE_CURVE('',#1402,#1402,#210,.T.);
#1742=EDGE_CURVE('',#1403,#1404,#75,.T.);
#1743=EDGE_CURVE('',#1404,#1405,#891,.T.);
#1744=EDGE_CURVE('',#1405,#1406,#76,.T.);
#1745=EDGE_CURVE('',#1406,#1403,#892,.T.);
#1746=EDGE_CURVE('',#1395,#1407,#893,.T.);
#1747=EDGE_CURVE('',#1408,#1407,#894,.T.);
#1748=EDGE_CURVE('',#1405,#1408,#895,.T.);
#1749=EDGE_CURVE('',#1409,#1404,#896,.T.);
#1750=EDGE_CURVE('',#1410,#1409,#897,.T.);
#1751=EDGE_CURVE('',#1392,#1410,#898,.T.);
#1752=EDGE_CURVE('',#1411,#1412,#899,.T.);
#1753=EDGE_CURVE('',#1413,#1411,#900,.T.);
#1754=EDGE_CURVE('',#1414,#1413,#901,.T.);
#1755=EDGE_CURVE('',#1414,#1415,#902,.T.);
#1756=EDGE_CURVE('',#1415,#1412,#903,.T.);
#1757=EDGE_CURVE('',#1416,#1375,#904,.T.);
#1758=EDGE_CURVE('',#1415,#1416,#211,.T.);
#1759=EDGE_CURVE('',#1417,#1414,#212,.T.);
#1760=EDGE_CURVE('',#1418,#1417,#905,.T.);
#1761=EDGE_CURVE('',#1366,#1418,#906,.T.);
#1762=EDGE_CURVE('',#1378,#1419,#907,.T.);
#1763=EDGE_CURVE('',#1419,#1420,#908,.T.);
#1764=EDGE_CURVE('',#1420,#1421,#909,.T.);
#1765=EDGE_CURVE('',#1421,#1422,#213,.T.);
#1766=EDGE_CURVE('',#1422,#1423,#910,.T.);
#1767=EDGE_CURVE('',#1423,#1424,#911,.T.);
#1768=EDGE_CURVE('',#1424,#1411,#912,.T.);
#1769=EDGE_CURVE('',#1412,#1425,#913,.T.);
#1770=EDGE_CURVE('',#1426,#1425,#914,.T.);
#1771=EDGE_CURVE('',#1427,#1426,#915,.T.);
#1772=EDGE_CURVE('',#1428,#1427,#916,.T.);
#1773=EDGE_CURVE('',#1428,#1429,#917,.T.);
#1774=EDGE_CURVE('',#1429,#1430,#918,.T.);
#1775=EDGE_CURVE('',#1430,#1431,#214,.T.);
#1776=EDGE_CURVE('',#1431,#1432,#919,.T.);
#1777=EDGE_CURVE('',#1432,#1384,#920,.T.);
#1778=EDGE_CURVE('',#1433,#1433,#215,.T.);
#1779=EDGE_CURVE('',#1434,#1434,#216,.T.);
#1780=EDGE_CURVE('',#1435,#1435,#217,.T.);
#1781=EDGE_CURVE('',#1436,#1436,#218,.T.);
#1782=EDGE_CURVE('',#1437,#1418,#921,.F.);
#1783=EDGE_CURVE('',#1368,#1437,#922,.F.);
#1784=EDGE_CURVE('',#1438,#1417,#923,.F.);
#1785=EDGE_CURVE('',#1437,#1438,#924,.F.);
#1786=EDGE_CURVE('',#1439,#1439,#219,.T.);
#1787=EDGE_CURVE('',#1439,#1440,#925,.T.);
#1788=EDGE_CURVE('',#1440,#1440,#220,.T.);
#1789=EDGE_CURVE('',#1441,#1441,#221,.T.);
#1790=EDGE_CURVE('',#1441,#1442,#926,.T.);
#1791=EDGE_CURVE('',#1442,#1442,#222,.T.);
#1792=EDGE_CURVE('',#1443,#1443,#223,.T.);
#1793=EDGE_CURVE('',#1433,#1443,#927,.T.);
#1794=EDGE_CURVE('',#1444,#1444,#224,.T.);
#1795=EDGE_CURVE('',#1445,#1445,#225,.T.);
#1796=EDGE_CURVE('',#1434,#1444,#928,.T.);
#1797=EDGE_CURVE('',#1446,#1446,#226,.T.);
#1798=EDGE_CURVE('',#1447,#1447,#227,.T.);
#1799=EDGE_CURVE('',#1435,#1446,#929,.T.);
#1800=EDGE_CURVE('',#1448,#1448,#228,.T.);
#1801=EDGE_CURVE('',#1449,#1449,#229,.T.);
#1802=EDGE_CURVE('',#1436,#1448,#930,.T.);
#1803=EDGE_CURVE('',#1450,#1427,#931,.T.);
#1804=EDGE_CURVE('',#1451,#1450,#840,.T.);
#1805=EDGE_CURVE('',#1428,#1451,#932,.T.);
#1806=EDGE_CURVE('',#1426,#1452,#933,.T.);
#1807=EDGE_CURVE('',#1453,#1425,#934,.T.);
#1808=EDGE_CURVE('',#1452,#1453,#841,.T.);
#1809=EDGE_CURVE('',#1454,#1452,#935,.T.);
#1810=EDGE_CURVE('',#1455,#1454,#936,.T.);
#1811=EDGE_CURVE('',#1456,#1455,#937,.T.);
#1812=EDGE_CURVE('',#1456,#1457,#938,.T.);
#1813=EDGE_CURVE('',#1450,#1457,#939,.T.);
#1814=EDGE_CURVE('',#1453,#1454,#77,.T.);
#1815=EDGE_CURVE('',#1458,#1451,#940,.T.);
#1816=EDGE_CURVE('',#1458,#1429,#941,.T.);
#1817=EDGE_CURVE('',#1459,#1459,#230,.T.);
#1818=EDGE_CURVE('',#1459,#1460,#942,.T.);
#1819=EDGE_CURVE('',#1460,#1460,#231,.T.);
#1820=EDGE_CURVE('',#1461,#1461,#232,.T.);
#1821=EDGE_CURVE('',#1461,#1460,#943,.T.);
#1822=EDGE_CURVE('',#1409,#1462,#233,.T.);
#1823=EDGE_CURVE('',#1463,#1462,#234,.T.);
#1824=EDGE_CURVE('',#1463,#1464,#944,.T.);
#1825=EDGE_CURVE('',#1465,#1464,#235,.T.);
#1826=EDGE_CURVE('',#1466,#1465,#945,.T.);
#1827=EDGE_CURVE('',#1467,#1466,#236,.T.);
#1828=EDGE_CURVE('',#1467,#1408,#237,.T.);
#1829=EDGE_CURVE('',#1407,#1468,#238,.T.);
#1830=EDGE_CURVE('',#1468,#1469,#239,.T.);
#1831=EDGE_CURVE('',#1470,#1469,#240,.T.);
#1832=EDGE_CURVE('',#1470,#1471,#241,.T.);
#1833=EDGE_CURVE('',#1471,#1410,#242,.T.);
#1834=EDGE_CURVE('',#1472,#1472,#243,.T.);
#1835=EDGE_CURVE('',#1472,#1473,#946,.T.);
#1836=EDGE_CURVE('',#1473,#1473,#244,.T.);
#1837=EDGE_CURVE('',#1474,#1475,#947,.T.);
#1838=EDGE_CURVE('',#1474,#1476,#245,.T.);
#1839=EDGE_CURVE('',#1477,#1476,#246,.T.);
#1840=EDGE_CURVE('',#1477,#1475,#247,.T.);
#1841=EDGE_CURVE('',#1478,#1478,#248,.T.);
#1842=EDGE_CURVE('',#1478,#1479,#948,.T.);
#1843=EDGE_CURVE('',#1479,#1479,#249,.T.);
#1844=EDGE_CURVE('',#1480,#1480,#250,.T.);
#1845=EDGE_CURVE('',#1481,#1481,#251,.T.);
#1846=EDGE_CURVE('',#1481,#1482,#949,.T.);
#1847=EDGE_CURVE('',#1482,#1482,#252,.T.);
#1848=EDGE_CURVE('',#1483,#1483,#253,.T.);
#1849=EDGE_CURVE('',#1482,#1480,#950,.T.);
#1850=EDGE_CURVE('',#1484,#1484,#254,.T.);
#1851=EDGE_CURVE('',#1484,#1483,#951,.T.);
#1852=EDGE_CURVE('',#1485,#1486,#255,.T.);
#1853=EDGE_CURVE('',#1486,#1487,#256,.T.);
#1854=EDGE_CURVE('',#1487,#1488,#257,.T.);
#1855=EDGE_CURVE('',#1488,#1489,#258,.T.);
#1856=EDGE_CURVE('',#1489,#1490,#259,.T.);
#1857=EDGE_CURVE('',#1490,#1491,#952,.T.);
#1858=EDGE_CURVE('',#1491,#1492,#260,.T.);
#1859=EDGE_CURVE('',#1492,#1485,#953,.T.);
#1860=EDGE_CURVE('',#1493,#1494,#78,.T.);
#1861=EDGE_CURVE('',#1495,#1493,#954,.T.);
#1862=EDGE_CURVE('',#1496,#1495,#261,.T.);
#1863=EDGE_CURVE('',#1496,#1494,#955,.T.);
#1864=EDGE_CURVE('',#1497,#1382,#956,.T.);
#1865=EDGE_CURVE('',#1498,#1497,#79,.T.);
#1866=EDGE_CURVE('',#1498,#1383,#957,.T.);
#1867=EDGE_CURVE('',#1499,#1493,#958,.T.);
#1868=EDGE_CURVE('',#1500,#1499,#959,.T.);
#1869=EDGE_CURVE('',#1495,#1500,#960,.T.);
#1870=EDGE_CURVE('',#1501,#1381,#961,.T.);
#1871=EDGE_CURVE('',#1497,#1501,#962,.T.);
#1872=EDGE_CURVE('',#1388,#1499,#80,.T.);
#1873=EDGE_CURVE('',#1500,#1387,#262,.T.);
#1874=EDGE_CURVE('',#1386,#1356,#263,.T.);
#1875=EDGE_CURVE('',#1502,#1370,#963,.T.);
#1876=EDGE_CURVE('',#1369,#1502,#264,.T.);
#1877=EDGE_CURVE('',#1377,#1371,#964,.T.);
#1878=EDGE_CURVE('',#1494,#1498,#265,.T.);
#1879=EDGE_CURVE('',#1502,#1496,#965,.T.);
#1880=EDGE_CURVE('',#1501,#1389,#81,.T.);
#1881=EDGE_CURVE('',#1503,#1420,#966,.T.);
#1882=EDGE_CURVE('',#1504,#1419,#967,.T.);
#1883=EDGE_CURVE('',#1503,#1504,#968,.F.);
#1884=EDGE_CURVE('',#1505,#1421,#969,.T.);
#1885=EDGE_CURVE('',#1505,#1503,#970,.F.);
#1886=EDGE_CURVE('',#1506,#1422,#971,.T.);
#1887=EDGE_CURVE('',#1506,#1505,#266,.F.);
#1888=EDGE_CURVE('',#1507,#1423,#972,.T.);
#1889=EDGE_CURVE('',#1507,#1506,#973,.F.);
#1890=EDGE_CURVE('',#1508,#1424,#974,.T.);
#1891=EDGE_CURVE('',#1508,#1507,#975,.F.);
#1892=EDGE_CURVE('',#1509,#1430,#976,.T.);
#1893=EDGE_CURVE('',#1510,#1458,#977,.T.);
#1894=EDGE_CURVE('',#1509,#1510,#978,.T.);
#1895=EDGE_CURVE('',#1511,#1431,#979,.T.);
#1896=EDGE_CURVE('',#1509,#1512,#267,.T.);
#1897=EDGE_CURVE('',#1511,#1512,#268,.T.);
#1898=EDGE_CURVE('',#1513,#1432,#980,.T.);
#1899=EDGE_CURVE('',#1514,#1511,#981,.T.);
#1900=EDGE_CURVE('',#1513,#1514,#982,.T.);
#1901=EDGE_CURVE('',#1515,#1513,#983,.T.);
#1902=EDGE_CURVE('',#1385,#1515,#984,.T.);
#1903=EDGE_CURVE('',#1514,#1515,#269,.T.);
#1904=EDGE_CURVE('',#1373,#1516,#270,.T.);
#1905=EDGE_CURVE('',#1374,#1516,#985,.T.);
#1906=EDGE_CURVE('',#1517,#1518,#271,.T.);
#1907=EDGE_CURVE('',#1519,#1518,#986,.T.);
#1908=EDGE_CURVE('',#1517,#1519,#272,.T.);
#1909=EDGE_CURVE('',#1510,#1512,#273,.T.);
#1910=EDGE_CURVE('',#1365,#1520,#987,.T.);
#1911=EDGE_CURVE('',#1520,#1520,#274,.T.);
#1912=EDGE_CURVE('',#1445,#1521,#988,.T.);
#1913=EDGE_CURVE('',#1521,#1521,#275,.T.);
#1914=EDGE_CURVE('',#1447,#1522,#989,.T.);
#1915=EDGE_CURVE('',#1522,#1522,#276,.T.);
#1916=EDGE_CURVE('',#1449,#1523,#990,.T.);
#1917=EDGE_CURVE('',#1523,#1523,#277,.T.);
#1918=EDGE_CURVE('',#1504,#1354,#991,.F.);
#1919=EDGE_CURVE('',#1438,#1413,#278,.F.);
#1920=EDGE_CURVE('',#1413,#1508,#992,.F.);
#1921=EDGE_CURVE('',#1519,#1415,#993,.T.);
#1922=EDGE_CURVE('',#1453,#1518,#994,.T.);
#1923=EDGE_CURVE('',#1524,#1416,#995,.T.);
#1924=EDGE_CURVE('',#1517,#1524,#279,.T.);
#1925=EDGE_CURVE('',#1524,#1516,#996,.T.);
#1926=EDGE_CURVE('',#1518,#1525,#280,.T.);
#1927=EDGE_CURVE('',#1525,#1453,#281,.T.);
#1928=EDGE_CURVE('',#1516,#1517,#282,.T.);
#1929=EDGE_CURVE('',#1515,#1526,#283,.T.);
#1930=EDGE_CURVE('',#1526,#1527,#284,.T.);
#1931=EDGE_CURVE('',#1527,#1373,#285,.T.);
#1932=EDGE_CURVE('',#1512,#1514,#286,.T.);
#1933=EDGE_CURVE('',#1458,#1528,#287,.T.);
#1934=EDGE_CURVE('',#1528,#1510,#288,.T.);
#1935=EDGE_CURVE('',#1457,#1458,#82,.T.);
#1936=EDGE_CURVE('',#1455,#1474,#83,.T.);
#1937=EDGE_CURVE('',#1475,#1456,#84,.T.);
#1938=EDGE_CURVE('',#1529,#1529,#289,.T.);
#1939=EDGE_CURVE('',#1529,#1530,#997,.T.);
#1940=EDGE_CURVE('',#1530,#1530,#290,.T.);
#1941=EDGE_CURVE('',#1530,#1531,#998,.T.);
#1942=EDGE_CURVE('',#1531,#1531,#291,.T.);
#1943=EDGE_CURVE('',#1532,#1532,#292,.T.);
#1944=EDGE_CURVE('',#1402,#1533,#999,.T.);
#1945=EDGE_CURVE('',#1533,#1533,#293,.T.);
#1946=EDGE_CURVE('',#1532,#1533,#1000,.T.);
#1947=EDGE_CURVE('',#1397,#1485,#1001,.T.);
#1948=EDGE_CURVE('',#1398,#1492,#1002,.T.);
#1949=EDGE_CURVE('',#1399,#1491,#1003,.T.);
#1950=EDGE_CURVE('',#1400,#1490,#1004,.T.);
#1951=EDGE_CURVE('',#1401,#1489,#1005,.T.);
#1952=EDGE_CURVE('',#1476,#1488,#1006,.T.);
#1953=EDGE_CURVE('',#1477,#1487,#1007,.T.);
#1954=EDGE_CURVE('',#1396,#1486,#1008,.T.);
#1955=EDGE_CURVE('',#1534,#1535,#85,.T.);
#1956=EDGE_CURVE('',#1536,#1534,#1009,.T.);
#1957=EDGE_CURVE('',#1537,#1536,#86,.T.);
#1958=EDGE_CURVE('',#1537,#1535,#1010,.T.);
#1959=EDGE_CURVE('',#1535,#1538,#87,.T.);
#1960=EDGE_CURVE('',#1539,#1537,#88,.T.);
#1961=EDGE_CURVE('',#1538,#1539,#1011,.T.);
#1962=EDGE_CURVE('',#1538,#1540,#89,.T.);
#1963=EDGE_CURVE('',#1541,#1539,#90,.T.);
#1964=EDGE_CURVE('',#1541,#1540,#1012,.T.);
#1965=EDGE_CURVE('',#1540,#1534,#91,.T.);
#1966=EDGE_CURVE('',#1536,#1541,#92,.T.);
#1967=EDGE_CURVE('',#1542,#1543,#93,.T.);
#1968=EDGE_CURVE('',#1544,#1542,#1013,.T.);
#1969=EDGE_CURVE('',#1545,#1544,#94,.T.);
#1970=EDGE_CURVE('',#1545,#1543,#1014,.T.);
#1971=EDGE_CURVE('',#1543,#1546,#95,.T.);
#1972=EDGE_CURVE('',#1547,#1545,#96,.T.);
#1973=EDGE_CURVE('',#1546,#1547,#1015,.T.);
#1974=EDGE_CURVE('',#1546,#1548,#97,.T.);
#1975=EDGE_CURVE('',#1549,#1547,#98,.T.);
#1976=EDGE_CURVE('',#1549,#1548,#1016,.T.);
#1977=EDGE_CURVE('',#1548,#1550,#99,.T.);
#1978=EDGE_CURVE('',#1551,#1549,#100,.T.);
#1979=EDGE_CURVE('',#1551,#1550,#1017,.T.);
#1980=EDGE_CURVE('',#1550,#1542,#101,.T.);
#1981=EDGE_CURVE('',#1544,#1551,#102,.T.);
#1982=EDGE_CURVE('',#1552,#1553,#842,.T.);
#1983=EDGE_CURVE('',#1554,#1552,#1018,.T.);
#1984=EDGE_CURVE('',#1555,#1554,#843,.T.);
#1985=EDGE_CURVE('',#1555,#1553,#1019,.T.);
#1986=EDGE_CURVE('',#1553,#1556,#103,.T.);
#1987=EDGE_CURVE('',#1557,#1555,#104,.T.);
#1988=EDGE_CURVE('',#1557,#1556,#1020,.T.);
#1989=EDGE_CURVE('',#1556,#1558,#1021,.T.);
#1990=EDGE_CURVE('',#1559,#1557,#1022,.T.);
#1991=EDGE_CURVE('',#1559,#1558,#1023,.T.);
#1992=EDGE_CURVE('',#1558,#1560,#105,.T.);
#1993=EDGE_CURVE('',#1561,#1559,#106,.T.);
#1994=EDGE_CURVE('',#1560,#1561,#1024,.T.);
#1995=EDGE_CURVE('',#1560,#1562,#844,.T.);
#1996=EDGE_CURVE('',#1563,#1561,#845,.T.);
#1997=EDGE_CURVE('',#1563,#1562,#1025,.T.);
#1998=EDGE_CURVE('',#1562,#1564,#107,.T.);
#1999=EDGE_CURVE('',#1565,#1563,#108,.T.);
#2000=EDGE_CURVE('',#1565,#1564,#1026,.T.);
#2001=EDGE_CURVE('',#1564,#1566,#109,.T.);
#2002=EDGE_CURVE('',#1567,#1565,#110,.T.);
#2003=EDGE_CURVE('',#1567,#1566,#1027,.T.);
#2004=EDGE_CURVE('',#1566,#1568,#111,.T.);
#2005=EDGE_CURVE('',#1569,#1567,#112,.T.);
#2006=EDGE_CURVE('',#1569,#1568,#1028,.T.);
#2007=EDGE_CURVE('',#1568,#1552,#113,.T.);
#2008=EDGE_CURVE('',#1554,#1569,#114,.T.);
#2009=EDGE_CURVE('',#1570,#1571,#115,.T.);
#2010=EDGE_CURVE('',#1572,#1570,#1029,.T.);
#2011=EDGE_CURVE('',#1573,#1572,#116,.T.);
#2012=EDGE_CURVE('',#1573,#1571,#1030,.T.);
#2013=EDGE_CURVE('',#1571,#1574,#117,.T.);
#2014=EDGE_CURVE('',#1575,#1573,#118,.T.);
#2015=EDGE_CURVE('',#1575,#1574,#1031,.T.);
#2016=EDGE_CURVE('',#1574,#1576,#119,.T.);
#2017=EDGE_CURVE('',#1577,#1575,#120,.T.);
#2018=EDGE_CURVE('',#1576,#1577,#1032,.T.);
#2019=EDGE_CURVE('',#1576,#1578,#121,.T.);
#2020=EDGE_CURVE('',#1579,#1577,#122,.T.);
#2021=EDGE_CURVE('',#1579,#1578,#1033,.T.);
#2022=EDGE_CURVE('',#1578,#1580,#123,.T.);
#2023=EDGE_CURVE('',#1581,#1579,#124,.T.);
#2024=EDGE_CURVE('',#1581,#1580,#1034,.T.);
#2025=EDGE_CURVE('',#1580,#1570,#125,.T.);
#2026=EDGE_CURVE('',#1572,#1581,#126,.T.);
#2027=EDGE_CURVE('',#1582,#1583,#127,.T.);
#2028=EDGE_CURVE('',#1584,#1582,#1035,.T.);
#2029=EDGE_CURVE('',#1585,#1584,#128,.T.);
#2030=EDGE_CURVE('',#1585,#1583,#1036,.T.);
#2031=EDGE_CURVE('',#1583,#1586,#129,.T.);
#2032=EDGE_CURVE('',#1587,#1585,#130,.T.);
#2033=EDGE_CURVE('',#1586,#1587,#1037,.T.);
#2034=EDGE_CURVE('',#1586,#1588,#131,.T.);
#2035=EDGE_CURVE('',#1589,#1587,#132,.T.);
#2036=EDGE_CURVE('',#1589,#1588,#1038,.T.);
#2037=EDGE_CURVE('',#1588,#1590,#133,.T.);
#2038=EDGE_CURVE('',#1591,#1589,#134,.T.);
#2039=EDGE_CURVE('',#1591,#1590,#1039,.T.);
#2040=EDGE_CURVE('',#1590,#1582,#135,.T.);
#2041=EDGE_CURVE('',#1584,#1591,#136,.T.);
#2042=EDGE_CURVE('',#1592,#1593,#846,.T.);
#2043=EDGE_CURVE('',#1594,#1592,#1040,.T.);
#2044=EDGE_CURVE('',#1595,#1594,#847,.T.);
#2045=EDGE_CURVE('',#1595,#1593,#1041,.T.);
#2046=EDGE_CURVE('',#1593,#1596,#137,.T.);
#2047=EDGE_CURVE('',#1597,#1595,#138,.T.);
#2048=EDGE_CURVE('',#1596,#1597,#1042,.T.);
#2049=EDGE_CURVE('',#1596,#1598,#139,.T.);
#2050=EDGE_CURVE('',#1599,#1597,#140,.T.);
#2051=EDGE_CURVE('',#1599,#1598,#1043,.T.);
#2052=EDGE_CURVE('',#1598,#1600,#141,.T.);
#2053=EDGE_CURVE('',#1601,#1599,#142,.T.);
#2054=EDGE_CURVE('',#1601,#1600,#1044,.T.);
#2055=EDGE_CURVE('',#1600,#1592,#143,.T.);
#2056=EDGE_CURVE('',#1594,#1601,#144,.T.);
#2057=EDGE_CURVE('',#1602,#1603,#145,.T.);
#2058=EDGE_CURVE('',#1604,#1602,#1045,.T.);
#2059=EDGE_CURVE('',#1605,#1604,#146,.T.);
#2060=EDGE_CURVE('',#1605,#1603,#1046,.T.);
#2061=EDGE_CURVE('',#1603,#1606,#147,.T.);
#2062=EDGE_CURVE('',#1607,#1605,#148,.T.);
#2063=EDGE_CURVE('',#1606,#1607,#1047,.T.);
#2064=EDGE_CURVE('',#1606,#1608,#149,.T.);
#2065=EDGE_CURVE('',#1609,#1607,#150,.T.);
#2066=EDGE_CURVE('',#1609,#1608,#1048,.T.);
#2067=EDGE_CURVE('',#1608,#1610,#151,.T.);
#2068=EDGE_CURVE('',#1611,#1609,#152,.T.);
#2069=EDGE_CURVE('',#1611,#1610,#1049,.T.);
#2070=EDGE_CURVE('',#1610,#1602,#153,.T.);
#2071=EDGE_CURVE('',#1604,#1611,#154,.T.);
#2072=EDGE_CURVE('',#1612,#1613,#155,.T.);
#2073=EDGE_CURVE('',#1614,#1612,#1050,.T.);
#2074=EDGE_CURVE('',#1615,#1614,#156,.T.);
#2075=EDGE_CURVE('',#1615,#1613,#1051,.T.);
#2076=EDGE_CURVE('',#1613,#1616,#157,.T.);
#2077=EDGE_CURVE('',#1617,#1615,#158,.T.);
#2078=EDGE_CURVE('',#1616,#1617,#1052,.T.);
#2079=EDGE_CURVE('',#1616,#1618,#159,.T.);
#2080=EDGE_CURVE('',#1619,#1617,#160,.T.);
#2081=EDGE_CURVE('',#1619,#1618,#1053,.T.);
#2082=EDGE_CURVE('',#1618,#1612,#161,.T.);
#2083=EDGE_CURVE('',#1614,#1619,#162,.T.);
#2084=EDGE_CURVE('',#1620,#1621,#163,.T.);
#2085=EDGE_CURVE('',#1622,#1620,#1054,.T.);
#2086=EDGE_CURVE('',#1623,#1622,#164,.T.);
#2087=EDGE_CURVE('',#1623,#1621,#1055,.T.);
#2088=EDGE_CURVE('',#1621,#1624,#848,.T.);
#2089=EDGE_CURVE('',#1625,#1623,#849,.T.);
#2090=EDGE_CURVE('',#1625,#1624,#1056,.T.);
#2091=EDGE_CURVE('',#1624,#1626,#165,.T.);
#2092=EDGE_CURVE('',#1627,#1625,#166,.T.);
#2093=EDGE_CURVE('',#1626,#1627,#1057,.T.);
#2094=EDGE_CURVE('',#1626,#1628,#1058,.T.);
#2095=EDGE_CURVE('',#1629,#1627,#1059,.T.);
#2096=EDGE_CURVE('',#1629,#1628,#1060,.T.);
#2097=EDGE_CURVE('',#1628,#1630,#294,.T.);
#2098=EDGE_CURVE('',#1631,#1629,#295,.T.);
#2099=EDGE_CURVE('',#1631,#1630,#1061,.T.);
#2100=EDGE_CURVE('',#1630,#1620,#167,.T.);
#2101=EDGE_CURVE('',#1622,#1631,#168,.T.);
#2102=EDGE_CURVE('',#1632,#1633,#169,.T.);
#2103=EDGE_CURVE('',#1634,#1632,#1062,.T.);
#2104=EDGE_CURVE('',#1635,#1634,#170,.T.);
#2105=EDGE_CURVE('',#1635,#1633,#1063,.T.);
#2106=EDGE_CURVE('',#1633,#1636,#171,.T.);
#2107=EDGE_CURVE('',#1637,#1635,#172,.T.);
#2108=EDGE_CURVE('',#1636,#1637,#1064,.T.);
#2109=EDGE_CURVE('',#1636,#1638,#173,.T.);
#2110=EDGE_CURVE('',#1639,#1637,#174,.T.);
#2111=EDGE_CURVE('',#1639,#1638,#1065,.T.);
#2112=EDGE_CURVE('',#1638,#1640,#175,.T.);
#2113=EDGE_CURVE('',#1641,#1639,#176,.T.);
#2114=EDGE_CURVE('',#1641,#1640,#1066,.T.);
#2115=EDGE_CURVE('',#1640,#1632,#177,.T.);
#2116=EDGE_CURVE('',#1634,#1641,#178,.T.);
#2117=EDGE_CURVE('',#1642,#1643,#179,.T.);
#2118=EDGE_CURVE('',#1644,#1642,#1067,.T.);
#2119=EDGE_CURVE('',#1645,#1644,#180,.T.);
#2120=EDGE_CURVE('',#1645,#1643,#1068,.T.);
#2121=EDGE_CURVE('',#1643,#1646,#181,.T.);
#2122=EDGE_CURVE('',#1647,#1645,#182,.T.);
#2123=EDGE_CURVE('',#1646,#1647,#1069,.T.);
#2124=EDGE_CURVE('',#1646,#1648,#183,.T.);
#2125=EDGE_CURVE('',#1649,#1647,#184,.T.);
#2126=EDGE_CURVE('',#1649,#1648,#1070,.T.);
#2127=EDGE_CURVE('',#1648,#1650,#185,.T.);
#2128=EDGE_CURVE('',#1651,#1649,#186,.T.);
#2129=EDGE_CURVE('',#1651,#1650,#1071,.T.);
#2130=EDGE_CURVE('',#1650,#1642,#187,.T.);
#2131=EDGE_CURVE('',#1644,#1651,#188,.T.);
#2132=EDGE_CURVE('',#1652,#1653,#189,.T.);
#2133=EDGE_CURVE('',#1654,#1652,#1072,.T.);
#2134=EDGE_CURVE('',#1655,#1654,#190,.T.);
#2135=EDGE_CURVE('',#1655,#1653,#1073,.T.);
#2136=EDGE_CURVE('',#1653,#1656,#850,.T.);
#2137=EDGE_CURVE('',#1657,#1655,#851,.T.);
#2138=EDGE_CURVE('',#1657,#1656,#1074,.T.);
#2139=EDGE_CURVE('',#1656,#1658,#191,.T.);
#2140=EDGE_CURVE('',#1659,#1657,#192,.T.);
#2141=EDGE_CURVE('',#1658,#1659,#1075,.T.);
#2142=EDGE_CURVE('',#1658,#1660,#852,.T.);
#2143=EDGE_CURVE('',#1661,#1659,#853,.T.);
#2144=EDGE_CURVE('',#1661,#1660,#1076,.T.);
#2145=EDGE_CURVE('',#1660,#1662,#193,.T.);
#2146=EDGE_CURVE('',#1663,#1661,#194,.T.);
#2147=EDGE_CURVE('',#1663,#1662,#1077,.T.);
#2148=EDGE_CURVE('',#1662,#1664,#854,.T.);
#2149=EDGE_CURVE('',#1665,#1663,#855,.T.);
#2150=EDGE_CURVE('',#1665,#1664,#1078,.T.);
#2151=EDGE_CURVE('',#1664,#1652,#195,.T.);
#2152=EDGE_CURVE('',#1654,#1665,#196,.T.);
#2153=EDGE_CURVE('',#1468,#1525,#1079,.T.);
#2154=EDGE_CURVE('',#1528,#1471,#1080,.T.);
#2155=EDGE_CURVE('',#1467,#1666,#1081,.T.);
#2156=EDGE_CURVE('',#1406,#1666,#296,.T.);
#2157=EDGE_CURVE('',#1469,#1527,#1082,.T.);
#2158=EDGE_CURVE('',#1470,#1526,#1083,.T.);
#2159=EDGE_CURVE('',#1667,#1668,#1084,.T.);
#2160=EDGE_CURVE('',#1667,#1669,#1085,.T.);
#2161=EDGE_CURVE('',#1669,#1670,#1086,.T.);
#2162=EDGE_CURVE('',#1668,#1670,#1087,.T.);
#2163=EDGE_CURVE('',#1671,#1667,#1088,.T.);
#2164=EDGE_CURVE('',#1671,#1672,#1089,.T.);
#2165=EDGE_CURVE('',#1672,#1669,#1090,.T.);
#2166=EDGE_CURVE('',#1673,#1671,#297,.T.);
#2167=EDGE_CURVE('',#1673,#1674,#1091,.T.);
#2168=EDGE_CURVE('',#1674,#1672,#298,.T.);
#2169=EDGE_CURVE('',#1675,#1673,#1092,.T.);
#2170=EDGE_CURVE('',#1675,#1676,#1093,.T.);
#2171=EDGE_CURVE('',#1676,#1674,#1094,.T.);
#2172=EDGE_CURVE('',#1677,#1675,#1095,.T.);
#2173=EDGE_CURVE('',#1677,#1678,#1096,.T.);
#2174=EDGE_CURVE('',#1678,#1676,#1097,.T.);
#2175=EDGE_CURVE('',#1668,#1677,#299,.T.);
#2176=EDGE_CURVE('',#1670,#1678,#300,.T.);
#2177=EDGE_CURVE('',#1463,#1679,#1098,.T.);
#2178=EDGE_CURVE('',#1680,#1679,#1099,.T.);
#2179=EDGE_CURVE('',#1464,#1680,#1100,.T.);
#2180=EDGE_CURVE('',#1681,#1680,#301,.T.);
#2181=EDGE_CURVE('',#1465,#1681,#1101,.T.);
#2182=EDGE_CURVE('',#1682,#1681,#1102,.T.);
#2183=EDGE_CURVE('',#1466,#1682,#1103,.T.);
#2184=EDGE_CURVE('',#1666,#1682,#302,.T.);
#2185=EDGE_CURVE('',#1683,#1403,#303,.T.);
#2186=EDGE_CURVE('',#1462,#1683,#1104,.T.);
#2187=EDGE_CURVE('',#1679,#1683,#304,.T.);
#2188=ORIENTED_EDGE('',*,*,#1684,.F.);
#2189=ORIENTED_EDGE('',*,*,#1685,.F.);
#2190=ORIENTED_EDGE('',*,*,#1686,.F.);
#2191=ORIENTED_EDGE('',*,*,#1687,.F.);
#2192=ORIENTED_EDGE('',*,*,#1688,.F.);
#2193=ORIENTED_EDGE('',*,*,#1689,.F.);
#2194=ORIENTED_EDGE('',*,*,#1690,.F.);
#2195=ORIENTED_EDGE('',*,*,#1691,.F.);
#2196=ORIENTED_EDGE('',*,*,#1692,.F.);
#2197=ORIENTED_EDGE('',*,*,#1693,.T.);
#2198=ORIENTED_EDGE('',*,*,#1689,.T.);
#2199=ORIENTED_EDGE('',*,*,#1694,.F.);
#2200=ORIENTED_EDGE('',*,*,#1695,.F.);
#2201=ORIENTED_EDGE('',*,*,#1696,.F.);
#2202=ORIENTED_EDGE('',*,*,#1697,.F.);
#2203=ORIENTED_EDGE('',*,*,#1698,.F.);
#2204=ORIENTED_EDGE('',*,*,#1699,.F.);
#2205=ORIENTED_EDGE('',*,*,#1690,.T.);
#2206=ORIENTED_EDGE('',*,*,#1693,.F.);
#2207=ORIENTED_EDGE('',*,*,#1700,.F.);
#2208=ORIENTED_EDGE('',*,*,#1701,.F.);
#2209=ORIENTED_EDGE('',*,*,#1702,.F.);
#2210=ORIENTED_EDGE('',*,*,#1703,.F.);
#2211=ORIENTED_EDGE('',*,*,#1692,.T.);
#2212=ORIENTED_EDGE('',*,*,#1704,.F.);
#2213=ORIENTED_EDGE('',*,*,#1705,.F.);
#2214=ORIENTED_EDGE('',*,*,#1706,.T.);
#2215=ORIENTED_EDGE('',*,*,#1707,.T.);
#2216=ORIENTED_EDGE('',*,*,#1708,.T.);
#2217=ORIENTED_EDGE('',*,*,#1700,.T.);
#2218=ORIENTED_EDGE('',*,*,#1709,.T.);
#2219=ORIENTED_EDGE('',*,*,#1710,.T.);
#2220=ORIENTED_EDGE('',*,*,#1711,.F.);
#2221=ORIENTED_EDGE('',*,*,#1712,.F.);
#2222=ORIENTED_EDGE('',*,*,#1694,.T.);
#2223=ORIENTED_EDGE('',*,*,#1688,.T.);
#2224=ORIENTED_EDGE('',*,*,#1713,.T.);
#2225=ORIENTED_EDGE('',*,*,#1714,.T.);
#2226=ORIENTED_EDGE('',*,*,#1715,.T.);
#2227=ORIENTED_EDGE('',*,*,#1716,.T.);
#2228=ORIENTED_EDGE('',*,*,#1717,.T.);
#2229=ORIENTED_EDGE('',*,*,#1712,.T.);
#2230=ORIENTED_EDGE('',*,*,#1718,.F.);
#2231=ORIENTED_EDGE('',*,*,#1719,.F.);
#2232=ORIENTED_EDGE('',*,*,#1720,.F.);
#2233=ORIENTED_EDGE('',*,*,#1704,.T.);
#2234=ORIENTED_EDGE('',*,*,#1691,.T.);
#2235=ORIENTED_EDGE('',*,*,#1721,.T.);
#2236=ORIENTED_EDGE('',*,*,#1687,.T.);
#2237=ORIENTED_EDGE('',*,*,#1722,.F.);
#2238=ORIENTED_EDGE('',*,*,#1723,.F.);
#2239=ORIENTED_EDGE('',*,*,#1724,.T.);
#2240=ORIENTED_EDGE('',*,*,#1725,.F.);
#2241=ORIENTED_EDGE('',*,*,#1726,.T.);
#2242=ORIENTED_EDGE('',*,*,#1713,.F.);
#2243=ORIENTED_EDGE('',*,*,#1695,.T.);
#2244=ORIENTED_EDGE('',*,*,#1721,.F.);
#2245=ORIENTED_EDGE('',*,*,#1727,.T.);
#2246=ORIENTED_EDGE('',*,*,#1728,.T.);
#2247=ORIENTED_EDGE('',*,*,#1729,.T.);
#2248=ORIENTED_EDGE('',*,*,#1728,.F.);
#2249=ORIENTED_EDGE('',*,*,#1730,.T.);
#2250=ORIENTED_EDGE('',*,*,#1731,.T.);
#2251=ORIENTED_EDGE('',*,*,#1732,.T.);
#2252=ORIENTED_EDGE('',*,*,#1733,.T.);
#2253=ORIENTED_EDGE('',*,*,#1731,.F.);
#2254=ORIENTED_EDGE('',*,*,#1734,.T.);
#2255=ORIENTED_EDGE('',*,*,#1735,.F.);
#2256=ORIENTED_EDGE('',*,*,#1736,.T.);
#2257=ORIENTED_EDGE('',*,*,#1737,.F.);
#2258=ORIENTED_EDGE('',*,*,#1738,.F.);
#2259=ORIENTED_EDGE('',*,*,#1739,.F.);
#2260=ORIENTED_EDGE('',*,*,#1740,.T.);
#2261=ORIENTED_EDGE('',*,*,#1741,.F.);
#2262=ORIENTED_EDGE('',*,*,#1742,.T.);
#2263=ORIENTED_EDGE('',*,*,#1743,.T.);
#2264=ORIENTED_EDGE('',*,*,#1744,.T.);
#2265=ORIENTED_EDGE('',*,*,#1745,.T.);
#2266=ORIENTED_EDGE('',*,*,#1733,.F.);
#2267=ORIENTED_EDGE('',*,*,#1746,.T.);
#2268=ORIENTED_EDGE('',*,*,#1747,.F.);
#2269=ORIENTED_EDGE('',*,*,#1748,.F.);
#2270=ORIENTED_EDGE('',*,*,#1743,.F.);
#2271=ORIENTED_EDGE('',*,*,#1749,.F.);
#2272=ORIENTED_EDGE('',*,*,#1750,.F.);
#2273=ORIENTED_EDGE('',*,*,#1751,.F.);
#2274=ORIENTED_EDGE('',*,*,#1752,.F.);
#2275=ORIENTED_EDGE('',*,*,#1753,.F.);
#2276=ORIENTED_EDGE('',*,*,#1754,.F.);
#2277=ORIENTED_EDGE('',*,*,#1755,.T.);
#2278=ORIENTED_EDGE('',*,*,#1756,.T.);
#2279=ORIENTED_EDGE('',*,*,#1697,.T.);
#2280=ORIENTED_EDGE('',*,*,#1708,.F.);
#2281=ORIENTED_EDGE('',*,*,#1757,.F.);
#2282=ORIENTED_EDGE('',*,*,#1758,.F.);
#2283=ORIENTED_EDGE('',*,*,#1755,.F.);
#2284=ORIENTED_EDGE('',*,*,#1759,.F.);
#2285=ORIENTED_EDGE('',*,*,#1760,.F.);
#2286=ORIENTED_EDGE('',*,*,#1761,.F.);
#2287=ORIENTED_EDGE('',*,*,#1762,.T.);
#2288=ORIENTED_EDGE('',*,*,#1763,.T.);
#2289=ORIENTED_EDGE('',*,*,#1764,.T.);
#2290=ORIENTED_EDGE('',*,*,#1765,.T.);
#2291=ORIENTED_EDGE('',*,*,#1766,.T.);
#2292=ORIENTED_EDGE('',*,*,#1767,.T.);
#2293=ORIENTED_EDGE('',*,*,#1768,.T.);
#2294=ORIENTED_EDGE('',*,*,#1752,.T.);
#2295=ORIENTED_EDGE('',*,*,#1769,.T.);
#2296=ORIENTED_EDGE('',*,*,#1770,.F.);
#2297=ORIENTED_EDGE('',*,*,#1771,.F.);
#2298=ORIENTED_EDGE('',*,*,#1772,.F.);
#2299=ORIENTED_EDGE('',*,*,#1773,.T.);
#2300=ORIENTED_EDGE('',*,*,#1774,.T.);
#2301=ORIENTED_EDGE('',*,*,#1775,.T.);
#2302=ORIENTED_EDGE('',*,*,#1776,.T.);
#2303=ORIENTED_EDGE('',*,*,#1777,.T.);
#2304=ORIENTED_EDGE('',*,*,#1718,.T.);
#2305=ORIENTED_EDGE('',*,*,#1711,.T.);
#2306=ORIENTED_EDGE('',*,*,#1778,.T.);
#2307=ORIENTED_EDGE('',*,*,#1779,.T.);
#2308=ORIENTED_EDGE('',*,*,#1780,.T.);
#2309=ORIENTED_EDGE('',*,*,#1781,.T.);
#2310=ORIENTED_EDGE('',*,*,#1698,.T.);
#2311=ORIENTED_EDGE('',*,*,#1761,.T.);
#2312=ORIENTED_EDGE('',*,*,#1782,.F.);
#2313=ORIENTED_EDGE('',*,*,#1783,.F.);
#2314=ORIENTED_EDGE('',*,*,#1760,.T.);
#2315=ORIENTED_EDGE('',*,*,#1784,.F.);
#2316=ORIENTED_EDGE('',*,*,#1785,.F.);
#2317=ORIENTED_EDGE('',*,*,#1782,.T.);
#2318=ORIENTED_EDGE('',*,*,#1786,.F.);
#2319=ORIENTED_EDGE('',*,*,#1787,.T.);
#2320=ORIENTED_EDGE('',*,*,#1788,.F.);
#2321=ORIENTED_EDGE('',*,*,#1787,.F.);
#2322=ORIENTED_EDGE('',*,*,#1789,.F.);
#2323=ORIENTED_EDGE('',*,*,#1790,.T.);
#2324=ORIENTED_EDGE('',*,*,#1791,.F.);
#2325=ORIENTED_EDGE('',*,*,#1790,.F.);
#2326=ORIENTED_EDGE('',*,*,#1792,.F.);
#2327=ORIENTED_EDGE('',*,*,#1727,.F.);
#2328=ORIENTED_EDGE('',*,*,#1778,.F.);
#2329=ORIENTED_EDGE('',*,*,#1793,.T.);
#2330=ORIENTED_EDGE('',*,*,#1792,.T.);
#2331=ORIENTED_EDGE('',*,*,#1793,.F.);
#2332=ORIENTED_EDGE('',*,*,#1794,.F.);
#2333=ORIENTED_EDGE('',*,*,#1795,.F.);
#2334=ORIENTED_EDGE('',*,*,#1779,.F.);
#2335=ORIENTED_EDGE('',*,*,#1796,.T.);
#2336=ORIENTED_EDGE('',*,*,#1794,.T.);
#2337=ORIENTED_EDGE('',*,*,#1796,.F.);
#2338=ORIENTED_EDGE('',*,*,#1797,.F.);
#2339=ORIENTED_EDGE('',*,*,#1798,.F.);
#2340=ORIENTED_EDGE('',*,*,#1780,.F.);
#2341=ORIENTED_EDGE('',*,*,#1799,.T.);
#2342=ORIENTED_EDGE('',*,*,#1797,.T.);
#2343=ORIENTED_EDGE('',*,*,#1799,.F.);
#2344=ORIENTED_EDGE('',*,*,#1800,.F.);
#2345=ORIENTED_EDGE('',*,*,#1801,.F.);
#2346=ORIENTED_EDGE('',*,*,#1781,.F.);
#2347=ORIENTED_EDGE('',*,*,#1802,.T.);
#2348=ORIENTED_EDGE('',*,*,#1800,.T.);
#2349=ORIENTED_EDGE('',*,*,#1802,.F.);
#2350=ORIENTED_EDGE('',*,*,#1803,.F.);
#2351=ORIENTED_EDGE('',*,*,#1804,.F.);
#2352=ORIENTED_EDGE('',*,*,#1805,.F.);
#2353=ORIENTED_EDGE('',*,*,#1772,.T.);
#2354=ORIENTED_EDGE('',*,*,#1806,.F.);
#2355=ORIENTED_EDGE('',*,*,#1770,.T.);
#2356=ORIENTED_EDGE('',*,*,#1807,.F.);
#2357=ORIENTED_EDGE('',*,*,#1808,.F.);
#2358=ORIENTED_EDGE('',*,*,#1803,.T.);
#2359=ORIENTED_EDGE('',*,*,#1771,.T.);
#2360=ORIENTED_EDGE('',*,*,#1806,.T.);
#2361=ORIENTED_EDGE('',*,*,#1809,.F.);
#2362=ORIENTED_EDGE('',*,*,#1810,.F.);
#2363=ORIENTED_EDGE('',*,*,#1811,.F.);
#2364=ORIENTED_EDGE('',*,*,#1812,.T.);
#2365=ORIENTED_EDGE('',*,*,#1813,.F.);
#2366=ORIENTED_EDGE('',*,*,#1808,.T.);
#2367=ORIENTED_EDGE('',*,*,#1814,.T.);
#2368=ORIENTED_EDGE('',*,*,#1809,.T.);
#2369=ORIENTED_EDGE('',*,*,#1805,.T.);
#2370=ORIENTED_EDGE('',*,*,#1815,.F.);
#2371=ORIENTED_EDGE('',*,*,#1816,.T.);
#2372=ORIENTED_EDGE('',*,*,#1773,.F.);
#2373=ORIENTED_EDGE('',*,*,#1817,.T.);
#2374=ORIENTED_EDGE('',*,*,#1818,.T.);
#2375=ORIENTED_EDGE('',*,*,#1819,.T.);
#2376=ORIENTED_EDGE('',*,*,#1818,.F.);
#2377=ORIENTED_EDGE('',*,*,#1820,.F.);
#2378=ORIENTED_EDGE('',*,*,#1821,.T.);
#2379=ORIENTED_EDGE('',*,*,#1819,.F.);
#2380=ORIENTED_EDGE('',*,*,#1821,.F.);
#2381=ORIENTED_EDGE('',*,*,#1822,.T.);
#2382=ORIENTED_EDGE('',*,*,#1823,.F.);
#2383=ORIENTED_EDGE('',*,*,#1824,.T.);
#2384=ORIENTED_EDGE('',*,*,#1825,.F.);
#2385=ORIENTED_EDGE('',*,*,#1826,.F.);
#2386=ORIENTED_EDGE('',*,*,#1827,.F.);
#2387=ORIENTED_EDGE('',*,*,#1828,.T.);
#2388=ORIENTED_EDGE('',*,*,#1747,.T.);
#2389=ORIENTED_EDGE('',*,*,#1829,.T.);
#2390=ORIENTED_EDGE('',*,*,#1830,.T.);
#2391=ORIENTED_EDGE('',*,*,#1831,.F.);
#2392=ORIENTED_EDGE('',*,*,#1832,.T.);
#2393=ORIENTED_EDGE('',*,*,#1833,.T.);
#2394=ORIENTED_EDGE('',*,*,#1750,.T.);
#2395=ORIENTED_EDGE('',*,*,#1786,.T.);
#2396=ORIENTED_EDGE('',*,*,#1789,.T.);
#2397=ORIENTED_EDGE('',*,*,#1817,.F.);
#2398=ORIENTED_EDGE('',*,*,#1834,.T.);
#2399=ORIENTED_EDGE('',*,*,#1835,.T.);
#2400=ORIENTED_EDGE('',*,*,#1836,.F.);
#2401=ORIENTED_EDGE('',*,*,#1835,.F.);
#2402=ORIENTED_EDGE('',*,*,#1837,.F.);
#2403=ORIENTED_EDGE('',*,*,#1838,.T.);
#2404=ORIENTED_EDGE('',*,*,#1839,.F.);
#2405=ORIENTED_EDGE('',*,*,#1840,.T.);
#2406=ORIENTED_EDGE('',*,*,#1834,.F.);
#2407=ORIENTED_EDGE('',*,*,#1841,.F.);
#2408=ORIENTED_EDGE('',*,*,#1842,.T.);
#2409=ORIENTED_EDGE('',*,*,#1843,.F.);
#2410=ORIENTED_EDGE('',*,*,#1842,.F.);
#2411=ORIENTED_EDGE('',*,*,#1844,.F.);
#2412=ORIENTED_EDGE('',*,*,#1843,.T.);
#2413=ORIENTED_EDGE('',*,*,#1836,.T.);
#2414=ORIENTED_EDGE('',*,*,#1841,.T.);
#2415=ORIENTED_EDGE('',*,*,#1845,.T.);
#2416=ORIENTED_EDGE('',*,*,#1846,.T.);
#2417=ORIENTED_EDGE('',*,*,#1847,.T.);
#2418=ORIENTED_EDGE('',*,*,#1846,.F.);
#2419=ORIENTED_EDGE('',*,*,#1848,.T.);
#2420=ORIENTED_EDGE('',*,*,#1845,.F.);
#2421=ORIENTED_EDGE('',*,*,#1847,.F.);
#2422=ORIENTED_EDGE('',*,*,#1849,.T.);
#2423=ORIENTED_EDGE('',*,*,#1844,.T.);
#2424=ORIENTED_EDGE('',*,*,#1849,.F.);
#2425=ORIENTED_EDGE('',*,*,#1850,.T.);
#2426=ORIENTED_EDGE('',*,*,#1851,.T.);
#2427=ORIENTED_EDGE('',*,*,#1848,.F.);
#2428=ORIENTED_EDGE('',*,*,#1851,.F.);
#2429=ORIENTED_EDGE('',*,*,#1852,.T.);
#2430=ORIENTED_EDGE('',*,*,#1853,.T.);
#2431=ORIENTED_EDGE('',*,*,#1854,.T.);
#2432=ORIENTED_EDGE('',*,*,#1855,.T.);
#2433=ORIENTED_EDGE('',*,*,#1856,.T.);
#2434=ORIENTED_EDGE('',*,*,#1857,.T.);
#2435=ORIENTED_EDGE('',*,*,#1858,.T.);
#2436=ORIENTED_EDGE('',*,*,#1859,.T.);
#2437=ORIENTED_EDGE('',*,*,#1850,.F.);
#2438=ORIENTED_EDGE('',*,*,#1820,.T.);
#2439=ORIENTED_EDGE('',*,*,#1860,.F.);
#2440=ORIENTED_EDGE('',*,*,#1861,.F.);
#2441=ORIENTED_EDGE('',*,*,#1862,.F.);
#2442=ORIENTED_EDGE('',*,*,#1863,.T.);
#2443=ORIENTED_EDGE('',*,*,#1716,.F.);
#2444=ORIENTED_EDGE('',*,*,#1864,.F.);
#2445=ORIENTED_EDGE('',*,*,#1865,.F.);
#2446=ORIENTED_EDGE('',*,*,#1866,.T.);
#2447=ORIENTED_EDGE('',*,*,#1867,.F.);
#2448=ORIENTED_EDGE('',*,*,#1868,.F.);
#2449=ORIENTED_EDGE('',*,*,#1869,.F.);
#2450=ORIENTED_EDGE('',*,*,#1861,.T.);
#2451=ORIENTED_EDGE('',*,*,#1715,.F.);
#2452=ORIENTED_EDGE('',*,*,#1870,.F.);
#2453=ORIENTED_EDGE('',*,*,#1871,.F.);
#2454=ORIENTED_EDGE('',*,*,#1864,.T.);
#2455=ORIENTED_EDGE('',*,*,#1872,.F.);
#2456=ORIENTED_EDGE('',*,*,#1724,.F.);
#2457=ORIENTED_EDGE('',*,*,#1873,.F.);
#2458=ORIENTED_EDGE('',*,*,#1868,.T.);
#2459=ORIENTED_EDGE('',*,*,#1686,.T.);
#2460=ORIENTED_EDGE('',*,*,#1874,.F.);
#2461=ORIENTED_EDGE('',*,*,#1722,.T.);
#2462=ORIENTED_EDGE('',*,*,#1701,.T.);
#2463=ORIENTED_EDGE('',*,*,#1875,.F.);
#2464=ORIENTED_EDGE('',*,*,#1876,.F.);
#2465=ORIENTED_EDGE('',*,*,#1703,.T.);
#2466=ORIENTED_EDGE('',*,*,#1877,.F.);
#2467=ORIENTED_EDGE('',*,*,#1709,.F.);
#2468=ORIENTED_EDGE('',*,*,#1717,.F.);
#2469=ORIENTED_EDGE('',*,*,#1866,.F.);
#2470=ORIENTED_EDGE('',*,*,#1878,.F.);
#2471=ORIENTED_EDGE('',*,*,#1863,.F.);
#2472=ORIENTED_EDGE('',*,*,#1879,.F.);
#2473=ORIENTED_EDGE('',*,*,#1875,.T.);
#2474=ORIENTED_EDGE('',*,*,#1729,.F.);
#2475=ORIENTED_EDGE('',*,*,#1714,.F.);
#2476=ORIENTED_EDGE('',*,*,#1726,.F.);
#2477=ORIENTED_EDGE('',*,*,#1880,.F.);
#2478=ORIENTED_EDGE('',*,*,#1870,.T.);
#2479=ORIENTED_EDGE('',*,*,#1881,.T.);
#2480=ORIENTED_EDGE('',*,*,#1763,.F.);
#2481=ORIENTED_EDGE('',*,*,#1882,.F.);
#2482=ORIENTED_EDGE('',*,*,#1883,.F.);
#2483=ORIENTED_EDGE('',*,*,#1884,.T.);
#2484=ORIENTED_EDGE('',*,*,#1764,.F.);
#2485=ORIENTED_EDGE('',*,*,#1881,.F.);
#2486=ORIENTED_EDGE('',*,*,#1885,.F.);
#2487=ORIENTED_EDGE('',*,*,#1886,.T.);
#2488=ORIENTED_EDGE('',*,*,#1765,.F.);
#2489=ORIENTED_EDGE('',*,*,#1884,.F.);
#2490=ORIENTED_EDGE('',*,*,#1887,.F.);
#2491=ORIENTED_EDGE('',*,*,#1888,.T.);
#2492=ORIENTED_EDGE('',*,*,#1766,.F.);
#2493=ORIENTED_EDGE('',*,*,#1886,.F.);
#2494=ORIENTED_EDGE('',*,*,#1889,.F.);
#2495=ORIENTED_EDGE('',*,*,#1890,.T.);
#2496=ORIENTED_EDGE('',*,*,#1767,.F.);
#2497=ORIENTED_EDGE('',*,*,#1888,.F.);
#2498=ORIENTED_EDGE('',*,*,#1891,.F.);
#2499=ORIENTED_EDGE('',*,*,#1892,.T.);
#2500=ORIENTED_EDGE('',*,*,#1774,.F.);
#2501=ORIENTED_EDGE('',*,*,#1816,.F.);
#2502=ORIENTED_EDGE('',*,*,#1893,.F.);
#2503=ORIENTED_EDGE('',*,*,#1894,.F.);
#2504=ORIENTED_EDGE('',*,*,#1895,.T.);
#2505=ORIENTED_EDGE('',*,*,#1775,.F.);
#2506=ORIENTED_EDGE('',*,*,#1892,.F.);
#2507=ORIENTED_EDGE('',*,*,#1896,.T.);
#2508=ORIENTED_EDGE('',*,*,#1897,.F.);
#2509=ORIENTED_EDGE('',*,*,#1898,.T.);
#2510=ORIENTED_EDGE('',*,*,#1776,.F.);
#2511=ORIENTED_EDGE('',*,*,#1895,.F.);
#2512=ORIENTED_EDGE('',*,*,#1899,.F.);
#2513=ORIENTED_EDGE('',*,*,#1900,.F.);
#2514=ORIENTED_EDGE('',*,*,#1719,.T.);
#2515=ORIENTED_EDGE('',*,*,#1777,.F.);
#2516=ORIENTED_EDGE('',*,*,#1898,.F.);
#2517=ORIENTED_EDGE('',*,*,#1901,.F.);
#2518=ORIENTED_EDGE('',*,*,#1902,.F.);
#2519=ORIENTED_EDGE('',*,*,#1903,.T.);
#2520=ORIENTED_EDGE('',*,*,#1901,.T.);
#2521=ORIENTED_EDGE('',*,*,#1900,.T.);
#2522=ORIENTED_EDGE('',*,*,#1904,.T.);
#2523=ORIENTED_EDGE('',*,*,#1905,.F.);
#2524=ORIENTED_EDGE('',*,*,#1706,.F.);
#2525=ORIENTED_EDGE('',*,*,#1906,.T.);
#2526=ORIENTED_EDGE('',*,*,#1907,.F.);
#2527=ORIENTED_EDGE('',*,*,#1908,.F.);
#2528=ORIENTED_EDGE('',*,*,#1909,.T.);
#2529=ORIENTED_EDGE('',*,*,#1896,.F.);
#2530=ORIENTED_EDGE('',*,*,#1894,.T.);
#2531=ORIENTED_EDGE('',*,*,#1696,.T.);
#2532=ORIENTED_EDGE('',*,*,#1910,.T.);
#2533=ORIENTED_EDGE('',*,*,#1911,.F.);
#2534=ORIENTED_EDGE('',*,*,#1910,.F.);
#2535=ORIENTED_EDGE('',*,*,#1795,.T.);
#2536=ORIENTED_EDGE('',*,*,#1912,.T.);
#2537=ORIENTED_EDGE('',*,*,#1913,.F.);
#2538=ORIENTED_EDGE('',*,*,#1912,.F.);
#2539=ORIENTED_EDGE('',*,*,#1798,.T.);
#2540=ORIENTED_EDGE('',*,*,#1914,.T.);
#2541=ORIENTED_EDGE('',*,*,#1915,.F.);
#2542=ORIENTED_EDGE('',*,*,#1914,.F.);
#2543=ORIENTED_EDGE('',*,*,#1801,.T.);
#2544=ORIENTED_EDGE('',*,*,#1916,.T.);
#2545=ORIENTED_EDGE('',*,*,#1917,.F.);
#2546=ORIENTED_EDGE('',*,*,#1916,.F.);
#2547=ORIENTED_EDGE('',*,*,#1725,.T.);
#2548=ORIENTED_EDGE('',*,*,#1872,.T.);
#2549=ORIENTED_EDGE('',*,*,#1867,.T.);
#2550=ORIENTED_EDGE('',*,*,#1860,.T.);
#2551=ORIENTED_EDGE('',*,*,#1878,.T.);
#2552=ORIENTED_EDGE('',*,*,#1865,.T.);
#2553=ORIENTED_EDGE('',*,*,#1871,.T.);
#2554=ORIENTED_EDGE('',*,*,#1880,.T.);
#2555=ORIENTED_EDGE('',*,*,#1702,.T.);
#2556=ORIENTED_EDGE('',*,*,#1876,.T.);
#2557=ORIENTED_EDGE('',*,*,#1879,.T.);
#2558=ORIENTED_EDGE('',*,*,#1862,.T.);
#2559=ORIENTED_EDGE('',*,*,#1869,.T.);
#2560=ORIENTED_EDGE('',*,*,#1873,.T.);
#2561=ORIENTED_EDGE('',*,*,#1723,.T.);
#2562=ORIENTED_EDGE('',*,*,#1874,.T.);
#2563=ORIENTED_EDGE('',*,*,#1685,.T.);
#2564=ORIENTED_EDGE('',*,*,#1918,.F.);
#2565=ORIENTED_EDGE('',*,*,#1882,.T.);
#2566=ORIENTED_EDGE('',*,*,#1762,.F.);
#2567=ORIENTED_EDGE('',*,*,#1710,.F.);
#2568=ORIENTED_EDGE('',*,*,#1877,.T.);
#2569=ORIENTED_EDGE('',*,*,#1759,.T.);
#2570=ORIENTED_EDGE('',*,*,#1754,.T.);
#2571=ORIENTED_EDGE('',*,*,#1919,.F.);
#2572=ORIENTED_EDGE('',*,*,#1784,.T.);
#2573=ORIENTED_EDGE('',*,*,#1920,.F.);
#2574=ORIENTED_EDGE('',*,*,#1753,.T.);
#2575=ORIENTED_EDGE('',*,*,#1768,.F.);
#2576=ORIENTED_EDGE('',*,*,#1890,.F.);
#2577=ORIENTED_EDGE('',*,*,#1807,.T.);
#2578=ORIENTED_EDGE('',*,*,#1769,.F.);
#2579=ORIENTED_EDGE('',*,*,#1756,.F.);
#2580=ORIENTED_EDGE('',*,*,#1921,.F.);
#2581=ORIENTED_EDGE('',*,*,#1907,.T.);
#2582=ORIENTED_EDGE('',*,*,#1922,.F.);
#2583=ORIENTED_EDGE('',*,*,#1758,.T.);
#2584=ORIENTED_EDGE('',*,*,#1923,.F.);
#2585=ORIENTED_EDGE('',*,*,#1924,.F.);
#2586=ORIENTED_EDGE('',*,*,#1908,.T.);
#2587=ORIENTED_EDGE('',*,*,#1921,.T.);
#2588=ORIENTED_EDGE('',*,*,#1757,.T.);
#2589=ORIENTED_EDGE('',*,*,#1707,.F.);
#2590=ORIENTED_EDGE('',*,*,#1905,.T.);
#2591=ORIENTED_EDGE('',*,*,#1925,.F.);
#2592=ORIENTED_EDGE('',*,*,#1923,.T.);
#2593=ORIENTED_EDGE('',*,*,#1699,.T.);
#2594=ORIENTED_EDGE('',*,*,#1783,.T.);
#2595=ORIENTED_EDGE('',*,*,#1785,.T.);
#2596=ORIENTED_EDGE('',*,*,#1919,.T.);
#2597=ORIENTED_EDGE('',*,*,#1920,.T.);
#2598=ORIENTED_EDGE('',*,*,#1891,.T.);
#2599=ORIENTED_EDGE('',*,*,#1889,.T.);
#2600=ORIENTED_EDGE('',*,*,#1887,.T.);
#2601=ORIENTED_EDGE('',*,*,#1885,.T.);
#2602=ORIENTED_EDGE('',*,*,#1883,.T.);
#2603=ORIENTED_EDGE('',*,*,#1918,.T.);
#2604=ORIENTED_EDGE('',*,*,#1684,.T.);
#2605=ORIENTED_EDGE('',*,*,#1917,.T.);
#2606=ORIENTED_EDGE('',*,*,#1915,.T.);
#2607=ORIENTED_EDGE('',*,*,#1913,.T.);
#2608=ORIENTED_EDGE('',*,*,#1911,.T.);
#2609=ORIENTED_EDGE('',*,*,#1922,.T.);
#2610=ORIENTED_EDGE('',*,*,#1926,.T.);
#2611=ORIENTED_EDGE('',*,*,#1927,.T.);
#2612=ORIENTED_EDGE('',*,*,#1924,.T.);
#2613=ORIENTED_EDGE('',*,*,#1925,.T.);
#2614=ORIENTED_EDGE('',*,*,#1928,.T.);
#2615=ORIENTED_EDGE('',*,*,#1902,.T.);
#2616=ORIENTED_EDGE('',*,*,#1929,.T.);
#2617=ORIENTED_EDGE('',*,*,#1930,.T.);
#2618=ORIENTED_EDGE('',*,*,#1931,.T.);
#2619=ORIENTED_EDGE('',*,*,#1705,.T.);
#2620=ORIENTED_EDGE('',*,*,#1720,.T.);
#2621=ORIENTED_EDGE('',*,*,#1897,.T.);
#2622=ORIENTED_EDGE('',*,*,#1932,.T.);
#2623=ORIENTED_EDGE('',*,*,#1899,.T.);
#2624=ORIENTED_EDGE('',*,*,#1893,.T.);
#2625=ORIENTED_EDGE('',*,*,#1933,.T.);
#2626=ORIENTED_EDGE('',*,*,#1934,.T.);
#2627=ORIENTED_EDGE('',*,*,#1804,.T.);
#2628=ORIENTED_EDGE('',*,*,#1813,.T.);
#2629=ORIENTED_EDGE('',*,*,#1935,.T.);
#2630=ORIENTED_EDGE('',*,*,#1815,.T.);
#2631=ORIENTED_EDGE('',*,*,#1936,.T.);
#2632=ORIENTED_EDGE('',*,*,#1837,.T.);
#2633=ORIENTED_EDGE('',*,*,#1937,.T.);
#2634=ORIENTED_EDGE('',*,*,#1811,.T.);
#2635=ORIENTED_EDGE('',*,*,#1938,.T.);
#2636=ORIENTED_EDGE('',*,*,#1939,.T.);
#2637=ORIENTED_EDGE('',*,*,#1940,.T.);
#2638=ORIENTED_EDGE('',*,*,#1939,.F.);
#2639=ORIENTED_EDGE('',*,*,#1940,.F.);
#2640=ORIENTED_EDGE('',*,*,#1941,.T.);
#2641=ORIENTED_EDGE('',*,*,#1942,.F.);
#2642=ORIENTED_EDGE('',*,*,#1941,.F.);
#2643=ORIENTED_EDGE('',*,*,#1943,.T.);
#2644=ORIENTED_EDGE('',*,*,#1938,.F.);
#2645=ORIENTED_EDGE('',*,*,#1741,.T.);
#2646=ORIENTED_EDGE('',*,*,#1944,.T.);
#2647=ORIENTED_EDGE('',*,*,#1945,.T.);
#2648=ORIENTED_EDGE('',*,*,#1944,.F.);
#2649=ORIENTED_EDGE('',*,*,#1943,.F.);
#2650=ORIENTED_EDGE('',*,*,#1946,.T.);
#2651=ORIENTED_EDGE('',*,*,#1945,.F.);
#2652=ORIENTED_EDGE('',*,*,#1946,.F.);
#2653=ORIENTED_EDGE('',*,*,#1736,.F.);
#2654=ORIENTED_EDGE('',*,*,#1947,.T.);
#2655=ORIENTED_EDGE('',*,*,#1859,.F.);
#2656=ORIENTED_EDGE('',*,*,#1948,.F.);
#2657=ORIENTED_EDGE('',*,*,#1737,.T.);
#2658=ORIENTED_EDGE('',*,*,#1948,.T.);
#2659=ORIENTED_EDGE('',*,*,#1858,.F.);
#2660=ORIENTED_EDGE('',*,*,#1949,.F.);
#2661=ORIENTED_EDGE('',*,*,#1738,.T.);
#2662=ORIENTED_EDGE('',*,*,#1949,.T.);
#2663=ORIENTED_EDGE('',*,*,#1857,.F.);
#2664=ORIENTED_EDGE('',*,*,#1950,.F.);
#2665=ORIENTED_EDGE('',*,*,#1739,.T.);
#2666=ORIENTED_EDGE('',*,*,#1950,.T.);
#2667=ORIENTED_EDGE('',*,*,#1856,.F.);
#2668=ORIENTED_EDGE('',*,*,#1951,.F.);
#2669=ORIENTED_EDGE('',*,*,#1839,.T.);
#2670=ORIENTED_EDGE('',*,*,#1952,.T.);
#2671=ORIENTED_EDGE('',*,*,#1854,.F.);
#2672=ORIENTED_EDGE('',*,*,#1953,.F.);
#2673=ORIENTED_EDGE('',*,*,#1735,.T.);
#2674=ORIENTED_EDGE('',*,*,#1954,.T.);
#2675=ORIENTED_EDGE('',*,*,#1852,.F.);
#2676=ORIENTED_EDGE('',*,*,#1947,.F.);
#2677=ORIENTED_EDGE('',*,*,#1942,.T.);
#2678=ORIENTED_EDGE('',*,*,#1955,.F.);
#2679=ORIENTED_EDGE('',*,*,#1956,.F.);
#2680=ORIENTED_EDGE('',*,*,#1957,.F.);
#2681=ORIENTED_EDGE('',*,*,#1958,.T.);
#2682=ORIENTED_EDGE('',*,*,#1959,.F.);
#2683=ORIENTED_EDGE('',*,*,#1958,.F.);
#2684=ORIENTED_EDGE('',*,*,#1960,.F.);
#2685=ORIENTED_EDGE('',*,*,#1961,.F.);
#2686=ORIENTED_EDGE('',*,*,#1962,.F.);
#2687=ORIENTED_EDGE('',*,*,#1961,.T.);
#2688=ORIENTED_EDGE('',*,*,#1963,.F.);
#2689=ORIENTED_EDGE('',*,*,#1964,.T.);
#2690=ORIENTED_EDGE('',*,*,#1965,.F.);
#2691=ORIENTED_EDGE('',*,*,#1964,.F.);
#2692=ORIENTED_EDGE('',*,*,#1966,.F.);
#2693=ORIENTED_EDGE('',*,*,#1956,.T.);
#2694=ORIENTED_EDGE('',*,*,#1967,.F.);
#2695=ORIENTED_EDGE('',*,*,#1968,.F.);
#2696=ORIENTED_EDGE('',*,*,#1969,.F.);
#2697=ORIENTED_EDGE('',*,*,#1970,.T.);
#2698=ORIENTED_EDGE('',*,*,#1971,.F.);
#2699=ORIENTED_EDGE('',*,*,#1970,.F.);
#2700=ORIENTED_EDGE('',*,*,#1972,.F.);
#2701=ORIENTED_EDGE('',*,*,#1973,.F.);
#2702=ORIENTED_EDGE('',*,*,#1974,.F.);
#2703=ORIENTED_EDGE('',*,*,#1973,.T.);
#2704=ORIENTED_EDGE('',*,*,#1975,.F.);
#2705=ORIENTED_EDGE('',*,*,#1976,.T.);
#2706=ORIENTED_EDGE('',*,*,#1977,.F.);
#2707=ORIENTED_EDGE('',*,*,#1976,.F.);
#2708=ORIENTED_EDGE('',*,*,#1978,.F.);
#2709=ORIENTED_EDGE('',*,*,#1979,.T.);
#2710=ORIENTED_EDGE('',*,*,#1980,.F.);
#2711=ORIENTED_EDGE('',*,*,#1979,.F.);
#2712=ORIENTED_EDGE('',*,*,#1981,.F.);
#2713=ORIENTED_EDGE('',*,*,#1968,.T.);
#2714=ORIENTED_EDGE('',*,*,#1982,.F.);
#2715=ORIENTED_EDGE('',*,*,#1983,.F.);
#2716=ORIENTED_EDGE('',*,*,#1984,.F.);
#2717=ORIENTED_EDGE('',*,*,#1985,.T.);
#2718=ORIENTED_EDGE('',*,*,#1986,.F.);
#2719=ORIENTED_EDGE('',*,*,#1985,.F.);
#2720=ORIENTED_EDGE('',*,*,#1987,.F.);
#2721=ORIENTED_EDGE('',*,*,#1988,.T.);
#2722=ORIENTED_EDGE('',*,*,#1989,.F.);
#2723=ORIENTED_EDGE('',*,*,#1988,.F.);
#2724=ORIENTED_EDGE('',*,*,#1990,.F.);
#2725=ORIENTED_EDGE('',*,*,#1991,.T.);
#2726=ORIENTED_EDGE('',*,*,#1992,.F.);
#2727=ORIENTED_EDGE('',*,*,#1991,.F.);
#2728=ORIENTED_EDGE('',*,*,#1993,.F.);
#2729=ORIENTED_EDGE('',*,*,#1994,.F.);
#2730=ORIENTED_EDGE('',*,*,#1995,.F.);
#2731=ORIENTED_EDGE('',*,*,#1994,.T.);
#2732=ORIENTED_EDGE('',*,*,#1996,.F.);
#2733=ORIENTED_EDGE('',*,*,#1997,.T.);
#2734=ORIENTED_EDGE('',*,*,#1998,.F.);
#2735=ORIENTED_EDGE('',*,*,#1997,.F.);
#2736=ORIENTED_EDGE('',*,*,#1999,.F.);
#2737=ORIENTED_EDGE('',*,*,#2000,.T.);
#2738=ORIENTED_EDGE('',*,*,#2001,.F.);
#2739=ORIENTED_EDGE('',*,*,#2000,.F.);
#2740=ORIENTED_EDGE('',*,*,#2002,.F.);
#2741=ORIENTED_EDGE('',*,*,#2003,.T.);
#2742=ORIENTED_EDGE('',*,*,#2004,.F.);
#2743=ORIENTED_EDGE('',*,*,#2003,.F.);
#2744=ORIENTED_EDGE('',*,*,#2005,.F.);
#2745=ORIENTED_EDGE('',*,*,#2006,.T.);
#2746=ORIENTED_EDGE('',*,*,#2007,.F.);
#2747=ORIENTED_EDGE('',*,*,#2006,.F.);
#2748=ORIENTED_EDGE('',*,*,#2008,.F.);
#2749=ORIENTED_EDGE('',*,*,#1983,.T.);
#2750=ORIENTED_EDGE('',*,*,#2009,.F.);
#2751=ORIENTED_EDGE('',*,*,#2010,.F.);
#2752=ORIENTED_EDGE('',*,*,#2011,.F.);
#2753=ORIENTED_EDGE('',*,*,#2012,.T.);
#2754=ORIENTED_EDGE('',*,*,#2013,.F.);
#2755=ORIENTED_EDGE('',*,*,#2012,.F.);
#2756=ORIENTED_EDGE('',*,*,#2014,.F.);
#2757=ORIENTED_EDGE('',*,*,#2015,.T.);
#2758=ORIENTED_EDGE('',*,*,#2016,.F.);
#2759=ORIENTED_EDGE('',*,*,#2015,.F.);
#2760=ORIENTED_EDGE('',*,*,#2017,.F.);
#2761=ORIENTED_EDGE('',*,*,#2018,.F.);
#2762=ORIENTED_EDGE('',*,*,#2019,.F.);
#2763=ORIENTED_EDGE('',*,*,#2018,.T.);
#2764=ORIENTED_EDGE('',*,*,#2020,.F.);
#2765=ORIENTED_EDGE('',*,*,#2021,.T.);
#2766=ORIENTED_EDGE('',*,*,#2022,.F.);
#2767=ORIENTED_EDGE('',*,*,#2021,.F.);
#2768=ORIENTED_EDGE('',*,*,#2023,.F.);
#2769=ORIENTED_EDGE('',*,*,#2024,.T.);
#2770=ORIENTED_EDGE('',*,*,#2025,.F.);
#2771=ORIENTED_EDGE('',*,*,#2024,.F.);
#2772=ORIENTED_EDGE('',*,*,#2026,.F.);
#2773=ORIENTED_EDGE('',*,*,#2010,.T.);
#2774=ORIENTED_EDGE('',*,*,#2027,.F.);
#2775=ORIENTED_EDGE('',*,*,#2028,.F.);
#2776=ORIENTED_EDGE('',*,*,#2029,.F.);
#2777=ORIENTED_EDGE('',*,*,#2030,.T.);
#2778=ORIENTED_EDGE('',*,*,#2031,.F.);
#2779=ORIENTED_EDGE('',*,*,#2030,.F.);
#2780=ORIENTED_EDGE('',*,*,#2032,.F.);
#2781=ORIENTED_EDGE('',*,*,#2033,.F.);
#2782=ORIENTED_EDGE('',*,*,#2034,.F.);
#2783=ORIENTED_EDGE('',*,*,#2033,.T.);
#2784=ORIENTED_EDGE('',*,*,#2035,.F.);
#2785=ORIENTED_EDGE('',*,*,#2036,.T.);
#2786=ORIENTED_EDGE('',*,*,#2037,.F.);
#2787=ORIENTED_EDGE('',*,*,#2036,.F.);
#2788=ORIENTED_EDGE('',*,*,#2038,.F.);
#2789=ORIENTED_EDGE('',*,*,#2039,.T.);
#2790=ORIENTED_EDGE('',*,*,#2040,.F.);
#2791=ORIENTED_EDGE('',*,*,#2039,.F.);
#2792=ORIENTED_EDGE('',*,*,#2041,.F.);
#2793=ORIENTED_EDGE('',*,*,#2028,.T.);
#2794=ORIENTED_EDGE('',*,*,#2042,.F.);
#2795=ORIENTED_EDGE('',*,*,#2043,.F.);
#2796=ORIENTED_EDGE('',*,*,#2044,.F.);
#2797=ORIENTED_EDGE('',*,*,#2045,.T.);
#2798=ORIENTED_EDGE('',*,*,#2046,.F.);
#2799=ORIENTED_EDGE('',*,*,#2045,.F.);
#2800=ORIENTED_EDGE('',*,*,#2047,.F.);
#2801=ORIENTED_EDGE('',*,*,#2048,.F.);
#2802=ORIENTED_EDGE('',*,*,#2049,.F.);
#2803=ORIENTED_EDGE('',*,*,#2048,.T.);
#2804=ORIENTED_EDGE('',*,*,#2050,.F.);
#2805=ORIENTED_EDGE('',*,*,#2051,.T.);
#2806=ORIENTED_EDGE('',*,*,#2052,.F.);
#2807=ORIENTED_EDGE('',*,*,#2051,.F.);
#2808=ORIENTED_EDGE('',*,*,#2053,.F.);
#2809=ORIENTED_EDGE('',*,*,#2054,.T.);
#2810=ORIENTED_EDGE('',*,*,#2055,.F.);
#2811=ORIENTED_EDGE('',*,*,#2054,.F.);
#2812=ORIENTED_EDGE('',*,*,#2056,.F.);
#2813=ORIENTED_EDGE('',*,*,#2043,.T.);
#2814=ORIENTED_EDGE('',*,*,#2057,.F.);
#2815=ORIENTED_EDGE('',*,*,#2058,.F.);
#2816=ORIENTED_EDGE('',*,*,#2059,.F.);
#2817=ORIENTED_EDGE('',*,*,#2060,.T.);
#2818=ORIENTED_EDGE('',*,*,#2061,.F.);
#2819=ORIENTED_EDGE('',*,*,#2060,.F.);
#2820=ORIENTED_EDGE('',*,*,#2062,.F.);
#2821=ORIENTED_EDGE('',*,*,#2063,.F.);
#2822=ORIENTED_EDGE('',*,*,#2064,.F.);
#2823=ORIENTED_EDGE('',*,*,#2063,.T.);
#2824=ORIENTED_EDGE('',*,*,#2065,.F.);
#2825=ORIENTED_EDGE('',*,*,#2066,.T.);
#2826=ORIENTED_EDGE('',*,*,#2067,.F.);
#2827=ORIENTED_EDGE('',*,*,#2066,.F.);
#2828=ORIENTED_EDGE('',*,*,#2068,.F.);
#2829=ORIENTED_EDGE('',*,*,#2069,.T.);
#2830=ORIENTED_EDGE('',*,*,#2070,.F.);
#2831=ORIENTED_EDGE('',*,*,#2069,.F.);
#2832=ORIENTED_EDGE('',*,*,#2071,.F.);
#2833=ORIENTED_EDGE('',*,*,#2058,.T.);
#2834=ORIENTED_EDGE('',*,*,#2072,.F.);
#2835=ORIENTED_EDGE('',*,*,#2073,.F.);
#2836=ORIENTED_EDGE('',*,*,#2074,.F.);
#2837=ORIENTED_EDGE('',*,*,#2075,.T.);
#2838=ORIENTED_EDGE('',*,*,#2076,.F.);
#2839=ORIENTED_EDGE('',*,*,#2075,.F.);
#2840=ORIENTED_EDGE('',*,*,#2077,.F.);
#2841=ORIENTED_EDGE('',*,*,#2078,.F.);
#2842=ORIENTED_EDGE('',*,*,#2079,.F.);
#2843=ORIENTED_EDGE('',*,*,#2078,.T.);
#2844=ORIENTED_EDGE('',*,*,#2080,.F.);
#2845=ORIENTED_EDGE('',*,*,#2081,.T.);
#2846=ORIENTED_EDGE('',*,*,#2082,.F.);
#2847=ORIENTED_EDGE('',*,*,#2081,.F.);
#2848=ORIENTED_EDGE('',*,*,#2083,.F.);
#2849=ORIENTED_EDGE('',*,*,#2073,.T.);
#2850=ORIENTED_EDGE('',*,*,#2084,.F.);
#2851=ORIENTED_EDGE('',*,*,#2085,.F.);
#2852=ORIENTED_EDGE('',*,*,#2086,.F.);
#2853=ORIENTED_EDGE('',*,*,#2087,.T.);
#2854=ORIENTED_EDGE('',*,*,#2088,.F.);
#2855=ORIENTED_EDGE('',*,*,#2087,.F.);
#2856=ORIENTED_EDGE('',*,*,#2089,.F.);
#2857=ORIENTED_EDGE('',*,*,#2090,.T.);
#2858=ORIENTED_EDGE('',*,*,#2091,.F.);
#2859=ORIENTED_EDGE('',*,*,#2090,.F.);
#2860=ORIENTED_EDGE('',*,*,#2092,.F.);
#2861=ORIENTED_EDGE('',*,*,#2093,.F.);
#2862=ORIENTED_EDGE('',*,*,#2094,.F.);
#2863=ORIENTED_EDGE('',*,*,#2093,.T.);
#2864=ORIENTED_EDGE('',*,*,#2095,.F.);
#2865=ORIENTED_EDGE('',*,*,#2096,.T.);
#2866=ORIENTED_EDGE('',*,*,#2097,.F.);
#2867=ORIENTED_EDGE('',*,*,#2096,.F.);
#2868=ORIENTED_EDGE('',*,*,#2098,.F.);
#2869=ORIENTED_EDGE('',*,*,#2099,.T.);
#2870=ORIENTED_EDGE('',*,*,#2100,.F.);
#2871=ORIENTED_EDGE('',*,*,#2099,.F.);
#2872=ORIENTED_EDGE('',*,*,#2101,.F.);
#2873=ORIENTED_EDGE('',*,*,#2085,.T.);
#2874=ORIENTED_EDGE('',*,*,#2102,.F.);
#2875=ORIENTED_EDGE('',*,*,#2103,.F.);
#2876=ORIENTED_EDGE('',*,*,#2104,.F.);
#2877=ORIENTED_EDGE('',*,*,#2105,.T.);
#2878=ORIENTED_EDGE('',*,*,#2106,.F.);
#2879=ORIENTED_EDGE('',*,*,#2105,.F.);
#2880=ORIENTED_EDGE('',*,*,#2107,.F.);
#2881=ORIENTED_EDGE('',*,*,#2108,.F.);
#2882=ORIENTED_EDGE('',*,*,#2109,.F.);
#2883=ORIENTED_EDGE('',*,*,#2108,.T.);
#2884=ORIENTED_EDGE('',*,*,#2110,.F.);
#2885=ORIENTED_EDGE('',*,*,#2111,.T.);
#2886=ORIENTED_EDGE('',*,*,#2112,.F.);
#2887=ORIENTED_EDGE('',*,*,#2111,.F.);
#2888=ORIENTED_EDGE('',*,*,#2113,.F.);
#2889=ORIENTED_EDGE('',*,*,#2114,.T.);
#2890=ORIENTED_EDGE('',*,*,#2115,.F.);
#2891=ORIENTED_EDGE('',*,*,#2114,.F.);
#2892=ORIENTED_EDGE('',*,*,#2116,.F.);
#2893=ORIENTED_EDGE('',*,*,#2103,.T.);
#2894=ORIENTED_EDGE('',*,*,#2117,.F.);
#2895=ORIENTED_EDGE('',*,*,#2118,.F.);
#2896=ORIENTED_EDGE('',*,*,#2119,.F.);
#2897=ORIENTED_EDGE('',*,*,#2120,.T.);
#2898=ORIENTED_EDGE('',*,*,#2121,.F.);
#2899=ORIENTED_EDGE('',*,*,#2120,.F.);
#2900=ORIENTED_EDGE('',*,*,#2122,.F.);
#2901=ORIENTED_EDGE('',*,*,#2123,.F.);
#2902=ORIENTED_EDGE('',*,*,#2124,.F.);
#2903=ORIENTED_EDGE('',*,*,#2123,.T.);
#2904=ORIENTED_EDGE('',*,*,#2125,.F.);
#2905=ORIENTED_EDGE('',*,*,#2126,.T.);
#2906=ORIENTED_EDGE('',*,*,#2127,.F.);
#2907=ORIENTED_EDGE('',*,*,#2126,.F.);
#2908=ORIENTED_EDGE('',*,*,#2128,.F.);
#2909=ORIENTED_EDGE('',*,*,#2129,.T.);
#2910=ORIENTED_EDGE('',*,*,#2130,.F.);
#2911=ORIENTED_EDGE('',*,*,#2129,.F.);
#2912=ORIENTED_EDGE('',*,*,#2131,.F.);
#2913=ORIENTED_EDGE('',*,*,#2118,.T.);
#2914=ORIENTED_EDGE('',*,*,#2132,.F.);
#2915=ORIENTED_EDGE('',*,*,#2133,.F.);
#2916=ORIENTED_EDGE('',*,*,#2134,.F.);
#2917=ORIENTED_EDGE('',*,*,#2135,.T.);
#2918=ORIENTED_EDGE('',*,*,#2136,.F.);
#2919=ORIENTED_EDGE('',*,*,#2135,.F.);
#2920=ORIENTED_EDGE('',*,*,#2137,.F.);
#2921=ORIENTED_EDGE('',*,*,#2138,.T.);
#2922=ORIENTED_EDGE('',*,*,#2139,.F.);
#2923=ORIENTED_EDGE('',*,*,#2138,.F.);
#2924=ORIENTED_EDGE('',*,*,#2140,.F.);
#2925=ORIENTED_EDGE('',*,*,#2141,.F.);
#2926=ORIENTED_EDGE('',*,*,#2142,.F.);
#2927=ORIENTED_EDGE('',*,*,#2141,.T.);
#2928=ORIENTED_EDGE('',*,*,#2143,.F.);
#2929=ORIENTED_EDGE('',*,*,#2144,.T.);
#2930=ORIENTED_EDGE('',*,*,#2145,.F.);
#2931=ORIENTED_EDGE('',*,*,#2144,.F.);
#2932=ORIENTED_EDGE('',*,*,#2146,.F.);
#2933=ORIENTED_EDGE('',*,*,#2147,.T.);
#2934=ORIENTED_EDGE('',*,*,#2148,.F.);
#2935=ORIENTED_EDGE('',*,*,#2147,.F.);
#2936=ORIENTED_EDGE('',*,*,#2149,.F.);
#2937=ORIENTED_EDGE('',*,*,#2150,.T.);
#2938=ORIENTED_EDGE('',*,*,#2151,.F.);
#2939=ORIENTED_EDGE('',*,*,#2150,.F.);
#2940=ORIENTED_EDGE('',*,*,#2152,.F.);
#2941=ORIENTED_EDGE('',*,*,#2133,.T.);
#2942=ORIENTED_EDGE('',*,*,#2153,.F.);
#2943=ORIENTED_EDGE('',*,*,#1829,.F.);
#2944=ORIENTED_EDGE('',*,*,#1746,.F.);
#2945=ORIENTED_EDGE('',*,*,#1732,.F.);
#2946=ORIENTED_EDGE('',*,*,#1740,.F.);
#2947=ORIENTED_EDGE('',*,*,#1951,.T.);
#2948=ORIENTED_EDGE('',*,*,#1855,.F.);
#2949=ORIENTED_EDGE('',*,*,#1952,.F.);
#2950=ORIENTED_EDGE('',*,*,#1838,.F.);
#2951=ORIENTED_EDGE('',*,*,#1936,.F.);
#2952=ORIENTED_EDGE('',*,*,#1810,.T.);
#2953=ORIENTED_EDGE('',*,*,#1814,.F.);
#2954=ORIENTED_EDGE('',*,*,#1927,.F.);
#2955=ORIENTED_EDGE('',*,*,#1962,.T.);
#2956=ORIENTED_EDGE('',*,*,#1965,.T.);
#2957=ORIENTED_EDGE('',*,*,#1955,.T.);
#2958=ORIENTED_EDGE('',*,*,#1959,.T.);
#2959=ORIENTED_EDGE('',*,*,#1974,.T.);
#2960=ORIENTED_EDGE('',*,*,#1977,.T.);
#2961=ORIENTED_EDGE('',*,*,#1980,.T.);
#2962=ORIENTED_EDGE('',*,*,#1967,.T.);
#2963=ORIENTED_EDGE('',*,*,#1971,.T.);
#2964=ORIENTED_EDGE('',*,*,#1995,.T.);
#2965=ORIENTED_EDGE('',*,*,#1998,.T.);
#2966=ORIENTED_EDGE('',*,*,#2001,.T.);
#2967=ORIENTED_EDGE('',*,*,#2004,.T.);
#2968=ORIENTED_EDGE('',*,*,#2007,.T.);
#2969=ORIENTED_EDGE('',*,*,#1982,.T.);
#2970=ORIENTED_EDGE('',*,*,#1986,.T.);
#2971=ORIENTED_EDGE('',*,*,#1989,.T.);
#2972=ORIENTED_EDGE('',*,*,#1992,.T.);
#2973=ORIENTED_EDGE('',*,*,#2019,.T.);
#2974=ORIENTED_EDGE('',*,*,#2022,.T.);
#2975=ORIENTED_EDGE('',*,*,#2025,.T.);
#2976=ORIENTED_EDGE('',*,*,#2009,.T.);
#2977=ORIENTED_EDGE('',*,*,#2013,.T.);
#2978=ORIENTED_EDGE('',*,*,#2016,.T.);
#2979=ORIENTED_EDGE('',*,*,#2034,.T.);
#2980=ORIENTED_EDGE('',*,*,#2037,.T.);
#2981=ORIENTED_EDGE('',*,*,#2040,.T.);
#2982=ORIENTED_EDGE('',*,*,#2027,.T.);
#2983=ORIENTED_EDGE('',*,*,#2031,.T.);
#2984=ORIENTED_EDGE('',*,*,#2049,.T.);
#2985=ORIENTED_EDGE('',*,*,#2052,.T.);
#2986=ORIENTED_EDGE('',*,*,#2055,.T.);
#2987=ORIENTED_EDGE('',*,*,#2042,.T.);
#2988=ORIENTED_EDGE('',*,*,#2046,.T.);
#2989=ORIENTED_EDGE('',*,*,#2064,.T.);
#2990=ORIENTED_EDGE('',*,*,#2067,.T.);
#2991=ORIENTED_EDGE('',*,*,#2070,.T.);
#2992=ORIENTED_EDGE('',*,*,#2057,.T.);
#2993=ORIENTED_EDGE('',*,*,#2061,.T.);
#2994=ORIENTED_EDGE('',*,*,#2079,.T.);
#2995=ORIENTED_EDGE('',*,*,#2082,.T.);
#2996=ORIENTED_EDGE('',*,*,#2072,.T.);
#2997=ORIENTED_EDGE('',*,*,#2076,.T.);
#2998=ORIENTED_EDGE('',*,*,#2094,.T.);
#2999=ORIENTED_EDGE('',*,*,#2097,.T.);
#3000=ORIENTED_EDGE('',*,*,#2100,.T.);
#3001=ORIENTED_EDGE('',*,*,#2084,.T.);
#3002=ORIENTED_EDGE('',*,*,#2088,.T.);
#3003=ORIENTED_EDGE('',*,*,#2091,.T.);
#3004=ORIENTED_EDGE('',*,*,#2109,.T.);
#3005=ORIENTED_EDGE('',*,*,#2112,.T.);
#3006=ORIENTED_EDGE('',*,*,#2115,.T.);
#3007=ORIENTED_EDGE('',*,*,#2102,.T.);
#3008=ORIENTED_EDGE('',*,*,#2106,.T.);
#3009=ORIENTED_EDGE('',*,*,#2124,.T.);
#3010=ORIENTED_EDGE('',*,*,#2127,.T.);
#3011=ORIENTED_EDGE('',*,*,#2130,.T.);
#3012=ORIENTED_EDGE('',*,*,#2117,.T.);
#3013=ORIENTED_EDGE('',*,*,#2121,.T.);
#3014=ORIENTED_EDGE('',*,*,#2142,.T.);
#3015=ORIENTED_EDGE('',*,*,#2145,.T.);
#3016=ORIENTED_EDGE('',*,*,#2148,.T.);
#3017=ORIENTED_EDGE('',*,*,#2151,.T.);
#3018=ORIENTED_EDGE('',*,*,#2132,.T.);
#3019=ORIENTED_EDGE('',*,*,#2136,.T.);
#3020=ORIENTED_EDGE('',*,*,#2139,.T.);
#3021=ORIENTED_EDGE('',*,*,#1933,.F.);
#3022=ORIENTED_EDGE('',*,*,#1935,.F.);
#3023=ORIENTED_EDGE('',*,*,#1812,.F.);
#3024=ORIENTED_EDGE('',*,*,#1937,.F.);
#3025=ORIENTED_EDGE('',*,*,#1840,.F.);
#3026=ORIENTED_EDGE('',*,*,#1953,.T.);
#3027=ORIENTED_EDGE('',*,*,#1853,.F.);
#3028=ORIENTED_EDGE('',*,*,#1954,.F.);
#3029=ORIENTED_EDGE('',*,*,#1734,.F.);
#3030=ORIENTED_EDGE('',*,*,#1730,.F.);
#3031=ORIENTED_EDGE('',*,*,#1751,.T.);
#3032=ORIENTED_EDGE('',*,*,#1833,.F.);
#3033=ORIENTED_EDGE('',*,*,#2154,.F.);
#3034=ORIENTED_EDGE('',*,*,#1963,.T.);
#3035=ORIENTED_EDGE('',*,*,#1960,.T.);
#3036=ORIENTED_EDGE('',*,*,#1957,.T.);
#3037=ORIENTED_EDGE('',*,*,#1966,.T.);
#3038=ORIENTED_EDGE('',*,*,#1975,.T.);
#3039=ORIENTED_EDGE('',*,*,#1972,.T.);
#3040=ORIENTED_EDGE('',*,*,#1969,.T.);
#3041=ORIENTED_EDGE('',*,*,#1981,.T.);
#3042=ORIENTED_EDGE('',*,*,#1978,.T.);
#3043=ORIENTED_EDGE('',*,*,#1996,.T.);
#3044=ORIENTED_EDGE('',*,*,#1993,.T.);
#3045=ORIENTED_EDGE('',*,*,#1990,.T.);
#3046=ORIENTED_EDGE('',*,*,#1987,.T.);
#3047=ORIENTED_EDGE('',*,*,#1984,.T.);
#3048=ORIENTED_EDGE('',*,*,#2008,.T.);
#3049=ORIENTED_EDGE('',*,*,#2005,.T.);
#3050=ORIENTED_EDGE('',*,*,#2002,.T.);
#3051=ORIENTED_EDGE('',*,*,#1999,.T.);
#3052=ORIENTED_EDGE('',*,*,#2020,.T.);
#3053=ORIENTED_EDGE('',*,*,#2017,.T.);
#3054=ORIENTED_EDGE('',*,*,#2014,.T.);
#3055=ORIENTED_EDGE('',*,*,#2011,.T.);
#3056=ORIENTED_EDGE('',*,*,#2026,.T.);
#3057=ORIENTED_EDGE('',*,*,#2023,.T.);
#3058=ORIENTED_EDGE('',*,*,#2035,.T.);
#3059=ORIENTED_EDGE('',*,*,#2032,.T.);
#3060=ORIENTED_EDGE('',*,*,#2029,.T.);
#3061=ORIENTED_EDGE('',*,*,#2041,.T.);
#3062=ORIENTED_EDGE('',*,*,#2038,.T.);
#3063=ORIENTED_EDGE('',*,*,#2050,.T.);
#3064=ORIENTED_EDGE('',*,*,#2047,.T.);
#3065=ORIENTED_EDGE('',*,*,#2044,.T.);
#3066=ORIENTED_EDGE('',*,*,#2056,.T.);
#3067=ORIENTED_EDGE('',*,*,#2053,.T.);
#3068=ORIENTED_EDGE('',*,*,#2065,.T.);
#3069=ORIENTED_EDGE('',*,*,#2062,.T.);
#3070=ORIENTED_EDGE('',*,*,#2059,.T.);
#3071=ORIENTED_EDGE('',*,*,#2071,.T.);
#3072=ORIENTED_EDGE('',*,*,#2068,.T.);
#3073=ORIENTED_EDGE('',*,*,#2080,.T.);
#3074=ORIENTED_EDGE('',*,*,#2077,.T.);
#3075=ORIENTED_EDGE('',*,*,#2074,.T.);
#3076=ORIENTED_EDGE('',*,*,#2083,.T.);
#3077=ORIENTED_EDGE('',*,*,#2095,.T.);
#3078=ORIENTED_EDGE('',*,*,#2092,.T.);
#3079=ORIENTED_EDGE('',*,*,#2089,.T.);
#3080=ORIENTED_EDGE('',*,*,#2086,.T.);
#3081=ORIENTED_EDGE('',*,*,#2101,.T.);
#3082=ORIENTED_EDGE('',*,*,#2098,.T.);
#3083=ORIENTED_EDGE('',*,*,#2110,.T.);
#3084=ORIENTED_EDGE('',*,*,#2107,.T.);
#3085=ORIENTED_EDGE('',*,*,#2104,.T.);
#3086=ORIENTED_EDGE('',*,*,#2116,.T.);
#3087=ORIENTED_EDGE('',*,*,#2113,.T.);
#3088=ORIENTED_EDGE('',*,*,#2125,.T.);
#3089=ORIENTED_EDGE('',*,*,#2122,.T.);
#3090=ORIENTED_EDGE('',*,*,#2119,.T.);
#3091=ORIENTED_EDGE('',*,*,#2131,.T.);
#3092=ORIENTED_EDGE('',*,*,#2128,.T.);
#3093=ORIENTED_EDGE('',*,*,#2143,.T.);
#3094=ORIENTED_EDGE('',*,*,#2140,.T.);
#3095=ORIENTED_EDGE('',*,*,#2137,.T.);
#3096=ORIENTED_EDGE('',*,*,#2134,.T.);
#3097=ORIENTED_EDGE('',*,*,#2152,.T.);
#3098=ORIENTED_EDGE('',*,*,#2149,.T.);
#3099=ORIENTED_EDGE('',*,*,#2146,.T.);
#3100=ORIENTED_EDGE('',*,*,#1748,.T.);
#3101=ORIENTED_EDGE('',*,*,#1828,.F.);
#3102=ORIENTED_EDGE('',*,*,#2155,.T.);
#3103=ORIENTED_EDGE('',*,*,#2156,.F.);
#3104=ORIENTED_EDGE('',*,*,#1744,.F.);
#3105=ORIENTED_EDGE('',*,*,#2153,.T.);
#3106=ORIENTED_EDGE('',*,*,#1926,.F.);
#3107=ORIENTED_EDGE('',*,*,#1906,.F.);
#3108=ORIENTED_EDGE('',*,*,#1928,.F.);
#3109=ORIENTED_EDGE('',*,*,#1904,.F.);
#3110=ORIENTED_EDGE('',*,*,#1931,.F.);
#3111=ORIENTED_EDGE('',*,*,#2157,.F.);
#3112=ORIENTED_EDGE('',*,*,#1830,.F.);
#3113=ORIENTED_EDGE('',*,*,#2154,.T.);
#3114=ORIENTED_EDGE('',*,*,#1832,.F.);
#3115=ORIENTED_EDGE('',*,*,#2158,.T.);
#3116=ORIENTED_EDGE('',*,*,#1929,.F.);
#3117=ORIENTED_EDGE('',*,*,#1903,.F.);
#3118=ORIENTED_EDGE('',*,*,#1932,.F.);
#3119=ORIENTED_EDGE('',*,*,#1909,.F.);
#3120=ORIENTED_EDGE('',*,*,#1934,.F.);
#3121=ORIENTED_EDGE('',*,*,#2159,.F.);
#3122=ORIENTED_EDGE('',*,*,#2160,.T.);
#3123=ORIENTED_EDGE('',*,*,#2161,.T.);
#3124=ORIENTED_EDGE('',*,*,#2162,.F.);
#3125=ORIENTED_EDGE('',*,*,#2163,.F.);
#3126=ORIENTED_EDGE('',*,*,#2164,.T.);
#3127=ORIENTED_EDGE('',*,*,#2165,.T.);
#3128=ORIENTED_EDGE('',*,*,#2160,.F.);
#3129=ORIENTED_EDGE('',*,*,#2166,.F.);
#3130=ORIENTED_EDGE('',*,*,#2167,.T.);
#3131=ORIENTED_EDGE('',*,*,#2168,.T.);
#3132=ORIENTED_EDGE('',*,*,#2164,.F.);
#3133=ORIENTED_EDGE('',*,*,#2169,.F.);
#3134=ORIENTED_EDGE('',*,*,#2170,.T.);
#3135=ORIENTED_EDGE('',*,*,#2171,.T.);
#3136=ORIENTED_EDGE('',*,*,#2167,.F.);
#3137=ORIENTED_EDGE('',*,*,#2172,.F.);
#3138=ORIENTED_EDGE('',*,*,#2173,.T.);
#3139=ORIENTED_EDGE('',*,*,#2174,.T.);
#3140=ORIENTED_EDGE('',*,*,#2170,.F.);
#3141=ORIENTED_EDGE('',*,*,#2175,.F.);
#3142=ORIENTED_EDGE('',*,*,#2162,.T.);
#3143=ORIENTED_EDGE('',*,*,#2176,.T.);
#3144=ORIENTED_EDGE('',*,*,#2173,.F.);
#3145=ORIENTED_EDGE('',*,*,#2176,.F.);
#3146=ORIENTED_EDGE('',*,*,#2161,.F.);
#3147=ORIENTED_EDGE('',*,*,#2165,.F.);
#3148=ORIENTED_EDGE('',*,*,#2168,.F.);
#3149=ORIENTED_EDGE('',*,*,#2171,.F.);
#3150=ORIENTED_EDGE('',*,*,#2174,.F.);
#3151=ORIENTED_EDGE('',*,*,#1788,.T.);
#3152=ORIENTED_EDGE('',*,*,#1791,.T.);
#3153=ORIENTED_EDGE('',*,*,#1824,.F.);
#3154=ORIENTED_EDGE('',*,*,#2177,.T.);
#3155=ORIENTED_EDGE('',*,*,#2178,.F.);
#3156=ORIENTED_EDGE('',*,*,#2179,.F.);
#3157=ORIENTED_EDGE('',*,*,#1825,.T.);
#3158=ORIENTED_EDGE('',*,*,#2179,.T.);
#3159=ORIENTED_EDGE('',*,*,#2180,.F.);
#3160=ORIENTED_EDGE('',*,*,#2181,.F.);
#3161=ORIENTED_EDGE('',*,*,#1826,.T.);
#3162=ORIENTED_EDGE('',*,*,#2181,.T.);
#3163=ORIENTED_EDGE('',*,*,#2182,.F.);
#3164=ORIENTED_EDGE('',*,*,#2183,.F.);
#3165=ORIENTED_EDGE('',*,*,#1827,.T.);
#3166=ORIENTED_EDGE('',*,*,#2183,.T.);
#3167=ORIENTED_EDGE('',*,*,#2184,.F.);
#3168=ORIENTED_EDGE('',*,*,#2155,.F.);
#3169=ORIENTED_EDGE('',*,*,#1831,.T.);
#3170=ORIENTED_EDGE('',*,*,#2157,.T.);
#3171=ORIENTED_EDGE('',*,*,#1930,.F.);
#3172=ORIENTED_EDGE('',*,*,#2158,.F.);
#3173=ORIENTED_EDGE('',*,*,#1749,.T.);
#3174=ORIENTED_EDGE('',*,*,#1742,.F.);
#3175=ORIENTED_EDGE('',*,*,#2185,.F.);
#3176=ORIENTED_EDGE('',*,*,#2186,.F.);
#3177=ORIENTED_EDGE('',*,*,#1822,.F.);
#3178=ORIENTED_EDGE('',*,*,#1823,.T.);
#3179=ORIENTED_EDGE('',*,*,#2186,.T.);
#3180=ORIENTED_EDGE('',*,*,#2187,.F.);
#3181=ORIENTED_EDGE('',*,*,#2177,.F.);
#3182=ORIENTED_EDGE('',*,*,#1745,.F.);
#3183=ORIENTED_EDGE('',*,*,#2156,.T.);
#3184=ORIENTED_EDGE('',*,*,#2184,.T.);
#3185=ORIENTED_EDGE('',*,*,#2182,.T.);
#3186=ORIENTED_EDGE('',*,*,#2180,.T.);
#3187=ORIENTED_EDGE('',*,*,#2178,.T.);
#3188=ORIENTED_EDGE('',*,*,#2187,.T.);
#3189=ORIENTED_EDGE('',*,*,#2185,.T.);
#3190=ORIENTED_EDGE('',*,*,#2159,.T.);
#3191=ORIENTED_EDGE('',*,*,#2175,.T.);
#3192=ORIENTED_EDGE('',*,*,#2172,.T.);
#3193=ORIENTED_EDGE('',*,*,#2169,.T.);
#3194=ORIENTED_EDGE('',*,*,#2166,.T.);
#3195=ORIENTED_EDGE('',*,*,#2163,.T.);
#3196=PLANE('',#3480);
#3197=PLANE('',#3482);
#3198=PLANE('',#3486);
#3199=PLANE('',#3487);
#3200=PLANE('',#3489);
#3201=PLANE('',#3490);
#3202=PLANE('',#3497);
#3203=PLANE('',#3499);
#3204=PLANE('',#3504);
#3205=PLANE('',#3512);
#3206=PLANE('',#3513);
#3207=PLANE('',#3514);
#3208=PLANE('',#3517);
#3209=PLANE('',#3524);
#3210=PLANE('',#3525);
#3211=PLANE('',#3532);
#3212=PLANE('',#3535);
#3213=PLANE('',#3539);
#3214=PLANE('',#3543);
#3215=PLANE('',#3547);
#3216=PLANE('',#3549);
#3217=PLANE('',#3551);
#3218=PLANE('',#3553);
#3219=PLANE('',#3559);
#3220=PLANE('',#3573);
#3221=PLANE('',#3580);
#3222=PLANE('',#3582);
#3223=PLANE('',#3586);
#3224=PLANE('',#3591);
#3225=PLANE('',#3598);
#3226=PLANE('',#3602);
#3227=PLANE('',#3603);
#3228=PLANE('',#3610);
#3229=PLANE('',#3613);
#3230=PLANE('',#3614);
#3231=PLANE('',#3617);
#3232=PLANE('',#3618);
#3233=PLANE('',#3619);
#3234=PLANE('',#3623);
#3235=PLANE('',#3624);
#3236=PLANE('',#3625);
#3237=PLANE('',#3627);
#3238=PLANE('',#3629);
#3239=PLANE('',#3632);
#3240=PLANE('',#3642);
#3241=PLANE('',#3645);
#3242=PLANE('',#3646);
#3243=PLANE('',#3649);
#3244=PLANE('',#3650);
#3245=PLANE('',#3651);
#3246=PLANE('',#3652);
#3247=PLANE('',#3653);
#3248=PLANE('',#3654);
#3249=PLANE('',#3655);
#3250=PLANE('',#3658);
#3251=PLANE('',#3660);
#3252=PLANE('',#3664);
#3253=PLANE('',#3666);
#3254=PLANE('',#3676);
#3255=PLANE('',#3681);
#3256=PLANE('',#3683);
#3257=PLANE('',#3687);
#3258=PLANE('',#3688);
#3259=PLANE('',#3692);
#3260=PLANE('',#3694);
#3261=PLANE('',#3697);
#3262=PLANE('',#3701);
#3263=PLANE('',#3705);
#3264=PLANE('',#3706);
#3265=PLANE('',#3709);
#3266=PLANE('',#3713);
#3267=PLANE('',#3717);
#3268=PLANE('',#3726);
#3269=PLANE('',#3727);
#3270=PLANE('',#3731);
#3271=PLANE('',#3732);
#3272=PLANE('',#3736);
#3273=PLANE('',#3737);
#3274=PLANE('',#3740);
#3275=PLANE('',#3748);
#3276=ADVANCED_FACE('',(#407),#3196,.T.);
#3277=ADVANCED_FACE('',(#408,#359),#3197,.F.);
#3278=ADVANCED_FACE('',(#409),#3198,.F.);
#3279=ADVANCED_FACE('',(#410),#3199,.T.);
#3280=ADVANCED_FACE('',(#411),#3200,.T.);
#3281=ADVANCED_FACE('',(#412),#3201,.T.);
#3282=ADVANCED_FACE('',(#413),#305,.T.);
#3283=ADVANCED_FACE('',(#414),#3202,.F.);
#3284=ADVANCED_FACE('',(#415),#3203,.F.);
#3285=ADVANCED_FACE('',(#416),#306,.F.);
#3286=ADVANCED_FACE('',(#417),#307,.F.);
#3287=ADVANCED_FACE('',(#418,#360),#3204,.F.);
#3288=ADVANCED_FACE('',(#419),#308,.F.);
#3289=ADVANCED_FACE('',(#420),#3205,.T.);
#3290=ADVANCED_FACE('',(#421),#3206,.F.);
#3291=ADVANCED_FACE('',(#422),#3207,.T.);
#3292=ADVANCED_FACE('',(#423,#361,#362,#363,#364),#3208,.T.);
#3293=ADVANCED_FACE('',(#424),#3209,.F.);
#3294=ADVANCED_FACE('',(#425),#3210,.F.);
#3295=ADVANCED_FACE('',(#426),#309,.F.);
#3296=ADVANCED_FACE('',(#427),#310,.F.);
#3297=ADVANCED_FACE('',(#428,#365),#3211,.F.);
#3298=ADVANCED_FACE('',(#429),#311,.F.);
#3299=ADVANCED_FACE('',(#430,#366),#3212,.F.);
#3300=ADVANCED_FACE('',(#431),#312,.F.);
#3301=ADVANCED_FACE('',(#432,#367),#3213,.F.);
#3302=ADVANCED_FACE('',(#433),#313,.F.);
#3303=ADVANCED_FACE('',(#434,#368),#3214,.F.);
#3304=ADVANCED_FACE('',(#435),#314,.F.);
#3305=ADVANCED_FACE('',(#436),#3215,.T.);
#3306=ADVANCED_FACE('',(#437),#3216,.T.);
#3307=ADVANCED_FACE('',(#438),#3217,.T.);
#3308=ADVANCED_FACE('',(#439),#315,.F.);
#3309=ADVANCED_FACE('',(#440),#3218,.T.);
#3310=ADVANCED_FACE('',(#441),#65,.T.);
#3311=ADVANCED_FACE('',(#442),#316,.T.);
#3312=ADVANCED_FACE('',(#443,#369,#370,#371),#3219,.F.);
#3313=ADVANCED_FACE('',(#444),#66,.T.);
#3314=ADVANCED_FACE('',(#445,#372),#3220,.F.);
#3315=ADVANCED_FACE('',(#446),#317,.F.);
#3316=ADVANCED_FACE('',(#447,#373),#3221,.T.);
#3317=ADVANCED_FACE('',(#448,#374),#3222,.F.);
#3318=ADVANCED_FACE('',(#449),#67,.F.);
#3319=ADVANCED_FACE('',(#450,#375),#3223,.T.);
#3320=ADVANCED_FACE('',(#451),#318,.F.);
#3321=ADVANCED_FACE('',(#452),#68,.T.);
#3322=ADVANCED_FACE('',(#453,#376),#3224,.T.);
#3323=ADVANCED_FACE('',(#454),#3225,.T.);
#3324=ADVANCED_FACE('',(#455),#319,.F.);
#3325=ADVANCED_FACE('',(#456),#320,.F.);
#3326=ADVANCED_FACE('',(#457),#3226,.F.);
#3327=ADVANCED_FACE('',(#458),#3227,.F.);
#3328=ADVANCED_FACE('',(#459),#321,.F.);
#3329=ADVANCED_FACE('',(#460),#322,.F.);
#3330=ADVANCED_FACE('',(#461),#323,.F.);
#3331=ADVANCED_FACE('',(#462,#377),#3228,.F.);
#3332=ADVANCED_FACE('',(#463),#324,.F.);
#3333=ADVANCED_FACE('',(#464),#3229,.T.);
#3334=ADVANCED_FACE('',(#465),#3230,.T.);
#3335=ADVANCED_FACE('',(#466),#325,.F.);
#3336=ADVANCED_FACE('',(#467),#3231,.T.);
#3337=ADVANCED_FACE('',(#468),#3232,.T.);
#3338=ADVANCED_FACE('',(#469),#3233,.T.);
#3339=ADVANCED_FACE('',(#470),#326,.T.);
#3340=ADVANCED_FACE('',(#471),#3234,.T.);
#3341=ADVANCED_FACE('',(#472),#3235,.T.);
#3342=ADVANCED_FACE('',(#473),#3236,.F.);
#3343=ADVANCED_FACE('',(#474),#3237,.F.);
#3344=ADVANCED_FACE('',(#475),#3238,.F.);
#3345=ADVANCED_FACE('',(#476),#3239,.F.);
#3346=ADVANCED_FACE('',(#477),#327,.F.);
#3347=ADVANCED_FACE('',(#478),#328,.F.);
#3348=ADVANCED_FACE('',(#479),#329,.F.);
#3349=ADVANCED_FACE('',(#480,#378),#330,.F.);
#3350=ADVANCED_FACE('',(#481),#3240,.T.);
#3351=ADVANCED_FACE('',(#482),#331,.T.);
#3352=ADVANCED_FACE('',(#483),#3241,.T.);
#3353=ADVANCED_FACE('',(#484),#3242,.T.);
#3354=ADVANCED_FACE('',(#485),#332,.T.);
#3355=ADVANCED_FACE('',(#486),#3243,.T.);
#3356=ADVANCED_FACE('',(#487),#3244,.T.);
#3357=ADVANCED_FACE('',(#488),#3245,.T.);
#3358=ADVANCED_FACE('',(#489),#3246,.T.);
#3359=ADVANCED_FACE('',(#490),#3247,.T.);
#3360=ADVANCED_FACE('',(#491),#3248,.T.);
#3361=ADVANCED_FACE('',(#492),#3249,.T.);
#3362=ADVANCED_FACE('',(#493),#3250,.T.);
#3363=ADVANCED_FACE('',(#494),#3251,.T.);
#3364=ADVANCED_FACE('',(#495),#3252,.T.);
#3365=ADVANCED_FACE('',(#496),#3253,.T.);
#3366=ADVANCED_FACE('',(#497),#333,.F.);
#3367=ADVANCED_FACE('',(#498),#334,.F.);
#3368=ADVANCED_FACE('',(#499),#69,.F.);
#3369=ADVANCED_FACE('',(#500),#335,.F.);
#3370=ADVANCED_FACE('',(#501,#379),#3254,.T.);
#3371=ADVANCED_FACE('',(#502),#70,.T.);
#3372=ADVANCED_FACE('',(#503),#336,.T.);
#3373=ADVANCED_FACE('',(#504),#3255,.T.);
#3374=ADVANCED_FACE('',(#505),#337,.T.);
#3375=ADVANCED_FACE('',(#506),#3256,.T.);
#3376=ADVANCED_FACE('',(#507),#338,.T.);
#3377=ADVANCED_FACE('',(#508),#339,.T.);
#3378=ADVANCED_FACE('',(#509),#340,.T.);
#3379=ADVANCED_FACE('',(#510),#3257,.F.);
#3380=ADVANCED_FACE('',(#511),#15,.F.);
#3381=ADVANCED_FACE('',(#512),#16,.F.);
#3382=ADVANCED_FACE('',(#513),#17,.F.);
#3383=ADVANCED_FACE('',(#514),#18,.F.);
#3384=ADVANCED_FACE('',(#515),#19,.F.);
#3385=ADVANCED_FACE('',(#516),#20,.F.);
#3386=ADVANCED_FACE('',(#517),#21,.F.);
#3387=ADVANCED_FACE('',(#518),#22,.F.);
#3388=ADVANCED_FACE('',(#519),#23,.F.);
#3389=ADVANCED_FACE('',(#520),#3258,.F.);
#3390=ADVANCED_FACE('',(#521),#341,.F.);
#3391=ADVANCED_FACE('',(#522),#3259,.F.);
#3392=ADVANCED_FACE('',(#523),#342,.F.);
#3393=ADVANCED_FACE('',(#524),#3260,.F.);
#3394=ADVANCED_FACE('',(#525),#24,.F.);
#3395=ADVANCED_FACE('',(#526),#25,.F.);
#3396=ADVANCED_FACE('',(#527),#26,.F.);
#3397=ADVANCED_FACE('',(#528),#27,.F.);
#3398=ADVANCED_FACE('',(#529),#28,.F.);
#3399=ADVANCED_FACE('',(#530),#29,.F.);
#3400=ADVANCED_FACE('',(#531),#30,.F.);
#3401=ADVANCED_FACE('',(#532),#31,.F.);
#3402=ADVANCED_FACE('',(#533),#32,.F.);
#3403=ADVANCED_FACE('',(#534),#33,.F.);
#3404=ADVANCED_FACE('',(#535),#34,.F.);
#3405=ADVANCED_FACE('',(#536),#35,.F.);
#3406=ADVANCED_FACE('',(#537),#36,.F.);
#3407=ADVANCED_FACE('',(#538),#37,.F.);
#3408=ADVANCED_FACE('',(#539),#38,.F.);
#3409=ADVANCED_FACE('',(#540),#3261,.F.);
#3410=ADVANCED_FACE('',(#541),#343,.F.);
#3411=ADVANCED_FACE('',(#542),#39,.F.);
#3412=ADVANCED_FACE('',(#543),#40,.F.);
#3413=ADVANCED_FACE('',(#544),#41,.F.);
#3414=ADVANCED_FACE('',(#545),#42,.F.);
#3415=ADVANCED_FACE('',(#546),#43,.F.);
#3416=ADVANCED_FACE('',(#547),#44,.F.);
#3417=ADVANCED_FACE('',(#548),#45,.F.);
#3418=ADVANCED_FACE('',(#549),#46,.F.);
#3419=ADVANCED_FACE('',(#550),#47,.F.);
#3420=ADVANCED_FACE('',(#551),#48,.F.);
#3421=ADVANCED_FACE('',(#552),#49,.F.);
#3422=ADVANCED_FACE('',(#553),#50,.F.);
#3423=ADVANCED_FACE('',(#554),#51,.F.);
#3424=ADVANCED_FACE('',(#555),#3262,.F.);
#3425=ADVANCED_FACE('',(#556),#344,.F.);
#3426=ADVANCED_FACE('',(#557),#3263,.F.);
#3427=ADVANCED_FACE('',(#558),#3264,.F.);
#3428=ADVANCED_FACE('',(#559),#52,.F.);
#3429=ADVANCED_FACE('',(#560),#53,.F.);
#3430=ADVANCED_FACE('',(#561),#54,.F.);
#3431=ADVANCED_FACE('',(#562),#55,.F.);
#3432=ADVANCED_FACE('',(#563),#56,.F.);
#3433=ADVANCED_FACE('',(#564),#57,.F.);
#3434=ADVANCED_FACE('',(#565),#58,.F.);
#3435=ADVANCED_FACE('',(#566),#59,.F.);
#3436=ADVANCED_FACE('',(#567),#60,.F.);
#3437=ADVANCED_FACE('',(#568),#61,.F.);
#3438=ADVANCED_FACE('',(#569),#62,.F.);
#3439=ADVANCED_FACE('',(#570),#63,.F.);
#3440=ADVANCED_FACE('',(#571),#3265,.F.);
#3441=ADVANCED_FACE('',(#572),#345,.F.);
#3442=ADVANCED_FACE('',(#573),#3266,.F.);
#3443=ADVANCED_FACE('',(#574),#346,.F.);
#3444=ADVANCED_FACE('',(#575),#3267,.F.);
#3445=ADVANCED_FACE('',(#576),#64,.F.);
#3446=ADVANCED_FACE('',(#577,#380,#381,#382,#383,#384,#385,#386,#387,#388,
#389,#390,#391),#347,.F.);
#3447=ADVANCED_FACE('',(#578,#392,#393,#394,#395,#396,#397,#398,#399,#400,
#401,#402,#403),#348,.F.);
#3448=ADVANCED_FACE('',(#579),#349,.F.);
#3449=ADVANCED_FACE('',(#580),#350,.F.);
#3450=ADVANCED_FACE('',(#581),#351,.F.);
#3451=ADVANCED_FACE('',(#582),#3268,.F.);
#3452=ADVANCED_FACE('',(#583),#3269,.F.);
#3453=ADVANCED_FACE('',(#584),#352,.F.);
#3454=ADVANCED_FACE('',(#585),#3270,.F.);
#3455=ADVANCED_FACE('',(#586),#3271,.F.);
#3456=ADVANCED_FACE('',(#587),#353,.F.);
#3457=ADVANCED_FACE('',(#588,#404,#405),#3272,.T.);
#3458=ADVANCED_FACE('',(#589),#3273,.T.);
#3459=ADVANCED_FACE('',(#590),#354,.T.);
#3460=ADVANCED_FACE('',(#591),#3274,.T.);
#3461=ADVANCED_FACE('',(#592),#355,.T.);
#3462=ADVANCED_FACE('',(#593),#356,.T.);
#3463=ADVANCED_FACE('',(#594),#357,.F.);
#3464=ADVANCED_FACE('',(#595),#358,.T.);
#3465=ADVANCED_FACE('',(#596,#406),#3275,.T.);
#3466=CLOSED_SHELL('',(#3276,#3277,#3278,#3279,#3280,#3281,#3282,#3283,
#3284,#3285,#3286,#3287,#3288,#3289,#3290,#3291,#3292,#3293,#3294,#3295,
#3296,#3297,#3298,#3299,#3300,#3301,#3302,#3303,#3304,#3305,#3306,#3307,
#3308,#3309,#3310,#3311,#3312,#3313,#3314,#3315,#3316,#3317,#3318,#3319,
#3320,#3321,#3322,#3323,#3324,#3325,#3326,#3327,#3328,#3329,#3330,#3331,
#3332,#3333,#3334,#3335,#3336,#3337,#3338,#3339,#3340,#3341,#3342,#3343,
#3344,#3345,#3346,#3347,#3348,#3349,#3350,#3351,#3352,#3353,#3354,#3355,
#3356,#3357,#3358,#3359,#3360,#3361,#3362,#3363,#3364,#3365,#3366,#3367,
#3368,#3369,#3370,#3371,#3372,#3373,#3374,#3375,#3376,#3377,#3378,#3379,
#3380,#3381,#3382,#3383,#3384,#3385,#3386,#3387,#3388,#3389,#3390,#3391,
#3392,#3393,#3394,#3395,#3396,#3397,#3398,#3399,#3400,#3401,#3402,#3403,
#3404,#3405,#3406,#3407,#3408,#3409,#3410,#3411,#3412,#3413,#3414,#3415,
#3416,#3417,#3418,#3419,#3420,#3421,#3422,#3423,#3424,#3425,#3426,#3427,
#3428,#3429,#3430,#3431,#3432,#3433,#3434,#3435,#3436,#3437,#3438,#3439,
#3440,#3441,#3442,#3443,#3444,#3445,#3446,#3447,#3448,#3449,#3450,#3451,
#3452,#3453,#3454,#3455,#3456,#3457,#3458,#3459,#3460,#3461,#3462,#3463,
#3464,#3465));
#3467=DERIVED_UNIT_ELEMENT(#3469,1.);
#3468=DERIVED_UNIT_ELEMENT(#7484,-3.);
#3469=(
MASS_UNIT()
NAMED_UNIT(*)
SI_UNIT(.KILO.,.GRAM.)
);
#3470=DERIVED_UNIT((#3467,#3468));
#3471=MEASURE_REPRESENTATION_ITEM('density measure',
POSITIVE_RATIO_MEASURE(7850.),#3470);
#3472=PROPERTY_DEFINITION_REPRESENTATION(#3477,#3474);
#3473=PROPERTY_DEFINITION_REPRESENTATION(#3478,#3475);
#3474=REPRESENTATION('material name',(#3476),#7481);
#3475=REPRESENTATION('density',(#3471),#7481);
#3476=DESCRIPTIVE_REPRESENTATION_ITEM('Steel','Steel');
#3477=PROPERTY_DEFINITION('material property','material name',#7491);
#3478=PROPERTY_DEFINITION('material property','density of part',#7491);
#3479=AXIS2_PLACEMENT_3D('',#4538,#3749,#3750);
#3480=AXIS2_PLACEMENT_3D('',#4539,#3751,#3752);
#3481=AXIS2_PLACEMENT_3D('',#4546,#3755,#3756);
#3482=AXIS2_PLACEMENT_3D('',#4554,#3761,#3762);
#3483=AXIS2_PLACEMENT_3D('',#4557,#3763,#3764);
#3484=AXIS2_PLACEMENT_3D('',#4562,#3767,#3768);
#3485=AXIS2_PLACEMENT_3D('',#4565,#3770,#3771);
#3486=AXIS2_PLACEMENT_3D('',#4566,#3772,#3773);
#3487=AXIS2_PLACEMENT_3D('',#4574,#3778,#3779);
#3488=AXIS2_PLACEMENT_3D('',#4577,#3780,#3781);
#3489=AXIS2_PLACEMENT_3D('',#4581,#3784,#3785);
#3490=AXIS2_PLACEMENT_3D('',#4591,#3791,#3792);
#3491=AXIS2_PLACEMENT_3D('',#4600,#3797,#3798);
#3492=AXIS2_PLACEMENT_3D('',#4602,#3799,#3800);
#3493=AXIS2_PLACEMENT_3D('',#4627,#3802,#3803);
#3494=AXIS2_PLACEMENT_3D('',#4629,#3804,#3805);
#3495=AXIS2_PLACEMENT_3D('',#4632,#3807,#3808);
#3496=AXIS2_PLACEMENT_3D('',#4633,#3809,#3810);
#3497=AXIS2_PLACEMENT_3D('',#4634,#3811,#3812);
#3498=AXIS2_PLACEMENT_3D('',#4642,#3816,#3817);
#3499=AXIS2_PLACEMENT_3D('',#4644,#3819,#3820);
#3500=AXIS2_PLACEMENT_3D('',#4645,#3821,#3822);
#3501=AXIS2_PLACEMENT_3D('',#4647,#3823,#3824);
#3502=AXIS2_PLACEMENT_3D('',#4650,#3826,#3827);
#3503=AXIS2_PLACEMENT_3D('',#4651,#3828,#3829);
#3504=AXIS2_PLACEMENT_3D('',#4678,#3832,#3833);
#3505=AXIS2_PLACEMENT_3D('',#4680,#3834,#3835);
#3506=AXIS2_PLACEMENT_3D('',#4682,#3836,#3837);
#3507=AXIS2_PLACEMENT_3D('',#4686,#3839,#3840);
#3508=AXIS2_PLACEMENT_3D('',#4690,#3842,#3843);
#3509=AXIS2_PLACEMENT_3D('',#4691,#3844,#3845);
#3510=AXIS2_PLACEMENT_3D('',#4693,#3846,#3847);
#3511=AXIS2_PLACEMENT_3D('',#4694,#3848,#3849);
#3512=AXIS2_PLACEMENT_3D('',#4721,#3852,#3853);
#3513=AXIS2_PLACEMENT_3D('',#4732,#3860,#3861);
#3514=AXIS2_PLACEMENT_3D('',#4743,#3867,#3868);
#3515=AXIS2_PLACEMENT_3D('',#4746,#3870,#3871);
#3516=AXIS2_PLACEMENT_3D('',#4748,#3872,#3873);
#3517=AXIS2_PLACEMENT_3D('',#4752,#3876,#3877);
#3518=AXIS2_PLACEMENT_3D('',#4760,#3881,#3882);
#3519=AXIS2_PLACEMENT_3D('',#4779,#3892,#3893);
#3520=AXIS2_PLACEMENT_3D('',#4784,#3896,#3897);
#3521=AXIS2_PLACEMENT_3D('',#4786,#3898,#3899);
#3522=AXIS2_PLACEMENT_3D('',#4788,#3900,#3901);
#3523=AXIS2_PLACEMENT_3D('',#4790,#3902,#3903);
#3524=AXIS2_PLACEMENT_3D('',#4791,#3904,#3905);
#3525=AXIS2_PLACEMENT_3D('',#4795,#3908,#3909);
#3526=AXIS2_PLACEMENT_3D('',#4799,#3912,#3913);
#3527=AXIS2_PLACEMENT_3D('',#4801,#3914,#3915);
#3528=AXIS2_PLACEMENT_3D('',#4804,#3917,#3918);
#3529=AXIS2_PLACEMENT_3D('',#4805,#3919,#3920);
#3530=AXIS2_PLACEMENT_3D('',#4807,#3921,#3922);
#3531=AXIS2_PLACEMENT_3D('',#4810,#3924,#3925);
#3532=AXIS2_PLACEMENT_3D('',#4811,#3926,#3927);
#3533=AXIS2_PLACEMENT_3D('',#4813,#3928,#3929);
#3534=AXIS2_PLACEMENT_3D('',#4814,#3930,#3931);
#3535=AXIS2_PLACEMENT_3D('',#4816,#3933,#3934);
#3536=AXIS2_PLACEMENT_3D('',#4818,#3935,#3936);
#3537=AXIS2_PLACEMENT_3D('',#4820,#3937,#3938);
#3538=AXIS2_PLACEMENT_3D('',#4821,#3939,#3940);
#3539=AXIS2_PLACEMENT_3D('',#4823,#3942,#3943);
#3540=AXIS2_PLACEMENT_3D('',#4825,#3944,#3945);
#3541=AXIS2_PLACEMENT_3D('',#4827,#3946,#3947);
#3542=AXIS2_PLACEMENT_3D('',#4828,#3948,#3949);
#3543=AXIS2_PLACEMENT_3D('',#4830,#3951,#3952);
#3544=AXIS2_PLACEMENT_3D('',#4832,#3953,#3954);
#3545=AXIS2_PLACEMENT_3D('',#4834,#3955,#3956);
#3546=AXIS2_PLACEMENT_3D('',#4835,#3957,#3958);
#3547=AXIS2_PLACEMENT_3D('',#4837,#3960,#3961);
#3548=AXIS2_PLACEMENT_3D('',#4841,#3963,#3964);
#3549=AXIS2_PLACEMENT_3D('',#4843,#3966,#3967);
#3550=AXIS2_PLACEMENT_3D('',#4848,#3970,#3971);
#3551=AXIS2_PLACEMENT_3D('',#4849,#3972,#3973);
#3552=AXIS2_PLACEMENT_3D('',#4859,#3979,#3980);
#3553=AXIS2_PLACEMENT_3D('',#4870,#3981,#3982);
#3554=AXIS2_PLACEMENT_3D('',#4874,#3985,#3986);
#3555=AXIS2_PLACEMENT_3D('',#4876,#3987,#3988);
#3556=AXIS2_PLACEMENT_3D('',#4879,#3990,#3991);
#3557=AXIS2_PLACEMENT_3D('',#4880,#3992,#3993);
#3558=AXIS2_PLACEMENT_3D('',#4882,#3994,#3995);
#3559=AXIS2_PLACEMENT_3D('',#4884,#3997,#3998);
#3560=AXIS2_PLACEMENT_3D('',#4886,#3999,#4000);
#3561=AXIS2_PLACEMENT_3D('',#4888,#4001,#4002);
#3562=AXIS2_PLACEMENT_3D('',#4892,#4004,#4005);
#3563=AXIS2_PLACEMENT_3D('',#4896,#4007,#4008);
#3564=AXIS2_PLACEMENT_3D('',#4897,#4009,#4010);
#3565=AXIS2_PLACEMENT_3D('',#4899,#4011,#4012);
#3566=AXIS2_PLACEMENT_3D('',#4901,#4013,#4014);
#3567=AXIS2_PLACEMENT_3D('',#4903,#4015,#4016);
#3568=AXIS2_PLACEMENT_3D('',#4905,#4017,#4018);
#3569=AXIS2_PLACEMENT_3D('',#4906,#4019,#4020);
#3570=AXIS2_PLACEMENT_3D('',#4907,#4021,#4022);
#3571=AXIS2_PLACEMENT_3D('',#4909,#4023,#4024);
#3572=AXIS2_PLACEMENT_3D('',#4912,#4026,#4027);
#3573=AXIS2_PLACEMENT_3D('',#4913,#4028,#4029);
#3574=AXIS2_PLACEMENT_3D('',#4918,#4031,#4032);
#3575=AXIS2_PLACEMENT_3D('',#4920,#4033,#4034);
#3576=AXIS2_PLACEMENT_3D('',#4921,#4035,#4036);
#3577=AXIS2_PLACEMENT_3D('',#4922,#4037,#4038);
#3578=AXIS2_PLACEMENT_3D('',#4924,#4039,#4040);
#3579=AXIS2_PLACEMENT_3D('',#4927,#4042,#4043);
#3580=AXIS2_PLACEMENT_3D('',#4928,#4044,#4045);
#3581=AXIS2_PLACEMENT_3D('',#4930,#4046,#4047);
#3582=AXIS2_PLACEMENT_3D('',#4931,#4048,#4049);
#3583=AXIS2_PLACEMENT_3D('',#4932,#4050,#4051);
#3584=AXIS2_PLACEMENT_3D('',#4934,#4052,#4053);
#3585=AXIS2_PLACEMENT_3D('',#4937,#4055,#4056);
#3586=AXIS2_PLACEMENT_3D('',#4938,#4057,#4058);
#3587=AXIS2_PLACEMENT_3D('',#4940,#4059,#4060);
#3588=AXIS2_PLACEMENT_3D('',#4941,#4061,#4062);
#3589=AXIS2_PLACEMENT_3D('',#4943,#4064,#4065);
#3590=AXIS2_PLACEMENT_3D('',#4945,#4066,#4067);
#3591=AXIS2_PLACEMENT_3D('',#4947,#4069,#4070);
#3592=AXIS2_PLACEMENT_3D('',#4950,#4071,#4072);
#3593=AXIS2_PLACEMENT_3D('',#4952,#4073,#4074);
#3594=AXIS2_PLACEMENT_3D('',#4954,#4075,#4076);
#3595=AXIS2_PLACEMENT_3D('',#4956,#4077,#4078);
#3596=AXIS2_PLACEMENT_3D('',#4958,#4079,#4080);
#3597=AXIS2_PLACEMENT_3D('',#4962,#4082,#4083);
#3598=AXIS2_PLACEMENT_3D('',#4964,#4085,#4086);
#3599=AXIS2_PLACEMENT_3D('',#4965,#4087,#4088);
#3600=AXIS2_PLACEMENT_3D('',#4985,#4090,#4091);
#3601=AXIS2_PLACEMENT_3D('',#4987,#4093,#4094);
#3602=AXIS2_PLACEMENT_3D('',#5006,#4097,#4098);
#3603=AXIS2_PLACEMENT_3D('',#5012,#4102,#4103);
#3604=AXIS2_PLACEMENT_3D('',#5016,#4106,#4107);
#3605=AXIS2_PLACEMENT_3D('',#5031,#4108,#4109);
#3606=AXIS2_PLACEMENT_3D('',#5032,#4110,#4111);
#3607=AXIS2_PLACEMENT_3D('',#5033,#4112,#4113);
#3608=AXIS2_PLACEMENT_3D('',#5034,#4114,#4115);
#3609=AXIS2_PLACEMENT_3D('',#5037,#4117,#4118);
#3610=AXIS2_PLACEMENT_3D('',#5038,#4119,#4120);
#3611=AXIS2_PLACEMENT_3D('',#5040,#4122,#4123);
#3612=AXIS2_PLACEMENT_3D('',#5042,#4125,#4126);
#3613=AXIS2_PLACEMENT_3D('',#5057,#4127,#4128);
#3614=AXIS2_PLACEMENT_3D('',#5063,#4132,#4133);
#3615=AXIS2_PLACEMENT_3D('',#5067,#4136,#4137);
#3616=AXIS2_PLACEMENT_3D('',#5070,#4139,#4140);
#3617=AXIS2_PLACEMENT_3D('',#5071,#4141,#4142);
#3618=AXIS2_PLACEMENT_3D('',#5075,#4145,#4146);
#3619=AXIS2_PLACEMENT_3D('',#5079,#4149,#4150);
#3620=AXIS2_PLACEMENT_3D('',#5085,#4154,#4155);
#3621=AXIS2_PLACEMENT_3D('',#5089,#4157,#4158);
#3622=AXIS2_PLACEMENT_3D('',#5090,#4159,#4160);
#3623=AXIS2_PLACEMENT_3D('',#5091,#4161,#4162);
#3624=AXIS2_PLACEMENT_3D('',#5097,#4166,#4167);
#3625=AXIS2_PLACEMENT_3D('',#5101,#4170,#4171);
#3626=AXIS2_PLACEMENT_3D('',#5102,#4172,#4173);
#3627=AXIS2_PLACEMENT_3D('',#5103,#4174,#4175);
#3628=AXIS2_PLACEMENT_3D('',#5105,#4176,#4177);
#3629=AXIS2_PLACEMENT_3D('',#5107,#4179,#4180);
#3630=AXIS2_PLACEMENT_3D('',#5110,#4181,#4182);
#3631=AXIS2_PLACEMENT_3D('',#5113,#4184,#4185);
#3632=AXIS2_PLACEMENT_3D('',#5114,#4186,#4187);
#3633=AXIS2_PLACEMENT_3D('',#5115,#4188,#4189);
#3634=AXIS2_PLACEMENT_3D('',#5116,#4190,#4191);
#3635=AXIS2_PLACEMENT_3D('',#5119,#4193,#4194);
#3636=AXIS2_PLACEMENT_3D('',#5120,#4195,#4196);
#3637=AXIS2_PLACEMENT_3D('',#5123,#4198,#4199);
#3638=AXIS2_PLACEMENT_3D('',#5124,#4200,#4201);
#3639=AXIS2_PLACEMENT_3D('',#5127,#4203,#4204);
#3640=AXIS2_PLACEMENT_3D('',#5128,#4205,#4206);
#3641=AXIS2_PLACEMENT_3D('',#5131,#4208,#4209);
#3642=AXIS2_PLACEMENT_3D('',#5132,#4210,#4211);
#3643=AXIS2_PLACEMENT_3D('',#5134,#4213,#4214);
#3644=AXIS2_PLACEMENT_3D('',#5135,#4215,#4216);
#3645=AXIS2_PLACEMENT_3D('',#5136,#4217,#4218);
#3646=AXIS2_PLACEMENT_3D('',#5138,#4220,#4221);
#3647=AXIS2_PLACEMENT_3D('',#5141,#4224,#4225);
#3648=AXIS2_PLACEMENT_3D('',#5144,#4227,#4228);
#3649=AXIS2_PLACEMENT_3D('',#5145,#4229,#4230);
#3650=AXIS2_PLACEMENT_3D('',#5147,#4232,#4233);
#3651=AXIS2_PLACEMENT_3D('',#5148,#4234,#4235);
#3652=AXIS2_PLACEMENT_3D('',#5149,#4236,#4237);
#3653=AXIS2_PLACEMENT_3D('',#5150,#4238,#4239);
#3654=AXIS2_PLACEMENT_3D('',#5151,#4240,#4241);
#3655=AXIS2_PLACEMENT_3D('',#5152,#4242,#4243);
#3656=AXIS2_PLACEMENT_3D('',#5154,#4244,#4245);
#3657=AXIS2_PLACEMENT_3D('',#5155,#4246,#4247);
#3658=AXIS2_PLACEMENT_3D('',#5156,#4248,#4249);
#3659=AXIS2_PLACEMENT_3D('',#5157,#4250,#4251);
#3660=AXIS2_PLACEMENT_3D('',#5158,#4252,#4253);
#3661=AXIS2_PLACEMENT_3D('',#5160,#4254,#4255);
#3662=AXIS2_PLACEMENT_3D('',#5162,#4256,#4257);
#3663=AXIS2_PLACEMENT_3D('',#5163,#4258,#4259);
#3664=AXIS2_PLACEMENT_3D('',#5164,#4260,#4261);
#3665=AXIS2_PLACEMENT_3D('',#5165,#4262,#4263);
#3666=AXIS2_PLACEMENT_3D('',#5166,#4264,#4265);
#3667=AXIS2_PLACEMENT_3D('',#5168,#4266,#4267);
#3668=AXIS2_PLACEMENT_3D('',#5169,#4268,#4269);
#3669=AXIS2_PLACEMENT_3D('',#5170,#4270,#4271);
#3670=AXIS2_PLACEMENT_3D('',#5181,#4272,#4273);
#3671=AXIS2_PLACEMENT_3D('',#5202,#4274,#4275);
#3672=AXIS2_PLACEMENT_3D('',#5204,#4276,#4277);
#3673=AXIS2_PLACEMENT_3D('',#5207,#4279,#4280);
#3674=AXIS2_PLACEMENT_3D('',#5208,#4281,#4282);
#3675=AXIS2_PLACEMENT_3D('',#5211,#4284,#4285);
#3676=AXIS2_PLACEMENT_3D('',#5212,#4286,#4287);
#3677=AXIS2_PLACEMENT_3D('',#5214,#4288,#4289);
#3678=AXIS2_PLACEMENT_3D('',#5215,#4290,#4291);
#3679=AXIS2_PLACEMENT_3D('',#5218,#4293,#4294);
#3680=AXIS2_PLACEMENT_3D('',#5219,#4295,#4296);
#3681=AXIS2_PLACEMENT_3D('',#5221,#4298,#4299);
#3682=AXIS2_PLACEMENT_3D('',#5224,#4302,#4303);
#3683=AXIS2_PLACEMENT_3D('',#5226,#4305,#4306);
#3684=AXIS2_PLACEMENT_3D('',#5228,#4308,#4309);
#3685=AXIS2_PLACEMENT_3D('',#5230,#4311,#4312);
#3686=AXIS2_PLACEMENT_3D('',#5233,#4315,#4316);
#3687=AXIS2_PLACEMENT_3D('',#5235,#4318,#4319);
#3688=AXIS2_PLACEMENT_3D('',#5713,#4329,#4330);
#3689=AXIS2_PLACEMENT_3D('',#5716,#4331,#4332);
#3690=AXIS2_PLACEMENT_3D('',#5720,#4334,#4335);
#3691=AXIS2_PLACEMENT_3D('',#5722,#4337,#4338);
#3692=AXIS2_PLACEMENT_3D('',#5746,#4340,#4341);
#3693=AXIS2_PLACEMENT_3D('',#5752,#4345,#4346);
#3694=AXIS2_PLACEMENT_3D('',#5784,#4348,#4349);
#3695=AXIS2_PLACEMENT_3D('',#5786,#4350,#4351);
#3696=AXIS2_PLACEMENT_3D('',#5788,#4352,#4353);
#3697=AXIS2_PLACEMENT_3D('',#6266,#4369,#4370);
#3698=AXIS2_PLACEMENT_3D('',#6269,#4371,#4372);
#3699=AXIS2_PLACEMENT_3D('',#6273,#4374,#4375);
#3700=AXIS2_PLACEMENT_3D('',#6275,#4377,#4378);
#3701=AXIS2_PLACEMENT_3D('',#6830,#4393,#4394);
#3702=AXIS2_PLACEMENT_3D('',#6832,#4395,#4396);
#3703=AXIS2_PLACEMENT_3D('',#6834,#4397,#4398);
#3704=AXIS2_PLACEMENT_3D('',#6836,#4400,#4401);
#3705=AXIS2_PLACEMENT_3D('',#6856,#4403,#4404);
#3706=AXIS2_PLACEMENT_3D('',#6862,#4408,#4409);
#3707=AXIS2_PLACEMENT_3D('',#6864,#4410,#4411);
#3708=AXIS2_PLACEMENT_3D('',#6866,#4412,#4413);
#3709=AXIS2_PLACEMENT_3D('',#7298,#4427,#4428);
#3710=AXIS2_PLACEMENT_3D('',#7300,#4429,#4430);
#3711=AXIS2_PLACEMENT_3D('',#7302,#4431,#4432);
#3712=AXIS2_PLACEMENT_3D('',#7304,#4434,#4435);
#3713=AXIS2_PLACEMENT_3D('',#7332,#4437,#4438);
#3714=AXIS2_PLACEMENT_3D('',#7334,#4439,#4440);
#3715=AXIS2_PLACEMENT_3D('',#7336,#4441,#4442);
#3716=AXIS2_PLACEMENT_3D('',#7338,#4444,#4445);
#3717=AXIS2_PLACEMENT_3D('',#7374,#4447,#4448);
#3718=AXIS2_PLACEMENT_3D('',#7376,#4449,#4450);
#3719=AXIS2_PLACEMENT_3D('',#7378,#4451,#4452);
#3720=AXIS2_PLACEMENT_3D('',#7406,#4454,#4455);
#3721=AXIS2_PLACEMENT_3D('',#7408,#4457,#4458);
#3722=AXIS2_PLACEMENT_3D('',#7410,#4460,#4461);
#3723=AXIS2_PLACEMENT_3D('',#7413,#4463,#4464);
#3724=AXIS2_PLACEMENT_3D('',#7414,#4465,#4466);
#3725=AXIS2_PLACEMENT_3D('',#7416,#4468,#4469);
#3726=AXIS2_PLACEMENT_3D('',#7418,#4471,#4472);
#3727=AXIS2_PLACEMENT_3D('',#7427,#4477,#4478);
#3728=AXIS2_PLACEMENT_3D('',#7433,#4482,#4483);
#3729=AXIS2_PLACEMENT_3D('',#7435,#4484,#4485);
#3730=AXIS2_PLACEMENT_3D('',#7438,#4487,#4488);
#3731=AXIS2_PLACEMENT_3D('',#7439,#4489,#4490);
#3732=AXIS2_PLACEMENT_3D('',#7445,#4494,#4495);
#3733=AXIS2_PLACEMENT_3D('',#7451,#4499,#4500);
#3734=AXIS2_PLACEMENT_3D('',#7452,#4501,#4502);
#3735=AXIS2_PLACEMENT_3D('',#7453,#4503,#4504);
#3736=AXIS2_PLACEMENT_3D('',#7454,#4505,#4506);
#3737=AXIS2_PLACEMENT_3D('',#7455,#4507,#4508);
#3738=AXIS2_PLACEMENT_3D('',#7461,#4512,#4513);
#3739=AXIS2_PLACEMENT_3D('',#7463,#4514,#4515);
#3740=AXIS2_PLACEMENT_3D('',#7465,#4517,#4518);
#3741=AXIS2_PLACEMENT_3D('',#7469,#4521,#4522);
#3742=AXIS2_PLACEMENT_3D('',#7470,#4523,#4524);
#3743=AXIS2_PLACEMENT_3D('',#7471,#4525,#4526);
#3744=AXIS2_PLACEMENT_3D('',#7472,#4527,#4528);
#3745=AXIS2_PLACEMENT_3D('',#7474,#4529,#4530);
#3746=AXIS2_PLACEMENT_3D('',#7476,#4532,#4533);
#3747=AXIS2_PLACEMENT_3D('',#7477,#4534,#4535);
#3748=AXIS2_PLACEMENT_3D('',#7478,#4536,#4537);
#3749=DIRECTION('axis',(0.,0.,1.));
#3750=DIRECTION('refdir',(1.,0.,0.));
#3751=DIRECTION('center_axis',(0.,0.46130994844088,0.887239049788428));
#3752=DIRECTION('ref_axis',(1.,0.,0.));
#3753=DIRECTION('',(3.90744725225608E-22,-0.887239049788428,0.46130994844088));
#3754=DIRECTION('',(-1.,0.,0.));
#3755=DIRECTION('center_axis',(0.,0.46130994844088,0.887239049788428));
#3756=DIRECTION('ref_axis',(-5.12156926247708E-16,-0.887239049788428,0.46130994844088));
#3757=DIRECTION('',(0.,-0.887239049788428,0.46130994844088));
#3758=DIRECTION('',(1.,0.,0.));
#3759=DIRECTION('',(0.281418769535886,0.851381331637466,-0.442666131855741));
#3760=DIRECTION('',(-0.999999698795993,0.000688630074388754,-0.000358045449179528));
#3761=DIRECTION('center_axis',(-0.949474897794447,0.313842983764533,0.));
#3762=DIRECTION('ref_axis',(0.281418769535886,0.851381331637466,-0.442666131855741));
#3763=DIRECTION('center_axis',(-0.949474897794447,0.313842983764533,0.));
#3764=DIRECTION('ref_axis',(0.313842983764533,0.949474897794447,-2.31829587073409E-16));
#3765=DIRECTION('',(0.281418769535886,0.851381331637465,-0.442666131855741));
#3766=DIRECTION('',(0.,0.,-1.));
#3767=DIRECTION('center_axis',(-0.949474897794447,0.313842983764533,0.));
#3768=DIRECTION('ref_axis',(0.313842983764533,0.949474897794447,-2.31829587073409E-16));
#3769=DIRECTION('',(0.,0.,-1.));
#3770=DIRECTION('center_axis',(0.949474897794447,-0.313842983764533,0.));
#3771=DIRECTION('ref_axis',(0.313842983764533,0.949474897794447,0.));
#3772=DIRECTION('center_axis',(-0.000688630118528756,-0.999999762894252,
0.));
#3773=DIRECTION('ref_axis',(-0.999999698795993,0.000688630074388754,-0.000358045449179528));
#3774=DIRECTION('',(0.,0.,1.));
#3775=DIRECTION('',(-0.999999525765813,0.000688629955234933,-0.000688663149190111));
#3776=DIRECTION('',(8.47032947254301E-22,-5.83292537167504E-25,1.));
#3777=DIRECTION('',(-0.999999698795993,0.000688630074388755,-0.000358045449179528));
#3778=DIRECTION('center_axis',(0.,0.46130994844088,0.887239049788428));
#3779=DIRECTION('ref_axis',(1.,0.,0.));
#3780=DIRECTION('center_axis',(0.,0.46130994844088,0.887239049788428));
#3781=DIRECTION('ref_axis',(0.,0.887239049788428,-0.46130994844088));
#3782=DIRECTION('',(-1.,0.,0.));
#3783=DIRECTION('',(0.,-0.887239049788428,0.46130994844088));
#3784=DIRECTION('center_axis',(0.,0.46130994844088,0.887239049788428));
#3785=DIRECTION('ref_axis',(3.90744725225608E-22,-0.887239049788428,0.46130994844088));
#3786=DIRECTION('',(1.,0.,0.));
#3787=DIRECTION('',(-3.90744725225608E-22,0.887239049788428,-0.46130994844088));
#3788=DIRECTION('',(3.90744725225608E-22,-0.887239049788428,0.46130994844088));
#3789=DIRECTION('',(1.,0.,0.));
#3790=DIRECTION('',(0.,0.887239049788428,-0.46130994844088));
#3791=DIRECTION('center_axis',(0.,0.46130994844088,0.887239049788428));
#3792=DIRECTION('ref_axis',(3.90744725225608E-22,-0.887239049788428,0.46130994844088));
#3793=DIRECTION('',(0.,-0.887239049788428,0.46130994844088));
#3794=DIRECTION('',(1.,0.,0.));
#3795=DIRECTION('',(3.90744725225608E-22,-0.887239049788428,0.46130994844088));
#3796=DIRECTION('',(1.,0.,0.));
#3797=DIRECTION('center_axis',(1.,0.,0.));
#3798=DIRECTION('ref_axis',(0.,0.475501496115146,-0.879714912453039));
#3799=DIRECTION('center_axis',(-1.,0.,0.));
#3800=DIRECTION('ref_axis',(0.,0.475501496115146,-0.879714912453039));
#3801=DIRECTION('',(1.,0.,0.));
#3802=DIRECTION('center_axis',(1.,0.,1.61183963262505E-16));
#3803=DIRECTION('ref_axis',(0.,0.475501496115146,-0.879714912453039));
#3804=DIRECTION('center_axis',(1.,0.,-8.47032947254301E-22));
#3805=DIRECTION('ref_axis',(-7.45147515038657E-22,0.475501496115146,-0.879714912453039));
#3806=DIRECTION('',(1.,0.,0.));
#3807=DIRECTION('center_axis',(-1.,0.,8.47032947254301E-22));
#3808=DIRECTION('ref_axis',(0.,0.475501496115146,-0.879714912453039));
#3809=DIRECTION('center_axis',(-1.,0.,0.));
#3810=DIRECTION('ref_axis',(0.,0.475501496115146,-0.879714912453039));
#3811=DIRECTION('center_axis',(-1.,0.,0.));
#3812=DIRECTION('ref_axis',(0.,0.,1.));
#3813=DIRECTION('',(0.,1.,0.));
#3814=DIRECTION('',(0.,0.,1.));
#3815=DIRECTION('',(0.,1.,0.));
#3816=DIRECTION('center_axis',(1.,0.,0.));
#3817=DIRECTION('ref_axis',(0.,1.,0.));
#3818=DIRECTION('',(0.,1.,0.));
#3819=DIRECTION('center_axis',(-1.,0.,0.));
#3820=DIRECTION('ref_axis',(0.,0.,1.));
#3821=DIRECTION('center_axis',(1.,0.,0.));
#3822=DIRECTION('ref_axis',(0.,1.,0.));
#3823=DIRECTION('center_axis',(1.,0.,-8.47032947254301E-22));
#3824=DIRECTION('ref_axis',(0.,1.,0.));
#3825=DIRECTION('',(-1.,0.,0.));
#3826=DIRECTION('center_axis',(-1.,0.,-1.61183963262505E-16));
#3827=DIRECTION('ref_axis',(0.,1.,0.));
#3828=DIRECTION('center_axis',(0.,-6.60041640422876E-16,1.));
#3829=DIRECTION('ref_axis',(0.707106781186547,0.707106781186547,4.71027737605132E-16));
#3830=DIRECTION('',(0.,-6.60041640422876E-16,1.));
#3831=DIRECTION('',(0.,6.60041640422876E-16,-1.));
#3832=DIRECTION('center_axis',(1.,0.,0.));
#3833=DIRECTION('ref_axis',(0.,1.,0.));
#3834=DIRECTION('center_axis',(1.,0.,0.));
#3835=DIRECTION('ref_axis',(0.,0.328182324315536,0.944614398581163));
#3836=DIRECTION('center_axis',(1.,0.,0.));
#3837=DIRECTION('ref_axis',(0.,-0.497099504151455,-0.867693542082905));
#3838=DIRECTION('',(0.,-0.867693542082899,0.497099504151466));
#3839=DIRECTION('center_axis',(1.,0.,0.));
#3840=DIRECTION('ref_axis',(0.,-0.496914975986934,0.867799231758075));
#3841=DIRECTION('',(0.,-0.867799231758074,-0.496914975986934));
#3842=DIRECTION('center_axis',(1.,0.,0.));
#3843=DIRECTION('ref_axis',(0.,0.315733073376868,0.948848052311853));
#3844=DIRECTION('center_axis',(1.,0.,0.));
#3845=DIRECTION('ref_axis',(0.,-0.315733073376872,-0.948848052311852));
#3846=DIRECTION('center_axis',(-1.,0.,0.));
#3847=DIRECTION('ref_axis',(0.,-1.,0.));
#3848=DIRECTION('center_axis',(8.47032947254301E-22,-6.60041640422876E-16,
1.));
#3849=DIRECTION('ref_axis',(-0.707106781186547,0.707106781186547,4.71027737605132E-16));
#3850=DIRECTION('',(8.47032947254301E-22,-6.60041640422876E-16,1.));
#3851=DIRECTION('',(-8.47032947254301E-22,6.60041640422876E-16,-1.));
#3852=DIRECTION('center_axis',(-5.59077015997952E-37,-1.,-6.60041640422876E-16));
#3853=DIRECTION('ref_axis',(1.88079096131566E-37,-6.60041640422876E-16,
1.));
#3854=DIRECTION('',(-1.,0.,8.47032947254301E-22));
#3855=DIRECTION('',(1.88079096131566E-37,-6.60041640422876E-16,1.));
#3856=DIRECTION('',(-1.,0.,8.47032947254301E-22));
#3857=DIRECTION('',(1.,0.,-8.47032947254301E-22));
#3858=DIRECTION('',(1.88079096131566E-37,-6.60041640422876E-16,1.));
#3859=DIRECTION('',(-1.,0.,8.47032947254301E-22));
#3860=DIRECTION('center_axis',(0.,-0.999999999999784,6.57288058693963E-7));
#3861=DIRECTION('ref_axis',(9.28834129082376E-37,6.57288058693963E-7,0.999999999999784));
#3862=DIRECTION('',(8.47032947254118E-22,6.57288058693963E-7,0.999999999999784));
#3863=DIRECTION('',(1.,0.,0.));
#3864=DIRECTION('',(1.,0.,0.));
#3865=DIRECTION('',(9.28834129082376E-37,6.57288058693963E-7,0.999999999999784));
#3866=DIRECTION('',(1.,0.,0.));
#3867=DIRECTION('center_axis',(1.,0.,0.));
#3868=DIRECTION('ref_axis',(0.,1.,0.));
#3869=DIRECTION('',(0.,0.96228737380784,0.272034942994482));
#3870=DIRECTION('center_axis',(-1.,0.,0.));
#3871=DIRECTION('ref_axis',(0.,0.461309948440878,0.887239049788429));
#3872=DIRECTION('center_axis',(1.,0.,0.));
#3873=DIRECTION('ref_axis',(0.,0.,1.));
#3874=DIRECTION('',(0.,-1.,-5.08843273332485E-15));
#3875=DIRECTION('',(0.,-0.707089739096115,0.707123822866256));
#3876=DIRECTION('center_axis',(1.,0.,-8.47032947254301E-22));
#3877=DIRECTION('ref_axis',(0.,1.,0.));
#3878=DIRECTION('',(-8.47032947254301E-22,0.,-1.));
#3879=DIRECTION('',(-5.98969712942021E-22,-0.70707493677619,-0.707138624162863));
#3880=DIRECTION('',(-4.63053535579415E-36,-1.,-5.46677124048629E-15));
#3881=DIRECTION('center_axis',(-1.,0.,8.47032947254301E-22));
#3882=DIRECTION('ref_axis',(-4.57136691986437E-36,-1.,-5.39691748081663E-15));
#3883=DIRECTION('',(8.47032947254301E-22,0.,1.));
#3884=DIRECTION('',(8.47032947211904E-22,1.00053002364159E-5,0.999999999949947));
#3885=DIRECTION('',(8.47032947254301E-22,0.,1.));
#3886=DIRECTION('',(-1.57312985840622E-22,-0.982602255630676,-0.185722392913475));
#3887=DIRECTION('',(7.52767857556702E-22,0.458467014206731,0.88871142497684));
#3888=DIRECTION('',(8.47032947254301E-22,0.,1.));
#3889=DIRECTION('',(6.58010531789359E-22,-0.629695912164432,0.776841720174324));
#3890=DIRECTION('',(-8.47032947254301E-22,7.548460409034E-15,-1.));
#3891=DIRECTION('',(-1.54149792267397E-22,0.98330076016013,-0.181987953086218));
#3892=DIRECTION('center_axis',(1.,0.,-8.47032947254301E-22));
#3893=DIRECTION('ref_axis',(-8.31176577116834E-22,-0.192585983051604,-0.981280102280713));
#3894=DIRECTION('',(-2.529299870072E-22,0.954376155214789,-0.298607023288864));
#3895=DIRECTION('',(3.92803801650216E-22,0.885970879415123,0.463740876814189));
#3896=DIRECTION('center_axis',(-1.,0.,8.47032947254301E-22));
#3897=DIRECTION('ref_axis',(0.,1.,0.));
#3898=DIRECTION('center_axis',(-1.,0.,8.47032947254301E-22));
#3899=DIRECTION('ref_axis',(0.,1.,0.));
#3900=DIRECTION('center_axis',(-1.,0.,8.47032947254301E-22));
#3901=DIRECTION('ref_axis',(0.,1.,0.));
#3902=DIRECTION('center_axis',(-1.,0.,8.47032947254301E-22));
#3903=DIRECTION('ref_axis',(0.,1.,0.));
#3904=DIRECTION('center_axis',(0.,-0.707123822866256,-0.707089739096115));
#3905=DIRECTION('ref_axis',(-5.98957175756132E-22,0.707089739096115,-0.707123822866256));
#3906=DIRECTION('',(1.,0.,0.));
#3907=DIRECTION('',(-5.98957175756132E-22,0.707089739096115,-0.707123822866256));
#3908=DIRECTION('center_axis',(0.,5.08843273332485E-15,-1.));
#3909=DIRECTION('ref_axis',(4.3100701750134E-36,1.,5.08843273332485E-15));
#3910=DIRECTION('',(1.,0.,0.));
#3911=DIRECTION('',(4.3100701750134E-36,1.,5.08843273332485E-15));
#3912=DIRECTION('center_axis',(1.,0.,0.));
#3913=DIRECTION('ref_axis',(0.,-1.,0.));
#3914=DIRECTION('center_axis',(1.,0.,-8.47032947254301E-22));
#3915=DIRECTION('ref_axis',(0.,-1.,0.));
#3916=DIRECTION('',(1.,0.,0.));
#3917=DIRECTION('center_axis',(-1.,0.,8.47032947254301E-22));
#3918=DIRECTION('ref_axis',(0.,-1.,0.));
#3919=DIRECTION('center_axis',(1.,0.,0.));
#3920=DIRECTION('ref_axis',(0.,-1.,0.));
#3921=DIRECTION('center_axis',(1.,0.,-8.47032947254301E-22));
#3922=DIRECTION('ref_axis',(0.,-1.,0.));
#3923=DIRECTION('',(1.,0.,0.));
#3924=DIRECTION('center_axis',(-1.,0.,8.47032947254301E-22));
#3925=DIRECTION('ref_axis',(0.,-1.,0.));
#3926=DIRECTION('center_axis',(-1.,0.,8.47032947254301E-22));
#3927=DIRECTION('ref_axis',(0.,1.,0.));
#3928=DIRECTION('center_axis',(-1.,0.,8.47032947254301E-22));
#3929=DIRECTION('ref_axis',(0.,1.,0.));
#3930=DIRECTION('center_axis',(-1.,0.,8.47032947254301E-22));
#3931=DIRECTION('ref_axis',(0.,1.,0.));
#3932=DIRECTION('',(-1.,0.,8.47032947254301E-22));
#3933=DIRECTION('center_axis',(-1.,0.,8.47032947254301E-22));
#3934=DIRECTION('ref_axis',(0.,1.,0.));
#3935=DIRECTION('center_axis',(-1.,0.,8.47032947254301E-22));
#3936=DIRECTION('ref_axis',(0.,1.,0.));
#3937=DIRECTION('center_axis',(1.,0.,-8.47032947254301E-22));
#3938=DIRECTION('ref_axis',(0.,1.,0.));
#3939=DIRECTION('center_axis',(-1.,0.,8.47032947254301E-22));
#3940=DIRECTION('ref_axis',(0.,1.,0.));
#3941=DIRECTION('',(-1.,0.,8.47032947254301E-22));
#3942=DIRECTION('center_axis',(-1.,0.,8.47032947254301E-22));
#3943=DIRECTION('ref_axis',(0.,1.,0.));
#3944=DIRECTION('center_axis',(-1.,0.,8.47032947254301E-22));
#3945=DIRECTION('ref_axis',(0.,1.,0.));
#3946=DIRECTION('center_axis',(1.,0.,-8.47032947254301E-22));
#3947=DIRECTION('ref_axis',(0.,1.,0.));
#3948=DIRECTION('center_axis',(-1.,0.,8.47032947254301E-22));
#3949=DIRECTION('ref_axis',(0.,1.,0.));
#3950=DIRECTION('',(-1.,0.,8.47032947254301E-22));
#3951=DIRECTION('center_axis',(-1.,0.,8.47032947254301E-22));
#3952=DIRECTION('ref_axis',(0.,1.,0.));
#3953=DIRECTION('center_axis',(-1.,0.,8.47032947254301E-22));
#3954=DIRECTION('ref_axis',(0.,1.,0.));
#3955=DIRECTION('center_axis',(1.,0.,-8.47032947254301E-22));
#3956=DIRECTION('ref_axis',(0.,1.,0.));
#3957=DIRECTION('center_axis',(-1.,0.,8.47032947254301E-22));
#3958=DIRECTION('ref_axis',(0.,1.,0.));
#3959=DIRECTION('',(-1.,0.,8.47032947254301E-22));
#3960=DIRECTION('center_axis',(0.,-0.776841720174324,-0.629695912164432));
#3961=DIRECTION('ref_axis',(6.58010531789359E-22,-0.629695912164432,0.776841720174324));
#3962=DIRECTION('',(1.,0.,0.));
#3963=DIRECTION('center_axis',(0.,0.776841720174324,0.629695912164432));
#3964=DIRECTION('ref_axis',(0.,-0.629695912164432,0.776841720174324));
#3965=DIRECTION('',(-1.,0.,0.));
#3966=DIRECTION('center_axis',(0.,-0.88871142497684,0.458467014206731));
#3967=DIRECTION('ref_axis',(7.52767857556702E-22,0.458467014206731,0.88871142497684));
#3968=DIRECTION('',(-1.,0.,0.));
#3969=DIRECTION('',(1.,0.,0.));
#3970=DIRECTION('center_axis',(0.,0.88871142497684,-0.458467014206731));
#3971=DIRECTION('ref_axis',(0.,-0.458467014206731,-0.88871142497684));
#3972=DIRECTION('center_axis',(0.,1.,0.));
#3973=DIRECTION('ref_axis',(-1.88079096131566E-37,0.,-1.));
#3974=DIRECTION('',(-8.47032947254301E-22,0.,-1.));
#3975=DIRECTION('',(-1.,0.,8.47032947254301E-22));
#3976=DIRECTION('',(0.,0.,1.));
#3977=DIRECTION('',(-1.,0.,8.47032947254301E-22));
#3978=DIRECTION('',(-8.47032947254301E-22,0.,-1.));
#3979=DIRECTION('center_axis',(-8.47032947254301E-22,0.,-1.));
#3980=DIRECTION('ref_axis',(-0.707106781186547,-0.707106781186547,0.));
#3981=DIRECTION('center_axis',(0.,-1.,-7.548460409034E-15));
#3982=DIRECTION('ref_axis',(-8.47032947254301E-22,7.548460409034E-15,-1.));
#3983=DIRECTION('',(8.47032947254301E-22,0.,1.));
#3984=DIRECTION('',(1.,0.,0.));
#3985=DIRECTION('center_axis',(1.,0.,0.));
#3986=DIRECTION('ref_axis',(0.,-1.,0.));
#3987=DIRECTION('center_axis',(-1.,0.,8.47032947254301E-22));
#3988=DIRECTION('ref_axis',(0.,-1.,0.));
#3989=DIRECTION('',(-0.287347885566345,-0.957826285221151,-1.17299889433528E-16));
#3990=DIRECTION('center_axis',(1.,0.,-8.47032947254301E-22));
#3991=DIRECTION('ref_axis',(0.,-1.,0.));
#3992=DIRECTION('center_axis',(-1.,0.,0.));
#3993=DIRECTION('ref_axis',(0.,-1.,0.));
#3994=DIRECTION('center_axis',(-1.,0.,8.47032947254301E-22));
#3995=DIRECTION('ref_axis',(0.,-1.,0.));
#3996=DIRECTION('',(1.,0.,0.));
#3997=DIRECTION('center_axis',(1.,0.,-8.47032947254301E-22));
#3998=DIRECTION('ref_axis',(5.25445060330185E-40,1.,6.20336035373171E-19));
#3999=DIRECTION('center_axis',(1.,0.,-8.47032947254301E-22));
#4000=DIRECTION('ref_axis',(8.00119518049051E-22,0.328182324315536,0.944614398581163));
#4001=DIRECTION('center_axis',(1.,0.,-8.47032947254301E-22));
#4002=DIRECTION('ref_axis',(-7.34965018264006E-22,-0.497099504151455,-0.867693542082905));
#4003=DIRECTION('',(4.21059658080067E-22,-0.867693542082899,0.497099504151466));
#4004=DIRECTION('center_axis',(1.,0.,-8.47032947254301E-22));
#4005=DIRECTION('ref_axis',(7.3505454090106E-22,-0.496914975986934,0.867799231758075));
#4006=DIRECTION('',(-4.20903356645013E-22,-0.867799231758074,-0.496914975986934));
#4007=DIRECTION('center_axis',(1.,0.,-8.47032947254301E-22));
#4008=DIRECTION('ref_axis',(8.03705562246212E-22,0.315733073376868,0.948848052311853));
#4009=DIRECTION('center_axis',(1.,0.,-8.47032947254301E-22));
#4010=DIRECTION('ref_axis',(-8.0370556224621E-22,-0.315733073376872,-0.948848052311852));
#4011=DIRECTION('center_axis',(1.,-6.92836187477181E-39,-1.88079096131566E-37));
#4012=DIRECTION('ref_axis',(-1.34186052163341E-37,0.127705815704447,-0.991812091393961));
#4013=DIRECTION('center_axis',(1.,0.,-8.47032947254301E-22));
#4014=DIRECTION('ref_axis',(-8.0370556224621E-22,-0.315733073376872,-0.948848052311852));
#4015=DIRECTION('center_axis',(1.,0.,-8.47032947254301E-22));
#4016=DIRECTION('ref_axis',(-8.00119518049051E-22,-0.328182324315536,-0.944614398581163));
#4017=DIRECTION('center_axis',(1.,0.,-8.47032947254301E-22));
#4018=DIRECTION('ref_axis',(8.00119518049051E-22,0.328182324315536,0.944614398581163));
#4019=DIRECTION('center_axis',(1.,-6.92836187477181E-39,-1.88079096131566E-37));
#4020=DIRECTION('ref_axis',(1.31678367837062E-37,-0.103602979289165,0.994618732320284));
#4021=DIRECTION('center_axis',(1.,0.,0.));
#4022=DIRECTION('ref_axis',(0.,1.,0.));
#4023=DIRECTION('center_axis',(-1.,0.,0.));
#4024=DIRECTION('ref_axis',(0.,1.,0.));
#4025=DIRECTION('',(-0.707106781186541,0.707106781186554,8.65956056235501E-17));
#4026=DIRECTION('center_axis',(-1.,0.,0.));
#4027=DIRECTION('ref_axis',(0.,1.,0.));
#4028=DIRECTION('center_axis',(1.,0.,0.));
#4029=DIRECTION('ref_axis',(0.,1.,0.));
#4030=DIRECTION('',(0.,0.,-1.));
#4031=DIRECTION('center_axis',(1.,0.,0.));
#4032=DIRECTION('ref_axis',(0.,-0.315733073376872,-0.948848052311852));
#4033=DIRECTION('center_axis',(1.,0.,0.));
#4034=DIRECTION('ref_axis',(0.,-0.328182324315536,-0.944614398581163));
#4035=DIRECTION('center_axis',(1.,0.,0.));
#4036=DIRECTION('ref_axis',(0.,0.328182324315536,0.944614398581163));
#4037=DIRECTION('center_axis',(-1.,0.,0.));
#4038=DIRECTION('ref_axis',(0.,1.,0.));
#4039=DIRECTION('center_axis',(1.,0.,0.));
#4040=DIRECTION('ref_axis',(0.,1.,0.));
#4041=DIRECTION('',(1.,0.,0.));
#4042=DIRECTION('center_axis',(-1.,0.,0.));
#4043=DIRECTION('ref_axis',(0.,1.,0.));
#4044=DIRECTION('center_axis',(1.,0.,0.));
#4045=DIRECTION('ref_axis',(0.,1.,0.));
#4046=DIRECTION('center_axis',(-1.,0.,0.));
#4047=DIRECTION('ref_axis',(0.,1.,0.));
#4048=DIRECTION('center_axis',(1.,0.,0.));
#4049=DIRECTION('ref_axis',(0.,1.,0.));
#4050=DIRECTION('center_axis',(1.,0.,0.));
#4051=DIRECTION('ref_axis',(0.,1.,0.));
#4052=DIRECTION('center_axis',(1.,0.,0.));
#4053=DIRECTION('ref_axis',(0.,1.,0.));
#4054=DIRECTION('',(-0.894427190999913,0.447213595499963,5.47678698264208E-17));
#4055=DIRECTION('center_axis',(-1.,0.,0.));
#4056=DIRECTION('ref_axis',(0.,1.,0.));
#4057=DIRECTION('center_axis',(1.,0.,0.));
#4058=DIRECTION('ref_axis',(0.,1.,0.));
#4059=DIRECTION('center_axis',(1.,0.,0.));
#4060=DIRECTION('ref_axis',(0.,1.,0.));
#4061=DIRECTION('center_axis',(-1.,0.,0.));
#4062=DIRECTION('ref_axis',(0.,1.,0.));
#4063=DIRECTION('',(-1.,0.,0.));
#4064=DIRECTION('center_axis',(-1.,0.,0.));
#4065=DIRECTION('ref_axis',(0.,1.,0.));
#4066=DIRECTION('center_axis',(1.,0.,0.));
#4067=DIRECTION('ref_axis',(0.,1.,0.));
#4068=DIRECTION('',(0.707106781186549,0.707106781186546,-8.65956056235491E-17));
#4069=DIRECTION('center_axis',(1.,0.,0.));
#4070=DIRECTION('ref_axis',(0.,1.,0.));
#4071=DIRECTION('center_axis',(1.,0.,0.));
#4072=DIRECTION('ref_axis',(0.,-0.497099504151455,-0.867693542082905));
#4073=DIRECTION('center_axis',(-1.,0.,0.));
#4074=DIRECTION('ref_axis',(0.,0.328182324315536,0.944614398581163));
#4075=DIRECTION('center_axis',(1.,0.,0.));
#4076=DIRECTION('ref_axis',(0.,-0.328182324315536,-0.944614398581163));
#4077=DIRECTION('center_axis',(-1.,0.,0.));
#4078=DIRECTION('ref_axis',(0.,-0.315733073376872,-0.948848052311852));
#4079=DIRECTION('center_axis',(1.,0.,0.));
#4080=DIRECTION('ref_axis',(0.,0.315733073376868,0.948848052311853));
#4081=DIRECTION('',(0.,-0.867799231758074,-0.496914975986934));
#4082=DIRECTION('center_axis',(1.,0.,0.));
#4083=DIRECTION('ref_axis',(0.,-0.496914975986934,0.867799231758075));
#4084=DIRECTION('',(0.,0.867693542082899,-0.497099504151466));
#4085=DIRECTION('center_axis',(-1.,0.,8.47032947254301E-22));
#4086=DIRECTION('ref_axis',(0.,-1.,0.));
#4087=DIRECTION('center_axis',(0.,1.,0.));
#4088=DIRECTION('ref_axis',(-5.55111512312578E-16,0.,-1.));
#4089=DIRECTION('',(0.,1.,0.));
#4090=DIRECTION('center_axis',(0.,1.,0.));
#4091=DIRECTION('ref_axis',(-5.55111512312578E-16,0.,-1.));
#4092=DIRECTION('',(0.,1.,0.));
#4093=DIRECTION('center_axis',(0.,1.,0.));
#4094=DIRECTION('ref_axis',(-5.55111512312578E-16,0.,-1.));
#4095=DIRECTION('',(0.,1.,0.));
#4096=DIRECTION('',(0.,1.,0.));
#4097=DIRECTION('center_axis',(-1.09144568788587E-16,0.,-1.));
#4098=DIRECTION('ref_axis',(-1.,0.,1.09144568788587E-16));
#4099=DIRECTION('',(1.,0.,0.));
#4100=DIRECTION('',(0.,1.,0.));
#4101=DIRECTION('',(-1.,0.,1.09144568788587E-16));
#4102=DIRECTION('center_axis',(-1.09144568788587E-16,0.,-1.));
#4103=DIRECTION('ref_axis',(-1.,0.,1.09144568788587E-16));
#4104=DIRECTION('',(0.,1.,0.));
#4105=DIRECTION('',(-1.,0.,0.));
#4106=DIRECTION('center_axis',(0.,1.,0.));
#4107=DIRECTION('ref_axis',(-1.,0.,0.));
#4108=DIRECTION('center_axis',(0.,1.,0.));
#4109=DIRECTION('ref_axis',(-1.,0.,0.));
#4110=DIRECTION('center_axis',(0.,1.,0.));
#4111=DIRECTION('ref_axis',(-1.11022302462516E-15,0.,1.));
#4112=DIRECTION('center_axis',(0.,1.,0.));
#4113=DIRECTION('ref_axis',(-1.11022302462516E-15,0.,1.));
#4114=DIRECTION('center_axis',(0.,1.,0.));
#4115=DIRECTION('ref_axis',(1.,0.,0.));
#4116=DIRECTION('',(0.,1.,0.));
#4117=DIRECTION('center_axis',(0.,1.,0.));
#4118=DIRECTION('ref_axis',(1.,0.,0.));
#4119=DIRECTION('center_axis',(1.,0.,1.61183963262505E-16));
#4120=DIRECTION('ref_axis',(1.61183963262505E-16,0.,-1.));
#4121=DIRECTION('',(0.,0.,-1.));
#4122=DIRECTION('center_axis',(-1.,0.,-1.61183963262505E-16));
#4123=DIRECTION('ref_axis',(0.,1.,0.));
#4124=DIRECTION('',(1.61183963262505E-16,0.,-1.));
#4125=DIRECTION('center_axis',(0.,1.,0.));
#4126=DIRECTION('ref_axis',(-1.,0.,0.));
#4127=DIRECTION('center_axis',(0.,-0.707138624162863,0.707074936776191));
#4128=DIRECTION('ref_axis',(-5.98969712942021E-22,-0.70707493677619,-0.707138624162863));
#4129=DIRECTION('',(1.,0.,0.));
#4130=DIRECTION('',(1.,0.,0.));
#4131=DIRECTION('',(-5.98969712942021E-22,-0.70707493677619,-0.707138624162863));
#4132=DIRECTION('center_axis',(0.,-5.46677124048629E-15,1.));
#4133=DIRECTION('ref_axis',(-4.63053535579415E-36,-1.,-5.46677124048629E-15));
#4134=DIRECTION('',(1.,0.,0.));
#4135=DIRECTION('',(-4.63053535579415E-36,-1.,-5.46677124048629E-15));
#4136=DIRECTION('center_axis',(1.,0.,0.));
#4137=DIRECTION('ref_axis',(0.,-1.,-5.39691748081663E-15));
#4138=DIRECTION('',(1.,0.,0.));
#4139=DIRECTION('center_axis',(-1.,0.,8.47032947254301E-22));
#4140=DIRECTION('ref_axis',(0.,-1.,-5.39691748081663E-15));
#4141=DIRECTION('center_axis',(0.,1.,0.));
#4142=DIRECTION('ref_axis',(8.47032947254301E-22,0.,1.));
#4143=DIRECTION('',(1.,0.,0.));
#4144=DIRECTION('',(8.47032947254301E-22,0.,1.));
#4145=DIRECTION('center_axis',(0.,0.999999999949947,-1.00053002364159E-5));
#4146=DIRECTION('ref_axis',(8.47032947211904E-22,1.00053002364159E-5,0.999999999949947));
#4147=DIRECTION('',(1.,0.,0.));
#4148=DIRECTION('',(8.47032947211904E-22,1.00053002364159E-5,0.999999999949947));
#4149=DIRECTION('center_axis',(0.,-0.181987953086218,-0.98330076016013));
#4150=DIRECTION('ref_axis',(-1.54149792267397E-22,0.98330076016013,-0.181987953086218));
#4151=DIRECTION('',(1.,0.,0.));
#4152=DIRECTION('',(1.54149792267397E-22,-0.98330076016013,0.181987953086218));
#4153=DIRECTION('',(1.54149792267397E-22,-0.98330076016013,0.181987953086218));
#4154=DIRECTION('center_axis',(1.,0.,0.));
#4155=DIRECTION('ref_axis',(0.,-0.192585983051604,-0.981280102280713));
#4156=DIRECTION('',(1.,0.,0.));
#4157=DIRECTION('center_axis',(1.,0.,-8.47032947254301E-22));
#4158=DIRECTION('ref_axis',(-8.31176577116834E-22,-0.192585983051604,-0.981280102280713));
#4159=DIRECTION('center_axis',(-1.,0.,8.47032947254301E-22));
#4160=DIRECTION('ref_axis',(0.,-0.192585983051604,-0.981280102280713));
#4161=DIRECTION('center_axis',(0.,-0.298607023288864,-0.954376155214789));
#4162=DIRECTION('ref_axis',(-2.529299870072E-22,0.954376155214789,-0.298607023288864));
#4163=DIRECTION('',(1.,0.,0.));
#4164=DIRECTION('',(2.529299870072E-22,-0.954376155214789,0.298607023288864));
#4165=DIRECTION('',(2.529299870072E-22,-0.954376155214789,0.298607023288864));
#4166=DIRECTION('center_axis',(0.,0.463740876814189,-0.885970879415123));
#4167=DIRECTION('ref_axis',(3.92803801650216E-22,0.885970879415123,0.463740876814189));
#4168=DIRECTION('',(-3.92803801650216E-22,-0.885970879415123,-0.463740876814189));
#4169=DIRECTION('',(-3.92803801650216E-22,-0.885970879415123,-0.463740876814189));
#4170=DIRECTION('center_axis',(1.,0.,-8.47032947254301E-22));
#4171=DIRECTION('ref_axis',(0.,1.,0.));
#4172=DIRECTION('center_axis',(-1.,0.,8.47032947254301E-22));
#4173=DIRECTION('ref_axis',(8.00119518049051E-22,0.328182324315536,0.944614398581163));
#4174=DIRECTION('center_axis',(1.,0.,-8.47032947254301E-22));
#4175=DIRECTION('ref_axis',(0.,1.,0.));
#4176=DIRECTION('center_axis',(-1.,0.,8.47032947254301E-22));
#4177=DIRECTION('ref_axis',(-8.0370556224621E-22,-0.315733073376872,-0.948848052311852));
#4178=DIRECTION('',(-2.30422559520772E-22,-0.96228737380784,-0.272034942994482));
#4179=DIRECTION('center_axis',(1.,0.,-8.47032947254301E-22));
#4180=DIRECTION('ref_axis',(0.,1.,0.));
#4181=DIRECTION('center_axis',(-1.,0.,8.47032947254301E-22));
#4182=DIRECTION('ref_axis',(-8.0370556224621E-22,-0.315733073376872,-0.948848052311852));
#4183=DIRECTION('',(-1.57312985840622E-22,-0.982602255630676,-0.185722392913475));
#4184=DIRECTION('center_axis',(1.,0.,-8.47032947254301E-22));
#4185=DIRECTION('ref_axis',(7.51520707261398E-22,0.461309948440878,0.887239049788429));
#4186=DIRECTION('center_axis',(1.,0.,-8.47032947254301E-22));
#4187=DIRECTION('ref_axis',(0.,1.,0.));
#4188=DIRECTION('center_axis',(-1.,0.,8.47032947254301E-22));
#4189=DIRECTION('ref_axis',(8.00119518049051E-22,0.328182324315536,0.944614398581163));
#4190=DIRECTION('center_axis',(1.,0.,0.));
#4191=DIRECTION('ref_axis',(0.,1.,0.));
#4192=DIRECTION('',(-1.,0.,0.));
#4193=DIRECTION('center_axis',(1.,0.,-8.47032947254301E-22));
#4194=DIRECTION('ref_axis',(0.,1.,0.));
#4195=DIRECTION('center_axis',(1.,0.,0.));
#4196=DIRECTION('ref_axis',(0.,1.,0.));
#4197=DIRECTION('',(-1.,0.,0.));
#4198=DIRECTION('center_axis',(1.,0.,-8.47032947254301E-22));
#4199=DIRECTION('ref_axis',(0.,1.,0.));
#4200=DIRECTION('center_axis',(1.,0.,0.));
#4201=DIRECTION('ref_axis',(0.,1.,0.));
#4202=DIRECTION('',(-1.,0.,0.));
#4203=DIRECTION('center_axis',(1.,0.,-8.47032947254301E-22));
#4204=DIRECTION('ref_axis',(0.,1.,0.));
#4205=DIRECTION('center_axis',(1.,0.,0.));
#4206=DIRECTION('ref_axis',(0.,1.,0.));
#4207=DIRECTION('',(-1.,0.,0.));
#4208=DIRECTION('center_axis',(1.,0.,-8.47032947254301E-22));
#4209=DIRECTION('ref_axis',(0.,1.,0.));
#4210=DIRECTION('center_axis',(0.,-1.,0.));
#4211=DIRECTION('ref_axis',(-8.47032947254301E-22,0.,-1.));
#4212=DIRECTION('',(-8.47032947254301E-22,0.,-1.));
#4213=DIRECTION('center_axis',(1.,0.,0.));
#4214=DIRECTION('ref_axis',(0.,0.,1.));
#4215=DIRECTION('center_axis',(-1.,0.,8.47032947254301E-22));
#4216=DIRECTION('ref_axis',(0.,0.,1.));
#4217=DIRECTION('center_axis',(0.,1.,0.));
#4218=DIRECTION('ref_axis',(8.47032947254301E-22,0.,1.));
#4219=DIRECTION('',(8.47032947254301E-22,0.,1.));
#4220=DIRECTION('center_axis',(0.,-0.185722392913475,0.982602255630676));
#4221=DIRECTION('ref_axis',(-1.57312985840622E-22,-0.982602255630676,-0.185722392913475));
#4222=DIRECTION('',(1.,0.,0.));
#4223=DIRECTION('',(1.57312985840622E-22,0.982602255630676,0.185722392913475));
#4224=DIRECTION('center_axis',(1.,0.,0.));
#4225=DIRECTION('ref_axis',(0.,0.461309948440878,0.887239049788429));
#4226=DIRECTION('',(1.,0.,0.));
#4227=DIRECTION('center_axis',(-1.,0.,8.47032947254301E-22));
#4228=DIRECTION('ref_axis',(0.,0.461309948440878,0.887239049788429));
#4229=DIRECTION('center_axis',(0.,-0.272034942994482,0.96228737380784));
#4230=DIRECTION('ref_axis',(-2.30422559520772E-22,-0.96228737380784,-0.272034942994482));
#4231=DIRECTION('',(2.30422559520772E-22,0.96228737380784,0.272034942994482));
#4232=DIRECTION('center_axis',(1.,0.,-8.47032947254301E-22));
#4233=DIRECTION('ref_axis',(5.25445060330185E-40,1.,6.20336035373171E-19));
#4234=DIRECTION('center_axis',(1.,0.,-8.47032947254301E-22));
#4235=DIRECTION('ref_axis',(5.25445060330185E-40,1.,6.20336035373171E-19));
#4236=DIRECTION('center_axis',(1.,0.,-8.47032947254301E-22));
#4237=DIRECTION('ref_axis',(5.25445060330185E-40,1.,6.20336035373171E-19));
#4238=DIRECTION('center_axis',(1.,0.,-8.47032947254301E-22));
#4239=DIRECTION('ref_axis',(5.25445060330185E-40,1.,6.20336035373171E-19));
#4240=DIRECTION('center_axis',(1.,0.,-8.47032947254301E-22));
#4241=DIRECTION('ref_axis',(5.25445060330185E-40,1.,6.20336035373171E-19));
#4242=DIRECTION('center_axis',(1.,0.,-8.47032947254301E-22));
#4243=DIRECTION('ref_axis',(5.25445060330185E-40,1.,6.20336035373171E-19));
#4244=DIRECTION('center_axis',(-1.,0.,8.47032947254301E-22));
#4245=DIRECTION('ref_axis',(-8.0370556224621E-22,-0.315733073376872,-0.948848052311852));
#4246=DIRECTION('center_axis',(1.,0.,-8.47032947254301E-22));
#4247=DIRECTION('ref_axis',(-8.40097518895878E-22,0.127705815704447,-0.991812091393961));
#4248=DIRECTION('center_axis',(1.,0.,-8.47032947254301E-22));
#4249=DIRECTION('ref_axis',(5.25445060330185E-40,1.,6.20336035373171E-19));
#4250=DIRECTION('center_axis',(-1.,0.,8.47032947254301E-22));
#4251=DIRECTION('ref_axis',(-8.0370556224621E-22,-0.315733073376872,-0.948848052311852));
#4252=DIRECTION('center_axis',(1.,0.,-8.47032947254301E-22));
#4253=DIRECTION('ref_axis',(5.25445060330185E-40,1.,6.20336035373171E-19));
#4254=DIRECTION('center_axis',(-1.,0.,8.47032947254301E-22));
#4255=DIRECTION('ref_axis',(8.00119518049051E-22,0.328182324315536,0.944614398581163));
#4256=DIRECTION('center_axis',(1.,0.,-8.47032947254301E-22));
#4257=DIRECTION('ref_axis',(-8.00119518049051E-22,-0.328182324315536,-0.944614398581163));
#4258=DIRECTION('center_axis',(-1.,0.,8.47032947254301E-22));
#4259=DIRECTION('ref_axis',(-8.0370556224621E-22,-0.315733073376872,-0.948848052311852));
#4260=DIRECTION('center_axis',(1.,0.,-8.47032947254301E-22));
#4261=DIRECTION('ref_axis',(5.25445060330185E-40,1.,6.20336035373171E-19));
#4262=DIRECTION('center_axis',(-1.,0.,8.47032947254301E-22));
#4263=DIRECTION('ref_axis',(8.00119518049051E-22,0.328182324315536,0.944614398581163));
#4264=DIRECTION('center_axis',(1.,0.,-8.47032947254301E-22));
#4265=DIRECTION('ref_axis',(5.25445060330185E-40,1.,6.20336035373171E-19));
#4266=DIRECTION('center_axis',(1.,0.,-8.47032947254301E-22));
#4267=DIRECTION('ref_axis',(8.42474836231586E-22,-0.103602979289165,0.994618732320284));
#4268=DIRECTION('center_axis',(-1.,0.,8.47032947254301E-22));
#4269=DIRECTION('ref_axis',(8.00119518049051E-22,0.328182324315536,0.944614398581163));
#4270=DIRECTION('center_axis',(-8.47032947254301E-22,0.,-1.));
#4271=DIRECTION('ref_axis',(-0.707106781186547,-0.707106781186547,0.));
#4272=DIRECTION('center_axis',(0.,0.,-1.));
#4273=DIRECTION('ref_axis',(0.707106781186547,-0.707106781186547,0.));
#4274=DIRECTION('center_axis',(-1.,0.,0.));
#4275=DIRECTION('ref_axis',(0.,-1.,0.));
#4276=DIRECTION('center_axis',(-1.,0.,0.));
#4277=DIRECTION('ref_axis',(0.,-1.,0.));
#4278=DIRECTION('',(0.707106781186549,-0.707106781186546,8.65956056235492E-17));
#4279=DIRECTION('center_axis',(1.,0.,0.));
#4280=DIRECTION('ref_axis',(0.,-1.,0.));
#4281=DIRECTION('center_axis',(-1.,0.,0.));
#4282=DIRECTION('ref_axis',(0.,-1.,0.));
#4283=DIRECTION('',(1.,0.,0.));
#4284=DIRECTION('center_axis',(-1.,0.,0.));
#4285=DIRECTION('ref_axis',(0.,-1.,0.));
#4286=DIRECTION('center_axis',(-1.,0.,0.));
#4287=DIRECTION('ref_axis',(0.,-1.,0.));
#4288=DIRECTION('center_axis',(-1.,0.,0.));
#4289=DIRECTION('ref_axis',(0.,-1.,0.));
#4290=DIRECTION('center_axis',(1.,0.,0.));
#4291=DIRECTION('ref_axis',(0.,-1.,0.));
#4292=DIRECTION('',(-0.707106781186547,-0.707106781186548,-8.65956056235494E-17));
#4293=DIRECTION('center_axis',(1.,0.,0.));
#4294=DIRECTION('ref_axis',(0.,-1.,0.));
#4295=DIRECTION('center_axis',(-1.,0.,0.));
#4296=DIRECTION('ref_axis',(0.,-1.,0.));
#4297=DIRECTION('',(1.,0.,0.));
#4298=DIRECTION('center_axis',(0.,-0.497099504151466,-0.867693542082899));
#4299=DIRECTION('ref_axis',(0.,0.867693542082899,-0.497099504151466));
#4300=DIRECTION('',(1.,0.,0.));
#4301=DIRECTION('',(1.,0.,0.));
#4302=DIRECTION('center_axis',(1.,0.,0.));
#4303=DIRECTION('ref_axis',(0.,-0.496914975986934,0.867799231758075));
#4304=DIRECTION('',(1.,0.,0.));
#4305=DIRECTION('center_axis',(0.,-0.496914975986934,0.867799231758075));
#4306=DIRECTION('ref_axis',(0.,-0.867799231758074,-0.496914975986934));
#4307=DIRECTION('',(1.,0.,0.));
#4308=DIRECTION('center_axis',(1.,0.,0.));
#4309=DIRECTION('ref_axis',(0.,0.315733073376868,0.948848052311853));
#4310=DIRECTION('',(1.,0.,0.));
#4311=DIRECTION('center_axis',(1.,0.,0.));
#4312=DIRECTION('ref_axis',(0.,1.,-2.0974653093945E-16));
#4313=DIRECTION('',(1.,0.,0.));
#4314=DIRECTION('',(1.,0.,0.));
#4315=DIRECTION('center_axis',(1.,0.,0.));
#4316=DIRECTION('ref_axis',(0.,-0.497099504151455,-0.867693542082905));
#4317=DIRECTION('',(1.,0.,0.));
#4318=DIRECTION('center_axis',(1.,0.,0.));
#4319=DIRECTION('ref_axis',(0.,1.,0.));
#4320=DIRECTION('',(8.47032947254301E-22,-6.20336035373171E-19,1.));
#4321=DIRECTION('',(8.47032947254301E-22,-6.20336035373171E-19,1.));
#4322=DIRECTION('',(-8.47032947254301E-22,6.20336035373171E-19,-1.));
#4323=DIRECTION('',(8.47032947254301E-22,-6.20336035373171E-19,1.));
#4324=DIRECTION('',(8.47032947254301E-22,-6.20336035373171E-19,1.));
#4325=DIRECTION('',(8.47032947254301E-22,-6.20336035373171E-19,1.));
#4326=DIRECTION('',(-8.47032947254301E-22,6.20336035373171E-19,-1.));
#4327=DIRECTION('',(8.47032947254301E-22,-6.20336035373171E-19,1.));
#4328=DIRECTION('',(8.47032947254301E-22,-6.20336035373171E-19,1.));
#4329=DIRECTION('center_axis',(0.999383744201328,-0.0351017353721198,-2.26213823137479E-20));
#4330=DIRECTION('ref_axis',(0.0351017353721198,0.999383744201328,0.));
#4331=DIRECTION('center_axis',(-0.999383744201328,0.0351017353721198,2.26213823137479E-20));
#4332=DIRECTION('ref_axis',(0.0351017353721198,0.999383744201328,-8.86537300017367E-15));
#4333=DIRECTION('',(8.47032947254301E-22,-6.20336035373171E-19,1.));
#4334=DIRECTION('center_axis',(-0.999383744201328,0.0351017353721198,2.26213823137479E-20));
#4335=DIRECTION('ref_axis',(-0.0351017353721198,-0.999383744201328,-1.19441179210743E-14));
#4336=DIRECTION('',(8.47032947254301E-22,-6.20336035373171E-19,1.));
#4337=DIRECTION('center_axis',(8.47032947254301E-22,-6.20336035373171E-19,
1.));
#4338=DIRECTION('ref_axis',(5.40108498466255E-14,-1.,-6.20336035373171E-19));
#4339=DIRECTION('',(8.47032947254301E-22,-6.20336035373171E-19,1.));
#4340=DIRECTION('center_axis',(-6.92836187477181E-39,-1.,-6.20336035373171E-19));
#4341=DIRECTION('ref_axis',(1.,-6.92836187477181E-39,-1.88079096131566E-37));
#4342=DIRECTION('',(-1.,0.,8.47032947254301E-22));
#4343=DIRECTION('',(1.,0.,-8.47032947254301E-22));
#4344=DIRECTION('',(8.47032947254301E-22,-6.20336035373171E-19,1.));
#4345=DIRECTION('center_axis',(8.47032947254301E-22,-6.20336035373171E-19,
1.));
#4346=DIRECTION('ref_axis',(-0.899356078324053,0.437216930575178,2.71983201540687E-19));
#4347=DIRECTION('',(-8.47032947254301E-22,6.20336035373171E-19,-1.));
#4348=DIRECTION('center_axis',(-0.899356078324059,0.437216930575166,2.71983201540679E-19));
#4349=DIRECTION('ref_axis',(-0.437216930575166,-0.899356078324059,0.));
#4350=DIRECTION('center_axis',(0.899356078324059,-0.437216930575166,-2.71983201540679E-19));
#4351=DIRECTION('ref_axis',(0.437216930575166,0.899356078324059,5.57532646871015E-19));
#4352=DIRECTION('center_axis',(0.899356078324059,-0.437216930575166,-2.71983201540679E-19));
#4353=DIRECTION('ref_axis',(-0.437216930575166,-0.899356078324059,1.6919021966786E-17));
#4354=DIRECTION('',(8.47032947254301E-22,-6.20336035373171E-19,1.));
#4355=DIRECTION('',(8.47032947254301E-22,-6.20336035373171E-19,1.));
#4356=DIRECTION('',(8.47032947254301E-22,-6.20336035373171E-19,1.));
#4357=DIRECTION('',(8.47032947254301E-22,-6.20336035373171E-19,1.));
#4358=DIRECTION('',(8.47032947254301E-22,-6.20336035373171E-19,1.));
#4359=DIRECTION('',(8.47032947254301E-22,-6.20336035373171E-19,1.));
#4360=DIRECTION('',(8.47032947254301E-22,-6.20336035373171E-19,1.));
#4361=DIRECTION('',(-8.47032947254301E-22,6.20336035373171E-19,-1.));
#4362=DIRECTION('',(8.47032947254301E-22,-6.20336035373171E-19,1.));
#4363=DIRECTION('',(8.47032947254301E-22,-6.20336035373171E-19,1.));
#4364=DIRECTION('',(8.47032947254301E-22,-6.20336035373171E-19,1.));
#4365=DIRECTION('',(8.47032947254301E-22,-6.20336035373171E-19,1.));
#4366=DIRECTION('',(-8.47032947254301E-22,6.20336035373171E-19,-1.));
#4367=DIRECTION('',(8.47032947254301E-22,-6.20336035373171E-19,1.));
#4368=DIRECTION('',(8.47032947254301E-22,-6.20336035373171E-19,1.));
#4369=DIRECTION('center_axis',(0.669489678672541,-0.74282135816826,-4.61365936132295E-19));
#4370=DIRECTION('ref_axis',(0.74282135816826,0.669489678672541,0.));
#4371=DIRECTION('center_axis',(-0.669489678672541,0.74282135816826,4.61365936132295E-19));
#4372=DIRECTION('ref_axis',(0.74282135816826,0.669489678672541,4.14679378826689E-19));
#4373=DIRECTION('',(8.47032947254301E-22,-6.20336035373171E-19,1.));
#4374=DIRECTION('center_axis',(-0.669489678672541,0.74282135816826,4.61365936132295E-19));
#4375=DIRECTION('ref_axis',(-0.74282135816826,-0.669489678672541,1.2595043037687E-17));
#4376=DIRECTION('',(8.47032947254301E-22,-6.20336035373171E-19,1.));
#4377=DIRECTION('center_axis',(8.47032947254301E-22,-6.20336035373171E-19,
1.));
#4378=DIRECTION('ref_axis',(-0.988712247621476,-0.14982687143263,-9.21055355677942E-20));
#4379=DIRECTION('',(-8.47032947254301E-22,6.20336035373171E-19,-1.));
#4380=DIRECTION('',(8.47032947254301E-22,-6.20336035373171E-19,1.));
#4381=DIRECTION('',(8.47032947254301E-22,-6.20336035373171E-19,1.));
#4382=DIRECTION('',(8.47032947254301E-22,-6.20336035373171E-19,1.));
#4383=DIRECTION('',(8.47032947254301E-22,-6.20336035373171E-19,1.));
#4384=DIRECTION('',(-8.47032947254301E-22,6.20336035373171E-19,-1.));
#4385=DIRECTION('',(8.47032947254301E-22,-6.20336035373171E-19,1.));
#4386=DIRECTION('',(8.47032947254301E-22,-6.20336035373171E-19,1.));
#4387=DIRECTION('',(8.47032947254301E-22,-6.20336035373171E-19,1.));
#4388=DIRECTION('',(8.47032947254301E-22,-6.20336035373171E-19,1.));
#4389=DIRECTION('',(-8.47032947254301E-22,6.20336035373171E-19,-1.));
#4390=DIRECTION('',(8.47032947254301E-22,-6.20336035373171E-19,1.));
#4391=DIRECTION('',(8.47032947254301E-22,-6.20336035373171E-19,1.));
#4392=DIRECTION('',(8.47032947254301E-22,-6.20336035373171E-19,1.));
#4393=DIRECTION('center_axis',(0.86859415246605,-0.495524165204669,-3.08127223939595E-19));
#4394=DIRECTION('ref_axis',(0.495524165204669,0.86859415246605,-9.62964972193618E-35));
#4395=DIRECTION('center_axis',(-0.86859415246605,0.495524165204669,3.08127223939595E-19));
#4396=DIRECTION('ref_axis',(0.495524165204669,0.86859415246605,5.3840052759502E-19));
#4397=DIRECTION('center_axis',(-0.86859415246605,0.495524165204669,3.08127223939595E-19));
#4398=DIRECTION('ref_axis',(-0.495524165204669,-0.86859415246605,1.63403791999673E-17));
#4399=DIRECTION('',(8.47032947254301E-22,-6.20336035373171E-19,1.));
#4400=DIRECTION('center_axis',(8.47032947254301E-22,-6.20336035373171E-19,
1.));
#4401=DIRECTION('ref_axis',(1.38027727385794E-13,-1.,-6.20336035373171E-19));
#4402=DIRECTION('',(-8.47032947254301E-22,6.20336035373171E-19,-1.));
#4403=DIRECTION('center_axis',(-6.92836187477181E-39,-1.,-6.20336035373171E-19));
#4404=DIRECTION('ref_axis',(1.,-6.92836187477181E-39,-1.88079096131566E-37));
#4405=DIRECTION('',(-1.,0.,8.47032947254301E-22));
#4406=DIRECTION('',(1.,0.,-8.47032947254301E-22));
#4407=DIRECTION('',(8.47032947254301E-22,-6.20336035373171E-19,1.));
#4408=DIRECTION('center_axis',(-1.,6.92836187477181E-39,8.47032947254301E-22));
#4409=DIRECTION('ref_axis',(-6.92836187477181E-39,-1.,0.));
#4410=DIRECTION('center_axis',(1.,-6.92836187477181E-39,-8.47032947254301E-22));
#4411=DIRECTION('ref_axis',(-8.40097518895878E-22,0.127705815704447,-0.991812091393961));
#4412=DIRECTION('center_axis',(1.,-6.92836187477181E-39,-8.47032947254301E-22));
#4413=DIRECTION('ref_axis',(8.42474836231586E-22,-0.103602979289165,0.994618732320284));
#4414=DIRECTION('',(8.47032947254301E-22,-6.20336035373171E-19,1.));
#4415=DIRECTION('',(8.47032947254301E-22,-6.20336035373171E-19,1.));
#4416=DIRECTION('',(8.47032947254301E-22,-6.20336035373171E-19,1.));
#4417=DIRECTION('',(-8.47032947254301E-22,6.20336035373171E-19,-1.));
#4418=DIRECTION('',(8.47032947254301E-22,-6.20336035373171E-19,1.));
#4419=DIRECTION('',(8.47032947254301E-22,-6.20336035373171E-19,1.));
#4420=DIRECTION('',(8.47032947254301E-22,-6.20336035373171E-19,1.));
#4421=DIRECTION('',(8.47032947254301E-22,-6.20336035373171E-19,1.));
#4422=DIRECTION('',(-8.47032947254301E-22,6.20336035373171E-19,-1.));
#4423=DIRECTION('',(8.47032947254301E-22,-6.20336035373171E-19,1.));
#4424=DIRECTION('',(8.47032947254301E-22,-6.20336035373171E-19,1.));
#4425=DIRECTION('',(8.47032947254301E-22,-6.20336035373171E-19,1.));
#4426=DIRECTION('',(8.47032947254301E-22,-6.20336035373171E-19,1.));
#4427=DIRECTION('center_axis',(0.988453644780668,-0.151523569519112,-9.48327831850396E-20));
#4428=DIRECTION('ref_axis',(0.151523569519112,0.988453644780668,0.));
#4429=DIRECTION('center_axis',(-0.988453644780668,0.151523569519112,9.48327831850396E-20));
#4430=DIRECTION('ref_axis',(0.151523569519112,0.988453644780668,2.35497696433376E-16));
#4431=DIRECTION('center_axis',(-0.988453644780668,0.151523569519112,9.48327831850396E-20));
#4432=DIRECTION('ref_axis',(-0.151523569519112,-0.988453644780668,-1.92692295129019E-16));
#4433=DIRECTION('',(8.47032947254301E-22,-6.20336035373171E-19,1.));
#4434=DIRECTION('center_axis',(8.47032947254301E-22,-6.20336035373171E-19,
1.));
#4435=DIRECTION('ref_axis',(-0.0119276200121983,-0.999928863410215,-6.20281803695961E-19));
#4436=DIRECTION('',(-8.47032947254301E-22,6.20336035373171E-19,-1.));
#4437=DIRECTION('center_axis',(-0.0119276200121615,-0.999928863410216,-6.20281803695961E-19));
#4438=DIRECTION('ref_axis',(0.999928863410216,-0.0119276200121615,0.));
#4439=DIRECTION('center_axis',(0.0119276200121615,0.999928863410216,6.20281803695961E-19));
#4440=DIRECTION('ref_axis',(-0.999928863410216,0.0119276200121615,8.24610520200096E-21));
#4441=DIRECTION('center_axis',(0.0119276200121615,0.999928863410216,6.20281803695961E-19));
#4442=DIRECTION('ref_axis',(0.999928863410215,-0.0119276200121615,2.23534951909372E-19));
#4443=DIRECTION('',(8.47032947254301E-22,-6.20336035373171E-19,1.));
#4444=DIRECTION('center_axis',(8.47032947254301E-22,-6.20336035373171E-19,
1.));
#4445=DIRECTION('ref_axis',(-0.658906780469173,0.752224603859612,4.67190144220652E-19));
#4446=DIRECTION('',(8.47032947254301E-22,-6.20336035373171E-19,1.));
#4447=DIRECTION('center_axis',(-0.658906780469171,0.752224603859613,4.67190144220653E-19));
#4448=DIRECTION('ref_axis',(-0.752224603859613,-0.658906780469171,0.));
#4449=DIRECTION('center_axis',(0.658906780469171,-0.752224603859613,-4.67190144220653E-19));
#4450=DIRECTION('ref_axis',(0.752224603859613,0.658906780469171,4.08106460853541E-19));
#4451=DIRECTION('center_axis',(0.658906780469171,-0.752224603859613,-4.67190144220653E-19));
#4452=DIRECTION('ref_axis',(-0.752224603859613,-0.658906780469171,1.23959659324051E-17));
#4453=DIRECTION('',(8.47032947254301E-22,-6.20336035373171E-19,1.));
#4454=DIRECTION('center_axis',(-1.,0.,8.47032947254301E-22));
#4455=DIRECTION('ref_axis',(-8.40097518895878E-22,0.127705815704447,-0.991812091393961));
#4456=DIRECTION('',(1.,0.,-8.47032947254301E-22));
#4457=DIRECTION('center_axis',(-1.,0.,8.47032947254301E-22));
#4458=DIRECTION('ref_axis',(8.42474836231586E-22,-0.103602979289165,0.994618732320284));
#4459=DIRECTION('',(-1.,0.,8.47032947254301E-22));
#4460=DIRECTION('center_axis',(1.,0.,-8.47032947254301E-22));
#4461=DIRECTION('ref_axis',(-8.0370556224621E-22,-0.315733073376872,-0.948848052311852));
#4462=DIRECTION('',(1.,0.,-8.47032947254301E-22));
#4463=DIRECTION('center_axis',(-1.,0.,8.47032947254301E-22));
#4464=DIRECTION('ref_axis',(-8.0370556224621E-22,-0.315733073376872,-0.948848052311852));
#4465=DIRECTION('center_axis',(1.,0.,-8.47032947254301E-22));
#4466=DIRECTION('ref_axis',(-8.0370556224621E-22,-0.315733073376872,-0.948848052311852));
#4467=DIRECTION('',(1.,0.,-8.47032947254301E-22));
#4468=DIRECTION('center_axis',(1.,0.,-8.47032947254301E-22));
#4469=DIRECTION('ref_axis',(8.00119518049051E-22,0.328182324315536,0.944614398581163));
#4470=DIRECTION('',(1.,0.,-8.47032947254301E-22));
#4471=DIRECTION('center_axis',(-8.47032947254301E-22,5.73638671325777E-16,
-1.));
#4472=DIRECTION('ref_axis',(-4.85890854432114E-37,-1.,-5.73638671325777E-16));
#4473=DIRECTION('',(-4.85890854432114E-37,-1.,-5.73638671325777E-16));
#4474=DIRECTION('',(-1.,0.,8.47032947254301E-22));
#4475=DIRECTION('',(-4.85890854432114E-37,-1.,-5.73638671325777E-16));
#4476=DIRECTION('',(-1.,0.,8.47032947254301E-22));
#4477=DIRECTION('center_axis',(-6.88205284301611E-22,-0.582975975422736,
-0.812489391979926));
#4478=DIRECTION('ref_axis',(4.93799858640771E-22,-0.812489391979926,0.582975975422736));
#4479=DIRECTION('',(4.93799858640771E-22,-0.812489391979926,0.582975975422736));
#4480=DIRECTION('',(-1.,0.,8.47032947254301E-22));
#4481=DIRECTION('',(4.93799858640771E-22,-0.812489391979926,0.582975975422736));
#4482=DIRECTION('center_axis',(-1.,0.,8.47032947254301E-22));
#4483=DIRECTION('ref_axis',(-5.69068277097435E-25,0.999999774317336,-0.000671837239557456));
#4484=DIRECTION('center_axis',(-1.,0.,8.47032947254301E-22));
#4485=DIRECTION('ref_axis',(-6.88205284301611E-22,-0.582975975422736,-0.812489391979926));
#4486=DIRECTION('',(-1.,0.,8.47032947254301E-22));
#4487=DIRECTION('center_axis',(-1.,0.,8.47032947254301E-22));
#4488=DIRECTION('ref_axis',(-6.88205284301611E-22,-0.582975975422736,-0.812489391979926));
#4489=DIRECTION('center_axis',(6.8886816915578E-22,-0.581883728138337,0.813271988284258));
#4490=DIRECTION('ref_axis',(4.92874689204336E-22,0.813271988284258,0.581883728138337));
#4491=DIRECTION('',(4.92874689204336E-22,0.813271988284258,0.581883728138337));
#4492=DIRECTION('',(-1.,0.,8.47032947254301E-22));
#4493=DIRECTION('',(4.92874689204336E-22,0.813271988284258,0.581883728138337));
#4494=DIRECTION('center_axis',(8.47032947254301E-22,-6.20336035373171E-19,
1.));
#4495=DIRECTION('ref_axis',(5.25445060330185E-40,1.,6.20336035373171E-19));
#4496=DIRECTION('',(5.25445060330185E-40,1.,6.20336035373171E-19));
#4497=DIRECTION('',(-1.,0.,8.47032947254301E-22));
#4498=DIRECTION('',(5.25445060330185E-40,1.,6.20336035373171E-19));
#4499=DIRECTION('center_axis',(-1.,0.,8.47032947254301E-22));
#4500=DIRECTION('ref_axis',(8.47032947254301E-22,-6.20336035373171E-19,
1.));
#4501=DIRECTION('center_axis',(-1.,0.,8.47032947254301E-22));
#4502=DIRECTION('ref_axis',(8.47032947254301E-22,-6.20336035373171E-19,
1.));
#4503=DIRECTION('center_axis',(-1.,0.,8.47032947254301E-22));
#4504=DIRECTION('ref_axis',(8.47032947254301E-22,-6.20336035373171E-19,
1.));
#4505=DIRECTION('center_axis',(1.,0.,-8.47032947254301E-22));
#4506=DIRECTION('ref_axis',(5.25445060330185E-40,1.,6.20336035373171E-19));
#4507=DIRECTION('center_axis',(-7.34965018264001E-22,-0.497099504151466,
-0.867693542082899));
#4508=DIRECTION('ref_axis',(-4.21059658080067E-22,0.867693542082899,-0.497099504151466));
#4509=DIRECTION('',(1.,0.,-8.47032947254301E-22));
#4510=DIRECTION('',(-4.21059658080067E-22,0.867693542082899,-0.497099504151466));
#4511=DIRECTION('',(1.,0.,-8.47032947254301E-22));
#4512=DIRECTION('center_axis',(1.,0.,-8.47032947254301E-22));
#4513=DIRECTION('ref_axis',(7.3505454090106E-22,-0.496914975986934,0.867799231758075));
#4514=DIRECTION('center_axis',(1.,0.,-8.47032947254301E-22));
#4515=DIRECTION('ref_axis',(7.3505454090106E-22,-0.496914975986934,0.867799231758075));
#4516=DIRECTION('',(1.,0.,-8.47032947254301E-22));
#4517=DIRECTION('center_axis',(7.3505454090106E-22,-0.496914975986934,0.867799231758075));
#4518=DIRECTION('ref_axis',(-4.20903356645013E-22,-0.867799231758074,-0.496914975986934));
#4519=DIRECTION('',(-4.20903356645013E-22,-0.867799231758074,-0.496914975986934));
#4520=DIRECTION('',(1.,0.,-8.47032947254301E-22));
#4521=DIRECTION('center_axis',(1.,0.,-8.47032947254301E-22));
#4522=DIRECTION('ref_axis',(8.03705562246212E-22,0.315733073376868,0.948848052311853));
#4523=DIRECTION('center_axis',(1.,0.,-8.47032947254301E-22));
#4524=DIRECTION('ref_axis',(8.03705562246212E-22,0.315733073376868,0.948848052311853));
#4525=DIRECTION('center_axis',(1.,0.,-8.47032947254301E-22));
#4526=DIRECTION('ref_axis',(-1.42129777822406E-37,1.,-2.0974653093945E-16));
#4527=DIRECTION('center_axis',(1.,0.,-8.47032947254301E-22));
#4528=DIRECTION('ref_axis',(8.00119518049051E-22,0.328182324315536,0.944614398581163));
#4529=DIRECTION('center_axis',(-1.,0.,8.47032947254301E-22));
#4530=DIRECTION('ref_axis',(8.00119518049051E-22,0.328182324315536,0.944614398581163));
#4531=DIRECTION('',(1.,0.,-8.47032947254301E-22));
#4532=DIRECTION('center_axis',(1.,0.,-8.47032947254301E-22));
#4533=DIRECTION('ref_axis',(-7.34965018264006E-22,-0.497099504151455,-0.867693542082905));
#4534=DIRECTION('center_axis',(1.,0.,-8.47032947254301E-22));
#4535=DIRECTION('ref_axis',(-7.34965018264006E-22,-0.497099504151455,-0.867693542082905));
#4536=DIRECTION('center_axis',(1.,0.,-8.47032947254301E-22));
#4537=DIRECTION('ref_axis',(5.25445060330185E-40,1.,6.20336035373171E-19));
#4538=CARTESIAN_POINT('',(0.,0.,0.));
#4539=CARTESIAN_POINT('Origin',(-9.23230555928398,231.793401768806,8.30106978807767));
#4540=CARTESIAN_POINT('',(-12.9999999999999,225.06705613736,11.7983574211886));
#4541=CARTESIAN_POINT('',(-12.9999999999999,225.065618159669,11.7991050814889));
#4542=CARTESIAN_POINT('',(-12.9999999999999,195.977423795987,26.9231840378291));
#4543=CARTESIAN_POINT('',(-10.3795761897007,225.06705613736,11.7983574211886));
#4544=CARTESIAN_POINT('',(-13.8661527796419,225.06705613736,11.7983574211886));
#4545=CARTESIAN_POINT('',(-10.5505949413307,226.142714405726,11.2390810227497));
#4546=CARTESIAN_POINT('Origin',(-9.55059494133065,226.142714405726,11.2390810227497));
#4547=CARTESIAN_POINT('',(-10.5505949413307,238.151578853991,4.99520724286628));
#4548=CARTESIAN_POINT('',(-10.5505949413307,229.954269643939,9.25730581702729));
#4549=CARTESIAN_POINT('',(-10.6750053560435,238.151578853991,4.99520724286627));
#4550=CARTESIAN_POINT('',(-18.4999999999999,238.151578853991,4.99520724286628));
#4551=CARTESIAN_POINT('',(-15.0000324933415,225.066995442608,11.7983889787408));
#4552=CARTESIAN_POINT('',(-10.6014839740838,238.374004430579,4.87955957013113));
#4553=CARTESIAN_POINT('',(-12.1230152709547,225.065014241428,11.7994190819747));
#4554=CARTESIAN_POINT('Origin',(-15.0000324933415,225.066995442608,21.7983889787408));
#4555=CARTESIAN_POINT('',(-12.5209343816498,232.567056135337,17.8988169160696));
#4556=CARTESIAN_POINT('',(-10.5505966798029,238.527751757852,8.04661995194755));
#4557=CARTESIAN_POINT('Origin',(-14.3078019142857,227.161213227615,7.89897391892846));
#4558=CARTESIAN_POINT('',(-15.0000324933415,225.066995442608,21.7983889787408));
#4559=CARTESIAN_POINT('',(-13.9972440439091,228.100749612014,20.2210226761594));
#4560=CARTESIAN_POINT('',(-15.0000324933415,225.066995442608,21.7983889787408));
#4561=CARTESIAN_POINT('',(-10.5505966798029,238.527751757852,7.75132788590936));
#4562=CARTESIAN_POINT('Origin',(-14.3078019142857,227.161213227615,7.89897391892846));
#4563=CARTESIAN_POINT('',(-10.5505949413307,238.527751757852,9.57538828027366));
#4564=CARTESIAN_POINT('',(-14.4422885202563,226.754348447887,12.9058793161394));
#4565=CARTESIAN_POINT('Origin',(-13.6985651052292,229.004348447887,12.9058793161394));
#4566=CARTESIAN_POINT('Origin',(-3.46457862522644,225.05905177976,21.8025191967465));
#4567=CARTESIAN_POINT('',(-14.9999999999999,225.066995420233,17.8987034331542));
#4568=CARTESIAN_POINT('',(-14.9999999999999,225.066995420233,21.7983889903749));
#4569=CARTESIAN_POINT('',(-14.9999999999999,225.066995420233,23.0407871979377));
#4570=CARTESIAN_POINT('',(-12.9999999999999,225.065618159669,17.9000807601057));
#4571=CARTESIAN_POINT('',(-10.9797288575527,225.064226939783,17.9014720470527));
#4572=CARTESIAN_POINT('',(-12.9999999999999,225.065618159669,14.8517063841244));
#4573=CARTESIAN_POINT('',(-10.9855687531128,225.064230961312,21.7998263396468));
#4574=CARTESIAN_POINT('Origin',(-9.23230555928398,231.793401768806,8.30106978807767));
#4575=CARTESIAN_POINT('',(-3.63559321137502,225.06705613736,11.7983574211886));
#4576=CARTESIAN_POINT('',(-3.46457862522644,226.142714405726,11.2390810227497));
#4577=CARTESIAN_POINT('Origin',(-4.46457445974508,226.142714405726,11.2390810227497));
#4578=CARTESIAN_POINT('',(-3.46457862522644,225.06705613736,11.7983574211886));
#4579=CARTESIAN_POINT('',(-13.8661527796419,225.06705613736,11.7983574211886));
#4580=CARTESIAN_POINT('',(-3.46457862522644,232.888027301481,7.73193157424394));
#4581=CARTESIAN_POINT('Origin',(-18.4999999999999,232.567056135337,17.8988169160696));
#4582=CARTESIAN_POINT('',(-18.4999999999999,232.567056135337,17.8988169160696));
#4583=CARTESIAN_POINT('',(-18.4999999999999,232.567056135337,17.8988169160696));
#4584=CARTESIAN_POINT('',(-18.4999999999999,208.159856907398,30.5890651869406));
#4585=CARTESIAN_POINT('',(-18.4999999999999,198.410711980815,35.6580232591724));
#4586=CARTESIAN_POINT('',(-18.4999999999999,208.024451534434,30.6594676851574));
#4587=CARTESIAN_POINT('',(-18.4999999999999,232.567056135337,17.8988169160696));
#4588=CARTESIAN_POINT('',(-14.9999999999999,208.024451534434,30.6594676851574));
#4589=CARTESIAN_POINT('',(-18.4999999999999,208.024451534434,30.6594676851574));
#4590=CARTESIAN_POINT('',(-14.9999999999999,220.413266684629,24.2180428182705));
#4591=CARTESIAN_POINT('Origin',(-18.4999999999999,232.567056135337,17.8988169160696));
#4592=CARTESIAN_POINT('',(-3.46457862522644,232.567056135337,17.8988169160696));
#4593=CARTESIAN_POINT('',(-3.46457862522644,225.06705613736,21.7983574211886));
#4594=CARTESIAN_POINT('',(-3.46457862522644,235.547403946595,16.3492186477392));
#4595=CARTESIAN_POINT('',(15.0000000000001,225.06705613736,21.7983574211886));
#4596=CARTESIAN_POINT('',(-1.74999999999991,225.06705613736,21.7983574211886));
#4597=CARTESIAN_POINT('',(15.0000000000001,232.567056135337,17.8988169160696));
#4598=CARTESIAN_POINT('',(15.0000000000001,232.567056135337,17.8988169160696));
#4599=CARTESIAN_POINT('',(-18.4999999999999,232.567056135337,17.8988169160696));
#4600=CARTESIAN_POINT('Origin',(-18.4999999999999,227.161213227615,7.89897391892846));
#4601=CARTESIAN_POINT('',(-10.5505949413307,237.960888538006,4.35115618113853));
#4602=CARTESIAN_POINT('Origin',(-10.5505949413307,227.161213227615,7.89897391892846));
#4603=CARTESIAN_POINT('',(-9.55059494133065,237.579339322757,3.35115618113853));
#4604=CARTESIAN_POINT('Ctrl Pts',(-10.5505949413307,237.960888538006,4.35115618113852));
#4605=CARTESIAN_POINT('Ctrl Pts',(-10.5505949413307,237.918992285111,4.22362259248749));
#4606=CARTESIAN_POINT('Ctrl Pts',(-10.5248114675314,237.871724276254,4.08812050147328));
#4607=CARTESIAN_POINT('Ctrl Pts',(-10.4199628001538,237.779726614403,3.83882316444326));
#4608=CARTESIAN_POINT('Ctrl Pts',(-10.3409086655145,237.735107894028,3.72498234461482));
#4609=CARTESIAN_POINT('Ctrl Pts',(-10.1618392629567,237.664520438007,3.5505485258912));
#4610=CARTESIAN_POINT('Ctrl Pts',(-10.0519263217016,237.633092610902,3.47600185851586));
#4611=CARTESIAN_POINT('Ctrl Pts',(-9.80909675240754,237.590406870325,3.37626901201722));
#4612=CARTESIAN_POINT('Ctrl Pts',(-9.67611658299406,237.579339322757,3.35115618113853));
#4613=CARTESIAN_POINT('Ctrl Pts',(-9.55059494133065,237.579339322757,3.35115618113853));
#4614=CARTESIAN_POINT('',(-4.46457445974508,237.579339322757,3.35115618113853));
#4615=CARTESIAN_POINT('',(-18.4999999999999,237.579339322757,3.35115618113853));
#4616=CARTESIAN_POINT('',(-3.46457445974508,237.960888538006,4.35115618113853));
#4617=CARTESIAN_POINT('Ctrl Pts',(-4.46457445974508,237.579339322757,3.35115618113853));
#4618=CARTESIAN_POINT('Ctrl Pts',(-4.33676783680847,237.579339322757,3.35115618113853));
#4619=CARTESIAN_POINT('Ctrl Pts',(-4.20156366767898,237.590811566393,3.377180533094));
#4620=CARTESIAN_POINT('Ctrl Pts',(-3.95539809551416,237.634879501114,3.48021259093712));
#4621=CARTESIAN_POINT('Ctrl Pts',(-3.84437009289599,237.667274282779,3.55714698561452));
#4622=CARTESIAN_POINT('Ctrl Pts',(-3.66773938238817,237.738571163443,3.73377769612235));
#4623=CARTESIAN_POINT('Ctrl Pts',(-3.59108747299692,237.782617806155,3.84645099352293));
#4624=CARTESIAN_POINT('Ctrl Pts',(-3.4895003623417,237.873235832126,4.09243362616123));
#4625=CARTESIAN_POINT('Ctrl Pts',(-3.46457445974508,237.919702750456,4.22578527265022));
#4626=CARTESIAN_POINT('Ctrl Pts',(-3.46457445974508,237.960888538006,4.35115618113851));
#4627=CARTESIAN_POINT('Origin',(-3.46457445974508,227.161213227615,7.89897391892846));
#4628=CARTESIAN_POINT('',(15.0000000000001,232.566475256169,-2.1011830754949));
#4629=CARTESIAN_POINT('Origin',(15.0000000000001,227.161213227615,7.89897391892846));
#4630=CARTESIAN_POINT('',(-18.4999999999999,232.566475256169,-2.1011830754949));
#4631=CARTESIAN_POINT('',(-18.4999999999999,232.566475256169,-2.1011830754949));
#4632=CARTESIAN_POINT('Origin',(-18.4999999999999,227.161213227615,7.89897391892846));
#4633=CARTESIAN_POINT('Origin',(-10.5505949413307,227.161213227615,7.89897391892846));
#4634=CARTESIAN_POINT('Origin',(-10.5505949413307,225.06705613736,4.35115618113853));
#4635=CARTESIAN_POINT('',(-10.5505949413307,225.06705613736,11.2390810227497));
#4636=CARTESIAN_POINT('',(-10.5505949413307,225.06705613736,11.2390810227497));
#4637=CARTESIAN_POINT('',(-10.5505949413307,225.06705613736,4.35115618113853));
#4638=CARTESIAN_POINT('',(-10.5505949413307,225.06705613736,11.1248994471194));
#4639=CARTESIAN_POINT('',(-10.5505949413307,227.279913820683,4.35115618113853));
#4640=CARTESIAN_POINT('',(-10.5505949413307,225.06705613736,4.35115618113853));
#4641=CARTESIAN_POINT('',(-10.5505949413307,230.72878307509,4.35115618113853));
#4642=CARTESIAN_POINT('Origin',(-10.5505949413307,229.004348447887,2.90587931613943));
#4643=CARTESIAN_POINT('',(-10.5505949413307,225.06705613736,4.35115618113853));
#4644=CARTESIAN_POINT('Origin',(-10.5505949413307,225.06705613736,4.35115618113853));
#4645=CARTESIAN_POINT('Origin',(-18.4999999999999,229.004348447887,12.9058793161394));
#4646=CARTESIAN_POINT('',(8.65000000000009,226.754348447887,12.9058793161394));
#4647=CARTESIAN_POINT('Origin',(8.65000000000009,229.004348447887,12.9058793161394));
#4648=CARTESIAN_POINT('',(-3.46457445974508,226.754348447887,12.9058793161394));
#4649=CARTESIAN_POINT('',(-18.4999999999999,226.754348447887,12.9058793161394));
#4650=CARTESIAN_POINT('Origin',(-3.46457445974508,229.004348447887,12.9058793161394));
#4651=CARTESIAN_POINT('Origin',(36.5,111.362747673197,1.11403061208969));
#4652=CARTESIAN_POINT('',(36.5,116.362747673197,-5.67218660229583));
#4653=CARTESIAN_POINT('',(41.5,111.362747673197,-6.2487283309941));
#4654=CARTESIAN_POINT('Ctrl Pts',(36.5,116.362747673197,-5.67218660229578));
#4655=CARTESIAN_POINT('Ctrl Pts',(37.1275046034919,116.362747673197,-5.67218660229578));
#4656=CARTESIAN_POINT('Ctrl Pts',(37.796607340762,116.237375165468,-5.68513667229089));
#4657=CARTESIAN_POINT('Ctrl Pts',(39.0268827112043,115.728300039701,-5.73902404604153));
#4658=CARTESIAN_POINT('Ctrl Pts',(39.5880566492364,115.344616317521,-5.78010996463171));
#4659=CARTESIAN_POINT('Ctrl Pts',(40.477386754587,114.457568472034,-5.87827308691895));
#4660=CARTESIAN_POINT('Ctrl Pts',(40.8634062070638,113.893865106656,-5.94207376640761));
#4661=CARTESIAN_POINT('Ctrl Pts',(41.3746924953174,112.660145926667,-6.08754996935219));
#4662=CARTESIAN_POINT('Ctrl Pts',(41.5,111.990164215371,-6.16937173258512));
#4663=CARTESIAN_POINT('Ctrl Pts',(41.5,111.362747673197,-6.24872833099396));
#4664=CARTESIAN_POINT('',(41.5,111.362747673197,21.8282860385004));
#4665=CARTESIAN_POINT('',(41.5,111.362747673197,1.11403061208969));
#4666=CARTESIAN_POINT('',(36.5,116.362747673197,21.2406129941383));
#4667=CARTESIAN_POINT('Ctrl Pts',(41.5,111.362747673197,21.8282860385004));
#4668=CARTESIAN_POINT('Ctrl Pts',(41.5,111.990148791312,21.7473952776396));
#4669=CARTESIAN_POINT('Ctrl Pts',(41.3746987951362,112.660142887907,21.6639897473777));
#4670=CARTESIAN_POINT('Ctrl Pts',(40.8633732093832,113.893932565957,21.5156951569104));
#4671=CARTESIAN_POINT('Ctrl Pts',(40.4773065847278,114.457692730763,21.4506571359795));
#4672=CARTESIAN_POINT('Ctrl Pts',(39.5879191489559,115.344709510141,21.3506052464286));
#4673=CARTESIAN_POINT('Ctrl Pts',(39.0267864566158,115.728349978142,21.3087324101596));
#4674=CARTESIAN_POINT('Ctrl Pts',(37.7965739233104,116.237378882899,21.2538120202544));
#4675=CARTESIAN_POINT('Ctrl Pts',(37.1274927200974,116.362747673197,21.2406129941384));
#4676=CARTESIAN_POINT('Ctrl Pts',(36.5,116.362747673197,21.2406129941384));
#4677=CARTESIAN_POINT('',(36.5,116.362747673197,1.1140306120897));
#4678=CARTESIAN_POINT('Origin',(41.5,140.603669268828,7.90024782647524));
#4679=CARTESIAN_POINT('',(41.5,69.2092277565382,-15.6958531238646));
#4680=CARTESIAN_POINT('Origin',(41.5,140.039292297875,-232.973900914915));
#4681=CARTESIAN_POINT('',(41.5,61.1388760200109,-14.8652132451191));
#4682=CARTESIAN_POINT('Origin',(41.5,66.1098710615256,-6.18827782428978));
#4683=CARTESIAN_POINT('',(41.5,35.7998640635401,-0.348555383389494));
#4684=CARTESIAN_POINT('',(41.5,61.1388760200109,-14.8652132451191));
#4685=CARTESIAN_POINT('',(41.5,35.8016191744148,16.1583136251457));
#4686=CARTESIAN_POINT('Origin',(41.5,40.5279485147796,7.90437649544228));
#4687=CARTESIAN_POINT('',(41.5,61.106297890527,30.6481556950676));
#4688=CARTESIAN_POINT('',(41.5,61.106297890527,30.6481556950676));
#4689=CARTESIAN_POINT('',(41.5,69.2327783841651,31.4586439006054));
#4690=CARTESIAN_POINT('Origin',(41.5,66.0754476503964,21.9701633774867));
#4691=CARTESIAN_POINT('Origin',(41.5,140.039292297875,244.247953868843));
#4692=CARTESIAN_POINT('',(41.5,82.0171919941701,7.8536482535988));
#4693=CARTESIAN_POINT('Origin',(41.5,65.01719199417,7.8536482535988));
#4694=CARTESIAN_POINT('Origin',(-13.4999999999999,111.362747673197,1.11435348460322));
#4695=CARTESIAN_POINT('',(-18.4999999999999,111.362747673197,-6.24618490883694));
#4696=CARTESIAN_POINT('',(-13.4999999999999,116.362747673197,-5.66997811566608));
#4697=CARTESIAN_POINT('Ctrl Pts',(-18.4999999999999,111.362747673197,-6.24618490883694));
#4698=CARTESIAN_POINT('Ctrl Pts',(-18.4999999999999,111.99016430314,-6.16687049366922));
#4699=CARTESIAN_POINT('Ctrl Pts',(-18.3746924418712,112.660145523121,-6.08509377673752));
#4700=CARTESIAN_POINT('Ctrl Pts',(-17.8634074294364,113.893862689614,-5.939700515853));
#4701=CARTESIAN_POINT('Ctrl Pts',(-17.477389343318,114.457564557683,-5.87593772939127));
#4702=CARTESIAN_POINT('Ctrl Pts',(-16.588060767375,115.344613531866,-5.77783378617923));
#4703=CARTESIAN_POINT('Ctrl Pts',(-16.0268855594674,115.728298565655,-5.73677335720197));
#4704=CARTESIAN_POINT('Ctrl Pts',(-14.7966082819577,116.237375071474,-5.68291982956537));
#4705=CARTESIAN_POINT('Ctrl Pts',(-14.1275049139778,116.362747673197,-5.66997811566608));
#4706=CARTESIAN_POINT('Ctrl Pts',(-13.4999999999999,116.362747673197,-5.66997811566608));
#4707=CARTESIAN_POINT('',(-13.4999999999999,116.362747673197,21.2396659046136));
#4708=CARTESIAN_POINT('',(-13.4999999999999,116.362747673197,1.11435348460322));
#4709=CARTESIAN_POINT('',(-18.4999999999999,111.362747673197,21.826997372292));
#4710=CARTESIAN_POINT('Ctrl Pts',(-13.4999999999999,116.362747673197,21.2396659046136));
#4711=CARTESIAN_POINT('Ctrl Pts',(-14.1274930427036,116.362747673197,21.2396659046136));
#4712=CARTESIAN_POINT('Ctrl Pts',(-14.7965749013193,116.237378785217,21.2528564108736));
#4713=CARTESIAN_POINT('Ctrl Pts',(-16.0267894161925,115.728348446555,21.3077422967726));
#4714=CARTESIAN_POINT('Ctrl Pts',(-16.5879234279459,115.344706615743,21.3495891493265));
#4715=CARTESIAN_POINT('Ctrl Pts',(-17.4773092738867,114.457688664417,21.4495806979788));
#4716=CARTESIAN_POINT('Ctrl Pts',(-17.8633744790039,113.893930055481,21.5145800654847));
#4717=CARTESIAN_POINT('Ctrl Pts',(-18.3746987394415,112.660142469269,21.6627900527619));
#4718=CARTESIAN_POINT('Ctrl Pts',(-18.4999999999999,111.99014888282,21.7461496361497));
#4719=CARTESIAN_POINT('Ctrl Pts',(-18.4999999999999,111.362747673197,21.826997372292));
#4720=CARTESIAN_POINT('',(-18.4999999999999,111.362747673197,1.11435348460322));
#4721=CARTESIAN_POINT('Origin',(41.5,116.362747673197,-5.67218660229583));
#4722=CARTESIAN_POINT('',(-23.5,116.362747673197,21.2406129941383));
#4723=CARTESIAN_POINT('',(41.5,116.362747673197,21.2406129941383));
#4724=CARTESIAN_POINT('',(-23.5,116.362747673197,21.2396659046135));
#4725=CARTESIAN_POINT('',(-23.5,116.362747673197,-5.67218660229583));
#4726=CARTESIAN_POINT('',(-23.4999999999999,116.362747673197,21.2396659046135));
#4727=CARTESIAN_POINT('',(-23.5,116.362747673197,-5.66997811566612));
#4728=CARTESIAN_POINT('',(-23.4999999999999,116.362747673197,-5.66997811566612));
#4729=CARTESIAN_POINT('',(-23.5,116.362747673197,-5.67218660229583));
#4730=CARTESIAN_POINT('',(-23.5,116.362747673197,-5.67218660229583));
#4731=CARTESIAN_POINT('',(41.5,116.362747673197,-5.67218660229583));
#4732=CARTESIAN_POINT('Origin',(15.0000000000001,184.94413749333,17.9664522702685));
#4733=CARTESIAN_POINT('',(15.0000000000001,184.944141888906,17.9664522702656));
#4734=CARTESIAN_POINT('',(15.0000000000001,184.944141888906,24.653895960013));
#4735=CARTESIAN_POINT('',(15.0000000000001,184.944134177594,12.9218825895972));
#4736=CARTESIAN_POINT('',(-12.9999999999999,184.944141888906,17.9664522702656));
#4737=CARTESIAN_POINT('',(-18.4999999999999,184.944141888906,17.9664522702656));
#4738=CARTESIAN_POINT('',(-14.9999999999999,184.94413749333,17.9664522702685));
#4739=CARTESIAN_POINT('',(-18.4999999999999,184.944141888906,17.9664522702656));
#4740=CARTESIAN_POINT('',(-14.9999999999999,184.944141888906,24.653895960013));
#4741=CARTESIAN_POINT('',(-14.9999999999999,184.94413707987,17.3374138872598));
#4742=CARTESIAN_POINT('',(-18.4999999999999,184.944141888906,24.653895960013));
#4743=CARTESIAN_POINT('Origin',(-14.9999999999999,205.005589617556,24.2790551991288));
#4744=CARTESIAN_POINT('',(-14.9999999999999,189.45524320511,25.4100238424815));
#4745=CARTESIAN_POINT('',(-14.9999999999999,205.791604248294,30.0282503370623));
#4746=CARTESIAN_POINT('Origin',(-14.9999999999999,199.163699583115,-46.3459764756678));
#4747=CARTESIAN_POINT('',(-14.9999999999999,186.644141888906,19.6664522702657));
#4748=CARTESIAN_POINT('Origin',(-14.9999999999999,186.644141888906,17.9664522702656));
#4749=CARTESIAN_POINT('',(-14.9999999999999,223.299331789619,19.6664522702659));
#4750=CARTESIAN_POINT('',(-14.9999999999999,195.824865753231,19.6664522702657));
#4751=CARTESIAN_POINT('',(-14.9999999999999,217.572965963233,25.3930941240447));
#4752=CARTESIAN_POINT('Origin',(15.0000000000001,206.103698042178,7.87729900099516));
#4753=CARTESIAN_POINT('',(15.0000000000001,225.06705613736,-2.10392867306756));
#4754=CARTESIAN_POINT('',(15.0000000000001,225.06705613736,14.8378282110919));
#4755=CARTESIAN_POINT('',(15.0000000000001,223.299368795419,-3.87177523347472));
#4756=CARTESIAN_POINT('',(15.0000000000001,225.06705613736,-2.10392867306756));
#4757=CARTESIAN_POINT('',(15.0000000000001,186.743944095638,-3.87177523347492));
#4758=CARTESIAN_POINT('',(15.0000000000001,223.299368795419,-3.87177523347472));
#4759=CARTESIAN_POINT('',(15.0000000000001,184.943944095638,-2.0717752334749));
#4760=CARTESIAN_POINT('Origin',(15.0000000000001,186.743944095638,-2.07177523347489));
#4761=CARTESIAN_POINT('',(15.0000000000001,184.943944095638,-1.95078616220303));
#4762=CARTESIAN_POINT('',(15.0000000000001,184.943944095638,-1.95078616220303));
#4763=CARTESIAN_POINT('',(15.0000000000001,184.944141888906,17.8180627598649));
#4764=CARTESIAN_POINT('',(15.0000000000001,184.944141888906,17.8180627598649));
#4765=CARTESIAN_POINT('',(15.0000000000001,184.944141888906,17.8180627598649));
#4766=CARTESIAN_POINT('',(15.0000000000001,173.678685440404,22.5246035460286));
#4767=CARTESIAN_POINT('',(15.0000000000001,184.944141888906,24.653895960013));
#4768=CARTESIAN_POINT('',(15.0000000000001,168.678685440404,12.8323967193878));
#4769=CARTESIAN_POINT('',(15.0000000000001,166.084767197115,7.80423829831765));
#4770=CARTESIAN_POINT('',(15.0000000000001,168.678685440404,4.60417955380146));
#4771=CARTESIAN_POINT('',(15.0000000000001,168.678685440404,16.1518484456108));
#4772=CARTESIAN_POINT('',(15.0000000000001,173.678685440404,-1.56420827568372));
#4773=CARTESIAN_POINT('',(15.0000000000001,178.678685440404,-7.73259610516885));
#4774=CARTESIAN_POINT('',(15.0000000000001,173.678685440404,-6.93178244178117));
#4775=CARTESIAN_POINT('',(15.0000000000001,173.678685440404,17.8180627598457));
#4776=CARTESIAN_POINT('',(15.0000000000001,184.943944095638,-9.01674102893703));
#4777=CARTESIAN_POINT('',(15.0000000000001,184.943944095638,-9.01674102893703));
#4778=CARTESIAN_POINT('',(15.0000000000001,192.802275421109,-10.1168617564316));
#4779=CARTESIAN_POINT('Origin',(15.0000000000001,198.917822874318,62.1841271750976));
#4780=CARTESIAN_POINT('',(15.0000000000001,208.105199464645,-14.904869683167));
#4781=CARTESIAN_POINT('',(15.0000000000001,208.105199464645,-14.904869683167));
#4782=CARTESIAN_POINT('',(15.0000000000001,232.566475256169,-2.1011830754949));
#4783=CARTESIAN_POINT('',(15.0000000000001,225.854348447887,12.9058793161394));
#4784=CARTESIAN_POINT('Origin',(15.0000000000001,229.004348447887,12.9058793161394));
#4785=CARTESIAN_POINT('',(15.0000000000001,177.854348447887,2.90587931613943));
#4786=CARTESIAN_POINT('Origin',(15.0000000000001,181.004348447887,2.90587931613943));
#4787=CARTESIAN_POINT('',(15.0000000000001,177.854348447887,12.9058793161394));
#4788=CARTESIAN_POINT('Origin',(15.0000000000001,181.004348447887,12.9058793161394));
#4789=CARTESIAN_POINT('',(15.0000000000001,225.854348447887,2.90587931613943));
#4790=CARTESIAN_POINT('Origin',(15.0000000000001,229.004348447887,2.90587931613943));
#4791=CARTESIAN_POINT('Origin',(-18.4999999999999,223.299331789619,19.6664522702659));
#4792=CARTESIAN_POINT('',(-12.9999999999999,223.299331789619,19.6664522702659));
#4793=CARTESIAN_POINT('',(-18.4999999999999,223.299331789619,19.6664522702659));
#4794=CARTESIAN_POINT('',(-12.9999999999999,205.564050634592,37.4025883171304));
#4795=CARTESIAN_POINT('Origin',(-18.4999999999999,186.644141888906,19.6664522702657));
#4796=CARTESIAN_POINT('',(-12.9999999999999,186.644141888906,19.6664522702657));
#4797=CARTESIAN_POINT('',(-18.4999999999999,186.644141888906,19.6664522702657));
#4798=CARTESIAN_POINT('',(-12.9999999999999,163.616401787968,19.6664522702656));
#4799=CARTESIAN_POINT('Origin',(-20.9999999999999,40.5129409329806,7.90502224046933));
#4800=CARTESIAN_POINT('',(-23.4999999999999,42.0629409329806,7.90502224046933));
#4801=CARTESIAN_POINT('Origin',(-23.4999999999999,40.5129409329806,7.90502224046933));
#4802=CARTESIAN_POINT('',(-20.9999999999999,42.0629409329806,7.90502224046933));
#4803=CARTESIAN_POINT('',(-20.9999999999999,42.0629409329806,7.90502224046933));
#4804=CARTESIAN_POINT('Origin',(-20.9999999999999,40.5129409329806,7.90502224046933));
#4805=CARTESIAN_POINT('Origin',(-20.9999999999999,44.5129409329806,7.90502224046933));
#4806=CARTESIAN_POINT('',(-23.4999999999999,46.0629409329806,7.90502224046933));
#4807=CARTESIAN_POINT('Origin',(-23.4999999999999,44.5129409329806,7.90502224046933));
#4808=CARTESIAN_POINT('',(-20.9999999999999,46.0629409329806,7.90502224046933));
#4809=CARTESIAN_POINT('',(-20.9999999999999,46.0629409329806,7.90502224046933));
#4810=CARTESIAN_POINT('Origin',(-20.9999999999999,44.5129409329806,7.90502224046933));
#4811=CARTESIAN_POINT('Origin',(8.65000000000009,229.004348447887,12.9058793161394));
#4812=CARTESIAN_POINT('',(8.65000000000009,225.854348447887,12.9058793161394));
#4813=CARTESIAN_POINT('Origin',(8.65000000000009,229.004348447887,12.9058793161394));
#4814=CARTESIAN_POINT('Origin',(11.8250000000001,229.004348447887,12.9058793161394));
#4815=CARTESIAN_POINT('',(11.8250000000001,225.854348447887,12.9058793161394));
#4816=CARTESIAN_POINT('Origin',(8.65000000000009,181.004348447887,2.90587931613943));
#4817=CARTESIAN_POINT('',(8.65000000000009,177.854348447887,2.90587931613943));
#4818=CARTESIAN_POINT('Origin',(8.65000000000009,181.004348447887,2.90587931613943));
#4819=CARTESIAN_POINT('',(8.65000000000009,178.754348447887,2.90587931613943));
#4820=CARTESIAN_POINT('Origin',(8.65000000000009,181.004348447887,2.90587931613943));
#4821=CARTESIAN_POINT('Origin',(11.8250000000001,181.004348447887,2.90587931613943));
#4822=CARTESIAN_POINT('',(11.8250000000001,177.854348447887,2.90587931613943));
#4823=CARTESIAN_POINT('Origin',(8.65000000000009,181.004348447887,12.9058793161394));
#4824=CARTESIAN_POINT('',(8.65000000000009,177.854348447887,12.9058793161394));
#4825=CARTESIAN_POINT('Origin',(8.65000000000009,181.004348447887,12.9058793161394));
#4826=CARTESIAN_POINT('',(8.65000000000009,178.754348447887,12.9058793161394));
#4827=CARTESIAN_POINT('Origin',(8.65000000000009,181.004348447887,12.9058793161394));
#4828=CARTESIAN_POINT('Origin',(11.8250000000001,181.004348447887,12.9058793161394));
#4829=CARTESIAN_POINT('',(11.8250000000001,177.854348447887,12.9058793161394));
#4830=CARTESIAN_POINT('Origin',(8.65000000000009,229.004348447887,2.90587931613943));
#4831=CARTESIAN_POINT('',(8.65000000000009,225.854348447887,2.90587931613943));
#4832=CARTESIAN_POINT('Origin',(8.65000000000009,229.004348447887,2.90587931613943));
#4833=CARTESIAN_POINT('',(8.65000000000009,226.754348447887,2.90587931613943));
#4834=CARTESIAN_POINT('Origin',(8.65000000000009,229.004348447887,2.90587931613943));
#4835=CARTESIAN_POINT('Origin',(11.8250000000001,229.004348447887,2.90587931613943));
#4836=CARTESIAN_POINT('',(11.8250000000001,225.854348447887,2.90587931613943));
#4837=CARTESIAN_POINT('Origin',(15.0000000000001,173.678685440404,-1.56420827568372));
#4838=CARTESIAN_POINT('',(-13.4999999999999,168.678685440404,4.60417955380145));
#4839=CARTESIAN_POINT('',(28.25,168.678685440404,4.60417955380147));
#4840=CARTESIAN_POINT('',(-18.4999999999999,173.678685440404,-1.56420827568372));
#4841=CARTESIAN_POINT('Origin',(-13.4999999999999,173.678685440404,-1.56420827568368));
#4842=CARTESIAN_POINT('',(-1.74999999999991,173.678685440404,-1.56420827568377));
#4843=CARTESIAN_POINT('Origin',(15.0000000000001,166.084767197115,7.80423829831765));
#4844=CARTESIAN_POINT('',(-13.4999999999999,168.678685440404,12.8323967193878));
#4845=CARTESIAN_POINT('',(28.25,168.678685440404,12.8323967193878));
#4846=CARTESIAN_POINT('',(-18.4999999999999,173.678685440404,22.5246035460286));
#4847=CARTESIAN_POINT('',(-18.4999999999999,173.678685440404,22.5246035460286));
#4848=CARTESIAN_POINT('Origin',(-13.4999999999999,173.678685440404,22.5246035460288));
#4849=CARTESIAN_POINT('Origin',(41.5,168.678685440404,21.8234992560492));
#4850=CARTESIAN_POINT('',(-13.4999999999999,168.678685440404,21.8234992560492));
#4851=CARTESIAN_POINT('',(-13.4999999999999,168.678685440404,14.8621964137758));
#4852=CARTESIAN_POINT('',(36.5,168.678685440404,21.8234992560492));
#4853=CARTESIAN_POINT('',(41.5,168.678685440404,21.8234992560492));
#4854=CARTESIAN_POINT('',(36.5,168.678685440404,-6.24403244750827));
#4855=CARTESIAN_POINT('',(36.5,168.678685440404,14.8618735412622));
#4856=CARTESIAN_POINT('',(-13.4999999999999,168.678685440404,-6.24403244750827));
#4857=CARTESIAN_POINT('',(41.5,168.678685440404,-6.24403244750827));
#4858=CARTESIAN_POINT('',(-13.4999999999999,168.678685440404,14.8621964137758));
#4859=CARTESIAN_POINT('Origin',(-13.4999999999999,173.678685440404,14.8621964137758));
#4860=CARTESIAN_POINT('Ctrl Pts',(-18.4999999999999,173.678685440404,22.5246035460286));
#4861=CARTESIAN_POINT('Ctrl Pts',(-18.4999999999999,173.051306875338,22.4294190101251));
#4862=CARTESIAN_POINT('Ctrl Pts',(-18.3747152196997,172.381124411106,22.3307450914507));
#4863=CARTESIAN_POINT('Ctrl Pts',(-17.8629058531628,171.146578479627,22.1543285609918));
#4864=CARTESIAN_POINT('Ctrl Pts',(-17.4763254028477,170.582259303218,22.076438113966));
#4865=CARTESIAN_POINT('Ctrl Pts',(-16.5863652710317,169.695672931906,21.9563665800655));
#4866=CARTESIAN_POINT('Ctrl Pts',(-16.0257131275748,169.312527987247,21.9058834733277));
#4867=CARTESIAN_POINT('Ctrl Pts',(-14.7962213010331,168.804019487424,21.8395253749817));
#4868=CARTESIAN_POINT('Ctrl Pts',(-14.1273775750681,168.678685440404,21.8234992560492));
#4869=CARTESIAN_POINT('Ctrl Pts',(-13.4999999999999,168.678685440404,21.8234992560492));
#4870=CARTESIAN_POINT('Origin',(-18.4999999999999,173.678685440404,22.5246035460286));
#4871=CARTESIAN_POINT('',(-18.4999999999999,173.678685440404,-6.93178244178117));
#4872=CARTESIAN_POINT('',(-18.4999999999999,173.678685440404,14.8621964137758));
#4873=CARTESIAN_POINT('',(-18.4999999999999,173.678685440404,-6.93178244178117));
#4874=CARTESIAN_POINT('Origin',(-24.2499999999999,214.960054461201,7.93774083690931));
#4875=CARTESIAN_POINT('',(-23.4999999999999,224.910054461201,7.93774083690931));
#4876=CARTESIAN_POINT('Origin',(-23.4999999999999,214.960054461201,7.93774083690931));
#4877=CARTESIAN_POINT('',(-24.9999999999999,219.910054461201,7.93774083690931));
#4878=CARTESIAN_POINT('',(-24.2499999999999,222.410054461201,7.93774083690931));
#4879=CARTESIAN_POINT('Origin',(-24.9999999999999,214.960054461201,7.93774083690931));
#4880=CARTESIAN_POINT('Origin',(-23.4999999999999,214.960054461201,7.93774083690931));
#4881=CARTESIAN_POINT('',(-33.4999999999999,219.910054461201,7.93774083690931));
#4882=CARTESIAN_POINT('Origin',(-33.4999999999999,214.960054461201,7.93774083690931));
#4883=CARTESIAN_POINT('',(-23.4999999999999,219.910054461201,7.93774083690931));
#4884=CARTESIAN_POINT('Origin',(-23.4999999999999,140.588661687029,7.90089357150229));
#4885=CARTESIAN_POINT('',(-23.4999999999999,69.1942201747392,-15.6952073788376));
#4886=CARTESIAN_POINT('Origin',(-23.4999999999999,140.024284716076,-232.973255169887));
#4887=CARTESIAN_POINT('',(-23.4999999999999,61.1238684382118,-14.864567500092));
#4888=CARTESIAN_POINT('Origin',(-23.4999999999999,66.0948634797265,-6.18763207926273));
#4889=CARTESIAN_POINT('',(-23.4999999999999,35.784856481741,-0.347909638362448));
#4890=CARTESIAN_POINT('',(-23.4999999999999,61.1238684382118,-14.864567500092));
#4891=CARTESIAN_POINT('',(-23.4999999999999,35.7866115926157,16.1589593701728));
#4892=CARTESIAN_POINT('Origin',(-23.4999999999999,40.5129409329806,7.90502224046933));
#4893=CARTESIAN_POINT('',(-23.4999999999999,61.0912903087279,30.6488014400946));
#4894=CARTESIAN_POINT('',(-23.4999999999999,61.0912903087279,30.6488014400946));
#4895=CARTESIAN_POINT('',(-23.4999999999999,69.217770802366,31.4592896456324));
#4896=CARTESIAN_POINT('Origin',(-23.4999999999999,66.0604400685973,21.9708091225138));
#4897=CARTESIAN_POINT('Origin',(-23.4999999999999,140.024284716076,244.24859961387));
#4898=CARTESIAN_POINT('',(-23.5,130.39123806111,20.1949068045027));
#4899=CARTESIAN_POINT('Origin',(-23.5,140.039292297875,244.247953868861));
#4900=CARTESIAN_POINT('',(-23.4999999999999,215.024284716076,32.9008935715023));
#4901=CARTESIAN_POINT('Origin',(-23.4999999999999,140.024284716076,244.24859961387));
#4902=CARTESIAN_POINT('',(-23.4999999999999,215.024284716076,-17.0991064284977));
#4903=CARTESIAN_POINT('Origin',(-23.4999999999999,223.709900900004,7.90089357150229));
#4904=CARTESIAN_POINT('',(-23.5,149.855933705054,-4.65333318983515));
#4905=CARTESIAN_POINT('Origin',(-23.4999999999999,140.024284716076,-232.973255169887));
#4906=CARTESIAN_POINT('Origin',(-23.5,140.039292297875,-232.973900914913));
#4907=CARTESIAN_POINT('Origin',(41.,215.022812075202,7.92699055911833));
#4908=CARTESIAN_POINT('',(41.5,206.472812075202,7.92699055911833));
#4909=CARTESIAN_POINT('Origin',(41.5,215.022812075202,7.92699055911833));
#4910=CARTESIAN_POINT('',(40.5,207.472812075202,7.92699055911833));
#4911=CARTESIAN_POINT('',(41.,206.972812075202,7.92699055911833));
#4912=CARTESIAN_POINT('Origin',(40.5,215.022812075202,7.92699055911833));
#4913=CARTESIAN_POINT('Origin',(41.5,140.603669268828,7.90024782647524));
#4914=CARTESIAN_POINT('',(41.5,173.678685440404,22.5246035460287));
#4915=CARTESIAN_POINT('',(41.5,173.678685440404,-6.93178244178124));
#4916=CARTESIAN_POINT('',(41.5,173.678685440404,14.8618735412622));
#4917=CARTESIAN_POINT('',(41.5,215.039292297875,32.9002478264752));
#4918=CARTESIAN_POINT('Origin',(41.5,140.039292297875,244.247953868843));
#4919=CARTESIAN_POINT('',(41.5,215.039292297875,-17.0997521735248));
#4920=CARTESIAN_POINT('Origin',(41.5,223.724908481803,7.90024782647524));
#4921=CARTESIAN_POINT('Origin',(41.5,140.039292297875,-232.973900914915));
#4922=CARTESIAN_POINT('Origin',(43.5,215.022812075202,7.92699055911833));
#4923=CARTESIAN_POINT('',(40.5,209.522812075202,7.92699055911833));
#4924=CARTESIAN_POINT('Origin',(40.5,215.022812075202,7.92699055911833));
#4925=CARTESIAN_POINT('',(43.5,209.522812075202,7.92699055911833));
#4926=CARTESIAN_POINT('',(43.5,209.522812075202,7.92699055911833));
#4927=CARTESIAN_POINT('Origin',(43.5,215.022812075202,7.92699055911833));
#4928=CARTESIAN_POINT('Origin',(43.5,215.022812075202,7.92699055911833));
#4929=CARTESIAN_POINT('',(43.5,207.472812075202,7.92699055911833));
#4930=CARTESIAN_POINT('Origin',(43.5,215.022812075202,7.92699055911833));
#4931=CARTESIAN_POINT('Origin',(40.5,215.022812075202,7.92699055911833));
#4932=CARTESIAN_POINT('Origin',(47.5,215.022812075202,7.92699055911833));
#4933=CARTESIAN_POINT('',(48.5,206.472812075202,7.92699055911833));
#4934=CARTESIAN_POINT('Origin',(48.5,215.022812075202,7.92699055911833));
#4935=CARTESIAN_POINT('',(46.5,207.472812075202,7.92699055911833));
#4936=CARTESIAN_POINT('',(47.5,206.972812075202,7.92699055911833));
#4937=CARTESIAN_POINT('Origin',(46.5,215.022812075202,7.92699055911833));
#4938=CARTESIAN_POINT('Origin',(48.5,215.022812075202,7.92699055911833));
#4939=CARTESIAN_POINT('',(48.5,200.022812075202,7.92699055911833));
#4940=CARTESIAN_POINT('Origin',(48.5,215.022812075202,7.92699055911833));
#4941=CARTESIAN_POINT('Origin',(46.5,215.022812075202,7.92699055911833));
#4942=CARTESIAN_POINT('',(46.5,207.472812075202,7.92699055911833));
#4943=CARTESIAN_POINT('Origin',(47.5,215.022812075202,7.92699055911833));
#4944=CARTESIAN_POINT('',(46.5,198.022812075202,7.92699055911833));
#4945=CARTESIAN_POINT('Origin',(46.5,215.022812075202,7.92699055911833));
#4946=CARTESIAN_POINT('',(47.5,199.022812075202,7.92699055911833));
#4947=CARTESIAN_POINT('Origin',(46.5,140.603669268828,7.90024782647524));
#4948=CARTESIAN_POINT('',(46.5,61.1388760200109,-14.8652132451191));
#4949=CARTESIAN_POINT('',(46.5,69.2092277565382,-15.6958531238646));
#4950=CARTESIAN_POINT('Origin',(46.5,66.1098710615256,-6.18827782428978));
#4951=CARTESIAN_POINT('',(46.5,215.039292297875,-17.0997521735248));
#4952=CARTESIAN_POINT('Origin',(46.5,140.039292297875,-232.973900914915));
#4953=CARTESIAN_POINT('',(46.5,215.039292297875,32.9002478264752));
#4954=CARTESIAN_POINT('Origin',(46.5,223.724908481803,7.90024782647524));
#4955=CARTESIAN_POINT('',(46.5,69.2327783841651,31.4586439006054));
#4956=CARTESIAN_POINT('Origin',(46.5,140.039292297875,244.247953868843));
#4957=CARTESIAN_POINT('',(46.5,61.106297890527,30.6481556950676));
#4958=CARTESIAN_POINT('Origin',(46.5,66.0754476503964,21.9701633774867));
#4959=CARTESIAN_POINT('',(46.5,35.8016191744148,16.1583136251457));
#4960=CARTESIAN_POINT('',(46.5,61.106297890527,30.6481556950676));
#4961=CARTESIAN_POINT('',(46.5,35.7998640635401,-0.348555383389493));
#4962=CARTESIAN_POINT('Origin',(46.5,40.5279485147796,7.90437649544228));
#4963=CARTESIAN_POINT('',(46.5,61.1388760200109,-14.8652132451191));
#4964=CARTESIAN_POINT('Origin',(-33.4999999999999,214.960054461201,7.93774083690931));
#4965=CARTESIAN_POINT('Origin',(-4.46457445974508,225.06705613736,4.35115618113853));
#4966=CARTESIAN_POINT('',(-4.46457445974508,226.798848841562,3.35115618113853));
#4967=CARTESIAN_POINT('',(-3.46457445974508,227.279913820683,4.35115618113853));
#4968=CARTESIAN_POINT('Ctrl Pts',(-4.46457445974508,226.798848841562,3.35115618113853));
#4969=CARTESIAN_POINT('Ctrl Pts',(-4.36512306552618,226.798848841562,3.35115618113853));
#4970=CARTESIAN_POINT('Ctrl Pts',(-4.25787012331979,226.801842702316,3.36696605207766));
#4971=CARTESIAN_POINT('Ctrl Pts',(-4.05510044346235,226.816617915741,3.43263134529948));
#4972=CARTESIAN_POINT('Ctrl Pts',(-3.95959916376812,226.828663916567,3.48247468457961));
#4973=CARTESIAN_POINT('Ctrl Pts',(-3.79520725494152,226.863435767886,3.60089887691874));
#4974=CARTESIAN_POINT('Ctrl Pts',(-3.71536002957169,226.889636955476,3.68012785386294));
#4975=CARTESIAN_POINT('Ctrl Pts',(-3.58965057200884,226.962163923832,3.85506209654036));
#4976=CARTESIAN_POINT('Ctrl Pts',(-3.54365779082822,227.00892762228,3.950491582639));
#4977=CARTESIAN_POINT('Ctrl Pts',(-3.48154959125331,227.118950046892,4.13930325354155));
#4978=CARTESIAN_POINT('Ctrl Pts',(-3.46497616256856,227.192923357039,4.24689152143076));
#4979=CARTESIAN_POINT('Ctrl Pts',(-3.46457702490896,227.27772334464,4.34853958921099));
#4980=CARTESIAN_POINT('Ctrl Pts',(-3.46457445974508,227.278817811321,4.34984847564512));
#4981=CARTESIAN_POINT('Ctrl Pts',(-3.46457445974508,227.279913820683,4.35115618113853));
#4982=CARTESIAN_POINT('',(-4.46457445974508,225.06705613736,3.35115618113853));
#4983=CARTESIAN_POINT('',(-4.46457445974508,225.06705613736,3.35115618113853));
#4984=CARTESIAN_POINT('',(-3.46457445974508,225.06705613736,4.35115618113853));
#4985=CARTESIAN_POINT('Origin',(-4.46457445974508,225.06705613736,4.35115618113853));
#4986=CARTESIAN_POINT('',(-3.46457445974508,225.06705613736,4.35115618113853));
#4987=CARTESIAN_POINT('Origin',(-4.46457445974508,225.06705613736,4.35115618113853));
#4988=CARTESIAN_POINT('',(-4.46457445974508,231.209848054211,3.35115618113853));
#4989=CARTESIAN_POINT('',(-4.46457445974508,225.06705613736,3.35115618113853));
#4990=CARTESIAN_POINT('',(-3.46457445974508,230.72878307509,4.35115618113853));
#4991=CARTESIAN_POINT('Ctrl Pts',(-3.46457445974508,230.72878307509,4.35115618113853));
#4992=CARTESIAN_POINT('Ctrl Pts',(-3.46457445974508,230.729879084452,4.34984847564509));
#4993=CARTESIAN_POINT('Ctrl Pts',(-3.46457702490896,230.730973551133,4.34853958921097));
#4994=CARTESIAN_POINT('Ctrl Pts',(-3.46497616256856,230.815773538734,4.24689152143071));
#4995=CARTESIAN_POINT('Ctrl Pts',(-3.48154959125331,230.889746848881,4.13930325354155));
#4996=CARTESIAN_POINT('Ctrl Pts',(-3.54365779082822,230.999769273493,3.950491582639));
#4997=CARTESIAN_POINT('Ctrl Pts',(-3.58965057200884,231.046532971941,3.85506209654036));
#4998=CARTESIAN_POINT('Ctrl Pts',(-3.71536002957169,231.119059940298,3.68012785386294));
#4999=CARTESIAN_POINT('Ctrl Pts',(-3.79520725494152,231.145261127887,3.60089887691874));
#5000=CARTESIAN_POINT('Ctrl Pts',(-3.95959916376812,231.180032979206,3.48247468457961));
#5001=CARTESIAN_POINT('Ctrl Pts',(-4.05510044346235,231.192078980032,3.43263134529948));
#5002=CARTESIAN_POINT('Ctrl Pts',(-4.25787012331979,231.206854193457,3.36696605207766));
#5003=CARTESIAN_POINT('Ctrl Pts',(-4.36512306552618,231.209848054211,3.35115618113853));
#5004=CARTESIAN_POINT('Ctrl Pts',(-4.46457445974508,231.209848054211,3.35115618113853));
#5005=CARTESIAN_POINT('',(-3.46457445974508,225.06705613736,4.35115618113853));
#5006=CARTESIAN_POINT('Origin',(-4.46457445974508,225.06705613736,3.35115618113853));
#5007=CARTESIAN_POINT('',(-9.55059494133065,226.798848841562,3.35115618113853));
#5008=CARTESIAN_POINT('',(-18.4999999999999,226.798848841562,3.35115618113853));
#5009=CARTESIAN_POINT('',(-9.55059494133065,225.06705613736,3.35115618113853));
#5010=CARTESIAN_POINT('',(-9.55059494133065,225.06705613736,3.35115618113853));
#5011=CARTESIAN_POINT('',(-11.4822872298725,225.06705613736,3.35115618113853));
#5012=CARTESIAN_POINT('Origin',(-4.46457445974508,225.06705613736,3.35115618113853));
#5013=CARTESIAN_POINT('',(-9.55059494133065,231.209848054211,3.35115618113853));
#5014=CARTESIAN_POINT('',(-9.55059494133065,225.06705613736,3.35115618113853));
#5015=CARTESIAN_POINT('',(-18.4999999999999,231.209848054211,3.35115618113853));
#5016=CARTESIAN_POINT('Origin',(-9.55059494133065,225.06705613736,4.35115618113853));
#5017=CARTESIAN_POINT('Ctrl Pts',(-10.5505949413307,227.279913820683,4.35115618113853));
#5018=CARTESIAN_POINT('Ctrl Pts',(-10.5505949413307,227.278817811321,4.34984847564512));
#5019=CARTESIAN_POINT('Ctrl Pts',(-10.5505923761668,227.27772334464,4.34853958921096));
#5020=CARTESIAN_POINT('Ctrl Pts',(-10.5501932385072,227.192923357039,4.24689152143071));
#5021=CARTESIAN_POINT('Ctrl Pts',(-10.5336198098224,227.118950046892,4.13930325354155));
#5022=CARTESIAN_POINT('Ctrl Pts',(-10.4715116102475,227.00892762228,3.950491582639));
#5023=CARTESIAN_POINT('Ctrl Pts',(-10.4255188290669,226.962163923832,3.85506209654036));
#5024=CARTESIAN_POINT('Ctrl Pts',(-10.299809371504,226.889636955476,3.68012785386294));
#5025=CARTESIAN_POINT('Ctrl Pts',(-10.2199621461342,226.863435767886,3.60089887691874));
#5026=CARTESIAN_POINT('Ctrl Pts',(-10.0555702373076,226.828663916567,3.48247468457961));
#5027=CARTESIAN_POINT('Ctrl Pts',(-9.96006895761339,226.816617915741,3.43263134529948));
#5028=CARTESIAN_POINT('Ctrl Pts',(-9.75729927775595,226.801842702316,3.36696605207766));
#5029=CARTESIAN_POINT('Ctrl Pts',(-9.65004633554956,226.798848841562,3.35115618113853));
#5030=CARTESIAN_POINT('Ctrl Pts',(-9.55059494133065,226.798848841562,3.35115618113853));
#5031=CARTESIAN_POINT('Origin',(-9.55059494133065,225.06705613736,4.35115618113853));
#5032=CARTESIAN_POINT('Origin',(-9.55059494133065,225.06705613736,11.2390810227497));
#5033=CARTESIAN_POINT('Origin',(-9.55059494133065,225.06705613736,11.2390810227497));
#5034=CARTESIAN_POINT('Origin',(-4.46457445974508,225.06705613736,11.2390810227497));
#5035=CARTESIAN_POINT('',(-3.46457445974508,225.06705613736,11.2390810227497));
#5036=CARTESIAN_POINT('',(-3.46457445974508,225.06705613736,11.2390810227497));
#5037=CARTESIAN_POINT('Origin',(-4.46457445974508,225.06705613736,11.2390810227497));
#5038=CARTESIAN_POINT('Origin',(-3.46457445974508,225.06705613736,11.2390810227497));
#5039=CARTESIAN_POINT('',(-3.46457862522644,225.06705613736,16.3491315462545));
#5040=CARTESIAN_POINT('Origin',(-3.46457445974508,229.004348447887,2.90587931613943));
#5041=CARTESIAN_POINT('',(-3.46457445974508,225.06705613736,14.568861867925));
#5042=CARTESIAN_POINT('Origin',(-9.55059494133065,225.06705613736,4.35115618113853));
#5043=CARTESIAN_POINT('Ctrl Pts',(-9.55059494133065,231.209848054211,3.35115618113853));
#5044=CARTESIAN_POINT('Ctrl Pts',(-9.65004633554956,231.209848054211,3.35115618113853));
#5045=CARTESIAN_POINT('Ctrl Pts',(-9.75729927775595,231.206854193457,3.36696605207766));
#5046=CARTESIAN_POINT('Ctrl Pts',(-9.96006895761339,231.192078980032,3.43263134529948));
#5047=CARTESIAN_POINT('Ctrl Pts',(-10.0555702373076,231.180032979206,3.48247468457961));
#5048=CARTESIAN_POINT('Ctrl Pts',(-10.2199621461342,231.145261127887,3.60089887691874));
#5049=CARTESIAN_POINT('Ctrl Pts',(-10.299809371504,231.119059940298,3.68012785386294));
#5050=CARTESIAN_POINT('Ctrl Pts',(-10.4255188290669,231.046532971941,3.85506209654036));
#5051=CARTESIAN_POINT('Ctrl Pts',(-10.4715116102475,230.999769273493,3.950491582639));
#5052=CARTESIAN_POINT('Ctrl Pts',(-10.5336198098224,230.889746848881,4.13930325354155));
#5053=CARTESIAN_POINT('Ctrl Pts',(-10.5501932385072,230.815773538734,4.24689152143071));
#5054=CARTESIAN_POINT('Ctrl Pts',(-10.5505923761668,230.730973551133,4.34853958921097));
#5055=CARTESIAN_POINT('Ctrl Pts',(-10.5505949413307,230.729879084452,4.34984847564509));
#5056=CARTESIAN_POINT('Ctrl Pts',(-10.5505949413307,230.72878307509,4.35115618113853));
#5057=CARTESIAN_POINT('Origin',(-18.4999999999999,225.06705613736,-2.10392867306756));
#5058=CARTESIAN_POINT('',(-12.9999999999999,223.299368795419,-3.87177523347472));
#5059=CARTESIAN_POINT('',(-18.4999999999999,223.299368795419,-3.87177523347472));
#5060=CARTESIAN_POINT('',(-12.9999999999999,225.06705613736,-2.10392867306756));
#5061=CARTESIAN_POINT('',(-18.4999999999999,225.06705613736,-2.10392867306756));
#5062=CARTESIAN_POINT('',(-12.9999999999999,206.450565266614,-20.7220963613482));
#5063=CARTESIAN_POINT('Origin',(-18.4999999999999,223.299368795419,-3.87177523347472));
#5064=CARTESIAN_POINT('',(-12.9999999999999,186.743944095638,-3.87177523347492));
#5065=CARTESIAN_POINT('',(-18.4999999999999,186.743944095638,-3.87177523347492));
#5066=CARTESIAN_POINT('',(-12.9999999999999,181.944015241224,-3.87177523347495));
#5067=CARTESIAN_POINT('Origin',(-18.4999999999999,186.743944095638,-2.07177523347489));
#5068=CARTESIAN_POINT('',(-12.9999999999999,184.943944095638,-2.0717752334749));
#5069=CARTESIAN_POINT('',(-18.4999999999999,184.943944095638,-2.0717752334749));
#5070=CARTESIAN_POINT('Origin',(-12.9999999999999,186.743944095638,-2.07177523347489));
#5071=CARTESIAN_POINT('Origin',(-18.4999999999999,184.943944095638,-2.0717752334749));
#5072=CARTESIAN_POINT('',(-12.9999999999999,184.943944095638,-1.95078616220303));
#5073=CARTESIAN_POINT('',(-18.4999999999999,184.943944095638,-1.95078616220303));
#5074=CARTESIAN_POINT('',(-12.9999999999999,184.943944095638,2.91455916901369));
#5075=CARTESIAN_POINT('Origin',(-18.4999999999999,184.943944095638,-1.95078616220303));
#5076=CARTESIAN_POINT('',(-12.9999999999999,184.944141888906,17.8180627598649));
#5077=CARTESIAN_POINT('',(-18.4999999999999,184.944141888906,17.8180627598649));
#5078=CARTESIAN_POINT('',(-12.9999999999999,184.943993377924,2.97483181019775));
#5079=CARTESIAN_POINT('Origin',(-18.4999999999999,173.678685440404,-6.93178244178117));
#5080=CARTESIAN_POINT('',(-18.4999999999999,184.943944095638,-9.01674102893703));
#5081=CARTESIAN_POINT('',(-18.4999999999999,184.943944095638,-9.01674102893703));
#5082=CARTESIAN_POINT('',(-18.4999999999999,173.72268893121,-6.93992654737422));
#5083=CARTESIAN_POINT('',(-18.4999999999999,156.354492514869,-3.72544462823626));
#5084=CARTESIAN_POINT('',(-18.4999999999999,184.943944095638,-9.01674102893703));
#5085=CARTESIAN_POINT('Origin',(-18.4999999999999,198.917822874318,62.1841271750976));
#5086=CARTESIAN_POINT('',(-18.4999999999999,192.802275421109,-10.1168617564316));
#5087=CARTESIAN_POINT('',(-18.4999999999999,192.802275421109,-10.1168617564316));
#5088=CARTESIAN_POINT('',(-18.4999999999999,188.226946009642,-9.58312213121143));
#5089=CARTESIAN_POINT('Origin',(-18.4999999999999,198.917822874318,62.1841271750976));
#5090=CARTESIAN_POINT('Origin',(-18.4999999999999,198.917822874318,62.1841271750976));
#5091=CARTESIAN_POINT('Origin',(-18.4999999999999,192.802275421109,-10.1168617564316));
#5092=CARTESIAN_POINT('',(-18.4999999999999,208.105199464645,-14.904869683167));
#5093=CARTESIAN_POINT('',(-18.4999999999999,208.105199464645,-14.904869683167));
#5094=CARTESIAN_POINT('',(-18.4999999999999,202.370170116685,-13.1104828130518));
#5095=CARTESIAN_POINT('',(-18.4999999999999,166.455931332633,-1.87356760054017));
#5096=CARTESIAN_POINT('',(-18.4999999999999,208.105199464645,-14.904869683167));
#5097=CARTESIAN_POINT('Origin',(-18.4999999999999,208.105199464645,-14.904869683167));
#5098=CARTESIAN_POINT('',(-18.4999999999999,208.208925480374,-14.8505767096613));
#5099=CARTESIAN_POINT('',(-18.4999999999999,232.566475256169,-2.1011830754949));
#5100=CARTESIAN_POINT('',(-18.4999999999999,186.291833724633,-26.3225692820746));
#5101=CARTESIAN_POINT('Origin',(-18.4999999999999,206.103698042178,7.87729900099516));
#5102=CARTESIAN_POINT('Origin',(-18.4999999999999,140.024284716076,-232.973255169887));
#5103=CARTESIAN_POINT('Origin',(-18.4999999999999,206.103698042178,7.87729900099516));
#5104=CARTESIAN_POINT('',(-18.4999999999999,191.237436258802,25.9138429706986));
#5105=CARTESIAN_POINT('Origin',(-18.4999999999999,140.024284716076,244.24859961387));
#5106=CARTESIAN_POINT('',(-18.4999999999999,208.024451534434,30.6594676851574));
#5107=CARTESIAN_POINT('Origin',(-18.4999999999999,206.103698042178,7.87729900099516));
#5108=CARTESIAN_POINT('',(-18.4999999999999,188.279816419866,25.2411647872058));
#5109=CARTESIAN_POINT('',(-18.4999999999999,173.757601716591,22.5395195708691));
#5110=CARTESIAN_POINT('Origin',(-18.4999999999999,140.024284716076,244.24859961387));
#5111=CARTESIAN_POINT('',(-18.4999999999999,184.944141888906,24.653895960013));
#5112=CARTESIAN_POINT('',(-18.4999999999999,184.944141888906,24.653895960013));
#5113=CARTESIAN_POINT('Origin',(-18.4999999999999,199.163699583115,-46.3459764756678));
#5114=CARTESIAN_POINT('Origin',(-18.4999999999999,206.103698042178,7.87729900099516));
#5115=CARTESIAN_POINT('Origin',(-18.4999999999999,140.024284716076,-232.973255169887));
#5116=CARTESIAN_POINT('Origin',(-18.4999999999999,229.004348447887,12.9058793161394));
#5117=CARTESIAN_POINT('',(-18.4999999999999,226.754348447887,12.9058793161394));
#5118=CARTESIAN_POINT('',(-18.4999999999999,226.754348447887,12.9058793161394));
#5119=CARTESIAN_POINT('Origin',(-18.4999999999999,229.004348447887,12.9058793161394));
#5120=CARTESIAN_POINT('Origin',(-18.4999999999999,181.004348447887,2.90587931613943));
#5121=CARTESIAN_POINT('',(-18.4999999999999,178.754348447887,2.90587931613943));
#5122=CARTESIAN_POINT('',(-18.4999999999999,178.754348447887,2.90587931613943));
#5123=CARTESIAN_POINT('Origin',(-18.4999999999999,181.004348447887,2.90587931613943));
#5124=CARTESIAN_POINT('Origin',(-18.4999999999999,181.004348447887,12.9058793161394));
#5125=CARTESIAN_POINT('',(-18.4999999999999,178.754348447887,12.9058793161394));
#5126=CARTESIAN_POINT('',(-18.4999999999999,178.754348447887,12.9058793161394));
#5127=CARTESIAN_POINT('Origin',(-18.4999999999999,181.004348447887,12.9058793161394));
#5128=CARTESIAN_POINT('Origin',(-18.4999999999999,229.004348447887,2.90587931613943));
#5129=CARTESIAN_POINT('',(-18.4999999999999,226.754348447887,2.90587931613943));
#5130=CARTESIAN_POINT('',(-18.4999999999999,226.754348447887,2.90587931613943));
#5131=CARTESIAN_POINT('Origin',(-18.4999999999999,229.004348447887,2.90587931613943));
#5132=CARTESIAN_POINT('Origin',(-18.4999999999999,225.06705613736,17.8986427131002));
#5133=CARTESIAN_POINT('',(-12.9999999999999,225.06705613736,12.8997681423012));
#5134=CARTESIAN_POINT('Origin',(-18.4999999999999,186.644141888906,17.9664522702656));
#5135=CARTESIAN_POINT('Origin',(-12.9999999999999,186.644141888906,17.9664522702656));
#5136=CARTESIAN_POINT('Origin',(-18.4999999999999,184.944141888906,17.8180627598649));
#5137=CARTESIAN_POINT('',(-12.9999999999999,184.944141888906,12.8594781656836));
#5138=CARTESIAN_POINT('Origin',(-18.4999999999999,184.944141888906,24.653895960013));
#5139=CARTESIAN_POINT('',(-18.4999999999999,184.944141888906,24.653895960013));
#5140=CARTESIAN_POINT('',(-18.4999999999999,162.002736193844,20.3177235788992));
#5141=CARTESIAN_POINT('Origin',(-18.4999999999999,199.163699583115,-46.3459764756678));
#5142=CARTESIAN_POINT('',(-18.4999999999999,189.45524320511,25.4100238424815));
#5143=CARTESIAN_POINT('',(-18.4999999999999,189.45524320511,25.4100238424815));
#5144=CARTESIAN_POINT('Origin',(-18.4999999999999,199.163699583115,-46.3459764756678));
#5145=CARTESIAN_POINT('Origin',(-18.4999999999999,208.024451534434,30.6594676851574));
#5146=CARTESIAN_POINT('',(-18.4999999999999,173.8229604641,20.9908375785106));
#5147=CARTESIAN_POINT('Origin',(-12.9999999999999,140.588661687029,7.90089357150229));
#5148=CARTESIAN_POINT('Origin',(-18.4999999999999,140.588661687029,7.90089357150229));
#5149=CARTESIAN_POINT('Origin',(-18.4999999999999,140.588661687029,7.90089357150229));
#5150=CARTESIAN_POINT('Origin',(-18.4999999999999,140.588661687029,7.90089357150229));
#5151=CARTESIAN_POINT('Origin',(-18.4999999999999,140.588661687029,7.90089357150229));
#5152=CARTESIAN_POINT('Origin',(-18.4999999999999,140.588661687029,7.90089357150229));
#5153=CARTESIAN_POINT('',(-18.4999999999999,130.39123806111,20.1949068045027));
#5154=CARTESIAN_POINT('Origin',(-18.4999999999999,140.024284716076,244.24859961387));
#5155=CARTESIAN_POINT('Origin',(-18.4999999999999,140.039292297875,244.247953868861));
#5156=CARTESIAN_POINT('Origin',(-18.4999999999999,140.588661687029,7.90089357150229));
#5157=CARTESIAN_POINT('Origin',(-18.4999999999999,140.024284716076,244.24859961387));
#5158=CARTESIAN_POINT('Origin',(-18.4999999999999,140.588661687029,7.90089357150229));
#5159=CARTESIAN_POINT('',(-18.4999999999999,215.024284716076,-17.0991064284977));
#5160=CARTESIAN_POINT('Origin',(-18.4999999999999,140.024284716076,-232.973255169887));
#5161=CARTESIAN_POINT('',(-18.4999999999999,215.024284716076,32.9008935715023));
#5162=CARTESIAN_POINT('Origin',(-18.4999999999999,223.709900900004,7.90089357150229));
#5163=CARTESIAN_POINT('Origin',(-18.4999999999999,140.024284716076,244.24859961387));
#5164=CARTESIAN_POINT('Origin',(-18.4999999999999,140.588661687029,7.90089357150229));
#5165=CARTESIAN_POINT('Origin',(-18.4999999999999,140.024284716076,-232.973255169887));
#5166=CARTESIAN_POINT('Origin',(-18.4999999999999,140.588661687029,7.90089357150229));
#5167=CARTESIAN_POINT('',(-18.4999999999999,149.855933705054,-4.65333318983515));
#5168=CARTESIAN_POINT('Origin',(-18.4999999999999,140.039292297875,-232.973900914913));
#5169=CARTESIAN_POINT('Origin',(-18.4999999999999,140.024284716076,-232.973255169887));
#5170=CARTESIAN_POINT('Origin',(-13.4999999999999,173.678685440404,14.8621964137758));
#5171=CARTESIAN_POINT('Ctrl Pts',(-13.4999999999999,168.678685440404,-6.24403244750827));
#5172=CARTESIAN_POINT('Ctrl Pts',(-14.1273937936967,168.678685440404,-6.24403244750827));
#5173=CARTESIAN_POINT('Ctrl Pts',(-14.796268032783,168.804024521004,-6.25975491479152));
#5174=CARTESIAN_POINT('Ctrl Pts',(-16.0258498812826,169.312598843993,-6.32486089846415));
#5175=CARTESIAN_POINT('Ctrl Pts',(-16.5865613677065,169.695805717903,-6.37439270652974));
#5176=CARTESIAN_POINT('Ctrl Pts',(-17.4764422958645,170.582439045318,-6.49218757577177));
#5177=CARTESIAN_POINT('Ctrl Pts',(-17.8629562788433,171.146680320774,-6.56858526209777));
#5178=CARTESIAN_POINT('Ctrl Pts',(-18.3747082392358,172.381127366742,-6.74162591895401));
#5179=CARTESIAN_POINT('Ctrl Pts',(-18.4999999999999,173.051290485321,-6.83841406560312));
#5180=CARTESIAN_POINT('Ctrl Pts',(-18.4999999999999,173.678685440404,-6.93178244178117));
#5181=CARTESIAN_POINT('Origin',(36.5,173.678685440404,14.8618735412622));
#5182=CARTESIAN_POINT('Ctrl Pts',(36.5,168.678685440404,21.8234992560492));
#5183=CARTESIAN_POINT('Ctrl Pts',(37.1273775750682,168.678685440404,21.8234992560492));
#5184=CARTESIAN_POINT('Ctrl Pts',(37.7962213010332,168.804019487424,21.8395253749817));
#5185=CARTESIAN_POINT('Ctrl Pts',(39.0257131275749,169.312527987247,21.9058834733277));
#5186=CARTESIAN_POINT('Ctrl Pts',(39.5863652710318,169.695672931906,21.9563665800655));
#5187=CARTESIAN_POINT('Ctrl Pts',(40.4763254028478,170.582259303218,22.076438113966));
#5188=CARTESIAN_POINT('Ctrl Pts',(40.8629058531629,171.146578479627,22.1543285609918));
#5189=CARTESIAN_POINT('Ctrl Pts',(41.3747152196997,172.381124411106,22.3307450914507));
#5190=CARTESIAN_POINT('Ctrl Pts',(41.5,173.051306875338,22.4294190101251));
#5191=CARTESIAN_POINT('Ctrl Pts',(41.5,173.678685440404,22.5246035460286));
#5192=CARTESIAN_POINT('Ctrl Pts',(41.5,173.678685440404,-6.93178244178117));
#5193=CARTESIAN_POINT('Ctrl Pts',(41.5,173.051290485321,-6.83841406560312));
#5194=CARTESIAN_POINT('Ctrl Pts',(41.3747082392359,172.381127366742,-6.74162591895401));
#5195=CARTESIAN_POINT('Ctrl Pts',(40.8629562788434,171.146680320774,-6.56858526209777));
#5196=CARTESIAN_POINT('Ctrl Pts',(40.4764422958646,170.582439045318,-6.49218757577177));
#5197=CARTESIAN_POINT('Ctrl Pts',(39.5865613677065,169.695805717903,-6.37439270652974));
#5198=CARTESIAN_POINT('Ctrl Pts',(39.0258498812827,169.312598843993,-6.32486089846415));
#5199=CARTESIAN_POINT('Ctrl Pts',(37.7962680327831,168.804024521004,-6.25975491479152));
#5200=CARTESIAN_POINT('Ctrl Pts',(37.1273937936968,168.678685440404,-6.24403244750827));
#5201=CARTESIAN_POINT('Ctrl Pts',(36.5,168.678685440404,-6.24403244750827));
#5202=CARTESIAN_POINT('Origin',(37.,65.01719199417,7.8536482535988));
#5203=CARTESIAN_POINT('',(36.5,73.56719199417,7.8536482535988));
#5204=CARTESIAN_POINT('Origin',(36.5,65.01719199417,7.8536482535988));
#5205=CARTESIAN_POINT('',(37.5,72.56719199417,7.8536482535988));
#5206=CARTESIAN_POINT('',(37.,73.06719199417,7.8536482535988));
#5207=CARTESIAN_POINT('Origin',(37.5,65.01719199417,7.8536482535988));
#5208=CARTESIAN_POINT('Origin',(41.5,65.01719199417,7.8536482535988));
#5209=CARTESIAN_POINT('',(41.5,72.56719199417,7.8536482535988));
#5210=CARTESIAN_POINT('',(41.5,72.56719199417,7.8536482535988));
#5211=CARTESIAN_POINT('Origin',(41.5,65.01719199417,7.8536482535988));
#5212=CARTESIAN_POINT('Origin',(36.5,65.01719199417,7.8536482535988));
#5213=CARTESIAN_POINT('',(36.5,80.01719199417,7.8536482535988));
#5214=CARTESIAN_POINT('Origin',(36.5,65.01719199417,7.8536482535988));
#5215=CARTESIAN_POINT('Origin',(40.5,65.01719199417,7.8536482535988));
#5216=CARTESIAN_POINT('',(39.5,80.01719199417,7.8536482535988));
#5217=CARTESIAN_POINT('',(40.5,81.01719199417,7.8536482535988));
#5218=CARTESIAN_POINT('Origin',(39.5,65.01719199417,7.8536482535988));
#5219=CARTESIAN_POINT('Origin',(41.5,65.01719199417,7.8536482535988));
#5220=CARTESIAN_POINT('',(41.5,80.01719199417,7.8536482535988));
#5221=CARTESIAN_POINT('Origin',(41.5,35.7998640635401,-0.348555383389491));
#5222=CARTESIAN_POINT('',(41.5,61.1388760200109,-14.8652132451191));
#5223=CARTESIAN_POINT('',(41.5,35.7998640635401,-0.348555383389494));
#5224=CARTESIAN_POINT('Origin',(41.5,40.5279485147796,7.90437649544228));
#5225=CARTESIAN_POINT('',(41.5,35.8016191744148,16.1583136251457));
#5226=CARTESIAN_POINT('Origin',(41.5,61.106297890527,30.6481556950676));
#5227=CARTESIAN_POINT('',(41.5,61.106297890527,30.6481556950676));
#5228=CARTESIAN_POINT('Origin',(41.5,66.0754476503964,21.9701633774867));
#5229=CARTESIAN_POINT('',(41.5,69.2327783841651,31.4586439006054));
#5230=CARTESIAN_POINT('Origin',(41.5,223.724908481803,7.90024782647524));
#5231=CARTESIAN_POINT('',(41.5,215.039292297875,32.9002478264752));
#5232=CARTESIAN_POINT('',(41.5,215.039292297875,-17.0997521735248));
#5233=CARTESIAN_POINT('Origin',(41.5,66.1098710615256,-6.18827782428978));
#5234=CARTESIAN_POINT('',(41.5,69.2092277565382,-15.6958531238646));
#5235=CARTESIAN_POINT('Origin',(41.5,140.603669268828,7.90024782647524));
#5236=CARTESIAN_POINT('Ctrl Pts',(3.29916134475692,138.00263209126,-60.));
#5237=CARTESIAN_POINT('Ctrl Pts',(3.29916134475692,138.00263209126,60.));
#5238=CARTESIAN_POINT('Ctrl Pts',(4.57879602798446,134.0622609792,-60.));
#5239=CARTESIAN_POINT('Ctrl Pts',(4.57879602798446,134.0622609792,60.));
#5240=CARTESIAN_POINT('Ctrl Pts',(4.57879602798446,134.0622609792,-60.));
#5241=CARTESIAN_POINT('Ctrl Pts',(4.57879602798446,134.0622609792,60.));
#5242=CARTESIAN_POINT('Ctrl Pts',(5.3460218717955,133.73862259419,-60.));
#5243=CARTESIAN_POINT('Ctrl Pts',(5.3460218717955,133.73862259419,60.));
#5244=CARTESIAN_POINT('',(5.3460218717955,133.73862259419,20.0758003558428));
#5245=CARTESIAN_POINT('',(3.29916134475692,138.00263209126,19.996521622416));
#5246=CARTESIAN_POINT('Ctrl Pts',(5.34602187179549,133.73862259419,20.0758003558429));
#5247=CARTESIAN_POINT('Ctrl Pts',(5.14289395029079,133.824307914877,20.0733920509056));
#5248=CARTESIAN_POINT('Ctrl Pts',(4.98675327877749,133.888663270654,20.0715957491732));
#5249=CARTESIAN_POINT('Ctrl Pts',(4.75901450490622,134.100401635478,20.0659093086147));
#5250=CARTESIAN_POINT('Ctrl Pts',(4.6776030705589,134.207878265844,20.0630477829273));
#5251=CARTESIAN_POINT('Ctrl Pts',(4.26471882872343,134.95869146686,20.0440439696531));
#5252=CARTESIAN_POINT('Ctrl Pts',(3.85982899263766,136.276171694294,20.0122014027125));
#5253=CARTESIAN_POINT('Ctrl Pts',(3.29916134475692,138.00263209126,19.996521622416));
#5254=CARTESIAN_POINT('',(5.34602187179549,133.73862259419,-4.52926942600258));
#5255=CARTESIAN_POINT('',(5.3460218717955,133.73862259419,0.));
#5256=CARTESIAN_POINT('',(3.29916134475693,138.00263209126,-4.45147289083082));
#5257=CARTESIAN_POINT('Ctrl Pts',(3.29916134475693,138.00263209126,-4.45147289083087));
#5258=CARTESIAN_POINT('Ctrl Pts',(3.82450891639124,136.38493258515,-4.46589031252048));
#5259=CARTESIAN_POINT('Ctrl Pts',(4.21647768876395,135.135702380671,-4.49416614749282));
#5260=CARTESIAN_POINT('Ctrl Pts',(4.63364042528153,134.266669655923,-4.5151818726332));
#5261=CARTESIAN_POINT('Ctrl Pts',(4.73869922413514,134.116624610865,-4.51913224777547));
#5262=CARTESIAN_POINT('Ctrl Pts',(4.99307642287318,133.886144901768,-4.52521433370427));
#5263=CARTESIAN_POINT('Ctrl Pts',(5.14698810880274,133.822580878621,-4.52695379522748));
#5264=CARTESIAN_POINT('Ctrl Pts',(5.3460218717955,133.73862259419,-4.5292694260026));
#5265=CARTESIAN_POINT('',(3.29916134475692,138.00263209126,0.));
#5266=CARTESIAN_POINT('Ctrl Pts',(7.17753042739852,143.211034525037,-60.));
#5267=CARTESIAN_POINT('Ctrl Pts',(7.17753042739852,143.211034525037,60.));
#5268=CARTESIAN_POINT('Ctrl Pts',(2.01952491744979,141.943003203321,-60.));
#5269=CARTESIAN_POINT('Ctrl Pts',(2.01952491744979,141.943003203321,60.));
#5270=CARTESIAN_POINT('Ctrl Pts',(2.01952491744979,141.943003203321,-60.));
#5271=CARTESIAN_POINT('Ctrl Pts',(2.01952491744979,141.943003203321,60.));
#5272=CARTESIAN_POINT('Ctrl Pts',(3.29916134475692,138.00263209126,-60.));
#5273=CARTESIAN_POINT('Ctrl Pts',(3.29916134475692,138.00263209126,60.));
#5274=CARTESIAN_POINT('',(7.17753042739852,143.211034525037,20.0097035621313));
#5275=CARTESIAN_POINT('Ctrl Pts',(3.29916134475692,138.00263209126,19.996521622416));
#5276=CARTESIAN_POINT('Ctrl Pts',(3.26033901820341,138.122177276744,19.9954359084042));
#5277=CARTESIAN_POINT('Ctrl Pts',(3.22219973313301,138.239613349839,19.9944668950708));
#5278=CARTESIAN_POINT('Ctrl Pts',(3.18499448453899,138.354681745844,19.9936041363629));
#5279=CARTESIAN_POINT('Ctrl Pts',(3.14761249637626,138.470296762002,19.9927372792118));
#5280=CARTESIAN_POINT('Ctrl Pts',(3.11117362571899,138.5835215582,19.9919776885866));
#5281=CARTESIAN_POINT('Ctrl Pts',(3.07593663615135,138.694146684747,19.9913147688576));
#5282=CARTESIAN_POINT('Ctrl Pts',(3.04045655103597,138.805535000092,19.990647275729));
#5283=CARTESIAN_POINT('Ctrl Pts',(3.00619520003588,138.914287689537,19.9900777919382));
#5284=CARTESIAN_POINT('Ctrl Pts',(2.97341795271748,139.020244069687,19.9895955010456));
#5285=CARTESIAN_POINT('Ctrl Pts',(2.94035024170041,139.127139408554,19.9891089362126));
#5286=CARTESIAN_POINT('Ctrl Pts',(2.90879329738147,139.231188729984,19.988711116488));
#5287=CARTESIAN_POINT('Ctrl Pts',(2.87901738745647,139.332280135848,19.9883909353184));
#5288=CARTESIAN_POINT('Ctrl Pts',(2.84874429802012,139.435059502749,19.9880654079639));
#5289=CARTESIAN_POINT('Ctrl Pts',(2.82031250614538,139.534781411071,19.9878201335304));
#5290=CARTESIAN_POINT('Ctrl Pts',(2.79399969870571,139.631382003062,19.9876434397722));
#5291=CARTESIAN_POINT('Ctrl Pts',(2.76741078961833,139.728996230054,19.9874648919573));
#5292=CARTESIAN_POINT('Ctrl Pts',(2.74298588744142,139.82342346751,19.98735637161));
#5293=CARTESIAN_POINT('Ctrl Pts',(2.72100045352096,139.914650379882,19.9873058351835));
#5294=CARTESIAN_POINT('Ctrl Pts',(2.69865456857802,140.007372956791,19.9872544702127));
#5295=CARTESIAN_POINT('Ctrl Pts',(2.67882917378152,140.096789600013,19.9872630060403));
#5296=CARTESIAN_POINT('Ctrl Pts',(2.66179681096213,140.182937611535,19.9873187969932));
#5297=CARTESIAN_POINT('Ctrl Pts',(2.65391310732886,140.222812607074,19.9873446207349));
#5298=CARTESIAN_POINT('Ctrl Pts',(2.6466275297459,140.261988009232,19.9873805686529));
#5299=CARTESIAN_POINT('Ctrl Pts',(2.6399655755254,140.300470950183,19.9874253867166));
#5300=CARTESIAN_POINT('Ctrl Pts',(2.6182989378198,140.42562881105,19.987571148263));
#5301=CARTESIAN_POINT('Ctrl Pts',(2.60334113006193,140.542799781541,19.9878079648409));
#5302=CARTESIAN_POINT('Ctrl Pts',(2.59567254501062,140.652936158877,19.9881086517853));
#5303=CARTESIAN_POINT('Ctrl Pts',(2.58787566945653,140.764915047071,19.9884143690292));
#5304=CARTESIAN_POINT('Ctrl Pts',(2.58761332499219,140.869621392454,19.9887861115355));
#5305=CARTESIAN_POINT('Ctrl Pts',(2.59552839518331,140.968013971211,19.9891953073414));
#5306=CARTESIAN_POINT('Ctrl Pts',(2.59819354301552,141.001144538805,19.9893330909982));
#5307=CARTESIAN_POINT('Ctrl Pts',(2.60178615250668,141.033558950624,19.989475121077));
#5308=CARTESIAN_POINT('Ctrl Pts',(2.60633177856876,141.06529295221,19.9896203067915));
#5309=CARTESIAN_POINT('Ctrl Pts',(2.61452071338987,141.122461682558,19.9898818585199));
#5310=CARTESIAN_POINT('Ctrl Pts',(2.62593494607593,141.17834671034,19.9901592036964));
#5311=CARTESIAN_POINT('Ctrl Pts',(2.64102098195423,141.232888502195,19.9904494040042));
#5312=CARTESIAN_POINT('Ctrl Pts',(2.65621153232776,141.287808153939,19.9907416147897));
#5313=CARTESIAN_POINT('Ctrl Pts',(2.6751251731334,141.341365864795,19.9910468594416));
#5314=CARTESIAN_POINT('Ctrl Pts',(2.69822568522364,141.393553366326,19.9913621381498));
#5315=CARTESIAN_POINT('Ctrl Pts',(2.71578604086981,141.433224828309,19.9916018041028));
#5316=CARTESIAN_POINT('Ctrl Pts',(2.73576602179901,141.472105587983,19.9918472683459));
#5317=CARTESIAN_POINT('Ctrl Pts',(2.75837104108967,141.510212074281,19.9920972131417));
#5318=CARTESIAN_POINT('Ctrl Pts',(2.78406683996382,141.55352885252,19.9923813328375));
#5319=CARTESIAN_POINT('Ctrl Pts',(2.81239834859835,141.594568419915,19.9926625980226));
#5320=CARTESIAN_POINT('Ctrl Pts',(2.84308182526351,141.633593449468,19.992939860163));
#5321=CARTESIAN_POINT('Ctrl Pts',(2.87451110774238,141.673567038217,19.9932238615566));
#5322=CARTESIAN_POINT('Ctrl Pts',(2.90840802538478,141.71142717809,19.9935036629409));
#5323=CARTESIAN_POINT('Ctrl Pts',(2.94442249765306,141.747422697894,19.9937780299793));
#5324=CARTESIAN_POINT('Ctrl Pts',(2.98043696992135,141.783418217699,19.9940523970178));
#5325=CARTESIAN_POINT('Ctrl Pts',(3.01856869403382,141.817549147737,19.9943213297105));
#5326=CARTESIAN_POINT('Ctrl Pts',(3.0584259900339,141.850029611767,19.9945835937207));
#5327=CARTESIAN_POINT('Ctrl Pts',(3.12666000239103,141.90563479843,19.9950325786622));
#5328=CARTESIAN_POINT('Ctrl Pts',(3.20300609281614,141.958895808021,19.9954823390455));
#5329=CARTESIAN_POINT('Ctrl Pts',(3.28796392834546,142.010442389141,19.9959352226433));
#5330=CARTESIAN_POINT('Ctrl Pts',(3.37049266351245,142.06051515895,19.9963751574682));
#5331=CARTESIAN_POINT('Ctrl Pts',(3.4611475669165,142.108969572179,19.996818039464));
#5332=CARTESIAN_POINT('Ctrl Pts',(3.56043501081006,142.156376188402,19.9972660207248));
#5333=CARTESIAN_POINT('Ctrl Pts',(3.610978098144,142.180508915059,19.9974940692584));
#5334=CARTESIAN_POINT('Ctrl Pts',(3.66375902311354,142.204370058105,19.9977234392169));
#5335=CARTESIAN_POINT('Ctrl Pts',(3.71884983091274,142.228034881582,19.9979544144989));
#5336=CARTESIAN_POINT('Ctrl Pts',(3.79989994363243,142.262850791658,19.9982942274985));
#5337=CARTESIAN_POINT('Ctrl Pts',(3.88549556805823,142.297045531681,19.9986363063644));
#5338=CARTESIAN_POINT('Ctrl Pts',(3.97556288444092,142.330819491925,19.9989820676039));
#5339=CARTESIAN_POINT('Ctrl Pts',(4.06445423252722,142.364152480815,19.9993233143949));
#5340=CARTESIAN_POINT('Ctrl Pts',(4.15770128397213,142.397075855607,19.999668148029));
#5341=CARTESIAN_POINT('Ctrl Pts',(4.255183741128,142.429769629424,20.0000179302506));
#5342=CARTESIAN_POINT('Ctrl Pts',(4.35113902177231,142.461951217101,20.0003622327253));
#5343=CARTESIAN_POINT('Ctrl Pts',(4.45119800549602,142.493910537773,20.0007113299512));
#5344=CARTESIAN_POINT('Ctrl Pts',(4.55519801996352,142.525803689156,20.0010665206702));
#5345=CARTESIAN_POINT('Ctrl Pts',(4.65843894188973,142.55746405352,20.0014191188643));
#5346=CARTESIAN_POINT('Ctrl Pts',(4.76556357241394,142.589059393118,20.0017777219236));
#5347=CARTESIAN_POINT('Ctrl Pts',(4.87636534078312,142.620724097058,20.0021436003588));
#5348=CARTESIAN_POINT('Ctrl Pts',(4.98657580614029,142.652219819626,20.0025075262528));
#5349=CARTESIAN_POINT('Ctrl Pts',(5.10042425061673,142.683784324444,20.0028786500785));
#5350=CARTESIAN_POINT('Ctrl Pts',(5.21766040224737,142.715529145945,20.0032582221141));
#5351=CARTESIAN_POINT('Ctrl Pts',(5.33450783700716,142.747168711962,20.0036365356126));
#5352=CARTESIAN_POINT('Ctrl Pts',(5.45472051898464,142.778987533887,20.0040232413909));
#5353=CARTESIAN_POINT('Ctrl Pts',(5.57800419359555,142.81107323831,20.0044195773319));
#5354=CARTESIAN_POINT('Ctrl Pts',(5.701207319619,142.843137979226,20.0048156543231));
#5355=CARTESIAN_POINT('Ctrl Pts',(5.82747738281529,142.875469368106,20.0052213488971));
#5356=CARTESIAN_POINT('Ctrl Pts',(5.9564747615099,142.908130183807,20.0056378965124));
#5357=CARTESIAN_POINT('Ctrl Pts',(6.08569903334677,142.940848446528,20.0060551767921));
#5358=CARTESIAN_POINT('Ctrl Pts',(6.21766016330304,142.973897391103,20.0064833483253));
#5359=CARTESIAN_POINT('Ctrl Pts',(6.3519713639371,143.007313768873,20.0069236531007));
#5360=CARTESIAN_POINT('Ctrl Pts',(6.48728285151528,143.04097901618,20.00736723706));
#5361=CARTESIAN_POINT('Ctrl Pts',(6.62497948829255,143.075017282025,20.0078231356599));
#5362=CARTESIAN_POINT('Ctrl Pts',(6.76462058139959,143.109437960376,20.0082926188457));
#5363=CARTESIAN_POINT('Ctrl Pts',(6.90056339309014,143.142947034899,20.0087496681491));
#5364=CARTESIAN_POINT('Ctrl Pts',(7.03834871349621,143.17681843661,20.0092195920131));
#5365=CARTESIAN_POINT('Ctrl Pts',(7.17753042739851,143.211034525037,20.0097035621313));
#5366=CARTESIAN_POINT('',(7.17753042739852,143.211034525037,-4.46440845111305));
#5367=CARTESIAN_POINT('Ctrl Pts',(7.17753042739852,143.211034525037,-4.46440845111308));
#5368=CARTESIAN_POINT('Ctrl Pts',(7.03634401238839,143.176325605846,-4.46392668668627));
#5369=CARTESIAN_POINT('Ctrl Pts',(6.89669538299843,143.141996141928,-4.46345931521154));
#5370=CARTESIAN_POINT('Ctrl Pts',(6.75904744724546,143.108064164269,-4.46300515870748));
#5371=CARTESIAN_POINT('Ctrl Pts',(6.62215234209984,143.07431776899,-4.46255348609768));
#5372=CARTESIAN_POINT('Ctrl Pts',(6.48723619139766,143.040964451603,-4.46211488430196));
#5373=CARTESIAN_POINT('Ctrl Pts',(6.35471015579033,143.007995144958,-4.4616881945614));
#5374=CARTESIAN_POINT('Ctrl Pts',(6.22250336616135,142.975105259075,-4.46126253268666));
#5375=CARTESIAN_POINT('Ctrl Pts',(6.0926752580877,142.942597445814,-4.4608487255456));
#5376=CARTESIAN_POINT('Ctrl Pts',(5.96558875053357,142.910437152163,-4.46044562273322));
#5377=CARTESIAN_POINT('Ctrl Pts',(5.83833555835201,142.878234677585,-4.46004199121766));
#5378=CARTESIAN_POINT('Ctrl Pts',(5.71383122292335,142.846380529056,-4.45964909212845));
#5379=CARTESIAN_POINT('Ctrl Pts',(5.59239364382179,142.814815816295,-4.45926577052814));
#5380=CARTESIAN_POINT('Ctrl Pts',(5.47053536963081,142.78314175419,-4.45888112099033));
#5381=CARTESIAN_POINT('Ctrl Pts',(5.35176517930193,142.751759007885,-4.45850611541478));
#5382=CARTESIAN_POINT('Ctrl Pts',(5.23635675220861,142.720585472996,-4.45813958681926));
#5383=CARTESIAN_POINT('Ctrl Pts',(5.12031178930562,142.689240000305,-4.45777103663328));
#5384=CARTESIAN_POINT('Ctrl Pts',(5.00766580106929,142.658105899407,-4.45741105719487));
#5385=CARTESIAN_POINT('Ctrl Pts',(4.89864850425979,142.627079010425,-4.45705846210563));
#5386=CARTESIAN_POINT('Ctrl Pts',(4.78832646788106,142.595680785784,-4.45670164709186));
#5387=CARTESIAN_POINT('Ctrl Pts',(4.68172054549416,142.564392184127,-4.45635239423955));
#5388=CARTESIAN_POINT('Ctrl Pts',(4.5790186378043,142.533086558365,-4.45600947404132));
#5389=CARTESIAN_POINT('Ctrl Pts',(4.47543191184085,142.501511222035,-4.45566359944756));
#5390=CARTESIAN_POINT('Ctrl Pts',(4.37581674240416,142.469918348366,-4.45532416709466));
#5391=CARTESIAN_POINT('Ctrl Pts',(4.28031502708921,142.438162043776,-4.45498991542259));
#5392=CARTESIAN_POINT('Ctrl Pts',(4.18339176118101,142.405933044079,-4.45465068838791));
#5393=CARTESIAN_POINT('Ctrl Pts',(4.09070531792913,142.373535464375,-4.45431679741161));
#5394=CARTESIAN_POINT('Ctrl Pts',(4.00235188021016,142.340803969521,-4.45398692375567));
#5395=CARTESIAN_POINT('Ctrl Pts',(3.97401910303948,142.330307783135,-4.4538811413772));
#5396=CARTESIAN_POINT('Ctrl Pts',(3.94613150522051,142.319777177757,-4.45377577211076));
#5397=CARTESIAN_POINT('Ctrl Pts',(3.91869115143086,142.309206495326,-4.45367077246975));
#5398=CARTESIAN_POINT('Ctrl Pts',(3.77206404717219,142.252722217943,-4.45310970851893));
#5399=CARTESIAN_POINT('Ctrl Pts',(3.63920744152676,142.195481352426,-4.45255990847916));
#5400=CARTESIAN_POINT('Ctrl Pts',(3.51928664911794,142.136424867434,-4.45201719762851));
#5401=CARTESIAN_POINT('Ctrl Pts',(3.39606905908605,142.075744833468,-4.45145956686441));
#5402=CARTESIAN_POINT('Ctrl Pts',(3.28650861970317,142.013148778696,-4.45090942043163));
#5403=CARTESIAN_POINT('Ctrl Pts',(3.18975398211446,141.947476814367,-4.45036222974841));
#5404=CARTESIAN_POINT('Ctrl Pts',(3.12621107508611,141.904347227737,-4.45000286623285));
#5405=CARTESIAN_POINT('Ctrl Pts',(3.06819255594493,141.859890716866,-4.44964477756471));
#5406=CARTESIAN_POINT('Ctrl Pts',(3.01546834140599,141.813773644446,-4.44928668097612));
#5407=CARTESIAN_POINT('Ctrl Pts',(2.97499737387152,141.778374301715,-4.44901180698249));
#5408=CARTESIAN_POINT('Ctrl Pts',(2.93679386704656,141.741250944912,-4.44873124131664));
#5409=CARTESIAN_POINT('Ctrl Pts',(2.90118244497699,141.702153314531,-4.44844648229144));
#5410=CARTESIAN_POINT('Ctrl Pts',(2.86498421407691,141.662411429205,-4.44815703097649));
#5411=CARTESIAN_POINT('Ctrl Pts',(2.83146452437925,141.620629748255,-4.44786324696632));
#5412=CARTESIAN_POINT('Ctrl Pts',(2.80092267964572,141.576508353107,-4.44756670386909));
#5413=CARTESIAN_POINT('Ctrl Pts',(2.7703808349122,141.53238695796,-4.44727016077186));
#5414=CARTESIAN_POINT('Ctrl Pts',(2.74281701243443,141.485925784905,-4.44697085858757));
#5415=CARTESIAN_POINT('Ctrl Pts',(2.71848557598115,141.436788170378,-4.44667037092436));
#5416=CARTESIAN_POINT('Ctrl Pts',(2.69479363332564,141.388942020898,-4.44637778086297));
#5417=CARTESIAN_POINT('Ctrl Pts',(2.6749153583228,141.340070956652,-4.44609390433066));
#5418=CARTESIAN_POINT('Ctrl Pts',(2.65841874530275,141.290233702831,-4.44582109327643));
#5419=CARTESIAN_POINT('Ctrl Pts',(2.64193247742913,141.240427702316,-4.44554845330401));
#5420=CARTESIAN_POINT('Ctrl Pts',(2.62882331957697,141.189656717739,-4.44528686493555));
#5421=CARTESIAN_POINT('Ctrl Pts',(2.6186624930178,141.138031448467,-4.44503867569809));
#5422=CARTESIAN_POINT('Ctrl Pts',(2.61033159684488,141.095703715019,-4.44483518450016));
#5423=CARTESIAN_POINT('Ctrl Pts',(2.6039826705123,141.052802676689,-4.44464070075515));
#5424=CARTESIAN_POINT('Ctrl Pts',(2.59938270993041,141.009415290282,-4.44445651835692));
#5425=CARTESIAN_POINT('Ctrl Pts',(2.58917824368423,140.913165526349,-4.44404793158049));
#5426=CARTESIAN_POINT('Ctrl Pts',(2.58718206060661,140.810789179365,-4.44367067449029));
#5427=CARTESIAN_POINT('Ctrl Pts',(2.59275038680491,140.701345398797,-4.44335332437241));
#5428=CARTESIAN_POINT('Ctrl Pts',(2.5982328399786,140.59358942676,-4.44304086833104));
#5429=CARTESIAN_POINT('Ctrl Pts',(2.61104888588046,140.478982926134,-4.44278648577556));
#5430=CARTESIAN_POINT('Ctrl Pts',(2.63061708910379,140.356589896139,-4.4426174521462));
#5431=CARTESIAN_POINT('Ctrl Pts',(2.63365452448192,140.337591681785,-4.44259121423769));
#5432=CARTESIAN_POINT('Ctrl Pts',(2.63685470302328,140.31840577148,-4.44256703274177));
#5433=CARTESIAN_POINT('Ctrl Pts',(2.64021550875654,140.29902856636,-4.44254500966782));
#5434=CARTESIAN_POINT('Ctrl Pts',(2.65460468041526,140.216065743491,-4.44245071865051));
#5435=CARTESIAN_POINT('Ctrl Pts',(2.67188975240243,140.129883080464,-4.44239690830078));
#5436=CARTESIAN_POINT('Ctrl Pts',(2.69180978693916,140.040421621916,-4.44239589957159));
#5437=CARTESIAN_POINT('Ctrl Pts',(2.71147428195775,139.952107798828,-4.44239490378266));
#5438=CARTESIAN_POINT('Ctrl Pts',(2.73370620753395,139.860598529654,-4.44244536359699));
#5439=CARTESIAN_POINT('Ctrl Pts',(2.75823635835566,139.765883789328,-4.44255913185489));
#5440=CARTESIAN_POINT('Ctrl Pts',(2.78246246128067,139.672343025379,-4.44267148997065));
#5441=CARTESIAN_POINT('Ctrl Pts',(2.80892984565882,139.575675584196,-4.44284559685708));
#5442=CARTESIAN_POINT('Ctrl Pts',(2.83736640760844,139.475920670539,-4.44309287005181));
#5443=CARTESIAN_POINT('Ctrl Pts',(2.86548266757667,139.377289370087,-4.44333735802608));
#5444=CARTESIAN_POINT('Ctrl Pts',(2.89552370689348,139.275639630064,-4.44365337333915));
#5445=CARTESIAN_POINT('Ctrl Pts',(2.92721845461612,139.171059673039,-4.44405195204559));
#5446=CARTESIAN_POINT('Ctrl Pts',(2.95848414894875,139.067895420139,-4.44444513517209));
#5447=CARTESIAN_POINT('Ctrl Pts',(2.99135882978424,138.961879692961,-4.44491866149224));
#5448=CARTESIAN_POINT('Ctrl Pts',(3.02557838606045,138.853147736625,-4.44548312491351));
#5449=CARTESIAN_POINT('Ctrl Pts',(3.0595909414426,138.745073521493,-4.4460441737834));
#5450=CARTESIAN_POINT('Ctrl Pts',(3.09493193122769,138.63431577303,-4.44669506288886));
#5451=CARTESIAN_POINT('Ctrl Pts',(3.13134162031244,138.521058570207,-4.44744619504402));
#5452=CARTESIAN_POINT('Ctrl Pts',(3.16753860242769,138.408463020834,-4.44819293905282));
#5453=CARTESIAN_POINT('Ctrl Pts',(3.20479164024412,138.29339711613,-4.44903875828414));
#5454=CARTESIAN_POINT('Ctrl Pts',(3.24284821236271,138.176093201571,-4.44999387429411));
#5455=CARTESIAN_POINT('Ctrl Pts',(3.26143714667567,138.118795482912,-4.45046040577033));
#5456=CARTESIAN_POINT('Ctrl Pts',(3.28021785412538,138.060964584501,-4.45095301420968));
#5457=CARTESIAN_POINT('Ctrl Pts',(3.29916134475692,138.00263209126,-4.45147289083081));
#5458=CARTESIAN_POINT('',(7.17753042739852,143.211034525037,0.));
#5459=CARTESIAN_POINT('Ctrl Pts',(9.2243909544371,138.947023283887,-60.));
#5460=CARTESIAN_POINT('Ctrl Pts',(9.2243909544371,138.947023283887,60.));
#5461=CARTESIAN_POINT('Ctrl Pts',(12.3355341932677,144.479064102674,-60.));
#5462=CARTESIAN_POINT('Ctrl Pts',(12.3355341932677,144.479064102674,60.));
#5463=CARTESIAN_POINT('Ctrl Pts',(12.3355341932677,144.479064102674,-60.));
#5464=CARTESIAN_POINT('Ctrl Pts',(12.3355341932677,144.479064102674,60.));
#5465=CARTESIAN_POINT('Ctrl Pts',(7.17753042739852,143.211034525037,-60.));
#5466=CARTESIAN_POINT('Ctrl Pts',(7.17753042739852,143.211034525037,60.));
#5467=CARTESIAN_POINT('',(9.2243909544371,138.947023283887,19.9899332814577));
#5468=CARTESIAN_POINT('Ctrl Pts',(7.17753042739854,143.211034525037,20.0097035621313));
#5469=CARTESIAN_POINT('Ctrl Pts',(8.46376500897896,143.527238926441,20.0141761213445));
#5470=CARTESIAN_POINT('Ctrl Pts',(9.43295392247773,143.765634081456,20.0182152068095));
#5471=CARTESIAN_POINT('Ctrl Pts',(10.4591922844292,143.904964282848,20.0205878621237));
#5472=CARTESIAN_POINT('Ctrl Pts',(10.7294832612422,143.913515778991,20.0207371006726));
#5473=CARTESIAN_POINT('Ctrl Pts',(11.0110236693508,143.858609160462,20.019797896096));
#5474=CARTESIAN_POINT('Ctrl Pts',(11.0862528495087,143.833230425403,20.0193643479379));
#5475=CARTESIAN_POINT('Ctrl Pts',(11.1950405385895,143.767097244074,20.0182567087881));
#5476=CARTESIAN_POINT('Ctrl Pts',(11.2344551783761,143.73249430143,20.0176816723655));
#5477=CARTESIAN_POINT('Ctrl Pts',(11.2958136604793,143.648394423959,20.0163126807184));
#5478=CARTESIAN_POINT('Ctrl Pts',(11.3163651519902,143.602706285245,20.0155803750441));
#5479=CARTESIAN_POINT('Ctrl Pts',(11.3482151056305,143.485541786908,20.0137440033883));
#5480=CARTESIAN_POINT('Ctrl Pts',(11.3522040633093,143.412404409208,20.0126312085232));
#5481=CARTESIAN_POINT('Ctrl Pts',(11.3424438962882,143.212085277136,20.0096808125162));
#5482=CARTESIAN_POINT('Ctrl Pts',(11.309486827349,143.059257969314,20.0075377644347));
#5483=CARTESIAN_POINT('Ctrl Pts',(10.9892464282209,142.062267437318,19.9949006492822));
#5484=CARTESIAN_POINT('Ctrl Pts',(10.2009285510444,140.683441516929,19.9814758990805));
#5485=CARTESIAN_POINT('Ctrl Pts',(9.22439095443709,138.947023283887,19.9899332814577));
#5486=CARTESIAN_POINT('',(9.2243909544371,138.947023283887,-4.44500767989972));
#5487=CARTESIAN_POINT('Ctrl Pts',(9.2243909544371,138.947023283887,-4.44500767989975));
#5488=CARTESIAN_POINT('Ctrl Pts',(9.95808659590667,140.251635101986,-4.4387722011206));
#5489=CARTESIAN_POINT('Ctrl Pts',(10.5722441097078,141.339099979652,-4.44474097402726));
#5490=CARTESIAN_POINT('Ctrl Pts',(11.1824046474456,142.635168882739,-4.4565724984594));
#5491=CARTESIAN_POINT('Ctrl Pts',(11.3198967172549,143.018486190391,-4.46164850983184));
#5492=CARTESIAN_POINT('Ctrl Pts',(11.3538544517943,143.386416125735,-4.46689217546478));
#5493=CARTESIAN_POINT('Ctrl Pts',(11.3509433710774,143.471677344438,-4.4681621642344));
#5494=CARTESIAN_POINT('Ctrl Pts',(11.3174946583193,143.600972966891,-4.47014746448653));
#5495=CARTESIAN_POINT('Ctrl Pts',(11.295420421711,143.650326626383,-4.47092403416737));
#5496=CARTESIAN_POINT('Ctrl Pts',(11.2322310170614,143.734117816899,-4.47226424627539));
#5497=CARTESIAN_POINT('Ctrl Pts',(11.1950957185376,143.766597782725,-4.47279373366662));
#5498=CARTESIAN_POINT('Ctrl Pts',(11.0960708534001,143.827841639933,-4.47379980609767));
#5499=CARTESIAN_POINT('Ctrl Pts',(11.0318715460778,143.850812122249,-4.47418395796859));
#5500=CARTESIAN_POINT('Ctrl Pts',(10.8540382724935,143.893427173381,-4.47489768129044));
#5501=CARTESIAN_POINT('Ctrl Pts',(10.7160063035785,143.903040704821,-4.47506159607796));
#5502=CARTESIAN_POINT('Ctrl Pts',(9.87742119671619,143.876337096752,-4.47461066477972));
#5503=CARTESIAN_POINT('Ctrl Pts',(8.75573635983136,143.599016366999,-4.46979369081691));
#5504=CARTESIAN_POINT('Ctrl Pts',(7.17753042739852,143.211034525037,-4.46440845111306));
#5505=CARTESIAN_POINT('',(9.2243909544371,138.947023283887,0.));
#5506=CARTESIAN_POINT('Ctrl Pts',(5.3460218717955,133.73862259419,-60.));
#5507=CARTESIAN_POINT('Ctrl Pts',(5.3460218717955,133.73862259419,60.));
#5508=CARTESIAN_POINT('Ctrl Pts',(6.11324597152694,133.414980721021,-60.));
#5509=CARTESIAN_POINT('Ctrl Pts',(6.11324597152694,133.414980721021,60.));
#5510=CARTESIAN_POINT('Ctrl Pts',(6.11324597152694,133.414980721021,-60.));
#5511=CARTESIAN_POINT('Ctrl Pts',(6.11324597152694,133.414980721021,60.));
#5512=CARTESIAN_POINT('Ctrl Pts',(9.2243909544371,138.947023283887,-60.));
#5513=CARTESIAN_POINT('Ctrl Pts',(9.2243909544371,138.947023283887,60.));
#5514=CARTESIAN_POINT('Ctrl Pts',(9.22439095443713,138.947023283887,19.9899332814577));
#5515=CARTESIAN_POINT('Ctrl Pts',(7.9328201469639,136.650433212018,20.0011190315449));
#5516=CARTESIAN_POINT('Ctrl Pts',(6.96766193305222,134.900902508028,20.0448793111564));
#5517=CARTESIAN_POINT('Ctrl Pts',(6.26331143030321,133.955002043869,20.0697409893383));
#5518=CARTESIAN_POINT('Ctrl Pts',(6.14671744983052,133.827729494897,20.0732988919235));
#5519=CARTESIAN_POINT('Ctrl Pts',(5.97433841392057,133.69275975766,20.0770876338136));
#5520=CARTESIAN_POINT('Ctrl Pts',(5.91183472078469,133.659645813814,20.078033315835));
#5521=CARTESIAN_POINT('Ctrl Pts',(5.8005902282835,133.626510868956,20.0789789502755));
#5522=CARTESIAN_POINT('Ctrl Pts',(5.74981953333974,133.621893195593,20.079111564388));
#5523=CARTESIAN_POINT('Ctrl Pts',(5.58955375563815,133.635984764185,20.0787084525346));
#5524=CARTESIAN_POINT('Ctrl Pts',(5.47977917131941,133.682199102041,20.0773862164504));
#5525=CARTESIAN_POINT('Ctrl Pts',(5.3460218717955,133.73862259419,20.0758003558429));
#5526=CARTESIAN_POINT('Ctrl Pts',(5.34602187179549,133.73862259419,-4.5292694260026));
#5527=CARTESIAN_POINT('Ctrl Pts',(5.46249630033957,133.689489619556,-4.53062454931063));
#5528=CARTESIAN_POINT('Ctrl Pts',(5.56062250084291,133.648162222476,-4.53178174475579));
#5529=CARTESIAN_POINT('Ctrl Pts',(5.71165936783941,133.622278418856,-4.53250772340972));
#5530=CARTESIAN_POINT('Ctrl Pts',(5.76685876956972,133.621837137464,-4.53251998521884));
#5531=CARTESIAN_POINT('Ctrl Pts',(5.87440842999706,133.645696953773,-4.53185101606265));
#5532=CARTESIAN_POINT('Ctrl Pts',(5.92681587713468,133.667713045467,-4.53123336133637));
#5533=CARTESIAN_POINT('Ctrl Pts',(6.05701526035599,133.751156112356,-4.52891912543187));
#5534=CARTESIAN_POINT('Ctrl Pts',(6.13713809833541,133.822908048884,-4.52693722649626));
#5535=CARTESIAN_POINT('Ctrl Pts',(6.42552529140688,134.148124493259,-4.51823392112884));
#5536=CARTESIAN_POINT('Ctrl Pts',(6.67328749616033,134.514292802798,-4.50844639323629));
#5537=CARTESIAN_POINT('Ctrl Pts',(7.55665883109623,135.976367191267,-4.47682920384929));
#5538=CARTESIAN_POINT('Ctrl Pts',(8.2997570932502,137.302897438499,-4.45286588850782));
#5539=CARTESIAN_POINT('Ctrl Pts',(9.22439095443711,138.947023283887,-4.44500767989974));
#5540=CARTESIAN_POINT('Ctrl Pts',(-0.144045927581944,145.013645425916,-60.));
#5541=CARTESIAN_POINT('Ctrl Pts',(-0.144045927581944,145.013645425916,60.));
#5542=CARTESIAN_POINT('Ctrl Pts',(0.747883350982503,144.219857249952,-60.));
#5543=CARTESIAN_POINT('Ctrl Pts',(0.747883350982503,144.219857249952,60.));
#5544=CARTESIAN_POINT('Ctrl Pts',(0.747883350982503,144.219857249952,-60.));
#5545=CARTESIAN_POINT('Ctrl Pts',(0.747883350982503,144.219857249952,60.));
#5546=CARTESIAN_POINT('Ctrl Pts',(6.91482146285995,145.735921106458,-60.));
#5547=CARTESIAN_POINT('Ctrl Pts',(6.91482146285995,145.735921106458,60.));
#5548=CARTESIAN_POINT('',(6.91482146285995,145.735921106458,20.0596373365396));
#5549=CARTESIAN_POINT('',(-0.144045927581944,145.013645425916,20.0424484495322));
#5550=CARTESIAN_POINT('Ctrl Pts',(6.91482146285995,145.735921106458,20.0596373365396));
#5551=CARTESIAN_POINT('Ctrl Pts',(4.70187426581159,145.191895983952,20.0458136492333));
#5552=CARTESIAN_POINT('Ctrl Pts',(2.51097615831767,144.621523269659,20.0340632020676));
#5553=CARTESIAN_POINT('Ctrl Pts',(1.04255320848889,144.471271276435,20.0310682316042));
#5554=CARTESIAN_POINT('Ctrl Pts',(0.790959870157706,144.483275407955,20.0313022411747));
#5555=CARTESIAN_POINT('Ctrl Pts',(0.438988922218506,144.578970097127,20.0332223092122));
#5556=CARTESIAN_POINT('Ctrl Pts',(0.316715654770854,144.643674157566,20.0345290218246));
#5557=CARTESIAN_POINT('Ctrl Pts',(0.0864655785369361,144.808281978271,20.0379723772539));
#5558=CARTESIAN_POINT('Ctrl Pts',(-0.0214642597030714,144.904551710875,
20.0400280332198));
#5559=CARTESIAN_POINT('Ctrl Pts',(-0.144045927581944,145.013645425916,20.0424484495323));
#5560=CARTESIAN_POINT('',(6.91482146285995,145.735921106458,-4.51340867383373));
#5561=CARTESIAN_POINT('',(6.91482146285995,145.735921106458,0.));
#5562=CARTESIAN_POINT('',(-0.144045927581944,145.013645425916,-4.49654119238695));
#5563=CARTESIAN_POINT('Ctrl Pts',(-0.144045927581929,145.013645425916,-4.49654119238699));
#5564=CARTESIAN_POINT('Ctrl Pts',(0.0807453651364432,144.813588454463,-4.49218560099299));
#5565=CARTESIAN_POINT('Ctrl Pts',(0.247463834060415,144.665851357948,-4.48921719970704));
#5566=CARTESIAN_POINT('Ctrl Pts',(0.601838430268273,144.525342067281,-4.48642582883048));
#5567=CARTESIAN_POINT('Ctrl Pts',(0.755870420169349,144.494284419886,-4.48582425144094));
#5568=CARTESIAN_POINT('Ctrl Pts',(1.26274626898225,144.478749053823,-4.48552176319382));
#5569=CARTESIAN_POINT('Ctrl Pts',(1.66379482273144,144.528905318167,-4.48647867072544));
#5570=CARTESIAN_POINT('Ctrl Pts',(3.26001141562315,144.831717149492,-4.49256552664991));
#5571=CARTESIAN_POINT('Ctrl Pts',(4.92673151015451,145.247174297896,-4.50122184396902));
#5572=CARTESIAN_POINT('Ctrl Pts',(6.91482146285994,145.735921106458,-4.51340867383377));
#5573=CARTESIAN_POINT('',(-0.144045927581944,145.013645425916,0.));
#5574=CARTESIAN_POINT('Ctrl Pts',(-0.787679315338297,147.045196422315,-60.));
#5575=CARTESIAN_POINT('Ctrl Pts',(-0.787679315338297,147.045196422315,60.));
#5576=CARTESIAN_POINT('Ctrl Pts',(-1.03597346206681,145.80743360188,-60.));
#5577=CARTESIAN_POINT('Ctrl Pts',(-1.03597346206681,145.80743360188,60.));
#5578=CARTESIAN_POINT('Ctrl Pts',(-1.03597346206681,145.80743360188,-60.));
#5579=CARTESIAN_POINT('Ctrl Pts',(-1.03597346206681,145.80743360188,60.));
#5580=CARTESIAN_POINT('Ctrl Pts',(-0.144045927581944,145.013645425916,-60.));
#5581=CARTESIAN_POINT('Ctrl Pts',(-0.144045927581944,145.013645425916,60.));
#5582=CARTESIAN_POINT('',(-0.787679315338297,147.045196422315,20.0967322420801));
#5583=CARTESIAN_POINT('Ctrl Pts',(-0.144045927581965,145.013645425916,20.0424484495322));
#5584=CARTESIAN_POINT('Ctrl Pts',(-0.659259682159669,145.472169880724,20.0526215385105));
#5585=CARTESIAN_POINT('Ctrl Pts',(-0.761093923690157,145.612426649502,20.0565259633989));
#5586=CARTESIAN_POINT('Ctrl Pts',(-0.858633025077671,145.759473542141,20.060219199498));
#5587=CARTESIAN_POINT('Ctrl Pts',(-0.895688371997254,145.847381009655,20.0624752301581));
#5588=CARTESIAN_POINT('Ctrl Pts',(-0.932909971234115,146.044090972252,20.0676587322977));
#5589=CARTESIAN_POINT('Ctrl Pts',(-0.933774936827154,146.152271146919,20.0705651251236));
#5590=CARTESIAN_POINT('Ctrl Pts',(-0.900938767040884,146.485624033608,20.0798507308619));
#5591=CARTESIAN_POINT('Ctrl Pts',(-0.848420268852305,146.742398732849,20.0872682223611));
#5592=CARTESIAN_POINT('Ctrl Pts',(-0.787679315338297,147.045196422315,20.0967322420801));
#5593=CARTESIAN_POINT('',(-0.787679315338297,147.045196422315,-4.54980979880901));
#5594=CARTESIAN_POINT('Ctrl Pts',(-0.787679315338297,147.045196422315,-4.54980979880901));
#5595=CARTESIAN_POINT('Ctrl Pts',(-0.871774651048675,146.625975585715,-4.53695204385929));
#5596=CARTESIAN_POINT('Ctrl Pts',(-0.946214672326082,146.288742090776,-4.52772387729719));
#5597=CARTESIAN_POINT('Ctrl Pts',(-0.918005800312627,145.930756270336,-4.51832519120351));
#5598=CARTESIAN_POINT('Ctrl Pts',(-0.892734783137583,145.839204768033,-4.51598989071169));
#5599=CARTESIAN_POINT('Ctrl Pts',(-0.80032303695674,145.660704640026,-4.51152817080547));
#5600=CARTESIAN_POINT('Ctrl Pts',(-0.73342107114569,145.573898389032,-4.50940542879701));
#5601=CARTESIAN_POINT('Ctrl Pts',(-0.500514565704449,145.327399620442,-4.5035389495997));
#5602=CARTESIAN_POINT('Ctrl Pts',(-0.298652091673029,145.151240174639,-4.49953687156301));
#5603=CARTESIAN_POINT('Ctrl Pts',(-0.144045927581943,145.013645425916,-4.49654119238699));
#5604=CARTESIAN_POINT('',(-0.787679315338297,147.045196422315,0.));
#5605=CARTESIAN_POINT('Ctrl Pts',(5.44532801956161,153.03376402638,-60.));
#5606=CARTESIAN_POINT('Ctrl Pts',(5.44532801956161,153.03376402638,60.));
#5607=CARTESIAN_POINT('Ctrl Pts',(-0.539386912689367,148.282960986829,-60.));
#5608=CARTESIAN_POINT('Ctrl Pts',(-0.539386912689367,148.282960986829,60.));
#5609=CARTESIAN_POINT('Ctrl Pts',(-0.539386912689368,148.282960986829,-60.));
#5610=CARTESIAN_POINT('Ctrl Pts',(-0.539386912689368,148.282960986829,60.));
#5611=CARTESIAN_POINT('Ctrl Pts',(-0.787679315338297,147.045196422315,-60.));
#5612=CARTESIAN_POINT('Ctrl Pts',(-0.787679315338297,147.045196422315,60.));
#5613=CARTESIAN_POINT('',(5.4453280195616,153.03376402638,20.3640630819708));
#5614=CARTESIAN_POINT('Ctrl Pts',(-0.787679315338311,147.045196422315,20.0967322420801));
#5615=CARTESIAN_POINT('Ctrl Pts',(-0.722384073655806,147.370700286,20.1069059491184));
#5616=CARTESIAN_POINT('Ctrl Pts',(-0.680585313083442,147.661664791738,20.1165550881788));
#5617=CARTESIAN_POINT('Ctrl Pts',(-0.268809065392439,148.278204153004,20.1385213205353));
#5618=CARTESIAN_POINT('Ctrl Pts',(-0.00725507976417905,148.558133234273,
20.1488251979696));
#5619=CARTESIAN_POINT('Ctrl Pts',(1.34282262795235,149.790660023995,20.1977174624144));
#5620=CARTESIAN_POINT('Ctrl Pts',(3.14730018858924,151.209537187183,20.2581829134378));
#5621=CARTESIAN_POINT('Ctrl Pts',(5.44532801956161,153.03376402638,20.3640630819708));
#5622=CARTESIAN_POINT('',(5.44532801956161,153.03376402638,-4.81213418061526));
#5623=CARTESIAN_POINT('Ctrl Pts',(5.44532801956165,153.03376402638,-4.81213418061528));
#5624=CARTESIAN_POINT('Ctrl Pts',(2.98984026323596,151.084541911644,-4.70112035027443));
#5625=CARTESIAN_POINT('Ctrl Pts',(1.08635303755735,149.595126392239,-4.64059778628717));
#5626=CARTESIAN_POINT('Ctrl Pts',(-0.21245273179979,148.347278122138,-4.59315260401301));
#5627=CARTESIAN_POINT('Ctrl Pts',(-0.422191860898278,148.083304246202,-4.5838755671716));
#5628=CARTESIAN_POINT('Ctrl Pts',(-0.688841588670823,147.567798962703,-4.56628024953994));
#5629=CARTESIAN_POINT('Ctrl Pts',(-0.732974275992163,147.31790697842,-4.55817399542448));
#5630=CARTESIAN_POINT('Ctrl Pts',(-0.787679315338296,147.045196422315,-4.54980979880906));
#5631=CARTESIAN_POINT('',(5.44532801956161,153.03376402638,0.));
#5632=CARTESIAN_POINT('Ctrl Pts',(12.255901263275,152.518276886487,-60.));
#5633=CARTESIAN_POINT('Ctrl Pts',(12.255901263275,152.518276886487,60.));
#5634=CARTESIAN_POINT('Ctrl Pts',(11.4300429518126,157.784567065931,-60.));
#5635=CARTESIAN_POINT('Ctrl Pts',(11.4300429518126,157.784567065931,60.));
#5636=CARTESIAN_POINT('Ctrl Pts',(11.4300429518126,157.784567065931,-60.));
#5637=CARTESIAN_POINT('Ctrl Pts',(11.4300429518126,157.784567065931,60.));
#5638=CARTESIAN_POINT('Ctrl Pts',(5.44532801956161,153.03376402638,-60.));
#5639=CARTESIAN_POINT('Ctrl Pts',(5.44532801956161,153.03376402638,60.));
#5640=CARTESIAN_POINT('',(12.255901263275,152.518276886487,20.3347389997598));
#5641=CARTESIAN_POINT('Ctrl Pts',(5.44532801956161,153.03376402638,20.3640630819708));
#5642=CARTESIAN_POINT('Ctrl Pts',(6.96973260485527,154.243871110728,20.4342990522353));
#5643=CARTESIAN_POINT('Ctrl Pts',(8.17342834489095,155.202255249919,20.4996668606467));
#5644=CARTESIAN_POINT('Ctrl Pts',(9.67375786286321,156.203851595386,20.5702300320336));
#5645=CARTESIAN_POINT('Ctrl Pts',(10.1369707220391,156.442238745638,20.58794135377));
#5646=CARTESIAN_POINT('Ctrl Pts',(10.6325631091575,156.538060898858,20.5949992106489));
#5647=CARTESIAN_POINT('Ctrl Pts',(10.7550999632114,156.542690009991,20.5953411827009));
#5648=CARTESIAN_POINT('Ctrl Pts',(10.9626312080295,156.50437974794,20.5925178917077));
#5649=CARTESIAN_POINT('Ctrl Pts',(11.0484034698952,156.470381072556,20.5900122190695));
#5650=CARTESIAN_POINT('Ctrl Pts',(11.2127044064462,156.363193772082,20.5821626080828));
#5651=CARTESIAN_POINT('Ctrl Pts',(11.2844942071775,156.291097497407,20.5769048878167));
#5652=CARTESIAN_POINT('Ctrl Pts',(11.439522948276,156.089208061125,20.5623085432986));
#5653=CARTESIAN_POINT('Ctrl Pts',(11.521385993355,155.933604921589,20.5511499095609));
#5654=CARTESIAN_POINT('Ctrl Pts',(11.8626656410464,155.061498965179,20.4899301324666));
#5655=CARTESIAN_POINT('Ctrl Pts',(12.0336116647366,153.935761597275,20.4137373289601));
#5656=CARTESIAN_POINT('Ctrl Pts',(12.255901263275,152.518276886487,20.3347389997598));
#5657=CARTESIAN_POINT('',(12.255901263275,152.518276886487,-4.78335983475298));
#5658=CARTESIAN_POINT('Ctrl Pts',(12.255901263275,152.518276886487,-4.78335983475303));
#5659=CARTESIAN_POINT('Ctrl Pts',(12.0582444775488,153.778684362107,-4.85228734326931));
#5660=CARTESIAN_POINT('Ctrl Pts',(11.9005036446854,154.803432593526,-4.91877650061555));
#5661=CARTESIAN_POINT('Ctrl Pts',(11.5888176847675,155.794155866271,-4.98590516996472));
#5662=CARTESIAN_POINT('Ctrl Pts',(11.481165348069,156.032160683501,-5.00261821058385));
#5663=CARTESIAN_POINT('Ctrl Pts',(11.2835934342209,156.293663378378,-5.0211608616996));
#5664=CARTESIAN_POINT('Ctrl Pts',(11.2030161194974,156.373804047868,-5.02689990660559));
#5665=CARTESIAN_POINT('Ctrl Pts',(11.0249797527904,156.481087964933,-5.03461549978396));
#5666=CARTESIAN_POINT('Ctrl Pts',(10.9381473197776,156.511620627219,-5.03682474270689));
#5667=CARTESIAN_POINT('Ctrl Pts',(10.7363582399205,156.542086333225,-5.03902830158947));
#5668=CARTESIAN_POINT('Ctrl Pts',(10.6253441189527,156.535267861705,-5.03853448935402));
#5669=CARTESIAN_POINT('Ctrl Pts',(10.3423148364726,156.483966015913,-5.0348261223747));
#5670=CARTESIAN_POINT('Ctrl Pts',(10.1450900843241,156.413047942791,-5.02969663221104));
#5671=CARTESIAN_POINT('Ctrl Pts',(9.43970981084085,156.069491654193,-5.00518403095306));
#5672=CARTESIAN_POINT('Ctrl Pts',(8.83323873110161,155.658609157422,-4.97602986704818));
#5673=CARTESIAN_POINT('Ctrl Pts',(7.24473558553159,154.466300031435,-4.89742361204125));
#5674=CARTESIAN_POINT('Ctrl Pts',(6.40734233827665,153.797432906382,-4.85562732941563));
#5675=CARTESIAN_POINT('Ctrl Pts',(5.44532801956161,153.03376402638,-4.81213418061529));
#5676=CARTESIAN_POINT('',(12.255901263275,152.518276886487,0.));
#5677=CARTESIAN_POINT('Ctrl Pts',(6.91482146285995,145.735921106458,-60.));
#5678=CARTESIAN_POINT('Ctrl Pts',(6.91482146285995,145.735921106458,60.));
#5679=CARTESIAN_POINT('Ctrl Pts',(13.0817578306578,147.251984962964,-60.));
#5680=CARTESIAN_POINT('Ctrl Pts',(13.0817578306578,147.251984962964,60.));
#5681=CARTESIAN_POINT('Ctrl Pts',(13.0817578306578,147.251984962964,-60.));
#5682=CARTESIAN_POINT('Ctrl Pts',(13.0817578306578,147.251984962964,60.));
#5683=CARTESIAN_POINT('Ctrl Pts',(12.255901263275,152.518276886487,-60.));
#5684=CARTESIAN_POINT('Ctrl Pts',(12.255901263275,152.518276886487,60.));
#5685=CARTESIAN_POINT('Ctrl Pts',(12.255901263275,152.518276886487,20.3347389997598));
#5686=CARTESIAN_POINT('Ctrl Pts',(12.4487510803242,151.288519233536,20.2662029519527));
#5687=CARTESIAN_POINT('Ctrl Pts',(12.616349308918,150.247256811924,20.2182976103555));
#5688=CARTESIAN_POINT('Ctrl Pts',(12.6484094790669,149.009010448169,20.1662903787699));
#5689=CARTESIAN_POINT('Ctrl Pts',(12.6148870610094,148.643279562734,20.1521666149903));
#5690=CARTESIAN_POINT('Ctrl Pts',(12.449199118131,148.093905201965,20.131840255125));
#5691=CARTESIAN_POINT('Ctrl Pts',(12.3408811512067,147.881901272371,20.1243649881781));
#5692=CARTESIAN_POINT('Ctrl Pts',(12.0310116370317,147.505548281344,20.11151765412));
#5693=CARTESIAN_POINT('Ctrl Pts',(11.8389596034386,147.346548585128,20.1063070883418));
#5694=CARTESIAN_POINT('Ctrl Pts',(11.2431571890222,146.980587620996,20.0946129073815));
#5695=CARTESIAN_POINT('Ctrl Pts',(10.7734452165268,146.788607355283,20.0887769502012));
#5696=CARTESIAN_POINT('Ctrl Pts',(9.54708941445091,146.397393040087,20.077333547777));
#5697=CARTESIAN_POINT('Ctrl Pts',(8.70562419332514,146.176167467353,20.0708240038073));
#5698=CARTESIAN_POINT('Ctrl Pts',(6.91482146285995,145.735921106458,20.0596373365396));
#5699=CARTESIAN_POINT('Ctrl Pts',(6.91482146285999,145.735921106458,-4.51340867383378));
#5700=CARTESIAN_POINT('Ctrl Pts',(9.29849812993254,146.321918078863,-4.52802042224595));
#5701=CARTESIAN_POINT('Ctrl Pts',(10.2590797706446,146.592756157208,-4.53621398481607));
#5702=CARTESIAN_POINT('Ctrl Pts',(11.3507928967568,147.041150615488,-4.54962112528605));
#5703=CARTESIAN_POINT('Ctrl Pts',(11.6764151766358,147.222443755346,-4.55521790926));
#5704=CARTESIAN_POINT('Ctrl Pts',(12.1182774496754,147.594020195496,-4.56724561542453));
#5705=CARTESIAN_POINT('Ctrl Pts',(12.2736427864641,147.779104672844,-4.57339029235031));
#5706=CARTESIAN_POINT('Ctrl Pts',(12.4962856586526,148.210652544676,-4.5884362902422));
#5707=CARTESIAN_POINT('Ctrl Pts',(12.5642001129498,148.442770247732,-4.59680250265532));
#5708=CARTESIAN_POINT('Ctrl Pts',(12.6588105658448,149.103717612576,-4.62188616407859));
#5709=CARTESIAN_POINT('Ctrl Pts',(12.6471035309434,149.574811791607,-4.64070044338004));
#5710=CARTESIAN_POINT('Ctrl Pts',(12.5244875684041,150.812602566607,-4.69550230542765));
#5711=CARTESIAN_POINT('Ctrl Pts',(12.3985157808128,151.6088578523,-4.73362672110821));
#5712=CARTESIAN_POINT('Ctrl Pts',(12.255901263275,152.518276886487,-4.78335983475303));
#5713=CARTESIAN_POINT('Origin',(11.3590912113622,119.293724608863,0.));
#5714=CARTESIAN_POINT('',(11.3984908079527,120.415473033643,20.8475094492854));
#5715=CARTESIAN_POINT('',(11.3590912113622,119.293724608863,20.9488847471117));
#5716=CARTESIAN_POINT('Origin',(12.0877456760653,140.039292297875,244.247953868861));
#5717=CARTESIAN_POINT('',(11.3984908079527,120.415473033643,-5.28649719590224));
#5718=CARTESIAN_POINT('',(11.3984908079527,120.415473033643,0.));
#5719=CARTESIAN_POINT('',(11.3590912113622,119.293724608863,-5.38596293031841));
#5720=CARTESIAN_POINT('Origin',(12.0877456760653,140.039292297875,-232.973900914913));
#5721=CARTESIAN_POINT('',(11.3590912113622,119.293724608863,0.));
#5722=CARTESIAN_POINT('Origin',(10.9893192260076,119.306712250951,0.));
#5723=CARTESIAN_POINT('',(10.9893192260077,118.936712250951,20.9823408319621));
#5724=CARTESIAN_POINT('Ctrl Pts',(11.3590912113621,119.293724608863,20.9488847471118));
#5725=CARTESIAN_POINT('Ctrl Pts',(11.3575936524068,119.251087512432,20.952845940383));
#5726=CARTESIAN_POINT('Ctrl Pts',(11.3482792231163,119.206434321197,20.9570077773728));
#5727=CARTESIAN_POINT('Ctrl Pts',(11.312212255495,119.119418672783,20.9651425368776));
#5728=CARTESIAN_POINT('Ctrl Pts',(11.283681374138,119.077759081705,20.9690518950498));
#5729=CARTESIAN_POINT('Ctrl Pts',(11.2179247310544,119.012115151965,20.9752243377914));
#5730=CARTESIAN_POINT('Ctrl Pts',(11.1763747983062,118.983696153679,20.9779042004847));
#5731=CARTESIAN_POINT('Ctrl Pts',(11.0852962663028,118.945994086826,20.9814629247732));
#5732=CARTESIAN_POINT('Ctrl Pts',(11.0357671194885,118.936712250951,20.9823408319621));
#5733=CARTESIAN_POINT('Ctrl Pts',(10.9893192260076,118.936712250951,20.9823408319621));
#5734=CARTESIAN_POINT('',(10.9893192260077,118.936712250951,-5.41878844722487));
#5735=CARTESIAN_POINT('Ctrl Pts',(10.9893192260076,118.936712250951,-5.41878844722489));
#5736=CARTESIAN_POINT('Ctrl Pts',(11.0358187410923,118.936712250951,-5.41878844722489));
#5737=CARTESIAN_POINT('Ctrl Pts',(11.0853999418748,118.9460145162,-5.41792519212735));
#5738=CARTESIAN_POINT('Ctrl Pts',(11.1765594836674,118.983795162897,-5.41442628218577));
#5739=CARTESIAN_POINT('Ctrl Pts',(11.2181383519117,119.012272358777,-5.41179156235961));
#5740=CARTESIAN_POINT('Ctrl Pts',(11.283838482705,119.07797248957,-5.40573034254296));
#5741=CARTESIAN_POINT('Ctrl Pts',(11.3123111604854,119.119603116068,-5.40189737673915));
#5742=CARTESIAN_POINT('Ctrl Pts',(11.3483013117027,119.206536928668,-5.39392349364631));
#5743=CARTESIAN_POINT('Ctrl Pts',(11.3575954456187,119.251138567081,-5.38984482151276));
#5744=CARTESIAN_POINT('Ctrl Pts',(11.3590912113621,119.293724608863,-5.38596293031844));
#5745=CARTESIAN_POINT('',(10.9893192260077,118.936712250951,0.));
#5746=CARTESIAN_POINT('Origin',(-5.28422129929657,118.936712250951,0.));
#5747=CARTESIAN_POINT('',(-5.28422129929657,118.936712250951,20.9823408319621));
#5748=CARTESIAN_POINT('',(41.5,118.936712250951,20.9823408319621));
#5749=CARTESIAN_POINT('',(-5.28422129929657,118.936712250951,-5.41878844722487));
#5750=CARTESIAN_POINT('',(41.5,118.936712250951,-5.41878844722487));
#5751=CARTESIAN_POINT('',(-5.28422129929657,118.936712250951,0.));
#5752=CARTESIAN_POINT('Origin',(-5.28422129929659,119.306712250951,0.));
#5753=CARTESIAN_POINT('',(-5.61698304827647,119.468482515264,20.932717858716));
#5754=CARTESIAN_POINT('Ctrl Pts',(-5.28422129929659,118.936712250951,20.9823408319621));
#5755=CARTESIAN_POINT('Ctrl Pts',(-5.33066919277749,118.936712250951,20.9823408319621));
#5756=CARTESIAN_POINT('Ctrl Pts',(-5.38019833959176,118.945994086826,20.9814629247732));
#5757=CARTESIAN_POINT('Ctrl Pts',(-5.47127687159515,118.983696153679,20.9779042004847));
#5758=CARTESIAN_POINT('Ctrl Pts',(-5.51282680434332,119.012115151965,20.9752243377914));
#5759=CARTESIAN_POINT('Ctrl Pts',(-5.57858344742693,119.077759081705,20.9690518950498));
#5760=CARTESIAN_POINT('Ctrl Pts',(-5.60711432878392,119.119418672782,20.9651425368776));
#5761=CARTESIAN_POINT('Ctrl Pts',(-5.64493270516697,119.210659793398,20.9566127541698));
#5762=CARTESIAN_POINT('Ctrl Pts',(-5.65422129929657,119.260240948404,20.9519931964977));
#5763=CARTESIAN_POINT('Ctrl Pts',(-5.65422129929657,119.353177999721,20.9433643452673));
#5764=CARTESIAN_POINT('Ctrl Pts',(-5.64493469183117,119.402756586867,20.9387772950057));
#5765=CARTESIAN_POINT('Ctrl Pts',(-5.62321242951523,119.455167831165,20.9339446445556));
#5766=CARTESIAN_POINT('Ctrl Pts',(-5.62019457822599,119.461876391898,20.9333263855214));
#5767=CARTESIAN_POINT('Ctrl Pts',(-5.61698304827648,119.468482515264,20.932717858716));
#5768=CARTESIAN_POINT('',(-5.61698304827647,119.468482515264,-5.37010068366321));
#5769=CARTESIAN_POINT('Ctrl Pts',(-5.61698304827648,119.468482515264,-5.37010068366325));
#5770=CARTESIAN_POINT('Ctrl Pts',(-5.62019498587166,119.46187555337,-5.37069782024976));
#5771=CARTESIAN_POINT('Ctrl Pts',(-5.62321320603282,119.455166106451,-5.37130450997834));
#5772=CARTESIAN_POINT('Ctrl Pts',(-5.64493476471234,119.402755411033,-5.37604605198426));
#5773=CARTESIAN_POINT('Ctrl Pts',(-5.65422129929657,119.353177711861,-5.3805465850703));
#5774=CARTESIAN_POINT('Ctrl Pts',(-5.65422129929657,119.260241443768,-5.38901275693694));
#5775=CARTESIAN_POINT('Ctrl Pts',(-5.6449328523471,119.210661272857,-5.39354516545405));
#5776=CARTESIAN_POINT('Ctrl Pts',(-5.60711665174306,119.119423152887,-5.40191391215552));
#5777=CARTESIAN_POINT('Ctrl Pts',(-5.57858783924226,119.077765564813,-5.40574940116983));
#5778=CARTESIAN_POINT('Ctrl Pts',(-5.5128332487713,119.012119496725,-5.41180569622353));
#5779=CARTESIAN_POINT('Ctrl Pts',(-5.47128124184112,118.983698407127,-5.41443523796708));
#5780=CARTESIAN_POINT('Ctrl Pts',(-5.38019966489278,118.945994191084,-5.41792707935914));
#5781=CARTESIAN_POINT('Ctrl Pts',(-5.33066956807218,118.936712250951,-5.41878844722489));
#5782=CARTESIAN_POINT('Ctrl Pts',(-5.28422129929659,118.936712250951,-5.41878844722489));
#5783=CARTESIAN_POINT('',(-5.61698304827647,119.468482515264,0.));
#5784=CARTESIAN_POINT('Origin',(-4.59233313003556,121.576189394117,-1.35525271560688E-19));
#5785=CARTESIAN_POINT('',(-4.59233313003557,121.576189394117,20.7485876940453));
#5786=CARTESIAN_POINT('Origin',(4.38340114811302,140.039292297875,244.247953868861));
#5787=CARTESIAN_POINT('',(-4.59233313003557,121.576189394117,-5.18943716467334));
#5788=CARTESIAN_POINT('Origin',(4.38340114811302,140.039292297875,-232.973900914913));
#5789=CARTESIAN_POINT('',(-4.59233313003556,121.576189394117,-1.35525271560688E-19));
#5790=CARTESIAN_POINT('Ctrl Pts',(1.44254153121932,130.635737572217,-60.));
#5791=CARTESIAN_POINT('Ctrl Pts',(1.44254153121932,130.635737572217,60.));
#5792=CARTESIAN_POINT('Ctrl Pts',(-0.725626707611244,129.530012041211,-60.));
#5793=CARTESIAN_POINT('Ctrl Pts',(-0.725626707611244,129.530012041211,60.));
#5794=CARTESIAN_POINT('Ctrl Pts',(-0.725626707611245,129.530012041211,-60.));
#5795=CARTESIAN_POINT('Ctrl Pts',(-0.725626707611245,129.530012041211,60.));
#5796=CARTESIAN_POINT('Ctrl Pts',(-4.59233313003556,121.576189394117,-60.));
#5797=CARTESIAN_POINT('Ctrl Pts',(-4.59233313003556,121.576189394117,60.));
#5798=CARTESIAN_POINT('',(1.44254153121932,130.635737572217,20.1845119424711));
#5799=CARTESIAN_POINT('Ctrl Pts',(-4.59233313003556,121.576189394117,20.7485876940453));
#5800=CARTESIAN_POINT('Ctrl Pts',(-3.03311665809362,124.783500715797,20.4836342850488));
#5801=CARTESIAN_POINT('Ctrl Pts',(-1.82675620385266,127.339521613589,20.3431689776258));
#5802=CARTESIAN_POINT('Ctrl Pts',(-0.560903320792798,129.240095426765,20.2467215564787));
#5803=CARTESIAN_POINT('Ctrl Pts',(-0.236700247816786,129.592380575837,20.2305588321569));
#5804=CARTESIAN_POINT('Ctrl Pts',(0.470576685389772,130.134098848051,20.2059739048865));
#5805=CARTESIAN_POINT('Ctrl Pts',(0.84987158541189,130.3334869079,20.1971968795512));
#5806=CARTESIAN_POINT('Ctrl Pts',(1.44254153121932,130.635737572217,20.1845119424712));
#5807=CARTESIAN_POINT('',(1.44254153121932,130.635737572217,-4.63594687892585));
#5808=CARTESIAN_POINT('Ctrl Pts',(1.44254153121933,130.635737572217,-4.63594687892588));
#5809=CARTESIAN_POINT('Ctrl Pts',(0.521679250427641,130.166114912787,-4.65528716949214));
#5810=CARTESIAN_POINT('Ctrl Pts',(0.0447827891349606,129.894193470017,-4.66697932154897));
#5811=CARTESIAN_POINT('Ctrl Pts',(-0.846207275897255,128.867523281128,-4.7151686270065));
#5812=CARTESIAN_POINT('Ctrl Pts',(-1.2581407875504,128.214187958246,-4.74602542823326));
#5813=CARTESIAN_POINT('Ctrl Pts',(-2.53504051120618,125.818564623661,-4.8814144168001));
#5814=CARTESIAN_POINT('Ctrl Pts',(-3.46015709040898,123.905077714227,-5.00066878250349));
#5815=CARTESIAN_POINT('Ctrl Pts',(-4.59233313003556,121.576189394117,-5.18943716467334));
#5816=CARTESIAN_POINT('',(1.44254153121932,130.635737572217,0.));
#5817=CARTESIAN_POINT('Ctrl Pts',(4.79091796401962,131.243608607984,-60.));
#5818=CARTESIAN_POINT('Ctrl Pts',(4.79091796401962,131.243608607984,60.));
#5819=CARTESIAN_POINT('Ctrl Pts',(3.61070977004989,131.741459615064,-60.));
#5820=CARTESIAN_POINT('Ctrl Pts',(3.61070977004989,131.741459615064,60.));
#5821=CARTESIAN_POINT('Ctrl Pts',(3.61070977004989,131.741459615064,-60.));
#5822=CARTESIAN_POINT('Ctrl Pts',(3.61070977004989,131.741459615064,60.));
#5823=CARTESIAN_POINT('Ctrl Pts',(1.44254153121932,130.635737572217,-60.));
#5824=CARTESIAN_POINT('Ctrl Pts',(1.44254153121932,130.635737572217,60.));
#5825=CARTESIAN_POINT('',(4.79091796401962,131.243608607984,20.1598265666621));
#5826=CARTESIAN_POINT('Ctrl Pts',(1.44254153121932,130.635737572217,20.1845119424712));
#5827=CARTESIAN_POINT('Ctrl Pts',(1.89724132246506,130.867625288795,20.174780016485));
#5828=CARTESIAN_POINT('Ctrl Pts',(2.64398153807749,131.28157631677,20.158260316976));
#5829=CARTESIAN_POINT('Ctrl Pts',(3.21512693545301,131.469842549964,20.1510610291852));
#5830=CARTESIAN_POINT('Ctrl Pts',(3.68723094077253,131.625461842644,20.1451101581511));
#5831=CARTESIAN_POINT('Ctrl Pts',(3.97098683960778,131.576044452046,20.1469420011957));
#5832=CARTESIAN_POINT('Ctrl Pts',(4.45440339800293,131.383224953694,20.1543900444796));
#5833=CARTESIAN_POINT('Ctrl Pts',(4.55581801924506,131.342773885037,20.155952548857));
#5834=CARTESIAN_POINT('Ctrl Pts',(4.66663330806155,131.296036002955,20.1577687388405));
#5835=CARTESIAN_POINT('Ctrl Pts',(4.79091796401961,131.243608607984,20.1598265666621));
#5836=CARTESIAN_POINT('',(4.79091796401961,131.243608607984,-4.61172356663493));
#5837=CARTESIAN_POINT('Ctrl Pts',(4.79091796401959,131.243608607984,-4.61172356663496));
#5838=CARTESIAN_POINT('Ctrl Pts',(4.38335872062964,131.415530630559,-4.60510175321799));
#5839=CARTESIAN_POINT('Ctrl Pts',(4.12004421145955,131.526035065235,-4.60101853291126));
#5840=CARTESIAN_POINT('Ctrl Pts',(3.69635051763156,131.573911729053,-4.59923994931988));
#5841=CARTESIAN_POINT('Ctrl Pts',(3.53381463434115,131.559945221335,-4.59975278379559));
#5842=CARTESIAN_POINT('Ctrl Pts',(2.80224105830133,131.361865649415,-4.60715297107138));
#5843=CARTESIAN_POINT('Ctrl Pts',(1.93849571314971,130.888664195429,-4.62553069843154));
#5844=CARTESIAN_POINT('Ctrl Pts',(1.44254153121932,130.635737572217,-4.63594687892588));
#5845=CARTESIAN_POINT('',(4.79091796401962,131.243608607984,0.));
#5846=CARTESIAN_POINT('Ctrl Pts',(8.23262183975204,128.682668413282,-60.));
#5847=CARTESIAN_POINT('Ctrl Pts',(8.23262183975204,128.682668413282,60.));
#5848=CARTESIAN_POINT('Ctrl Pts',(5.97112441390975,130.745757600904,-60.));
#5849=CARTESIAN_POINT('Ctrl Pts',(5.97112441390975,130.745757600904,60.));
#5850=CARTESIAN_POINT('Ctrl Pts',(5.97112441390975,130.745757600904,-60.));
#5851=CARTESIAN_POINT('Ctrl Pts',(5.97112441390975,130.745757600904,60.));
#5852=CARTESIAN_POINT('Ctrl Pts',(4.79091796401962,131.243608607984,-60.));
#5853=CARTESIAN_POINT('Ctrl Pts',(4.79091796401962,131.243608607984,60.));
#5854=CARTESIAN_POINT('',(8.23262183975204,128.682668413282,20.2750092007092));
#5855=CARTESIAN_POINT('Ctrl Pts',(4.79091796401962,131.243608607984,20.1598265666621));
#5856=CARTESIAN_POINT('Ctrl Pts',(5.42001269154981,130.978235169567,20.1702427402101));
#5857=CARTESIAN_POINT('Ctrl Pts',(5.70527825252598,130.848488792976,20.175485292238));
#5858=CARTESIAN_POINT('Ctrl Pts',(6.63035687581574,130.160146419323,20.204637376135));
#5859=CARTESIAN_POINT('Ctrl Pts',(7.37527851584372,129.464794327476,20.2353512417934));
#5860=CARTESIAN_POINT('Ctrl Pts',(8.23262183975208,128.682668413282,20.2750092007092));
#5861=CARTESIAN_POINT('',(8.23262183975204,128.682668413282,-4.72474935293477));
#5862=CARTESIAN_POINT('Ctrl Pts',(8.23262183975204,128.682668413282,-4.7247493529348));
#5863=CARTESIAN_POINT('Ctrl Pts',(7.37527773274086,129.464795041875,-4.68583434321725));
#5864=CARTESIAN_POINT('Ctrl Pts',(6.63035894978636,130.1601438691,-4.65569566459575));
#5865=CARTESIAN_POINT('Ctrl Pts',(5.70527965670613,130.848488518675,-4.62708922088481));
#5866=CARTESIAN_POINT('Ctrl Pts',(5.42001562458679,130.978233932312,-4.62194483765987));
#5867=CARTESIAN_POINT('Ctrl Pts',(4.79091796401962,131.243608607984,-4.61172356663496));
#5868=CARTESIAN_POINT('',(8.23262183975204,128.682668413282,0.));
#5869=CARTESIAN_POINT('Ctrl Pts',(11.3984908079527,120.415473033643,-60.));
#5870=CARTESIAN_POINT('Ctrl Pts',(11.3984908079527,120.415473033643,60.));
#5871=CARTESIAN_POINT('Ctrl Pts',(10.4941192655943,126.6195757375,-60.));
#5872=CARTESIAN_POINT('Ctrl Pts',(10.4941192655943,126.6195757375,60.));
#5873=CARTESIAN_POINT('Ctrl Pts',(10.4941192655943,126.6195757375,-60.));
#5874=CARTESIAN_POINT('Ctrl Pts',(10.4941192655943,126.6195757375,60.));
#5875=CARTESIAN_POINT('Ctrl Pts',(8.23262183975204,128.682668413282,-60.));
#5876=CARTESIAN_POINT('Ctrl Pts',(8.23262183975204,128.682668413282,60.));
#5877=CARTESIAN_POINT('Ctrl Pts',(8.23262183975204,128.682668413282,20.2750092007092));
#5878=CARTESIAN_POINT('Ctrl Pts',(9.28807016538648,127.719816240469,20.3238309456717));
#5879=CARTESIAN_POINT('Ctrl Pts',(9.68139942175749,127.280186859425,20.3501843705973));
#5880=CARTESIAN_POINT('Ctrl Pts',(9.93161777689151,126.889569277344,20.3731280534906));
#5881=CARTESIAN_POINT('Ctrl Pts',(10.1852842712235,126.493568781626,20.3963879122787));
#5882=CARTESIAN_POINT('Ctrl Pts',(10.3533604266603,126.092015670867,20.4206874095297));
#5883=CARTESIAN_POINT('Ctrl Pts',(10.5125404457583,125.528498597299,20.457226367567));
#5884=CARTESIAN_POINT('Ctrl Pts',(10.7996299835042,124.512165912586,20.5231263004359));
#5885=CARTESIAN_POINT('Ctrl Pts',(11.0296821444033,122.941310283136,20.6310107637796));
#5886=CARTESIAN_POINT('Ctrl Pts',(11.3216522742572,120.942262170458,20.8018612879173));
#5887=CARTESIAN_POINT('Ctrl Pts',(11.3468527300585,120.769720809349,20.8166076973679));
#5888=CARTESIAN_POINT('Ctrl Pts',(11.3724538886479,120.594089579933,20.8318195126288));
#5889=CARTESIAN_POINT('Ctrl Pts',(11.3984908079527,120.415473033643,20.8475094492854));
#5890=CARTESIAN_POINT('Ctrl Pts',(11.3984908079527,120.415473033643,-5.28649719590227));
#5891=CARTESIAN_POINT('Ctrl Pts',(11.0409241415288,122.868425407824,-5.0750832429631));
#5892=CARTESIAN_POINT('Ctrl Pts',(10.7958577923552,124.870769126232,-4.9430156207172));
#5893=CARTESIAN_POINT('Ctrl Pts',(10.126368191219,126.619387562836,-4.8361720398458));
#5894=CARTESIAN_POINT('Ctrl Pts',(9.88617496602681,127.006105629117,-4.81401356840877));
#5895=CARTESIAN_POINT('Ctrl Pts',(9.375568403421,127.601154644704,-4.78103437845668));
#5896=CARTESIAN_POINT('Ctrl Pts',(9.17399000548265,127.80408069973,-4.77008374920072));
#5897=CARTESIAN_POINT('Ctrl Pts',(8.74519461629808,128.215908148643,-4.74833905871582));
#5898=CARTESIAN_POINT('Ctrl Pts',(8.48272586881859,128.454506406704,-4.73610164088735));
#5899=CARTESIAN_POINT('Ctrl Pts',(8.2326218397521,128.682668413282,-4.7247493529348));
#5900=CARTESIAN_POINT('Ctrl Pts',(0.182543440093834,132.815882405591,-60.));
#5901=CARTESIAN_POINT('Ctrl Pts',(0.182543440093834,132.815882405591,60.));
#5902=CARTESIAN_POINT('Ctrl Pts',(2.03318629287704,133.759673634839,-60.));
#5903=CARTESIAN_POINT('Ctrl Pts',(2.03318629287704,133.759673634839,60.));
#5904=CARTESIAN_POINT('Ctrl Pts',(2.03318629287704,133.759673634839,-60.));
#5905=CARTESIAN_POINT('Ctrl Pts',(2.03318629287704,133.759673634839,60.));
#5906=CARTESIAN_POINT('Ctrl Pts',(0.674300633086999,137.94407985127,-60.));
#5907=CARTESIAN_POINT('Ctrl Pts',(0.674300633086999,137.94407985127,60.));
#5908=CARTESIAN_POINT('',(0.674300633087004,137.94407985127,19.9970610407995));
#5909=CARTESIAN_POINT('',(0.182543440093834,132.815882405591,20.1036360758213));
#5910=CARTESIAN_POINT('Ctrl Pts',(0.674300633086999,137.94407985127,19.9970610407996));
#5911=CARTESIAN_POINT('Ctrl Pts',(1.20928701958045,136.296700364099,20.0124527744166));
#5912=CARTESIAN_POINT('Ctrl Pts',(1.67552120308182,134.984754000172,20.0429752004415));
#5913=CARTESIAN_POINT('Ctrl Pts',(1.62845202569943,134.067377617214,20.0667414621965));
#5914=CARTESIAN_POINT('Ctrl Pts',(1.59608778147967,133.929200599882,20.0704917730905));
#5915=CARTESIAN_POINT('Ctrl Pts',(1.48631726469743,133.694666025843,20.0770118350767));
#5916=CARTESIAN_POINT('Ctrl Pts',(1.41369664243455,133.598584150625,20.0797632262001));
#5917=CARTESIAN_POINT('Ctrl Pts',(1.20375397488111,133.391965225618,20.0857799342053));
#5918=CARTESIAN_POINT('Ctrl Pts',(1.04607393250218,133.283335209895,20.0890307490745));
#5919=CARTESIAN_POINT('Ctrl Pts',(0.659741428777831,133.059020188051,20.095905214061));
#5920=CARTESIAN_POINT('Ctrl Pts',(0.434654482213335,132.944454047597,20.0994926485871));
#5921=CARTESIAN_POINT('Ctrl Pts',(0.182543440093865,132.815882405591,20.1036360758213));
#5922=CARTESIAN_POINT('',(0.674300633087004,137.94407985127,-4.45200222766989));
#5923=CARTESIAN_POINT('',(0.674300633086999,137.94407985127,0.));
#5924=CARTESIAN_POINT('',(0.182543440093834,132.815882405591,-4.55658448652337));
#5925=CARTESIAN_POINT('Ctrl Pts',(0.182543440093839,132.815882405591,-4.55658448652339));
#5926=CARTESIAN_POINT('Ctrl Pts',(0.624737771208932,133.041392763088,-4.5494530055454));
#5927=CARTESIAN_POINT('Ctrl Pts',(0.984883024660217,133.222726914471,-4.5439898922744));
#5928=CARTESIAN_POINT('Ctrl Pts',(1.3511391105832,133.526290718398,-4.53520280647554));
#5929=CARTESIAN_POINT('Ctrl Pts',(1.4446054972103,133.631487957498,-4.53221677880452));
#5930=CARTESIAN_POINT('Ctrl Pts',(1.57032266574504,133.860142365158,-4.52592528463519));
#5931=CARTESIAN_POINT('Ctrl Pts',(1.60790694203274,133.977859204789,-4.52275602445431));
#5932=CARTESIAN_POINT('Ctrl Pts',(1.64856269831146,134.28079674392,-4.51489857979531));
#5933=CARTESIAN_POINT('Ctrl Pts',(1.6418079818723,134.475871302559,-4.51000255441767));
#5934=CARTESIAN_POINT('Ctrl Pts',(1.49852015554654,135.441499184906,-4.48749228919109));
#5935=CARTESIAN_POINT('Ctrl Pts',(1.12268720735607,136.563366503375,-4.46466135490595));
#5936=CARTESIAN_POINT('Ctrl Pts',(0.674300633086998,137.94407985127,-4.45200222766991));
#5937=CARTESIAN_POINT('',(0.182543440093834,132.815882405591,0.));
#5938=CARTESIAN_POINT('Ctrl Pts',(-8.08016267868058,135.188824773145,-60.));
#5939=CARTESIAN_POINT('Ctrl Pts',(-8.08016267868058,135.188824773145,60.));
#5940=CARTESIAN_POINT('Ctrl Pts',(-1.66810028472916,131.872091176343,-60.));
#5941=CARTESIAN_POINT('Ctrl Pts',(-1.66810028472916,131.872091176343,60.));
#5942=CARTESIAN_POINT('Ctrl Pts',(-1.66810028472916,131.872091176343,-60.));
#5943=CARTESIAN_POINT('Ctrl Pts',(-1.66810028472916,131.872091176343,60.));
#5944=CARTESIAN_POINT('Ctrl Pts',(0.182543440093834,132.815882405591,-60.));
#5945=CARTESIAN_POINT('Ctrl Pts',(0.182543440093834,132.815882405591,60.));
#5946=CARTESIAN_POINT('',(-8.08016267868059,135.188824773145,20.0397340949851));
#5947=CARTESIAN_POINT('Ctrl Pts',(0.182543440093829,132.815882405591,20.1036360758213));
#5948=CARTESIAN_POINT('Ctrl Pts',(-0.303482626798269,132.568018847108,20.1116238762613));
#5949=CARTESIAN_POINT('Ctrl Pts',(-0.663237317549878,132.384291860052,20.1179483770776));
#5950=CARTESIAN_POINT('Ctrl Pts',(-1.30539838529642,132.259372097543,20.1222564468714));
#5951=CARTESIAN_POINT('Ctrl Pts',(-1.57561107049483,132.25919228207,20.1222592254336));
#5952=CARTESIAN_POINT('Ctrl Pts',(-2.31678057815564,132.403649760774,20.1172859836025));
#5953=CARTESIAN_POINT('Ctrl Pts',(-2.8210963756253,132.585264826023,20.1109721465816));
#5954=CARTESIAN_POINT('Ctrl Pts',(-4.11052520537737,133.164107360289,20.0925234544858));
#5955=CARTESIAN_POINT('Ctrl Pts',(-4.84591186057747,133.530749595316,20.0815769568159));
#5956=CARTESIAN_POINT('Ctrl Pts',(-6.21945106761394,134.22528420812,20.0622479270732));
#5957=CARTESIAN_POINT('Ctrl Pts',(-7.10962472942199,134.686799741961,20.0505947856092));
#5958=CARTESIAN_POINT('Ctrl Pts',(-8.08016267868059,135.188824773145,20.0397340949851));
#5959=CARTESIAN_POINT('',(-8.08016267868059,135.188824773145,-4.4938775876852));
#5960=CARTESIAN_POINT('Ctrl Pts',(-8.08016267868059,135.188824773145,-4.49387758768523));
#5961=CARTESIAN_POINT('Ctrl Pts',(-6.56631570567836,134.405765157177,-4.51050138341963));
#5962=CARTESIAN_POINT('Ctrl Pts',(-5.31827758921571,133.758814284804,-4.52822388117993));
#5963=CARTESIAN_POINT('Ctrl Pts',(-2.94805016767278,132.608433751777,-4.56223296894458));
#5964=CARTESIAN_POINT('Ctrl Pts',(-2.16352877160788,132.314063629444,-4.57300275224159));
#5965=CARTESIAN_POINT('Ctrl Pts',(-1.26089624403243,132.25975420321,-4.57484839035562));
#5966=CARTESIAN_POINT('Ctrl Pts',(-1.00857818580486,132.301909619598,-4.57340023748116));
#5967=CARTESIAN_POINT('Ctrl Pts',(-0.467635347014164,132.484315351487,-4.56729113474822));
#5968=CARTESIAN_POINT('Ctrl Pts',(-0.177896210320901,132.632065403879,-4.56239746764628));
#5969=CARTESIAN_POINT('Ctrl Pts',(0.182543440093835,132.815882405591,-4.55658448652339));
#5970=CARTESIAN_POINT('',(-8.08016267868058,135.188824773145,0.));
#5971=CARTESIAN_POINT('Ctrl Pts',(-14.4922242005922,139.42071006825,-60.));
#5972=CARTESIAN_POINT('Ctrl Pts',(-14.4922242005922,139.42071006825,60.));
#5973=CARTESIAN_POINT('Ctrl Pts',(-14.4922242005922,138.505560114026,-60.));
#5974=CARTESIAN_POINT('Ctrl Pts',(-14.4922242005922,138.505560114026,60.));
#5975=CARTESIAN_POINT('Ctrl Pts',(-14.4922242005922,138.505560114026,-60.));
#5976=CARTESIAN_POINT('Ctrl Pts',(-14.4922242005922,138.505560114026,60.));
#5977=CARTESIAN_POINT('Ctrl Pts',(-8.08016267868058,135.188824773145,-60.));
#5978=CARTESIAN_POINT('Ctrl Pts',(-8.08016267868058,135.188824773145,60.));
#5979=CARTESIAN_POINT('',(-14.4922242005922,139.42071006825,19.9881264244337));
#5980=CARTESIAN_POINT('Ctrl Pts',(-8.08016267868059,135.188824773145,20.0397340949851));
#5981=CARTESIAN_POINT('Ctrl Pts',(-10.7016998991405,136.544854361573,20.0103980720334));
#5982=CARTESIAN_POINT('Ctrl Pts',(-12.753957184027,137.587112737504,19.999828081961));
#5983=CARTESIAN_POINT('Ctrl Pts',(-13.9998314350143,138.409373846946,19.9931036648705));
#5984=CARTESIAN_POINT('Ctrl Pts',(-14.2066028663927,138.578958625516,19.9919679142352));
#5985=CARTESIAN_POINT('Ctrl Pts',(-14.3994338674141,138.837299402945,19.9904747832858));
#5986=CARTESIAN_POINT('Ctrl Pts',(-14.4394008584631,138.926125516986,19.9900171260113));
#5987=CARTESIAN_POINT('Ctrl Pts',(-14.4936905058933,139.145915296458,19.9890164075665));
#5988=CARTESIAN_POINT('Ctrl Pts',(-14.4922242005922,139.280199632028,19.988513998347));
#5989=CARTESIAN_POINT('Ctrl Pts',(-14.4922242005922,139.42071006825,19.9881264244337));
#5990=CARTESIAN_POINT('',(-14.4922242005922,139.42071006825,-4.44323459014115));
#5991=CARTESIAN_POINT('Ctrl Pts',(-14.4922242005922,139.42071006825,-4.44323459014118));
#5992=CARTESIAN_POINT('Ctrl Pts',(-14.4922242005922,139.262054714349,-4.4436640352749));
#5993=CARTESIAN_POINT('Ctrl Pts',(-14.4954834102395,139.107600563198,-4.44424732746034));
#5994=CARTESIAN_POINT('Ctrl Pts',(-14.4146388897332,138.870116906123,-4.44537148390569));
#5995=CARTESIAN_POINT('Ctrl Pts',(-14.3663338187066,138.783855808395,-4.4458269690762));
#5996=CARTESIAN_POINT('Ctrl Pts',(-14.1891665047203,138.575022210813,-4.44705899436097));
#5997=CARTESIAN_POINT('Ctrl Pts',(-14.0440974243676,138.449651925403,-4.44787644676543));
#5998=CARTESIAN_POINT('Ctrl Pts',(-12.9344286975959,137.673463529072,-4.45378764323878));
#5999=CARTESIAN_POINT('Ctrl Pts',(-10.810222170574,136.600989140023,-4.463898347919));
#6000=CARTESIAN_POINT('Ctrl Pts',(-8.08016267868057,135.188824773145,-4.49387758768523));
#6001=CARTESIAN_POINT('',(-14.4922242005922,139.42071006825,0.));
#6002=CARTESIAN_POINT('Ctrl Pts',(-8.60535038925187,142.137220418287,-60.));
#6003=CARTESIAN_POINT('Ctrl Pts',(-8.60535038925187,142.137220418287,60.));
#6004=CARTESIAN_POINT('Ctrl Pts',(-14.4922242005922,140.335858278394,-60.));
#6005=CARTESIAN_POINT('Ctrl Pts',(-14.4922242005922,140.335858278394,60.));
#6006=CARTESIAN_POINT('Ctrl Pts',(-14.4922242005922,140.335858278394,-60.));
#6007=CARTESIAN_POINT('Ctrl Pts',(-14.4922242005922,140.335858278394,60.));
#6008=CARTESIAN_POINT('Ctrl Pts',(-14.4922242005922,139.42071006825,-60.));
#6009=CARTESIAN_POINT('Ctrl Pts',(-14.4922242005922,139.42071006825,60.));
#6010=CARTESIAN_POINT('',(-8.60535038925187,142.137220418287,19.997086430225));
#6011=CARTESIAN_POINT('Ctrl Pts',(-14.4922242005922,139.42071006825,19.9881264244337));
#6012=CARTESIAN_POINT('Ctrl Pts',(-14.4922242005922,139.579759576579,19.9876877136731));
#6013=CARTESIAN_POINT('Ctrl Pts',(-14.4938109981661,139.72527369881,19.9874555408119));
#6014=CARTESIAN_POINT('Ctrl Pts',(-14.4317621334695,139.927438788274,19.9872895440423));
#6015=CARTESIAN_POINT('Ctrl Pts',(-14.3969042330368,139.994558656505,19.9872680715289));
#6016=CARTESIAN_POINT('Ctrl Pts',(-14.2858714808222,140.127607403658,19.987280643445));
#6017=CARTESIAN_POINT('Ctrl Pts',(-14.2088713457517,140.193626105503,19.9873157992064));
#6018=CARTESIAN_POINT('Ctrl Pts',(-13.9111779463001,140.38467325968,19.9875060318409));
#6019=CARTESIAN_POINT('Ctrl Pts',(-13.6284134949874,140.513960194215,19.9877202073006));
#6020=CARTESIAN_POINT('Ctrl Pts',(-12.2635075622984,141.024206000939,19.9891589459622));
#6021=CARTESIAN_POINT('Ctrl Pts',(-10.6189319693046,141.521071722029,19.9913221908667));
#6022=CARTESIAN_POINT('Ctrl Pts',(-8.60535038925185,142.137220418287,19.997086430225));
#6023=CARTESIAN_POINT('',(-8.60535038925187,142.137220418287,-4.45202714257452));
#6024=CARTESIAN_POINT('Ctrl Pts',(-8.60535038925185,142.137220418287,-4.45202714257454));
#6025=CARTESIAN_POINT('Ctrl Pts',(-10.9797369293247,141.410666706448,-4.44535707008697));
#6026=CARTESIAN_POINT('Ctrl Pts',(-12.8894599286629,140.846670132767,-4.44347347827049));
#6027=CARTESIAN_POINT('Ctrl Pts',(-13.9959728066462,140.336067493363,-4.44256336021318));
#6028=CARTESIAN_POINT('Ctrl Pts',(-14.157571277253,140.237240533393,-4.4424617755957));
#6029=CARTESIAN_POINT('Ctrl Pts',(-14.3408027598352,140.071103799359,-4.44238970585499));
#6030=CARTESIAN_POINT('Ctrl Pts',(-14.3905019085763,140.003906338805,-4.44238920045681));
#6031=CARTESIAN_POINT('Ctrl Pts',(-14.4556255383478,139.865839118139,-4.44245331511061));
#6032=CARTESIAN_POINT('Ctrl Pts',(-14.472244148337,139.79582552934,-4.44251524558709));
#6033=CARTESIAN_POINT('Ctrl Pts',(-14.4924471958406,139.630388452776,-4.4427447758546));
#6034=CARTESIAN_POINT('Ctrl Pts',(-14.4922242005922,139.529640498639,-4.44293973943432));
#6035=CARTESIAN_POINT('Ctrl Pts',(-14.4922242005922,139.42071006825,-4.44323459014118));
#6036=CARTESIAN_POINT('',(-8.60535038925187,142.137220418287,0.));
#6037=CARTESIAN_POINT('Ctrl Pts',(-1.70153080230729,143.03353256886,-60.));
#6038=CARTESIAN_POINT('Ctrl Pts',(-1.70153080230729,143.03353256886,60.));
#6039=CARTESIAN_POINT('Ctrl Pts',(-2.71847657791154,143.938582558179,-60.));
#6040=CARTESIAN_POINT('Ctrl Pts',(-2.71847657791154,143.938582558179,60.));
#6041=CARTESIAN_POINT('Ctrl Pts',(-2.71847657791154,143.938582558179,-60.));
#6042=CARTESIAN_POINT('Ctrl Pts',(-2.71847657791154,143.938582558179,60.));
#6043=CARTESIAN_POINT('Ctrl Pts',(-8.60535038925187,142.137220418287,-60.));
#6044=CARTESIAN_POINT('Ctrl Pts',(-8.60535038925187,142.137220418287,60.));
#6045=CARTESIAN_POINT('',(-1.70153080230729,143.03353256886,20.0072631488699));
#6046=CARTESIAN_POINT('Ctrl Pts',(-8.60535038925188,142.137220418287,19.997086430225));
#6047=CARTESIAN_POINT('Ctrl Pts',(-6.04308030391103,142.921265816885,20.0044213890958));
#6048=CARTESIAN_POINT('Ctrl Pts',(-4.29612303064945,143.4744894456,20.0135495116443));
#6049=CARTESIAN_POINT('Ctrl Pts',(-3.00363054864685,143.642291879751,20.01621434755));
#6050=CARTESIAN_POINT('Ctrl Pts',(-2.76579632579948,143.636718364994,20.0161238464516));
#6051=CARTESIAN_POINT('Ctrl Pts',(-2.41335921319779,143.552745099054,20.0147942829909));
#6052=CARTESIAN_POINT('Ctrl Pts',(-2.28162772329097,143.490276725986,20.0138094595404));
#6053=CARTESIAN_POINT('Ctrl Pts',(-2.00825606938979,143.306230726229,20.0110502256858));
#6054=CARTESIAN_POINT('Ctrl Pts',(-1.87035188409561,143.183778060739,20.0092693463217));
#6055=CARTESIAN_POINT('Ctrl Pts',(-1.70153080230728,143.03353256886,20.0072631488699));
#6056=CARTESIAN_POINT('',(-1.70153080230729,143.03353256886,-4.46201365296194));
#6057=CARTESIAN_POINT('Ctrl Pts',(-1.70153080230729,143.03353256886,-4.46201365296199));
#6058=CARTESIAN_POINT('Ctrl Pts',(-1.95228897395895,143.256699512486,-4.4649378572901));
#6059=CARTESIAN_POINT('Ctrl Pts',(-2.14431039871415,143.428591661896,-4.46750986140359));
#6060=CARTESIAN_POINT('Ctrl Pts',(-2.52314619667628,143.588396582563,-4.46995012221233));
#6061=CARTESIAN_POINT('Ctrl Pts',(-2.6811026805853,143.622583168308,-4.47049142239102));
#6062=CARTESIAN_POINT('Ctrl Pts',(-3.15300545723863,143.635261665369,-4.47069053652182));
#6063=CARTESIAN_POINT('Ctrl Pts',(-3.4863869502921,143.587157563381,-4.46992127694378));
#6064=CARTESIAN_POINT('Ctrl Pts',(-4.88072400965148,143.283374725927,-4.46532324611576));
#6065=CARTESIAN_POINT('Ctrl Pts',(-6.46039736772469,142.793568301502,-4.45805269565724));
#6066=CARTESIAN_POINT('Ctrl Pts',(-8.60535038925188,142.137220418287,-4.45202714257455));
#6067=CARTESIAN_POINT('',(-1.70153080230729,143.03353256886,0.));
#6068=CARTESIAN_POINT('Ctrl Pts',(0.674300633086999,137.94407985127,-60.));
#6069=CARTESIAN_POINT('Ctrl Pts',(0.674300633086999,137.94407985127,60.));
#6070=CARTESIAN_POINT('Ctrl Pts',(-0.684585026703042,142.128482579541,-60.));
#6071=CARTESIAN_POINT('Ctrl Pts',(-0.684585026703042,142.128482579541,60.));
#6072=CARTESIAN_POINT('Ctrl Pts',(-0.684585026703042,142.128482579541,-60.));
#6073=CARTESIAN_POINT('Ctrl Pts',(-0.684585026703042,142.128482579541,60.));
#6074=CARTESIAN_POINT('Ctrl Pts',(-1.70153080230729,143.03353256886,-60.));
#6075=CARTESIAN_POINT('Ctrl Pts',(-1.70153080230729,143.03353256886,60.));
#6076=CARTESIAN_POINT('Ctrl Pts',(-1.70153080230728,143.03353256886,20.0072631488699));
#6077=CARTESIAN_POINT('Ctrl Pts',(-1.48908403360974,142.844461577709,20.004738522434));
#6078=CARTESIAN_POINT('Ctrl Pts',(-1.281225003354,142.663313922458,20.0025333668234));
#6079=CARTESIAN_POINT('Ctrl Pts',(-0.985782290729356,142.321822753671,19.9988467196874));
#6080=CARTESIAN_POINT('Ctrl Pts',(-0.881676324433514,142.174257782067,19.997357602686));
#6081=CARTESIAN_POINT('Ctrl Pts',(-0.357802713734214,141.229458584073,19.9891526618235));
#6082=CARTESIAN_POINT('Ctrl Pts',(0.0761748190930864,139.785882559168,19.9798527795119));
#6083=CARTESIAN_POINT('Ctrl Pts',(0.674300633086998,137.94407985127,19.9970610407996));
#6084=CARTESIAN_POINT('Ctrl Pts',(0.674300633087003,137.94407985127,-4.45200222766991));
#6085=CARTESIAN_POINT('Ctrl Pts',(0.125230474436929,139.634825980876,-4.4365005520968));
#6086=CARTESIAN_POINT('Ctrl Pts',(-0.292410147549531,140.970016754958,-4.44306667733221));
#6087=CARTESIAN_POINT('Ctrl Pts',(-0.790512945060398,142.037042102866,-4.45090748652976));
#6088=CARTESIAN_POINT('Ctrl Pts',(-0.92794906906942,142.252046137551,-4.45302874067822));
#6089=CARTESIAN_POINT('Ctrl Pts',(-1.2719739857125,142.655586968519,-4.45727683039222));
#6090=CARTESIAN_POINT('Ctrl Pts',(-1.4846196553748,142.840488420466,-4.45948415408066));
#6091=CARTESIAN_POINT('Ctrl Pts',(-1.70153080230729,143.03353256886,-4.46201365296198));
#6092=CARTESIAN_POINT('Ctrl Pts',(14.6490540251158,153.488681898237,-60.));
#6093=CARTESIAN_POINT('Ctrl Pts',(14.6490540251158,153.488681898237,60.));
#6094=CARTESIAN_POINT('Ctrl Pts',(15.677000582733,146.933727063489,-60.));
#6095=CARTESIAN_POINT('Ctrl Pts',(15.677000582733,146.933727063489,60.));
#6096=CARTESIAN_POINT('Ctrl Pts',(15.677000582733,146.933727063489,-60.));
#6097=CARTESIAN_POINT('Ctrl Pts',(15.677000582733,146.933727063489,60.));
#6098=CARTESIAN_POINT('Ctrl Pts',(18.6885690855406,145.0275753896,-60.));
#6099=CARTESIAN_POINT('Ctrl Pts',(18.6885690855406,145.0275753896,60.));
#6100=CARTESIAN_POINT('',(18.6885690855406,145.0275753896,20.0427579407204));
#6101=CARTESIAN_POINT('',(14.6490540251158,153.488681898237,20.3909308189759));
#6102=CARTESIAN_POINT('Ctrl Pts',(18.6885690855406,145.0275753896,20.0427579407204));
#6103=CARTESIAN_POINT('Ctrl Pts',(18.2845800813095,145.28327746509,20.0484469896936));
#6104=CARTESIAN_POINT('Ctrl Pts',(17.4947726816344,145.758953785478,20.0597379264215));
#6105=CARTESIAN_POINT('Ctrl Pts',(16.5303920224255,146.568740688306,20.0820843741322));
#6106=CARTESIAN_POINT('Ctrl Pts',(16.2273222230984,146.924304349546,20.0924827101331));
#6107=CARTESIAN_POINT('Ctrl Pts',(15.7424504674528,147.864207030611,20.1233456683107));
#6108=CARTESIAN_POINT('Ctrl Pts',(15.558136819254,148.443257910032,20.1433745561806));
#6109=CARTESIAN_POINT('Ctrl Pts',(15.141811776476,150.316393529214,20.2202901963506));
#6110=CARTESIAN_POINT('Ctrl Pts',(14.9197388074339,151.762593601719,20.2872269741369));
#6111=CARTESIAN_POINT('Ctrl Pts',(14.6490540251158,153.488681898237,20.3909308189759));
#6112=CARTESIAN_POINT('',(18.6885690855406,145.0275753896,-4.49684489699284));
#6113=CARTESIAN_POINT('',(18.6885690855406,145.0275753896,0.));
#6114=CARTESIAN_POINT('',(14.6490540251158,153.488681898237,-4.83849810728934));
#6115=CARTESIAN_POINT('Ctrl Pts',(14.6490540251158,153.488681898237,-4.83849810728938));
#6116=CARTESIAN_POINT('Ctrl Pts',(14.9935732856853,151.291769835057,-4.708982364043));
#6117=CARTESIAN_POINT('Ctrl Pts',(15.2573797398857,149.322949076099,-4.62735676921224));
#6118=CARTESIAN_POINT('Ctrl Pts',(15.7151940365891,148.02666343207,-4.58202278177181));
#6119=CARTESIAN_POINT('Ctrl Pts',(16.0049904834943,147.206114627634,-4.55332636800998));
#6120=CARTESIAN_POINT('Ctrl Pts',(16.3700710180327,146.70082234964,-4.53899312352134));
#6121=CARTESIAN_POINT('Ctrl Pts',(16.9502089983602,146.216246450614,-4.52589078522514));
#6122=CARTESIAN_POINT('Ctrl Pts',(17.4915527692395,145.764074461618,-4.51366460893413));
#6123=CARTESIAN_POINT('Ctrl Pts',(18.2006769622145,145.336383370122,-4.50358702530402));
#6124=CARTESIAN_POINT('Ctrl Pts',(18.6885690855406,145.0275753896,-4.49684489699287));
#6125=CARTESIAN_POINT('',(14.6490540251158,153.488681898237,0.));
#6126=CARTESIAN_POINT('Ctrl Pts',(14.4089326353453,163.007701740003,-60.));
#6127=CARTESIAN_POINT('Ctrl Pts',(14.4089326353453,163.007701740003,60.));
#6128=CARTESIAN_POINT('Ctrl Pts',(13.6211074674986,160.043636296964,-60.));
#6129=CARTESIAN_POINT('Ctrl Pts',(13.6211074674986,160.043636296964,60.));
#6130=CARTESIAN_POINT('Ctrl Pts',(13.6211074674986,160.043636296964,-60.));
#6131=CARTESIAN_POINT('Ctrl Pts',(13.6211074674986,160.043636296964,60.));
#6132=CARTESIAN_POINT('Ctrl Pts',(14.6490540251158,153.488681898237,-60.));
#6133=CARTESIAN_POINT('Ctrl Pts',(14.6490540251158,153.488681898237,60.));
#6134=CARTESIAN_POINT('',(14.4089326353453,163.007701740003,21.1665673367752));
#6135=CARTESIAN_POINT('Ctrl Pts',(14.6490540251158,153.488681898236,20.3909308189759));
#6136=CARTESIAN_POINT('Ctrl Pts',(14.2463996771471,156.056306518239,20.5451943903904));
#6137=CARTESIAN_POINT('Ctrl Pts',(13.8840603563296,158.1700086994,20.7168046532915));
#6138=CARTESIAN_POINT('Ctrl Pts',(13.833074290079,160.188917998286,20.8935236823297));
#6139=CARTESIAN_POINT('Ctrl Pts',(13.8744429002396,160.67040448753,20.9376672698095));
#6140=CARTESIAN_POINT('Ctrl Pts',(14.0709378574615,161.747574381684,21.0397209012306));
#6141=CARTESIAN_POINT('Ctrl Pts',(14.2329734443157,162.345683593336,21.0984060971167));
#6142=CARTESIAN_POINT('Ctrl Pts',(14.4089326353453,163.007701740003,21.1665673367752));
#6143=CARTESIAN_POINT('',(14.4089326353453,163.007701740003,-5.59953942594085));
#6144=CARTESIAN_POINT('Ctrl Pts',(14.4089326353453,163.007701740003,-5.59953942594089));
#6145=CARTESIAN_POINT('Ctrl Pts',(14.2329888176124,162.345741432891,-5.53267095726825));
#6146=CARTESIAN_POINT('Ctrl Pts',(14.0709722601787,161.747696018886,-5.47509861774675));
#6147=CARTESIAN_POINT('Ctrl Pts',(13.8277301250875,160.41442232085,-5.351161201236));
#6148=CARTESIAN_POINT('Ctrl Pts',(13.8044129844062,159.717885320032,-5.2884603564148));
#6149=CARTESIAN_POINT('Ctrl Pts',(14.0357098905369,157.349345575774,-5.09546013733054));
#6150=CARTESIAN_POINT('Ctrl Pts',(14.3174943960936,155.60295353288,-4.96314190472441));
#6151=CARTESIAN_POINT('Ctrl Pts',(14.6490540251158,153.488681898237,-4.83849810728938));
#6152=CARTESIAN_POINT('',(14.4089326353453,163.007701740003,0.));
#6153=CARTESIAN_POINT('Ctrl Pts',(25.3319740446471,165.971766747022,-60.));
#6154=CARTESIAN_POINT('Ctrl Pts',(25.3319740446471,165.971766747022,60.));
#6155=CARTESIAN_POINT('Ctrl Pts',(15.1967612913512,165.971766747022,-60.));
#6156=CARTESIAN_POINT('Ctrl Pts',(15.1967612913512,165.971766747022,60.));
#6157=CARTESIAN_POINT('Ctrl Pts',(15.1967612913512,165.971766747022,-60.));
#6158=CARTESIAN_POINT('Ctrl Pts',(15.1967612913512,165.971766747022,60.));
#6159=CARTESIAN_POINT('Ctrl Pts',(14.4089326353453,163.007701740003,-60.));
#6160=CARTESIAN_POINT('Ctrl Pts',(14.4089326353453,163.007701740003,60.));
#6161=CARTESIAN_POINT('',(25.3319740446471,165.971766747022,21.4916753528034));
#6162=CARTESIAN_POINT('Ctrl Pts',(14.4089326353453,163.007701740003,21.1665673367752));
#6163=CARTESIAN_POINT('Ctrl Pts',(14.6008459494152,163.729741404693,21.2409083784456));
#6164=CARTESIAN_POINT('Ctrl Pts',(14.7490390041001,164.297373893852,21.3027135179869));
#6165=CARTESIAN_POINT('Ctrl Pts',(15.1564902539179,164.928420616086,21.3725905161889));
#6166=CARTESIAN_POINT('Ctrl Pts',(15.3170345496484,165.09628737116,21.3914540474171));
#6167=CARTESIAN_POINT('Ctrl Pts',(15.7231844589426,165.374525876384,21.4229141475177));
#6168=CARTESIAN_POINT('Ctrl Pts',(15.9722472149323,165.487556418873,21.4358194069829));
#6169=CARTESIAN_POINT('Ctrl Pts',(16.8435695915383,165.741433202766,21.4649218039993));
#6170=CARTESIAN_POINT('Ctrl Pts',(17.5707166690125,165.827203672316,21.4748871027075));
#6171=CARTESIAN_POINT('Ctrl Pts',(19.9626668635625,165.971768952739,21.4916563547721));
#6172=CARTESIAN_POINT('Ctrl Pts',(22.1468359896136,165.971766747022,21.4916753528034));
#6173=CARTESIAN_POINT('Ctrl Pts',(25.3319740446471,165.971766747022,21.4916753528034));
#6174=CARTESIAN_POINT('',(25.3319740446471,165.971766747022,-5.91850048637586));
#6175=CARTESIAN_POINT('Ctrl Pts',(25.3319740446471,165.971766747022,-5.91850048637589));
#6176=CARTESIAN_POINT('Ctrl Pts',(20.2645908575487,165.971766747022,-5.91850048637589));
#6177=CARTESIAN_POINT('Ctrl Pts',(17.7306977261715,165.971800896388,-5.91819820625188));
#6178=CARTESIAN_POINT('Ctrl Pts',(15.9908877137845,165.499690443443,-5.86505769604165));
#6179=CARTESIAN_POINT('Ctrl Pts',(15.7061598911276,165.370863273556,-5.85061589504506));
#6180=CARTESIAN_POINT('Ctrl Pts',(15.2886023858157,165.068586677272,-5.81712229779873));
#6181=CARTESIAN_POINT('Ctrl Pts',(15.1372391080587,164.90297598293,-5.798889224582));
#6182=CARTESIAN_POINT('Ctrl Pts',(14.7445926462426,164.280614173836,-5.7313287329814));
#6183=CARTESIAN_POINT('Ctrl Pts',(14.5977650078403,163.718149910729,-5.67130593631516));
#6184=CARTESIAN_POINT('Ctrl Pts',(14.4089326353453,163.007701740003,-5.59953942594091));
#6185=CARTESIAN_POINT('',(25.3319740446471,165.971766747022,-1.35525271560688E-19));
#6186=CARTESIAN_POINT('Ctrl Pts',(28.5836639372252,154.546594359327,-60.));
#6187=CARTESIAN_POINT('Ctrl Pts',(28.5836639372252,154.546594359327,60.));
#6188=CARTESIAN_POINT('Ctrl Pts',(35.467186797943,165.971766747022,-60.));
#6189=CARTESIAN_POINT('Ctrl Pts',(35.467186797943,165.971766747022,60.));
#6190=CARTESIAN_POINT('Ctrl Pts',(35.467186797943,165.971766747022,-60.));
#6191=CARTESIAN_POINT('Ctrl Pts',(35.467186797943,165.971766747022,60.));
#6192=CARTESIAN_POINT('Ctrl Pts',(25.3319740446471,165.971766747022,-60.));
#6193=CARTESIAN_POINT('Ctrl Pts',(25.3319740446471,165.971766747022,60.));
#6194=CARTESIAN_POINT('',(28.5836639372252,154.546594359327,20.4569999938732));
#6195=CARTESIAN_POINT('Ctrl Pts',(25.3319740446471,165.971766747022,21.4916753528034));
#6196=CARTESIAN_POINT('Ctrl Pts',(27.8657195586302,165.971766747022,21.4916753528034));
#6197=CARTESIAN_POINT('Ctrl Pts',(29.7660630632643,165.971775030781,21.4916038222183));
#6198=CARTESIAN_POINT('Ctrl Pts',(31.6672000456677,165.714217164329,21.461829049526));
#6199=CARTESIAN_POINT('Ctrl Pts',(32.224247942217,165.589754624161,21.4474191213249));
#6200=CARTESIAN_POINT('Ctrl Pts',(32.8148048620738,165.268707741169,21.4109312027243));
#6201=CARTESIAN_POINT('Ctrl Pts',(32.9761332138689,165.149115248801,21.3973904429169));
#6202=CARTESIAN_POINT('Ctrl Pts',(33.2091100120238,164.867973925259,21.3659092478742));
#6203=CARTESIAN_POINT('Ctrl Pts',(33.2844985348719,164.72579670274,21.3500971403848));
#6204=CARTESIAN_POINT('Ctrl Pts',(33.3878926109794,164.387015667922,21.312818936608));
#6205=CARTESIAN_POINT('Ctrl Pts',(33.4038977571795,164.196077258511,21.2920420959989));
#6206=CARTESIAN_POINT('Ctrl Pts',(33.3856633211764,163.703859182192,21.2391326658082));
#6207=CARTESIAN_POINT('Ctrl Pts',(33.3132832961091,163.355440702222,21.2022782278875));
#6208=CARTESIAN_POINT('Ctrl Pts',(32.9089655443757,162.114514933433,21.0748180917342));
#6209=CARTESIAN_POINT('Ctrl Pts',(32.3782815619924,161.038308785236,20.9681955618723));
#6210=CARTESIAN_POINT('Ctrl Pts',(30.80274988149,158.226987364268,20.7214749228003));
#6211=CARTESIAN_POINT('Ctrl Pts',(29.7680798338137,156.5124708547,20.5844384074466));
#6212=CARTESIAN_POINT('Ctrl Pts',(28.5836639372252,154.546594359327,20.4569999938732));
#6213=CARTESIAN_POINT('',(28.5836639372252,154.546594359327,-4.9033278860437));
#6214=CARTESIAN_POINT('Ctrl Pts',(28.5836639372252,154.546594359327,-4.9033278860437));
#6215=CARTESIAN_POINT('Ctrl Pts',(30.1944036343259,157.220076976215,-5.07338498444159));
#6216=CARTESIAN_POINT('Ctrl Pts',(31.5606705019052,159.476857051003,-5.26431964060485));
#6217=CARTESIAN_POINT('Ctrl Pts',(33.0131040690705,162.358634699818,-5.53167112466778));
#6218=CARTESIAN_POINT('Ctrl Pts',(33.3485454328976,163.261221366449,-5.62427457183926));
#6219=CARTESIAN_POINT('Ctrl Pts',(33.4088250632938,164.172348384523,-5.72007931171603));
#6220=CARTESIAN_POINT('Ctrl Pts',(33.3900852683469,164.388384567356,-5.74316235200638));
#6221=CARTESIAN_POINT('Ctrl Pts',(33.2773434419634,164.741695757195,-5.78132954039127));
#6222=CARTESIAN_POINT('Ctrl Pts',(33.1995577219494,164.883043562248,-5.79676251774114));
#6223=CARTESIAN_POINT('Ctrl Pts',(32.9779832325361,165.142706479438,-5.82530473426921));
#6224=CARTESIAN_POINT('Ctrl Pts',(32.8383497285858,165.249924166733,-5.83720209326287));
#6225=CARTESIAN_POINT('Ctrl Pts',(32.4602085610736,165.46841152247,-5.86153827426758));
#6226=CARTESIAN_POINT('Ctrl Pts',(32.1800860823374,165.571777364219,-5.87315862263603));
#6227=CARTESIAN_POINT('Ctrl Pts',(31.1512523791997,165.823165588569,-5.90151388828752));
#6228=CARTESIAN_POINT('Ctrl Pts',(30.2414903315112,165.897521683571,-5.91003005699965));
#6229=CARTESIAN_POINT('Ctrl Pts',(28.1164753402895,165.97176709695,-5.91849741918103));
#6230=CARTESIAN_POINT('Ctrl Pts',(26.8357910970808,165.971766747022,-5.91850048637589));
#6231=CARTESIAN_POINT('Ctrl Pts',(25.3319740446471,165.971766747022,-5.91850048637589));
#6232=CARTESIAN_POINT('',(28.5836639372252,154.546594359327,0.));
#6233=CARTESIAN_POINT('Ctrl Pts',(18.6885690855406,145.0275753896,-60.));
#6234=CARTESIAN_POINT('Ctrl Pts',(18.6885690855406,145.0275753896,60.));
#6235=CARTESIAN_POINT('Ctrl Pts',(21.7001375883482,143.121421971631,-60.));
#6236=CARTESIAN_POINT('Ctrl Pts',(21.7001375883482,143.121421971631,60.));
#6237=CARTESIAN_POINT('Ctrl Pts',(21.7001375883482,143.121421971631,-60.));
#6238=CARTESIAN_POINT('Ctrl Pts',(21.7001375883482,143.121421971631,60.));
#6239=CARTESIAN_POINT('Ctrl Pts',(28.5836639372252,154.546594359327,-60.));
#6240=CARTESIAN_POINT('Ctrl Pts',(28.5836639372252,154.546594359327,60.));
#6241=CARTESIAN_POINT('Ctrl Pts',(28.5836639372252,154.546594359327,20.4569999938732));
#6242=CARTESIAN_POINT('Ctrl Pts',(26.0523370504593,150.345136474935,20.1846394825481));
#6243=CARTESIAN_POINT('Ctrl Pts',(23.9987522408254,146.834017677721,20.0843863213692));
#6244=CARTESIAN_POINT('Ctrl Pts',(22.5881621823478,145.215665704666,20.0470216501644));
#6245=CARTESIAN_POINT('Ctrl Pts',(21.9350184162939,144.46632219687,20.0297207327779));
#6246=CARTESIAN_POINT('Ctrl Pts',(21.4680623022515,144.131381038252,20.0246061398263));
#6247=CARTESIAN_POINT('Ctrl Pts',(20.8994115308019,144.08658101893,20.0237974909463));
#6248=CARTESIAN_POINT('Ctrl Pts',(20.4871591704008,144.054102537165,20.0232112481657));
#6249=CARTESIAN_POINT('Ctrl Pts',(20.1135544555443,144.194361850011,20.025628615439));
#6250=CARTESIAN_POINT('Ctrl Pts',(19.650577519611,144.445103509817,20.0305556212142));
#6251=CARTESIAN_POINT('Ctrl Pts',(19.3729524289067,144.595461272039,20.0335101105615));
#6252=CARTESIAN_POINT('Ctrl Pts',(19.0616927741643,144.791409088308,20.0375035381063));
#6253=CARTESIAN_POINT('Ctrl Pts',(18.6885690855406,145.0275753896,20.0427579407204));
#6254=CARTESIAN_POINT('Ctrl Pts',(18.6885690855406,145.0275753896,-4.49684489699287));
#6255=CARTESIAN_POINT('Ctrl Pts',(19.2044849952885,144.701029646465,-4.48971550449481));
#6256=CARTESIAN_POINT('Ctrl Pts',(19.9043766506204,144.21078900368,-4.48044784365734));
#6257=CARTESIAN_POINT('Ctrl Pts',(20.7283691901711,144.071865974359,-4.47797647936625));
#6258=CARTESIAN_POINT('Ctrl Pts',(20.9147292243778,144.074428596062,-4.47801980252932));
#6259=CARTESIAN_POINT('Ctrl Pts',(21.2831865350122,144.159805378969,-4.47954387437555));
#6260=CARTESIAN_POINT('Ctrl Pts',(21.465743156083,144.238824919693,-4.48095316278382));
#6261=CARTESIAN_POINT('Ctrl Pts',(21.9232771209108,144.532251953737,-4.48650423857301));
#6262=CARTESIAN_POINT('Ctrl Pts',(22.2058055536615,144.786411518917,-4.49143262870379));
#6263=CARTESIAN_POINT('Ctrl Pts',(23.8947105107831,146.678477643692,-4.53367630766215));
#6264=CARTESIAN_POINT('Ctrl Pts',(25.9167660736317,150.120117828602,-4.62176489768296));
#6265=CARTESIAN_POINT('Ctrl Pts',(28.5836639372252,154.546594359327,-4.90332788604371));
#6266=CARTESIAN_POINT('Origin',(17.199472583895,118.906709174102,0.));
#6267=CARTESIAN_POINT('',(23.4261415373228,124.51867839253,20.5249926123545));
#6268=CARTESIAN_POINT('',(17.199472583895,118.906709174102,20.985178691502));
#6269=CARTESIAN_POINT('Origin',(40.6467856608189,140.039292297875,244.247953868861));
#6270=CARTESIAN_POINT('',(23.4261415373228,124.51867839253,-4.97004428345111));
#6271=CARTESIAN_POINT('',(23.4261415373228,124.51867839253,0.));
#6272=CARTESIAN_POINT('',(17.199472583895,118.906709174102,-5.42157281138455));
#6273=CARTESIAN_POINT('Origin',(40.6467856608189,140.039292297875,-232.973900914913));
#6274=CARTESIAN_POINT('',(17.199472583895,118.906709174102,0.));
#6275=CARTESIAN_POINT('Origin',(17.027425283007,122.217728299623,0.));
#6276=CARTESIAN_POINT('',(13.7493635923766,121.720979393506,20.7366739259535));
#6277=CARTESIAN_POINT('Ctrl Pts',(17.199472583895,118.906709174102,20.985178691502));
#6278=CARTESIAN_POINT('Ctrl Pts',(17.1417133287669,118.903707885505,20.9854627737038));
#6279=CARTESIAN_POINT('Ctrl Pts',(17.0843090680921,118.902242223147,20.9856015487317));
#6280=CARTESIAN_POINT('Ctrl Pts',(16.6111685736798,118.902242223147,20.9856015487317));
#6281=CARTESIAN_POINT('Ctrl Pts',(16.1673034567755,118.985431629763,20.9776768553314));
#6282=CARTESIAN_POINT('Ctrl Pts',(15.3510784472359,119.323352265649,20.9460696956788));
#6283=CARTESIAN_POINT('Ctrl Pts',(14.9787111412475,119.57807198107,20.9224556130602));
#6284=CARTESIAN_POINT('Ctrl Pts',(14.3896437604193,120.166270386573,20.8693439022993));
#6285=CARTESIAN_POINT('Ctrl Pts',(14.1340778031016,120.539411706795,20.83628054093));
#6286=CARTESIAN_POINT('Ctrl Pts',(13.8613481490847,121.197345129739,20.7800670569885));
#6287=CARTESIAN_POINT('Ctrl Pts',(13.7889696555384,121.459617734187,20.7580943422199));
#6288=CARTESIAN_POINT('Ctrl Pts',(13.7493635923765,121.720979393506,20.7366739259535));
#6289=CARTESIAN_POINT('',(13.7493635923766,121.720979393506,-5.17774750762503));
#6290=CARTESIAN_POINT('Ctrl Pts',(13.7493635923765,121.720979393506,-5.17774750762507));
#6291=CARTESIAN_POINT('Ctrl Pts',(13.7889681576405,121.459627618863,-5.1987642083657));
#6292=CARTESIAN_POINT('Ctrl Pts',(13.8613427233575,121.197365179549,-5.22032264417129));
#6293=CARTESIAN_POINT('Ctrl Pts',(14.1340560939094,120.539452662952,-5.27547630985334));
#6294=CARTESIAN_POINT('Ctrl Pts',(14.3896069687166,120.166323291114,-5.30791595974667));
#6295=CARTESIAN_POINT('Ctrl Pts',(14.9786620605121,119.578104886607,-5.36002885182766));
#6296=CARTESIAN_POINT('Ctrl Pts',(15.3510461694639,119.32336880216,-5.38319943677068));
#6297=CARTESIAN_POINT('Ctrl Pts',(16.1672950689948,118.985431929122,-5.4142123732381));
#6298=CARTESIAN_POINT('Ctrl Pts',(16.6111669931502,118.902242223147,-5.42198769738484));
#6299=CARTESIAN_POINT('Ctrl Pts',(17.0843089768692,118.902242223147,-5.42198769738484));
#6300=CARTESIAN_POINT('Ctrl Pts',(17.1417132361735,118.903707880694,-5.42185153884455));
#6301=CARTESIAN_POINT('Ctrl Pts',(17.199472583895,118.906709174102,-5.42157281138454));
#6302=CARTESIAN_POINT('',(13.7493635923766,121.720979393506,0.));
#6303=CARTESIAN_POINT('Ctrl Pts',(18.447533798065,131.590289772535,-60.));
#6304=CARTESIAN_POINT('Ctrl Pts',(18.447533798065,131.590289772535,60.));
#6305=CARTESIAN_POINT('Ctrl Pts',(13.0153188627623,126.756615047193,-60.));
#6306=CARTESIAN_POINT('Ctrl Pts',(13.0153188627623,126.756615047193,60.));
#6307=CARTESIAN_POINT('Ctrl Pts',(13.0153188627623,126.756615047193,-60.));
#6308=CARTESIAN_POINT('Ctrl Pts',(13.0153188627623,126.756615047193,60.));
#6309=CARTESIAN_POINT('Ctrl Pts',(13.7493635923766,121.720979393506,-60.));
#6310=CARTESIAN_POINT('Ctrl Pts',(13.7493635923766,121.720979393506,60.));
#6311=CARTESIAN_POINT('',(18.447533798065,131.590289772535,20.1464875512443));
#6312=CARTESIAN_POINT('Ctrl Pts',(13.7493635923766,121.720979393506,20.7366739259535));
#6313=CARTESIAN_POINT('Ctrl Pts',(13.5340289529995,123.198201071933,20.6156052758995));
#6314=CARTESIAN_POINT('Ctrl Pts',(13.3292796243898,124.454246626774,20.5271533290847));
#6315=CARTESIAN_POINT('Ctrl Pts',(13.4934044836348,126.005899933689,20.4261397246852));
#6316=CARTESIAN_POINT('Ctrl Pts',(13.6364547363109,126.472946222439,20.3974900851759));
#6317=CARTESIAN_POINT('Ctrl Pts',(14.1689553424093,127.442852325009,20.3407591421443));
#6318=CARTESIAN_POINT('Ctrl Pts',(14.5709281867749,127.94499165376,20.312854312903));
#6319=CARTESIAN_POINT('Ctrl Pts',(15.9690945757763,129.394060636159,20.2384156358433));
#6320=CARTESIAN_POINT('Ctrl Pts',(17.1436859273319,130.430104365014,20.1902284941264));
#6321=CARTESIAN_POINT('Ctrl Pts',(18.4475337980651,131.590289772535,20.1464875512443));
#6322=CARTESIAN_POINT('',(18.447533798065,131.590289772535,-4.59863419115891));
#6323=CARTESIAN_POINT('Ctrl Pts',(18.447533798065,131.590289772535,-4.59863419115896));
#6324=CARTESIAN_POINT('Ctrl Pts',(17.2219454637078,130.499740995284,-4.63898028250756));
#6325=CARTESIAN_POINT('Ctrl Pts',(16.1231979816237,129.528225942877,-4.68280387085097));
#6326=CARTESIAN_POINT('Ctrl Pts',(14.6025871315884,127.995535937214,-4.75883111874411));
#6327=CARTESIAN_POINT('Ctrl Pts',(14.1041867744998,127.386920097593,-4.79204018568614));
#6328=CARTESIAN_POINT('Ctrl Pts',(13.5720898131139,126.290749981411,-4.85584945566939));
#6329=CARTESIAN_POINT('Ctrl Pts',(13.456631163782,125.820781118375,-4.88450127164036));
#6330=CARTESIAN_POINT('Ctrl Pts',(13.3558325057665,124.315222993217,-4.98192941909504));
#6331=CARTESIAN_POINT('Ctrl Pts',(13.5453979900739,123.120208102117,-5.06522800751181));
#6332=CARTESIAN_POINT('Ctrl Pts',(13.7493635923766,121.720979393506,-5.17774750762507));
#6333=CARTESIAN_POINT('',(18.447533798065,131.590289772535,0.));
#6334=CARTESIAN_POINT('Ctrl Pts',(28.1243152311705,134.387992259717,-60.));
#6335=CARTESIAN_POINT('Ctrl Pts',(28.1243152311705,134.387992259717,60.));
#6336=CARTESIAN_POINT('Ctrl Pts',(23.8797522215269,136.423964497876,-60.));
#6337=CARTESIAN_POINT('Ctrl Pts',(23.8797522215269,136.423964497876,60.));
#6338=CARTESIAN_POINT('Ctrl Pts',(23.8797522215269,136.423964497876,-60.));
#6339=CARTESIAN_POINT('Ctrl Pts',(23.8797522215269,136.423964497876,60.));
#6340=CARTESIAN_POINT('Ctrl Pts',(18.447533798065,131.590289772535,-60.));
#6341=CARTESIAN_POINT('Ctrl Pts',(18.447533798065,131.590289772535,60.));
#6342=CARTESIAN_POINT('',(28.1243152311705,134.387992259717,20.0584901171988));
#6343=CARTESIAN_POINT('Ctrl Pts',(18.447533798065,131.590289772535,20.1464875512443));
#6344=CARTESIAN_POINT('Ctrl Pts',(20.4751199031333,133.394468276697,20.0784669845416));
#6345=CARTESIAN_POINT('Ctrl Pts',(22.0497030481943,134.863809989473,20.0463244303544));
#6346=CARTESIAN_POINT('Ctrl Pts',(23.7093319726465,135.585239100643,20.0314437343866));
#6347=CARTESIAN_POINT('Ctrl Pts',(24.0750528493385,135.66913818132,20.0298577309674));
#6348=CARTESIAN_POINT('Ctrl Pts',(24.8122883836017,135.68038744307,20.0296387653418));
#6349=CARTESIAN_POINT('Ctrl Pts',(25.1749199954934,135.615428426039,20.030877942223));
#6350=CARTESIAN_POINT('Ctrl Pts',(26.2832366198074,135.275618037294,20.0377672739975));
#6351=CARTESIAN_POINT('Ctrl Pts',(27.117962235448,134.870705499319,20.0463220281918));
#6352=CARTESIAN_POINT('Ctrl Pts',(28.1243152311705,134.387992259717,20.0584901171989));
#6353=CARTESIAN_POINT('',(28.1243152311705,134.387992259717,-4.5122829072097));
#6354=CARTESIAN_POINT('Ctrl Pts',(28.1243152311705,134.387992259717,-4.51228290720973));
#6355=CARTESIAN_POINT('Ctrl Pts',(27.0622654668097,134.897421341314,-4.49968150565541));
#6356=CARTESIAN_POINT('Ctrl Pts',(26.1697798394307,135.333456722714,-4.49075918349575));
#6357=CARTESIAN_POINT('Ctrl Pts',(24.9760516252613,135.658976939357,-4.48434974435489));
#6358=CARTESIAN_POINT('Ctrl Pts',(24.5827980356327,135.703306815865,-4.48353040547543));
#6359=CARTESIAN_POINT('Ctrl Pts',(23.8433590580312,135.617942274939,-4.48516742616557));
#6360=CARTESIAN_POINT('Ctrl Pts',(23.5002152643186,135.51062697701,-4.48719885401427));
#6361=CARTESIAN_POINT('Ctrl Pts',(22.5649506606619,135.04896465996,-4.49672030145355));
#6362=CARTESIAN_POINT('Ctrl Pts',(21.9522522738167,134.604104669486,-4.50629414997728));
#6363=CARTESIAN_POINT('Ctrl Pts',(20.4619481752725,133.384639458276,-4.53842066143584));
#6364=CARTESIAN_POINT('Ctrl Pts',(19.5362603220007,132.559056024427,-4.56279358273351));
#6365=CARTESIAN_POINT('Ctrl Pts',(18.4475337980651,131.590289772535,-4.59863419115895));
#6366=CARTESIAN_POINT('',(28.1243152311705,134.387992259717,0.));
#6367=CARTESIAN_POINT('Ctrl Pts',(23.4261415373228,124.51867839253,-60.));
#6368=CARTESIAN_POINT('Ctrl Pts',(23.4261415373228,124.51867839253,60.));
#6369=CARTESIAN_POINT('Ctrl Pts',(32.3688782408141,132.352016533399,-60.));
#6370=CARTESIAN_POINT('Ctrl Pts',(32.3688782408141,132.352016533399,60.));
#6371=CARTESIAN_POINT('Ctrl Pts',(32.3688782408141,132.352016533399,-60.));
#6372=CARTESIAN_POINT('Ctrl Pts',(32.3688782408141,132.352016533399,60.));
#6373=CARTESIAN_POINT('Ctrl Pts',(28.1243152311705,134.387992259717,-60.));
#6374=CARTESIAN_POINT('Ctrl Pts',(28.1243152311705,134.387992259717,60.));
#6375=CARTESIAN_POINT('Ctrl Pts',(28.1243152311705,134.387992259717,20.0584901171989));
#6376=CARTESIAN_POINT('Ctrl Pts',(29.6284974045187,133.666486091488,20.0766776259596));
#6377=CARTESIAN_POINT('Ctrl Pts',(30.1337769172843,133.36094723715,20.0865681925722));
#6378=CARTESIAN_POINT('Ctrl Pts',(30.582711841068,132.959597808772,20.0990136082879));
#6379=CARTESIAN_POINT('Ctrl Pts',(30.6930634817782,132.828143903471,20.1031981492051));
#6380=CARTESIAN_POINT('Ctrl Pts',(30.8271913137309,132.577858729586,20.1114056066526));
#6381=CARTESIAN_POINT('Ctrl Pts',(30.864349585242,132.460676772663,20.1153295931456));
#6382=CARTESIAN_POINT('Ctrl Pts',(30.8889944700669,132.205391131399,20.1241049718158));
#6383=CARTESIAN_POINT('Ctrl Pts',(30.8739317674537,132.076586669433,20.1286463712914));
#6384=CARTESIAN_POINT('Ctrl Pts',(30.7947910312867,131.77191024431,20.1396423040629));
#6385=CARTESIAN_POINT('Ctrl Pts',(30.7072623750029,131.577823934467,20.1468540271411));
#6386=CARTESIAN_POINT('Ctrl Pts',(30.3317182256314,130.962045584537,20.1706974724721));
#6387=CARTESIAN_POINT('Ctrl Pts',(29.9368566491659,130.489306357519,20.1899502358962));
#6388=CARTESIAN_POINT('Ctrl Pts',(28.1079601841863,128.60814347677,20.2750195848995));
#6389=CARTESIAN_POINT('Ctrl Pts',(25.9977482176222,126.771262289385,20.3687212812576));
#6390=CARTESIAN_POINT('Ctrl Pts',(23.4261415373229,124.51867839253,20.5249926123545));
#6391=CARTESIAN_POINT('Ctrl Pts',(23.4261415373228,124.51867839253,-4.97004428345115));
#6392=CARTESIAN_POINT('Ctrl Pts',(27.0207820234245,127.667382794338,-4.75570656985048));
#6393=CARTESIAN_POINT('Ctrl Pts',(29.9532193514301,130.17641585434,-4.65132532302514));
#6394=CARTESIAN_POINT('Ctrl Pts',(30.7795933049719,131.73369119,-4.593280365161));
#6395=CARTESIAN_POINT('Ctrl Pts',(30.8451024249258,131.919551425719,-4.58662594900932));
#6396=CARTESIAN_POINT('Ctrl Pts',(30.8882936310939,132.220404924161,-4.57615610125258));
#6397=CARTESIAN_POINT('Ctrl Pts',(30.8845204589114,132.348389859379,-4.57181208818937));
#6398=CARTESIAN_POINT('Ctrl Pts',(30.8212884209949,132.593655108625,-4.56368954271164));
#6399=CARTESIAN_POINT('Ctrl Pts',(30.76777132758,132.701950936363,-4.56019377049399));
#6400=CARTESIAN_POINT('Ctrl Pts',(30.601965341619,132.940223926501,-4.55264458182746));
#6401=CARTESIAN_POINT('Ctrl Pts',(30.4724648502021,133.067457438039,-4.54873489211556));
#6402=CARTESIAN_POINT('Ctrl Pts',(30.0064999271576,133.435902888597,-4.53768616198934));
#6403=CARTESIAN_POINT('Ctrl Pts',(29.5180261136084,133.719475496106,-4.52881955281633));
#6404=CARTESIAN_POINT('Ctrl Pts',(28.1243152311705,134.387992259717,-4.51228290720973));
#6405=CARTESIAN_POINT('Ctrl Pts',(9.96437601913436,130.506605919385,-60.));
#6406=CARTESIAN_POINT('Ctrl Pts',(9.96437601913436,130.506605919385,60.));
#6407=CARTESIAN_POINT('Ctrl Pts',(11.6839390821837,128.937903996778,-60.));
#6408=CARTESIAN_POINT('Ctrl Pts',(11.6839390821837,128.937903996778,60.));
#6409=CARTESIAN_POINT('Ctrl Pts',(11.6839390821837,128.937903996778,-60.));
#6410=CARTESIAN_POINT('Ctrl Pts',(11.6839390821837,128.937903996778,60.));
#6411=CARTESIAN_POINT('Ctrl Pts',(16.9136855619811,133.591418788648,-60.));
#6412=CARTESIAN_POINT('Ctrl Pts',(16.9136855619811,133.591418788648,60.));
#6413=CARTESIAN_POINT('',(16.9136855619811,133.591418788648,20.0799860933822));
#6414=CARTESIAN_POINT('',(9.96437601913436,130.506605919385,20.1899686512204));
#6415=CARTESIAN_POINT('Ctrl Pts',(16.9136855619811,133.591418788648,20.0799860933822));
#6416=CARTESIAN_POINT('Ctrl Pts',(16.7423469407269,133.438958853639,20.0843713870792));
#6417=CARTESIAN_POINT('Ctrl Pts',(16.5750233032237,133.2900705175,20.0888048330548));
#6418=CARTESIAN_POINT('Ctrl Pts',(16.4118505471199,133.144989705624,20.0932602849164));
#6419=CARTESIAN_POINT('Ctrl Pts',(16.2484334829681,132.999691673601,20.0977224076388));
#6420=CARTESIAN_POINT('Ctrl Pts',(16.0891797199651,132.858212599678,20.1022066021924));
#6421=CARTESIAN_POINT('Ctrl Pts',(15.9341813780321,132.720761655397,20.1066866045668));
#6422=CARTESIAN_POINT('Ctrl Pts',(15.7787560095987,132.582932028383,20.1111789495231));
#6423=CARTESIAN_POINT('Ctrl Pts',(15.6276095114241,132.449152776066,20.1156670791691));
#6424=CARTESIAN_POINT('Ctrl Pts',(15.4807905288527,132.319606524003,20.1201245118205));
#6425=CARTESIAN_POINT('Ctrl Pts',(15.3271825023213,132.184069934828,20.1247880602322));
#6426=CARTESIAN_POINT('Ctrl Pts',(15.1783117518186,132.053167111903,20.1294180070981));
#6427=CARTESIAN_POINT('Ctrl Pts',(15.0341831753848,131.927074008479,20.1339840246327));
#6428=CARTESIAN_POINT('Ctrl Pts',(14.8946969523355,131.805042339366,20.1384029716315));
#6429=CARTESIAN_POINT('Ctrl Pts',(14.7596519832294,131.6875153558,20.1427620412767));
#6430=CARTESIAN_POINT('Ctrl Pts',(14.6290076943911,131.574622434099,20.1470337429597));
#6431=CARTESIAN_POINT('Ctrl Pts',(14.4918412887819,131.456093591957,20.1515186995614));
#6432=CARTESIAN_POINT('Ctrl Pts',(14.3595261817605,131.342673294749,20.1559073471651));
#6433=CARTESIAN_POINT('Ctrl Pts',(14.231964831994,131.234476524721,20.1601678689822));
#6434=CARTESIAN_POINT('Ctrl Pts',(14.1044034822275,131.126279754693,20.1644283907994));
#6435=CARTESIAN_POINT('Ctrl Pts',(13.9815957173791,131.023306464735,20.1685607868299));
#6436=CARTESIAN_POINT('Ctrl Pts',(13.8633945547348,130.925636636943,20.1725332402854));
#6437=CARTESIAN_POINT('Ctrl Pts',(13.6821486170913,130.775872801108,20.1786244752207));
#6438=CARTESIAN_POINT('Ctrl Pts',(13.5133442892853,130.639909659643,20.1842860969406));
#6439=CARTESIAN_POINT('Ctrl Pts',(13.355436458953,130.517019784953,20.1894966572869));
#6440=CARTESIAN_POINT('Ctrl Pts',(13.191236468141,130.38923311185,20.1949148430678));
#6441=CARTESIAN_POINT('Ctrl Pts',(13.0388191925514,130.27558239392,20.1998453043597));
#6442=CARTESIAN_POINT('Ctrl Pts',(12.8964867726724,130.175293622847,20.2042639255449));
#6443=CARTESIAN_POINT('Ctrl Pts',(12.7434036081583,130.067429775285,20.2090162968908));
#6444=CARTESIAN_POINT('Ctrl Pts',(12.6019869539842,129.975022512375,20.2131765867118));
#6445=CARTESIAN_POINT('Ctrl Pts',(12.4701601405618,129.897159441384,20.2167147916969));
#6446=CARTESIAN_POINT('Ctrl Pts',(12.3969236561112,129.853902554262,20.2186804441135));
#6447=CARTESIAN_POINT('Ctrl Pts',(12.3266475107556,129.815135427488,20.2204540983624));
#6448=CARTESIAN_POINT('Ctrl Pts',(12.2589785635631,129.780707727696,20.2220306099764));
#6449=CARTESIAN_POINT('Ctrl Pts',(12.1757562679616,129.738367003807,20.2239694744188));
#6450=CARTESIAN_POINT('Ctrl Pts',(12.0967200189749,129.702711700854,20.2256128388898));
#6451=CARTESIAN_POINT('Ctrl Pts',(12.0211251263965,129.673351345853,20.2269710262103));
#6452=CARTESIAN_POINT('Ctrl Pts',(11.9414422304702,129.642403248275,20.2284026612746));
#6453=CARTESIAN_POINT('Ctrl Pts',(11.8655833327075,129.618449268751,20.2295174417252));
#6454=CARTESIAN_POINT('Ctrl Pts',(11.7927131945682,129.601078495164,20.230327457285));
#6455=CARTESIAN_POINT('Ctrl Pts',(11.7447206161815,129.589638030876,20.2308609369275));
#6456=CARTESIAN_POINT('Ctrl Pts',(11.6980251968444,129.581054059467,20.2312622219094));
#6457=CARTESIAN_POINT('Ctrl Pts',(11.6523949856228,129.575219395896,20.2315347659721));
#6458=CARTESIAN_POINT('Ctrl Pts',(11.6003464785221,129.568564034893,20.2318456457862));
#6459=CARTESIAN_POINT('Ctrl Pts',(11.5489084218122,129.565387324438,20.2319934355884));
#6460=CARTESIAN_POINT('Ctrl Pts',(11.4978387876578,129.565854904159,20.2319712163534));
#6461=CARTESIAN_POINT('Ctrl Pts',(11.4486548703142,129.566305218767,20.2319498175508));
#6462=CARTESIAN_POINT('Ctrl Pts',(11.3998127572373,129.570135761249,20.2317707328899));
#6463=CARTESIAN_POINT('Ctrl Pts',(11.3510491622878,129.577488686282,20.2314277818359));
#6464=CARTESIAN_POINT('Ctrl Pts',(11.3093187167914,129.583781102533,20.2311342944448));
#6465=CARTESIAN_POINT('Ctrl Pts',(11.2676451601355,129.592653067781,20.2307208006265));
#6466=CARTESIAN_POINT('Ctrl Pts',(11.2258334004316,129.604189250662,20.2301834269311));
#6467=CARTESIAN_POINT('Ctrl Pts',(11.1637827785133,129.621309489738,20.2293859390417));
#6468=CARTESIAN_POINT('Ctrl Pts',(11.1028059420114,129.643911134256,20.228334962874));
#6469=CARTESIAN_POINT('Ctrl Pts',(11.0421479695168,129.671528641373,20.2270568319991));
#6470=CARTESIAN_POINT('Ctrl Pts',(10.9796445128361,129.699986395378,20.2257398147219));
#6471=CARTESIAN_POINT('Ctrl Pts',(10.9174797793016,129.733769883867,20.224181610368));
#6472=CARTESIAN_POINT('Ctrl Pts',(10.8548712716432,129.772403753851,20.2224110299283));
#6473=CARTESIAN_POINT('Ctrl Pts',(10.840290106917,129.781401362057,20.2219986718317));
#6474=CARTESIAN_POINT('Ctrl Pts',(10.8256850464625,129.79066219426,20.2215747945079));
#6475=CARTESIAN_POINT('Ctrl Pts',(10.8110465147204,129.800180497293,20.2211397619012));
#6476=CARTESIAN_POINT('Ctrl Pts',(10.711568660461,129.864863238611,20.2181834469504));
#6477=CARTESIAN_POINT('Ctrl Pts',(10.6098850181597,129.941867547898,20.2146899152973));
#6478=CARTESIAN_POINT('Ctrl Pts',(10.5030606605866,130.029788543788,20.210761534716));
#6479=CARTESIAN_POINT('Ctrl Pts',(10.405179514728,130.110348895549,20.2071620336153));
#6480=CARTESIAN_POINT('Ctrl Pts',(10.302981448368,130.200073569187,20.2031974458968));
#6481=CARTESIAN_POINT('Ctrl Pts',(10.1942436866249,130.297858398863,20.1989465213725));
#6482=CARTESIAN_POINT('Ctrl Pts',(10.1208253705282,130.363881438325,20.196076352671));
#6483=CARTESIAN_POINT('Ctrl Pts',(10.0444264754189,130.433578469926,20.1930756494916));
#6484=CARTESIAN_POINT('Ctrl Pts',(9.96437601913436,130.506605919385,20.1899686512204));
#6485=CARTESIAN_POINT('',(16.9136855619811,133.591418788648,-4.53337687850646));
#6486=CARTESIAN_POINT('',(16.9136855619811,133.591418788648,0.));
#6487=CARTESIAN_POINT('',(9.96437601913437,130.506605919385,-4.64130143505689));
#6488=CARTESIAN_POINT('Ctrl Pts',(9.96437601913436,130.506605919385,-4.64130143505692));
#6489=CARTESIAN_POINT('Ctrl Pts',(10.3913084898076,130.117129195931,-4.65756174770988));
#6490=CARTESIAN_POINT('Ctrl Pts',(10.7152010030439,129.820977698108,-4.67090869013351));
#6491=CARTESIAN_POINT('Ctrl Pts',(11.1772103562135,129.609788486026,-4.68049874378053));
#6492=CARTESIAN_POINT('Ctrl Pts',(11.317035187431,129.572187317595,-4.68222818028858));
#6493=CARTESIAN_POINT('Ctrl Pts',(11.6046716187054,129.561437635309,-4.68272131591406));
#6494=CARTESIAN_POINT('Ctrl Pts',(11.7492503279839,129.582635974787,-4.68174375361235));
#6495=CARTESIAN_POINT('Ctrl Pts',(12.1267750000533,129.703068408072,-4.67625435120072));
#6496=CARTESIAN_POINT('Ctrl Pts',(12.3720801182556,129.828102119824,-4.67056061270343));
#6497=CARTESIAN_POINT('Ctrl Pts',(13.0981371183377,130.299378261373,-4.64987144727715));
#6498=CARTESIAN_POINT('Ctrl Pts',(13.6297533958675,130.721186983203,-4.63169646139841));
#6499=CARTESIAN_POINT('Ctrl Pts',(15.1109019580172,131.983240237319,-4.58342647686853));
#6500=CARTESIAN_POINT('Ctrl Pts',(15.9611134224183,132.743804366247,-4.55730131399489));
#6501=CARTESIAN_POINT('Ctrl Pts',(16.913685561981,133.591418788648,-4.53337687850651));
#6502=CARTESIAN_POINT('',(9.96437601913436,130.506605919385,0.));
#6503=CARTESIAN_POINT('Ctrl Pts',(11.6844745146178,138.191498470044,-60.));
#6504=CARTESIAN_POINT('Ctrl Pts',(11.6844745146178,138.191498470044,60.));
#6505=CARTESIAN_POINT('Ctrl Pts',(8.24481295608505,132.075307841993,-60.));
#6506=CARTESIAN_POINT('Ctrl Pts',(8.24481295608505,132.075307841993,60.));
#6507=CARTESIAN_POINT('Ctrl Pts',(8.24481295608505,132.075307841993,-60.));
#6508=CARTESIAN_POINT('Ctrl Pts',(8.24481295608505,132.075307841993,60.));
#6509=CARTESIAN_POINT('Ctrl Pts',(9.96437601913436,130.506605919385,-60.));
#6510=CARTESIAN_POINT('Ctrl Pts',(9.96437601913436,130.506605919385,60.));
#6511=CARTESIAN_POINT('',(11.6844745146178,138.191498470044,19.994885869003));
#6512=CARTESIAN_POINT('Ctrl Pts',(9.96437601913437,130.506605919385,20.1899686512204));
#6513=CARTESIAN_POINT('Ctrl Pts',(9.56105169610287,130.874545691162,20.1743144247169));
#6514=CARTESIAN_POINT('Ctrl Pts',(9.21966494737019,131.18014160139,20.1620849431769));
#6515=CARTESIAN_POINT('Ctrl Pts',(8.93304428496462,131.661980261671,20.1437439432955));
#6516=CARTESIAN_POINT('Ctrl Pts',(8.87370332719934,131.819717668623,20.1378860779516));
#6517=CARTESIAN_POINT('Ctrl Pts',(8.82480091101319,132.162615301462,20.1255795419549));
#6518=CARTESIAN_POINT('Ctrl Pts',(8.83163471370532,132.346401138463,20.1191569115168));
#6519=CARTESIAN_POINT('Ctrl Pts',(8.93383692553388,132.882841942934,20.1012543549857));
#6520=CARTESIAN_POINT('Ctrl Pts',(9.07322068785464,133.27249313313,20.0888324598401));
#6521=CARTESIAN_POINT('Ctrl Pts',(9.77779284150397,134.815729938426,20.04567884048));
#6522=CARTESIAN_POINT('Ctrl Pts',(10.6428175628061,136.339289356473,20.0101476471291));
#6523=CARTESIAN_POINT('Ctrl Pts',(11.6844745146178,138.191498470044,19.994885869003));
#6524=CARTESIAN_POINT('',(11.6844745146178,138.191498470044,-4.44986770879954));
#6525=CARTESIAN_POINT('Ctrl Pts',(11.6844745146178,138.191498470044,-4.44986770879957));
#6526=CARTESIAN_POINT('Ctrl Pts',(10.3943812998235,135.897535562541,-4.46841617585701));
#6527=CARTESIAN_POINT('Ctrl Pts',(9.30025427627759,134.038539732222,-4.51825348690942));
#6528=CARTESIAN_POINT('Ctrl Pts',(8.95206282067405,132.879894206414,-4.5545691722013));
#6529=CARTESIAN_POINT('Ctrl Pts',(8.68157589850353,131.979819097967,-4.5827804271963));
#6530=CARTESIAN_POINT('Ctrl Pts',(8.90943403868563,131.532412929073,-4.60014801198265));
#6531=CARTESIAN_POINT('Ctrl Pts',(9.44481244327681,130.994395637077,-4.62145853862816));
#6532=CARTESIAN_POINT('Ctrl Pts',(9.59861407185479,130.839835918189,-4.62758055191041));
#6533=CARTESIAN_POINT('Ctrl Pts',(9.77439882923069,130.679915982539,-4.63406589145939));
#6534=CARTESIAN_POINT('Ctrl Pts',(9.96437601913437,130.506605919385,-4.64130143505694));
#6535=CARTESIAN_POINT('',(11.6844745146178,138.191498470044,0.));
#6536=CARTESIAN_POINT('Ctrl Pts',(18.1232989378355,142.409387526441,-60.));
#6537=CARTESIAN_POINT('Ctrl Pts',(18.1232989378355,142.409387526441,60.));
#6538=CARTESIAN_POINT('Ctrl Pts',(15.1241343290709,144.307689098096,-60.));
#6539=CARTESIAN_POINT('Ctrl Pts',(15.1241343290709,144.307689098096,60.));
#6540=CARTESIAN_POINT('Ctrl Pts',(15.1241343290709,144.307689098096,-60.));
#6541=CARTESIAN_POINT('Ctrl Pts',(15.1241343290709,144.307689098096,60.));
#6542=CARTESIAN_POINT('Ctrl Pts',(11.6844745146178,138.191498470044,-60.));
#6543=CARTESIAN_POINT('Ctrl Pts',(11.6844745146178,138.191498470044,60.));
#6544=CARTESIAN_POINT('',(18.1232989378355,142.409387526441,19.9997978051229));
#6545=CARTESIAN_POINT('Ctrl Pts',(11.6844745146177,138.191498470044,19.994885869003));
#6546=CARTESIAN_POINT('Ctrl Pts',(12.9345977882196,140.414390460056,19.9765697490243));
#6547=CARTESIAN_POINT('Ctrl Pts',(13.8717896277313,142.131396270037,19.9955747647899));
#6548=CARTESIAN_POINT('Ctrl Pts',(14.8394338153698,143.14640619344,20.0087035206513));
#6549=CARTESIAN_POINT('Ctrl Pts',(15.0249879565753,143.293186912674,20.0108604496963));
#6550=CARTESIAN_POINT('Ctrl Pts',(15.3542321234937,143.462393063474,20.0133875691836));
#6551=CARTESIAN_POINT('Ctrl Pts',(15.5044526110569,143.508273278066,20.0141045420161));
#6552=CARTESIAN_POINT('Ctrl Pts',(15.826931338632,143.533731255224,20.0144998387004));
#6553=CARTESIAN_POINT('Ctrl Pts',(15.9855000548484,143.512788587583,20.0141711444481));
#6554=CARTESIAN_POINT('Ctrl Pts',(16.3849482712769,143.408445571183,20.0125736757642));
#6555=CARTESIAN_POINT('Ctrl Pts',(16.6501348917004,143.288441487102,20.0107501099799));
#6556=CARTESIAN_POINT('Ctrl Pts',(17.2919749754115,142.935746185761,20.0059012937646));
#6557=CARTESIAN_POINT('Ctrl Pts',(17.673394626793,142.694151509802,20.002807496574));
#6558=CARTESIAN_POINT('Ctrl Pts',(18.1232989378355,142.409387526441,19.9997978051229));
#6559=CARTESIAN_POINT('',(18.1232989378355,142.409387526441,-4.45468784208064));
#6560=CARTESIAN_POINT('Ctrl Pts',(18.1232989378355,142.409387526441,-4.45468784208069));
#6561=CARTESIAN_POINT('Ctrl Pts',(17.3717362769222,142.885084184184,-4.45962154705718));
#6562=CARTESIAN_POINT('Ctrl Pts',(16.8104167400088,143.240163875082,-4.46475054622126));
#6563=CARTESIAN_POINT('Ctrl Pts',(16.1264889435401,143.486669082411,-4.46838812966415));
#6564=CARTESIAN_POINT('Ctrl Pts',(15.9342885513405,143.526298166279,-4.46900187022666));
#6565=CARTESIAN_POINT('Ctrl Pts',(15.5911033606479,143.523331316379,-4.46895661647564));
#6566=CARTESIAN_POINT('Ctrl Pts',(15.4412407836447,143.491036547311,-4.46845790329627));
#6567=CARTESIAN_POINT('Ctrl Pts',(15.1412868207444,143.362425360141,-4.46655042149301));
#6568=CARTESIAN_POINT('Ctrl Pts',(14.9880473720191,143.261401310412,-4.46506984020225));
#6569=CARTESIAN_POINT('Ctrl Pts',(14.5758225459797,142.896296961992,-4.46014633462537));
#6570=CARTESIAN_POINT('Ctrl Pts',(14.3117147939298,142.574275867768,-4.45604453965752));
#6571=CARTESIAN_POINT('Ctrl Pts',(13.3981668253572,141.248462020822,-4.44385766275458));
#6572=CARTESIAN_POINT('Ctrl Pts',(12.6334070963082,139.878831775042,-4.436224311986));
#6573=CARTESIAN_POINT('Ctrl Pts',(11.6844745146178,138.191498470044,-4.44986770879957));
#6574=CARTESIAN_POINT('',(18.1232989378355,142.409387526441,0.));
#6575=CARTESIAN_POINT('Ctrl Pts',(21.6329486662291,139.378009767652,-60.));
#6576=CARTESIAN_POINT('Ctrl Pts',(21.6329486662291,139.378009767652,60.));
#6577=CARTESIAN_POINT('Ctrl Pts',(21.1224635466002,140.511087698865,-60.));
#6578=CARTESIAN_POINT('Ctrl Pts',(21.1224635466002,140.511087698865,60.));
#6579=CARTESIAN_POINT('Ctrl Pts',(21.1224635466002,140.511087698865,-60.));
#6580=CARTESIAN_POINT('Ctrl Pts',(21.1224635466002,140.511087698865,60.));
#6581=CARTESIAN_POINT('Ctrl Pts',(18.1232989378355,142.409387526441,-60.));
#6582=CARTESIAN_POINT('Ctrl Pts',(18.1232989378355,142.409387526441,60.));
#6583=CARTESIAN_POINT('',(21.6329486662291,139.378009767652,19.9882482711002));
#6584=CARTESIAN_POINT('Ctrl Pts',(18.1232989378356,142.409387526441,19.9997978051229));
#6585=CARTESIAN_POINT('Ctrl Pts',(19.3080913251494,141.659481643323,19.9918719947767));
#6586=CARTESIAN_POINT('Ctrl Pts',(20.2885337335692,141.058335396277,19.9891338868723));
#6587=CARTESIAN_POINT('Ctrl Pts',(21.0308710505841,140.417159005202,19.9875115087795));
#6588=CARTESIAN_POINT('Ctrl Pts',(21.1723805648124,140.251624701058,19.9872942671679));
#6589=CARTESIAN_POINT('Ctrl Pts',(21.4182129303485,139.860029743287,19.9872533386474));
#6590=CARTESIAN_POINT('Ctrl Pts',(21.5194739393086,139.629879418461,19.9875055741475));
#6591=CARTESIAN_POINT('Ctrl Pts',(21.6329486662291,139.378009767652,19.9882482711002));
#6592=CARTESIAN_POINT('',(21.6329486662291,139.378009767652,-4.44335415970514));
#6593=CARTESIAN_POINT('Ctrl Pts',(21.632948666229,139.378009767652,-4.44335415970517));
#6594=CARTESIAN_POINT('Ctrl Pts',(21.456085747764,139.770576489104,-4.44221821740543));
#6595=CARTESIAN_POINT('Ctrl Pts',(21.3440724324685,140.108492599986,-4.44206113253444));
#6596=CARTESIAN_POINT('Ctrl Pts',(20.4020689059239,140.997983765304,-4.44387998341388));
#6597=CARTESIAN_POINT('Ctrl Pts',(19.3657308777285,141.622999100017,-4.44653178626286));
#6598=CARTESIAN_POINT('Ctrl Pts',(18.1232989378355,142.409387526441,-4.45468784208069));
#6599=CARTESIAN_POINT('',(21.6329486662291,139.378009767652,0.));
#6600=CARTESIAN_POINT('Ctrl Pts',(16.9136855619811,133.591418788648,-60.));
#6601=CARTESIAN_POINT('Ctrl Pts',(16.9136855619811,133.591418788648,60.));
#6602=CARTESIAN_POINT('Ctrl Pts',(22.143433785858,138.244931836438,-60.));
#6603=CARTESIAN_POINT('Ctrl Pts',(22.143433785858,138.244931836438,60.));
#6604=CARTESIAN_POINT('Ctrl Pts',(22.143433785858,138.244931836438,-60.));
#6605=CARTESIAN_POINT('Ctrl Pts',(22.143433785858,138.244931836438,60.));
#6606=CARTESIAN_POINT('Ctrl Pts',(21.6329486662291,139.378009767652,-60.));
#6607=CARTESIAN_POINT('Ctrl Pts',(21.6329486662291,139.378009767652,60.));
#6608=CARTESIAN_POINT('Ctrl Pts',(21.6329486662291,139.378009767652,19.9882482711002));
#6609=CARTESIAN_POINT('Ctrl Pts',(21.7224239439692,139.179409536816,19.9888338906292));
#6610=CARTESIAN_POINT('Ctrl Pts',(21.8249811516568,138.968209812793,19.9897286522848));
#6611=CARTESIAN_POINT('Ctrl Pts',(21.8530502613748,138.650596494819,19.9915491935612));
#6612=CARTESIAN_POINT('Ctrl Pts',(21.842814088947,138.546086543398,19.9922154508559));
#6613=CARTESIAN_POINT('Ctrl Pts',(21.767996641718,138.311810854886,19.9938946151046));
#6614=CARTESIAN_POINT('Ctrl Pts',(21.7006631701275,138.180763357514,19.9949220798195));
#6615=CARTESIAN_POINT('Ctrl Pts',(21.3947830372541,137.738853303391,19.9988868717939));
#6616=CARTESIAN_POINT('Ctrl Pts',(21.060528972047,137.375873209045,20.0025194209146));
#6617=CARTESIAN_POINT('Ctrl Pts',(19.711280370703,136.075766557108,20.0208938164744));
#6618=CARTESIAN_POINT('Ctrl Pts',(18.45046118695,134.958866152494,20.0406534103048));
#6619=CARTESIAN_POINT('Ctrl Pts',(16.9136855619811,133.591418788648,20.0799860933822));
#6620=CARTESIAN_POINT('Ctrl Pts',(16.913685561981,133.591418788648,-4.5333768785065));
#6621=CARTESIAN_POINT('Ctrl Pts',(19.0527390303239,135.49478254513,-4.47965327234857));
#6622=CARTESIAN_POINT('Ctrl Pts',(20.7366182225521,136.959705301727,-4.46158483265353));
#6623=CARTESIAN_POINT('Ctrl Pts',(21.6081704500753,138.028363657161,-4.4511357088493));
#6624=CARTESIAN_POINT('Ctrl Pts',(21.721709274457,138.20944901505,-4.44966670763411));
#6625=CARTESIAN_POINT('Ctrl Pts',(21.8310003115152,138.489549924869,-4.44762095658245));
#6626=CARTESIAN_POINT('Ctrl Pts',(21.8494015364112,138.597414150679,-4.44692190930487));
#6627=CARTESIAN_POINT('Ctrl Pts',(21.8443216335063,138.805157186069,-4.44570673179361));
#6628=CARTESIAN_POINT('Ctrl Pts',(21.8218528764777,138.904935581675,-4.44518861940744));
#6629=CARTESIAN_POINT('Ctrl Pts',(21.7467140324762,139.126321317172,-4.44419138591161));
#6630=CARTESIAN_POINT('Ctrl Pts',(21.6909340706093,139.249304778007,-4.44372658414653));
#6631=CARTESIAN_POINT('Ctrl Pts',(21.6329486662291,139.378009767652,-4.44335415970519));
#6632=CARTESIAN_POINT('Ctrl Pts',(-5.8221507958986,158.416600580335,-60.));
#6633=CARTESIAN_POINT('Ctrl Pts',(-5.8221507958986,158.416600580335,60.));
#6634=CARTESIAN_POINT('Ctrl Pts',(-1.33566650634782,150.861434413648,-60.));
#6635=CARTESIAN_POINT('Ctrl Pts',(-1.33566650634782,150.861434413648,60.));
#6636=CARTESIAN_POINT('Ctrl Pts',(-1.33566650634782,150.861434413648,-60.));
#6637=CARTESIAN_POINT('Ctrl Pts',(-1.33566650634782,150.861434413648,60.));
#6638=CARTESIAN_POINT('Ctrl Pts',(4.94710203536971,155.848839290357,-60.));
#6639=CARTESIAN_POINT('Ctrl Pts',(4.94710203536971,155.848839290357,60.));
#6640=CARTESIAN_POINT('',(4.94710203536971,155.848839290357,20.5452246202628));
#6641=CARTESIAN_POINT('',(-5.8221507958986,158.416600580335,20.7415168482004));
#6642=CARTESIAN_POINT('Ctrl Pts',(4.94710203536971,155.848839290357,20.5452246202629));
#6643=CARTESIAN_POINT('Ctrl Pts',(3.45730886836366,154.666207516311,20.4616455210298));
#6644=CARTESIAN_POINT('Ctrl Pts',(2.23074162192062,153.686661782685,20.4020983660213));
#6645=CARTESIAN_POINT('Ctrl Pts',(0.727409184808496,152.767072142419,20.3485187987656));
#6646=CARTESIAN_POINT('Ctrl Pts',(0.226254202563103,152.52198506008,20.3349246514686));
#6647=CARTESIAN_POINT('Ctrl Pts',(-0.512477236335642,152.372156371407,20.3266370612515));
#6648=CARTESIAN_POINT('Ctrl Pts',(-0.772916537535808,152.362126199012,20.3260853733621));
#6649=CARTESIAN_POINT('Ctrl Pts',(-1.27713948256177,152.459657911514,20.3314748660499));
#6650=CARTESIAN_POINT('Ctrl Pts',(-1.5002144534117,152.554407411389,20.3367185512449));
#6651=CARTESIAN_POINT('Ctrl Pts',(-1.99103761309376,152.854968398559,20.3536908705109));
#6652=CARTESIAN_POINT('Ctrl Pts',(-2.27102788793521,153.101353515123,20.3677588790282));
#6653=CARTESIAN_POINT('Ctrl Pts',(-3.47934449438685,154.441919823769,20.4479286290858));
#6654=CARTESIAN_POINT('Ctrl Pts',(-4.51795256055763,156.220352082318,20.5609353121563));
#6655=CARTESIAN_POINT('Ctrl Pts',(-5.82215079589862,158.416600580335,20.7415168482004));
#6656=CARTESIAN_POINT('',(4.94710203536971,155.848839290357,-4.98989639110541));
#6657=CARTESIAN_POINT('',(4.94710203536971,155.848839290357,0.));
#6658=CARTESIAN_POINT('',(-5.8221507958986,158.416600580335,-5.1824993319945));
#6659=CARTESIAN_POINT('Ctrl Pts',(-5.82215079589859,158.416600580335,-5.18249933199454));
#6660=CARTESIAN_POINT('Ctrl Pts',(-4.76216856657696,156.631607842277,-5.03849318601494));
#6661=CARTESIAN_POINT('Ctrl Pts',(-3.88579546233079,155.147070598699,-4.94002785050754));
#6662=CARTESIAN_POINT('Ctrl Pts',(-2.60980352047107,153.423866676369,-4.8335980168809));
#6663=CARTESIAN_POINT('Ctrl Pts',(-2.14709801489575,152.942132061797,-4.80676536167921));
#6664=CARTESIAN_POINT('Ctrl Pts',(-1.45343273660737,152.530259417673,-4.78397541390071));
#6665=CARTESIAN_POINT('Ctrl Pts',(-1.21255864767086,152.436413613493,-4.77889457272492));
#6666=CARTESIAN_POINT('Ctrl Pts',(-0.70594493838545,152.363201603961,-4.77492939243969));
#6667=CARTESIAN_POINT('Ctrl Pts',(-0.463665960823514,152.379358082272,-4.77579936522961));
#6668=CARTESIAN_POINT('Ctrl Pts',(0.105348204828473,152.501547990806,-4.78243467897298));
#6669=CARTESIAN_POINT('Ctrl Pts',(0.457773592364981,152.64382954883,-4.7901620541404));
#6670=CARTESIAN_POINT('Ctrl Pts',(1.9209072621485,153.433715922161,-4.83452925552271));
#6671=CARTESIAN_POINT('Ctrl Pts',(3.28072242424909,154.526029171893,-4.89816614549604));
#6672=CARTESIAN_POINT('Ctrl Pts',(4.94710203536972,155.848839290357,-4.98989639110545));
#6673=CARTESIAN_POINT('',(-5.8221507958986,158.416600580335,0.));
#6674=CARTESIAN_POINT('Ctrl Pts',(1.143109226837,165.971766747022,-60.));
#6675=CARTESIAN_POINT('Ctrl Pts',(1.143109226837,165.971766747022,60.));
#6676=CARTESIAN_POINT('Ctrl Pts',(-10.3086346494295,165.971766747022,-60.));
#6677=CARTESIAN_POINT('Ctrl Pts',(-10.3086346494295,165.971766747022,60.));
#6678=CARTESIAN_POINT('Ctrl Pts',(-10.3086346494295,165.971766747022,-60.));
#6679=CARTESIAN_POINT('Ctrl Pts',(-10.3086346494295,165.971766747022,60.));
#6680=CARTESIAN_POINT('Ctrl Pts',(-5.8221507958986,158.416600580335,-60.));
#6681=CARTESIAN_POINT('Ctrl Pts',(-5.8221507958986,158.416600580335,60.));
#6682=CARTESIAN_POINT('',(1.143109226837,165.971766747022,21.4916753528034));
#6683=CARTESIAN_POINT('Ctrl Pts',(-5.82215079589859,158.416600580335,20.7415168482004));
#6684=CARTESIAN_POINT('Ctrl Pts',(-6.86432309811032,160.171601862983,20.8858178358465));
#6685=CARTESIAN_POINT('Ctrl Pts',(-7.76378681010042,161.672395119151,21.030325323131));
#6686=CARTESIAN_POINT('Ctrl Pts',(-8.46845285324898,163.32845750541,21.1991533662857));
#6687=CARTESIAN_POINT('Ctrl Pts',(-8.59816813403155,163.78015791465,21.2471315470396));
#6688=CARTESIAN_POINT('Ctrl Pts',(-8.61628363554651,164.329327274742,21.3065320022055));
#6689=CARTESIAN_POINT('Ctrl Pts',(-8.59737361658251,164.503078944496,21.3255388280842));
#6690=CARTESIAN_POINT('Ctrl Pts',(-8.48794631562741,164.802328102285,21.3586012826986));
#6691=CARTESIAN_POINT('Ctrl Pts',(-8.41371691174372,164.921952445838,21.371940152824));
#6692=CARTESIAN_POINT('Ctrl Pts',(-8.20276397438835,165.150365811306,21.3975512117421));
#6693=CARTESIAN_POINT('Ctrl Pts',(-8.06481009227395,165.247570294988,21.4085455869987));
#6694=CARTESIAN_POINT('Ctrl Pts',(-7.68197440701444,165.454074455869,21.4319800778223));
#6695=CARTESIAN_POINT('Ctrl Pts',(-7.38374392981577,165.555723209323,21.4436195772398));
#6696=CARTESIAN_POINT('Ctrl Pts',(-6.2446408823876,165.81068349212,21.4729134520422));
#6697=CARTESIAN_POINT('Ctrl Pts',(-5.16927848795901,165.894143765519,21.4826487946438));
#6698=CARTESIAN_POINT('Ctrl Pts',(-2.42762844755959,165.971767112106,21.4916722133453));
#6699=CARTESIAN_POINT('Ctrl Pts',(-0.808570050658203,165.971766747022,21.4916753528034));
#6700=CARTESIAN_POINT('Ctrl Pts',(1.143109226837,165.971766747022,21.4916753528034));
#6701=CARTESIAN_POINT('',(1.143109226837,165.971766747022,-5.91850048637586));
#6702=CARTESIAN_POINT('Ctrl Pts',(1.143109226837,165.971766747022,-5.91850048637589));
#6703=CARTESIAN_POINT('Ctrl Pts',(-1.71978911314307,165.971766747022,-5.91850048637589));
#6704=CARTESIAN_POINT('Ctrl Pts',(-3.86698056166859,165.971770239758,-5.91846979910673));
#6705=CARTESIAN_POINT('Ctrl Pts',(-6.53094767683988,165.767602644603,-5.89525891366295));
#6706=CARTESIAN_POINT('Ctrl Pts',(-7.33032792481955,165.618866223231,-5.87832541466362));
#6707=CARTESIAN_POINT('Ctrl Pts',(-8.03811493110338,165.268830013233,-5.83929926418239));
#6708=CARTESIAN_POINT('Ctrl Pts',(-8.19646693918047,165.158448060946,-5.82704444840131));
#6709=CARTESIAN_POINT('Ctrl Pts',(-8.41750182896424,164.9168109496,-5.80046763154622));
#6710=CARTESIAN_POINT('Ctrl Pts',(-8.49127116130104,164.796130836484,-5.78726858767922));
#6711=CARTESIAN_POINT('Ctrl Pts',(-8.5914173828573,164.516165171224,-5.75693060757776));
#6712=CARTESIAN_POINT('Ctrl Pts',(-8.61159919296401,164.365241987133,-5.74071753768866));
#6713=CARTESIAN_POINT('Ctrl Pts',(-8.61141873386898,163.977802592386,-5.69950313719914));
#6714=CARTESIAN_POINT('Ctrl Pts',(-8.56295858796875,163.722675692191,-5.6727392562479));
#6715=CARTESIAN_POINT('Ctrl Pts',(-8.31919971938691,162.902127408559,-5.5882213053106));
#6716=CARTESIAN_POINT('Ctrl Pts',(-8.00178724042394,162.228163055331,-5.52063216124092));
#6717=CARTESIAN_POINT('Ctrl Pts',(-7.08988470208844,160.549830196553,-5.36304930748057));
#6718=CARTESIAN_POINT('Ctrl Pts',(-6.49340881742889,159.546988219954,-5.27369453070536));
#6719=CARTESIAN_POINT('Ctrl Pts',(-5.8221507958986,158.416600580335,-5.18249933199456));
#6720=CARTESIAN_POINT('',(1.143109226837,165.971766747022,0.));
#6721=CARTESIAN_POINT('Ctrl Pts',(11.9123611860655,163.404005893064,-60.));
#6722=CARTESIAN_POINT('Ctrl Pts',(11.9123611860655,163.404005893064,60.));
#6723=CARTESIAN_POINT('Ctrl Pts',(12.5948526670836,165.971766747022,-60.));
#6724=CARTESIAN_POINT('Ctrl Pts',(12.5948526670836,165.971766747022,60.));
#6725=CARTESIAN_POINT('Ctrl Pts',(12.5948526670836,165.971766747022,-60.));
#6726=CARTESIAN_POINT('Ctrl Pts',(12.5948526670836,165.971766747022,60.));
#6727=CARTESIAN_POINT('Ctrl Pts',(1.143109226837,165.971766747022,-60.));
#6728=CARTESIAN_POINT('Ctrl Pts',(1.143109226837,165.971766747022,60.));
#6729=CARTESIAN_POINT('',(11.9123611860655,163.404005893064,21.2077265375701));
#6730=CARTESIAN_POINT('Ctrl Pts',(1.143109226837,165.971766747022,21.4916753528034));
#6731=CARTESIAN_POINT('Ctrl Pts',(6.86872201108848,165.971766747022,21.4916753528034));
#6732=CARTESIAN_POINT('Ctrl Pts',(9.73179843027969,165.971793412994,21.4914441207559));
#6733=CARTESIAN_POINT('Ctrl Pts',(11.3496759644997,165.58603751866,21.4470990515854));
#6734=CARTESIAN_POINT('Ctrl Pts',(11.5595062131653,165.508218511356,21.4381796141684));
#6735=CARTESIAN_POINT('Ctrl Pts',(11.8360494128673,165.345739328622,21.4196760241414));
#6736=CARTESIAN_POINT('Ctrl Pts',(11.9254135064617,165.268519645083,21.4109136432248));
#6737=CARTESIAN_POINT('Ctrl Pts',(12.0507543439691,165.105372173613,21.392506427098));
#6738=CARTESIAN_POINT('Ctrl Pts',(12.091883075287,165.020950958013,21.3830209061831));
#6739=CARTESIAN_POINT('Ctrl Pts',(12.1477293957006,164.821679336976,21.3607681272969));
#6740=CARTESIAN_POINT('Ctrl Pts',(12.157378674622,164.706237758332,21.3479529902539));
#6741=CARTESIAN_POINT('Ctrl Pts',(12.140846899235,164.248449005046,21.2975516078684));
#6742=CARTESIAN_POINT('Ctrl Pts',(12.0268158612143,163.834622600486,21.2528360505876));
#6743=CARTESIAN_POINT('Ctrl Pts',(11.9123611860655,163.404005893064,21.2077265375702));
#6744=CARTESIAN_POINT('',(11.9123611860655,163.404005893064,-5.6399213750435));
#6745=CARTESIAN_POINT('Ctrl Pts',(11.9123611860655,163.404005893064,-5.6399213750435));
#6746=CARTESIAN_POINT('Ctrl Pts',(12.0328691070171,163.857396932538,-5.68651956421604));
#6747=CARTESIAN_POINT('Ctrl Pts',(12.1643038511755,164.320870648951,-5.73573395373552));
#6748=CARTESIAN_POINT('Ctrl Pts',(12.1494499138715,164.806445065532,-5.7883994614292));
#6749=CARTESIAN_POINT('Ctrl Pts',(12.1284864516561,164.920554490435,-5.80087921879207));
#6750=CARTESIAN_POINT('Ctrl Pts',(12.0443963773539,165.117326640406,-5.82252178419697));
#6751=CARTESIAN_POINT('Ctrl Pts',(11.9876960304735,165.197549307663,-5.83140110615536));
#6752=CARTESIAN_POINT('Ctrl Pts',(11.8325314536333,165.347887422676,-5.84809970962897));
#6753=CARTESIAN_POINT('Ctrl Pts',(11.7297801477721,165.415049765971,-5.85560034702593));
#6754=CARTESIAN_POINT('Ctrl Pts',(11.4141857618607,165.565977031777,-5.87250247172093));
#6755=CARTESIAN_POINT('Ctrl Pts',(11.1596018498669,165.641511458077,-5.88101617835917));
#6756=CARTESIAN_POINT('Ctrl Pts',(9.39341307792651,165.97178477119,-5.91834142090806));
#6757=CARTESIAN_POINT('Ctrl Pts',(6.53983291831553,165.971766747022,-5.91850048637589));
#6758=CARTESIAN_POINT('Ctrl Pts',(1.143109226837,165.971766747022,-5.91850048637589));
#6759=CARTESIAN_POINT('',(11.9123611860655,163.404005893064,0.));
#6760=CARTESIAN_POINT('Ctrl Pts',(4.94710203536971,155.848839290357,-60.));
#6761=CARTESIAN_POINT('Ctrl Pts',(4.94710203536971,155.848839290357,60.));
#6762=CARTESIAN_POINT('Ctrl Pts',(11.2298697050475,160.836245475126,-60.));
#6763=CARTESIAN_POINT('Ctrl Pts',(11.2298697050475,160.836245475126,60.));
#6764=CARTESIAN_POINT('Ctrl Pts',(11.2298697050475,160.836245475126,-60.));
#6765=CARTESIAN_POINT('Ctrl Pts',(11.2298697050475,160.836245475126,60.));
#6766=CARTESIAN_POINT('Ctrl Pts',(11.9123611860655,163.404005893064,-60.));
#6767=CARTESIAN_POINT('Ctrl Pts',(11.9123611860655,163.404005893064,60.));
#6768=CARTESIAN_POINT('Ctrl Pts',(11.9123611860655,163.404005893064,21.2077265375702));
#6769=CARTESIAN_POINT('Ctrl Pts',(11.8156280345872,163.040063537186,21.1696015364796));
#6770=CARTESIAN_POINT('Ctrl Pts',(11.7197987035934,162.672338387565,21.1320304798124));
#6771=CARTESIAN_POINT('Ctrl Pts',(11.4054046957784,161.725861724651,21.0374786369717));
#6772=CARTESIAN_POINT('Ctrl Pts',(11.1611260935234,161.252173135604,20.9920530906178));
#6773=CARTESIAN_POINT('Ctrl Pts',(10.2177824653397,160.172599569696,20.892268953699));
#6774=CARTESIAN_POINT('Ctrl Pts',(9.58464886794881,159.601840503696,20.8409840013756));
#6775=CARTESIAN_POINT('Ctrl Pts',(7.63217352253841,157.972783840808,20.7035858525128));
#6776=CARTESIAN_POINT('Ctrl Pts',(6.31374387798977,156.933711171127,20.6218948202084));
#6777=CARTESIAN_POINT('Ctrl Pts',(4.94710203536972,155.848839290357,20.5452246202629));
#6778=CARTESIAN_POINT('Ctrl Pts',(4.94710203536971,155.848839290357,-4.98989639110546));
#6779=CARTESIAN_POINT('Ctrl Pts',(7.04199851943047,157.511816537069,-5.10521552055159));
#6780=CARTESIAN_POINT('Ctrl Pts',(9.10685457851928,159.100340718602,-5.23571516838623));
#6781=CARTESIAN_POINT('Ctrl Pts',(10.2669170234843,160.260554923279,-5.33877921210233));
#6782=CARTESIAN_POINT('Ctrl Pts',(11.0247830645613,161.018520108615,-5.40611070716756));
#6783=CARTESIAN_POINT('Ctrl Pts',(11.3497211610758,161.577850575108,-5.45855553678612));
#6784=CARTESIAN_POINT('Ctrl Pts',(11.588306933657,162.277210890596,-5.52693331261123));
#6785=CARTESIAN_POINT('Ctrl Pts',(11.7149234259523,162.648358545545,-5.56322111817596));
#6786=CARTESIAN_POINT('Ctrl Pts',(11.8145692186248,163.036079918644,-5.60210703231334));
#6787=CARTESIAN_POINT('Ctrl Pts',(11.9123611860655,163.404005893064,-5.63992137504353));
#6788=CARTESIAN_POINT('Ctrl Pts',(-7.29709361587541,121.76386979878,-60.));
#6789=CARTESIAN_POINT('Ctrl Pts',(-7.29709361587541,121.76386979878,60.));
#6790=CARTESIAN_POINT('Ctrl Pts',(-3.339147413788,129.905376338697,-60.));
#6791=CARTESIAN_POINT('Ctrl Pts',(-3.339147413788,129.905376338697,60.));
#6792=CARTESIAN_POINT('Ctrl Pts',(-3.339147413788,129.905376338697,-60.));
#6793=CARTESIAN_POINT('Ctrl Pts',(-3.339147413788,129.905376338697,60.));
#6794=CARTESIAN_POINT('Ctrl Pts',(-8.9156858071901,132.789923524976,-60.));
#6795=CARTESIAN_POINT('Ctrl Pts',(-8.9156858071901,132.789923524976,60.));
#6796=CARTESIAN_POINT('',(-8.9156858071901,132.789923524976,20.104474147113));
#6797=CARTESIAN_POINT('',(-7.2970936158754,121.76386979878,20.7331628999887));
#6798=CARTESIAN_POINT('Ctrl Pts',(-8.9156858071901,132.789923524976,20.1044741471131));
#6799=CARTESIAN_POINT('Ctrl Pts',(-8.30388736575626,132.473461707929,20.1147093251212));
#6800=CARTESIAN_POINT('Ctrl Pts',(-7.65605339731855,132.140151937938,20.126206037667));
#6801=CARTESIAN_POINT('Ctrl Pts',(-6.16195184822418,131.310776366265,20.1566165565145));
#6802=CARTESIAN_POINT('Ctrl Pts',(-5.49890857862239,130.871988041707,20.1742021241058));
#6803=CARTESIAN_POINT('Ctrl Pts',(-4.87695076820082,130.163065558564,20.2047336086588));
#6804=CARTESIAN_POINT('Ctrl Pts',(-4.72016714179385,129.914173563443,20.2157753055563));
#6805=CARTESIAN_POINT('Ctrl Pts',(-4.53083554451034,129.360699134488,20.2414986689796));
#6806=CARTESIAN_POINT('Ctrl Pts',(-4.49888535235576,129.085128533798,20.2547881832955));
#6807=CARTESIAN_POINT('Ctrl Pts',(-4.51609100532832,128.409497095061,20.2886788144085));
#6808=CARTESIAN_POINT('Ctrl Pts',(-4.60415365697531,127.961967256469,20.3120926038968));
#6809=CARTESIAN_POINT('Ctrl Pts',(-5.19889833908185,126.048198801929,20.4198264335402));
#6810=CARTESIAN_POINT('Ctrl Pts',(-6.15231495219647,124.118682750048,20.5406244044188));
#6811=CARTESIAN_POINT('Ctrl Pts',(-7.29709361587541,121.76386979878,20.7331628999887));
#6812=CARTESIAN_POINT('',(-8.9156858071901,132.789923524976,-4.55740687997352));
#6813=CARTESIAN_POINT('',(-8.9156858071901,132.789923524976,0.));
#6814=CARTESIAN_POINT('',(-7.2970936158754,121.76386979878,-5.17430252347904));
#6815=CARTESIAN_POINT('Ctrl Pts',(-7.2970936158754,121.76386979878,-5.17430252347909));
#6816=CARTESIAN_POINT('Ctrl Pts',(-6.11661607784314,124.192115435632,-4.97949438835321));
#6817=CARTESIAN_POINT('Ctrl Pts',(-5.1362852854027,126.170903714843,-4.85924075831506));
#6818=CARTESIAN_POINT('Ctrl Pts',(-4.57248962925843,128.098751961667,-4.75395241110049));
#6819=CARTESIAN_POINT('Ctrl Pts',(-4.49849277527281,128.540625186516,-4.73152743067388));
#6820=CARTESIAN_POINT('Ctrl Pts',(-4.51089160446464,129.227412853946,-4.69810331900439));
#6821=CARTESIAN_POINT('Ctrl Pts',(-4.56375073666553,129.511488778551,-4.68485552056929));
#6822=CARTESIAN_POINT('Ctrl Pts',(-4.79595027432461,130.042411571693,-4.66100812118842));
#6823=CARTESIAN_POINT('Ctrl Pts',(-4.9579656553518,130.267584550824,-4.65131448597103));
#6824=CARTESIAN_POINT('Ctrl Pts',(-5.43684346477012,130.775520076154,-4.63003037164633));
#6825=CARTESIAN_POINT('Ctrl Pts',(-5.82071581580694,131.064365042476,-4.61849457630947));
#6826=CARTESIAN_POINT('Ctrl Pts',(-7.07571706283537,131.848569613244,-4.5887204741469));
#6827=CARTESIAN_POINT('Ctrl Pts',(-8.09762948886127,132.366771762218,-4.57083665958773));
#6828=CARTESIAN_POINT('Ctrl Pts',(-8.9156858071901,132.789923524976,-4.55740687997356));
#6829=CARTESIAN_POINT('',(-7.29709361587541,121.76386979878,0.));
#6830=CARTESIAN_POINT('Origin',(-8.9082934318842,118.939630665938,0.));
#6831=CARTESIAN_POINT('',(-8.90829343188421,118.939630665938,20.9820650089707));
#6832=CARTESIAN_POINT('Origin',(3.12884979154423,140.039292297875,244.247953868861));
#6833=CARTESIAN_POINT('',(-8.90829343188421,118.939630665938,-5.4185178235943));
#6834=CARTESIAN_POINT('Origin',(3.12884979154423,140.039292297875,-232.973900914913));
#6835=CARTESIAN_POINT('',(-8.90829343188421,118.939630665938,0.));
#6836=CARTESIAN_POINT('Origin',(-9.2296732682967,119.122974607064,0.));
#6837=CARTESIAN_POINT('',(-9.22967326829665,118.752974607064,20.9997835996626));
#6838=CARTESIAN_POINT('Ctrl Pts',(-8.90829343188422,118.939630665938,20.9820650089707));
#6839=CARTESIAN_POINT('Ctrl Pts',(-8.92501048169528,118.910327691973,20.9848342758687));
#6840=CARTESIAN_POINT('Ctrl Pts',(-8.94565670529653,118.883692899584,20.9873573056861));
#6841=CARTESIAN_POINT('Ctrl Pts',(-9.0010708371768,118.828375435108,20.9926046902513));
#6842=CARTESIAN_POINT('Ctrl Pts',(-9.04261978380364,118.799957432919,20.995308056012));
#6843=CARTESIAN_POINT('Ctrl Pts',(-9.13369686564906,118.762256391614,20.9988979895878));
#6844=CARTESIAN_POINT('Ctrl Pts',(-9.18322555793393,118.752974607064,20.9997835996626));
#6845=CARTESIAN_POINT('Ctrl Pts',(-9.2296732682967,118.752974607064,20.9997835996626));
#6846=CARTESIAN_POINT('',(-9.22967326829665,118.752974607064,-5.43590238722775));
#6847=CARTESIAN_POINT('Ctrl Pts',(-9.2296732682967,118.752974607064,-5.43590238722778));
#6848=CARTESIAN_POINT('Ctrl Pts',(-9.18322517585274,118.752974607064,-5.43590238722778));
#6849=CARTESIAN_POINT('Ctrl Pts',(-9.13369551655271,118.76225649778,-5.43503346395243));
#6850=CARTESIAN_POINT('Ctrl Pts',(-9.04261533551259,118.79995972659,-5.4315110065035));
#6851=CARTESIAN_POINT('Ctrl Pts',(-9.00106427783187,118.828379857335,-5.42885840725929));
#6852=CARTESIAN_POINT('Ctrl Pts',(-8.94565215166025,118.883698911113,-5.42370979819328));
#6853=CARTESIAN_POINT('Ctrl Pts',(-8.92500875939063,118.910330710965,-5.42123460896485));
#6854=CARTESIAN_POINT('Ctrl Pts',(-8.90829343188422,118.939630665938,-5.41851782359433));
#6855=CARTESIAN_POINT('',(-9.22967326829665,118.752974607064,0.));
#6856=CARTESIAN_POINT('Origin',(-14.4922242005922,118.752974607064,0.));
#6857=CARTESIAN_POINT('',(-14.4922242005922,118.752974607064,20.9997835996626));
#6858=CARTESIAN_POINT('',(41.5,118.752974607064,20.9997835996626));
#6859=CARTESIAN_POINT('',(-14.4922242005922,118.752974607064,-5.43590238722775));
#6860=CARTESIAN_POINT('',(41.5,118.752974607064,-5.43590238722775));
#6861=CARTESIAN_POINT('',(-14.4922242005922,118.752974607064,0.));
#6862=CARTESIAN_POINT('Origin',(-14.4922242005922,124.648420473218,0.));
#6863=CARTESIAN_POINT('',(-14.4922242005922,124.648420473218,20.5160296518282));
#6864=CARTESIAN_POINT('Origin',(-14.4922242005922,140.039292297875,244.247953868861));
#6865=CARTESIAN_POINT('',(-14.4922242005922,124.648420473218,-4.96124960078963));
#6866=CARTESIAN_POINT('Origin',(-14.4922242005922,140.039292297875,-232.973900914913));
#6867=CARTESIAN_POINT('',(-14.4922242005922,124.648420473218,0.));
#6868=CARTESIAN_POINT('Ctrl Pts',(-8.9156858071901,132.789923524976,-60.));
#6869=CARTESIAN_POINT('Ctrl Pts',(-8.9156858071901,132.789923524976,60.));
#6870=CARTESIAN_POINT('Ctrl Pts',(-14.4922242005922,135.674470711255,-60.));
#6871=CARTESIAN_POINT('Ctrl Pts',(-14.4922242005922,135.674470711255,60.));
#6872=CARTESIAN_POINT('Ctrl Pts',(-14.4922242005922,135.674470711255,-60.));
#6873=CARTESIAN_POINT('Ctrl Pts',(-14.4922242005922,135.674470711255,60.));
#6874=CARTESIAN_POINT('Ctrl Pts',(-14.4922242005922,124.648420473218,-60.));
#6875=CARTESIAN_POINT('Ctrl Pts',(-14.4922242005922,124.648420473218,60.));
#6876=CARTESIAN_POINT('Ctrl Pts',(-14.4922242005922,124.648420473218,20.5160296518282));
#6877=CARTESIAN_POINT('Ctrl Pts',(-14.4922242005922,127.961994039803,20.2880837016767));
#6878=CARTESIAN_POINT('Ctrl Pts',(-14.504828212666,130.617666542242,20.1793556928261));
#6879=CARTESIAN_POINT('Ctrl Pts',(-14.2003438528913,132.957600613048,20.0979791974704));
#6880=CARTESIAN_POINT('Ctrl Pts',(-14.0644603578555,133.473425559082,20.083138925377));
#6881=CARTESIAN_POINT('Ctrl Pts',(-13.7858605338843,133.962803893901,20.0695677322666));
#6882=CARTESIAN_POINT('Ctrl Pts',(-13.6866475362236,134.092396635868,20.0661136809923));
#6883=CARTESIAN_POINT('Ctrl Pts',(-13.4586658349833,134.274134243049,20.06137456402));
#6884=CARTESIAN_POINT('Ctrl Pts',(-13.3462181510039,134.331491481493,20.0599186655955));
#6885=CARTESIAN_POINT('Ctrl Pts',(-13.0820280796722,134.406936949237,20.0580098252764));
#6886=CARTESIAN_POINT('Ctrl Pts',(-12.9358776781543,134.416989012559,20.057760930881));
#6887=CARTESIAN_POINT('Ctrl Pts',(-12.5584284294577,134.397725556868,20.0582446591926));
#6888=CARTESIAN_POINT('Ctrl Pts',(-12.2942332932946,134.338861101491,20.0597118319959));
#6889=CARTESIAN_POINT('Ctrl Pts',(-11.2196647128082,133.983004888412,20.0689184422443));
#6890=CARTESIAN_POINT('Ctrl Pts',(-10.2106310979996,133.459753181203,20.0828101567126));
#6891=CARTESIAN_POINT('Ctrl Pts',(-8.9156858071901,132.789923524976,20.1044741471131));
#6892=CARTESIAN_POINT('Ctrl Pts',(-8.9156858071901,132.789923524976,-4.55740687997355));
#6893=CARTESIAN_POINT('Ctrl Pts',(-10.2864906469355,133.498992657918,-4.53490279745582));
#6894=CARTESIAN_POINT('Ctrl Pts',(-11.3467145094879,134.049320464518,-4.52078966706183));
#6895=CARTESIAN_POINT('Ctrl Pts',(-12.4233824544723,134.369710473395,-4.51272024781599));
#6896=CARTESIAN_POINT('Ctrl Pts',(-12.6724849847755,134.413848470961,-4.5116447743309));
#6897=CARTESIAN_POINT('Ctrl Pts',(-13.0424432167086,134.410365300335,-4.51173057224621));
#6898=CARTESIAN_POINT('Ctrl Pts',(-13.1908079061786,134.387097826672,-4.51229772212297));
#6899=CARTESIAN_POINT('Ctrl Pts',(-13.4489224219918,134.279975183195,-4.51497507236813));
#6900=CARTESIAN_POINT('Ctrl Pts',(-13.5526232936998,134.209066998723,-4.51676101848113));
#6901=CARTESIAN_POINT('Ctrl Pts',(-13.7553747737548,134.008177208955,-4.52196738791653));
#6902=CARTESIAN_POINT('Ctrl Pts',(-13.8427031839414,133.874155621974,-4.52552881802774));
#6903=CARTESIAN_POINT('Ctrl Pts',(-14.0317815102207,133.49708252444,-4.53593564182904));
#6904=CARTESIAN_POINT('Ctrl Pts',(-14.1256226539237,133.194722191033,-4.54460894474859));
#6905=CARTESIAN_POINT('Ctrl Pts',(-14.5159865760506,131.234361695145,-4.60657799840748));
#6906=CARTESIAN_POINT('Ctrl Pts',(-14.4922242005922,128.336372124599,-4.71231257543251));
#6907=CARTESIAN_POINT('Ctrl Pts',(-14.4922242005922,124.648420473218,-4.96124960078964));
#6908=CARTESIAN_POINT('Ctrl Pts',(-8.99398974853532,144.647990419507,-60.));
#6909=CARTESIAN_POINT('Ctrl Pts',(-8.99398974853532,144.647990419507,60.));
#6910=CARTESIAN_POINT('Ctrl Pts',(-3.49575529647843,146.330429004407,-60.));
#6911=CARTESIAN_POINT('Ctrl Pts',(-3.49575529647843,146.330429004407,60.));
#6912=CARTESIAN_POINT('Ctrl Pts',(-3.49575529647843,146.330429004407,-60.));
#6913=CARTESIAN_POINT('Ctrl Pts',(-3.49575529647843,146.330429004407,60.));
#6914=CARTESIAN_POINT('Ctrl Pts',(-3.25256781478898,147.542738727308,-60.));
#6915=CARTESIAN_POINT('Ctrl Pts',(-3.25256781478898,147.542738727308,60.));
#6916=CARTESIAN_POINT('',(-3.25256781478898,147.542738727308,20.1128358238305));
#6917=CARTESIAN_POINT('',(-8.99398974853532,144.647990419507,20.034634124019));
#6918=CARTESIAN_POINT('Ctrl Pts',(-3.25256781478898,147.542738727308,20.1128358238305));
#6919=CARTESIAN_POINT('Ctrl Pts',(-3.30169576446116,147.297831832265,20.1046369936643));
#6920=CARTESIAN_POINT('Ctrl Pts',(-3.34446060793979,147.036111201695,20.0963398861531));
#6921=CARTESIAN_POINT('Ctrl Pts',(-3.54681437857483,146.704601386346,20.0863183630215));
#6922=CARTESIAN_POINT('Ctrl Pts',(-3.63831503153565,146.603225845113,20.0833321960671));
#6923=CARTESIAN_POINT('Ctrl Pts',(-3.93599835119061,146.377321967746,20.0768180708451));
#6924=CARTESIAN_POINT('Ctrl Pts',(-4.16585137960567,146.253696220529,20.0733498833477));
#6925=CARTESIAN_POINT('Ctrl Pts',(-5.46541414482117,145.70646220476,20.0585168137422));
#6926=CARTESIAN_POINT('Ctrl Pts',(-7.33411726607589,145.155905011883,20.0450742933653));
#6927=CARTESIAN_POINT('Ctrl Pts',(-8.99398974853531,144.647990419507,20.034634124019));
#6928=CARTESIAN_POINT('',(-3.25256781478898,147.542738727308,-4.56561212814492));
#6929=CARTESIAN_POINT('',(-3.25256781478898,147.542738727308,0.));
#6930=CARTESIAN_POINT('',(-8.99398974853532,144.647990419507,-4.48887296681598));
#6931=CARTESIAN_POINT('Ctrl Pts',(-8.99398974853532,144.647990419507,-4.48887296681601));
#6932=CARTESIAN_POINT('Ctrl Pts',(-7.34548528786093,145.152426440962,-4.49904778380703));
#6933=CARTESIAN_POINT('Ctrl Pts',(-5.70367949344092,145.643761238338,-4.51083321321794));
#6934=CARTESIAN_POINT('Ctrl Pts',(-4.23399359472156,146.211918505202,-4.5256857782403));
#6935=CARTESIAN_POINT('Ctrl Pts',(-3.91414686508136,146.378206252716,-4.53026016044125));
#6936=CARTESIAN_POINT('Ctrl Pts',(-3.58349151665717,146.658462114941,-4.53825194218656));
#6937=CARTESIAN_POINT('Ctrl Pts',(-3.50021992741301,146.766672166277,-4.54140535273526));
#6938=CARTESIAN_POINT('Ctrl Pts',(-3.34043454221535,147.082326421799,-4.55086832192063));
#6939=CARTESIAN_POINT('Ctrl Pts',(-3.29906106452959,147.310966029477,-4.55799815742955));
#6940=CARTESIAN_POINT('Ctrl Pts',(-3.25256781478898,147.542738727308,-4.56561212814495));
#6941=CARTESIAN_POINT('',(-8.99398974853532,144.647990419507,0.));
#6942=CARTESIAN_POINT('Ctrl Pts',(-14.4922242005922,154.468658418775,-60.));
#6943=CARTESIAN_POINT('Ctrl Pts',(-14.4922242005922,154.468658418775,60.));
#6944=CARTESIAN_POINT('Ctrl Pts',(-14.4922242005922,142.965550090528,-60.));
#6945=CARTESIAN_POINT('Ctrl Pts',(-14.4922242005922,142.965550090528,60.));
#6946=CARTESIAN_POINT('Ctrl Pts',(-14.4922242005922,142.965550090528,-60.));
#6947=CARTESIAN_POINT('Ctrl Pts',(-14.4922242005922,142.965550090528,60.));
#6948=CARTESIAN_POINT('Ctrl Pts',(-8.99398974853532,144.647990419507,-60.));
#6949=CARTESIAN_POINT('Ctrl Pts',(-8.99398974853532,144.647990419507,60.));
#6950=CARTESIAN_POINT('',(-14.4922242005922,154.468658418775,20.4519614053494));
#6951=CARTESIAN_POINT('Ctrl Pts',(-8.99398974853532,144.647990419507,20.034634124019));
#6952=CARTESIAN_POINT('Ctrl Pts',(-10.1138494099181,144.305317317162,20.0275904885877));
#6953=CARTESIAN_POINT('Ctrl Pts',(-11.3087531580489,143.918593741976,20.0208192337768));
#6954=CARTESIAN_POINT('Ctrl Pts',(-12.459323138539,143.833985333527,20.019379421587));
#6955=CARTESIAN_POINT('Ctrl Pts',(-12.7101113391434,143.848448859537,20.0196182377742));
#6956=CARTESIAN_POINT('Ctrl Pts',(-13.1020151518268,143.951184570522,20.0213899167277));
#6957=CARTESIAN_POINT('Ctrl Pts',(-13.2592576343589,144.023809467523,20.0226473212239));
#6958=CARTESIAN_POINT('Ctrl Pts',(-13.5409547186033,144.238293920405,20.0265618904343));
#6959=CARTESIAN_POINT('Ctrl Pts',(-13.6544376249666,144.370915849877,20.0290610458903));
#6960=CARTESIAN_POINT('Ctrl Pts',(-13.8789405506041,144.724488873388,20.0361256304698));
#6961=CARTESIAN_POINT('Ctrl Pts',(-13.9863285604475,144.981553924825,20.0415131500058));
#6962=CARTESIAN_POINT('Ctrl Pts',(-14.2506784802905,145.927249166842,20.0637013677672));
#6963=CARTESIAN_POINT('Ctrl Pts',(-14.3449569922333,146.759175105196,20.0857351522225));
#6964=CARTESIAN_POINT('Ctrl Pts',(-14.4970854840778,149.445747689295,20.1782902669823));
#6965=CARTESIAN_POINT('Ctrl Pts',(-14.4922242005922,151.72891628154,20.2753150680319));
#6966=CARTESIAN_POINT('Ctrl Pts',(-14.4922242005922,154.468658418775,20.4519614053494));
#6967=CARTESIAN_POINT('',(-14.4922242005922,154.468658418775,-4.89838384179962));
#6968=CARTESIAN_POINT('Ctrl Pts',(-14.4922242005922,154.468658418775,-4.89838384179963));
#6969=CARTESIAN_POINT('Ctrl Pts',(-14.4922242005922,150.531417176445,-4.64929136523331));
#6970=CARTESIAN_POINT('Ctrl Pts',(-14.5210182594527,147.431230347217,-4.55551283557513));
#6971=CARTESIAN_POINT('Ctrl Pts',(-14.0815008266918,145.257561747143,-4.50152687212315));
#6972=CARTESIAN_POINT('Ctrl Pts',(-13.9626858622038,144.898451046299,-4.49389507868909));
#6973=CARTESIAN_POINT('Ctrl Pts',(-13.7033693031227,144.430336378124,-4.48450593540464));
#6974=CARTESIAN_POINT('Ctrl Pts',(-13.5788335547104,144.274794076392,-4.481618538949));
#6975=CARTESIAN_POINT('Ctrl Pts',(-13.2989524653737,144.048565058935,-4.47754417515806));
#6976=CARTESIAN_POINT('Ctrl Pts',(-13.1532056117381,143.973450764579,-4.47625770103193));
#6977=CARTESIAN_POINT('Ctrl Pts',(-12.8049640323709,143.866078607469,-4.47443234166024));
#6978=CARTESIAN_POINT('Ctrl Pts',(-12.5987036324085,143.84321946292,-4.47405793596805));
#6979=CARTESIAN_POINT('Ctrl Pts',(-11.9883462614955,143.851113137631,-4.47418944558611));
#6980=CARTESIAN_POINT('Ctrl Pts',(-11.5355989142351,143.932136107338,-4.47551674200307));
#6981=CARTESIAN_POINT('Ctrl Pts',(-10.4300615711239,144.208443312166,-4.48038502506844));
#6982=CARTESIAN_POINT('Ctrl Pts',(-9.78498370312412,144.405949062271,-4.48399082832987));
#6983=CARTESIAN_POINT('Ctrl Pts',(-8.99398974853532,144.647990419507,-4.48887296681601));
#6984=CARTESIAN_POINT('',(-14.4922242005922,154.468658418775,0.));
#6985=CARTESIAN_POINT('Ctrl Pts',(-13.8627043408968,165.971766747022,-60.));
#6986=CARTESIAN_POINT('Ctrl Pts',(-13.8627043408968,165.971766747022,60.));
#6987=CARTESIAN_POINT('Ctrl Pts',(-14.4922242005922,165.971766747022,-60.));
#6988=CARTESIAN_POINT('Ctrl Pts',(-14.4922242005922,165.971766747022,60.));
#6989=CARTESIAN_POINT('Ctrl Pts',(-14.4922242005922,165.971766747022,-60.));
#6990=CARTESIAN_POINT('Ctrl Pts',(-14.4922242005922,165.971766747022,60.));
#6991=CARTESIAN_POINT('Ctrl Pts',(-14.4922242005922,154.468658418775,-60.));
#6992=CARTESIAN_POINT('Ctrl Pts',(-14.4922242005922,154.468658418775,60.));
#6993=CARTESIAN_POINT('',(-13.8627043408968,165.971766747022,21.4916753528034));
#6994=CARTESIAN_POINT('Ctrl Pts',(-14.4922242005922,154.468658418775,20.4519614053494));
#6995=CARTESIAN_POINT('Ctrl Pts',(-14.4922242005922,159.22559673408,20.7586675434286));
#6996=CARTESIAN_POINT('Ctrl Pts',(-14.5047475477102,162.864924643896,21.1456062358533));
#6997=CARTESIAN_POINT('Ctrl Pts',(-14.3745770712024,165.246688437624,21.4073015144263));
#6998=CARTESIAN_POINT('Ctrl Pts',(-14.3161751453979,165.60475014194,21.4491804632044));
#6999=CARTESIAN_POINT('Ctrl Pts',(-14.2058101505388,165.835731838175,21.4758750909713));
#7000=CARTESIAN_POINT('Ctrl Pts',(-14.1797747232251,165.872279903785,21.4801143463982));
#7001=CARTESIAN_POINT('Ctrl Pts',(-14.1281167840372,165.920869004905,21.4857548308212));
#7002=CARTESIAN_POINT('Ctrl Pts',(-14.1021307104806,165.937261526096,21.4876607926911));
#7003=CARTESIAN_POINT('Ctrl Pts',(-14.0411832734531,165.960466082558,21.4903597451324));
#7004=CARTESIAN_POINT('Ctrl Pts',(-14.0080237062851,165.966212106282,21.491028753813));
#7005=CARTESIAN_POINT('Ctrl Pts',(-13.9382471672601,165.97176674897,21.4916753360678));
#7006=CARTESIAN_POINT('Ctrl Pts',(-13.9016824724256,165.971766747022,21.4916753528034));
#7007=CARTESIAN_POINT('Ctrl Pts',(-13.8627043408968,165.971766747022,21.4916753528034));
#7008=CARTESIAN_POINT('',(-13.8627043408968,165.971766747022,-5.91850048637586));
#7009=CARTESIAN_POINT('Ctrl Pts',(-13.8627043408968,165.971766747022,-5.91850048637589));
#7010=CARTESIAN_POINT('Ctrl Pts',(-13.9413942193653,165.971766747022,-5.91850048637589));
#7011=CARTESIAN_POINT('Ctrl Pts',(-14.0102477057317,165.97176687389,-5.91849937483047));
#7012=CARTESIAN_POINT('Ctrl Pts',(-14.1009321818564,165.937949291593,-5.91464038750987));
#7013=CARTESIAN_POINT('Ctrl Pts',(-14.1272975844602,165.921526290477,-5.91276696396611));
#7014=CARTESIAN_POINT('Ctrl Pts',(-14.1752002259746,165.876697268694,-5.90766140628313));
#7015=CARTESIAN_POINT('Ctrl Pts',(-14.1980235108507,165.84657957385,-5.90423391746274));
#7016=CARTESIAN_POINT('Ctrl Pts',(-14.2507846610847,165.746962002533,-5.89292996691052));
#7017=CARTESIAN_POINT('Ctrl Pts',(-14.2785312384239,165.666576011573,-5.88382524080416));
#7018=CARTESIAN_POINT('Ctrl Pts',(-14.3596684349719,165.306153972877,-5.84332663242417));
#7019=CARTESIAN_POINT('Ctrl Pts',(-14.3997491359916,164.90180401132,-5.79786305574687));
#7020=CARTESIAN_POINT('Ctrl Pts',(-14.5010187131401,162.502838259359,-5.5424289264894));
#7021=CARTESIAN_POINT('Ctrl Pts',(-14.4922242005922,159.00303864716,-5.18525475756637));
#7022=CARTESIAN_POINT('Ctrl Pts',(-14.4922242005922,154.468658418775,-4.89838384179965));
#7023=CARTESIAN_POINT('',(-13.8627043408968,165.971766747022,0.));
#7024=CARTESIAN_POINT('Ctrl Pts',(-8.12128284317033,157.363406726575,-60.));
#7025=CARTESIAN_POINT('Ctrl Pts',(-8.12128284317033,157.363406726575,60.));
#7026=CARTESIAN_POINT('Ctrl Pts',(-13.2331846992113,165.971766747022,-60.));
#7027=CARTESIAN_POINT('Ctrl Pts',(-13.2331846992113,165.971766747022,60.));
#7028=CARTESIAN_POINT('Ctrl Pts',(-13.2331846992113,165.971766747022,-60.));
#7029=CARTESIAN_POINT('Ctrl Pts',(-13.2331846992113,165.971766747022,60.));
#7030=CARTESIAN_POINT('Ctrl Pts',(-13.8627043408968,165.971766747022,-60.));
#7031=CARTESIAN_POINT('Ctrl Pts',(-13.8627043408968,165.971766747022,60.));
#7032=CARTESIAN_POINT('',(-8.12128284317033,157.363406726575,20.6574176007971));
#7033=CARTESIAN_POINT('Ctrl Pts',(-13.8627043408968,165.971766747022,21.4916753528034));
#7034=CARTESIAN_POINT('Ctrl Pts',(-13.77067677918,165.971766747022,21.4916753528034));
#7035=CARTESIAN_POINT('Ctrl Pts',(-13.6921031380629,165.971766935865,21.4916737293891));
#7036=CARTESIAN_POINT('Ctrl Pts',(-13.5513833407457,165.926203138708,21.4863749334676));
#7037=CARTESIAN_POINT('Ctrl Pts',(-13.4912333363801,165.894505068667,21.482687648987));
#7038=CARTESIAN_POINT('Ctrl Pts',(-13.3173323370521,165.756932227854,21.4667544006749));
#7039=CARTESIAN_POINT('Ctrl Pts',(-13.2038528931177,165.630334076849,21.4521301515673));
#7040=CARTESIAN_POINT('Ctrl Pts',(-12.3028409858867,164.466674205461,21.3193423579733));
#7041=CARTESIAN_POINT('Ctrl Pts',(-10.5489731617931,161.451597945693,20.9741765015472));
#7042=CARTESIAN_POINT('Ctrl Pts',(-8.12128284317033,157.363406726575,20.6574176007971));
#7043=CARTESIAN_POINT('',(-8.12128284317033,157.363406726575,-5.09998148998119));
#7044=CARTESIAN_POINT('Ctrl Pts',(-8.12128284317033,157.363406726575,-5.09998148998122));
#7045=CARTESIAN_POINT('Ctrl Pts',(-10.2404200357418,160.931999473483,-5.37128374893602));
#7046=CARTESIAN_POINT('Ctrl Pts',(-11.8406136658614,163.647738095892,-5.66164059537015));
#7047=CARTESIAN_POINT('Ctrl Pts',(-13.0320479182348,165.434279348519,-5.85710932929588));
#7048=CARTESIAN_POINT('Ctrl Pts',(-13.2505218370075,165.702738593693,-5.88789534805985));
#7049=CARTESIAN_POINT('Ctrl Pts',(-13.4944556014976,165.897636621763,-5.91003803276917));
#7050=CARTESIAN_POINT('Ctrl Pts',(-13.5599642191194,165.93094236409,-5.9138408151154));
#7051=CARTESIAN_POINT('Ctrl Pts',(-13.7012605539935,165.97176687405,-5.91849937343132));
#7052=CARTESIAN_POINT('Ctrl Pts',(-13.7760130606025,165.971766747022,-5.91850048637588));
#7053=CARTESIAN_POINT('Ctrl Pts',(-13.8627043408968,165.971766747022,-5.91850048637588));
#7054=CARTESIAN_POINT('',(-8.12128284317033,157.363406726575,0.));
#7055=CARTESIAN_POINT('Ctrl Pts',(-3.25256781478898,147.542738727308,-60.));
#7056=CARTESIAN_POINT('Ctrl Pts',(-3.25256781478898,147.542738727308,60.));
#7057=CARTESIAN_POINT('Ctrl Pts',(-3.00938033309953,148.755046706128,-60.));
#7058=CARTESIAN_POINT('Ctrl Pts',(-3.00938033309953,148.755046706128,60.));
#7059=CARTESIAN_POINT('Ctrl Pts',(-3.00938033309953,148.755046706128,-60.));
#7060=CARTESIAN_POINT('Ctrl Pts',(-3.00938033309953,148.755046706128,60.));
#7061=CARTESIAN_POINT('Ctrl Pts',(-8.12128284317033,157.363406726575,-60.));
#7062=CARTESIAN_POINT('Ctrl Pts',(-8.12128284317033,157.363406726575,60.));
#7063=CARTESIAN_POINT('Ctrl Pts',(-8.12128284317033,157.363406726575,20.6574176007971));
#7064=CARTESIAN_POINT('Ctrl Pts',(-6.02883283535023,153.839755217843,20.3844000439585));
#7065=CARTESIAN_POINT('Ctrl Pts',(-4.38973676831711,151.113493543522,20.2562726468876));
#7066=CARTESIAN_POINT('Ctrl Pts',(-3.37444051891532,149.065764626427,20.1681605193787));
#7067=CARTESIAN_POINT('Ctrl Pts',(-3.23754766759574,148.6830895472,20.1537088012587));
#7068=CARTESIAN_POINT('Ctrl Pts',(-3.16886802887689,148.224746357525,20.1366538678107));
#7069=CARTESIAN_POINT('Ctrl Pts',(-3.16904368970247,148.092063183681,20.1318606189276));
#7070=CARTESIAN_POINT('Ctrl Pts',(-3.1962431014416,147.820109130578,20.122249701545));
#7071=CARTESIAN_POINT('Ctrl Pts',(-3.22529570683061,147.678692246985,20.1173871853516));
#7072=CARTESIAN_POINT('Ctrl Pts',(-3.25256781478898,147.542738727308,20.1128358238305));
#7073=CARTESIAN_POINT('Ctrl Pts',(-3.25256781478898,147.542738727308,-4.56561212814494));
#7074=CARTESIAN_POINT('Ctrl Pts',(-3.22491860480471,147.680572129089,-4.57014009668737));
#7075=CARTESIAN_POINT('Ctrl Pts',(-3.19264408409492,147.834371895445,-4.57532617437324));
#7076=CARTESIAN_POINT('Ctrl Pts',(-3.16066892842921,148.212572992758,-4.58849120240066));
#7077=CARTESIAN_POINT('Ctrl Pts',(-3.18124456010623,148.440303705294,-4.59663508121391));
#7078=CARTESIAN_POINT('Ctrl Pts',(-3.42177626167748,149.18091273644,-4.62492770502881));
#7079=CARTESIAN_POINT('Ctrl Pts',(-3.69933018656883,149.760582345743,-4.6472723576257));
#7080=CARTESIAN_POINT('Ctrl Pts',(-5.04455269377323,152.193191277787,-4.76098843757217));
#7081=CARTESIAN_POINT('Ctrl Pts',(-6.41517008140866,154.490340806443,-4.88155665712988));
#7082=CARTESIAN_POINT('Ctrl Pts',(-8.12128284317033,157.363406726575,-5.09998148998123));
#7083=CARTESIAN_POINT('Ctrl Pts',(24.0788005369566,140.070899451185,-60.));
#7084=CARTESIAN_POINT('Ctrl Pts',(24.0788005369566,140.070899451185,60.));
#7085=CARTESIAN_POINT('Ctrl Pts',(24.6268042967223,138.854546951795,-60.));
#7086=CARTESIAN_POINT('Ctrl Pts',(24.6268042967223,138.854546951795,60.));
#7087=CARTESIAN_POINT('Ctrl Pts',(24.6268042967223,138.854546951795,-60.));
#7088=CARTESIAN_POINT('Ctrl Pts',(24.6268042967223,138.854546951795,60.));
#7089=CARTESIAN_POINT('Ctrl Pts',(29.8038185301207,136.3713072469,-60.));
#7090=CARTESIAN_POINT('Ctrl Pts',(29.8038185301207,136.3713072469,60.));
#7091=CARTESIAN_POINT('',(29.8038185301207,136.3713072469,20.0172719026213));
#7092=CARTESIAN_POINT('',(24.0788005369566,140.070899451185,19.9872755269658));
#7093=CARTESIAN_POINT('Ctrl Pts',(29.8038185301207,136.3713072469,20.0172719026213));
#7094=CARTESIAN_POINT('Ctrl Pts',(27.7203326878286,137.370685370064,20.0009239881259));
#7095=CARTESIAN_POINT('Ctrl Pts',(26.0494681370037,138.15075667518,19.9945619534136));
#7096=CARTESIAN_POINT('Ctrl Pts',(24.8471459893611,138.927714801455,19.9899086336807));
#7097=CARTESIAN_POINT('Ctrl Pts',(24.6344157755354,139.119103624421,19.9890630419597));
#7098=CARTESIAN_POINT('Ctrl Pts',(24.3064423903326,139.554833625703,19.9876827593875));
#7099=CARTESIAN_POINT('Ctrl Pts',(24.1994612355216,139.803080226111,19.9872377806994));
#7100=CARTESIAN_POINT('Ctrl Pts',(24.0788005369566,140.070899451185,19.9872755269658));
#7101=CARTESIAN_POINT('',(29.8038185301207,136.3713072469,-4.47183532143779));
#7102=CARTESIAN_POINT('',(29.8038185301207,136.3713072469,0.));
#7103=CARTESIAN_POINT('',(24.0788005369566,140.070899451185,-4.44239959440165));
#7104=CARTESIAN_POINT('Ctrl Pts',(24.0788005369566,140.070899451185,-4.44239959440168));
#7105=CARTESIAN_POINT('Ctrl Pts',(24.2379240961639,139.717707825207,-4.44235074607309));
#7106=CARTESIAN_POINT('Ctrl Pts',(24.3581132769829,139.408571087004,-4.44305156485307));
#7107=CARTESIAN_POINT('Ctrl Pts',(24.8925807257115,138.895490997575,-4.44517338422299));
#7108=CARTESIAN_POINT('Ctrl Pts',(25.183983576195,138.693174816738,-4.44621500092973));
#7109=CARTESIAN_POINT('Ctrl Pts',(26.5105139525453,137.94307234999,-4.45148408404948));
#7110=CARTESIAN_POINT('Ctrl Pts',(27.9877313426451,137.242423223827,-4.45785190131979));
#7111=CARTESIAN_POINT('Ctrl Pts',(29.8038185301207,136.3713072469,-4.47183532143782));
#7112=CARTESIAN_POINT('',(24.0788005369566,140.070899451185,0.));
#7113=CARTESIAN_POINT('Ctrl Pts',(30.6939862882994,153.176605888868,-60.));
#7114=CARTESIAN_POINT('Ctrl Pts',(30.6939862882994,153.176605888868,60.));
#7115=CARTESIAN_POINT('Ctrl Pts',(23.5308002653502,141.287251950574,-60.));
#7116=CARTESIAN_POINT('Ctrl Pts',(23.5308002653502,141.287251950574,60.));
#7117=CARTESIAN_POINT('Ctrl Pts',(23.5308002653502,141.287251950574,-60.));
#7118=CARTESIAN_POINT('Ctrl Pts',(23.5308002653502,141.287251950574,60.));
#7119=CARTESIAN_POINT('Ctrl Pts',(24.0788005369566,140.070899451185,-60.));
#7120=CARTESIAN_POINT('Ctrl Pts',(24.0788005369566,140.070899451185,60.));
#7121=CARTESIAN_POINT('',(30.6939862882994,153.176605888868,20.3723995066417));
#7122=CARTESIAN_POINT('Ctrl Pts',(24.0788005369566,140.070899451185,19.9872755269658));
#7123=CARTESIAN_POINT('Ctrl Pts',(24.0313706377864,140.176175815797,19.9872903645478));
#7124=CARTESIAN_POINT('Ctrl Pts',(23.8958627538857,140.420630499497,19.9873938683379));
#7125=CARTESIAN_POINT('Ctrl Pts',(23.8584637516414,140.877511694374,19.9887864839316));
#7126=CARTESIAN_POINT('Ctrl Pts',(23.8744659029075,141.052391013551,19.9894524605263));
#7127=CARTESIAN_POINT('Ctrl Pts',(24.0281973602912,141.640273766446,19.9926883846187));
#7128=CARTESIAN_POINT('Ctrl Pts',(24.2325414458935,142.110538277345,19.9959748708467));
#7129=CARTESIAN_POINT('Ctrl Pts',(25.5368117134337,144.656083767566,20.0265509012745));
#7130=CARTESIAN_POINT('Ctrl Pts',(27.803316326832,148.378713138272,20.0908528151322));
#7131=CARTESIAN_POINT('Ctrl Pts',(30.6939862882994,153.176605888868,20.3723995066417));
#7132=CARTESIAN_POINT('',(30.6939862882994,153.176605888868,-4.82031429740893));
#7133=CARTESIAN_POINT('Ctrl Pts',(30.6939862882994,153.176605888868,-4.82031429740896));
#7134=CARTESIAN_POINT('Ctrl Pts',(27.7577715028286,148.30311848934,-4.53969397844515));
#7135=CARTESIAN_POINT('Ctrl Pts',(25.4597114090705,144.533002543644,-4.47859146383484));
#7136=CARTESIAN_POINT('Ctrl Pts',(24.0808576279528,141.801586221509,-4.44771894570824));
#7137=CARTESIAN_POINT('Ctrl Pts',(23.9087768265152,141.316306626858,-4.44568766022642));
#7138=CARTESIAN_POINT('Ctrl Pts',(23.8564697624535,140.781547843001,-4.44353310047495));
#7139=CARTESIAN_POINT('Ctrl Pts',(23.8734456197908,140.635297935784,-4.44313194583639));
#7140=CARTESIAN_POINT('Ctrl Pts',(23.9528445134983,140.346942756999,-4.44255608755677));
#7141=CARTESIAN_POINT('Ctrl Pts',(24.0183250507841,140.205132064869,-4.44241815950441));
#7142=CARTESIAN_POINT('Ctrl Pts',(24.0788005369566,140.070899451185,-4.44239959440168));
#7143=CARTESIAN_POINT('',(30.6939862882994,153.176605888868,0.));
#7144=CARTESIAN_POINT('Ctrl Pts',(37.8571757994078,149.319317496228,-60.));
#7145=CARTESIAN_POINT('Ctrl Pts',(37.8571757994078,149.319317496228,60.));
#7146=CARTESIAN_POINT('Ctrl Pts',(37.8571757994078,165.065960481191,-60.));
#7147=CARTESIAN_POINT('Ctrl Pts',(37.8571757994078,165.065960481191,60.));
#7148=CARTESIAN_POINT('Ctrl Pts',(37.8571757994078,165.065960481191,-60.));
#7149=CARTESIAN_POINT('Ctrl Pts',(37.8571757994078,165.065960481191,60.));
#7150=CARTESIAN_POINT('Ctrl Pts',(30.6939862882994,153.176605888868,-60.));
#7151=CARTESIAN_POINT('Ctrl Pts',(30.6939862882994,153.176605888868,60.));
#7152=CARTESIAN_POINT('',(37.8571757994078,149.319317496228,20.1793617331111));
#7153=CARTESIAN_POINT('Ctrl Pts',(30.6939862882994,153.176605888868,20.3723995066417));
#7154=CARTESIAN_POINT('Ctrl Pts',(32.4202969284986,156.041910416411,20.5405393654988));
#7155=CARTESIAN_POINT('Ctrl Pts',(33.8032274510032,158.343091896418,20.7306813374176));
#7156=CARTESIAN_POINT('Ctrl Pts',(35.3062410360697,160.470959174771,20.9189369377841));
#7157=CARTESIAN_POINT('Ctrl Pts',(35.7017368965659,160.9591394982,20.9649292391724));
#7158=CARTESIAN_POINT('Ctrl Pts',(36.200298522676,161.419848675755,21.0087370390625));
#7159=CARTESIAN_POINT('Ctrl Pts',(36.3491349163882,161.527654896344,21.0191312007926));
#7160=CARTESIAN_POINT('Ctrl Pts',(36.5588891696342,161.627058745508,21.0287287852715));
#7161=CARTESIAN_POINT('Ctrl Pts',(36.6398355045865,161.654100757834,21.0313484219766));
#7162=CARTESIAN_POINT('Ctrl Pts',(36.779934126118,161.665147536728,21.0324184429889));
#7163=CARTESIAN_POINT('Ctrl Pts',(36.8365369159386,161.659505516272,21.0318712195248));
#7164=CARTESIAN_POINT('Ctrl Pts',(36.9447203229271,161.624303468327,21.028464477398));
#7165=CARTESIAN_POINT('Ctrl Pts',(36.9927014568934,161.596762457445,21.0258009262576));
#7166=CARTESIAN_POINT('Ctrl Pts',(37.0969406299588,161.512943165368,21.0177194118588));
#7167=CARTESIAN_POINT('Ctrl Pts',(37.1477416024982,161.450517095682,21.0117189382793));
#7168=CARTESIAN_POINT('Ctrl Pts',(37.2725164752322,161.258557427525,20.9933640767261));
#7169=CARTESIAN_POINT('Ctrl Pts',(37.3376328002215,161.099041328747,20.9782323892092));
#7170=CARTESIAN_POINT('Ctrl Pts',(37.5361790191031,160.465762661363,20.9189815459481));
#7171=CARTESIAN_POINT('Ctrl Pts',(37.6201214643551,159.828285407923,20.8612573785569));
#7172=CARTESIAN_POINT('Ctrl Pts',(37.8648006448606,157.135062343295,20.6300111343552));
#7173=CARTESIAN_POINT('Ctrl Pts',(37.8571757994078,153.670422813116,20.3595671184199));
#7174=CARTESIAN_POINT('Ctrl Pts',(37.8571757994078,149.319317496229,20.1793617331111));
#7175=CARTESIAN_POINT('',(37.8571757994078,149.319317496228,-4.63089307990846));
#7176=CARTESIAN_POINT('Ctrl Pts',(37.8571757994078,149.319317496228,-4.63089307990851));
#7177=CARTESIAN_POINT('Ctrl Pts',(37.8571757994078,153.057101855941,-4.78279934309135));
#7178=CARTESIAN_POINT('Ctrl Pts',(37.8625758894044,156.10836626115,-4.99806039274883));
#7179=CARTESIAN_POINT('Ctrl Pts',(37.6638059902447,159.714789266787,-5.28611683333816));
#7180=CARTESIAN_POINT('Ctrl Pts',(37.5234365741723,160.68617222748,-5.37639043510705));
#7181=CARTESIAN_POINT('Ctrl Pts',(37.2364387202589,161.317091284423,-5.43507815798493));
#7182=CARTESIAN_POINT('Ctrl Pts',(37.1763763001396,161.418873153315,-5.44463261757564));
#7183=CARTESIAN_POINT('Ctrl Pts',(37.0576528184662,161.548349958172,-5.4568442084164));
#7184=CARTESIAN_POINT('Ctrl Pts',(37.0043038466217,161.591784226127,-5.46095828779771));
#7185=CARTESIAN_POINT('Ctrl Pts',(36.8916796816483,161.645464019529,-5.46605043563917));
#7186=CARTESIAN_POINT('Ctrl Pts',(36.8382129292842,161.658809886602,-5.46731955583877));
#7187=CARTESIAN_POINT('Ctrl Pts',(36.7205860248228,161.664565805054,-5.4678666000796));
#7188=CARTESIAN_POINT('Ctrl Pts',(36.6595895465178,161.65476099581,-5.46693416002813));
#7189=CARTESIAN_POINT('Ctrl Pts',(36.5035060339246,161.607920253751,-5.46248748059905));
#7190=CARTESIAN_POINT('Ctrl Pts',(36.4087942899198,161.556145798672,-5.45757998723937));
#7191=CARTESIAN_POINT('Ctrl Pts',(36.1508683743052,161.384081359362,-5.44135019762073));
#7192=CARTESIAN_POINT('Ctrl Pts',(35.9570078450689,161.206136796068,-5.42462923575863));
#7193=CARTESIAN_POINT('Ctrl Pts',(35.1867284824286,160.353057481529,-5.34618366552869));
#7194=CARTESIAN_POINT('Ctrl Pts',(34.4899033528228,159.343411214053,-5.25477263626438));
#7195=CARTESIAN_POINT('Ctrl Pts',(32.6842514836824,156.48848451388,-5.03055075597609));
#7196=CARTESIAN_POINT('Ctrl Pts',(31.73425164094,154.903222730216,-4.91973463628059));
#7197=CARTESIAN_POINT('Ctrl Pts',(30.6939862882994,153.176605888868,-4.82031429740897));
#7198=CARTESIAN_POINT('',(37.8571757994078,149.319317496228,0.));
#7199=CARTESIAN_POINT('Ctrl Pts',(36.4190042814635,133.730369609571,-60.));
#7200=CARTESIAN_POINT('Ctrl Pts',(36.4190042814635,133.730369609571,60.));
#7201=CARTESIAN_POINT('Ctrl Pts',(37.8571757994078,133.572673421216,-60.));
#7202=CARTESIAN_POINT('Ctrl Pts',(37.8571757994078,133.572673421216,60.));
#7203=CARTESIAN_POINT('Ctrl Pts',(37.8571757994078,133.572673421216,-60.));
#7204=CARTESIAN_POINT('Ctrl Pts',(37.8571757994078,133.572673421216,60.));
#7205=CARTESIAN_POINT('Ctrl Pts',(37.8571757994078,149.319317496228,-60.));
#7206=CARTESIAN_POINT('Ctrl Pts',(37.8571757994078,149.319317496228,60.));
#7207=CARTESIAN_POINT('',(36.4190042814635,133.730369609571,20.0760324694759));
#7208=CARTESIAN_POINT('Ctrl Pts',(37.8571757994078,149.319317496229,20.1793617331111));
#7209=CARTESIAN_POINT('Ctrl Pts',(37.8571757994078,142.817053765219,19.910063967213));
#7210=CARTESIAN_POINT('Ctrl Pts',(37.8860839447383,137.824354241684,19.9867932642694));
#7211=CARTESIAN_POINT('Ctrl Pts',(37.6299781859095,135.046263119793,20.0422706734205));
#7212=CARTESIAN_POINT('Ctrl Pts',(37.563301773592,134.589256724223,20.0532778439064));
#7213=CARTESIAN_POINT('Ctrl Pts',(37.4049491377005,134.121563876762,20.0653162357763));
#7214=CARTESIAN_POINT('Ctrl Pts',(37.3489253564162,134.01073868543,20.0683021761326));
#7215=CARTESIAN_POINT('Ctrl Pts',(37.2360088490414,133.86255622357,20.0723417394701));
#7216=CARTESIAN_POINT('Ctrl Pts',(37.1818042681015,133.814747425064,20.0736710608463));
#7217=CARTESIAN_POINT('Ctrl Pts',(37.0665096779172,133.747874505004,20.0755381504664));
#7218=CARTESIAN_POINT('Ctrl Pts',(37.0065379971136,133.727798655537,20.0761045418958));
#7219=CARTESIAN_POINT('Ctrl Pts',(36.7936770444796,133.689246690067,20.0771919476056));
#7220=CARTESIAN_POINT('Ctrl Pts',(36.6202106961597,133.708307230867,20.0766533761474));
#7221=CARTESIAN_POINT('Ctrl Pts',(36.4190042814635,133.730369609571,20.0760324694759));
#7222=CARTESIAN_POINT('',(36.4190042814635,133.730369609571,-4.52949719853387));
#7223=CARTESIAN_POINT('Ctrl Pts',(36.4190042814635,133.730369609571,-4.5294971985339));
#7224=CARTESIAN_POINT('Ctrl Pts',(36.5987431057333,133.710661162329,-4.53004148444301));
#7225=CARTESIAN_POINT('Ctrl Pts',(36.7560609090229,133.69340787932,-4.53052042131951));
#7226=CARTESIAN_POINT('Ctrl Pts',(36.9684394707325,133.717576555131,-4.52985070292382));
#7227=CARTESIAN_POINT('Ctrl Pts',(37.0399061214115,133.736069958313,-4.52933710181066));
#7228=CARTESIAN_POINT('Ctrl Pts',(37.168091566235,133.804197374352,-4.5274678956865));
#7229=CARTESIAN_POINT('Ctrl Pts',(37.2198840778653,133.848439352428,-4.52626082837709));
#7230=CARTESIAN_POINT('Ctrl Pts',(37.319231601414,133.966227954142,-4.52309621936011));
#7231=CARTESIAN_POINT('Ctrl Pts',(37.3689426763007,134.050402204756,-4.52085656480711));
#7232=CARTESIAN_POINT('Ctrl Pts',(37.5034657414556,134.376464416657,-4.51246643874818));
#7233=CARTESIAN_POINT('Ctrl Pts',(37.5623155941426,134.658840302876,-4.50556065459571));
#7234=CARTESIAN_POINT('Ctrl Pts',(37.8766721049299,136.761308174878,-4.45870987017535));
#7235=CARTESIAN_POINT('Ctrl Pts',(37.8571757994078,142.635246758352,-4.35924760469478));
#7236=CARTESIAN_POINT('Ctrl Pts',(37.8571757994078,149.319317496228,-4.6308930799085));
#7237=CARTESIAN_POINT('',(36.4190042814635,133.730369609571,0.));
#7238=CARTESIAN_POINT('Ctrl Pts',(29.8038185301207,136.3713072469,-60.));
#7239=CARTESIAN_POINT('Ctrl Pts',(29.8038185301207,136.3713072469,60.));
#7240=CARTESIAN_POINT('Ctrl Pts',(34.98082927536,133.888065797925,-60.));
#7241=CARTESIAN_POINT('Ctrl Pts',(34.98082927536,133.888065797925,60.));
#7242=CARTESIAN_POINT('Ctrl Pts',(34.98082927536,133.888065797925,-60.));
#7243=CARTESIAN_POINT('Ctrl Pts',(34.98082927536,133.888065797925,60.));
#7244=CARTESIAN_POINT('Ctrl Pts',(36.4190042814635,133.730369609571,-60.));
#7245=CARTESIAN_POINT('Ctrl Pts',(36.4190042814635,133.730369609571,60.));
#7246=CARTESIAN_POINT('Ctrl Pts',(36.4190042814634,133.730369609571,20.0760324694759));
#7247=CARTESIAN_POINT('Ctrl Pts',(35.7303936058045,133.80587591329,20.073907477953));
#7248=CARTESIAN_POINT('Ctrl Pts',(35.3748322787218,133.834884823195,20.0728515326588));
#7249=CARTESIAN_POINT('Ctrl Pts',(33.5567345262101,134.56071214614,20.0538772368228));
#7250=CARTESIAN_POINT('Ctrl Pts',(31.9553201685438,135.339302812491,20.0341535211615));
#7251=CARTESIAN_POINT('Ctrl Pts',(29.8038185301207,136.3713072469,20.0172719026213));
#7252=CARTESIAN_POINT('Ctrl Pts',(29.8038185301207,136.3713072469,-4.47183532143783));
#7253=CARTESIAN_POINT('Ctrl Pts',(31.9553135559607,135.339305984329,-4.48840132137251));
#7254=CARTESIAN_POINT('Ctrl Pts',(33.5567316267389,134.560713537466,-4.50775625839717));
#7255=CARTESIAN_POINT('Ctrl Pts',(35.3748307799343,133.834885211066,-4.5263757475347));
#7256=CARTESIAN_POINT('Ctrl Pts',(35.7303932577318,133.805875951456,-4.52741194861891));
#7257=CARTESIAN_POINT('Ctrl Pts',(36.4190042814635,133.730369609571,-4.5294971985339));
#7258=CARTESIAN_POINT('Ctrl Pts',(37.8571757994078,122.332683916211,-60.));
#7259=CARTESIAN_POINT('Ctrl Pts',(37.8571757994078,122.332683916211,60.));
#7260=CARTESIAN_POINT('Ctrl Pts',(37.8571757994078,131.043001085401,-60.));
#7261=CARTESIAN_POINT('Ctrl Pts',(37.8571757994078,131.043001085401,60.));
#7262=CARTESIAN_POINT('Ctrl Pts',(37.8571757994078,131.043001085401,-60.));
#7263=CARTESIAN_POINT('Ctrl Pts',(37.8571757994078,131.043001085401,60.));
#7264=CARTESIAN_POINT('Ctrl Pts',(36.4501186613463,131.197285854078,-60.));
#7265=CARTESIAN_POINT('Ctrl Pts',(36.4501186613463,131.197285854078,60.));
#7266=CARTESIAN_POINT('',(36.4501186613463,131.197285854078,20.1616495764591));
#7267=CARTESIAN_POINT('',(37.8571757994078,122.332683916211,20.6873829512739));
#7268=CARTESIAN_POINT('Ctrl Pts',(36.4501186613463,131.197285854078,20.1616495764591));
#7269=CARTESIAN_POINT('Ctrl Pts',(36.6990354828126,131.169991955926,20.1627265401945));
#7270=CARTESIAN_POINT('Ctrl Pts',(36.9013210366556,131.147585148386,20.1636067113687));
#7271=CARTESIAN_POINT('Ctrl Pts',(37.1592547714395,131.04702029302,20.1676264151292));
#7272=CARTESIAN_POINT('Ctrl Pts',(37.2390659349758,130.999168916047,20.1695444633547));
#7273=CARTESIAN_POINT('Ctrl Pts',(37.3744132031464,130.869843218777,20.1748008569545));
#7274=CARTESIAN_POINT('Ctrl Pts',(37.4317962447258,130.790958884681,20.1780281658816));
#7275=CARTESIAN_POINT('Ctrl Pts',(37.5515827266072,130.54993925661,20.1880860144212));
#7276=CARTESIAN_POINT('Ctrl Pts',(37.607920868289,130.368636964873,20.1957541423761));
#7277=CARTESIAN_POINT('Ctrl Pts',(37.7547502058654,129.606947679571,20.2294424851245));
#7278=CARTESIAN_POINT('Ctrl Pts',(37.8074988054333,128.800747768386,20.2651633897489));
#7279=CARTESIAN_POINT('Ctrl Pts',(37.8625727795508,125.965513438663,20.42415938262));
#7280=CARTESIAN_POINT('Ctrl Pts',(37.8571757994078,124.237856609071,20.53648806568));
#7281=CARTESIAN_POINT('Ctrl Pts',(37.8571757994078,122.332683916211,20.6873829512738));
#7282=CARTESIAN_POINT('',(36.4501186613463,131.197285854078,-4.61351245652282));
#7283=CARTESIAN_POINT('',(36.4501186613463,131.197285854078,0.));
#7284=CARTESIAN_POINT('',(37.8571757994078,122.332683916211,-5.12938350350496));
#7285=CARTESIAN_POINT('Ctrl Pts',(37.8571757994078,122.332683916211,-5.12938350350498));
#7286=CARTESIAN_POINT('Ctrl Pts',(37.8571757994078,125.91984050008,-4.85061279813146));
#7287=CARTESIAN_POINT('Ctrl Pts',(37.8859132737382,128.683566235875,-4.72105565646237));
#7288=CARTESIAN_POINT('Ctrl Pts',(37.6408315559462,130.228572047207,-4.65293533534171));
#7289=CARTESIAN_POINT('Ctrl Pts',(37.5851843313879,130.466765983536,-4.64289102137967));
#7290=CARTESIAN_POINT('Ctrl Pts',(37.4435238310362,130.775183847216,-4.63021473804465));
#7291=CARTESIAN_POINT('Ctrl Pts',(37.3796801896287,130.865678160328,-4.62658279733788));
#7292=CARTESIAN_POINT('Ctrl Pts',(37.2415616639046,130.995981106862,-4.62138755040774));
#7293=CARTESIAN_POINT('Ctrl Pts',(37.1687887911365,131.040988379187,-4.61961522630659));
#7294=CARTESIAN_POINT('Ctrl Pts',(36.9160954263467,131.145918051347,-4.6154962069872));
#7295=CARTESIAN_POINT('Ctrl Pts',(36.7080878604824,131.16899935658,-4.61460769635332));
#7296=CARTESIAN_POINT('Ctrl Pts',(36.4501186613463,131.197285854078,-4.61351245652284));
#7297=CARTESIAN_POINT('',(37.8571757994078,122.332683916211,0.));
#7298=CARTESIAN_POINT('Origin',(37.4494898162223,119.673172281918,-1.35525271560688E-19));
#7299=CARTESIAN_POINT('',(37.4494898162223,119.673172281918,20.9139573415191));
#7300=CARTESIAN_POINT('Origin',(40.5714846799846,140.039292297875,244.247953868861));
#7301=CARTESIAN_POINT('',(37.4494898162223,119.673172281918,-5.35169362767431));
#7302=CARTESIAN_POINT('Origin',(40.5714846799846,140.039292297875,-232.973900914913));
#7303=CARTESIAN_POINT('',(37.4494898162223,119.673172281918,-1.35525271560688E-19));
#7304=CARTESIAN_POINT('Origin',(37.05410835831,119.733781709726,0.));
#7305=CARTESIAN_POINT('',(37.0493373103051,119.333810164362,20.9451642333576));
#7306=CARTESIAN_POINT('Ctrl Pts',(37.4494898162223,119.673172281918,20.9139573415191));
#7307=CARTESIAN_POINT('Ctrl Pts',(37.4446919859771,119.641873964383,20.9168114761387));
#7308=CARTESIAN_POINT('Ctrl Pts',(37.4359978376049,119.610475027871,20.9196816486958));
#7309=CARTESIAN_POINT('Ctrl Pts',(37.4031843810397,119.53130698434,20.9269341675934));
#7310=CARTESIAN_POINT('Ctrl Pts',(37.3723425811568,119.486272026719,20.9310770260928));
#7311=CARTESIAN_POINT('Ctrl Pts',(37.3012568099653,119.415303332033,20.9376200450156));
#7312=CARTESIAN_POINT('Ctrl Pts',(37.2563356324044,119.384577717937,20.940461755553));
#7313=CARTESIAN_POINT('Ctrl Pts',(37.1578689020656,119.343816265372,20.9442357177699));
#7314=CARTESIAN_POINT('Ctrl Pts',(37.1043227761851,119.333781709726,20.9451668717813));
#7315=CARTESIAN_POINT('Ctrl Pts',(37.0525212636577,119.333781709726,20.9451668717813));
#7316=CARTESIAN_POINT('Ctrl Pts',(37.050930833072,119.333791156075,20.9451659958781));
#7317=CARTESIAN_POINT('Ctrl Pts',(37.0493373103051,119.333810164362,20.9451642333576));
#7318=CARTESIAN_POINT('',(37.0493373103051,119.333810164362,-5.38231252808842));
#7319=CARTESIAN_POINT('Ctrl Pts',(37.0493373103051,119.333810164362,-5.38231252808845));
#7320=CARTESIAN_POINT('Ctrl Pts',(37.050930826702,119.333791156151,-5.38231425738856));
#7321=CARTESIAN_POINT('Ctrl Pts',(37.052521257161,119.333781709726,-5.38231511679289));
#7322=CARTESIAN_POINT('Ctrl Pts',(37.104323164138,119.333781709726,-5.38231511679289));
#7323=CARTESIAN_POINT('Ctrl Pts',(37.1578702758173,119.343816372931,-5.38140150004494));
#7324=CARTESIAN_POINT('Ctrl Pts',(37.2563401688735,119.38458005701,-5.37769845117744));
#7325=CARTESIAN_POINT('Ctrl Pts',(37.3012635016487,119.415307843296,-5.37491009128028));
#7326=CARTESIAN_POINT('Ctrl Pts',(37.3723471472464,119.486278764858,-5.36849016049569));
#7327=CARTESIAN_POINT('Ctrl Pts',(37.4031867998707,119.53131164797,-5.36442554927621));
#7328=CARTESIAN_POINT('Ctrl Pts',(37.4359983283369,119.610476921395,-5.35730992186423));
#7329=CARTESIAN_POINT('Ctrl Pts',(37.4446921147752,119.641874804588,-5.35449391762444));
#7330=CARTESIAN_POINT('Ctrl Pts',(37.4494898162223,119.673172281918,-5.3516936276743));
#7331=CARTESIAN_POINT('',(37.0493373103051,119.333810164362,0.));
#7332=CARTESIAN_POINT('Origin',(22.5792505224959,119.50641613971,0.));
#7333=CARTESIAN_POINT('',(22.5792505224959,119.50641613971,20.9292268304584));
#7334=CARTESIAN_POINT('Origin',(-1698.7545527377,140.039292297875,244.247953868861));
#7335=CARTESIAN_POINT('',(22.5792505224959,119.50641613971,-5.3666754331799));
#7336=CARTESIAN_POINT('Origin',(-1698.7545527377,140.039292297875,-232.973900914913));
#7337=CARTESIAN_POINT('',(22.5792505224959,119.50641613971,0.));
#7338=CARTESIAN_POINT('Origin',(22.5840215705008,119.906387685074,0.));
#7339=CARTESIAN_POINT('',(22.3204588583131,120.207277526618,20.8658954140877));
#7340=CARTESIAN_POINT('Ctrl Pts',(22.5792505224959,119.50641613971,20.9292268304584));
#7341=CARTESIAN_POINT('Ctrl Pts',(22.5304260507787,119.506998540886,20.9291732820105));
#7342=CARTESIAN_POINT('Ctrl Pts',(22.4787042943488,119.517066465208,20.9282469706856));
#7343=CARTESIAN_POINT('Ctrl Pts',(22.3817922372583,119.557184755388,20.9245638290067));
#7344=CARTESIAN_POINT('Ctrl Pts',(22.3368700866006,119.587911352226,20.9217459783607));
#7345=CARTESIAN_POINT('Ctrl Pts',(22.2657852916722,119.658881041636,20.9152581840219));
#7346=CARTESIAN_POINT('Ctrl Pts',(22.2349444676061,119.703915045919,20.9111505120509));
#7347=CARTESIAN_POINT('Ctrl Pts',(22.1940631644807,119.802549180842,20.9021915861773));
#7348=CARTESIAN_POINT('Ctrl Pts',(22.1840215705008,119.856148940694,20.8973413377088));
#7349=CARTESIAN_POINT('Ctrl Pts',(22.1840215705008,119.95662012968,20.8882850121847));
#7350=CARTESIAN_POINT('Ctrl Pts',(22.1940609110927,120.010216977074,20.8834727114341));
#7351=CARTESIAN_POINT('Ctrl Pts',(22.2349384275419,120.108849526121,20.8746502897299));
#7352=CARTESIAN_POINT('Ctrl Pts',(22.2657778392794,120.153884633386,20.8706392500358));
#7353=CARTESIAN_POINT('Ctrl Pts',(22.307489786904,120.19553167808,20.8669384465209));
#7354=CARTESIAN_POINT('Ctrl Pts',(22.3138485200861,120.201487239174,20.8664094798409));
#7355=CARTESIAN_POINT('Ctrl Pts',(22.3204588583131,120.207277526618,20.8658954140877));
#7356=CARTESIAN_POINT('',(22.3204588583131,120.207277526618,-5.3045369571515));
#7357=CARTESIAN_POINT('Ctrl Pts',(22.3204588583131,120.207277526618,-5.30453695715153));
#7358=CARTESIAN_POINT('Ctrl Pts',(22.3138456033795,120.201484684301,-5.30504156494061));
#7359=CARTESIAN_POINT('Ctrl Pts',(22.3074841317932,120.195526383658,-5.30556080927251));
#7360=CARTESIAN_POINT('Ctrl Pts',(22.2657736283621,120.153878370445,-5.30919200691104));
#7361=CARTESIAN_POINT('Ctrl Pts',(22.2349362748049,120.108845343636,-5.31312732907595));
#7362=CARTESIAN_POINT('Ctrl Pts',(22.1940608410767,120.010215796268,-5.32178333198721));
#7363=CARTESIAN_POINT('Ctrl Pts',(22.1840215705008,119.956619848328,-5.32650491594732));
#7364=CARTESIAN_POINT('Ctrl Pts',(22.1840215705008,119.8561494573,-5.33539058874545));
#7365=CARTESIAN_POINT('Ctrl Pts',(22.1940630102387,119.802550705856,-5.34014938431375));
#7366=CARTESIAN_POINT('Ctrl Pts',(22.2349420890948,119.703919631738,-5.34893926815934));
#7367=CARTESIAN_POINT('Ctrl Pts',(22.26578080228,119.658887666435,-5.35296937126279));
#7368=CARTESIAN_POINT('Ctrl Pts',(22.3368635082152,119.587915787113,-5.35933512992177));
#7369=CARTESIAN_POINT('Ctrl Pts',(22.3817877777219,119.55718705481,-5.36210008191319));
#7370=CARTESIAN_POINT('Ctrl Pts',(22.4787029072418,119.517066600452,-5.36571402349691));
#7371=CARTESIAN_POINT('Ctrl Pts',(22.5304256345999,119.50699854585,-5.36662289322594));
#7372=CARTESIAN_POINT('Ctrl Pts',(22.5792505224959,119.50641613971,-5.36667543317993));
#7373=CARTESIAN_POINT('',(22.3204588583131,120.207277526618,0.));
#7374=CARTESIAN_POINT('Origin',(24.923011797943,122.486968684888,-1.35525271560688E-19));
#7375=CARTESIAN_POINT('',(24.923011797943,122.486968684888,20.6752167447561));
#7376=CARTESIAN_POINT('Origin',(44.961187254558,140.039292297875,244.247953868861));
#7377=CARTESIAN_POINT('',(24.923011797943,122.486968684888,-5.11744603464412));
#7378=CARTESIAN_POINT('Origin',(44.961187254558,140.039292297875,-232.973900914913));
#7379=CARTESIAN_POINT('',(24.923011797943,122.486968684888,-1.35525271560688E-19));
#7380=CARTESIAN_POINT('Ctrl Pts',(36.4501186613463,131.197285854078,-60.));
#7381=CARTESIAN_POINT('Ctrl Pts',(36.4501186613463,131.197285854078,60.));
#7382=CARTESIAN_POINT('Ctrl Pts',(35.0430650114439,131.351570622754,-60.));
#7383=CARTESIAN_POINT('Ctrl Pts',(35.0430650114439,131.351570622754,60.));
#7384=CARTESIAN_POINT('Ctrl Pts',(35.0430650114439,131.351570622754,-60.));
#7385=CARTESIAN_POINT('Ctrl Pts',(35.0430650114439,131.351570622754,60.));
#7386=CARTESIAN_POINT('Ctrl Pts',(24.923011797943,122.486968684888,-60.));
#7387=CARTESIAN_POINT('Ctrl Pts',(24.923011797943,122.486968684888,60.));
#7388=CARTESIAN_POINT('Ctrl Pts',(24.923011797943,122.486968684888,20.6752167447561));
#7389=CARTESIAN_POINT('Ctrl Pts',(29.0678539382518,126.117619126539,20.3901804192308));
#7390=CARTESIAN_POINT('Ctrl Pts',(32.2714413529272,128.952731326471,20.257866180563));
#7391=CARTESIAN_POINT('Ctrl Pts',(34.6750546704487,130.769162205275,20.1782868508403));
#7392=CARTESIAN_POINT('Ctrl Pts',(35.1228254022204,131.031211807993,20.1682337333636));
#7393=CARTESIAN_POINT('Ctrl Pts',(35.6564248474901,131.206361679537,20.1612840117843));
#7394=CARTESIAN_POINT('Ctrl Pts',(35.8114106014888,131.228342236356,20.1604262932973));
#7395=CARTESIAN_POINT('Ctrl Pts',(36.1203777359593,131.233453478868,20.1602253815142));
#7396=CARTESIAN_POINT('Ctrl Pts',(36.2743805260139,131.216555707476,20.1608892258055));
#7397=CARTESIAN_POINT('Ctrl Pts',(36.4501186613463,131.197285854078,20.1616495764591));
#7398=CARTESIAN_POINT('Ctrl Pts',(36.4501186613463,131.197285854078,-4.61351245652284));
#7399=CARTESIAN_POINT('Ctrl Pts',(36.1268870518276,131.232728506962,-4.61214013373382));
#7400=CARTESIAN_POINT('Ctrl Pts',(35.8794269862042,131.259460678881,-4.61109788195128));
#7401=CARTESIAN_POINT('Ctrl Pts',(35.353412996778,131.116531230857,-4.61664606100727));
#7402=CARTESIAN_POINT('Ctrl Pts',(35.1078505004295,131.004999267057,-4.62095162805038));
#7403=CARTESIAN_POINT('Ctrl Pts',(33.2838620541454,129.874837608036,-4.66665225545977));
#7404=CARTESIAN_POINT('Ctrl Pts',(29.2214839830817,126.252190473585,-4.82740206224669));
#7405=CARTESIAN_POINT('Ctrl Pts',(24.923011797943,122.486968684888,-5.11744603464415));
#7406=CARTESIAN_POINT('Origin',(41.5,140.039292297875,244.247953868861));
#7407=CARTESIAN_POINT('',(41.5,130.39123806111,20.1949068045027));
#7408=CARTESIAN_POINT('Origin',(41.5,140.039292297875,-232.973900914913));
#7409=CARTESIAN_POINT('',(41.5,149.855933705054,-4.65333318983515));
#7410=CARTESIAN_POINT('Origin',(-23.4999999999999,140.024284716076,244.24859961387));
#7411=CARTESIAN_POINT('',(-18.4999999999999,69.217770802366,31.4592896456324));
#7412=CARTESIAN_POINT('',(-23.4999999999999,69.217770802366,31.4592896456324));
#7413=CARTESIAN_POINT('Origin',(-18.4999999999999,140.024284716076,244.24859961387));
#7414=CARTESIAN_POINT('Origin',(-23.4999999999999,140.024284716076,244.24859961387));
#7415=CARTESIAN_POINT('',(-23.4999999999999,215.024284716076,32.9008935715023));
#7416=CARTESIAN_POINT('Origin',(-23.4999999999999,140.024284716076,-232.973255169887));
#7417=CARTESIAN_POINT('',(-23.4999999999999,215.024284716076,-17.0991064284977));
#7418=CARTESIAN_POINT('Origin',(-18.4999999999999,56.0129409329805,3.90502224046935));
#7419=CARTESIAN_POINT('',(-18.4999999999999,56.0129409329805,3.90502224046935));
#7420=CARTESIAN_POINT('',(-18.4999999999999,40.5129409329806,3.90502224046934));
#7421=CARTESIAN_POINT('',(-18.4999999999999,98.3008013100049,3.90502224046937));
#7422=CARTESIAN_POINT('',(-20.9999999999999,56.0129409329805,3.90502224046935));
#7423=CARTESIAN_POINT('',(-18.4999999999999,56.0129409329805,3.90502224046935));
#7424=CARTESIAN_POINT('',(-20.9999999999999,40.5129409329806,3.90502224046934));
#7425=CARTESIAN_POINT('',(-20.9999999999999,40.5129409329806,3.90502224046934));
#7426=CARTESIAN_POINT('',(-18.4999999999999,40.5129409329806,3.90502224046934));
#7427=CARTESIAN_POINT('Origin',(-18.4999999999999,60.0689889249839,0.994733739671282));
#7428=CARTESIAN_POINT('',(-18.4999999999999,60.0689889249839,0.994733739671282));
#7429=CARTESIAN_POINT('',(-18.4999999999999,85.0104855060026,-16.9012455079955));
#7430=CARTESIAN_POINT('',(-20.9999999999999,60.0689889249839,0.994733739671282));
#7431=CARTESIAN_POINT('',(-18.4999999999999,60.0689889249839,0.994733739671282));
#7432=CARTESIAN_POINT('',(-20.9999999999999,56.0129409329805,3.90502224046935));
#7433=CARTESIAN_POINT('Origin',(-18.4999999999999,65.0242847160783,7.90089357150227));
#7434=CARTESIAN_POINT('',(-18.4999999999999,60.0782730269013,14.8137054719201));
#7435=CARTESIAN_POINT('Origin',(-18.4999999999999,65.0242847160783,7.90089357150227));
#7436=CARTESIAN_POINT('',(-20.9999999999999,60.0782730269013,14.8137054719201));
#7437=CARTESIAN_POINT('',(-18.4999999999999,60.0782730269013,14.8137054719201));
#7438=CARTESIAN_POINT('Origin',(-20.9999999999999,65.0242847160783,7.90089357150227));
#7439=CARTESIAN_POINT('Origin',(-18.4999999999999,56.0129409329806,11.9050222404693));
#7440=CARTESIAN_POINT('',(-18.4999999999999,56.0129409329806,11.9050222404693));
#7441=CARTESIAN_POINT('',(-18.4999999999999,83.0351744003566,31.2390189588285));
#7442=CARTESIAN_POINT('',(-20.9999999999999,56.0129409329806,11.9050222404693));
#7443=CARTESIAN_POINT('',(-18.4999999999999,56.0129409329806,11.9050222404693));
#7444=CARTESIAN_POINT('',(-20.9999999999999,56.0129409329806,11.9050222404693));
#7445=CARTESIAN_POINT('Origin',(-18.4999999999999,40.5129409329806,11.9050222404693));
#7446=CARTESIAN_POINT('',(-18.4999999999999,40.5129409329806,11.9050222404693));
#7447=CARTESIAN_POINT('',(-18.4999999999999,90.5508013100048,11.9050222404693));
#7448=CARTESIAN_POINT('',(-20.9999999999999,40.5129409329806,11.9050222404693));
#7449=CARTESIAN_POINT('',(-18.4999999999999,40.5129409329806,11.9050222404693));
#7450=CARTESIAN_POINT('',(-20.9999999999999,40.5129409329806,11.9050222404693));
#7451=CARTESIAN_POINT('Origin',(-18.4999999999999,40.5129409329806,7.90502224046934));
#7452=CARTESIAN_POINT('Origin',(-18.4999999999999,40.5129409329806,7.90502224046934));
#7453=CARTESIAN_POINT('Origin',(-20.9999999999999,40.5129409329806,7.90502224046934));
#7454=CARTESIAN_POINT('Origin',(-20.9999999999999,55.0186128245305,7.90089357150227));
#7455=CARTESIAN_POINT('Origin',(-23.4999999999999,35.784856481741,-0.347909638362445));
#7456=CARTESIAN_POINT('',(-18.4999999999999,61.1238684382118,-14.864567500092));
#7457=CARTESIAN_POINT('',(-23.4999999999999,61.1238684382118,-14.864567500092));
#7458=CARTESIAN_POINT('',(-18.4999999999999,35.784856481741,-0.347909638362448));
#7459=CARTESIAN_POINT('',(-18.4999999999999,61.1238684382118,-14.864567500092));
#7460=CARTESIAN_POINT('',(-23.4999999999999,35.784856481741,-0.347909638362448));
#7461=CARTESIAN_POINT('Origin',(-23.4999999999999,40.5129409329806,7.90502224046933));
#7462=CARTESIAN_POINT('',(-18.4999999999999,35.7866115926157,16.1589593701728));
#7463=CARTESIAN_POINT('Origin',(-18.4999999999999,40.5129409329806,7.90502224046933));
#7464=CARTESIAN_POINT('',(-23.4999999999999,35.7866115926157,16.1589593701728));
#7465=CARTESIAN_POINT('Origin',(-23.4999999999999,61.0912903087279,30.6488014400946));
#7466=CARTESIAN_POINT('',(-18.4999999999999,61.0912903087279,30.6488014400946));
#7467=CARTESIAN_POINT('',(-18.4999999999999,61.0912903087279,30.6488014400946));
#7468=CARTESIAN_POINT('',(-23.4999999999999,61.0912903087279,30.6488014400946));
#7469=CARTESIAN_POINT('Origin',(-23.4999999999999,66.0604400685973,21.9708091225138));
#7470=CARTESIAN_POINT('Origin',(-18.4999999999999,66.0604400685973,21.9708091225138));
#7471=CARTESIAN_POINT('Origin',(-23.4999999999999,223.709900900004,7.90089357150229));
#7472=CARTESIAN_POINT('Origin',(-23.4999999999999,140.024284716076,-232.973255169887));
#7473=CARTESIAN_POINT('',(-18.4999999999999,69.1942201747392,-15.6952073788376));
#7474=CARTESIAN_POINT('Origin',(-18.4999999999999,140.024284716076,-232.973255169887));
#7475=CARTESIAN_POINT('',(-23.4999999999999,69.1942201747392,-15.6952073788376));
#7476=CARTESIAN_POINT('Origin',(-23.4999999999999,66.0948634797265,-6.18763207926273));
#7477=CARTESIAN_POINT('Origin',(-18.4999999999999,66.0948634797265,-6.18763207926273));
#7478=CARTESIAN_POINT('Origin',(-18.4999999999999,140.588661687029,7.90089357150229));
#7479=UNCERTAINTY_MEASURE_WITH_UNIT(LENGTH_MEASURE(0.01),#7483,
'DISTANCE_ACCURACY_VALUE',
'Maximum model space distance between geometric entities at asserted c
onnectivities');
#7480=UNCERTAINTY_MEASURE_WITH_UNIT(LENGTH_MEASURE(0.01),#7483,
'DISTANCE_ACCURACY_VALUE',
'Maximum model space distance between geometric entities at asserted c
onnectivities');
#7481=(
GEOMETRIC_REPRESENTATION_CONTEXT(3)
GLOBAL_UNCERTAINTY_ASSIGNED_CONTEXT((#7479))
GLOBAL_UNIT_ASSIGNED_CONTEXT((#7483,#7485,#7486))
REPRESENTATION_CONTEXT('','3D')
);
#7482=(
GEOMETRIC_REPRESENTATION_CONTEXT(3)
GLOBAL_UNCERTAINTY_ASSIGNED_CONTEXT((#7480))
GLOBAL_UNIT_ASSIGNED_CONTEXT((#7483,#7485,#7486))
REPRESENTATION_CONTEXT('','3D')
);
#7483=(
LENGTH_UNIT()
NAMED_UNIT(*)
SI_UNIT(.MILLI.,.METRE.)
);
#7484=(
LENGTH_UNIT()
NAMED_UNIT(*)
SI_UNIT($,.METRE.)
);
#7485=(
NAMED_UNIT(*)
PLANE_ANGLE_UNIT()
SI_UNIT($,.RADIAN.)
);
#7486=(
NAMED_UNIT(*)
SI_UNIT($,.STERADIAN.)
SOLID_ANGLE_UNIT()
);
#7487=SHAPE_DEFINITION_REPRESENTATION(#7488,#7489);
#7488=PRODUCT_DEFINITION_SHAPE('',$,#7491);
#7489=SHAPE_REPRESENTATION('',(#3479),#7481);
#7490=PRODUCT_DEFINITION_CONTEXT('part definition',#7495,'design');
#7491=PRODUCT_DEFINITION('left_mid','left_mid',#7492,#7490);
#7492=PRODUCT_DEFINITION_FORMATION('',$,#7497);
#7493=PRODUCT_RELATED_PRODUCT_CATEGORY('left_mid','left_mid',(#7497));
#7494=APPLICATION_PROTOCOL_DEFINITION('international standard',
'automotive_design',2009,#7495);
#7495=APPLICATION_CONTEXT(
'Core Data for Automotive Mechanical Design Process');
#7496=PRODUCT_CONTEXT('part definition',#7495,'mechanical');
#7497=PRODUCT('left_mid','left_mid',$,(#7496));
#7498=PRESENTATION_STYLE_ASSIGNMENT((#7500));
#7499=PRESENTATION_STYLE_ASSIGNMENT((#7501));
#7500=SURFACE_STYLE_USAGE(.BOTH.,#7502);
#7501=SURFACE_STYLE_USAGE(.BOTH.,#7503);
#7502=SURFACE_SIDE_STYLE('',(#7504));
#7503=SURFACE_SIDE_STYLE('',(#7505));
#7504=SURFACE_STYLE_FILL_AREA(#7506);
#7505=SURFACE_STYLE_FILL_AREA(#7507);
#7506=FILL_AREA_STYLE('Steel - Satin',(#7508));
#7507=FILL_AREA_STYLE('Nylon 12 (with Formlabs Fuse 1 3D Printer)',(#7509));
#7508=FILL_AREA_STYLE_COLOUR('Steel - Satin',#7510);
#7509=FILL_AREA_STYLE_COLOUR(
'Nylon 12 (with Formlabs Fuse 1 3D Printer)',#7511);
#7510=COLOUR_RGB('Steel - Satin',0.627450980392157,0.627450980392157,0.627450980392157);
#7511=COLOUR_RGB('Nylon 12 (with Formlabs Fuse 1 3D Printer)',0.247058823529412,
0.247058823529412,0.247058823529412);
ENDSEC;
END-ISO-10303-21;
