ISO-10303-21;
HEADER;
/* Generated by software containing ST-Developer
 * from STEP Tools, Inc. (www.steptools.com) 
 */

FILE_DESCRIPTION(
/* description */ (''),
/* implementation_level */ '2;1');

FILE_NAME(
/* name */ 'left_upper_bottom.step',
/* time_stamp */ '2026-06-13T15:32:05-06:00',
/* author */ (''),
/* organization */ (''),
/* preprocessor_version */ 'ST-DEVELOPER v20.1',
/* originating_system */ 'Autodesk Translation Framework v15.8.0.0',
/* authorisation */ '');

FILE_SCHEMA (('AUTOMOTIVE_DESIGN { 1 0 10303 214 3 1 1 }'));
ENDSEC;

DATA;
#10=MECHANICAL_DESIGN_GEOMETRIC_PRESENTATION_REPRESENTATION('',(#13),#2632);
#11=SHAPE_REPRESENTATION_RELATIONSHIP('SRR','None',#2639,#12);
#12=ADVANCED_BREP_SHAPE_REPRESENTATION('',(#14),#2631);
#13=STYLED_ITEM('',(#2649),#14);
#14=MANIFOLD_SOLID_BREP('Body1',#1493);
#15=CONICAL_SURFACE('',#1566,1.0415,1.02974425867665);
#16=CONICAL_SURFACE('',#1576,1.0415,1.02974425867665);
#17=CONICAL_SURFACE('',#1591,1.0415,1.02974425867665);
#18=CONICAL_SURFACE('',#1599,1.0415,1.02974425867665);
#19=CONICAL_SURFACE('',#1607,0.625,1.02974425867665);
#20=CONICAL_SURFACE('',#1615,0.625,1.02974425867665);
#21=CONICAL_SURFACE('',#1623,0.625,1.02974425867665);
#22=CONICAL_SURFACE('',#1631,5.45,0.785398163397449);
#23=CONICAL_SURFACE('',#1636,5.45,0.785398163397431);
#24=TOROIDAL_SURFACE('',#1530,8.4098815311565,2.5);
#25=TOROIDAL_SURFACE('',#1535,22.5,2.5);
#26=TOROIDAL_SURFACE('',#1537,7.5,2.5);
#27=TOROIDAL_SURFACE('',#1542,7.49999592134804,2.5);
#28=FACE_BOUND('',#180,.T.);
#29=FACE_BOUND('',#181,.T.);
#30=FACE_BOUND('',#182,.T.);
#31=FACE_BOUND('',#196,.T.);
#32=FACE_BOUND('',#207,.T.);
#33=FACE_BOUND('',#208,.T.);
#34=FACE_BOUND('',#211,.T.);
#35=FACE_BOUND('',#216,.T.);
#36=FACE_BOUND('',#224,.T.);
#37=FACE_BOUND('',#229,.T.);
#38=FACE_BOUND('',#234,.T.);
#39=FACE_BOUND('',#239,.T.);
#40=FACE_BOUND('',#244,.T.);
#41=FACE_BOUND('',#254,.T.);
#42=FACE_BOUND('',#255,.T.);
#43=FACE_BOUND('',#261,.T.);
#44=FACE_BOUND('',#267,.T.);
#45=FACE_BOUND('',#268,.T.);
#46=FACE_BOUND('',#276,.T.);
#47=FACE_BOUND('',#277,.T.);
#48=FACE_BOUND('',#279,.T.);
#49=ELLIPSE('',#1511,2.50000701327275,2.5);
#50=PLANE('',#1510);
#51=PLANE('',#1515);
#52=PLANE('',#1516);
#53=PLANE('',#1524);
#54=PLANE('',#1525);
#55=PLANE('',#1547);
#56=PLANE('',#1555);
#57=PLANE('',#1556);
#58=PLANE('',#1560);
#59=PLANE('',#1561);
#60=PLANE('',#1565);
#61=PLANE('',#1568);
#62=PLANE('',#1578);
#63=PLANE('',#1589);
#64=PLANE('',#1590);
#65=PLANE('',#1593);
#66=PLANE('',#1601);
#67=PLANE('',#1609);
#68=PLANE('',#1617);
#69=PLANE('',#1625);
#70=PLANE('',#1635);
#71=PLANE('',#1640);
#72=PLANE('',#1641);
#73=PLANE('',#1642);
#74=PLANE('',#1643);
#75=PLANE('',#1644);
#76=PLANE('',#1645);
#77=PLANE('',#1646);
#78=PLANE('',#1648);
#79=PLANE('',#1650);
#80=PLANE('',#1651);
#81=PLANE('',#1652);
#82=PLANE('',#1656);
#83=PLANE('',#1657);
#84=PLANE('',#1658);
#85=PLANE('',#1662);
#86=PLANE('',#1663);
#87=PLANE('',#1664);
#88=PLANE('',#1667);
#89=FACE_OUTER_BOUND('',#175,.T.);
#90=FACE_OUTER_BOUND('',#176,.T.);
#91=FACE_OUTER_BOUND('',#177,.T.);
#92=FACE_OUTER_BOUND('',#178,.T.);
#93=FACE_OUTER_BOUND('',#179,.T.);
#94=FACE_OUTER_BOUND('',#183,.T.);
#95=FACE_OUTER_BOUND('',#184,.T.);
#96=FACE_OUTER_BOUND('',#185,.T.);
#97=FACE_OUTER_BOUND('',#186,.T.);
#98=FACE_OUTER_BOUND('',#187,.T.);
#99=FACE_OUTER_BOUND('',#188,.T.);
#100=FACE_OUTER_BOUND('',#189,.T.);
#101=FACE_OUTER_BOUND('',#190,.T.);
#102=FACE_OUTER_BOUND('',#191,.T.);
#103=FACE_OUTER_BOUND('',#192,.T.);
#104=FACE_OUTER_BOUND('',#193,.T.);
#105=FACE_OUTER_BOUND('',#194,.T.);
#106=FACE_OUTER_BOUND('',#195,.T.);
#107=FACE_OUTER_BOUND('',#197,.T.);
#108=FACE_OUTER_BOUND('',#198,.T.);
#109=FACE_OUTER_BOUND('',#199,.T.);
#110=FACE_OUTER_BOUND('',#200,.T.);
#111=FACE_OUTER_BOUND('',#201,.T.);
#112=FACE_OUTER_BOUND('',#202,.T.);
#113=FACE_OUTER_BOUND('',#203,.T.);
#114=FACE_OUTER_BOUND('',#204,.T.);
#115=FACE_OUTER_BOUND('',#205,.T.);
#116=FACE_OUTER_BOUND('',#206,.T.);
#117=FACE_OUTER_BOUND('',#209,.T.);
#118=FACE_OUTER_BOUND('',#210,.T.);
#119=FACE_OUTER_BOUND('',#212,.T.);
#120=FACE_OUTER_BOUND('',#213,.T.);
#121=FACE_OUTER_BOUND('',#214,.T.);
#122=FACE_OUTER_BOUND('',#215,.T.);
#123=FACE_OUTER_BOUND('',#217,.T.);
#124=FACE_OUTER_BOUND('',#218,.T.);
#125=FACE_OUTER_BOUND('',#219,.T.);
#126=FACE_OUTER_BOUND('',#220,.T.);
#127=FACE_OUTER_BOUND('',#221,.T.);
#128=FACE_OUTER_BOUND('',#222,.T.);
#129=FACE_OUTER_BOUND('',#223,.T.);
#130=FACE_OUTER_BOUND('',#225,.T.);
#131=FACE_OUTER_BOUND('',#226,.T.);
#132=FACE_OUTER_BOUND('',#227,.T.);
#133=FACE_OUTER_BOUND('',#228,.T.);
#134=FACE_OUTER_BOUND('',#230,.T.);
#135=FACE_OUTER_BOUND('',#231,.T.);
#136=FACE_OUTER_BOUND('',#232,.T.);
#137=FACE_OUTER_BOUND('',#233,.T.);
#138=FACE_OUTER_BOUND('',#235,.T.);
#139=FACE_OUTER_BOUND('',#236,.T.);
#140=FACE_OUTER_BOUND('',#237,.T.);
#141=FACE_OUTER_BOUND('',#238,.T.);
#142=FACE_OUTER_BOUND('',#240,.T.);
#143=FACE_OUTER_BOUND('',#241,.T.);
#144=FACE_OUTER_BOUND('',#242,.T.);
#145=FACE_OUTER_BOUND('',#243,.T.);
#146=FACE_OUTER_BOUND('',#245,.T.);
#147=FACE_OUTER_BOUND('',#246,.T.);
#148=FACE_OUTER_BOUND('',#247,.T.);
#149=FACE_OUTER_BOUND('',#248,.T.);
#150=FACE_OUTER_BOUND('',#249,.T.);
#151=FACE_OUTER_BOUND('',#250,.T.);
#152=FACE_OUTER_BOUND('',#251,.T.);
#153=FACE_OUTER_BOUND('',#252,.T.);
#154=FACE_OUTER_BOUND('',#253,.T.);
#155=FACE_OUTER_BOUND('',#256,.T.);
#156=FACE_OUTER_BOUND('',#257,.T.);
#157=FACE_OUTER_BOUND('',#258,.T.);
#158=FACE_OUTER_BOUND('',#259,.T.);
#159=FACE_OUTER_BOUND('',#260,.T.);
#160=FACE_OUTER_BOUND('',#262,.T.);
#161=FACE_OUTER_BOUND('',#263,.T.);
#162=FACE_OUTER_BOUND('',#264,.T.);
#163=FACE_OUTER_BOUND('',#265,.T.);
#164=FACE_OUTER_BOUND('',#266,.T.);
#165=FACE_OUTER_BOUND('',#269,.T.);
#166=FACE_OUTER_BOUND('',#270,.T.);
#167=FACE_OUTER_BOUND('',#271,.T.);
#168=FACE_OUTER_BOUND('',#272,.T.);
#169=FACE_OUTER_BOUND('',#273,.T.);
#170=FACE_OUTER_BOUND('',#274,.T.);
#171=FACE_OUTER_BOUND('',#275,.T.);
#172=FACE_OUTER_BOUND('',#278,.T.);
#173=FACE_OUTER_BOUND('',#280,.T.);
#174=FACE_OUTER_BOUND('',#281,.T.);
#175=EDGE_LOOP('',(#957,#958,#959,#960,#961));
#176=EDGE_LOOP('',(#962,#963,#964,#965));
#177=EDGE_LOOP('',(#966,#967,#968,#969,#970));
#178=EDGE_LOOP('',(#971,#972,#973,#974,#975,#976,#977,#978));
#179=EDGE_LOOP('',(#979,#980,#981,#982,#983,#984,#985,#986,#987,#988,#989,
#990));
#180=EDGE_LOOP('',(#991));
#181=EDGE_LOOP('',(#992));
#182=EDGE_LOOP('',(#993));
#183=EDGE_LOOP('',(#994,#995,#996,#997));
#184=EDGE_LOOP('',(#998,#999,#1000,#1001));
#185=EDGE_LOOP('',(#1002,#1003,#1004,#1005,#1006));
#186=EDGE_LOOP('',(#1007,#1008,#1009,#1010));
#187=EDGE_LOOP('',(#1011,#1012,#1013,#1014));
#188=EDGE_LOOP('',(#1015,#1016,#1017,#1018));
#189=EDGE_LOOP('',(#1019,#1020,#1021,#1022));
#190=EDGE_LOOP('',(#1023,#1024,#1025,#1026));
#191=EDGE_LOOP('',(#1027,#1028,#1029,#1030));
#192=EDGE_LOOP('',(#1031,#1032,#1033,#1034));
#193=EDGE_LOOP('',(#1035,#1036,#1037,#1038));
#194=EDGE_LOOP('',(#1039,#1040,#1041,#1042));
#195=EDGE_LOOP('',(#1043,#1044,#1045,#1046,#1047,#1048,#1049,#1050,#1051,
#1052));
#196=EDGE_LOOP('',(#1053));
#197=EDGE_LOOP('',(#1054,#1055,#1056,#1057));
#198=EDGE_LOOP('',(#1058,#1059,#1060,#1061));
#199=EDGE_LOOP('',(#1062,#1063,#1064,#1065));
#200=EDGE_LOOP('',(#1066,#1067,#1068,#1069));
#201=EDGE_LOOP('',(#1070,#1071,#1072,#1073));
#202=EDGE_LOOP('',(#1074,#1075,#1076,#1077));
#203=EDGE_LOOP('',(#1078,#1079,#1080,#1081));
#204=EDGE_LOOP('',(#1082,#1083,#1084,#1085));
#205=EDGE_LOOP('',(#1086,#1087,#1088,#1089));
#206=EDGE_LOOP('',(#1090,#1091,#1092,#1093,#1094,#1095));
#207=EDGE_LOOP('',(#1096));
#208=EDGE_LOOP('',(#1097));
#209=EDGE_LOOP('',(#1098,#1099));
#210=EDGE_LOOP('',(#1100));
#211=EDGE_LOOP('',(#1101));
#212=EDGE_LOOP('',(#1102,#1103,#1104,#1105));
#213=EDGE_LOOP('',(#1106,#1107,#1108,#1109,#1110,#1111,#1112,#1113,#1114,
#1115));
#214=EDGE_LOOP('',(#1116,#1117));
#215=EDGE_LOOP('',(#1118));
#216=EDGE_LOOP('',(#1119));
#217=EDGE_LOOP('',(#1120,#1121,#1122,#1123));
#218=EDGE_LOOP('',(#1124,#1125,#1126,#1127,#1128,#1129,#1130,#1131,#1132,
#1133));
#219=EDGE_LOOP('',(#1134,#1135,#1136,#1137,#1138,#1139,#1140,#1141,#1142,
#1143,#1144,#1145));
#220=EDGE_LOOP('',(#1146,#1147,#1148,#1149));
#221=EDGE_LOOP('',(#1150,#1151,#1152,#1153));
#222=EDGE_LOOP('',(#1154,#1155,#1156));
#223=EDGE_LOOP('',(#1157));
#224=EDGE_LOOP('',(#1158));
#225=EDGE_LOOP('',(#1159,#1160,#1161,#1162));
#226=EDGE_LOOP('',(#1163,#1164,#1165,#1166));
#227=EDGE_LOOP('',(#1167,#1168,#1169));
#228=EDGE_LOOP('',(#1170));
#229=EDGE_LOOP('',(#1171));
#230=EDGE_LOOP('',(#1172,#1173,#1174,#1175));
#231=EDGE_LOOP('',(#1176,#1177,#1178,#1179));
#232=EDGE_LOOP('',(#1180,#1181,#1182));
#233=EDGE_LOOP('',(#1183));
#234=EDGE_LOOP('',(#1184));
#235=EDGE_LOOP('',(#1185,#1186,#1187,#1188));
#236=EDGE_LOOP('',(#1189,#1190,#1191,#1192));
#237=EDGE_LOOP('',(#1193,#1194,#1195));
#238=EDGE_LOOP('',(#1196));
#239=EDGE_LOOP('',(#1197));
#240=EDGE_LOOP('',(#1198,#1199,#1200,#1201));
#241=EDGE_LOOP('',(#1202,#1203,#1204,#1205));
#242=EDGE_LOOP('',(#1206,#1207,#1208));
#243=EDGE_LOOP('',(#1209));
#244=EDGE_LOOP('',(#1210));
#245=EDGE_LOOP('',(#1211,#1212,#1213,#1214));
#246=EDGE_LOOP('',(#1215,#1216,#1217,#1218));
#247=EDGE_LOOP('',(#1219,#1220,#1221,#1222));
#248=EDGE_LOOP('',(#1223,#1224,#1225,#1226));
#249=EDGE_LOOP('',(#1227));
#250=EDGE_LOOP('',(#1228,#1229,#1230,#1231));
#251=EDGE_LOOP('',(#1232,#1233,#1234,#1235));
#252=EDGE_LOOP('',(#1236));
#253=EDGE_LOOP('',(#1237,#1238,#1239,#1240));
#254=EDGE_LOOP('',(#1241));
#255=EDGE_LOOP('',(#1242));
#256=EDGE_LOOP('',(#1243,#1244,#1245,#1246));
#257=EDGE_LOOP('',(#1247,#1248,#1249,#1250));
#258=EDGE_LOOP('',(#1251,#1252,#1253,#1254));
#259=EDGE_LOOP('',(#1255,#1256,#1257,#1258));
#260=EDGE_LOOP('',(#1259,#1260,#1261,#1262,#1263,#1264,#1265,#1266,#1267));
#261=EDGE_LOOP('',(#1268));
#262=EDGE_LOOP('',(#1269,#1270,#1271,#1272,#1273,#1274));
#263=EDGE_LOOP('',(#1275,#1276,#1277,#1278));
#264=EDGE_LOOP('',(#1279,#1280,#1281,#1282,#1283,#1284,#1285,#1286,#1287,
#1288));
#265=EDGE_LOOP('',(#1289,#1290,#1291,#1292));
#266=EDGE_LOOP('',(#1293,#1294,#1295,#1296));
#267=EDGE_LOOP('',(#1297));
#268=EDGE_LOOP('',(#1298));
#269=EDGE_LOOP('',(#1299,#1300,#1301,#1302));
#270=EDGE_LOOP('',(#1303,#1304,#1305,#1306));
#271=EDGE_LOOP('',(#1307,#1308,#1309,#1310));
#272=EDGE_LOOP('',(#1311,#1312,#1313,#1314));
#273=EDGE_LOOP('',(#1315,#1316,#1317,#1318));
#274=EDGE_LOOP('',(#1319,#1320,#1321,#1322));
#275=EDGE_LOOP('',(#1323,#1324,#1325,#1326,#1327,#1328,#1329,#1330,#1331,
#1332,#1333,#1334));
#276=EDGE_LOOP('',(#1335));
#277=EDGE_LOOP('',(#1336));
#278=EDGE_LOOP('',(#1337,#1338,#1339,#1340,#1341,#1342));
#279=EDGE_LOOP('',(#1343,#1344,#1345,#1346,#1347,#1348));
#280=EDGE_LOOP('',(#1349,#1350,#1351,#1352));
#281=EDGE_LOOP('',(#1353,#1354,#1355,#1356,#1357,#1358,#1359,#1360,#1361,
#1362,#1363,#1364,#1365,#1366,#1367,#1368,#1369,#1370,#1371,#1372));
#282=B_SPLINE_CURVE_WITH_KNOTS('',3,(#2126,#2127,#2128,#2129,#2130,#2131,
#2132,#2133,#2134,#2135),.UNSPECIFIED.,.F.,.F.,(4,2,2,2,4),(0.0624875836669496,
0.0943960695520093,0.188792139104019,0.288108937782297,0.387425736460576),
 .UNSPECIFIED.);
#283=B_SPLINE_CURVE_WITH_KNOTS('',3,(#2145,#2146,#2147,#2148,#2149,#2150,
#2151,#2152,#2153,#2154),.UNSPECIFIED.,.F.,.F.,(4,2,2,2,4),(1.48028276093158,
1.58004988843443,1.67981701593728,1.77415941150812,1.86850180707896),
 .UNSPECIFIED.);
#284=B_SPLINE_CURVE_WITH_KNOTS('',3,(#2218,#2219,#2220,#2221,#2222,#2223,
#2224,#2225,#2226,#2227,#2228,#2229,#2230,#2231),.UNSPECIFIED.,.F.,.F.,
(4,2,2,2,2,2,4),(-0.409385735608985,-0.317338178139154,-0.222457191356697,
-0.121179817397133,-0.0608996261858991,0.,0.000789834338860896),
 .UNSPECIFIED.);
#285=B_SPLINE_CURVE_WITH_KNOTS('',3,(#2249,#2250,#2251,#2252,#2253,#2254,
#2255,#2256,#2257,#2258,#2259,#2260,#2261,#2262),.UNSPECIFIED.,.F.,.F.,
(4,2,2,2,2,2,4),(-0.404110538036652,-0.310290078642588,-0.214492574379155,
-0.114289439018043,-0.0573375132790022,0.,0.000793554556852818),
 .UNSPECIFIED.);
#286=B_SPLINE_CURVE_WITH_KNOTS('',3,(#2339,#2340,#2341,#2342,#2343,#2344),
 .UNSPECIFIED.,.F.,.F.,(4,2,4),(3.06307487210892,3.15631767938845,3.24956048666799),
 .UNSPECIFIED.);
#287=B_SPLINE_CURVE_WITH_KNOTS('',3,(#2362,#2363,#2364,#2365,#2366,#2367,
#2368,#2369),.UNSPECIFIED.,.F.,.F.,(4,2,2,4),(-0.142945522124062,-0.134450316416665,
-0.0896335442777764,0.),.UNSPECIFIED.);
#288=B_SPLINE_CURVE_WITH_KNOTS('',3,(#2371,#2372,#2373,#2374,#2375,#2376,
#2377,#2378),.UNSPECIFIED.,.F.,.F.,(4,2,2,4),(0.505920756376612,0.595554300654389,
0.640371072793277,0.648866278500673),.UNSPECIFIED.);
#289=B_SPLINE_CURVE_WITH_KNOTS('',3,(#2385,#2386,#2387,#2388,#2389,#2390),
 .UNSPECIFIED.,.F.,.F.,(4,2,4),(3.06307487210892,3.15631767938845,3.24956048666799),
 .UNSPECIFIED.);
#290=B_SPLINE_CURVE_WITH_KNOTS('',3,(#2408,#2409,#2410,#2411,#2412,#2413,
#2414,#2415),.UNSPECIFIED.,.F.,.F.,(4,2,2,4),(-0.142945522124061,-0.134450316416665,
-0.0896335442777764,0.),.UNSPECIFIED.);
#291=B_SPLINE_CURVE_WITH_KNOTS('',3,(#2417,#2418,#2419,#2420,#2421,#2422,
#2423,#2424),.UNSPECIFIED.,.F.,.F.,(4,2,2,4),(0.505920756376612,0.595554300654389,
0.640371072793277,0.648866278500673),.UNSPECIFIED.);
#292=LINE('',#2121,#415);
#293=LINE('',#2125,#416);
#294=LINE('',#2138,#417);
#295=LINE('',#2140,#418);
#296=LINE('',#2156,#419);
#297=LINE('',#2160,#420);
#298=LINE('',#2163,#421);
#299=LINE('',#2165,#422);
#300=LINE('',#2167,#423);
#301=LINE('',#2169,#424);
#302=LINE('',#2171,#425);
#303=LINE('',#2172,#426);
#304=LINE('',#2175,#427);
#305=LINE('',#2177,#428);
#306=LINE('',#2181,#429);
#307=LINE('',#2185,#430);
#308=LINE('',#2189,#431);
#309=LINE('',#2199,#432);
#310=LINE('',#2201,#433);
#311=LINE('',#2202,#434);
#312=LINE('',#2205,#435);
#313=LINE('',#2207,#436);
#314=LINE('',#2208,#437);
#315=LINE('',#2235,#438);
#316=LINE('',#2245,#439);
#317=LINE('',#2264,#440);
#318=LINE('',#2267,#441);
#319=LINE('',#2271,#442);
#320=LINE('',#2273,#443);
#321=LINE('',#2275,#444);
#322=LINE('',#2277,#445);
#323=LINE('',#2279,#446);
#324=LINE('',#2281,#447);
#325=LINE('',#2283,#448);
#326=LINE('',#2284,#449);
#327=LINE('',#2289,#450);
#328=LINE('',#2293,#451);
#329=LINE('',#2297,#452);
#330=LINE('',#2302,#453);
#331=LINE('',#2304,#454);
#332=LINE('',#2306,#455);
#333=LINE('',#2307,#456);
#334=LINE('',#2310,#457);
#335=LINE('',#2312,#458);
#336=LINE('',#2313,#459);
#337=LINE('',#2318,#460);
#338=LINE('',#2322,#461);
#339=LINE('',#2324,#462);
#340=LINE('',#2325,#463);
#341=LINE('',#2328,#464);
#342=LINE('',#2330,#465);
#343=LINE('',#2331,#466);
#344=LINE('',#2354,#467);
#345=LINE('',#2357,#468);
#346=LINE('',#2361,#469);
#347=LINE('',#2380,#470);
#348=LINE('',#2400,#471);
#349=LINE('',#2403,#472);
#350=LINE('',#2407,#473);
#351=LINE('',#2426,#474);
#352=LINE('',#2430,#475);
#353=LINE('',#2434,#476);
#354=LINE('',#2437,#477);
#355=LINE('',#2438,#478);
#356=LINE('',#2441,#479);
#357=LINE('',#2442,#480);
#358=LINE('',#2445,#481);
#359=LINE('',#2446,#482);
#360=LINE('',#2451,#483);
#361=LINE('',#2460,#484);
#362=LINE('',#2462,#485);
#363=LINE('',#2467,#486);
#364=LINE('',#2476,#487);
#365=LINE('',#2478,#488);
#366=LINE('',#2483,#489);
#367=LINE('',#2492,#490);
#368=LINE('',#2494,#491);
#369=LINE('',#2499,#492);
#370=LINE('',#2508,#493);
#371=LINE('',#2510,#494);
#372=LINE('',#2515,#495);
#373=LINE('',#2524,#496);
#374=LINE('',#2526,#497);
#375=LINE('',#2529,#498);
#376=LINE('',#2534,#499);
#377=LINE('',#2538,#500);
#378=LINE('',#2543,#501);
#379=LINE('',#2548,#502);
#380=LINE('',#2550,#503);
#381=LINE('',#2552,#504);
#382=LINE('',#2553,#505);
#383=LINE('',#2556,#506);
#384=LINE('',#2558,#507);
#385=LINE('',#2559,#508);
#386=LINE('',#2562,#509);
#387=LINE('',#2564,#510);
#388=LINE('',#2565,#511);
#389=LINE('',#2567,#512);
#390=LINE('',#2568,#513);
#391=LINE('',#2571,#514);
#392=LINE('',#2572,#515);
#393=LINE('',#2576,#516);
#394=LINE('',#2579,#517);
#395=LINE('',#2580,#518);
#396=LINE('',#2581,#519);
#397=LINE('',#2584,#520);
#398=LINE('',#2586,#521);
#399=LINE('',#2588,#522);
#400=LINE('',#2589,#523);
#401=LINE('',#2592,#524);
#402=LINE('',#2594,#525);
#403=LINE('',#2595,#526);
#404=LINE('',#2598,#527);
#405=LINE('',#2600,#528);
#406=LINE('',#2601,#529);
#407=LINE('',#2606,#530);
#408=LINE('',#2609,#531);
#409=LINE('',#2610,#532);
#410=LINE('',#2612,#533);
#411=LINE('',#2613,#534);
#412=LINE('',#2620,#535);
#413=LINE('',#2622,#536);
#414=LINE('',#2623,#537);
#415=VECTOR('',#1674,10.);
#416=VECTOR('',#1677,10.);
#417=VECTOR('',#1680,10.);
#418=VECTOR('',#1681,10.);
#419=VECTOR('',#1686,10.);
#420=VECTOR('',#1689,10.);
#421=VECTOR('',#1694,10.);
#422=VECTOR('',#1695,10.);
#423=VECTOR('',#1696,10.);
#424=VECTOR('',#1697,10.);
#425=VECTOR('',#1698,10.);
#426=VECTOR('',#1699,10.);
#427=VECTOR('',#1702,10.);
#428=VECTOR('',#1703,10.);
#429=VECTOR('',#1706,10.);
#430=VECTOR('',#1709,10.);
#431=VECTOR('',#1712,10.);
#432=VECTOR('',#1723,10.);
#433=VECTOR('',#1724,10.);
#434=VECTOR('',#1725,10.);
#435=VECTOR('',#1728,10.);
#436=VECTOR('',#1729,10.);
#437=VECTOR('',#1730,10.);
#438=VECTOR('',#1749,10.);
#439=VECTOR('',#1764,10.);
#440=VECTOR('',#1771,10.);
#441=VECTOR('',#1774,10.);
#442=VECTOR('',#1779,10.);
#443=VECTOR('',#1780,10.);
#444=VECTOR('',#1781,10.);
#445=VECTOR('',#1782,10.);
#446=VECTOR('',#1783,10.);
#447=VECTOR('',#1784,10.);
#448=VECTOR('',#1785,10.);
#449=VECTOR('',#1786,10.);
#450=VECTOR('',#1791,10.);
#451=VECTOR('',#1796,1.55);
#452=VECTOR('',#1801,1.55);
#453=VECTOR('',#1806,10.);
#454=VECTOR('',#1807,10.);
#455=VECTOR('',#1808,10.);
#456=VECTOR('',#1809,10.);
#457=VECTOR('',#1812,10.);
#458=VECTOR('',#1813,10.);
#459=VECTOR('',#1814,10.);
#460=VECTOR('',#1819,10.);
#461=VECTOR('',#1824,10.);
#462=VECTOR('',#1825,10.);
#463=VECTOR('',#1826,10.);
#464=VECTOR('',#1829,10.);
#465=VECTOR('',#1830,10.);
#466=VECTOR('',#1831,10.);
#467=VECTOR('',#1854,3.15);
#468=VECTOR('',#1857,2.083);
#469=VECTOR('',#1860,10.);
#470=VECTOR('',#1861,10.);
#471=VECTOR('',#1878,3.15);
#472=VECTOR('',#1881,2.083);
#473=VECTOR('',#1884,10.);
#474=VECTOR('',#1885,10.);
#475=VECTOR('',#1890,10.);
#476=VECTOR('',#1893,10.);
#477=VECTOR('',#1896,10.);
#478=VECTOR('',#1897,10.);
#479=VECTOR('',#1900,10.);
#480=VECTOR('',#1901,10.);
#481=VECTOR('',#1904,10.);
#482=VECTOR('',#1905,10.);
#483=VECTOR('',#1910,1.0415);
#484=VECTOR('',#1921,3.15);
#485=VECTOR('',#1924,2.083);
#486=VECTOR('',#1929,1.0415);
#487=VECTOR('',#1940,3.15);
#488=VECTOR('',#1943,2.083);
#489=VECTOR('',#1948,0.625);
#490=VECTOR('',#1959,1.75);
#491=VECTOR('',#1962,1.25);
#492=VECTOR('',#1967,0.625);
#493=VECTOR('',#1978,1.75);
#494=VECTOR('',#1981,1.25);
#495=VECTOR('',#1986,0.625);
#496=VECTOR('',#1997,1.75);
#497=VECTOR('',#2000,1.25);
#498=VECTOR('',#2003,5.45);
#499=VECTOR('',#2010,4.95);
#500=VECTOR('',#2015,5.45);
#501=VECTOR('',#2022,4.95);
#502=VECTOR('',#2027,10.);
#503=VECTOR('',#2028,10.);
#504=VECTOR('',#2029,10.);
#505=VECTOR('',#2030,10.);
#506=VECTOR('',#2033,10.);
#507=VECTOR('',#2034,10.);
#508=VECTOR('',#2035,10.);
#509=VECTOR('',#2038,10.);
#510=VECTOR('',#2039,10.);
#511=VECTOR('',#2040,10.);
#512=VECTOR('',#2043,10.);
#513=VECTOR('',#2044,10.);
#514=VECTOR('',#2047,10.);
#515=VECTOR('',#2048,10.);
#516=VECTOR('',#2053,10.);
#517=VECTOR('',#2056,10.);
#518=VECTOR('',#2057,10.);
#519=VECTOR('',#2058,10.);
#520=VECTOR('',#2063,10.);
#521=VECTOR('',#2064,10.);
#522=VECTOR('',#2065,10.);
#523=VECTOR('',#2066,10.);
#524=VECTOR('',#2069,10.);
#525=VECTOR('',#2070,10.);
#526=VECTOR('',#2071,10.);
#527=VECTOR('',#2074,10.);
#528=VECTOR('',#2075,10.);
#529=VECTOR('',#2076,10.);
#530=VECTOR('',#2081,10.);
#531=VECTOR('',#2086,10.);
#532=VECTOR('',#2087,10.);
#533=VECTOR('',#2090,10.);
#534=VECTOR('',#2091,10.);
#535=VECTOR('',#2100,10.);
#536=VECTOR('',#2103,10.);
#537=VECTOR('',#2104,10.);
#538=CIRCLE('',#1508,5.);
#539=CIRCLE('',#1509,5.);
#540=CIRCLE('',#1513,5.);
#541=CIRCLE('',#1514,5.);
#542=CIRCLE('',#1517,7.5);
#543=CIRCLE('',#1518,7.49999592134804);
#544=CIRCLE('',#1519,8.4098815311565);
#545=CIRCLE('',#1520,22.5);
#546=CIRCLE('',#1521,1.55);
#547=CIRCLE('',#1522,1.55);
#548=CIRCLE('',#1523,5.95);
#549=CIRCLE('',#1527,2.5);
#550=CIRCLE('',#1529,2.50000000000028);
#551=CIRCLE('',#1531,10.9098815311565);
#552=CIRCLE('',#1532,2.5);
#553=CIRCLE('',#1534,2.5);
#554=CIRCLE('',#1536,25.);
#555=CIRCLE('',#1538,2.5);
#556=CIRCLE('',#1539,10.);
#557=CIRCLE('',#1541,2.49999999999998);
#558=CIRCLE('',#1543,9.99999592134804);
#559=CIRCLE('',#1546,25.);
#560=CIRCLE('',#1548,5.95);
#561=CIRCLE('',#1550,10.9098815311565);
#562=CIRCLE('',#1552,1.55);
#563=CIRCLE('',#1554,1.55);
#564=CIRCLE('',#1558,8.5);
#565=CIRCLE('',#1559,8.5);
#566=CIRCLE('',#1563,4.);
#567=CIRCLE('',#1564,4.);
#568=CIRCLE('',#1567,2.083);
#569=CIRCLE('',#1569,3.15);
#570=CIRCLE('',#1570,2.083);
#571=CIRCLE('',#1572,3.15);
#572=CIRCLE('',#1574,2.083);
#573=CIRCLE('',#1575,2.083);
#574=CIRCLE('',#1577,2.083);
#575=CIRCLE('',#1579,3.15);
#576=CIRCLE('',#1580,2.083);
#577=CIRCLE('',#1582,3.15);
#578=CIRCLE('',#1584,2.083);
#579=CIRCLE('',#1585,2.083);
#580=CIRCLE('',#1587,3.00000000000001);
#581=CIRCLE('',#1588,3.00000000000001);
#582=CIRCLE('',#1592,2.083);
#583=CIRCLE('',#1594,3.15);
#584=CIRCLE('',#1595,2.083);
#585=CIRCLE('',#1597,3.15);
#586=CIRCLE('',#1600,2.083);
#587=CIRCLE('',#1602,3.15);
#588=CIRCLE('',#1603,2.083);
#589=CIRCLE('',#1605,3.15);
#590=CIRCLE('',#1608,1.25);
#591=CIRCLE('',#1610,1.75);
#592=CIRCLE('',#1611,1.25);
#593=CIRCLE('',#1613,1.75);
#594=CIRCLE('',#1616,1.25);
#595=CIRCLE('',#1618,1.75);
#596=CIRCLE('',#1619,1.25);
#597=CIRCLE('',#1621,1.75);
#598=CIRCLE('',#1624,1.25);
#599=CIRCLE('',#1626,1.75);
#600=CIRCLE('',#1627,1.25);
#601=CIRCLE('',#1629,1.75);
#602=CIRCLE('',#1632,4.95);
#603=CIRCLE('',#1634,4.95);
#604=CIRCLE('',#1637,4.95);
#605=CIRCLE('',#1639,4.95);
#606=CIRCLE('',#1647,9.99999592134804);
#607=CIRCLE('',#1654,1.);
#608=CIRCLE('',#1655,1.);
#609=CIRCLE('',#1660,5.00000000000012);
#610=CIRCLE('',#1661,5.00000000000012);
#611=CIRCLE('',#1666,10.);
#612=VERTEX_POINT('',#2117);
#613=VERTEX_POINT('',#2118);
#614=VERTEX_POINT('',#2120);
#615=VERTEX_POINT('',#2122);
#616=VERTEX_POINT('',#2124);
#617=VERTEX_POINT('',#2137);
#618=VERTEX_POINT('',#2139);
#619=VERTEX_POINT('',#2143);
#620=VERTEX_POINT('',#2144);
#621=VERTEX_POINT('',#2155);
#622=VERTEX_POINT('',#2157);
#623=VERTEX_POINT('',#2159);
#624=VERTEX_POINT('',#2164);
#625=VERTEX_POINT('',#2166);
#626=VERTEX_POINT('',#2168);
#627=VERTEX_POINT('',#2170);
#628=VERTEX_POINT('',#2174);
#629=VERTEX_POINT('',#2176);
#630=VERTEX_POINT('',#2178);
#631=VERTEX_POINT('',#2180);
#632=VERTEX_POINT('',#2182);
#633=VERTEX_POINT('',#2184);
#634=VERTEX_POINT('',#2186);
#635=VERTEX_POINT('',#2188);
#636=VERTEX_POINT('',#2191);
#637=VERTEX_POINT('',#2193);
#638=VERTEX_POINT('',#2195);
#639=VERTEX_POINT('',#2198);
#640=VERTEX_POINT('',#2200);
#641=VERTEX_POINT('',#2204);
#642=VERTEX_POINT('',#2206);
#643=VERTEX_POINT('',#2214);
#644=VERTEX_POINT('',#2215);
#645=VERTEX_POINT('',#2233);
#646=VERTEX_POINT('',#2239);
#647=VERTEX_POINT('',#2243);
#648=VERTEX_POINT('',#2247);
#649=VERTEX_POINT('',#2266);
#650=VERTEX_POINT('',#2270);
#651=VERTEX_POINT('',#2272);
#652=VERTEX_POINT('',#2274);
#653=VERTEX_POINT('',#2276);
#654=VERTEX_POINT('',#2278);
#655=VERTEX_POINT('',#2280);
#656=VERTEX_POINT('',#2282);
#657=VERTEX_POINT('',#2285);
#658=VERTEX_POINT('',#2288);
#659=VERTEX_POINT('',#2292);
#660=VERTEX_POINT('',#2296);
#661=VERTEX_POINT('',#2300);
#662=VERTEX_POINT('',#2301);
#663=VERTEX_POINT('',#2303);
#664=VERTEX_POINT('',#2305);
#665=VERTEX_POINT('',#2309);
#666=VERTEX_POINT('',#2311);
#667=VERTEX_POINT('',#2315);
#668=VERTEX_POINT('',#2317);
#669=VERTEX_POINT('',#2321);
#670=VERTEX_POINT('',#2323);
#671=VERTEX_POINT('',#2327);
#672=VERTEX_POINT('',#2329);
#673=VERTEX_POINT('',#2337);
#674=VERTEX_POINT('',#2338);
#675=VERTEX_POINT('',#2347);
#676=VERTEX_POINT('',#2349);
#677=VERTEX_POINT('',#2352);
#678=VERTEX_POINT('',#2356);
#679=VERTEX_POINT('',#2358);
#680=VERTEX_POINT('',#2360);
#681=VERTEX_POINT('',#2370);
#682=VERTEX_POINT('',#2379);
#683=VERTEX_POINT('',#2383);
#684=VERTEX_POINT('',#2384);
#685=VERTEX_POINT('',#2393);
#686=VERTEX_POINT('',#2395);
#687=VERTEX_POINT('',#2398);
#688=VERTEX_POINT('',#2402);
#689=VERTEX_POINT('',#2404);
#690=VERTEX_POINT('',#2406);
#691=VERTEX_POINT('',#2416);
#692=VERTEX_POINT('',#2425);
#693=VERTEX_POINT('',#2429);
#694=VERTEX_POINT('',#2431);
#695=VERTEX_POINT('',#2433);
#696=VERTEX_POINT('',#2435);
#697=VERTEX_POINT('',#2440);
#698=VERTEX_POINT('',#2444);
#699=VERTEX_POINT('',#2448);
#700=VERTEX_POINT('',#2450);
#701=VERTEX_POINT('',#2453);
#702=VERTEX_POINT('',#2455);
#703=VERTEX_POINT('',#2458);
#704=VERTEX_POINT('',#2464);
#705=VERTEX_POINT('',#2466);
#706=VERTEX_POINT('',#2469);
#707=VERTEX_POINT('',#2471);
#708=VERTEX_POINT('',#2474);
#709=VERTEX_POINT('',#2480);
#710=VERTEX_POINT('',#2482);
#711=VERTEX_POINT('',#2485);
#712=VERTEX_POINT('',#2487);
#713=VERTEX_POINT('',#2490);
#714=VERTEX_POINT('',#2496);
#715=VERTEX_POINT('',#2498);
#716=VERTEX_POINT('',#2501);
#717=VERTEX_POINT('',#2503);
#718=VERTEX_POINT('',#2506);
#719=VERTEX_POINT('',#2512);
#720=VERTEX_POINT('',#2514);
#721=VERTEX_POINT('',#2517);
#722=VERTEX_POINT('',#2519);
#723=VERTEX_POINT('',#2522);
#724=VERTEX_POINT('',#2528);
#725=VERTEX_POINT('',#2532);
#726=VERTEX_POINT('',#2537);
#727=VERTEX_POINT('',#2541);
#728=VERTEX_POINT('',#2546);
#729=VERTEX_POINT('',#2547);
#730=VERTEX_POINT('',#2549);
#731=VERTEX_POINT('',#2551);
#732=VERTEX_POINT('',#2555);
#733=VERTEX_POINT('',#2557);
#734=VERTEX_POINT('',#2561);
#735=VERTEX_POINT('',#2563);
#736=VERTEX_POINT('',#2570);
#737=VERTEX_POINT('',#2574);
#738=VERTEX_POINT('',#2578);
#739=VERTEX_POINT('',#2585);
#740=VERTEX_POINT('',#2587);
#741=VERTEX_POINT('',#2591);
#742=VERTEX_POINT('',#2593);
#743=VERTEX_POINT('',#2597);
#744=VERTEX_POINT('',#2599);
#745=VERTEX_POINT('',#2603);
#746=VERTEX_POINT('',#2605);
#747=VERTEX_POINT('',#2616);
#748=VERTEX_POINT('',#2618);
#749=EDGE_CURVE('',#612,#613,#538,.F.);
#750=EDGE_CURVE('',#612,#614,#292,.T.);
#751=EDGE_CURVE('',#614,#615,#539,.T.);
#752=EDGE_CURVE('',#615,#616,#293,.T.);
#753=EDGE_CURVE('',#613,#616,#282,.F.);
#754=EDGE_CURVE('',#617,#615,#294,.T.);
#755=EDGE_CURVE('',#618,#617,#295,.T.);
#756=EDGE_CURVE('',#616,#618,#49,.T.);
#757=EDGE_CURVE('',#619,#620,#283,.T.);
#758=EDGE_CURVE('',#621,#620,#296,.T.);
#759=EDGE_CURVE('',#622,#621,#540,.F.);
#760=EDGE_CURVE('',#622,#623,#297,.T.);
#761=EDGE_CURVE('',#623,#619,#541,.T.);
#762=EDGE_CURVE('',#623,#612,#298,.T.);
#763=EDGE_CURVE('',#622,#624,#299,.T.);
#764=EDGE_CURVE('',#625,#624,#300,.T.);
#765=EDGE_CURVE('',#626,#625,#301,.T.);
#766=EDGE_CURVE('',#627,#626,#302,.T.);
#767=EDGE_CURVE('',#614,#627,#303,.T.);
#768=EDGE_CURVE('',#619,#628,#304,.T.);
#769=EDGE_CURVE('',#613,#629,#305,.F.);
#770=EDGE_CURVE('',#630,#629,#542,.T.);
#771=EDGE_CURVE('',#631,#630,#306,.T.);
#772=EDGE_CURVE('',#632,#631,#543,.T.);
#773=EDGE_CURVE('',#633,#632,#307,.T.);
#774=EDGE_CURVE('',#634,#633,#544,.T.);
#775=EDGE_CURVE('',#635,#634,#308,.T.);
#776=EDGE_CURVE('',#628,#635,#545,.T.);
#777=EDGE_CURVE('',#636,#636,#546,.T.);
#778=EDGE_CURVE('',#637,#637,#547,.T.);
#779=EDGE_CURVE('',#638,#638,#548,.T.);
#780=EDGE_CURVE('',#639,#617,#309,.T.);
#781=EDGE_CURVE('',#640,#639,#310,.T.);
#782=EDGE_CURVE('',#618,#640,#311,.T.);
#783=EDGE_CURVE('',#641,#620,#312,.T.);
#784=EDGE_CURVE('',#641,#642,#313,.T.);
#785=EDGE_CURVE('',#621,#642,#314,.T.);
#786=EDGE_CURVE('',#640,#629,#549,.T.);
#787=EDGE_CURVE('',#641,#628,#550,.T.);
#788=EDGE_CURVE('',#643,#644,#551,.T.);
#789=EDGE_CURVE('',#644,#634,#552,.T.);
#790=EDGE_CURVE('',#643,#633,#284,.T.);
#791=EDGE_CURVE('',#645,#635,#553,.T.);
#792=EDGE_CURVE('',#644,#645,#315,.T.);
#793=EDGE_CURVE('',#645,#641,#554,.T.);
#794=EDGE_CURVE('',#646,#630,#555,.T.);
#795=EDGE_CURVE('',#640,#646,#556,.T.);
#796=EDGE_CURVE('',#647,#631,#557,.T.);
#797=EDGE_CURVE('',#646,#647,#316,.T.);
#798=EDGE_CURVE('',#647,#648,#558,.T.);
#799=EDGE_CURVE('',#648,#632,#285,.T.);
#800=EDGE_CURVE('',#648,#643,#317,.T.);
#801=EDGE_CURVE('',#645,#649,#318,.T.);
#802=EDGE_CURVE('',#642,#649,#559,.T.);
#803=EDGE_CURVE('',#644,#650,#319,.T.);
#804=EDGE_CURVE('',#651,#650,#320,.T.);
#805=EDGE_CURVE('',#652,#651,#321,.T.);
#806=EDGE_CURVE('',#653,#652,#322,.T.);
#807=EDGE_CURVE('',#653,#654,#323,.T.);
#808=EDGE_CURVE('',#655,#654,#324,.T.);
#809=EDGE_CURVE('',#656,#655,#325,.T.);
#810=EDGE_CURVE('',#649,#656,#326,.T.);
#811=EDGE_CURVE('',#657,#657,#560,.T.);
#812=EDGE_CURVE('',#643,#658,#327,.T.);
#813=EDGE_CURVE('',#650,#658,#561,.T.);
#814=EDGE_CURVE('',#636,#659,#328,.T.);
#815=EDGE_CURVE('',#659,#659,#562,.T.);
#816=EDGE_CURVE('',#637,#660,#329,.T.);
#817=EDGE_CURVE('',#660,#660,#563,.T.);
#818=EDGE_CURVE('',#661,#662,#330,.T.);
#819=EDGE_CURVE('',#661,#663,#331,.T.);
#820=EDGE_CURVE('',#663,#664,#332,.T.);
#821=EDGE_CURVE('',#662,#664,#333,.T.);
#822=EDGE_CURVE('',#665,#661,#334,.T.);
#823=EDGE_CURVE('',#665,#666,#335,.T.);
#824=EDGE_CURVE('',#666,#663,#336,.T.);
#825=EDGE_CURVE('',#667,#665,#564,.T.);
#826=EDGE_CURVE('',#667,#668,#337,.T.);
#827=EDGE_CURVE('',#668,#666,#565,.T.);
#828=EDGE_CURVE('',#669,#667,#338,.T.);
#829=EDGE_CURVE('',#669,#670,#339,.T.);
#830=EDGE_CURVE('',#670,#668,#340,.T.);
#831=EDGE_CURVE('',#671,#669,#341,.T.);
#832=EDGE_CURVE('',#671,#672,#342,.T.);
#833=EDGE_CURVE('',#672,#670,#343,.T.);
#834=EDGE_CURVE('',#662,#671,#566,.T.);
#835=EDGE_CURVE('',#664,#672,#567,.T.);
#836=EDGE_CURVE('',#673,#674,#286,.T.);
#837=EDGE_CURVE('',#674,#673,#568,.T.);
#838=EDGE_CURVE('',#675,#675,#569,.T.);
#839=EDGE_CURVE('',#676,#676,#570,.T.);
#840=EDGE_CURVE('',#677,#677,#571,.T.);
#841=EDGE_CURVE('',#677,#675,#344,.T.);
#842=EDGE_CURVE('',#676,#678,#345,.T.);
#843=EDGE_CURVE('',#679,#678,#572,.T.);
#844=EDGE_CURVE('',#680,#679,#346,.T.);
#845=EDGE_CURVE('',#674,#680,#287,.T.);
#846=EDGE_CURVE('',#681,#673,#288,.T.);
#847=EDGE_CURVE('',#682,#681,#347,.T.);
#848=EDGE_CURVE('',#678,#682,#573,.T.);
#849=EDGE_CURVE('',#683,#684,#289,.T.);
#850=EDGE_CURVE('',#684,#683,#574,.T.);
#851=EDGE_CURVE('',#685,#685,#575,.T.);
#852=EDGE_CURVE('',#686,#686,#576,.T.);
#853=EDGE_CURVE('',#687,#687,#577,.T.);
#854=EDGE_CURVE('',#687,#685,#348,.T.);
#855=EDGE_CURVE('',#686,#688,#349,.T.);
#856=EDGE_CURVE('',#689,#688,#578,.T.);
#857=EDGE_CURVE('',#690,#689,#350,.T.);
#858=EDGE_CURVE('',#684,#690,#290,.T.);
#859=EDGE_CURVE('',#691,#683,#291,.T.);
#860=EDGE_CURVE('',#692,#691,#351,.T.);
#861=EDGE_CURVE('',#688,#692,#579,.T.);
#862=EDGE_CURVE('',#680,#693,#352,.T.);
#863=EDGE_CURVE('',#694,#693,#580,.T.);
#864=EDGE_CURVE('',#695,#694,#353,.T.);
#865=EDGE_CURVE('',#696,#695,#581,.T.);
#866=EDGE_CURVE('',#696,#691,#354,.T.);
#867=EDGE_CURVE('',#690,#681,#355,.T.);
#868=EDGE_CURVE('',#679,#697,#356,.T.);
#869=EDGE_CURVE('',#693,#697,#357,.T.);
#870=EDGE_CURVE('',#698,#696,#358,.T.);
#871=EDGE_CURVE('',#698,#692,#359,.T.);
#872=EDGE_CURVE('',#699,#699,#582,.T.);
#873=EDGE_CURVE('',#699,#700,#360,.T.);
#874=EDGE_CURVE('',#701,#701,#583,.T.);
#875=EDGE_CURVE('',#702,#702,#584,.T.);
#876=EDGE_CURVE('',#703,#703,#585,.T.);
#877=EDGE_CURVE('',#703,#701,#361,.T.);
#878=EDGE_CURVE('',#702,#699,#362,.T.);
#879=EDGE_CURVE('',#704,#704,#586,.T.);
#880=EDGE_CURVE('',#704,#705,#363,.T.);
#881=EDGE_CURVE('',#706,#706,#587,.T.);
#882=EDGE_CURVE('',#707,#707,#588,.T.);
#883=EDGE_CURVE('',#708,#708,#589,.T.);
#884=EDGE_CURVE('',#708,#706,#364,.T.);
#885=EDGE_CURVE('',#707,#704,#365,.T.);
#886=EDGE_CURVE('',#709,#709,#590,.T.);
#887=EDGE_CURVE('',#709,#710,#366,.T.);
#888=EDGE_CURVE('',#711,#711,#591,.T.);
#889=EDGE_CURVE('',#712,#712,#592,.T.);
#890=EDGE_CURVE('',#713,#713,#593,.T.);
#891=EDGE_CURVE('',#713,#711,#367,.T.);
#892=EDGE_CURVE('',#712,#709,#368,.T.);
#893=EDGE_CURVE('',#714,#714,#594,.T.);
#894=EDGE_CURVE('',#714,#715,#369,.T.);
#895=EDGE_CURVE('',#716,#716,#595,.T.);
#896=EDGE_CURVE('',#717,#717,#596,.T.);
#897=EDGE_CURVE('',#718,#718,#597,.T.);
#898=EDGE_CURVE('',#718,#716,#370,.T.);
#899=EDGE_CURVE('',#717,#714,#371,.T.);
#900=EDGE_CURVE('',#719,#719,#598,.T.);
#901=EDGE_CURVE('',#719,#720,#372,.T.);
#902=EDGE_CURVE('',#721,#721,#599,.T.);
#903=EDGE_CURVE('',#722,#722,#600,.T.);
#904=EDGE_CURVE('',#723,#723,#601,.T.);
#905=EDGE_CURVE('',#723,#721,#373,.T.);
#906=EDGE_CURVE('',#722,#719,#374,.T.);
#907=EDGE_CURVE('',#638,#724,#375,.T.);
#908=EDGE_CURVE('',#724,#724,#602,.T.);
#909=EDGE_CURVE('',#725,#725,#603,.T.);
#910=EDGE_CURVE('',#725,#724,#376,.T.);
#911=EDGE_CURVE('',#657,#726,#377,.T.);
#912=EDGE_CURVE('',#726,#726,#604,.T.);
#913=EDGE_CURVE('',#727,#727,#605,.T.);
#914=EDGE_CURVE('',#727,#726,#378,.T.);
#915=EDGE_CURVE('',#728,#729,#379,.T.);
#916=EDGE_CURVE('',#728,#730,#380,.T.);
#917=EDGE_CURVE('',#731,#730,#381,.T.);
#918=EDGE_CURVE('',#729,#731,#382,.T.);
#919=EDGE_CURVE('',#732,#728,#383,.T.);
#920=EDGE_CURVE('',#732,#733,#384,.T.);
#921=EDGE_CURVE('',#730,#733,#385,.T.);
#922=EDGE_CURVE('',#734,#732,#386,.T.);
#923=EDGE_CURVE('',#734,#735,#387,.T.);
#924=EDGE_CURVE('',#733,#735,#388,.T.);
#925=EDGE_CURVE('',#652,#734,#389,.T.);
#926=EDGE_CURVE('',#735,#651,#390,.T.);
#927=EDGE_CURVE('',#736,#648,#391,.T.);
#928=EDGE_CURVE('',#658,#736,#392,.T.);
#929=EDGE_CURVE('',#736,#737,#606,.T.);
#930=EDGE_CURVE('',#737,#731,#393,.T.);
#931=EDGE_CURVE('',#646,#738,#394,.T.);
#932=EDGE_CURVE('',#729,#738,#395,.T.);
#933=EDGE_CURVE('',#647,#737,#396,.T.);
#934=EDGE_CURVE('',#689,#682,#397,.T.);
#935=EDGE_CURVE('',#739,#698,#398,.T.);
#936=EDGE_CURVE('',#739,#740,#399,.T.);
#937=EDGE_CURVE('',#697,#740,#400,.T.);
#938=EDGE_CURVE('',#741,#739,#401,.T.);
#939=EDGE_CURVE('',#741,#742,#402,.T.);
#940=EDGE_CURVE('',#740,#742,#403,.T.);
#941=EDGE_CURVE('',#743,#741,#404,.T.);
#942=EDGE_CURVE('',#743,#744,#405,.T.);
#943=EDGE_CURVE('',#742,#744,#406,.T.);
#944=EDGE_CURVE('',#745,#743,#607,.T.);
#945=EDGE_CURVE('',#745,#746,#407,.T.);
#946=EDGE_CURVE('',#744,#746,#608,.T.);
#947=EDGE_CURVE('',#746,#626,#408,.T.);
#948=EDGE_CURVE('',#627,#745,#409,.T.);
#949=EDGE_CURVE('',#656,#624,#410,.T.);
#950=EDGE_CURVE('',#625,#655,#411,.T.);
#951=EDGE_CURVE('',#695,#747,#609,.T.);
#952=EDGE_CURVE('',#748,#694,#610,.T.);
#953=EDGE_CURVE('',#747,#748,#412,.T.);
#954=EDGE_CURVE('',#747,#653,#413,.T.);
#955=EDGE_CURVE('',#654,#748,#414,.T.);
#956=EDGE_CURVE('',#738,#639,#611,.T.);
#957=ORIENTED_EDGE('',*,*,#749,.F.);
#958=ORIENTED_EDGE('',*,*,#750,.T.);
#959=ORIENTED_EDGE('',*,*,#751,.T.);
#960=ORIENTED_EDGE('',*,*,#752,.T.);
#961=ORIENTED_EDGE('',*,*,#753,.F.);
#962=ORIENTED_EDGE('',*,*,#752,.F.);
#963=ORIENTED_EDGE('',*,*,#754,.F.);
#964=ORIENTED_EDGE('',*,*,#755,.F.);
#965=ORIENTED_EDGE('',*,*,#756,.F.);
#966=ORIENTED_EDGE('',*,*,#757,.T.);
#967=ORIENTED_EDGE('',*,*,#758,.F.);
#968=ORIENTED_EDGE('',*,*,#759,.F.);
#969=ORIENTED_EDGE('',*,*,#760,.T.);
#970=ORIENTED_EDGE('',*,*,#761,.T.);
#971=ORIENTED_EDGE('',*,*,#750,.F.);
#972=ORIENTED_EDGE('',*,*,#762,.F.);
#973=ORIENTED_EDGE('',*,*,#760,.F.);
#974=ORIENTED_EDGE('',*,*,#763,.T.);
#975=ORIENTED_EDGE('',*,*,#764,.F.);
#976=ORIENTED_EDGE('',*,*,#765,.F.);
#977=ORIENTED_EDGE('',*,*,#766,.F.);
#978=ORIENTED_EDGE('',*,*,#767,.F.);
#979=ORIENTED_EDGE('',*,*,#768,.F.);
#980=ORIENTED_EDGE('',*,*,#761,.F.);
#981=ORIENTED_EDGE('',*,*,#762,.T.);
#982=ORIENTED_EDGE('',*,*,#749,.T.);
#983=ORIENTED_EDGE('',*,*,#769,.T.);
#984=ORIENTED_EDGE('',*,*,#770,.F.);
#985=ORIENTED_EDGE('',*,*,#771,.F.);
#986=ORIENTED_EDGE('',*,*,#772,.F.);
#987=ORIENTED_EDGE('',*,*,#773,.F.);
#988=ORIENTED_EDGE('',*,*,#774,.F.);
#989=ORIENTED_EDGE('',*,*,#775,.F.);
#990=ORIENTED_EDGE('',*,*,#776,.F.);
#991=ORIENTED_EDGE('',*,*,#777,.T.);
#992=ORIENTED_EDGE('',*,*,#778,.T.);
#993=ORIENTED_EDGE('',*,*,#779,.F.);
#994=ORIENTED_EDGE('',*,*,#755,.T.);
#995=ORIENTED_EDGE('',*,*,#780,.F.);
#996=ORIENTED_EDGE('',*,*,#781,.F.);
#997=ORIENTED_EDGE('',*,*,#782,.F.);
#998=ORIENTED_EDGE('',*,*,#758,.T.);
#999=ORIENTED_EDGE('',*,*,#783,.F.);
#1000=ORIENTED_EDGE('',*,*,#784,.T.);
#1001=ORIENTED_EDGE('',*,*,#785,.F.);
#1002=ORIENTED_EDGE('',*,*,#756,.T.);
#1003=ORIENTED_EDGE('',*,*,#782,.T.);
#1004=ORIENTED_EDGE('',*,*,#786,.T.);
#1005=ORIENTED_EDGE('',*,*,#769,.F.);
#1006=ORIENTED_EDGE('',*,*,#753,.T.);
#1007=ORIENTED_EDGE('',*,*,#768,.T.);
#1008=ORIENTED_EDGE('',*,*,#787,.F.);
#1009=ORIENTED_EDGE('',*,*,#783,.T.);
#1010=ORIENTED_EDGE('',*,*,#757,.F.);
#1011=ORIENTED_EDGE('',*,*,#788,.T.);
#1012=ORIENTED_EDGE('',*,*,#789,.T.);
#1013=ORIENTED_EDGE('',*,*,#774,.T.);
#1014=ORIENTED_EDGE('',*,*,#790,.F.);
#1015=ORIENTED_EDGE('',*,*,#791,.T.);
#1016=ORIENTED_EDGE('',*,*,#775,.T.);
#1017=ORIENTED_EDGE('',*,*,#789,.F.);
#1018=ORIENTED_EDGE('',*,*,#792,.T.);
#1019=ORIENTED_EDGE('',*,*,#787,.T.);
#1020=ORIENTED_EDGE('',*,*,#776,.T.);
#1021=ORIENTED_EDGE('',*,*,#791,.F.);
#1022=ORIENTED_EDGE('',*,*,#793,.T.);
#1023=ORIENTED_EDGE('',*,*,#794,.T.);
#1024=ORIENTED_EDGE('',*,*,#770,.T.);
#1025=ORIENTED_EDGE('',*,*,#786,.F.);
#1026=ORIENTED_EDGE('',*,*,#795,.T.);
#1027=ORIENTED_EDGE('',*,*,#796,.T.);
#1028=ORIENTED_EDGE('',*,*,#771,.T.);
#1029=ORIENTED_EDGE('',*,*,#794,.F.);
#1030=ORIENTED_EDGE('',*,*,#797,.T.);
#1031=ORIENTED_EDGE('',*,*,#772,.T.);
#1032=ORIENTED_EDGE('',*,*,#796,.F.);
#1033=ORIENTED_EDGE('',*,*,#798,.T.);
#1034=ORIENTED_EDGE('',*,*,#799,.T.);
#1035=ORIENTED_EDGE('',*,*,#773,.T.);
#1036=ORIENTED_EDGE('',*,*,#799,.F.);
#1037=ORIENTED_EDGE('',*,*,#800,.T.);
#1038=ORIENTED_EDGE('',*,*,#790,.T.);
#1039=ORIENTED_EDGE('',*,*,#793,.F.);
#1040=ORIENTED_EDGE('',*,*,#801,.T.);
#1041=ORIENTED_EDGE('',*,*,#802,.F.);
#1042=ORIENTED_EDGE('',*,*,#784,.F.);
#1043=ORIENTED_EDGE('',*,*,#792,.F.);
#1044=ORIENTED_EDGE('',*,*,#803,.T.);
#1045=ORIENTED_EDGE('',*,*,#804,.F.);
#1046=ORIENTED_EDGE('',*,*,#805,.F.);
#1047=ORIENTED_EDGE('',*,*,#806,.F.);
#1048=ORIENTED_EDGE('',*,*,#807,.T.);
#1049=ORIENTED_EDGE('',*,*,#808,.F.);
#1050=ORIENTED_EDGE('',*,*,#809,.F.);
#1051=ORIENTED_EDGE('',*,*,#810,.F.);
#1052=ORIENTED_EDGE('',*,*,#801,.F.);
#1053=ORIENTED_EDGE('',*,*,#811,.F.);
#1054=ORIENTED_EDGE('',*,*,#788,.F.);
#1055=ORIENTED_EDGE('',*,*,#812,.T.);
#1056=ORIENTED_EDGE('',*,*,#813,.F.);
#1057=ORIENTED_EDGE('',*,*,#803,.F.);
#1058=ORIENTED_EDGE('',*,*,#777,.F.);
#1059=ORIENTED_EDGE('',*,*,#814,.T.);
#1060=ORIENTED_EDGE('',*,*,#815,.F.);
#1061=ORIENTED_EDGE('',*,*,#814,.F.);
#1062=ORIENTED_EDGE('',*,*,#778,.F.);
#1063=ORIENTED_EDGE('',*,*,#816,.T.);
#1064=ORIENTED_EDGE('',*,*,#817,.F.);
#1065=ORIENTED_EDGE('',*,*,#816,.F.);
#1066=ORIENTED_EDGE('',*,*,#818,.F.);
#1067=ORIENTED_EDGE('',*,*,#819,.T.);
#1068=ORIENTED_EDGE('',*,*,#820,.T.);
#1069=ORIENTED_EDGE('',*,*,#821,.F.);
#1070=ORIENTED_EDGE('',*,*,#822,.F.);
#1071=ORIENTED_EDGE('',*,*,#823,.T.);
#1072=ORIENTED_EDGE('',*,*,#824,.T.);
#1073=ORIENTED_EDGE('',*,*,#819,.F.);
#1074=ORIENTED_EDGE('',*,*,#825,.F.);
#1075=ORIENTED_EDGE('',*,*,#826,.T.);
#1076=ORIENTED_EDGE('',*,*,#827,.T.);
#1077=ORIENTED_EDGE('',*,*,#823,.F.);
#1078=ORIENTED_EDGE('',*,*,#828,.F.);
#1079=ORIENTED_EDGE('',*,*,#829,.T.);
#1080=ORIENTED_EDGE('',*,*,#830,.T.);
#1081=ORIENTED_EDGE('',*,*,#826,.F.);
#1082=ORIENTED_EDGE('',*,*,#831,.F.);
#1083=ORIENTED_EDGE('',*,*,#832,.T.);
#1084=ORIENTED_EDGE('',*,*,#833,.T.);
#1085=ORIENTED_EDGE('',*,*,#829,.F.);
#1086=ORIENTED_EDGE('',*,*,#834,.F.);
#1087=ORIENTED_EDGE('',*,*,#821,.T.);
#1088=ORIENTED_EDGE('',*,*,#835,.T.);
#1089=ORIENTED_EDGE('',*,*,#832,.F.);
#1090=ORIENTED_EDGE('',*,*,#835,.F.);
#1091=ORIENTED_EDGE('',*,*,#820,.F.);
#1092=ORIENTED_EDGE('',*,*,#824,.F.);
#1093=ORIENTED_EDGE('',*,*,#827,.F.);
#1094=ORIENTED_EDGE('',*,*,#830,.F.);
#1095=ORIENTED_EDGE('',*,*,#833,.F.);
#1096=ORIENTED_EDGE('',*,*,#815,.T.);
#1097=ORIENTED_EDGE('',*,*,#817,.T.);
#1098=ORIENTED_EDGE('',*,*,#836,.F.);
#1099=ORIENTED_EDGE('',*,*,#837,.F.);
#1100=ORIENTED_EDGE('',*,*,#838,.F.);
#1101=ORIENTED_EDGE('',*,*,#839,.T.);
#1102=ORIENTED_EDGE('',*,*,#840,.F.);
#1103=ORIENTED_EDGE('',*,*,#841,.T.);
#1104=ORIENTED_EDGE('',*,*,#838,.T.);
#1105=ORIENTED_EDGE('',*,*,#841,.F.);
#1106=ORIENTED_EDGE('',*,*,#839,.F.);
#1107=ORIENTED_EDGE('',*,*,#842,.T.);
#1108=ORIENTED_EDGE('',*,*,#843,.F.);
#1109=ORIENTED_EDGE('',*,*,#844,.F.);
#1110=ORIENTED_EDGE('',*,*,#845,.F.);
#1111=ORIENTED_EDGE('',*,*,#837,.T.);
#1112=ORIENTED_EDGE('',*,*,#846,.F.);
#1113=ORIENTED_EDGE('',*,*,#847,.F.);
#1114=ORIENTED_EDGE('',*,*,#848,.F.);
#1115=ORIENTED_EDGE('',*,*,#842,.F.);
#1116=ORIENTED_EDGE('',*,*,#849,.F.);
#1117=ORIENTED_EDGE('',*,*,#850,.F.);
#1118=ORIENTED_EDGE('',*,*,#851,.F.);
#1119=ORIENTED_EDGE('',*,*,#852,.T.);
#1120=ORIENTED_EDGE('',*,*,#853,.F.);
#1121=ORIENTED_EDGE('',*,*,#854,.T.);
#1122=ORIENTED_EDGE('',*,*,#851,.T.);
#1123=ORIENTED_EDGE('',*,*,#854,.F.);
#1124=ORIENTED_EDGE('',*,*,#852,.F.);
#1125=ORIENTED_EDGE('',*,*,#855,.T.);
#1126=ORIENTED_EDGE('',*,*,#856,.F.);
#1127=ORIENTED_EDGE('',*,*,#857,.F.);
#1128=ORIENTED_EDGE('',*,*,#858,.F.);
#1129=ORIENTED_EDGE('',*,*,#850,.T.);
#1130=ORIENTED_EDGE('',*,*,#859,.F.);
#1131=ORIENTED_EDGE('',*,*,#860,.F.);
#1132=ORIENTED_EDGE('',*,*,#861,.F.);
#1133=ORIENTED_EDGE('',*,*,#855,.F.);
#1134=ORIENTED_EDGE('',*,*,#846,.T.);
#1135=ORIENTED_EDGE('',*,*,#836,.T.);
#1136=ORIENTED_EDGE('',*,*,#845,.T.);
#1137=ORIENTED_EDGE('',*,*,#862,.T.);
#1138=ORIENTED_EDGE('',*,*,#863,.F.);
#1139=ORIENTED_EDGE('',*,*,#864,.F.);
#1140=ORIENTED_EDGE('',*,*,#865,.F.);
#1141=ORIENTED_EDGE('',*,*,#866,.T.);
#1142=ORIENTED_EDGE('',*,*,#859,.T.);
#1143=ORIENTED_EDGE('',*,*,#849,.T.);
#1144=ORIENTED_EDGE('',*,*,#858,.T.);
#1145=ORIENTED_EDGE('',*,*,#867,.T.);
#1146=ORIENTED_EDGE('',*,*,#844,.T.);
#1147=ORIENTED_EDGE('',*,*,#868,.T.);
#1148=ORIENTED_EDGE('',*,*,#869,.F.);
#1149=ORIENTED_EDGE('',*,*,#862,.F.);
#1150=ORIENTED_EDGE('',*,*,#860,.T.);
#1151=ORIENTED_EDGE('',*,*,#866,.F.);
#1152=ORIENTED_EDGE('',*,*,#870,.F.);
#1153=ORIENTED_EDGE('',*,*,#871,.T.);
#1154=ORIENTED_EDGE('',*,*,#872,.F.);
#1155=ORIENTED_EDGE('',*,*,#873,.T.);
#1156=ORIENTED_EDGE('',*,*,#873,.F.);
#1157=ORIENTED_EDGE('',*,*,#874,.F.);
#1158=ORIENTED_EDGE('',*,*,#875,.T.);
#1159=ORIENTED_EDGE('',*,*,#876,.F.);
#1160=ORIENTED_EDGE('',*,*,#877,.T.);
#1161=ORIENTED_EDGE('',*,*,#874,.T.);
#1162=ORIENTED_EDGE('',*,*,#877,.F.);
#1163=ORIENTED_EDGE('',*,*,#875,.F.);
#1164=ORIENTED_EDGE('',*,*,#878,.T.);
#1165=ORIENTED_EDGE('',*,*,#872,.T.);
#1166=ORIENTED_EDGE('',*,*,#878,.F.);
#1167=ORIENTED_EDGE('',*,*,#879,.F.);
#1168=ORIENTED_EDGE('',*,*,#880,.T.);
#1169=ORIENTED_EDGE('',*,*,#880,.F.);
#1170=ORIENTED_EDGE('',*,*,#881,.F.);
#1171=ORIENTED_EDGE('',*,*,#882,.T.);
#1172=ORIENTED_EDGE('',*,*,#883,.F.);
#1173=ORIENTED_EDGE('',*,*,#884,.T.);
#1174=ORIENTED_EDGE('',*,*,#881,.T.);
#1175=ORIENTED_EDGE('',*,*,#884,.F.);
#1176=ORIENTED_EDGE('',*,*,#882,.F.);
#1177=ORIENTED_EDGE('',*,*,#885,.T.);
#1178=ORIENTED_EDGE('',*,*,#879,.T.);
#1179=ORIENTED_EDGE('',*,*,#885,.F.);
#1180=ORIENTED_EDGE('',*,*,#886,.F.);
#1181=ORIENTED_EDGE('',*,*,#887,.T.);
#1182=ORIENTED_EDGE('',*,*,#887,.F.);
#1183=ORIENTED_EDGE('',*,*,#888,.F.);
#1184=ORIENTED_EDGE('',*,*,#889,.T.);
#1185=ORIENTED_EDGE('',*,*,#890,.F.);
#1186=ORIENTED_EDGE('',*,*,#891,.T.);
#1187=ORIENTED_EDGE('',*,*,#888,.T.);
#1188=ORIENTED_EDGE('',*,*,#891,.F.);
#1189=ORIENTED_EDGE('',*,*,#889,.F.);
#1190=ORIENTED_EDGE('',*,*,#892,.T.);
#1191=ORIENTED_EDGE('',*,*,#886,.T.);
#1192=ORIENTED_EDGE('',*,*,#892,.F.);
#1193=ORIENTED_EDGE('',*,*,#893,.F.);
#1194=ORIENTED_EDGE('',*,*,#894,.T.);
#1195=ORIENTED_EDGE('',*,*,#894,.F.);
#1196=ORIENTED_EDGE('',*,*,#895,.F.);
#1197=ORIENTED_EDGE('',*,*,#896,.T.);
#1198=ORIENTED_EDGE('',*,*,#897,.F.);
#1199=ORIENTED_EDGE('',*,*,#898,.T.);
#1200=ORIENTED_EDGE('',*,*,#895,.T.);
#1201=ORIENTED_EDGE('',*,*,#898,.F.);
#1202=ORIENTED_EDGE('',*,*,#896,.F.);
#1203=ORIENTED_EDGE('',*,*,#899,.T.);
#1204=ORIENTED_EDGE('',*,*,#893,.T.);
#1205=ORIENTED_EDGE('',*,*,#899,.F.);
#1206=ORIENTED_EDGE('',*,*,#900,.F.);
#1207=ORIENTED_EDGE('',*,*,#901,.T.);
#1208=ORIENTED_EDGE('',*,*,#901,.F.);
#1209=ORIENTED_EDGE('',*,*,#902,.F.);
#1210=ORIENTED_EDGE('',*,*,#903,.T.);
#1211=ORIENTED_EDGE('',*,*,#904,.F.);
#1212=ORIENTED_EDGE('',*,*,#905,.T.);
#1213=ORIENTED_EDGE('',*,*,#902,.T.);
#1214=ORIENTED_EDGE('',*,*,#905,.F.);
#1215=ORIENTED_EDGE('',*,*,#903,.F.);
#1216=ORIENTED_EDGE('',*,*,#906,.T.);
#1217=ORIENTED_EDGE('',*,*,#900,.T.);
#1218=ORIENTED_EDGE('',*,*,#906,.F.);
#1219=ORIENTED_EDGE('',*,*,#779,.T.);
#1220=ORIENTED_EDGE('',*,*,#907,.T.);
#1221=ORIENTED_EDGE('',*,*,#908,.T.);
#1222=ORIENTED_EDGE('',*,*,#907,.F.);
#1223=ORIENTED_EDGE('',*,*,#909,.F.);
#1224=ORIENTED_EDGE('',*,*,#910,.T.);
#1225=ORIENTED_EDGE('',*,*,#908,.F.);
#1226=ORIENTED_EDGE('',*,*,#910,.F.);
#1227=ORIENTED_EDGE('',*,*,#909,.T.);
#1228=ORIENTED_EDGE('',*,*,#811,.T.);
#1229=ORIENTED_EDGE('',*,*,#911,.T.);
#1230=ORIENTED_EDGE('',*,*,#912,.T.);
#1231=ORIENTED_EDGE('',*,*,#911,.F.);
#1232=ORIENTED_EDGE('',*,*,#913,.F.);
#1233=ORIENTED_EDGE('',*,*,#914,.T.);
#1234=ORIENTED_EDGE('',*,*,#912,.F.);
#1235=ORIENTED_EDGE('',*,*,#914,.F.);
#1236=ORIENTED_EDGE('',*,*,#913,.T.);
#1237=ORIENTED_EDGE('',*,*,#915,.F.);
#1238=ORIENTED_EDGE('',*,*,#916,.T.);
#1239=ORIENTED_EDGE('',*,*,#917,.F.);
#1240=ORIENTED_EDGE('',*,*,#918,.F.);
#1241=ORIENTED_EDGE('',*,*,#876,.T.);
#1242=ORIENTED_EDGE('',*,*,#883,.T.);
#1243=ORIENTED_EDGE('',*,*,#919,.F.);
#1244=ORIENTED_EDGE('',*,*,#920,.T.);
#1245=ORIENTED_EDGE('',*,*,#921,.F.);
#1246=ORIENTED_EDGE('',*,*,#916,.F.);
#1247=ORIENTED_EDGE('',*,*,#922,.F.);
#1248=ORIENTED_EDGE('',*,*,#923,.T.);
#1249=ORIENTED_EDGE('',*,*,#924,.F.);
#1250=ORIENTED_EDGE('',*,*,#920,.F.);
#1251=ORIENTED_EDGE('',*,*,#925,.F.);
#1252=ORIENTED_EDGE('',*,*,#805,.T.);
#1253=ORIENTED_EDGE('',*,*,#926,.F.);
#1254=ORIENTED_EDGE('',*,*,#923,.F.);
#1255=ORIENTED_EDGE('',*,*,#800,.F.);
#1256=ORIENTED_EDGE('',*,*,#927,.F.);
#1257=ORIENTED_EDGE('',*,*,#928,.F.);
#1258=ORIENTED_EDGE('',*,*,#812,.F.);
#1259=ORIENTED_EDGE('',*,*,#928,.T.);
#1260=ORIENTED_EDGE('',*,*,#929,.T.);
#1261=ORIENTED_EDGE('',*,*,#930,.T.);
#1262=ORIENTED_EDGE('',*,*,#917,.T.);
#1263=ORIENTED_EDGE('',*,*,#921,.T.);
#1264=ORIENTED_EDGE('',*,*,#924,.T.);
#1265=ORIENTED_EDGE('',*,*,#926,.T.);
#1266=ORIENTED_EDGE('',*,*,#804,.T.);
#1267=ORIENTED_EDGE('',*,*,#813,.T.);
#1268=ORIENTED_EDGE('',*,*,#904,.T.);
#1269=ORIENTED_EDGE('',*,*,#797,.F.);
#1270=ORIENTED_EDGE('',*,*,#931,.T.);
#1271=ORIENTED_EDGE('',*,*,#932,.F.);
#1272=ORIENTED_EDGE('',*,*,#918,.T.);
#1273=ORIENTED_EDGE('',*,*,#930,.F.);
#1274=ORIENTED_EDGE('',*,*,#933,.F.);
#1275=ORIENTED_EDGE('',*,*,#798,.F.);
#1276=ORIENTED_EDGE('',*,*,#933,.T.);
#1277=ORIENTED_EDGE('',*,*,#929,.F.);
#1278=ORIENTED_EDGE('',*,*,#927,.T.);
#1279=ORIENTED_EDGE('',*,*,#843,.T.);
#1280=ORIENTED_EDGE('',*,*,#848,.T.);
#1281=ORIENTED_EDGE('',*,*,#934,.F.);
#1282=ORIENTED_EDGE('',*,*,#856,.T.);
#1283=ORIENTED_EDGE('',*,*,#861,.T.);
#1284=ORIENTED_EDGE('',*,*,#871,.F.);
#1285=ORIENTED_EDGE('',*,*,#935,.F.);
#1286=ORIENTED_EDGE('',*,*,#936,.T.);
#1287=ORIENTED_EDGE('',*,*,#937,.F.);
#1288=ORIENTED_EDGE('',*,*,#868,.F.);
#1289=ORIENTED_EDGE('',*,*,#938,.F.);
#1290=ORIENTED_EDGE('',*,*,#939,.T.);
#1291=ORIENTED_EDGE('',*,*,#940,.F.);
#1292=ORIENTED_EDGE('',*,*,#936,.F.);
#1293=ORIENTED_EDGE('',*,*,#941,.F.);
#1294=ORIENTED_EDGE('',*,*,#942,.T.);
#1295=ORIENTED_EDGE('',*,*,#943,.F.);
#1296=ORIENTED_EDGE('',*,*,#939,.F.);
#1297=ORIENTED_EDGE('',*,*,#840,.T.);
#1298=ORIENTED_EDGE('',*,*,#853,.T.);
#1299=ORIENTED_EDGE('',*,*,#944,.F.);
#1300=ORIENTED_EDGE('',*,*,#945,.T.);
#1301=ORIENTED_EDGE('',*,*,#946,.F.);
#1302=ORIENTED_EDGE('',*,*,#942,.F.);
#1303=ORIENTED_EDGE('',*,*,#766,.T.);
#1304=ORIENTED_EDGE('',*,*,#947,.F.);
#1305=ORIENTED_EDGE('',*,*,#945,.F.);
#1306=ORIENTED_EDGE('',*,*,#948,.F.);
#1307=ORIENTED_EDGE('',*,*,#764,.T.);
#1308=ORIENTED_EDGE('',*,*,#949,.F.);
#1309=ORIENTED_EDGE('',*,*,#809,.T.);
#1310=ORIENTED_EDGE('',*,*,#950,.F.);
#1311=ORIENTED_EDGE('',*,*,#847,.T.);
#1312=ORIENTED_EDGE('',*,*,#867,.F.);
#1313=ORIENTED_EDGE('',*,*,#857,.T.);
#1314=ORIENTED_EDGE('',*,*,#934,.T.);
#1315=ORIENTED_EDGE('',*,*,#951,.F.);
#1316=ORIENTED_EDGE('',*,*,#864,.T.);
#1317=ORIENTED_EDGE('',*,*,#952,.F.);
#1318=ORIENTED_EDGE('',*,*,#953,.F.);
#1319=ORIENTED_EDGE('',*,*,#954,.F.);
#1320=ORIENTED_EDGE('',*,*,#953,.T.);
#1321=ORIENTED_EDGE('',*,*,#955,.F.);
#1322=ORIENTED_EDGE('',*,*,#807,.F.);
#1323=ORIENTED_EDGE('',*,*,#765,.T.);
#1324=ORIENTED_EDGE('',*,*,#950,.T.);
#1325=ORIENTED_EDGE('',*,*,#808,.T.);
#1326=ORIENTED_EDGE('',*,*,#955,.T.);
#1327=ORIENTED_EDGE('',*,*,#952,.T.);
#1328=ORIENTED_EDGE('',*,*,#863,.T.);
#1329=ORIENTED_EDGE('',*,*,#869,.T.);
#1330=ORIENTED_EDGE('',*,*,#937,.T.);
#1331=ORIENTED_EDGE('',*,*,#940,.T.);
#1332=ORIENTED_EDGE('',*,*,#943,.T.);
#1333=ORIENTED_EDGE('',*,*,#946,.T.);
#1334=ORIENTED_EDGE('',*,*,#947,.T.);
#1335=ORIENTED_EDGE('',*,*,#890,.T.);
#1336=ORIENTED_EDGE('',*,*,#897,.T.);
#1337=ORIENTED_EDGE('',*,*,#949,.T.);
#1338=ORIENTED_EDGE('',*,*,#763,.F.);
#1339=ORIENTED_EDGE('',*,*,#759,.T.);
#1340=ORIENTED_EDGE('',*,*,#785,.T.);
#1341=ORIENTED_EDGE('',*,*,#802,.T.);
#1342=ORIENTED_EDGE('',*,*,#810,.T.);
#1343=ORIENTED_EDGE('',*,*,#818,.T.);
#1344=ORIENTED_EDGE('',*,*,#834,.T.);
#1345=ORIENTED_EDGE('',*,*,#831,.T.);
#1346=ORIENTED_EDGE('',*,*,#828,.T.);
#1347=ORIENTED_EDGE('',*,*,#825,.T.);
#1348=ORIENTED_EDGE('',*,*,#822,.T.);
#1349=ORIENTED_EDGE('',*,*,#795,.F.);
#1350=ORIENTED_EDGE('',*,*,#781,.T.);
#1351=ORIENTED_EDGE('',*,*,#956,.F.);
#1352=ORIENTED_EDGE('',*,*,#931,.F.);
#1353=ORIENTED_EDGE('',*,*,#767,.T.);
#1354=ORIENTED_EDGE('',*,*,#948,.T.);
#1355=ORIENTED_EDGE('',*,*,#944,.T.);
#1356=ORIENTED_EDGE('',*,*,#941,.T.);
#1357=ORIENTED_EDGE('',*,*,#938,.T.);
#1358=ORIENTED_EDGE('',*,*,#935,.T.);
#1359=ORIENTED_EDGE('',*,*,#870,.T.);
#1360=ORIENTED_EDGE('',*,*,#865,.T.);
#1361=ORIENTED_EDGE('',*,*,#951,.T.);
#1362=ORIENTED_EDGE('',*,*,#954,.T.);
#1363=ORIENTED_EDGE('',*,*,#806,.T.);
#1364=ORIENTED_EDGE('',*,*,#925,.T.);
#1365=ORIENTED_EDGE('',*,*,#922,.T.);
#1366=ORIENTED_EDGE('',*,*,#919,.T.);
#1367=ORIENTED_EDGE('',*,*,#915,.T.);
#1368=ORIENTED_EDGE('',*,*,#932,.T.);
#1369=ORIENTED_EDGE('',*,*,#956,.T.);
#1370=ORIENTED_EDGE('',*,*,#780,.T.);
#1371=ORIENTED_EDGE('',*,*,#754,.T.);
#1372=ORIENTED_EDGE('',*,*,#751,.F.);
#1373=CYLINDRICAL_SURFACE('',#1507,5.);
#1374=CYLINDRICAL_SURFACE('',#1512,5.);
#1375=CYLINDRICAL_SURFACE('',#1526,2.5);
#1376=CYLINDRICAL_SURFACE('',#1528,2.5);
#1377=CYLINDRICAL_SURFACE('',#1533,2.5);
#1378=CYLINDRICAL_SURFACE('',#1540,2.5);
#1379=CYLINDRICAL_SURFACE('',#1544,2.5);
#1380=CYLINDRICAL_SURFACE('',#1545,25.);
#1381=CYLINDRICAL_SURFACE('',#1549,10.9098815311565);
#1382=CYLINDRICAL_SURFACE('',#1551,1.55);
#1383=CYLINDRICAL_SURFACE('',#1553,1.55);
#1384=CYLINDRICAL_SURFACE('',#1557,8.5);
#1385=CYLINDRICAL_SURFACE('',#1562,4.);
#1386=CYLINDRICAL_SURFACE('',#1571,3.15);
#1387=CYLINDRICAL_SURFACE('',#1573,2.083);
#1388=CYLINDRICAL_SURFACE('',#1581,3.15);
#1389=CYLINDRICAL_SURFACE('',#1583,2.083);
#1390=CYLINDRICAL_SURFACE('',#1586,3.00000000000001);
#1391=CYLINDRICAL_SURFACE('',#1596,3.15);
#1392=CYLINDRICAL_SURFACE('',#1598,2.083);
#1393=CYLINDRICAL_SURFACE('',#1604,3.15);
#1394=CYLINDRICAL_SURFACE('',#1606,2.083);
#1395=CYLINDRICAL_SURFACE('',#1612,1.75);
#1396=CYLINDRICAL_SURFACE('',#1614,1.25);
#1397=CYLINDRICAL_SURFACE('',#1620,1.75);
#1398=CYLINDRICAL_SURFACE('',#1622,1.25);
#1399=CYLINDRICAL_SURFACE('',#1628,1.75);
#1400=CYLINDRICAL_SURFACE('',#1630,1.25);
#1401=CYLINDRICAL_SURFACE('',#1633,4.95);
#1402=CYLINDRICAL_SURFACE('',#1638,4.95);
#1403=CYLINDRICAL_SURFACE('',#1649,9.99999592134804);
#1404=CYLINDRICAL_SURFACE('',#1653,1.);
#1405=CYLINDRICAL_SURFACE('',#1659,5.00000000000012);
#1406=CYLINDRICAL_SURFACE('',#1665,10.);
#1407=ADVANCED_FACE('',(#89),#1373,.F.);
#1408=ADVANCED_FACE('',(#90),#50,.F.);
#1409=ADVANCED_FACE('',(#91),#1374,.F.);
#1410=ADVANCED_FACE('',(#92),#51,.F.);
#1411=ADVANCED_FACE('',(#93,#28,#29,#30),#52,.F.);
#1412=ADVANCED_FACE('',(#94),#53,.T.);
#1413=ADVANCED_FACE('',(#95),#54,.T.);
#1414=ADVANCED_FACE('',(#96),#1375,.T.);
#1415=ADVANCED_FACE('',(#97),#1376,.T.);
#1416=ADVANCED_FACE('',(#98),#24,.T.);
#1417=ADVANCED_FACE('',(#99),#1377,.T.);
#1418=ADVANCED_FACE('',(#100),#25,.T.);
#1419=ADVANCED_FACE('',(#101),#26,.T.);
#1420=ADVANCED_FACE('',(#102),#1378,.T.);
#1421=ADVANCED_FACE('',(#103),#27,.T.);
#1422=ADVANCED_FACE('',(#104),#1379,.T.);
#1423=ADVANCED_FACE('',(#105),#1380,.T.);
#1424=ADVANCED_FACE('',(#106,#31),#55,.T.);
#1425=ADVANCED_FACE('',(#107),#1381,.T.);
#1426=ADVANCED_FACE('',(#108),#1382,.F.);
#1427=ADVANCED_FACE('',(#109),#1383,.F.);
#1428=ADVANCED_FACE('',(#110),#56,.F.);
#1429=ADVANCED_FACE('',(#111),#57,.F.);
#1430=ADVANCED_FACE('',(#112),#1384,.F.);
#1431=ADVANCED_FACE('',(#113),#58,.F.);
#1432=ADVANCED_FACE('',(#114),#59,.F.);
#1433=ADVANCED_FACE('',(#115),#1385,.F.);
#1434=ADVANCED_FACE('',(#116,#32,#33),#60,.T.);
#1435=ADVANCED_FACE('',(#117),#15,.F.);
#1436=ADVANCED_FACE('',(#118,#34),#61,.F.);
#1437=ADVANCED_FACE('',(#119),#1386,.F.);
#1438=ADVANCED_FACE('',(#120),#1387,.F.);
#1439=ADVANCED_FACE('',(#121),#16,.F.);
#1440=ADVANCED_FACE('',(#122,#35),#62,.F.);
#1441=ADVANCED_FACE('',(#123),#1388,.F.);
#1442=ADVANCED_FACE('',(#124),#1389,.F.);
#1443=ADVANCED_FACE('',(#125),#1390,.T.);
#1444=ADVANCED_FACE('',(#126),#63,.T.);
#1445=ADVANCED_FACE('',(#127),#64,.T.);
#1446=ADVANCED_FACE('',(#128),#17,.F.);
#1447=ADVANCED_FACE('',(#129,#36),#65,.F.);
#1448=ADVANCED_FACE('',(#130),#1391,.F.);
#1449=ADVANCED_FACE('',(#131),#1392,.F.);
#1450=ADVANCED_FACE('',(#132),#18,.F.);
#1451=ADVANCED_FACE('',(#133,#37),#66,.F.);
#1452=ADVANCED_FACE('',(#134),#1393,.F.);
#1453=ADVANCED_FACE('',(#135),#1394,.F.);
#1454=ADVANCED_FACE('',(#136),#19,.F.);
#1455=ADVANCED_FACE('',(#137,#38),#67,.F.);
#1456=ADVANCED_FACE('',(#138),#1395,.F.);
#1457=ADVANCED_FACE('',(#139),#1396,.F.);
#1458=ADVANCED_FACE('',(#140),#20,.F.);
#1459=ADVANCED_FACE('',(#141,#39),#68,.F.);
#1460=ADVANCED_FACE('',(#142),#1397,.F.);
#1461=ADVANCED_FACE('',(#143),#1398,.F.);
#1462=ADVANCED_FACE('',(#144),#21,.F.);
#1463=ADVANCED_FACE('',(#145,#40),#69,.F.);
#1464=ADVANCED_FACE('',(#146),#1399,.F.);
#1465=ADVANCED_FACE('',(#147),#1400,.F.);
#1466=ADVANCED_FACE('',(#148),#22,.T.);
#1467=ADVANCED_FACE('',(#149),#1401,.T.);
#1468=ADVANCED_FACE('',(#150),#70,.T.);
#1469=ADVANCED_FACE('',(#151),#23,.T.);
#1470=ADVANCED_FACE('',(#152),#1402,.T.);
#1471=ADVANCED_FACE('',(#153),#71,.T.);
#1472=ADVANCED_FACE('',(#154,#41,#42),#72,.T.);
#1473=ADVANCED_FACE('',(#155),#73,.T.);
#1474=ADVANCED_FACE('',(#156),#74,.T.);
#1475=ADVANCED_FACE('',(#157),#75,.T.);
#1476=ADVANCED_FACE('',(#158),#76,.T.);
#1477=ADVANCED_FACE('',(#159,#43),#77,.F.);
#1478=ADVANCED_FACE('',(#160),#78,.T.);
#1479=ADVANCED_FACE('',(#161),#1403,.T.);
#1480=ADVANCED_FACE('',(#162),#79,.T.);
#1481=ADVANCED_FACE('',(#163),#80,.T.);
#1482=ADVANCED_FACE('',(#164,#44,#45),#81,.T.);
#1483=ADVANCED_FACE('',(#165),#1404,.F.);
#1484=ADVANCED_FACE('',(#166),#82,.T.);
#1485=ADVANCED_FACE('',(#167),#83,.T.);
#1486=ADVANCED_FACE('',(#168),#84,.T.);
#1487=ADVANCED_FACE('',(#169),#1405,.F.);
#1488=ADVANCED_FACE('',(#170),#85,.T.);
#1489=ADVANCED_FACE('',(#171,#46,#47),#86,.F.);
#1490=ADVANCED_FACE('',(#172,#48),#87,.T.);
#1491=ADVANCED_FACE('',(#173),#1406,.T.);
#1492=ADVANCED_FACE('',(#174),#88,.T.);
#1493=CLOSED_SHELL('',(#1407,#1408,#1409,#1410,#1411,#1412,#1413,#1414,
#1415,#1416,#1417,#1418,#1419,#1420,#1421,#1422,#1423,#1424,#1425,#1426,
#1427,#1428,#1429,#1430,#1431,#1432,#1433,#1434,#1435,#1436,#1437,#1438,
#1439,#1440,#1441,#1442,#1443,#1444,#1445,#1446,#1447,#1448,#1449,#1450,
#1451,#1452,#1453,#1454,#1455,#1456,#1457,#1458,#1459,#1460,#1461,#1462,
#1463,#1464,#1465,#1466,#1467,#1468,#1469,#1470,#1471,#1472,#1473,#1474,
#1475,#1476,#1477,#1478,#1479,#1480,#1481,#1482,#1483,#1484,#1485,#1486,
#1487,#1488,#1489,#1490,#1491,#1492));
#1494=DERIVED_UNIT_ELEMENT(#1496,1.);
#1495=DERIVED_UNIT_ELEMENT(#2634,-3.);
#1496=(
MASS_UNIT()
NAMED_UNIT(*)
SI_UNIT(.KILO.,.GRAM.)
);
#1497=DERIVED_UNIT((#1494,#1495));
#1498=MEASURE_REPRESENTATION_ITEM('density measure',
POSITIVE_RATIO_MEASURE(7850.),#1497);
#1499=PROPERTY_DEFINITION_REPRESENTATION(#1504,#1501);
#1500=PROPERTY_DEFINITION_REPRESENTATION(#1505,#1502);
#1501=REPRESENTATION('material name',(#1503),#2631);
#1502=REPRESENTATION('density',(#1498),#2631);
#1503=DESCRIPTIVE_REPRESENTATION_ITEM('Steel','Steel');
#1504=PROPERTY_DEFINITION('material property','material name',#2641);
#1505=PROPERTY_DEFINITION('material property','density of part',#2641);
#1506=AXIS2_PLACEMENT_3D('',#2115,#1668,#1669);
#1507=AXIS2_PLACEMENT_3D('',#2116,#1670,#1671);
#1508=AXIS2_PLACEMENT_3D('',#2119,#1672,#1673);
#1509=AXIS2_PLACEMENT_3D('',#2123,#1675,#1676);
#1510=AXIS2_PLACEMENT_3D('',#2136,#1678,#1679);
#1511=AXIS2_PLACEMENT_3D('',#2141,#1682,#1683);
#1512=AXIS2_PLACEMENT_3D('',#2142,#1684,#1685);
#1513=AXIS2_PLACEMENT_3D('',#2158,#1687,#1688);
#1514=AXIS2_PLACEMENT_3D('',#2161,#1690,#1691);
#1515=AXIS2_PLACEMENT_3D('',#2162,#1692,#1693);
#1516=AXIS2_PLACEMENT_3D('',#2173,#1700,#1701);
#1517=AXIS2_PLACEMENT_3D('',#2179,#1704,#1705);
#1518=AXIS2_PLACEMENT_3D('',#2183,#1707,#1708);
#1519=AXIS2_PLACEMENT_3D('',#2187,#1710,#1711);
#1520=AXIS2_PLACEMENT_3D('',#2190,#1713,#1714);
#1521=AXIS2_PLACEMENT_3D('',#2192,#1715,#1716);
#1522=AXIS2_PLACEMENT_3D('',#2194,#1717,#1718);
#1523=AXIS2_PLACEMENT_3D('',#2196,#1719,#1720);
#1524=AXIS2_PLACEMENT_3D('',#2197,#1721,#1722);
#1525=AXIS2_PLACEMENT_3D('',#2203,#1726,#1727);
#1526=AXIS2_PLACEMENT_3D('',#2209,#1731,#1732);
#1527=AXIS2_PLACEMENT_3D('',#2210,#1733,#1734);
#1528=AXIS2_PLACEMENT_3D('',#2211,#1735,#1736);
#1529=AXIS2_PLACEMENT_3D('',#2212,#1737,#1738);
#1530=AXIS2_PLACEMENT_3D('',#2213,#1739,#1740);
#1531=AXIS2_PLACEMENT_3D('',#2216,#1741,#1742);
#1532=AXIS2_PLACEMENT_3D('',#2217,#1743,#1744);
#1533=AXIS2_PLACEMENT_3D('',#2232,#1745,#1746);
#1534=AXIS2_PLACEMENT_3D('',#2234,#1747,#1748);
#1535=AXIS2_PLACEMENT_3D('',#2236,#1750,#1751);
#1536=AXIS2_PLACEMENT_3D('',#2237,#1752,#1753);
#1537=AXIS2_PLACEMENT_3D('',#2238,#1754,#1755);
#1538=AXIS2_PLACEMENT_3D('',#2240,#1756,#1757);
#1539=AXIS2_PLACEMENT_3D('',#2241,#1758,#1759);
#1540=AXIS2_PLACEMENT_3D('',#2242,#1760,#1761);
#1541=AXIS2_PLACEMENT_3D('',#2244,#1762,#1763);
#1542=AXIS2_PLACEMENT_3D('',#2246,#1765,#1766);
#1543=AXIS2_PLACEMENT_3D('',#2248,#1767,#1768);
#1544=AXIS2_PLACEMENT_3D('',#2263,#1769,#1770);
#1545=AXIS2_PLACEMENT_3D('',#2265,#1772,#1773);
#1546=AXIS2_PLACEMENT_3D('',#2268,#1775,#1776);
#1547=AXIS2_PLACEMENT_3D('',#2269,#1777,#1778);
#1548=AXIS2_PLACEMENT_3D('',#2286,#1787,#1788);
#1549=AXIS2_PLACEMENT_3D('',#2287,#1789,#1790);
#1550=AXIS2_PLACEMENT_3D('',#2290,#1792,#1793);
#1551=AXIS2_PLACEMENT_3D('',#2291,#1794,#1795);
#1552=AXIS2_PLACEMENT_3D('',#2294,#1797,#1798);
#1553=AXIS2_PLACEMENT_3D('',#2295,#1799,#1800);
#1554=AXIS2_PLACEMENT_3D('',#2298,#1802,#1803);
#1555=AXIS2_PLACEMENT_3D('',#2299,#1804,#1805);
#1556=AXIS2_PLACEMENT_3D('',#2308,#1810,#1811);
#1557=AXIS2_PLACEMENT_3D('',#2314,#1815,#1816);
#1558=AXIS2_PLACEMENT_3D('',#2316,#1817,#1818);
#1559=AXIS2_PLACEMENT_3D('',#2319,#1820,#1821);
#1560=AXIS2_PLACEMENT_3D('',#2320,#1822,#1823);
#1561=AXIS2_PLACEMENT_3D('',#2326,#1827,#1828);
#1562=AXIS2_PLACEMENT_3D('',#2332,#1832,#1833);
#1563=AXIS2_PLACEMENT_3D('',#2333,#1834,#1835);
#1564=AXIS2_PLACEMENT_3D('',#2334,#1836,#1837);
#1565=AXIS2_PLACEMENT_3D('',#2335,#1838,#1839);
#1566=AXIS2_PLACEMENT_3D('',#2336,#1840,#1841);
#1567=AXIS2_PLACEMENT_3D('',#2345,#1842,#1843);
#1568=AXIS2_PLACEMENT_3D('',#2346,#1844,#1845);
#1569=AXIS2_PLACEMENT_3D('',#2348,#1846,#1847);
#1570=AXIS2_PLACEMENT_3D('',#2350,#1848,#1849);
#1571=AXIS2_PLACEMENT_3D('',#2351,#1850,#1851);
#1572=AXIS2_PLACEMENT_3D('',#2353,#1852,#1853);
#1573=AXIS2_PLACEMENT_3D('',#2355,#1855,#1856);
#1574=AXIS2_PLACEMENT_3D('',#2359,#1858,#1859);
#1575=AXIS2_PLACEMENT_3D('',#2381,#1862,#1863);
#1576=AXIS2_PLACEMENT_3D('',#2382,#1864,#1865);
#1577=AXIS2_PLACEMENT_3D('',#2391,#1866,#1867);
#1578=AXIS2_PLACEMENT_3D('',#2392,#1868,#1869);
#1579=AXIS2_PLACEMENT_3D('',#2394,#1870,#1871);
#1580=AXIS2_PLACEMENT_3D('',#2396,#1872,#1873);
#1581=AXIS2_PLACEMENT_3D('',#2397,#1874,#1875);
#1582=AXIS2_PLACEMENT_3D('',#2399,#1876,#1877);
#1583=AXIS2_PLACEMENT_3D('',#2401,#1879,#1880);
#1584=AXIS2_PLACEMENT_3D('',#2405,#1882,#1883);
#1585=AXIS2_PLACEMENT_3D('',#2427,#1886,#1887);
#1586=AXIS2_PLACEMENT_3D('',#2428,#1888,#1889);
#1587=AXIS2_PLACEMENT_3D('',#2432,#1891,#1892);
#1588=AXIS2_PLACEMENT_3D('',#2436,#1894,#1895);
#1589=AXIS2_PLACEMENT_3D('',#2439,#1898,#1899);
#1590=AXIS2_PLACEMENT_3D('',#2443,#1902,#1903);
#1591=AXIS2_PLACEMENT_3D('',#2447,#1906,#1907);
#1592=AXIS2_PLACEMENT_3D('',#2449,#1908,#1909);
#1593=AXIS2_PLACEMENT_3D('',#2452,#1911,#1912);
#1594=AXIS2_PLACEMENT_3D('',#2454,#1913,#1914);
#1595=AXIS2_PLACEMENT_3D('',#2456,#1915,#1916);
#1596=AXIS2_PLACEMENT_3D('',#2457,#1917,#1918);
#1597=AXIS2_PLACEMENT_3D('',#2459,#1919,#1920);
#1598=AXIS2_PLACEMENT_3D('',#2461,#1922,#1923);
#1599=AXIS2_PLACEMENT_3D('',#2463,#1925,#1926);
#1600=AXIS2_PLACEMENT_3D('',#2465,#1927,#1928);
#1601=AXIS2_PLACEMENT_3D('',#2468,#1930,#1931);
#1602=AXIS2_PLACEMENT_3D('',#2470,#1932,#1933);
#1603=AXIS2_PLACEMENT_3D('',#2472,#1934,#1935);
#1604=AXIS2_PLACEMENT_3D('',#2473,#1936,#1937);
#1605=AXIS2_PLACEMENT_3D('',#2475,#1938,#1939);
#1606=AXIS2_PLACEMENT_3D('',#2477,#1941,#1942);
#1607=AXIS2_PLACEMENT_3D('',#2479,#1944,#1945);
#1608=AXIS2_PLACEMENT_3D('',#2481,#1946,#1947);
#1609=AXIS2_PLACEMENT_3D('',#2484,#1949,#1950);
#1610=AXIS2_PLACEMENT_3D('',#2486,#1951,#1952);
#1611=AXIS2_PLACEMENT_3D('',#2488,#1953,#1954);
#1612=AXIS2_PLACEMENT_3D('',#2489,#1955,#1956);
#1613=AXIS2_PLACEMENT_3D('',#2491,#1957,#1958);
#1614=AXIS2_PLACEMENT_3D('',#2493,#1960,#1961);
#1615=AXIS2_PLACEMENT_3D('',#2495,#1963,#1964);
#1616=AXIS2_PLACEMENT_3D('',#2497,#1965,#1966);
#1617=AXIS2_PLACEMENT_3D('',#2500,#1968,#1969);
#1618=AXIS2_PLACEMENT_3D('',#2502,#1970,#1971);
#1619=AXIS2_PLACEMENT_3D('',#2504,#1972,#1973);
#1620=AXIS2_PLACEMENT_3D('',#2505,#1974,#1975);
#1621=AXIS2_PLACEMENT_3D('',#2507,#1976,#1977);
#1622=AXIS2_PLACEMENT_3D('',#2509,#1979,#1980);
#1623=AXIS2_PLACEMENT_3D('',#2511,#1982,#1983);
#1624=AXIS2_PLACEMENT_3D('',#2513,#1984,#1985);
#1625=AXIS2_PLACEMENT_3D('',#2516,#1987,#1988);
#1626=AXIS2_PLACEMENT_3D('',#2518,#1989,#1990);
#1627=AXIS2_PLACEMENT_3D('',#2520,#1991,#1992);
#1628=AXIS2_PLACEMENT_3D('',#2521,#1993,#1994);
#1629=AXIS2_PLACEMENT_3D('',#2523,#1995,#1996);
#1630=AXIS2_PLACEMENT_3D('',#2525,#1998,#1999);
#1631=AXIS2_PLACEMENT_3D('',#2527,#2001,#2002);
#1632=AXIS2_PLACEMENT_3D('',#2530,#2004,#2005);
#1633=AXIS2_PLACEMENT_3D('',#2531,#2006,#2007);
#1634=AXIS2_PLACEMENT_3D('',#2533,#2008,#2009);
#1635=AXIS2_PLACEMENT_3D('',#2535,#2011,#2012);
#1636=AXIS2_PLACEMENT_3D('',#2536,#2013,#2014);
#1637=AXIS2_PLACEMENT_3D('',#2539,#2016,#2017);
#1638=AXIS2_PLACEMENT_3D('',#2540,#2018,#2019);
#1639=AXIS2_PLACEMENT_3D('',#2542,#2020,#2021);
#1640=AXIS2_PLACEMENT_3D('',#2544,#2023,#2024);
#1641=AXIS2_PLACEMENT_3D('',#2545,#2025,#2026);
#1642=AXIS2_PLACEMENT_3D('',#2554,#2031,#2032);
#1643=AXIS2_PLACEMENT_3D('',#2560,#2036,#2037);
#1644=AXIS2_PLACEMENT_3D('',#2566,#2041,#2042);
#1645=AXIS2_PLACEMENT_3D('',#2569,#2045,#2046);
#1646=AXIS2_PLACEMENT_3D('',#2573,#2049,#2050);
#1647=AXIS2_PLACEMENT_3D('',#2575,#2051,#2052);
#1648=AXIS2_PLACEMENT_3D('',#2577,#2054,#2055);
#1649=AXIS2_PLACEMENT_3D('',#2582,#2059,#2060);
#1650=AXIS2_PLACEMENT_3D('',#2583,#2061,#2062);
#1651=AXIS2_PLACEMENT_3D('',#2590,#2067,#2068);
#1652=AXIS2_PLACEMENT_3D('',#2596,#2072,#2073);
#1653=AXIS2_PLACEMENT_3D('',#2602,#2077,#2078);
#1654=AXIS2_PLACEMENT_3D('',#2604,#2079,#2080);
#1655=AXIS2_PLACEMENT_3D('',#2607,#2082,#2083);
#1656=AXIS2_PLACEMENT_3D('',#2608,#2084,#2085);
#1657=AXIS2_PLACEMENT_3D('',#2611,#2088,#2089);
#1658=AXIS2_PLACEMENT_3D('',#2614,#2092,#2093);
#1659=AXIS2_PLACEMENT_3D('',#2615,#2094,#2095);
#1660=AXIS2_PLACEMENT_3D('',#2617,#2096,#2097);
#1661=AXIS2_PLACEMENT_3D('',#2619,#2098,#2099);
#1662=AXIS2_PLACEMENT_3D('',#2621,#2101,#2102);
#1663=AXIS2_PLACEMENT_3D('',#2624,#2105,#2106);
#1664=AXIS2_PLACEMENT_3D('',#2625,#2107,#2108);
#1665=AXIS2_PLACEMENT_3D('',#2626,#2109,#2110);
#1666=AXIS2_PLACEMENT_3D('',#2627,#2111,#2112);
#1667=AXIS2_PLACEMENT_3D('',#2628,#2113,#2114);
#1668=DIRECTION('axis',(0.,0.,1.));
#1669=DIRECTION('refdir',(1.,0.,0.));
#1670=DIRECTION('center_axis',(-3.18442504923858E-15,7.5429351418685E-18,
-1.));
#1671=DIRECTION('ref_axis',(0.708779713869786,0.705429881141041,-2.51214793389404E-15));
#1672=DIRECTION('center_axis',(0.,0.,-1.));
#1673=DIRECTION('ref_axis',(0.708779713869786,0.705429881141041,-2.51214793389404E-15));
#1674=DIRECTION('',(3.18442504923858E-15,-7.5429351418685E-18,1.));
#1675=DIRECTION('center_axis',(0.,0.,1.));
#1676=DIRECTION('ref_axis',(0.708779713869786,0.705429881141041,-2.51214793389404E-15));
#1677=DIRECTION('',(-3.18442504923858E-15,7.5429351418685E-18,-1.));
#1678=DIRECTION('center_axis',(0.00236868943833622,0.999997194651237,0.));
#1679=DIRECTION('ref_axis',(0.,0.,1.));
#1680=DIRECTION('',(0.999997194651237,-0.00236868943833622,0.));
#1681=DIRECTION('',(0.,0.,1.));
#1682=DIRECTION('center_axis',(0.00236868943833622,0.999997194651237,0.));
#1683=DIRECTION('ref_axis',(-0.999997194651237,0.00236868943833622,1.11021991011514E-16));
#1684=DIRECTION('center_axis',(-3.18442504923858E-15,7.54293514186849E-18,
-1.));
#1685=DIRECTION('ref_axis',(0.705429881141041,-0.708779713869786,-2.51214793389404E-15));
#1686=DIRECTION('',(-4.39380316428223E-55,-2.18953499281273E-47,-1.));
#1687=DIRECTION('center_axis',(0.,0.,1.));
#1688=DIRECTION('ref_axis',(0.705429881141041,-0.708779713869786,-2.51214793389404E-15));
#1689=DIRECTION('',(-3.18442504923858E-15,7.54293514186849E-18,-1.));
#1690=DIRECTION('center_axis',(0.,0.,-1.));
#1691=DIRECTION('ref_axis',(0.705429881141041,-0.708779713869786,-2.51214793389404E-15));
#1692=DIRECTION('center_axis',(0.999997194651237,-0.00236868943833622,-3.18443398268652E-15));
#1693=DIRECTION('ref_axis',(-3.18442504923858E-15,7.54293514186849E-18,
-1.));
#1694=DIRECTION('',(0.00236868943833622,0.999997194651237,0.));
#1695=DIRECTION('',(-0.00236868943833622,-0.999997194651237,0.));
#1696=DIRECTION('',(-3.18442504923858E-15,7.54293514186849E-18,-1.));
#1697=DIRECTION('',(-0.00236868943833622,-0.999997194651237,0.));
#1698=DIRECTION('',(3.18444291615951E-15,0.,1.));
#1699=DIRECTION('',(-0.00236868943833622,-0.999997194651237,0.));
#1700=DIRECTION('center_axis',(0.,0.,1.));
#1701=DIRECTION('ref_axis',(1.,0.,0.));
#1702=DIRECTION('',(-2.00672890760144E-8,-1.,0.));
#1703=DIRECTION('',(-2.00672890760144E-8,-1.,0.));
#1704=DIRECTION('center_axis',(0.,0.,1.));
#1705=DIRECTION('ref_axis',(-0.707106778209871,0.707106784163224,0.));
#1706=DIRECTION('',(-1.,-1.16479747425512E-8,0.));
#1707=DIRECTION('center_axis',(0.,0.,1.));
#1708=DIRECTION('ref_axis',(0.256315256795429,0.966593238717245,0.));
#1709=DIRECTION('',(-0.997191452015292,-0.0748946461880522,0.));
#1710=DIRECTION('center_axis',(0.,0.,1.));
#1711=DIRECTION('ref_axis',(0.894138414607118,0.447790682712213,0.));
#1712=DIRECTION('',(-2.30578141893644E-16,1.,0.));
#1713=DIRECTION('center_axis',(0.,0.,1.));
#1714=DIRECTION('ref_axis',(-1.00336458253025E-8,-1.,0.));
#1715=DIRECTION('center_axis',(0.,0.,1.));
#1716=DIRECTION('ref_axis',(-1.,-6.38378239159464E-16,0.));
#1717=DIRECTION('center_axis',(0.,0.,1.));
#1718=DIRECTION('ref_axis',(-1.,-6.38378239159464E-16,0.));
#1719=DIRECTION('center_axis',(0.,0.,-1.));
#1720=DIRECTION('ref_axis',(1.,6.38378239159465E-16,0.));
#1721=DIRECTION('center_axis',(-1.,2.00672890760144E-8,0.));
#1722=DIRECTION('ref_axis',(-2.00672890760144E-8,-1.,0.));
#1723=DIRECTION('',(-2.00672890760144E-8,-1.,0.));
#1724=DIRECTION('',(0.,0.,1.));
#1725=DIRECTION('',(2.00672890760144E-8,1.,0.));
#1726=DIRECTION('center_axis',(-1.,2.00672890760144E-8,0.));
#1727=DIRECTION('ref_axis',(-2.00672890760144E-8,-1.,0.));
#1728=DIRECTION('',(2.00672890760144E-8,1.,0.));
#1729=DIRECTION('',(0.,0.,1.));
#1730=DIRECTION('',(-2.00672890760144E-8,-1.,0.));
#1731=DIRECTION('center_axis',(-2.00672890760144E-8,-1.,0.));
#1732=DIRECTION('ref_axis',(-0.707106781186547,1.41897168757245E-8,-0.707106781186547));
#1733=DIRECTION('center_axis',(-2.00672900518839E-8,-1.,0.));
#1734=DIRECTION('ref_axis',(-1.,2.00672900518839E-8,0.));
#1735=DIRECTION('center_axis',(-2.00672890760144E-8,-1.,0.));
#1736=DIRECTION('ref_axis',(-0.707106781186547,1.41897168757245E-8,-0.707106781186547));
#1737=DIRECTION('center_axis',(-2.00672926357523E-8,-1.,0.));
#1738=DIRECTION('ref_axis',(-1.,2.00672926357523E-8,0.));
#1739=DIRECTION('center_axis',(0.,0.,-1.));
#1740=DIRECTION('ref_axis',(-1.,0.,0.));
#1741=DIRECTION('center_axis',(0.,0.,-1.));
#1742=DIRECTION('ref_axis',(0.894138414607118,0.447790682712213,0.));
#1743=DIRECTION('center_axis',(0.,1.,0.));
#1744=DIRECTION('ref_axis',(1.,0.,0.));
#1745=DIRECTION('center_axis',(2.30578141893644E-16,-1.,0.));
#1746=DIRECTION('ref_axis',(0.707106781186547,0.,-0.707106781186547));
#1747=DIRECTION('center_axis',(0.,1.,0.));
#1748=DIRECTION('ref_axis',(1.,0.,0.));
#1749=DIRECTION('',(2.30578141893644E-16,-1.,0.));
#1750=DIRECTION('center_axis',(0.,0.,1.));
#1751=DIRECTION('ref_axis',(-1.0033645807539E-8,-1.,0.));
#1752=DIRECTION('center_axis',(0.,0.,-1.));
#1753=DIRECTION('ref_axis',(-1.00336458253025E-8,-1.,0.));
#1754=DIRECTION('center_axis',(0.,0.,1.));
#1755=DIRECTION('ref_axis',(1.,0.,0.));
#1756=DIRECTION('center_axis',(-1.,-1.16479752509946E-8,0.));
#1757=DIRECTION('ref_axis',(-1.16479752509946E-8,1.,0.));
#1758=DIRECTION('center_axis',(0.,0.,-1.));
#1759=DIRECTION('ref_axis',(-0.707106778209871,0.707106784163224,0.));
#1760=DIRECTION('center_axis',(1.,1.16479747425512E-8,0.));
#1761=DIRECTION('ref_axis',(-8.23636213006211E-9,0.707106781186547,-0.707106781186547));
#1762=DIRECTION('center_axis',(-1.,-1.16479750289501E-8,0.));
#1763=DIRECTION('ref_axis',(-1.16479750289501E-8,1.,0.));
#1764=DIRECTION('',(1.,1.16479747425512E-8,0.));
#1765=DIRECTION('center_axis',(0.,0.,1.));
#1766=DIRECTION('ref_axis',(1.,0.,0.));
#1767=DIRECTION('center_axis',(0.,0.,-1.));
#1768=DIRECTION('ref_axis',(0.256315256795429,0.966593238717245,0.));
#1769=DIRECTION('center_axis',(0.997191452015292,0.0748946461880522,0.));
#1770=DIRECTION('ref_axis',(-0.0529585121941379,0.705120837861276,-0.707106781186545));
#1771=DIRECTION('',(0.997191452015292,0.0748946461880522,0.));
#1772=DIRECTION('center_axis',(0.,0.,1.));
#1773=DIRECTION('ref_axis',(-1.00336460978174E-8,-1.,0.));
#1774=DIRECTION('',(0.,0.,1.));
#1775=DIRECTION('center_axis',(0.,0.,1.));
#1776=DIRECTION('ref_axis',(1.,0.,0.));
#1777=DIRECTION('center_axis',(1.,2.30578141893644E-16,0.));
#1778=DIRECTION('ref_axis',(-2.30578141893644E-16,1.,0.));
#1779=DIRECTION('',(0.,0.,1.));
#1780=DIRECTION('',(-2.30578141893644E-16,1.,0.));
#1781=DIRECTION('',(0.,0.,1.));
#1782=DIRECTION('',(-2.30578141893644E-16,1.,0.));
#1783=DIRECTION('',(0.,0.,1.));
#1784=DIRECTION('',(0.,1.,0.));
#1785=DIRECTION('',(0.,0.,1.));
#1786=DIRECTION('',(-2.30578141893644E-16,1.,0.));
#1787=DIRECTION('center_axis',(1.,2.30578141893644E-16,0.));
#1788=DIRECTION('ref_axis',(-2.30578141893644E-16,1.,6.16297582203914E-33));
#1789=DIRECTION('center_axis',(0.,0.,1.));
#1790=DIRECTION('ref_axis',(0.598967008952264,0.800773702232271,0.));
#1791=DIRECTION('',(0.,0.,1.));
#1792=DIRECTION('center_axis',(0.,0.,1.));
#1793=DIRECTION('ref_axis',(0.598967008952264,0.800773702232271,0.));
#1794=DIRECTION('center_axis',(-1.39774757217584E-62,2.18952885050753E-47,
1.));
#1795=DIRECTION('ref_axis',(-1.,-6.38378239159464E-16,0.));
#1796=DIRECTION('',(-1.39774757217584E-62,2.18952885050753E-47,1.));
#1797=DIRECTION('center_axis',(-3.93430965325569E-48,6.16297582203913E-33,
-1.));
#1798=DIRECTION('ref_axis',(-1.,-6.38378239159464E-16,0.));
#1799=DIRECTION('center_axis',(-1.39774757217584E-62,2.18952885050753E-47,
1.));
#1800=DIRECTION('ref_axis',(-1.,-6.38378239159464E-16,0.));
#1801=DIRECTION('',(-1.39774757217584E-62,2.18952885050753E-47,1.));
#1802=DIRECTION('center_axis',(-3.93430965325569E-48,6.16297582203913E-33,
-1.));
#1803=DIRECTION('ref_axis',(-1.,-6.38378239159464E-16,0.));
#1804=DIRECTION('center_axis',(-1.,-3.12429757084889E-8,0.));
#1805=DIRECTION('ref_axis',(-3.12429757084889E-8,0.999999999999999,6.16297582203913E-33));
#1806=DIRECTION('',(-3.12429757084889E-8,0.999999999999999,0.));
#1807=DIRECTION('',(0.,0.,-1.));
#1808=DIRECTION('',(-3.12429757084889E-8,0.999999999999999,6.16297582203913E-33));
#1809=DIRECTION('',(0.,0.,-1.));
#1810=DIRECTION('center_axis',(-0.847352684040475,0.5310305347618,0.));
#1811=DIRECTION('ref_axis',(0.5310305347618,0.847352684040475,5.22221410448141E-33));
#1812=DIRECTION('',(0.5310305347618,0.847352684040475,0.));
#1813=DIRECTION('',(0.,0.,-1.));
#1814=DIRECTION('',(0.5310305347618,0.847352684040475,5.22221410448141E-33));
#1815=DIRECTION('center_axis',(0.,0.,-1.));
#1816=DIRECTION('ref_axis',(0.00975571025828134,-0.999952411926366,0.));
#1817=DIRECTION('center_axis',(0.,0.,-1.));
#1818=DIRECTION('ref_axis',(1.,6.38378239159464E-16,0.));
#1819=DIRECTION('',(0.,0.,-1.));
#1820=DIRECTION('center_axis',(-3.93430965325569E-48,6.16297582203913E-33,
-1.));
#1821=DIRECTION('ref_axis',(1.,6.38378239159464E-16,0.));
#1822=DIRECTION('center_axis',(0.836830725347455,0.547461722054111,0.));
#1823=DIRECTION('ref_axis',(0.547461722054111,-0.836830725347455,-5.15736752745584E-33));
#1824=DIRECTION('',(0.547461722054111,-0.836830725347455,0.));
#1825=DIRECTION('',(0.,0.,-1.));
#1826=DIRECTION('',(0.547461722054111,-0.836830725347455,-5.15736752745584E-33));
#1827=DIRECTION('center_axis',(1.,3.12429691235651E-8,0.));
#1828=DIRECTION('ref_axis',(3.12429691235651E-8,-0.999999999999999,-6.16297582203913E-33));
#1829=DIRECTION('',(3.12429691235651E-8,-0.999999999999999,0.));
#1830=DIRECTION('',(0.,0.,-1.));
#1831=DIRECTION('',(3.12429691235651E-8,-0.999999999999999,-6.16297582203913E-33));
#1832=DIRECTION('center_axis',(0.,0.,-1.));
#1833=DIRECTION('ref_axis',(-1.15609565703551E-8,1.,0.));
#1834=DIRECTION('center_axis',(0.,0.,-1.));
#1835=DIRECTION('ref_axis',(1.,6.38378239159464E-16,0.));
#1836=DIRECTION('center_axis',(-3.93430965325569E-48,6.16297582203913E-33,
-1.));
#1837=DIRECTION('ref_axis',(1.,6.38378239159464E-16,0.));
#1838=DIRECTION('center_axis',(3.93430965325569E-48,-6.16297582203913E-33,
1.));
#1839=DIRECTION('ref_axis',(1.,6.38378239159464E-16,0.));
#1840=DIRECTION('center_axis',(-1.,-6.38378239159464E-16,0.));
#1841=DIRECTION('ref_axis',(6.38378239159464E-16,-1.,-6.16297582203913E-33));
#1842=DIRECTION('center_axis',(1.,6.38378239159464E-16,0.));
#1843=DIRECTION('ref_axis',(6.38378239159464E-16,-1.,-6.16297582203913E-33));
#1844=DIRECTION('center_axis',(1.,6.38378239159464E-16,0.));
#1845=DIRECTION('ref_axis',(6.38378239159464E-16,-1.,-6.16297582203913E-33));
#1846=DIRECTION('center_axis',(1.,6.38378239159464E-16,0.));
#1847=DIRECTION('ref_axis',(6.38378239159464E-16,-1.,-6.16297582203913E-33));
#1848=DIRECTION('center_axis',(1.,6.38378239159464E-16,0.));
#1849=DIRECTION('ref_axis',(6.38378239159464E-16,-1.,-6.16297582203913E-33));
#1850=DIRECTION('center_axis',(1.,6.38378239159464E-16,0.));
#1851=DIRECTION('ref_axis',(6.38378239159464E-16,-1.,-6.16297582203913E-33));
#1852=DIRECTION('center_axis',(1.,1.94243083245309E-27,0.));
#1853=DIRECTION('ref_axis',(6.38378239159464E-16,-1.,-6.16297582203913E-33));
#1854=DIRECTION('',(1.,6.38378239159464E-16,0.));
#1855=DIRECTION('center_axis',(1.,6.38378239159464E-16,0.));
#1856=DIRECTION('ref_axis',(6.38378239159464E-16,-1.,-6.16297582203913E-33));
#1857=DIRECTION('',(1.,6.38378239159464E-16,0.));
#1858=DIRECTION('center_axis',(-1.,-6.16738728068032E-16,0.));
#1859=DIRECTION('ref_axis',(6.38378239159464E-16,-1.,-6.16297582203913E-33));
#1860=DIRECTION('',(-1.,-6.38378239159464E-16,0.));
#1861=DIRECTION('',(1.,6.38378239159464E-16,0.));
#1862=DIRECTION('center_axis',(-1.,-6.16738728068032E-16,0.));
#1863=DIRECTION('ref_axis',(6.38378239159464E-16,-1.,-6.16297582203913E-33));
#1864=DIRECTION('center_axis',(-1.,-6.38378239159464E-16,0.));
#1865=DIRECTION('ref_axis',(6.38378239159464E-16,-1.,-6.16297582203913E-33));
#1866=DIRECTION('center_axis',(1.,6.38378239159464E-16,0.));
#1867=DIRECTION('ref_axis',(6.38378239159464E-16,-1.,-6.16297582203913E-33));
#1868=DIRECTION('center_axis',(1.,6.38378239159464E-16,0.));
#1869=DIRECTION('ref_axis',(6.38378239159464E-16,-1.,-6.16297582203913E-33));
#1870=DIRECTION('center_axis',(1.,6.38378239159464E-16,0.));
#1871=DIRECTION('ref_axis',(6.38378239159464E-16,-1.,-6.16297582203913E-33));
#1872=DIRECTION('center_axis',(1.,6.38378239159464E-16,0.));
#1873=DIRECTION('ref_axis',(6.38378239159464E-16,-1.,-6.16297582203913E-33));
#1874=DIRECTION('center_axis',(1.,6.38378239159464E-16,0.));
#1875=DIRECTION('ref_axis',(6.38378239159464E-16,-1.,-6.16297582203913E-33));
#1876=DIRECTION('center_axis',(1.,1.94243083245309E-27,0.));
#1877=DIRECTION('ref_axis',(6.38378239159464E-16,-1.,-6.16297582203913E-33));
#1878=DIRECTION('',(1.,6.38378239159464E-16,0.));
#1879=DIRECTION('center_axis',(1.,6.38378239159464E-16,0.));
#1880=DIRECTION('ref_axis',(6.38378239159464E-16,-1.,-6.16297582203913E-33));
#1881=DIRECTION('',(1.,6.38378239159464E-16,0.));
#1882=DIRECTION('center_axis',(-1.,-6.16738728068032E-16,0.));
#1883=DIRECTION('ref_axis',(6.38378239159464E-16,-1.,-6.16297582203913E-33));
#1884=DIRECTION('',(-1.,-6.38378239159464E-16,0.));
#1885=DIRECTION('',(1.,6.38378239159464E-16,0.));
#1886=DIRECTION('center_axis',(-1.,-6.16738728068032E-16,0.));
#1887=DIRECTION('ref_axis',(6.38378239159464E-16,-1.,-6.16297582203913E-33));
#1888=DIRECTION('center_axis',(0.,0.,1.));
#1889=DIRECTION('ref_axis',(-8.88178419700123E-15,1.,0.));
#1890=DIRECTION('',(0.,0.,1.));
#1891=DIRECTION('center_axis',(0.,0.,1.));
#1892=DIRECTION('ref_axis',(-8.88178419700123E-15,1.,0.));
#1893=DIRECTION('',(0.,0.,1.));
#1894=DIRECTION('center_axis',(0.,0.,-1.));
#1895=DIRECTION('ref_axis',(-8.88178419700123E-15,1.,0.));
#1896=DIRECTION('',(0.,0.,1.));
#1897=DIRECTION('',(0.,0.,1.));
#1898=DIRECTION('center_axis',(2.73072984282887E-14,1.,0.));
#1899=DIRECTION('ref_axis',(-1.,2.73072984282887E-14,0.));
#1900=DIRECTION('',(0.,0.,1.));
#1901=DIRECTION('',(-1.,2.73072984282887E-14,0.));
#1902=DIRECTION('center_axis',(2.73072984282887E-14,1.,0.));
#1903=DIRECTION('ref_axis',(-1.,2.73072984282887E-14,0.));
#1904=DIRECTION('',(1.,-2.73072984282887E-14,0.));
#1905=DIRECTION('',(0.,0.,1.));
#1906=DIRECTION('center_axis',(-1.,-6.38378239159464E-16,0.));
#1907=DIRECTION('ref_axis',(6.38378239159464E-16,-1.,-6.16297582203913E-33));
#1908=DIRECTION('center_axis',(1.,6.38378239159464E-16,0.));
#1909=DIRECTION('ref_axis',(6.38378239159464E-16,-1.,-6.16297582203913E-33));
#1910=DIRECTION('',(0.515038074910055,-0.857167300702112,-1.04972719113862E-16));
#1911=DIRECTION('center_axis',(1.,6.38378239159464E-16,0.));
#1912=DIRECTION('ref_axis',(6.38378239159464E-16,-1.,-6.16297582203913E-33));
#1913=DIRECTION('center_axis',(1.,6.38378239159464E-16,0.));
#1914=DIRECTION('ref_axis',(6.38378239159464E-16,-1.,-6.16297582203913E-33));
#1915=DIRECTION('center_axis',(1.,6.38378239159464E-16,0.));
#1916=DIRECTION('ref_axis',(6.38378239159464E-16,-1.,-6.16297582203913E-33));
#1917=DIRECTION('center_axis',(1.,6.38378239159464E-16,0.));
#1918=DIRECTION('ref_axis',(6.38378239159464E-16,-1.,-6.16297582203913E-33));
#1919=DIRECTION('center_axis',(1.,1.17020138614962E-14,0.));
#1920=DIRECTION('ref_axis',(6.38378239159464E-16,-1.,-6.16297582203913E-33));
#1921=DIRECTION('',(1.,6.38378239159464E-16,0.));
#1922=DIRECTION('center_axis',(1.,6.38378239159464E-16,0.));
#1923=DIRECTION('ref_axis',(6.38378239159464E-16,-1.,-6.16297582203913E-33));
#1924=DIRECTION('',(1.,6.38378239159464E-16,0.));
#1925=DIRECTION('center_axis',(-1.,-6.38378239159464E-16,0.));
#1926=DIRECTION('ref_axis',(6.38378239159464E-16,-1.,-6.16297582203913E-33));
#1927=DIRECTION('center_axis',(1.,6.38378239159464E-16,0.));
#1928=DIRECTION('ref_axis',(6.38378239159464E-16,-1.,-6.16297582203913E-33));
#1929=DIRECTION('',(0.515038074910055,-0.857167300702112,-1.04972719113862E-16));
#1930=DIRECTION('center_axis',(1.,6.38378239159464E-16,0.));
#1931=DIRECTION('ref_axis',(6.38378239159464E-16,-1.,-6.16297582203913E-33));
#1932=DIRECTION('center_axis',(1.,6.38378239159464E-16,0.));
#1933=DIRECTION('ref_axis',(6.38378239159464E-16,-1.,-6.16297582203913E-33));
#1934=DIRECTION('center_axis',(1.,6.38378239159464E-16,0.));
#1935=DIRECTION('ref_axis',(6.38378239159464E-16,-1.,-6.16297582203913E-33));
#1936=DIRECTION('center_axis',(1.,6.38378239159464E-16,0.));
#1937=DIRECTION('ref_axis',(6.38378239159464E-16,-1.,-6.16297582203913E-33));
#1938=DIRECTION('center_axis',(1.,1.17020138614962E-14,0.));
#1939=DIRECTION('ref_axis',(6.38378239159464E-16,-1.,-6.16297582203913E-33));
#1940=DIRECTION('',(1.,6.38378239159464E-16,0.));
#1941=DIRECTION('center_axis',(1.,6.38378239159464E-16,0.));
#1942=DIRECTION('ref_axis',(6.38378239159464E-16,-1.,-6.16297582203913E-33));
#1943=DIRECTION('',(1.,6.38378239159464E-16,0.));
#1944=DIRECTION('center_axis',(3.93430965325569E-48,-6.16297582203913E-33,
1.));
#1945=DIRECTION('ref_axis',(1.,6.38378239159464E-16,0.));
#1946=DIRECTION('center_axis',(-3.93430965325569E-48,6.16297582203913E-33,
-1.));
#1947=DIRECTION('ref_axis',(1.,6.38378239159464E-16,0.));
#1948=DIRECTION('',(0.857167300702112,4.42224232973423E-16,-0.515038074910054));
#1949=DIRECTION('center_axis',(-3.93430965325569E-48,6.16297582203913E-33,
-1.));
#1950=DIRECTION('ref_axis',(1.,6.38378239159464E-16,0.));
#1951=DIRECTION('center_axis',(-3.93430965325569E-48,6.16297582203913E-33,
-1.));
#1952=DIRECTION('ref_axis',(1.,6.38378239159464E-16,0.));
#1953=DIRECTION('center_axis',(-3.93430965325569E-48,6.16297582203913E-33,
-1.));
#1954=DIRECTION('ref_axis',(1.,6.38378239159464E-16,0.));
#1955=DIRECTION('center_axis',(-3.93430965325569E-48,6.16297582203913E-33,
-1.));
#1956=DIRECTION('ref_axis',(1.,6.38378239159464E-16,0.));
#1957=DIRECTION('center_axis',(0.,0.,-1.));
#1958=DIRECTION('ref_axis',(1.,6.38378239159464E-16,0.));
#1959=DIRECTION('',(-3.93430965325569E-48,6.16297582203913E-33,-1.));
#1960=DIRECTION('center_axis',(-3.93430965325569E-48,6.16297582203913E-33,
-1.));
#1961=DIRECTION('ref_axis',(1.,6.38378239159464E-16,0.));
#1962=DIRECTION('',(-3.93430965325569E-48,6.16297582203913E-33,-1.));
#1963=DIRECTION('center_axis',(3.93430965325569E-48,-6.16297582203913E-33,
1.));
#1964=DIRECTION('ref_axis',(1.,6.38378239159464E-16,0.));
#1965=DIRECTION('center_axis',(-3.93430965325569E-48,6.16297582203913E-33,
-1.));
#1966=DIRECTION('ref_axis',(1.,6.38378239159464E-16,0.));
#1967=DIRECTION('',(0.857167300702112,4.42224232973423E-16,-0.515038074910054));
#1968=DIRECTION('center_axis',(-3.93430965325569E-48,6.16297582203913E-33,
-1.));
#1969=DIRECTION('ref_axis',(1.,6.38378239159464E-16,0.));
#1970=DIRECTION('center_axis',(-3.93430965325569E-48,6.16297582203913E-33,
-1.));
#1971=DIRECTION('ref_axis',(1.,6.38378239159464E-16,0.));
#1972=DIRECTION('center_axis',(-3.93430965325569E-48,6.16297582203913E-33,
-1.));
#1973=DIRECTION('ref_axis',(1.,6.38378239159464E-16,0.));
#1974=DIRECTION('center_axis',(-3.93430965325569E-48,6.16297582203913E-33,
-1.));
#1975=DIRECTION('ref_axis',(1.,6.38378239159464E-16,0.));
#1976=DIRECTION('center_axis',(0.,0.,-1.));
#1977=DIRECTION('ref_axis',(1.,6.38378239159464E-16,0.));
#1978=DIRECTION('',(-3.93430965325569E-48,6.16297582203913E-33,-1.));
#1979=DIRECTION('center_axis',(-3.93430965325569E-48,6.16297582203913E-33,
-1.));
#1980=DIRECTION('ref_axis',(1.,6.38378239159464E-16,0.));
#1981=DIRECTION('',(-3.93430965325569E-48,6.16297582203913E-33,-1.));
#1982=DIRECTION('center_axis',(3.93430965325569E-48,-6.16297582203913E-33,
1.));
#1983=DIRECTION('ref_axis',(1.,6.38378239159464E-16,0.));
#1984=DIRECTION('center_axis',(-3.93430965325569E-48,6.16297582203913E-33,
-1.));
#1985=DIRECTION('ref_axis',(1.,6.38378239159464E-16,0.));
#1986=DIRECTION('',(0.857167300702112,4.42224232973423E-16,-0.515038074910054));
#1987=DIRECTION('center_axis',(-3.93430965325569E-48,6.16297582203913E-33,
-1.));
#1988=DIRECTION('ref_axis',(1.,6.38378239159464E-16,0.));
#1989=DIRECTION('center_axis',(-3.93430965325569E-48,6.16297582203913E-33,
-1.));
#1990=DIRECTION('ref_axis',(1.,6.38378239159464E-16,0.));
#1991=DIRECTION('center_axis',(-3.93430965325569E-48,6.16297582203913E-33,
-1.));
#1992=DIRECTION('ref_axis',(1.,6.38378239159464E-16,0.));
#1993=DIRECTION('center_axis',(-3.93430965325569E-48,6.16297582203913E-33,
-1.));
#1994=DIRECTION('ref_axis',(1.,6.38378239159464E-16,0.));
#1995=DIRECTION('center_axis',(0.,0.,-1.));
#1996=DIRECTION('ref_axis',(1.,6.38378239159464E-16,0.));
#1997=DIRECTION('',(-3.93430965325569E-48,6.16297582203913E-33,-1.));
#1998=DIRECTION('center_axis',(-3.93430965325569E-48,6.16297582203913E-33,
-1.));
#1999=DIRECTION('ref_axis',(1.,6.38378239159464E-16,0.));
#2000=DIRECTION('',(-3.93430965325569E-48,6.16297582203913E-33,-1.));
#2001=DIRECTION('center_axis',(0.,0.,1.));
#2002=DIRECTION('ref_axis',(1.,6.38378239159465E-16,0.));
#2003=DIRECTION('',(0.707106781186548,5.37997187495135E-16,-0.707106781186547));
#2004=DIRECTION('center_axis',(0.,0.,1.));
#2005=DIRECTION('ref_axis',(1.,6.38378239159465E-16,0.));
#2006=DIRECTION('center_axis',(0.,0.,-1.));
#2007=DIRECTION('ref_axis',(1.,6.38378239159465E-16,0.));
#2008=DIRECTION('center_axis',(3.93430965325574E-48,-2.18952885050753E-47,
-1.));
#2009=DIRECTION('ref_axis',(1.,6.38378239159465E-16,3.93430965325573E-48));
#2010=DIRECTION('',(0.,0.,1.));
#2011=DIRECTION('center_axis',(3.93430965325574E-48,-2.18952885050753E-47,
-1.));
#2012=DIRECTION('ref_axis',(1.,6.38378239159465E-16,3.93430965325573E-48));
#2013=DIRECTION('center_axis',(-1.,0.,0.));
#2014=DIRECTION('ref_axis',(-1.25866049932769E-16,1.,6.16297582203913E-33));
#2015=DIRECTION('',(0.70710678118656,0.707106781186535,-8.65956056235478E-17));
#2016=DIRECTION('center_axis',(-1.,-2.30578141893644E-16,0.));
#2017=DIRECTION('ref_axis',(0.,1.,6.16297582203913E-33));
#2018=DIRECTION('center_axis',(1.,0.,0.));
#2019=DIRECTION('ref_axis',(0.,1.,6.16297582203913E-33));
#2020=DIRECTION('center_axis',(1.,2.30578141893644E-16,8.50802870020078E-63));
#2021=DIRECTION('ref_axis',(-2.30578141893644E-16,1.,6.16297582203913E-33));
#2022=DIRECTION('',(-1.,0.,0.));
#2023=DIRECTION('center_axis',(1.,2.30578141893644E-16,8.50802870020078E-63));
#2024=DIRECTION('ref_axis',(-2.30578141893644E-16,1.,6.16297582203913E-33));
#2025=DIRECTION('center_axis',(-1.,-1.17020138614962E-14,0.));
#2026=DIRECTION('ref_axis',(1.17020138614962E-14,-1.,0.));
#2027=DIRECTION('',(-1.17020138614962E-14,1.,0.));
#2028=DIRECTION('',(0.,0.,1.));
#2029=DIRECTION('',(1.17020138614962E-14,-1.,0.));
#2030=DIRECTION('',(0.,0.,1.));
#2031=DIRECTION('center_axis',(0.,-1.,0.));
#2032=DIRECTION('ref_axis',(1.,0.,0.));
#2033=DIRECTION('',(-1.,0.,0.));
#2034=DIRECTION('',(0.,0.,1.));
#2035=DIRECTION('',(1.,0.,0.));
#2036=DIRECTION('center_axis',(-1.,-2.90431738174479E-16,0.));
#2037=DIRECTION('ref_axis',(2.90431738174479E-16,-1.,0.));
#2038=DIRECTION('',(-2.90431738174479E-16,1.,0.));
#2039=DIRECTION('',(0.,0.,1.));
#2040=DIRECTION('',(2.90431738174479E-16,-1.,0.));
#2041=DIRECTION('center_axis',(0.,-1.,0.));
#2042=DIRECTION('ref_axis',(1.,0.,0.));
#2043=DIRECTION('',(-1.,0.,0.));
#2044=DIRECTION('',(1.,0.,0.));
#2045=DIRECTION('center_axis',(-0.0748946461880522,0.997191452015292,0.));
#2046=DIRECTION('ref_axis',(-0.997191452015292,-0.0748946461880522,0.));
#2047=DIRECTION('',(0.,0.,-1.));
#2048=DIRECTION('',(-0.997191452015292,-0.0748946461880522,0.));
#2049=DIRECTION('center_axis',(0.,0.,-1.));
#2050=DIRECTION('ref_axis',(1.,0.,0.));
#2051=DIRECTION('center_axis',(0.,0.,1.));
#2052=DIRECTION('ref_axis',(-4.44089390978669E-16,1.,0.));
#2053=DIRECTION('',(-1.,-1.16479741504323E-8,0.));
#2054=DIRECTION('center_axis',(-1.16479747425512E-8,1.,0.));
#2055=DIRECTION('ref_axis',(-1.,-1.16479747425512E-8,0.));
#2056=DIRECTION('',(0.,0.,1.));
#2057=DIRECTION('',(-1.,-1.16479747425512E-8,0.));
#2058=DIRECTION('',(0.,0.,1.));
#2059=DIRECTION('center_axis',(0.,0.,1.));
#2060=DIRECTION('ref_axis',(1.,0.,0.));
#2061=DIRECTION('center_axis',(1.,6.16738728068032E-16,0.));
#2062=DIRECTION('ref_axis',(-6.16738728068032E-16,1.,0.));
#2063=DIRECTION('',(0.,0.,1.));
#2064=DIRECTION('',(6.16738728068032E-16,-1.,0.));
#2065=DIRECTION('',(0.,0.,1.));
#2066=DIRECTION('',(-6.16738728068032E-16,1.,0.));
#2067=DIRECTION('center_axis',(0.,1.,0.));
#2068=DIRECTION('ref_axis',(-1.,0.,0.));
#2069=DIRECTION('',(1.,0.,0.));
#2070=DIRECTION('',(0.,0.,1.));
#2071=DIRECTION('',(-1.,0.,0.));
#2072=DIRECTION('center_axis',(-1.,-1.94243083245309E-27,0.));
#2073=DIRECTION('ref_axis',(1.94243083245309E-27,-1.,0.));
#2074=DIRECTION('',(-1.94243083245309E-27,1.,0.));
#2075=DIRECTION('',(0.,0.,1.));
#2076=DIRECTION('',(1.94243083245309E-27,-1.,0.));
#2077=DIRECTION('center_axis',(0.,0.,1.));
#2078=DIRECTION('ref_axis',(1.,0.,0.));
#2079=DIRECTION('center_axis',(0.,0.,1.));
#2080=DIRECTION('ref_axis',(1.,0.,0.));
#2081=DIRECTION('',(0.,0.,1.));
#2082=DIRECTION('center_axis',(0.,0.,-1.));
#2083=DIRECTION('ref_axis',(1.,0.,0.));
#2084=DIRECTION('center_axis',(0.,1.,0.));
#2085=DIRECTION('ref_axis',(-1.,0.,0.));
#2086=DIRECTION('',(-1.,0.,0.));
#2087=DIRECTION('',(1.,0.,0.));
#2088=DIRECTION('center_axis',(-0.00236868943833622,-0.999997194651237,
0.));
#2089=DIRECTION('ref_axis',(0.999997194651237,-0.00236868943833622,0.));
#2090=DIRECTION('',(-0.999997194651237,0.00236868943833622,0.));
#2091=DIRECTION('',(0.999997194651237,-0.00236868943833622,0.));
#2092=DIRECTION('center_axis',(2.73072984282887E-14,1.,0.));
#2093=DIRECTION('ref_axis',(-1.,2.73072984282887E-14,0.));
#2094=DIRECTION('center_axis',(0.,0.,1.));
#2095=DIRECTION('ref_axis',(1.07469588783712E-13,-1.,0.));
#2096=DIRECTION('center_axis',(0.,0.,1.));
#2097=DIRECTION('ref_axis',(1.07469588783712E-13,-1.,0.));
#2098=DIRECTION('center_axis',(0.,0.,-1.));
#2099=DIRECTION('ref_axis',(1.07469588783712E-13,-1.,0.));
#2100=DIRECTION('',(0.,0.,1.));
#2101=DIRECTION('center_axis',(2.65199989728907E-14,1.,0.));
#2102=DIRECTION('ref_axis',(-1.,2.65199989728907E-14,0.));
#2103=DIRECTION('',(1.,-2.65199989728907E-14,0.));
#2104=DIRECTION('',(-1.,2.65199989728907E-14,0.));
#2105=DIRECTION('center_axis',(0.,0.,-1.));
#2106=DIRECTION('ref_axis',(1.,0.,0.));
#2107=DIRECTION('center_axis',(0.,0.,1.));
#2108=DIRECTION('ref_axis',(1.,0.,0.));
#2109=DIRECTION('center_axis',(0.,0.,1.));
#2110=DIRECTION('ref_axis',(-1.16479755285503E-8,1.,0.));
#2111=DIRECTION('center_axis',(0.,0.,1.));
#2112=DIRECTION('ref_axis',(-1.16479755285503E-8,1.,0.));
#2113=DIRECTION('center_axis',(0.,0.,1.));
#2114=DIRECTION('ref_axis',(1.,0.,0.));
#2115=CARTESIAN_POINT('',(0.,0.,0.));
#2116=CARTESIAN_POINT('Origin',(-14.8531249522505,69.0139106217278,45.9111707641543));
#2117=CARTESIAN_POINT('',(-9.85313897899446,69.0020671745361,0.));
#2118=CARTESIAN_POINT('',(-12.4241849456821,73.3842939509668,1.0842021724855E-17));
#2119=CARTESIAN_POINT('Origin',(-14.8531249522506,69.0139106217278,7.99360577730113E-14));
#2120=CARTESIAN_POINT('',(-9.85313897899445,69.0020671745361,5.));
#2121=CARTESIAN_POINT('',(-9.85313897899431,69.0020671745361,45.9111707641543));
#2122=CARTESIAN_POINT('',(-14.841281505059,74.0138965949839,5.));
#2123=CARTESIAN_POINT('Origin',(-14.8531249522506,69.0139106217278,5.00000000000008));
#2124=CARTESIAN_POINT('',(-14.841281505059,74.0138965949839,1.86152982718751));
#2125=CARTESIAN_POINT('',(-14.8412815050588,74.0138965949839,45.9111707641543));
#2126=CARTESIAN_POINT('Ctrl Pts',(-14.8412815050591,74.0138965949839,1.86152982718814));
#2127=CARTESIAN_POINT('Ctrl Pts',(-14.8126155056079,74.0138286939433,1.75300715540061));
#2128=CARTESIAN_POINT('Ctrl Pts',(-14.7764278218618,74.0135095375407,1.64578577189759));
#2129=CARTESIAN_POINT('Ctrl Pts',(-14.6052230952024,74.0094012009481,1.23332340806224));
#2130=CARTESIAN_POINT('Ctrl Pts',(-14.4123574453108,73.9994633599208,0.952324617509332));
#2131=CARTESIAN_POINT('Ctrl Pts',(-13.9574775163082,73.9386621675892,0.498090864835252));
#2132=CARTESIAN_POINT('Ctrl Pts',(-13.6629108008187,73.8811302570616,0.302761644287305));
#2133=CARTESIAN_POINT('Ctrl Pts',(-13.0405289428066,73.6851987909586,0.0541019390391618));
#2134=CARTESIAN_POINT('Ctrl Pts',(-12.71355326652,73.5451169813895,1.30377281896209E-15));
#2135=CARTESIAN_POINT('Ctrl Pts',(-12.4241849456821,73.3842939509668,-2.53703308361608E-16));
#2136=CARTESIAN_POINT('Origin',(-12.7705092924829,74.0089915649545,30.2223430541876));
#2137=CARTESIAN_POINT('',(-14.9241849330437,74.0140929680091,5.));
#2138=CARTESIAN_POINT('',(-1.30791403469167,73.9818401604623,5.));
#2139=CARTESIAN_POINT('',(-14.9241849330437,74.0140929680091,2.5));
#2140=CARTESIAN_POINT('',(-14.9241849330437,74.0140929680091,15.1111715270938));
#2141=CARTESIAN_POINT('Origin',(-12.4241849331625,74.008171227801,2.5));
#2142=CARTESIAN_POINT('Origin',(-14.9123421882089,44.0139807554468,45.9111707641543));
#2143=CARTESIAN_POINT('',(-12.4241856220953,39.6770374882937,6.1257422745431E-16));
#2144=CARTESIAN_POINT('',(-14.9241856354008,39.0139947821906,2.5));
#2145=CARTESIAN_POINT('Ctrl Pts',(-12.4241856220953,39.6770374882937,7.88860905221013E-30));
#2146=CARTESIAN_POINT('Ctrl Pts',(-12.7126418700331,39.5115466660413,-4.8037614655577E-16));
#2147=CARTESIAN_POINT('Ctrl Pts',(-13.0393736383009,39.3664531006643,0.053770668173896));
#2148=CARTESIAN_POINT('Ctrl Pts',(-13.6623910055466,39.1616467089242,0.302423460824305));
#2149=CARTESIAN_POINT('Ctrl Pts',(-13.9577929318095,39.1002523744736,0.498130380725291));
#2150=CARTESIAN_POINT('Ctrl Pts',(-14.4129612575707,39.0339609966074,0.9531878777992));
#2151=CARTESIAN_POINT('Ctrl Pts',(-14.6055904992044,39.0217610374374,1.23401142184983));
#2152=CARTESIAN_POINT('Ctrl Pts',(-14.861194045405,39.0126071402056,1.85019661889836));
#2153=CARTESIAN_POINT('Ctrl Pts',(-14.9241856354008,39.0139947821906,2.18552534809721));
#2154=CARTESIAN_POINT('Ctrl Pts',(-14.9241856354008,39.0139947821906,2.50000000000001));
#2155=CARTESIAN_POINT('',(-14.9241856354008,39.0139947821909,5.));
#2156=CARTESIAN_POINT('',(-14.9241856354008,39.0139947821906,15.1111715270938));
#2157=CARTESIAN_POINT('',(-9.91235621495285,44.0021373082551,5.));
#2158=CARTESIAN_POINT('Origin',(-14.912342188209,44.0139807554468,5.00000000000008));
#2159=CARTESIAN_POINT('',(-9.91235621495287,44.0021373082551,0.));
#2160=CARTESIAN_POINT('',(-9.91235621495272,44.0021373082551,45.9111707641543));
#2161=CARTESIAN_POINT('Origin',(-14.9123421882091,44.0139807554468,7.99360577730113E-14));
#2162=CARTESIAN_POINT('Origin',(-9.92419966214435,39.002151334999,61.5999984741211));
#2163=CARTESIAN_POINT('',(-9.92218141758247,39.8542000956042,0.));
#2164=CARTESIAN_POINT('',(-9.92419966214453,39.0021513349992,5.));
#2165=CARTESIAN_POINT('',(-9.92218141758246,39.8542000956042,5.));
#2166=CARTESIAN_POINT('',(-9.92419966214437,39.0021513349992,55.));
#2167=CARTESIAN_POINT('',(-9.92419966214445,39.0021513349992,30.7999992370605));
#2168=CARTESIAN_POINT('',(-9.90834108131596,45.6972191150548,55.));
#2169=CARTESIAN_POINT('',(-9.91478971511917,42.9747787612544,55.));
#2170=CARTESIAN_POINT('',(-9.90834108131612,45.6972191150548,5.));
#2171=CARTESIAN_POINT('',(-9.90834108131603,45.6972191150548,30.7999992370606));
#2172=CARTESIAN_POINT('',(-9.92218141758246,39.8542000956042,5.));
#2173=CARTESIAN_POINT('Origin',(10.0758135818819,40.6588844643872,0.));
#2174=CARTESIAN_POINT('',(-12.424186418118,0.00935224619765827,0.));
#2175=CARTESIAN_POINT('',(-12.4241850440247,68.4836509255287,0.));
#2176=CARTESIAN_POINT('',(-12.4241844856571,96.3084169351562,0.));
#2177=CARTESIAN_POINT('',(-12.4241850440247,68.4836509255287,0.));
#2178=CARTESIAN_POINT('',(-4.92418457301688,103.808416784652,0.));
#2179=CARTESIAN_POINT('Origin',(-4.92418448565707,96.3084167846515,0.));
#2180=CARTESIAN_POINT('',(25.0758176896539,103.808417134091,0.));
#2181=CARTESIAN_POINT('',(17.5758152679858,103.808417046731,0.));
#2182=CARTESIAN_POINT('',(29.3952512671554,102.439687977305,0.));
#2183=CARTESIAN_POINT('Origin',(25.075817660534,96.3084212127427,0.));
#2184=CARTESIAN_POINT('',(29.8828590833307,102.476310047016,0.));
#2185=CARTESIAN_POINT('',(18.2289759886998,101.601038353376,0.));
#2186=CARTESIAN_POINT('',(32.575813581882,96.3084212127427,0.));
#2187=CARTESIAN_POINT('Origin',(24.1659320507255,96.3084212127427,0.));
#2188=CARTESIAN_POINT('',(32.575813581882,0.00935179468358527,0.));
#2189=CARTESIAN_POINT('',(32.575813581882,20.3341181295354,0.));
#2190=CARTESIAN_POINT('Origin',(10.075813581882,0.00935179468359051,0.));
#2191=CARTESIAN_POINT('',(11.5579720526694,20.509257866413,0.));
#2192=CARTESIAN_POINT('Origin',(10.0079720526694,20.509257866413,0.));
#2193=CARTESIAN_POINT('',(11.5579720279914,24.509257866413,0.));
#2194=CARTESIAN_POINT('Origin',(10.0079720279914,24.509257866413,0.));
#2195=CARTESIAN_POINT('',(4.125813581882,0.00935179468358443,0.));
#2196=CARTESIAN_POINT('Origin',(10.075813581882,0.0093517946835875,0.));
#2197=CARTESIAN_POINT('Origin',(-14.9241844856571,96.3084169853244,0.));
#2198=CARTESIAN_POINT('',(-14.9241844856571,96.3084169853244,5.));
#2199=CARTESIAN_POINT('',(-14.9241844856571,96.3084169853244,5.));
#2200=CARTESIAN_POINT('',(-14.9241844856571,96.3084169853244,2.5));
#2201=CARTESIAN_POINT('',(-14.9241844856571,96.3084169853244,0.));
#2202=CARTESIAN_POINT('',(-14.9241850440247,68.4836509756969,2.5));
#2203=CARTESIAN_POINT('Origin',(-14.9241844856571,96.3084169853244,0.));
#2204=CARTESIAN_POINT('',(-14.9241864181182,0.00935229636588986,2.5));
#2205=CARTESIAN_POINT('',(-14.9241850440247,68.4836509756969,2.5));
#2206=CARTESIAN_POINT('',(-14.9241864181182,0.00935229636588986,5.));
#2207=CARTESIAN_POINT('',(-14.9241864181182,0.00935229636588986,0.));
#2208=CARTESIAN_POINT('',(-14.9241844856571,96.3084169853244,5.));
#2209=CARTESIAN_POINT('Origin',(-12.4241850440247,68.4836509255287,2.5));
#2210=CARTESIAN_POINT('Origin',(-12.4241844856571,96.3084169351562,2.5));
#2211=CARTESIAN_POINT('Origin',(-12.4241850440247,68.4836509255287,2.5));
#2212=CARTESIAN_POINT('Origin',(-12.424186418118,0.00935224619765827,2.5));
#2213=CARTESIAN_POINT('Origin',(24.1659320507255,96.3084212127427,2.5));
#2214=CARTESIAN_POINT('',(30.7005911594659,105.044767437362,2.5));
#2215=CARTESIAN_POINT('',(35.075813581882,96.3084212127427,2.5));
#2216=CARTESIAN_POINT('Origin',(24.1659320507255,96.3084212127427,2.5));
#2217=CARTESIAN_POINT('Origin',(32.575813581882,96.3084212127427,2.5));
#2218=CARTESIAN_POINT('Ctrl Pts',(30.7005911594659,105.044767437362,2.5));
#2219=CARTESIAN_POINT('Ctrl Pts',(30.7005911594659,105.044767437362,2.19402805287718));
#2220=CARTESIAN_POINT('Ctrl Pts',(30.6838896410827,104.987181005874,1.89194840915205));
#2221=CARTESIAN_POINT('Ctrl Pts',(30.6175322312295,104.761921998276,1.31643146957913));
#2222=CARTESIAN_POINT('Ctrl Pts',(30.5676863333675,104.593782133892,1.0512630041417));
#2223=CARTESIAN_POINT('Ctrl Pts',(30.4355118564165,104.159175980201,0.582324347834787));
#2224=CARTESIAN_POINT('Ctrl Pts',(30.3526295398361,103.891684520498,0.388950872829543));
#2225=CARTESIAN_POINT('Ctrl Pts',(30.2025500777475,103.424121263333,0.168266250083907));
#2226=CARTESIAN_POINT('Ctrl Pts',(30.1429929396239,103.241863543104,0.106014760233975));
#2227=CARTESIAN_POINT('Ctrl Pts',(30.0178309315473,102.867187487789,0.0218660656749424));
#2228=CARTESIAN_POINT('Ctrl Pts',(29.9524082845872,102.675408485823,0.00054941706079614));
#2229=CARTESIAN_POINT('Ctrl Pts',(29.8845962368928,102.48128080522,3.49440413029543E-6));
#2230=CARTESIAN_POINT('Ctrl Pts',(29.8837277768399,102.478795385638,1.21949145298435E-18));
#2231=CARTESIAN_POINT('Ctrl Pts',(29.8828590833307,102.476310047016,0.));
#2232=CARTESIAN_POINT('Origin',(32.575813581882,20.3341181295354,2.5));
#2233=CARTESIAN_POINT('',(35.075813581882,0.00935179468358527,2.5));
#2234=CARTESIAN_POINT('Origin',(32.575813581882,0.00935179468358527,2.5));
#2235=CARTESIAN_POINT('',(35.075813581882,20.3341181295354,2.5));
#2236=CARTESIAN_POINT('Origin',(10.075813581882,0.00935179468359051,2.5));
#2237=CARTESIAN_POINT('Origin',(10.075813581882,0.00935179468359051,2.5));
#2238=CARTESIAN_POINT('Origin',(-4.92418448565707,96.3084167846515,2.5));
#2239=CARTESIAN_POINT('',(-4.92418460213682,106.308416784652,2.5));
#2240=CARTESIAN_POINT('Origin',(-4.92418457301688,103.808416784652,2.5));
#2241=CARTESIAN_POINT('Origin',(-4.92418448565707,96.3084167846515,2.5));
#2242=CARTESIAN_POINT('Origin',(17.5758152679858,103.808417046731,2.5));
#2243=CARTESIAN_POINT('',(25.075817660534,106.308417134091,2.5));
#2244=CARTESIAN_POINT('Origin',(25.0758176896539,103.808417134091,2.5));
#2245=CARTESIAN_POINT('',(17.5758152388659,106.308417046731,2.5));
#2246=CARTESIAN_POINT('Origin',(25.075817660534,96.3084212127427,2.5));
#2247=CARTESIAN_POINT('',(30.0308675235115,104.994467452683,2.5));
#2248=CARTESIAN_POINT('Origin',(25.075817660534,96.3084212127427,2.5));
#2249=CARTESIAN_POINT('Ctrl Pts',(30.0308675235115,104.994467452683,2.5));
#2250=CARTESIAN_POINT('Ctrl Pts',(30.0308675235115,104.994467452683,2.18788334278679));
#2251=CARTESIAN_POINT('Ctrl Pts',(30.0175055842623,104.934846108582,1.87943388978294));
#2252=CARTESIAN_POINT('Ctrl Pts',(29.9643845804195,104.702086707694,1.29537302096394));
#2253=CARTESIAN_POINT('Ctrl Pts',(29.9246721863619,104.529329586824,1.02732146531074));
#2254=CARTESIAN_POINT('Ctrl Pts',(29.8197335988526,104.086137275511,0.559856836064139));
#2255=CARTESIAN_POINT('Ctrl Pts',(29.7544972354602,103.816358013832,0.36909385533678));
#2256=CARTESIAN_POINT('Ctrl Pts',(29.6375612117094,103.351841413476,0.157278699224917));
#2257=CARTESIAN_POINT('Ctrl Pts',(29.5924887739113,103.176239755518,0.0990867765434475));
#2258=CARTESIAN_POINT('Ctrl Pts',(29.497718651428,102.815742024713,0.0205078114019738));
#2259=CARTESIAN_POINT('Ctrl Pts',(29.4481952309629,102.631577918655,0.00054874513308813));
#2260=CARTESIAN_POINT('Ctrl Pts',(29.3966590098354,102.444787604694,3.71975156391126E-6));
#2261=CARTESIAN_POINT('Ctrl Pts',(29.3959552524573,102.442237759991,4.57540736056228E-18));
#2262=CARTESIAN_POINT('Ctrl Pts',(29.3952512671554,102.439687977305,0.));
#2263=CARTESIAN_POINT('Origin',(18.2289759886998,101.601038353376,2.5));
#2264=CARTESIAN_POINT('',(18.0417393732297,104.094016983414,2.5));
#2265=CARTESIAN_POINT('Origin',(10.075813581882,0.00935179468359051,0.));
#2266=CARTESIAN_POINT('',(35.075813581882,0.00935179468358527,5.));
#2267=CARTESIAN_POINT('',(35.075813581882,0.00935179468358527,0.));
#2268=CARTESIAN_POINT('Origin',(10.075813581882,0.00935179468359051,5.));
#2269=CARTESIAN_POINT('Origin',(35.075813581882,0.00935179468358527,0.));
#2270=CARTESIAN_POINT('',(35.075813581882,96.3084212127427,55.));
#2271=CARTESIAN_POINT('',(35.075813581882,96.3084212127427,0.));
#2272=CARTESIAN_POINT('',(35.075813581882,50.4364501284455,55.));
#2273=CARTESIAN_POINT('',(35.075813581882,96.3084212127427,55.));
#2274=CARTESIAN_POINT('',(35.075813581882,50.4364501284455,5.));
#2275=CARTESIAN_POINT('',(35.075813581882,50.4364501284455,0.));
#2276=CARTESIAN_POINT('',(35.075813581882,41.5064603592209,5.));
#2277=CARTESIAN_POINT('',(35.075813581882,96.3084212127427,5.));
#2278=CARTESIAN_POINT('',(35.075813581882,41.5064603592209,55.));
#2279=CARTESIAN_POINT('',(35.075813581882,41.5064603592209,0.));
#2280=CARTESIAN_POINT('',(35.075813581882,38.8955599798772,55.));
#2281=CARTESIAN_POINT('',(35.075813581882,41.5064603592209,55.));
#2282=CARTESIAN_POINT('',(35.075813581882,38.8955599798772,5.));
#2283=CARTESIAN_POINT('',(35.075813581882,38.8955599798772,0.));
#2284=CARTESIAN_POINT('',(35.075813581882,96.3084212127427,5.));
#2285=CARTESIAN_POINT('',(35.075813581882,57.9520397438401,31.406508061808));
#2286=CARTESIAN_POINT('Origin',(35.075813581882,63.9020397438401,31.406508061808));
#2287=CARTESIAN_POINT('Origin',(24.1659320507255,96.3084212127427,0.));
#2288=CARTESIAN_POINT('',(30.7005911594659,105.044767437362,55.));
#2289=CARTESIAN_POINT('',(30.7005911594659,105.044767437362,0.));
#2290=CARTESIAN_POINT('Origin',(24.1659320507255,96.3084212127427,55.));
#2291=CARTESIAN_POINT('Origin',(10.0079720526694,20.509257866413,2.5));
#2292=CARTESIAN_POINT('',(11.5579720526694,20.509257866413,2.50000000000012));
#2293=CARTESIAN_POINT('',(11.5579720526694,20.509257866413,2.5));
#2294=CARTESIAN_POINT('Origin',(10.0079720526694,20.509257866413,2.50000000000012));
#2295=CARTESIAN_POINT('Origin',(10.0079720279914,24.509257866413,2.5));
#2296=CARTESIAN_POINT('',(11.5579720279914,24.509257866413,2.50000000000012));
#2297=CARTESIAN_POINT('',(11.5579720279914,24.509257866413,2.5));
#2298=CARTESIAN_POINT('Origin',(10.0079720279914,24.509257866413,2.50000000000012));
#2299=CARTESIAN_POINT('Origin',(6.00797036655359,9.52500447838902,5.00000000000012));
#2300=CARTESIAN_POINT('',(6.00797036655359,9.52500447838901,5.00000000000012));
#2301=CARTESIAN_POINT('',(6.00796989840089,24.5092589835036,5.00000000000012));
#2302=CARTESIAN_POINT('',(6.00796988019606,25.0919444078423,5.));
#2303=CARTESIAN_POINT('',(6.00797036655359,9.52500447838902,2.50000000000012));
#2304=CARTESIAN_POINT('',(6.00797036655359,9.52500447838901,5.00000000000012));
#2305=CARTESIAN_POINT('',(6.00796989840089,24.5092589835036,2.50000000000012));
#2306=CARTESIAN_POINT('',(6.00796989840089,24.5092589835036,2.50000000000012));
#2307=CARTESIAN_POINT('',(6.00796989840089,24.5092589835036,5.00000000000012));
#2308=CARTESIAN_POINT('Origin',(2.87331576753799,4.52311134015895,5.00000000000012));
#2309=CARTESIAN_POINT('',(2.87331576753799,4.52311134015895,5.00000000000012));
#2310=CARTESIAN_POINT('',(12.0188539023584,19.1164271256829,5.));
#2311=CARTESIAN_POINT('',(2.87331576753799,4.52311134015895,2.50000000000012));
#2312=CARTESIAN_POINT('',(2.87331576753799,4.52311134015895,5.00000000000012));
#2313=CARTESIAN_POINT('',(6.00797036655359,9.52500447838901,2.50000000000012));
#2314=CARTESIAN_POINT('Origin',(10.075813581882,0.00935179468359941,5.00000000000012));
#2315=CARTESIAN_POINT('',(17.1888747473352,4.66277643214391,5.00000000000012));
#2316=CARTESIAN_POINT('Origin',(10.075813581882,0.00935179468359941,5.));
#2317=CARTESIAN_POINT('',(17.1888747473352,4.66277643214391,2.50000000000012));
#2318=CARTESIAN_POINT('',(17.1888747473352,4.66277643214391,5.00000000000012));
#2319=CARTESIAN_POINT('Origin',(10.075813581882,0.00935179468359941,2.50000000000012));
#2320=CARTESIAN_POINT('Origin',(14.0079703665538,9.52499494532634,5.00000000000012));
#2321=CARTESIAN_POINT('',(14.0079703665538,9.52499494532634,5.00000000000012));
#2322=CARTESIAN_POINT('',(6.28698065054158,21.3270281545305,5.));
#2323=CARTESIAN_POINT('',(14.0079703665538,9.52499494532634,2.50000000000012));
#2324=CARTESIAN_POINT('',(14.0079703665538,9.52499494532634,5.00000000000012));
#2325=CARTESIAN_POINT('',(14.0079703665538,9.52499494532634,2.50000000000012));
#2326=CARTESIAN_POINT('Origin',(14.0079698984009,24.5092590759912,5.00000000000012));
#2327=CARTESIAN_POINT('',(14.0079698984009,24.5092590759912,5.00000000000012));
#2328=CARTESIAN_POINT('',(14.0079696461198,32.5840718316153,5.));
#2329=CARTESIAN_POINT('',(14.0079698984009,24.5092590759912,2.50000000000012));
#2330=CARTESIAN_POINT('',(14.0079698984009,24.5092590759912,5.00000000000012));
#2331=CARTESIAN_POINT('',(14.0079698984009,24.5092590759912,2.50000000000012));
#2332=CARTESIAN_POINT('Origin',(10.0079698984009,24.5092590297474,5.00000000000012));
#2333=CARTESIAN_POINT('Origin',(10.0079698984009,24.5092590297474,5.));
#2334=CARTESIAN_POINT('Origin',(10.0079698984009,24.5092590297474,2.50000000000012));
#2335=CARTESIAN_POINT('Origin',(10.075813581882,10.0093054122155,2.50000000000012));
#2336=CARTESIAN_POINT('Origin',(15.6257963346308,51.0322995093049,36.4116594948033));
#2337=CARTESIAN_POINT('',(14.9999999999136,49.1980396611809,35.42455270749));
#2338=CARTESIAN_POINT('',(14.9999999999136,49.1980396611809,37.3987662821167));
#2339=CARTESIAN_POINT('Ctrl Pts',(14.9999999999136,49.1980396611809,35.42455270749));
#2340=CARTESIAN_POINT('Ctrl Pts',(15.07328313415,49.1621260388975,35.7486565765728));
#2341=CARTESIAN_POINT('Ctrl Pts',(15.1140399097079,49.1390937913446,36.1008501372049));
#2342=CARTESIAN_POINT('Ctrl Pts',(15.1140399097079,49.1390937913446,36.7224688524018));
#2343=CARTESIAN_POINT('Ctrl Pts',(15.07328313415,49.1621260388975,37.0746624130339));
#2344=CARTESIAN_POINT('Ctrl Pts',(14.9999999999136,49.1980396611809,37.3987662821167));
#2345=CARTESIAN_POINT('Origin',(14.9999999999136,51.0322995093049,36.4116594948033));
#2346=CARTESIAN_POINT('Origin',(6.34999999991364,51.0322995093049,36.4116594948033));
#2347=CARTESIAN_POINT('',(6.34999999991364,54.1822995093049,36.4116594948033));
#2348=CARTESIAN_POINT('Origin',(6.34999999991364,51.0322995093049,36.4116594948033));
#2349=CARTESIAN_POINT('',(6.34999999991364,53.1152995093049,36.4116594948033));
#2350=CARTESIAN_POINT('Origin',(6.34999999991364,51.0322995093049,36.4116594948033));
#2351=CARTESIAN_POINT('Origin',(3.17499999991364,51.0322995093049,36.4116594948033));
#2352=CARTESIAN_POINT('',(-8.62943050350395E-11,54.1822995093049,36.4116594948033));
#2353=CARTESIAN_POINT('Origin',(-8.62920845889903E-11,51.0322995093049,
36.4116594948033));
#2354=CARTESIAN_POINT('',(3.17499999991364,54.1822995093049,36.4116594948033));
#2355=CARTESIAN_POINT('Origin',(7.49999999991364,51.0322995093049,36.4116594948033));
#2356=CARTESIAN_POINT('',(7.49999999991371,53.1152995093049,36.4116594948033));
#2357=CARTESIAN_POINT('',(7.49999999991364,53.1152995093049,36.4116594948033));
#2358=CARTESIAN_POINT('',(7.49999999991371,49.5041397369731,37.827151179776));
#2359=CARTESIAN_POINT('Origin',(7.49999999991371,51.0322995093049,36.4116594948033));
#2360=CARTESIAN_POINT('',(13.6798094082368,49.5041397369729,37.8271511797758));
#2361=CARTESIAN_POINT('',(7.49999999991365,49.5041397369731,37.827151179776));
#2362=CARTESIAN_POINT('Ctrl Pts',(14.9999999999136,49.1980396611809,37.3987662821167));
#2363=CARTESIAN_POINT('Ctrl Pts',(14.9802356452092,49.2077255128701,37.4167647085045));
#2364=CARTESIAN_POINT('Ctrl Pts',(14.9598761481626,49.2174360911068,37.4341629227876));
#2365=CARTESIAN_POINT('Ctrl Pts',(14.8285976482705,49.2781223222951,37.5396386920173));
#2366=CARTESIAN_POINT('Ctrl Pts',(14.7023426904841,49.3281061095599,37.6114545629496));
#2367=CARTESIAN_POINT('Ctrl Pts',(14.2933368045311,49.4545718452705,37.7788536054331));
#2368=CARTESIAN_POINT('Ctrl Pts',(13.9785878891627,49.5041397369729,37.8271511797758));
#2369=CARTESIAN_POINT('Ctrl Pts',(13.6798094082368,49.5041397369729,37.8271511797758));
#2370=CARTESIAN_POINT('',(13.6798094082368,49.5041397369729,34.9961678098309));
#2371=CARTESIAN_POINT('Ctrl Pts',(13.6798094082368,49.5041397369729,34.9961678098309));
#2372=CARTESIAN_POINT('Ctrl Pts',(13.9785878891627,49.5041397369729,34.9961678098309));
#2373=CARTESIAN_POINT('Ctrl Pts',(14.2933368045311,49.4545718452705,35.0444653841736));
#2374=CARTESIAN_POINT('Ctrl Pts',(14.7023426904841,49.3281061095599,35.2118644266571));
#2375=CARTESIAN_POINT('Ctrl Pts',(14.8285976482705,49.2781223222951,35.2836802975894));
#2376=CARTESIAN_POINT('Ctrl Pts',(14.9598761481626,49.2174360911068,35.3891560668191));
#2377=CARTESIAN_POINT('Ctrl Pts',(14.9802356452092,49.2077255128701,35.4065542811022));
#2378=CARTESIAN_POINT('Ctrl Pts',(14.9999999999136,49.1980396611809,35.42455270749));
#2379=CARTESIAN_POINT('',(7.49999999991371,49.5041397369731,34.9961678098307));
#2380=CARTESIAN_POINT('',(7.49999999991365,49.5041397369731,34.9961678098307));
#2381=CARTESIAN_POINT('Origin',(7.49999999991371,51.0322995093049,36.4116594948033));
#2382=CARTESIAN_POINT('Origin',(15.6257963346308,51.0322995093049,26.4116594948033));
#2383=CARTESIAN_POINT('',(14.9999999999136,49.1980396611809,25.42455270749));
#2384=CARTESIAN_POINT('',(14.9999999999136,49.1980396611809,27.3987662821167));
#2385=CARTESIAN_POINT('Ctrl Pts',(14.9999999999136,49.1980396611809,25.42455270749));
#2386=CARTESIAN_POINT('Ctrl Pts',(15.07328313415,49.1621260388974,25.7486565765728));
#2387=CARTESIAN_POINT('Ctrl Pts',(15.1140399097079,49.1390937913446,26.1008501372049));
#2388=CARTESIAN_POINT('Ctrl Pts',(15.1140399097079,49.1390937913446,26.7224688524018));
#2389=CARTESIAN_POINT('Ctrl Pts',(15.07328313415,49.1621260388975,27.0746624130339));
#2390=CARTESIAN_POINT('Ctrl Pts',(14.9999999999136,49.1980396611809,27.3987662821167));
#2391=CARTESIAN_POINT('Origin',(14.9999999999136,51.0322995093049,26.4116594948033));
#2392=CARTESIAN_POINT('Origin',(6.34999999991364,51.0322995093049,26.4116594948033));
#2393=CARTESIAN_POINT('',(6.34999999991364,54.1822995093049,26.4116594948033));
#2394=CARTESIAN_POINT('Origin',(6.34999999991364,51.0322995093049,26.4116594948033));
#2395=CARTESIAN_POINT('',(6.34999999991364,53.1152995093049,26.4116594948033));
#2396=CARTESIAN_POINT('Origin',(6.34999999991364,51.0322995093049,26.4116594948033));
#2397=CARTESIAN_POINT('Origin',(3.17499999991364,51.0322995093049,26.4116594948033));
#2398=CARTESIAN_POINT('',(-8.62943050350395E-11,54.1822995093049,26.4116594948033));
#2399=CARTESIAN_POINT('Origin',(-8.62920845889903E-11,51.0322995093049,
26.4116594948033));
#2400=CARTESIAN_POINT('',(3.17499999991364,54.1822995093049,26.4116594948033));
#2401=CARTESIAN_POINT('Origin',(7.49999999991364,51.0322995093049,26.4116594948033));
#2402=CARTESIAN_POINT('',(7.49999999991371,53.1152995093049,26.4116594948033));
#2403=CARTESIAN_POINT('',(7.49999999991364,53.1152995093049,26.4116594948033));
#2404=CARTESIAN_POINT('',(7.49999999991371,49.5041397369731,27.827151179776));
#2405=CARTESIAN_POINT('Origin',(7.49999999991371,51.0322995093049,26.4116594948033));
#2406=CARTESIAN_POINT('',(13.6798094082368,49.5041397369729,27.8271511797758));
#2407=CARTESIAN_POINT('',(7.49999999991365,49.5041397369731,27.827151179776));
#2408=CARTESIAN_POINT('Ctrl Pts',(14.9999999999136,49.1980396611809,27.3987662821167));
#2409=CARTESIAN_POINT('Ctrl Pts',(14.9802356452092,49.2077255128701,27.4167647085045));
#2410=CARTESIAN_POINT('Ctrl Pts',(14.9598761481626,49.2174360911068,27.4341629227876));
#2411=CARTESIAN_POINT('Ctrl Pts',(14.8285976482705,49.2781223222951,27.5396386920173));
#2412=CARTESIAN_POINT('Ctrl Pts',(14.7023426904841,49.3281061095599,27.6114545629496));
#2413=CARTESIAN_POINT('Ctrl Pts',(14.2933368045311,49.4545718452705,27.778853605433));
#2414=CARTESIAN_POINT('Ctrl Pts',(13.9785878891627,49.5041397369729,27.8271511797758));
#2415=CARTESIAN_POINT('Ctrl Pts',(13.6798094082368,49.5041397369729,27.8271511797758));
#2416=CARTESIAN_POINT('',(13.6798094082368,49.5041397369729,24.9961678098309));
#2417=CARTESIAN_POINT('Ctrl Pts',(13.6798094082368,49.5041397369729,24.9961678098309));
#2418=CARTESIAN_POINT('Ctrl Pts',(13.9785878891627,49.5041397369729,24.9961678098309));
#2419=CARTESIAN_POINT('Ctrl Pts',(14.2933368045311,49.4545718452705,25.0444653841736));
#2420=CARTESIAN_POINT('Ctrl Pts',(14.7023426904841,49.3281061095599,25.2118644266571));
#2421=CARTESIAN_POINT('Ctrl Pts',(14.8285976482705,49.2781223222951,25.2836802975894));
#2422=CARTESIAN_POINT('Ctrl Pts',(14.9598761481626,49.2174360911068,25.389156066819));
#2423=CARTESIAN_POINT('Ctrl Pts',(14.9802356452092,49.2077255128701,25.4065542811022));
#2424=CARTESIAN_POINT('Ctrl Pts',(14.9999999999136,49.1980396611809,25.42455270749));
#2425=CARTESIAN_POINT('',(7.49999999991371,49.5041397369731,24.9961678098307));
#2426=CARTESIAN_POINT('',(7.49999999991365,49.5041397369731,24.9961678098307));
#2427=CARTESIAN_POINT('Origin',(7.49999999991371,51.0322995093049,26.4116594948033));
#2428=CARTESIAN_POINT('Origin',(13.6798094082368,46.5041397369729,0.));
#2429=CARTESIAN_POINT('',(13.6798094082368,49.5041397369729,55.));
#2430=CARTESIAN_POINT('',(13.6798094082368,49.5041397369729,0.));
#2431=CARTESIAN_POINT('',(16.6795785720859,46.5413548363276,55.));
#2432=CARTESIAN_POINT('Origin',(13.6798094082368,46.5041397369729,55.));
#2433=CARTESIAN_POINT('',(16.6795785720859,46.5413548363276,5.));
#2434=CARTESIAN_POINT('',(16.6795785720859,46.5413548363276,0.));
#2435=CARTESIAN_POINT('',(13.6798094082368,49.5041397369729,5.));
#2436=CARTESIAN_POINT('Origin',(13.6798094082368,46.5041397369729,5.));
#2437=CARTESIAN_POINT('',(13.6798094082368,49.5041397369729,0.));
#2438=CARTESIAN_POINT('',(13.6798094082368,49.5041397369729,0.));
#2439=CARTESIAN_POINT('Origin',(13.6798094082368,49.5041397369729,0.));
#2440=CARTESIAN_POINT('',(7.49999999991371,49.5041397369731,55.));
#2441=CARTESIAN_POINT('',(7.49999999991371,49.5041397369731,0.));
#2442=CARTESIAN_POINT('',(7.49999999991371,49.5041397369731,55.));
#2443=CARTESIAN_POINT('Origin',(13.6798094082368,49.5041397369729,0.));
#2444=CARTESIAN_POINT('',(7.49999999991371,49.5041397369731,5.));
#2445=CARTESIAN_POINT('',(11.8778114950594,49.5041397369729,5.));
#2446=CARTESIAN_POINT('',(7.49999999991371,49.5041397369731,0.));
#2447=CARTESIAN_POINT('Origin',(15.78078459981,98.9863262231237,26.4107375069173));
#2448=CARTESIAN_POINT('',(15.1549882650928,101.069326223124,26.4107375069173));
#2449=CARTESIAN_POINT('Origin',(15.1549882650928,98.9863262231237,26.4107375069173));
#2450=CARTESIAN_POINT('',(16.4065809345272,98.9863262231237,26.4107375069173));
#2451=CARTESIAN_POINT('',(15.78078459981,100.027826223124,26.4107375069173));
#2452=CARTESIAN_POINT('Origin',(6.50498826509282,98.9863262231237,26.4107375069173));
#2453=CARTESIAN_POINT('',(6.50498826509282,102.136326223124,26.4107375069173));
#2454=CARTESIAN_POINT('Origin',(6.50498826509282,98.9863262231237,26.4107375069173));
#2455=CARTESIAN_POINT('',(6.50498826509282,101.069326223124,26.4107375069173));
#2456=CARTESIAN_POINT('Origin',(6.50498826509282,98.9863262231237,26.4107375069173));
#2457=CARTESIAN_POINT('Origin',(3.32998826509282,98.9863262231237,26.4107375069173));
#2458=CARTESIAN_POINT('',(0.154988265091674,102.136326223124,26.4107375069173));
#2459=CARTESIAN_POINT('Origin',(0.154988265091676,98.9863262231237,26.4107375069173));
#2460=CARTESIAN_POINT('',(3.32998826509282,102.136326223124,26.4107375069173));
#2461=CARTESIAN_POINT('Origin',(7.65498826509282,98.9863262231237,26.4107375069173));
#2462=CARTESIAN_POINT('',(7.65498826509282,101.069326223124,26.4107375069173));
#2463=CARTESIAN_POINT('Origin',(15.78078459981,98.9863262231237,36.4107375069173));
#2464=CARTESIAN_POINT('',(15.1549882650928,101.069326223124,36.4107375069173));
#2465=CARTESIAN_POINT('Origin',(15.1549882650928,98.9863262231237,36.4107375069173));
#2466=CARTESIAN_POINT('',(16.4065809345272,98.9863262231237,36.4107375069173));
#2467=CARTESIAN_POINT('',(15.78078459981,100.027826223124,36.4107375069173));
#2468=CARTESIAN_POINT('Origin',(6.50498826509282,98.9863262231237,36.4107375069173));
#2469=CARTESIAN_POINT('',(6.50498826509282,102.136326223124,36.4107375069173));
#2470=CARTESIAN_POINT('Origin',(6.50498826509282,98.9863262231237,36.4107375069173));
#2471=CARTESIAN_POINT('',(6.50498826509282,101.069326223124,36.4107375069173));
#2472=CARTESIAN_POINT('Origin',(6.50498826509282,98.9863262231237,36.4107375069173));
#2473=CARTESIAN_POINT('Origin',(3.32998826509282,98.9863262231237,36.4107375069173));
#2474=CARTESIAN_POINT('',(0.154988265091674,102.136326223124,36.4107375069173));
#2475=CARTESIAN_POINT('Origin',(0.154988265091676,98.9863262231237,36.4107375069173));
#2476=CARTESIAN_POINT('',(3.32998826509282,102.136326223124,36.4107375069173));
#2477=CARTESIAN_POINT('Origin',(7.65498826509282,98.9863262231237,36.4107375069173));
#2478=CARTESIAN_POINT('',(7.65498826509282,101.069326223124,36.4107375069173));
#2479=CARTESIAN_POINT('Origin',(12.9050049012294,42.3186188863084,44.6244621131078));
#2480=CARTESIAN_POINT('',(11.6550049012294,42.3186188863084,45.));
#2481=CARTESIAN_POINT('Origin',(12.9050049012294,42.3186188863084,45.));
#2482=CARTESIAN_POINT('',(12.9050049012294,42.3186188863084,44.2489242262155));
#2483=CARTESIAN_POINT('',(12.2800049012294,42.3186188863084,44.6244621131078));
#2484=CARTESIAN_POINT('Origin',(12.9050049012294,42.3186188863084,51.));
#2485=CARTESIAN_POINT('',(11.1550049012294,42.3186188863084,51.));
#2486=CARTESIAN_POINT('Origin',(12.9050049012294,42.3186188863084,51.));
#2487=CARTESIAN_POINT('',(11.6550049012294,42.3186188863084,51.));
#2488=CARTESIAN_POINT('Origin',(12.9050049012294,42.3186188863084,51.));
#2489=CARTESIAN_POINT('Origin',(12.9050049012294,42.3186188863084,53.));
#2490=CARTESIAN_POINT('',(11.1550049012294,42.3186188863084,55.));
#2491=CARTESIAN_POINT('Origin',(12.9050049012294,42.3186188863084,55.));
#2492=CARTESIAN_POINT('',(11.1550049012294,42.3186188863084,53.));
#2493=CARTESIAN_POINT('Origin',(12.9050049012294,42.3186188863084,50.));
#2494=CARTESIAN_POINT('',(11.6550049012294,42.3186188863084,50.));
#2495=CARTESIAN_POINT('Origin',(-8.13078706146149,42.4230464657532,44.6244621131078));
#2496=CARTESIAN_POINT('',(-9.38078706146149,42.4230464657532,45.));
#2497=CARTESIAN_POINT('Origin',(-8.13078706146149,42.4230464657532,45.));
#2498=CARTESIAN_POINT('',(-8.13078706146149,42.4230464657532,44.2489242262155));
#2499=CARTESIAN_POINT('',(-8.75578706146149,42.4230464657532,44.6244621131078));
#2500=CARTESIAN_POINT('Origin',(-8.13078706146149,42.4230464657532,51.));
#2501=CARTESIAN_POINT('',(-9.88078706146149,42.4230464657532,51.));
#2502=CARTESIAN_POINT('Origin',(-8.13078706146149,42.4230464657532,51.));
#2503=CARTESIAN_POINT('',(-9.38078706146149,42.4230464657532,51.));
#2504=CARTESIAN_POINT('Origin',(-8.13078706146149,42.4230464657532,51.));
#2505=CARTESIAN_POINT('Origin',(-8.13078706146149,42.4230464657532,53.));
#2506=CARTESIAN_POINT('',(-9.88078706146149,42.4230464657532,55.));
#2507=CARTESIAN_POINT('Origin',(-8.13078706146149,42.4230464657532,55.));
#2508=CARTESIAN_POINT('',(-9.88078706146149,42.4230464657532,53.));
#2509=CARTESIAN_POINT('Origin',(-8.13078706146149,42.4230464657532,50.));
#2510=CARTESIAN_POINT('',(-9.38078706146149,42.4230464657532,50.));
#2511=CARTESIAN_POINT('Origin',(26.5472663192913,98.6585217108343,44.6244621131078));
#2512=CARTESIAN_POINT('',(25.2972663192913,98.6585217108343,45.));
#2513=CARTESIAN_POINT('Origin',(26.5472663192913,98.6585217108343,45.));
#2514=CARTESIAN_POINT('',(26.5472663192913,98.6585217108343,44.2489242262155));
#2515=CARTESIAN_POINT('',(25.9222663192913,98.6585217108343,44.6244621131078));
#2516=CARTESIAN_POINT('Origin',(26.5472663192913,98.6585217108343,51.));
#2517=CARTESIAN_POINT('',(24.7972663192913,98.6585217108343,51.));
#2518=CARTESIAN_POINT('Origin',(26.5472663192913,98.6585217108343,51.));
#2519=CARTESIAN_POINT('',(25.2972663192913,98.6585217108343,51.));
#2520=CARTESIAN_POINT('Origin',(26.5472663192913,98.6585217108343,51.));
#2521=CARTESIAN_POINT('Origin',(26.5472663192913,98.6585217108343,53.));
#2522=CARTESIAN_POINT('',(24.7972663192913,98.6585217108343,55.));
#2523=CARTESIAN_POINT('Origin',(26.5472663192913,98.6585217108343,55.));
#2524=CARTESIAN_POINT('',(24.7972663192913,98.6585217108343,53.));
#2525=CARTESIAN_POINT('Origin',(26.5472663192913,98.6585217108343,50.));
#2526=CARTESIAN_POINT('',(25.2972663192913,98.6585217108343,50.));
#2527=CARTESIAN_POINT('Origin',(10.075813581882,0.0093517946835875,-0.5));
#2528=CARTESIAN_POINT('',(5.125813581882,0.00935179468358374,-1.));
#2529=CARTESIAN_POINT('',(4.625813581882,0.00935179468358336,-0.5));
#2530=CARTESIAN_POINT('Origin',(10.075813581882,0.0093517946835875,-1.));
#2531=CARTESIAN_POINT('Origin',(10.075813581882,0.0093517946835875,0.));
#2532=CARTESIAN_POINT('',(5.125813581882,0.00935179468358495,-5.));
#2533=CARTESIAN_POINT('Origin',(10.075813581882,0.0093517946835875,-5.));
#2534=CARTESIAN_POINT('',(5.125813581882,0.00935179468358495,0.));
#2535=CARTESIAN_POINT('Origin',(10.075813581882,0.0093517946835875,-5.));
#2536=CARTESIAN_POINT('Origin',(35.575813581882,63.9020397438401,31.406508061808));
#2537=CARTESIAN_POINT('',(36.0758135818821,58.9520397438401,31.406508061808));
#2538=CARTESIAN_POINT('',(35.575813581882,58.4520397438401,31.406508061808));
#2539=CARTESIAN_POINT('Origin',(36.0758135818821,63.9020397438401,31.406508061808));
#2540=CARTESIAN_POINT('Origin',(35.0758135818819,63.9020397438401,31.406508061808));
#2541=CARTESIAN_POINT('',(43.0758135818819,58.9520397438401,31.406508061808));
#2542=CARTESIAN_POINT('Origin',(43.0758135818819,63.9020397438401,31.406508061808));
#2543=CARTESIAN_POINT('',(35.0758135818819,58.9520397438401,31.406508061808));
#2544=CARTESIAN_POINT('Origin',(43.0758135818819,63.9020397438401,31.406508061808));
#2545=CARTESIAN_POINT('Origin',(0.154988265091672,106.308416843814,0.));
#2546=CARTESIAN_POINT('',(0.154988265091713,95.1638453105796,5.));
#2547=CARTESIAN_POINT('',(0.154988265091671,106.308416843814,5.));
#2548=CARTESIAN_POINT('',(0.154988265092055,73.4836506541003,5.));
#2549=CARTESIAN_POINT('',(0.154988265091713,95.1638453105796,55.));
#2550=CARTESIAN_POINT('',(0.154988265091713,95.1638453105796,0.));
#2551=CARTESIAN_POINT('',(0.154988265091673,106.308416843814,55.));
#2552=CARTESIAN_POINT('',(0.154988265091713,102.75062209872,55.));
#2553=CARTESIAN_POINT('',(0.154988265091672,106.308416843814,0.));
#2554=CARTESIAN_POINT('Origin',(0.154988265091713,95.1638453105796,0.));
#2555=CARTESIAN_POINT('',(31.075813581882,95.1638453105796,5.));
#2556=CARTESIAN_POINT('',(5.11540092348681,95.1638453105796,5.));
#2557=CARTESIAN_POINT('',(31.075813581882,95.1638453105796,55.));
#2558=CARTESIAN_POINT('',(31.075813581882,95.1638453105796,0.));
#2559=CARTESIAN_POINT('',(0.154988265091713,95.1638453105796,55.));
#2560=CARTESIAN_POINT('Origin',(31.075813581882,95.1638453105796,0.));
#2561=CARTESIAN_POINT('',(31.075813581882,50.4364501284455,5.));
#2562=CARTESIAN_POINT('',(31.075813581882,67.9113648874834,5.));
#2563=CARTESIAN_POINT('',(31.075813581882,50.4364501284455,55.));
#2564=CARTESIAN_POINT('',(31.075813581882,50.4364501284455,0.));
#2565=CARTESIAN_POINT('',(31.075813581882,96.3084212127427,55.));
#2566=CARTESIAN_POINT('Origin',(31.075813581882,50.4364501284455,0.));
#2567=CARTESIAN_POINT('',(20.575813581882,50.4364501284455,5.));
#2568=CARTESIAN_POINT('',(31.075813581882,50.4364501284455,55.));
#2569=CARTESIAN_POINT('Origin',(30.7005911594659,105.044767437362,0.));
#2570=CARTESIAN_POINT('',(30.0308675235115,104.994467452683,55.));
#2571=CARTESIAN_POINT('',(30.0308675235115,104.994467452683,0.));
#2572=CARTESIAN_POINT('',(0.154988265091713,102.75062209872,55.));
#2573=CARTESIAN_POINT('Origin',(17.6154009234869,100.104306373971,55.));
#2574=CARTESIAN_POINT('',(25.075817660534,106.308417134091,55.));
#2575=CARTESIAN_POINT('Origin',(25.075817660534,96.3084212127427,55.));
#2576=CARTESIAN_POINT('',(-4.92418460213682,106.308416784652,55.));
#2577=CARTESIAN_POINT('Origin',(25.075817660534,106.308417134091,0.));
#2578=CARTESIAN_POINT('',(-4.92418460213682,106.308416784652,5.));
#2579=CARTESIAN_POINT('',(-4.92418460213682,106.308416784652,0.));
#2580=CARTESIAN_POINT('',(-4.92418460213682,106.308416784652,5.));
#2581=CARTESIAN_POINT('',(25.075817660534,106.308417134091,0.));
#2582=CARTESIAN_POINT('Origin',(25.075817660534,96.3084212127427,0.));
#2583=CARTESIAN_POINT('Origin',(7.49999999991371,49.5041397369731,0.));
#2584=CARTESIAN_POINT('',(7.49999999991371,49.5041397369731,0.));
#2585=CARTESIAN_POINT('',(7.49999999991371,54.9045936444307,5.));
#2586=CARTESIAN_POINT('',(7.49999999991371,45.0815121006801,5.));
#2587=CARTESIAN_POINT('',(7.4999999999137,54.9045936444307,55.));
#2588=CARTESIAN_POINT('',(7.49999999991371,54.9045936444307,0.));
#2589=CARTESIAN_POINT('',(7.49999999991371,54.9045936444307,55.));
#2590=CARTESIAN_POINT('Origin',(7.49999999991371,54.9045936444307,0.));
#2591=CARTESIAN_POINT('',(-8.62941365372107E-11,54.9045936444307,5.));
#2592=CARTESIAN_POINT('',(8.7879067908978,54.9045936444307,5.));
#2593=CARTESIAN_POINT('',(-8.62954152580642E-11,54.9045936444307,55.));
#2594=CARTESIAN_POINT('',(-8.62941365372107E-11,54.9045936444307,0.));
#2595=CARTESIAN_POINT('',(-8.62941365372107E-11,54.9045936444307,55.));
#2596=CARTESIAN_POINT('Origin',(-8.62941365372107E-11,54.9045936444307,
0.));
#2597=CARTESIAN_POINT('',(-8.62941662571615E-11,46.5872466022593,5.));
#2598=CARTESIAN_POINT('',(-8.62931948120149E-11,47.7817390544089,5.));
#2599=CARTESIAN_POINT('',(-8.62954152580642E-11,46.5872466022593,55.));
#2600=CARTESIAN_POINT('',(-8.62941662571615E-11,46.5872466022593,0.));
#2601=CARTESIAN_POINT('',(-8.62941365372107E-11,54.9045936444307,55.));
#2602=CARTESIAN_POINT('Origin',(-1.0000000000863,46.5872466022593,0.));
#2603=CARTESIAN_POINT('',(-1.45590686779108,45.6972191150548,5.));
#2604=CARTESIAN_POINT('Origin',(-1.0000000000863,46.5872466022593,5.));
#2605=CARTESIAN_POINT('',(-1.45590686779108,45.6972191150548,55.));
#2606=CARTESIAN_POINT('',(-1.45590686779108,45.6972191150548,0.));
#2607=CARTESIAN_POINT('Origin',(-1.0000000000863,46.5872466022593,55.));
#2608=CARTESIAN_POINT('Origin',(-1.45590686779108,45.6972191150548,0.));
#2609=CARTESIAN_POINT('',(-0.544093132381531,45.6972191150548,55.));
#2610=CARTESIAN_POINT('',(4.30995335704541,45.6972191150548,5.));
#2611=CARTESIAN_POINT('Origin',(-14.9241856354006,39.0139947821909,0.));
#2612=CARTESIAN_POINT('',(-2.42620427132144,38.984390862684,5.));
#2613=CARTESIAN_POINT('',(20.726065539297,38.9295501718628,55.));
#2614=CARTESIAN_POINT('Origin',(13.6798094082368,49.5041397369729,0.));
#2615=CARTESIAN_POINT('Origin',(21.6794568081419,46.5064603592214,0.));
#2616=CARTESIAN_POINT('',(21.6794568081425,41.5064603592213,5.));
#2617=CARTESIAN_POINT('Origin',(21.6794568081419,46.5064603592214,5.));
#2618=CARTESIAN_POINT('',(21.6794568081425,41.5064603592213,55.));
#2619=CARTESIAN_POINT('Origin',(21.6794568081419,46.5064603592214,55.));
#2620=CARTESIAN_POINT('',(21.6794568081425,41.5064603592213,0.));
#2621=CARTESIAN_POINT('Origin',(35.075813581882,41.5064603592209,0.));
#2622=CARTESIAN_POINT('',(22.575813581882,41.5064603592212,5.));
#2623=CARTESIAN_POINT('',(21.6794568081425,41.5064603592213,55.));
#2624=CARTESIAN_POINT('Origin',(10.0758139732407,46.900076812154,55.));
#2625=CARTESIAN_POINT('Origin',(10.0758135818819,40.6588844643872,5.));
#2626=CARTESIAN_POINT('Origin',(-4.92418448565707,96.3084167846515,0.));
#2627=CARTESIAN_POINT('Origin',(-4.92418448565707,96.3084167846515,5.));
#2628=CARTESIAN_POINT('Origin',(10.0758135818819,40.6588844643872,5.));
#2629=UNCERTAINTY_MEASURE_WITH_UNIT(LENGTH_MEASURE(0.01),#2633,
'DISTANCE_ACCURACY_VALUE',
'Maximum model space distance between geometric entities at asserted c
onnectivities');
#2630=UNCERTAINTY_MEASURE_WITH_UNIT(LENGTH_MEASURE(0.01),#2633,
'DISTANCE_ACCURACY_VALUE',
'Maximum model space distance between geometric entities at asserted c
onnectivities');
#2631=(
GEOMETRIC_REPRESENTATION_CONTEXT(3)
GLOBAL_UNCERTAINTY_ASSIGNED_CONTEXT((#2629))
GLOBAL_UNIT_ASSIGNED_CONTEXT((#2633,#2635,#2636))
REPRESENTATION_CONTEXT('','3D')
);
#2632=(
GEOMETRIC_REPRESENTATION_CONTEXT(3)
GLOBAL_UNCERTAINTY_ASSIGNED_CONTEXT((#2630))
GLOBAL_UNIT_ASSIGNED_CONTEXT((#2633,#2635,#2636))
REPRESENTATION_CONTEXT('','3D')
);
#2633=(
LENGTH_UNIT()
NAMED_UNIT(*)
SI_UNIT(.MILLI.,.METRE.)
);
#2634=(
LENGTH_UNIT()
NAMED_UNIT(*)
SI_UNIT($,.METRE.)
);
#2635=(
NAMED_UNIT(*)
PLANE_ANGLE_UNIT()
SI_UNIT($,.RADIAN.)
);
#2636=(
NAMED_UNIT(*)
SI_UNIT($,.STERADIAN.)
SOLID_ANGLE_UNIT()
);
#2637=SHAPE_DEFINITION_REPRESENTATION(#2638,#2639);
#2638=PRODUCT_DEFINITION_SHAPE('',$,#2641);
#2639=SHAPE_REPRESENTATION('',(#1506),#2631);
#2640=PRODUCT_DEFINITION_CONTEXT('part definition',#2645,'design');
#2641=PRODUCT_DEFINITION('left_upper_bottom','left_upper_bottom',#2642,
#2640);
#2642=PRODUCT_DEFINITION_FORMATION('',$,#2647);
#2643=PRODUCT_RELATED_PRODUCT_CATEGORY('left_upper_bottom',
'left_upper_bottom',(#2647));
#2644=APPLICATION_PROTOCOL_DEFINITION('international standard',
'automotive_design',2009,#2645);
#2645=APPLICATION_CONTEXT(
'Core Data for Automotive Mechanical Design Process');
#2646=PRODUCT_CONTEXT('part definition',#2645,'mechanical');
#2647=PRODUCT('left_upper_bottom','left_upper_bottom',$,(#2646));
#2648=PRESENTATION_STYLE_ASSIGNMENT((#2650));
#2649=PRESENTATION_STYLE_ASSIGNMENT((#2651));
#2650=SURFACE_STYLE_USAGE(.BOTH.,#2652);
#2651=SURFACE_STYLE_USAGE(.BOTH.,#2653);
#2652=SURFACE_SIDE_STYLE('',(#2654));
#2653=SURFACE_SIDE_STYLE('',(#2655));
#2654=SURFACE_STYLE_FILL_AREA(#2656);
#2655=SURFACE_STYLE_FILL_AREA(#2657);
#2656=FILL_AREA_STYLE('Steel - Satin',(#2658));
#2657=FILL_AREA_STYLE('Nylon 12 (with Formlabs Fuse 1 3D Printer)',(#2659));
#2658=FILL_AREA_STYLE_COLOUR('Steel - Satin',#2660);
#2659=FILL_AREA_STYLE_COLOUR(
'Nylon 12 (with Formlabs Fuse 1 3D Printer)',#2661);
#2660=COLOUR_RGB('Steel - Satin',0.627450980392157,0.627450980392157,0.627450980392157);
#2661=COLOUR_RGB('Nylon 12 (with Formlabs Fuse 1 3D Printer)',0.247058823529412,
0.247058823529412,0.247058823529412);
ENDSEC;
END-ISO-10303-21;
